Adding SPI flash device
ets Jul 29 2019 12:21:46

rst:0x1 (POWERON_RESET),boot:0x12 (SPI_FAST_FLASH_BOOT)
configsip: 0, SPIWP:0xee
clk_drv:0x00,q_drv:0x00,d_drv:0x00,cs0_drv:0x00,hd_drv:0x00,wp_drv:0x00
mode:DIO, clock div:2
load:0x3fff0040,len:6272
load:0x40078000,len:15820
load:0x40080400,len:3920
entry 0x40080644
I (670) boot: ESP-IDF v6.0.2 2nd stage bootloader
I (671) boot: compile time Aug 27 2026 04:54:23
I (671) boot: Multicore bootloader
I (700) boot: chip revision: v3.0
I (702) boot.esp32: SPI Speed      : 40MHz
I (702) boot.esp32: SPI Mode       : DIO
I (702) boot.esp32: SPI Flash Size : 2MB
I (710) boot: Enabling RNG early entropy source...
I (717) boot: Partition Table:
I (717) boot: ## Label            Usage          Type ST Offset   Length
I (718) boot:  0 nvs              WiFi data        01 02 00009000 00006000
I (718) boot:  1 phy_init         RF data          01 01 0000f000 00001000
I (718) boot:  2 factory          factory app      00 00 00010000 00100000
I (728) boot: End of partition table
I (764) esp_image: segment 0: paddr=00010020 vaddr=3f400020 size=19134h (102708) map
I (785) esp_image: segment 1: paddr=0002915c vaddr=3ffb0000 size=02afch ( 11004) load
I (801) esp_image: segment 2: paddr=0002bc60 vaddr=40080000 size=043b8h ( 17336) load
I (818) esp_image: segment 3: paddr=00030020 vaddr=400d0020 size=56b24h (355108) map
I (848) esp_image: segment 4: paddr=00086b4c vaddr=400843b8 size=0706ch ( 28780) load
I (861) esp_image: segment 5: paddr=0008dbc0 vaddr=50000000 size=00028h (    40) load
I (905) boot: Loaded app from partition at offset 0x10000
I (905) boot: Disabling RNG early entropy source...
I (915) cpu_start: Multicore app
I (1525) cpu_start: GPIO 3 and 1 are used as console UART I/O pins
I (1527) cpu_start: Pro cpu start user code
I (1527) cpu_start: cpu freq: 160000000 Hz
I (1527) app_init: Application information:
I (1527) app_init: Project name:     lwip_ch21_mqtt
I (1527) app_init: App version:      924d871
I (1527) app_init: Compile time:     Aug 27 2026 04:54:15
I (1528) app_init: ELF file SHA256:  27aa5e6ea...
I (1528) app_init: ESP-IDF:          v6.0.2
I (1528) efuse_init: Min chip rev:     v0.0
I (1528) efuse_init: Max chip rev:     v3.99 
I (1528) efuse_init: Chip rev:         v3.0
I (1529) heap_init: Initializing. RAM available for dynamic allocation:
I (1529) heap_init: At 3FFAE6E0 len 00001920 (6 KiB): DRAM
I (1529) heap_init: At 3FFB4D38 len 0002B2C8 (172 KiB): DRAM
I (1529) heap_init: At 3FFE0440 len 00003AE0 (14 KiB): D/IRAM
I (1530) heap_init: At 3FFE4350 len 0001BCB0 (111 KiB): D/IRAM
I (1530) heap_init: At 4008B424 len 00014BDC (82 KiB): IRAM
I (1555) spi_flash: detected chip: winbond
I (1563) spi_flash: flash io: dio
I (1571) main_task: Started on CPU0
I (1571) main_task: Calling app_main()
I (1571) ch21lab: == ch21 lab: esp-mqtt over lwIP/QEMU ==
I (1591) esp_eth.netif.netif_glue: 52:54:00:12:34:56
I (1591) esp_eth.netif.netif_glue: ethernet attached to netif
E (1691) esp_eth: esp_eth_ioctl(533): add mac address to filter not supported
E (1691) esp_eth.netif.netif_glue: eth_set_mac_filter(56): failed to add mac filter
E (1691) esp_netif_lwip: Failed to add multicast filter for IPv4
I (1691) ch21lab: ETH: link up
I (2701) ch21lab: GOT_IP: 10.0.2.15
I (2701) esp_netif_handlers: eth ip: 10.0.2.15, mask: 255.255.255.0, gw: 10.0.2.2
I (2701) ch21lab: [INJ] linkoutput wrapped in tcpip_thread
I (2701) ch21lab: T+1174ms EV BEFORE_CONNECT
I (2721) ch21lab: T+1192ms EV CONNECTED session_present=0
I (2721) ch21lab: T+1192ms connected ok (first connect)
I (2721) ch21lab: T+1197ms EV SUBSCRIBED msg_id=53601
I (2721) ch21lab: [HEAP] baseline-idle            free=258280 largest=131072
I (2721) ch21lab: T+1198ms APP_STAGE_A_BEGIN
I (4711) ch21lab: T+3179ms [RTT] qos0 ok=50 fail=0 min=2916us p50=41045us p95=41698us max=43280us avg=39573us
I (6881) ch21lab: T+5353ms [RTT] qos1 ok=50 fail=0 min=42645us p50=43298us p95=44564us max=45474us avg=43437us
I (6971) ch21lab: T+5445ms [BURST] qos0 sent=200 pub_err=0 acked=0 span=0.092s -> 2182 msg/s (17874.9 kbit/s payload)
I (6971) ch21lab: [HEAP] after-burst-qos0         free=258280 largest=131072
I (8061) ch21lab: T+6530ms [BURST] qos1 sent=200 pub_err=0 acked=200 span=0.291s -> 688 msg/s (5638.0 kbit/s payload)
I (8061) ch21lab: [HEAP] after-burst-qos1         free=258280 largest=131072
I (8861) ch21lab: T+7329ms APP_STAGE_A_END outbox=0B
I (8861) ch21lab: T+7329ms APP_STAGE_C_BEGIN
I (8861) ch21lab: T+7330ms APP_PHASE_FREEZE_ARMED (宿主机请立即 kill -STOP mosquitto)
I (8861) ch21lab: [HEAP] freeze-armed             free=258280 largest=131072
E (16141) mqtt_client: No PING_RESP, disconnected
I (16141) ch21lab: T+14611ms EV DISCONNECTED (total=1)
I (16141) ch21lab: T+14611ms [FREEZE] detect-lag-since-arm=7281ms
I (16141) ch21lab: T+14616ms [OUTBOX] n= 50 wire=52400B free=201784 largest=110592
I (16151) ch21lab: T+14619ms [OUTBOX] n=100 wire=104800B free=144984 largest=110592
I (16151) ch21lab: T+14623ms [OUTBOX] n=150 wire=157200B free= 87860 largest= 86016
I (16151) ch21lab: T+14627ms [OUTBOX] n=200 wire=209600B free= 31060 largest= 30720
E (16161) outbox: outbox_enqueue(58): Memory exhausted
I (16161) ch21lab: T+14630ms APP_OUTBOX_ACC_DONE n=227 span=18ms wire_bytes=237896 full_hits=1 heap_drop=258196B bytes_per_msg~1048.0
I (16161) ch21lab: T+14630ms [STATS] disc_total=1 pubacks=250（freeze 全程）
I (16161) ch21lab: T+14631ms APP_STAGE_C_END free_heap=388
I (16161) ch21lab: T+14631ms APP_STAGE_B_BEGIN
I (16161) ch21lab: T+14631ms cfg->(B-flapless) ka=90s rec=2000ms, 干净断开触发重连
I (16161) mqtt_client: Client asked to disconnect
E (26891) opencores.emac: no mem for receive buffer
E (26891) opencores.emac: no mem for receive buffer
E (26891) opencores.emac: no mem for receive buffer
E (26891) opencores.emac: no mem for receive buffer
E (26891) opencores.emac: no mem for receive buffer
E (26891) opencores.emac: no mem for receive buffer
E (26891) opencores.emac: no mem for receive buffer
E (26891) opencores.emac: no mem for receive buffer
E (26891) opencores.emac: no mem for receive buffer
E (26891) opencores.emac: no mem for receive buffer
E (26891) opencores.emac: no mem for receive buffer
E (26891) opencores.emac: no mem for receive buffer
E (26891) opencores.emac: no mem for receive buffer
E (26891) opencores.emac: no mem for receive buffer
E (26891) opencores.emac: no mem for receive buffer
E (26891) opencores.emac: no mem for receive buffer
E (26891) opencores.emac: no mem for receive buffer
E (26891) opencores.emac: no mem for receive buffer
E (26891) opencores.emac: no mem for receive buffer
E (26891) opencores.emac: no mem for receive buffer
E (26891) opencores.emac: no mem for receive buffer
E (26891) opencores.emac: no mem for receive buffer
E (26891) opencores.emac: no mem for receive buffer
E (26891) opencores.emac: no mem for receive buffer
E (26891) opencores.emac: no mem for receive buffer
E (26891) opencores.emac: no mem for receive buffer
E (26901) opencores.emac: no mem for receive buffer
E (26901) opencores.emac: no mem for receive buffer
E (26901) opencores.emac: no mem for receive buffer
E (26901) opencores.emac: no mem for receive buffer
E (26901) opencores.emac: no mem for receive buffer
E (26901) opencores.emac: no mem for receive buffer
E (26901) opencores.emac: no mem for receive buffer
E (26901) opencores.emac: no mem for receive buffer
E (26901) opencores.emac: no mem for receive buffer
E (26901) opencores.emac: no mem for receive buffer
E (26901) opencores.emac: no mem for receive buffer
E (26901) opencores.emac: no mem for receive buffer
E (26901) opencores.emac: no mem for receive buffer
E (26901) opencores.emac: no mem for receive buffer
E (26901) opencores.emac: no mem for receive buffer
E (26901) opencores.emac: no mem for receive buffer
E (26901) opencores.emac: no mem for receive buffer
E (26901) opencores.emac: no mem for receive buffer
E (26901) opencores.emac: no mem for receive buffer
E (26901) opencores.emac: no mem for receive buffer
E (26901) opencores.emac: no mem for receive buffer
E (26901) opencores.emac: no mem for receive buffer
E (26901) opencores.emac: no mem for receive buffer
E (26901) opencores.emac: no mem for receive buffer
E (26901) opencores.emac: no mem for receive buffer
E (26901) opencores.emac: no mem for receive buffer
E (26901) opencores.emac: no mem for receive buffer
E (26901) opencores.emac: no mem for receive buffer
E (26901) opencores.emac: no mem for receive buffer
E (26901) opencores.emac: no mem for receive buffer
E (26901) opencores.emac: no mem for receive buffer
E (26901) opencores.emac: no mem for receive buffer
E (26901) opencores.emac: no mem for receive buffer
E (26901) opencores.emac: no mem for receive buffer
E (26901) opencores.emac: no mem for receive buffer
E (26901) opencores.emac: no mem for receive buffer
E (26901) opencores.emac: no mem for receive buffer
E (26901) opencores.emac: no mem for receive buffer
E (26901) opencores.emac: no mem for receive buffer
E (26901) opencores.emac: no mem for receive buffer
E (26901) opencores.emac: no mem for receive buffer
E (26901) opencores.emac: no mem for receive buffer
E (26901) opencores.emac: no mem for receive buffer
E (26901) opencores.emac: no mem for receive buffer
E (26901) opencores.emac: no mem for receive buffer
E (26901) opencores.emac: no mem for receive buffer
E (26901) opencores.emac: no mem for receive buffer
E (26901) opencores.emac: no mem for receive buffer
E (26901) opencores.emac: no mem for receive buffer
E (26901) opencores.emac: no mem for receive buffer
E (26901) opencores.emac: no mem for receive buffer
E (26901) opencores.emac: no mem for receive buffer
E (26901) opencores.emac: no mem for receive buffer
E (26901) opencores.emac: no mem for receive buffer
E (26901) opencores.emac: no mem for receive buffer
E (26901) opencores.emac: no mem for receive buffer
E (26901) opencores.emac: no mem for receive buffer
E (26901) opencores.emac: no mem for receive buffer
E (26901) opencores.emac: no mem for receive buffer
E (26901) opencores.emac: no mem for receive buffer
E (26901) opencores.emac: no mem for receive buffer
E (26901) opencores.emac: no mem for receive buffer
E (26901) opencores.emac: no mem for receive buffer
E (26901) opencores.emac: no mem for receive buffer
E (26901) opencores.emac: no mem for receive buffer
E (26901) opencores.emac: no mem for receive buffer
E (26901) opencores.emac: no mem for receive buffer
E (26901) opencores.emac: no mem for receive buffer
E (26901) opencores.emac: no mem for receive buffer
E (26901) opencores.emac: no mem for receive buffer
E (26901) opencores.emac: no mem for receive buffer
E (26901) opencores.emac: no mem for receive buffer
E (26901) opencores.emac: no mem for receive buffer
E (26901) opencores.emac: no mem for receive buffer
E (26901) opencores.emac: no mem for receive buffer
E (26901) opencores.emac: no mem for receive buffer
E (26901) opencores.emac: no mem for receive buffer
E (26901) opencores.emac: no mem for receive buffer
E (26901) opencores.emac: no mem for receive buffer
E (26901) opencores.emac: no mem for receive buffer
E (26901) opencores.emac: no mem for receive buffer
E (26901) opencores.emac: no mem for receive buffer
E (26901) opencores.emac: no mem for receive buffer
E (26901) opencores.emac: no mem for receive buffer
E (26901) opencores.emac: no mem for receive buffer
E (26901) opencores.emac: no mem for receive buffer
E (26901) opencores.emac: no mem for receive buffer
E (26901) opencores.emac: no mem for receive buffer
E (26901) opencores.emac: no mem for receive buffer
E (26901) opencores.emac: no mem for receive buffer
E (26901) opencores.emac: no mem for receive buffer
E (26901) opencores.emac: no mem for receive buffer
E (26901) opencores.emac: no mem for receive buffer
E (26901) opencores.emac: no mem for receive buffer
E (26901) opencores.emac: no mem for receive buffer
E (26901) opencores.emac: no mem for receive buffer
E (26901) opencores.emac: no mem for receive buffer
E (26901) opencores.emac: no mem for receive buffer
E (26901) opencores.emac: no mem for receive buffer
E (26901) opencores.emac: no mem for receive buffer
E (26901) opencores.emac: no mem for receive buffer
E (26901) opencores.emac: no mem for receive buffer
E (26901) opencores.emac: no mem for receive buffer
E (26901) opencores.emac: no mem for receive buffer
E (26911) opencores.emac: no mem for receive buffer
E (26911) opencores.emac: no mem for receive buffer
E (26911) opencores.emac: no mem for receive buffer
E (26911) opencores.emac: no mem for receive buffer
E (26911) opencores.emac: no mem for receive buffer
E (26911) opencores.emac: no mem for receive buffer
E (26911) opencores.emac: no mem for receive buffer
E (26911) opencores.emac: no mem for receive buffer
E (26911) opencores.emac: no mem for receive buffer
E (26911) opencores.emac: no mem for receive buffer
E (26911) opencores.emac: no mem for receive buffer
E (26911) opencores.emac: no mem for receive buffer
E (26911) opencores.emac: no mem for receive buffer
E (26911) opencores.emac: no mem for receive buffer
E (26911) opencores.emac: no mem for receive buffer
E (26911) opencores.emac: no mem for receive buffer
E (26911) opencores.emac: no mem for receive buffer
E (26911) opencores.emac: no mem for receive buffer
E (26911) opencores.emac: no mem for receive buffer
E (26911) opencores.emac: no mem for receive buffer
E (26911) opencores.emac: no mem for receive buffer
E (26911) opencores.emac: no mem for receive buffer
E (26911) opencores.emac: no mem for receive buffer
E (26911) opencores.emac: no mem for receive buffer
E (26911) opencores.emac: no mem for receive buffer
E (26911) opencores.emac: no mem for receive buffer
E (26911) opencores.emac: no mem for receive buffer
E (26911) opencores.emac: no mem for receive buffer
E (26911) opencores.emac: no mem for receive buffer
E (26911) opencores.emac: no mem for receive buffer
E (26911) opencores.emac: no mem for receive buffer
E (26911) opencores.emac: no mem for receive buffer
E (26911) opencores.emac: no mem for receive buffer
E (26911) opencores.emac: no mem for receive buffer
E (26911) opencores.emac: no mem for receive buffer
E (26911) opencores.emac: no mem for receive buffer
E (26911) opencores.emac: no mem for receive buffer
E (26911) opencores.emac: no mem for receive buffer
E (26911) opencores.emac: no mem for receive buffer
E (26911) opencores.emac: no mem for receive buffer
E (26911) opencores.emac: no mem for receive buffer
E (26911) opencores.emac: no mem for receive buffer
E (26911) opencores.emac: no mem for receive buffer
E (26911) opencores.emac: no mem for receive buffer
E (26911) opencores.emac: no mem for receive buffer
E (26911) opencores.emac: no mem for receive buffer
E (26911) opencores.emac: no mem for receive buffer
E (26911) opencores.emac: no mem for receive buffer
E (26911) opencores.emac: no mem for receive buffer
E (26911) opencores.emac: no mem for receive buffer
E (26911) opencores.emac: no mem for receive buffer
E (26911) opencores.emac: no mem for receive buffer
E (26911) opencores.emac: no mem for receive buffer
E (26911) opencores.emac: no mem for receive buffer
E (26911) opencores.emac: no mem for receive buffer
E (26911) opencores.emac: no mem for receive buffer
E (26911) opencores.emac: no mem for receive buffer
E (26911) opencores.emac: no mem for receive buffer
E (26911) opencores.emac: no mem for receive buffer
E (26911) opencores.emac: no mem for receive buffer
E (26911) opencores.emac: no mem for receive buffer
E (26911) opencores.emac: no mem for receive buffer
E (26911) opencores.emac: no mem for receive buffer
E (26911) opencores.emac: no mem for receive buffer
E (26911) opencores.emac: no mem for receive buffer
E (26911) opencores.emac: no mem for receive buffer
E (26911) opencores.emac: no mem for receive buffer
E (26911) opencores.emac: no mem for receive buffer
E (26911) opencores.emac: no mem for receive buffer
E (26911) opencores.emac: no mem for receive buffer
E (26911) opencores.emac: no mem for receive buffer
E (26911) opencores.emac: no mem for receive buffer
E (26911) opencores.emac: no mem for receive buffer
E (26911) opencores.emac: no mem for receive buffer
E (26911) opencores.emac: no mem for receive buffer
E (26911) opencores.emac: no mem for receive buffer
E (26911) opencores.emac: no mem for receive buffer
E (26911) opencores.emac: no mem for receive buffer
E (26911) opencores.emac: no mem for receive buffer
E (26911) opencores.emac: no mem for receive buffer
E (26911) opencores.emac: no mem for receive buffer
E (26911) opencores.emac: no mem for receive buffer
E (26911) opencores.emac: no mem for receive buffer
E (26911) opencores.emac: no mem for receive buffer
E (26911) opencores.emac: no mem for receive buffer
E (26911) opencores.emac: no mem for receive buffer
E (26911) opencores.emac: no mem for receive buffer
E (26911) opencores.emac: no mem for receive buffer
E (26911) opencores.emac: no mem for receive buffer
E (26911) opencores.emac: no mem for receive buffer
E (26911) opencores.emac: no mem for receive buffer
E (26911) opencores.emac: no mem for receive buffer
E (26911) opencores.emac: no mem for receive buffer
E (26911) opencores.emac: no mem for receive buffer
E (26911) opencores.emac: no mem for receive buffer
E (26911) opencores.emac: no mem for receive buffer
E (26911) opencores.emac: no mem for receive buffer
E (26911) opencores.emac: no mem for receive buffer
E (26911) opencores.emac: no mem for receive buffer
E (26911) opencores.emac: no mem for receive buffer
E (26911) opencores.emac: no mem for receive buffer
E (26911) opencores.emac: no mem for receive buffer
E (26911) opencores.emac: no mem for receive buffer
E (26911) opencores.emac: no mem for receive buffer
E (26911) opencores.emac: no mem for receive buffer
E (26911) opencores.emac: no mem for receive buffer
E (26911) opencores.emac: no mem for receive buffer
E (26911) opencores.emac: no mem for receive buffer
E (26911) opencores.emac: no mem for receive buffer
E (26911) opencores.emac: no mem for receive buffer
E (26911) opencores.emac: no mem for receive buffer
E (26911) opencores.emac: no mem for receive buffer
E (26911) opencores.emac: no mem for receive buffer
E (26911) opencores.emac: no mem for receive buffer
E (26911) opencores.emac: no mem for receive buffer
E (26911) opencores.emac: no mem for receive buffer
E (26911) opencores.emac: no mem for receive buffer
E (26911) opencores.emac: no mem for receive buffer
E (26911) opencores.emac: no mem for receive buffer
E (26911) opencores.emac: no mem for receive buffer
E (26911) opencores.emac: no mem for receive buffer
E (26911) opencores.emac: no mem for receive buffer
E (26921) opencores.emac: no mem for receive buffer
E (26921) opencores.emac: no mem for receive buffer
E (26921) opencores.emac: no mem for receive buffer
E (26921) opencores.emac: no mem for receive buffer
E (26921) opencores.emac: no mem for receive buffer
E (26921) opencores.emac: no mem for receive buffer
E (26921) opencores.emac: no mem for receive buffer
E (26921) opencores.emac: no mem for receive buffer
E (26921) opencores.emac: no mem for receive buffer
E (26921) opencores.emac: no mem for receive buffer
E (26921) opencores.emac: no mem for receive buffer
E (26921) opencores.emac: no mem for receive buffer
E (26921) opencores.emac: no mem for receive buffer
E (26921) opencores.emac: no mem for receive buffer
E (26921) opencores.emac: no mem for receive buffer
E (26921) opencores.emac: no mem for receive buffer
E (26921) opencores.emac: no mem for receive buffer
E (26921) opencores.emac: no mem for receive buffer
E (26921) opencores.emac: no mem for receive buffer
E (26921) opencores.emac: no mem for receive buffer
E (26921) opencores.emac: no mem for receive buffer
E (26921) opencores.emac: no mem for receive buffer
E (26921) opencores.emac: no mem for receive buffer
E (26921) opencores.emac: no mem for receive buffer
E (26921) opencores.emac: no mem for receive buffer
E (26921) opencores.emac: no mem for receive buffer
E (26921) opencores.emac: no mem for receive buffer
E (26921) opencores.emac: no mem for receive buffer
E (26921) opencores.emac: no mem for receive buffer
E (26921) opencores.emac: no mem for receive buffer
E (26921) opencores.emac: no mem for receive buffer
E (26921) opencores.emac: no mem for receive buffer
E (26921) opencores.emac: no mem for receive buffer
E (26921) opencores.emac: no mem for receive buffer
E (26921) opencores.emac: no mem for receive buffer
E (26921) opencores.emac: no mem for receive buffer
E (26921) opencores.emac: no mem for receive buffer
E (26921) opencores.emac: no mem for receive buffer
E (26921) opencores.emac: no mem for receive buffer
E (26921) opencores.emac: no mem for receive buffer
E (26921) opencores.emac: no mem for receive buffer
E (26921) opencores.emac: no mem for receive buffer
E (26921) opencores.emac: no mem for receive buffer
E (26921) opencores.emac: no mem for receive buffer
E (26921) opencores.emac: no mem for receive buffer
E (26921) opencores.emac: no mem for receive buffer
E (26921) opencores.emac: no mem for receive buffer
E (26921) opencores.emac: no mem for receive buffer
E (26921) opencores.emac: no mem for receive buffer
E (26921) opencores.emac: no mem for receive buffer
E (26921) opencores.emac: no mem for receive buffer
E (26921) opencores.emac: no mem for receive buffer
E (26921) opencores.emac: no mem for receive buffer
E (26921) opencores.emac: no mem for receive buffer
E (26921) opencores.emac: no mem for receive buffer
E (26921) opencores.emac: no mem for receive buffer
E (26921) opencores.emac: no mem for receive buffer
E (26921) opencores.emac: no mem for receive buffer
E (26921) opencores.emac: no mem for receive buffer
E (26921) opencores.emac: no mem for receive buffer
E (26921) opencores.emac: no mem for receive buffer
E (26921) opencores.emac: no mem for receive buffer
E (26921) opencores.emac: no mem for receive buffer
E (26921) opencores.emac: no mem for receive buffer
E (26921) opencores.emac: no mem for receive buffer
E (26921) opencores.emac: no mem for receive buffer
E (26921) opencores.emac: no mem for receive buffer
E (26921) opencores.emac: no mem for receive buffer
E (26921) opencores.emac: no mem for receive buffer
E (26921) opencores.emac: no mem for receive buffer
E (26921) opencores.emac: no mem for receive buffer
E (26921) opencores.emac: no mem for receive buffer
E (26921) opencores.emac: no mem for receive buffer
E (26921) opencores.emac: no mem for receive buffer
E (26921) opencores.emac: no mem for receive buffer
E (26921) opencores.emac: no mem for receive buffer
E (26921) opencores.emac: no mem for receive buffer
E (26921) opencores.emac: no mem for receive buffer
E (26921) opencores.emac: no mem for receive buffer
E (26921) opencores.emac: no mem for receive buffer
E (26921) opencores.emac: no mem for receive buffer
E (26921) opencores.emac: no mem for receive buffer
E (26921) opencores.emac: no mem for receive buffer
E (26921) opencores.emac: no mem for receive buffer
E (26921) opencores.emac: no mem for receive buffer
E (26921) opencores.emac: no mem for receive buffer
E (26921) opencores.emac: no mem for receive buffer
E (26921) opencores.emac: no mem for receive buffer
E (26921) opencores.emac: no mem for receive buffer
E (26921) opencores.emac: no mem for receive buffer
E (26921) opencores.emac: no mem for receive buffer
E (26921) opencores.emac: no mem for receive buffer
E (26921) opencores.emac: no mem for receive buffer
E (26921) opencores.emac: no mem for receive buffer
E (26921) opencores.emac: no mem for receive buffer
E (26921) opencores.emac: no mem for receive buffer
E (26921) opencores.emac: no mem for receive buffer
E (26921) opencores.emac: no mem for receive buffer
E (26921) opencores.emac: no mem for receive buffer
E (26921) opencores.emac: no mem for receive buffer
E (26921) opencores.emac: no mem for receive buffer
E (26921) opencores.emac: no mem for receive buffer
E (26921) opencores.emac: no mem for receive buffer
E (26921) opencores.emac: no mem for receive buffer
E (26921) opencores.emac: no mem for receive buffer
E (26921) opencores.emac: no mem for receive buffer
E (26921) opencores.emac: no mem for receive buffer
E (26921) opencores.emac: no mem for receive buffer
E (26921) opencores.emac: no mem for receive buffer
E (26921) opencores.emac: no mem for receive buffer
E (26921) opencores.emac: no mem for receive buffer
E (26921) opencores.emac: no mem for receive buffer
E (26921) opencores.emac: no mem for receive buffer
E (26921) opencores.emac: no mem for receive buffer
E (26921) opencores.emac: no mem for receive buffer
E (26921) opencores.emac: no mem for receive buffer
E (26921) opencores.emac: no mem for receive buffer
E (26921) opencores.emac: no mem for receive buffer
E (26921) opencores.emac: no mem for receive buffer
E (26921) opencores.emac: no mem for receive buffer
E (26921) opencores.emac: no mem for receive buffer
E (26921) opencores.emac: no mem for receive buffer
E (26921) opencores.emac: no mem for receive buffer
E (26921) opencores.emac: no mem for receive buffer
E (26921) opencores.emac: no mem for receive buffer
E (26921) opencores.emac: no mem for receive buffer
E (26931) opencores.emac: no mem for receive buffer
E (26931) opencores.emac: no mem for receive buffer
E (26931) opencores.emac: no mem for receive buffer
E (26931) opencores.emac: no mem for receive buffer
E (26931) opencores.emac: no mem for receive buffer
E (26931) opencores.emac: no mem for receive buffer
E (26931) opencores.emac: no mem for receive buffer
E (26931) opencores.emac: no mem for receive buffer
E (26931) opencores.emac: no mem for receive buffer
E (26931) opencores.emac: no mem for receive buffer
E (26931) opencores.emac: no mem for receive buffer
E (26931) opencores.emac: no mem for receive buffer
E (26931) opencores.emac: no mem for receive buffer
E (26931) opencores.emac: no mem for receive buffer
E (26931) opencores.emac: no mem for receive buffer
E (26931) opencores.emac: no mem for receive buffer
E (26931) opencores.emac: no mem for receive buffer
E (26931) opencores.emac: no mem for receive buffer
E (26931) opencores.emac: no mem for receive buffer
E (26931) opencores.emac: no mem for receive buffer
E (26931) opencores.emac: no mem for receive buffer
E (26931) opencores.emac: no mem for receive buffer
E (26931) opencores.emac: no mem for receive buffer
E (26931) opencores.emac: no mem for receive buffer
E (26931) opencores.emac: no mem for receive buffer
E (26931) opencores.emac: no mem for receive buffer
E (26931) opencores.emac: no mem for receive buffer
E (26931) opencores.emac: no mem for receive buffer
E (26931) opencores.emac: no mem for receive buffer
E (26931) opencores.emac: no mem for receive buffer
E (26931) opencores.emac: no mem for receive buffer
E (26931) opencores.emac: no mem for receive buffer
E (26931) opencores.emac: no mem for receive buffer
E (26931) opencores.emac: no mem for receive buffer
E (26931) opencores.emac: no mem for receive buffer
E (26931) opencores.emac: no mem for receive buffer
E (26931) opencores.emac: no mem for receive buffer
E (26931) opencores.emac: no mem for receive buffer
E (26931) opencores.emac: no mem for receive buffer
E (26931) opencores.emac: no mem for receive buffer
E (26931) opencores.emac: no mem for receive buffer
E (26931) opencores.emac: no mem for receive buffer
E (26931) opencores.emac: no mem for receive buffer
E (26931) opencores.emac: no mem for receive buffer
E (26931) opencores.emac: no mem for receive buffer
E (26931) opencores.emac: no mem for receive buffer
E (26931) opencores.emac: no mem for receive buffer
E (26931) opencores.emac: no mem for receive buffer
E (26931) opencores.emac: no mem for receive buffer
E (26931) opencores.emac: no mem for receive buffer
E (26931) opencores.emac: no mem for receive buffer
E (26931) opencores.emac: no mem for receive buffer
E (26931) opencores.emac: no mem for receive buffer
E (26931) opencores.emac: no mem for receive buffer
E (26931) opencores.emac: no mem for receive buffer
E (26931) opencores.emac: no mem for receive buffer
E (26931) opencores.emac: no mem for receive buffer
E (26931) opencores.emac: no mem for receive buffer
E (26931) opencores.emac: no mem for receive buffer
E (26931) opencores.emac: no mem for receive buffer
E (26931) opencores.emac: no mem for receive buffer
E (26931) opencores.emac: no mem for receive buffer
E (26931) opencores.emac: no mem for receive buffer
E (26931) opencores.emac: no mem for receive buffer
E (26931) opencores.emac: no mem for receive buffer
E (26931) opencores.emac: no mem for receive buffer
E (26931) opencores.emac: no mem for receive buffer
E (26931) opencores.emac: no mem for receive buffer
E (26931) opencores.emac: no mem for receive buffer
E (26931) opencores.emac: no mem for receive buffer
E (26931) opencores.emac: no mem for receive buffer
E (26931) opencores.emac: no mem for receive buffer
E (26931) opencores.emac: no mem for receive buffer
E (26931) opencores.emac: no mem for receive buffer
E (26931) opencores.emac: no mem for receive buffer
E (26931) opencores.emac: no mem for receive buffer
E (26931) opencores.emac: no mem for receive buffer
E (26931) opencores.emac: no mem for receive buffer
E (26931) opencores.emac: no mem for receive buffer
E (26931) opencores.emac: no mem for receive buffer
E (26931) opencores.emac: no mem for receive buffer
E (26931) opencores.emac: no mem for receive buffer
E (26931) opencores.emac: no mem for receive buffer
E (26931) opencores.emac: no mem for receive buffer
E (26931) opencores.emac: no mem for receive buffer
E (26931) opencores.emac: no mem for receive buffer
E (26931) opencores.emac: no mem for receive buffer
E (26931) opencores.emac: no mem for receive buffer
E (26931) opencores.emac: no mem for receive buffer
E (26931) opencores.emac: no mem for receive buffer
E (26931) opencores.emac: no mem for receive buffer
E (26931) opencores.emac: no mem for receive buffer
E (26931) opencores.emac: no mem for receive buffer
E (26931) opencores.emac: no mem for receive buffer
E (26931) opencores.emac: no mem for receive buffer
E (26931) opencores.emac: no mem for receive buffer
E (26931) opencores.emac: no mem for receive buffer
E (26931) opencores.emac: no mem for receive buffer
E (26931) opencores.emac: no mem for receive buffer
E (26931) opencores.emac: no mem for receive buffer
E (26931) opencores.emac: no mem for receive buffer
E (26931) opencores.emac: no mem for receive buffer
E (26931) opencores.emac: no mem for receive buffer
E (26931) opencores.emac: no mem for receive buffer
E (26931) opencores.emac: no mem for receive buffer
E (26931) opencores.emac: no mem for receive buffer
E (26931) opencores.emac: no mem for receive buffer
E (26931) opencores.emac: no mem for receive buffer
E (26931) opencores.emac: no mem for receive buffer
E (26931) opencores.emac: no mem for receive buffer
E (26931) opencores.emac: no mem for receive buffer
E (26931) opencores.emac: no mem for receive buffer
E (26931) opencores.emac: no mem for receive buffer
E (26931) opencores.emac: no mem for receive buffer
E (26931) opencores.emac: no mem for receive buffer
E (26931) opencores.emac: no mem for receive buffer
E (26931) opencores.emac: no mem for receive buffer
E (26931) opencores.emac: no mem for receive buffer
E (26931) opencores.emac: no mem for receive buffer
E (26931) opencores.emac: no mem for receive buffer
E (26931) opencores.emac: no mem for receive buffer
E (26931) opencores.emac: no mem for receive buffer
E (26931) opencores.emac: no mem for receive buffer
E (26931) opencores.emac: no mem for receive buffer
E (26931) opencores.emac: no mem for receive buffer
E (26931) opencores.emac: no mem for receive buffer
E (26931) opencores.emac: no mem for receive buffer
E (26931) opencores.emac: no mem for receive buffer
E (26941) opencores.emac: no mem for receive buffer
E (26941) opencores.emac: no mem for receive buffer
E (26941) opencores.emac: no mem for receive buffer
E (26941) opencores.emac: no mem for receive buffer
E (26941) opencores.emac: no mem for receive buffer
E (26941) opencores.emac: no mem for receive buffer
E (26941) opencores.emac: no mem for receive buffer
E (26941) opencores.emac: no mem for receive buffer
E (26941) opencores.emac: no mem for receive buffer
E (26941) opencores.emac: no mem for receive buffer
E (26941) opencores.emac: no mem for receive buffer
E (26941) opencores.emac: no mem for receive buffer
E (26941) opencores.emac: no mem for receive buffer
E (26941) opencores.emac: no mem for receive buffer
E (26941) opencores.emac: no mem for receive buffer
E (26941) opencores.emac: no mem for receive buffer
E (26941) opencores.emac: no mem for receive buffer
E (26941) opencores.emac: no mem for receive buffer
E (26941) opencores.emac: no mem for receive buffer
E (26941) opencores.emac: no mem for receive buffer
E (26941) opencores.emac: no mem for receive buffer
E (26941) opencores.emac: no mem for receive buffer
E (26941) opencores.emac: no mem for receive buffer
E (26941) opencores.emac: no mem for receive buffer
E (26941) opencores.emac: no mem for receive buffer
E (26941) opencores.emac: no mem for receive buffer
E (26941) opencores.emac: no mem for receive buffer
E (26941) opencores.emac: no mem for receive buffer
E (26941) opencores.emac: no mem for receive buffer
E (26941) opencores.emac: no mem for receive buffer
E (26941) opencores.emac: no mem for receive buffer
E (26941) opencores.emac: no mem for receive buffer
E (26941) opencores.emac: no mem for receive buffer
E (26941) opencores.emac: no mem for receive buffer
E (26941) opencores.emac: no mem for receive buffer
E (26941) opencores.emac: no mem for receive buffer
E (26941) opencores.emac: no mem for receive buffer
E (26941) opencores.emac: no mem for receive buffer
E (26941) opencores.emac: no mem for receive buffer
E (26941) opencores.emac: no mem for receive buffer
E (26941) opencores.emac: no mem for receive buffer
E (26941) opencores.emac: no mem for receive buffer
E (26941) opencores.emac: no mem for receive buffer
E (26941) opencores.emac: no mem for receive buffer
E (26941) opencores.emac: no mem for receive buffer
E (26941) opencores.emac: no mem for receive buffer
E (26941) opencores.emac: no mem for receive buffer
E (26941) opencores.emac: no mem for receive buffer
E (26941) opencores.emac: no mem for receive buffer
E (26941) opencores.emac: no mem for receive buffer
E (26941) opencores.emac: no mem for receive buffer
E (26941) opencores.emac: no mem for receive buffer
E (26941) opencores.emac: no mem for receive buffer
E (26941) opencores.emac: no mem for receive buffer
E (26941) opencores.emac: no mem for receive buffer
E (26941) opencores.emac: no mem for receive buffer
E (26941) opencores.emac: no mem for receive buffer
E (26941) opencores.emac: no mem for receive buffer
E (26941) opencores.emac: no mem for receive buffer
E (26941) opencores.emac: no mem for receive buffer
E (26941) opencores.emac: no mem for receive buffer
E (26941) opencores.emac: no mem for receive buffer
E (26941) opencores.emac: no mem for receive buffer
E (26941) opencores.emac: no mem for receive buffer
E (26941) opencores.emac: no mem for receive buffer
E (26941) opencores.emac: no mem for receive buffer
E (26941) opencores.emac: no mem for receive buffer
E (26941) opencores.emac: no mem for receive buffer
E (26941) opencores.emac: no mem for receive buffer
E (26941) opencores.emac: no mem for receive buffer
E (26941) opencores.emac: no mem for receive buffer
E (26941) opencores.emac: no mem for receive buffer
E (26941) opencores.emac: no mem for receive buffer
E (26941) opencores.emac: no mem for receive buffer
E (26941) opencores.emac: no mem for receive buffer
E (26941) opencores.emac: no mem for receive buffer
E (26941) opencores.emac: no mem for receive buffer
E (26941) opencores.emac: no mem for receive buffer
E (26941) opencores.emac: no mem for receive buffer
E (26941) opencores.emac: no mem for receive buffer
E (26941) opencores.emac: no mem for receive buffer
E (26941) opencores.emac: no mem for receive buffer
E (26941) opencores.emac: no mem for receive buffer
E (26941) opencores.emac: no mem for receive buffer
E (26941) opencores.emac: no mem for receive buffer
E (26941) opencores.emac: no mem for receive buffer
E (26941) opencores.emac: no mem for receive buffer
E (26941) opencores.emac: no mem for receive buffer
E (26941) opencores.emac: no mem for receive buffer
E (26941) opencores.emac: no mem for receive buffer
E (26941) opencores.emac: no mem for receive buffer
E (26941) opencores.emac: no mem for receive buffer
E (26941) opencores.emac: no mem for receive buffer
E (26941) opencores.emac: no mem for receive buffer
E (26941) opencores.emac: no mem for receive buffer
E (26941) opencores.emac: no mem for receive buffer
E (26941) opencores.emac: no mem for receive buffer
E (26941) opencores.emac: no mem for receive buffer
E (26941) opencores.emac: no mem for receive buffer
E (26941) opencores.emac: no mem for receive buffer
E (26941) opencores.emac: no mem for receive buffer
E (26941) opencores.emac: no mem for receive buffer
E (26941) opencores.emac: no mem for receive buffer
E (26941) opencores.emac: no mem for receive buffer
E (26941) opencores.emac: no mem for receive buffer
E (26941) opencores.emac: no mem for receive buffer
E (26941) opencores.emac: no mem for receive buffer
E (26941) opencores.emac: no mem for receive buffer
E (26941) opencores.emac: no mem for receive buffer
E (26941) opencores.emac: no mem for receive buffer
E (26941) opencores.emac: no mem for receive buffer
E (26941) opencores.emac: no mem for receive buffer
E (26941) opencores.emac: no mem for receive buffer
E (26941) opencores.emac: no mem for receive buffer
E (26941) opencores.emac: no mem for receive buffer
E (26941) opencores.emac: no mem for receive buffer
E (26941) opencores.emac: no mem for receive buffer
E (26941) opencores.emac: no mem for receive buffer
E (26941) opencores.emac: no mem for receive buffer
E (26941) opencores.emac: no mem for receive buffer
E (26941) opencores.emac: no mem for receive buffer
E (26941) opencores.emac: no mem for receive buffer
E (26941) opencores.emac: no mem for receive buffer
E (26941) opencores.emac: no mem for receive buffer
E (26941) opencores.emac: no mem for receive buffer
E (26941) opencores.emac: no mem for receive buffer
E (26941) opencores.emac: no mem for receive buffer
E (26941) opencores.emac: no mem for receive buffer
E (26941) opencores.emac: no mem for receive buffer
E (26941) opencores.emac: no mem for receive buffer
E (26941) opencores.emac: no mem for receive buffer
E (26951) opencores.emac: no mem for receive buffer
E (26951) opencores.emac: no mem for receive buffer
E (26951) opencores.emac: no mem for receive buffer
E (26951) opencores.emac: no mem for receive buffer
E (26951) opencores.emac: no mem for receive buffer
E (26951) opencores.emac: no mem for receive buffer
E (26951) opencores.emac: no mem for receive buffer
E (26951) opencores.emac: no mem for receive buffer
E (26951) opencores.emac: no mem for receive buffer
E (26951) opencores.emac: no mem for receive buffer
E (26951) opencores.emac: no mem for receive buffer
E (26951) opencores.emac: no mem for receive buffer
E (26951) opencores.emac: no mem for receive buffer
E (26951) opencores.emac: no mem for receive buffer
E (26951) opencores.emac: no mem for receive buffer
E (26951) opencores.emac: no mem for receive buffer
E (26951) opencores.emac: no mem for receive buffer
E (26951) opencores.emac: no mem for receive buffer
E (26951) opencores.emac: no mem for receive buffer
E (26951) opencores.emac: no mem for receive buffer
E (26951) opencores.emac: no mem for receive buffer
E (26951) opencores.emac: no mem for receive buffer
E (26951) opencores.emac: no mem for receive buffer
E (26951) opencores.emac: no mem for receive buffer
E (26951) opencores.emac: no mem for receive buffer
E (26951) opencores.emac: no mem for receive buffer
E (26951) opencores.emac: no mem for receive buffer
E (26951) opencores.emac: no mem for receive buffer
E (26951) opencores.emac: no mem for receive buffer
E (26951) opencores.emac: no mem for receive buffer
E (26951) opencores.emac: no mem for receive buffer
E (26951) opencores.emac: no mem for receive buffer
E (26951) opencores.emac: no mem for receive buffer
E (26951) opencores.emac: no mem for receive buffer
E (26951) opencores.emac: no mem for receive buffer
E (26951) opencores.emac: no mem for receive buffer
E (26951) opencores.emac: no mem for receive buffer
E (26951) opencores.emac: no mem for receive buffer
E (26951) opencores.emac: no mem for receive buffer
E (26951) opencores.emac: no mem for receive buffer
E (26951) opencores.emac: no mem for receive buffer
E (26951) opencores.emac: no mem for receive buffer
E (26951) opencores.emac: no mem for receive buffer
E (26951) opencores.emac: no mem for receive buffer
E (26951) opencores.emac: no mem for receive buffer
E (26951) opencores.emac: no mem for receive buffer
E (26951) opencores.emac: no mem for receive buffer
E (26951) opencores.emac: no mem for receive buffer
E (26951) opencores.emac: no mem for receive buffer
E (26951) opencores.emac: no mem for receive buffer
E (26951) opencores.emac: no mem for receive buffer
E (26951) opencores.emac: no mem for receive buffer
E (26951) opencores.emac: no mem for receive buffer
E (26951) opencores.emac: no mem for receive buffer
E (26951) opencores.emac: no mem for receive buffer
E (26951) opencores.emac: no mem for receive buffer
E (26951) opencores.emac: no mem for receive buffer
E (26951) opencores.emac: no mem for receive buffer
E (26951) opencores.emac: no mem for receive buffer
E (26951) opencores.emac: no mem for receive buffer
E (26951) opencores.emac: no mem for receive buffer
E (26951) opencores.emac: no mem for receive buffer
E (26951) opencores.emac: no mem for receive buffer
E (26951) opencores.emac: no mem for receive buffer
E (26951) opencores.emac: no mem for receive buffer
E (26951) opencores.emac: no mem for receive buffer
E (26951) opencores.emac: no mem for receive buffer
E (26951) opencores.emac: no mem for receive buffer
E (26951) opencores.emac: no mem for receive buffer
E (26951) opencores.emac: no mem for receive buffer
E (26951) opencores.emac: no mem for receive buffer
E (26951) opencores.emac: no mem for receive buffer
E (26951) opencores.emac: no mem for receive buffer
E (26951) opencores.emac: no mem for receive buffer
E (26951) opencores.emac: no mem for receive buffer
E (26951) opencores.emac: no mem for receive buffer
E (26951) opencores.emac: no mem for receive buffer
E (26951) opencores.emac: no mem for receive buffer
E (26951) opencores.emac: no mem for receive buffer
E (26951) opencores.emac: no mem for receive buffer
E (26951) opencores.emac: no mem for receive buffer
E (26951) opencores.emac: no mem for receive buffer
E (26951) opencores.emac: no mem for receive buffer
E (26951) opencores.emac: no mem for receive buffer
E (26951) opencores.emac: no mem for receive buffer
E (26951) opencores.emac: no mem for receive buffer
E (26951) opencores.emac: no mem for receive buffer
E (26951) opencores.emac: no mem for receive buffer
E (26951) opencores.emac: no mem for receive buffer
E (26951) opencores.emac: no mem for receive buffer
E (26951) opencores.emac: no mem for receive buffer
E (26951) opencores.emac: no mem for receive buffer
E (26951) opencores.emac: no mem for receive buffer
E (26951) opencores.emac: no mem for receive buffer
E (26951) opencores.emac: no mem for receive buffer
E (26951) opencores.emac: no mem for receive buffer
E (26951) opencores.emac: no mem for receive buffer
E (26951) opencores.emac: no mem for receive buffer
E (26951) opencores.emac: no mem for receive buffer
E (26951) opencores.emac: no mem for receive buffer
E (26951) opencores.emac: no mem for receive buffer
E (26951) opencores.emac: no mem for receive buffer
E (26951) opencores.emac: no mem for receive buffer
E (26951) opencores.emac: no mem for receive buffer
E (26951) opencores.emac: no mem for receive buffer
E (26951) opencores.emac: no mem for receive buffer
E (26951) opencores.emac: no mem for receive buffer
E (26951) opencores.emac: no mem for receive buffer
E (26951) opencores.emac: no mem for receive buffer
E (26951) opencores.emac: no mem for receive buffer
E (26951) opencores.emac: no mem for receive buffer
E (26951) opencores.emac: no mem for receive buffer
E (26951) opencores.emac: no mem for receive buffer
E (26951) opencores.emac: no mem for receive buffer
E (26951) opencores.emac: no mem for receive buffer
E (26951) opencores.emac: no mem for receive buffer
E (26951) opencores.emac: no mem for receive buffer
E (26951) opencores.emac: no mem for receive buffer
E (26951) opencores.emac: no mem for receive buffer
E (26951) opencores.emac: no mem for receive buffer
E (26951) opencores.emac: no mem for receive buffer
E (26951) opencores.emac: no mem for receive buffer
E (26951) opencores.emac: no mem for receive buffer
E (26951) opencores.emac: no mem for receive buffer
E (26951) opencores.emac: no mem for receive buffer
E (26951) opencores.emac: no mem for receive buffer
E (26951) opencores.emac: no mem for receive buffer
E (26951) opencores.emac: no mem for receive buffer
E (26951) opencores.emac: no mem for receive buffer
E (26951) opencores.emac: no mem for receive buffer
E (26961) opencores.emac: no mem for receive buffer
E (26961) opencores.emac: no mem for receive buffer
E (26961) opencores.emac: no mem for receive buffer
E (26961) opencores.emac: no mem for receive buffer
E (26961) opencores.emac: no mem for receive buffer
E (26961) opencores.emac: no mem for receive buffer
E (26961) opencores.emac: no mem for receive buffer
E (26961) opencores.emac: no mem for receive buffer
E (26961) opencores.emac: no mem for receive buffer
E (26961) opencores.emac: no mem for receive buffer
E (26961) opencores.emac: no mem for receive buffer
E (26961) opencores.emac: no mem for receive buffer
E (26961) opencores.emac: no mem for receive buffer
E (26961) opencores.emac: no mem for receive buffer
E (26961) opencores.emac: no mem for receive buffer
E (26961) opencores.emac: no mem for receive buffer
E (26961) opencores.emac: no mem for receive buffer
E (26961) opencores.emac: no mem for receive buffer
E (26961) opencores.emac: no mem for receive buffer
E (26961) opencores.emac: no mem for receive buffer
E (26961) opencores.emac: no mem for receive buffer
E (26961) opencores.emac: no mem for receive buffer
E (26961) opencores.emac: no mem for receive buffer
E (26961) opencores.emac: no mem for receive buffer
E (26961) opencores.emac: no mem for receive buffer
E (26961) opencores.emac: no mem for receive buffer
E (26961) opencores.emac: no mem for receive buffer
E (26961) opencores.emac: no mem for receive buffer
E (26961) opencores.emac: no mem for receive buffer
E (26961) opencores.emac: no mem for receive buffer
E (26961) opencores.emac: no mem for receive buffer
E (26961) opencores.emac: no mem for receive buffer
E (26961) opencores.emac: no mem for receive buffer
E (26961) opencores.emac: no mem for receive buffer
E (26961) opencores.emac: no mem for receive buffer
E (26961) opencores.emac: no mem for receive buffer
E (26961) opencores.emac: no mem for receive buffer
E (26961) opencores.emac: no mem for receive buffer
E (26961) opencores.emac: no mem for receive buffer
E (26961) opencores.emac: no mem for receive buffer
E (26961) opencores.emac: no mem for receive buffer
E (26961) opencores.emac: no mem for receive buffer
E (26961) opencores.emac: no mem for receive buffer
E (26961) opencores.emac: no mem for receive buffer
E (26961) opencores.emac: no mem for receive buffer
E (26961) opencores.emac: no mem for receive buffer
E (26961) opencores.emac: no mem for receive buffer
E (26961) opencores.emac: no mem for receive buffer
E (26961) opencores.emac: no mem for receive buffer
E (26961) opencores.emac: no mem for receive buffer
E (26961) opencores.emac: no mem for receive buffer
E (26961) opencores.emac: no mem for receive buffer
E (26961) opencores.emac: no mem for receive buffer
E (26961) opencores.emac: no mem for receive buffer
E (26961) opencores.emac: no mem for receive buffer
E (26961) opencores.emac: no mem for receive buffer
E (26961) opencores.emac: no mem for receive buffer
E (26961) opencores.emac: no mem for receive buffer
E (26961) opencores.emac: no mem for receive buffer
E (26961) opencores.emac: no mem for receive buffer
E (26961) opencores.emac: no mem for receive buffer
E (26961) opencores.emac: no mem for receive buffer
E (26961) opencores.emac: no mem for receive buffer
E (26961) opencores.emac: no mem for receive buffer
E (26961) opencores.emac: no mem for receive buffer
E (26961) opencores.emac: no mem for receive buffer
E (26961) opencores.emac: no mem for receive buffer
E (26961) opencores.emac: no mem for receive buffer
E (26961) opencores.emac: no mem for receive buffer
E (26961) opencores.emac: no mem for receive buffer
E (26961) opencores.emac: no mem for receive buffer
E (26961) opencores.emac: no mem for receive buffer
E (26961) opencores.emac: no mem for receive buffer
E (26961) opencores.emac: no mem for receive buffer
E (26961) opencores.emac: no mem for receive buffer
E (26961) opencores.emac: no mem for receive buffer
E (26961) opencores.emac: no mem for receive buffer
E (26961) opencores.emac: no mem for receive buffer
E (26961) opencores.emac: no mem for receive buffer
E (26961) opencores.emac: no mem for receive buffer
E (26961) opencores.emac: no mem for receive buffer
E (26961) opencores.emac: no mem for receive buffer
E (26961) opencores.emac: no mem for receive buffer
E (26961) opencores.emac: no mem for receive buffer
E (26961) opencores.emac: no mem for receive buffer
E (26961) opencores.emac: no mem for receive buffer
E (26961) opencores.emac: no mem for receive buffer
E (26961) opencores.emac: no mem for receive buffer
E (26961) opencores.emac: no mem for receive buffer
E (26961) opencores.emac: no mem for receive buffer
E (26961) opencores.emac: no mem for receive buffer
E (26961) opencores.emac: no mem for receive buffer
E (26961) opencores.emac: no mem for receive buffer
E (26961) opencores.emac: no mem for receive buffer
E (26961) opencores.emac: no mem for receive buffer
E (26961) opencores.emac: no mem for receive buffer
E (26961) opencores.emac: no mem for receive buffer
E (26961) opencores.emac: no mem for receive buffer
E (26961) opencores.emac: no mem for receive buffer
E (26961) opencores.emac: no mem for receive buffer
E (26961) opencores.emac: no mem for receive buffer
E (26961) opencores.emac: no mem for receive buffer
E (26961) opencores.emac: no mem for receive buffer
E (26961) opencores.emac: no mem for receive buffer
E (26961) opencores.emac: no mem for receive buffer
E (26961) opencores.emac: no mem for receive buffer
E (26961) opencores.emac: no mem for receive buffer
E (26961) opencores.emac: no mem for receive buffer
E (26961) opencores.emac: no mem for receive buffer
E (26961) opencores.emac: no mem for receive buffer
E (26961) opencores.emac: no mem for receive buffer
E (26961) opencores.emac: no mem for receive buffer
E (26961) opencores.emac: no mem for receive buffer
E (26961) opencores.emac: no mem for receive buffer
E (26961) opencores.emac: no mem for receive buffer
E (26961) opencores.emac: no mem for receive buffer
E (26961) opencores.emac: no mem for receive buffer
E (26961) opencores.emac: no mem for receive buffer
E (26961) opencores.emac: no mem for receive buffer
E (26961) opencores.emac: no mem for receive buffer
E (26961) opencores.emac: no mem for receive buffer
E (26961) opencores.emac: no mem for receive buffer
E (26961) opencores.emac: no mem for receive buffer
E (26961) opencores.emac: no mem for receive buffer
E (26961) opencores.emac: no mem for receive buffer
E (26961) opencores.emac: no mem for receive buffer
E (26961) opencores.emac: no mem for receive buffer
E (26961) opencores.emac: no mem for receive buffer
E (26971) opencores.emac: no mem for receive buffer
E (26971) opencores.emac: no mem for receive buffer
E (26971) opencores.emac: no mem for receive buffer
E (26971) opencores.emac: no mem for receive buffer
E (26971) opencores.emac: no mem for receive buffer
E (26971) opencores.emac: no mem for receive buffer
E (26971) opencores.emac: no mem for receive buffer
E (26971) opencores.emac: no mem for receive buffer
E (26971) opencores.emac: no mem for receive buffer
E (26971) opencores.emac: no mem for receive buffer
E (26971) opencores.emac: no mem for receive buffer
E (26971) opencores.emac: no mem for receive buffer
E (26971) opencores.emac: no mem for receive buffer
E (26971) opencores.emac: no mem for receive buffer
E (26971) opencores.emac: no mem for receive buffer
E (26971) opencores.emac: no mem for receive buffer
E (26971) opencores.emac: no mem for receive buffer
E (26971) opencores.emac: no mem for receive buffer
E (26971) opencores.emac: no mem for receive buffer
E (26971) opencores.emac: no mem for receive buffer
E (26971) opencores.emac: no mem for receive buffer
E (26971) opencores.emac: no mem for receive buffer
E (26971) opencores.emac: no mem for receive buffer
E (26971) opencores.emac: no mem for receive buffer
E (26971) opencores.emac: no mem for receive buffer
E (26971) opencores.emac: no mem for receive buffer
E (26971) opencores.emac: no mem for receive buffer
E (26971) opencores.emac: no mem for receive buffer
E (26971) opencores.emac: no mem for receive buffer
E (26971) opencores.emac: no mem for receive buffer
E (26971) opencores.emac: no mem for receive buffer
E (26971) opencores.emac: no mem for receive buffer
E (26971) opencores.emac: no mem for receive buffer
E (26971) opencores.emac: no mem for receive buffer
E (26971) opencores.emac: no mem for receive buffer
E (26971) opencores.emac: no mem for receive buffer
E (26971) opencores.emac: no mem for receive buffer
E (26971) opencores.emac: no mem for receive buffer
E (26971) opencores.emac: no mem for receive buffer
E (26971) opencores.emac: no mem for receive buffer
E (26971) opencores.emac: no mem for receive buffer
E (26971) opencores.emac: no mem for receive buffer
E (26971) opencores.emac: no mem for receive buffer
E (26971) opencores.emac: no mem for receive buffer
E (26971) opencores.emac: no mem for receive buffer
E (26971) opencores.emac: no mem for receive buffer
E (26971) opencores.emac: no mem for receive buffer
E (26971) opencores.emac: no mem for receive buffer
E (26971) opencores.emac: no mem for receive buffer
E (26971) opencores.emac: no mem for receive buffer
E (26971) opencores.emac: no mem for receive buffer
E (26971) opencores.emac: no mem for receive buffer
E (26971) opencores.emac: no mem for receive buffer
E (26971) opencores.emac: no mem for receive buffer
E (26971) opencores.emac: no mem for receive buffer
E (26971) opencores.emac: no mem for receive buffer
E (26971) opencores.emac: no mem for receive buffer
E (26971) opencores.emac: no mem for receive buffer
E (26971) opencores.emac: no mem for receive buffer
E (26971) opencores.emac: no mem for receive buffer
E (26971) opencores.emac: no mem for receive buffer
E (26971) opencores.emac: no mem for receive buffer
E (26971) opencores.emac: no mem for receive buffer
E (26971) opencores.emac: no mem for receive buffer
E (26971) opencores.emac: no mem for receive buffer
E (26971) opencores.emac: no mem for receive buffer
E (26971) opencores.emac: no mem for receive buffer
E (26971) opencores.emac: no mem for receive buffer
E (26971) opencores.emac: no mem for receive buffer
E (26971) opencores.emac: no mem for receive buffer
E (26971) opencores.emac: no mem for receive buffer
E (26971) opencores.emac: no mem for receive buffer
E (26971) opencores.emac: no mem for receive buffer
E (26971) opencores.emac: no mem for receive buffer
E (26971) opencores.emac: no mem for receive buffer
E (26971) opencores.emac: no mem for receive buffer
E (26971) opencores.emac: no mem for receive buffer
E (26971) opencores.emac: no mem for receive buffer
E (26971) opencores.emac: no mem for receive buffer
E (26971) opencores.emac: no mem for receive buffer
E (26971) opencores.emac: no mem for receive buffer
E (26971) opencores.emac: no mem for receive buffer
E (26971) opencores.emac: no mem for receive buffer
E (26971) opencores.emac: no mem for receive buffer
E (26971) opencores.emac: no mem for receive buffer
E (26971) opencores.emac: no mem for receive buffer
E (26971) opencores.emac: no mem for receive buffer
E (26971) opencores.emac: no mem for receive buffer
E (26971) opencores.emac: no mem for receive buffer
E (26971) opencores.emac: no mem for receive buffer
E (26971) opencores.emac: no mem for receive buffer
E (26971) opencores.emac: no mem for receive buffer
E (26971) opencores.emac: no mem for receive buffer
E (26971) opencores.emac: no mem for receive buffer
E (26971) opencores.emac: no mem for receive buffer
E (26971) opencores.emac: no mem for receive buffer
E (26971) opencores.emac: no mem for receive buffer
E (26971) opencores.emac: no mem for receive buffer
E (26971) opencores.emac: no mem for receive buffer
E (26971) opencores.emac: no mem for receive buffer
E (26971) opencores.emac: no mem for receive buffer
E (26971) opencores.emac: no mem for receive buffer
E (26971) opencores.emac: no mem for receive buffer
E (26971) opencores.emac: no mem for receive buffer
E (26971) opencores.emac: no mem for receive buffer
E (26971) opencores.emac: no mem for receive buffer
E (26971) opencores.emac: no mem for receive buffer
E (26971) opencores.emac: no mem for receive buffer
E (26971) opencores.emac: no mem for receive buffer
E (26971) opencores.emac: no mem for receive buffer
E (26971) opencores.emac: no mem for receive buffer
E (26971) opencores.emac: no mem for receive buffer
E (26971) opencores.emac: no mem for receive buffer
E (26971) opencores.emac: no mem for receive buffer
E (26971) opencores.emac: no mem for receive buffer
E (26971) opencores.emac: no mem for receive buffer
E (26971) opencores.emac: no mem for receive buffer
E (26971) opencores.emac: no mem for receive buffer
E (26971) opencores.emac: no mem for receive buffer
E (26971) opencores.emac: no mem for receive buffer
E (26971) opencores.emac: no mem for receive buffer
E (26971) opencores.emac: no mem for receive buffer
E (26971) opencores.emac: no mem for receive buffer
E (26971) opencores.emac: no mem for receive buffer
E (26971) opencores.emac: no mem for receive buffer
E (26971) opencores.emac: no mem for receive buffer
E (26971) opencores.emac: no mem for receive buffer
E (26971) opencores.emac: no mem for receive buffer
E (26971) opencores.emac: no mem for receive buffer
E (26971) opencores.emac: no mem for receive buffer
E (26981) opencores.emac: no mem for receive buffer
E (26981) opencores.emac: no mem for receive buffer
E (26981) opencores.emac: no mem for receive buffer
E (26981) opencores.emac: no mem for receive buffer
E (26981) opencores.emac: no mem for receive buffer
E (26981) opencores.emac: no mem for receive buffer
E (26981) opencores.emac: no mem for receive buffer
E (26981) opencores.emac: no mem for receive buffer
E (26981) opencores.emac: no mem for receive buffer
E (26981) opencores.emac: no mem for receive buffer
E (26981) opencores.emac: no mem for receive buffer
E (26981) opencores.emac: no mem for receive buffer
E (26981) opencores.emac: no mem for receive buffer
E (26981) opencores.emac: no mem for receive buffer
E (26981) opencores.emac: no mem for receive buffer
E (26981) opencores.emac: no mem for receive buffer
E (26981) opencores.emac: no mem for receive buffer
E (26981) opencores.emac: no mem for receive buffer
E (26981) opencores.emac: no mem for receive buffer
E (26981) opencores.emac: no mem for receive buffer
E (26981) opencores.emac: no mem for receive buffer
E (26981) opencores.emac: no mem for receive buffer
E (26981) opencores.emac: no mem for receive buffer
E (26981) opencores.emac: no mem for receive buffer
E (26981) opencores.emac: no mem for receive buffer
E (26981) opencores.emac: no mem for receive buffer
E (26981) opencores.emac: no mem for receive buffer
E (26981) opencores.emac: no mem for receive buffer
E (26981) opencores.emac: no mem for receive buffer
E (26981) opencores.emac: no mem for receive buffer
E (26981) opencores.emac: no mem for receive buffer
E (26981) opencores.emac: no mem for receive buffer
E (26981) opencores.emac: no mem for receive buffer
E (26981) opencores.emac: no mem for receive buffer
E (26981) opencores.emac: no mem for receive buffer
E (26981) opencores.emac: no mem for receive buffer
E (26981) opencores.emac: no mem for receive buffer
E (26981) opencores.emac: no mem for receive buffer
E (26981) opencores.emac: no mem for receive buffer
E (26981) opencores.emac: no mem for receive buffer
E (26981) opencores.emac: no mem for receive buffer
E (26981) opencores.emac: no mem for receive buffer
E (26981) opencores.emac: no mem for receive buffer
E (26981) opencores.emac: no mem for receive buffer
E (26981) opencores.emac: no mem for receive buffer
E (26981) opencores.emac: no mem for receive buffer
E (26981) opencores.emac: no mem for receive buffer
E (26981) opencores.emac: no mem for receive buffer
E (26981) opencores.emac: no mem for receive buffer
E (26981) opencores.emac: no mem for receive buffer
E (26981) opencores.emac: no mem for receive buffer
E (26981) opencores.emac: no mem for receive buffer
E (26981) opencores.emac: no mem for receive buffer
E (26981) opencores.emac: no mem for receive buffer
E (26981) opencores.emac: no mem for receive buffer
E (26981) opencores.emac: no mem for receive buffer
E (26981) opencores.emac: no mem for receive buffer
E (26981) opencores.emac: no mem for receive buffer
E (26981) opencores.emac: no mem for receive buffer
E (26981) opencores.emac: no mem for receive buffer
E (26981) opencores.emac: no mem for receive buffer
E (26981) opencores.emac: no mem for receive buffer
E (26981) opencores.emac: no mem for receive buffer
E (26981) opencores.emac: no mem for receive buffer
E (26981) opencores.emac: no mem for receive buffer
E (26981) opencores.emac: no mem for receive buffer
E (26981) opencores.emac: no mem for receive buffer
E (26981) opencores.emac: no mem for receive buffer
E (26981) opencores.emac: no mem for receive buffer
E (26981) opencores.emac: no mem for receive buffer
E (26981) opencores.emac: no mem for receive buffer
E (26981) opencores.emac: no mem for receive buffer
E (26981) opencores.emac: no mem for receive buffer
E (26981) opencores.emac: no mem for receive buffer
E (26981) opencores.emac: no mem for receive buffer
E (26981) opencores.emac: no mem for receive buffer
E (26981) opencores.emac: no mem for receive buffer
E (26981) opencores.emac: no mem for receive buffer
E (26981) opencores.emac: no mem for receive buffer
E (26981) opencores.emac: no mem for receive buffer
E (26981) opencores.emac: no mem for receive buffer
E (26981) opencores.emac: no mem for receive buffer
E (26981) opencores.emac: no mem for receive buffer
E (26981) opencores.emac: no mem for receive buffer
E (26981) opencores.emac: no mem for receive buffer
E (26981) opencores.emac: no mem for receive buffer
E (26981) opencores.emac: no mem for receive buffer
E (26981) opencores.emac: no mem for receive buffer
E (26981) opencores.emac: no mem for receive buffer
E (26981) opencores.emac: no mem for receive buffer
E (26981) opencores.emac: no mem for receive buffer
E (26981) opencores.emac: no mem for receive buffer
E (26981) opencores.emac: no mem for receive buffer
E (26981) opencores.emac: no mem for receive buffer
E (26981) opencores.emac: no mem for receive buffer
E (26981) opencores.emac: no mem for receive buffer
E (26981) opencores.emac: no mem for receive buffer
E (26981) opencores.emac: no mem for receive buffer
E (26981) opencores.emac: no mem for receive buffer
E (26981) opencores.emac: no mem for receive buffer
E (26981) opencores.emac: no mem for receive buffer
E (26981) opencores.emac: no mem for receive buffer
E (26981) opencores.emac: no mem for receive buffer
E (26981) opencores.emac: no mem for receive buffer
E (26981) opencores.emac: no mem for receive buffer
E (26981) opencores.emac: no mem for receive buffer
E (26981) opencores.emac: no mem for receive buffer
E (26981) opencores.emac: no mem for receive buffer
E (26981) opencores.emac: no mem for receive buffer
E (26981) opencores.emac: no mem for receive buffer
E (26981) opencores.emac: no mem for receive buffer
E (26981) opencores.emac: no mem for receive buffer
E (26981) opencores.emac: no mem for receive buffer
E (26981) opencores.emac: no mem for receive buffer
E (26981) opencores.emac: no mem for receive buffer
E (26981) opencores.emac: no mem for receive buffer
E (26981) opencores.emac: no mem for receive buffer
E (26981) opencores.emac: no mem for receive buffer
E (26981) opencores.emac: no mem for receive buffer
E (26981) opencores.emac: no mem for receive buffer
E (26981) opencores.emac: no mem for receive buffer
E (26981) opencores.emac: no mem for receive buffer
E (26981) opencores.emac: no mem for receive buffer
E (26981) opencores.emac: no mem for receive buffer
E (26981) opencores.emac: no mem for receive buffer
E (26981) opencores.emac: no mem for receive buffer
E (26981) opencores.emac: no mem for receive buffer
E (26991) opencores.emac: no mem for receive buffer
E (26991) opencores.emac: no mem for receive buffer
E (26991) opencores.emac: no mem for receive buffer
E (26991) opencores.emac: no mem for receive buffer
E (26991) opencores.emac: no mem for receive buffer
E (26991) opencores.emac: no mem for receive buffer
E (26991) opencores.emac: no mem for receive buffer
E (26991) opencores.emac: no mem for receive buffer
E (26991) opencores.emac: no mem for receive buffer
E (26991) opencores.emac: no mem for receive buffer
E (26991) opencores.emac: no mem for receive buffer
E (26991) opencores.emac: no mem for receive buffer
E (26991) opencores.emac: no mem for receive buffer
E (26991) opencores.emac: no mem for receive buffer
E (26991) opencores.emac: no mem for receive buffer
E (26991) opencores.emac: no mem for receive buffer
E (26991) opencores.emac: no mem for receive buffer
E (26991) opencores.emac: no mem for receive buffer
E (26991) opencores.emac: no mem for receive buffer
E (26991) opencores.emac: no mem for receive buffer
E (26991) opencores.emac: no mem for receive buffer
E (26991) opencores.emac: no mem for receive buffer
E (26991) opencores.emac: no mem for receive buffer
E (26991) opencores.emac: no mem for receive buffer
E (26991) opencores.emac: no mem for receive buffer
E (26991) opencores.emac: no mem for receive buffer
E (26991) opencores.emac: no mem for receive buffer
E (26991) opencores.emac: no mem for receive buffer
E (26991) opencores.emac: no mem for receive buffer
E (26991) opencores.emac: no mem for receive buffer
E (26991) opencores.emac: no mem for receive buffer
E (26991) opencores.emac: no mem for receive buffer
E (26991) opencores.emac: no mem for receive buffer
E (26991) opencores.emac: no mem for receive buffer
E (26991) opencores.emac: no mem for receive buffer
E (26991) opencores.emac: no mem for receive buffer
E (26991) opencores.emac: no mem for receive buffer
E (26991) opencores.emac: no mem for receive buffer
E (26991) opencores.emac: no mem for receive buffer
E (26991) opencores.emac: no mem for receive buffer
E (26991) opencores.emac: no mem for receive buffer
E (26991) opencores.emac: no mem for receive buffer
E (26991) opencores.emac: no mem for receive buffer
E (26991) opencores.emac: no mem for receive buffer
E (26991) opencores.emac: no mem for receive buffer
E (26991) opencores.emac: no mem for receive buffer
E (26991) opencores.emac: no mem for receive buffer
E (26991) opencores.emac: no mem for receive buffer
E (26991) opencores.emac: no mem for receive buffer
E (26991) opencores.emac: no mem for receive buffer
E (26991) opencores.emac: no mem for receive buffer
E (26991) opencores.emac: no mem for receive buffer
E (26991) opencores.emac: no mem for receive buffer
E (26991) opencores.emac: no mem for receive buffer
E (26991) opencores.emac: no mem for receive buffer
E (26991) opencores.emac: no mem for receive buffer
E (26991) opencores.emac: no mem for receive buffer
E (26991) opencores.emac: no mem for receive buffer
E (26991) opencores.emac: no mem for receive buffer
E (26991) opencores.emac: no mem for receive buffer
E (26991) opencores.emac: no mem for receive buffer
E (26991) opencores.emac: no mem for receive buffer
E (26991) opencores.emac: no mem for receive buffer
E (26991) opencores.emac: no mem for receive buffer
E (26991) opencores.emac: no mem for receive buffer
E (26991) opencores.emac: no mem for receive buffer
E (26991) opencores.emac: no mem for receive buffer
E (26991) opencores.emac: no mem for receive buffer
E (26991) opencores.emac: no mem for receive buffer
E (26991) opencores.emac: no mem for receive buffer
E (26991) opencores.emac: no mem for receive buffer
E (26991) opencores.emac: no mem for receive buffer
E (26991) opencores.emac: no mem for receive buffer
E (26991) opencores.emac: no mem for receive buffer
E (26991) opencores.emac: no mem for receive buffer
E (26991) opencores.emac: no mem for receive buffer
E (26991) opencores.emac: no mem for receive buffer
E (26991) opencores.emac: no mem for receive buffer
E (26991) opencores.emac: no mem for receive buffer
E (26991) opencores.emac: no mem for receive buffer
E (26991) opencores.emac: no mem for receive buffer
E (26991) opencores.emac: no mem for receive buffer
E (26991) opencores.emac: no mem for receive buffer
E (26991) opencores.emac: no mem for receive buffer
E (26991) opencores.emac: no mem for receive buffer
E (26991) opencores.emac: no mem for receive buffer
E (26991) opencores.emac: no mem for receive buffer
E (26991) opencores.emac: no mem for receive buffer
E (26991) opencores.emac: no mem for receive buffer
E (26991) opencores.emac: no mem for receive buffer
E (26991) opencores.emac: no mem for receive buffer
E (26991) opencores.emac: no mem for receive buffer
E (26991) opencores.emac: no mem for receive buffer
E (26991) opencores.emac: no mem for receive buffer
E (26991) opencores.emac: no mem for receive buffer
E (26991) opencores.emac: no mem for receive buffer
E (26991) opencores.emac: no mem for receive buffer
E (26991) opencores.emac: no mem for receive buffer
E (26991) opencores.emac: no mem for receive buffer
E (26991) opencores.emac: no mem for receive buffer
E (26991) opencores.emac: no mem for receive buffer
E (26991) opencores.emac: no mem for receive buffer
E (26991) opencores.emac: no mem for receive buffer
E (26991) opencores.emac: no mem for receive buffer
E (26991) opencores.emac: no mem for receive buffer
E (26991) opencores.emac: no mem for receive buffer
E (26991) opencores.emac: no mem for receive buffer
E (26991) opencores.emac: no mem for receive buffer
E (26991) opencores.emac: no mem for receive buffer
E (26991) opencores.emac: no mem for receive buffer
E (26991) opencores.emac: no mem for receive buffer
E (26991) opencores.emac: no mem for receive buffer
E (26991) opencores.emac: no mem for receive buffer
E (26991) opencores.emac: no mem for receive buffer
E (26991) opencores.emac: no mem for receive buffer
E (26991) opencores.emac: no mem for receive buffer
E (26991) opencores.emac: no mem for receive buffer
E (26991) opencores.emac: no mem for receive buffer
E (26991) opencores.emac: no mem for receive buffer
E (26991) opencores.emac: no mem for receive buffer
E (26991) opencores.emac: no mem for receive buffer
E (26991) opencores.emac: no mem for receive buffer
E (26991) opencores.emac: no mem for receive buffer
E (26991) opencores.emac: no mem for receive buffer
E (26991) opencores.emac: no mem for receive buffer
E (26991) opencores.emac: no mem for receive buffer
E (26991) opencores.emac: no mem for receive buffer
E (26991) opencores.emac: no mem for receive buffer
E (26991) opencores.emac: no mem for receive buffer
E (26991) opencores.emac: no mem for receive buffer
E (27001) opencores.emac: no mem for receive buffer
E (27001) opencores.emac: no mem for receive buffer
E (27001) opencores.emac: no mem for receive buffer
E (27001) opencores.emac: no mem for receive buffer
E (27001) opencores.emac: no mem for receive buffer
E (27001) opencores.emac: no mem for receive buffer
E (27001) opencores.emac: no mem for receive buffer
E (27001) opencores.emac: no mem for receive buffer
E (27001) opencores.emac: no mem for receive buffer
E (27001) opencores.emac: no mem for receive buffer
E (27001) opencores.emac: no mem for receive buffer
E (27001) opencores.emac: no mem for receive buffer
E (27001) opencores.emac: no mem for receive buffer
E (27001) opencores.emac: no mem for receive buffer
E (27001) opencores.emac: no mem for receive buffer
E (27001) opencores.emac: no mem for receive buffer
E (27001) opencores.emac: no mem for receive buffer
E (27001) opencores.emac: no mem for receive buffer
E (27001) opencores.emac: no mem for receive buffer
E (27001) opencores.emac: no mem for receive buffer
E (27001) opencores.emac: no mem for receive buffer
E (27001) opencores.emac: no mem for receive buffer
E (27001) opencores.emac: no mem for receive buffer
E (27001) opencores.emac: no mem for receive buffer
E (27001) opencores.emac: no mem for receive buffer
E (27001) opencores.emac: no mem for receive buffer
E (27001) opencores.emac: no mem for receive buffer
E (27001) opencores.emac: no mem for receive buffer
E (27001) opencores.emac: no mem for receive buffer
E (27001) opencores.emac: no mem for receive buffer
E (27001) opencores.emac: no mem for receive buffer
E (27001) opencores.emac: no mem for receive buffer
E (27001) opencores.emac: no mem for receive buffer
E (27001) opencores.emac: no mem for receive buffer
E (27001) opencores.emac: no mem for receive buffer
E (27001) opencores.emac: no mem for receive buffer
E (27001) opencores.emac: no mem for receive buffer
E (27001) opencores.emac: no mem for receive buffer
E (27001) opencores.emac: no mem for receive buffer
E (27001) opencores.emac: no mem for receive buffer
E (27001) opencores.emac: no mem for receive buffer
E (27001) opencores.emac: no mem for receive buffer
E (27001) opencores.emac: no mem for receive buffer
E (27001) opencores.emac: no mem for receive buffer
E (27001) opencores.emac: no mem for receive buffer
E (27001) opencores.emac: no mem for receive buffer
E (27001) opencores.emac: no mem for receive buffer
E (27001) opencores.emac: no mem for receive buffer
E (27001) opencores.emac: no mem for receive buffer
E (27001) opencores.emac: no mem for receive buffer
E (27001) opencores.emac: no mem for receive buffer
E (27001) opencores.emac: no mem for receive buffer
E (27001) opencores.emac: no mem for receive buffer
E (27001) opencores.emac: no mem for receive buffer
E (27001) opencores.emac: no mem for receive buffer
E (27001) opencores.emac: no mem for receive buffer
E (27001) opencores.emac: no mem for receive buffer
E (27001) opencores.emac: no mem for receive buffer
E (27001) opencores.emac: no mem for receive buffer
E (27001) opencores.emac: no mem for receive buffer
E (27001) opencores.emac: no mem for receive buffer
E (27001) opencores.emac: no mem for receive buffer
E (27001) opencores.emac: no mem for receive buffer
E (27001) opencores.emac: no mem for receive buffer
E (27001) opencores.emac: no mem for receive buffer
E (27001) opencores.emac: no mem for receive buffer
E (27001) opencores.emac: no mem for receive buffer
E (27001) opencores.emac: no mem for receive buffer
E (27001) opencores.emac: no mem for receive buffer
E (27001) opencores.emac: no mem for receive buffer
E (27001) opencores.emac: no mem for receive buffer
E (27001) opencores.emac: no mem for receive buffer
E (27001) opencores.emac: no mem for receive buffer
E (27001) opencores.emac: no mem for receive buffer
E (27001) opencores.emac: no mem for receive buffer
E (27001) opencores.emac: no mem for receive buffer
E (27001) opencores.emac: no mem for receive buffer
E (27001) opencores.emac: no mem for receive buffer
E (27001) opencores.emac: no mem for receive buffer
E (27001) opencores.emac: no mem for receive buffer
E (27001) opencores.emac: no mem for receive buffer
E (27001) opencores.emac: no mem for receive buffer
E (27001) opencores.emac: no mem for receive buffer
E (27001) opencores.emac: no mem for receive buffer
E (27001) opencores.emac: no mem for receive buffer
E (27001) opencores.emac: no mem for receive buffer
E (27001) opencores.emac: no mem for receive buffer
E (27001) opencores.emac: no mem for receive buffer
E (27001) opencores.emac: no mem for receive buffer
E (27001) opencores.emac: no mem for receive buffer
E (27001) opencores.emac: no mem for receive buffer
E (27001) opencores.emac: no mem for receive buffer
E (27001) opencores.emac: no mem for receive buffer
E (27001) opencores.emac: no mem for receive buffer
E (27001) opencores.emac: no mem for receive buffer
E (27001) opencores.emac: no mem for receive buffer
E (27001) opencores.emac: no mem for receive buffer
E (27001) opencores.emac: no mem for receive buffer
E (27001) opencores.emac: no mem for receive buffer
E (27001) opencores.emac: no mem for receive buffer
E (27001) opencores.emac: no mem for receive buffer
E (27001) opencores.emac: no mem for receive buffer
E (27001) opencores.emac: no mem for receive buffer
E (27001) opencores.emac: no mem for receive buffer
E (27001) opencores.emac: no mem for receive buffer
E (27001) opencores.emac: no mem for receive buffer
E (27001) opencores.emac: no mem for receive buffer
E (27001) opencores.emac: no mem for receive buffer
E (27001) opencores.emac: no mem for receive buffer
E (27001) opencores.emac: no mem for receive buffer
E (27001) opencores.emac: no mem for receive buffer
E (27001) opencores.emac: no mem for receive buffer
E (27001) opencores.emac: no mem for receive buffer
E (27001) opencores.emac: no mem for receive buffer
E (27001) opencores.emac: no mem for receive buffer
E (27001) opencores.emac: no mem for receive buffer
E (27001) opencores.emac: no mem for receive buffer
E (27001) opencores.emac: no mem for receive buffer
E (27001) opencores.emac: no mem for receive buffer
E (27001) opencores.emac: no mem for receive buffer
E (27001) opencores.emac: no mem for receive buffer
E (27001) opencores.emac: no mem for receive buffer
E (27001) opencores.emac: no mem for receive buffer
E (27001) opencores.emac: no mem for receive buffer
E (27001) opencores.emac: no mem for receive buffer
E (27001) opencores.emac: no mem for receive buffer
E (27001) opencores.emac: no mem for receive buffer
E (27001) opencores.emac: no mem for receive buffer
E (27001) opencores.emac: no mem for receive buffer
E (27001) opencores.emac: no mem for receive buffer
E (27001) opencores.emac: no mem for receive buffer
E (27001) opencores.emac: no mem for receive buffer
E (27011) opencores.emac: no mem for receive buffer
E (27011) opencores.emac: no mem for receive buffer
E (27011) opencores.emac: no mem for receive buffer
E (27011) opencores.emac: no mem for receive buffer
E (27011) opencores.emac: no mem for receive buffer
E (27011) opencores.emac: no mem for receive buffer
E (27011) opencores.emac: no mem for receive buffer
E (27011) opencores.emac: no mem for receive buffer
E (27011) opencores.emac: no mem for receive buffer
E (27011) opencores.emac: no mem for receive buffer
E (27011) opencores.emac: no mem for receive buffer
E (27011) opencores.emac: no mem for receive buffer
E (27011) opencores.emac: no mem for receive buffer
E (27011) opencores.emac: no mem for receive buffer
E (27011) opencores.emac: no mem for receive buffer
E (27011) opencores.emac: no mem for receive buffer
E (27011) opencores.emac: no mem for receive buffer
E (27011) opencores.emac: no mem for receive buffer
E (27011) opencores.emac: no mem for receive buffer
E (27011) opencores.emac: no mem for receive buffer
E (27011) opencores.emac: no mem for receive buffer
E (27011) opencores.emac: no mem for receive buffer
E (27011) opencores.emac: no mem for receive buffer
E (27011) opencores.emac: no mem for receive buffer
E (27011) opencores.emac: no mem for receive buffer
E (27011) opencores.emac: no mem for receive buffer
E (27011) opencores.emac: no mem for receive buffer
E (27011) opencores.emac: no mem for receive buffer
E (27011) opencores.emac: no mem for receive buffer
E (27011) opencores.emac: no mem for receive buffer
E (27011) opencores.emac: no mem for receive buffer
E (27011) opencores.emac: no mem for receive buffer
E (27011) opencores.emac: no mem for receive buffer
E (27011) opencores.emac: no mem for receive buffer
E (27011) opencores.emac: no mem for receive buffer
E (27011) opencores.emac: no mem for receive buffer
E (27011) opencores.emac: no mem for receive buffer
E (27011) opencores.emac: no mem for receive buffer
E (27011) opencores.emac: no mem for receive buffer
E (27011) opencores.emac: no mem for receive buffer
E (27011) opencores.emac: no mem for receive buffer
E (27011) opencores.emac: no mem for receive buffer
E (27011) opencores.emac: no mem for receive buffer
E (27011) opencores.emac: no mem for receive buffer
E (27011) opencores.emac: no mem for receive buffer
E (27011) opencores.emac: no mem for receive buffer
E (27011) opencores.emac: no mem for receive buffer
E (27011) opencores.emac: no mem for receive buffer
E (27011) opencores.emac: no mem for receive buffer
E (27011) opencores.emac: no mem for receive buffer
E (27011) opencores.emac: no mem for receive buffer
E (27011) opencores.emac: no mem for receive buffer
E (27011) opencores.emac: no mem for receive buffer
E (27011) opencores.emac: no mem for receive buffer
E (27011) opencores.emac: no mem for receive buffer
E (27011) opencores.emac: no mem for receive buffer
E (27011) opencores.emac: no mem for receive buffer
E (27011) opencores.emac: no mem for receive buffer
E (27011) opencores.emac: no mem for receive buffer
E (27011) opencores.emac: no mem for receive buffer
E (27011) opencores.emac: no mem for receive buffer
E (27011) opencores.emac: no mem for receive buffer
E (27011) opencores.emac: no mem for receive buffer
E (27011) opencores.emac: no mem for receive buffer
E (27011) opencores.emac: no mem for receive buffer
E (27011) opencores.emac: no mem for receive buffer
E (27011) opencores.emac: no mem for receive buffer
E (27011) opencores.emac: no mem for receive buffer
E (27011) opencores.emac: no mem for receive buffer
E (27011) opencores.emac: no mem for receive buffer
E (27011) opencores.emac: no mem for receive buffer
E (27011) opencores.emac: no mem for receive buffer
E (27011) opencores.emac: no mem for receive buffer
E (27011) opencores.emac: no mem for receive buffer
E (27011) opencores.emac: no mem for receive buffer
E (27011) opencores.emac: no mem for receive buffer
E (27011) opencores.emac: no mem for receive buffer
E (27011) opencores.emac: no mem for receive buffer
E (27011) opencores.emac: no mem for receive buffer
E (27011) opencores.emac: no mem for receive buffer
E (27011) opencores.emac: no mem for receive buffer
E (27011) opencores.emac: no mem for receive buffer
E (27011) opencores.emac: no mem for receive buffer
E (27011) opencores.emac: no mem for receive buffer
E (27011) opencores.emac: no mem for receive buffer
E (27011) opencores.emac: no mem for receive buffer
E (27011) opencores.emac: no mem for receive buffer
E (27011) opencores.emac: no mem for receive buffer
E (27011) opencores.emac: no mem for receive buffer
E (27011) opencores.emac: no mem for receive buffer
E (27011) opencores.emac: no mem for receive buffer
E (27011) opencores.emac: no mem for receive buffer
E (27011) opencores.emac: no mem for receive buffer
E (27011) opencores.emac: no mem for receive buffer
E (27011) opencores.emac: no mem for receive buffer
E (27011) opencores.emac: no mem for receive buffer
E (27011) opencores.emac: no mem for receive buffer
E (27011) opencores.emac: no mem for receive buffer
E (27011) opencores.emac: no mem for receive buffer
E (27011) opencores.emac: no mem for receive buffer
E (27011) opencores.emac: no mem for receive buffer
E (27011) opencores.emac: no mem for receive buffer
E (27011) opencores.emac: no mem for receive buffer
E (27011) opencores.emac: no mem for receive buffer
E (27011) opencores.emac: no mem for receive buffer
E (27011) opencores.emac: no mem for receive buffer
E (27011) opencores.emac: no mem for receive buffer
E (27011) opencores.emac: no mem for receive buffer
E (27011) opencores.emac: no mem for receive buffer
E (27011) opencores.emac: no mem for receive buffer
E (27011) opencores.emac: no mem for receive buffer
E (27011) opencores.emac: no mem for receive buffer
E (27011) opencores.emac: no mem for receive buffer
E (27011) opencores.emac: no mem for receive buffer
E (27011) opencores.emac: no mem for receive buffer
E (27011) opencores.emac: no mem for receive buffer
E (27011) opencores.emac: no mem for receive buffer
E (27011) opencores.emac: no mem for receive buffer
E (27011) opencores.emac: no mem for receive buffer
E (27011) opencores.emac: no mem for receive buffer
E (27011) opencores.emac: no mem for receive buffer
E (27011) opencores.emac: no mem for receive buffer
E (27011) opencores.emac: no mem for receive buffer
E (27011) opencores.emac: no mem for receive buffer
E (27011) opencores.emac: no mem for receive buffer
E (27021) opencores.emac: no mem for receive buffer
E (27021) opencores.emac: no mem for receive buffer
E (27021) opencores.emac: no mem for receive buffer
E (27021) opencores.emac: no mem for receive buffer
E (27021) opencores.emac: no mem for receive buffer
E (27021) opencores.emac: no mem for receive buffer
E (27021) opencores.emac: no mem for receive buffer
E (27021) opencores.emac: no mem for receive buffer
E (27021) opencores.emac: no mem for receive buffer
E (27021) opencores.emac: no mem for receive buffer
E (27021) opencores.emac: no mem for receive buffer
E (27021) opencores.emac: no mem for receive buffer
E (27021) opencores.emac: no mem for receive buffer
E (27021) opencores.emac: no mem for receive buffer
E (27021) opencores.emac: no mem for receive buffer
E (27021) opencores.emac: no mem for receive buffer
E (27021) opencores.emac: no mem for receive buffer
E (27021) opencores.emac: no mem for receive buffer
E (27021) opencores.emac: no mem for receive buffer
E (27021) opencores.emac: no mem for receive buffer
E (27021) opencores.emac: no mem for receive buffer
E (27021) opencores.emac: no mem for receive buffer
E (27021) opencores.emac: no mem for receive buffer
E (27021) opencores.emac: no mem for receive buffer
E (27021) opencores.emac: no mem for receive buffer
E (27021) opencores.emac: no mem for receive buffer
E (27021) opencores.emac: no mem for receive buffer
E (27021) opencores.emac: no mem for receive buffer
E (27021) opencores.emac: no mem for receive buffer
E (27021) opencores.emac: no mem for receive buffer
E (27021) opencores.emac: no mem for receive buffer
E (27021) opencores.emac: no mem for receive buffer
E (27021) opencores.emac: no mem for receive buffer
E (27021) opencores.emac: no mem for receive buffer
E (27021) opencores.emac: no mem for receive buffer
E (27021) opencores.emac: no mem for receive buffer
E (27021) opencores.emac: no mem for receive buffer
E (27021) opencores.emac: no mem for receive buffer
E (27021) opencores.emac: no mem for receive buffer
E (27021) opencores.emac: no mem for receive buffer
E (27021) opencores.emac: no mem for receive buffer
E (27021) opencores.emac: no mem for receive buffer
E (27021) opencores.emac: no mem for receive buffer
E (27021) opencores.emac: no mem for receive buffer
E (27021) opencores.emac: no mem for receive buffer
E (27021) opencores.emac: no mem for receive buffer
E (27021) opencores.emac: no mem for receive buffer
E (27021) opencores.emac: no mem for receive buffer
E (27021) opencores.emac: no mem for receive buffer
E (27021) opencores.emac: no mem for receive buffer
E (27021) opencores.emac: no mem for receive buffer
E (27021) opencores.emac: no mem for receive buffer
E (27021) opencores.emac: no mem for receive buffer
E (27021) opencores.emac: no mem for receive buffer
E (27021) opencores.emac: no mem for receive buffer
E (27021) opencores.emac: no mem for receive buffer
E (27021) opencores.emac: no mem for receive buffer
E (27021) opencores.emac: no mem for receive buffer
E (27021) opencores.emac: no mem for receive buffer
E (27021) opencores.emac: no mem for receive buffer
E (27021) opencores.emac: no mem for receive buffer
E (27021) opencores.emac: no mem for receive buffer
E (27021) opencores.emac: no mem for receive buffer
E (27021) opencores.emac: no mem for receive buffer
E (27021) opencores.emac: no mem for receive buffer
E (27021) opencores.emac: no mem for receive buffer
E (27021) opencores.emac: no mem for receive buffer
E (27021) opencores.emac: no mem for receive buffer
E (27021) opencores.emac: no mem for receive buffer
E (27021) opencores.emac: no mem for receive buffer
E (27021) opencores.emac: no mem for receive buffer
E (27021) opencores.emac: no mem for receive buffer
E (27021) opencores.emac: no mem for receive buffer
E (27021) opencores.emac: no mem for receive buffer
E (27021) opencores.emac: no mem for receive buffer
E (27021) opencores.emac: no mem for receive buffer
E (27021) opencores.emac: no mem for receive buffer
E (27021) opencores.emac: no mem for receive buffer
E (27021) opencores.emac: no mem for receive buffer
E (27021) opencores.emac: no mem for receive buffer
E (27021) opencores.emac: no mem for receive buffer
E (27021) opencores.emac: no mem for receive buffer
E (27021) opencores.emac: no mem for receive buffer
E (27021) opencores.emac: no mem for receive buffer
E (27021) opencores.emac: no mem for receive buffer
E (27021) opencores.emac: no mem for receive buffer
E (27021) opencores.emac: no mem for receive buffer
E (27021) opencores.emac: no mem for receive buffer
E (27021) opencores.emac: no mem for receive buffer
E (27021) opencores.emac: no mem for receive buffer
E (27021) opencores.emac: no mem for receive buffer
E (27021) opencores.emac: no mem for receive buffer
E (27021) opencores.emac: no mem for receive buffer
E (27021) opencores.emac: no mem for receive buffer
E (27021) opencores.emac: no mem for receive buffer
E (27021) opencores.emac: no mem for receive buffer
E (27021) opencores.emac: no mem for receive buffer
E (27021) opencores.emac: no mem for receive buffer
E (27021) opencores.emac: no mem for receive buffer
E (27021) opencores.emac: no mem for receive buffer
E (27021) opencores.emac: no mem for receive buffer
E (27021) opencores.emac: no mem for receive buffer
E (27021) opencores.emac: no mem for receive buffer
E (27021) opencores.emac: no mem for receive buffer
E (27021) opencores.emac: no mem for receive buffer
E (27021) opencores.emac: no mem for receive buffer
E (27021) opencores.emac: no mem for receive buffer
E (27021) opencores.emac: no mem for receive buffer
E (27021) opencores.emac: no mem for receive buffer
E (27021) opencores.emac: no mem for receive buffer
E (27021) opencores.emac: no mem for receive buffer
E (27021) opencores.emac: no mem for receive buffer
E (27021) opencores.emac: no mem for receive buffer
E (27021) opencores.emac: no mem for receive buffer
E (27021) opencores.emac: no mem for receive buffer
E (27021) opencores.emac: no mem for receive buffer
E (27021) opencores.emac: no mem for receive buffer
E (27021) opencores.emac: no mem for receive buffer
E (27021) opencores.emac: no mem for receive buffer
E (27021) opencores.emac: no mem for receive buffer
E (27021) opencores.emac: no mem for receive buffer
E (27021) opencores.emac: no mem for receive buffer
E (27021) opencores.emac: no mem for receive buffer
E (27021) opencores.emac: no mem for receive buffer
E (27021) opencores.emac: no mem for receive buffer
E (27021) opencores.emac: no mem for receive buffer
E (27021) opencores.emac: no mem for receive buffer
E (27031) opencores.emac: no mem for receive buffer
E (27031) opencores.emac: no mem for receive buffer
E (27031) opencores.emac: no mem for receive buffer
E (27031) opencores.emac: no mem for receive buffer
E (27031) opencores.emac: no mem for receive buffer
E (27031) opencores.emac: no mem for receive buffer
E (27031) opencores.emac: no mem for receive buffer
E (27031) opencores.emac: no mem for receive buffer
E (27031) opencores.emac: no mem for receive buffer
E (27031) opencores.emac: no mem for receive buffer
E (27031) opencores.emac: no mem for receive buffer
E (27031) opencores.emac: no mem for receive buffer
E (27031) opencores.emac: no mem for receive buffer
E (27031) opencores.emac: no mem for receive buffer
E (27031) opencores.emac: no mem for receive buffer
E (27031) opencores.emac: no mem for receive buffer
E (27031) opencores.emac: no mem for receive buffer
E (27031) opencores.emac: no mem for receive buffer
E (27031) opencores.emac: no mem for receive buffer
E (27031) opencores.emac: no mem for receive buffer
E (27031) opencores.emac: no mem for receive buffer
E (27031) opencores.emac: no mem for receive buffer
E (27031) opencores.emac: no mem for receive buffer
E (27031) opencores.emac: no mem for receive buffer
E (27031) opencores.emac: no mem for receive buffer
E (27031) opencores.emac: no mem for receive buffer
E (27031) opencores.emac: no mem for receive buffer
E (27031) opencores.emac: no mem for receive buffer
E (27031) opencores.emac: no mem for receive buffer
E (27031) opencores.emac: no mem for receive buffer
E (27031) opencores.emac: no mem for receive buffer
E (27031) opencores.emac: no mem for receive buffer
E (27031) opencores.emac: no mem for receive buffer
E (27031) opencores.emac: no mem for receive buffer
E (27031) opencores.emac: no mem for receive buffer
E (27031) opencores.emac: no mem for receive buffer
E (27031) opencores.emac: no mem for receive buffer
E (27031) opencores.emac: no mem for receive buffer
E (27031) opencores.emac: no mem for receive buffer
E (27031) opencores.emac: no mem for receive buffer
E (27031) opencores.emac: no mem for receive buffer
E (27031) opencores.emac: no mem for receive buffer
E (27031) opencores.emac: no mem for receive buffer
E (27031) opencores.emac: no mem for receive buffer
E (27031) opencores.emac: no mem for receive buffer
E (27031) opencores.emac: no mem for receive buffer
E (27031) opencores.emac: no mem for receive buffer
E (27031) opencores.emac: no mem for receive buffer
E (27031) opencores.emac: no mem for receive buffer
E (27031) opencores.emac: no mem for receive buffer
E (27031) opencores.emac: no mem for receive buffer
E (27031) opencores.emac: no mem for receive buffer
E (27031) opencores.emac: no mem for receive buffer
E (27031) opencores.emac: no mem for receive buffer
E (27031) opencores.emac: no mem for receive buffer
E (27031) opencores.emac: no mem for receive buffer
E (27031) opencores.emac: no mem for receive buffer
E (27031) opencores.emac: no mem for receive buffer
E (27031) opencores.emac: no mem for receive buffer
E (27031) opencores.emac: no mem for receive buffer
E (27031) opencores.emac: no mem for receive buffer
E (27031) opencores.emac: no mem for receive buffer
E (27031) opencores.emac: no mem for receive buffer
E (27031) opencores.emac: no mem for receive buffer
E (27031) opencores.emac: no mem for receive buffer
E (27031) opencores.emac: no mem for receive buffer
E (27031) opencores.emac: no mem for receive buffer
E (27031) opencores.emac: no mem for receive buffer
E (27031) opencores.emac: no mem for receive buffer
E (27031) opencores.emac: no mem for receive buffer
E (27031) opencores.emac: no mem for receive buffer
E (27031) opencores.emac: no mem for receive buffer
E (27031) opencores.emac: no mem for receive buffer
E (27031) opencores.emac: no mem for receive buffer
E (27031) opencores.emac: no mem for receive buffer
E (27031) opencores.emac: no mem for receive buffer
E (27031) opencores.emac: no mem for receive buffer
E (27031) opencores.emac: no mem for receive buffer
E (27031) opencores.emac: no mem for receive buffer
E (27031) opencores.emac: no mem for receive buffer
E (27031) opencores.emac: no mem for receive buffer
E (27031) opencores.emac: no mem for receive buffer
E (27031) opencores.emac: no mem for receive buffer
E (27031) opencores.emac: no mem for receive buffer
E (27031) opencores.emac: no mem for receive buffer
E (27031) opencores.emac: no mem for receive buffer
E (27031) opencores.emac: no mem for receive buffer
E (27031) opencores.emac: no mem for receive buffer
E (27031) opencores.emac: no mem for receive buffer
E (27031) opencores.emac: no mem for receive buffer
E (27031) opencores.emac: no mem for receive buffer
E (27031) opencores.emac: no mem for receive buffer
E (27031) opencores.emac: no mem for receive buffer
E (27031) opencores.emac: no mem for receive buffer
E (27031) opencores.emac: no mem for receive buffer
E (27031) opencores.emac: no mem for receive buffer
E (27031) opencores.emac: no mem for receive buffer
E (27031) opencores.emac: no mem for receive buffer
E (27031) opencores.emac: no mem for receive buffer
E (27031) opencores.emac: no mem for receive buffer
E (27031) opencores.emac: no mem for receive buffer
E (27031) opencores.emac: no mem for receive buffer
E (27031) opencores.emac: no mem for receive buffer
E (27031) opencores.emac: no mem for receive buffer
E (27031) opencores.emac: no mem for receive buffer
E (27031) opencores.emac: no mem for receive buffer
E (27031) opencores.emac: no mem for receive buffer
E (27031) opencores.emac: no mem for receive buffer
E (27031) opencores.emac: no mem for receive buffer
E (27031) opencores.emac: no mem for receive buffer
E (27031) opencores.emac: no mem for receive buffer
E (27031) opencores.emac: no mem for receive buffer
E (27031) opencores.emac: no mem for receive buffer
E (27031) opencores.emac: no mem for receive buffer
E (27031) opencores.emac: no mem for receive buffer
E (27031) opencores.emac: no mem for receive buffer
E (27031) opencores.emac: no mem for receive buffer
E (27031) opencores.emac: no mem for receive buffer
E (27031) opencores.emac: no mem for receive buffer
E (27031) opencores.emac: no mem for receive buffer
E (27031) opencores.emac: no mem for receive buffer
E (27031) opencores.emac: no mem for receive buffer
E (27031) opencores.emac: no mem for receive buffer
E (27031) opencores.emac: no mem for receive buffer
E (27031) opencores.emac: no mem for receive buffer
E (27031) opencores.emac: no mem for receive buffer
E (27031) opencores.emac: no mem for receive buffer
E (27031) opencores.emac: no mem for receive buffer
E (27031) opencores.emac: no mem for receive buffer
E (27031) opencores.emac: no mem for receive buffer
E (27041) opencores.emac: no mem for receive buffer
E (27041) opencores.emac: no mem for receive buffer
E (27041) opencores.emac: no mem for receive buffer
E (27041) opencores.emac: no mem for receive buffer
E (27041) opencores.emac: no mem for receive buffer
E (27041) opencores.emac: no mem for receive buffer
E (27041) opencores.emac: no mem for receive buffer
E (27041) opencores.emac: no mem for receive buffer
E (27041) opencores.emac: no mem for receive buffer
E (27041) opencores.emac: no mem for receive buffer
E (27041) opencores.emac: no mem for receive buffer
E (27041) opencores.emac: no mem for receive buffer
E (27041) opencores.emac: no mem for receive buffer
E (27041) opencores.emac: no mem for receive buffer
E (27041) opencores.emac: no mem for receive buffer
E (27041) opencores.emac: no mem for receive buffer
E (27041) opencores.emac: no mem for receive buffer
E (27041) opencores.emac: no mem for receive buffer
E (27041) opencores.emac: no mem for receive buffer
E (27041) opencores.emac: no mem for receive buffer
E (27041) opencores.emac: no mem for receive buffer
E (27041) opencores.emac: no mem for receive buffer
E (27041) opencores.emac: no mem for receive buffer
E (27041) opencores.emac: no mem for receive buffer
E (27041) opencores.emac: no mem for receive buffer
E (27041) opencores.emac: no mem for receive buffer
E (27041) opencores.emac: no mem for receive buffer
E (27041) opencores.emac: no mem for receive buffer
E (27041) opencores.emac: no mem for receive buffer
E (27041) opencores.emac: no mem for receive buffer
E (27041) opencores.emac: no mem for receive buffer
E (27041) opencores.emac: no mem for receive buffer
E (27041) opencores.emac: no mem for receive buffer
E (27041) opencores.emac: no mem for receive buffer
E (27041) opencores.emac: no mem for receive buffer
E (27041) opencores.emac: no mem for receive buffer
E (27041) opencores.emac: no mem for receive buffer
E (27041) opencores.emac: no mem for receive buffer
E (27041) opencores.emac: no mem for receive buffer
E (27041) opencores.emac: no mem for receive buffer
E (27041) opencores.emac: no mem for receive buffer
E (27041) opencores.emac: no mem for receive buffer
E (27041) opencores.emac: no mem for receive buffer
E (27041) opencores.emac: no mem for receive buffer
E (27041) opencores.emac: no mem for receive buffer
E (27041) opencores.emac: no mem for receive buffer
E (27041) opencores.emac: no mem for receive buffer
E (27041) opencores.emac: no mem for receive buffer
E (27041) opencores.emac: no mem for receive buffer
E (27041) opencores.emac: no mem for receive buffer
E (27041) opencores.emac: no mem for receive buffer
E (27041) opencores.emac: no mem for receive buffer
E (27041) opencores.emac: no mem for receive buffer
E (27041) opencores.emac: no mem for receive buffer
E (27041) opencores.emac: no mem for receive buffer
E (27041) opencores.emac: no mem for receive buffer
E (27041) opencores.emac: no mem for receive buffer
E (27041) opencores.emac: no mem for receive buffer
E (27041) opencores.emac: no mem for receive buffer
E (27041) opencores.emac: no mem for receive buffer
E (27041) opencores.emac: no mem for receive buffer
E (27041) opencores.emac: no mem for receive buffer
E (27041) opencores.emac: no mem for receive buffer
E (27041) opencores.emac: no mem for receive buffer
E (27041) opencores.emac: no mem for receive buffer
E (27041) opencores.emac: no mem for receive buffer
E (27041) opencores.emac: no mem for receive buffer
E (27041) opencores.emac: no mem for receive buffer
E (27041) opencores.emac: no mem for receive buffer
E (27041) opencores.emac: no mem for receive buffer
E (27041) opencores.emac: no mem for receive buffer
E (27041) opencores.emac: no mem for receive buffer
E (27041) opencores.emac: no mem for receive buffer
E (27041) opencores.emac: no mem for receive buffer
E (27041) opencores.emac: no mem for receive buffer
E (27041) opencores.emac: no mem for receive buffer
E (27041) opencores.emac: no mem for receive buffer
E (27041) opencores.emac: no mem for receive buffer
E (27041) opencores.emac: no mem for receive buffer
E (27041) opencores.emac: no mem for receive buffer
E (27041) opencores.emac: no mem for receive buffer
E (27041) opencores.emac: no mem for receive buffer
E (27041) opencores.emac: no mem for receive buffer
E (27041) opencores.emac: no mem for receive buffer
E (27041) opencores.emac: no mem for receive buffer
E (27041) opencores.emac: no mem for receive buffer
E (27041) opencores.emac: no mem for receive buffer
E (27041) opencores.emac: no mem for receive buffer
E (27041) opencores.emac: no mem for receive buffer
E (27041) opencores.emac: no mem for receive buffer
E (27041) opencores.emac: no mem for receive buffer
E (27041) opencores.emac: no mem for receive buffer
E (27041) opencores.emac: no mem for receive buffer
E (27041) opencores.emac: no mem for receive buffer
E (27041) opencores.emac: no mem for receive buffer
E (27041) opencores.emac: no mem for receive buffer
E (27041) opencores.emac: no mem for receive buffer
E (27041) opencores.emac: no mem for receive buffer
E (27041) opencores.emac: no mem for receive buffer
E (27041) opencores.emac: no mem for receive buffer
E (27041) opencores.emac: no mem for receive buffer
E (27041) opencores.emac: no mem for receive buffer
E (27041) opencores.emac: no mem for receive buffer
E (27041) opencores.emac: no mem for receive buffer
E (27041) opencores.emac: no mem for receive buffer
E (27041) opencores.emac: no mem for receive buffer
E (27041) opencores.emac: no mem for receive buffer
E (27041) opencores.emac: no mem for receive buffer
E (27041) opencores.emac: no mem for receive buffer
E (27041) opencores.emac: no mem for receive buffer
E (27041) opencores.emac: no mem for receive buffer
E (27041) opencores.emac: no mem for receive buffer
E (27041) opencores.emac: no mem for receive buffer
E (27041) opencores.emac: no mem for receive buffer
E (27041) opencores.emac: no mem for receive buffer
E (27041) opencores.emac: no mem for receive buffer
E (27041) opencores.emac: no mem for receive buffer
E (27041) opencores.emac: no mem for receive buffer
E (27041) opencores.emac: no mem for receive buffer
E (27041) opencores.emac: no mem for receive buffer
E (27041) opencores.emac: no mem for receive buffer
E (27041) opencores.emac: no mem for receive buffer
E (27041) opencores.emac: no mem for receive buffer
E (27041) opencores.emac: no mem for receive buffer
E (27041) opencores.emac: no mem for receive buffer
E (27041) opencores.emac: no mem for receive buffer
E (27041) opencores.emac: no mem for receive buffer
E (27041) opencores.emac: no mem for receive buffer
E (27041) opencores.emac: no mem for receive buffer
E (27041) opencores.emac: no mem for receive buffer
E (27051) opencores.emac: no mem for receive buffer
E (27051) opencores.emac: no mem for receive buffer
E (27051) opencores.emac: no mem for receive buffer
E (27051) opencores.emac: no mem for receive buffer
E (27051) opencores.emac: no mem for receive buffer
E (27051) opencores.emac: no mem for receive buffer
E (27051) opencores.emac: no mem for receive buffer
E (27051) opencores.emac: no mem for receive buffer
E (27051) opencores.emac: no mem for receive buffer
E (27051) opencores.emac: no mem for receive buffer
E (27051) opencores.emac: no mem for receive buffer
E (27051) opencores.emac: no mem for receive buffer
E (27051) opencores.emac: no mem for receive buffer
E (27051) opencores.emac: no mem for receive buffer
E (27051) opencores.emac: no mem for receive buffer
E (27051) opencores.emac: no mem for receive buffer
E (27051) opencores.emac: no mem for receive buffer
E (27051) opencores.emac: no mem for receive buffer
E (27051) opencores.emac: no mem for receive buffer
E (27051) opencores.emac: no mem for receive buffer
E (27051) opencores.emac: no mem for receive buffer
E (27051) opencores.emac: no mem for receive buffer
E (27051) opencores.emac: no mem for receive buffer
E (27051) opencores.emac: no mem for receive buffer
E (27051) opencores.emac: no mem for receive buffer
E (27051) opencores.emac: no mem for receive buffer
E (27051) opencores.emac: no mem for receive buffer
E (27051) opencores.emac: no mem for receive buffer
E (27051) opencores.emac: no mem for receive buffer
E (27051) opencores.emac: no mem for receive buffer
E (27051) opencores.emac: no mem for receive buffer
E (27051) opencores.emac: no mem for receive buffer
E (27051) opencores.emac: no mem for receive buffer
E (27051) opencores.emac: no mem for receive buffer
E (27051) opencores.emac: no mem for receive buffer
E (27051) opencores.emac: no mem for receive buffer
E (27051) opencores.emac: no mem for receive buffer
E (27051) opencores.emac: no mem for receive buffer
E (27051) opencores.emac: no mem for receive buffer
E (27051) opencores.emac: no mem for receive buffer
E (27051) opencores.emac: no mem for receive buffer
E (27051) opencores.emac: no mem for receive buffer
E (27051) opencores.emac: no mem for receive buffer
E (27051) opencores.emac: no mem for receive buffer
E (27051) opencores.emac: no mem for receive buffer
E (27051) opencores.emac: no mem for receive buffer
E (27051) opencores.emac: no mem for receive buffer
E (27051) opencores.emac: no mem for receive buffer
E (27051) opencores.emac: no mem for receive buffer
E (27051) opencores.emac: no mem for receive buffer
E (27051) opencores.emac: no mem for receive buffer
E (27051) opencores.emac: no mem for receive buffer
E (27051) opencores.emac: no mem for receive buffer
E (27051) opencores.emac: no mem for receive buffer
E (27051) opencores.emac: no mem for receive buffer
E (27051) opencores.emac: no mem for receive buffer
E (27051) opencores.emac: no mem for receive buffer
E (27051) opencores.emac: no mem for receive buffer
E (27051) opencores.emac: no mem for receive buffer
E (27051) opencores.emac: no mem for receive buffer
E (27051) opencores.emac: no mem for receive buffer
E (27051) opencores.emac: no mem for receive buffer
E (27051) opencores.emac: no mem for receive buffer
E (27051) opencores.emac: no mem for receive buffer
E (27051) opencores.emac: no mem for receive buffer
E (27051) opencores.emac: no mem for receive buffer
E (27051) opencores.emac: no mem for receive buffer
E (27051) opencores.emac: no mem for receive buffer
E (27051) opencores.emac: no mem for receive buffer
E (27051) opencores.emac: no mem for receive buffer
E (27051) opencores.emac: no mem for receive buffer
E (27051) opencores.emac: no mem for receive buffer
E (27051) opencores.emac: no mem for receive buffer
E (27051) opencores.emac: no mem for receive buffer
E (27051) opencores.emac: no mem for receive buffer
E (27051) opencores.emac: no mem for receive buffer
E (27051) opencores.emac: no mem for receive buffer
E (27051) opencores.emac: no mem for receive buffer
E (27051) opencores.emac: no mem for receive buffer
E (27051) opencores.emac: no mem for receive buffer
E (27051) opencores.emac: no mem for receive buffer
E (27051) opencores.emac: no mem for receive buffer
E (27051) opencores.emac: no mem for receive buffer
E (27051) opencores.emac: no mem for receive buffer
E (27051) opencores.emac: no mem for receive buffer
E (27051) opencores.emac: no mem for receive buffer
E (27051) opencores.emac: no mem for receive buffer
E (27051) opencores.emac: no mem for receive buffer
E (27051) opencores.emac: no mem for receive buffer
E (27051) opencores.emac: no mem for receive buffer
E (27051) opencores.emac: no mem for receive buffer
E (27051) opencores.emac: no mem for receive buffer
E (27051) opencores.emac: no mem for receive buffer
E (27051) opencores.emac: no mem for receive buffer
E (27051) opencores.emac: no mem for receive buffer
E (27051) opencores.emac: no mem for receive buffer
E (27051) opencores.emac: no mem for receive buffer
E (27051) opencores.emac: no mem for receive buffer
E (27051) opencores.emac: no mem for receive buffer
E (27051) opencores.emac: no mem for receive buffer
E (27051) opencores.emac: no mem for receive buffer
E (27051) opencores.emac: no mem for receive buffer
E (27051) opencores.emac: no mem for receive buffer
E (27051) opencores.emac: no mem for receive buffer
E (27051) opencores.emac: no mem for receive buffer
E (27051) opencores.emac: no mem for receive buffer
E (27051) opencores.emac: no mem for receive buffer
E (27051) opencores.emac: no mem for receive buffer
E (27051) opencores.emac: no mem for receive buffer
E (27051) opencores.emac: no mem for receive buffer
E (27051) opencores.emac: no mem for receive buffer
E (27051) opencores.emac: no mem for receive buffer
E (27051) opencores.emac: no mem for receive buffer
E (27051) opencores.emac: no mem for receive buffer
E (27051) opencores.emac: no mem for receive buffer
E (27051) opencores.emac: no mem for receive buffer
E (27051) opencores.emac: no mem for receive buffer
E (27051) opencores.emac: no mem for receive buffer
E (27051) opencores.emac: no mem for receive buffer
E (27051) opencores.emac: no mem for receive buffer
E (27051) opencores.emac: no mem for receive buffer
E (27051) opencores.emac: no mem for receive buffer
E (27051) opencores.emac: no mem for receive buffer
E (27061) opencores.emac: no mem for receive buffer
E (27061) opencores.emac: no mem for receive buffer
E (27061) opencores.emac: no mem for receive buffer
E (27061) opencores.emac: no mem for receive buffer
E (27061) opencores.emac: no mem for receive buffer
E (27061) opencores.emac: no mem for receive buffer
E (27061) opencores.emac: no mem for receive buffer
E (27061) opencores.emac: no mem for receive buffer
E (27061) opencores.emac: no mem for receive buffer
E (27061) opencores.emac: no mem for receive buffer
E (27061) opencores.emac: no mem for receive buffer
E (27061) opencores.emac: no mem for receive buffer
E (27061) opencores.emac: no mem for receive buffer
E (27061) opencores.emac: no mem for receive buffer
E (27061) opencores.emac: no mem for receive buffer
E (27061) opencores.emac: no mem for receive buffer
E (27061) opencores.emac: no mem for receive buffer
E (27061) opencores.emac: no mem for receive buffer
E (27061) opencores.emac: no mem for receive buffer
E (27061) opencores.emac: no mem for receive buffer
E (27061) opencores.emac: no mem for receive buffer
E (27061) opencores.emac: no mem for receive buffer
E (27061) opencores.emac: no mem for receive buffer
E (27061) opencores.emac: no mem for receive buffer
E (27061) opencores.emac: no mem for receive buffer
E (27061) opencores.emac: no mem for receive buffer
E (27061) opencores.emac: no mem for receive buffer
E (27061) opencores.emac: no mem for receive buffer
E (27061) opencores.emac: no mem for receive buffer
E (27061) opencores.emac: no mem for receive buffer
E (27061) opencores.emac: no mem for receive buffer
E (27061) opencores.emac: no mem for receive buffer
E (27061) opencores.emac: no mem for receive buffer
E (27061) opencores.emac: no mem for receive buffer
E (27061) opencores.emac: no mem for receive buffer
E (27061) opencores.emac: no mem for receive buffer
E (27061) opencores.emac: no mem for receive buffer
E (27061) opencores.emac: no mem for receive buffer
E (27061) opencores.emac: no mem for receive buffer
E (27061) opencores.emac: no mem for receive buffer
E (27061) opencores.emac: no mem for receive buffer
E (27061) opencores.emac: no mem for receive buffer
E (27061) opencores.emac: no mem for receive buffer
E (27061) opencores.emac: no mem for receive buffer
E (27061) opencores.emac: no mem for receive buffer
E (27061) opencores.emac: no mem for receive buffer
E (27061) opencores.emac: no mem for receive buffer
E (27061) opencores.emac: no mem for receive buffer
E (27061) opencores.emac: no mem for receive buffer
E (27061) opencores.emac: no mem for receive buffer
E (27061) opencores.emac: no mem for receive buffer
E (27061) opencores.emac: no mem for receive buffer
E (27061) opencores.emac: no mem for receive buffer
E (27061) opencores.emac: no mem for receive buffer
E (27061) opencores.emac: no mem for receive buffer
E (27061) opencores.emac: no mem for receive buffer
E (27061) opencores.emac: no mem for receive buffer
E (27061) opencores.emac: no mem for receive buffer
E (27061) opencores.emac: no mem for receive buffer
E (27061) opencores.emac: no mem for receive buffer
E (27061) opencores.emac: no mem for receive buffer
E (27061) opencores.emac: no mem for receive buffer
E (27061) opencores.emac: no mem for receive buffer
E (27061) opencores.emac: no mem for receive buffer
E (27061) opencores.emac: no mem for receive buffer
E (27061) opencores.emac: no mem for receive buffer
E (27061) opencores.emac: no mem for receive buffer
E (27061) opencores.emac: no mem for receive buffer
E (27061) opencores.emac: no mem for receive buffer
E (27061) opencores.emac: no mem for receive buffer
E (27061) opencores.emac: no mem for receive buffer
E (27061) opencores.emac: no mem for receive buffer
E (27061) opencores.emac: no mem for receive buffer
E (27061) opencores.emac: no mem for receive buffer
E (27061) opencores.emac: no mem for receive buffer
E (27061) opencores.emac: no mem for receive buffer
E (27061) opencores.emac: no mem for receive buffer
E (27061) opencores.emac: no mem for receive buffer
E (27061) opencores.emac: no mem for receive buffer
E (27061) opencores.emac: no mem for receive buffer
E (27061) opencores.emac: no mem for receive buffer
E (27061) opencores.emac: no mem for receive buffer
E (27061) opencores.emac: no mem for receive buffer
E (27061) opencores.emac: no mem for receive buffer
E (27061) opencores.emac: no mem for receive buffer
E (27061) opencores.emac: no mem for receive buffer
E (27061) opencores.emac: no mem for receive buffer
E (27061) opencores.emac: no mem for receive buffer
E (27061) opencores.emac: no mem for receive buffer
E (27061) opencores.emac: no mem for receive buffer
E (27061) opencores.emac: no mem for receive buffer
E (27061) opencores.emac: no mem for receive buffer
E (27061) opencores.emac: no mem for receive buffer
E (27061) opencores.emac: no mem for receive buffer
E (27061) opencores.emac: no mem for receive buffer
E (27061) opencores.emac: no mem for receive buffer
E (27061) opencores.emac: no mem for receive buffer
E (27061) opencores.emac: no mem for receive buffer
E (27061) opencores.emac: no mem for receive buffer
E (27061) opencores.emac: no mem for receive buffer
E (27061) opencores.emac: no mem for receive buffer
E (27061) opencores.emac: no mem for receive buffer
E (27061) opencores.emac: no mem for receive buffer
E (27061) opencores.emac: no mem for receive buffer
E (27061) opencores.emac: no mem for receive buffer
E (27061) opencores.emac: no mem for receive buffer
E (27061) opencores.emac: no mem for receive buffer
E (27061) opencores.emac: no mem for receive buffer
E (27061) opencores.emac: no mem for receive buffer
E (27061) opencores.emac: no mem for receive buffer
E (27061) opencores.emac: no mem for receive buffer
E (27061) opencores.emac: no mem for receive buffer
E (27061) opencores.emac: no mem for receive buffer
E (27061) opencores.emac: no mem for receive buffer
E (27061) opencores.emac: no mem for receive buffer
E (27061) opencores.emac: no mem for receive buffer
E (27061) opencores.emac: no mem for receive buffer
E (27061) opencores.emac: no mem for receive buffer
E (27061) opencores.emac: no mem for receive buffer
E (27061) opencores.emac: no mem for receive buffer
E (27061) opencores.emac: no mem for receive buffer
E (27061) opencores.emac: no mem for receive buffer
E (27061) opencores.emac: no mem for receive buffer
E (27061) opencores.emac: no mem for receive buffer
E (27061) opencores.emac: no mem for receive buffer
E (27061) opencores.emac: no mem for receive buffer
E (27061) opencores.emac: no mem for receive buffer
E (27071) opencores.emac: no mem for receive buffer
E (27071) opencores.emac: no mem for receive buffer
E (27071) opencores.emac: no mem for receive buffer
E (27071) opencores.emac: no mem for receive buffer
E (27071) opencores.emac: no mem for receive buffer
E (27071) opencores.emac: no mem for receive buffer
E (27071) opencores.emac: no mem for receive buffer
E (27071) opencores.emac: no mem for receive buffer
E (27071) opencores.emac: no mem for receive buffer
E (27071) opencores.emac: no mem for receive buffer
E (27071) opencores.emac: no mem for receive buffer
E (27071) opencores.emac: no mem for receive buffer
E (27071) opencores.emac: no mem for receive buffer
E (27071) opencores.emac: no mem for receive buffer
E (27071) opencores.emac: no mem for receive buffer
E (27071) opencores.emac: no mem for receive buffer
E (27071) opencores.emac: no mem for receive buffer
E (27071) opencores.emac: no mem for receive buffer
E (27071) opencores.emac: no mem for receive buffer
E (27071) opencores.emac: no mem for receive buffer
E (27071) opencores.emac: no mem for receive buffer
E (27071) opencores.emac: no mem for receive buffer
E (27071) opencores.emac: no mem for receive buffer
E (27071) opencores.emac: no mem for receive buffer
E (27071) opencores.emac: no mem for receive buffer
E (27071) opencores.emac: no mem for receive buffer
E (27071) opencores.emac: no mem for receive buffer
E (27071) opencores.emac: no mem for receive buffer
E (27071) opencores.emac: no mem for receive buffer
E (27071) opencores.emac: no mem for receive buffer
E (27071) opencores.emac: no mem for receive buffer
E (27071) opencores.emac: no mem for receive buffer
E (27071) opencores.emac: no mem for receive buffer
E (27071) opencores.emac: no mem for receive buffer
E (27071) opencores.emac: no mem for receive buffer
E (27071) opencores.emac: no mem for receive buffer
E (27071) opencores.emac: no mem for receive buffer
E (27071) opencores.emac: no mem for receive buffer
E (27071) opencores.emac: no mem for receive buffer
E (27071) opencores.emac: no mem for receive buffer
E (27071) opencores.emac: no mem for receive buffer
E (27071) opencores.emac: no mem for receive buffer
E (27071) opencores.emac: no mem for receive buffer
E (27071) opencores.emac: no mem for receive buffer
E (27071) opencores.emac: no mem for receive buffer
E (27071) opencores.emac: no mem for receive buffer
E (27071) opencores.emac: no mem for receive buffer
E (27071) opencores.emac: no mem for receive buffer
E (27071) opencores.emac: no mem for receive buffer
E (27071) opencores.emac: no mem for receive buffer
E (27071) opencores.emac: no mem for receive buffer
E (27071) opencores.emac: no mem for receive buffer
E (27071) opencores.emac: no mem for receive buffer
E (27071) opencores.emac: no mem for receive buffer
E (27071) opencores.emac: no mem for receive buffer
E (27071) opencores.emac: no mem for receive buffer
E (27071) opencores.emac: no mem for receive buffer
E (27071) opencores.emac: no mem for receive buffer
E (27071) opencores.emac: no mem for receive buffer
E (27071) opencores.emac: no mem for receive buffer
E (27071) opencores.emac: no mem for receive buffer
E (27071) opencores.emac: no mem for receive buffer
E (27071) opencores.emac: no mem for receive buffer
E (27071) opencores.emac: no mem for receive buffer
E (27071) opencores.emac: no mem for receive buffer
E (27071) opencores.emac: no mem for receive buffer
E (27071) opencores.emac: no mem for receive buffer
E (27071) opencores.emac: no mem for receive buffer
E (27071) opencores.emac: no mem for receive buffer
E (27071) opencores.emac: no mem for receive buffer
E (27071) opencores.emac: no mem for receive buffer
E (27071) opencores.emac: no mem for receive buffer
E (27071) opencores.emac: no mem for receive buffer
E (27071) opencores.emac: no mem for receive buffer
E (27071) opencores.emac: no mem for receive buffer
E (27071) opencores.emac: no mem for receive buffer
E (27071) opencores.emac: no mem for receive buffer
E (27071) opencores.emac: no mem for receive buffer
E (27071) opencores.emac: no mem for receive buffer
E (27071) opencores.emac: no mem for receive buffer
E (27071) opencores.emac: no mem for receive buffer
E (27071) opencores.emac: no mem for receive buffer
E (27071) opencores.emac: no mem for receive buffer
E (27071) opencores.emac: no mem for receive buffer
E (27071) opencores.emac: no mem for receive buffer
E (27071) opencores.emac: no mem for receive buffer
E (27071) opencores.emac: no mem for receive buffer
E (27071) opencores.emac: no mem for receive buffer
E (27071) opencores.emac: no mem for receive buffer
E (27071) opencores.emac: no mem for receive buffer
E (27071) opencores.emac: no mem for receive buffer
E (27071) opencores.emac: no mem for receive buffer
E (27071) opencores.emac: no mem for receive buffer
E (27071) opencores.emac: no mem for receive buffer
E (27071) opencores.emac: no mem for receive buffer
E (27071) opencores.emac: no mem for receive buffer
E (27071) opencores.emac: no mem for receive buffer
E (27071) opencores.emac: no mem for receive buffer
E (27071) opencores.emac: no mem for receive buffer
E (27071) opencores.emac: no mem for receive buffer
E (27071) opencores.emac: no mem for receive buffer
E (27071) opencores.emac: no mem for receive buffer
E (27071) opencores.emac: no mem for receive buffer
E (27071) opencores.emac: no mem for receive buffer
E (27071) opencores.emac: no mem for receive buffer
E (27071) opencores.emac: no mem for receive buffer
E (27071) opencores.emac: no mem for receive buffer
E (27071) opencores.emac: no mem for receive buffer
E (27071) opencores.emac: no mem for receive buffer
E (27071) opencores.emac: no mem for receive buffer
E (27071) opencores.emac: no mem for receive buffer
E (27071) opencores.emac: no mem for receive buffer
E (27071) opencores.emac: no mem for receive buffer
E (27071) opencores.emac: no mem for receive buffer
E (27071) opencores.emac: no mem for receive buffer
E (27071) opencores.emac: no mem for receive buffer
E (27071) opencores.emac: no mem for receive buffer
E (27071) opencores.emac: no mem for receive buffer
E (27071) opencores.emac: no mem for receive buffer
E (27071) opencores.emac: no mem for receive buffer
E (27071) opencores.emac: no mem for receive buffer
E (27071) opencores.emac: no mem for receive buffer
E (27071) opencores.emac: no mem for receive buffer
E (27071) opencores.emac: no mem for receive buffer
E (27071) opencores.emac: no mem for receive buffer
E (27071) opencores.emac: no mem for receive buffer
E (27071) opencores.emac: no mem for receive buffer
E (27071) opencores.emac: no mem for receive buffer
E (27071) opencores.emac: no mem for receive buffer
E (27071) opencores.emac: no mem for receive buffer
E (27081) opencores.emac: no mem for receive buffer
E (27081) opencores.emac: no mem for receive buffer
E (27081) opencores.emac: no mem for receive buffer
E (27081) opencores.emac: no mem for receive buffer
E (27081) opencores.emac: no mem for receive buffer
E (27081) opencores.emac: no mem for receive buffer
E (27081) opencores.emac: no mem for receive buffer
E (27081) opencores.emac: no mem for receive buffer
E (27081) opencores.emac: no mem for receive buffer
E (27081) opencores.emac: no mem for receive buffer
E (27081) opencores.emac: no mem for receive buffer
E (27081) opencores.emac: no mem for receive buffer
E (27081) opencores.emac: no mem for receive buffer
E (27081) opencores.emac: no mem for receive buffer
E (27081) opencores.emac: no mem for receive buffer
E (27081) opencores.emac: no mem for receive buffer
E (27081) opencores.emac: no mem for receive buffer
E (27081) opencores.emac: no mem for receive buffer
E (27081) opencores.emac: no mem for receive buffer
E (27081) opencores.emac: no mem for receive buffer
E (27081) opencores.emac: no mem for receive buffer
E (27081) opencores.emac: no mem for receive buffer
E (27081) opencores.emac: no mem for receive buffer
E (27081) opencores.emac: no mem for receive buffer
E (27081) opencores.emac: no mem for receive buffer
E (27081) opencores.emac: no mem for receive buffer
E (27081) opencores.emac: no mem for receive buffer
E (27081) opencores.emac: no mem for receive buffer
E (27081) opencores.emac: no mem for receive buffer
E (27081) opencores.emac: no mem for receive buffer
E (27081) opencores.emac: no mem for receive buffer
E (27081) opencores.emac: no mem for receive buffer
E (27081) opencores.emac: no mem for receive buffer
E (27081) opencores.emac: no mem for receive buffer
E (27081) opencores.emac: no mem for receive buffer
E (27081) opencores.emac: no mem for receive buffer
E (27081) opencores.emac: no mem for receive buffer
E (27081) opencores.emac: no mem for receive buffer
E (27081) opencores.emac: no mem for receive buffer
E (27081) opencores.emac: no mem for receive buffer
E (27081) opencores.emac: no mem for receive buffer
E (27081) opencores.emac: no mem for receive buffer
E (27081) opencores.emac: no mem for receive buffer
E (27081) opencores.emac: no mem for receive buffer
E (27081) opencores.emac: no mem for receive buffer
E (27081) opencores.emac: no mem for receive buffer
E (27081) opencores.emac: no mem for receive buffer
E (27081) opencores.emac: no mem for receive buffer
E (27081) opencores.emac: no mem for receive buffer
E (27081) opencores.emac: no mem for receive buffer
E (27081) opencores.emac: no mem for receive buffer
E (27081) opencores.emac: no mem for receive buffer
E (27081) opencores.emac: no mem for receive buffer
E (27081) opencores.emac: no mem for receive buffer
E (27081) opencores.emac: no mem for receive buffer
E (27081) opencores.emac: no mem for receive buffer
E (27081) opencores.emac: no mem for receive buffer
E (27081) opencores.emac: no mem for receive buffer
E (27081) opencores.emac: no mem for receive buffer
E (27081) opencores.emac: no mem for receive buffer
E (27081) opencores.emac: no mem for receive buffer
E (27081) opencores.emac: no mem for receive buffer
E (27081) opencores.emac: no mem for receive buffer
E (27081) opencores.emac: no mem for receive buffer
E (27081) opencores.emac: no mem for receive buffer
E (27081) opencores.emac: no mem for receive buffer
E (27081) opencores.emac: no mem for receive buffer
E (27081) opencores.emac: no mem for receive buffer
E (27081) opencores.emac: no mem for receive buffer
E (27081) opencores.emac: no mem for receive buffer
E (27081) opencores.emac: no mem for receive buffer
E (27081) opencores.emac: no mem for receive buffer
E (27081) opencores.emac: no mem for receive buffer
E (27081) opencores.emac: no mem for receive buffer
E (27081) opencores.emac: no mem for receive buffer
E (27081) opencores.emac: no mem for receive buffer
E (27081) opencores.emac: no mem for receive buffer
E (27081) opencores.emac: no mem for receive buffer
E (27081) opencores.emac: no mem for receive buffer
E (27081) opencores.emac: no mem for receive buffer
E (27081) opencores.emac: no mem for receive buffer
E (27081) opencores.emac: no mem for receive buffer
E (27081) opencores.emac: no mem for receive buffer
E (27081) opencores.emac: no mem for receive buffer
E (27081) opencores.emac: no mem for receive buffer
E (27081) opencores.emac: no mem for receive buffer
E (27081) opencores.emac: no mem for receive buffer
E (27081) opencores.emac: no mem for receive buffer
E (27081) opencores.emac: no mem for receive buffer
E (27081) opencores.emac: no mem for receive buffer
E (27081) opencores.emac: no mem for receive buffer
E (27081) opencores.emac: no mem for receive buffer
E (27081) opencores.emac: no mem for receive buffer
E (27081) opencores.emac: no mem for receive buffer
E (27081) opencores.emac: no mem for receive buffer
E (27081) opencores.emac: no mem for receive buffer
E (27081) opencores.emac: no mem for receive buffer
E (27081) opencores.emac: no mem for receive buffer
E (27081) opencores.emac: no mem for receive buffer
E (27081) opencores.emac: no mem for receive buffer
E (27081) opencores.emac: no mem for receive buffer
E (27081) opencores.emac: no mem for receive buffer
E (27081) opencores.emac: no mem for receive buffer
E (27081) opencores.emac: no mem for receive buffer
E (27081) opencores.emac: no mem for receive buffer
E (27081) opencores.emac: no mem for receive buffer
E (27081) opencores.emac: no mem for receive buffer
E (27081) opencores.emac: no mem for receive buffer
E (27081) opencores.emac: no mem for receive buffer
E (27081) opencores.emac: no mem for receive buffer
E (27081) opencores.emac: no mem for receive buffer
E (27081) opencores.emac: no mem for receive buffer
E (27081) opencores.emac: no mem for receive buffer
E (27081) opencores.emac: no mem for receive buffer
E (27081) opencores.emac: no mem for receive buffer
E (27081) opencores.emac: no mem for receive buffer
E (27081) opencores.emac: no mem for receive buffer
E (27081) opencores.emac: no mem for receive buffer
E (27081) opencores.emac: no mem for receive buffer
E (27081) opencores.emac: no mem for receive buffer
E (27081) opencores.emac: no mem for receive buffer
E (27081) opencores.emac: no mem for receive buffer
E (27081) opencores.emac: no mem for receive buffer
E (27081) opencores.emac: no mem for receive buffer
E (27081) opencores.emac: no mem for receive buffer
E (27081) opencores.emac: no mem for receive buffer
E (27081) opencores.emac: no mem for receive buffer
E (27081) opencores.emac: no mem for receive buffer
E (27081) opencores.emac: no mem for receive buffer
E (27081) opencores.emac: no mem for receive buffer
E (27081) opencores.emac: no mem for receive buffer
E (27081) opencores.emac: no mem for receive buffer
E (27081) opencores.emac: no mem for receive buffer
E (27081) opencores.emac: no mem for receive buffer
E (27081) opencores.emac: no mem for receive buffer
E (27091) opencores.emac: no mem for receive buffer
E (27091) opencores.emac: no mem for receive buffer
E (27091) opencores.emac: no mem for receive buffer
E (27091) opencores.emac: no mem for receive buffer
E (27091) opencores.emac: no mem for receive buffer
E (27091) opencores.emac: no mem for receive buffer
E (27091) opencores.emac: no mem for receive buffer
E (27091) opencores.emac: no mem for receive buffer
E (27091) opencores.emac: no mem for receive buffer
E (27091) opencores.emac: no mem for receive buffer
E (27091) opencores.emac: no mem for receive buffer
E (27091) opencores.emac: no mem for receive buffer
E (27091) opencores.emac: no mem for receive buffer
E (27091) opencores.emac: no mem for receive buffer
E (27091) opencores.emac: no mem for receive buffer
E (27091) opencores.emac: no mem for receive buffer
E (27091) opencores.emac: no mem for receive buffer
E (27091) opencores.emac: no mem for receive buffer
E (27091) opencores.emac: no mem for receive buffer
E (27091) opencores.emac: no mem for receive buffer
E (27091) opencores.emac: no mem for receive buffer
E (27091) opencores.emac: no mem for receive buffer
E (27091) opencores.emac: no mem for receive buffer
E (27091) opencores.emac: no mem for receive buffer
E (27091) opencores.emac: no mem for receive buffer
E (27091) opencores.emac: no mem for receive buffer
E (27091) opencores.emac: no mem for receive buffer
E (27091) opencores.emac: no mem for receive buffer
E (27091) opencores.emac: no mem for receive buffer
E (27091) opencores.emac: no mem for receive buffer
E (27091) opencores.emac: no mem for receive buffer
E (27091) opencores.emac: no mem for receive buffer
E (27091) opencores.emac: no mem for receive buffer
E (27091) opencores.emac: no mem for receive buffer
E (27091) opencores.emac: no mem for receive buffer
E (27091) opencores.emac: no mem for receive buffer
E (27091) opencores.emac: no mem for receive buffer
E (27091) opencores.emac: no mem for receive buffer
E (27091) opencores.emac: no mem for receive buffer
E (27091) opencores.emac: no mem for receive buffer
E (27091) opencores.emac: no mem for receive buffer
E (27091) opencores.emac: no mem for receive buffer
E (27091) opencores.emac: no mem for receive buffer
E (27091) opencores.emac: no mem for receive buffer
E (27091) opencores.emac: no mem for receive buffer
E (27091) opencores.emac: no mem for receive buffer
E (27091) opencores.emac: no mem for receive buffer
E (27091) opencores.emac: no mem for receive buffer
E (27091) opencores.emac: no mem for receive buffer
E (27091) opencores.emac: no mem for receive buffer
E (27091) opencores.emac: no mem for receive buffer
E (27091) opencores.emac: no mem for receive buffer
E (27091) opencores.emac: no mem for receive buffer
E (27091) opencores.emac: no mem for receive buffer
E (27091) opencores.emac: no mem for receive buffer
E (27091) opencores.emac: no mem for receive buffer
E (27091) opencores.emac: no mem for receive buffer
E (27091) opencores.emac: no mem for receive buffer
E (27091) opencores.emac: no mem for receive buffer
E (27091) opencores.emac: no mem for receive buffer
E (27091) opencores.emac: no mem for receive buffer
E (27091) opencores.emac: no mem for receive buffer
E (27091) opencores.emac: no mem for receive buffer
E (27091) opencores.emac: no mem for receive buffer
E (27091) opencores.emac: no mem for receive buffer
E (27091) opencores.emac: no mem for receive buffer
E (27091) opencores.emac: no mem for receive buffer
E (27091) opencores.emac: no mem for receive buffer
E (27091) opencores.emac: no mem for receive buffer
E (27091) opencores.emac: no mem for receive buffer
E (27091) opencores.emac: no mem for receive buffer
E (27091) opencores.emac: no mem for receive buffer
E (27091) opencores.emac: no mem for receive buffer
E (27091) opencores.emac: no mem for receive buffer
E (27091) opencores.emac: no mem for receive buffer
E (27091) opencores.emac: no mem for receive buffer
E (27091) opencores.emac: no mem for receive buffer
E (27091) opencores.emac: no mem for receive buffer
E (27091) opencores.emac: no mem for receive buffer
E (27091) opencores.emac: no mem for receive buffer
E (27091) opencores.emac: no mem for receive buffer
E (27091) opencores.emac: no mem for receive buffer
E (27091) opencores.emac: no mem for receive buffer
E (27091) opencores.emac: no mem for receive buffer
E (27091) opencores.emac: no mem for receive buffer
E (27091) opencores.emac: no mem for receive buffer
E (27091) opencores.emac: no mem for receive buffer
E (27091) opencores.emac: no mem for receive buffer
E (27091) opencores.emac: no mem for receive buffer
E (27091) opencores.emac: no mem for receive buffer
E (27091) opencores.emac: no mem for receive buffer
E (27091) opencores.emac: no mem for receive buffer
E (27091) opencores.emac: no mem for receive buffer
E (27091) opencores.emac: no mem for receive buffer
E (27091) opencores.emac: no mem for receive buffer
E (27091) opencores.emac: no mem for receive buffer
E (27091) opencores.emac: no mem for receive buffer
E (27091) opencores.emac: no mem for receive buffer
E (27091) opencores.emac: no mem for receive buffer
E (27091) opencores.emac: no mem for receive buffer
E (27091) opencores.emac: no mem for receive buffer
E (27091) opencores.emac: no mem for receive buffer
E (27091) opencores.emac: no mem for receive buffer
E (27091) opencores.emac: no mem for receive buffer
E (27091) opencores.emac: no mem for receive buffer
E (27091) opencores.emac: no mem for receive buffer
E (27091) opencores.emac: no mem for receive buffer
E (27091) opencores.emac: no mem for receive buffer
E (27091) opencores.emac: no mem for receive buffer
E (27091) opencores.emac: no mem for receive buffer
E (27091) opencores.emac: no mem for receive buffer
E (27091) opencores.emac: no mem for receive buffer
E (27091) opencores.emac: no mem for receive buffer
E (27091) opencores.emac: no mem for receive buffer
E (27091) opencores.emac: no mem for receive buffer
E (27091) opencores.emac: no mem for receive buffer
E (27091) opencores.emac: no mem for receive buffer
E (27091) opencores.emac: no mem for receive buffer
E (27091) opencores.emac: no mem for receive buffer
E (27101) opencores.emac: no mem for receive buffer
E (27101) opencores.emac: no mem for receive buffer
E (27101) opencores.emac: no mem for receive buffer
E (27101) opencores.emac: no mem for receive buffer
E (27101) opencores.emac: no mem for receive buffer
E (27101) opencores.emac: no mem for receive buffer
E (27101) opencores.emac: no mem for receive buffer
E (27101) opencores.emac: no mem for receive buffer
E (27101) opencores.emac: no mem for receive buffer
E (27101) opencores.emac: no mem for receive buffer
E (27101) opencores.emac: no mem for receive buffer
E (27101) opencores.emac: no mem for receive buffer
E (27101) opencores.emac: no mem for receive buffer
E (27101) opencores.emac: no mem for receive buffer
E (27101) opencores.emac: no mem for receive buffer
E (27101) opencores.emac: no mem for receive buffer
E (27101) opencores.emac: no mem for receive buffer
E (27101) opencores.emac: no mem for receive buffer
E (27101) opencores.emac: no mem for receive buffer
E (27101) opencores.emac: no mem for receive buffer
E (27101) opencores.emac: no mem for receive buffer
E (27101) opencores.emac: no mem for receive buffer
E (27101) opencores.emac: no mem for receive buffer
E (27101) opencores.emac: no mem for receive buffer
E (27101) opencores.emac: no mem for receive buffer
E (27101) opencores.emac: no mem for receive buffer
E (27101) opencores.emac: no mem for receive buffer
E (27101) opencores.emac: no mem for receive buffer
E (27101) opencores.emac: no mem for receive buffer
E (27101) opencores.emac: no mem for receive buffer
E (27101) opencores.emac: no mem for receive buffer
E (27101) opencores.emac: no mem for receive buffer
E (27101) opencores.emac: no mem for receive buffer
E (27101) opencores.emac: no mem for receive buffer
E (27101) opencores.emac: no mem for receive buffer
E (27101) opencores.emac: no mem for receive buffer
E (27101) opencores.emac: no mem for receive buffer
E (27101) opencores.emac: no mem for receive buffer
E (27101) opencores.emac: no mem for receive buffer
E (27101) opencores.emac: no mem for receive buffer
E (27101) opencores.emac: no mem for receive buffer
E (27101) opencores.emac: no mem for receive buffer
E (27101) opencores.emac: no mem for receive buffer
E (27101) opencores.emac: no mem for receive buffer
E (27101) opencores.emac: no mem for receive buffer
E (27101) opencores.emac: no mem for receive buffer
E (27101) opencores.emac: no mem for receive buffer
E (27101) opencores.emac: no mem for receive buffer
E (27101) opencores.emac: no mem for receive buffer
E (27101) opencores.emac: no mem for receive buffer
E (27101) opencores.emac: no mem for receive buffer
E (27101) opencores.emac: no mem for receive buffer
E (27101) opencores.emac: no mem for receive buffer
E (27101) opencores.emac: no mem for receive buffer
E (27101) opencores.emac: no mem for receive buffer
E (27101) opencores.emac: no mem for receive buffer
E (27101) opencores.emac: no mem for receive buffer
E (27101) opencores.emac: no mem for receive buffer
E (27101) opencores.emac: no mem for receive buffer
E (27101) opencores.emac: no mem for receive buffer
E (27101) opencores.emac: no mem for receive buffer
E (27101) opencores.emac: no mem for receive buffer
E (27101) opencores.emac: no mem for receive buffer
E (27101) opencores.emac: no mem for receive buffer
E (27101) opencores.emac: no mem for receive buffer
E (27101) opencores.emac: no mem for receive buffer
E (27101) opencores.emac: no mem for receive buffer
E (27101) opencores.emac: no mem for receive buffer
E (27101) opencores.emac: no mem for receive buffer
E (27101) opencores.emac: no mem for receive buffer
E (27101) opencores.emac: no mem for receive buffer
E (27101) opencores.emac: no mem for receive buffer
E (27101) opencores.emac: no mem for receive buffer
E (27101) opencores.emac: no mem for receive buffer
E (27101) opencores.emac: no mem for receive buffer
E (27101) opencores.emac: no mem for receive buffer
E (27101) opencores.emac: no mem for receive buffer
E (27101) opencores.emac: no mem for receive buffer
E (27101) opencores.emac: no mem for receive buffer
E (27101) opencores.emac: no mem for receive buffer
E (27101) opencores.emac: no mem for receive buffer
E (27101) opencores.emac: no mem for receive buffer
E (27101) opencores.emac: no mem for receive buffer
E (27101) opencores.emac: no mem for receive buffer
E (27101) opencores.emac: no mem for receive buffer
E (27101) opencores.emac: no mem for receive buffer
E (27101) opencores.emac: no mem for receive buffer
E (27101) opencores.emac: no mem for receive buffer
E (27101) opencores.emac: no mem for receive buffer
E (27101) opencores.emac: no mem for receive buffer
E (27101) opencores.emac: no mem for receive buffer
E (27101) opencores.emac: no mem for receive buffer
E (27101) opencores.emac: no mem for receive buffer
E (27101) opencores.emac: no mem for receive buffer
E (27101) opencores.emac: no mem for receive buffer
E (27101) opencores.emac: no mem for receive buffer
E (27101) opencores.emac: no mem for receive buffer
E (27101) opencores.emac: no mem for receive buffer
E (27101) opencores.emac: no mem for receive buffer
E (27101) opencores.emac: no mem for receive buffer
E (27101) opencores.emac: no mem for receive buffer
E (27101) opencores.emac: no mem for receive buffer
E (27101) opencores.emac: no mem for receive buffer
E (27101) opencores.emac: no mem for receive buffer
E (27101) opencores.emac: no mem for receive buffer
E (27101) opencores.emac: no mem for receive buffer
E (27101) opencores.emac: no mem for receive buffer
E (27101) opencores.emac: no mem for receive buffer
E (27101) opencores.emac: no mem for receive buffer
E (27101) opencores.emac: no mem for receive buffer
E (27101) opencores.emac: no mem for receive buffer
E (27101) opencores.emac: no mem for receive buffer
E (27101) opencores.emac: no mem for receive buffer
E (27101) opencores.emac: no mem for receive buffer
E (27101) opencores.emac: no mem for receive buffer
E (27101) opencores.emac: no mem for receive buffer
E (27101) opencores.emac: no mem for receive buffer
E (27101) opencores.emac: no mem for receive buffer
E (27101) opencores.emac: no mem for receive buffer
E (27101) opencores.emac: no mem for receive buffer
E (27101) opencores.emac: no mem for receive buffer
E (27101) opencores.emac: no mem for receive buffer
E (27101) opencores.emac: no mem for receive buffer
E (27111) opencores.emac: no mem for receive buffer
E (27111) opencores.emac: no mem for receive buffer
E (27111) opencores.emac: no mem for receive buffer
E (27111) opencores.emac: no mem for receive buffer
E (27111) opencores.emac: no mem for receive buffer
E (27111) opencores.emac: no mem for receive buffer
E (27111) opencores.emac: no mem for receive buffer
E (27111) opencores.emac: no mem for receive buffer
E (27111) opencores.emac: no mem for receive buffer
E (27111) opencores.emac: no mem for receive buffer
E (27111) opencores.emac: no mem for receive buffer
E (27111) opencores.emac: no mem for receive buffer
E (27111) opencores.emac: no mem for receive buffer
E (27111) opencores.emac: no mem for receive buffer
E (27111) opencores.emac: no mem for receive buffer
E (27111) opencores.emac: no mem for receive buffer
E (27111) opencores.emac: no mem for receive buffer
E (27111) opencores.emac: no mem for receive buffer
E (27111) opencores.emac: no mem for receive buffer
E (27111) opencores.emac: no mem for receive buffer
E (27111) opencores.emac: no mem for receive buffer
E (27111) opencores.emac: no mem for receive buffer
E (27111) opencores.emac: no mem for receive buffer
E (27111) opencores.emac: no mem for receive buffer
E (27111) opencores.emac: no mem for receive buffer
E (27111) opencores.emac: no mem for receive buffer
E (27111) opencores.emac: no mem for receive buffer
E (27111) opencores.emac: no mem for receive buffer
E (27111) opencores.emac: no mem for receive buffer
E (27111) opencores.emac: no mem for receive buffer
E (27111) opencores.emac: no mem for receive buffer
E (27111) opencores.emac: no mem for receive buffer
E (27111) opencores.emac: no mem for receive buffer
E (27111) opencores.emac: no mem for receive buffer
E (27111) opencores.emac: no mem for receive buffer
E (27111) opencores.emac: no mem for receive buffer
E (27111) opencores.emac: no mem for receive buffer
E (27111) opencores.emac: no mem for receive buffer
E (27111) opencores.emac: no mem for receive buffer
E (27111) opencores.emac: no mem for receive buffer
E (27111) opencores.emac: no mem for receive buffer
E (27111) opencores.emac: no mem for receive buffer
E (27111) opencores.emac: no mem for receive buffer
E (27111) opencores.emac: no mem for receive buffer
E (27111) opencores.emac: no mem for receive buffer
E (27111) opencores.emac: no mem for receive buffer
E (27111) opencores.emac: no mem for receive buffer
E (27111) opencores.emac: no mem for receive buffer
E (27111) opencores.emac: no mem for receive buffer
E (27111) opencores.emac: no mem for receive buffer
E (27111) opencores.emac: no mem for receive buffer
E (27111) opencores.emac: no mem for receive buffer
E (27111) opencores.emac: no mem for receive buffer
E (27111) opencores.emac: no mem for receive buffer
E (27111) opencores.emac: no mem for receive buffer
E (27111) opencores.emac: no mem for receive buffer
E (27111) opencores.emac: no mem for receive buffer
E (27111) opencores.emac: no mem for receive buffer
E (27111) opencores.emac: no mem for receive buffer
E (27111) opencores.emac: no mem for receive buffer
E (27111) opencores.emac: no mem for receive buffer
E (27111) opencores.emac: no mem for receive buffer
E (27111) opencores.emac: no mem for receive buffer
E (27111) opencores.emac: no mem for receive buffer
E (27111) opencores.emac: no mem for receive buffer
E (27111) opencores.emac: no mem for receive buffer
E (27111) opencores.emac: no mem for receive buffer
E (27111) opencores.emac: no mem for receive buffer
E (27111) opencores.emac: no mem for receive buffer
E (27111) opencores.emac: no mem for receive buffer
E (27111) opencores.emac: no mem for receive buffer
E (27111) opencores.emac: no mem for receive buffer
E (27111) opencores.emac: no mem for receive buffer
E (27111) opencores.emac: no mem for receive buffer
E (27111) opencores.emac: no mem for receive buffer
E (27111) opencores.emac: no mem for receive buffer
E (27111) opencores.emac: no mem for receive buffer
E (27111) opencores.emac: no mem for receive buffer
E (27111) opencores.emac: no mem for receive buffer
E (27111) opencores.emac: no mem for receive buffer
E (27111) opencores.emac: no mem for receive buffer
E (27111) opencores.emac: no mem for receive buffer
E (27111) opencores.emac: no mem for receive buffer
E (27111) opencores.emac: no mem for receive buffer
E (27111) opencores.emac: no mem for receive buffer
E (27111) opencores.emac: no mem for receive buffer
E (27111) opencores.emac: no mem for receive buffer
E (27111) opencores.emac: no mem for receive buffer
E (27111) opencores.emac: no mem for receive buffer
E (27111) opencores.emac: no mem for receive buffer
E (27111) opencores.emac: no mem for receive buffer
E (27111) opencores.emac: no mem for receive buffer
E (27111) opencores.emac: no mem for receive buffer
E (27111) opencores.emac: no mem for receive buffer
E (27111) opencores.emac: no mem for receive buffer
E (27111) opencores.emac: no mem for receive buffer
E (27111) opencores.emac: no mem for receive buffer
E (27111) opencores.emac: no mem for receive buffer
E (27111) opencores.emac: no mem for receive buffer
E (27111) opencores.emac: no mem for receive buffer
E (27111) opencores.emac: no mem for receive buffer
E (27111) opencores.emac: no mem for receive buffer
E (27111) opencores.emac: no mem for receive buffer
E (27111) opencores.emac: no mem for receive buffer
E (27111) opencores.emac: no mem for receive buffer
E (27111) opencores.emac: no mem for receive buffer
E (27111) opencores.emac: no mem for receive buffer
E (27111) opencores.emac: no mem for receive buffer
E (27111) opencores.emac: no mem for receive buffer
E (27111) opencores.emac: no mem for receive buffer
E (27111) opencores.emac: no mem for receive buffer
E (27111) opencores.emac: no mem for receive buffer
E (27111) opencores.emac: no mem for receive buffer
E (27111) opencores.emac: no mem for receive buffer
E (27111) opencores.emac: no mem for receive buffer
E (27111) opencores.emac: no mem for receive buffer
E (27111) opencores.emac: no mem for receive buffer
E (27111) opencores.emac: no mem for receive buffer
E (27111) opencores.emac: no mem for receive buffer
E (27111) opencores.emac: no mem for receive buffer
E (27111) opencores.emac: no mem for receive buffer
E (27111) opencores.emac: no mem for receive buffer
E (27111) opencores.emac: no mem for receive buffer
E (27111) opencores.emac: no mem for receive buffer
E (27111) opencores.emac: no mem for receive buffer
E (27111) opencores.emac: no mem for receive buffer
E (27111) opencores.emac: no mem for receive buffer
E (27111) opencores.emac: no mem for receive buffer
E (27121) opencores.emac: no mem for receive buffer
E (27121) opencores.emac: no mem for receive buffer
E (27121) opencores.emac: no mem for receive buffer
E (27121) opencores.emac: no mem for receive buffer
E (27121) opencores.emac: no mem for receive buffer
E (27121) opencores.emac: no mem for receive buffer
E (27121) opencores.emac: no mem for receive buffer
E (27121) opencores.emac: no mem for receive buffer
E (27121) opencores.emac: no mem for receive buffer
E (27121) opencores.emac: no mem for receive buffer
E (27121) opencores.emac: no mem for receive buffer
E (27121) opencores.emac: no mem for receive buffer
E (27121) opencores.emac: no mem for receive buffer
E (27121) opencores.emac: no mem for receive buffer
E (27121) opencores.emac: no mem for receive buffer
E (27121) opencores.emac: no mem for receive buffer
E (27121) opencores.emac: no mem for receive buffer
E (27121) opencores.emac: no mem for receive buffer
E (27121) opencores.emac: no mem for receive buffer
E (27121) opencores.emac: no mem for receive buffer
E (27121) opencores.emac: no mem for receive buffer
E (27121) opencores.emac: no mem for receive buffer
E (27121) opencores.emac: no mem for receive buffer
E (27121) opencores.emac: no mem for receive buffer
E (27121) opencores.emac: no mem for receive buffer
E (27121) opencores.emac: no mem for receive buffer
E (27121) opencores.emac: no mem for receive buffer
E (27121) opencores.emac: no mem for receive buffer
E (27121) opencores.emac: no mem for receive buffer
E (27121) opencores.emac: no mem for receive buffer
E (27121) opencores.emac: no mem for receive buffer
E (27121) opencores.emac: no mem for receive buffer
E (27121) opencores.emac: no mem for receive buffer
E (27121) opencores.emac: no mem for receive buffer
E (27121) opencores.emac: no mem for receive buffer
E (27121) opencores.emac: no mem for receive buffer
E (27121) opencores.emac: no mem for receive buffer
E (27121) opencores.emac: no mem for receive buffer
E (27121) opencores.emac: no mem for receive buffer
E (27121) opencores.emac: no mem for receive buffer
E (27121) opencores.emac: no mem for receive buffer
E (27121) opencores.emac: no mem for receive buffer
E (27121) opencores.emac: no mem for receive buffer
E (27121) opencores.emac: no mem for receive buffer
E (27121) opencores.emac: no mem for receive buffer
E (27121) opencores.emac: no mem for receive buffer
E (27121) opencores.emac: no mem for receive buffer
E (27121) opencores.emac: no mem for receive buffer
E (27121) opencores.emac: no mem for receive buffer
E (27121) opencores.emac: no mem for receive buffer
E (27121) opencores.emac: no mem for receive buffer
E (27121) opencores.emac: no mem for receive buffer
E (27121) opencores.emac: no mem for receive buffer
E (27121) opencores.emac: no mem for receive buffer
E (27121) opencores.emac: no mem for receive buffer
E (27121) opencores.emac: no mem for receive buffer
E (27121) opencores.emac: no mem for receive buffer
E (27121) opencores.emac: no mem for receive buffer
E (27121) opencores.emac: no mem for receive buffer
E (27121) opencores.emac: no mem for receive buffer
E (27121) opencores.emac: no mem for receive buffer
E (27121) opencores.emac: no mem for receive buffer
E (27121) opencores.emac: no mem for receive buffer
E (27121) opencores.emac: no mem for receive buffer
E (27121) opencores.emac: no mem for receive buffer
E (27121) opencores.emac: no mem for receive buffer
E (27121) opencores.emac: no mem for receive buffer
E (27121) opencores.emac: no mem for receive buffer
E (27121) opencores.emac: no mem for receive buffer
E (27121) opencores.emac: no mem for receive buffer
E (27121) opencores.emac: no mem for receive buffer
E (27121) opencores.emac: no mem for receive buffer
E (27121) opencores.emac: no mem for receive buffer
E (27121) opencores.emac: no mem for receive buffer
E (27121) opencores.emac: no mem for receive buffer
E (27121) opencores.emac: no mem for receive buffer
E (27121) opencores.emac: no mem for receive buffer
E (27121) opencores.emac: no mem for receive buffer
E (27121) opencores.emac: no mem for receive buffer
E (27121) opencores.emac: no mem for receive buffer
E (27121) opencores.emac: no mem for receive buffer
E (27121) opencores.emac: no mem for receive buffer
E (27121) opencores.emac: no mem for receive buffer
E (27121) opencores.emac: no mem for receive buffer
E (27121) opencores.emac: no mem for receive buffer
E (27121) opencores.emac: no mem for receive buffer
E (27121) opencores.emac: no mem for receive buffer
E (27121) opencores.emac: no mem for receive buffer
E (27121) opencores.emac: no mem for receive buffer
E (27121) opencores.emac: no mem for receive buffer
E (27121) opencores.emac: no mem for receive buffer
E (27121) opencores.emac: no mem for receive buffer
E (27121) opencores.emac: no mem for receive buffer
E (27121) opencores.emac: no mem for receive buffer
E (27121) opencores.emac: no mem for receive buffer
E (27121) opencores.emac: no mem for receive buffer
E (27121) opencores.emac: no mem for receive buffer
E (27121) opencores.emac: no mem for receive buffer
E (27121) opencores.emac: no mem for receive buffer
E (27121) opencores.emac: no mem for receive buffer
E (27121) opencores.emac: no mem for receive buffer
E (27121) opencores.emac: no mem for receive buffer
E (27121) opencores.emac: no mem for receive buffer
E (27121) opencores.emac: no mem for receive buffer
E (27121) opencores.emac: no mem for receive buffer
E (27121) opencores.emac: no mem for receive buffer
E (27121) opencores.emac: no mem for receive buffer
E (27121) opencores.emac: no mem for receive buffer
E (27121) opencores.emac: no mem for receive buffer
E (27121) opencores.emac: no mem for receive buffer
E (27121) opencores.emac: no mem for receive buffer
E (27121) opencores.emac: no mem for receive buffer
E (27121) opencores.emac: no mem for receive buffer
E (27121) opencores.emac: no mem for receive buffer
E (27121) opencores.emac: no mem for receive buffer
E (27121) opencores.emac: no mem for receive buffer
E (27121) opencores.emac: no mem for receive buffer
E (27121) opencores.emac: no mem for receive buffer
E (27121) opencores.emac: no mem for receive buffer
E (27121) opencores.emac: no mem for receive buffer
E (27121) opencores.emac: no mem for receive buffer
E (27121) opencores.emac: no mem for receive buffer
E (27121) opencores.emac: no mem for receive buffer
E (27121) opencores.emac: no mem for receive buffer
E (27121) opencores.emac: no mem for receive buffer
E (27121) opencores.emac: no mem for receive buffer
E (27131) opencores.emac: no mem for receive buffer
E (27131) opencores.emac: no mem for receive buffer
E (27131) opencores.emac: no mem for receive buffer
E (27131) opencores.emac: no mem for receive buffer
E (27131) opencores.emac: no mem for receive buffer
E (27131) opencores.emac: no mem for receive buffer
E (27131) opencores.emac: no mem for receive buffer
E (27131) opencores.emac: no mem for receive buffer
E (27131) opencores.emac: no mem for receive buffer
E (27131) opencores.emac: no mem for receive buffer
E (27131) opencores.emac: no mem for receive buffer
E (27131) opencores.emac: no mem for receive buffer
E (27131) opencores.emac: no mem for receive buffer
E (27131) opencores.emac: no mem for receive buffer
E (27131) opencores.emac: no mem for receive buffer
E (27131) opencores.emac: no mem for receive buffer
E (27131) opencores.emac: no mem for receive buffer
E (27131) opencores.emac: no mem for receive buffer
E (27131) opencores.emac: no mem for receive buffer
E (27131) opencores.emac: no mem for receive buffer
E (27131) opencores.emac: no mem for receive buffer
E (27131) opencores.emac: no mem for receive buffer
E (27131) opencores.emac: no mem for receive buffer
E (27131) opencores.emac: no mem for receive buffer
E (27131) opencores.emac: no mem for receive buffer
E (27131) opencores.emac: no mem for receive buffer
E (27131) opencores.emac: no mem for receive buffer
E (27131) opencores.emac: no mem for receive buffer
E (27131) opencores.emac: no mem for receive buffer
E (27131) opencores.emac: no mem for receive buffer
E (27131) opencores.emac: no mem for receive buffer
E (27131) opencores.emac: no mem for receive buffer
E (27131) opencores.emac: no mem for receive buffer
E (27131) opencores.emac: no mem for receive buffer
E (27131) opencores.emac: no mem for receive buffer
E (27131) opencores.emac: no mem for receive buffer
E (27131) opencores.emac: no mem for receive buffer
E (27131) opencores.emac: no mem for receive buffer
E (27131) opencores.emac: no mem for receive buffer
E (27131) opencores.emac: no mem for receive buffer
E (27131) opencores.emac: no mem for receive buffer
E (27131) opencores.emac: no mem for receive buffer
E (27131) opencores.emac: no mem for receive buffer
E (27131) opencores.emac: no mem for receive buffer
E (27131) opencores.emac: no mem for receive buffer
E (27131) opencores.emac: no mem for receive buffer
E (27131) opencores.emac: no mem for receive buffer
E (27131) opencores.emac: no mem for receive buffer
E (27131) opencores.emac: no mem for receive buffer
E (27131) opencores.emac: no mem for receive buffer
E (27131) opencores.emac: no mem for receive buffer
E (27131) opencores.emac: no mem for receive buffer
E (27131) opencores.emac: no mem for receive buffer
E (27131) opencores.emac: no mem for receive buffer
E (27131) opencores.emac: no mem for receive buffer
E (27131) opencores.emac: no mem for receive buffer
E (27131) opencores.emac: no mem for receive buffer
E (27131) opencores.emac: no mem for receive buffer
E (27131) opencores.emac: no mem for receive buffer
E (27131) opencores.emac: no mem for receive buffer
E (27131) opencores.emac: no mem for receive buffer
E (27131) opencores.emac: no mem for receive buffer
E (27131) opencores.emac: no mem for receive buffer
E (27131) opencores.emac: no mem for receive buffer
E (27131) opencores.emac: no mem for receive buffer
E (27131) opencores.emac: no mem for receive buffer
E (27131) opencores.emac: no mem for receive buffer
E (27131) opencores.emac: no mem for receive buffer
E (27131) opencores.emac: no mem for receive buffer
E (27131) opencores.emac: no mem for receive buffer
E (27131) opencores.emac: no mem for receive buffer
E (27131) opencores.emac: no mem for receive buffer
E (27131) opencores.emac: no mem for receive buffer
E (27131) opencores.emac: no mem for receive buffer
E (27131) opencores.emac: no mem for receive buffer
E (27131) opencores.emac: no mem for receive buffer
E (27131) opencores.emac: no mem for receive buffer
E (27131) opencores.emac: no mem for receive buffer
E (27131) opencores.emac: no mem for receive buffer
E (27131) opencores.emac: no mem for receive buffer
E (27131) opencores.emac: no mem for receive buffer
E (27131) opencores.emac: no mem for receive buffer
E (27131) opencores.emac: no mem for receive buffer
E (27131) opencores.emac: no mem for receive buffer
E (27131) opencores.emac: no mem for receive buffer
E (27131) opencores.emac: no mem for receive buffer
E (27131) opencores.emac: no mem for receive buffer
E (27131) opencores.emac: no mem for receive buffer
E (27131) opencores.emac: no mem for receive buffer
E (27131) opencores.emac: no mem for receive buffer
E (27131) opencores.emac: no mem for receive buffer
E (27131) opencores.emac: no mem for receive buffer
E (27131) opencores.emac: no mem for receive buffer
E (27131) opencores.emac: no mem for receive buffer
E (27131) opencores.emac: no mem for receive buffer
E (27131) opencores.emac: no mem for receive buffer
E (27131) opencores.emac: no mem for receive buffer
E (27131) opencores.emac: no mem for receive buffer
E (27131) opencores.emac: no mem for receive buffer
E (27131) opencores.emac: no mem for receive buffer
E (27131) opencores.emac: no mem for receive buffer
E (27131) opencores.emac: no mem for receive buffer
E (27131) opencores.emac: no mem for receive buffer
E (27131) opencores.emac: no mem for receive buffer
E (27131) opencores.emac: no mem for receive buffer
E (27131) opencores.emac: no mem for receive buffer
E (27131) opencores.emac: no mem for receive buffer
E (27131) opencores.emac: no mem for receive buffer
E (27131) opencores.emac: no mem for receive buffer
E (27131) opencores.emac: no mem for receive buffer
E (27131) opencores.emac: no mem for receive buffer
E (27131) opencores.emac: no mem for receive buffer
E (27131) opencores.emac: no mem for receive buffer
E (27131) opencores.emac: no mem for receive buffer
E (27131) opencores.emac: no mem for receive buffer
E (27131) opencores.emac: no mem for receive buffer
E (27131) opencores.emac: no mem for receive buffer
E (27131) opencores.emac: no mem for receive buffer
E (27131) opencores.emac: no mem for receive buffer
E (27131) opencores.emac: no mem for receive buffer
E (27131) opencores.emac: no mem for receive buffer
E (27131) opencores.emac: no mem for receive buffer
E (27141) opencores.emac: no mem for receive buffer
E (27141) opencores.emac: no mem for receive buffer
E (27141) opencores.emac: no mem for receive buffer
E (27141) opencores.emac: no mem for receive buffer
E (27141) opencores.emac: no mem for receive buffer
E (27141) opencores.emac: no mem for receive buffer
E (27141) opencores.emac: no mem for receive buffer
E (27141) opencores.emac: no mem for receive buffer
E (27141) opencores.emac: no mem for receive buffer
E (27141) opencores.emac: no mem for receive buffer
E (27141) opencores.emac: no mem for receive buffer
E (27141) opencores.emac: no mem for receive buffer
E (27141) opencores.emac: no mem for receive buffer
E (27141) opencores.emac: no mem for receive buffer
E (27141) opencores.emac: no mem for receive buffer
E (27141) opencores.emac: no mem for receive buffer
E (27141) opencores.emac: no mem for receive buffer
E (27141) opencores.emac: no mem for receive buffer
E (27141) opencores.emac: no mem for receive buffer
E (27141) opencores.emac: no mem for receive buffer
E (27141) opencores.emac: no mem for receive buffer
E (27141) opencores.emac: no mem for receive buffer
E (27141) opencores.emac: no mem for receive buffer
E (27141) opencores.emac: no mem for receive buffer
E (27141) opencores.emac: no mem for receive buffer
E (27141) opencores.emac: no mem for receive buffer
E (27141) opencores.emac: no mem for receive buffer
E (27141) opencores.emac: no mem for receive buffer
E (27141) opencores.emac: no mem for receive buffer
E (27141) opencores.emac: no mem for receive buffer
E (27141) opencores.emac: no mem for receive buffer
E (27141) opencores.emac: no mem for receive buffer
E (27141) opencores.emac: no mem for receive buffer
E (27141) opencores.emac: no mem for receive buffer
E (27141) opencores.emac: no mem for receive buffer
E (27141) opencores.emac: no mem for receive buffer
E (27141) opencores.emac: no mem for receive buffer
E (27141) opencores.emac: no mem for receive buffer
E (27141) opencores.emac: no mem for receive buffer
E (27141) opencores.emac: no mem for receive buffer
E (27141) opencores.emac: no mem for receive buffer
E (27141) opencores.emac: no mem for receive buffer
E (27141) opencores.emac: no mem for receive buffer
E (27141) opencores.emac: no mem for receive buffer
E (27141) opencores.emac: no mem for receive buffer
E (27141) opencores.emac: no mem for receive buffer
E (27141) opencores.emac: no mem for receive buffer
E (27141) opencores.emac: no mem for receive buffer
E (27141) opencores.emac: no mem for receive buffer
E (27141) opencores.emac: no mem for receive buffer
E (27141) opencores.emac: no mem for receive buffer
E (27141) opencores.emac: no mem for receive buffer
E (27141) opencores.emac: no mem for receive buffer
E (27141) opencores.emac: no mem for receive buffer
E (27141) opencores.emac: no mem for receive buffer
E (27141) opencores.emac: no mem for receive buffer
E (27141) opencores.emac: no mem for receive buffer
E (27141) opencores.emac: no mem for receive buffer
E (27141) opencores.emac: no mem for receive buffer
E (27141) opencores.emac: no mem for receive buffer
E (27141) opencores.emac: no mem for receive buffer
E (27141) opencores.emac: no mem for receive buffer
E (27141) opencores.emac: no mem for receive buffer
E (27141) opencores.emac: no mem for receive buffer
E (27141) opencores.emac: no mem for receive buffer
E (27141) opencores.emac: no mem for receive buffer
E (27141) opencores.emac: no mem for receive buffer
E (27141) opencores.emac: no mem for receive buffer
E (27141) opencores.emac: no mem for receive buffer
E (27141) opencores.emac: no mem for receive buffer
E (27141) opencores.emac: no mem for receive buffer
E (27141) opencores.emac: no mem for receive buffer
E (27141) opencores.emac: no mem for receive buffer
E (27141) opencores.emac: no mem for receive buffer
E (27141) opencores.emac: no mem for receive buffer
E (27141) opencores.emac: no mem for receive buffer
E (27141) opencores.emac: no mem for receive buffer
E (27141) opencores.emac: no mem for receive buffer
E (27141) opencores.emac: no mem for receive buffer
E (27141) opencores.emac: no mem for receive buffer
E (27141) opencores.emac: no mem for receive buffer
E (27141) opencores.emac: no mem for receive buffer
E (27141) opencores.emac: no mem for receive buffer
E (27141) opencores.emac: no mem for receive buffer
E (27141) opencores.emac: no mem for receive buffer
E (27141) opencores.emac: no mem for receive buffer
E (27141) opencores.emac: no mem for receive buffer
E (27141) opencores.emac: no mem for receive buffer
E (27141) opencores.emac: no mem for receive buffer
E (27141) opencores.emac: no mem for receive buffer
E (27141) opencores.emac: no mem for receive buffer
E (27141) opencores.emac: no mem for receive buffer
E (27141) opencores.emac: no mem for receive buffer
E (27141) opencores.emac: no mem for receive buffer
E (27141) opencores.emac: no mem for receive buffer
E (27141) opencores.emac: no mem for receive buffer
E (27141) opencores.emac: no mem for receive buffer
E (27141) opencores.emac: no mem for receive buffer
E (27141) opencores.emac: no mem for receive buffer
E (27141) opencores.emac: no mem for receive buffer
E (27141) opencores.emac: no mem for receive buffer
E (27141) opencores.emac: no mem for receive buffer
E (27141) opencores.emac: no mem for receive buffer
E (27141) opencores.emac: no mem for receive buffer
E (27141) opencores.emac: no mem for receive buffer
E (27141) opencores.emac: no mem for receive buffer
E (27141) opencores.emac: no mem for receive buffer
E (27141) opencores.emac: no mem for receive buffer
E (27141) opencores.emac: no mem for receive buffer
E (27141) opencores.emac: no mem for receive buffer
E (27141) opencores.emac: no mem for receive buffer
E (27141) opencores.emac: no mem for receive buffer
E (27141) opencores.emac: no mem for receive buffer
E (27141) opencores.emac: no mem for receive buffer
E (27141) opencores.emac: no mem for receive buffer
E (27141) opencores.emac: no mem for receive buffer
E (27141) opencores.emac: no mem for receive buffer
E (27141) opencores.emac: no mem for receive buffer
E (27141) opencores.emac: no mem for receive buffer
E (27141) opencores.emac: no mem for receive buffer
E (27141) opencores.emac: no mem for receive buffer
E (27141) opencores.emac: no mem for receive buffer
E (27141) opencores.emac: no mem for receive buffer
E (27141) opencores.emac: no mem for receive buffer
E (27141) opencores.emac: no mem for receive buffer
E (27141) opencores.emac: no mem for receive buffer
E (27141) opencores.emac: no mem for receive buffer
E (27151) opencores.emac: no mem for receive buffer
E (27151) opencores.emac: no mem for receive buffer
E (27151) opencores.emac: no mem for receive buffer
E (27151) opencores.emac: no mem for receive buffer
E (27151) opencores.emac: no mem for receive buffer
E (27151) opencores.emac: no mem for receive buffer
E (27151) opencores.emac: no mem for receive buffer
E (27151) opencores.emac: no mem for receive buffer
E (27151) opencores.emac: no mem for receive buffer
E (27151) opencores.emac: no mem for receive buffer
E (27151) opencores.emac: no mem for receive buffer
E (27151) opencores.emac: no mem for receive buffer
E (27151) opencores.emac: no mem for receive buffer
E (27151) opencores.emac: no mem for receive buffer
E (27151) opencores.emac: no mem for receive buffer
E (27151) opencores.emac: no mem for receive buffer
E (27151) opencores.emac: no mem for receive buffer
E (27151) opencores.emac: no mem for receive buffer
E (27151) opencores.emac: no mem for receive buffer
E (27151) opencores.emac: no mem for receive buffer
E (27151) opencores.emac: no mem for receive buffer
E (27151) opencores.emac: no mem for receive buffer
E (27151) opencores.emac: no mem for receive buffer
E (27151) opencores.emac: no mem for receive buffer
E (27151) opencores.emac: no mem for receive buffer
E (27151) opencores.emac: no mem for receive buffer
E (27151) opencores.emac: no mem for receive buffer
E (27151) opencores.emac: no mem for receive buffer
E (27151) opencores.emac: no mem for receive buffer
E (27151) opencores.emac: no mem for receive buffer
E (27151) opencores.emac: no mem for receive buffer
E (27151) opencores.emac: no mem for receive buffer
E (27151) opencores.emac: no mem for receive buffer
E (27151) opencores.emac: no mem for receive buffer
E (27151) opencores.emac: no mem for receive buffer
E (27151) opencores.emac: no mem for receive buffer
E (27151) opencores.emac: no mem for receive buffer
E (27151) opencores.emac: no mem for receive buffer
E (27151) opencores.emac: no mem for receive buffer
E (27151) opencores.emac: no mem for receive buffer
E (27151) opencores.emac: no mem for receive buffer
E (27151) opencores.emac: no mem for receive buffer
E (27151) opencores.emac: no mem for receive buffer
E (27151) opencores.emac: no mem for receive buffer
E (27151) opencores.emac: no mem for receive buffer
E (27151) opencores.emac: no mem for receive buffer
E (27151) opencores.emac: no mem for receive buffer
E (27151) opencores.emac: no mem for receive buffer
E (27151) opencores.emac: no mem for receive buffer
E (27151) opencores.emac: no mem for receive buffer
E (27151) opencores.emac: no mem for receive buffer
E (27151) opencores.emac: no mem for receive buffer
E (27151) opencores.emac: no mem for receive buffer
E (27151) opencores.emac: no mem for receive buffer
E (27151) opencores.emac: no mem for receive buffer
E (27151) opencores.emac: no mem for receive buffer
E (27151) opencores.emac: no mem for receive buffer
E (27151) opencores.emac: no mem for receive buffer
E (27151) opencores.emac: no mem for receive buffer
E (27151) opencores.emac: no mem for receive buffer
E (27151) opencores.emac: no mem for receive buffer
E (27151) opencores.emac: no mem for receive buffer
E (27151) opencores.emac: no mem for receive buffer
E (27151) opencores.emac: no mem for receive buffer
E (27151) opencores.emac: no mem for receive buffer
E (27151) opencores.emac: no mem for receive buffer
E (27151) opencores.emac: no mem for receive buffer
E (27151) opencores.emac: no mem for receive buffer
E (27151) opencores.emac: no mem for receive buffer
E (27151) opencores.emac: no mem for receive buffer
E (27151) opencores.emac: no mem for receive buffer
E (27151) opencores.emac: no mem for receive buffer
E (27151) opencores.emac: no mem for receive buffer
E (27151) opencores.emac: no mem for receive buffer
E (27151) opencores.emac: no mem for receive buffer
E (27151) opencores.emac: no mem for receive buffer
E (27151) opencores.emac: no mem for receive buffer
E (27151) opencores.emac: no mem for receive buffer
E (27151) opencores.emac: no mem for receive buffer
E (27151) opencores.emac: no mem for receive buffer
E (27151) opencores.emac: no mem for receive buffer
E (27151) opencores.emac: no mem for receive buffer
E (27151) opencores.emac: no mem for receive buffer
E (27151) opencores.emac: no mem for receive buffer
E (27151) opencores.emac: no mem for receive buffer
E (27151) opencores.emac: no mem for receive buffer
E (27151) opencores.emac: no mem for receive buffer
E (27151) opencores.emac: no mem for receive buffer
E (27151) opencores.emac: no mem for receive buffer
E (27151) opencores.emac: no mem for receive buffer
E (27151) opencores.emac: no mem for receive buffer
E (27151) opencores.emac: no mem for receive buffer
E (27151) opencores.emac: no mem for receive buffer
E (27151) opencores.emac: no mem for receive buffer
E (27151) opencores.emac: no mem for receive buffer
E (27151) opencores.emac: no mem for receive buffer
E (27151) opencores.emac: no mem for receive buffer
E (27151) opencores.emac: no mem for receive buffer
E (27151) opencores.emac: no mem for receive buffer
E (27151) opencores.emac: no mem for receive buffer
E (27151) opencores.emac: no mem for receive buffer
E (27151) opencores.emac: no mem for receive buffer
E (27151) opencores.emac: no mem for receive buffer
E (27151) opencores.emac: no mem for receive buffer
E (27151) opencores.emac: no mem for receive buffer
E (27151) opencores.emac: no mem for receive buffer
E (27151) opencores.emac: no mem for receive buffer
E (27151) opencores.emac: no mem for receive buffer
E (27151) opencores.emac: no mem for receive buffer
E (27151) opencores.emac: no mem for receive buffer
E (27151) opencores.emac: no mem for receive buffer
E (27151) opencores.emac: no mem for receive buffer
E (27151) opencores.emac: no mem for receive buffer
E (27151) opencores.emac: no mem for receive buffer
E (27151) opencores.emac: no mem for receive buffer
E (27151) opencores.emac: no mem for receive buffer
E (27151) opencores.emac: no mem for receive buffer
E (27151) opencores.emac: no mem for receive buffer
E (27151) opencores.emac: no mem for receive buffer
E (27151) opencores.emac: no mem for receive buffer
E (27151) opencores.emac: no mem for receive buffer
E (27151) opencores.emac: no mem for receive buffer
E (27151) opencores.emac: no mem for receive buffer
E (27151) opencores.emac: no mem for receive buffer
E (27151) opencores.emac: no mem for receive buffer
E (27161) opencores.emac: no mem for receive buffer
E (27161) opencores.emac: no mem for receive buffer
E (27161) opencores.emac: no mem for receive buffer
E (27161) opencores.emac: no mem for receive buffer
E (27161) opencores.emac: no mem for receive buffer
E (27161) opencores.emac: no mem for receive buffer
E (27161) opencores.emac: no mem for receive buffer
E (27161) opencores.emac: no mem for receive buffer
E (27161) opencores.emac: no mem for receive buffer
E (27161) opencores.emac: no mem for receive buffer
E (27161) opencores.emac: no mem for receive buffer
E (27161) opencores.emac: no mem for receive buffer
E (27161) opencores.emac: no mem for receive buffer
E (27161) opencores.emac: no mem for receive buffer
E (27161) opencores.emac: no mem for receive buffer
E (27161) opencores.emac: no mem for receive buffer
E (27161) opencores.emac: no mem for receive buffer
E (27161) opencores.emac: no mem for receive buffer
E (27161) opencores.emac: no mem for receive buffer
E (27161) opencores.emac: no mem for receive buffer
E (27161) opencores.emac: no mem for receive buffer
E (27161) opencores.emac: no mem for receive buffer
E (27161) opencores.emac: no mem for receive buffer
E (27161) opencores.emac: no mem for receive buffer
E (27161) opencores.emac: no mem for receive buffer
E (27161) opencores.emac: no mem for receive buffer
E (27161) opencores.emac: no mem for receive buffer
E (27161) opencores.emac: no mem for receive buffer
E (27161) opencores.emac: no mem for receive buffer
E (27161) opencores.emac: no mem for receive buffer
E (27161) opencores.emac: no mem for receive buffer
E (27161) opencores.emac: no mem for receive buffer
E (27161) opencores.emac: no mem for receive buffer
E (27161) opencores.emac: no mem for receive buffer
E (27161) opencores.emac: no mem for receive buffer
E (27161) opencores.emac: no mem for receive buffer
E (27161) opencores.emac: no mem for receive buffer
E (27161) opencores.emac: no mem for receive buffer
E (27161) opencores.emac: no mem for receive buffer
E (27161) opencores.emac: no mem for receive buffer
E (27161) opencores.emac: no mem for receive buffer
E (27161) opencores.emac: no mem for receive buffer
E (27161) opencores.emac: no mem for receive buffer
E (27161) opencores.emac: no mem for receive buffer
E (27161) opencores.emac: no mem for receive buffer
E (27161) opencores.emac: no mem for receive buffer
E (27161) opencores.emac: no mem for receive buffer
E (27161) opencores.emac: no mem for receive buffer
E (27161) opencores.emac: no mem for receive buffer
E (27161) opencores.emac: no mem for receive buffer
E (27161) opencores.emac: no mem for receive buffer
E (27161) opencores.emac: no mem for receive buffer
E (27161) opencores.emac: no mem for receive buffer
E (27161) opencores.emac: no mem for receive buffer
E (27161) opencores.emac: no mem for receive buffer
E (27161) opencores.emac: no mem for receive buffer
E (27161) opencores.emac: no mem for receive buffer
E (27161) opencores.emac: no mem for receive buffer
E (27161) opencores.emac: no mem for receive buffer
E (27161) opencores.emac: no mem for receive buffer
E (27161) opencores.emac: no mem for receive buffer
E (27161) opencores.emac: no mem for receive buffer
E (27161) opencores.emac: no mem for receive buffer
E (27161) opencores.emac: no mem for receive buffer
E (27161) opencores.emac: no mem for receive buffer
E (27161) opencores.emac: no mem for receive buffer
E (27161) opencores.emac: no mem for receive buffer
E (27161) opencores.emac: no mem for receive buffer
E (27161) opencores.emac: no mem for receive buffer
E (27161) opencores.emac: no mem for receive buffer
E (27161) opencores.emac: no mem for receive buffer
E (27161) opencores.emac: no mem for receive buffer
E (27161) opencores.emac: no mem for receive buffer
E (27161) opencores.emac: no mem for receive buffer
E (27161) opencores.emac: no mem for receive buffer
E (27161) opencores.emac: no mem for receive buffer
E (27161) opencores.emac: no mem for receive buffer
E (27161) opencores.emac: no mem for receive buffer
E (27161) opencores.emac: no mem for receive buffer
E (27161) opencores.emac: no mem for receive buffer
E (27161) opencores.emac: no mem for receive buffer
E (27161) opencores.emac: no mem for receive buffer
E (27161) opencores.emac: no mem for receive buffer
E (27161) opencores.emac: no mem for receive buffer
E (27161) opencores.emac: no mem for receive buffer
E (27161) opencores.emac: no mem for receive buffer
E (27161) opencores.emac: no mem for receive buffer
E (27161) opencores.emac: no mem for receive buffer
E (27161) opencores.emac: no mem for receive buffer
E (27161) opencores.emac: no mem for receive buffer
E (27161) opencores.emac: no mem for receive buffer
E (27161) opencores.emac: no mem for receive buffer
E (27161) opencores.emac: no mem for receive buffer
E (27161) opencores.emac: no mem for receive buffer
E (27161) opencores.emac: no mem for receive buffer
E (27161) opencores.emac: no mem for receive buffer
E (27161) opencores.emac: no mem for receive buffer
E (27161) opencores.emac: no mem for receive buffer
E (27161) opencores.emac: no mem for receive buffer
E (27161) opencores.emac: no mem for receive buffer
E (27161) opencores.emac: no mem for receive buffer
E (27161) opencores.emac: no mem for receive buffer
E (27161) opencores.emac: no mem for receive buffer
E (27161) opencores.emac: no mem for receive buffer
E (27161) opencores.emac: no mem for receive buffer
E (27161) opencores.emac: no mem for receive buffer
E (27161) opencores.emac: no mem for receive buffer
E (27161) opencores.emac: no mem for receive buffer
E (27161) opencores.emac: no mem for receive buffer
E (27161) opencores.emac: no mem for receive buffer
E (27161) opencores.emac: no mem for receive buffer
E (27161) opencores.emac: no mem for receive buffer
E (27161) opencores.emac: no mem for receive buffer
E (27161) opencores.emac: no mem for receive buffer
E (27161) opencores.emac: no mem for receive buffer
E (27161) opencores.emac: no mem for receive buffer
E (27161) opencores.emac: no mem for receive buffer
E (27161) opencores.emac: no mem for receive buffer
E (27161) opencores.emac: no mem for receive buffer
E (27161) opencores.emac: no mem for receive buffer
E (27161) opencores.emac: no mem for receive buffer
E (27161) opencores.emac: no mem for receive buffer
E (27161) opencores.emac: no mem for receive buffer
E (27161) opencores.emac: no mem for receive buffer
E (27161) opencores.emac: no mem for receive buffer
E (27171) opencores.emac: no mem for receive buffer
E (27171) opencores.emac: no mem for receive buffer
E (27171) opencores.emac: no mem for receive buffer
E (27171) opencores.emac: no mem for receive buffer
E (27171) opencores.emac: no mem for receive buffer
E (27171) opencores.emac: no mem for receive buffer
E (27171) opencores.emac: no mem for receive buffer
E (27171) opencores.emac: no mem for receive buffer
E (27171) opencores.emac: no mem for receive buffer
E (27171) opencores.emac: no mem for receive buffer
E (27171) opencores.emac: no mem for receive buffer
E (27171) opencores.emac: no mem for receive buffer
E (27171) opencores.emac: no mem for receive buffer
E (27171) opencores.emac: no mem for receive buffer
E (27171) opencores.emac: no mem for receive buffer
E (27171) opencores.emac: no mem for receive buffer
E (27171) opencores.emac: no mem for receive buffer
E (27171) opencores.emac: no mem for receive buffer
E (27171) opencores.emac: no mem for receive buffer
E (27171) opencores.emac: no mem for receive buffer
E (27171) opencores.emac: no mem for receive buffer
E (27171) opencores.emac: no mem for receive buffer
E (27171) opencores.emac: no mem for receive buffer
E (27171) opencores.emac: no mem for receive buffer
E (27171) opencores.emac: no mem for receive buffer
E (27171) opencores.emac: no mem for receive buffer
E (27171) opencores.emac: no mem for receive buffer
E (27171) opencores.emac: no mem for receive buffer
E (27171) opencores.emac: no mem for receive buffer
E (27171) opencores.emac: no mem for receive buffer
E (27171) opencores.emac: no mem for receive buffer
E (27171) opencores.emac: no mem for receive buffer
E (27171) opencores.emac: no mem for receive buffer
E (27171) opencores.emac: no mem for receive buffer
E (27171) opencores.emac: no mem for receive buffer
E (27171) opencores.emac: no mem for receive buffer
E (27171) opencores.emac: no mem for receive buffer
E (27171) opencores.emac: no mem for receive buffer
E (27171) opencores.emac: no mem for receive buffer
E (27171) opencores.emac: no mem for receive buffer
E (27171) opencores.emac: no mem for receive buffer
E (27171) opencores.emac: no mem for receive buffer
E (27171) opencores.emac: no mem for receive buffer
E (27171) opencores.emac: no mem for receive buffer
E (27171) opencores.emac: no mem for receive buffer
E (27171) opencores.emac: no mem for receive buffer
E (27171) opencores.emac: no mem for receive buffer
E (27171) opencores.emac: no mem for receive buffer
E (27171) opencores.emac: no mem for receive buffer
E (27171) opencores.emac: no mem for receive buffer
E (27171) opencores.emac: no mem for receive buffer
E (27171) opencores.emac: no mem for receive buffer
E (27171) opencores.emac: no mem for receive buffer
E (27171) opencores.emac: no mem for receive buffer
E (27171) opencores.emac: no mem for receive buffer
E (27171) opencores.emac: no mem for receive buffer
E (27171) opencores.emac: no mem for receive buffer
E (27171) opencores.emac: no mem for receive buffer
E (27171) opencores.emac: no mem for receive buffer
E (27171) opencores.emac: no mem for receive buffer
E (27171) opencores.emac: no mem for receive buffer
E (27171) opencores.emac: no mem for receive buffer
E (27171) opencores.emac: no mem for receive buffer
E (27171) opencores.emac: no mem for receive buffer
E (27171) opencores.emac: no mem for receive buffer
E (27171) opencores.emac: no mem for receive buffer
E (27171) opencores.emac: no mem for receive buffer
E (27171) opencores.emac: no mem for receive buffer
E (27171) opencores.emac: no mem for receive buffer
E (27171) opencores.emac: no mem for receive buffer
E (27171) opencores.emac: no mem for receive buffer
E (27171) opencores.emac: no mem for receive buffer
E (27171) opencores.emac: no mem for receive buffer
E (27171) opencores.emac: no mem for receive buffer
E (27171) opencores.emac: no mem for receive buffer
E (27171) opencores.emac: no mem for receive buffer
E (27171) opencores.emac: no mem for receive buffer
E (27171) opencores.emac: no mem for receive buffer
E (27171) opencores.emac: no mem for receive buffer
E (27171) opencores.emac: no mem for receive buffer
E (27171) opencores.emac: no mem for receive buffer
E (27171) opencores.emac: no mem for receive buffer
E (27171) opencores.emac: no mem for receive buffer
E (27171) opencores.emac: no mem for receive buffer
E (27171) opencores.emac: no mem for receive buffer
E (27171) opencores.emac: no mem for receive buffer
E (27171) opencores.emac: no mem for receive buffer
E (27171) opencores.emac: no mem for receive buffer
E (27171) opencores.emac: no mem for receive buffer
E (27171) opencores.emac: no mem for receive buffer
E (27171) opencores.emac: no mem for receive buffer
E (27171) opencores.emac: no mem for receive buffer
E (27171) opencores.emac: no mem for receive buffer
E (27171) opencores.emac: no mem for receive buffer
E (27171) opencores.emac: no mem for receive buffer
E (27171) opencores.emac: no mem for receive buffer
E (27171) opencores.emac: no mem for receive buffer
E (27171) opencores.emac: no mem for receive buffer
E (27171) opencores.emac: no mem for receive buffer
E (27171) opencores.emac: no mem for receive buffer
E (27171) opencores.emac: no mem for receive buffer
E (27171) opencores.emac: no mem for receive buffer
E (27171) opencores.emac: no mem for receive buffer
E (27171) opencores.emac: no mem for receive buffer
E (27171) opencores.emac: no mem for receive buffer
E (27171) opencores.emac: no mem for receive buffer
E (27171) opencores.emac: no mem for receive buffer
E (27171) opencores.emac: no mem for receive buffer
E (27171) opencores.emac: no mem for receive buffer
E (27171) opencores.emac: no mem for receive buffer
E (27171) opencores.emac: no mem for receive buffer
E (27171) opencores.emac: no mem for receive buffer
E (27171) opencores.emac: no mem for receive buffer
E (27171) opencores.emac: no mem for receive buffer
E (27171) opencores.emac: no mem for receive buffer
E (27171) opencores.emac: no mem for receive buffer
E (27171) opencores.emac: no mem for receive buffer
E (27171) opencores.emac: no mem for receive buffer
E (27171) opencores.emac: no mem for receive buffer
E (27171) opencores.emac: no mem for receive buffer
E (27171) opencores.emac: no mem for receive buffer
E (27171) opencores.emac: no mem for receive buffer
E (27171) opencores.emac: no mem for receive buffer
E (27171) opencores.emac: no mem for receive buffer
E (27171) opencores.emac: no mem for receive buffer
E (27171) opencores.emac: no mem for receive buffer
E (27171) opencores.emac: no mem for receive buffer
E (27171) opencores.emac: no mem for receive buffer
E (27181) opencores.emac: no mem for receive buffer
E (27181) opencores.emac: no mem for receive buffer
E (27181) opencores.emac: no mem for receive buffer
E (27181) opencores.emac: no mem for receive buffer
E (27181) opencores.emac: no mem for receive buffer
E (27181) opencores.emac: no mem for receive buffer
E (27181) opencores.emac: no mem for receive buffer
E (27181) opencores.emac: no mem for receive buffer
E (27181) opencores.emac: no mem for receive buffer
E (27181) opencores.emac: no mem for receive buffer
E (27181) opencores.emac: no mem for receive buffer
E (27181) opencores.emac: no mem for receive buffer
E (27181) opencores.emac: no mem for receive buffer
E (27181) opencores.emac: no mem for receive buffer
E (27181) opencores.emac: no mem for receive buffer
E (27181) opencores.emac: no mem for receive buffer
E (27181) opencores.emac: no mem for receive buffer
E (27181) opencores.emac: no mem for receive buffer
E (27181) opencores.emac: no mem for receive buffer
E (27181) opencores.emac: no mem for receive buffer
E (27181) opencores.emac: no mem for receive buffer
E (27181) opencores.emac: no mem for receive buffer
E (27181) opencores.emac: no mem for receive buffer
E (27181) opencores.emac: no mem for receive buffer
E (27181) opencores.emac: no mem for receive buffer
E (27181) opencores.emac: no mem for receive buffer
E (27181) opencores.emac: no mem for receive buffer
E (27181) opencores.emac: no mem for receive buffer
E (27181) opencores.emac: no mem for receive buffer
E (27181) opencores.emac: no mem for receive buffer
E (27181) opencores.emac: no mem for receive buffer
E (27181) opencores.emac: no mem for receive buffer
E (27181) opencores.emac: no mem for receive buffer
E (27181) opencores.emac: no mem for receive buffer
E (27181) opencores.emac: no mem for receive buffer
E (27181) opencores.emac: no mem for receive buffer
E (27181) opencores.emac: no mem for receive buffer
E (27181) opencores.emac: no mem for receive buffer
E (27181) opencores.emac: no mem for receive buffer
E (27181) opencores.emac: no mem for receive buffer
E (27181) opencores.emac: no mem for receive buffer
E (27181) opencores.emac: no mem for receive buffer
E (27181) opencores.emac: no mem for receive buffer
E (27181) opencores.emac: no mem for receive buffer
E (27181) opencores.emac: no mem for receive buffer
E (27181) opencores.emac: no mem for receive buffer
E (27181) opencores.emac: no mem for receive buffer
E (27181) opencores.emac: no mem for receive buffer
E (27181) opencores.emac: no mem for receive buffer
E (27181) opencores.emac: no mem for receive buffer
E (27181) opencores.emac: no mem for receive buffer
E (27181) opencores.emac: no mem for receive buffer
E (27181) opencores.emac: no mem for receive buffer
E (27181) opencores.emac: no mem for receive buffer
E (27181) opencores.emac: no mem for receive buffer
E (27181) opencores.emac: no mem for receive buffer
E (27181) opencores.emac: no mem for receive buffer
E (27181) opencores.emac: no mem for receive buffer
E (27181) opencores.emac: no mem for receive buffer
E (27181) opencores.emac: no mem for receive buffer
E (27181) opencores.emac: no mem for receive buffer
E (27181) opencores.emac: no mem for receive buffer
E (27181) opencores.emac: no mem for receive buffer
E (27181) opencores.emac: no mem for receive buffer
E (27181) opencores.emac: no mem for receive buffer
E (27181) opencores.emac: no mem for receive buffer
E (27181) opencores.emac: no mem for receive buffer
E (27181) opencores.emac: no mem for receive buffer
E (27181) opencores.emac: no mem for receive buffer
E (27181) opencores.emac: no mem for receive buffer
E (27181) opencores.emac: no mem for receive buffer
E (27181) opencores.emac: no mem for receive buffer
E (27181) opencores.emac: no mem for receive buffer
E (27181) opencores.emac: no mem for receive buffer
E (27181) opencores.emac: no mem for receive buffer
E (27181) opencores.emac: no mem for receive buffer
E (27181) opencores.emac: no mem for receive buffer
E (27181) opencores.emac: no mem for receive buffer
E (27181) opencores.emac: no mem for receive buffer
E (27181) opencores.emac: no mem for receive buffer
E (27181) opencores.emac: no mem for receive buffer
E (27181) opencores.emac: no mem for receive buffer
E (27181) opencores.emac: no mem for receive buffer
E (27181) opencores.emac: no mem for receive buffer
E (27181) opencores.emac: no mem for receive buffer
E (27181) opencores.emac: no mem for receive buffer
E (27181) opencores.emac: no mem for receive buffer
E (27181) opencores.emac: no mem for receive buffer
E (27181) opencores.emac: no mem for receive buffer
E (27181) opencores.emac: no mem for receive buffer
E (27181) opencores.emac: no mem for receive buffer
E (27181) opencores.emac: no mem for receive buffer
E (27181) opencores.emac: no mem for receive buffer
E (27181) opencores.emac: no mem for receive buffer
E (27181) opencores.emac: no mem for receive buffer
E (27181) opencores.emac: no mem for receive buffer
E (27181) opencores.emac: no mem for receive buffer
E (27181) opencores.emac: no mem for receive buffer
E (27181) opencores.emac: no mem for receive buffer
E (27181) opencores.emac: no mem for receive buffer
E (27181) opencores.emac: no mem for receive buffer
E (27181) opencores.emac: no mem for receive buffer
E (27181) opencores.emac: no mem for receive buffer
E (27181) opencores.emac: no mem for receive buffer
E (27181) opencores.emac: no mem for receive buffer
E (27181) opencores.emac: no mem for receive buffer
E (27181) opencores.emac: no mem for receive buffer
E (27181) opencores.emac: no mem for receive buffer
E (27181) opencores.emac: no mem for receive buffer
E (27181) opencores.emac: no mem for receive buffer
E (27181) opencores.emac: no mem for receive buffer
E (27181) opencores.emac: no mem for receive buffer
E (27181) opencores.emac: no mem for receive buffer
E (27181) opencores.emac: no mem for receive buffer
E (27181) opencores.emac: no mem for receive buffer
E (27181) opencores.emac: no mem for receive buffer
E (27181) opencores.emac: no mem for receive buffer
E (27181) opencores.emac: no mem for receive buffer
E (27181) opencores.emac: no mem for receive buffer
E (27181) opencores.emac: no mem for receive buffer
E (27181) opencores.emac: no mem for receive buffer
E (27181) opencores.emac: no mem for receive buffer
E (27181) opencores.emac: no mem for receive buffer
E (27181) opencores.emac: no mem for receive buffer
E (27181) opencores.emac: no mem for receive buffer
E (27181) opencores.emac: no mem for receive buffer
E (27181) opencores.emac: no mem for receive buffer
E (27191) opencores.emac: no mem for receive buffer
E (27191) opencores.emac: no mem for receive buffer
E (27191) opencores.emac: no mem for receive buffer
E (27191) opencores.emac: no mem for receive buffer
E (27191) opencores.emac: no mem for receive buffer
E (27191) opencores.emac: no mem for receive buffer
E (27191) opencores.emac: no mem for receive buffer
E (27191) opencores.emac: no mem for receive buffer
E (27191) opencores.emac: no mem for receive buffer
E (27191) opencores.emac: no mem for receive buffer
E (27191) opencores.emac: no mem for receive buffer
E (27191) opencores.emac: no mem for receive buffer
E (27191) opencores.emac: no mem for receive buffer
E (27191) opencores.emac: no mem for receive buffer
E (27191) opencores.emac: no mem for receive buffer
E (27191) opencores.emac: no mem for receive buffer
E (27191) opencores.emac: no mem for receive buffer
E (27191) opencores.emac: no mem for receive buffer
E (27191) opencores.emac: no mem for receive buffer
E (27191) opencores.emac: no mem for receive buffer
E (27191) opencores.emac: no mem for receive buffer
E (27191) opencores.emac: no mem for receive buffer
E (27191) opencores.emac: no mem for receive buffer
E (27191) opencores.emac: no mem for receive buffer
E (27191) opencores.emac: no mem for receive buffer
E (27191) opencores.emac: no mem for receive buffer
E (27191) opencores.emac: no mem for receive buffer
E (27191) opencores.emac: no mem for receive buffer
E (27191) opencores.emac: no mem for receive buffer
E (27191) opencores.emac: no mem for receive buffer
E (27191) opencores.emac: no mem for receive buffer
E (27191) opencores.emac: no mem for receive buffer
E (27191) opencores.emac: no mem for receive buffer
E (27191) opencores.emac: no mem for receive buffer
E (27191) opencores.emac: no mem for receive buffer
E (27191) opencores.emac: no mem for receive buffer
E (27191) opencores.emac: no mem for receive buffer
E (27191) opencores.emac: no mem for receive buffer
E (27191) opencores.emac: no mem for receive buffer
E (27191) opencores.emac: no mem for receive buffer
E (27191) opencores.emac: no mem for receive buffer
E (27191) opencores.emac: no mem for receive buffer
E (27191) opencores.emac: no mem for receive buffer
E (27191) opencores.emac: no mem for receive buffer
E (27191) opencores.emac: no mem for receive buffer
E (27191) opencores.emac: no mem for receive buffer
E (27191) opencores.emac: no mem for receive buffer
E (27191) opencores.emac: no mem for receive buffer
E (27191) opencores.emac: no mem for receive buffer
E (27191) opencores.emac: no mem for receive buffer
E (27191) opencores.emac: no mem for receive buffer
E (27191) opencores.emac: no mem for receive buffer
E (27191) opencores.emac: no mem for receive buffer
E (27191) opencores.emac: no mem for receive buffer
E (27191) opencores.emac: no mem for receive buffer
E (27191) opencores.emac: no mem for receive buffer
E (27191) opencores.emac: no mem for receive buffer
E (27191) opencores.emac: no mem for receive buffer
E (27191) opencores.emac: no mem for receive buffer
E (27191) opencores.emac: no mem for receive buffer
E (27191) opencores.emac: no mem for receive buffer
E (27191) opencores.emac: no mem for receive buffer
E (27191) opencores.emac: no mem for receive buffer
E (27191) opencores.emac: no mem for receive buffer
E (27191) opencores.emac: no mem for receive buffer
E (27191) opencores.emac: no mem for receive buffer
E (27191) opencores.emac: no mem for receive buffer
E (27191) opencores.emac: no mem for receive buffer
E (27191) opencores.emac: no mem for receive buffer
E (27191) opencores.emac: no mem for receive buffer
E (27191) opencores.emac: no mem for receive buffer
E (27191) opencores.emac: no mem for receive buffer
E (27191) opencores.emac: no mem for receive buffer
E (27191) opencores.emac: no mem for receive buffer
E (27191) opencores.emac: no mem for receive buffer
E (27191) opencores.emac: no mem for receive buffer
E (27191) opencores.emac: no mem for receive buffer
E (27191) opencores.emac: no mem for receive buffer
E (27191) opencores.emac: no mem for receive buffer
E (27191) opencores.emac: no mem for receive buffer
E (27191) opencores.emac: no mem for receive buffer
E (27191) opencores.emac: no mem for receive buffer
E (27191) opencores.emac: no mem for receive buffer
E (27191) opencores.emac: no mem for receive buffer
E (27191) opencores.emac: no mem for receive buffer
E (27191) opencores.emac: no mem for receive buffer
E (27191) opencores.emac: no mem for receive buffer
E (27191) opencores.emac: no mem for receive buffer
E (27191) opencores.emac: no mem for receive buffer
E (27191) opencores.emac: no mem for receive buffer
E (27191) opencores.emac: no mem for receive buffer
E (27191) opencores.emac: no mem for receive buffer
E (27191) opencores.emac: no mem for receive buffer
E (27191) opencores.emac: no mem for receive buffer
E (27191) opencores.emac: no mem for receive buffer
E (27191) opencores.emac: no mem for receive buffer
E (27191) opencores.emac: no mem for receive buffer
E (27191) opencores.emac: no mem for receive buffer
E (27191) opencores.emac: no mem for receive buffer
E (27191) opencores.emac: no mem for receive buffer
E (27191) opencores.emac: no mem for receive buffer
E (27191) opencores.emac: no mem for receive buffer
E (27191) opencores.emac: no mem for receive buffer
E (27191) opencores.emac: no mem for receive buffer
E (27191) opencores.emac: no mem for receive buffer
E (27191) opencores.emac: no mem for receive buffer
E (27191) opencores.emac: no mem for receive buffer
E (27191) opencores.emac: no mem for receive buffer
E (27191) opencores.emac: no mem for receive buffer
E (27191) opencores.emac: no mem for receive buffer
E (27191) opencores.emac: no mem for receive buffer
E (27191) opencores.emac: no mem for receive buffer
E (27191) opencores.emac: no mem for receive buffer
E (27191) opencores.emac: no mem for receive buffer
E (27191) opencores.emac: no mem for receive buffer
E (27191) opencores.emac: no mem for receive buffer
E (27191) opencores.emac: no mem for receive buffer
E (27191) opencores.emac: no mem for receive buffer
E (27191) opencores.emac: no mem for receive buffer
E (27191) opencores.emac: no mem for receive buffer
E (27191) opencores.emac: no mem for receive buffer
E (27191) opencores.emac: no mem for receive buffer
E (27191) opencores.emac: no mem for receive buffer
E (27191) opencores.emac: no mem for receive buffer
E (27191) opencores.emac: no mem for receive buffer
E (27191) opencores.emac: no mem for receive buffer
E (27191) opencores.emac: no mem for receive buffer
E (27191) opencores.emac: no mem for receive buffer
E (27191) opencores.emac: no mem for receive buffer
E (27191) opencores.emac: no mem for receive buffer
E (27191) opencores.emac: no mem for receive buffer
E (27201) opencores.emac: no mem for receive buffer
E (27201) opencores.emac: no mem for receive buffer
E (27201) opencores.emac: no mem for receive buffer
E (27201) opencores.emac: no mem for receive buffer
E (27201) opencores.emac: no mem for receive buffer
E (27201) opencores.emac: no mem for receive buffer
E (27201) opencores.emac: no mem for receive buffer
E (27201) opencores.emac: no mem for receive buffer
E (27201) opencores.emac: no mem for receive buffer
E (27201) opencores.emac: no mem for receive buffer
E (27201) opencores.emac: no mem for receive buffer
E (27201) opencores.emac: no mem for receive buffer
E (27201) opencores.emac: no mem for receive buffer
E (27201) opencores.emac: no mem for receive buffer
E (27201) opencores.emac: no mem for receive buffer
E (27201) opencores.emac: no mem for receive buffer
E (27201) opencores.emac: no mem for receive buffer
E (27201) opencores.emac: no mem for receive buffer
E (27201) opencores.emac: no mem for receive buffer
E (27201) opencores.emac: no mem for receive buffer
E (27201) opencores.emac: no mem for receive buffer
E (27201) opencores.emac: no mem for receive buffer
E (27201) opencores.emac: no mem for receive buffer
E (27201) opencores.emac: no mem for receive buffer
E (27201) opencores.emac: no mem for receive buffer
E (27201) opencores.emac: no mem for receive buffer
E (27201) opencores.emac: no mem for receive buffer
E (27201) opencores.emac: no mem for receive buffer
E (27201) opencores.emac: no mem for receive buffer
E (27201) opencores.emac: no mem for receive buffer
E (27201) opencores.emac: no mem for receive buffer
E (27201) opencores.emac: no mem for receive buffer
E (27201) opencores.emac: no mem for receive buffer
E (27201) opencores.emac: no mem for receive buffer
E (27201) opencores.emac: no mem for receive buffer
E (27201) opencores.emac: no mem for receive buffer
E (27201) opencores.emac: no mem for receive buffer
E (27201) opencores.emac: no mem for receive buffer
E (27201) opencores.emac: no mem for receive buffer
E (27201) opencores.emac: no mem for receive buffer
E (27201) opencores.emac: no mem for receive buffer
E (27201) opencores.emac: no mem for receive buffer
E (27201) opencores.emac: no mem for receive buffer
E (27201) opencores.emac: no mem for receive buffer
E (27201) opencores.emac: no mem for receive buffer
E (27201) opencores.emac: no mem for receive buffer
E (27201) opencores.emac: no mem for receive buffer
E (27201) opencores.emac: no mem for receive buffer
E (27201) opencores.emac: no mem for receive buffer
E (27201) opencores.emac: no mem for receive buffer
E (27201) opencores.emac: no mem for receive buffer
E (27201) opencores.emac: no mem for receive buffer
E (27201) opencores.emac: no mem for receive buffer
E (27201) opencores.emac: no mem for receive buffer
E (27201) opencores.emac: no mem for receive buffer
E (27201) opencores.emac: no mem for receive buffer
E (27201) opencores.emac: no mem for receive buffer
E (27201) opencores.emac: no mem for receive buffer
E (27201) opencores.emac: no mem for receive buffer
E (27201) opencores.emac: no mem for receive buffer
E (27201) opencores.emac: no mem for receive buffer
E (27201) opencores.emac: no mem for receive buffer
E (27201) opencores.emac: no mem for receive buffer
E (27201) opencores.emac: no mem for receive buffer
E (27201) opencores.emac: no mem for receive buffer
E (27201) opencores.emac: no mem for receive buffer
E (27201) opencores.emac: no mem for receive buffer
E (27201) opencores.emac: no mem for receive buffer
E (27201) opencores.emac: no mem for receive buffer
E (27201) opencores.emac: no mem for receive buffer
E (27201) opencores.emac: no mem for receive buffer
E (27201) opencores.emac: no mem for receive buffer
E (27201) opencores.emac: no mem for receive buffer
E (27201) opencores.emac: no mem for receive buffer
E (27201) opencores.emac: no mem for receive buffer
E (27201) opencores.emac: no mem for receive buffer
E (27201) opencores.emac: no mem for receive buffer
E (27201) opencores.emac: no mem for receive buffer
E (27201) opencores.emac: no mem for receive buffer
E (27201) opencores.emac: no mem for receive buffer
E (27201) opencores.emac: no mem for receive buffer
E (27201) opencores.emac: no mem for receive buffer
E (27201) opencores.emac: no mem for receive buffer
E (27201) opencores.emac: no mem for receive buffer
E (27201) opencores.emac: no mem for receive buffer
E (27201) opencores.emac: no mem for receive buffer
E (27201) opencores.emac: no mem for receive buffer
E (27201) opencores.emac: no mem for receive buffer
E (27201) opencores.emac: no mem for receive buffer
E (27201) opencores.emac: no mem for receive buffer
E (27201) opencores.emac: no mem for receive buffer
E (27201) opencores.emac: no mem for receive buffer
E (27201) opencores.emac: no mem for receive buffer
E (27201) opencores.emac: no mem for receive buffer
E (27201) opencores.emac: no mem for receive buffer
E (27201) opencores.emac: no mem for receive buffer
E (27201) opencores.emac: no mem for receive buffer
E (27201) opencores.emac: no mem for receive buffer
E (27201) opencores.emac: no mem for receive buffer
E (27201) opencores.emac: no mem for receive buffer
E (27201) opencores.emac: no mem for receive buffer
E (27201) opencores.emac: no mem for receive buffer
E (27201) opencores.emac: no mem for receive buffer
E (27201) opencores.emac: no mem for receive buffer
E (27201) opencores.emac: no mem for receive buffer
E (27201) opencores.emac: no mem for receive buffer
E (27201) opencores.emac: no mem for receive buffer
E (27201) opencores.emac: no mem for receive buffer
E (27201) opencores.emac: no mem for receive buffer
E (27201) opencores.emac: no mem for receive buffer
E (27201) opencores.emac: no mem for receive buffer
E (27201) opencores.emac: no mem for receive buffer
E (27201) opencores.emac: no mem for receive buffer
E (27201) opencores.emac: no mem for receive buffer
E (27201) opencores.emac: no mem for receive buffer
E (27201) opencores.emac: no mem for receive buffer
E (27201) opencores.emac: no mem for receive buffer
E (27201) opencores.emac: no mem for receive buffer
E (27201) opencores.emac: no mem for receive buffer
E (27201) opencores.emac: no mem for receive buffer
E (27201) opencores.emac: no mem for receive buffer
E (27201) opencores.emac: no mem for receive buffer
E (27201) opencores.emac: no mem for receive buffer
E (27201) opencores.emac: no mem for receive buffer
E (27201) opencores.emac: no mem for receive buffer
E (27201) opencores.emac: no mem for receive buffer
E (27201) opencores.emac: no mem for receive buffer
E (27201) opencores.emac: no mem for receive buffer
E (27201) opencores.emac: no mem for receive buffer
E (27201) opencores.emac: no mem for receive buffer
E (27201) opencores.emac: no mem for receive buffer
E (27201) opencores.emac: no mem for receive buffer
E (27201) opencores.emac: no mem for receive buffer
E (27201) opencores.emac: no mem for receive buffer
E (27211) opencores.emac: no mem for receive buffer
E (27211) opencores.emac: no mem for receive buffer
E (27211) opencores.emac: no mem for receive buffer
E (27211) opencores.emac: no mem for receive buffer
E (27211) opencores.emac: no mem for receive buffer
E (27211) opencores.emac: no mem for receive buffer
E (27211) opencores.emac: no mem for receive buffer
E (27211) opencores.emac: no mem for receive buffer
E (27211) opencores.emac: no mem for receive buffer
E (27211) opencores.emac: no mem for receive buffer
E (27211) opencores.emac: no mem for receive buffer
E (27211) opencores.emac: no mem for receive buffer
E (27211) opencores.emac: no mem for receive buffer
E (27211) opencores.emac: no mem for receive buffer
E (27211) opencores.emac: no mem for receive buffer
E (27211) opencores.emac: no mem for receive buffer
E (27211) opencores.emac: no mem for receive buffer
E (27211) opencores.emac: no mem for receive buffer
E (27211) opencores.emac: no mem for receive buffer
E (27211) opencores.emac: no mem for receive buffer
E (27211) opencores.emac: no mem for receive buffer
E (27211) opencores.emac: no mem for receive buffer
E (27211) opencores.emac: no mem for receive buffer
E (27211) opencores.emac: no mem for receive buffer
E (27211) opencores.emac: no mem for receive buffer
E (27211) opencores.emac: no mem for receive buffer
E (27211) opencores.emac: no mem for receive buffer
E (27211) opencores.emac: no mem for receive buffer
E (27211) opencores.emac: no mem for receive buffer
E (27211) opencores.emac: no mem for receive buffer
E (27211) opencores.emac: no mem for receive buffer
E (27211) opencores.emac: no mem for receive buffer
E (27211) opencores.emac: no mem for receive buffer
E (27211) opencores.emac: no mem for receive buffer
E (27211) opencores.emac: no mem for receive buffer
E (27211) opencores.emac: no mem for receive buffer
E (27211) opencores.emac: no mem for receive buffer
E (27211) opencores.emac: no mem for receive buffer
E (27211) opencores.emac: no mem for receive buffer
E (27211) opencores.emac: no mem for receive buffer
E (27211) opencores.emac: no mem for receive buffer
E (27211) opencores.emac: no mem for receive buffer
E (27211) opencores.emac: no mem for receive buffer
E (27211) opencores.emac: no mem for receive buffer
E (27211) opencores.emac: no mem for receive buffer
E (27211) opencores.emac: no mem for receive buffer
E (27211) opencores.emac: no mem for receive buffer
E (27211) opencores.emac: no mem for receive buffer
E (27211) opencores.emac: no mem for receive buffer
E (27211) opencores.emac: no mem for receive buffer
E (27211) opencores.emac: no mem for receive buffer
E (27211) opencores.emac: no mem for receive buffer
E (27211) opencores.emac: no mem for receive buffer
E (27211) opencores.emac: no mem for receive buffer
E (27211) opencores.emac: no mem for receive buffer
E (27211) opencores.emac: no mem for receive buffer
E (27211) opencores.emac: no mem for receive buffer
E (27211) opencores.emac: no mem for receive buffer
E (27211) opencores.emac: no mem for receive buffer
E (27211) opencores.emac: no mem for receive buffer
E (27211) opencores.emac: no mem for receive buffer
E (27211) opencores.emac: no mem for receive buffer
E (27211) opencores.emac: no mem for receive buffer
E (27211) opencores.emac: no mem for receive buffer
E (27211) opencores.emac: no mem for receive buffer
E (27211) opencores.emac: no mem for receive buffer
E (27211) opencores.emac: no mem for receive buffer
E (27211) opencores.emac: no mem for receive buffer
E (27211) opencores.emac: no mem for receive buffer
E (27211) opencores.emac: no mem for receive buffer
E (27211) opencores.emac: no mem for receive buffer
E (27211) opencores.emac: no mem for receive buffer
E (27211) opencores.emac: no mem for receive buffer
E (27211) opencores.emac: no mem for receive buffer
E (27211) opencores.emac: no mem for receive buffer
E (27211) opencores.emac: no mem for receive buffer
E (27211) opencores.emac: no mem for receive buffer
E (27211) opencores.emac: no mem for receive buffer
E (27211) opencores.emac: no mem for receive buffer
E (27211) opencores.emac: no mem for receive buffer
E (27211) opencores.emac: no mem for receive buffer
E (27211) opencores.emac: no mem for receive buffer
E (27211) opencores.emac: no mem for receive buffer
E (27211) opencores.emac: no mem for receive buffer
E (27211) opencores.emac: no mem for receive buffer
E (27211) opencores.emac: no mem for receive buffer
E (27211) opencores.emac: no mem for receive buffer
E (27211) opencores.emac: no mem for receive buffer
E (27211) opencores.emac: no mem for receive buffer
E (27211) opencores.emac: no mem for receive buffer
E (27211) opencores.emac: no mem for receive buffer
E (27211) opencores.emac: no mem for receive buffer
E (27211) opencores.emac: no mem for receive buffer
E (27211) opencores.emac: no mem for receive buffer
E (27211) opencores.emac: no mem for receive buffer
E (27211) opencores.emac: no mem for receive buffer
E (27211) opencores.emac: no mem for receive buffer
E (27211) opencores.emac: no mem for receive buffer
E (27211) opencores.emac: no mem for receive buffer
E (27211) opencores.emac: no mem for receive buffer
E (27211) opencores.emac: no mem for receive buffer
E (27211) opencores.emac: no mem for receive buffer
E (27211) opencores.emac: no mem for receive buffer
E (27211) opencores.emac: no mem for receive buffer
E (27211) opencores.emac: no mem for receive buffer
E (27211) opencores.emac: no mem for receive buffer
E (27211) opencores.emac: no mem for receive buffer
E (27211) opencores.emac: no mem for receive buffer
E (27211) opencores.emac: no mem for receive buffer
E (27211) opencores.emac: no mem for receive buffer
E (27211) opencores.emac: no mem for receive buffer
E (27211) opencores.emac: no mem for receive buffer
E (27211) opencores.emac: no mem for receive buffer
E (27211) opencores.emac: no mem for receive buffer
E (27211) opencores.emac: no mem for receive buffer
E (27211) opencores.emac: no mem for receive buffer
E (27211) opencores.emac: no mem for receive buffer
E (27211) opencores.emac: no mem for receive buffer
E (27211) opencores.emac: no mem for receive buffer
E (27211) opencores.emac: no mem for receive buffer
E (27211) opencores.emac: no mem for receive buffer
E (27211) opencores.emac: no mem for receive buffer
E (27211) opencores.emac: no mem for receive buffer
E (27211) opencores.emac: no mem for receive buffer
E (27211) opencores.emac: no mem for receive buffer
E (27211) opencores.emac: no mem for receive buffer
E (27211) opencores.emac: no mem for receive buffer
E (27211) opencores.emac: no mem for receive buffer
E (27211) opencores.emac: no mem for receive buffer
E (27221) opencores.emac: no mem for receive buffer
E (27221) opencores.emac: no mem for receive buffer
E (27221) opencores.emac: no mem for receive buffer
E (27221) opencores.emac: no mem for receive buffer
E (27221) opencores.emac: no mem for receive buffer
E (27221) opencores.emac: no mem for receive buffer
E (27221) opencores.emac: no mem for receive buffer
E (27221) opencores.emac: no mem for receive buffer
E (27221) opencores.emac: no mem for receive buffer
E (27221) opencores.emac: no mem for receive buffer
E (27221) opencores.emac: no mem for receive buffer
E (27221) opencores.emac: no mem for receive buffer
E (27221) opencores.emac: no mem for receive buffer
E (27221) opencores.emac: no mem for receive buffer
E (27221) opencores.emac: no mem for receive buffer
E (27221) opencores.emac: no mem for receive buffer
E (27221) opencores.emac: no mem for receive buffer
E (27221) opencores.emac: no mem for receive buffer
E (27221) opencores.emac: no mem for receive buffer
E (27221) opencores.emac: no mem for receive buffer
E (27221) opencores.emac: no mem for receive buffer
E (27221) opencores.emac: no mem for receive buffer
E (27221) opencores.emac: no mem for receive buffer
E (27221) opencores.emac: no mem for receive buffer
E (27221) opencores.emac: no mem for receive buffer
E (27221) opencores.emac: no mem for receive buffer
E (27221) opencores.emac: no mem for receive buffer
E (27221) opencores.emac: no mem for receive buffer
E (27221) opencores.emac: no mem for receive buffer
E (27221) opencores.emac: no mem for receive buffer
E (27221) opencores.emac: no mem for receive buffer
E (27221) opencores.emac: no mem for receive buffer
E (27221) opencores.emac: no mem for receive buffer
E (27221) opencores.emac: no mem for receive buffer
E (27221) opencores.emac: no mem for receive buffer
E (27221) opencores.emac: no mem for receive buffer
E (27221) opencores.emac: no mem for receive buffer
E (27221) opencores.emac: no mem for receive buffer
E (27221) opencores.emac: no mem for receive buffer
E (27221) opencores.emac: no mem for receive buffer
E (27221) opencores.emac: no mem for receive buffer
E (27221) opencores.emac: no mem for receive buffer
E (27221) opencores.emac: no mem for receive buffer
E (27221) opencores.emac: no mem for receive buffer
E (27221) opencores.emac: no mem for receive buffer
E (27221) opencores.emac: no mem for receive buffer
E (27221) opencores.emac: no mem for receive buffer
E (27221) opencores.emac: no mem for receive buffer
E (27221) opencores.emac: no mem for receive buffer
E (27221) opencores.emac: no mem for receive buffer
E (27221) opencores.emac: no mem for receive buffer
E (27221) opencores.emac: no mem for receive buffer
E (27221) opencores.emac: no mem for receive buffer
E (27221) opencores.emac: no mem for receive buffer
E (27221) opencores.emac: no mem for receive buffer
E (27221) opencores.emac: no mem for receive buffer
E (27221) opencores.emac: no mem for receive buffer
E (27221) opencores.emac: no mem for receive buffer
E (27221) opencores.emac: no mem for receive buffer
E (27221) opencores.emac: no mem for receive buffer
E (27221) opencores.emac: no mem for receive buffer
E (27221) opencores.emac: no mem for receive buffer
E (27221) opencores.emac: no mem for receive buffer
E (27221) opencores.emac: no mem for receive buffer
E (27221) opencores.emac: no mem for receive buffer
E (27221) opencores.emac: no mem for receive buffer
E (27221) opencores.emac: no mem for receive buffer
E (27221) opencores.emac: no mem for receive buffer
E (27221) opencores.emac: no mem for receive buffer
E (27221) opencores.emac: no mem for receive buffer
E (27221) opencores.emac: no mem for receive buffer
E (27221) opencores.emac: no mem for receive buffer
E (27221) opencores.emac: no mem for receive buffer
E (27221) opencores.emac: no mem for receive buffer
E (27221) opencores.emac: no mem for receive buffer
E (27221) opencores.emac: no mem for receive buffer
E (27221) opencores.emac: no mem for receive buffer
E (27221) opencores.emac: no mem for receive buffer
E (27221) opencores.emac: no mem for receive buffer
E (27221) opencores.emac: no mem for receive buffer
E (27221) opencores.emac: no mem for receive buffer
E (27221) opencores.emac: no mem for receive buffer
E (27221) opencores.emac: no mem for receive buffer
E (27221) opencores.emac: no mem for receive buffer
E (27221) opencores.emac: no mem for receive buffer
E (27221) opencores.emac: no mem for receive buffer
E (27221) opencores.emac: no mem for receive buffer
E (27221) opencores.emac: no mem for receive buffer
E (27221) opencores.emac: no mem for receive buffer
E (27221) opencores.emac: no mem for receive buffer
E (27221) opencores.emac: no mem for receive buffer
E (27221) opencores.emac: no mem for receive buffer
E (27221) opencores.emac: no mem for receive buffer
E (27221) opencores.emac: no mem for receive buffer
E (27221) opencores.emac: no mem for receive buffer
E (27221) opencores.emac: no mem for receive buffer
E (27221) opencores.emac: no mem for receive buffer
E (27221) opencores.emac: no mem for receive buffer
E (27221) opencores.emac: no mem for receive buffer
E (27221) opencores.emac: no mem for receive buffer
E (27221) opencores.emac: no mem for receive buffer
E (27221) opencores.emac: no mem for receive buffer
E (27221) opencores.emac: no mem for receive buffer
E (27221) opencores.emac: no mem for receive buffer
E (27221) opencores.emac: no mem for receive buffer
E (27221) opencores.emac: no mem for receive buffer
E (27221) opencores.emac: no mem for receive buffer
E (27221) opencores.emac: no mem for receive buffer
E (27221) opencores.emac: no mem for receive buffer
E (27221) opencores.emac: no mem for receive buffer
E (27221) opencores.emac: no mem for receive buffer
E (27221) opencores.emac: no mem for receive buffer
E (27221) opencores.emac: no mem for receive buffer
E (27221) opencores.emac: no mem for receive buffer
E (27221) opencores.emac: no mem for receive buffer
E (27221) opencores.emac: no mem for receive buffer
E (27221) opencores.emac: no mem for receive buffer
E (27221) opencores.emac: no mem for receive buffer
E (27221) opencores.emac: no mem for receive buffer
E (27221) opencores.emac: no mem for receive buffer
E (27221) opencores.emac: no mem for receive buffer
E (27221) opencores.emac: no mem for receive buffer
E (27221) opencores.emac: no mem for receive buffer
E (27221) opencores.emac: no mem for receive buffer
E (27231) opencores.emac: no mem for receive buffer
E (27231) opencores.emac: no mem for receive buffer
E (27231) opencores.emac: no mem for receive buffer
E (27231) opencores.emac: no mem for receive buffer
E (27231) opencores.emac: no mem for receive buffer
E (27231) opencores.emac: no mem for receive buffer
E (27231) opencores.emac: no mem for receive buffer
E (27231) opencores.emac: no mem for receive buffer
E (27231) opencores.emac: no mem for receive buffer
E (27231) opencores.emac: no mem for receive buffer
E (27231) opencores.emac: no mem for receive buffer
E (27231) opencores.emac: no mem for receive buffer
E (27231) opencores.emac: no mem for receive buffer
E (27231) opencores.emac: no mem for receive buffer
E (27231) opencores.emac: no mem for receive buffer
E (27231) opencores.emac: no mem for receive buffer
E (27231) opencores.emac: no mem for receive buffer
E (27231) opencores.emac: no mem for receive buffer
E (27231) opencores.emac: no mem for receive buffer
E (27231) opencores.emac: no mem for receive buffer
E (27231) opencores.emac: no mem for receive buffer
E (27231) opencores.emac: no mem for receive buffer
E (27231) opencores.emac: no mem for receive buffer
E (27231) opencores.emac: no mem for receive buffer
E (27231) opencores.emac: no mem for receive buffer
E (27231) opencores.emac: no mem for receive buffer
E (27231) opencores.emac: no mem for receive buffer
E (27231) opencores.emac: no mem for receive buffer
E (27231) opencores.emac: no mem for receive buffer
E (27231) opencores.emac: no mem for receive buffer
E (27231) opencores.emac: no mem for receive buffer
E (27231) opencores.emac: no mem for receive buffer
E (27231) opencores.emac: no mem for receive buffer
E (27231) opencores.emac: no mem for receive buffer
E (27231) opencores.emac: no mem for receive buffer
E (27231) opencores.emac: no mem for receive buffer
E (27231) opencores.emac: no mem for receive buffer
E (27231) opencores.emac: no mem for receive buffer
E (27231) opencores.emac: no mem for receive buffer
E (27231) opencores.emac: no mem for receive buffer
E (27231) opencores.emac: no mem for receive buffer
E (27231) opencores.emac: no mem for receive buffer
E (27231) opencores.emac: no mem for receive buffer
E (27231) opencores.emac: no mem for receive buffer
E (27231) opencores.emac: no mem for receive buffer
E (27231) opencores.emac: no mem for receive buffer
E (27231) opencores.emac: no mem for receive buffer
E (27231) opencores.emac: no mem for receive buffer
E (27231) opencores.emac: no mem for receive buffer
E (27231) opencores.emac: no mem for receive buffer
E (27231) opencores.emac: no mem for receive buffer
E (27231) opencores.emac: no mem for receive buffer
E (27231) opencores.emac: no mem for receive buffer
E (27231) opencores.emac: no mem for receive buffer
E (27231) opencores.emac: no mem for receive buffer
E (27231) opencores.emac: no mem for receive buffer
E (27231) opencores.emac: no mem for receive buffer
E (27231) opencores.emac: no mem for receive buffer
E (27231) opencores.emac: no mem for receive buffer
E (27231) opencores.emac: no mem for receive buffer
E (27231) opencores.emac: no mem for receive buffer
E (27231) opencores.emac: no mem for receive buffer
E (27231) opencores.emac: no mem for receive buffer
E (27231) opencores.emac: no mem for receive buffer
E (27231) opencores.emac: no mem for receive buffer
E (27231) opencores.emac: no mem for receive buffer
E (27231) opencores.emac: no mem for receive buffer
E (27231) opencores.emac: no mem for receive buffer
E (27231) opencores.emac: no mem for receive buffer
E (27231) opencores.emac: no mem for receive buffer
E (27231) opencores.emac: no mem for receive buffer
E (27231) opencores.emac: no mem for receive buffer
E (27231) opencores.emac: no mem for receive buffer
E (27231) opencores.emac: no mem for receive buffer
E (27231) opencores.emac: no mem for receive buffer
E (27231) opencores.emac: no mem for receive buffer
E (27231) opencores.emac: no mem for receive buffer
E (27231) opencores.emac: no mem for receive buffer
E (27231) opencores.emac: no mem for receive buffer
E (27231) opencores.emac: no mem for receive buffer
E (27231) opencores.emac: no mem for receive buffer
E (27231) opencores.emac: no mem for receive buffer
E (27231) opencores.emac: no mem for receive buffer
E (27231) opencores.emac: no mem for receive buffer
E (27231) opencores.emac: no mem for receive buffer
E (27231) opencores.emac: no mem for receive buffer
E (27231) opencores.emac: no mem for receive buffer
E (27231) opencores.emac: no mem for receive buffer
E (27231) opencores.emac: no mem for receive buffer
E (27231) opencores.emac: no mem for receive buffer
E (27231) opencores.emac: no mem for receive buffer
E (27231) opencores.emac: no mem for receive buffer
E (27231) opencores.emac: no mem for receive buffer
E (27231) opencores.emac: no mem for receive buffer
E (27231) opencores.emac: no mem for receive buffer
E (27231) opencores.emac: no mem for receive buffer
E (27231) opencores.emac: no mem for receive buffer
E (27231) opencores.emac: no mem for receive buffer
E (27231) opencores.emac: no mem for receive buffer
E (27231) opencores.emac: no mem for receive buffer
E (27231) opencores.emac: no mem for receive buffer
E (27231) opencores.emac: no mem for receive buffer
E (27231) opencores.emac: no mem for receive buffer
E (27231) opencores.emac: no mem for receive buffer
E (27231) opencores.emac: no mem for receive buffer
E (27231) opencores.emac: no mem for receive buffer
E (27231) opencores.emac: no mem for receive buffer
E (27231) opencores.emac: no mem for receive buffer
E (27231) opencores.emac: no mem for receive buffer
E (27231) opencores.emac: no mem for receive buffer
E (27231) opencores.emac: no mem for receive buffer
E (27231) opencores.emac: no mem for receive buffer
E (27231) opencores.emac: no mem for receive buffer
E (27231) opencores.emac: no mem for receive buffer
E (27231) opencores.emac: no mem for receive buffer
E (27231) opencores.emac: no mem for receive buffer
E (27231) opencores.emac: no mem for receive buffer
E (27231) opencores.emac: no mem for receive buffer
E (27231) opencores.emac: no mem for receive buffer
E (27231) opencores.emac: no mem for receive buffer
E (27231) opencores.emac: no mem for receive buffer
E (27231) opencores.emac: no mem for receive buffer
E (27231) opencores.emac: no mem for receive buffer
E (27231) opencores.emac: no mem for receive buffer
E (27231) opencores.emac: no mem for receive buffer
E (27231) opencores.emac: no mem for receive buffer
E (27231) opencores.emac: no mem for receive buffer
E (27231) opencores.emac: no mem for receive buffer
E (27231) opencores.emac: no mem for receive buffer
E (27231) opencores.emac: no mem for receive buffer
E (27231) opencores.emac: no mem for receive buffer
E (27231) opencores.emac: no mem for receive buffer
E (27241) opencores.emac: no mem for receive buffer
E (27241) opencores.emac: no mem for receive buffer
E (27241) opencores.emac: no mem for receive buffer
E (27241) opencores.emac: no mem for receive buffer
E (27241) opencores.emac: no mem for receive buffer
E (27241) opencores.emac: no mem for receive buffer
E (27241) opencores.emac: no mem for receive buffer
E (27241) opencores.emac: no mem for receive buffer
E (27241) opencores.emac: no mem for receive buffer
E (27241) opencores.emac: no mem for receive buffer
E (27241) opencores.emac: no mem for receive buffer
E (27241) opencores.emac: no mem for receive buffer
E (27241) opencores.emac: no mem for receive buffer
E (27241) opencores.emac: no mem for receive buffer
E (27241) opencores.emac: no mem for receive buffer
E (27241) opencores.emac: no mem for receive buffer
E (27241) opencores.emac: no mem for receive buffer
E (27241) opencores.emac: no mem for receive buffer
E (27241) opencores.emac: no mem for receive buffer
E (27241) opencores.emac: no mem for receive buffer
E (27241) opencores.emac: no mem for receive buffer
E (27241) opencores.emac: no mem for receive buffer
E (27241) opencores.emac: no mem for receive buffer
E (27241) opencores.emac: no mem for receive buffer
E (27241) opencores.emac: no mem for receive buffer
E (27241) opencores.emac: no mem for receive buffer
E (27241) opencores.emac: no mem for receive buffer
E (27241) opencores.emac: no mem for receive buffer
E (27241) opencores.emac: no mem for receive buffer
E (27241) opencores.emac: no mem for receive buffer
E (27241) opencores.emac: no mem for receive buffer
E (27241) opencores.emac: no mem for receive buffer
E (27241) opencores.emac: no mem for receive buffer
E (27241) opencores.emac: no mem for receive buffer
E (27241) opencores.emac: no mem for receive buffer
E (27241) opencores.emac: no mem for receive buffer
E (27241) opencores.emac: no mem for receive buffer
E (27241) opencores.emac: no mem for receive buffer
E (27241) opencores.emac: no mem for receive buffer
E (27241) opencores.emac: no mem for receive buffer
E (27241) opencores.emac: no mem for receive buffer
E (27241) opencores.emac: no mem for receive buffer
E (27241) opencores.emac: no mem for receive buffer
E (27241) opencores.emac: no mem for receive buffer
E (27241) opencores.emac: no mem for receive buffer
E (27241) opencores.emac: no mem for receive buffer
E (27241) opencores.emac: no mem for receive buffer
E (27241) opencores.emac: no mem for receive buffer
E (27241) opencores.emac: no mem for receive buffer
E (27241) opencores.emac: no mem for receive buffer
E (27241) opencores.emac: no mem for receive buffer
E (27241) opencores.emac: no mem for receive buffer
E (27241) opencores.emac: no mem for receive buffer
E (27241) opencores.emac: no mem for receive buffer
E (27241) opencores.emac: no mem for receive buffer
E (27241) opencores.emac: no mem for receive buffer
E (27241) opencores.emac: no mem for receive buffer
E (27241) opencores.emac: no mem for receive buffer
E (27241) opencores.emac: no mem for receive buffer
E (27241) opencores.emac: no mem for receive buffer
E (27241) opencores.emac: no mem for receive buffer
E (27241) opencores.emac: no mem for receive buffer
E (27241) opencores.emac: no mem for receive buffer
E (27241) opencores.emac: no mem for receive buffer
E (27241) opencores.emac: no mem for receive buffer
E (27241) opencores.emac: no mem for receive buffer
E (27241) opencores.emac: no mem for receive buffer
E (27241) opencores.emac: no mem for receive buffer
E (27241) opencores.emac: no mem for receive buffer
E (27241) opencores.emac: no mem for receive buffer
E (27241) opencores.emac: no mem for receive buffer
E (27241) opencores.emac: no mem for receive buffer
E (27241) opencores.emac: no mem for receive buffer
E (27241) opencores.emac: no mem for receive buffer
E (27241) opencores.emac: no mem for receive buffer
E (27241) opencores.emac: no mem for receive buffer
E (27241) opencores.emac: no mem for receive buffer
E (27241) opencores.emac: no mem for receive buffer
E (27241) opencores.emac: no mem for receive buffer
E (27241) opencores.emac: no mem for receive buffer
E (27241) opencores.emac: no mem for receive buffer
E (27241) opencores.emac: no mem for receive buffer
E (27241) opencores.emac: no mem for receive buffer
E (27241) opencores.emac: no mem for receive buffer
E (27241) opencores.emac: no mem for receive buffer
E (27241) opencores.emac: no mem for receive buffer
E (27241) opencores.emac: no mem for receive buffer
E (27241) opencores.emac: no mem for receive buffer
E (27241) opencores.emac: no mem for receive buffer
E (27241) opencores.emac: no mem for receive buffer
E (27241) opencores.emac: no mem for receive buffer
E (27241) opencores.emac: no mem for receive buffer
E (27241) opencores.emac: no mem for receive buffer
E (27241) opencores.emac: no mem for receive buffer
E (27241) opencores.emac: no mem for receive buffer
E (27241) opencores.emac: no mem for receive buffer
E (27241) opencores.emac: no mem for receive buffer
E (27241) opencores.emac: no mem for receive buffer
E (27241) opencores.emac: no mem for receive buffer
E (27241) opencores.emac: no mem for receive buffer
E (27241) opencores.emac: no mem for receive buffer
E (27241) opencores.emac: no mem for receive buffer
E (27241) opencores.emac: no mem for receive buffer
E (27241) opencores.emac: no mem for receive buffer
E (27241) opencores.emac: no mem for receive buffer
E (27241) opencores.emac: no mem for receive buffer
E (27241) opencores.emac: no mem for receive buffer
E (27241) opencores.emac: no mem for receive buffer
E (27241) opencores.emac: no mem for receive buffer
E (27241) opencores.emac: no mem for receive buffer
E (27241) opencores.emac: no mem for receive buffer
E (27241) opencores.emac: no mem for receive buffer
E (27241) opencores.emac: no mem for receive buffer
E (27241) opencores.emac: no mem for receive buffer
E (27241) opencores.emac: no mem for receive buffer
E (27241) opencores.emac: no mem for receive buffer
E (27241) opencores.emac: no mem for receive buffer
E (27241) opencores.emac: no mem for receive buffer
E (27241) opencores.emac: no mem for receive buffer
E (27241) opencores.emac: no mem for receive buffer
E (27241) opencores.emac: no mem for receive buffer
E (27241) opencores.emac: no mem for receive buffer
E (27241) opencores.emac: no mem for receive buffer
E (27241) opencores.emac: no mem for receive buffer
E (27241) opencores.emac: no mem for receive buffer
E (27241) opencores.emac: no mem for receive buffer
E (27241) opencores.emac: no mem for receive buffer
E (27241) opencores.emac: no mem for receive buffer
E (27241) opencores.emac: no mem for receive buffer
E (27241) opencores.emac: no mem for receive buffer
E (27241) opencores.emac: no mem for receive buffer
E (27241) opencores.emac: no mem for receive buffer
E (27241) opencores.emac: no mem for receive buffer
E (27251) opencores.emac: no mem for receive buffer
E (27251) opencores.emac: no mem for receive buffer
E (27251) opencores.emac: no mem for receive buffer
E (27251) opencores.emac: no mem for receive buffer
E (27251) opencores.emac: no mem for receive buffer
E (27251) opencores.emac: no mem for receive buffer
E (27251) opencores.emac: no mem for receive buffer
E (27251) opencores.emac: no mem for receive buffer
E (27251) opencores.emac: no mem for receive buffer
E (27251) opencores.emac: no mem for receive buffer
E (27251) opencores.emac: no mem for receive buffer
E (27251) opencores.emac: no mem for receive buffer
E (27251) opencores.emac: no mem for receive buffer
E (27251) opencores.emac: no mem for receive buffer
E (27251) opencores.emac: no mem for receive buffer
E (27251) opencores.emac: no mem for receive buffer
E (27251) opencores.emac: no mem for receive buffer
E (27251) opencores.emac: no mem for receive buffer
E (27251) opencores.emac: no mem for receive buffer
E (27251) opencores.emac: no mem for receive buffer
E (27251) opencores.emac: no mem for receive buffer
E (27251) opencores.emac: no mem for receive buffer
E (27251) opencores.emac: no mem for receive buffer
E (27251) opencores.emac: no mem for receive buffer
E (27251) opencores.emac: no mem for receive buffer
E (27251) opencores.emac: no mem for receive buffer
E (27251) opencores.emac: no mem for receive buffer
E (27251) opencores.emac: no mem for receive buffer
E (27251) opencores.emac: no mem for receive buffer
E (27251) opencores.emac: no mem for receive buffer
E (27251) opencores.emac: no mem for receive buffer
E (27251) opencores.emac: no mem for receive buffer
E (27251) opencores.emac: no mem for receive buffer
E (27251) opencores.emac: no mem for receive buffer
E (27251) opencores.emac: no mem for receive buffer
E (27251) opencores.emac: no mem for receive buffer
E (27251) opencores.emac: no mem for receive buffer
E (27251) opencores.emac: no mem for receive buffer
E (27251) opencores.emac: no mem for receive buffer
E (27251) opencores.emac: no mem for receive buffer
E (27251) opencores.emac: no mem for receive buffer
E (27251) opencores.emac: no mem for receive buffer
E (27251) opencores.emac: no mem for receive buffer
E (27251) opencores.emac: no mem for receive buffer
E (27251) opencores.emac: no mem for receive buffer
E (27251) opencores.emac: no mem for receive buffer
E (27251) opencores.emac: no mem for receive buffer
E (27251) opencores.emac: no mem for receive buffer
E (27251) opencores.emac: no mem for receive buffer
E (27251) opencores.emac: no mem for receive buffer
E (27251) opencores.emac: no mem for receive buffer
E (27251) opencores.emac: no mem for receive buffer
E (27251) opencores.emac: no mem for receive buffer
E (27251) opencores.emac: no mem for receive buffer
E (27251) opencores.emac: no mem for receive buffer
E (27251) opencores.emac: no mem for receive buffer
E (27251) opencores.emac: no mem for receive buffer
E (27251) opencores.emac: no mem for receive buffer
E (27251) opencores.emac: no mem for receive buffer
E (27251) opencores.emac: no mem for receive buffer
E (27251) opencores.emac: no mem for receive buffer
E (27251) opencores.emac: no mem for receive buffer
E (27251) opencores.emac: no mem for receive buffer
E (27251) opencores.emac: no mem for receive buffer
E (27251) opencores.emac: no mem for receive buffer
E (27251) opencores.emac: no mem for receive buffer
E (27251) opencores.emac: no mem for receive buffer
E (27251) opencores.emac: no mem for receive buffer
E (27251) opencores.emac: no mem for receive buffer
E (27251) opencores.emac: no mem for receive buffer
E (27251) opencores.emac: no mem for receive buffer
E (27251) opencores.emac: no mem for receive buffer
E (27251) opencores.emac: no mem for receive buffer
E (27251) opencores.emac: no mem for receive buffer
E (27251) opencores.emac: no mem for receive buffer
E (27251) opencores.emac: no mem for receive buffer
E (27251) opencores.emac: no mem for receive buffer
E (27251) opencores.emac: no mem for receive buffer
E (27251) opencores.emac: no mem for receive buffer
E (27251) opencores.emac: no mem for receive buffer
E (27251) opencores.emac: no mem for receive buffer
E (27251) opencores.emac: no mem for receive buffer
E (27251) opencores.emac: no mem for receive buffer
E (27251) opencores.emac: no mem for receive buffer
E (27251) opencores.emac: no mem for receive buffer
E (27251) opencores.emac: no mem for receive buffer
E (27251) opencores.emac: no mem for receive buffer
E (27251) opencores.emac: no mem for receive buffer
E (27251) opencores.emac: no mem for receive buffer
E (27251) opencores.emac: no mem for receive buffer
E (27251) opencores.emac: no mem for receive buffer
E (27251) opencores.emac: no mem for receive buffer
E (27251) opencores.emac: no mem for receive buffer
E (27251) opencores.emac: no mem for receive buffer
E (27251) opencores.emac: no mem for receive buffer
E (27251) opencores.emac: no mem for receive buffer
E (27251) opencores.emac: no mem for receive buffer
E (27251) opencores.emac: no mem for receive buffer
E (27251) opencores.emac: no mem for receive buffer
E (27251) opencores.emac: no mem for receive buffer
E (27251) opencores.emac: no mem for receive buffer
E (27251) opencores.emac: no mem for receive buffer
E (27251) opencores.emac: no mem for receive buffer
E (27251) opencores.emac: no mem for receive buffer
E (27251) opencores.emac: no mem for receive buffer
E (27251) opencores.emac: no mem for receive buffer
E (27251) opencores.emac: no mem for receive buffer
E (27251) opencores.emac: no mem for receive buffer
E (27251) opencores.emac: no mem for receive buffer
E (27251) opencores.emac: no mem for receive buffer
E (27251) opencores.emac: no mem for receive buffer
E (27251) opencores.emac: no mem for receive buffer
E (27251) opencores.emac: no mem for receive buffer
E (27251) opencores.emac: no mem for receive buffer
E (27251) opencores.emac: no mem for receive buffer
E (27251) opencores.emac: no mem for receive buffer
E (27251) opencores.emac: no mem for receive buffer
E (27251) opencores.emac: no mem for receive buffer
E (27251) opencores.emac: no mem for receive buffer
E (27251) opencores.emac: no mem for receive buffer
E (27251) opencores.emac: no mem for receive buffer
E (27251) opencores.emac: no mem for receive buffer
E (27251) opencores.emac: no mem for receive buffer
E (27251) opencores.emac: no mem for receive buffer
E (27251) opencores.emac: no mem for receive buffer
E (27251) opencores.emac: no mem for receive buffer
E (27251) opencores.emac: no mem for receive buffer
E (27251) opencores.emac: no mem for receive buffer
E (27251) opencores.emac: no mem for receive buffer
E (27251) opencores.emac: no mem for receive buffer
E (27251) opencores.emac: no mem for receive buffer
E (27251) opencores.emac: no mem for receive buffer
E (27251) opencores.emac: no mem for receive buffer
E (27261) opencores.emac: no mem for receive buffer
E (27261) opencores.emac: no mem for receive buffer
E (27261) opencores.emac: no mem for receive buffer
E (27261) opencores.emac: no mem for receive buffer
E (27261) opencores.emac: no mem for receive buffer
E (27261) opencores.emac: no mem for receive buffer
E (27261) opencores.emac: no mem for receive buffer
E (27261) opencores.emac: no mem for receive buffer
E (27261) opencores.emac: no mem for receive buffer
E (27261) opencores.emac: no mem for receive buffer
E (27261) opencores.emac: no mem for receive buffer
E (27261) opencores.emac: no mem for receive buffer
E (27261) opencores.emac: no mem for receive buffer
E (27261) opencores.emac: no mem for receive buffer
E (27261) opencores.emac: no mem for receive buffer
E (27261) opencores.emac: no mem for receive buffer
E (27261) opencores.emac: no mem for receive buffer
E (27261) opencores.emac: no mem for receive buffer
E (27261) opencores.emac: no mem for receive buffer
E (27261) opencores.emac: no mem for receive buffer
E (27261) opencores.emac: no mem for receive buffer
E (27261) opencores.emac: no mem for receive buffer
E (27261) opencores.emac: no mem for receive buffer
E (27261) opencores.emac: no mem for receive buffer
E (27261) opencores.emac: no mem for receive buffer
E (27261) opencores.emac: no mem for receive buffer
E (27261) opencores.emac: no mem for receive buffer
E (27261) opencores.emac: no mem for receive buffer
E (27261) opencores.emac: no mem for receive buffer
E (27261) opencores.emac: no mem for receive buffer
E (27261) opencores.emac: no mem for receive buffer
E (27261) opencores.emac: no mem for receive buffer
E (27261) opencores.emac: no mem for receive buffer
E (27261) opencores.emac: no mem for receive buffer
E (27261) opencores.emac: no mem for receive buffer
E (27261) opencores.emac: no mem for receive buffer
E (27261) opencores.emac: no mem for receive buffer
E (27261) opencores.emac: no mem for receive buffer
E (27261) opencores.emac: no mem for receive buffer
E (27261) opencores.emac: no mem for receive buffer
E (27261) opencores.emac: no mem for receive buffer
E (27261) opencores.emac: no mem for receive buffer
E (27261) opencores.emac: no mem for receive buffer
E (27261) opencores.emac: no mem for receive buffer
E (27261) opencores.emac: no mem for receive buffer
E (27261) opencores.emac: no mem for receive buffer
E (27261) opencores.emac: no mem for receive buffer
E (27261) opencores.emac: no mem for receive buffer
E (27261) opencores.emac: no mem for receive buffer
E (27261) opencores.emac: no mem for receive buffer
E (27261) opencores.emac: no mem for receive buffer
E (27261) opencores.emac: no mem for receive buffer
E (27261) opencores.emac: no mem for receive buffer
E (27261) opencores.emac: no mem for receive buffer
E (27261) opencores.emac: no mem for receive buffer
E (27261) opencores.emac: no mem for receive buffer
E (27261) opencores.emac: no mem for receive buffer
E (27261) opencores.emac: no mem for receive buffer
E (27261) opencores.emac: no mem for receive buffer
E (27261) opencores.emac: no mem for receive buffer
E (27261) opencores.emac: no mem for receive buffer
E (27261) opencores.emac: no mem for receive buffer
E (27261) opencores.emac: no mem for receive buffer
E (27261) opencores.emac: no mem for receive buffer
E (27261) opencores.emac: no mem for receive buffer
E (27261) opencores.emac: no mem for receive buffer
E (27261) opencores.emac: no mem for receive buffer
E (27261) opencores.emac: no mem for receive buffer
E (27261) opencores.emac: no mem for receive buffer
E (27261) opencores.emac: no mem for receive buffer
E (27261) opencores.emac: no mem for receive buffer
E (27261) opencores.emac: no mem for receive buffer
E (27261) opencores.emac: no mem for receive buffer
E (27261) opencores.emac: no mem for receive buffer
E (27261) opencores.emac: no mem for receive buffer
E (27261) opencores.emac: no mem for receive buffer
E (27261) opencores.emac: no mem for receive buffer
E (27261) opencores.emac: no mem for receive buffer
E (27261) opencores.emac: no mem for receive buffer
E (27261) opencores.emac: no mem for receive buffer
E (27261) opencores.emac: no mem for receive buffer
E (27261) opencores.emac: no mem for receive buffer
E (27261) opencores.emac: no mem for receive buffer
E (27261) opencores.emac: no mem for receive buffer
E (27261) opencores.emac: no mem for receive buffer
E (27261) opencores.emac: no mem for receive buffer
E (27261) opencores.emac: no mem for receive buffer
E (27261) opencores.emac: no mem for receive buffer
E (27261) opencores.emac: no mem for receive buffer
E (27261) opencores.emac: no mem for receive buffer
E (27261) opencores.emac: no mem for receive buffer
E (27261) opencores.emac: no mem for receive buffer
E (27261) opencores.emac: no mem for receive buffer
E (27261) opencores.emac: no mem for receive buffer
E (27261) opencores.emac: no mem for receive buffer
E (27261) opencores.emac: no mem for receive buffer
E (27261) opencores.emac: no mem for receive buffer
E (27261) opencores.emac: no mem for receive buffer
E (27261) opencores.emac: no mem for receive buffer
E (27261) opencores.emac: no mem for receive buffer
E (27261) opencores.emac: no mem for receive buffer
E (27261) opencores.emac: no mem for receive buffer
E (27261) opencores.emac: no mem for receive buffer
E (27261) opencores.emac: no mem for receive buffer
E (27261) opencores.emac: no mem for receive buffer
E (27261) opencores.emac: no mem for receive buffer
E (27261) opencores.emac: no mem for receive buffer
E (27261) opencores.emac: no mem for receive buffer
E (27261) opencores.emac: no mem for receive buffer
E (27261) opencores.emac: no mem for receive buffer
E (27261) opencores.emac: no mem for receive buffer
E (27261) opencores.emac: no mem for receive buffer
E (27261) opencores.emac: no mem for receive buffer
E (27261) opencores.emac: no mem for receive buffer
E (27261) opencores.emac: no mem for receive buffer
E (27261) opencores.emac: no mem for receive buffer
E (27261) opencores.emac: no mem for receive buffer
E (27261) opencores.emac: no mem for receive buffer
E (27261) opencores.emac: no mem for receive buffer
E (27261) opencores.emac: no mem for receive buffer
E (27261) opencores.emac: no mem for receive buffer
E (27261) opencores.emac: no mem for receive buffer
E (27261) opencores.emac: no mem for receive buffer
E (27261) opencores.emac: no mem for receive buffer
E (27271) opencores.emac: no mem for receive buffer
E (27271) opencores.emac: no mem for receive buffer
E (27271) opencores.emac: no mem for receive buffer
E (27271) opencores.emac: no mem for receive buffer
E (27271) opencores.emac: no mem for receive buffer
E (27271) opencores.emac: no mem for receive buffer
E (27271) opencores.emac: no mem for receive buffer
E (27271) opencores.emac: no mem for receive buffer
E (27271) opencores.emac: no mem for receive buffer
E (27271) opencores.emac: no mem for receive buffer
E (27271) opencores.emac: no mem for receive buffer
E (27271) opencores.emac: no mem for receive buffer
E (27271) opencores.emac: no mem for receive buffer
E (27271) opencores.emac: no mem for receive buffer
E (27271) opencores.emac: no mem for receive buffer
E (27271) opencores.emac: no mem for receive buffer
E (27271) opencores.emac: no mem for receive buffer
E (27271) opencores.emac: no mem for receive buffer
E (27271) opencores.emac: no mem for receive buffer
E (27271) opencores.emac: no mem for receive buffer
E (27271) opencores.emac: no mem for receive buffer
E (27271) opencores.emac: no mem for receive buffer
E (27271) opencores.emac: no mem for receive buffer
E (27271) opencores.emac: no mem for receive buffer
E (27271) opencores.emac: no mem for receive buffer
E (27271) opencores.emac: no mem for receive buffer
E (27271) opencores.emac: no mem for receive buffer
E (27271) opencores.emac: no mem for receive buffer
E (27271) opencores.emac: no mem for receive buffer
E (27271) opencores.emac: no mem for receive buffer
E (27271) opencores.emac: no mem for receive buffer
E (27271) opencores.emac: no mem for receive buffer
E (27271) opencores.emac: no mem for receive buffer
E (27271) opencores.emac: no mem for receive buffer
E (27271) opencores.emac: no mem for receive buffer
E (27271) opencores.emac: no mem for receive buffer
E (27271) opencores.emac: no mem for receive buffer
E (27271) opencores.emac: no mem for receive buffer
E (27271) opencores.emac: no mem for receive buffer
E (27271) opencores.emac: no mem for receive buffer
E (27271) opencores.emac: no mem for receive buffer
E (27271) opencores.emac: no mem for receive buffer
E (27271) opencores.emac: no mem for receive buffer
E (27271) opencores.emac: no mem for receive buffer
E (27271) opencores.emac: no mem for receive buffer
E (27271) opencores.emac: no mem for receive buffer
E (27271) opencores.emac: no mem for receive buffer
E (27271) opencores.emac: no mem for receive buffer
E (27271) opencores.emac: no mem for receive buffer
E (27271) opencores.emac: no mem for receive buffer
E (27271) opencores.emac: no mem for receive buffer
E (27271) opencores.emac: no mem for receive buffer
E (27271) opencores.emac: no mem for receive buffer
E (27271) opencores.emac: no mem for receive buffer
E (27271) opencores.emac: no mem for receive buffer
E (27271) opencores.emac: no mem for receive buffer
E (27271) opencores.emac: no mem for receive buffer
E (27271) opencores.emac: no mem for receive buffer
E (27271) opencores.emac: no mem for receive buffer
E (27271) opencores.emac: no mem for receive buffer
E (27271) opencores.emac: no mem for receive buffer
E (27271) opencores.emac: no mem for receive buffer
E (27271) opencores.emac: no mem for receive buffer
E (27271) opencores.emac: no mem for receive buffer
E (27271) opencores.emac: no mem for receive buffer
E (27271) opencores.emac: no mem for receive buffer
E (27271) opencores.emac: no mem for receive buffer
E (27271) opencores.emac: no mem for receive buffer
E (27271) opencores.emac: no mem for receive buffer
E (27271) opencores.emac: no mem for receive buffer
E (27271) opencores.emac: no mem for receive buffer
E (27271) opencores.emac: no mem for receive buffer
E (27271) opencores.emac: no mem for receive buffer
E (27271) opencores.emac: no mem for receive buffer
E (27271) opencores.emac: no mem for receive buffer
E (27271) opencores.emac: no mem for receive buffer
E (27271) opencores.emac: no mem for receive buffer
E (27271) opencores.emac: no mem for receive buffer
E (27271) opencores.emac: no mem for receive buffer
E (27271) opencores.emac: no mem for receive buffer
E (27271) opencores.emac: no mem for receive buffer
E (27271) opencores.emac: no mem for receive buffer
E (27271) opencores.emac: no mem for receive buffer
E (27271) opencores.emac: no mem for receive buffer
E (27271) opencores.emac: no mem for receive buffer
E (27271) opencores.emac: no mem for receive buffer
E (27271) opencores.emac: no mem for receive buffer
E (27271) opencores.emac: no mem for receive buffer
E (27271) opencores.emac: no mem for receive buffer
E (27271) opencores.emac: no mem for receive buffer
E (27271) opencores.emac: no mem for receive buffer
E (27271) opencores.emac: no mem for receive buffer
E (27271) opencores.emac: no mem for receive buffer
E (27271) opencores.emac: no mem for receive buffer
E (27271) opencores.emac: no mem for receive buffer
E (27271) opencores.emac: no mem for receive buffer
E (27271) opencores.emac: no mem for receive buffer
E (27271) opencores.emac: no mem for receive buffer
E (27271) opencores.emac: no mem for receive buffer
E (27271) opencores.emac: no mem for receive buffer
E (27271) opencores.emac: no mem for receive buffer
E (27271) opencores.emac: no mem for receive buffer
E (27271) opencores.emac: no mem for receive buffer
E (27271) opencores.emac: no mem for receive buffer
E (27271) opencores.emac: no mem for receive buffer
E (27271) opencores.emac: no mem for receive buffer
E (27271) opencores.emac: no mem for receive buffer
E (27271) opencores.emac: no mem for receive buffer
E (27271) opencores.emac: no mem for receive buffer
E (27271) opencores.emac: no mem for receive buffer
E (27271) opencores.emac: no mem for receive buffer
E (27271) opencores.emac: no mem for receive buffer
E (27271) opencores.emac: no mem for receive buffer
E (27271) opencores.emac: no mem for receive buffer
E (27271) opencores.emac: no mem for receive buffer
E (27271) opencores.emac: no mem for receive buffer
E (27271) opencores.emac: no mem for receive buffer
E (27271) opencores.emac: no mem for receive buffer
E (27271) opencores.emac: no mem for receive buffer
E (27271) opencores.emac: no mem for receive buffer
E (27271) opencores.emac: no mem for receive buffer
E (27271) opencores.emac: no mem for receive buffer
E (27271) opencores.emac: no mem for receive buffer
E (27271) opencores.emac: no mem for receive buffer
E (27271) opencores.emac: no mem for receive buffer
E (27271) opencores.emac: no mem for receive buffer
E (27271) opencores.emac: no mem for receive buffer
E (27271) opencores.emac: no mem for receive buffer
E (27271) opencores.emac: no mem for receive buffer
E (27271) opencores.emac: no mem for receive buffer
E (27271) opencores.emac: no mem for receive buffer
E (27271) opencores.emac: no mem for receive buffer
E (27271) opencores.emac: no mem for receive buffer
E (27281) opencores.emac: no mem for receive buffer
E (27281) opencores.emac: no mem for receive buffer
E (27281) opencores.emac: no mem for receive buffer
E (27281) opencores.emac: no mem for receive buffer
E (27281) opencores.emac: no mem for receive buffer
E (27281) opencores.emac: no mem for receive buffer
E (27281) opencores.emac: no mem for receive buffer
E (27281) opencores.emac: no mem for receive buffer
E (27281) opencores.emac: no mem for receive buffer
E (27281) opencores.emac: no mem for receive buffer
E (27281) opencores.emac: no mem for receive buffer
E (27281) opencores.emac: no mem for receive buffer
E (27281) opencores.emac: no mem for receive buffer
E (27281) opencores.emac: no mem for receive buffer
E (27281) opencores.emac: no mem for receive buffer
E (27281) opencores.emac: no mem for receive buffer
E (27281) opencores.emac: no mem for receive buffer
E (27281) opencores.emac: no mem for receive buffer
E (27281) opencores.emac: no mem for receive buffer
E (27281) opencores.emac: no mem for receive buffer
E (27281) opencores.emac: no mem for receive buffer
E (27281) opencores.emac: no mem for receive buffer
E (27281) opencores.emac: no mem for receive buffer
E (27281) opencores.emac: no mem for receive buffer
E (27281) opencores.emac: no mem for receive buffer
E (27281) opencores.emac: no mem for receive buffer
E (27281) opencores.emac: no mem for receive buffer
E (27281) opencores.emac: no mem for receive buffer
E (27281) opencores.emac: no mem for receive buffer
E (27281) opencores.emac: no mem for receive buffer
E (27281) opencores.emac: no mem for receive buffer
E (27281) opencores.emac: no mem for receive buffer
E (27281) opencores.emac: no mem for receive buffer
E (27281) opencores.emac: no mem for receive buffer
E (27281) opencores.emac: no mem for receive buffer
E (27281) opencores.emac: no mem for receive buffer
E (27281) opencores.emac: no mem for receive buffer
E (27281) opencores.emac: no mem for receive buffer
E (27281) opencores.emac: no mem for receive buffer
E (27281) opencores.emac: no mem for receive buffer
[LOG TRUNCATED: 原始 237100 行 / 12M，关键证据行与末尾 500 行如下，完整日志可按工程 README/文章实验节复现]
E (46131) opencores.emac: no mem for receive buffer
E (46131) opencores.emac: no mem for receive buffer
E (46131) opencores.emac: no mem for receive buffer
E (46131) opencores.emac: no mem for receive buffer
E (46131) opencores.emac: no mem for receive buffer
E (46131) opencores.emac: no mem for receive buffer
E (46131) opencores.emac: no mem for receive buffer
E (46131) opencores.emac: no mem for receive buffer
E (46131) opencores.emac: no mem for receive buffer
E (46131) opencores.emac: no mem for receive buffer
E (46131) opencores.emac: no mem for receive buffer
E (46131) opencores.emac: no mem for receive buffer
E (46131) opencores.emac: no mem for receive buffer
E (46131) opencores.emac: no mem for receive buffer
E (46131) opencores.emac: no mem for receive buffer
E (46131) opencores.emac: no mem for receive buffer
E (46131) opencores.emac: no mem for receive buffer
E (46131) opencores.emac: no mem for receive buffer
E (46131) opencores.emac: no mem for receive buffer
E (46131) opencores.emac: no mem for receive buffer
E (46131) opencores.emac: no mem for receive buffer
E (46131) opencores.emac: no mem for receive buffer
E (46131) opencores.emac: no mem for receive buffer
E (46131) opencores.emac: no mem for receive buffer
E (46131) opencores.emac: no mem for receive buffer
E (46131) opencores.emac: no mem for receive buffer
E (46131) opencores.emac: no mem for receive buffer
E (46131) opencores.emac: no mem for receive buffer
E (46131) opencores.emac: no mem for receive buffer
E (46131) opencores.emac: no mem for receive buffer
E (46131) opencores.emac: no mem for receive buffer
E (46131) opencores.emac: no mem for receive buffer
E (46131) opencores.emac: no mem for receive buffer
E (46131) opencores.emac: no mem for receive buffer
E (46141) opencores.emac: no mem for receive buffer
E (46141) opencores.emac: no mem for receive buffer
E (46141) opencores.emac: no mem for receive buffer
E (46141) opencores.emac: no mem for receive buffer
E (46141) opencores.emac: no mem for receive buffer
E (46141) opencores.emac: no mem for receive buffer
E (46141) opencores.emac: no mem for receive buffer
E (46141) opencores.emac: no mem for receive buffer
E (46141) opencores.emac: no mem for receive buffer
E (46141) opencores.emac: no mem for receive buffer
E (46141) opencores.emac: no mem for receive buffer
E (46141) opencores.emac: no mem for receive buffer
E (46141) opencores.emac: no mem for receive buffer
E (46141) opencores.emac: no mem for receive buffer
E (46141) opencores.emac: no mem for receive buffer
E (46141) opencores.emac: no mem for receive buffer
E (46141) opencores.emac: no mem for receive buffer
E (46141) opencores.emac: no mem for receive buffer
E (46141) opencores.emac: no mem for receive buffer
E (46141) opencores.emac: no mem for receive buffer
E (46141) opencores.emac: no mem for receive buffer
E (46141) opencores.emac: no mem for receive buffer
E (46141) opencores.emac: no mem for receive buffer
E (46141) opencores.emac: no mem for receive buffer
E (46141) opencores.emac: no mem for receive buffer
E (46141) opencores.emac: no mem for receive buffer
E (46141) opencores.emac: no mem for receive buffer
E (46141) opencores.emac: no mem for receive buffer
E (46141) opencores.emac: no mem for receive buffer
E (46141) opencores.emac: no mem for receive buffer
E (46141) opencores.emac: no mem for receive buffer
E (46141) opencores.emac: no mem for receive buffer
E (46141) opencores.emac: no mem for receive buffer
E (46141) opencores.emac: no mem for receive buffer
E (46141) opencores.emac: no mem for receive buffer
E (46141) opencores.emac: no mem for receive buffer
E (46141) opencores.emac: no mem for receive buffer
E (46141) opencores.emac: no mem for receive buffer
E (46141) opencores.emac: no mem for receive buffer
E (46141) opencores.emac: no mem for receive buffer
E (46141) opencores.emac: no mem for receive buffer
E (46141) opencores.emac: no mem for receive buffer
E (46141) opencores.emac: no mem for receive buffer
E (46141) opencores.emac: no mem for receive buffer
E (46141) opencores.emac: no mem for receive buffer
E (46141) opencores.emac: no mem for receive buffer
E (46141) opencores.emac: no mem for receive buffer
E (46141) opencores.emac: no mem for receive buffer
E (46141) opencores.emac: no mem for receive buffer
E (46141) opencores.emac: no mem for receive buffer
E (46141) opencores.emac: no mem for receive buffer
E (46141) opencores.emac: no mem for receive buffer
E (46141) opencores.emac: no mem for receive buffer
E (46141) opencores.emac: no mem for receive buffer
E (46141) opencores.emac: no mem for receive buffer
E (46141) opencores.emac: no mem for receive buffer
E (46141) opencores.emac: no mem for receive buffer
E (46141) opencores.emac: no mem for receive buffer
E (46141) opencores.emac: no mem for receive buffer
E (46141) opencores.emac: no mem for receive buffer
E (46141) opencores.emac: no mem for receive buffer
E (46141) opencores.emac: no mem for receive buffer
E (46141) opencores.emac: no mem for receive buffer
E (46141) opencores.emac: no mem for receive buffer
E (46141) opencores.emac: no mem for receive buffer
E (46141) opencores.emac: no mem for receive buffer
E (46141) opencores.emac: no mem for receive buffer
E (46141) opencores.emac: no mem for receive buffer
E (46141) opencores.emac: no mem for receive buffer
E (46141) opencores.emac: no mem for receive buffer
E (46141) opencores.emac: no mem for receive buffer
E (46141) opencores.emac: no mem for receive buffer
E (46141) opencores.emac: no mem for receive buffer
E (46141) opencores.emac: no mem for receive buffer
E (46141) opencores.emac: no mem for receive buffer
E (46141) opencores.emac: no mem for receive buffer
E (46141) opencores.emac: no mem for receive buffer
E (46141) opencores.emac: no mem for receive buffer
E (46141) opencores.emac: no mem for receive buffer
E (46141) opencores.emac: no mem for receive buffer
E (46141) opencores.emac: no mem for receive buffer
E (46141) opencores.emac: no mem for receive buffer
E (46141) opencores.emac: no mem for receive buffer
E (46141) opencores.emac: no mem for receive buffer
E (46141) opencores.emac: no mem for receive buffer
E (46141) opencores.emac: no mem for receive buffer
E (46141) opencores.emac: no mem for receive buffer
E (46141) opencores.emac: no mem for receive buffer
E (46141) opencores.emac: no mem for receive buffer
E (46141) opencores.emac: no mem for receive buffer
E (46141) opencores.emac: no mem for receive buffer
E (46141) opencores.emac: no mem for receive buffer
E (46141) opencores.emac: no mem for receive buffer
E (46141) opencores.emac: no mem for receive buffer
E (46141) opencores.emac: no mem for receive buffer
E (46141) opencores.emac: no mem for receive buffer
E (46141) opencores.emac: no mem for receive buffer
E (46141) opencores.emac: no mem for receive buffer
E (46141) opencores.emac: no mem for receive buffer
E (46141) opencores.emac: no mem for receive buffer
E (46141) opencores.emac: no mem for receive buffer
E (46141) opencores.emac: no mem for receive buffer
E (46141) opencores.emac: no mem for receive buffer
E (46141) opencores.emac: no mem for receive buffer
E (46141) opencores.emac: no mem for receive buffer
E (46141) opencores.emac: no mem for receive buffer
E (46141) opencores.emac: no mem for receive buffer
E (46141) opencores.emac: no mem for receive buffer
E (46141) opencores.emac: no mem for receive buffer
E (46141) opencores.emac: no mem for receive buffer
E (46141) opencores.emac: no mem for receive buffer
E (46141) opencores.emac: no mem for receive buffer
E (46141) opencores.emac: no mem for receive buffer
E (46141) opencores.emac: no mem for receive buffer
E (46141) opencores.emac: no mem for receive buffer
E (46141) opencores.emac: no mem for receive buffer
E (46141) opencores.emac: no mem for receive buffer
E (46141) opencores.emac: no mem for receive buffer
E (46141) opencores.emac: no mem for receive buffer
E (46141) opencores.emac: no mem for receive buffer
E (46141) opencores.emac: no mem for receive buffer
E (46141) opencores.emac: no mem for receive buffer
E (46141) opencores.emac: no mem for receive buffer
E (46141) opencores.emac: no mem for receive buffer
E (46141) opencores.emac: no mem for receive buffer
E (46141) opencores.emac: no mem for receive buffer
E (46151) opencores.emac: no mem for receive buffer
E (46151) opencores.emac: no mem for receive buffer
E (46151) opencores.emac: no mem for receive buffer
E (46151) opencores.emac: no mem for receive buffer
E (46151) opencores.emac: no mem for receive buffer
E (46151) opencores.emac: no mem for receive buffer
E (46151) opencores.emac: no mem for receive buffer
E (46151) opencores.emac: no mem for receive buffer
E (46151) opencores.emac: no mem for receive buffer
E (46151) opencores.emac: no mem for receive buffer
E (46151) opencores.emac: no mem for receive buffer
E (46151) opencores.emac: no mem for receive buffer
E (46151) opencores.emac: no mem for receive buffer
E (46151) opencores.emac: no mem for receive buffer
E (46151) opencores.emac: no mem for receive buffer
E (46151) opencores.emac: no mem for receive buffer
E (46151) opencores.emac: no mem for receive buffer
E (46151) opencores.emac: no mem for receive buffer
E (46151) opencores.emac: no mem for receive buffer
E (46151) opencores.emac: no mem for receive buffer
E (46151) opencores.emac: no mem for receive buffer
E (46151) opencores.emac: no mem for receive buffer
E (46151) opencores.emac: no mem for receive buffer
E (46151) opencores.emac: no mem for receive buffer
E (46151) opencores.emac: no mem for receive buffer
E (46151) opencores.emac: no mem for receive buffer
E (46151) opencores.emac: no mem for receive buffer
E (46151) opencores.emac: no mem for receive buffer
E (46151) opencores.emac: no mem for receive buffer
E (46151) opencores.emac: no mem for receive buffer
I (46151) ch21lab: T+44621ms EV DELETED msg_id=63886
E (46151) opencores.emac: no mem for receive buffer
I (46151) ch21lab: T+44622ms EV DELETED msg_id=34106
I (46151) ch21lab: T+44622ms EV DELETED msg_id=28402
I (46151) ch21lab: T+44622ms EV DELETED msg_id=45843
I (46151) ch21lab: T+44622ms EV DELETED msg_id=49106
I (46151) ch21lab: T+44622ms EV DELETED msg_id=32201
I (46151) ch21lab: T+44623ms EV DELETED msg_id=17876
I (46151) ch21lab: T+44623ms EV DELETED msg_id=3623
I (46151) ch21lab: T+44623ms EV DELETED msg_id=10171
I (46151) ch21lab: T+44623ms EV DELETED msg_id=48095
I (46151) ch21lab: T+44623ms EV DELETED msg_id=55002
I (46151) ch21lab: T+44623ms EV DELETED msg_id=10594
I (46151) ch21lab: T+44624ms EV DELETED msg_id=53441
I (46151) ch21lab: T+44624ms EV DELETED msg_id=1311
I (46151) ch21lab: T+44624ms EV DELETED msg_id=58811
I (46151) ch21lab: T+44624ms EV DELETED msg_id=51149
I (46151) ch21lab: T+44624ms EV DELETED msg_id=20613
I (46151) ch21lab: T+44624ms EV DELETED msg_id=12106
I (46151) ch21lab: T+44624ms EV DELETED msg_id=16108
I (46151) ch21lab: T+44625ms EV DELETED msg_id=64528
I (46151) ch21lab: T+44625ms EV DELETED msg_id=47688
I (46151) ch21lab: T+44625ms EV DELETED msg_id=39522
I (46151) ch21lab: T+44625ms EV DELETED msg_id=10894
I (46151) ch21lab: T+44625ms EV DELETED msg_id=53122
I (46151) ch21lab: T+44625ms EV DELETED msg_id=4521
I (46151) ch21lab: T+44625ms EV DELETED msg_id=3317
I (46151) ch21lab: T+44626ms EV DELETED msg_id=44994
I (46151) ch21lab: T+44626ms EV DELETED msg_id=51084
I (46151) ch21lab: T+44626ms EV DELETED msg_id=42727
I (46151) ch21lab: T+44626ms EV DELETED msg_id=4092
I (46151) ch21lab: T+44626ms EV DELETED msg_id=4580
I (46151) ch21lab: T+44626ms EV DELETED msg_id=35419
I (46151) ch21lab: T+44626ms EV DELETED msg_id=1967
I (46151) ch21lab: T+44627ms EV DELETED msg_id=19795
I (46151) ch21lab: T+44627ms EV DELETED msg_id=4663
I (46151) ch21lab: T+44627ms EV DELETED msg_id=4080
I (46151) ch21lab: T+44627ms EV DELETED msg_id=52374
I (46151) ch21lab: T+44627ms EV DELETED msg_id=62381
I (46151) ch21lab: T+44627ms EV DELETED msg_id=8424
I (46151) ch21lab: T+44627ms EV DELETED msg_id=40428
I (46151) ch21lab: T+44628ms EV DELETED msg_id=26892
I (46151) ch21lab: T+44628ms EV DELETED msg_id=24553
I (46151) ch21lab: T+44628ms EV DELETED msg_id=54817
I (46151) ch21lab: T+44628ms EV DELETED msg_id=19651
I (46151) ch21lab: T+44628ms EV DELETED msg_id=59995
I (46151) ch21lab: T+44628ms EV DELETED msg_id=14293
I (46151) ch21lab: T+44629ms EV DELETED msg_id=45193
I (46151) ch21lab: T+44629ms EV DELETED msg_id=47134
I (46161) ch21lab: T+44629ms EV DELETED msg_id=29345
I (46161) ch21lab: T+44629ms EV DELETED msg_id=34099
I (46161) ch21lab: T+44629ms EV DELETED msg_id=14179
I (46161) ch21lab: T+44629ms EV DELETED msg_id=29724
I (46161) ch21lab: T+44629ms EV DELETED msg_id=14971
I (46161) ch21lab: T+44630ms EV DELETED msg_id=48075
I (46161) ch21lab: T+44630ms EV DELETED msg_id=42097
I (46161) ch21lab: T+44630ms EV DELETED msg_id=48615
I (46161) ch21lab: T+44630ms EV DELETED msg_id=22745
I (46161) ch21lab: T+44630ms EV DELETED msg_id=64411
I (46161) ch21lab: T+44630ms EV DELETED msg_id=28511
I (46161) ch21lab: T+44630ms EV DELETED msg_id=27132
I (46161) ch21lab: T+44631ms EV DELETED msg_id=33109
I (46161) ch21lab: T+44631ms EV DELETED msg_id=14023
I (46161) ch21lab: T+44631ms EV DELETED msg_id=12139
I (46161) ch21lab: T+44631ms EV DELETED msg_id=14525
I (46161) ch21lab: T+44631ms EV DELETED msg_id=48517
I (46161) ch21lab: T+44631ms EV DELETED msg_id=40295
I (46161) ch21lab: T+44632ms EV DELETED msg_id=47699
I (46161) ch21lab: T+44632ms EV DELETED msg_id=27581
I (46161) ch21lab: T+44632ms EV DELETED msg_id=3039
I (46161) ch21lab: T+44632ms EV DELETED msg_id=57805
I (46161) ch21lab: T+44632ms EV DELETED msg_id=55503
I (46161) ch21lab: T+44632ms EV DELETED msg_id=3057
I (46161) ch21lab: T+44632ms EV DELETED msg_id=49818
I (46161) ch21lab: T+44633ms EV DELETED msg_id=20745
I (46161) ch21lab: T+44633ms EV DELETED msg_id=11098
I (46161) ch21lab: T+44633ms EV DELETED msg_id=28717
I (46161) ch21lab: T+44633ms EV DELETED msg_id=16826
I (46161) ch21lab: T+44633ms EV DELETED msg_id=50270
I (46161) ch21lab: T+44633ms EV DELETED msg_id=20944
I (46161) ch21lab: T+44633ms EV DELETED msg_id=50973
I (46161) ch21lab: T+44634ms EV DELETED msg_id=16985
I (46161) ch21lab: T+44634ms EV DELETED msg_id=29561
I (46161) ch21lab: T+44634ms EV DELETED msg_id=18178
I (46161) ch21lab: T+44634ms EV DELETED msg_id=38220
I (46161) ch21lab: T+44634ms EV DELETED msg_id=60124
I (46161) ch21lab: T+44634ms EV DELETED msg_id=17072
I (46161) ch21lab: T+44634ms EV DELETED msg_id=28909
I (46161) ch21lab: T+44635ms EV DELETED msg_id=35639
I (46161) ch21lab: T+44635ms EV DELETED msg_id=35036
I (46161) ch21lab: T+44635ms EV DELETED msg_id=31902
I (46161) ch21lab: T+44635ms EV DELETED msg_id=53280
I (46161) ch21lab: T+44635ms EV DELETED msg_id=14542
I (46161) ch21lab: T+44635ms EV DELETED msg_id=21413
I (46161) ch21lab: T+44635ms EV DELETED msg_id=52305
I (46161) ch21lab: T+44636ms EV DELETED msg_id=25866
I (46161) ch21lab: T+44636ms EV DELETED msg_id=3336
I (46161) ch21lab: T+44636ms EV DELETED msg_id=35609
I (46161) ch21lab: T+44636ms EV DELETED msg_id=63181
I (46161) ch21lab: T+44636ms EV DELETED msg_id=5737
I (46161) ch21lab: T+44636ms EV DELETED msg_id=206
I (46161) ch21lab: T+44637ms EV DELETED msg_id=24697
I (46161) ch21lab: T+44637ms EV DELETED msg_id=25072
I (46161) ch21lab: T+44637ms EV DELETED msg_id=49588
I (46161) ch21lab: T+44637ms EV DELETED msg_id=16681
I (46161) ch21lab: T+44637ms EV DELETED msg_id=17301
I (46161) ch21lab: T+44637ms EV DELETED msg_id=26109
I (46161) ch21lab: T+44637ms EV DELETED msg_id=9343
I (46161) ch21lab: T+44638ms EV DELETED msg_id=34297
I (46161) ch21lab: T+44638ms EV DELETED msg_id=2028
I (46161) ch21lab: T+44638ms EV DELETED msg_id=33880
I (46161) ch21lab: T+44638ms EV DELETED msg_id=63153
I (46161) ch21lab: T+44638ms EV DELETED msg_id=44918
I (46161) ch21lab: T+44638ms EV DELETED msg_id=31807
I (46161) ch21lab: T+44638ms EV DELETED msg_id=14796
I (46161) ch21lab: T+44639ms EV DELETED msg_id=31374
I (46161) ch21lab: T+44639ms EV DELETED msg_id=15939
I (46171) ch21lab: T+44639ms EV DELETED msg_id=44589
I (46171) ch21lab: T+44639ms EV DELETED msg_id=50732
I (46171) ch21lab: T+44639ms EV DELETED msg_id=46506
I (46171) ch21lab: T+44639ms EV DELETED msg_id=32191
I (46171) ch21lab: T+44640ms EV DELETED msg_id=62400
I (46171) ch21lab: T+44640ms EV DELETED msg_id=33866
I (46171) ch21lab: T+44640ms EV DELETED msg_id=10573
I (46171) ch21lab: T+44640ms EV DELETED msg_id=13922
I (46171) ch21lab: T+44640ms EV DELETED msg_id=23579
I (46171) ch21lab: T+44640ms EV DELETED msg_id=50171
I (46171) ch21lab: T+44640ms EV DELETED msg_id=7987
I (46171) ch21lab: T+44641ms EV DELETED msg_id=65456
I (46171) ch21lab: T+44641ms EV DELETED msg_id=55524
I (46171) ch21lab: T+44641ms EV DELETED msg_id=7105
I (46171) ch21lab: T+44641ms EV DELETED msg_id=30745
I (46171) ch21lab: T+44641ms EV DELETED msg_id=21681
I (46171) ch21lab: T+44641ms EV DELETED msg_id=20813
I (46171) ch21lab: T+44641ms EV DELETED msg_id=46537
I (46171) ch21lab: T+44642ms EV DELETED msg_id=14344
I (46171) ch21lab: T+44642ms EV DELETED msg_id=9082
I (46171) ch21lab: T+44642ms EV DELETED msg_id=5465
I (46171) ch21lab: T+44642ms EV DELETED msg_id=8134
I (46171) ch21lab: T+44642ms EV DELETED msg_id=64186
I (46171) ch21lab: T+44642ms EV DELETED msg_id=1447
I (46171) ch21lab: T+44643ms EV DELETED msg_id=11666
I (46171) ch21lab: T+44643ms EV DELETED msg_id=24691
I (46171) ch21lab: T+44643ms EV DELETED msg_id=44639
I (46171) ch21lab: T+44643ms EV DELETED msg_id=7023
I (46171) ch21lab: T+44643ms EV DELETED msg_id=60244
I (46171) ch21lab: T+44643ms EV DELETED msg_id=58405
I (46171) ch21lab: T+44643ms EV DELETED msg_id=32575
I (46171) ch21lab: T+44644ms EV DELETED msg_id=40595
I (46171) ch21lab: T+44644ms EV DELETED msg_id=15834
I (46171) ch21lab: T+44644ms EV DELETED msg_id=51485
I (46171) ch21lab: T+44644ms EV DELETED msg_id=53569
I (46171) ch21lab: T+44644ms EV DELETED msg_id=50335
I (46171) ch21lab: T+44644ms EV DELETED msg_id=17396
I (46171) ch21lab: T+44644ms EV DELETED msg_id=42064
I (46171) ch21lab: T+44645ms EV DELETED msg_id=56357
I (46171) ch21lab: T+44645ms EV DELETED msg_id=35273
I (46171) ch21lab: T+44645ms EV DELETED msg_id=34660
I (46171) ch21lab: T+44645ms EV DELETED msg_id=27021
I (46171) ch21lab: T+44645ms EV DELETED msg_id=60211
I (46171) ch21lab: T+44645ms EV DELETED msg_id=13877
I (46171) ch21lab: T+44645ms EV DELETED msg_id=53193
I (46171) ch21lab: T+44646ms EV DELETED msg_id=18687
I (46171) ch21lab: T+44646ms EV DELETED msg_id=18340
I (46171) ch21lab: T+44646ms EV DELETED msg_id=33306
I (46171) ch21lab: T+44646ms EV DELETED msg_id=29447
I (46171) ch21lab: T+44646ms EV DELETED msg_id=12323
I (46171) ch21lab: T+44646ms EV DELETED msg_id=48595
I (46171) ch21lab: T+44646ms EV DELETED msg_id=52306
I (46171) ch21lab: T+44647ms EV DELETED msg_id=58099
I (46171) ch21lab: T+44647ms EV DELETED msg_id=34269
I (46171) ch21lab: T+44647ms EV DELETED msg_id=60452
I (46171) ch21lab: T+44647ms EV DELETED msg_id=39037
I (46171) ch21lab: T+44647ms EV DELETED msg_id=14482
I (46171) ch21lab: T+44647ms EV DELETED msg_id=38102
I (46171) ch21lab: T+44647ms EV DELETED msg_id=47778
I (46171) ch21lab: T+44648ms EV DELETED msg_id=8020
I (46171) ch21lab: T+44648ms EV DELETED msg_id=39685
I (46171) ch21lab: T+44648ms EV DELETED msg_id=11085
I (46171) ch21lab: T+44648ms EV DELETED msg_id=52391
I (46171) ch21lab: T+44648ms EV DELETED msg_id=22601
I (46171) ch21lab: T+44648ms EV DELETED msg_id=24874
I (46171) ch21lab: T+44649ms EV DELETED msg_id=46001
I (46171) ch21lab: T+44649ms EV DELETED msg_id=45550
I (46171) ch21lab: T+44649ms EV DELETED msg_id=39197
I (46181) ch21lab: T+44649ms EV DELETED msg_id=55059
I (46181) ch21lab: T+44649ms EV DELETED msg_id=48188
I (46181) ch21lab: T+44649ms EV DELETED msg_id=65345
I (46181) ch21lab: T+44649ms EV DELETED msg_id=49077
I (46181) ch21lab: T+44650ms EV DELETED msg_id=46357
I (46181) ch21lab: T+44650ms EV DELETED msg_id=63920
I (46181) ch21lab: T+44650ms EV DELETED msg_id=52654
I (46181) ch21lab: T+44650ms EV DELETED msg_id=15469
I (46181) ch21lab: T+44650ms EV DELETED msg_id=27201
I (46181) ch21lab: T+44650ms EV DELETED msg_id=48748
I (46181) ch21lab: T+44650ms EV DELETED msg_id=45352
I (46181) ch21lab: T+44651ms EV DELETED msg_id=36465
I (46181) ch21lab: T+44651ms EV DELETED msg_id=20935
I (46181) ch21lab: T+44651ms EV DELETED msg_id=18328
I (46181) ch21lab: T+44651ms EV DELETED msg_id=63650
I (46181) ch21lab: T+44651ms EV DELETED msg_id=5826
I (46181) ch21lab: T+44651ms EV DELETED msg_id=20103
I (46181) ch21lab: T+44652ms EV DELETED msg_id=48748
I (46181) ch21lab: T+44652ms EV DELETED msg_id=40362
I (46181) ch21lab: T+44652ms EV DELETED msg_id=58347
I (46181) ch21lab: T+44652ms EV DELETED msg_id=20456
I (46181) ch21lab: T+44652ms EV DELETED msg_id=53561
I (46181) ch21lab: T+44652ms EV DELETED msg_id=37676
I (46181) ch21lab: T+44652ms EV DELETED msg_id=49288
I (46181) ch21lab: T+44653ms EV DELETED msg_id=3561
I (46181) ch21lab: T+44653ms EV DELETED msg_id=28025
I (46181) ch21lab: T+44653ms EV DELETED msg_id=19343
I (46181) ch21lab: T+44653ms EV DELETED msg_id=26234
I (46181) ch21lab: T+44653ms EV DELETED msg_id=58988
I (46181) ch21lab: T+44653ms EV DELETED msg_id=45457
I (46181) ch21lab: T+44653ms EV DELETED msg_id=59371
I (46181) ch21lab: T+44654ms EV DELETED msg_id=34683
I (46181) ch21lab: T+44654ms EV DELETED msg_id=22967
I (46181) ch21lab: T+44654ms EV DELETED msg_id=26866
I (46181) ch21lab: T+44654ms EV DELETED msg_id=26002
I (46181) ch21lab: T+44654ms EV DELETED msg_id=20656
I (46181) ch21lab: T+44654ms EV DELETED msg_id=30756
I (46181) ch21lab: T+44654ms EV DELETED msg_id=33975
I (46181) ch21lab: T+44655ms EV DELETED msg_id=64314
I (46181) ch21lab: T+44655ms EV DELETED msg_id=22506
I (46181) ch21lab: T+44655ms EV DELETED msg_id=19366
I (46181) ch21lab: T+44655ms EV DELETED msg_id=32003
I (46181) ch21lab: T+44655ms EV DELETED msg_id=64565
I (46181) ch21lab: T+44655ms EV BEFORE_CONNECT
I (46191) ch21lab: T+44662ms EV CONNECTED session_present=0
I (89601) ch21lab: T+88069ms [LOSSY] qos0 enqueue-done sent=200 refused=0 skipped=26 (drop=26 pass=711)
W (104681) opencores.emac: emac_opencores_isr_handler: RX frame dropped (0x14)
W (116181) opencores.emac: emac_opencores_isr_handler: RX frame dropped (0x14)
W (132291) transport_base: Poll timeout or error, errno=Success, fd=54, timeout_ms=5000
E (132291) mqtt_client: Writing didn't complete in specified timeout: errno=0
I (132291) ch21lab: T+130760ms EV DISCONNECTED (total=6)
I (135291) ch21lab: T+133759ms EV BEFORE_CONNECT
I (135291) ch21lab: T+133763ms EV CONNECTED session_present=0
W (138681) opencores.emac: emac_opencores_isr_handler: RX frame dropped (0x14)
W (141681) opencores.emac: emac_opencores_isr_handler: RX frame dropped (0x14)
W (141721) opencores.emac: emac_opencores_isr_handler: RX frame dropped (0x14)
I (143541) ch21lab: T+142009ms [LOSSY] qos1 enqueue-done sent=200 refused=1 skipped=30 (drop=57 pass=854)
I (149211) ch21lab: T+147679ms [LOSSY] qos1 acked=200 (puback 延迟由桥侧时间戳评估)
I (157211) ch21lab: T+155679ms [INJ] OFF(B1) dropped=59 passed=867
I (161211) ch21lab: T+159679ms APP_STAGE_B1_END outbox=0B disc_total=6
I (161211) ch21lab: T+159679ms cfg->(B-flappy) ka=5s rec=2000ms, 干净断开触发重连
I (161211) mqtt_client: Client asked to disconnect
I (161781) ch21lab: T+160251ms EV DISCONNECTED (total=7)
I (164781) ch21lab: T+163249ms EV BEFORE_CONNECT
I (164791) ch21lab: T+163261ms EV CONNECTED session_present=0
I (164791) ch21lab: T+163262ms connected ok (reconnect-after-cfg)
I (164791) ch21lab: T+163262ms [INJ] ON p=20% (flappy)
W (186351) transport_base: Poll timeout or error, errno=Success, fd=54, timeout_ms=5000
E (186351) mqtt_client: Writing didn't complete in specified timeout: errno=0
I (186351) ch21lab: T+184820ms EV DISCONNECTED (total=8)
W (186351) mqtt_client: Publish: Losing qos0 data when client not connected
I (189351) ch21lab: T+187819ms EV BEFORE_CONNECT
I (189361) ch21lab: T+187831ms EV CONNECTED session_present=0
I (204481) ch21lab: T+202949ms [LOSSY] qos0 enqueue-done sent=200 refused=1 skipped=30 (drop=81 pass=969)
W (214681) opencores.emac: emac_opencores_isr_handler: RX frame dropped (0x14)
W (223241) transport_base: Poll timeout or error, errno=Success, fd=54, timeout_ms=5000
E (223241) mqtt_client: Writing didn't complete in specified timeout: errno=0
I (223241) ch21lab: T+221710ms EV DISCONNECTED (total=9)
I (226241) ch21lab: T+224709ms EV BEFORE_CONNECT
I (226251) ch21lab: T+224720ms EV CONNECTED session_present=0
W (228181) opencores.emac: emac_opencores_isr_handler: RX frame dropped (0x14)
W (234181) opencores.emac: emac_opencores_isr_handler: RX frame dropped (0x14)
W (235681) opencores.emac: emac_opencores_isr_handler: RX frame dropped (0x14)
E (241681) mqtt_client: No PING_RESP, disconnected
I (241681) ch21lab: T+240152ms EV DISCONNECTED (total=10)
I (244681) ch21lab: T+243149ms EV BEFORE_CONNECT
I (244691) ch21lab: T+243160ms EV CONNECTED session_present=0
W (252581) transport_base: Poll timeout or error, errno=Success, fd=54, timeout_ms=5000
E (252581) mqtt_client: Writing didn't complete in specified timeout: errno=0
I (252581) ch21lab: T+251050ms EV DISCONNECTED (total=11)
I (252581) ch21lab: T+251050ms EV DELETED msg_id=34249
I (252581) ch21lab: T+251050ms EV DELETED msg_id=51705
I (252581) ch21lab: T+251050ms EV DELETED msg_id=15331
I (255581) ch21lab: T+254049ms EV BEFORE_CONNECT
I (255591) ch21lab: T+254063ms EV CONNECTED session_present=0
I (259101) ch21lab: T+257569ms [LOSSY] qos1 enqueue-done sent=200 refused=2 skipped=90 (drop=107 pass=1112)
E (264191) mqtt_client: No PING_RESP, disconnected
I (264191) ch21lab: T+262660ms EV DISCONNECTED (total=12)
I (267191) ch21lab: T+265659ms EV BEFORE_CONNECT
I (267191) ch21lab: T+265663ms EV CONNECTED session_present=0
I (271231) ch21lab: T+269699ms EV DELETED msg_id=29169
I (271231) ch21lab: T+269699ms EV DELETED msg_id=3160
I (271231) ch21lab: T+269699ms EV DELETED msg_id=32704
I (271231) ch21lab: T+269700ms EV DELETED msg_id=3332
I (271231) ch21lab: T+269700ms EV DELETED msg_id=1398
I (271721) ch21lab: T+270190ms EV DELETED msg_id=39194
I (274111) ch21lab: T+272579ms [LOSSY] qos1 acked=182 (puback 延迟由桥侧时间戳评估)
I (277781) ch21lab: T+276249ms EV DELETED msg_id=19858
I (277781) ch21lab: T+276249ms EV DELETED msg_id=59108
I (277781) ch21lab: T+276249ms EV DELETED msg_id=40565
I (277781) ch21lab: T+276250ms EV DELETED msg_id=30916
I (277781) ch21lab: T+276250ms EV DELETED msg_id=3076
I (277781) ch21lab: T+276250ms EV DELETED msg_id=42173
I (282111) ch21lab: T+280579ms [INJ] OFF(B2) dropped=112 passed=1148
I (286111) ch21lab: T+284579ms APP_STAGE_B_END outbox=0B pubacks=638 disc=12
I (286111) ch21lab: T+284579ms APP_STAGE_D_BEGIN (sanity ping)
I (286611) ch21lab: T+285079ms APP_PHASE_HARDKILL_ARMED (宿主机 kill -TERM mosquitto,6s 后重启)
I (298611) ch21lab: T+297079ms [HARDKILL] 12s 内未见 DISCONNECTED（异常）
I (301011) ch21lab: T+299479ms APP_OFFLINE_ENQUEUED n=30 outbox=0B ack_pre=668
I (331011) ch21lab: T+329479ms FATAL: not connected (broker restarted) after 30000ms
I (333511) ch21lab: T+331979ms APP_OFFLINE_DRAINED outbox=0B puback_delta=0 (期望 n)
I (334011) ch21lab: T+332479ms [FINAL] inj dropped=112/1339 pubacks=668 free_heap=257856
I (334011) ch21lab: [HEAP] final                    free=257856 largest=126976
I (334011) ch21lab: T+332480ms APP_ALL_DONE
qemu-system-xtensa: terminating on signal 15 from pid 3566929 (timeout)
