1787780323: mosquitto version 2.0.22 starting
1787780323: Config loaded from /home/huanglin/code/quartz/practice/lwip-ch21-mqtt/scripts/mosquitto_lab.conf.
1787780323: Opening ipv4 listen socket on port 1883.
1787780323: mosquitto version 2.0.22 running
1787780323: New connection from 127.0.0.1:39250 on port 1883.
1787780323: New client connected from 127.0.0.1:39250 as ch21bridge-3574702 (p2, c1, k60).
1787780323: No will message specified.
1787780323: Sending CONNACK to ch21bridge-3574702 (0, 0)
1787780323: Received SUBSCRIBE from ch21bridge-3574702
1787780323: 	# (QoS 1)
1787780323: ch21bridge-3574702 1 #
1787780323: Sending SUBACK to ch21bridge-3574702
1787780325: New connection from 127.0.0.1:39254 on port 1883.
1787780325: New client connected from 127.0.0.1:39254 as ESP32_000000 (p2, c1, k5).
1787780325: No will message specified.
1787780325: Sending CONNACK to ESP32_000000 (0, 0)
1787780325: Received SUBSCRIBE from ESP32_000000
1787780325: 	ch21/rtt/rsp (QoS 0)
1787780325: ESP32_000000 0 ch21/rtt/rsp
1787780325: Sending SUBACK to ESP32_000000
1787780325: Received PUBLISH from ESP32_000000 (d0, q0, r0, m0, 'ch21/rtt/req', ... (1024 bytes))
1787780325: Sending PUBLISH to ch21bridge-3574702 (d0, q0, r0, m0, 'ch21/rtt/req', ... (1024 bytes))
1787780325: Received PUBLISH from ch21bridge-3574702 (d0, q0, r0, m0, 'ch21/rtt/rsp', ... (1024 bytes))
1787780325: Sending PUBLISH to ESP32_000000 (d0, q0, r0, m0, 'ch21/rtt/rsp', ... (1024 bytes))
1787780325: Sending PUBLISH to ch21bridge-3574702 (d0, q0, r0, m0, 'ch21/rtt/rsp', ... (1024 bytes))
1787780325: Received PUBLISH from ESP32_000000 (d0, q0, r0, m0, 'ch21/rtt/req', ... (1024 bytes))
1787780325: Sending PUBLISH to ch21bridge-3574702 (d0, q0, r0, m0, 'ch21/rtt/req', ... (1024 bytes))
1787780325: Received PUBLISH from ch21bridge-3574702 (d0, q0, r0, m0, 'ch21/rtt/rsp', ... (1024 bytes))
1787780325: Sending PUBLISH to ESP32_000000 (d0, q0, r0, m0, 'ch21/rtt/rsp', ... (1024 bytes))
1787780325: Sending PUBLISH to ch21bridge-3574702 (d0, q0, r0, m0, 'ch21/rtt/rsp', ... (1024 bytes))
1787780325: Received PUBLISH from ESP32_000000 (d0, q0, r0, m0, 'ch21/rtt/req', ... (1024 bytes))
1787780325: Sending PUBLISH to ch21bridge-3574702 (d0, q0, r0, m0, 'ch21/rtt/req', ... (1024 bytes))
1787780325: Received PUBLISH from ch21bridge-3574702 (d0, q0, r0, m0, 'ch21/rtt/rsp', ... (1024 bytes))
1787780325: Sending PUBLISH to ESP32_000000 (d0, q0, r0, m0, 'ch21/rtt/rsp', ... (1024 bytes))
1787780325: Sending PUBLISH to ch21bridge-3574702 (d0, q0, r0, m0, 'ch21/rtt/rsp', ... (1024 bytes))
1787780325: Received PUBLISH from ESP32_000000 (d0, q0, r0, m0, 'ch21/rtt/req', ... (1024 bytes))
1787780325: Sending PUBLISH to ch21bridge-3574702 (d0, q0, r0, m0, 'ch21/rtt/req', ... (1024 bytes))
1787780325: Received PUBLISH from ch21bridge-3574702 (d0, q0, r0, m0, 'ch21/rtt/rsp', ... (1024 bytes))
1787780325: Sending PUBLISH to ESP32_000000 (d0, q0, r0, m0, 'ch21/rtt/rsp', ... (1024 bytes))
1787780325: Sending PUBLISH to ch21bridge-3574702 (d0, q0, r0, m0, 'ch21/rtt/rsp', ... (1024 bytes))
1787780325: Received PUBLISH from ESP32_000000 (d0, q0, r0, m0, 'ch21/rtt/req', ... (1024 bytes))
1787780325: Sending PUBLISH to ch21bridge-3574702 (d0, q0, r0, m0, 'ch21/rtt/req', ... (1024 bytes))
1787780325: Received PUBLISH from ch21bridge-3574702 (d0, q0, r0, m0, 'ch21/rtt/rsp', ... (1024 bytes))
1787780325: Sending PUBLISH to ESP32_000000 (d0, q0, r0, m0, 'ch21/rtt/rsp', ... (1024 bytes))
1787780325: Sending PUBLISH to ch21bridge-3574702 (d0, q0, r0, m0, 'ch21/rtt/rsp', ... (1024 bytes))
1787780325: Received PUBLISH from ESP32_000000 (d0, q0, r0, m0, 'ch21/rtt/req', ... (1024 bytes))
1787780325: Sending PUBLISH to ch21bridge-3574702 (d0, q0, r0, m0, 'ch21/rtt/req', ... (1024 bytes))
1787780325: Received PUBLISH from ch21bridge-3574702 (d0, q0, r0, m0, 'ch21/rtt/rsp', ... (1024 bytes))
1787780325: Sending PUBLISH to ESP32_000000 (d0, q0, r0, m0, 'ch21/rtt/rsp', ... (1024 bytes))
1787780325: Sending PUBLISH to ch21bridge-3574702 (d0, q0, r0, m0, 'ch21/rtt/rsp', ... (1024 bytes))
1787780325: Received PUBLISH from ESP32_000000 (d0, q0, r0, m0, 'ch21/rtt/req', ... (1024 bytes))
1787780325: Sending PUBLISH to ch21bridge-3574702 (d0, q0, r0, m0, 'ch21/rtt/req', ... (1024 bytes))
1787780325: Received PUBLISH from ch21bridge-3574702 (d0, q0, r0, m0, 'ch21/rtt/rsp', ... (1024 bytes))
1787780325: Sending PUBLISH to ESP32_000000 (d0, q0, r0, m0, 'ch21/rtt/rsp', ... (1024 bytes))
1787780325: Sending PUBLISH to ch21bridge-3574702 (d0, q0, r0, m0, 'ch21/rtt/rsp', ... (1024 bytes))
1787780325: Received PUBLISH from ESP32_000000 (d0, q0, r0, m0, 'ch21/rtt/req', ... (1024 bytes))
1787780325: Sending PUBLISH to ch21bridge-3574702 (d0, q0, r0, m0, 'ch21/rtt/req', ... (1024 bytes))
1787780325: Received PUBLISH from ch21bridge-3574702 (d0, q0, r0, m0, 'ch21/rtt/rsp', ... (1024 bytes))
1787780325: Sending PUBLISH to ESP32_000000 (d0, q0, r0, m0, 'ch21/rtt/rsp', ... (1024 bytes))
1787780325: Sending PUBLISH to ch21bridge-3574702 (d0, q0, r0, m0, 'ch21/rtt/rsp', ... (1024 bytes))
1787780325: Received PUBLISH from ESP32_000000 (d0, q0, r0, m0, 'ch21/rtt/req', ... (1024 bytes))
1787780325: Sending PUBLISH to ch21bridge-3574702 (d0, q0, r0, m0, 'ch21/rtt/req', ... (1024 bytes))
1787780325: Received PUBLISH from ch21bridge-3574702 (d0, q0, r0, m0, 'ch21/rtt/rsp', ... (1024 bytes))
1787780325: Sending PUBLISH to ESP32_000000 (d0, q0, r0, m0, 'ch21/rtt/rsp', ... (1024 bytes))
1787780325: Sending PUBLISH to ch21bridge-3574702 (d0, q0, r0, m0, 'ch21/rtt/rsp', ... (1024 bytes))
1787780325: Received PUBLISH from ESP32_000000 (d0, q0, r0, m0, 'ch21/rtt/req', ... (1024 bytes))
1787780325: Sending PUBLISH to ch21bridge-3574702 (d0, q0, r0, m0, 'ch21/rtt/req', ... (1024 bytes))
1787780325: Received PUBLISH from ch21bridge-3574702 (d0, q0, r0, m0, 'ch21/rtt/rsp', ... (1024 bytes))
1787780325: Sending PUBLISH to ESP32_000000 (d0, q0, r0, m0, 'ch21/rtt/rsp', ... (1024 bytes))
1787780325: Sending PUBLISH to ch21bridge-3574702 (d0, q0, r0, m0, 'ch21/rtt/rsp', ... (1024 bytes))
1787780325: Received PUBLISH from ESP32_000000 (d0, q0, r0, m0, 'ch21/rtt/req', ... (1024 bytes))
1787780325: Sending PUBLISH to ch21bridge-3574702 (d0, q0, r0, m0, 'ch21/rtt/req', ... (1024 bytes))
1787780325: Received PUBLISH from ch21bridge-3574702 (d0, q0, r0, m0, 'ch21/rtt/rsp', ... (1024 bytes))
1787780325: Sending PUBLISH to ESP32_000000 (d0, q0, r0, m0, 'ch21/rtt/rsp', ... (1024 bytes))
1787780325: Sending PUBLISH to ch21bridge-3574702 (d0, q0, r0, m0, 'ch21/rtt/rsp', ... (1024 bytes))
1787780325: Received PUBLISH from ESP32_000000 (d0, q0, r0, m0, 'ch21/rtt/req', ... (1024 bytes))
1787780325: Sending PUBLISH to ch21bridge-3574702 (d0, q0, r0, m0, 'ch21/rtt/req', ... (1024 bytes))
1787780325: Received PUBLISH from ch21bridge-3574702 (d0, q0, r0, m0, 'ch21/rtt/rsp', ... (1024 bytes))
1787780325: Sending PUBLISH to ESP32_000000 (d0, q0, r0, m0, 'ch21/rtt/rsp', ... (1024 bytes))
1787780325: Sending PUBLISH to ch21bridge-3574702 (d0, q0, r0, m0, 'ch21/rtt/rsp', ... (1024 bytes))
1787780325: Received PUBLISH from ESP32_000000 (d0, q0, r0, m0, 'ch21/rtt/req', ... (1024 bytes))
1787780325: Sending PUBLISH to ch21bridge-3574702 (d0, q0, r0, m0, 'ch21/rtt/req', ... (1024 bytes))
1787780325: Received PUBLISH from ch21bridge-3574702 (d0, q0, r0, m0, 'ch21/rtt/rsp', ... (1024 bytes))
1787780325: Sending PUBLISH to ESP32_000000 (d0, q0, r0, m0, 'ch21/rtt/rsp', ... (1024 bytes))
1787780325: Sending PUBLISH to ch21bridge-3574702 (d0, q0, r0, m0, 'ch21/rtt/rsp', ... (1024 bytes))
1787780325: Received PUBLISH from ESP32_000000 (d0, q0, r0, m0, 'ch21/rtt/req', ... (1024 bytes))
1787780325: Sending PUBLISH to ch21bridge-3574702 (d0, q0, r0, m0, 'ch21/rtt/req', ... (1024 bytes))
1787780325: Received PUBLISH from ch21bridge-3574702 (d0, q0, r0, m0, 'ch21/rtt/rsp', ... (1024 bytes))
1787780325: Sending PUBLISH to ESP32_000000 (d0, q0, r0, m0, 'ch21/rtt/rsp', ... (1024 bytes))
1787780325: Sending PUBLISH to ch21bridge-3574702 (d0, q0, r0, m0, 'ch21/rtt/rsp', ... (1024 bytes))
1787780325: Received PUBLISH from ESP32_000000 (d0, q0, r0, m0, 'ch21/rtt/req', ... (1024 bytes))
1787780325: Sending PUBLISH to ch21bridge-3574702 (d0, q0, r0, m0, 'ch21/rtt/req', ... (1024 bytes))
1787780325: Received PUBLISH from ch21bridge-3574702 (d0, q0, r0, m0, 'ch21/rtt/rsp', ... (1024 bytes))
1787780325: Sending PUBLISH to ESP32_000000 (d0, q0, r0, m0, 'ch21/rtt/rsp', ... (1024 bytes))
1787780325: Sending PUBLISH to ch21bridge-3574702 (d0, q0, r0, m0, 'ch21/rtt/rsp', ... (1024 bytes))
1787780325: Received PUBLISH from ESP32_000000 (d0, q0, r0, m0, 'ch21/rtt/req', ... (1024 bytes))
1787780325: Sending PUBLISH to ch21bridge-3574702 (d0, q0, r0, m0, 'ch21/rtt/req', ... (1024 bytes))
1787780325: Received PUBLISH from ch21bridge-3574702 (d0, q0, r0, m0, 'ch21/rtt/rsp', ... (1024 bytes))
1787780325: Sending PUBLISH to ESP32_000000 (d0, q0, r0, m0, 'ch21/rtt/rsp', ... (1024 bytes))
1787780325: Sending PUBLISH to ch21bridge-3574702 (d0, q0, r0, m0, 'ch21/rtt/rsp', ... (1024 bytes))
1787780325: Received PUBLISH from ESP32_000000 (d0, q0, r0, m0, 'ch21/rtt/req', ... (1024 bytes))
1787780325: Sending PUBLISH to ch21bridge-3574702 (d0, q0, r0, m0, 'ch21/rtt/req', ... (1024 bytes))
1787780325: Received PUBLISH from ch21bridge-3574702 (d0, q0, r0, m0, 'ch21/rtt/rsp', ... (1024 bytes))
1787780325: Sending PUBLISH to ESP32_000000 (d0, q0, r0, m0, 'ch21/rtt/rsp', ... (1024 bytes))
1787780325: Sending PUBLISH to ch21bridge-3574702 (d0, q0, r0, m0, 'ch21/rtt/rsp', ... (1024 bytes))
1787780325: Received PUBLISH from ESP32_000000 (d0, q0, r0, m0, 'ch21/rtt/req', ... (1024 bytes))
1787780325: Sending PUBLISH to ch21bridge-3574702 (d0, q0, r0, m0, 'ch21/rtt/req', ... (1024 bytes))
1787780325: Received PUBLISH from ch21bridge-3574702 (d0, q0, r0, m0, 'ch21/rtt/rsp', ... (1024 bytes))
1787780325: Sending PUBLISH to ESP32_000000 (d0, q0, r0, m0, 'ch21/rtt/rsp', ... (1024 bytes))
1787780325: Sending PUBLISH to ch21bridge-3574702 (d0, q0, r0, m0, 'ch21/rtt/rsp', ... (1024 bytes))
1787780325: Received PUBLISH from ESP32_000000 (d0, q0, r0, m0, 'ch21/rtt/req', ... (1024 bytes))
1787780325: Sending PUBLISH to ch21bridge-3574702 (d0, q0, r0, m0, 'ch21/rtt/req', ... (1024 bytes))
1787780325: Received PUBLISH from ch21bridge-3574702 (d0, q0, r0, m0, 'ch21/rtt/rsp', ... (1024 bytes))
1787780325: Sending PUBLISH to ESP32_000000 (d0, q0, r0, m0, 'ch21/rtt/rsp', ... (1024 bytes))
1787780325: Sending PUBLISH to ch21bridge-3574702 (d0, q0, r0, m0, 'ch21/rtt/rsp', ... (1024 bytes))
1787780325: Received PUBLISH from ESP32_000000 (d0, q0, r0, m0, 'ch21/rtt/req', ... (1024 bytes))
1787780325: Sending PUBLISH to ch21bridge-3574702 (d0, q0, r0, m0, 'ch21/rtt/req', ... (1024 bytes))
1787780325: Received PUBLISH from ch21bridge-3574702 (d0, q0, r0, m0, 'ch21/rtt/rsp', ... (1024 bytes))
1787780325: Sending PUBLISH to ESP32_000000 (d0, q0, r0, m0, 'ch21/rtt/rsp', ... (1024 bytes))
1787780325: Sending PUBLISH to ch21bridge-3574702 (d0, q0, r0, m0, 'ch21/rtt/rsp', ... (1024 bytes))
1787780325: Received PUBLISH from ESP32_000000 (d0, q0, r0, m0, 'ch21/rtt/req', ... (1024 bytes))
1787780325: Sending PUBLISH to ch21bridge-3574702 (d0, q0, r0, m0, 'ch21/rtt/req', ... (1024 bytes))
1787780326: Received PUBLISH from ch21bridge-3574702 (d0, q0, r0, m0, 'ch21/rtt/rsp', ... (1024 bytes))
1787780326: Sending PUBLISH to ESP32_000000 (d0, q0, r0, m0, 'ch21/rtt/rsp', ... (1024 bytes))
1787780326: Sending PUBLISH to ch21bridge-3574702 (d0, q0, r0, m0, 'ch21/rtt/rsp', ... (1024 bytes))
1787780326: Received PUBLISH from ESP32_000000 (d0, q0, r0, m0, 'ch21/rtt/req', ... (1024 bytes))
1787780326: Sending PUBLISH to ch21bridge-3574702 (d0, q0, r0, m0, 'ch21/rtt/req', ... (1024 bytes))
1787780326: Received PUBLISH from ch21bridge-3574702 (d0, q0, r0, m0, 'ch21/rtt/rsp', ... (1024 bytes))
1787780326: Sending PUBLISH to ESP32_000000 (d0, q0, r0, m0, 'ch21/rtt/rsp', ... (1024 bytes))
1787780326: Sending PUBLISH to ch21bridge-3574702 (d0, q0, r0, m0, 'ch21/rtt/rsp', ... (1024 bytes))
1787780326: Received PUBLISH from ESP32_000000 (d0, q0, r0, m0, 'ch21/rtt/req', ... (1024 bytes))
1787780326: Sending PUBLISH to ch21bridge-3574702 (d0, q0, r0, m0, 'ch21/rtt/req', ... (1024 bytes))
1787780326: Received PUBLISH from ch21bridge-3574702 (d0, q0, r0, m0, 'ch21/rtt/rsp', ... (1024 bytes))
1787780326: Sending PUBLISH to ESP32_000000 (d0, q0, r0, m0, 'ch21/rtt/rsp', ... (1024 bytes))
1787780326: Sending PUBLISH to ch21bridge-3574702 (d0, q0, r0, m0, 'ch21/rtt/rsp', ... (1024 bytes))
1787780326: Received PUBLISH from ESP32_000000 (d0, q0, r0, m0, 'ch21/rtt/req', ... (1024 bytes))
1787780326: Sending PUBLISH to ch21bridge-3574702 (d0, q0, r0, m0, 'ch21/rtt/req', ... (1024 bytes))
1787780326: Received PUBLISH from ch21bridge-3574702 (d0, q0, r0, m0, 'ch21/rtt/rsp', ... (1024 bytes))
1787780326: Sending PUBLISH to ESP32_000000 (d0, q0, r0, m0, 'ch21/rtt/rsp', ... (1024 bytes))
1787780326: Sending PUBLISH to ch21bridge-3574702 (d0, q0, r0, m0, 'ch21/rtt/rsp', ... (1024 bytes))
1787780326: Received PUBLISH from ESP32_000000 (d0, q0, r0, m0, 'ch21/rtt/req', ... (1024 bytes))
1787780326: Sending PUBLISH to ch21bridge-3574702 (d0, q0, r0, m0, 'ch21/rtt/req', ... (1024 bytes))
1787780326: Received PUBLISH from ch21bridge-3574702 (d0, q0, r0, m0, 'ch21/rtt/rsp', ... (1024 bytes))
1787780326: Sending PUBLISH to ESP32_000000 (d0, q0, r0, m0, 'ch21/rtt/rsp', ... (1024 bytes))
1787780326: Sending PUBLISH to ch21bridge-3574702 (d0, q0, r0, m0, 'ch21/rtt/rsp', ... (1024 bytes))
1787780326: Received PUBLISH from ESP32_000000 (d0, q1, r0, m8231, 'ch21/rtt/req', ... (1024 bytes))
1787780326: Sending PUBLISH to ch21bridge-3574702 (d0, q1, r0, m1, 'ch21/rtt/req', ... (1024 bytes))
1787780326: Sending PUBACK to ESP32_000000 (m8231, rc0)
1787780326: Received PUBACK from ch21bridge-3574702 (Mid: 1, RC:0)
1787780326: Received PUBLISH from ch21bridge-3574702 (d0, q0, r0, m0, 'ch21/rtt/rsp', ... (1024 bytes))
1787780326: Sending PUBLISH to ESP32_000000 (d0, q0, r0, m0, 'ch21/rtt/rsp', ... (1024 bytes))
1787780326: Sending PUBLISH to ch21bridge-3574702 (d0, q0, r0, m0, 'ch21/rtt/rsp', ... (1024 bytes))
1787780326: Received PUBLISH from ESP32_000000 (d0, q1, r0, m60709, 'ch21/rtt/req', ... (1024 bytes))
1787780326: Sending PUBLISH to ch21bridge-3574702 (d0, q1, r0, m2, 'ch21/rtt/req', ... (1024 bytes))
1787780326: Sending PUBACK to ESP32_000000 (m60709, rc0)
1787780326: Received PUBACK from ch21bridge-3574702 (Mid: 2, RC:0)
1787780326: Received PUBLISH from ch21bridge-3574702 (d0, q0, r0, m0, 'ch21/rtt/rsp', ... (1024 bytes))
1787780326: Sending PUBLISH to ESP32_000000 (d0, q0, r0, m0, 'ch21/rtt/rsp', ... (1024 bytes))
1787780326: Sending PUBLISH to ch21bridge-3574702 (d0, q0, r0, m0, 'ch21/rtt/rsp', ... (1024 bytes))
1787780326: Received PUBLISH from ESP32_000000 (d0, q1, r0, m33189, 'ch21/rtt/req', ... (1024 bytes))
1787780326: Sending PUBLISH to ch21bridge-3574702 (d0, q1, r0, m3, 'ch21/rtt/req', ... (1024 bytes))
1787780326: Sending PUBACK to ESP32_000000 (m33189, rc0)
1787780326: Received PUBACK from ch21bridge-3574702 (Mid: 3, RC:0)
1787780326: Received PUBLISH from ch21bridge-3574702 (d0, q0, r0, m0, 'ch21/rtt/rsp', ... (1024 bytes))
1787780326: Sending PUBLISH to ESP32_000000 (d0, q0, r0, m0, 'ch21/rtt/rsp', ... (1024 bytes))
1787780326: Sending PUBLISH to ch21bridge-3574702 (d0, q0, r0, m0, 'ch21/rtt/rsp', ... (1024 bytes))
1787780326: Received PUBLISH from ESP32_000000 (d0, q1, r0, m6411, 'ch21/rtt/req', ... (1024 bytes))
1787780326: Sending PUBLISH to ch21bridge-3574702 (d0, q1, r0, m4, 'ch21/rtt/req', ... (1024 bytes))
1787780326: Sending PUBACK to ESP32_000000 (m6411, rc0)
1787780326: Received PUBACK from ch21bridge-3574702 (Mid: 4, RC:0)
1787780326: Received PUBLISH from ch21bridge-3574702 (d0, q0, r0, m0, 'ch21/rtt/rsp', ... (1024 bytes))
1787780326: Sending PUBLISH to ESP32_000000 (d0, q0, r0, m0, 'ch21/rtt/rsp', ... (1024 bytes))
1787780326: Sending PUBLISH to ch21bridge-3574702 (d0, q0, r0, m0, 'ch21/rtt/rsp', ... (1024 bytes))
1787780326: Received PUBLISH from ESP32_000000 (d0, q1, r0, m29878, 'ch21/rtt/req', ... (1024 bytes))
1787780326: Sending PUBLISH to ch21bridge-3574702 (d0, q1, r0, m5, 'ch21/rtt/req', ... (1024 bytes))
1787780326: Sending PUBACK to ESP32_000000 (m29878, rc0)
1787780326: Received PUBACK from ch21bridge-3574702 (Mid: 5, RC:0)
1787780326: Received PUBLISH from ch21bridge-3574702 (d0, q0, r0, m0, 'ch21/rtt/rsp', ... (1024 bytes))
1787780326: Sending PUBLISH to ESP32_000000 (d0, q0, r0, m0, 'ch21/rtt/rsp', ... (1024 bytes))
1787780326: Sending PUBLISH to ch21bridge-3574702 (d0, q0, r0, m0, 'ch21/rtt/rsp', ... (1024 bytes))
1787780326: Received PUBLISH from ESP32_000000 (d0, q1, r0, m22409, 'ch21/rtt/req', ... (1024 bytes))
1787780326: Sending PUBLISH to ch21bridge-3574702 (d0, q1, r0, m6, 'ch21/rtt/req', ... (1024 bytes))
1787780326: Sending PUBACK to ESP32_000000 (m22409, rc0)
1787780326: Received PUBACK from ch21bridge-3574702 (Mid: 6, RC:0)
1787780326: Received PUBLISH from ch21bridge-3574702 (d0, q0, r0, m0, 'ch21/rtt/rsp', ... (1024 bytes))
1787780326: Sending PUBLISH to ESP32_000000 (d0, q0, r0, m0, 'ch21/rtt/rsp', ... (1024 bytes))
1787780326: Sending PUBLISH to ch21bridge-3574702 (d0, q0, r0, m0, 'ch21/rtt/rsp', ... (1024 bytes))
1787780326: Received PUBLISH from ESP32_000000 (d0, q1, r0, m51181, 'ch21/rtt/req', ... (1024 bytes))
1787780326: Sending PUBLISH to ch21bridge-3574702 (d0, q1, r0, m7, 'ch21/rtt/req', ... (1024 bytes))
1787780326: Sending PUBACK to ESP32_000000 (m51181, rc0)
1787780326: Received PUBACK from ch21bridge-3574702 (Mid: 7, RC:0)
1787780326: Received PUBLISH from ch21bridge-3574702 (d0, q0, r0, m0, 'ch21/rtt/rsp', ... (1024 bytes))
1787780326: Sending PUBLISH to ESP32_000000 (d0, q0, r0, m0, 'ch21/rtt/rsp', ... (1024 bytes))
1787780326: Sending PUBLISH to ch21bridge-3574702 (d0, q0, r0, m0, 'ch21/rtt/rsp', ... (1024 bytes))
1787780326: Received PUBLISH from ESP32_000000 (d0, q1, r0, m51527, 'ch21/rtt/req', ... (1024 bytes))
1787780326: Sending PUBLISH to ch21bridge-3574702 (d0, q1, r0, m8, 'ch21/rtt/req', ... (1024 bytes))
1787780326: Sending PUBACK to ESP32_000000 (m51527, rc0)
1787780326: Received PUBACK from ch21bridge-3574702 (Mid: 8, RC:0)
1787780326: Received PUBLISH from ch21bridge-3574702 (d0, q0, r0, m0, 'ch21/rtt/rsp', ... (1024 bytes))
1787780326: Sending PUBLISH to ESP32_000000 (d0, q0, r0, m0, 'ch21/rtt/rsp', ... (1024 bytes))
1787780326: Sending PUBLISH to ch21bridge-3574702 (d0, q0, r0, m0, 'ch21/rtt/rsp', ... (1024 bytes))
1787780326: Received PUBLISH from ESP32_000000 (d0, q1, r0, m18323, 'ch21/rtt/req', ... (1024 bytes))
1787780326: Sending PUBLISH to ch21bridge-3574702 (d0, q1, r0, m9, 'ch21/rtt/req', ... (1024 bytes))
1787780326: Sending PUBACK to ESP32_000000 (m18323, rc0)
1787780326: Received PUBACK from ch21bridge-3574702 (Mid: 9, RC:0)
1787780326: Received PUBLISH from ch21bridge-3574702 (d0, q0, r0, m0, 'ch21/rtt/rsp', ... (1024 bytes))
1787780326: Sending PUBLISH to ESP32_000000 (d0, q0, r0, m0, 'ch21/rtt/rsp', ... (1024 bytes))
1787780326: Sending PUBLISH to ch21bridge-3574702 (d0, q0, r0, m0, 'ch21/rtt/rsp', ... (1024 bytes))
1787780326: Received PUBLISH from ESP32_000000 (d0, q1, r0, m26222, 'ch21/rtt/req', ... (1024 bytes))
1787780326: Sending PUBLISH to ch21bridge-3574702 (d0, q1, r0, m10, 'ch21/rtt/req', ... (1024 bytes))
1787780326: Sending PUBACK to ESP32_000000 (m26222, rc0)
1787780326: Received PUBACK from ch21bridge-3574702 (Mid: 10, RC:0)
1787780326: Received PUBLISH from ch21bridge-3574702 (d0, q0, r0, m0, 'ch21/rtt/rsp', ... (1024 bytes))
1787780326: Sending PUBLISH to ESP32_000000 (d0, q0, r0, m0, 'ch21/rtt/rsp', ... (1024 bytes))
1787780326: Sending PUBLISH to ch21bridge-3574702 (d0, q0, r0, m0, 'ch21/rtt/rsp', ... (1024 bytes))
1787780326: Received PUBLISH from ESP32_000000 (d0, q1, r0, m25167, 'ch21/rtt/req', ... (1024 bytes))
1787780326: Sending PUBLISH to ch21bridge-3574702 (d0, q1, r0, m11, 'ch21/rtt/req', ... (1024 bytes))
1787780326: Sending PUBACK to ESP32_000000 (m25167, rc0)
1787780326: Received PUBACK from ch21bridge-3574702 (Mid: 11, RC:0)
1787780326: Received PUBLISH from ch21bridge-3574702 (d0, q0, r0, m0, 'ch21/rtt/rsp', ... (1024 bytes))
1787780326: Sending PUBLISH to ESP32_000000 (d0, q0, r0, m0, 'ch21/rtt/rsp', ... (1024 bytes))
1787780326: Sending PUBLISH to ch21bridge-3574702 (d0, q0, r0, m0, 'ch21/rtt/rsp', ... (1024 bytes))
1787780326: Received PUBLISH from ESP32_000000 (d0, q1, r0, m8898, 'ch21/rtt/req', ... (1024 bytes))
1787780326: Sending PUBLISH to ch21bridge-3574702 (d0, q1, r0, m12, 'ch21/rtt/req', ... (1024 bytes))
1787780326: Sending PUBACK to ESP32_000000 (m8898, rc0)
1787780326: Received PUBACK from ch21bridge-3574702 (Mid: 12, RC:0)
1787780326: Received PUBLISH from ch21bridge-3574702 (d0, q0, r0, m0, 'ch21/rtt/rsp', ... (1024 bytes))
1787780326: Sending PUBLISH to ESP32_000000 (d0, q0, r0, m0, 'ch21/rtt/rsp', ... (1024 bytes))
1787780326: Sending PUBLISH to ch21bridge-3574702 (d0, q0, r0, m0, 'ch21/rtt/rsp', ... (1024 bytes))
1787780326: Received PUBLISH from ESP32_000000 (d0, q1, r0, m13761, 'ch21/rtt/req', ... (1024 bytes))
1787780326: Sending PUBLISH to ch21bridge-3574702 (d0, q1, r0, m13, 'ch21/rtt/req', ... (1024 bytes))
1787780326: Sending PUBACK to ESP32_000000 (m13761, rc0)
1787780326: Received PUBACK from ch21bridge-3574702 (Mid: 13, RC:0)
1787780326: Received PUBLISH from ch21bridge-3574702 (d0, q0, r0, m0, 'ch21/rtt/rsp', ... (1024 bytes))
1787780326: Sending PUBLISH to ESP32_000000 (d0, q0, r0, m0, 'ch21/rtt/rsp', ... (1024 bytes))
1787780326: Sending PUBLISH to ch21bridge-3574702 (d0, q0, r0, m0, 'ch21/rtt/rsp', ... (1024 bytes))
1787780326: Received PUBLISH from ESP32_000000 (d0, q1, r0, m47254, 'ch21/rtt/req', ... (1024 bytes))
1787780326: Sending PUBLISH to ch21bridge-3574702 (d0, q1, r0, m14, 'ch21/rtt/req', ... (1024 bytes))
1787780326: Sending PUBACK to ESP32_000000 (m47254, rc0)
1787780326: Received PUBACK from ch21bridge-3574702 (Mid: 14, RC:0)
1787780326: Received PUBLISH from ch21bridge-3574702 (d0, q0, r0, m0, 'ch21/rtt/rsp', ... (1024 bytes))
1787780326: Sending PUBLISH to ESP32_000000 (d0, q0, r0, m0, 'ch21/rtt/rsp', ... (1024 bytes))
1787780326: Sending PUBLISH to ch21bridge-3574702 (d0, q0, r0, m0, 'ch21/rtt/rsp', ... (1024 bytes))
1787780326: Received PUBLISH from ESP32_000000 (d0, q1, r0, m35591, 'ch21/rtt/req', ... (1024 bytes))
1787780326: Sending PUBLISH to ch21bridge-3574702 (d0, q1, r0, m15, 'ch21/rtt/req', ... (1024 bytes))
1787780326: Sending PUBACK to ESP32_000000 (m35591, rc0)
1787780326: Received PUBACK from ch21bridge-3574702 (Mid: 15, RC:0)
1787780326: Received PUBLISH from ch21bridge-3574702 (d0, q0, r0, m0, 'ch21/rtt/rsp', ... (1024 bytes))
1787780326: Sending PUBLISH to ESP32_000000 (d0, q0, r0, m0, 'ch21/rtt/rsp', ... (1024 bytes))
1787780326: Sending PUBLISH to ch21bridge-3574702 (d0, q0, r0, m0, 'ch21/rtt/rsp', ... (1024 bytes))
1787780326: Received PUBLISH from ESP32_000000 (d0, q1, r0, m56268, 'ch21/rtt/req', ... (1024 bytes))
1787780326: Sending PUBLISH to ch21bridge-3574702 (d0, q1, r0, m16, 'ch21/rtt/req', ... (1024 bytes))
1787780326: Sending PUBACK to ESP32_000000 (m56268, rc0)
1787780326: Received PUBACK from ch21bridge-3574702 (Mid: 16, RC:0)
1787780326: Received PUBLISH from ch21bridge-3574702 (d0, q0, r0, m0, 'ch21/rtt/rsp', ... (1024 bytes))
1787780326: Sending PUBLISH to ESP32_000000 (d0, q0, r0, m0, 'ch21/rtt/rsp', ... (1024 bytes))
1787780326: Sending PUBLISH to ch21bridge-3574702 (d0, q0, r0, m0, 'ch21/rtt/rsp', ... (1024 bytes))
1787780326: Received PUBLISH from ESP32_000000 (d0, q1, r0, m53742, 'ch21/rtt/req', ... (1024 bytes))
1787780326: Sending PUBLISH to ch21bridge-3574702 (d0, q1, r0, m17, 'ch21/rtt/req', ... (1024 bytes))
1787780326: Sending PUBACK to ESP32_000000 (m53742, rc0)
1787780326: Received PUBACK from ch21bridge-3574702 (Mid: 17, RC:0)
1787780326: Received PUBLISH from ch21bridge-3574702 (d0, q0, r0, m0, 'ch21/rtt/rsp', ... (1024 bytes))
1787780326: Sending PUBLISH to ESP32_000000 (d0, q0, r0, m0, 'ch21/rtt/rsp', ... (1024 bytes))
1787780326: Sending PUBLISH to ch21bridge-3574702 (d0, q0, r0, m0, 'ch21/rtt/rsp', ... (1024 bytes))
1787780326: Received PUBLISH from ESP32_000000 (d0, q1, r0, m64623, 'ch21/rtt/req', ... (1024 bytes))
1787780326: Sending PUBLISH to ch21bridge-3574702 (d0, q1, r0, m18, 'ch21/rtt/req', ... (1024 bytes))
1787780326: Sending PUBACK to ESP32_000000 (m64623, rc0)
1787780326: Received PUBACK from ch21bridge-3574702 (Mid: 18, RC:0)
1787780326: Received PUBLISH from ch21bridge-3574702 (d0, q0, r0, m0, 'ch21/rtt/rsp', ... (1024 bytes))
1787780326: Sending PUBLISH to ESP32_000000 (d0, q0, r0, m0, 'ch21/rtt/rsp', ... (1024 bytes))
1787780326: Sending PUBLISH to ch21bridge-3574702 (d0, q0, r0, m0, 'ch21/rtt/rsp', ... (1024 bytes))
1787780326: Received PUBLISH from ESP32_000000 (d0, q1, r0, m2791, 'ch21/rtt/req', ... (1024 bytes))
1787780326: Sending PUBLISH to ch21bridge-3574702 (d0, q1, r0, m19, 'ch21/rtt/req', ... (1024 bytes))
1787780326: Sending PUBACK to ESP32_000000 (m2791, rc0)
1787780326: Received PUBACK from ch21bridge-3574702 (Mid: 19, RC:0)
1787780326: Received PUBLISH from ch21bridge-3574702 (d0, q0, r0, m0, 'ch21/rtt/rsp', ... (1024 bytes))
1787780326: Sending PUBLISH to ESP32_000000 (d0, q0, r0, m0, 'ch21/rtt/rsp', ... (1024 bytes))
1787780326: Sending PUBLISH to ch21bridge-3574702 (d0, q0, r0, m0, 'ch21/rtt/rsp', ... (1024 bytes))
1787780327: Received PUBLISH from ESP32_000000 (d0, q1, r0, m64574, 'ch21/rtt/req', ... (1024 bytes))
1787780327: Sending PUBLISH to ch21bridge-3574702 (d0, q1, r0, m20, 'ch21/rtt/req', ... (1024 bytes))
1787780327: Sending PUBACK to ESP32_000000 (m64574, rc0)
1787780327: Received PUBACK from ch21bridge-3574702 (Mid: 20, RC:0)
1787780327: Received PUBLISH from ch21bridge-3574702 (d0, q0, r0, m0, 'ch21/rtt/rsp', ... (1024 bytes))
1787780327: Sending PUBLISH to ESP32_000000 (d0, q0, r0, m0, 'ch21/rtt/rsp', ... (1024 bytes))
1787780327: Sending PUBLISH to ch21bridge-3574702 (d0, q0, r0, m0, 'ch21/rtt/rsp', ... (1024 bytes))
1787780327: Received PUBLISH from ESP32_000000 (d0, q1, r0, m65439, 'ch21/rtt/req', ... (1024 bytes))
1787780327: Sending PUBLISH to ch21bridge-3574702 (d0, q1, r0, m21, 'ch21/rtt/req', ... (1024 bytes))
1787780327: Sending PUBACK to ESP32_000000 (m65439, rc0)
1787780327: Received PUBACK from ch21bridge-3574702 (Mid: 21, RC:0)
1787780327: Received PUBLISH from ch21bridge-3574702 (d0, q0, r0, m0, 'ch21/rtt/rsp', ... (1024 bytes))
1787780327: Sending PUBLISH to ESP32_000000 (d0, q0, r0, m0, 'ch21/rtt/rsp', ... (1024 bytes))
1787780327: Sending PUBLISH to ch21bridge-3574702 (d0, q0, r0, m0, 'ch21/rtt/rsp', ... (1024 bytes))
1787780327: Received PUBLISH from ESP32_000000 (d0, q1, r0, m16433, 'ch21/rtt/req', ... (1024 bytes))
1787780327: Sending PUBLISH to ch21bridge-3574702 (d0, q1, r0, m22, 'ch21/rtt/req', ... (1024 bytes))
1787780327: Sending PUBACK to ESP32_000000 (m16433, rc0)
1787780327: Received PUBACK from ch21bridge-3574702 (Mid: 22, RC:0)
1787780327: Received PUBLISH from ch21bridge-3574702 (d0, q0, r0, m0, 'ch21/rtt/rsp', ... (1024 bytes))
1787780327: Sending PUBLISH to ESP32_000000 (d0, q0, r0, m0, 'ch21/rtt/rsp', ... (1024 bytes))
1787780327: Sending PUBLISH to ch21bridge-3574702 (d0, q0, r0, m0, 'ch21/rtt/rsp', ... (1024 bytes))
1787780327: Received PUBLISH from ESP32_000000 (d0, q1, r0, m29798, 'ch21/rtt/req', ... (1024 bytes))
1787780327: Sending PUBLISH to ch21bridge-3574702 (d0, q1, r0, m23, 'ch21/rtt/req', ... (1024 bytes))
1787780327: Sending PUBACK to ESP32_000000 (m29798, rc0)
1787780327: Received PUBACK from ch21bridge-3574702 (Mid: 23, RC:0)
1787780327: Received PUBLISH from ch21bridge-3574702 (d0, q0, r0, m0, 'ch21/rtt/rsp', ... (1024 bytes))
1787780327: Sending PUBLISH to ESP32_000000 (d0, q0, r0, m0, 'ch21/rtt/rsp', ... (1024 bytes))
1787780327: Sending PUBLISH to ch21bridge-3574702 (d0, q0, r0, m0, 'ch21/rtt/rsp', ... (1024 bytes))
1787780327: Received PUBLISH from ESP32_000000 (d0, q1, r0, m62145, 'ch21/rtt/req', ... (1024 bytes))
1787780327: Sending PUBLISH to ch21bridge-3574702 (d0, q1, r0, m24, 'ch21/rtt/req', ... (1024 bytes))
1787780327: Sending PUBACK to ESP32_000000 (m62145, rc0)
1787780327: Received PUBACK from ch21bridge-3574702 (Mid: 24, RC:0)
1787780327: Received PUBLISH from ch21bridge-3574702 (d0, q0, r0, m0, 'ch21/rtt/rsp', ... (1024 bytes))
1787780327: Sending PUBLISH to ESP32_000000 (d0, q0, r0, m0, 'ch21/rtt/rsp', ... (1024 bytes))
1787780327: Sending PUBLISH to ch21bridge-3574702 (d0, q0, r0, m0, 'ch21/rtt/rsp', ... (1024 bytes))
1787780327: Received PUBLISH from ESP32_000000 (d0, q1, r0, m63608, 'ch21/rtt/req', ... (1024 bytes))
1787780327: Sending PUBLISH to ch21bridge-3574702 (d0, q1, r0, m25, 'ch21/rtt/req', ... (1024 bytes))
1787780327: Sending PUBACK to ESP32_000000 (m63608, rc0)
1787780327: Received PUBACK from ch21bridge-3574702 (Mid: 25, RC:0)
1787780327: Received PUBLISH from ch21bridge-3574702 (d0, q0, r0, m0, 'ch21/rtt/rsp', ... (1024 bytes))
1787780327: Sending PUBLISH to ESP32_000000 (d0, q0, r0, m0, 'ch21/rtt/rsp', ... (1024 bytes))
1787780327: Sending PUBLISH to ch21bridge-3574702 (d0, q0, r0, m0, 'ch21/rtt/rsp', ... (1024 bytes))
1787780327: Received PUBLISH from ESP32_000000 (d0, q0, r0, m0, 'ch21/lossy/qos0', ... (1024 bytes))
1787780327: Sending PUBLISH to ch21bridge-3574702 (d0, q0, r0, m0, 'ch21/lossy/qos0', ... (1024 bytes))
1787780327: Received PUBLISH from ESP32_000000 (d0, q0, r0, m0, 'ch21/lossy/qos0', ... (1024 bytes))
1787780327: Sending PUBLISH to ch21bridge-3574702 (d0, q0, r0, m0, 'ch21/lossy/qos0', ... (1024 bytes))
1787780327: Received PUBLISH from ESP32_000000 (d0, q0, r0, m0, 'ch21/lossy/qos0', ... (1024 bytes))
1787780327: Sending PUBLISH to ch21bridge-3574702 (d0, q0, r0, m0, 'ch21/lossy/qos0', ... (1024 bytes))
1787780327: Received PUBLISH from ESP32_000000 (d0, q0, r0, m0, 'ch21/lossy/qos0', ... (1024 bytes))
1787780327: Sending PUBLISH to ch21bridge-3574702 (d0, q0, r0, m0, 'ch21/lossy/qos0', ... (1024 bytes))
1787780327: Received PUBLISH from ESP32_000000 (d0, q0, r0, m0, 'ch21/lossy/qos0', ... (1024 bytes))
1787780327: Sending PUBLISH to ch21bridge-3574702 (d0, q0, r0, m0, 'ch21/lossy/qos0', ... (1024 bytes))
1787780327: Received PUBLISH from ESP32_000000 (d0, q0, r0, m0, 'ch21/lossy/qos0', ... (1024 bytes))
1787780327: Sending PUBLISH to ch21bridge-3574702 (d0, q0, r0, m0, 'ch21/lossy/qos0', ... (1024 bytes))
1787780327: Received PUBLISH from ESP32_000000 (d0, q0, r0, m0, 'ch21/lossy/qos0', ... (1024 bytes))
1787780327: Sending PUBLISH to ch21bridge-3574702 (d0, q0, r0, m0, 'ch21/lossy/qos0', ... (1024 bytes))
1787780327: Received PUBLISH from ESP32_000000 (d0, q0, r0, m0, 'ch21/lossy/qos0', ... (1024 bytes))
1787780327: Sending PUBLISH to ch21bridge-3574702 (d0, q0, r0, m0, 'ch21/lossy/qos0', ... (1024 bytes))
1787780327: Received PUBLISH from ESP32_000000 (d0, q0, r0, m0, 'ch21/lossy/qos0', ... (1024 bytes))
1787780327: Sending PUBLISH to ch21bridge-3574702 (d0, q0, r0, m0, 'ch21/lossy/qos0', ... (1024 bytes))
1787780327: Received PUBLISH from ESP32_000000 (d0, q0, r0, m0, 'ch21/lossy/qos0', ... (1024 bytes))
1787780327: Sending PUBLISH to ch21bridge-3574702 (d0, q0, r0, m0, 'ch21/lossy/qos0', ... (1024 bytes))
1787780327: Received PUBLISH from ESP32_000000 (d0, q0, r0, m0, 'ch21/lossy/qos0', ... (1024 bytes))
1787780327: Sending PUBLISH to ch21bridge-3574702 (d0, q0, r0, m0, 'ch21/lossy/qos0', ... (1024 bytes))
1787780327: Received PUBLISH from ESP32_000000 (d0, q0, r0, m0, 'ch21/lossy/qos0', ... (1024 bytes))
1787780327: Sending PUBLISH to ch21bridge-3574702 (d0, q0, r0, m0, 'ch21/lossy/qos0', ... (1024 bytes))
1787780327: Received PUBLISH from ESP32_000000 (d0, q0, r0, m0, 'ch21/lossy/qos0', ... (1024 bytes))
1787780327: Sending PUBLISH to ch21bridge-3574702 (d0, q0, r0, m0, 'ch21/lossy/qos0', ... (1024 bytes))
1787780327: Received PUBLISH from ESP32_000000 (d0, q0, r0, m0, 'ch21/lossy/qos0', ... (1024 bytes))
1787780327: Sending PUBLISH to ch21bridge-3574702 (d0, q0, r0, m0, 'ch21/lossy/qos0', ... (1024 bytes))
1787780327: Received PUBLISH from ESP32_000000 (d0, q0, r0, m0, 'ch21/lossy/qos0', ... (1024 bytes))
1787780327: Sending PUBLISH to ch21bridge-3574702 (d0, q0, r0, m0, 'ch21/lossy/qos0', ... (1024 bytes))
1787780327: Received PUBLISH from ESP32_000000 (d0, q0, r0, m0, 'ch21/lossy/qos0', ... (1024 bytes))
1787780327: Sending PUBLISH to ch21bridge-3574702 (d0, q0, r0, m0, 'ch21/lossy/qos0', ... (1024 bytes))
1787780327: Received PUBLISH from ESP32_000000 (d0, q0, r0, m0, 'ch21/lossy/qos0', ... (1024 bytes))
1787780327: Sending PUBLISH to ch21bridge-3574702 (d0, q0, r0, m0, 'ch21/lossy/qos0', ... (1024 bytes))
1787780327: Received PUBLISH from ESP32_000000 (d0, q0, r0, m0, 'ch21/lossy/qos0', ... (1024 bytes))
1787780327: Sending PUBLISH to ch21bridge-3574702 (d0, q0, r0, m0, 'ch21/lossy/qos0', ... (1024 bytes))
1787780327: Received PUBLISH from ESP32_000000 (d0, q0, r0, m0, 'ch21/lossy/qos0', ... (1024 bytes))
1787780327: Sending PUBLISH to ch21bridge-3574702 (d0, q0, r0, m0, 'ch21/lossy/qos0', ... (1024 bytes))
1787780327: Received PUBLISH from ESP32_000000 (d0, q0, r0, m0, 'ch21/lossy/qos0', ... (1024 bytes))
1787780327: Sending PUBLISH to ch21bridge-3574702 (d0, q0, r0, m0, 'ch21/lossy/qos0', ... (1024 bytes))
1787780327: Received PUBLISH from ESP32_000000 (d0, q0, r0, m0, 'ch21/lossy/qos0', ... (1024 bytes))
1787780327: Sending PUBLISH to ch21bridge-3574702 (d0, q0, r0, m0, 'ch21/lossy/qos0', ... (1024 bytes))
1787780327: Received PUBLISH from ESP32_000000 (d0, q0, r0, m0, 'ch21/lossy/qos0', ... (1024 bytes))
1787780327: Sending PUBLISH to ch21bridge-3574702 (d0, q0, r0, m0, 'ch21/lossy/qos0', ... (1024 bytes))
1787780327: Received PUBLISH from ESP32_000000 (d0, q0, r0, m0, 'ch21/lossy/qos0', ... (1024 bytes))
1787780327: Sending PUBLISH to ch21bridge-3574702 (d0, q0, r0, m0, 'ch21/lossy/qos0', ... (1024 bytes))
1787780327: Received PUBLISH from ESP32_000000 (d0, q0, r0, m0, 'ch21/lossy/qos0', ... (1024 bytes))
1787780327: Sending PUBLISH to ch21bridge-3574702 (d0, q0, r0, m0, 'ch21/lossy/qos0', ... (1024 bytes))
1787780327: Received PUBLISH from ESP32_000000 (d0, q0, r0, m0, 'ch21/lossy/qos0', ... (1024 bytes))
1787780327: Sending PUBLISH to ch21bridge-3574702 (d0, q0, r0, m0, 'ch21/lossy/qos0', ... (1024 bytes))
1787780327: Received PUBLISH from ESP32_000000 (d0, q0, r0, m0, 'ch21/lossy/qos0', ... (1024 bytes))
1787780327: Sending PUBLISH to ch21bridge-3574702 (d0, q0, r0, m0, 'ch21/lossy/qos0', ... (1024 bytes))
1787780327: Received PUBLISH from ESP32_000000 (d0, q0, r0, m0, 'ch21/lossy/qos0', ... (1024 bytes))
1787780327: Sending PUBLISH to ch21bridge-3574702 (d0, q0, r0, m0, 'ch21/lossy/qos0', ... (1024 bytes))
1787780327: Received PUBLISH from ESP32_000000 (d0, q0, r0, m0, 'ch21/lossy/qos0', ... (1024 bytes))
1787780327: Sending PUBLISH to ch21bridge-3574702 (d0, q0, r0, m0, 'ch21/lossy/qos0', ... (1024 bytes))
1787780327: Received PUBLISH from ESP32_000000 (d0, q0, r0, m0, 'ch21/lossy/qos0', ... (1024 bytes))
1787780327: Sending PUBLISH to ch21bridge-3574702 (d0, q0, r0, m0, 'ch21/lossy/qos0', ... (1024 bytes))
1787780327: Received PUBLISH from ESP32_000000 (d0, q0, r0, m0, 'ch21/lossy/qos0', ... (1024 bytes))
1787780327: Sending PUBLISH to ch21bridge-3574702 (d0, q0, r0, m0, 'ch21/lossy/qos0', ... (1024 bytes))
1787780327: Received PUBLISH from ESP32_000000 (d0, q0, r0, m0, 'ch21/lossy/qos0', ... (1024 bytes))
1787780327: Sending PUBLISH to ch21bridge-3574702 (d0, q0, r0, m0, 'ch21/lossy/qos0', ... (1024 bytes))
1787780327: Received PUBLISH from ESP32_000000 (d0, q0, r0, m0, 'ch21/lossy/qos0', ... (1024 bytes))
1787780327: Sending PUBLISH to ch21bridge-3574702 (d0, q0, r0, m0, 'ch21/lossy/qos0', ... (1024 bytes))
1787780327: Received PUBLISH from ESP32_000000 (d0, q0, r0, m0, 'ch21/lossy/qos0', ... (1024 bytes))
1787780327: Sending PUBLISH to ch21bridge-3574702 (d0, q0, r0, m0, 'ch21/lossy/qos0', ... (1024 bytes))
1787780327: Received PUBLISH from ESP32_000000 (d0, q0, r0, m0, 'ch21/lossy/qos0', ... (1024 bytes))
1787780327: Sending PUBLISH to ch21bridge-3574702 (d0, q0, r0, m0, 'ch21/lossy/qos0', ... (1024 bytes))
1787780327: Received PUBLISH from ESP32_000000 (d0, q0, r0, m0, 'ch21/lossy/qos0', ... (1024 bytes))
1787780327: Sending PUBLISH to ch21bridge-3574702 (d0, q0, r0, m0, 'ch21/lossy/qos0', ... (1024 bytes))
1787780327: Received PUBLISH from ESP32_000000 (d0, q0, r0, m0, 'ch21/lossy/qos0', ... (1024 bytes))
1787780327: Sending PUBLISH to ch21bridge-3574702 (d0, q0, r0, m0, 'ch21/lossy/qos0', ... (1024 bytes))
1787780327: Received PUBLISH from ESP32_000000 (d0, q0, r0, m0, 'ch21/lossy/qos0', ... (1024 bytes))
1787780327: Sending PUBLISH to ch21bridge-3574702 (d0, q0, r0, m0, 'ch21/lossy/qos0', ... (1024 bytes))
1787780327: Received PUBLISH from ESP32_000000 (d0, q0, r0, m0, 'ch21/lossy/qos0', ... (1024 bytes))
1787780327: Sending PUBLISH to ch21bridge-3574702 (d0, q0, r0, m0, 'ch21/lossy/qos0', ... (1024 bytes))
1787780327: Received PUBLISH from ESP32_000000 (d0, q0, r0, m0, 'ch21/lossy/qos0', ... (1024 bytes))
1787780327: Sending PUBLISH to ch21bridge-3574702 (d0, q0, r0, m0, 'ch21/lossy/qos0', ... (1024 bytes))
1787780327: Received PUBLISH from ESP32_000000 (d0, q0, r0, m0, 'ch21/lossy/qos0', ... (1024 bytes))
1787780327: Sending PUBLISH to ch21bridge-3574702 (d0, q0, r0, m0, 'ch21/lossy/qos0', ... (1024 bytes))
1787780327: Received PUBLISH from ESP32_000000 (d0, q0, r0, m0, 'ch21/lossy/qos0', ... (1024 bytes))
1787780327: Sending PUBLISH to ch21bridge-3574702 (d0, q0, r0, m0, 'ch21/lossy/qos0', ... (1024 bytes))
1787780327: Received PUBLISH from ESP32_000000 (d0, q0, r0, m0, 'ch21/lossy/qos0', ... (1024 bytes))
1787780327: Sending PUBLISH to ch21bridge-3574702 (d0, q0, r0, m0, 'ch21/lossy/qos0', ... (1024 bytes))
1787780327: Received PUBLISH from ESP32_000000 (d0, q0, r0, m0, 'ch21/lossy/qos0', ... (1024 bytes))
1787780327: Sending PUBLISH to ch21bridge-3574702 (d0, q0, r0, m0, 'ch21/lossy/qos0', ... (1024 bytes))
1787780327: Received PUBLISH from ESP32_000000 (d0, q0, r0, m0, 'ch21/lossy/qos0', ... (1024 bytes))
1787780327: Sending PUBLISH to ch21bridge-3574702 (d0, q0, r0, m0, 'ch21/lossy/qos0', ... (1024 bytes))
1787780327: Received PUBLISH from ESP32_000000 (d0, q0, r0, m0, 'ch21/lossy/qos0', ... (1024 bytes))
1787780327: Sending PUBLISH to ch21bridge-3574702 (d0, q0, r0, m0, 'ch21/lossy/qos0', ... (1024 bytes))
1787780327: Received PUBLISH from ESP32_000000 (d0, q0, r0, m0, 'ch21/lossy/qos0', ... (1024 bytes))
1787780327: Sending PUBLISH to ch21bridge-3574702 (d0, q0, r0, m0, 'ch21/lossy/qos0', ... (1024 bytes))
1787780327: Received PUBLISH from ESP32_000000 (d0, q0, r0, m0, 'ch21/lossy/qos0', ... (1024 bytes))
1787780327: Sending PUBLISH to ch21bridge-3574702 (d0, q0, r0, m0, 'ch21/lossy/qos0', ... (1024 bytes))
1787780327: Received PUBLISH from ESP32_000000 (d0, q0, r0, m0, 'ch21/lossy/qos0', ... (1024 bytes))
1787780327: Sending PUBLISH to ch21bridge-3574702 (d0, q0, r0, m0, 'ch21/lossy/qos0', ... (1024 bytes))
1787780327: Received PUBLISH from ESP32_000000 (d0, q0, r0, m0, 'ch21/lossy/qos0', ... (1024 bytes))
1787780327: Sending PUBLISH to ch21bridge-3574702 (d0, q0, r0, m0, 'ch21/lossy/qos0', ... (1024 bytes))
1787780327: Received PUBLISH from ESP32_000000 (d0, q0, r0, m0, 'ch21/lossy/qos0', ... (1024 bytes))
1787780327: Sending PUBLISH to ch21bridge-3574702 (d0, q0, r0, m0, 'ch21/lossy/qos0', ... (1024 bytes))
1787780327: Received PUBLISH from ESP32_000000 (d0, q0, r0, m0, 'ch21/lossy/qos0', ... (1024 bytes))
1787780327: Sending PUBLISH to ch21bridge-3574702 (d0, q0, r0, m0, 'ch21/lossy/qos0', ... (1024 bytes))
1787780327: Received PUBLISH from ESP32_000000 (d0, q0, r0, m0, 'ch21/lossy/qos0', ... (1024 bytes))
1787780327: Sending PUBLISH to ch21bridge-3574702 (d0, q0, r0, m0, 'ch21/lossy/qos0', ... (1024 bytes))
1787780327: Received PUBLISH from ESP32_000000 (d0, q0, r0, m0, 'ch21/lossy/qos0', ... (1024 bytes))
1787780327: Sending PUBLISH to ch21bridge-3574702 (d0, q0, r0, m0, 'ch21/lossy/qos0', ... (1024 bytes))
1787780327: Received PUBLISH from ESP32_000000 (d0, q0, r0, m0, 'ch21/lossy/qos0', ... (1024 bytes))
1787780327: Sending PUBLISH to ch21bridge-3574702 (d0, q0, r0, m0, 'ch21/lossy/qos0', ... (1024 bytes))
1787780327: Received PUBLISH from ESP32_000000 (d0, q0, r0, m0, 'ch21/lossy/qos0', ... (1024 bytes))
1787780327: Sending PUBLISH to ch21bridge-3574702 (d0, q0, r0, m0, 'ch21/lossy/qos0', ... (1024 bytes))
1787780327: Received PUBLISH from ESP32_000000 (d0, q0, r0, m0, 'ch21/lossy/qos0', ... (1024 bytes))
1787780327: Sending PUBLISH to ch21bridge-3574702 (d0, q0, r0, m0, 'ch21/lossy/qos0', ... (1024 bytes))
1787780327: Received PUBLISH from ESP32_000000 (d0, q0, r0, m0, 'ch21/lossy/qos0', ... (1024 bytes))
1787780327: Sending PUBLISH to ch21bridge-3574702 (d0, q0, r0, m0, 'ch21/lossy/qos0', ... (1024 bytes))
1787780327: Received PUBLISH from ESP32_000000 (d0, q0, r0, m0, 'ch21/lossy/qos0', ... (1024 bytes))
1787780327: Sending PUBLISH to ch21bridge-3574702 (d0, q0, r0, m0, 'ch21/lossy/qos0', ... (1024 bytes))
1787780327: Received PUBLISH from ESP32_000000 (d0, q0, r0, m0, 'ch21/lossy/qos0', ... (1024 bytes))
1787780327: Sending PUBLISH to ch21bridge-3574702 (d0, q0, r0, m0, 'ch21/lossy/qos0', ... (1024 bytes))
1787780327: Received PUBLISH from ESP32_000000 (d0, q0, r0, m0, 'ch21/lossy/qos0', ... (1024 bytes))
1787780327: Sending PUBLISH to ch21bridge-3574702 (d0, q0, r0, m0, 'ch21/lossy/qos0', ... (1024 bytes))
1787780327: Received PUBLISH from ESP32_000000 (d0, q0, r0, m0, 'ch21/lossy/qos0', ... (1024 bytes))
1787780327: Sending PUBLISH to ch21bridge-3574702 (d0, q0, r0, m0, 'ch21/lossy/qos0', ... (1024 bytes))
1787780327: Received PUBLISH from ESP32_000000 (d0, q0, r0, m0, 'ch21/lossy/qos0', ... (1024 bytes))
1787780327: Sending PUBLISH to ch21bridge-3574702 (d0, q0, r0, m0, 'ch21/lossy/qos0', ... (1024 bytes))
1787780327: Received PUBLISH from ESP32_000000 (d0, q0, r0, m0, 'ch21/lossy/qos0', ... (1024 bytes))
1787780327: Sending PUBLISH to ch21bridge-3574702 (d0, q0, r0, m0, 'ch21/lossy/qos0', ... (1024 bytes))
1787780327: Received PUBLISH from ESP32_000000 (d0, q0, r0, m0, 'ch21/lossy/qos0', ... (1024 bytes))
1787780327: Sending PUBLISH to ch21bridge-3574702 (d0, q0, r0, m0, 'ch21/lossy/qos0', ... (1024 bytes))
1787780327: Received PUBLISH from ESP32_000000 (d0, q0, r0, m0, 'ch21/lossy/qos0', ... (1024 bytes))
1787780327: Sending PUBLISH to ch21bridge-3574702 (d0, q0, r0, m0, 'ch21/lossy/qos0', ... (1024 bytes))
1787780327: Received PUBLISH from ESP32_000000 (d0, q0, r0, m0, 'ch21/lossy/qos0', ... (1024 bytes))
1787780327: Sending PUBLISH to ch21bridge-3574702 (d0, q0, r0, m0, 'ch21/lossy/qos0', ... (1024 bytes))
1787780327: Received PUBLISH from ESP32_000000 (d0, q0, r0, m0, 'ch21/lossy/qos0', ... (1024 bytes))
1787780327: Sending PUBLISH to ch21bridge-3574702 (d0, q0, r0, m0, 'ch21/lossy/qos0', ... (1024 bytes))
1787780327: Received PUBLISH from ESP32_000000 (d0, q0, r0, m0, 'ch21/lossy/qos0', ... (1024 bytes))
1787780327: Sending PUBLISH to ch21bridge-3574702 (d0, q0, r0, m0, 'ch21/lossy/qos0', ... (1024 bytes))
1787780327: Received PUBLISH from ESP32_000000 (d0, q0, r0, m0, 'ch21/lossy/qos0', ... (1024 bytes))
1787780327: Sending PUBLISH to ch21bridge-3574702 (d0, q0, r0, m0, 'ch21/lossy/qos0', ... (1024 bytes))
1787780327: Received PUBLISH from ESP32_000000 (d0, q0, r0, m0, 'ch21/lossy/qos0', ... (1024 bytes))
1787780327: Sending PUBLISH to ch21bridge-3574702 (d0, q0, r0, m0, 'ch21/lossy/qos0', ... (1024 bytes))
1787780327: Received PUBLISH from ESP32_000000 (d0, q0, r0, m0, 'ch21/lossy/qos0', ... (1024 bytes))
1787780327: Sending PUBLISH to ch21bridge-3574702 (d0, q0, r0, m0, 'ch21/lossy/qos0', ... (1024 bytes))
1787780327: Received PUBLISH from ESP32_000000 (d0, q0, r0, m0, 'ch21/lossy/qos0', ... (1024 bytes))
1787780327: Sending PUBLISH to ch21bridge-3574702 (d0, q0, r0, m0, 'ch21/lossy/qos0', ... (1024 bytes))
1787780327: Received PUBLISH from ESP32_000000 (d0, q0, r0, m0, 'ch21/lossy/qos0', ... (1024 bytes))
1787780327: Sending PUBLISH to ch21bridge-3574702 (d0, q0, r0, m0, 'ch21/lossy/qos0', ... (1024 bytes))
1787780327: Received PUBLISH from ESP32_000000 (d0, q0, r0, m0, 'ch21/lossy/qos0', ... (1024 bytes))
1787780327: Sending PUBLISH to ch21bridge-3574702 (d0, q0, r0, m0, 'ch21/lossy/qos0', ... (1024 bytes))
1787780327: Received PUBLISH from ESP32_000000 (d0, q0, r0, m0, 'ch21/lossy/qos0', ... (1024 bytes))
1787780327: Sending PUBLISH to ch21bridge-3574702 (d0, q0, r0, m0, 'ch21/lossy/qos0', ... (1024 bytes))
1787780327: Received PUBLISH from ESP32_000000 (d0, q0, r0, m0, 'ch21/lossy/qos0', ... (1024 bytes))
1787780327: Sending PUBLISH to ch21bridge-3574702 (d0, q0, r0, m0, 'ch21/lossy/qos0', ... (1024 bytes))
1787780327: Received PUBLISH from ESP32_000000 (d0, q0, r0, m0, 'ch21/lossy/qos0', ... (1024 bytes))
1787780327: Sending PUBLISH to ch21bridge-3574702 (d0, q0, r0, m0, 'ch21/lossy/qos0', ... (1024 bytes))
1787780327: Received PUBLISH from ESP32_000000 (d0, q0, r0, m0, 'ch21/lossy/qos0', ... (1024 bytes))
1787780327: Sending PUBLISH to ch21bridge-3574702 (d0, q0, r0, m0, 'ch21/lossy/qos0', ... (1024 bytes))
1787780327: Received PUBLISH from ESP32_000000 (d0, q0, r0, m0, 'ch21/lossy/qos0', ... (1024 bytes))
1787780327: Sending PUBLISH to ch21bridge-3574702 (d0, q0, r0, m0, 'ch21/lossy/qos0', ... (1024 bytes))
1787780327: Received PUBLISH from ESP32_000000 (d0, q0, r0, m0, 'ch21/lossy/qos0', ... (1024 bytes))
1787780327: Sending PUBLISH to ch21bridge-3574702 (d0, q0, r0, m0, 'ch21/lossy/qos0', ... (1024 bytes))
1787780327: Received PUBLISH from ESP32_000000 (d0, q0, r0, m0, 'ch21/lossy/qos0', ... (1024 bytes))
1787780327: Sending PUBLISH to ch21bridge-3574702 (d0, q0, r0, m0, 'ch21/lossy/qos0', ... (1024 bytes))
1787780327: Received PUBLISH from ESP32_000000 (d0, q0, r0, m0, 'ch21/lossy/qos0', ... (1024 bytes))
1787780327: Sending PUBLISH to ch21bridge-3574702 (d0, q0, r0, m0, 'ch21/lossy/qos0', ... (1024 bytes))
1787780327: Received PUBLISH from ESP32_000000 (d0, q0, r0, m0, 'ch21/lossy/qos0', ... (1024 bytes))
1787780327: Sending PUBLISH to ch21bridge-3574702 (d0, q0, r0, m0, 'ch21/lossy/qos0', ... (1024 bytes))
1787780327: Received PUBLISH from ESP32_000000 (d0, q0, r0, m0, 'ch21/lossy/qos0', ... (1024 bytes))
1787780327: Sending PUBLISH to ch21bridge-3574702 (d0, q0, r0, m0, 'ch21/lossy/qos0', ... (1024 bytes))
1787780327: Received PUBLISH from ESP32_000000 (d0, q0, r0, m0, 'ch21/lossy/qos0', ... (1024 bytes))
1787780327: Sending PUBLISH to ch21bridge-3574702 (d0, q0, r0, m0, 'ch21/lossy/qos0', ... (1024 bytes))
1787780327: Received PUBLISH from ESP32_000000 (d0, q0, r0, m0, 'ch21/lossy/qos0', ... (1024 bytes))
1787780327: Sending PUBLISH to ch21bridge-3574702 (d0, q0, r0, m0, 'ch21/lossy/qos0', ... (1024 bytes))
1787780327: Received PUBLISH from ESP32_000000 (d0, q0, r0, m0, 'ch21/lossy/qos0', ... (1024 bytes))
1787780327: Sending PUBLISH to ch21bridge-3574702 (d0, q0, r0, m0, 'ch21/lossy/qos0', ... (1024 bytes))
1787780327: Received PUBLISH from ESP32_000000 (d0, q0, r0, m0, 'ch21/lossy/qos0', ... (1024 bytes))
1787780327: Sending PUBLISH to ch21bridge-3574702 (d0, q0, r0, m0, 'ch21/lossy/qos0', ... (1024 bytes))
1787780327: Received PUBLISH from ESP32_000000 (d0, q0, r0, m0, 'ch21/lossy/qos0', ... (1024 bytes))
1787780327: Sending PUBLISH to ch21bridge-3574702 (d0, q0, r0, m0, 'ch21/lossy/qos0', ... (1024 bytes))
1787780327: Received PUBLISH from ESP32_000000 (d0, q0, r0, m0, 'ch21/lossy/qos0', ... (1024 bytes))
1787780327: Sending PUBLISH to ch21bridge-3574702 (d0, q0, r0, m0, 'ch21/lossy/qos0', ... (1024 bytes))
1787780327: Received PUBLISH from ESP32_000000 (d0, q0, r0, m0, 'ch21/lossy/qos0', ... (1024 bytes))
1787780327: Sending PUBLISH to ch21bridge-3574702 (d0, q0, r0, m0, 'ch21/lossy/qos0', ... (1024 bytes))
1787780327: Received PUBLISH from ESP32_000000 (d0, q0, r0, m0, 'ch21/lossy/qos0', ... (1024 bytes))
1787780327: Sending PUBLISH to ch21bridge-3574702 (d0, q0, r0, m0, 'ch21/lossy/qos0', ... (1024 bytes))
1787780327: Received PUBLISH from ESP32_000000 (d0, q0, r0, m0, 'ch21/lossy/qos0', ... (1024 bytes))
1787780327: Sending PUBLISH to ch21bridge-3574702 (d0, q0, r0, m0, 'ch21/lossy/qos0', ... (1024 bytes))
1787780327: Received PUBLISH from ESP32_000000 (d0, q0, r0, m0, 'ch21/lossy/qos0', ... (1024 bytes))
1787780327: Sending PUBLISH to ch21bridge-3574702 (d0, q0, r0, m0, 'ch21/lossy/qos0', ... (1024 bytes))
1787780327: Received PUBLISH from ESP32_000000 (d0, q0, r0, m0, 'ch21/lossy/qos0', ... (1024 bytes))
1787780327: Sending PUBLISH to ch21bridge-3574702 (d0, q0, r0, m0, 'ch21/lossy/qos0', ... (1024 bytes))
1787780327: Received PUBLISH from ESP32_000000 (d0, q0, r0, m0, 'ch21/lossy/qos0', ... (1024 bytes))
1787780327: Sending PUBLISH to ch21bridge-3574702 (d0, q0, r0, m0, 'ch21/lossy/qos0', ... (1024 bytes))
1787780327: Received PUBLISH from ESP32_000000 (d0, q0, r0, m0, 'ch21/lossy/qos0', ... (1024 bytes))
1787780327: Sending PUBLISH to ch21bridge-3574702 (d0, q0, r0, m0, 'ch21/lossy/qos0', ... (1024 bytes))
1787780327: Received PUBLISH from ESP32_000000 (d0, q0, r0, m0, 'ch21/lossy/qos0', ... (1024 bytes))
1787780327: Sending PUBLISH to ch21bridge-3574702 (d0, q0, r0, m0, 'ch21/lossy/qos0', ... (1024 bytes))
1787780327: Received PUBLISH from ESP32_000000 (d0, q0, r0, m0, 'ch21/lossy/qos0', ... (1024 bytes))
1787780327: Sending PUBLISH to ch21bridge-3574702 (d0, q0, r0, m0, 'ch21/lossy/qos0', ... (1024 bytes))
1787780327: Received PUBLISH from ESP32_000000 (d0, q0, r0, m0, 'ch21/lossy/qos0', ... (1024 bytes))
1787780327: Sending PUBLISH to ch21bridge-3574702 (d0, q0, r0, m0, 'ch21/lossy/qos0', ... (1024 bytes))
1787780327: Received PUBLISH from ESP32_000000 (d0, q0, r0, m0, 'ch21/lossy/qos0', ... (1024 bytes))
1787780327: Sending PUBLISH to ch21bridge-3574702 (d0, q0, r0, m0, 'ch21/lossy/qos0', ... (1024 bytes))
1787780327: Received PUBLISH from ESP32_000000 (d0, q0, r0, m0, 'ch21/lossy/qos0', ... (1024 bytes))
1787780327: Sending PUBLISH to ch21bridge-3574702 (d0, q0, r0, m0, 'ch21/lossy/qos0', ... (1024 bytes))
1787780327: Received PUBLISH from ESP32_000000 (d0, q0, r0, m0, 'ch21/lossy/qos0', ... (1024 bytes))
1787780327: Sending PUBLISH to ch21bridge-3574702 (d0, q0, r0, m0, 'ch21/lossy/qos0', ... (1024 bytes))
1787780327: Received PUBLISH from ESP32_000000 (d0, q0, r0, m0, 'ch21/lossy/qos0', ... (1024 bytes))
1787780327: Sending PUBLISH to ch21bridge-3574702 (d0, q0, r0, m0, 'ch21/lossy/qos0', ... (1024 bytes))
1787780327: Received PUBLISH from ESP32_000000 (d0, q0, r0, m0, 'ch21/lossy/qos0', ... (1024 bytes))
1787780327: Sending PUBLISH to ch21bridge-3574702 (d0, q0, r0, m0, 'ch21/lossy/qos0', ... (1024 bytes))
1787780327: Received PUBLISH from ESP32_000000 (d0, q0, r0, m0, 'ch21/lossy/qos0', ... (1024 bytes))
1787780327: Sending PUBLISH to ch21bridge-3574702 (d0, q0, r0, m0, 'ch21/lossy/qos0', ... (1024 bytes))
1787780327: Received PUBLISH from ESP32_000000 (d0, q0, r0, m0, 'ch21/lossy/qos0', ... (1024 bytes))
1787780327: Sending PUBLISH to ch21bridge-3574702 (d0, q0, r0, m0, 'ch21/lossy/qos0', ... (1024 bytes))
1787780327: Received PUBLISH from ESP32_000000 (d0, q0, r0, m0, 'ch21/lossy/qos0', ... (1024 bytes))
1787780327: Sending PUBLISH to ch21bridge-3574702 (d0, q0, r0, m0, 'ch21/lossy/qos0', ... (1024 bytes))
1787780327: Received PUBLISH from ESP32_000000 (d0, q0, r0, m0, 'ch21/lossy/qos0', ... (1024 bytes))
1787780327: Sending PUBLISH to ch21bridge-3574702 (d0, q0, r0, m0, 'ch21/lossy/qos0', ... (1024 bytes))
1787780327: Received PUBLISH from ESP32_000000 (d0, q0, r0, m0, 'ch21/lossy/qos0', ... (1024 bytes))
1787780327: Sending PUBLISH to ch21bridge-3574702 (d0, q0, r0, m0, 'ch21/lossy/qos0', ... (1024 bytes))
1787780327: Received PUBLISH from ESP32_000000 (d0, q0, r0, m0, 'ch21/lossy/qos0', ... (1024 bytes))
1787780327: Sending PUBLISH to ch21bridge-3574702 (d0, q0, r0, m0, 'ch21/lossy/qos0', ... (1024 bytes))
1787780327: Received PUBLISH from ESP32_000000 (d0, q0, r0, m0, 'ch21/lossy/qos0', ... (1024 bytes))
1787780327: Sending PUBLISH to ch21bridge-3574702 (d0, q0, r0, m0, 'ch21/lossy/qos0', ... (1024 bytes))
1787780327: Received PUBLISH from ESP32_000000 (d0, q0, r0, m0, 'ch21/lossy/qos0', ... (1024 bytes))
1787780327: Sending PUBLISH to ch21bridge-3574702 (d0, q0, r0, m0, 'ch21/lossy/qos0', ... (1024 bytes))
1787780327: Received PUBLISH from ESP32_000000 (d0, q0, r0, m0, 'ch21/lossy/qos0', ... (1024 bytes))
1787780327: Sending PUBLISH to ch21bridge-3574702 (d0, q0, r0, m0, 'ch21/lossy/qos0', ... (1024 bytes))
1787780327: Received PUBLISH from ESP32_000000 (d0, q0, r0, m0, 'ch21/lossy/qos0', ... (1024 bytes))
1787780327: Sending PUBLISH to ch21bridge-3574702 (d0, q0, r0, m0, 'ch21/lossy/qos0', ... (1024 bytes))
1787780327: Received PUBLISH from ESP32_000000 (d0, q0, r0, m0, 'ch21/lossy/qos0', ... (1024 bytes))
1787780327: Sending PUBLISH to ch21bridge-3574702 (d0, q0, r0, m0, 'ch21/lossy/qos0', ... (1024 bytes))
1787780327: Received PUBLISH from ESP32_000000 (d0, q0, r0, m0, 'ch21/lossy/qos0', ... (1024 bytes))
1787780327: Sending PUBLISH to ch21bridge-3574702 (d0, q0, r0, m0, 'ch21/lossy/qos0', ... (1024 bytes))
1787780327: Received PUBLISH from ESP32_000000 (d0, q0, r0, m0, 'ch21/lossy/qos0', ... (1024 bytes))
1787780327: Sending PUBLISH to ch21bridge-3574702 (d0, q0, r0, m0, 'ch21/lossy/qos0', ... (1024 bytes))
1787780327: Received PUBLISH from ESP32_000000 (d0, q0, r0, m0, 'ch21/lossy/qos0', ... (1024 bytes))
1787780327: Sending PUBLISH to ch21bridge-3574702 (d0, q0, r0, m0, 'ch21/lossy/qos0', ... (1024 bytes))
1787780327: Received PUBLISH from ESP32_000000 (d0, q0, r0, m0, 'ch21/lossy/qos0', ... (1024 bytes))
1787780327: Sending PUBLISH to ch21bridge-3574702 (d0, q0, r0, m0, 'ch21/lossy/qos0', ... (1024 bytes))
1787780327: Received PUBLISH from ESP32_000000 (d0, q0, r0, m0, 'ch21/lossy/qos0', ... (1024 bytes))
1787780327: Sending PUBLISH to ch21bridge-3574702 (d0, q0, r0, m0, 'ch21/lossy/qos0', ... (1024 bytes))
1787780327: Received PUBLISH from ESP32_000000 (d0, q0, r0, m0, 'ch21/lossy/qos0', ... (1024 bytes))
1787780327: Sending PUBLISH to ch21bridge-3574702 (d0, q0, r0, m0, 'ch21/lossy/qos0', ... (1024 bytes))
1787780327: Received PUBLISH from ESP32_000000 (d0, q0, r0, m0, 'ch21/lossy/qos0', ... (1024 bytes))
1787780327: Sending PUBLISH to ch21bridge-3574702 (d0, q0, r0, m0, 'ch21/lossy/qos0', ... (1024 bytes))
1787780327: Received PUBLISH from ESP32_000000 (d0, q0, r0, m0, 'ch21/lossy/qos0', ... (1024 bytes))
1787780327: Sending PUBLISH to ch21bridge-3574702 (d0, q0, r0, m0, 'ch21/lossy/qos0', ... (1024 bytes))
1787780327: Received PUBLISH from ESP32_000000 (d0, q0, r0, m0, 'ch21/lossy/qos0', ... (1024 bytes))
1787780327: Sending PUBLISH to ch21bridge-3574702 (d0, q0, r0, m0, 'ch21/lossy/qos0', ... (1024 bytes))
1787780327: Received PUBLISH from ESP32_000000 (d0, q0, r0, m0, 'ch21/lossy/qos0', ... (1024 bytes))
1787780327: Sending PUBLISH to ch21bridge-3574702 (d0, q0, r0, m0, 'ch21/lossy/qos0', ... (1024 bytes))
1787780327: Received PUBLISH from ESP32_000000 (d0, q0, r0, m0, 'ch21/lossy/qos0', ... (1024 bytes))
1787780327: Sending PUBLISH to ch21bridge-3574702 (d0, q0, r0, m0, 'ch21/lossy/qos0', ... (1024 bytes))
1787780327: Received PUBLISH from ESP32_000000 (d0, q0, r0, m0, 'ch21/lossy/qos0', ... (1024 bytes))
1787780327: Sending PUBLISH to ch21bridge-3574702 (d0, q0, r0, m0, 'ch21/lossy/qos0', ... (1024 bytes))
1787780327: Received PUBLISH from ESP32_000000 (d0, q0, r0, m0, 'ch21/lossy/qos0', ... (1024 bytes))
1787780327: Sending PUBLISH to ch21bridge-3574702 (d0, q0, r0, m0, 'ch21/lossy/qos0', ... (1024 bytes))
1787780327: Received PUBLISH from ESP32_000000 (d0, q0, r0, m0, 'ch21/lossy/qos0', ... (1024 bytes))
1787780327: Sending PUBLISH to ch21bridge-3574702 (d0, q0, r0, m0, 'ch21/lossy/qos0', ... (1024 bytes))
1787780327: Received PUBLISH from ESP32_000000 (d0, q0, r0, m0, 'ch21/lossy/qos0', ... (1024 bytes))
1787780327: Sending PUBLISH to ch21bridge-3574702 (d0, q0, r0, m0, 'ch21/lossy/qos0', ... (1024 bytes))
1787780327: Received PUBLISH from ESP32_000000 (d0, q0, r0, m0, 'ch21/lossy/qos0', ... (1024 bytes))
1787780327: Sending PUBLISH to ch21bridge-3574702 (d0, q0, r0, m0, 'ch21/lossy/qos0', ... (1024 bytes))
1787780327: Received PUBLISH from ESP32_000000 (d0, q0, r0, m0, 'ch21/lossy/qos0', ... (1024 bytes))
1787780327: Sending PUBLISH to ch21bridge-3574702 (d0, q0, r0, m0, 'ch21/lossy/qos0', ... (1024 bytes))
1787780327: Received PUBLISH from ESP32_000000 (d0, q0, r0, m0, 'ch21/lossy/qos0', ... (1024 bytes))
1787780327: Sending PUBLISH to ch21bridge-3574702 (d0, q0, r0, m0, 'ch21/lossy/qos0', ... (1024 bytes))
1787780327: Received PUBLISH from ESP32_000000 (d0, q0, r0, m0, 'ch21/lossy/qos0', ... (1024 bytes))
1787780327: Sending PUBLISH to ch21bridge-3574702 (d0, q0, r0, m0, 'ch21/lossy/qos0', ... (1024 bytes))
1787780327: Received PUBLISH from ESP32_000000 (d0, q0, r0, m0, 'ch21/lossy/qos0', ... (1024 bytes))
1787780327: Sending PUBLISH to ch21bridge-3574702 (d0, q0, r0, m0, 'ch21/lossy/qos0', ... (1024 bytes))
1787780327: Received PUBLISH from ESP32_000000 (d0, q0, r0, m0, 'ch21/lossy/qos0', ... (1024 bytes))
1787780327: Sending PUBLISH to ch21bridge-3574702 (d0, q0, r0, m0, 'ch21/lossy/qos0', ... (1024 bytes))
1787780327: Received PUBLISH from ESP32_000000 (d0, q0, r0, m0, 'ch21/lossy/qos0', ... (1024 bytes))
1787780327: Sending PUBLISH to ch21bridge-3574702 (d0, q0, r0, m0, 'ch21/lossy/qos0', ... (1024 bytes))
1787780327: Received PUBLISH from ESP32_000000 (d0, q0, r0, m0, 'ch21/lossy/qos0', ... (1024 bytes))
1787780327: Sending PUBLISH to ch21bridge-3574702 (d0, q0, r0, m0, 'ch21/lossy/qos0', ... (1024 bytes))
1787780327: Received PUBLISH from ESP32_000000 (d0, q0, r0, m0, 'ch21/lossy/qos0', ... (1024 bytes))
1787780327: Sending PUBLISH to ch21bridge-3574702 (d0, q0, r0, m0, 'ch21/lossy/qos0', ... (1024 bytes))
1787780327: Received PUBLISH from ESP32_000000 (d0, q0, r0, m0, 'ch21/lossy/qos0', ... (1024 bytes))
1787780327: Sending PUBLISH to ch21bridge-3574702 (d0, q0, r0, m0, 'ch21/lossy/qos0', ... (1024 bytes))
1787780327: Received PUBLISH from ESP32_000000 (d0, q0, r0, m0, 'ch21/lossy/qos0', ... (1024 bytes))
1787780327: Sending PUBLISH to ch21bridge-3574702 (d0, q0, r0, m0, 'ch21/lossy/qos0', ... (1024 bytes))
1787780327: Received PUBLISH from ESP32_000000 (d0, q0, r0, m0, 'ch21/lossy/qos0', ... (1024 bytes))
1787780327: Sending PUBLISH to ch21bridge-3574702 (d0, q0, r0, m0, 'ch21/lossy/qos0', ... (1024 bytes))
1787780327: Received PUBLISH from ESP32_000000 (d0, q0, r0, m0, 'ch21/lossy/qos0', ... (1024 bytes))
1787780327: Sending PUBLISH to ch21bridge-3574702 (d0, q0, r0, m0, 'ch21/lossy/qos0', ... (1024 bytes))
1787780327: Received PUBLISH from ESP32_000000 (d0, q0, r0, m0, 'ch21/lossy/qos0', ... (1024 bytes))
1787780327: Sending PUBLISH to ch21bridge-3574702 (d0, q0, r0, m0, 'ch21/lossy/qos0', ... (1024 bytes))
1787780327: Received PUBLISH from ESP32_000000 (d0, q0, r0, m0, 'ch21/lossy/qos0', ... (1024 bytes))
1787780327: Sending PUBLISH to ch21bridge-3574702 (d0, q0, r0, m0, 'ch21/lossy/qos0', ... (1024 bytes))
1787780327: Received PUBLISH from ESP32_000000 (d0, q0, r0, m0, 'ch21/lossy/qos0', ... (1024 bytes))
1787780327: Sending PUBLISH to ch21bridge-3574702 (d0, q0, r0, m0, 'ch21/lossy/qos0', ... (1024 bytes))
1787780327: Received PUBLISH from ESP32_000000 (d0, q0, r0, m0, 'ch21/lossy/qos0', ... (1024 bytes))
1787780327: Sending PUBLISH to ch21bridge-3574702 (d0, q0, r0, m0, 'ch21/lossy/qos0', ... (1024 bytes))
1787780327: Received PUBLISH from ESP32_000000 (d0, q0, r0, m0, 'ch21/lossy/qos0', ... (1024 bytes))
1787780327: Sending PUBLISH to ch21bridge-3574702 (d0, q0, r0, m0, 'ch21/lossy/qos0', ... (1024 bytes))
1787780327: Received PUBLISH from ESP32_000000 (d0, q0, r0, m0, 'ch21/lossy/qos0', ... (1024 bytes))
1787780327: Sending PUBLISH to ch21bridge-3574702 (d0, q0, r0, m0, 'ch21/lossy/qos0', ... (1024 bytes))
1787780327: Received PUBLISH from ESP32_000000 (d0, q0, r0, m0, 'ch21/lossy/qos0', ... (1024 bytes))
1787780327: Sending PUBLISH to ch21bridge-3574702 (d0, q0, r0, m0, 'ch21/lossy/qos0', ... (1024 bytes))
1787780327: Received PUBLISH from ESP32_000000 (d0, q0, r0, m0, 'ch21/lossy/qos0', ... (1024 bytes))
1787780327: Sending PUBLISH to ch21bridge-3574702 (d0, q0, r0, m0, 'ch21/lossy/qos0', ... (1024 bytes))
1787780327: Received PUBLISH from ESP32_000000 (d0, q0, r0, m0, 'ch21/lossy/qos0', ... (1024 bytes))
1787780327: Sending PUBLISH to ch21bridge-3574702 (d0, q0, r0, m0, 'ch21/lossy/qos0', ... (1024 bytes))
1787780327: Received PUBLISH from ESP32_000000 (d0, q0, r0, m0, 'ch21/lossy/qos0', ... (1024 bytes))
1787780327: Sending PUBLISH to ch21bridge-3574702 (d0, q0, r0, m0, 'ch21/lossy/qos0', ... (1024 bytes))
1787780327: Received PUBLISH from ESP32_000000 (d0, q0, r0, m0, 'ch21/lossy/qos0', ... (1024 bytes))
1787780327: Sending PUBLISH to ch21bridge-3574702 (d0, q0, r0, m0, 'ch21/lossy/qos0', ... (1024 bytes))
1787780327: Received PUBLISH from ESP32_000000 (d0, q0, r0, m0, 'ch21/lossy/qos0', ... (1024 bytes))
1787780327: Sending PUBLISH to ch21bridge-3574702 (d0, q0, r0, m0, 'ch21/lossy/qos0', ... (1024 bytes))
1787780327: Received PUBLISH from ESP32_000000 (d0, q0, r0, m0, 'ch21/lossy/qos0', ... (1024 bytes))
1787780327: Sending PUBLISH to ch21bridge-3574702 (d0, q0, r0, m0, 'ch21/lossy/qos0', ... (1024 bytes))
1787780327: Received PUBLISH from ESP32_000000 (d0, q0, r0, m0, 'ch21/lossy/qos0', ... (1024 bytes))
1787780327: Sending PUBLISH to ch21bridge-3574702 (d0, q0, r0, m0, 'ch21/lossy/qos0', ... (1024 bytes))
1787780327: Received PUBLISH from ESP32_000000 (d0, q0, r0, m0, 'ch21/lossy/qos0', ... (1024 bytes))
1787780327: Sending PUBLISH to ch21bridge-3574702 (d0, q0, r0, m0, 'ch21/lossy/qos0', ... (1024 bytes))
1787780327: Received PUBLISH from ESP32_000000 (d0, q0, r0, m0, 'ch21/lossy/qos0', ... (1024 bytes))
1787780327: Sending PUBLISH to ch21bridge-3574702 (d0, q0, r0, m0, 'ch21/lossy/qos0', ... (1024 bytes))
1787780327: Received PUBLISH from ESP32_000000 (d0, q0, r0, m0, 'ch21/lossy/qos0', ... (1024 bytes))
1787780327: Sending PUBLISH to ch21bridge-3574702 (d0, q0, r0, m0, 'ch21/lossy/qos0', ... (1024 bytes))
1787780327: Received PUBLISH from ESP32_000000 (d0, q0, r0, m0, 'ch21/lossy/qos0', ... (1024 bytes))
1787780327: Sending PUBLISH to ch21bridge-3574702 (d0, q0, r0, m0, 'ch21/lossy/qos0', ... (1024 bytes))
1787780327: Received PUBLISH from ESP32_000000 (d0, q0, r0, m0, 'ch21/lossy/qos0', ... (1024 bytes))
1787780327: Sending PUBLISH to ch21bridge-3574702 (d0, q0, r0, m0, 'ch21/lossy/qos0', ... (1024 bytes))
1787780327: Received PUBLISH from ESP32_000000 (d0, q0, r0, m0, 'ch21/lossy/qos0', ... (1024 bytes))
1787780327: Sending PUBLISH to ch21bridge-3574702 (d0, q0, r0, m0, 'ch21/lossy/qos0', ... (1024 bytes))
1787780327: Received PUBLISH from ESP32_000000 (d0, q0, r0, m0, 'ch21/lossy/qos0', ... (1024 bytes))
1787780327: Sending PUBLISH to ch21bridge-3574702 (d0, q0, r0, m0, 'ch21/lossy/qos0', ... (1024 bytes))
1787780327: Received PUBLISH from ESP32_000000 (d0, q0, r0, m0, 'ch21/lossy/qos0', ... (1024 bytes))
1787780327: Sending PUBLISH to ch21bridge-3574702 (d0, q0, r0, m0, 'ch21/lossy/qos0', ... (1024 bytes))
1787780327: Received PUBLISH from ESP32_000000 (d0, q0, r0, m0, 'ch21/lossy/qos0', ... (1024 bytes))
1787780327: Sending PUBLISH to ch21bridge-3574702 (d0, q0, r0, m0, 'ch21/lossy/qos0', ... (1024 bytes))
1787780327: Received PUBLISH from ESP32_000000 (d0, q0, r0, m0, 'ch21/lossy/qos0', ... (1024 bytes))
1787780327: Sending PUBLISH to ch21bridge-3574702 (d0, q0, r0, m0, 'ch21/lossy/qos0', ... (1024 bytes))
1787780327: Received PUBLISH from ESP32_000000 (d0, q0, r0, m0, 'ch21/lossy/qos0', ... (1024 bytes))
1787780327: Sending PUBLISH to ch21bridge-3574702 (d0, q0, r0, m0, 'ch21/lossy/qos0', ... (1024 bytes))
1787780327: Received PUBLISH from ESP32_000000 (d0, q0, r0, m0, 'ch21/lossy/qos0', ... (1024 bytes))
1787780327: Sending PUBLISH to ch21bridge-3574702 (d0, q0, r0, m0, 'ch21/lossy/qos0', ... (1024 bytes))
1787780327: Received PUBLISH from ESP32_000000 (d0, q0, r0, m0, 'ch21/lossy/qos0', ... (1024 bytes))
1787780327: Sending PUBLISH to ch21bridge-3574702 (d0, q0, r0, m0, 'ch21/lossy/qos0', ... (1024 bytes))
1787780327: Received PUBLISH from ESP32_000000 (d0, q0, r0, m0, 'ch21/lossy/qos0', ... (1024 bytes))
1787780327: Sending PUBLISH to ch21bridge-3574702 (d0, q0, r0, m0, 'ch21/lossy/qos0', ... (1024 bytes))
1787780327: Received PUBLISH from ESP32_000000 (d0, q0, r0, m0, 'ch21/lossy/qos0', ... (1024 bytes))
1787780327: Sending PUBLISH to ch21bridge-3574702 (d0, q0, r0, m0, 'ch21/lossy/qos0', ... (1024 bytes))
1787780327: Received PUBLISH from ESP32_000000 (d0, q0, r0, m0, 'ch21/lossy/qos0', ... (1024 bytes))
1787780327: Sending PUBLISH to ch21bridge-3574702 (d0, q0, r0, m0, 'ch21/lossy/qos0', ... (1024 bytes))
1787780327: Received PUBLISH from ESP32_000000 (d0, q0, r0, m0, 'ch21/lossy/qos0', ... (1024 bytes))
1787780327: Sending PUBLISH to ch21bridge-3574702 (d0, q0, r0, m0, 'ch21/lossy/qos0', ... (1024 bytes))
1787780327: Received PUBLISH from ESP32_000000 (d0, q0, r0, m0, 'ch21/lossy/qos0', ... (1024 bytes))
1787780327: Sending PUBLISH to ch21bridge-3574702 (d0, q0, r0, m0, 'ch21/lossy/qos0', ... (1024 bytes))
1787780327: Received PUBLISH from ESP32_000000 (d0, q0, r0, m0, 'ch21/lossy/qos0', ... (1024 bytes))
1787780327: Sending PUBLISH to ch21bridge-3574702 (d0, q0, r0, m0, 'ch21/lossy/qos0', ... (1024 bytes))
1787780327: Received PUBLISH from ESP32_000000 (d0, q0, r0, m0, 'ch21/lossy/qos0', ... (1024 bytes))
1787780327: Sending PUBLISH to ch21bridge-3574702 (d0, q0, r0, m0, 'ch21/lossy/qos0', ... (1024 bytes))
1787780327: Received PUBLISH from ESP32_000000 (d0, q0, r0, m0, 'ch21/lossy/qos0', ... (1024 bytes))
1787780327: Sending PUBLISH to ch21bridge-3574702 (d0, q0, r0, m0, 'ch21/lossy/qos0', ... (1024 bytes))
1787780327: Received PUBLISH from ESP32_000000 (d0, q0, r0, m0, 'ch21/lossy/qos0', ... (1024 bytes))
1787780327: Sending PUBLISH to ch21bridge-3574702 (d0, q0, r0, m0, 'ch21/lossy/qos0', ... (1024 bytes))
1787780327: Received PUBLISH from ESP32_000000 (d0, q0, r0, m0, 'ch21/lossy/qos0', ... (1024 bytes))
1787780327: Sending PUBLISH to ch21bridge-3574702 (d0, q0, r0, m0, 'ch21/lossy/qos0', ... (1024 bytes))
1787780327: Received PUBLISH from ESP32_000000 (d0, q0, r0, m0, 'ch21/lossy/qos0', ... (1024 bytes))
1787780327: Sending PUBLISH to ch21bridge-3574702 (d0, q0, r0, m0, 'ch21/lossy/qos0', ... (1024 bytes))
1787780327: Received PUBLISH from ESP32_000000 (d0, q0, r0, m0, 'ch21/lossy/qos0', ... (1024 bytes))
1787780327: Sending PUBLISH to ch21bridge-3574702 (d0, q0, r0, m0, 'ch21/lossy/qos0', ... (1024 bytes))
1787780327: Received PUBLISH from ESP32_000000 (d0, q0, r0, m0, 'ch21/lossy/qos0', ... (1024 bytes))
1787780327: Sending PUBLISH to ch21bridge-3574702 (d0, q0, r0, m0, 'ch21/lossy/qos0', ... (1024 bytes))
1787780327: Received PUBLISH from ESP32_000000 (d0, q0, r0, m0, 'ch21/lossy/qos0', ... (1024 bytes))
1787780327: Sending PUBLISH to ch21bridge-3574702 (d0, q0, r0, m0, 'ch21/lossy/qos0', ... (1024 bytes))
1787780327: Received PUBLISH from ESP32_000000 (d0, q0, r0, m0, 'ch21/lossy/qos0', ... (1024 bytes))
1787780327: Sending PUBLISH to ch21bridge-3574702 (d0, q0, r0, m0, 'ch21/lossy/qos0', ... (1024 bytes))
1787780327: Received PUBLISH from ESP32_000000 (d0, q0, r0, m0, 'ch21/lossy/qos0', ... (1024 bytes))
1787780327: Sending PUBLISH to ch21bridge-3574702 (d0, q0, r0, m0, 'ch21/lossy/qos0', ... (1024 bytes))
1787780327: Received PUBLISH from ESP32_000000 (d0, q0, r0, m0, 'ch21/lossy/qos0', ... (1024 bytes))
1787780327: Sending PUBLISH to ch21bridge-3574702 (d0, q0, r0, m0, 'ch21/lossy/qos0', ... (1024 bytes))
1787780327: Received PUBLISH from ESP32_000000 (d0, q0, r0, m0, 'ch21/lossy/qos0', ... (1024 bytes))
1787780327: Sending PUBLISH to ch21bridge-3574702 (d0, q0, r0, m0, 'ch21/lossy/qos0', ... (1024 bytes))
1787780327: Received PUBLISH from ESP32_000000 (d0, q0, r0, m0, 'ch21/lossy/qos0', ... (1024 bytes))
1787780327: Sending PUBLISH to ch21bridge-3574702 (d0, q0, r0, m0, 'ch21/lossy/qos0', ... (1024 bytes))
1787780327: Received PUBLISH from ESP32_000000 (d0, q0, r0, m0, 'ch21/lossy/qos0', ... (1024 bytes))
1787780327: Sending PUBLISH to ch21bridge-3574702 (d0, q0, r0, m0, 'ch21/lossy/qos0', ... (1024 bytes))
1787780327: Received PUBLISH from ESP32_000000 (d0, q0, r0, m0, 'ch21/lossy/qos0', ... (1024 bytes))
1787780327: Sending PUBLISH to ch21bridge-3574702 (d0, q0, r0, m0, 'ch21/lossy/qos0', ... (1024 bytes))
1787780327: Received PUBLISH from ESP32_000000 (d0, q0, r0, m0, 'ch21/lossy/qos0', ... (1024 bytes))
1787780327: Sending PUBLISH to ch21bridge-3574702 (d0, q0, r0, m0, 'ch21/lossy/qos0', ... (1024 bytes))
1787780327: Received PUBLISH from ESP32_000000 (d0, q0, r0, m0, 'ch21/lossy/qos0', ... (1024 bytes))
1787780327: Sending PUBLISH to ch21bridge-3574702 (d0, q0, r0, m0, 'ch21/lossy/qos0', ... (1024 bytes))
1787780327: Received PUBLISH from ESP32_000000 (d0, q0, r0, m0, 'ch21/lossy/qos0', ... (1024 bytes))
1787780327: Sending PUBLISH to ch21bridge-3574702 (d0, q0, r0, m0, 'ch21/lossy/qos0', ... (1024 bytes))
1787780327: Received PUBLISH from ESP32_000000 (d0, q0, r0, m0, 'ch21/lossy/qos0', ... (1024 bytes))
1787780327: Sending PUBLISH to ch21bridge-3574702 (d0, q0, r0, m0, 'ch21/lossy/qos0', ... (1024 bytes))
1787780327: Received PUBLISH from ESP32_000000 (d0, q0, r0, m0, 'ch21/lossy/qos0', ... (1024 bytes))
1787780327: Sending PUBLISH to ch21bridge-3574702 (d0, q0, r0, m0, 'ch21/lossy/qos0', ... (1024 bytes))
1787780327: Received PUBLISH from ESP32_000000 (d0, q0, r0, m0, 'ch21/lossy/qos0', ... (1024 bytes))
1787780327: Sending PUBLISH to ch21bridge-3574702 (d0, q0, r0, m0, 'ch21/lossy/qos0', ... (1024 bytes))
1787780327: Received PUBLISH from ESP32_000000 (d0, q0, r0, m0, 'ch21/lossy/qos0', ... (1024 bytes))
1787780327: Sending PUBLISH to ch21bridge-3574702 (d0, q0, r0, m0, 'ch21/lossy/qos0', ... (1024 bytes))
1787780327: Received PUBLISH from ESP32_000000 (d0, q0, r0, m0, 'ch21/lossy/qos0', ... (1024 bytes))
1787780327: Sending PUBLISH to ch21bridge-3574702 (d0, q0, r0, m0, 'ch21/lossy/qos0', ... (1024 bytes))
1787780328: Received PUBLISH from ESP32_000000 (d0, q1, r0, m42038, 'ch21/lossy/qos1', ... (1024 bytes))
1787780328: Sending PUBLISH to ch21bridge-3574702 (d0, q1, r0, m26, 'ch21/lossy/qos1', ... (1024 bytes))
1787780328: Sending PUBACK to ESP32_000000 (m42038, rc0)
1787780328: Received PUBACK from ch21bridge-3574702 (Mid: 26, RC:0)
1787780328: Received PUBLISH from ESP32_000000 (d0, q1, r0, m3180, 'ch21/lossy/qos1', ... (1024 bytes))
1787780328: Sending PUBLISH to ch21bridge-3574702 (d0, q1, r0, m27, 'ch21/lossy/qos1', ... (1024 bytes))
1787780328: Sending PUBACK to ESP32_000000 (m3180, rc0)
1787780328: Received PUBACK from ch21bridge-3574702 (Mid: 27, RC:0)
1787780328: Received PINGREQ from ESP32_000000
1787780328: Sending PINGRESP to ESP32_000000
1787780328: Received PUBLISH from ESP32_000000 (d0, q1, r0, m13136, 'ch21/lossy/qos1', ... (1024 bytes))
1787780328: Sending PUBLISH to ch21bridge-3574702 (d0, q1, r0, m28, 'ch21/lossy/qos1', ... (1024 bytes))
1787780328: Sending PUBACK to ESP32_000000 (m13136, rc0)
1787780328: Received PUBACK from ch21bridge-3574702 (Mid: 28, RC:0)
1787780328: Received PUBLISH from ESP32_000000 (d0, q1, r0, m62801, 'ch21/lossy/qos1', ... (1024 bytes))
1787780328: Sending PUBLISH to ch21bridge-3574702 (d0, q1, r0, m29, 'ch21/lossy/qos1', ... (1024 bytes))
1787780328: Sending PUBACK to ESP32_000000 (m62801, rc0)
1787780328: Received PUBACK from ch21bridge-3574702 (Mid: 29, RC:0)
1787780328: Received PUBLISH from ESP32_000000 (d0, q1, r0, m55715, 'ch21/lossy/qos1', ... (1024 bytes))
1787780328: Sending PUBLISH to ch21bridge-3574702 (d0, q1, r0, m30, 'ch21/lossy/qos1', ... (1024 bytes))
1787780328: Sending PUBACK to ESP32_000000 (m55715, rc0)
1787780328: Received PUBACK from ch21bridge-3574702 (Mid: 30, RC:0)
1787780328: Received PUBLISH from ESP32_000000 (d0, q1, r0, m46047, 'ch21/lossy/qos1', ... (1024 bytes))
1787780328: Sending PUBLISH to ch21bridge-3574702 (d0, q1, r0, m31, 'ch21/lossy/qos1', ... (1024 bytes))
1787780328: Sending PUBACK to ESP32_000000 (m46047, rc0)
1787780328: Received PUBACK from ch21bridge-3574702 (Mid: 31, RC:0)
1787780328: Received PUBLISH from ESP32_000000 (d0, q1, r0, m44068, 'ch21/lossy/qos1', ... (1024 bytes))
1787780328: Sending PUBLISH to ch21bridge-3574702 (d0, q1, r0, m32, 'ch21/lossy/qos1', ... (1024 bytes))
1787780328: Sending PUBACK to ESP32_000000 (m44068, rc0)
1787780328: Received PUBACK from ch21bridge-3574702 (Mid: 32, RC:0)
1787780328: Received PUBLISH from ESP32_000000 (d0, q1, r0, m45069, 'ch21/lossy/qos1', ... (1024 bytes))
1787780328: Sending PUBLISH to ch21bridge-3574702 (d0, q1, r0, m33, 'ch21/lossy/qos1', ... (1024 bytes))
1787780328: Sending PUBACK to ESP32_000000 (m45069, rc0)
1787780328: Received PUBACK from ch21bridge-3574702 (Mid: 33, RC:0)
1787780328: Received PUBLISH from ESP32_000000 (d0, q1, r0, m37831, 'ch21/lossy/qos1', ... (1024 bytes))
1787780328: Sending PUBLISH to ch21bridge-3574702 (d0, q1, r0, m34, 'ch21/lossy/qos1', ... (1024 bytes))
1787780328: Sending PUBACK to ESP32_000000 (m37831, rc0)
1787780328: Received PUBACK from ch21bridge-3574702 (Mid: 34, RC:0)
1787780328: Received PUBLISH from ESP32_000000 (d0, q1, r0, m25993, 'ch21/lossy/qos1', ... (1024 bytes))
1787780328: Sending PUBLISH to ch21bridge-3574702 (d0, q1, r0, m35, 'ch21/lossy/qos1', ... (1024 bytes))
1787780328: Sending PUBACK to ESP32_000000 (m25993, rc0)
1787780328: Received PUBACK from ch21bridge-3574702 (Mid: 35, RC:0)
1787780328: Received PUBLISH from ESP32_000000 (d0, q1, r0, m45977, 'ch21/lossy/qos1', ... (1024 bytes))
1787780328: Sending PUBLISH to ch21bridge-3574702 (d0, q1, r0, m36, 'ch21/lossy/qos1', ... (1024 bytes))
1787780328: Sending PUBACK to ESP32_000000 (m45977, rc0)
1787780328: Received PUBACK from ch21bridge-3574702 (Mid: 36, RC:0)
1787780328: Received PUBLISH from ESP32_000000 (d0, q1, r0, m52620, 'ch21/lossy/qos1', ... (1024 bytes))
1787780328: Sending PUBLISH to ch21bridge-3574702 (d0, q1, r0, m37, 'ch21/lossy/qos1', ... (1024 bytes))
1787780328: Sending PUBACK to ESP32_000000 (m52620, rc0)
1787780328: Received PUBACK from ch21bridge-3574702 (Mid: 37, RC:0)
1787780328: Received PUBLISH from ESP32_000000 (d0, q1, r0, m10253, 'ch21/lossy/qos1', ... (1024 bytes))
1787780328: Sending PUBLISH to ch21bridge-3574702 (d0, q1, r0, m38, 'ch21/lossy/qos1', ... (1024 bytes))
1787780328: Sending PUBACK to ESP32_000000 (m10253, rc0)
1787780328: Received PUBACK from ch21bridge-3574702 (Mid: 38, RC:0)
1787780328: Received PUBLISH from ESP32_000000 (d0, q1, r0, m47068, 'ch21/lossy/qos1', ... (1024 bytes))
1787780328: Sending PUBLISH to ch21bridge-3574702 (d0, q1, r0, m39, 'ch21/lossy/qos1', ... (1024 bytes))
1787780328: Sending PUBACK to ESP32_000000 (m47068, rc0)
1787780328: Received PUBACK from ch21bridge-3574702 (Mid: 39, RC:0)
1787780328: Received PUBLISH from ESP32_000000 (d0, q1, r0, m62587, 'ch21/lossy/qos1', ... (1024 bytes))
1787780328: Sending PUBLISH to ch21bridge-3574702 (d0, q1, r0, m40, 'ch21/lossy/qos1', ... (1024 bytes))
1787780328: Sending PUBACK to ESP32_000000 (m62587, rc0)
1787780328: Received PUBACK from ch21bridge-3574702 (Mid: 40, RC:0)
1787780328: Received PUBLISH from ESP32_000000 (d0, q1, r0, m46316, 'ch21/lossy/qos1', ... (1024 bytes))
1787780328: Sending PUBLISH to ch21bridge-3574702 (d0, q1, r0, m41, 'ch21/lossy/qos1', ... (1024 bytes))
1787780328: Sending PUBACK to ESP32_000000 (m46316, rc0)
1787780328: Received PUBACK from ch21bridge-3574702 (Mid: 41, RC:0)
1787780328: Received PUBLISH from ESP32_000000 (d0, q1, r0, m53033, 'ch21/lossy/qos1', ... (1024 bytes))
1787780328: Sending PUBLISH to ch21bridge-3574702 (d0, q1, r0, m42, 'ch21/lossy/qos1', ... (1024 bytes))
1787780328: Sending PUBACK to ESP32_000000 (m53033, rc0)
1787780328: Received PUBACK from ch21bridge-3574702 (Mid: 42, RC:0)
1787780328: Received PUBLISH from ESP32_000000 (d0, q1, r0, m45277, 'ch21/lossy/qos1', ... (1024 bytes))
1787780328: Sending PUBLISH to ch21bridge-3574702 (d0, q1, r0, m43, 'ch21/lossy/qos1', ... (1024 bytes))
1787780328: Sending PUBACK to ESP32_000000 (m45277, rc0)
1787780328: Received PUBACK from ch21bridge-3574702 (Mid: 43, RC:0)
1787780328: Received PUBLISH from ESP32_000000 (d0, q1, r0, m56206, 'ch21/lossy/qos1', ... (1024 bytes))
1787780328: Sending PUBLISH to ch21bridge-3574702 (d0, q1, r0, m44, 'ch21/lossy/qos1', ... (1024 bytes))
1787780328: Sending PUBACK to ESP32_000000 (m56206, rc0)
1787780328: Received PUBACK from ch21bridge-3574702 (Mid: 44, RC:0)
1787780328: Received PUBLISH from ESP32_000000 (d0, q1, r0, m8574, 'ch21/lossy/qos1', ... (1024 bytes))
1787780328: Sending PUBLISH to ch21bridge-3574702 (d0, q1, r0, m45, 'ch21/lossy/qos1', ... (1024 bytes))
1787780328: Sending PUBACK to ESP32_000000 (m8574, rc0)
1787780328: Received PUBACK from ch21bridge-3574702 (Mid: 45, RC:0)
1787780328: Received PUBLISH from ESP32_000000 (d0, q1, r0, m37244, 'ch21/lossy/qos1', ... (1024 bytes))
1787780328: Sending PUBLISH to ch21bridge-3574702 (d0, q1, r0, m46, 'ch21/lossy/qos1', ... (1024 bytes))
1787780328: Sending PUBACK to ESP32_000000 (m37244, rc0)
1787780328: Received PUBACK from ch21bridge-3574702 (Mid: 46, RC:0)
1787780328: Received PUBLISH from ESP32_000000 (d0, q1, r0, m31105, 'ch21/lossy/qos1', ... (1024 bytes))
1787780328: Sending PUBLISH to ch21bridge-3574702 (d0, q1, r0, m47, 'ch21/lossy/qos1', ... (1024 bytes))
1787780328: Sending PUBACK to ESP32_000000 (m31105, rc0)
1787780328: Received PUBLISH from ESP32_000000 (d0, q1, r0, m57622, 'ch21/lossy/qos1', ... (1024 bytes))
1787780328: Sending PUBLISH to ch21bridge-3574702 (d0, q1, r0, m48, 'ch21/lossy/qos1', ... (1024 bytes))
1787780328: Sending PUBACK to ESP32_000000 (m57622, rc0)
1787780328: Received PUBACK from ch21bridge-3574702 (Mid: 47, RC:0)
1787780328: Received PUBACK from ch21bridge-3574702 (Mid: 48, RC:0)
1787780328: Received PUBLISH from ESP32_000000 (d0, q1, r0, m65205, 'ch21/lossy/qos1', ... (1024 bytes))
1787780328: Sending PUBLISH to ch21bridge-3574702 (d0, q1, r0, m49, 'ch21/lossy/qos1', ... (1024 bytes))
1787780328: Sending PUBACK to ESP32_000000 (m65205, rc0)
1787780328: Received PUBACK from ch21bridge-3574702 (Mid: 49, RC:0)
1787780328: Received PUBLISH from ESP32_000000 (d0, q1, r0, m19687, 'ch21/lossy/qos1', ... (1024 bytes))
1787780328: Sending PUBLISH to ch21bridge-3574702 (d0, q1, r0, m50, 'ch21/lossy/qos1', ... (1024 bytes))
1787780328: Sending PUBACK to ESP32_000000 (m19687, rc0)
1787780328: Received PUBACK from ch21bridge-3574702 (Mid: 50, RC:0)
1787780328: Received PUBLISH from ESP32_000000 (d0, q1, r0, m1197, 'ch21/lossy/qos1', ... (1024 bytes))
1787780328: Sending PUBLISH to ch21bridge-3574702 (d0, q1, r0, m51, 'ch21/lossy/qos1', ... (1024 bytes))
1787780328: Sending PUBACK to ESP32_000000 (m1197, rc0)
1787780328: Received PUBACK from ch21bridge-3574702 (Mid: 51, RC:0)
1787780328: Received PUBLISH from ESP32_000000 (d0, q1, r0, m34828, 'ch21/lossy/qos1', ... (1024 bytes))
1787780328: Sending PUBLISH to ch21bridge-3574702 (d0, q1, r0, m52, 'ch21/lossy/qos1', ... (1024 bytes))
1787780328: Sending PUBACK to ESP32_000000 (m34828, rc0)
1787780328: Received PUBACK from ch21bridge-3574702 (Mid: 52, RC:0)
1787780328: Received PUBLISH from ESP32_000000 (d0, q1, r0, m18667, 'ch21/lossy/qos1', ... (1024 bytes))
1787780328: Sending PUBLISH to ch21bridge-3574702 (d0, q1, r0, m53, 'ch21/lossy/qos1', ... (1024 bytes))
1787780328: Sending PUBACK to ESP32_000000 (m18667, rc0)
1787780328: Received PUBACK from ch21bridge-3574702 (Mid: 53, RC:0)
1787780328: Received PUBLISH from ESP32_000000 (d0, q1, r0, m31674, 'ch21/lossy/qos1', ... (1024 bytes))
1787780328: Sending PUBLISH to ch21bridge-3574702 (d0, q1, r0, m54, 'ch21/lossy/qos1', ... (1024 bytes))
1787780328: Sending PUBACK to ESP32_000000 (m31674, rc0)
1787780328: Received PUBACK from ch21bridge-3574702 (Mid: 54, RC:0)
1787780328: Received PUBLISH from ESP32_000000 (d0, q1, r0, m23186, 'ch21/lossy/qos1', ... (1024 bytes))
1787780328: Sending PUBLISH to ch21bridge-3574702 (d0, q1, r0, m55, 'ch21/lossy/qos1', ... (1024 bytes))
1787780328: Sending PUBACK to ESP32_000000 (m23186, rc0)
1787780328: Received PUBACK from ch21bridge-3574702 (Mid: 55, RC:0)
1787780328: Received PUBLISH from ESP32_000000 (d0, q1, r0, m36501, 'ch21/lossy/qos1', ... (1024 bytes))
1787780328: Sending PUBLISH to ch21bridge-3574702 (d0, q1, r0, m56, 'ch21/lossy/qos1', ... (1024 bytes))
1787780328: Sending PUBACK to ESP32_000000 (m36501, rc0)
1787780328: Received PUBACK from ch21bridge-3574702 (Mid: 56, RC:0)
1787780328: Received PUBLISH from ESP32_000000 (d0, q1, r0, m25327, 'ch21/lossy/qos1', ... (1024 bytes))
1787780328: Sending PUBLISH to ch21bridge-3574702 (d0, q1, r0, m57, 'ch21/lossy/qos1', ... (1024 bytes))
1787780328: Sending PUBACK to ESP32_000000 (m25327, rc0)
1787780328: Received PUBACK from ch21bridge-3574702 (Mid: 57, RC:0)
1787780328: Received PUBLISH from ESP32_000000 (d0, q1, r0, m46230, 'ch21/lossy/qos1', ... (1024 bytes))
1787780328: Sending PUBLISH to ch21bridge-3574702 (d0, q1, r0, m58, 'ch21/lossy/qos1', ... (1024 bytes))
1787780328: Sending PUBACK to ESP32_000000 (m46230, rc0)
1787780328: Received PUBACK from ch21bridge-3574702 (Mid: 58, RC:0)
1787780328: Received PUBLISH from ESP32_000000 (d0, q1, r0, m16054, 'ch21/lossy/qos1', ... (1024 bytes))
1787780328: Sending PUBLISH to ch21bridge-3574702 (d0, q1, r0, m59, 'ch21/lossy/qos1', ... (1024 bytes))
1787780328: Sending PUBACK to ESP32_000000 (m16054, rc0)
1787780328: Received PUBACK from ch21bridge-3574702 (Mid: 59, RC:0)
1787780328: Received PUBLISH from ESP32_000000 (d0, q1, r0, m46988, 'ch21/lossy/qos1', ... (1024 bytes))
1787780328: Sending PUBLISH to ch21bridge-3574702 (d0, q1, r0, m60, 'ch21/lossy/qos1', ... (1024 bytes))
1787780328: Sending PUBACK to ESP32_000000 (m46988, rc0)
1787780328: Received PUBACK from ch21bridge-3574702 (Mid: 60, RC:0)
1787780328: Received PUBLISH from ESP32_000000 (d0, q1, r0, m60760, 'ch21/lossy/qos1', ... (1024 bytes))
1787780328: Sending PUBLISH to ch21bridge-3574702 (d0, q1, r0, m61, 'ch21/lossy/qos1', ... (1024 bytes))
1787780328: Sending PUBACK to ESP32_000000 (m60760, rc0)
1787780328: Received PUBACK from ch21bridge-3574702 (Mid: 61, RC:0)
1787780328: Received PUBLISH from ESP32_000000 (d0, q1, r0, m39566, 'ch21/lossy/qos1', ... (1024 bytes))
1787780328: Sending PUBLISH to ch21bridge-3574702 (d0, q1, r0, m62, 'ch21/lossy/qos1', ... (1024 bytes))
1787780328: Sending PUBACK to ESP32_000000 (m39566, rc0)
1787780328: Received PUBACK from ch21bridge-3574702 (Mid: 62, RC:0)
1787780328: Received PUBLISH from ESP32_000000 (d0, q1, r0, m23330, 'ch21/lossy/qos1', ... (1024 bytes))
1787780328: Sending PUBLISH to ch21bridge-3574702 (d0, q1, r0, m63, 'ch21/lossy/qos1', ... (1024 bytes))
1787780328: Sending PUBACK to ESP32_000000 (m23330, rc0)
1787780328: Received PUBACK from ch21bridge-3574702 (Mid: 63, RC:0)
1787780328: Received PUBLISH from ESP32_000000 (d0, q1, r0, m20861, 'ch21/lossy/qos1', ... (1024 bytes))
1787780328: Sending PUBLISH to ch21bridge-3574702 (d0, q1, r0, m64, 'ch21/lossy/qos1', ... (1024 bytes))
1787780328: Sending PUBACK to ESP32_000000 (m20861, rc0)
1787780328: Received PUBACK from ch21bridge-3574702 (Mid: 64, RC:0)
1787780328: Received PUBLISH from ESP32_000000 (d0, q1, r0, m43504, 'ch21/lossy/qos1', ... (1024 bytes))
1787780328: Sending PUBLISH to ch21bridge-3574702 (d0, q1, r0, m65, 'ch21/lossy/qos1', ... (1024 bytes))
1787780328: Sending PUBACK to ESP32_000000 (m43504, rc0)
1787780328: Received PUBACK from ch21bridge-3574702 (Mid: 65, RC:0)
1787780328: Received PUBLISH from ESP32_000000 (d0, q1, r0, m51998, 'ch21/lossy/qos1', ... (1024 bytes))
1787780328: Sending PUBLISH to ch21bridge-3574702 (d0, q1, r0, m66, 'ch21/lossy/qos1', ... (1024 bytes))
1787780328: Sending PUBACK to ESP32_000000 (m51998, rc0)
1787780328: Received PUBACK from ch21bridge-3574702 (Mid: 66, RC:0)
1787780328: Received PUBLISH from ESP32_000000 (d0, q1, r0, m23862, 'ch21/lossy/qos1', ... (1024 bytes))
1787780328: Sending PUBLISH to ch21bridge-3574702 (d0, q1, r0, m67, 'ch21/lossy/qos1', ... (1024 bytes))
1787780328: Sending PUBACK to ESP32_000000 (m23862, rc0)
1787780328: Received PUBACK from ch21bridge-3574702 (Mid: 67, RC:0)
1787780328: Received PUBLISH from ESP32_000000 (d0, q1, r0, m30490, 'ch21/lossy/qos1', ... (1024 bytes))
1787780328: Sending PUBLISH to ch21bridge-3574702 (d0, q1, r0, m68, 'ch21/lossy/qos1', ... (1024 bytes))
1787780328: Sending PUBACK to ESP32_000000 (m30490, rc0)
1787780328: Received PUBACK from ch21bridge-3574702 (Mid: 68, RC:0)
1787780328: Received PUBLISH from ESP32_000000 (d0, q1, r0, m42746, 'ch21/lossy/qos1', ... (1024 bytes))
1787780328: Sending PUBLISH to ch21bridge-3574702 (d0, q1, r0, m69, 'ch21/lossy/qos1', ... (1024 bytes))
1787780328: Sending PUBACK to ESP32_000000 (m42746, rc0)
1787780328: Received PUBACK from ch21bridge-3574702 (Mid: 69, RC:0)
1787780328: Received PUBLISH from ESP32_000000 (d0, q1, r0, m55236, 'ch21/lossy/qos1', ... (1024 bytes))
1787780328: Sending PUBLISH to ch21bridge-3574702 (d0, q1, r0, m70, 'ch21/lossy/qos1', ... (1024 bytes))
1787780328: Sending PUBACK to ESP32_000000 (m55236, rc0)
1787780328: Received PUBLISH from ESP32_000000 (d0, q1, r0, m15488, 'ch21/lossy/qos1', ... (1024 bytes))
1787780328: Sending PUBLISH to ch21bridge-3574702 (d0, q1, r0, m71, 'ch21/lossy/qos1', ... (1024 bytes))
1787780328: Sending PUBACK to ESP32_000000 (m15488, rc0)
1787780328: Received PUBACK from ch21bridge-3574702 (Mid: 70, RC:0)
1787780328: Received PUBLISH from ESP32_000000 (d0, q1, r0, m33284, 'ch21/lossy/qos1', ... (1024 bytes))
1787780328: Sending PUBLISH to ch21bridge-3574702 (d0, q1, r0, m72, 'ch21/lossy/qos1', ... (1024 bytes))
1787780328: Sending PUBACK to ESP32_000000 (m33284, rc0)
1787780328: Received PUBACK from ch21bridge-3574702 (Mid: 71, RC:0)
1787780328: Received PUBACK from ch21bridge-3574702 (Mid: 72, RC:0)
1787780328: Received PUBLISH from ESP32_000000 (d0, q1, r0, m11883, 'ch21/lossy/qos1', ... (1024 bytes))
1787780328: Sending PUBLISH to ch21bridge-3574702 (d0, q1, r0, m73, 'ch21/lossy/qos1', ... (1024 bytes))
1787780328: Sending PUBACK to ESP32_000000 (m11883, rc0)
1787780328: Received PUBACK from ch21bridge-3574702 (Mid: 73, RC:0)
1787780328: Received PUBLISH from ESP32_000000 (d0, q1, r0, m34906, 'ch21/lossy/qos1', ... (1024 bytes))
1787780328: Sending PUBLISH to ch21bridge-3574702 (d0, q1, r0, m74, 'ch21/lossy/qos1', ... (1024 bytes))
1787780328: Sending PUBACK to ESP32_000000 (m34906, rc0)
1787780328: Received PUBACK from ch21bridge-3574702 (Mid: 74, RC:0)
1787780328: Received PUBLISH from ESP32_000000 (d0, q1, r0, m55592, 'ch21/lossy/qos1', ... (1024 bytes))
1787780328: Sending PUBLISH to ch21bridge-3574702 (d0, q1, r0, m75, 'ch21/lossy/qos1', ... (1024 bytes))
1787780328: Sending PUBACK to ESP32_000000 (m55592, rc0)
1787780328: Received PUBACK from ch21bridge-3574702 (Mid: 75, RC:0)
1787780328: Received PUBLISH from ESP32_000000 (d0, q1, r0, m47022, 'ch21/lossy/qos1', ... (1024 bytes))
1787780328: Sending PUBLISH to ch21bridge-3574702 (d0, q1, r0, m76, 'ch21/lossy/qos1', ... (1024 bytes))
1787780328: Sending PUBACK to ESP32_000000 (m47022, rc0)
1787780328: Received PUBLISH from ESP32_000000 (d0, q1, r0, m61485, 'ch21/lossy/qos1', ... (1024 bytes))
1787780328: Sending PUBLISH to ch21bridge-3574702 (d0, q1, r0, m77, 'ch21/lossy/qos1', ... (1024 bytes))
1787780328: Sending PUBACK to ESP32_000000 (m61485, rc0)
1787780328: Received PUBACK from ch21bridge-3574702 (Mid: 76, RC:0)
1787780328: Received PUBACK from ch21bridge-3574702 (Mid: 77, RC:0)
1787780328: Received PUBLISH from ESP32_000000 (d0, q1, r0, m64637, 'ch21/lossy/qos1', ... (1024 bytes))
1787780328: Sending PUBLISH to ch21bridge-3574702 (d0, q1, r0, m78, 'ch21/lossy/qos1', ... (1024 bytes))
1787780328: Sending PUBACK to ESP32_000000 (m64637, rc0)
1787780328: Received PUBACK from ch21bridge-3574702 (Mid: 78, RC:0)
1787780328: Received PUBLISH from ESP32_000000 (d0, q1, r0, m41974, 'ch21/lossy/qos1', ... (1024 bytes))
1787780328: Sending PUBLISH to ch21bridge-3574702 (d0, q1, r0, m79, 'ch21/lossy/qos1', ... (1024 bytes))
1787780328: Sending PUBACK to ESP32_000000 (m41974, rc0)
1787780328: Received PUBACK from ch21bridge-3574702 (Mid: 79, RC:0)
1787780328: Received PUBLISH from ESP32_000000 (d0, q1, r0, m17417, 'ch21/lossy/qos1', ... (1024 bytes))
1787780328: Sending PUBLISH to ch21bridge-3574702 (d0, q1, r0, m80, 'ch21/lossy/qos1', ... (1024 bytes))
1787780328: Sending PUBACK to ESP32_000000 (m17417, rc0)
1787780328: Received PUBACK from ch21bridge-3574702 (Mid: 80, RC:0)
1787780328: Received PUBLISH from ESP32_000000 (d0, q1, r0, m49629, 'ch21/lossy/qos1', ... (1024 bytes))
1787780328: Sending PUBLISH to ch21bridge-3574702 (d0, q1, r0, m81, 'ch21/lossy/qos1', ... (1024 bytes))
1787780328: Sending PUBACK to ESP32_000000 (m49629, rc0)
1787780328: Received PUBACK from ch21bridge-3574702 (Mid: 81, RC:0)
1787780328: Received PUBLISH from ESP32_000000 (d0, q1, r0, m48763, 'ch21/lossy/qos1', ... (1024 bytes))
1787780328: Sending PUBLISH to ch21bridge-3574702 (d0, q1, r0, m82, 'ch21/lossy/qos1', ... (1024 bytes))
1787780328: Sending PUBACK to ESP32_000000 (m48763, rc0)
1787780328: Received PUBACK from ch21bridge-3574702 (Mid: 82, RC:0)
1787780328: Received PUBLISH from ESP32_000000 (d0, q1, r0, m16973, 'ch21/lossy/qos1', ... (1024 bytes))
1787780328: Sending PUBLISH to ch21bridge-3574702 (d0, q1, r0, m83, 'ch21/lossy/qos1', ... (1024 bytes))
1787780328: Sending PUBACK to ESP32_000000 (m16973, rc0)
1787780328: Received PUBACK from ch21bridge-3574702 (Mid: 83, RC:0)
1787780328: Received PUBLISH from ESP32_000000 (d0, q1, r0, m15720, 'ch21/lossy/qos1', ... (1024 bytes))
1787780328: Sending PUBLISH to ch21bridge-3574702 (d0, q1, r0, m84, 'ch21/lossy/qos1', ... (1024 bytes))
1787780328: Sending PUBACK to ESP32_000000 (m15720, rc0)
1787780328: Received PUBACK from ch21bridge-3574702 (Mid: 84, RC:0)
1787780328: Received PUBLISH from ESP32_000000 (d0, q1, r0, m28709, 'ch21/lossy/qos1', ... (1024 bytes))
1787780328: Sending PUBLISH to ch21bridge-3574702 (d0, q1, r0, m85, 'ch21/lossy/qos1', ... (1024 bytes))
1787780328: Sending PUBACK to ESP32_000000 (m28709, rc0)
1787780328: Received PUBACK from ch21bridge-3574702 (Mid: 85, RC:0)
1787780328: Received PUBLISH from ESP32_000000 (d0, q1, r0, m62562, 'ch21/lossy/qos1', ... (1024 bytes))
1787780328: Sending PUBLISH to ch21bridge-3574702 (d0, q1, r0, m86, 'ch21/lossy/qos1', ... (1024 bytes))
1787780328: Sending PUBACK to ESP32_000000 (m62562, rc0)
1787780328: Received PUBLISH from ESP32_000000 (d0, q1, r0, m11417, 'ch21/lossy/qos1', ... (1024 bytes))
1787780328: Sending PUBLISH to ch21bridge-3574702 (d0, q1, r0, m87, 'ch21/lossy/qos1', ... (1024 bytes))
1787780328: Sending PUBACK to ESP32_000000 (m11417, rc0)
1787780328: Received PUBACK from ch21bridge-3574702 (Mid: 86, RC:0)
1787780328: Received PUBLISH from ESP32_000000 (d0, q1, r0, m1368, 'ch21/lossy/qos1', ... (1024 bytes))
1787780328: Sending PUBLISH to ch21bridge-3574702 (d0, q1, r0, m88, 'ch21/lossy/qos1', ... (1024 bytes))
1787780328: Sending PUBACK to ESP32_000000 (m1368, rc0)
1787780328: Received PUBACK from ch21bridge-3574702 (Mid: 87, RC:0)
1787780328: Received PUBACK from ch21bridge-3574702 (Mid: 88, RC:0)
1787780328: Received PUBLISH from ESP32_000000 (d0, q1, r0, m9054, 'ch21/lossy/qos1', ... (1024 bytes))
1787780328: Sending PUBLISH to ch21bridge-3574702 (d0, q1, r0, m89, 'ch21/lossy/qos1', ... (1024 bytes))
1787780328: Sending PUBACK to ESP32_000000 (m9054, rc0)
1787780328: Received PUBACK from ch21bridge-3574702 (Mid: 89, RC:0)
1787780328: Received PUBLISH from ESP32_000000 (d0, q1, r0, m60805, 'ch21/lossy/qos1', ... (1024 bytes))
1787780328: Sending PUBLISH to ch21bridge-3574702 (d0, q1, r0, m90, 'ch21/lossy/qos1', ... (1024 bytes))
1787780328: Sending PUBACK to ESP32_000000 (m60805, rc0)
1787780328: Received PUBACK from ch21bridge-3574702 (Mid: 90, RC:0)
1787780328: Received PUBLISH from ESP32_000000 (d0, q1, r0, m30494, 'ch21/lossy/qos1', ... (1024 bytes))
1787780328: Sending PUBLISH to ch21bridge-3574702 (d0, q1, r0, m91, 'ch21/lossy/qos1', ... (1024 bytes))
1787780328: Sending PUBACK to ESP32_000000 (m30494, rc0)
1787780328: Received PUBLISH from ESP32_000000 (d0, q1, r0, m11787, 'ch21/lossy/qos1', ... (1024 bytes))
1787780328: Sending PUBLISH to ch21bridge-3574702 (d0, q1, r0, m92, 'ch21/lossy/qos1', ... (1024 bytes))
1787780328: Sending PUBACK to ESP32_000000 (m11787, rc0)
1787780328: Received PUBACK from ch21bridge-3574702 (Mid: 91, RC:0)
1787780328: Received PUBACK from ch21bridge-3574702 (Mid: 92, RC:0)
1787780328: Received PUBLISH from ESP32_000000 (d0, q1, r0, m18639, 'ch21/lossy/qos1', ... (1024 bytes))
1787780328: Sending PUBLISH to ch21bridge-3574702 (d0, q1, r0, m93, 'ch21/lossy/qos1', ... (1024 bytes))
1787780328: Sending PUBACK to ESP32_000000 (m18639, rc0)
1787780328: Received PUBACK from ch21bridge-3574702 (Mid: 93, RC:0)
1787780328: Received PUBLISH from ESP32_000000 (d0, q1, r0, m15926, 'ch21/lossy/qos1', ... (1024 bytes))
1787780328: Sending PUBLISH to ch21bridge-3574702 (d0, q1, r0, m94, 'ch21/lossy/qos1', ... (1024 bytes))
1787780328: Sending PUBACK to ESP32_000000 (m15926, rc0)
1787780328: Received PUBACK from ch21bridge-3574702 (Mid: 94, RC:0)
1787780328: Received PUBLISH from ESP32_000000 (d0, q1, r0, m33438, 'ch21/lossy/qos1', ... (1024 bytes))
1787780328: Sending PUBLISH to ch21bridge-3574702 (d0, q1, r0, m95, 'ch21/lossy/qos1', ... (1024 bytes))
1787780328: Sending PUBACK to ESP32_000000 (m33438, rc0)
1787780328: Received PUBACK from ch21bridge-3574702 (Mid: 95, RC:0)
1787780328: Received PUBLISH from ESP32_000000 (d0, q1, r0, m9030, 'ch21/lossy/qos1', ... (1024 bytes))
1787780328: Sending PUBLISH to ch21bridge-3574702 (d0, q1, r0, m96, 'ch21/lossy/qos1', ... (1024 bytes))
1787780328: Sending PUBACK to ESP32_000000 (m9030, rc0)
1787780328: Received PUBACK from ch21bridge-3574702 (Mid: 96, RC:0)
1787780328: Received PUBLISH from ESP32_000000 (d0, q1, r0, m31091, 'ch21/lossy/qos1', ... (1024 bytes))
1787780328: Sending PUBLISH to ch21bridge-3574702 (d0, q1, r0, m97, 'ch21/lossy/qos1', ... (1024 bytes))
1787780328: Sending PUBACK to ESP32_000000 (m31091, rc0)
1787780328: Received PUBACK from ch21bridge-3574702 (Mid: 97, RC:0)
1787780328: Received PUBLISH from ESP32_000000 (d0, q1, r0, m55516, 'ch21/lossy/qos1', ... (1024 bytes))
1787780328: Sending PUBLISH to ch21bridge-3574702 (d0, q1, r0, m98, 'ch21/lossy/qos1', ... (1024 bytes))
1787780328: Sending PUBACK to ESP32_000000 (m55516, rc0)
1787780328: Received PUBACK from ch21bridge-3574702 (Mid: 98, RC:0)
1787780328: Received PUBLISH from ESP32_000000 (d0, q1, r0, m47119, 'ch21/lossy/qos1', ... (1024 bytes))
1787780328: Sending PUBLISH to ch21bridge-3574702 (d0, q1, r0, m99, 'ch21/lossy/qos1', ... (1024 bytes))
1787780328: Sending PUBACK to ESP32_000000 (m47119, rc0)
1787780328: Received PUBACK from ch21bridge-3574702 (Mid: 99, RC:0)
1787780328: Received PUBLISH from ESP32_000000 (d0, q1, r0, m50322, 'ch21/lossy/qos1', ... (1024 bytes))
1787780328: Sending PUBLISH to ch21bridge-3574702 (d0, q1, r0, m100, 'ch21/lossy/qos1', ... (1024 bytes))
1787780328: Sending PUBACK to ESP32_000000 (m50322, rc0)
1787780328: Received PUBACK from ch21bridge-3574702 (Mid: 100, RC:0)
1787780328: Received PUBLISH from ESP32_000000 (d0, q1, r0, m3332, 'ch21/lossy/qos1', ... (1024 bytes))
1787780328: Sending PUBLISH to ch21bridge-3574702 (d0, q1, r0, m101, 'ch21/lossy/qos1', ... (1024 bytes))
1787780328: Sending PUBACK to ESP32_000000 (m3332, rc0)
1787780328: Received PUBACK from ch21bridge-3574702 (Mid: 101, RC:0)
1787780328: Received PUBLISH from ESP32_000000 (d0, q1, r0, m51855, 'ch21/lossy/qos1', ... (1024 bytes))
1787780328: Sending PUBLISH to ch21bridge-3574702 (d0, q1, r0, m102, 'ch21/lossy/qos1', ... (1024 bytes))
1787780328: Sending PUBACK to ESP32_000000 (m51855, rc0)
1787780328: Received PUBACK from ch21bridge-3574702 (Mid: 102, RC:0)
1787780328: Received PUBLISH from ESP32_000000 (d0, q1, r0, m12130, 'ch21/lossy/qos1', ... (1024 bytes))
1787780328: Sending PUBLISH to ch21bridge-3574702 (d0, q1, r0, m103, 'ch21/lossy/qos1', ... (1024 bytes))
1787780328: Sending PUBACK to ESP32_000000 (m12130, rc0)
1787780328: Received PUBACK from ch21bridge-3574702 (Mid: 103, RC:0)
1787780328: Received PUBLISH from ESP32_000000 (d0, q1, r0, m12364, 'ch21/lossy/qos1', ... (1024 bytes))
1787780328: Sending PUBLISH to ch21bridge-3574702 (d0, q1, r0, m104, 'ch21/lossy/qos1', ... (1024 bytes))
1787780328: Sending PUBACK to ESP32_000000 (m12364, rc0)
1787780328: Received PUBACK from ch21bridge-3574702 (Mid: 104, RC:0)
1787780328: Received PUBLISH from ESP32_000000 (d0, q1, r0, m3077, 'ch21/lossy/qos1', ... (1024 bytes))
1787780328: Sending PUBLISH to ch21bridge-3574702 (d0, q1, r0, m105, 'ch21/lossy/qos1', ... (1024 bytes))
1787780328: Sending PUBACK to ESP32_000000 (m3077, rc0)
1787780328: Received PUBACK from ch21bridge-3574702 (Mid: 105, RC:0)
1787780328: Received PUBLISH from ESP32_000000 (d0, q1, r0, m50645, 'ch21/lossy/qos1', ... (1024 bytes))
1787780328: Sending PUBLISH to ch21bridge-3574702 (d0, q1, r0, m106, 'ch21/lossy/qos1', ... (1024 bytes))
1787780328: Sending PUBACK to ESP32_000000 (m50645, rc0)
1787780328: Received PUBACK from ch21bridge-3574702 (Mid: 106, RC:0)
1787780328: Received PUBLISH from ESP32_000000 (d0, q1, r0, m19602, 'ch21/lossy/qos1', ... (1024 bytes))
1787780328: Sending PUBLISH to ch21bridge-3574702 (d0, q1, r0, m107, 'ch21/lossy/qos1', ... (1024 bytes))
1787780328: Sending PUBACK to ESP32_000000 (m19602, rc0)
1787780328: Received PUBACK from ch21bridge-3574702 (Mid: 107, RC:0)
1787780328: Received PUBLISH from ESP32_000000 (d0, q1, r0, m43239, 'ch21/lossy/qos1', ... (1024 bytes))
1787780328: Sending PUBLISH to ch21bridge-3574702 (d0, q1, r0, m108, 'ch21/lossy/qos1', ... (1024 bytes))
1787780328: Sending PUBACK to ESP32_000000 (m43239, rc0)
1787780328: Received PUBACK from ch21bridge-3574702 (Mid: 108, RC:0)
1787780328: Received PUBLISH from ESP32_000000 (d0, q1, r0, m10997, 'ch21/lossy/qos1', ... (1024 bytes))
1787780328: Sending PUBLISH to ch21bridge-3574702 (d0, q1, r0, m109, 'ch21/lossy/qos1', ... (1024 bytes))
1787780328: Sending PUBACK to ESP32_000000 (m10997, rc0)
1787780328: Received PUBACK from ch21bridge-3574702 (Mid: 109, RC:0)
1787780328: Received PUBLISH from ESP32_000000 (d0, q1, r0, m2662, 'ch21/lossy/qos1', ... (1024 bytes))
1787780328: Sending PUBLISH to ch21bridge-3574702 (d0, q1, r0, m110, 'ch21/lossy/qos1', ... (1024 bytes))
1787780328: Sending PUBACK to ESP32_000000 (m2662, rc0)
1787780328: Received PUBACK from ch21bridge-3574702 (Mid: 110, RC:0)
1787780328: Received PUBLISH from ESP32_000000 (d0, q1, r0, m59495, 'ch21/lossy/qos1', ... (1024 bytes))
1787780328: Sending PUBLISH to ch21bridge-3574702 (d0, q1, r0, m111, 'ch21/lossy/qos1', ... (1024 bytes))
1787780328: Sending PUBACK to ESP32_000000 (m59495, rc0)
1787780328: Received PUBACK from ch21bridge-3574702 (Mid: 111, RC:0)
1787780328: Received PUBLISH from ESP32_000000 (d0, q1, r0, m39039, 'ch21/lossy/qos1', ... (1024 bytes))
1787780328: Sending PUBLISH to ch21bridge-3574702 (d0, q1, r0, m112, 'ch21/lossy/qos1', ... (1024 bytes))
1787780328: Sending PUBACK to ESP32_000000 (m39039, rc0)
1787780328: Received PUBACK from ch21bridge-3574702 (Mid: 112, RC:0)
1787780328: Received PUBLISH from ESP32_000000 (d0, q1, r0, m60970, 'ch21/lossy/qos1', ... (1024 bytes))
1787780328: Sending PUBLISH to ch21bridge-3574702 (d0, q1, r0, m113, 'ch21/lossy/qos1', ... (1024 bytes))
1787780328: Sending PUBACK to ESP32_000000 (m60970, rc0)
1787780328: Received PUBACK from ch21bridge-3574702 (Mid: 113, RC:0)
1787780328: Received PUBLISH from ESP32_000000 (d0, q1, r0, m33599, 'ch21/lossy/qos1', ... (1024 bytes))
1787780328: Sending PUBLISH to ch21bridge-3574702 (d0, q1, r0, m114, 'ch21/lossy/qos1', ... (1024 bytes))
1787780328: Sending PUBACK to ESP32_000000 (m33599, rc0)
1787780328: Received PUBACK from ch21bridge-3574702 (Mid: 114, RC:0)
1787780328: Received PUBLISH from ESP32_000000 (d0, q1, r0, m30106, 'ch21/lossy/qos1', ... (1024 bytes))
1787780328: Sending PUBLISH to ch21bridge-3574702 (d0, q1, r0, m115, 'ch21/lossy/qos1', ... (1024 bytes))
1787780328: Sending PUBACK to ESP32_000000 (m30106, rc0)
1787780328: Received PUBACK from ch21bridge-3574702 (Mid: 115, RC:0)
1787780328: Received PUBLISH from ESP32_000000 (d0, q1, r0, m29759, 'ch21/lossy/qos1', ... (1024 bytes))
1787780328: Sending PUBLISH to ch21bridge-3574702 (d0, q1, r0, m116, 'ch21/lossy/qos1', ... (1024 bytes))
1787780328: Sending PUBACK to ESP32_000000 (m29759, rc0)
1787780328: Received PUBACK from ch21bridge-3574702 (Mid: 116, RC:0)
1787780328: Received PUBLISH from ESP32_000000 (d0, q1, r0, m57504, 'ch21/lossy/qos1', ... (1024 bytes))
1787780328: Sending PUBLISH to ch21bridge-3574702 (d0, q1, r0, m117, 'ch21/lossy/qos1', ... (1024 bytes))
1787780328: Sending PUBACK to ESP32_000000 (m57504, rc0)
1787780328: Received PUBACK from ch21bridge-3574702 (Mid: 117, RC:0)
1787780328: Received PUBLISH from ESP32_000000 (d0, q1, r0, m1893, 'ch21/lossy/qos1', ... (1024 bytes))
1787780328: Sending PUBLISH to ch21bridge-3574702 (d0, q1, r0, m118, 'ch21/lossy/qos1', ... (1024 bytes))
1787780328: Sending PUBACK to ESP32_000000 (m1893, rc0)
1787780328: Received PUBACK from ch21bridge-3574702 (Mid: 118, RC:0)
1787780328: Received PUBLISH from ESP32_000000 (d0, q1, r0, m29269, 'ch21/lossy/qos1', ... (1024 bytes))
1787780328: Sending PUBLISH to ch21bridge-3574702 (d0, q1, r0, m119, 'ch21/lossy/qos1', ... (1024 bytes))
1787780328: Sending PUBACK to ESP32_000000 (m29269, rc0)
1787780328: Received PUBACK from ch21bridge-3574702 (Mid: 119, RC:0)
1787780328: Received PUBLISH from ESP32_000000 (d0, q1, r0, m39755, 'ch21/lossy/qos1', ... (1024 bytes))
1787780328: Sending PUBLISH to ch21bridge-3574702 (d0, q1, r0, m120, 'ch21/lossy/qos1', ... (1024 bytes))
1787780328: Sending PUBACK to ESP32_000000 (m39755, rc0)
1787780328: Received PUBACK from ch21bridge-3574702 (Mid: 120, RC:0)
1787780328: Received PUBLISH from ESP32_000000 (d0, q1, r0, m48333, 'ch21/lossy/qos1', ... (1024 bytes))
1787780328: Sending PUBLISH to ch21bridge-3574702 (d0, q1, r0, m121, 'ch21/lossy/qos1', ... (1024 bytes))
1787780328: Sending PUBACK to ESP32_000000 (m48333, rc0)
1787780328: Received PUBACK from ch21bridge-3574702 (Mid: 121, RC:0)
1787780328: Received PUBLISH from ESP32_000000 (d0, q1, r0, m54533, 'ch21/lossy/qos1', ... (1024 bytes))
1787780328: Sending PUBLISH to ch21bridge-3574702 (d0, q1, r0, m122, 'ch21/lossy/qos1', ... (1024 bytes))
1787780328: Sending PUBACK to ESP32_000000 (m54533, rc0)
1787780328: Received PUBACK from ch21bridge-3574702 (Mid: 122, RC:0)
1787780328: Received PUBLISH from ESP32_000000 (d0, q1, r0, m35189, 'ch21/lossy/qos1', ... (1024 bytes))
1787780328: Sending PUBLISH to ch21bridge-3574702 (d0, q1, r0, m123, 'ch21/lossy/qos1', ... (1024 bytes))
1787780328: Sending PUBACK to ESP32_000000 (m35189, rc0)
1787780328: Received PUBACK from ch21bridge-3574702 (Mid: 123, RC:0)
1787780328: Received PUBLISH from ESP32_000000 (d0, q1, r0, m58105, 'ch21/lossy/qos1', ... (1024 bytes))
1787780328: Sending PUBLISH to ch21bridge-3574702 (d0, q1, r0, m124, 'ch21/lossy/qos1', ... (1024 bytes))
1787780328: Sending PUBACK to ESP32_000000 (m58105, rc0)
1787780328: Received PUBACK from ch21bridge-3574702 (Mid: 124, RC:0)
1787780328: Received PUBLISH from ESP32_000000 (d0, q1, r0, m61496, 'ch21/lossy/qos1', ... (1024 bytes))
1787780328: Sending PUBLISH to ch21bridge-3574702 (d0, q1, r0, m125, 'ch21/lossy/qos1', ... (1024 bytes))
1787780328: Sending PUBACK to ESP32_000000 (m61496, rc0)
1787780328: Received PUBACK from ch21bridge-3574702 (Mid: 125, RC:0)
1787780328: Received PUBLISH from ESP32_000000 (d0, q1, r0, m13044, 'ch21/lossy/qos1', ... (1024 bytes))
1787780328: Sending PUBLISH to ch21bridge-3574702 (d0, q1, r0, m126, 'ch21/lossy/qos1', ... (1024 bytes))
1787780328: Sending PUBACK to ESP32_000000 (m13044, rc0)
1787780328: Received PUBACK from ch21bridge-3574702 (Mid: 126, RC:0)
1787780328: Received PUBLISH from ESP32_000000 (d0, q1, r0, m58558, 'ch21/lossy/qos1', ... (1024 bytes))
1787780328: Sending PUBLISH to ch21bridge-3574702 (d0, q1, r0, m127, 'ch21/lossy/qos1', ... (1024 bytes))
1787780328: Sending PUBACK to ESP32_000000 (m58558, rc0)
1787780328: Received PUBACK from ch21bridge-3574702 (Mid: 127, RC:0)
1787780328: Received PUBLISH from ESP32_000000 (d0, q1, r0, m49765, 'ch21/lossy/qos1', ... (1024 bytes))
1787780328: Sending PUBLISH to ch21bridge-3574702 (d0, q1, r0, m128, 'ch21/lossy/qos1', ... (1024 bytes))
1787780328: Sending PUBACK to ESP32_000000 (m49765, rc0)
1787780328: Received PUBACK from ch21bridge-3574702 (Mid: 128, RC:0)
1787780328: Received PUBLISH from ESP32_000000 (d0, q1, r0, m25045, 'ch21/lossy/qos1', ... (1024 bytes))
1787780328: Sending PUBLISH to ch21bridge-3574702 (d0, q1, r0, m129, 'ch21/lossy/qos1', ... (1024 bytes))
1787780328: Sending PUBACK to ESP32_000000 (m25045, rc0)
1787780328: Received PUBACK from ch21bridge-3574702 (Mid: 129, RC:0)
1787780328: Received PUBLISH from ESP32_000000 (d0, q1, r0, m32866, 'ch21/lossy/qos1', ... (1024 bytes))
1787780328: Sending PUBLISH to ch21bridge-3574702 (d0, q1, r0, m130, 'ch21/lossy/qos1', ... (1024 bytes))
1787780328: Sending PUBACK to ESP32_000000 (m32866, rc0)
1787780328: Received PUBACK from ch21bridge-3574702 (Mid: 130, RC:0)
1787780328: Received PUBLISH from ESP32_000000 (d0, q1, r0, m37146, 'ch21/lossy/qos1', ... (1024 bytes))
1787780328: Sending PUBLISH to ch21bridge-3574702 (d0, q1, r0, m131, 'ch21/lossy/qos1', ... (1024 bytes))
1787780328: Sending PUBACK to ESP32_000000 (m37146, rc0)
1787780328: Received PUBACK from ch21bridge-3574702 (Mid: 131, RC:0)
1787780328: Received PUBLISH from ESP32_000000 (d0, q1, r0, m11644, 'ch21/lossy/qos1', ... (1024 bytes))
1787780328: Sending PUBLISH to ch21bridge-3574702 (d0, q1, r0, m132, 'ch21/lossy/qos1', ... (1024 bytes))
1787780328: Sending PUBACK to ESP32_000000 (m11644, rc0)
1787780328: Received PUBACK from ch21bridge-3574702 (Mid: 132, RC:0)
1787780328: Received PUBLISH from ESP32_000000 (d0, q1, r0, m41762, 'ch21/lossy/qos1', ... (1024 bytes))
1787780328: Sending PUBLISH to ch21bridge-3574702 (d0, q1, r0, m133, 'ch21/lossy/qos1', ... (1024 bytes))
1787780328: Sending PUBACK to ESP32_000000 (m41762, rc0)
1787780328: Received PUBACK from ch21bridge-3574702 (Mid: 133, RC:0)
1787780328: Received PUBLISH from ESP32_000000 (d0, q1, r0, m22035, 'ch21/lossy/qos1', ... (1024 bytes))
1787780328: Sending PUBLISH to ch21bridge-3574702 (d0, q1, r0, m134, 'ch21/lossy/qos1', ... (1024 bytes))
1787780328: Sending PUBACK to ESP32_000000 (m22035, rc0)
1787780328: Received PUBACK from ch21bridge-3574702 (Mid: 134, RC:0)
1787780328: Received PUBLISH from ESP32_000000 (d0, q1, r0, m58156, 'ch21/lossy/qos1', ... (1024 bytes))
1787780328: Sending PUBLISH to ch21bridge-3574702 (d0, q1, r0, m135, 'ch21/lossy/qos1', ... (1024 bytes))
1787780328: Sending PUBACK to ESP32_000000 (m58156, rc0)
1787780328: Received PUBACK from ch21bridge-3574702 (Mid: 135, RC:0)
1787780328: Received PUBLISH from ESP32_000000 (d0, q1, r0, m37803, 'ch21/lossy/qos1', ... (1024 bytes))
1787780328: Sending PUBLISH to ch21bridge-3574702 (d0, q1, r0, m136, 'ch21/lossy/qos1', ... (1024 bytes))
1787780328: Sending PUBACK to ESP32_000000 (m37803, rc0)
1787780328: Received PUBACK from ch21bridge-3574702 (Mid: 136, RC:0)
1787780328: Received PUBLISH from ESP32_000000 (d0, q1, r0, m13135, 'ch21/lossy/qos1', ... (1024 bytes))
1787780328: Sending PUBLISH to ch21bridge-3574702 (d0, q1, r0, m137, 'ch21/lossy/qos1', ... (1024 bytes))
1787780328: Sending PUBACK to ESP32_000000 (m13135, rc0)
1787780328: Received PUBACK from ch21bridge-3574702 (Mid: 137, RC:0)
1787780328: Received PUBLISH from ESP32_000000 (d0, q1, r0, m23213, 'ch21/lossy/qos1', ... (1024 bytes))
1787780328: Sending PUBLISH to ch21bridge-3574702 (d0, q1, r0, m138, 'ch21/lossy/qos1', ... (1024 bytes))
1787780328: Sending PUBACK to ESP32_000000 (m23213, rc0)
1787780328: Received PUBACK from ch21bridge-3574702 (Mid: 138, RC:0)
1787780328: Received PUBLISH from ESP32_000000 (d0, q1, r0, m15575, 'ch21/lossy/qos1', ... (1024 bytes))
1787780328: Sending PUBLISH to ch21bridge-3574702 (d0, q1, r0, m139, 'ch21/lossy/qos1', ... (1024 bytes))
1787780328: Sending PUBACK to ESP32_000000 (m15575, rc0)
1787780328: Received PUBACK from ch21bridge-3574702 (Mid: 139, RC:0)
1787780328: Received PUBLISH from ESP32_000000 (d0, q1, r0, m33180, 'ch21/lossy/qos1', ... (1024 bytes))
1787780328: Sending PUBLISH to ch21bridge-3574702 (d0, q1, r0, m140, 'ch21/lossy/qos1', ... (1024 bytes))
1787780328: Sending PUBACK to ESP32_000000 (m33180, rc0)
1787780328: Received PUBACK from ch21bridge-3574702 (Mid: 140, RC:0)
1787780328: Received PUBLISH from ESP32_000000 (d0, q1, r0, m24477, 'ch21/lossy/qos1', ... (1024 bytes))
1787780328: Sending PUBLISH to ch21bridge-3574702 (d0, q1, r0, m141, 'ch21/lossy/qos1', ... (1024 bytes))
1787780328: Sending PUBACK to ESP32_000000 (m24477, rc0)
1787780328: Received PUBACK from ch21bridge-3574702 (Mid: 141, RC:0)
1787780328: Received PUBLISH from ESP32_000000 (d0, q1, r0, m46011, 'ch21/lossy/qos1', ... (1024 bytes))
1787780328: Sending PUBLISH to ch21bridge-3574702 (d0, q1, r0, m142, 'ch21/lossy/qos1', ... (1024 bytes))
1787780328: Sending PUBACK to ESP32_000000 (m46011, rc0)
1787780328: Received PUBACK from ch21bridge-3574702 (Mid: 142, RC:0)
1787780328: Received PUBLISH from ESP32_000000 (d0, q1, r0, m45263, 'ch21/lossy/qos1', ... (1024 bytes))
1787780328: Sending PUBLISH to ch21bridge-3574702 (d0, q1, r0, m143, 'ch21/lossy/qos1', ... (1024 bytes))
1787780328: Sending PUBACK to ESP32_000000 (m45263, rc0)
1787780328: Received PUBACK from ch21bridge-3574702 (Mid: 143, RC:0)
1787780328: Received PUBLISH from ESP32_000000 (d0, q1, r0, m38498, 'ch21/lossy/qos1', ... (1024 bytes))
1787780328: Sending PUBLISH to ch21bridge-3574702 (d0, q1, r0, m144, 'ch21/lossy/qos1', ... (1024 bytes))
1787780328: Sending PUBACK to ESP32_000000 (m38498, rc0)
1787780328: Received PUBACK from ch21bridge-3574702 (Mid: 144, RC:0)
1787780328: Received PUBLISH from ESP32_000000 (d0, q1, r0, m18659, 'ch21/lossy/qos1', ... (1024 bytes))
1787780328: Sending PUBLISH to ch21bridge-3574702 (d0, q1, r0, m145, 'ch21/lossy/qos1', ... (1024 bytes))
1787780328: Sending PUBACK to ESP32_000000 (m18659, rc0)
1787780328: Received PUBACK from ch21bridge-3574702 (Mid: 145, RC:0)
1787780328: Received PUBLISH from ESP32_000000 (d0, q1, r0, m44127, 'ch21/lossy/qos1', ... (1024 bytes))
1787780328: Sending PUBLISH to ch21bridge-3574702 (d0, q1, r0, m146, 'ch21/lossy/qos1', ... (1024 bytes))
1787780328: Sending PUBACK to ESP32_000000 (m44127, rc0)
1787780328: Received PUBACK from ch21bridge-3574702 (Mid: 146, RC:0)
1787780328: Received PUBLISH from ESP32_000000 (d0, q1, r0, m39338, 'ch21/lossy/qos1', ... (1024 bytes))
1787780328: Sending PUBLISH to ch21bridge-3574702 (d0, q1, r0, m147, 'ch21/lossy/qos1', ... (1024 bytes))
1787780328: Sending PUBACK to ESP32_000000 (m39338, rc0)
1787780328: Received PUBLISH from ESP32_000000 (d0, q1, r0, m10225, 'ch21/lossy/qos1', ... (1024 bytes))
1787780328: Sending PUBLISH to ch21bridge-3574702 (d0, q1, r0, m148, 'ch21/lossy/qos1', ... (1024 bytes))
1787780328: Sending PUBACK to ESP32_000000 (m10225, rc0)
1787780328: Received PUBACK from ch21bridge-3574702 (Mid: 147, RC:0)
1787780328: Received PUBACK from ch21bridge-3574702 (Mid: 148, RC:0)
1787780328: Received PUBLISH from ESP32_000000 (d0, q1, r0, m31345, 'ch21/lossy/qos1', ... (1024 bytes))
1787780328: Sending PUBLISH to ch21bridge-3574702 (d0, q1, r0, m149, 'ch21/lossy/qos1', ... (1024 bytes))
1787780328: Sending PUBACK to ESP32_000000 (m31345, rc0)
1787780328: Received PUBACK from ch21bridge-3574702 (Mid: 149, RC:0)
1787780328: Received PUBLISH from ESP32_000000 (d0, q1, r0, m58440, 'ch21/lossy/qos1', ... (1024 bytes))
1787780328: Sending PUBLISH to ch21bridge-3574702 (d0, q1, r0, m150, 'ch21/lossy/qos1', ... (1024 bytes))
1787780328: Sending PUBACK to ESP32_000000 (m58440, rc0)
1787780328: Received PUBACK from ch21bridge-3574702 (Mid: 150, RC:0)
1787780328: Received PUBLISH from ESP32_000000 (d0, q1, r0, m55655, 'ch21/lossy/qos1', ... (1024 bytes))
1787780328: Sending PUBLISH to ch21bridge-3574702 (d0, q1, r0, m151, 'ch21/lossy/qos1', ... (1024 bytes))
1787780328: Sending PUBACK to ESP32_000000 (m55655, rc0)
1787780328: Received PUBACK from ch21bridge-3574702 (Mid: 151, RC:0)
1787780328: Received PUBLISH from ESP32_000000 (d0, q1, r0, m44661, 'ch21/lossy/qos1', ... (1024 bytes))
1787780328: Sending PUBLISH to ch21bridge-3574702 (d0, q1, r0, m152, 'ch21/lossy/qos1', ... (1024 bytes))
1787780328: Sending PUBACK to ESP32_000000 (m44661, rc0)
1787780328: Received PUBACK from ch21bridge-3574702 (Mid: 152, RC:0)
1787780328: Received PUBLISH from ESP32_000000 (d0, q1, r0, m7466, 'ch21/lossy/qos1', ... (1024 bytes))
1787780328: Sending PUBLISH to ch21bridge-3574702 (d0, q1, r0, m153, 'ch21/lossy/qos1', ... (1024 bytes))
1787780328: Sending PUBACK to ESP32_000000 (m7466, rc0)
1787780328: Received PUBACK from ch21bridge-3574702 (Mid: 153, RC:0)
1787780328: Received PUBLISH from ESP32_000000 (d0, q1, r0, m28994, 'ch21/lossy/qos1', ... (1024 bytes))
1787780328: Sending PUBLISH to ch21bridge-3574702 (d0, q1, r0, m154, 'ch21/lossy/qos1', ... (1024 bytes))
1787780328: Sending PUBACK to ESP32_000000 (m28994, rc0)
1787780328: Received PUBACK from ch21bridge-3574702 (Mid: 154, RC:0)
1787780328: Received PUBLISH from ESP32_000000 (d0, q1, r0, m2079, 'ch21/lossy/qos1', ... (1024 bytes))
1787780328: Sending PUBLISH to ch21bridge-3574702 (d0, q1, r0, m155, 'ch21/lossy/qos1', ... (1024 bytes))
1787780328: Sending PUBACK to ESP32_000000 (m2079, rc0)
1787780328: Received PUBACK from ch21bridge-3574702 (Mid: 155, RC:0)
1787780328: Received PUBLISH from ESP32_000000 (d0, q1, r0, m54052, 'ch21/lossy/qos1', ... (1024 bytes))
1787780328: Sending PUBLISH to ch21bridge-3574702 (d0, q1, r0, m156, 'ch21/lossy/qos1', ... (1024 bytes))
1787780328: Sending PUBACK to ESP32_000000 (m54052, rc0)
1787780328: Received PUBACK from ch21bridge-3574702 (Mid: 156, RC:0)
1787780328: Received PUBLISH from ESP32_000000 (d0, q1, r0, m41978, 'ch21/lossy/qos1', ... (1024 bytes))
1787780328: Sending PUBLISH to ch21bridge-3574702 (d0, q1, r0, m157, 'ch21/lossy/qos1', ... (1024 bytes))
1787780328: Sending PUBACK to ESP32_000000 (m41978, rc0)
1787780328: Received PUBACK from ch21bridge-3574702 (Mid: 157, RC:0)
1787780328: Received PUBLISH from ESP32_000000 (d0, q1, r0, m38446, 'ch21/lossy/qos1', ... (1024 bytes))
1787780328: Sending PUBLISH to ch21bridge-3574702 (d0, q1, r0, m158, 'ch21/lossy/qos1', ... (1024 bytes))
1787780328: Sending PUBACK to ESP32_000000 (m38446, rc0)
1787780328: Received PUBACK from ch21bridge-3574702 (Mid: 158, RC:0)
1787780328: Received PUBLISH from ESP32_000000 (d0, q1, r0, m62974, 'ch21/lossy/qos1', ... (1024 bytes))
1787780328: Sending PUBLISH to ch21bridge-3574702 (d0, q1, r0, m159, 'ch21/lossy/qos1', ... (1024 bytes))
1787780328: Sending PUBACK to ESP32_000000 (m62974, rc0)
1787780328: Received PUBACK from ch21bridge-3574702 (Mid: 159, RC:0)
1787780328: Received PUBLISH from ESP32_000000 (d0, q1, r0, m52520, 'ch21/lossy/qos1', ... (1024 bytes))
1787780328: Sending PUBLISH to ch21bridge-3574702 (d0, q1, r0, m160, 'ch21/lossy/qos1', ... (1024 bytes))
1787780328: Sending PUBACK to ESP32_000000 (m52520, rc0)
1787780328: Received PUBACK from ch21bridge-3574702 (Mid: 160, RC:0)
1787780328: Received PUBLISH from ESP32_000000 (d0, q1, r0, m45924, 'ch21/lossy/qos1', ... (1024 bytes))
1787780328: Sending PUBLISH to ch21bridge-3574702 (d0, q1, r0, m161, 'ch21/lossy/qos1', ... (1024 bytes))
1787780328: Sending PUBACK to ESP32_000000 (m45924, rc0)
1787780328: Received PUBACK from ch21bridge-3574702 (Mid: 161, RC:0)
1787780328: Received PUBLISH from ESP32_000000 (d0, q1, r0, m30919, 'ch21/lossy/qos1', ... (1024 bytes))
1787780328: Sending PUBLISH to ch21bridge-3574702 (d0, q1, r0, m162, 'ch21/lossy/qos1', ... (1024 bytes))
1787780328: Sending PUBACK to ESP32_000000 (m30919, rc0)
1787780328: Received PUBACK from ch21bridge-3574702 (Mid: 162, RC:0)
1787780328: Received PUBLISH from ESP32_000000 (d0, q1, r0, m15943, 'ch21/lossy/qos1', ... (1024 bytes))
1787780328: Sending PUBLISH to ch21bridge-3574702 (d0, q1, r0, m163, 'ch21/lossy/qos1', ... (1024 bytes))
1787780328: Sending PUBACK to ESP32_000000 (m15943, rc0)
1787780328: Received PUBACK from ch21bridge-3574702 (Mid: 163, RC:0)
1787780328: Received PUBLISH from ESP32_000000 (d0, q1, r0, m34493, 'ch21/lossy/qos1', ... (1024 bytes))
1787780328: Sending PUBLISH to ch21bridge-3574702 (d0, q1, r0, m164, 'ch21/lossy/qos1', ... (1024 bytes))
1787780328: Sending PUBACK to ESP32_000000 (m34493, rc0)
1787780328: Received PUBACK from ch21bridge-3574702 (Mid: 164, RC:0)
1787780328: Received PUBLISH from ESP32_000000 (d0, q1, r0, m61697, 'ch21/lossy/qos1', ... (1024 bytes))
1787780328: Sending PUBLISH to ch21bridge-3574702 (d0, q1, r0, m165, 'ch21/lossy/qos1', ... (1024 bytes))
1787780328: Sending PUBACK to ESP32_000000 (m61697, rc0)
1787780328: Received PUBACK from ch21bridge-3574702 (Mid: 165, RC:0)
1787780328: Received PUBLISH from ESP32_000000 (d0, q1, r0, m46554, 'ch21/lossy/qos1', ... (1024 bytes))
1787780328: Sending PUBLISH to ch21bridge-3574702 (d0, q1, r0, m166, 'ch21/lossy/qos1', ... (1024 bytes))
1787780328: Sending PUBACK to ESP32_000000 (m46554, rc0)
1787780328: Received PUBACK from ch21bridge-3574702 (Mid: 166, RC:0)
1787780328: Received PUBLISH from ESP32_000000 (d0, q1, r0, m36343, 'ch21/lossy/qos1', ... (1024 bytes))
1787780328: Sending PUBLISH to ch21bridge-3574702 (d0, q1, r0, m167, 'ch21/lossy/qos1', ... (1024 bytes))
1787780328: Sending PUBACK to ESP32_000000 (m36343, rc0)
1787780328: Received PUBACK from ch21bridge-3574702 (Mid: 167, RC:0)
1787780328: Received PUBLISH from ESP32_000000 (d0, q1, r0, m25202, 'ch21/lossy/qos1', ... (1024 bytes))
1787780328: Sending PUBLISH to ch21bridge-3574702 (d0, q1, r0, m168, 'ch21/lossy/qos1', ... (1024 bytes))
1787780328: Sending PUBACK to ESP32_000000 (m25202, rc0)
1787780328: Received PUBACK from ch21bridge-3574702 (Mid: 168, RC:0)
1787780328: Received PUBLISH from ESP32_000000 (d0, q1, r0, m20874, 'ch21/lossy/qos1', ... (1024 bytes))
1787780328: Sending PUBLISH to ch21bridge-3574702 (d0, q1, r0, m169, 'ch21/lossy/qos1', ... (1024 bytes))
1787780328: Sending PUBACK to ESP32_000000 (m20874, rc0)
1787780328: Received PUBACK from ch21bridge-3574702 (Mid: 169, RC:0)
1787780328: Received PUBLISH from ESP32_000000 (d0, q1, r0, m29931, 'ch21/lossy/qos1', ... (1024 bytes))
1787780328: Sending PUBLISH to ch21bridge-3574702 (d0, q1, r0, m170, 'ch21/lossy/qos1', ... (1024 bytes))
1787780328: Sending PUBACK to ESP32_000000 (m29931, rc0)
1787780328: Received PUBACK from ch21bridge-3574702 (Mid: 170, RC:0)
1787780328: Received PUBLISH from ESP32_000000 (d0, q1, r0, m17239, 'ch21/lossy/qos1', ... (1024 bytes))
1787780328: Sending PUBLISH to ch21bridge-3574702 (d0, q1, r0, m171, 'ch21/lossy/qos1', ... (1024 bytes))
1787780328: Sending PUBACK to ESP32_000000 (m17239, rc0)
1787780328: Received PUBACK from ch21bridge-3574702 (Mid: 171, RC:0)
1787780328: Received PUBLISH from ESP32_000000 (d0, q1, r0, m36595, 'ch21/lossy/qos1', ... (1024 bytes))
1787780328: Sending PUBLISH to ch21bridge-3574702 (d0, q1, r0, m172, 'ch21/lossy/qos1', ... (1024 bytes))
1787780328: Sending PUBACK to ESP32_000000 (m36595, rc0)
1787780328: Received PUBLISH from ESP32_000000 (d0, q1, r0, m22791, 'ch21/lossy/qos1', ... (1024 bytes))
1787780328: Sending PUBLISH to ch21bridge-3574702 (d0, q1, r0, m173, 'ch21/lossy/qos1', ... (1024 bytes))
1787780328: Sending PUBACK to ESP32_000000 (m22791, rc0)
1787780328: Received PUBACK from ch21bridge-3574702 (Mid: 172, RC:0)
1787780328: Received PUBLISH from ESP32_000000 (d0, q1, r0, m35006, 'ch21/lossy/qos1', ... (1024 bytes))
1787780328: Sending PUBLISH to ch21bridge-3574702 (d0, q1, r0, m174, 'ch21/lossy/qos1', ... (1024 bytes))
1787780328: Sending PUBACK to ESP32_000000 (m35006, rc0)
1787780328: Received PUBACK from ch21bridge-3574702 (Mid: 173, RC:0)
1787780328: Received PUBLISH from ESP32_000000 (d0, q1, r0, m31187, 'ch21/lossy/qos1', ... (1024 bytes))
1787780328: Sending PUBLISH to ch21bridge-3574702 (d0, q1, r0, m175, 'ch21/lossy/qos1', ... (1024 bytes))
1787780328: Sending PUBACK to ESP32_000000 (m31187, rc0)
1787780328: Received PUBACK from ch21bridge-3574702 (Mid: 174, RC:0)
1787780328: Received PUBACK from ch21bridge-3574702 (Mid: 175, RC:0)
1787780328: Received PUBLISH from ESP32_000000 (d0, q1, r0, m62797, 'ch21/lossy/qos1', ... (1024 bytes))
1787780328: Sending PUBLISH to ch21bridge-3574702 (d0, q1, r0, m176, 'ch21/lossy/qos1', ... (1024 bytes))
1787780328: Sending PUBACK to ESP32_000000 (m62797, rc0)
1787780328: Received PUBACK from ch21bridge-3574702 (Mid: 176, RC:0)
1787780328: Received PUBLISH from ESP32_000000 (d0, q1, r0, m64265, 'ch21/lossy/qos1', ... (1024 bytes))
1787780328: Sending PUBLISH to ch21bridge-3574702 (d0, q1, r0, m177, 'ch21/lossy/qos1', ... (1024 bytes))
1787780328: Sending PUBACK to ESP32_000000 (m64265, rc0)
1787780328: Received PUBACK from ch21bridge-3574702 (Mid: 177, RC:0)
1787780328: Received PUBLISH from ESP32_000000 (d0, q1, r0, m12203, 'ch21/lossy/qos1', ... (1024 bytes))
1787780328: Sending PUBLISH to ch21bridge-3574702 (d0, q1, r0, m178, 'ch21/lossy/qos1', ... (1024 bytes))
1787780328: Sending PUBACK to ESP32_000000 (m12203, rc0)
1787780328: Received PUBACK from ch21bridge-3574702 (Mid: 178, RC:0)
1787780328: Received PUBLISH from ESP32_000000 (d0, q1, r0, m43519, 'ch21/lossy/qos1', ... (1024 bytes))
1787780328: Sending PUBLISH to ch21bridge-3574702 (d0, q1, r0, m179, 'ch21/lossy/qos1', ... (1024 bytes))
1787780328: Sending PUBACK to ESP32_000000 (m43519, rc0)
1787780328: Received PUBACK from ch21bridge-3574702 (Mid: 179, RC:0)
1787780328: Received PUBLISH from ESP32_000000 (d0, q1, r0, m48639, 'ch21/lossy/qos1', ... (1024 bytes))
1787780328: Sending PUBLISH to ch21bridge-3574702 (d0, q1, r0, m180, 'ch21/lossy/qos1', ... (1024 bytes))
1787780328: Sending PUBACK to ESP32_000000 (m48639, rc0)
1787780328: Received PUBACK from ch21bridge-3574702 (Mid: 180, RC:0)
1787780328: Received PUBLISH from ESP32_000000 (d0, q1, r0, m56882, 'ch21/lossy/qos1', ... (1024 bytes))
1787780328: Sending PUBLISH to ch21bridge-3574702 (d0, q1, r0, m181, 'ch21/lossy/qos1', ... (1024 bytes))
1787780328: Sending PUBACK to ESP32_000000 (m56882, rc0)
1787780328: Received PUBACK from ch21bridge-3574702 (Mid: 181, RC:0)
1787780328: Received PUBLISH from ESP32_000000 (d0, q1, r0, m19483, 'ch21/lossy/qos1', ... (1024 bytes))
1787780328: Sending PUBLISH to ch21bridge-3574702 (d0, q1, r0, m182, 'ch21/lossy/qos1', ... (1024 bytes))
1787780328: Sending PUBACK to ESP32_000000 (m19483, rc0)
1787780328: Received PUBACK from ch21bridge-3574702 (Mid: 182, RC:0)
1787780328: Received PUBLISH from ESP32_000000 (d0, q1, r0, m35521, 'ch21/lossy/qos1', ... (1024 bytes))
1787780328: Sending PUBLISH to ch21bridge-3574702 (d0, q1, r0, m183, 'ch21/lossy/qos1', ... (1024 bytes))
1787780328: Sending PUBACK to ESP32_000000 (m35521, rc0)
1787780328: Received PUBACK from ch21bridge-3574702 (Mid: 183, RC:0)
1787780328: Received PUBLISH from ESP32_000000 (d0, q1, r0, m58902, 'ch21/lossy/qos1', ... (1024 bytes))
1787780328: Sending PUBLISH to ch21bridge-3574702 (d0, q1, r0, m184, 'ch21/lossy/qos1', ... (1024 bytes))
1787780328: Sending PUBACK to ESP32_000000 (m58902, rc0)
1787780328: Received PUBACK from ch21bridge-3574702 (Mid: 184, RC:0)
1787780328: Received PUBLISH from ESP32_000000 (d0, q1, r0, m22718, 'ch21/lossy/qos1', ... (1024 bytes))
1787780328: Sending PUBLISH to ch21bridge-3574702 (d0, q1, r0, m185, 'ch21/lossy/qos1', ... (1024 bytes))
1787780328: Sending PUBACK to ESP32_000000 (m22718, rc0)
1787780328: Received PUBACK from ch21bridge-3574702 (Mid: 185, RC:0)
1787780328: Received PUBLISH from ESP32_000000 (d0, q1, r0, m36433, 'ch21/lossy/qos1', ... (1024 bytes))
1787780328: Sending PUBLISH to ch21bridge-3574702 (d0, q1, r0, m186, 'ch21/lossy/qos1', ... (1024 bytes))
1787780328: Sending PUBACK to ESP32_000000 (m36433, rc0)
1787780328: Received PUBACK from ch21bridge-3574702 (Mid: 186, RC:0)
1787780328: Received PUBLISH from ESP32_000000 (d0, q1, r0, m21740, 'ch21/lossy/qos1', ... (1024 bytes))
1787780328: Sending PUBLISH to ch21bridge-3574702 (d0, q1, r0, m187, 'ch21/lossy/qos1', ... (1024 bytes))
1787780328: Sending PUBACK to ESP32_000000 (m21740, rc0)
1787780328: Received PUBACK from ch21bridge-3574702 (Mid: 187, RC:0)
1787780328: Received PUBLISH from ESP32_000000 (d0, q1, r0, m27099, 'ch21/lossy/qos1', ... (1024 bytes))
1787780328: Sending PUBLISH to ch21bridge-3574702 (d0, q1, r0, m188, 'ch21/lossy/qos1', ... (1024 bytes))
1787780328: Sending PUBACK to ESP32_000000 (m27099, rc0)
1787780328: Received PUBACK from ch21bridge-3574702 (Mid: 188, RC:0)
1787780328: Received PUBLISH from ESP32_000000 (d0, q1, r0, m57177, 'ch21/lossy/qos1', ... (1024 bytes))
1787780328: Sending PUBLISH to ch21bridge-3574702 (d0, q1, r0, m189, 'ch21/lossy/qos1', ... (1024 bytes))
1787780328: Sending PUBACK to ESP32_000000 (m57177, rc0)
1787780328: Received PUBLISH from ESP32_000000 (d0, q1, r0, m44977, 'ch21/lossy/qos1', ... (1024 bytes))
1787780328: Sending PUBLISH to ch21bridge-3574702 (d0, q1, r0, m190, 'ch21/lossy/qos1', ... (1024 bytes))
1787780328: Sending PUBACK to ESP32_000000 (m44977, rc0)
1787780328: Received PUBACK from ch21bridge-3574702 (Mid: 189, RC:0)
1787780328: Received PUBACK from ch21bridge-3574702 (Mid: 190, RC:0)
1787780328: Received PUBLISH from ESP32_000000 (d0, q1, r0, m23690, 'ch21/lossy/qos1', ... (1024 bytes))
1787780328: Sending PUBLISH to ch21bridge-3574702 (d0, q1, r0, m191, 'ch21/lossy/qos1', ... (1024 bytes))
1787780328: Sending PUBACK to ESP32_000000 (m23690, rc0)
1787780328: Received PUBACK from ch21bridge-3574702 (Mid: 191, RC:0)
1787780328: Received PUBLISH from ESP32_000000 (d0, q1, r0, m2738, 'ch21/lossy/qos1', ... (1024 bytes))
1787780328: Sending PUBLISH to ch21bridge-3574702 (d0, q1, r0, m192, 'ch21/lossy/qos1', ... (1024 bytes))
1787780328: Sending PUBACK to ESP32_000000 (m2738, rc0)
1787780328: Received PUBACK from ch21bridge-3574702 (Mid: 192, RC:0)
1787780328: Received PUBLISH from ESP32_000000 (d0, q1, r0, m51883, 'ch21/lossy/qos1', ... (1024 bytes))
1787780328: Sending PUBLISH to ch21bridge-3574702 (d0, q1, r0, m193, 'ch21/lossy/qos1', ... (1024 bytes))
1787780328: Sending PUBACK to ESP32_000000 (m51883, rc0)
1787780328: Received PUBACK from ch21bridge-3574702 (Mid: 193, RC:0)
1787780328: Received PUBLISH from ESP32_000000 (d0, q1, r0, m39638, 'ch21/lossy/qos1', ... (1024 bytes))
1787780328: Sending PUBLISH to ch21bridge-3574702 (d0, q1, r0, m194, 'ch21/lossy/qos1', ... (1024 bytes))
1787780328: Sending PUBACK to ESP32_000000 (m39638, rc0)
1787780328: Received PUBACK from ch21bridge-3574702 (Mid: 194, RC:0)
1787780328: Received PUBLISH from ESP32_000000 (d0, q1, r0, m2858, 'ch21/lossy/qos1', ... (1024 bytes))
1787780328: Sending PUBLISH to ch21bridge-3574702 (d0, q1, r0, m195, 'ch21/lossy/qos1', ... (1024 bytes))
1787780328: Sending PUBACK to ESP32_000000 (m2858, rc0)
1787780328: Received PUBACK from ch21bridge-3574702 (Mid: 195, RC:0)
1787780328: Received PUBLISH from ESP32_000000 (d0, q1, r0, m7997, 'ch21/lossy/qos1', ... (1024 bytes))
1787780328: Sending PUBLISH to ch21bridge-3574702 (d0, q1, r0, m196, 'ch21/lossy/qos1', ... (1024 bytes))
1787780328: Sending PUBACK to ESP32_000000 (m7997, rc0)
1787780328: Received PUBACK from ch21bridge-3574702 (Mid: 196, RC:0)
1787780328: Received PUBLISH from ESP32_000000 (d0, q1, r0, m49150, 'ch21/lossy/qos1', ... (1024 bytes))
1787780328: Sending PUBLISH to ch21bridge-3574702 (d0, q1, r0, m197, 'ch21/lossy/qos1', ... (1024 bytes))
1787780328: Sending PUBACK to ESP32_000000 (m49150, rc0)
1787780328: Received PUBACK from ch21bridge-3574702 (Mid: 197, RC:0)
1787780328: Received PUBLISH from ESP32_000000 (d0, q1, r0, m5798, 'ch21/lossy/qos1', ... (1024 bytes))
1787780328: Sending PUBLISH to ch21bridge-3574702 (d0, q1, r0, m198, 'ch21/lossy/qos1', ... (1024 bytes))
1787780328: Sending PUBACK to ESP32_000000 (m5798, rc0)
1787780328: Received PUBACK from ch21bridge-3574702 (Mid: 198, RC:0)
1787780328: Received PUBLISH from ESP32_000000 (d0, q1, r0, m36371, 'ch21/lossy/qos1', ... (1024 bytes))
1787780328: Sending PUBLISH to ch21bridge-3574702 (d0, q1, r0, m199, 'ch21/lossy/qos1', ... (1024 bytes))
1787780328: Sending PUBACK to ESP32_000000 (m36371, rc0)
1787780328: Received PUBLISH from ESP32_000000 (d0, q1, r0, m25680, 'ch21/lossy/qos1', ... (1024 bytes))
1787780328: Sending PUBLISH to ch21bridge-3574702 (d0, q1, r0, m200, 'ch21/lossy/qos1', ... (1024 bytes))
1787780328: Sending PUBACK to ESP32_000000 (m25680, rc0)
1787780328: Received PUBACK from ch21bridge-3574702 (Mid: 199, RC:0)
1787780328: Received PUBACK from ch21bridge-3574702 (Mid: 200, RC:0)
1787780328: Received PUBLISH from ESP32_000000 (d0, q1, r0, m29422, 'ch21/lossy/qos1', ... (1024 bytes))
1787780328: Sending PUBLISH to ch21bridge-3574702 (d0, q1, r0, m201, 'ch21/lossy/qos1', ... (1024 bytes))
1787780328: Sending PUBACK to ESP32_000000 (m29422, rc0)
1787780328: Received PUBACK from ch21bridge-3574702 (Mid: 201, RC:0)
1787780328: Received PUBLISH from ESP32_000000 (d0, q1, r0, m32568, 'ch21/lossy/qos1', ... (1024 bytes))
1787780328: Sending PUBLISH to ch21bridge-3574702 (d0, q1, r0, m202, 'ch21/lossy/qos1', ... (1024 bytes))
1787780328: Sending PUBACK to ESP32_000000 (m32568, rc0)
1787780328: Received PUBACK from ch21bridge-3574702 (Mid: 202, RC:0)
1787780328: Received PUBLISH from ESP32_000000 (d0, q1, r0, m10979, 'ch21/lossy/qos1', ... (1024 bytes))
1787780328: Sending PUBLISH to ch21bridge-3574702 (d0, q1, r0, m203, 'ch21/lossy/qos1', ... (1024 bytes))
1787780328: Sending PUBACK to ESP32_000000 (m10979, rc0)
1787780328: Received PUBACK from ch21bridge-3574702 (Mid: 203, RC:0)
1787780328: Received PUBLISH from ESP32_000000 (d0, q1, r0, m32024, 'ch21/lossy/qos1', ... (1024 bytes))
1787780328: Sending PUBLISH to ch21bridge-3574702 (d0, q1, r0, m204, 'ch21/lossy/qos1', ... (1024 bytes))
1787780328: Sending PUBACK to ESP32_000000 (m32024, rc0)
1787780328: Received PUBACK from ch21bridge-3574702 (Mid: 204, RC:0)
1787780328: Received PUBLISH from ESP32_000000 (d0, q1, r0, m12967, 'ch21/lossy/qos1', ... (1024 bytes))
1787780328: Sending PUBLISH to ch21bridge-3574702 (d0, q1, r0, m205, 'ch21/lossy/qos1', ... (1024 bytes))
1787780328: Sending PUBACK to ESP32_000000 (m12967, rc0)
1787780328: Received PUBACK from ch21bridge-3574702 (Mid: 205, RC:0)
1787780328: Received PUBLISH from ESP32_000000 (d0, q1, r0, m42521, 'ch21/lossy/qos1', ... (1024 bytes))
1787780328: Sending PUBLISH to ch21bridge-3574702 (d0, q1, r0, m206, 'ch21/lossy/qos1', ... (1024 bytes))
1787780328: Sending PUBACK to ESP32_000000 (m42521, rc0)
1787780328: Received PUBACK from ch21bridge-3574702 (Mid: 206, RC:0)
1787780328: Received PUBLISH from ESP32_000000 (d0, q1, r0, m34060, 'ch21/lossy/qos1', ... (1024 bytes))
1787780328: Sending PUBLISH to ch21bridge-3574702 (d0, q1, r0, m207, 'ch21/lossy/qos1', ... (1024 bytes))
1787780328: Sending PUBACK to ESP32_000000 (m34060, rc0)
1787780328: Received PUBACK from ch21bridge-3574702 (Mid: 207, RC:0)
1787780328: Received PUBLISH from ESP32_000000 (d0, q1, r0, m65322, 'ch21/lossy/qos1', ... (1024 bytes))
1787780328: Sending PUBLISH to ch21bridge-3574702 (d0, q1, r0, m208, 'ch21/lossy/qos1', ... (1024 bytes))
1787780328: Sending PUBACK to ESP32_000000 (m65322, rc0)
1787780328: Received PUBACK from ch21bridge-3574702 (Mid: 208, RC:0)
1787780328: Received PUBLISH from ESP32_000000 (d0, q1, r0, m17844, 'ch21/lossy/qos1', ... (1024 bytes))
1787780328: Sending PUBLISH to ch21bridge-3574702 (d0, q1, r0, m209, 'ch21/lossy/qos1', ... (1024 bytes))
1787780328: Sending PUBACK to ESP32_000000 (m17844, rc0)
1787780328: Received PUBACK from ch21bridge-3574702 (Mid: 209, RC:0)
1787780328: Received PUBLISH from ESP32_000000 (d0, q1, r0, m26080, 'ch21/lossy/qos1', ... (1024 bytes))
1787780328: Sending PUBLISH to ch21bridge-3574702 (d0, q1, r0, m210, 'ch21/lossy/qos1', ... (1024 bytes))
1787780328: Sending PUBACK to ESP32_000000 (m26080, rc0)
1787780328: Received PUBACK from ch21bridge-3574702 (Mid: 210, RC:0)
1787780328: Received PUBLISH from ESP32_000000 (d0, q1, r0, m64180, 'ch21/lossy/qos1', ... (1024 bytes))
1787780328: Sending PUBLISH to ch21bridge-3574702 (d0, q1, r0, m211, 'ch21/lossy/qos1', ... (1024 bytes))
1787780328: Sending PUBACK to ESP32_000000 (m64180, rc0)
1787780328: Received PUBACK from ch21bridge-3574702 (Mid: 211, RC:0)
1787780328: Received PUBLISH from ESP32_000000 (d0, q1, r0, m56184, 'ch21/lossy/qos1', ... (1024 bytes))
1787780328: Sending PUBLISH to ch21bridge-3574702 (d0, q1, r0, m212, 'ch21/lossy/qos1', ... (1024 bytes))
1787780328: Sending PUBACK to ESP32_000000 (m56184, rc0)
1787780328: Received PUBLISH from ESP32_000000 (d0, q1, r0, m21134, 'ch21/lossy/qos1', ... (1024 bytes))
1787780328: Sending PUBLISH to ch21bridge-3574702 (d0, q1, r0, m213, 'ch21/lossy/qos1', ... (1024 bytes))
1787780328: Sending PUBACK to ESP32_000000 (m21134, rc0)
1787780328: Received PUBACK from ch21bridge-3574702 (Mid: 212, RC:0)
1787780328: Received PUBACK from ch21bridge-3574702 (Mid: 213, RC:0)
1787780328: Received PUBLISH from ESP32_000000 (d0, q1, r0, m46926, 'ch21/lossy/qos1', ... (1024 bytes))
1787780328: Sending PUBLISH to ch21bridge-3574702 (d0, q1, r0, m214, 'ch21/lossy/qos1', ... (1024 bytes))
1787780328: Sending PUBACK to ESP32_000000 (m46926, rc0)
1787780328: Received PUBACK from ch21bridge-3574702 (Mid: 214, RC:0)
1787780328: Received PUBLISH from ESP32_000000 (d0, q1, r0, m22025, 'ch21/lossy/qos1', ... (1024 bytes))
1787780328: Sending PUBLISH to ch21bridge-3574702 (d0, q1, r0, m215, 'ch21/lossy/qos1', ... (1024 bytes))
1787780328: Sending PUBACK to ESP32_000000 (m22025, rc0)
1787780328: Received PUBACK from ch21bridge-3574702 (Mid: 215, RC:0)
1787780328: Received PUBLISH from ESP32_000000 (d0, q1, r0, m14724, 'ch21/lossy/qos1', ... (1024 bytes))
1787780328: Sending PUBLISH to ch21bridge-3574702 (d0, q1, r0, m216, 'ch21/lossy/qos1', ... (1024 bytes))
1787780328: Sending PUBACK to ESP32_000000 (m14724, rc0)
1787780328: Received PUBACK from ch21bridge-3574702 (Mid: 216, RC:0)
1787780328: Received PUBLISH from ESP32_000000 (d0, q1, r0, m485, 'ch21/lossy/qos1', ... (1024 bytes))
1787780328: Sending PUBLISH to ch21bridge-3574702 (d0, q1, r0, m217, 'ch21/lossy/qos1', ... (1024 bytes))
1787780328: Sending PUBACK to ESP32_000000 (m485, rc0)
1787780328: Received PUBACK from ch21bridge-3574702 (Mid: 217, RC:0)
1787780328: Received PUBLISH from ESP32_000000 (d0, q1, r0, m45694, 'ch21/lossy/qos1', ... (1024 bytes))
1787780328: Sending PUBLISH to ch21bridge-3574702 (d0, q1, r0, m218, 'ch21/lossy/qos1', ... (1024 bytes))
1787780328: Sending PUBACK to ESP32_000000 (m45694, rc0)
1787780328: Received PUBACK from ch21bridge-3574702 (Mid: 218, RC:0)
1787780328: Received PUBLISH from ESP32_000000 (d0, q1, r0, m25311, 'ch21/lossy/qos1', ... (1024 bytes))
1787780328: Sending PUBLISH to ch21bridge-3574702 (d0, q1, r0, m219, 'ch21/lossy/qos1', ... (1024 bytes))
1787780328: Sending PUBACK to ESP32_000000 (m25311, rc0)
1787780328: Received PUBLISH from ESP32_000000 (d0, q1, r0, m62805, 'ch21/lossy/qos1', ... (1024 bytes))
1787780328: Sending PUBLISH to ch21bridge-3574702 (d0, q1, r0, m220, 'ch21/lossy/qos1', ... (1024 bytes))
1787780328: Sending PUBACK to ESP32_000000 (m62805, rc0)
1787780328: Received PUBACK from ch21bridge-3574702 (Mid: 219, RC:0)
1787780328: Received PUBACK from ch21bridge-3574702 (Mid: 220, RC:0)
1787780328: Received PUBLISH from ESP32_000000 (d0, q1, r0, m23730, 'ch21/lossy/qos1', ... (1024 bytes))
1787780328: Sending PUBLISH to ch21bridge-3574702 (d0, q1, r0, m221, 'ch21/lossy/qos1', ... (1024 bytes))
1787780328: Sending PUBACK to ESP32_000000 (m23730, rc0)
1787780328: Received PUBACK from ch21bridge-3574702 (Mid: 221, RC:0)
1787780328: Received PUBLISH from ESP32_000000 (d0, q1, r0, m44940, 'ch21/lossy/qos1', ... (1024 bytes))
1787780328: Sending PUBLISH to ch21bridge-3574702 (d0, q1, r0, m222, 'ch21/lossy/qos1', ... (1024 bytes))
1787780328: Sending PUBACK to ESP32_000000 (m44940, rc0)
1787780328: Received PUBACK from ch21bridge-3574702 (Mid: 222, RC:0)
1787780328: Received PUBLISH from ESP32_000000 (d0, q1, r0, m56514, 'ch21/lossy/qos1', ... (1024 bytes))
1787780328: Sending PUBLISH to ch21bridge-3574702 (d0, q1, r0, m223, 'ch21/lossy/qos1', ... (1024 bytes))
1787780328: Sending PUBACK to ESP32_000000 (m56514, rc0)
1787780328: Received PUBLISH from ESP32_000000 (d0, q1, r0, m60416, 'ch21/lossy/qos1', ... (1024 bytes))
1787780328: Sending PUBLISH to ch21bridge-3574702 (d0, q1, r0, m224, 'ch21/lossy/qos1', ... (1024 bytes))
1787780328: Sending PUBACK to ESP32_000000 (m60416, rc0)
1787780328: Received PUBACK from ch21bridge-3574702 (Mid: 223, RC:0)
1787780328: Received PUBLISH from ESP32_000000 (d0, q1, r0, m48250, 'ch21/lossy/qos1', ... (1024 bytes))
1787780328: Sending PUBLISH to ch21bridge-3574702 (d0, q1, r0, m225, 'ch21/lossy/qos1', ... (1024 bytes))
1787780328: Sending PUBACK to ESP32_000000 (m48250, rc0)
1787780328: Received PUBACK from ch21bridge-3574702 (Mid: 224, RC:0)
1787780328: Received PUBACK from ch21bridge-3574702 (Mid: 225, RC:0)
1787780331: Received PINGREQ from ESP32_000000
1787780331: Sending PINGRESP to ESP32_000000
1787780334: Received PINGREQ from ESP32_000000
1787780334: Sending PINGRESP to ESP32_000000
1787780349: Client ESP32_000000 has exceeded timeout, disconnecting.
1787780358: Client ch21bridge-3574702 closed its connection.
1787780358: New connection from 127.0.0.1:35498 on port 1883.
1787780358: New client connected from 127.0.0.1:35498 as ch21bridge-3574702 (p2, c1, k60).
1787780358: No will message specified.
1787780358: Sending CONNACK to ch21bridge-3574702 (0, 0)
1787780358: Received SUBSCRIBE from ch21bridge-3574702
1787780358: 	# (QoS 1)
1787780358: ch21bridge-3574702 1 #
1787780358: Sending SUBACK to ch21bridge-3574702
1787780371: New connection from 127.0.0.1:40648 on port 1883.
1787780371: New client connected from 127.0.0.1:40648 as ESP32_000000 (p2, c1, k90).
1787780371: No will message specified.
1787780371: Sending CONNACK to ESP32_000000 (0, 0)
1787780371: Received PUBLISH from ESP32_000000 (d0, q0, r0, m0, 'ch21/lossy/qos0', ... (256 bytes))
1787780371: Sending PUBLISH to ch21bridge-3574702 (d0, q0, r0, m0, 'ch21/lossy/qos0', ... (256 bytes))
1787780373: Received PUBLISH from ESP32_000000 (d0, q0, r0, m0, 'ch21/lossy/qos0', ... (256 bytes))
1787780373: Sending PUBLISH to ch21bridge-3574702 (d0, q0, r0, m0, 'ch21/lossy/qos0', ... (256 bytes))
1787780373: Received PUBLISH from ESP32_000000 (d0, q0, r0, m0, 'ch21/lossy/qos0', ... (256 bytes))
1787780373: Sending PUBLISH to ch21bridge-3574702 (d0, q0, r0, m0, 'ch21/lossy/qos0', ... (256 bytes))
1787780373: Received PUBLISH from ESP32_000000 (d0, q0, r0, m0, 'ch21/lossy/qos0', ... (256 bytes))
1787780373: Sending PUBLISH to ch21bridge-3574702 (d0, q0, r0, m0, 'ch21/lossy/qos0', ... (256 bytes))
1787780373: Received PUBLISH from ESP32_000000 (d0, q0, r0, m0, 'ch21/lossy/qos0', ... (256 bytes))
1787780373: Sending PUBLISH to ch21bridge-3574702 (d0, q0, r0, m0, 'ch21/lossy/qos0', ... (256 bytes))
1787780373: Received PUBLISH from ESP32_000000 (d0, q0, r0, m0, 'ch21/lossy/qos0', ... (256 bytes))
1787780373: Sending PUBLISH to ch21bridge-3574702 (d0, q0, r0, m0, 'ch21/lossy/qos0', ... (256 bytes))
1787780373: Received PUBLISH from ESP32_000000 (d0, q0, r0, m0, 'ch21/lossy/qos0', ... (256 bytes))
1787780373: Sending PUBLISH to ch21bridge-3574702 (d0, q0, r0, m0, 'ch21/lossy/qos0', ... (256 bytes))
1787780374: Received PUBLISH from ESP32_000000 (d0, q0, r0, m0, 'ch21/lossy/qos0', ... (256 bytes))
1787780374: Sending PUBLISH to ch21bridge-3574702 (d0, q0, r0, m0, 'ch21/lossy/qos0', ... (256 bytes))
1787780374: Received PUBLISH from ESP32_000000 (d0, q0, r0, m0, 'ch21/lossy/qos0', ... (256 bytes))
1787780374: Sending PUBLISH to ch21bridge-3574702 (d0, q0, r0, m0, 'ch21/lossy/qos0', ... (256 bytes))
1787780374: Received PUBLISH from ESP32_000000 (d0, q0, r0, m0, 'ch21/lossy/qos0', ... (256 bytes))
1787780374: Sending PUBLISH to ch21bridge-3574702 (d0, q0, r0, m0, 'ch21/lossy/qos0', ... (256 bytes))
1787780374: Received PUBLISH from ESP32_000000 (d0, q0, r0, m0, 'ch21/lossy/qos0', ... (256 bytes))
1787780374: Sending PUBLISH to ch21bridge-3574702 (d0, q0, r0, m0, 'ch21/lossy/qos0', ... (256 bytes))
1787780374: Received PUBLISH from ESP32_000000 (d0, q0, r0, m0, 'ch21/lossy/qos0', ... (256 bytes))
1787780374: Sending PUBLISH to ch21bridge-3574702 (d0, q0, r0, m0, 'ch21/lossy/qos0', ... (256 bytes))
1787780374: Received PUBLISH from ESP32_000000 (d0, q0, r0, m0, 'ch21/lossy/qos0', ... (256 bytes))
1787780374: Sending PUBLISH to ch21bridge-3574702 (d0, q0, r0, m0, 'ch21/lossy/qos0', ... (256 bytes))
1787780374: Received PUBLISH from ESP32_000000 (d0, q0, r0, m0, 'ch21/lossy/qos0', ... (256 bytes))
1787780374: Sending PUBLISH to ch21bridge-3574702 (d0, q0, r0, m0, 'ch21/lossy/qos0', ... (256 bytes))
1787780374: Received PUBLISH from ESP32_000000 (d0, q0, r0, m0, 'ch21/lossy/qos0', ... (256 bytes))
1787780374: Sending PUBLISH to ch21bridge-3574702 (d0, q0, r0, m0, 'ch21/lossy/qos0', ... (256 bytes))
1787780374: Received PUBLISH from ESP32_000000 (d0, q0, r0, m0, 'ch21/lossy/qos0', ... (256 bytes))
1787780374: Sending PUBLISH to ch21bridge-3574702 (d0, q0, r0, m0, 'ch21/lossy/qos0', ... (256 bytes))
1787780374: Received PUBLISH from ESP32_000000 (d0, q0, r0, m0, 'ch21/lossy/qos0', ... (256 bytes))
1787780374: Sending PUBLISH to ch21bridge-3574702 (d0, q0, r0, m0, 'ch21/lossy/qos0', ... (256 bytes))
1787780376: Received PUBLISH from ESP32_000000 (d0, q0, r0, m0, 'ch21/lossy/qos0', ... (256 bytes))
1787780376: Sending PUBLISH to ch21bridge-3574702 (d0, q0, r0, m0, 'ch21/lossy/qos0', ... (256 bytes))
1787780376: Received PUBLISH from ESP32_000000 (d0, q0, r0, m0, 'ch21/lossy/qos0', ... (256 bytes))
1787780376: Sending PUBLISH to ch21bridge-3574702 (d0, q0, r0, m0, 'ch21/lossy/qos0', ... (256 bytes))
1787780376: Received PUBLISH from ESP32_000000 (d0, q0, r0, m0, 'ch21/lossy/qos0', ... (256 bytes))
1787780376: Sending PUBLISH to ch21bridge-3574702 (d0, q0, r0, m0, 'ch21/lossy/qos0', ... (256 bytes))
1787780376: Received PUBLISH from ESP32_000000 (d0, q0, r0, m0, 'ch21/lossy/qos0', ... (256 bytes))
1787780376: Sending PUBLISH to ch21bridge-3574702 (d0, q0, r0, m0, 'ch21/lossy/qos0', ... (256 bytes))
1787780376: Received PUBLISH from ESP32_000000 (d0, q0, r0, m0, 'ch21/lossy/qos0', ... (256 bytes))
1787780376: Sending PUBLISH to ch21bridge-3574702 (d0, q0, r0, m0, 'ch21/lossy/qos0', ... (256 bytes))
1787780376: Received PUBLISH from ESP32_000000 (d0, q0, r0, m0, 'ch21/lossy/qos0', ... (256 bytes))
1787780376: Sending PUBLISH to ch21bridge-3574702 (d0, q0, r0, m0, 'ch21/lossy/qos0', ... (256 bytes))
1787780380: Received PUBLISH from ESP32_000000 (d0, q0, r0, m0, 'ch21/lossy/qos0', ... (256 bytes))
1787780380: Sending PUBLISH to ch21bridge-3574702 (d0, q0, r0, m0, 'ch21/lossy/qos0', ... (256 bytes))
1787780380: Received PUBLISH from ESP32_000000 (d0, q0, r0, m0, 'ch21/lossy/qos0', ... (256 bytes))
1787780380: Sending PUBLISH to ch21bridge-3574702 (d0, q0, r0, m0, 'ch21/lossy/qos0', ... (256 bytes))
1787780380: Received PUBLISH from ESP32_000000 (d0, q0, r0, m0, 'ch21/lossy/qos0', ... (256 bytes))
1787780380: Sending PUBLISH to ch21bridge-3574702 (d0, q0, r0, m0, 'ch21/lossy/qos0', ... (256 bytes))
1787780380: Received PUBLISH from ESP32_000000 (d0, q0, r0, m0, 'ch21/lossy/qos0', ... (256 bytes))
1787780380: Sending PUBLISH to ch21bridge-3574702 (d0, q0, r0, m0, 'ch21/lossy/qos0', ... (256 bytes))
1787780380: Received PUBLISH from ESP32_000000 (d0, q0, r0, m0, 'ch21/lossy/qos0', ... (256 bytes))
1787780380: Sending PUBLISH to ch21bridge-3574702 (d0, q0, r0, m0, 'ch21/lossy/qos0', ... (256 bytes))
1787780380: Received PUBLISH from ESP32_000000 (d0, q0, r0, m0, 'ch21/lossy/qos0', ... (256 bytes))
1787780380: Sending PUBLISH to ch21bridge-3574702 (d0, q0, r0, m0, 'ch21/lossy/qos0', ... (256 bytes))
1787780380: Received PUBLISH from ESP32_000000 (d0, q0, r0, m0, 'ch21/lossy/qos0', ... (256 bytes))
1787780380: Sending PUBLISH to ch21bridge-3574702 (d0, q0, r0, m0, 'ch21/lossy/qos0', ... (256 bytes))
1787780380: Received PUBLISH from ESP32_000000 (d0, q0, r0, m0, 'ch21/lossy/qos0', ... (256 bytes))
1787780380: Sending PUBLISH to ch21bridge-3574702 (d0, q0, r0, m0, 'ch21/lossy/qos0', ... (256 bytes))
1787780380: Received PUBLISH from ESP32_000000 (d0, q0, r0, m0, 'ch21/lossy/qos0', ... (256 bytes))
1787780380: Sending PUBLISH to ch21bridge-3574702 (d0, q0, r0, m0, 'ch21/lossy/qos0', ... (256 bytes))
1787780380: Received PUBLISH from ESP32_000000 (d0, q0, r0, m0, 'ch21/lossy/qos0', ... (256 bytes))
1787780380: Sending PUBLISH to ch21bridge-3574702 (d0, q0, r0, m0, 'ch21/lossy/qos0', ... (256 bytes))
1787780385: Received PUBLISH from ESP32_000000 (d0, q0, r0, m0, 'ch21/lossy/qos0', ... (256 bytes))
1787780385: Sending PUBLISH to ch21bridge-3574702 (d0, q0, r0, m0, 'ch21/lossy/qos0', ... (256 bytes))
1787780385: Received PUBLISH from ESP32_000000 (d0, q0, r0, m0, 'ch21/lossy/qos0', ... (256 bytes))
1787780385: Sending PUBLISH to ch21bridge-3574702 (d0, q0, r0, m0, 'ch21/lossy/qos0', ... (256 bytes))
1787780385: Received PUBLISH from ESP32_000000 (d0, q0, r0, m0, 'ch21/lossy/qos0', ... (256 bytes))
1787780385: Sending PUBLISH to ch21bridge-3574702 (d0, q0, r0, m0, 'ch21/lossy/qos0', ... (256 bytes))
1787780385: Received PUBLISH from ESP32_000000 (d0, q0, r0, m0, 'ch21/lossy/qos0', ... (256 bytes))
1787780385: Sending PUBLISH to ch21bridge-3574702 (d0, q0, r0, m0, 'ch21/lossy/qos0', ... (256 bytes))
1787780385: Received PUBLISH from ESP32_000000 (d0, q0, r0, m0, 'ch21/lossy/qos0', ... (256 bytes))
1787780385: Sending PUBLISH to ch21bridge-3574702 (d0, q0, r0, m0, 'ch21/lossy/qos0', ... (256 bytes))
1787780385: Received PUBLISH from ESP32_000000 (d0, q0, r0, m0, 'ch21/lossy/qos0', ... (256 bytes))
1787780385: Sending PUBLISH to ch21bridge-3574702 (d0, q0, r0, m0, 'ch21/lossy/qos0', ... (256 bytes))
1787780385: Received PUBLISH from ESP32_000000 (d0, q0, r0, m0, 'ch21/lossy/qos0', ... (256 bytes))
1787780385: Sending PUBLISH to ch21bridge-3574702 (d0, q0, r0, m0, 'ch21/lossy/qos0', ... (256 bytes))
1787780385: Received PUBLISH from ESP32_000000 (d0, q0, r0, m0, 'ch21/lossy/qos0', ... (256 bytes))
1787780385: Sending PUBLISH to ch21bridge-3574702 (d0, q0, r0, m0, 'ch21/lossy/qos0', ... (256 bytes))
1787780385: Received PUBLISH from ESP32_000000 (d0, q0, r0, m0, 'ch21/lossy/qos0', ... (256 bytes))
1787780385: Sending PUBLISH to ch21bridge-3574702 (d0, q0, r0, m0, 'ch21/lossy/qos0', ... (256 bytes))
1787780385: Received PUBLISH from ESP32_000000 (d0, q0, r0, m0, 'ch21/lossy/qos0', ... (256 bytes))
1787780385: Sending PUBLISH to ch21bridge-3574702 (d0, q0, r0, m0, 'ch21/lossy/qos0', ... (256 bytes))
1787780385: Received PUBLISH from ESP32_000000 (d0, q0, r0, m0, 'ch21/lossy/qos0', ... (256 bytes))
1787780385: Sending PUBLISH to ch21bridge-3574702 (d0, q0, r0, m0, 'ch21/lossy/qos0', ... (256 bytes))
1787780386: Received PUBLISH from ESP32_000000 (d0, q0, r0, m0, 'ch21/lossy/qos0', ... (256 bytes))
1787780386: Sending PUBLISH to ch21bridge-3574702 (d0, q0, r0, m0, 'ch21/lossy/qos0', ... (256 bytes))
1787780386: Received PUBLISH from ESP32_000000 (d0, q0, r0, m0, 'ch21/lossy/qos0', ... (256 bytes))
1787780386: Sending PUBLISH to ch21bridge-3574702 (d0, q0, r0, m0, 'ch21/lossy/qos0', ... (256 bytes))
1787780386: Received PUBLISH from ESP32_000000 (d0, q0, r0, m0, 'ch21/lossy/qos0', ... (256 bytes))
1787780386: Sending PUBLISH to ch21bridge-3574702 (d0, q0, r0, m0, 'ch21/lossy/qos0', ... (256 bytes))
1787780386: Received PUBLISH from ESP32_000000 (d0, q0, r0, m0, 'ch21/lossy/qos0', ... (256 bytes))
1787780386: Sending PUBLISH to ch21bridge-3574702 (d0, q0, r0, m0, 'ch21/lossy/qos0', ... (256 bytes))
1787780386: Received PUBLISH from ESP32_000000 (d0, q0, r0, m0, 'ch21/lossy/qos0', ... (256 bytes))
1787780386: Sending PUBLISH to ch21bridge-3574702 (d0, q0, r0, m0, 'ch21/lossy/qos0', ... (256 bytes))
1787780386: Received PUBLISH from ESP32_000000 (d0, q0, r0, m0, 'ch21/lossy/qos0', ... (256 bytes))
1787780386: Sending PUBLISH to ch21bridge-3574702 (d0, q0, r0, m0, 'ch21/lossy/qos0', ... (256 bytes))
1787780386: Received PUBLISH from ESP32_000000 (d0, q0, r0, m0, 'ch21/lossy/qos0', ... (256 bytes))
1787780386: Sending PUBLISH to ch21bridge-3574702 (d0, q0, r0, m0, 'ch21/lossy/qos0', ... (256 bytes))
1787780386: Received PUBLISH from ESP32_000000 (d0, q0, r0, m0, 'ch21/lossy/qos0', ... (256 bytes))
1787780386: Sending PUBLISH to ch21bridge-3574702 (d0, q0, r0, m0, 'ch21/lossy/qos0', ... (256 bytes))
1787780386: Received PUBLISH from ESP32_000000 (d0, q0, r0, m0, 'ch21/lossy/qos0', ... (256 bytes))
1787780386: Sending PUBLISH to ch21bridge-3574702 (d0, q0, r0, m0, 'ch21/lossy/qos0', ... (256 bytes))
1787780386: Received PUBLISH from ESP32_000000 (d0, q0, r0, m0, 'ch21/lossy/qos0', ... (256 bytes))
1787780386: Sending PUBLISH to ch21bridge-3574702 (d0, q0, r0, m0, 'ch21/lossy/qos0', ... (256 bytes))
1787780386: Received PUBLISH from ESP32_000000 (d0, q0, r0, m0, 'ch21/lossy/qos0', ... (256 bytes))
1787780386: Sending PUBLISH to ch21bridge-3574702 (d0, q0, r0, m0, 'ch21/lossy/qos0', ... (256 bytes))
1787780386: Received PUBLISH from ESP32_000000 (d0, q0, r0, m0, 'ch21/lossy/qos0', ... (256 bytes))
1787780386: Sending PUBLISH to ch21bridge-3574702 (d0, q0, r0, m0, 'ch21/lossy/qos0', ... (256 bytes))
1787780386: Received PUBLISH from ESP32_000000 (d0, q0, r0, m0, 'ch21/lossy/qos0', ... (256 bytes))
1787780386: Sending PUBLISH to ch21bridge-3574702 (d0, q0, r0, m0, 'ch21/lossy/qos0', ... (256 bytes))
1787780386: Received PUBLISH from ESP32_000000 (d0, q0, r0, m0, 'ch21/lossy/qos0', ... (256 bytes))
1787780386: Sending PUBLISH to ch21bridge-3574702 (d0, q0, r0, m0, 'ch21/lossy/qos0', ... (256 bytes))
1787780386: Received PUBLISH from ESP32_000000 (d0, q0, r0, m0, 'ch21/lossy/qos0', ... (256 bytes))
1787780386: Sending PUBLISH to ch21bridge-3574702 (d0, q0, r0, m0, 'ch21/lossy/qos0', ... (256 bytes))
1787780386: Received PUBLISH from ESP32_000000 (d0, q0, r0, m0, 'ch21/lossy/qos0', ... (256 bytes))
1787780386: Sending PUBLISH to ch21bridge-3574702 (d0, q0, r0, m0, 'ch21/lossy/qos0', ... (256 bytes))
1787780391: Received PUBLISH from ESP32_000000 (d0, q0, r0, m0, 'ch21/lossy/qos0', ... (256 bytes))
1787780391: Sending PUBLISH to ch21bridge-3574702 (d0, q0, r0, m0, 'ch21/lossy/qos0', ... (256 bytes))
1787780391: Received PUBLISH from ESP32_000000 (d0, q0, r0, m0, 'ch21/lossy/qos0', ... (256 bytes))
1787780391: Sending PUBLISH to ch21bridge-3574702 (d0, q0, r0, m0, 'ch21/lossy/qos0', ... (256 bytes))
1787780391: Received PUBLISH from ESP32_000000 (d0, q0, r0, m0, 'ch21/lossy/qos0', ... (256 bytes))
1787780391: Sending PUBLISH to ch21bridge-3574702 (d0, q0, r0, m0, 'ch21/lossy/qos0', ... (256 bytes))
1787780391: Received PUBLISH from ESP32_000000 (d0, q0, r0, m0, 'ch21/lossy/qos0', ... (256 bytes))
1787780391: Sending PUBLISH to ch21bridge-3574702 (d0, q0, r0, m0, 'ch21/lossy/qos0', ... (256 bytes))
1787780391: Received PUBLISH from ESP32_000000 (d0, q0, r0, m0, 'ch21/lossy/qos0', ... (256 bytes))
1787780391: Sending PUBLISH to ch21bridge-3574702 (d0, q0, r0, m0, 'ch21/lossy/qos0', ... (256 bytes))
1787780391: Received PUBLISH from ESP32_000000 (d0, q0, r0, m0, 'ch21/lossy/qos0', ... (256 bytes))
1787780391: Sending PUBLISH to ch21bridge-3574702 (d0, q0, r0, m0, 'ch21/lossy/qos0', ... (256 bytes))
1787780391: Received PUBLISH from ESP32_000000 (d0, q0, r0, m0, 'ch21/lossy/qos0', ... (256 bytes))
1787780391: Sending PUBLISH to ch21bridge-3574702 (d0, q0, r0, m0, 'ch21/lossy/qos0', ... (256 bytes))
1787780391: Received PUBLISH from ESP32_000000 (d0, q0, r0, m0, 'ch21/lossy/qos0', ... (256 bytes))
1787780391: Sending PUBLISH to ch21bridge-3574702 (d0, q0, r0, m0, 'ch21/lossy/qos0', ... (256 bytes))
1787780391: Received PUBLISH from ESP32_000000 (d0, q0, r0, m0, 'ch21/lossy/qos0', ... (256 bytes))
1787780391: Sending PUBLISH to ch21bridge-3574702 (d0, q0, r0, m0, 'ch21/lossy/qos0', ... (256 bytes))
1787780391: Received PUBLISH from ESP32_000000 (d0, q0, r0, m0, 'ch21/lossy/qos0', ... (256 bytes))
1787780391: Sending PUBLISH to ch21bridge-3574702 (d0, q0, r0, m0, 'ch21/lossy/qos0', ... (256 bytes))
1787780391: Received PUBLISH from ESP32_000000 (d0, q0, r0, m0, 'ch21/lossy/qos0', ... (256 bytes))
1787780391: Sending PUBLISH to ch21bridge-3574702 (d0, q0, r0, m0, 'ch21/lossy/qos0', ... (256 bytes))
1787780391: Received PUBLISH from ESP32_000000 (d0, q0, r0, m0, 'ch21/lossy/qos0', ... (256 bytes))
1787780391: Sending PUBLISH to ch21bridge-3574702 (d0, q0, r0, m0, 'ch21/lossy/qos0', ... (256 bytes))
1787780391: Received PUBLISH from ESP32_000000 (d0, q0, r0, m0, 'ch21/lossy/qos0', ... (256 bytes))
1787780391: Sending PUBLISH to ch21bridge-3574702 (d0, q0, r0, m0, 'ch21/lossy/qos0', ... (256 bytes))
1787780391: Received PUBLISH from ESP32_000000 (d0, q0, r0, m0, 'ch21/lossy/qos0', ... (256 bytes))
1787780391: Sending PUBLISH to ch21bridge-3574702 (d0, q0, r0, m0, 'ch21/lossy/qos0', ... (256 bytes))
1787780391: Received PUBLISH from ESP32_000000 (d0, q0, r0, m0, 'ch21/lossy/qos0', ... (256 bytes))
1787780391: Sending PUBLISH to ch21bridge-3574702 (d0, q0, r0, m0, 'ch21/lossy/qos0', ... (256 bytes))
1787780391: Received PUBLISH from ESP32_000000 (d0, q0, r0, m0, 'ch21/lossy/qos0', ... (256 bytes))
1787780391: Sending PUBLISH to ch21bridge-3574702 (d0, q0, r0, m0, 'ch21/lossy/qos0', ... (256 bytes))
1787780391: Received PUBLISH from ESP32_000000 (d0, q0, r0, m0, 'ch21/lossy/qos0', ... (256 bytes))
1787780391: Sending PUBLISH to ch21bridge-3574702 (d0, q0, r0, m0, 'ch21/lossy/qos0', ... (256 bytes))
1787780391: Received PUBLISH from ESP32_000000 (d0, q0, r0, m0, 'ch21/lossy/qos0', ... (256 bytes))
1787780391: Sending PUBLISH to ch21bridge-3574702 (d0, q0, r0, m0, 'ch21/lossy/qos0', ... (256 bytes))
1787780395: Received PUBLISH from ESP32_000000 (d0, q0, r0, m0, 'ch21/lossy/qos0', ... (256 bytes))
1787780395: Sending PUBLISH to ch21bridge-3574702 (d0, q0, r0, m0, 'ch21/lossy/qos0', ... (256 bytes))
1787780395: Received PUBLISH from ESP32_000000 (d0, q0, r0, m0, 'ch21/lossy/qos0', ... (256 bytes))
1787780395: Sending PUBLISH to ch21bridge-3574702 (d0, q0, r0, m0, 'ch21/lossy/qos0', ... (256 bytes))
1787780395: Received PUBLISH from ESP32_000000 (d0, q0, r0, m0, 'ch21/lossy/qos0', ... (256 bytes))
1787780395: Sending PUBLISH to ch21bridge-3574702 (d0, q0, r0, m0, 'ch21/lossy/qos0', ... (256 bytes))
1787780395: Received PUBLISH from ESP32_000000 (d0, q0, r0, m0, 'ch21/lossy/qos0', ... (256 bytes))
1787780395: Sending PUBLISH to ch21bridge-3574702 (d0, q0, r0, m0, 'ch21/lossy/qos0', ... (256 bytes))
1787780395: Received PUBLISH from ESP32_000000 (d0, q0, r0, m0, 'ch21/lossy/qos0', ... (256 bytes))
1787780395: Sending PUBLISH to ch21bridge-3574702 (d0, q0, r0, m0, 'ch21/lossy/qos0', ... (256 bytes))
1787780395: Received PUBLISH from ESP32_000000 (d0, q0, r0, m0, 'ch21/lossy/qos0', ... (256 bytes))
1787780395: Sending PUBLISH to ch21bridge-3574702 (d0, q0, r0, m0, 'ch21/lossy/qos0', ... (256 bytes))
1787780397: Received PUBLISH from ESP32_000000 (d0, q0, r0, m0, 'ch21/lossy/qos0', ... (256 bytes))
1787780397: Sending PUBLISH to ch21bridge-3574702 (d0, q0, r0, m0, 'ch21/lossy/qos0', ... (256 bytes))
1787780397: Received PUBLISH from ESP32_000000 (d0, q0, r0, m0, 'ch21/lossy/qos0', ... (256 bytes))
1787780397: Sending PUBLISH to ch21bridge-3574702 (d0, q0, r0, m0, 'ch21/lossy/qos0', ... (256 bytes))
1787780397: Received PUBLISH from ESP32_000000 (d0, q0, r0, m0, 'ch21/lossy/qos0', ... (256 bytes))
1787780397: Sending PUBLISH to ch21bridge-3574702 (d0, q0, r0, m0, 'ch21/lossy/qos0', ... (256 bytes))
1787780397: Received PUBLISH from ESP32_000000 (d0, q0, r0, m0, 'ch21/lossy/qos0', ... (256 bytes))
1787780397: Sending PUBLISH to ch21bridge-3574702 (d0, q0, r0, m0, 'ch21/lossy/qos0', ... (256 bytes))
1787780397: Received PUBLISH from ESP32_000000 (d0, q0, r0, m0, 'ch21/lossy/qos0', ... (256 bytes))
1787780397: Sending PUBLISH to ch21bridge-3574702 (d0, q0, r0, m0, 'ch21/lossy/qos0', ... (256 bytes))
1787780397: Received PUBLISH from ESP32_000000 (d0, q0, r0, m0, 'ch21/lossy/qos0', ... (256 bytes))
1787780397: Sending PUBLISH to ch21bridge-3574702 (d0, q0, r0, m0, 'ch21/lossy/qos0', ... (256 bytes))
1787780397: Received PUBLISH from ESP32_000000 (d0, q0, r0, m0, 'ch21/lossy/qos0', ... (256 bytes))
1787780397: Sending PUBLISH to ch21bridge-3574702 (d0, q0, r0, m0, 'ch21/lossy/qos0', ... (256 bytes))
1787780397: Received PUBLISH from ESP32_000000 (d0, q0, r0, m0, 'ch21/lossy/qos0', ... (256 bytes))
1787780397: Sending PUBLISH to ch21bridge-3574702 (d0, q0, r0, m0, 'ch21/lossy/qos0', ... (256 bytes))
1787780397: Received PUBLISH from ESP32_000000 (d0, q0, r0, m0, 'ch21/lossy/qos0', ... (256 bytes))
1787780397: Sending PUBLISH to ch21bridge-3574702 (d0, q0, r0, m0, 'ch21/lossy/qos0', ... (256 bytes))
1787780397: Received PUBLISH from ESP32_000000 (d0, q0, r0, m0, 'ch21/lossy/qos0', ... (256 bytes))
1787780397: Sending PUBLISH to ch21bridge-3574702 (d0, q0, r0, m0, 'ch21/lossy/qos0', ... (256 bytes))
1787780397: Received PUBLISH from ESP32_000000 (d0, q0, r0, m0, 'ch21/lossy/qos0', ... (256 bytes))
1787780397: Sending PUBLISH to ch21bridge-3574702 (d0, q0, r0, m0, 'ch21/lossy/qos0', ... (256 bytes))
1787780397: Received PUBLISH from ESP32_000000 (d0, q0, r0, m0, 'ch21/lossy/qos0', ... (256 bytes))
1787780397: Sending PUBLISH to ch21bridge-3574702 (d0, q0, r0, m0, 'ch21/lossy/qos0', ... (256 bytes))
1787780397: Received PUBLISH from ESP32_000000 (d0, q0, r0, m0, 'ch21/lossy/qos0', ... (256 bytes))
1787780397: Sending PUBLISH to ch21bridge-3574702 (d0, q0, r0, m0, 'ch21/lossy/qos0', ... (256 bytes))
1787780401: Received PUBLISH from ESP32_000000 (d0, q0, r0, m0, 'ch21/lossy/qos0', ... (256 bytes))
1787780401: Sending PUBLISH to ch21bridge-3574702 (d0, q0, r0, m0, 'ch21/lossy/qos0', ... (256 bytes))
1787780401: Received PUBLISH from ESP32_000000 (d0, q0, r0, m0, 'ch21/lossy/qos0', ... (256 bytes))
1787780401: Sending PUBLISH to ch21bridge-3574702 (d0, q0, r0, m0, 'ch21/lossy/qos0', ... (256 bytes))
1787780401: Received PUBLISH from ESP32_000000 (d0, q0, r0, m0, 'ch21/lossy/qos0', ... (256 bytes))
1787780401: Sending PUBLISH to ch21bridge-3574702 (d0, q0, r0, m0, 'ch21/lossy/qos0', ... (256 bytes))
1787780401: Received PUBLISH from ESP32_000000 (d0, q0, r0, m0, 'ch21/lossy/qos0', ... (256 bytes))
1787780401: Sending PUBLISH to ch21bridge-3574702 (d0, q0, r0, m0, 'ch21/lossy/qos0', ... (256 bytes))
1787780401: Received PUBLISH from ESP32_000000 (d0, q0, r0, m0, 'ch21/lossy/qos0', ... (256 bytes))
1787780401: Sending PUBLISH to ch21bridge-3574702 (d0, q0, r0, m0, 'ch21/lossy/qos0', ... (256 bytes))
1787780401: Received PUBLISH from ESP32_000000 (d0, q0, r0, m0, 'ch21/lossy/qos0', ... (256 bytes))
1787780401: Sending PUBLISH to ch21bridge-3574702 (d0, q0, r0, m0, 'ch21/lossy/qos0', ... (256 bytes))
1787780403: Received PUBLISH from ESP32_000000 (d0, q0, r0, m0, 'ch21/lossy/qos0', ... (256 bytes))
1787780403: Sending PUBLISH to ch21bridge-3574702 (d0, q0, r0, m0, 'ch21/lossy/qos0', ... (256 bytes))
1787780403: Received PUBLISH from ESP32_000000 (d0, q0, r0, m0, 'ch21/lossy/qos0', ... (256 bytes))
1787780403: Sending PUBLISH to ch21bridge-3574702 (d0, q0, r0, m0, 'ch21/lossy/qos0', ... (256 bytes))
1787780403: Received PUBLISH from ESP32_000000 (d0, q0, r0, m0, 'ch21/lossy/qos0', ... (256 bytes))
1787780403: Sending PUBLISH to ch21bridge-3574702 (d0, q0, r0, m0, 'ch21/lossy/qos0', ... (256 bytes))
1787780403: Received PUBLISH from ESP32_000000 (d0, q0, r0, m0, 'ch21/lossy/qos0', ... (256 bytes))
1787780403: Sending PUBLISH to ch21bridge-3574702 (d0, q0, r0, m0, 'ch21/lossy/qos0', ... (256 bytes))
1787780403: Received PUBLISH from ESP32_000000 (d0, q0, r0, m0, 'ch21/lossy/qos0', ... (256 bytes))
1787780403: Sending PUBLISH to ch21bridge-3574702 (d0, q0, r0, m0, 'ch21/lossy/qos0', ... (256 bytes))
1787780403: Received PUBLISH from ESP32_000000 (d0, q0, r0, m0, 'ch21/lossy/qos0', ... (256 bytes))
1787780403: Sending PUBLISH to ch21bridge-3574702 (d0, q0, r0, m0, 'ch21/lossy/qos0', ... (256 bytes))
1787780403: Received PUBLISH from ESP32_000000 (d0, q0, r0, m0, 'ch21/lossy/qos0', ... (256 bytes))
1787780403: Sending PUBLISH to ch21bridge-3574702 (d0, q0, r0, m0, 'ch21/lossy/qos0', ... (256 bytes))
1787780403: Received PUBLISH from ESP32_000000 (d0, q0, r0, m0, 'ch21/lossy/qos0', ... (256 bytes))
1787780403: Sending PUBLISH to ch21bridge-3574702 (d0, q0, r0, m0, 'ch21/lossy/qos0', ... (256 bytes))
1787780403: Received PUBLISH from ESP32_000000 (d0, q0, r0, m0, 'ch21/lossy/qos0', ... (256 bytes))
1787780403: Sending PUBLISH to ch21bridge-3574702 (d0, q0, r0, m0, 'ch21/lossy/qos0', ... (256 bytes))
1787780403: Received PUBLISH from ESP32_000000 (d0, q0, r0, m0, 'ch21/lossy/qos0', ... (256 bytes))
1787780403: Sending PUBLISH to ch21bridge-3574702 (d0, q0, r0, m0, 'ch21/lossy/qos0', ... (256 bytes))
1787780403: Received PUBLISH from ESP32_000000 (d0, q0, r0, m0, 'ch21/lossy/qos0', ... (256 bytes))
1787780403: Sending PUBLISH to ch21bridge-3574702 (d0, q0, r0, m0, 'ch21/lossy/qos0', ... (256 bytes))
1787780403: Received PUBLISH from ESP32_000000 (d0, q0, r0, m0, 'ch21/lossy/qos0', ... (256 bytes))
1787780403: Sending PUBLISH to ch21bridge-3574702 (d0, q0, r0, m0, 'ch21/lossy/qos0', ... (256 bytes))
1787780403: Received PUBLISH from ESP32_000000 (d0, q0, r0, m0, 'ch21/lossy/qos0', ... (256 bytes))
1787780403: Sending PUBLISH to ch21bridge-3574702 (d0, q0, r0, m0, 'ch21/lossy/qos0', ... (256 bytes))
1787780403: Received PUBLISH from ESP32_000000 (d0, q0, r0, m0, 'ch21/lossy/qos0', ... (256 bytes))
1787780403: Sending PUBLISH to ch21bridge-3574702 (d0, q0, r0, m0, 'ch21/lossy/qos0', ... (256 bytes))
1787780403: Received PUBLISH from ESP32_000000 (d0, q0, r0, m0, 'ch21/lossy/qos0', ... (256 bytes))
1787780403: Sending PUBLISH to ch21bridge-3574702 (d0, q0, r0, m0, 'ch21/lossy/qos0', ... (256 bytes))
1787780403: Received PUBLISH from ESP32_000000 (d0, q0, r0, m0, 'ch21/lossy/qos0', ... (256 bytes))
1787780403: Sending PUBLISH to ch21bridge-3574702 (d0, q0, r0, m0, 'ch21/lossy/qos0', ... (256 bytes))
1787780403: Received PUBLISH from ESP32_000000 (d0, q0, r0, m0, 'ch21/lossy/qos0', ... (256 bytes))
1787780403: Sending PUBLISH to ch21bridge-3574702 (d0, q0, r0, m0, 'ch21/lossy/qos0', ... (256 bytes))
1787780403: Received PUBLISH from ESP32_000000 (d0, q0, r0, m0, 'ch21/lossy/qos0', ... (256 bytes))
1787780403: Sending PUBLISH to ch21bridge-3574702 (d0, q0, r0, m0, 'ch21/lossy/qos0', ... (256 bytes))
1787780403: Received PUBLISH from ESP32_000000 (d0, q0, r0, m0, 'ch21/lossy/qos0', ... (256 bytes))
1787780403: Sending PUBLISH to ch21bridge-3574702 (d0, q0, r0, m0, 'ch21/lossy/qos0', ... (256 bytes))
1787780403: Received PUBLISH from ESP32_000000 (d0, q0, r0, m0, 'ch21/lossy/qos0', ... (256 bytes))
1787780403: Sending PUBLISH to ch21bridge-3574702 (d0, q0, r0, m0, 'ch21/lossy/qos0', ... (256 bytes))
1787780405: Received PUBLISH from ESP32_000000 (d0, q0, r0, m0, 'ch21/lossy/qos0', ... (256 bytes))
1787780405: Sending PUBLISH to ch21bridge-3574702 (d0, q0, r0, m0, 'ch21/lossy/qos0', ... (256 bytes))
1787780405: Received PUBLISH from ESP32_000000 (d0, q0, r0, m0, 'ch21/lossy/qos0', ... (256 bytes))
1787780405: Sending PUBLISH to ch21bridge-3574702 (d0, q0, r0, m0, 'ch21/lossy/qos0', ... (256 bytes))
1787780405: Received PUBLISH from ESP32_000000 (d0, q0, r0, m0, 'ch21/lossy/qos0', ... (256 bytes))
1787780405: Sending PUBLISH to ch21bridge-3574702 (d0, q0, r0, m0, 'ch21/lossy/qos0', ... (256 bytes))
1787780405: Received PUBLISH from ESP32_000000 (d0, q0, r0, m0, 'ch21/lossy/qos0', ... (256 bytes))
1787780405: Sending PUBLISH to ch21bridge-3574702 (d0, q0, r0, m0, 'ch21/lossy/qos0', ... (256 bytes))
1787780405: Received PUBLISH from ESP32_000000 (d0, q0, r0, m0, 'ch21/lossy/qos0', ... (256 bytes))
1787780405: Sending PUBLISH to ch21bridge-3574702 (d0, q0, r0, m0, 'ch21/lossy/qos0', ... (256 bytes))
1787780405: Received PUBLISH from ESP32_000000 (d0, q0, r0, m0, 'ch21/lossy/qos0', ... (256 bytes))
1787780405: Sending PUBLISH to ch21bridge-3574702 (d0, q0, r0, m0, 'ch21/lossy/qos0', ... (256 bytes))
1787780405: Received PUBLISH from ESP32_000000 (d0, q0, r0, m0, 'ch21/lossy/qos0', ... (256 bytes))
1787780405: Sending PUBLISH to ch21bridge-3574702 (d0, q0, r0, m0, 'ch21/lossy/qos0', ... (256 bytes))
1787780405: Received PUBLISH from ESP32_000000 (d0, q0, r0, m0, 'ch21/lossy/qos0', ... (256 bytes))
1787780405: Sending PUBLISH to ch21bridge-3574702 (d0, q0, r0, m0, 'ch21/lossy/qos0', ... (256 bytes))
1787780405: Received PUBLISH from ESP32_000000 (d0, q0, r0, m0, 'ch21/lossy/qos0', ... (256 bytes))
1787780405: Sending PUBLISH to ch21bridge-3574702 (d0, q0, r0, m0, 'ch21/lossy/qos0', ... (256 bytes))
1787780405: Received PUBLISH from ESP32_000000 (d0, q0, r0, m0, 'ch21/lossy/qos0', ... (256 bytes))
1787780405: Sending PUBLISH to ch21bridge-3574702 (d0, q0, r0, m0, 'ch21/lossy/qos0', ... (256 bytes))
1787780405: Received PUBLISH from ESP32_000000 (d0, q0, r0, m0, 'ch21/lossy/qos0', ... (256 bytes))
1787780405: Sending PUBLISH to ch21bridge-3574702 (d0, q0, r0, m0, 'ch21/lossy/qos0', ... (256 bytes))
1787780405: Received PUBLISH from ESP32_000000 (d0, q0, r0, m0, 'ch21/lossy/qos0', ... (256 bytes))
1787780405: Sending PUBLISH to ch21bridge-3574702 (d0, q0, r0, m0, 'ch21/lossy/qos0', ... (256 bytes))
1787780405: Received PUBLISH from ESP32_000000 (d0, q0, r0, m0, 'ch21/lossy/qos0', ... (256 bytes))
1787780405: Sending PUBLISH to ch21bridge-3574702 (d0, q0, r0, m0, 'ch21/lossy/qos0', ... (256 bytes))
1787780405: Received PUBLISH from ESP32_000000 (d0, q0, r0, m0, 'ch21/lossy/qos0', ... (256 bytes))
1787780405: Sending PUBLISH to ch21bridge-3574702 (d0, q0, r0, m0, 'ch21/lossy/qos0', ... (256 bytes))
1787780405: Received PUBLISH from ESP32_000000 (d0, q0, r0, m0, 'ch21/lossy/qos0', ... (256 bytes))
1787780405: Sending PUBLISH to ch21bridge-3574702 (d0, q0, r0, m0, 'ch21/lossy/qos0', ... (256 bytes))
1787780405: Received PUBLISH from ESP32_000000 (d0, q0, r0, m0, 'ch21/lossy/qos0', ... (256 bytes))
1787780405: Sending PUBLISH to ch21bridge-3574702 (d0, q0, r0, m0, 'ch21/lossy/qos0', ... (256 bytes))
1787780405: Received PUBLISH from ESP32_000000 (d0, q0, r0, m0, 'ch21/lossy/qos0', ... (256 bytes))
1787780405: Sending PUBLISH to ch21bridge-3574702 (d0, q0, r0, m0, 'ch21/lossy/qos0', ... (256 bytes))
1787780405: Received PUBLISH from ESP32_000000 (d0, q0, r0, m0, 'ch21/lossy/qos0', ... (256 bytes))
1787780405: Sending PUBLISH to ch21bridge-3574702 (d0, q0, r0, m0, 'ch21/lossy/qos0', ... (256 bytes))
1787780405: Received PUBLISH from ESP32_000000 (d0, q0, r0, m0, 'ch21/lossy/qos0', ... (256 bytes))
1787780405: Sending PUBLISH to ch21bridge-3574702 (d0, q0, r0, m0, 'ch21/lossy/qos0', ... (256 bytes))
1787780405: Received PUBLISH from ESP32_000000 (d0, q0, r0, m0, 'ch21/lossy/qos0', ... (256 bytes))
1787780405: Sending PUBLISH to ch21bridge-3574702 (d0, q0, r0, m0, 'ch21/lossy/qos0', ... (256 bytes))
1787780405: Received PUBLISH from ESP32_000000 (d0, q0, r0, m0, 'ch21/lossy/qos0', ... (256 bytes))
1787780405: Sending PUBLISH to ch21bridge-3574702 (d0, q0, r0, m0, 'ch21/lossy/qos0', ... (256 bytes))
1787780405: Received PUBLISH from ESP32_000000 (d0, q0, r0, m0, 'ch21/lossy/qos0', ... (256 bytes))
1787780405: Sending PUBLISH to ch21bridge-3574702 (d0, q0, r0, m0, 'ch21/lossy/qos0', ... (256 bytes))
1787780405: Received PUBLISH from ESP32_000000 (d0, q0, r0, m0, 'ch21/lossy/qos0', ... (256 bytes))
1787780405: Sending PUBLISH to ch21bridge-3574702 (d0, q0, r0, m0, 'ch21/lossy/qos0', ... (256 bytes))
1787780405: Received PUBLISH from ESP32_000000 (d0, q0, r0, m0, 'ch21/lossy/qos0', ... (256 bytes))
1787780405: Sending PUBLISH to ch21bridge-3574702 (d0, q0, r0, m0, 'ch21/lossy/qos0', ... (256 bytes))
1787780405: Received PUBLISH from ESP32_000000 (d0, q0, r0, m0, 'ch21/lossy/qos0', ... (256 bytes))
1787780405: Sending PUBLISH to ch21bridge-3574702 (d0, q0, r0, m0, 'ch21/lossy/qos0', ... (256 bytes))
1787780405: Received PUBLISH from ESP32_000000 (d0, q0, r0, m0, 'ch21/lossy/qos0', ... (256 bytes))
1787780405: Sending PUBLISH to ch21bridge-3574702 (d0, q0, r0, m0, 'ch21/lossy/qos0', ... (256 bytes))
1787780407: Received PUBLISH from ESP32_000000 (d0, q0, r0, m0, 'ch21/lossy/qos0', ... (256 bytes))
1787780407: Sending PUBLISH to ch21bridge-3574702 (d0, q0, r0, m0, 'ch21/lossy/qos0', ... (256 bytes))
1787780407: Received PUBLISH from ESP32_000000 (d0, q0, r0, m0, 'ch21/lossy/qos0', ... (256 bytes))
1787780407: Sending PUBLISH to ch21bridge-3574702 (d0, q0, r0, m0, 'ch21/lossy/qos0', ... (256 bytes))
1787780407: Received PUBLISH from ESP32_000000 (d0, q0, r0, m0, 'ch21/lossy/qos0', ... (256 bytes))
1787780407: Sending PUBLISH to ch21bridge-3574702 (d0, q0, r0, m0, 'ch21/lossy/qos0', ... (256 bytes))
1787780407: Received PUBLISH from ESP32_000000 (d0, q0, r0, m0, 'ch21/lossy/qos0', ... (256 bytes))
1787780407: Sending PUBLISH to ch21bridge-3574702 (d0, q0, r0, m0, 'ch21/lossy/qos0', ... (256 bytes))
1787780407: Received PUBLISH from ESP32_000000 (d0, q0, r0, m0, 'ch21/lossy/qos0', ... (256 bytes))
1787780407: Sending PUBLISH to ch21bridge-3574702 (d0, q0, r0, m0, 'ch21/lossy/qos0', ... (256 bytes))
1787780407: Received PUBLISH from ESP32_000000 (d0, q0, r0, m0, 'ch21/lossy/qos0', ... (256 bytes))
1787780407: Sending PUBLISH to ch21bridge-3574702 (d0, q0, r0, m0, 'ch21/lossy/qos0', ... (256 bytes))
1787780408: Received PUBLISH from ESP32_000000 (d0, q0, r0, m0, 'ch21/lossy/qos0', ... (256 bytes))
1787780408: Sending PUBLISH to ch21bridge-3574702 (d0, q0, r0, m0, 'ch21/lossy/qos0', ... (256 bytes))
1787780408: Received PUBLISH from ESP32_000000 (d0, q0, r0, m0, 'ch21/lossy/qos0', ... (256 bytes))
1787780408: Sending PUBLISH to ch21bridge-3574702 (d0, q0, r0, m0, 'ch21/lossy/qos0', ... (256 bytes))
1787780408: Received PUBLISH from ESP32_000000 (d0, q0, r0, m0, 'ch21/lossy/qos0', ... (256 bytes))
1787780408: Sending PUBLISH to ch21bridge-3574702 (d0, q0, r0, m0, 'ch21/lossy/qos0', ... (256 bytes))
1787780408: Received PUBLISH from ESP32_000000 (d0, q0, r0, m0, 'ch21/lossy/qos0', ... (256 bytes))
1787780408: Sending PUBLISH to ch21bridge-3574702 (d0, q0, r0, m0, 'ch21/lossy/qos0', ... (256 bytes))
1787780408: Received PUBLISH from ESP32_000000 (d0, q0, r0, m0, 'ch21/lossy/qos0', ... (256 bytes))
1787780408: Sending PUBLISH to ch21bridge-3574702 (d0, q0, r0, m0, 'ch21/lossy/qos0', ... (256 bytes))
1787780408: Received PUBLISH from ESP32_000000 (d0, q0, r0, m0, 'ch21/lossy/qos0', ... (256 bytes))
1787780408: Sending PUBLISH to ch21bridge-3574702 (d0, q0, r0, m0, 'ch21/lossy/qos0', ... (256 bytes))
1787780408: Received PUBLISH from ESP32_000000 (d0, q0, r0, m0, 'ch21/lossy/qos0', ... (256 bytes))
1787780408: Sending PUBLISH to ch21bridge-3574702 (d0, q0, r0, m0, 'ch21/lossy/qos0', ... (256 bytes))
1787780408: Received PUBLISH from ESP32_000000 (d0, q0, r0, m0, 'ch21/lossy/qos0', ... (256 bytes))
1787780408: Sending PUBLISH to ch21bridge-3574702 (d0, q0, r0, m0, 'ch21/lossy/qos0', ... (256 bytes))
1787780408: Received PUBLISH from ESP32_000000 (d0, q0, r0, m0, 'ch21/lossy/qos0', ... (256 bytes))
1787780408: Sending PUBLISH to ch21bridge-3574702 (d0, q0, r0, m0, 'ch21/lossy/qos0', ... (256 bytes))
1787780408: Received PUBLISH from ESP32_000000 (d0, q0, r0, m0, 'ch21/lossy/qos0', ... (256 bytes))
1787780408: Sending PUBLISH to ch21bridge-3574702 (d0, q0, r0, m0, 'ch21/lossy/qos0', ... (256 bytes))
1787780408: Received PUBLISH from ESP32_000000 (d0, q0, r0, m0, 'ch21/lossy/qos0', ... (256 bytes))
1787780408: Sending PUBLISH to ch21bridge-3574702 (d0, q0, r0, m0, 'ch21/lossy/qos0', ... (256 bytes))
1787780410: Received PUBLISH from ESP32_000000 (d0, q0, r0, m0, 'ch21/lossy/qos0', ... (256 bytes))
1787780410: Sending PUBLISH to ch21bridge-3574702 (d0, q0, r0, m0, 'ch21/lossy/qos0', ... (256 bytes))
1787780410: Received PUBLISH from ESP32_000000 (d0, q0, r0, m0, 'ch21/lossy/qos0', ... (256 bytes))
1787780410: Sending PUBLISH to ch21bridge-3574702 (d0, q0, r0, m0, 'ch21/lossy/qos0', ... (256 bytes))
1787780410: Received PUBLISH from ESP32_000000 (d0, q0, r0, m0, 'ch21/lossy/qos0', ... (256 bytes))
1787780410: Sending PUBLISH to ch21bridge-3574702 (d0, q0, r0, m0, 'ch21/lossy/qos0', ... (256 bytes))
1787780410: Received PUBLISH from ESP32_000000 (d0, q0, r0, m0, 'ch21/lossy/qos0', ... (256 bytes))
1787780410: Sending PUBLISH to ch21bridge-3574702 (d0, q0, r0, m0, 'ch21/lossy/qos0', ... (256 bytes))
1787780410: Received PUBLISH from ESP32_000000 (d0, q0, r0, m0, 'ch21/lossy/qos0', ... (256 bytes))
1787780410: Sending PUBLISH to ch21bridge-3574702 (d0, q0, r0, m0, 'ch21/lossy/qos0', ... (256 bytes))
1787780410: Received PUBLISH from ESP32_000000 (d0, q0, r0, m0, 'ch21/lossy/qos0', ... (256 bytes))
1787780410: Sending PUBLISH to ch21bridge-3574702 (d0, q0, r0, m0, 'ch21/lossy/qos0', ... (256 bytes))
1787780410: Received PUBLISH from ESP32_000000 (d0, q0, r0, m0, 'ch21/lossy/qos0', ... (256 bytes))
1787780410: Sending PUBLISH to ch21bridge-3574702 (d0, q0, r0, m0, 'ch21/lossy/qos0', ... (256 bytes))
1787780410: Received PUBLISH from ESP32_000000 (d0, q0, r0, m0, 'ch21/lossy/qos0', ... (256 bytes))
1787780410: Sending PUBLISH to ch21bridge-3574702 (d0, q0, r0, m0, 'ch21/lossy/qos0', ... (256 bytes))
1787780410: Received PUBLISH from ESP32_000000 (d0, q0, r0, m0, 'ch21/lossy/qos0', ... (256 bytes))
1787780410: Sending PUBLISH to ch21bridge-3574702 (d0, q0, r0, m0, 'ch21/lossy/qos0', ... (256 bytes))
1787780410: Received PUBLISH from ESP32_000000 (d0, q0, r0, m0, 'ch21/lossy/qos0', ... (256 bytes))
1787780410: Sending PUBLISH to ch21bridge-3574702 (d0, q0, r0, m0, 'ch21/lossy/qos0', ... (256 bytes))
1787780410: Received PUBLISH from ESP32_000000 (d0, q0, r0, m0, 'ch21/lossy/qos0', ... (256 bytes))
1787780410: Sending PUBLISH to ch21bridge-3574702 (d0, q0, r0, m0, 'ch21/lossy/qos0', ... (256 bytes))
1787780410: Received PUBLISH from ESP32_000000 (d0, q0, r0, m0, 'ch21/lossy/qos0', ... (256 bytes))
1787780410: Sending PUBLISH to ch21bridge-3574702 (d0, q0, r0, m0, 'ch21/lossy/qos0', ... (256 bytes))
1787780410: Received PUBLISH from ESP32_000000 (d0, q0, r0, m0, 'ch21/lossy/qos0', ... (256 bytes))
1787780410: Sending PUBLISH to ch21bridge-3574702 (d0, q0, r0, m0, 'ch21/lossy/qos0', ... (256 bytes))
1787780410: Received PUBLISH from ESP32_000000 (d0, q0, r0, m0, 'ch21/lossy/qos0', ... (256 bytes))
1787780410: Sending PUBLISH to ch21bridge-3574702 (d0, q0, r0, m0, 'ch21/lossy/qos0', ... (256 bytes))
1787780410: Received PUBLISH from ESP32_000000 (d0, q0, r0, m0, 'ch21/lossy/qos0', ... (256 bytes))
1787780410: Sending PUBLISH to ch21bridge-3574702 (d0, q0, r0, m0, 'ch21/lossy/qos0', ... (256 bytes))
1787780410: Received PUBLISH from ESP32_000000 (d0, q0, r0, m0, 'ch21/lossy/qos0', ... (256 bytes))
1787780410: Sending PUBLISH to ch21bridge-3574702 (d0, q0, r0, m0, 'ch21/lossy/qos0', ... (256 bytes))
1787780414: Received PUBLISH from ESP32_000000 (d0, q0, r0, m0, 'ch21/lossy/qos0', ... (256 bytes))
1787780414: Sending PUBLISH to ch21bridge-3574702 (d0, q0, r0, m0, 'ch21/lossy/qos0', ... (256 bytes))
1787780414: Received PUBLISH from ESP32_000000 (d0, q0, r0, m0, 'ch21/lossy/qos0', ... (256 bytes))
1787780414: Sending PUBLISH to ch21bridge-3574702 (d0, q0, r0, m0, 'ch21/lossy/qos0', ... (256 bytes))
1787780414: Received PUBLISH from ESP32_000000 (d0, q0, r0, m0, 'ch21/lossy/qos0', ... (256 bytes))
1787780414: Sending PUBLISH to ch21bridge-3574702 (d0, q0, r0, m0, 'ch21/lossy/qos0', ... (256 bytes))
1787780414: Received PUBLISH from ESP32_000000 (d0, q0, r0, m0, 'ch21/lossy/qos0', ... (256 bytes))
1787780414: Sending PUBLISH to ch21bridge-3574702 (d0, q0, r0, m0, 'ch21/lossy/qos0', ... (256 bytes))
1787780414: Received PUBLISH from ESP32_000000 (d0, q0, r0, m0, 'ch21/lossy/qos0', ... (256 bytes))
1787780414: Sending PUBLISH to ch21bridge-3574702 (d0, q0, r0, m0, 'ch21/lossy/qos0', ... (256 bytes))
1787780414: Received PUBLISH from ESP32_000000 (d0, q0, r0, m0, 'ch21/lossy/qos0', ... (256 bytes))
1787780414: Sending PUBLISH to ch21bridge-3574702 (d0, q0, r0, m0, 'ch21/lossy/qos0', ... (256 bytes))
1787780414: Received PUBLISH from ESP32_000000 (d0, q0, r0, m0, 'ch21/lossy/qos0', ... (256 bytes))
1787780414: Sending PUBLISH to ch21bridge-3574702 (d0, q0, r0, m0, 'ch21/lossy/qos0', ... (256 bytes))
1787780414: Received PUBLISH from ESP32_000000 (d0, q0, r0, m0, 'ch21/lossy/qos0', ... (256 bytes))
1787780414: Sending PUBLISH to ch21bridge-3574702 (d0, q0, r0, m0, 'ch21/lossy/qos0', ... (256 bytes))
1787780414: Received PUBLISH from ESP32_000000 (d0, q0, r0, m0, 'ch21/lossy/qos0', ... (256 bytes))
1787780414: Sending PUBLISH to ch21bridge-3574702 (d0, q0, r0, m0, 'ch21/lossy/qos0', ... (256 bytes))
1787780414: Received PUBLISH from ESP32_000000 (d0, q0, r0, m0, 'ch21/lossy/qos0', ... (256 bytes))
1787780414: Sending PUBLISH to ch21bridge-3574702 (d0, q0, r0, m0, 'ch21/lossy/qos0', ... (256 bytes))
1787780414: Received PUBLISH from ESP32_000000 (d0, q0, r0, m0, 'ch21/lossy/qos0', ... (256 bytes))
1787780414: Sending PUBLISH to ch21bridge-3574702 (d0, q0, r0, m0, 'ch21/lossy/qos0', ... (256 bytes))
1787780414: Received PUBLISH from ESP32_000000 (d0, q0, r0, m0, 'ch21/lossy/qos0', ... (256 bytes))
1787780414: Sending PUBLISH to ch21bridge-3574702 (d0, q0, r0, m0, 'ch21/lossy/qos0', ... (256 bytes))
1787780414: Received PUBLISH from ESP32_000000 (d0, q0, r0, m0, 'ch21/lossy/qos0', ... (256 bytes))
1787780414: Sending PUBLISH to ch21bridge-3574702 (d0, q0, r0, m0, 'ch21/lossy/qos0', ... (256 bytes))
1787780414: Received PUBLISH from ESP32_000000 (d0, q0, r0, m0, 'ch21/lossy/qos0', ... (256 bytes))
1787780414: Sending PUBLISH to ch21bridge-3574702 (d0, q0, r0, m0, 'ch21/lossy/qos0', ... (256 bytes))
1787780414: Received PUBLISH from ESP32_000000 (d0, q0, r0, m0, 'ch21/lossy/qos0', ... (256 bytes))
1787780414: Sending PUBLISH to ch21bridge-3574702 (d0, q0, r0, m0, 'ch21/lossy/qos0', ... (256 bytes))
1787780419: Received PUBLISH from ESP32_000000 (d0, q0, r0, m0, 'ch21/lossy/qos0', ... (256 bytes))
1787780419: Sending PUBLISH to ch21bridge-3574702 (d0, q0, r0, m0, 'ch21/lossy/qos0', ... (256 bytes))
1787780423: Received PUBLISH from ESP32_000000 (d0, q0, r0, m0, 'ch21/lossy/qos0', ... (256 bytes))
1787780423: Sending PUBLISH to ch21bridge-3574702 (d0, q0, r0, m0, 'ch21/lossy/qos0', ... (256 bytes))
1787780423: Received PUBLISH from ESP32_000000 (d0, q0, r0, m0, 'ch21/lossy/qos0', ... (256 bytes))
1787780423: Sending PUBLISH to ch21bridge-3574702 (d0, q0, r0, m0, 'ch21/lossy/qos0', ... (256 bytes))
1787780423: Received PINGREQ from ESP32_000000
1787780423: Sending PINGRESP to ESP32_000000
1787780423: Received PUBLISH from ESP32_000000 (d0, q1, r0, m5003, 'ch21/lossy/qos1', ... (256 bytes))
1787780423: Sending PUBLISH to ch21bridge-3574702 (d0, q1, r0, m1, 'ch21/lossy/qos1', ... (256 bytes))
1787780423: Sending PUBACK to ESP32_000000 (m5003, rc0)
1787780423: Received PUBLISH from ESP32_000000 (d0, q1, r0, m5784, 'ch21/lossy/qos1', ... (256 bytes))
1787780423: Sending PUBLISH to ch21bridge-3574702 (d0, q1, r0, m2, 'ch21/lossy/qos1', ... (256 bytes))
1787780423: Sending PUBACK to ESP32_000000 (m5784, rc0)
1787780423: Received PUBLISH from ESP32_000000 (d0, q1, r0, m51076, 'ch21/lossy/qos1', ... (256 bytes))
1787780423: Sending PUBLISH to ch21bridge-3574702 (d0, q1, r0, m3, 'ch21/lossy/qos1', ... (256 bytes))
1787780423: Sending PUBACK to ESP32_000000 (m51076, rc0)
1787780423: Received PUBLISH from ESP32_000000 (d0, q1, r0, m1683, 'ch21/lossy/qos1', ... (256 bytes))
1787780423: Sending PUBLISH to ch21bridge-3574702 (d0, q1, r0, m4, 'ch21/lossy/qos1', ... (256 bytes))
1787780423: Sending PUBACK to ESP32_000000 (m1683, rc0)
1787780423: Received PUBLISH from ESP32_000000 (d0, q1, r0, m29947, 'ch21/lossy/qos1', ... (256 bytes))
1787780423: Sending PUBLISH to ch21bridge-3574702 (d0, q1, r0, m5, 'ch21/lossy/qos1', ... (256 bytes))
1787780423: Sending PUBACK to ESP32_000000 (m29947, rc0)
1787780423: Received PUBACK from ch21bridge-3574702 (Mid: 1, RC:0)
1787780423: Received PUBACK from ch21bridge-3574702 (Mid: 2, RC:0)
1787780423: Received PUBACK from ch21bridge-3574702 (Mid: 3, RC:0)
1787780423: Received PUBACK from ch21bridge-3574702 (Mid: 4, RC:0)
1787780423: Received PUBACK from ch21bridge-3574702 (Mid: 5, RC:0)
1787780423: Received PUBLISH from ESP32_000000 (d0, q1, r0, m62789, 'ch21/lossy/qos1', ... (256 bytes))
1787780423: Sending PUBLISH to ch21bridge-3574702 (d0, q1, r0, m6, 'ch21/lossy/qos1', ... (256 bytes))
1787780423: Sending PUBACK to ESP32_000000 (m62789, rc0)
1787780423: Received PUBLISH from ESP32_000000 (d0, q1, r0, m40583, 'ch21/lossy/qos1', ... (256 bytes))
1787780423: Sending PUBLISH to ch21bridge-3574702 (d0, q1, r0, m7, 'ch21/lossy/qos1', ... (256 bytes))
1787780423: Sending PUBACK to ESP32_000000 (m40583, rc0)
1787780423: Received PUBLISH from ESP32_000000 (d0, q1, r0, m61726, 'ch21/lossy/qos1', ... (256 bytes))
1787780423: Sending PUBLISH to ch21bridge-3574702 (d0, q1, r0, m8, 'ch21/lossy/qos1', ... (256 bytes))
1787780423: Sending PUBACK to ESP32_000000 (m61726, rc0)
1787780423: Received PUBLISH from ESP32_000000 (d0, q1, r0, m44352, 'ch21/lossy/qos1', ... (256 bytes))
1787780423: Sending PUBLISH to ch21bridge-3574702 (d0, q1, r0, m9, 'ch21/lossy/qos1', ... (256 bytes))
1787780423: Sending PUBACK to ESP32_000000 (m44352, rc0)
1787780423: Received PUBLISH from ESP32_000000 (d0, q1, r0, m26105, 'ch21/lossy/qos1', ... (256 bytes))
1787780423: Sending PUBLISH to ch21bridge-3574702 (d0, q1, r0, m10, 'ch21/lossy/qos1', ... (256 bytes))
1787780423: Sending PUBACK to ESP32_000000 (m26105, rc0)
1787780423: Received PUBACK from ch21bridge-3574702 (Mid: 6, RC:0)
1787780423: Received PUBACK from ch21bridge-3574702 (Mid: 7, RC:0)
1787780423: Received PUBACK from ch21bridge-3574702 (Mid: 8, RC:0)
1787780423: Received PUBACK from ch21bridge-3574702 (Mid: 9, RC:0)
1787780423: Received PUBACK from ch21bridge-3574702 (Mid: 10, RC:0)
1787780423: Received PUBLISH from ESP32_000000 (d1, q1, r0, m5003, 'ch21/lossy/qos1', ... (256 bytes))
1787780423: Sending PUBLISH to ch21bridge-3574702 (d0, q1, r0, m11, 'ch21/lossy/qos1', ... (256 bytes))
1787780423: Sending PUBACK to ESP32_000000 (m5003, rc0)
1787780423: Received PUBACK from ch21bridge-3574702 (Mid: 11, RC:0)
1787780423: Received PUBLISH from ESP32_000000 (d0, q1, r0, m5864, 'ch21/lossy/qos1', ... (256 bytes))
1787780423: Sending PUBLISH to ch21bridge-3574702 (d0, q1, r0, m12, 'ch21/lossy/qos1', ... (256 bytes))
1787780423: Sending PUBACK to ESP32_000000 (m5864, rc0)
1787780423: Received PUBACK from ch21bridge-3574702 (Mid: 12, RC:0)
1787780428: Received PUBLISH from ESP32_000000 (d0, q1, r0, m35667, 'ch21/lossy/qos1', ... (256 bytes))
1787780428: Sending PUBLISH to ch21bridge-3574702 (d0, q1, r0, m13, 'ch21/lossy/qos1', ... (256 bytes))
1787780428: Sending PUBACK to ESP32_000000 (m35667, rc0)
1787780428: Received PUBACK from ch21bridge-3574702 (Mid: 13, RC:0)
1787780429: Received PUBLISH from ESP32_000000 (d0, q1, r0, m51801, 'ch21/lossy/qos1', ... (256 bytes))
1787780429: Sending PUBLISH to ch21bridge-3574702 (d0, q1, r0, m14, 'ch21/lossy/qos1', ... (256 bytes))
1787780429: Sending PUBACK to ESP32_000000 (m51801, rc0)
1787780429: Received PUBLISH from ESP32_000000 (d0, q1, r0, m13890, 'ch21/lossy/qos1', ... (256 bytes))
1787780429: Sending PUBLISH to ch21bridge-3574702 (d0, q1, r0, m15, 'ch21/lossy/qos1', ... (256 bytes))
1787780429: Sending PUBACK to ESP32_000000 (m13890, rc0)
1787780429: Received PUBLISH from ESP32_000000 (d0, q1, r0, m63612, 'ch21/lossy/qos1', ... (256 bytes))
1787780429: Sending PUBLISH to ch21bridge-3574702 (d0, q1, r0, m16, 'ch21/lossy/qos1', ... (256 bytes))
1787780429: Sending PUBACK to ESP32_000000 (m63612, rc0)
1787780429: Received PUBLISH from ESP32_000000 (d0, q1, r0, m64478, 'ch21/lossy/qos1', ... (256 bytes))
1787780429: Sending PUBLISH to ch21bridge-3574702 (d0, q1, r0, m17, 'ch21/lossy/qos1', ... (256 bytes))
1787780429: Sending PUBACK to ESP32_000000 (m64478, rc0)
1787780429: Received PUBLISH from ESP32_000000 (d0, q1, r0, m65283, 'ch21/lossy/qos1', ... (256 bytes))
1787780429: Sending PUBLISH to ch21bridge-3574702 (d0, q1, r0, m18, 'ch21/lossy/qos1', ... (256 bytes))
1787780429: Sending PUBACK to ESP32_000000 (m65283, rc0)
1787780429: Received PUBACK from ch21bridge-3574702 (Mid: 14, RC:0)
1787780429: Received PUBACK from ch21bridge-3574702 (Mid: 15, RC:0)
1787780429: Received PUBACK from ch21bridge-3574702 (Mid: 16, RC:0)
1787780429: Received PUBACK from ch21bridge-3574702 (Mid: 17, RC:0)
1787780429: Received PUBACK from ch21bridge-3574702 (Mid: 18, RC:0)
1787780429: Received PUBLISH from ESP32_000000 (d0, q1, r0, m18332, 'ch21/lossy/qos1', ... (256 bytes))
1787780429: Sending PUBLISH to ch21bridge-3574702 (d0, q1, r0, m19, 'ch21/lossy/qos1', ... (256 bytes))
1787780429: Sending PUBACK to ESP32_000000 (m18332, rc0)
1787780429: Received PUBLISH from ESP32_000000 (d0, q1, r0, m52686, 'ch21/lossy/qos1', ... (256 bytes))
1787780429: Sending PUBLISH to ch21bridge-3574702 (d0, q1, r0, m20, 'ch21/lossy/qos1', ... (256 bytes))
1787780429: Sending PUBACK to ESP32_000000 (m52686, rc0)
1787780429: Received PUBLISH from ESP32_000000 (d0, q1, r0, m576, 'ch21/lossy/qos1', ... (256 bytes))
1787780429: Sending PUBLISH to ch21bridge-3574702 (d0, q1, r0, m21, 'ch21/lossy/qos1', ... (256 bytes))
1787780429: Sending PUBACK to ESP32_000000 (m576, rc0)
1787780429: Received PUBLISH from ESP32_000000 (d0, q1, r0, m15243, 'ch21/lossy/qos1', ... (256 bytes))
1787780429: Sending PUBLISH to ch21bridge-3574702 (d0, q1, r0, m22, 'ch21/lossy/qos1', ... (256 bytes))
1787780429: Sending PUBACK to ESP32_000000 (m15243, rc0)
1787780429: Received PUBLISH from ESP32_000000 (d0, q1, r0, m21918, 'ch21/lossy/qos1', ... (256 bytes))
1787780429: Sending PUBLISH to ch21bridge-3574702 (d0, q1, r0, m23, 'ch21/lossy/qos1', ... (256 bytes))
1787780429: Sending PUBACK to ESP32_000000 (m21918, rc0)
1787780429: Received PUBACK from ch21bridge-3574702 (Mid: 19, RC:0)
1787780429: Received PUBACK from ch21bridge-3574702 (Mid: 20, RC:0)
1787780429: Received PUBACK from ch21bridge-3574702 (Mid: 21, RC:0)
1787780429: Received PUBACK from ch21bridge-3574702 (Mid: 22, RC:0)
1787780429: Received PUBACK from ch21bridge-3574702 (Mid: 23, RC:0)
1787780429: Received PUBLISH from ESP32_000000 (d0, q1, r0, m43625, 'ch21/lossy/qos1', ... (256 bytes))
1787780429: Sending PUBLISH to ch21bridge-3574702 (d0, q1, r0, m24, 'ch21/lossy/qos1', ... (256 bytes))
1787780429: Sending PUBACK to ESP32_000000 (m43625, rc0)
1787780429: Received PUBACK from ch21bridge-3574702 (Mid: 24, RC:0)
1787780434: Received PUBLISH from ESP32_000000 (d1, q1, r0, m51801, 'ch21/lossy/qos1', ... (256 bytes))
1787780434: Sending PUBLISH to ch21bridge-3574702 (d0, q1, r0, m25, 'ch21/lossy/qos1', ... (256 bytes))
1787780434: Sending PUBACK to ESP32_000000 (m51801, rc0)
1787780434: Received PUBLISH from ESP32_000000 (d0, q1, r0, m46868, 'ch21/lossy/qos1', ... (256 bytes))
1787780434: Sending PUBLISH to ch21bridge-3574702 (d0, q1, r0, m26, 'ch21/lossy/qos1', ... (256 bytes))
1787780434: Sending PUBACK to ESP32_000000 (m46868, rc0)
1787780434: Received PUBACK from ch21bridge-3574702 (Mid: 25, RC:0)
1787780434: Received PUBLISH from ESP32_000000 (d1, q1, r0, m13890, 'ch21/lossy/qos1', ... (256 bytes))
1787780434: Sending PUBLISH to ch21bridge-3574702 (d0, q1, r0, m27, 'ch21/lossy/qos1', ... (256 bytes))
1787780434: Sending PUBACK to ESP32_000000 (m13890, rc0)
1787780434: Received PUBLISH from ESP32_000000 (d0, q1, r0, m57570, 'ch21/lossy/qos1', ... (256 bytes))
1787780434: Sending PUBLISH to ch21bridge-3574702 (d0, q1, r0, m28, 'ch21/lossy/qos1', ... (256 bytes))
1787780434: Sending PUBACK to ESP32_000000 (m57570, rc0)
1787780434: Received PUBLISH from ESP32_000000 (d0, q1, r0, m64628, 'ch21/lossy/qos1', ... (256 bytes))
1787780434: Sending PUBLISH to ch21bridge-3574702 (d0, q1, r0, m29, 'ch21/lossy/qos1', ... (256 bytes))
1787780434: Sending PUBACK to ESP32_000000 (m64628, rc0)
1787780434: Received PUBLISH from ESP32_000000 (d0, q1, r0, m4841, 'ch21/lossy/qos1', ... (256 bytes))
1787780434: Sending PUBLISH to ch21bridge-3574702 (d0, q1, r0, m30, 'ch21/lossy/qos1', ... (256 bytes))
1787780434: Sending PUBACK to ESP32_000000 (m4841, rc0)
1787780434: Received PUBACK from ch21bridge-3574702 (Mid: 26, RC:0)
1787780434: Received PUBACK from ch21bridge-3574702 (Mid: 27, RC:0)
1787780434: Received PUBACK from ch21bridge-3574702 (Mid: 28, RC:0)
1787780434: Received PUBACK from ch21bridge-3574702 (Mid: 29, RC:0)
1787780434: Received PUBACK from ch21bridge-3574702 (Mid: 30, RC:0)
1787780435: Received PUBLISH from ESP32_000000 (d0, q1, r0, m62679, 'ch21/lossy/qos1', ... (256 bytes))
1787780435: Sending PUBLISH to ch21bridge-3574702 (d0, q1, r0, m31, 'ch21/lossy/qos1', ... (256 bytes))
1787780435: Sending PUBACK to ESP32_000000 (m62679, rc0)
1787780435: Received PUBLISH from ESP32_000000 (d0, q1, r0, m7626, 'ch21/lossy/qos1', ... (256 bytes))
1787780435: Sending PUBLISH to ch21bridge-3574702 (d0, q1, r0, m32, 'ch21/lossy/qos1', ... (256 bytes))
1787780435: Sending PUBACK to ESP32_000000 (m7626, rc0)
1787780435: Received PUBLISH from ESP32_000000 (d0, q1, r0, m59114, 'ch21/lossy/qos1', ... (256 bytes))
1787780435: Sending PUBLISH to ch21bridge-3574702 (d0, q1, r0, m33, 'ch21/lossy/qos1', ... (256 bytes))
1787780435: Sending PUBACK to ESP32_000000 (m59114, rc0)
1787780435: Received PUBLISH from ESP32_000000 (d0, q1, r0, m65066, 'ch21/lossy/qos1', ... (256 bytes))
1787780435: Sending PUBLISH to ch21bridge-3574702 (d0, q1, r0, m34, 'ch21/lossy/qos1', ... (256 bytes))
1787780435: Sending PUBACK to ESP32_000000 (m65066, rc0)
1787780435: Received PUBLISH from ESP32_000000 (d0, q1, r0, m16486, 'ch21/lossy/qos1', ... (256 bytes))
1787780435: Sending PUBLISH to ch21bridge-3574702 (d0, q1, r0, m35, 'ch21/lossy/qos1', ... (256 bytes))
1787780435: Sending PUBACK to ESP32_000000 (m16486, rc0)
1787780435: Received PUBLISH from ESP32_000000 (d0, q1, r0, m37150, 'ch21/lossy/qos1', ... (256 bytes))
1787780435: Sending PUBLISH to ch21bridge-3574702 (d0, q1, r0, m36, 'ch21/lossy/qos1', ... (256 bytes))
1787780435: Sending PUBACK to ESP32_000000 (m37150, rc0)
1787780435: Received PUBLISH from ESP32_000000 (d1, q1, r0, m46868, 'ch21/lossy/qos1', ... (256 bytes))
1787780435: Sending PUBLISH to ch21bridge-3574702 (d0, q1, r0, m37, 'ch21/lossy/qos1', ... (256 bytes))
1787780435: Sending PUBACK to ESP32_000000 (m46868, rc0)
1787780435: Received PUBLISH from ESP32_000000 (d0, q1, r0, m53181, 'ch21/lossy/qos1', ... (256 bytes))
1787780435: Sending PUBLISH to ch21bridge-3574702 (d0, q1, r0, m38, 'ch21/lossy/qos1', ... (256 bytes))
1787780435: Sending PUBACK to ESP32_000000 (m53181, rc0)
1787780435: Received PUBLISH from ESP32_000000 (d0, q1, r0, m25531, 'ch21/lossy/qos1', ... (256 bytes))
1787780435: Sending PUBLISH to ch21bridge-3574702 (d0, q1, r0, m39, 'ch21/lossy/qos1', ... (256 bytes))
1787780435: Sending PUBACK to ESP32_000000 (m25531, rc0)
1787780435: Received PUBLISH from ESP32_000000 (d0, q1, r0, m37930, 'ch21/lossy/qos1', ... (256 bytes))
1787780435: Sending PUBLISH to ch21bridge-3574702 (d0, q1, r0, m40, 'ch21/lossy/qos1', ... (256 bytes))
1787780435: Sending PUBACK to ESP32_000000 (m37930, rc0)
1787780435: Received PUBACK from ch21bridge-3574702 (Mid: 31, RC:0)
1787780435: Received PUBACK from ch21bridge-3574702 (Mid: 32, RC:0)
1787780435: Received PUBACK from ch21bridge-3574702 (Mid: 33, RC:0)
1787780435: Received PUBACK from ch21bridge-3574702 (Mid: 34, RC:0)
1787780435: Received PUBACK from ch21bridge-3574702 (Mid: 35, RC:0)
1787780435: Received PUBACK from ch21bridge-3574702 (Mid: 36, RC:0)
1787780435: Received PUBACK from ch21bridge-3574702 (Mid: 37, RC:0)
1787780435: Received PUBACK from ch21bridge-3574702 (Mid: 38, RC:0)
1787780435: Received PUBACK from ch21bridge-3574702 (Mid: 39, RC:0)
1787780435: Received PUBACK from ch21bridge-3574702 (Mid: 40, RC:0)
1787780435: Received PUBLISH from ESP32_000000 (d0, q1, r0, m21251, 'ch21/lossy/qos1', ... (256 bytes))
1787780435: Sending PUBLISH to ch21bridge-3574702 (d0, q1, r0, m41, 'ch21/lossy/qos1', ... (256 bytes))
1787780435: Sending PUBACK to ESP32_000000 (m21251, rc0)
1787780435: Received PUBACK from ch21bridge-3574702 (Mid: 41, RC:0)
1787780435: Received PUBLISH from ESP32_000000 (d0, q1, r0, m27040, 'ch21/lossy/qos1', ... (256 bytes))
1787780435: Sending PUBLISH to ch21bridge-3574702 (d0, q1, r0, m42, 'ch21/lossy/qos1', ... (256 bytes))
1787780435: Sending PUBACK to ESP32_000000 (m27040, rc0)
1787780435: Received PUBACK from ch21bridge-3574702 (Mid: 42, RC:0)
1787780435: Received PUBLISH from ESP32_000000 (d1, q1, r0, m7626, 'ch21/lossy/qos1', ... (256 bytes))
1787780435: Sending PUBLISH to ch21bridge-3574702 (d0, q1, r0, m43, 'ch21/lossy/qos1', ... (256 bytes))
1787780435: Sending PUBACK to ESP32_000000 (m7626, rc0)
1787780435: Received PUBACK from ch21bridge-3574702 (Mid: 43, RC:0)
1787780435: Received PUBLISH from ESP32_000000 (d0, q1, r0, m61137, 'ch21/lossy/qos1', ... (256 bytes))
1787780435: Sending PUBLISH to ch21bridge-3574702 (d0, q1, r0, m44, 'ch21/lossy/qos1', ... (256 bytes))
1787780435: Sending PUBACK to ESP32_000000 (m61137, rc0)
1787780435: Received PUBACK from ch21bridge-3574702 (Mid: 44, RC:0)
1787780435: Received PUBLISH from ESP32_000000 (d0, q1, r0, m22907, 'ch21/lossy/qos1', ... (256 bytes))
1787780435: Sending PUBLISH to ch21bridge-3574702 (d0, q1, r0, m45, 'ch21/lossy/qos1', ... (256 bytes))
1787780435: Sending PUBACK to ESP32_000000 (m22907, rc0)
1787780435: Received PUBACK from ch21bridge-3574702 (Mid: 45, RC:0)
1787780435: Received PUBLISH from ESP32_000000 (d0, q1, r0, m43472, 'ch21/lossy/qos1', ... (256 bytes))
1787780435: Sending PUBLISH to ch21bridge-3574702 (d0, q1, r0, m46, 'ch21/lossy/qos1', ... (256 bytes))
1787780435: Sending PUBACK to ESP32_000000 (m43472, rc0)
1787780435: Received PUBACK from ch21bridge-3574702 (Mid: 46, RC:0)
1787780435: Received PUBLISH from ESP32_000000 (d0, q1, r0, m7954, 'ch21/lossy/qos1', ... (256 bytes))
1787780435: Sending PUBLISH to ch21bridge-3574702 (d0, q1, r0, m47, 'ch21/lossy/qos1', ... (256 bytes))
1787780435: Sending PUBACK to ESP32_000000 (m7954, rc0)
1787780435: Received PUBACK from ch21bridge-3574702 (Mid: 47, RC:0)
1787780435: Received PUBLISH from ESP32_000000 (d0, q1, r0, m22329, 'ch21/lossy/qos1', ... (256 bytes))
1787780435: Sending PUBLISH to ch21bridge-3574702 (d0, q1, r0, m48, 'ch21/lossy/qos1', ... (256 bytes))
1787780435: Sending PUBACK to ESP32_000000 (m22329, rc0)
1787780435: Received PUBACK from ch21bridge-3574702 (Mid: 48, RC:0)
1787780435: Received PUBLISH from ESP32_000000 (d0, q1, r0, m54750, 'ch21/lossy/qos1', ... (256 bytes))
1787780435: Sending PUBLISH to ch21bridge-3574702 (d0, q1, r0, m49, 'ch21/lossy/qos1', ... (256 bytes))
1787780435: Sending PUBACK to ESP32_000000 (m54750, rc0)
1787780435: Received PUBACK from ch21bridge-3574702 (Mid: 49, RC:0)
1787780436: Received PUBLISH from ESP32_000000 (d0, q1, r0, m906, 'ch21/lossy/qos1', ... (256 bytes))
1787780436: Sending PUBLISH to ch21bridge-3574702 (d0, q1, r0, m50, 'ch21/lossy/qos1', ... (256 bytes))
1787780436: Sending PUBACK to ESP32_000000 (m906, rc0)
1787780436: Received PUBACK from ch21bridge-3574702 (Mid: 50, RC:0)
1787780436: Received PUBLISH from ESP32_000000 (d0, q1, r0, m9690, 'ch21/lossy/qos1', ... (256 bytes))
1787780436: Sending PUBLISH to ch21bridge-3574702 (d0, q1, r0, m51, 'ch21/lossy/qos1', ... (256 bytes))
1787780436: Sending PUBACK to ESP32_000000 (m9690, rc0)
1787780436: Received PUBACK from ch21bridge-3574702 (Mid: 51, RC:0)
1787780436: Received PUBLISH from ESP32_000000 (d0, q1, r0, m4254, 'ch21/lossy/qos1', ... (256 bytes))
1787780436: Sending PUBLISH to ch21bridge-3574702 (d0, q1, r0, m52, 'ch21/lossy/qos1', ... (256 bytes))
1787780436: Sending PUBACK to ESP32_000000 (m4254, rc0)
1787780436: Received PUBACK from ch21bridge-3574702 (Mid: 52, RC:0)
1787780436: Received PUBLISH from ESP32_000000 (d0, q1, r0, m49717, 'ch21/lossy/qos1', ... (256 bytes))
1787780436: Sending PUBLISH to ch21bridge-3574702 (d0, q1, r0, m53, 'ch21/lossy/qos1', ... (256 bytes))
1787780436: Sending PUBACK to ESP32_000000 (m49717, rc0)
1787780436: Received PUBACK from ch21bridge-3574702 (Mid: 53, RC:0)
1787780436: Received PUBLISH from ESP32_000000 (d0, q1, r0, m60121, 'ch21/lossy/qos1', ... (256 bytes))
1787780436: Sending PUBLISH to ch21bridge-3574702 (d0, q1, r0, m54, 'ch21/lossy/qos1', ... (256 bytes))
1787780436: Sending PUBACK to ESP32_000000 (m60121, rc0)
1787780436: Received PUBACK from ch21bridge-3574702 (Mid: 54, RC:0)
1787780436: Received PUBLISH from ESP32_000000 (d0, q1, r0, m5034, 'ch21/lossy/qos1', ... (256 bytes))
1787780436: Sending PUBLISH to ch21bridge-3574702 (d0, q1, r0, m55, 'ch21/lossy/qos1', ... (256 bytes))
1787780436: Sending PUBACK to ESP32_000000 (m5034, rc0)
1787780436: Received PUBACK from ch21bridge-3574702 (Mid: 55, RC:0)
1787780436: Received PUBLISH from ESP32_000000 (d0, q1, r0, m4979, 'ch21/lossy/qos1', ... (256 bytes))
1787780436: Sending PUBLISH to ch21bridge-3574702 (d0, q1, r0, m56, 'ch21/lossy/qos1', ... (256 bytes))
1787780436: Sending PUBACK to ESP32_000000 (m4979, rc0)
1787780436: Received PUBACK from ch21bridge-3574702 (Mid: 56, RC:0)
1787780436: Received PUBLISH from ESP32_000000 (d0, q1, r0, m15220, 'ch21/lossy/qos1', ... (256 bytes))
1787780436: Sending PUBLISH to ch21bridge-3574702 (d0, q1, r0, m57, 'ch21/lossy/qos1', ... (256 bytes))
1787780436: Sending PUBACK to ESP32_000000 (m15220, rc0)
1787780436: Received PUBACK from ch21bridge-3574702 (Mid: 57, RC:0)
1787780436: Received PUBLISH from ESP32_000000 (d0, q1, r0, m39344, 'ch21/lossy/qos1', ... (256 bytes))
1787780436: Sending PUBLISH to ch21bridge-3574702 (d0, q1, r0, m58, 'ch21/lossy/qos1', ... (256 bytes))
1787780436: Sending PUBACK to ESP32_000000 (m39344, rc0)
1787780436: Received PUBACK from ch21bridge-3574702 (Mid: 58, RC:0)
1787780436: Received PUBLISH from ESP32_000000 (d0, q1, r0, m55077, 'ch21/lossy/qos1', ... (256 bytes))
1787780436: Sending PUBLISH to ch21bridge-3574702 (d0, q1, r0, m59, 'ch21/lossy/qos1', ... (256 bytes))
1787780436: Sending PUBACK to ESP32_000000 (m55077, rc0)
1787780436: Received PUBACK from ch21bridge-3574702 (Mid: 59, RC:0)
1787780436: Received PUBLISH from ESP32_000000 (d0, q1, r0, m47496, 'ch21/lossy/qos1', ... (256 bytes))
1787780436: Sending PUBLISH to ch21bridge-3574702 (d0, q1, r0, m60, 'ch21/lossy/qos1', ... (256 bytes))
1787780436: Sending PUBACK to ESP32_000000 (m47496, rc0)
1787780436: Received PUBACK from ch21bridge-3574702 (Mid: 60, RC:0)
1787780438: Received PUBLISH from ESP32_000000 (d0, q1, r0, m47664, 'ch21/lossy/qos1', ... (256 bytes))
1787780438: Sending PUBLISH to ch21bridge-3574702 (d0, q1, r0, m61, 'ch21/lossy/qos1', ... (256 bytes))
1787780438: Sending PUBACK to ESP32_000000 (m47664, rc0)
1787780438: Received PUBACK from ch21bridge-3574702 (Mid: 61, RC:0)
1787780439: Received PUBLISH from ESP32_000000 (d0, q1, r0, m52379, 'ch21/lossy/qos1', ... (256 bytes))
1787780439: Sending PUBLISH to ch21bridge-3574702 (d0, q1, r0, m62, 'ch21/lossy/qos1', ... (256 bytes))
1787780439: Sending PUBACK to ESP32_000000 (m52379, rc0)
1787780439: Received PUBLISH from ESP32_000000 (d0, q1, r0, m12965, 'ch21/lossy/qos1', ... (256 bytes))
1787780439: Sending PUBLISH to ch21bridge-3574702 (d0, q1, r0, m63, 'ch21/lossy/qos1', ... (256 bytes))
1787780439: Sending PUBACK to ESP32_000000 (m12965, rc0)
1787780439: Received PUBLISH from ESP32_000000 (d0, q1, r0, m25884, 'ch21/lossy/qos1', ... (256 bytes))
1787780439: Sending PUBLISH to ch21bridge-3574702 (d0, q1, r0, m64, 'ch21/lossy/qos1', ... (256 bytes))
1787780439: Sending PUBACK to ESP32_000000 (m25884, rc0)
1787780439: Received PUBLISH from ESP32_000000 (d0, q1, r0, m263, 'ch21/lossy/qos1', ... (256 bytes))
1787780439: Sending PUBLISH to ch21bridge-3574702 (d0, q1, r0, m65, 'ch21/lossy/qos1', ... (256 bytes))
1787780439: Sending PUBACK to ESP32_000000 (m263, rc0)
1787780439: Received PUBLISH from ESP32_000000 (d0, q1, r0, m8206, 'ch21/lossy/qos1', ... (256 bytes))
1787780439: Sending PUBLISH to ch21bridge-3574702 (d0, q1, r0, m66, 'ch21/lossy/qos1', ... (256 bytes))
1787780439: Sending PUBACK to ESP32_000000 (m8206, rc0)
1787780439: Received PUBACK from ch21bridge-3574702 (Mid: 62, RC:0)
1787780439: Received PUBACK from ch21bridge-3574702 (Mid: 63, RC:0)
1787780439: Received PUBACK from ch21bridge-3574702 (Mid: 64, RC:0)
1787780439: Received PUBACK from ch21bridge-3574702 (Mid: 65, RC:0)
1787780439: Received PUBACK from ch21bridge-3574702 (Mid: 66, RC:0)
1787780439: Received PUBLISH from ESP32_000000 (d0, q1, r0, m63771, 'ch21/lossy/qos1', ... (256 bytes))
1787780439: Sending PUBLISH to ch21bridge-3574702 (d0, q1, r0, m67, 'ch21/lossy/qos1', ... (256 bytes))
1787780439: Sending PUBACK to ESP32_000000 (m63771, rc0)
1787780439: Received PUBLISH from ESP32_000000 (d0, q1, r0, m1615, 'ch21/lossy/qos1', ... (256 bytes))
1787780439: Sending PUBLISH to ch21bridge-3574702 (d0, q1, r0, m68, 'ch21/lossy/qos1', ... (256 bytes))
1787780439: Sending PUBACK to ESP32_000000 (m1615, rc0)
1787780439: Received PUBLISH from ESP32_000000 (d0, q1, r0, m8331, 'ch21/lossy/qos1', ... (256 bytes))
1787780439: Sending PUBLISH to ch21bridge-3574702 (d0, q1, r0, m69, 'ch21/lossy/qos1', ... (256 bytes))
1787780439: Sending PUBACK to ESP32_000000 (m8331, rc0)
1787780439: Received PUBLISH from ESP32_000000 (d0, q1, r0, m17983, 'ch21/lossy/qos1', ... (256 bytes))
1787780439: Sending PUBLISH to ch21bridge-3574702 (d0, q1, r0, m70, 'ch21/lossy/qos1', ... (256 bytes))
1787780439: Sending PUBACK to ESP32_000000 (m17983, rc0)
1787780439: Received PUBLISH from ESP32_000000 (d0, q1, r0, m14395, 'ch21/lossy/qos1', ... (256 bytes))
1787780439: Sending PUBLISH to ch21bridge-3574702 (d0, q1, r0, m71, 'ch21/lossy/qos1', ... (256 bytes))
1787780439: Sending PUBACK to ESP32_000000 (m14395, rc0)
1787780439: Received PUBACK from ch21bridge-3574702 (Mid: 67, RC:0)
1787780439: Received PUBACK from ch21bridge-3574702 (Mid: 68, RC:0)
1787780439: Received PUBACK from ch21bridge-3574702 (Mid: 69, RC:0)
1787780439: Received PUBACK from ch21bridge-3574702 (Mid: 70, RC:0)
1787780439: Received PUBACK from ch21bridge-3574702 (Mid: 71, RC:0)
1787780439: Received PUBLISH from ESP32_000000 (d0, q1, r0, m54992, 'ch21/lossy/qos1', ... (256 bytes))
1787780439: Sending PUBLISH to ch21bridge-3574702 (d0, q1, r0, m72, 'ch21/lossy/qos1', ... (256 bytes))
1787780439: Sending PUBACK to ESP32_000000 (m54992, rc0)
1787780439: Received PUBLISH from ESP32_000000 (d1, q1, r0, m52379, 'ch21/lossy/qos1', ... (256 bytes))
1787780439: Sending PUBLISH to ch21bridge-3574702 (d0, q1, r0, m73, 'ch21/lossy/qos1', ... (256 bytes))
1787780439: Sending PUBACK to ESP32_000000 (m52379, rc0)
1787780439: Received PUBACK from ch21bridge-3574702 (Mid: 72, RC:0)
1787780439: Received PUBACK from ch21bridge-3574702 (Mid: 73, RC:0)
1787780441: Received PUBLISH from ESP32_000000 (d1, q1, r0, m12965, 'ch21/lossy/qos1', ... (256 bytes))
1787780441: Sending PUBLISH to ch21bridge-3574702 (d0, q1, r0, m74, 'ch21/lossy/qos1', ... (256 bytes))
1787780441: Sending PUBACK to ESP32_000000 (m12965, rc0)
1787780441: Received PUBLISH from ESP32_000000 (d0, q1, r0, m9862, 'ch21/lossy/qos1', ... (256 bytes))
1787780441: Sending PUBLISH to ch21bridge-3574702 (d0, q1, r0, m75, 'ch21/lossy/qos1', ... (256 bytes))
1787780441: Sending PUBACK to ESP32_000000 (m9862, rc0)
1787780441: Received PUBLISH from ESP32_000000 (d0, q1, r0, m24776, 'ch21/lossy/qos1', ... (256 bytes))
1787780441: Sending PUBLISH to ch21bridge-3574702 (d0, q1, r0, m76, 'ch21/lossy/qos1', ... (256 bytes))
1787780441: Sending PUBACK to ESP32_000000 (m24776, rc0)
1787780441: Received PUBLISH from ESP32_000000 (d0, q1, r0, m3107, 'ch21/lossy/qos1', ... (256 bytes))
1787780441: Sending PUBLISH to ch21bridge-3574702 (d0, q1, r0, m77, 'ch21/lossy/qos1', ... (256 bytes))
1787780441: Sending PUBACK to ESP32_000000 (m3107, rc0)
1787780441: Received PUBLISH from ESP32_000000 (d0, q1, r0, m28076, 'ch21/lossy/qos1', ... (256 bytes))
1787780441: Sending PUBLISH to ch21bridge-3574702 (d0, q1, r0, m78, 'ch21/lossy/qos1', ... (256 bytes))
1787780441: Sending PUBACK to ESP32_000000 (m28076, rc0)
1787780441: Received PUBLISH from ESP32_000000 (d0, q1, r0, m40338, 'ch21/lossy/qos1', ... (256 bytes))
1787780441: Sending PUBLISH to ch21bridge-3574702 (d0, q1, r0, m79, 'ch21/lossy/qos1', ... (256 bytes))
1787780441: Sending PUBACK to ESP32_000000 (m40338, rc0)
1787780441: Received PUBLISH from ESP32_000000 (d0, q1, r0, m21912, 'ch21/lossy/qos1', ... (256 bytes))
1787780441: Sending PUBLISH to ch21bridge-3574702 (d0, q1, r0, m80, 'ch21/lossy/qos1', ... (256 bytes))
1787780441: Sending PUBACK to ESP32_000000 (m21912, rc0)
1787780441: Received PUBLISH from ESP32_000000 (d0, q1, r0, m42504, 'ch21/lossy/qos1', ... (256 bytes))
1787780441: Sending PUBLISH to ch21bridge-3574702 (d0, q1, r0, m81, 'ch21/lossy/qos1', ... (256 bytes))
1787780441: Sending PUBACK to ESP32_000000 (m42504, rc0)
1787780441: Received PUBLISH from ESP32_000000 (d0, q1, r0, m6017, 'ch21/lossy/qos1', ... (256 bytes))
1787780441: Sending PUBLISH to ch21bridge-3574702 (d0, q1, r0, m82, 'ch21/lossy/qos1', ... (256 bytes))
1787780441: Sending PUBACK to ESP32_000000 (m6017, rc0)
1787780441: Received PUBLISH from ESP32_000000 (d0, q1, r0, m11282, 'ch21/lossy/qos1', ... (256 bytes))
1787780441: Sending PUBLISH to ch21bridge-3574702 (d0, q1, r0, m83, 'ch21/lossy/qos1', ... (256 bytes))
1787780441: Sending PUBACK to ESP32_000000 (m11282, rc0)
1787780441: Received PUBLISH from ESP32_000000 (d0, q1, r0, m4422, 'ch21/lossy/qos1', ... (256 bytes))
1787780441: Sending PUBLISH to ch21bridge-3574702 (d0, q1, r0, m84, 'ch21/lossy/qos1', ... (256 bytes))
1787780441: Sending PUBACK to ESP32_000000 (m4422, rc0)
1787780441: Received PUBACK from ch21bridge-3574702 (Mid: 74, RC:0)
1787780441: Received PUBACK from ch21bridge-3574702 (Mid: 75, RC:0)
1787780441: Received PUBACK from ch21bridge-3574702 (Mid: 76, RC:0)
1787780441: Received PUBACK from ch21bridge-3574702 (Mid: 77, RC:0)
1787780441: Received PUBACK from ch21bridge-3574702 (Mid: 78, RC:0)
1787780441: Received PUBACK from ch21bridge-3574702 (Mid: 79, RC:0)
1787780441: Received PUBACK from ch21bridge-3574702 (Mid: 80, RC:0)
1787780441: Received PUBACK from ch21bridge-3574702 (Mid: 81, RC:0)
1787780441: Received PUBACK from ch21bridge-3574702 (Mid: 82, RC:0)
1787780441: Received PUBACK from ch21bridge-3574702 (Mid: 83, RC:0)
1787780441: Received PUBACK from ch21bridge-3574702 (Mid: 84, RC:0)
1787780441: Received PUBLISH from ESP32_000000 (d0, q1, r0, m41732, 'ch21/lossy/qos1', ... (256 bytes))
1787780441: Sending PUBLISH to ch21bridge-3574702 (d0, q1, r0, m85, 'ch21/lossy/qos1', ... (256 bytes))
1787780441: Sending PUBACK to ESP32_000000 (m41732, rc0)
1787780441: Received PUBACK from ch21bridge-3574702 (Mid: 85, RC:0)
1787780442: Received PUBLISH from ESP32_000000 (d1, q1, r0, m8206, 'ch21/lossy/qos1', ... (256 bytes))
1787780442: Sending PUBLISH to ch21bridge-3574702 (d0, q1, r0, m86, 'ch21/lossy/qos1', ... (256 bytes))
1787780442: Sending PUBACK to ESP32_000000 (m8206, rc0)
1787780442: Received PUBLISH from ESP32_000000 (d0, q1, r0, m39423, 'ch21/lossy/qos1', ... (256 bytes))
1787780442: Sending PUBLISH to ch21bridge-3574702 (d0, q1, r0, m87, 'ch21/lossy/qos1', ... (256 bytes))
1787780442: Sending PUBACK to ESP32_000000 (m39423, rc0)
1787780442: Received PUBLISH from ESP32_000000 (d0, q1, r0, m61865, 'ch21/lossy/qos1', ... (256 bytes))
1787780442: Sending PUBLISH to ch21bridge-3574702 (d0, q1, r0, m88, 'ch21/lossy/qos1', ... (256 bytes))
1787780442: Sending PUBACK to ESP32_000000 (m61865, rc0)
1787780442: Received PUBLISH from ESP32_000000 (d0, q1, r0, m7853, 'ch21/lossy/qos1', ... (256 bytes))
1787780442: Sending PUBLISH to ch21bridge-3574702 (d0, q1, r0, m89, 'ch21/lossy/qos1', ... (256 bytes))
1787780442: Sending PUBACK to ESP32_000000 (m7853, rc0)
1787780442: Received PUBLISH from ESP32_000000 (d0, q1, r0, m31339, 'ch21/lossy/qos1', ... (256 bytes))
1787780442: Sending PUBLISH to ch21bridge-3574702 (d0, q1, r0, m90, 'ch21/lossy/qos1', ... (256 bytes))
1787780442: Sending PUBACK to ESP32_000000 (m31339, rc0)
1787780442: Received PUBLISH from ESP32_000000 (d0, q1, r0, m51848, 'ch21/lossy/qos1', ... (256 bytes))
1787780442: Sending PUBLISH to ch21bridge-3574702 (d0, q1, r0, m91, 'ch21/lossy/qos1', ... (256 bytes))
1787780442: Sending PUBACK to ESP32_000000 (m51848, rc0)
1787780442: Received PUBACK from ch21bridge-3574702 (Mid: 86, RC:0)
1787780442: Received PUBACK from ch21bridge-3574702 (Mid: 87, RC:0)
1787780442: Received PUBACK from ch21bridge-3574702 (Mid: 88, RC:0)
1787780442: Received PUBACK from ch21bridge-3574702 (Mid: 89, RC:0)
1787780442: Received PUBACK from ch21bridge-3574702 (Mid: 90, RC:0)
1787780442: Received PUBACK from ch21bridge-3574702 (Mid: 91, RC:0)
1787780444: Received PUBLISH from ESP32_000000 (d0, q1, r0, m13629, 'ch21/lossy/qos1', ... (256 bytes))
1787780444: Sending PUBLISH to ch21bridge-3574702 (d0, q1, r0, m92, 'ch21/lossy/qos1', ... (256 bytes))
1787780444: Sending PUBACK to ESP32_000000 (m13629, rc0)
1787780444: Received PUBLISH from ESP32_000000 (d0, q1, r0, m40108, 'ch21/lossy/qos1', ... (256 bytes))
1787780444: Sending PUBLISH to ch21bridge-3574702 (d0, q1, r0, m93, 'ch21/lossy/qos1', ... (256 bytes))
1787780444: Sending PUBACK to ESP32_000000 (m40108, rc0)
1787780444: Received PUBLISH from ESP32_000000 (d0, q1, r0, m38274, 'ch21/lossy/qos1', ... (256 bytes))
1787780444: Sending PUBLISH to ch21bridge-3574702 (d0, q1, r0, m94, 'ch21/lossy/qos1', ... (256 bytes))
1787780444: Sending PUBACK to ESP32_000000 (m38274, rc0)
1787780444: Received PUBLISH from ESP32_000000 (d0, q1, r0, m17772, 'ch21/lossy/qos1', ... (256 bytes))
1787780444: Sending PUBLISH to ch21bridge-3574702 (d0, q1, r0, m95, 'ch21/lossy/qos1', ... (256 bytes))
1787780444: Sending PUBACK to ESP32_000000 (m17772, rc0)
1787780444: Received PUBLISH from ESP32_000000 (d0, q1, r0, m8576, 'ch21/lossy/qos1', ... (256 bytes))
1787780444: Sending PUBLISH to ch21bridge-3574702 (d0, q1, r0, m96, 'ch21/lossy/qos1', ... (256 bytes))
1787780444: Sending PUBACK to ESP32_000000 (m8576, rc0)
1787780444: Received PUBLISH from ESP32_000000 (d0, q1, r0, m36970, 'ch21/lossy/qos1', ... (256 bytes))
1787780444: Sending PUBLISH to ch21bridge-3574702 (d0, q1, r0, m97, 'ch21/lossy/qos1', ... (256 bytes))
1787780444: Sending PUBACK to ESP32_000000 (m36970, rc0)
1787780444: Received PUBLISH from ESP32_000000 (d1, q1, r0, m39423, 'ch21/lossy/qos1', ... (256 bytes))
1787780444: Sending PUBLISH to ch21bridge-3574702 (d0, q1, r0, m98, 'ch21/lossy/qos1', ... (256 bytes))
1787780444: Sending PUBACK to ESP32_000000 (m39423, rc0)
1787780444: Received PUBLISH from ESP32_000000 (d0, q1, r0, m2631, 'ch21/lossy/qos1', ... (256 bytes))
1787780444: Sending PUBLISH to ch21bridge-3574702 (d0, q1, r0, m99, 'ch21/lossy/qos1', ... (256 bytes))
1787780444: Sending PUBACK to ESP32_000000 (m2631, rc0)
1787780444: Received PUBLISH from ESP32_000000 (d0, q1, r0, m46283, 'ch21/lossy/qos1', ... (256 bytes))
1787780444: Sending PUBLISH to ch21bridge-3574702 (d0, q1, r0, m100, 'ch21/lossy/qos1', ... (256 bytes))
1787780444: Sending PUBACK to ESP32_000000 (m46283, rc0)
1787780444: Received PUBLISH from ESP32_000000 (d0, q1, r0, m11558, 'ch21/lossy/qos1', ... (256 bytes))
1787780444: Sending PUBLISH to ch21bridge-3574702 (d0, q1, r0, m101, 'ch21/lossy/qos1', ... (256 bytes))
1787780444: Sending PUBACK to ESP32_000000 (m11558, rc0)
1787780444: Received PUBACK from ch21bridge-3574702 (Mid: 92, RC:0)
1787780444: Received PUBLISH from ESP32_000000 (d0, q1, r0, m18549, 'ch21/lossy/qos1', ... (256 bytes))
1787780444: Sending PUBLISH to ch21bridge-3574702 (d0, q1, r0, m102, 'ch21/lossy/qos1', ... (256 bytes))
1787780444: Sending PUBACK to ESP32_000000 (m18549, rc0)
1787780444: Received PUBACK from ch21bridge-3574702 (Mid: 93, RC:0)
1787780444: Received PUBACK from ch21bridge-3574702 (Mid: 94, RC:0)
1787780444: Received PUBACK from ch21bridge-3574702 (Mid: 95, RC:0)
1787780444: Received PUBACK from ch21bridge-3574702 (Mid: 96, RC:0)
1787780444: Received PUBACK from ch21bridge-3574702 (Mid: 97, RC:0)
1787780444: Received PUBACK from ch21bridge-3574702 (Mid: 98, RC:0)
1787780444: Received PUBACK from ch21bridge-3574702 (Mid: 99, RC:0)
1787780444: Received PUBACK from ch21bridge-3574702 (Mid: 100, RC:0)
1787780444: Received PUBACK from ch21bridge-3574702 (Mid: 101, RC:0)
1787780444: Received PUBACK from ch21bridge-3574702 (Mid: 102, RC:0)
1787780445: Received PUBLISH from ESP32_000000 (d0, q1, r0, m9780, 'ch21/lossy/qos1', ... (256 bytes))
1787780445: Sending PUBLISH to ch21bridge-3574702 (d0, q1, r0, m103, 'ch21/lossy/qos1', ... (256 bytes))
1787780445: Sending PUBACK to ESP32_000000 (m9780, rc0)
1787780445: Received PUBLISH from ESP32_000000 (d1, q1, r0, m40108, 'ch21/lossy/qos1', ... (256 bytes))
1787780445: Sending PUBLISH to ch21bridge-3574702 (d0, q1, r0, m104, 'ch21/lossy/qos1', ... (256 bytes))
1787780445: Sending PUBACK to ESP32_000000 (m40108, rc0)
1787780445: Received PUBACK from ch21bridge-3574702 (Mid: 103, RC:0)
1787780445: Received PUBACK from ch21bridge-3574702 (Mid: 104, RC:0)
1787780445: Received PUBLISH from ESP32_000000 (d0, q1, r0, m34500, 'ch21/lossy/qos1', ... (256 bytes))
1787780445: Sending PUBLISH to ch21bridge-3574702 (d0, q1, r0, m105, 'ch21/lossy/qos1', ... (256 bytes))
1787780445: Sending PUBACK to ESP32_000000 (m34500, rc0)
1787780445: Received PUBLISH from ESP32_000000 (d0, q1, r0, m35810, 'ch21/lossy/qos1', ... (256 bytes))
1787780445: Sending PUBLISH to ch21bridge-3574702 (d0, q1, r0, m106, 'ch21/lossy/qos1', ... (256 bytes))
1787780445: Sending PUBACK to ESP32_000000 (m35810, rc0)
1787780445: Received PUBLISH from ESP32_000000 (d0, q1, r0, m53563, 'ch21/lossy/qos1', ... (256 bytes))
1787780445: Sending PUBLISH to ch21bridge-3574702 (d0, q1, r0, m107, 'ch21/lossy/qos1', ... (256 bytes))
1787780445: Sending PUBACK to ESP32_000000 (m53563, rc0)
1787780445: Received PUBLISH from ESP32_000000 (d0, q1, r0, m7458, 'ch21/lossy/qos1', ... (256 bytes))
1787780445: Sending PUBLISH to ch21bridge-3574702 (d0, q1, r0, m108, 'ch21/lossy/qos1', ... (256 bytes))
1787780445: Sending PUBACK to ESP32_000000 (m7458, rc0)
1787780445: Received PUBLISH from ESP32_000000 (d0, q1, r0, m43916, 'ch21/lossy/qos1', ... (256 bytes))
1787780445: Sending PUBLISH to ch21bridge-3574702 (d0, q1, r0, m109, 'ch21/lossy/qos1', ... (256 bytes))
1787780445: Sending PUBACK to ESP32_000000 (m43916, rc0)
1787780445: Received PUBACK from ch21bridge-3574702 (Mid: 105, RC:0)
1787780445: Received PUBLISH from ESP32_000000 (d0, q1, r0, m36674, 'ch21/lossy/qos1', ... (256 bytes))
1787780445: Sending PUBLISH to ch21bridge-3574702 (d0, q1, r0, m110, 'ch21/lossy/qos1', ... (256 bytes))
1787780445: Sending PUBACK to ESP32_000000 (m36674, rc0)
1787780445: Received PUBLISH from ESP32_000000 (d0, q1, r0, m46523, 'ch21/lossy/qos1', ... (256 bytes))
1787780445: Sending PUBLISH to ch21bridge-3574702 (d0, q1, r0, m111, 'ch21/lossy/qos1', ... (256 bytes))
1787780445: Sending PUBACK to ESP32_000000 (m46523, rc0)
1787780445: Received PUBLISH from ESP32_000000 (d0, q1, r0, m17091, 'ch21/lossy/qos1', ... (256 bytes))
1787780445: Sending PUBLISH to ch21bridge-3574702 (d0, q1, r0, m112, 'ch21/lossy/qos1', ... (256 bytes))
1787780445: Sending PUBACK to ESP32_000000 (m17091, rc0)
1787780445: Received PUBLISH from ESP32_000000 (d0, q1, r0, m12543, 'ch21/lossy/qos1', ... (256 bytes))
1787780445: Sending PUBLISH to ch21bridge-3574702 (d0, q1, r0, m113, 'ch21/lossy/qos1', ... (256 bytes))
1787780445: Sending PUBACK to ESP32_000000 (m12543, rc0)
1787780445: Received PUBACK from ch21bridge-3574702 (Mid: 106, RC:0)
1787780445: Received PUBACK from ch21bridge-3574702 (Mid: 107, RC:0)
1787780445: Received PUBACK from ch21bridge-3574702 (Mid: 108, RC:0)
1787780445: Received PUBACK from ch21bridge-3574702 (Mid: 109, RC:0)
1787780445: Received PUBACK from ch21bridge-3574702 (Mid: 110, RC:0)
1787780445: Received PUBACK from ch21bridge-3574702 (Mid: 111, RC:0)
1787780445: Received PUBACK from ch21bridge-3574702 (Mid: 112, RC:0)
1787780445: Received PUBACK from ch21bridge-3574702 (Mid: 113, RC:0)
1787780445: Received PUBLISH from ESP32_000000 (d0, q1, r0, m37204, 'ch21/lossy/qos1', ... (256 bytes))
1787780445: Sending PUBLISH to ch21bridge-3574702 (d0, q1, r0, m114, 'ch21/lossy/qos1', ... (256 bytes))
1787780445: Sending PUBACK to ESP32_000000 (m37204, rc0)
1787780445: Received PUBACK from ch21bridge-3574702 (Mid: 114, RC:0)
1787780450: Received PUBLISH from ESP32_000000 (d1, q1, r0, m36970, 'ch21/lossy/qos1', ... (256 bytes))
1787780450: Sending PUBLISH to ch21bridge-3574702 (d0, q1, r0, m115, 'ch21/lossy/qos1', ... (256 bytes))
1787780450: Sending PUBACK to ESP32_000000 (m36970, rc0)
1787780450: Received PUBLISH from ESP32_000000 (d0, q1, r0, m44648, 'ch21/lossy/qos1', ... (256 bytes))
1787780450: Sending PUBLISH to ch21bridge-3574702 (d0, q1, r0, m116, 'ch21/lossy/qos1', ... (256 bytes))
1787780450: Sending PUBACK to ESP32_000000 (m44648, rc0)
1787780450: Received PUBLISH from ESP32_000000 (d0, q1, r0, m54072, 'ch21/lossy/qos1', ... (256 bytes))
1787780450: Sending PUBLISH to ch21bridge-3574702 (d0, q1, r0, m117, 'ch21/lossy/qos1', ... (256 bytes))
1787780450: Sending PUBACK to ESP32_000000 (m54072, rc0)
1787780450: Received PUBLISH from ESP32_000000 (d0, q1, r0, m35808, 'ch21/lossy/qos1', ... (256 bytes))
1787780450: Sending PUBLISH to ch21bridge-3574702 (d0, q1, r0, m118, 'ch21/lossy/qos1', ... (256 bytes))
1787780450: Sending PUBACK to ESP32_000000 (m35808, rc0)
1787780450: Received PUBLISH from ESP32_000000 (d0, q1, r0, m10086, 'ch21/lossy/qos1', ... (256 bytes))
1787780450: Sending PUBLISH to ch21bridge-3574702 (d0, q1, r0, m119, 'ch21/lossy/qos1', ... (256 bytes))
1787780450: Sending PUBACK to ESP32_000000 (m10086, rc0)
1787780450: Received PUBLISH from ESP32_000000 (d0, q1, r0, m62985, 'ch21/lossy/qos1', ... (256 bytes))
1787780450: Sending PUBLISH to ch21bridge-3574702 (d0, q1, r0, m120, 'ch21/lossy/qos1', ... (256 bytes))
1787780450: Sending PUBACK to ESP32_000000 (m62985, rc0)
1787780450: Received PUBACK from ch21bridge-3574702 (Mid: 115, RC:0)
1787780450: Received PUBACK from ch21bridge-3574702 (Mid: 116, RC:0)
1787780450: Received PUBACK from ch21bridge-3574702 (Mid: 117, RC:0)
1787780450: Received PUBACK from ch21bridge-3574702 (Mid: 118, RC:0)
1787780450: Received PUBACK from ch21bridge-3574702 (Mid: 119, RC:0)
1787780450: Received PUBACK from ch21bridge-3574702 (Mid: 120, RC:0)
1787780450: Received PUBLISH from ESP32_000000 (d0, q1, r0, m56568, 'ch21/lossy/qos1', ... (256 bytes))
1787780450: Sending PUBLISH to ch21bridge-3574702 (d0, q1, r0, m121, 'ch21/lossy/qos1', ... (256 bytes))
1787780450: Sending PUBACK to ESP32_000000 (m56568, rc0)
1787780450: Received PUBLISH from ESP32_000000 (d0, q1, r0, m4230, 'ch21/lossy/qos1', ... (256 bytes))
1787780450: Sending PUBLISH to ch21bridge-3574702 (d0, q1, r0, m122, 'ch21/lossy/qos1', ... (256 bytes))
1787780450: Sending PUBACK to ESP32_000000 (m4230, rc0)
1787780450: Received PUBLISH from ESP32_000000 (d0, q1, r0, m33032, 'ch21/lossy/qos1', ... (256 bytes))
1787780450: Sending PUBLISH to ch21bridge-3574702 (d0, q1, r0, m123, 'ch21/lossy/qos1', ... (256 bytes))
1787780450: Sending PUBACK to ESP32_000000 (m33032, rc0)
1787780450: Received PUBLISH from ESP32_000000 (d0, q1, r0, m32694, 'ch21/lossy/qos1', ... (256 bytes))
1787780450: Sending PUBLISH to ch21bridge-3574702 (d0, q1, r0, m124, 'ch21/lossy/qos1', ... (256 bytes))
1787780450: Sending PUBACK to ESP32_000000 (m32694, rc0)
1787780450: Received PUBLISH from ESP32_000000 (d0, q1, r0, m47987, 'ch21/lossy/qos1', ... (256 bytes))
1787780450: Sending PUBLISH to ch21bridge-3574702 (d0, q1, r0, m125, 'ch21/lossy/qos1', ... (256 bytes))
1787780450: Sending PUBACK to ESP32_000000 (m47987, rc0)
1787780450: Received PUBLISH from ESP32_000000 (d0, q1, r0, m55801, 'ch21/lossy/qos1', ... (256 bytes))
1787780450: Sending PUBLISH to ch21bridge-3574702 (d0, q1, r0, m126, 'ch21/lossy/qos1', ... (256 bytes))
1787780450: Sending PUBACK to ESP32_000000 (m55801, rc0)
1787780450: Received PUBACK from ch21bridge-3574702 (Mid: 121, RC:0)
1787780450: Received PUBACK from ch21bridge-3574702 (Mid: 122, RC:0)
1787780450: Received PUBACK from ch21bridge-3574702 (Mid: 123, RC:0)
1787780450: Received PUBACK from ch21bridge-3574702 (Mid: 124, RC:0)
1787780450: Received PUBACK from ch21bridge-3574702 (Mid: 125, RC:0)
1787780450: Received PUBACK from ch21bridge-3574702 (Mid: 126, RC:0)
1787780450: Received PUBLISH from ESP32_000000 (d1, q1, r0, m44648, 'ch21/lossy/qos1', ... (256 bytes))
1787780450: Sending PUBLISH to ch21bridge-3574702 (d0, q1, r0, m127, 'ch21/lossy/qos1', ... (256 bytes))
1787780450: Sending PUBACK to ESP32_000000 (m44648, rc0)
1787780450: Received PUBACK from ch21bridge-3574702 (Mid: 127, RC:0)
1787780451: Received PUBLISH from ESP32_000000 (d0, q1, r0, m31303, 'ch21/lossy/qos1', ... (256 bytes))
1787780451: Sending PUBLISH to ch21bridge-3574702 (d0, q1, r0, m128, 'ch21/lossy/qos1', ... (256 bytes))
1787780451: Sending PUBACK to ESP32_000000 (m31303, rc0)
1787780451: Received PUBLISH from ESP32_000000 (d0, q1, r0, m4254, 'ch21/lossy/qos1', ... (256 bytes))
1787780451: Sending PUBLISH to ch21bridge-3574702 (d0, q1, r0, m129, 'ch21/lossy/qos1', ... (256 bytes))
1787780451: Sending PUBACK to ESP32_000000 (m4254, rc0)
1787780451: Received PUBLISH from ESP32_000000 (d0, q1, r0, m16429, 'ch21/lossy/qos1', ... (256 bytes))
1787780451: Sending PUBLISH to ch21bridge-3574702 (d0, q1, r0, m130, 'ch21/lossy/qos1', ... (256 bytes))
1787780451: Sending PUBACK to ESP32_000000 (m16429, rc0)
1787780451: Received PUBLISH from ESP32_000000 (d0, q1, r0, m44771, 'ch21/lossy/qos1', ... (256 bytes))
1787780451: Sending PUBLISH to ch21bridge-3574702 (d0, q1, r0, m131, 'ch21/lossy/qos1', ... (256 bytes))
1787780451: Sending PUBACK to ESP32_000000 (m44771, rc0)
1787780451: Received PUBLISH from ESP32_000000 (d0, q1, r0, m16789, 'ch21/lossy/qos1', ... (256 bytes))
1787780451: Sending PUBLISH to ch21bridge-3574702 (d0, q1, r0, m132, 'ch21/lossy/qos1', ... (256 bytes))
1787780451: Sending PUBACK to ESP32_000000 (m16789, rc0)
1787780451: Received PUBLISH from ESP32_000000 (d0, q1, r0, m27421, 'ch21/lossy/qos1', ... (256 bytes))
1787780451: Sending PUBLISH to ch21bridge-3574702 (d0, q1, r0, m133, 'ch21/lossy/qos1', ... (256 bytes))
1787780451: Sending PUBACK to ESP32_000000 (m27421, rc0)
1787780451: Received PUBACK from ch21bridge-3574702 (Mid: 128, RC:0)
1787780451: Received PUBACK from ch21bridge-3574702 (Mid: 129, RC:0)
1787780451: Received PUBACK from ch21bridge-3574702 (Mid: 130, RC:0)
1787780451: Received PUBACK from ch21bridge-3574702 (Mid: 131, RC:0)
1787780451: Received PUBACK from ch21bridge-3574702 (Mid: 132, RC:0)
1787780451: Received PUBACK from ch21bridge-3574702 (Mid: 133, RC:0)
1787780451: Received PUBLISH from ESP32_000000 (d0, q1, r0, m31813, 'ch21/lossy/qos1', ... (256 bytes))
1787780451: Sending PUBLISH to ch21bridge-3574702 (d0, q1, r0, m134, 'ch21/lossy/qos1', ... (256 bytes))
1787780451: Sending PUBACK to ESP32_000000 (m31813, rc0)
1787780451: Received PUBLISH from ESP32_000000 (d0, q1, r0, m51164, 'ch21/lossy/qos1', ... (256 bytes))
1787780451: Sending PUBLISH to ch21bridge-3574702 (d0, q1, r0, m135, 'ch21/lossy/qos1', ... (256 bytes))
1787780451: Sending PUBACK to ESP32_000000 (m51164, rc0)
1787780451: Received PUBLISH from ESP32_000000 (d0, q1, r0, m15008, 'ch21/lossy/qos1', ... (256 bytes))
1787780451: Sending PUBLISH to ch21bridge-3574702 (d0, q1, r0, m136, 'ch21/lossy/qos1', ... (256 bytes))
1787780451: Sending PUBACK to ESP32_000000 (m15008, rc0)
1787780451: Received PUBLISH from ESP32_000000 (d0, q1, r0, m1831, 'ch21/lossy/qos1', ... (256 bytes))
1787780451: Sending PUBLISH to ch21bridge-3574702 (d0, q1, r0, m137, 'ch21/lossy/qos1', ... (256 bytes))
1787780451: Sending PUBACK to ESP32_000000 (m1831, rc0)
1787780451: Received PUBLISH from ESP32_000000 (d0, q1, r0, m11025, 'ch21/lossy/qos1', ... (256 bytes))
1787780451: Sending PUBLISH to ch21bridge-3574702 (d0, q1, r0, m138, 'ch21/lossy/qos1', ... (256 bytes))
1787780451: Sending PUBACK to ESP32_000000 (m11025, rc0)
1787780451: Received PUBACK from ch21bridge-3574702 (Mid: 134, RC:0)
1787780451: Received PUBACK from ch21bridge-3574702 (Mid: 135, RC:0)
1787780451: Received PUBACK from ch21bridge-3574702 (Mid: 136, RC:0)
1787780451: Received PUBACK from ch21bridge-3574702 (Mid: 137, RC:0)
1787780451: Received PUBACK from ch21bridge-3574702 (Mid: 138, RC:0)
1787780460: New connection from 127.0.0.1:58810 on port 1883.
1787780460: Client ESP32_000000 already connected, closing old connection.
1787780460: New client connected from 127.0.0.1:58810 as ESP32_000000 (p2, c1, k90).
1787780460: No will message specified.
1787780460: Sending CONNACK to ESP32_000000 (0, 0)
1787780460: Received PUBLISH from ESP32_000000 (d0, q1, r0, m6885, 'ch21/lossy/qos1', ... (256 bytes))
1787780460: Sending PUBLISH to ch21bridge-3574702 (d0, q1, r0, m139, 'ch21/lossy/qos1', ... (256 bytes))
1787780460: Sending PUBACK to ESP32_000000 (m6885, rc0)
1787780460: Received PUBACK from ch21bridge-3574702 (Mid: 139, RC:0)
1787780460: Received PUBLISH from ESP32_000000 (d0, q1, r0, m23979, 'ch21/lossy/qos1', ... (256 bytes))
1787780460: Sending PUBLISH to ch21bridge-3574702 (d0, q1, r0, m140, 'ch21/lossy/qos1', ... (256 bytes))
1787780460: Sending PUBACK to ESP32_000000 (m23979, rc0)
1787780460: Received PUBACK from ch21bridge-3574702 (Mid: 140, RC:0)
1787780460: Received PUBLISH from ESP32_000000 (d1, q1, r0, m39107, 'ch21/lossy/qos1', ... (256 bytes))
1787780460: Sending PUBLISH to ch21bridge-3574702 (d0, q1, r0, m141, 'ch21/lossy/qos1', ... (256 bytes))
1787780460: Sending PUBACK to ESP32_000000 (m39107, rc0)
1787780460: Received PUBACK from ch21bridge-3574702 (Mid: 141, RC:0)
1787780460: Received PUBLISH from ESP32_000000 (d0, q1, r0, m14196, 'ch21/lossy/qos1', ... (256 bytes))
1787780460: Sending PUBLISH to ch21bridge-3574702 (d0, q1, r0, m142, 'ch21/lossy/qos1', ... (256 bytes))
1787780460: Sending PUBACK to ESP32_000000 (m14196, rc0)
1787780460: Received PUBACK from ch21bridge-3574702 (Mid: 142, RC:0)
1787780460: Received PUBLISH from ESP32_000000 (d0, q1, r0, m62562, 'ch21/lossy/qos1', ... (256 bytes))
1787780460: Sending PUBLISH to ch21bridge-3574702 (d0, q1, r0, m143, 'ch21/lossy/qos1', ... (256 bytes))
1787780460: Sending PUBACK to ESP32_000000 (m62562, rc0)
1787780460: Received PUBACK from ch21bridge-3574702 (Mid: 143, RC:0)
1787780460: Received PUBLISH from ESP32_000000 (d0, q1, r0, m36591, 'ch21/lossy/qos1', ... (256 bytes))
1787780460: Sending PUBLISH to ch21bridge-3574702 (d0, q1, r0, m144, 'ch21/lossy/qos1', ... (256 bytes))
1787780460: Sending PUBACK to ESP32_000000 (m36591, rc0)
1787780460: Received PUBACK from ch21bridge-3574702 (Mid: 144, RC:0)
1787780460: Received PUBLISH from ESP32_000000 (d0, q1, r0, m62504, 'ch21/lossy/qos1', ... (256 bytes))
1787780460: Sending PUBLISH to ch21bridge-3574702 (d0, q1, r0, m145, 'ch21/lossy/qos1', ... (256 bytes))
1787780460: Sending PUBACK to ESP32_000000 (m62504, rc0)
1787780460: Received PUBACK from ch21bridge-3574702 (Mid: 145, RC:0)
1787780460: Received PUBLISH from ESP32_000000 (d0, q1, r0, m37224, 'ch21/lossy/qos1', ... (256 bytes))
1787780460: Sending PUBLISH to ch21bridge-3574702 (d0, q1, r0, m146, 'ch21/lossy/qos1', ... (256 bytes))
1787780460: Sending PUBACK to ESP32_000000 (m37224, rc0)
1787780460: Received PUBACK from ch21bridge-3574702 (Mid: 146, RC:0)
1787780460: Received PUBLISH from ESP32_000000 (d0, q1, r0, m43582, 'ch21/lossy/qos1', ... (256 bytes))
1787780460: Sending PUBLISH to ch21bridge-3574702 (d0, q1, r0, m147, 'ch21/lossy/qos1', ... (256 bytes))
1787780460: Sending PUBACK to ESP32_000000 (m43582, rc0)
1787780460: Received PUBACK from ch21bridge-3574702 (Mid: 147, RC:0)
1787780462: Received PUBLISH from ESP32_000000 (d0, q1, r0, m38310, 'ch21/lossy/qos1', ... (256 bytes))
1787780462: Sending PUBLISH to ch21bridge-3574702 (d0, q1, r0, m148, 'ch21/lossy/qos1', ... (256 bytes))
1787780462: Sending PUBACK to ESP32_000000 (m38310, rc0)
1787780462: Received PUBLISH from ESP32_000000 (d0, q1, r0, m34048, 'ch21/lossy/qos1', ... (256 bytes))
1787780462: Sending PUBLISH to ch21bridge-3574702 (d0, q1, r0, m149, 'ch21/lossy/qos1', ... (256 bytes))
1787780462: Sending PUBACK to ESP32_000000 (m34048, rc0)
1787780462: Received PUBLISH from ESP32_000000 (d0, q1, r0, m26486, 'ch21/lossy/qos1', ... (256 bytes))
1787780462: Sending PUBLISH to ch21bridge-3574702 (d0, q1, r0, m150, 'ch21/lossy/qos1', ... (256 bytes))
1787780462: Sending PUBACK to ESP32_000000 (m26486, rc0)
1787780462: Received PUBLISH from ESP32_000000 (d0, q1, r0, m62473, 'ch21/lossy/qos1', ... (256 bytes))
1787780462: Sending PUBLISH to ch21bridge-3574702 (d0, q1, r0, m151, 'ch21/lossy/qos1', ... (256 bytes))
1787780462: Sending PUBACK to ESP32_000000 (m62473, rc0)
1787780462: Received PUBLISH from ESP32_000000 (d0, q1, r0, m56815, 'ch21/lossy/qos1', ... (256 bytes))
1787780462: Sending PUBLISH to ch21bridge-3574702 (d0, q1, r0, m152, 'ch21/lossy/qos1', ... (256 bytes))
1787780462: Sending PUBACK to ESP32_000000 (m56815, rc0)
1787780462: Received PUBLISH from ESP32_000000 (d0, q1, r0, m62681, 'ch21/lossy/qos1', ... (256 bytes))
1787780462: Sending PUBLISH to ch21bridge-3574702 (d0, q1, r0, m153, 'ch21/lossy/qos1', ... (256 bytes))
1787780462: Sending PUBACK to ESP32_000000 (m62681, rc0)
1787780462: Received PUBACK from ch21bridge-3574702 (Mid: 148, RC:0)
1787780462: Received PUBACK from ch21bridge-3574702 (Mid: 149, RC:0)
1787780462: Received PUBACK from ch21bridge-3574702 (Mid: 150, RC:0)
1787780462: Received PUBACK from ch21bridge-3574702 (Mid: 151, RC:0)
1787780462: Received PUBACK from ch21bridge-3574702 (Mid: 152, RC:0)
1787780462: Received PUBACK from ch21bridge-3574702 (Mid: 153, RC:0)
1787780462: Received PUBLISH from ESP32_000000 (d0, q1, r0, m58255, 'ch21/lossy/qos1', ... (256 bytes))
1787780462: Sending PUBLISH to ch21bridge-3574702 (d0, q1, r0, m154, 'ch21/lossy/qos1', ... (256 bytes))
1787780462: Sending PUBACK to ESP32_000000 (m58255, rc0)
1787780462: Received PUBLISH from ESP32_000000 (d0, q1, r0, m45531, 'ch21/lossy/qos1', ... (256 bytes))
1787780462: Sending PUBLISH to ch21bridge-3574702 (d0, q1, r0, m155, 'ch21/lossy/qos1', ... (256 bytes))
1787780462: Sending PUBACK to ESP32_000000 (m45531, rc0)
1787780462: Received PUBLISH from ESP32_000000 (d0, q1, r0, m65447, 'ch21/lossy/qos1', ... (256 bytes))
1787780462: Sending PUBLISH to ch21bridge-3574702 (d0, q1, r0, m156, 'ch21/lossy/qos1', ... (256 bytes))
1787780462: Sending PUBACK to ESP32_000000 (m65447, rc0)
1787780462: Received PUBLISH from ESP32_000000 (d0, q1, r0, m23883, 'ch21/lossy/qos1', ... (256 bytes))
1787780462: Sending PUBLISH to ch21bridge-3574702 (d0, q1, r0, m157, 'ch21/lossy/qos1', ... (256 bytes))
1787780462: Sending PUBACK to ESP32_000000 (m23883, rc0)
1787780462: Received PUBLISH from ESP32_000000 (d0, q1, r0, m44606, 'ch21/lossy/qos1', ... (256 bytes))
1787780462: Sending PUBLISH to ch21bridge-3574702 (d0, q1, r0, m158, 'ch21/lossy/qos1', ... (256 bytes))
1787780462: Sending PUBACK to ESP32_000000 (m44606, rc0)
1787780462: Received PUBACK from ch21bridge-3574702 (Mid: 154, RC:0)
1787780462: Received PUBACK from ch21bridge-3574702 (Mid: 155, RC:0)
1787780462: Received PUBACK from ch21bridge-3574702 (Mid: 156, RC:0)
1787780462: Received PUBACK from ch21bridge-3574702 (Mid: 157, RC:0)
1787780462: Received PUBACK from ch21bridge-3574702 (Mid: 158, RC:0)
1787780462: Received PUBLISH from ESP32_000000 (d0, q1, r0, m8740, 'ch21/lossy/qos1', ... (256 bytes))
1787780462: Sending PUBLISH to ch21bridge-3574702 (d0, q1, r0, m159, 'ch21/lossy/qos1', ... (256 bytes))
1787780462: Sending PUBACK to ESP32_000000 (m8740, rc0)
1787780462: Received PUBACK from ch21bridge-3574702 (Mid: 159, RC:0)
1787780463: Received PUBLISH from ESP32_000000 (d1, q1, r0, m10034, 'ch21/lossy/qos1', ... (256 bytes))
1787780463: Sending PUBLISH to ch21bridge-3574702 (d0, q1, r0, m160, 'ch21/lossy/qos1', ... (256 bytes))
1787780463: Sending PUBACK to ESP32_000000 (m10034, rc0)
1787780463: Received PUBLISH from ESP32_000000 (d0, q1, r0, m11763, 'ch21/lossy/qos1', ... (256 bytes))
1787780463: Sending PUBLISH to ch21bridge-3574702 (d0, q1, r0, m161, 'ch21/lossy/qos1', ... (256 bytes))
1787780463: Sending PUBACK to ESP32_000000 (m11763, rc0)
1787780463: Received PUBLISH from ESP32_000000 (d0, q1, r0, m5156, 'ch21/lossy/qos1', ... (256 bytes))
1787780463: Sending PUBLISH to ch21bridge-3574702 (d0, q1, r0, m162, 'ch21/lossy/qos1', ... (256 bytes))
1787780463: Sending PUBACK to ESP32_000000 (m5156, rc0)
1787780463: Received PUBLISH from ESP32_000000 (d0, q1, r0, m19620, 'ch21/lossy/qos1', ... (256 bytes))
1787780463: Sending PUBLISH to ch21bridge-3574702 (d0, q1, r0, m163, 'ch21/lossy/qos1', ... (256 bytes))
1787780463: Sending PUBACK to ESP32_000000 (m19620, rc0)
1787780463: Received PUBLISH from ESP32_000000 (d0, q1, r0, m54292, 'ch21/lossy/qos1', ... (256 bytes))
1787780463: Sending PUBLISH to ch21bridge-3574702 (d0, q1, r0, m164, 'ch21/lossy/qos1', ... (256 bytes))
1787780463: Sending PUBACK to ESP32_000000 (m54292, rc0)
1787780463: Received PUBLISH from ESP32_000000 (d0, q1, r0, m33678, 'ch21/lossy/qos1', ... (256 bytes))
1787780463: Sending PUBLISH to ch21bridge-3574702 (d0, q1, r0, m165, 'ch21/lossy/qos1', ... (256 bytes))
1787780463: Sending PUBACK to ESP32_000000 (m33678, rc0)
1787780463: Received PUBACK from ch21bridge-3574702 (Mid: 160, RC:0)
1787780463: Received PUBACK from ch21bridge-3574702 (Mid: 161, RC:0)
1787780463: Received PUBACK from ch21bridge-3574702 (Mid: 162, RC:0)
1787780463: Received PUBACK from ch21bridge-3574702 (Mid: 163, RC:0)
1787780463: Received PUBACK from ch21bridge-3574702 (Mid: 164, RC:0)
1787780463: Received PUBACK from ch21bridge-3574702 (Mid: 165, RC:0)
1787780465: Received PUBLISH from ESP32_000000 (d0, q1, r0, m45571, 'ch21/lossy/qos1', ... (256 bytes))
1787780465: Sending PUBLISH to ch21bridge-3574702 (d0, q1, r0, m166, 'ch21/lossy/qos1', ... (256 bytes))
1787780465: Sending PUBACK to ESP32_000000 (m45571, rc0)
1787780465: Received PUBLISH from ESP32_000000 (d0, q1, r0, m13676, 'ch21/lossy/qos1', ... (256 bytes))
1787780465: Sending PUBLISH to ch21bridge-3574702 (d0, q1, r0, m167, 'ch21/lossy/qos1', ... (256 bytes))
1787780465: Sending PUBACK to ESP32_000000 (m13676, rc0)
1787780465: Received PUBLISH from ESP32_000000 (d0, q1, r0, m25836, 'ch21/lossy/qos1', ... (256 bytes))
1787780465: Sending PUBLISH to ch21bridge-3574702 (d0, q1, r0, m168, 'ch21/lossy/qos1', ... (256 bytes))
1787780465: Sending PUBACK to ESP32_000000 (m25836, rc0)
1787780465: Received PUBLISH from ESP32_000000 (d0, q1, r0, m33457, 'ch21/lossy/qos1', ... (256 bytes))
1787780465: Sending PUBLISH to ch21bridge-3574702 (d0, q1, r0, m169, 'ch21/lossy/qos1', ... (256 bytes))
1787780465: Sending PUBACK to ESP32_000000 (m33457, rc0)
1787780465: Received PUBLISH from ESP32_000000 (d0, q1, r0, m43488, 'ch21/lossy/qos1', ... (256 bytes))
1787780465: Sending PUBLISH to ch21bridge-3574702 (d0, q1, r0, m170, 'ch21/lossy/qos1', ... (256 bytes))
1787780465: Sending PUBACK to ESP32_000000 (m43488, rc0)
1787780465: Received PUBLISH from ESP32_000000 (d0, q1, r0, m41443, 'ch21/lossy/qos1', ... (256 bytes))
1787780465: Sending PUBLISH to ch21bridge-3574702 (d0, q1, r0, m171, 'ch21/lossy/qos1', ... (256 bytes))
1787780465: Sending PUBACK to ESP32_000000 (m41443, rc0)
1787780465: Received PUBLISH from ESP32_000000 (d1, q1, r0, m43385, 'ch21/lossy/qos1', ... (256 bytes))
1787780465: Sending PUBLISH to ch21bridge-3574702 (d0, q1, r0, m172, 'ch21/lossy/qos1', ... (256 bytes))
1787780465: Sending PUBACK to ESP32_000000 (m43385, rc0)
1787780465: Received PUBLISH from ESP32_000000 (d0, q1, r0, m48546, 'ch21/lossy/qos1', ... (256 bytes))
1787780465: Sending PUBLISH to ch21bridge-3574702 (d0, q1, r0, m173, 'ch21/lossy/qos1', ... (256 bytes))
1787780465: Sending PUBACK to ESP32_000000 (m48546, rc0)
1787780465: Received PUBLISH from ESP32_000000 (d0, q1, r0, m8849, 'ch21/lossy/qos1', ... (256 bytes))
1787780465: Sending PUBLISH to ch21bridge-3574702 (d0, q1, r0, m174, 'ch21/lossy/qos1', ... (256 bytes))
1787780465: Sending PUBACK to ESP32_000000 (m8849, rc0)
1787780465: Received PUBLISH from ESP32_000000 (d0, q1, r0, m8136, 'ch21/lossy/qos1', ... (256 bytes))
1787780465: Sending PUBLISH to ch21bridge-3574702 (d0, q1, r0, m175, 'ch21/lossy/qos1', ... (256 bytes))
1787780465: Sending PUBACK to ESP32_000000 (m8136, rc0)
1787780465: Received PUBACK from ch21bridge-3574702 (Mid: 166, RC:0)
1787780465: Received PUBACK from ch21bridge-3574702 (Mid: 167, RC:0)
1787780465: Received PUBACK from ch21bridge-3574702 (Mid: 168, RC:0)
1787780465: Received PUBACK from ch21bridge-3574702 (Mid: 169, RC:0)
1787780465: Received PUBACK from ch21bridge-3574702 (Mid: 170, RC:0)
1787780465: Received PUBACK from ch21bridge-3574702 (Mid: 171, RC:0)
1787780465: Received PUBACK from ch21bridge-3574702 (Mid: 172, RC:0)
1787780465: Received PUBACK from ch21bridge-3574702 (Mid: 173, RC:0)
1787780465: Received PUBACK from ch21bridge-3574702 (Mid: 174, RC:0)
1787780465: Received PUBACK from ch21bridge-3574702 (Mid: 175, RC:0)
1787780465: Received PUBLISH from ESP32_000000 (d0, q1, r0, m604, 'ch21/lossy/qos1', ... (256 bytes))
1787780465: Sending PUBLISH to ch21bridge-3574702 (d0, q1, r0, m176, 'ch21/lossy/qos1', ... (256 bytes))
1787780465: Sending PUBACK to ESP32_000000 (m604, rc0)
1787780465: Received PUBACK from ch21bridge-3574702 (Mid: 176, RC:0)
1787780465: Received PUBLISH from ESP32_000000 (d0, q1, r0, m15282, 'ch21/lossy/qos1', ... (256 bytes))
1787780465: Sending PUBLISH to ch21bridge-3574702 (d0, q1, r0, m177, 'ch21/lossy/qos1', ... (256 bytes))
1787780465: Sending PUBACK to ESP32_000000 (m15282, rc0)
1787780465: Received PUBACK from ch21bridge-3574702 (Mid: 177, RC:0)
1787780465: Received PUBLISH from ESP32_000000 (d1, q1, r0, m43385, 'ch21/lossy/qos1', ... (256 bytes))
1787780465: Sending PUBLISH to ch21bridge-3574702 (d0, q1, r0, m178, 'ch21/lossy/qos1', ... (256 bytes))
1787780465: Sending PUBACK to ESP32_000000 (m43385, rc0)
1787780465: Received PUBACK from ch21bridge-3574702 (Mid: 178, RC:0)
1787780465: Received PUBLISH from ESP32_000000 (d0, q1, r0, m10389, 'ch21/lossy/qos1', ... (256 bytes))
1787780465: Sending PUBLISH to ch21bridge-3574702 (d0, q1, r0, m179, 'ch21/lossy/qos1', ... (256 bytes))
1787780465: Sending PUBACK to ESP32_000000 (m10389, rc0)
1787780465: Received PUBACK from ch21bridge-3574702 (Mid: 179, RC:0)
1787780465: Received PUBLISH from ESP32_000000 (d0, q1, r0, m46180, 'ch21/lossy/qos1', ... (256 bytes))
1787780465: Sending PUBLISH to ch21bridge-3574702 (d0, q1, r0, m180, 'ch21/lossy/qos1', ... (256 bytes))
1787780465: Sending PUBACK to ESP32_000000 (m46180, rc0)
1787780465: Received PUBACK from ch21bridge-3574702 (Mid: 180, RC:0)
1787780465: Received PUBLISH from ESP32_000000 (d0, q1, r0, m8183, 'ch21/lossy/qos1', ... (256 bytes))
1787780465: Sending PUBLISH to ch21bridge-3574702 (d0, q1, r0, m181, 'ch21/lossy/qos1', ... (256 bytes))
1787780465: Sending PUBACK to ESP32_000000 (m8183, rc0)
1787780465: Received PUBACK from ch21bridge-3574702 (Mid: 181, RC:0)
1787780465: Received PUBLISH from ESP32_000000 (d0, q1, r0, m47390, 'ch21/lossy/qos1', ... (256 bytes))
1787780465: Sending PUBLISH to ch21bridge-3574702 (d0, q1, r0, m182, 'ch21/lossy/qos1', ... (256 bytes))
1787780465: Sending PUBACK to ESP32_000000 (m47390, rc0)
1787780465: Received PUBACK from ch21bridge-3574702 (Mid: 182, RC:0)
1787780465: Received PUBLISH from ESP32_000000 (d0, q1, r0, m4065, 'ch21/lossy/qos1', ... (256 bytes))
1787780465: Sending PUBLISH to ch21bridge-3574702 (d0, q1, r0, m183, 'ch21/lossy/qos1', ... (256 bytes))
1787780465: Sending PUBACK to ESP32_000000 (m4065, rc0)
1787780465: Received PUBACK from ch21bridge-3574702 (Mid: 183, RC:0)
1787780465: Received PUBLISH from ESP32_000000 (d0, q1, r0, m10935, 'ch21/lossy/qos1', ... (256 bytes))
1787780465: Sending PUBLISH to ch21bridge-3574702 (d0, q1, r0, m184, 'ch21/lossy/qos1', ... (256 bytes))
1787780465: Sending PUBACK to ESP32_000000 (m10935, rc0)
1787780465: Received PUBACK from ch21bridge-3574702 (Mid: 184, RC:0)
1787780465: Received PUBLISH from ESP32_000000 (d0, q1, r0, m12313, 'ch21/lossy/qos1', ... (256 bytes))
1787780465: Sending PUBLISH to ch21bridge-3574702 (d0, q1, r0, m185, 'ch21/lossy/qos1', ... (256 bytes))
1787780465: Sending PUBACK to ESP32_000000 (m12313, rc0)
1787780465: Received PUBACK from ch21bridge-3574702 (Mid: 185, RC:0)
1787780466: Received PUBLISH from ESP32_000000 (d0, q1, r0, m2542, 'ch21/lossy/qos1', ... (256 bytes))
1787780466: Sending PUBLISH to ch21bridge-3574702 (d0, q1, r0, m186, 'ch21/lossy/qos1', ... (256 bytes))
1787780466: Sending PUBACK to ESP32_000000 (m2542, rc0)
1787780466: Received PUBLISH from ESP32_000000 (d0, q1, r0, m11367, 'ch21/lossy/qos1', ... (256 bytes))
1787780466: Sending PUBLISH to ch21bridge-3574702 (d0, q1, r0, m187, 'ch21/lossy/qos1', ... (256 bytes))
1787780466: Sending PUBACK to ESP32_000000 (m11367, rc0)
1787780466: Received PUBLISH from ESP32_000000 (d0, q1, r0, m28557, 'ch21/lossy/qos1', ... (256 bytes))
1787780466: Sending PUBLISH to ch21bridge-3574702 (d0, q1, r0, m188, 'ch21/lossy/qos1', ... (256 bytes))
1787780466: Sending PUBACK to ESP32_000000 (m28557, rc0)
1787780466: Received PUBLISH from ESP32_000000 (d0, q1, r0, m36619, 'ch21/lossy/qos1', ... (256 bytes))
1787780466: Sending PUBLISH to ch21bridge-3574702 (d0, q1, r0, m189, 'ch21/lossy/qos1', ... (256 bytes))
1787780466: Sending PUBACK to ESP32_000000 (m36619, rc0)
1787780466: Received PUBLISH from ESP32_000000 (d0, q1, r0, m64808, 'ch21/lossy/qos1', ... (256 bytes))
1787780466: Sending PUBLISH to ch21bridge-3574702 (d0, q1, r0, m190, 'ch21/lossy/qos1', ... (256 bytes))
1787780466: Sending PUBACK to ESP32_000000 (m64808, rc0)
1787780466: Received PUBLISH from ESP32_000000 (d0, q1, r0, m33905, 'ch21/lossy/qos1', ... (256 bytes))
1787780466: Sending PUBLISH to ch21bridge-3574702 (d0, q1, r0, m191, 'ch21/lossy/qos1', ... (256 bytes))
1787780466: Sending PUBACK to ESP32_000000 (m33905, rc0)
1787780466: Received PUBLISH from ESP32_000000 (d0, q1, r0, m33315, 'ch21/lossy/qos1', ... (256 bytes))
1787780466: Sending PUBLISH to ch21bridge-3574702 (d0, q1, r0, m192, 'ch21/lossy/qos1', ... (256 bytes))
1787780466: Sending PUBACK to ESP32_000000 (m33315, rc0)
1787780466: Received PUBLISH from ESP32_000000 (d0, q1, r0, m57869, 'ch21/lossy/qos1', ... (256 bytes))
1787780466: Sending PUBLISH to ch21bridge-3574702 (d0, q1, r0, m193, 'ch21/lossy/qos1', ... (256 bytes))
1787780466: Sending PUBACK to ESP32_000000 (m57869, rc0)
1787780466: Received PUBLISH from ESP32_000000 (d0, q1, r0, m59267, 'ch21/lossy/qos1', ... (256 bytes))
1787780466: Sending PUBLISH to ch21bridge-3574702 (d0, q1, r0, m194, 'ch21/lossy/qos1', ... (256 bytes))
1787780466: Sending PUBACK to ESP32_000000 (m59267, rc0)
1787780466: Received PUBLISH from ESP32_000000 (d0, q1, r0, m5412, 'ch21/lossy/qos1', ... (256 bytes))
1787780466: Sending PUBLISH to ch21bridge-3574702 (d0, q1, r0, m195, 'ch21/lossy/qos1', ... (256 bytes))
1787780466: Sending PUBACK to ESP32_000000 (m5412, rc0)
1787780466: Received PUBLISH from ESP32_000000 (d0, q1, r0, m61415, 'ch21/lossy/qos1', ... (256 bytes))
1787780466: Sending PUBLISH to ch21bridge-3574702 (d0, q1, r0, m196, 'ch21/lossy/qos1', ... (256 bytes))
1787780466: Sending PUBACK to ESP32_000000 (m61415, rc0)
1787780466: Received PUBLISH from ESP32_000000 (d0, q1, r0, m6434, 'ch21/lossy/qos1', ... (256 bytes))
1787780466: Sending PUBLISH to ch21bridge-3574702 (d0, q1, r0, m197, 'ch21/lossy/qos1', ... (256 bytes))
1787780466: Sending PUBACK to ESP32_000000 (m6434, rc0)
1787780466: Received PUBACK from ch21bridge-3574702 (Mid: 186, RC:0)
1787780466: Received PUBACK from ch21bridge-3574702 (Mid: 187, RC:0)
1787780466: Received PUBACK from ch21bridge-3574702 (Mid: 188, RC:0)
1787780466: Received PUBACK from ch21bridge-3574702 (Mid: 189, RC:0)
1787780466: Received PUBACK from ch21bridge-3574702 (Mid: 190, RC:0)
1787780466: Received PUBACK from ch21bridge-3574702 (Mid: 191, RC:0)
1787780466: Received PUBACK from ch21bridge-3574702 (Mid: 192, RC:0)
1787780466: Received PUBACK from ch21bridge-3574702 (Mid: 193, RC:0)
1787780466: Received PUBACK from ch21bridge-3574702 (Mid: 194, RC:0)
1787780466: Received PUBACK from ch21bridge-3574702 (Mid: 195, RC:0)
1787780466: Received PUBACK from ch21bridge-3574702 (Mid: 196, RC:0)
1787780466: Received PUBACK from ch21bridge-3574702 (Mid: 197, RC:0)
1787780468: Received PUBLISH from ESP32_000000 (d1, q1, r0, m51588, 'ch21/lossy/qos1', ... (256 bytes))
1787780468: Sending PUBLISH to ch21bridge-3574702 (d0, q1, r0, m198, 'ch21/lossy/qos1', ... (256 bytes))
1787780468: Sending PUBACK to ESP32_000000 (m51588, rc0)
1787780468: Received PUBLISH from ESP32_000000 (d0, q1, r0, m44356, 'ch21/lossy/qos1', ... (256 bytes))
1787780468: Sending PUBLISH to ch21bridge-3574702 (d0, q1, r0, m199, 'ch21/lossy/qos1', ... (256 bytes))
1787780468: Sending PUBACK to ESP32_000000 (m44356, rc0)
1787780468: Received PUBLISH from ESP32_000000 (d0, q1, r0, m4458, 'ch21/lossy/qos1', ... (256 bytes))
1787780468: Sending PUBLISH to ch21bridge-3574702 (d0, q1, r0, m200, 'ch21/lossy/qos1', ... (256 bytes))
1787780468: Sending PUBACK to ESP32_000000 (m4458, rc0)
1787780468: Received PUBLISH from ESP32_000000 (d0, q1, r0, m28595, 'ch21/lossy/qos1', ... (256 bytes))
1787780468: Sending PUBLISH to ch21bridge-3574702 (d0, q1, r0, m201, 'ch21/lossy/qos1', ... (256 bytes))
1787780468: Sending PUBACK to ESP32_000000 (m28595, rc0)
1787780468: Received PUBLISH from ESP32_000000 (d0, q1, r0, m13998, 'ch21/lossy/qos1', ... (256 bytes))
1787780468: Sending PUBLISH to ch21bridge-3574702 (d0, q1, r0, m202, 'ch21/lossy/qos1', ... (256 bytes))
1787780468: Sending PUBACK to ESP32_000000 (m13998, rc0)
1787780468: Received PUBLISH from ESP32_000000 (d0, q1, r0, m35292, 'ch21/lossy/qos1', ... (256 bytes))
1787780468: Sending PUBLISH to ch21bridge-3574702 (d0, q1, r0, m203, 'ch21/lossy/qos1', ... (256 bytes))
1787780468: Sending PUBACK to ESP32_000000 (m35292, rc0)
1787780468: Received PUBACK from ch21bridge-3574702 (Mid: 198, RC:0)
1787780468: Received PUBACK from ch21bridge-3574702 (Mid: 199, RC:0)
1787780468: Received PUBACK from ch21bridge-3574702 (Mid: 200, RC:0)
1787780468: Received PUBACK from ch21bridge-3574702 (Mid: 201, RC:0)
1787780468: Received PUBLISH from ESP32_000000 (d0, q1, r0, m27089, 'ch21/lossy/qos1', ... (256 bytes))
1787780468: Sending PUBLISH to ch21bridge-3574702 (d0, q1, r0, m204, 'ch21/lossy/qos1', ... (256 bytes))
1787780468: Sending PUBACK to ESP32_000000 (m27089, rc0)
1787780468: Received PUBACK from ch21bridge-3574702 (Mid: 202, RC:0)
1787780468: Received PUBLISH from ESP32_000000 (d0, q1, r0, m22110, 'ch21/lossy/qos1', ... (256 bytes))
1787780468: Sending PUBLISH to ch21bridge-3574702 (d0, q1, r0, m205, 'ch21/lossy/qos1', ... (256 bytes))
1787780468: Sending PUBACK to ESP32_000000 (m22110, rc0)
1787780468: Received PUBACK from ch21bridge-3574702 (Mid: 203, RC:0)
1787780468: Received PUBLISH from ESP32_000000 (d0, q1, r0, m1290, 'ch21/lossy/qos1', ... (256 bytes))
1787780468: Sending PUBLISH to ch21bridge-3574702 (d0, q1, r0, m206, 'ch21/lossy/qos1', ... (256 bytes))
1787780468: Sending PUBACK to ESP32_000000 (m1290, rc0)
1787780468: Received PUBLISH from ESP32_000000 (d0, q1, r0, m42379, 'ch21/lossy/qos1', ... (256 bytes))
1787780468: Sending PUBLISH to ch21bridge-3574702 (d0, q1, r0, m207, 'ch21/lossy/qos1', ... (256 bytes))
1787780468: Sending PUBACK to ESP32_000000 (m42379, rc0)
1787780468: Received PUBLISH from ESP32_000000 (d0, q1, r0, m16189, 'ch21/lossy/qos1', ... (256 bytes))
1787780468: Sending PUBLISH to ch21bridge-3574702 (d0, q1, r0, m208, 'ch21/lossy/qos1', ... (256 bytes))
1787780468: Sending PUBACK to ESP32_000000 (m16189, rc0)
1787780468: Received PUBACK from ch21bridge-3574702 (Mid: 204, RC:0)
1787780468: Received PUBACK from ch21bridge-3574702 (Mid: 205, RC:0)
1787780468: Received PUBACK from ch21bridge-3574702 (Mid: 206, RC:0)
1787780468: Received PUBACK from ch21bridge-3574702 (Mid: 207, RC:0)
1787780468: Received PUBACK from ch21bridge-3574702 (Mid: 208, RC:0)
1787780468: Received PUBLISH from ESP32_000000 (d1, q1, r0, m51588, 'ch21/lossy/qos1', ... (256 bytes))
1787780468: Sending PUBLISH to ch21bridge-3574702 (d0, q1, r0, m209, 'ch21/lossy/qos1', ... (256 bytes))
1787780468: Sending PUBACK to ESP32_000000 (m51588, rc0)
1787780468: Received PUBACK from ch21bridge-3574702 (Mid: 209, RC:0)
1787780469: Received PUBLISH from ESP32_000000 (d1, q1, r0, m16787, 'ch21/lossy/qos1', ... (256 bytes))
1787780469: Sending PUBLISH to ch21bridge-3574702 (d0, q1, r0, m210, 'ch21/lossy/qos1', ... (256 bytes))
1787780469: Sending PUBACK to ESP32_000000 (m16787, rc0)
1787780469: Received PUBACK from ch21bridge-3574702 (Mid: 210, RC:0)
1787780470: Received PUBLISH from ESP32_000000 (d1, q1, r0, m52216, 'ch21/lossy/qos1', ... (256 bytes))
1787780470: Sending PUBLISH to ch21bridge-3574702 (d0, q1, r0, m211, 'ch21/lossy/qos1', ... (256 bytes))
1787780470: Sending PUBACK to ESP32_000000 (m52216, rc0)
1787780470: Received PUBACK from ch21bridge-3574702 (Mid: 211, RC:0)
1787780471: Received PUBLISH from ESP32_000000 (d1, q1, r0, m4325, 'ch21/lossy/qos1', ... (256 bytes))
1787780471: Sending PUBLISH to ch21bridge-3574702 (d0, q1, r0, m212, 'ch21/lossy/qos1', ... (256 bytes))
1787780471: Sending PUBACK to ESP32_000000 (m4325, rc0)
1787780471: Received PUBACK from ch21bridge-3574702 (Mid: 212, RC:0)
1787780473: Received PUBLISH from ESP32_000000 (d1, q1, r0, m44049, 'ch21/lossy/qos1', ... (256 bytes))
1787780473: Sending PUBLISH to ch21bridge-3574702 (d0, q1, r0, m213, 'ch21/lossy/qos1', ... (256 bytes))
1787780473: Sending PUBACK to ESP32_000000 (m44049, rc0)
1787780473: Received PUBACK from ch21bridge-3574702 (Mid: 213, RC:0)
1787780473: Received PUBLISH from ESP32_000000 (d1, q1, r0, m44049, 'ch21/lossy/qos1', ... (256 bytes))
1787780473: Sending PUBLISH to ch21bridge-3574702 (d0, q1, r0, m214, 'ch21/lossy/qos1', ... (256 bytes))
1787780473: Sending PUBACK to ESP32_000000 (m44049, rc0)
1787780473: Received PUBACK from ch21bridge-3574702 (Mid: 214, RC:0)
1787780476: Received PUBLISH from ESP32_000000 (d1, q1, r0, m14174, 'ch21/lossy/qos1', ... (256 bytes))
1787780476: Sending PUBLISH to ch21bridge-3574702 (d0, q1, r0, m215, 'ch21/lossy/qos1', ... (256 bytes))
1787780476: Sending PUBACK to ESP32_000000 (m14174, rc0)
1787780476: Received PUBLISH from ESP32_000000 (d1, q1, r0, m14174, 'ch21/lossy/qos1', ... (256 bytes))
1787780476: Sending PUBLISH to ch21bridge-3574702 (d0, q1, r0, m216, 'ch21/lossy/qos1', ... (256 bytes))
1787780476: Sending PUBACK to ESP32_000000 (m14174, rc0)
1787780476: Received PUBACK from ch21bridge-3574702 (Mid: 215, RC:0)
1787780476: Received PUBACK from ch21bridge-3574702 (Mid: 216, RC:0)
1787780477: Received PUBLISH from ESP32_000000 (d1, q1, r0, m24407, 'ch21/lossy/qos1', ... (256 bytes))
1787780477: Sending PUBLISH to ch21bridge-3574702 (d0, q1, r0, m217, 'ch21/lossy/qos1', ... (256 bytes))
1787780477: Sending PUBACK to ESP32_000000 (m24407, rc0)
1787780477: Received PUBACK from ch21bridge-3574702 (Mid: 217, RC:0)
1787780488: Received DISCONNECT from ESP32_000000
1787780488: Client ESP32_000000 disconnected.
1787780491: New connection from 127.0.0.1:33858 on port 1883.
1787780491: New client connected from 127.0.0.1:33858 as ESP32_000000 (p2, c1, k5).
1787780491: No will message specified.
1787780491: Sending CONNACK to ESP32_000000 (0, 0)
1787780491: Received PUBLISH from ESP32_000000 (d0, q0, r0, m0, 'ch21/lossy/qos0', ... (256 bytes))
1787780491: Sending PUBLISH to ch21bridge-3574702 (d0, q0, r0, m0, 'ch21/lossy/qos0', ... (256 bytes))
1787780493: Received PUBLISH from ESP32_000000 (d0, q0, r0, m0, 'ch21/lossy/qos0', ... (256 bytes))
1787780493: Sending PUBLISH to ch21bridge-3574702 (d0, q0, r0, m0, 'ch21/lossy/qos0', ... (256 bytes))
1787780493: Received PUBLISH from ESP32_000000 (d0, q0, r0, m0, 'ch21/lossy/qos0', ... (256 bytes))
1787780493: Sending PUBLISH to ch21bridge-3574702 (d0, q0, r0, m0, 'ch21/lossy/qos0', ... (256 bytes))
1787780493: Received PUBLISH from ESP32_000000 (d0, q0, r0, m0, 'ch21/lossy/qos0', ... (256 bytes))
1787780493: Sending PUBLISH to ch21bridge-3574702 (d0, q0, r0, m0, 'ch21/lossy/qos0', ... (256 bytes))
1787780493: Received PUBLISH from ESP32_000000 (d0, q0, r0, m0, 'ch21/lossy/qos0', ... (256 bytes))
1787780493: Sending PUBLISH to ch21bridge-3574702 (d0, q0, r0, m0, 'ch21/lossy/qos0', ... (256 bytes))
1787780493: Received PUBLISH from ESP32_000000 (d0, q0, r0, m0, 'ch21/lossy/qos0', ... (256 bytes))
1787780493: Sending PUBLISH to ch21bridge-3574702 (d0, q0, r0, m0, 'ch21/lossy/qos0', ... (256 bytes))
1787780493: Received PUBLISH from ESP32_000000 (d0, q0, r0, m0, 'ch21/lossy/qos0', ... (256 bytes))
1787780493: Sending PUBLISH to ch21bridge-3574702 (d0, q0, r0, m0, 'ch21/lossy/qos0', ... (256 bytes))
1787780493: Received PUBLISH from ESP32_000000 (d0, q0, r0, m0, 'ch21/lossy/qos0', ... (256 bytes))
1787780493: Sending PUBLISH to ch21bridge-3574702 (d0, q0, r0, m0, 'ch21/lossy/qos0', ... (256 bytes))
1787780493: Received PUBLISH from ESP32_000000 (d0, q0, r0, m0, 'ch21/lossy/qos0', ... (256 bytes))
1787780493: Sending PUBLISH to ch21bridge-3574702 (d0, q0, r0, m0, 'ch21/lossy/qos0', ... (256 bytes))
1787780493: Received PUBLISH from ESP32_000000 (d0, q0, r0, m0, 'ch21/lossy/qos0', ... (256 bytes))
1787780493: Sending PUBLISH to ch21bridge-3574702 (d0, q0, r0, m0, 'ch21/lossy/qos0', ... (256 bytes))
1787780493: Received PUBLISH from ESP32_000000 (d0, q0, r0, m0, 'ch21/lossy/qos0', ... (256 bytes))
1787780493: Sending PUBLISH to ch21bridge-3574702 (d0, q0, r0, m0, 'ch21/lossy/qos0', ... (256 bytes))
1787780493: Received PUBLISH from ESP32_000000 (d0, q0, r0, m0, 'ch21/lossy/qos0', ... (256 bytes))
1787780493: Sending PUBLISH to ch21bridge-3574702 (d0, q0, r0, m0, 'ch21/lossy/qos0', ... (256 bytes))
1787780493: Received PUBLISH from ESP32_000000 (d0, q0, r0, m0, 'ch21/lossy/qos0', ... (256 bytes))
1787780493: Sending PUBLISH to ch21bridge-3574702 (d0, q0, r0, m0, 'ch21/lossy/qos0', ... (256 bytes))
1787780493: Received PUBLISH from ESP32_000000 (d0, q0, r0, m0, 'ch21/lossy/qos0', ... (256 bytes))
1787780493: Sending PUBLISH to ch21bridge-3574702 (d0, q0, r0, m0, 'ch21/lossy/qos0', ... (256 bytes))
1787780493: Received PUBLISH from ESP32_000000 (d0, q0, r0, m0, 'ch21/lossy/qos0', ... (256 bytes))
1787780493: Sending PUBLISH to ch21bridge-3574702 (d0, q0, r0, m0, 'ch21/lossy/qos0', ... (256 bytes))
1787780493: Received PUBLISH from ESP32_000000 (d0, q0, r0, m0, 'ch21/lossy/qos0', ... (256 bytes))
1787780493: Sending PUBLISH to ch21bridge-3574702 (d0, q0, r0, m0, 'ch21/lossy/qos0', ... (256 bytes))
1787780493: Received PUBLISH from ESP32_000000 (d0, q0, r0, m0, 'ch21/lossy/qos0', ... (256 bytes))
1787780493: Sending PUBLISH to ch21bridge-3574702 (d0, q0, r0, m0, 'ch21/lossy/qos0', ... (256 bytes))
1787780497: Received PUBLISH from ESP32_000000 (d0, q0, r0, m0, 'ch21/lossy/qos0', ... (256 bytes))
1787780497: Sending PUBLISH to ch21bridge-3574702 (d0, q0, r0, m0, 'ch21/lossy/qos0', ... (256 bytes))
1787780497: Received PUBLISH from ESP32_000000 (d0, q0, r0, m0, 'ch21/lossy/qos0', ... (256 bytes))
1787780497: Sending PUBLISH to ch21bridge-3574702 (d0, q0, r0, m0, 'ch21/lossy/qos0', ... (256 bytes))
1787780497: Received PUBLISH from ESP32_000000 (d0, q0, r0, m0, 'ch21/lossy/qos0', ... (256 bytes))
1787780497: Sending PUBLISH to ch21bridge-3574702 (d0, q0, r0, m0, 'ch21/lossy/qos0', ... (256 bytes))
1787780497: Received PUBLISH from ESP32_000000 (d0, q0, r0, m0, 'ch21/lossy/qos0', ... (256 bytes))
1787780497: Sending PUBLISH to ch21bridge-3574702 (d0, q0, r0, m0, 'ch21/lossy/qos0', ... (256 bytes))
1787780497: Received PUBLISH from ESP32_000000 (d0, q0, r0, m0, 'ch21/lossy/qos0', ... (256 bytes))
1787780497: Sending PUBLISH to ch21bridge-3574702 (d0, q0, r0, m0, 'ch21/lossy/qos0', ... (256 bytes))
1787780497: Received PUBLISH from ESP32_000000 (d0, q0, r0, m0, 'ch21/lossy/qos0', ... (256 bytes))
1787780497: Sending PUBLISH to ch21bridge-3574702 (d0, q0, r0, m0, 'ch21/lossy/qos0', ... (256 bytes))
1787780497: Received PUBLISH from ESP32_000000 (d0, q0, r0, m0, 'ch21/lossy/qos0', ... (256 bytes))
1787780497: Sending PUBLISH to ch21bridge-3574702 (d0, q0, r0, m0, 'ch21/lossy/qos0', ... (256 bytes))
1787780497: Received PUBLISH from ESP32_000000 (d0, q0, r0, m0, 'ch21/lossy/qos0', ... (256 bytes))
1787780497: Sending PUBLISH to ch21bridge-3574702 (d0, q0, r0, m0, 'ch21/lossy/qos0', ... (256 bytes))
1787780497: Received PUBLISH from ESP32_000000 (d0, q0, r0, m0, 'ch21/lossy/qos0', ... (256 bytes))
1787780497: Sending PUBLISH to ch21bridge-3574702 (d0, q0, r0, m0, 'ch21/lossy/qos0', ... (256 bytes))
1787780497: Received PUBLISH from ESP32_000000 (d0, q0, r0, m0, 'ch21/lossy/qos0', ... (256 bytes))
1787780497: Sending PUBLISH to ch21bridge-3574702 (d0, q0, r0, m0, 'ch21/lossy/qos0', ... (256 bytes))
1787780497: Received PUBLISH from ESP32_000000 (d0, q0, r0, m0, 'ch21/lossy/qos0', ... (256 bytes))
1787780497: Sending PUBLISH to ch21bridge-3574702 (d0, q0, r0, m0, 'ch21/lossy/qos0', ... (256 bytes))
1787780497: Received PUBLISH from ESP32_000000 (d0, q0, r0, m0, 'ch21/lossy/qos0', ... (256 bytes))
1787780497: Sending PUBLISH to ch21bridge-3574702 (d0, q0, r0, m0, 'ch21/lossy/qos0', ... (256 bytes))
1787780497: Received PINGREQ from ESP32_000000
1787780497: Sending PINGRESP to ESP32_000000
1787780502: Received PUBLISH from ESP32_000000 (d0, q0, r0, m0, 'ch21/lossy/qos0', ... (256 bytes))
1787780502: Sending PUBLISH to ch21bridge-3574702 (d0, q0, r0, m0, 'ch21/lossy/qos0', ... (256 bytes))
1787780502: Received PUBLISH from ESP32_000000 (d0, q0, r0, m0, 'ch21/lossy/qos0', ... (256 bytes))
1787780502: Sending PUBLISH to ch21bridge-3574702 (d0, q0, r0, m0, 'ch21/lossy/qos0', ... (256 bytes))
1787780502: Received PUBLISH from ESP32_000000 (d0, q0, r0, m0, 'ch21/lossy/qos0', ... (256 bytes))
1787780502: Sending PUBLISH to ch21bridge-3574702 (d0, q0, r0, m0, 'ch21/lossy/qos0', ... (256 bytes))
1787780502: Received PUBLISH from ESP32_000000 (d0, q0, r0, m0, 'ch21/lossy/qos0', ... (256 bytes))
1787780502: Sending PUBLISH to ch21bridge-3574702 (d0, q0, r0, m0, 'ch21/lossy/qos0', ... (256 bytes))
1787780502: Received PUBLISH from ESP32_000000 (d0, q0, r0, m0, 'ch21/lossy/qos0', ... (256 bytes))
1787780502: Sending PUBLISH to ch21bridge-3574702 (d0, q0, r0, m0, 'ch21/lossy/qos0', ... (256 bytes))
1787780502: Received PUBLISH from ESP32_000000 (d0, q0, r0, m0, 'ch21/lossy/qos0', ... (256 bytes))
1787780502: Sending PUBLISH to ch21bridge-3574702 (d0, q0, r0, m0, 'ch21/lossy/qos0', ... (256 bytes))
1787780502: Received PUBLISH from ESP32_000000 (d0, q0, r0, m0, 'ch21/lossy/qos0', ... (256 bytes))
1787780502: Sending PUBLISH to ch21bridge-3574702 (d0, q0, r0, m0, 'ch21/lossy/qos0', ... (256 bytes))
1787780502: Received PUBLISH from ESP32_000000 (d0, q0, r0, m0, 'ch21/lossy/qos0', ... (256 bytes))
1787780502: Sending PUBLISH to ch21bridge-3574702 (d0, q0, r0, m0, 'ch21/lossy/qos0', ... (256 bytes))
1787780502: Received PUBLISH from ESP32_000000 (d0, q0, r0, m0, 'ch21/lossy/qos0', ... (256 bytes))
1787780502: Sending PUBLISH to ch21bridge-3574702 (d0, q0, r0, m0, 'ch21/lossy/qos0', ... (256 bytes))
1787780502: Received PUBLISH from ESP32_000000 (d0, q0, r0, m0, 'ch21/lossy/qos0', ... (256 bytes))
1787780502: Sending PUBLISH to ch21bridge-3574702 (d0, q0, r0, m0, 'ch21/lossy/qos0', ... (256 bytes))
1787780502: Received PUBLISH from ESP32_000000 (d0, q0, r0, m0, 'ch21/lossy/qos0', ... (256 bytes))
1787780502: Sending PUBLISH to ch21bridge-3574702 (d0, q0, r0, m0, 'ch21/lossy/qos0', ... (256 bytes))
1787780502: Received PUBLISH from ESP32_000000 (d0, q0, r0, m0, 'ch21/lossy/qos0', ... (256 bytes))
1787780502: Sending PUBLISH to ch21bridge-3574702 (d0, q0, r0, m0, 'ch21/lossy/qos0', ... (256 bytes))
1787780502: Received PINGREQ from ESP32_000000
1787780502: Sending PINGRESP to ESP32_000000
1787780502: Received PUBLISH from ESP32_000000 (d0, q0, r0, m0, 'ch21/lossy/qos0', ... (256 bytes))
1787780502: Sending PUBLISH to ch21bridge-3574702 (d0, q0, r0, m0, 'ch21/lossy/qos0', ... (256 bytes))
1787780502: Received PUBLISH from ESP32_000000 (d0, q0, r0, m0, 'ch21/lossy/qos0', ... (256 bytes))
1787780502: Sending PUBLISH to ch21bridge-3574702 (d0, q0, r0, m0, 'ch21/lossy/qos0', ... (256 bytes))
1787780502: Received PUBLISH from ESP32_000000 (d0, q0, r0, m0, 'ch21/lossy/qos0', ... (256 bytes))
1787780502: Sending PUBLISH to ch21bridge-3574702 (d0, q0, r0, m0, 'ch21/lossy/qos0', ... (256 bytes))
1787780502: Received PUBLISH from ESP32_000000 (d0, q0, r0, m0, 'ch21/lossy/qos0', ... (256 bytes))
1787780502: Sending PUBLISH to ch21bridge-3574702 (d0, q0, r0, m0, 'ch21/lossy/qos0', ... (256 bytes))
1787780502: Received PUBLISH from ESP32_000000 (d0, q0, r0, m0, 'ch21/lossy/qos0', ... (256 bytes))
1787780502: Sending PUBLISH to ch21bridge-3574702 (d0, q0, r0, m0, 'ch21/lossy/qos0', ... (256 bytes))
1787780502: Received PUBLISH from ESP32_000000 (d0, q0, r0, m0, 'ch21/lossy/qos0', ... (256 bytes))
1787780502: Sending PUBLISH to ch21bridge-3574702 (d0, q0, r0, m0, 'ch21/lossy/qos0', ... (256 bytes))
1787780502: Received PUBLISH from ESP32_000000 (d0, q0, r0, m0, 'ch21/lossy/qos0', ... (256 bytes))
1787780502: Sending PUBLISH to ch21bridge-3574702 (d0, q0, r0, m0, 'ch21/lossy/qos0', ... (256 bytes))
1787780502: Received PUBLISH from ESP32_000000 (d0, q0, r0, m0, 'ch21/lossy/qos0', ... (256 bytes))
1787780502: Sending PUBLISH to ch21bridge-3574702 (d0, q0, r0, m0, 'ch21/lossy/qos0', ... (256 bytes))
1787780502: Received PUBLISH from ESP32_000000 (d0, q0, r0, m0, 'ch21/lossy/qos0', ... (256 bytes))
1787780502: Sending PUBLISH to ch21bridge-3574702 (d0, q0, r0, m0, 'ch21/lossy/qos0', ... (256 bytes))
1787780502: Received PUBLISH from ESP32_000000 (d0, q0, r0, m0, 'ch21/lossy/qos0', ... (256 bytes))
1787780502: Sending PUBLISH to ch21bridge-3574702 (d0, q0, r0, m0, 'ch21/lossy/qos0', ... (256 bytes))
1787780502: Received PUBLISH from ESP32_000000 (d0, q0, r0, m0, 'ch21/lossy/qos0', ... (256 bytes))
1787780502: Sending PUBLISH to ch21bridge-3574702 (d0, q0, r0, m0, 'ch21/lossy/qos0', ... (256 bytes))
1787780502: Received PUBLISH from ESP32_000000 (d0, q0, r0, m0, 'ch21/lossy/qos0', ... (256 bytes))
1787780502: Sending PUBLISH to ch21bridge-3574702 (d0, q0, r0, m0, 'ch21/lossy/qos0', ... (256 bytes))
1787780502: Received PUBLISH from ESP32_000000 (d0, q0, r0, m0, 'ch21/lossy/qos0', ... (256 bytes))
1787780502: Sending PUBLISH to ch21bridge-3574702 (d0, q0, r0, m0, 'ch21/lossy/qos0', ... (256 bytes))
1787780504: Received PUBLISH from ESP32_000000 (d0, q0, r0, m0, 'ch21/lossy/qos0', ... (256 bytes))
1787780504: Sending PUBLISH to ch21bridge-3574702 (d0, q0, r0, m0, 'ch21/lossy/qos0', ... (256 bytes))
1787780504: Received PUBLISH from ESP32_000000 (d0, q0, r0, m0, 'ch21/lossy/qos0', ... (256 bytes))
1787780504: Sending PUBLISH to ch21bridge-3574702 (d0, q0, r0, m0, 'ch21/lossy/qos0', ... (256 bytes))
1787780504: Received PUBLISH from ESP32_000000 (d0, q0, r0, m0, 'ch21/lossy/qos0', ... (256 bytes))
1787780504: Sending PUBLISH to ch21bridge-3574702 (d0, q0, r0, m0, 'ch21/lossy/qos0', ... (256 bytes))
1787780504: Received PUBLISH from ESP32_000000 (d0, q0, r0, m0, 'ch21/lossy/qos0', ... (256 bytes))
1787780504: Sending PUBLISH to ch21bridge-3574702 (d0, q0, r0, m0, 'ch21/lossy/qos0', ... (256 bytes))
1787780504: Received PUBLISH from ESP32_000000 (d0, q0, r0, m0, 'ch21/lossy/qos0', ... (256 bytes))
1787780504: Sending PUBLISH to ch21bridge-3574702 (d0, q0, r0, m0, 'ch21/lossy/qos0', ... (256 bytes))
1787780504: Received PUBLISH from ESP32_000000 (d0, q0, r0, m0, 'ch21/lossy/qos0', ... (256 bytes))
1787780504: Sending PUBLISH to ch21bridge-3574702 (d0, q0, r0, m0, 'ch21/lossy/qos0', ... (256 bytes))
1787780504: Received PUBLISH from ESP32_000000 (d0, q0, r0, m0, 'ch21/lossy/qos0', ... (256 bytes))
1787780504: Sending PUBLISH to ch21bridge-3574702 (d0, q0, r0, m0, 'ch21/lossy/qos0', ... (256 bytes))
1787780504: Received PUBLISH from ESP32_000000 (d0, q0, r0, m0, 'ch21/lossy/qos0', ... (256 bytes))
1787780504: Sending PUBLISH to ch21bridge-3574702 (d0, q0, r0, m0, 'ch21/lossy/qos0', ... (256 bytes))
1787780504: Received PUBLISH from ESP32_000000 (d0, q0, r0, m0, 'ch21/lossy/qos0', ... (256 bytes))
1787780504: Sending PUBLISH to ch21bridge-3574702 (d0, q0, r0, m0, 'ch21/lossy/qos0', ... (256 bytes))
1787780504: Received PUBLISH from ESP32_000000 (d0, q0, r0, m0, 'ch21/lossy/qos0', ... (256 bytes))
1787780504: Sending PUBLISH to ch21bridge-3574702 (d0, q0, r0, m0, 'ch21/lossy/qos0', ... (256 bytes))
1787780504: Received PUBLISH from ESP32_000000 (d0, q0, r0, m0, 'ch21/lossy/qos0', ... (256 bytes))
1787780504: Sending PUBLISH to ch21bridge-3574702 (d0, q0, r0, m0, 'ch21/lossy/qos0', ... (256 bytes))
1787780504: Received PUBLISH from ESP32_000000 (d0, q0, r0, m0, 'ch21/lossy/qos0', ... (256 bytes))
1787780504: Sending PUBLISH to ch21bridge-3574702 (d0, q0, r0, m0, 'ch21/lossy/qos0', ... (256 bytes))
1787780504: Received PUBLISH from ESP32_000000 (d0, q0, r0, m0, 'ch21/lossy/qos0', ... (256 bytes))
1787780504: Sending PUBLISH to ch21bridge-3574702 (d0, q0, r0, m0, 'ch21/lossy/qos0', ... (256 bytes))
1787780508: Received PUBLISH from ESP32_000000 (d0, q0, r0, m0, 'ch21/lossy/qos0', ... (256 bytes))
1787780508: Sending PUBLISH to ch21bridge-3574702 (d0, q0, r0, m0, 'ch21/lossy/qos0', ... (256 bytes))
1787780508: Received PUBLISH from ESP32_000000 (d0, q0, r0, m0, 'ch21/lossy/qos0', ... (256 bytes))
1787780508: Sending PUBLISH to ch21bridge-3574702 (d0, q0, r0, m0, 'ch21/lossy/qos0', ... (256 bytes))
1787780508: Received PUBLISH from ESP32_000000 (d0, q0, r0, m0, 'ch21/lossy/qos0', ... (256 bytes))
1787780508: Sending PUBLISH to ch21bridge-3574702 (d0, q0, r0, m0, 'ch21/lossy/qos0', ... (256 bytes))
1787780508: Received PUBLISH from ESP32_000000 (d0, q0, r0, m0, 'ch21/lossy/qos0', ... (256 bytes))
1787780508: Sending PUBLISH to ch21bridge-3574702 (d0, q0, r0, m0, 'ch21/lossy/qos0', ... (256 bytes))
1787780508: Received PUBLISH from ESP32_000000 (d0, q0, r0, m0, 'ch21/lossy/qos0', ... (256 bytes))
1787780508: Sending PUBLISH to ch21bridge-3574702 (d0, q0, r0, m0, 'ch21/lossy/qos0', ... (256 bytes))
1787780508: Received PUBLISH from ESP32_000000 (d0, q0, r0, m0, 'ch21/lossy/qos0', ... (256 bytes))
1787780508: Sending PUBLISH to ch21bridge-3574702 (d0, q0, r0, m0, 'ch21/lossy/qos0', ... (256 bytes))
1787780508: Received PUBLISH from ESP32_000000 (d0, q0, r0, m0, 'ch21/lossy/qos0', ... (256 bytes))
1787780508: Sending PUBLISH to ch21bridge-3574702 (d0, q0, r0, m0, 'ch21/lossy/qos0', ... (256 bytes))
1787780508: Received PUBLISH from ESP32_000000 (d0, q0, r0, m0, 'ch21/lossy/qos0', ... (256 bytes))
1787780508: Sending PUBLISH to ch21bridge-3574702 (d0, q0, r0, m0, 'ch21/lossy/qos0', ... (256 bytes))
1787780508: Received PUBLISH from ESP32_000000 (d0, q0, r0, m0, 'ch21/lossy/qos0', ... (256 bytes))
1787780508: Sending PUBLISH to ch21bridge-3574702 (d0, q0, r0, m0, 'ch21/lossy/qos0', ... (256 bytes))
1787780508: Received PUBLISH from ESP32_000000 (d0, q0, r0, m0, 'ch21/lossy/qos0', ... (256 bytes))
1787780508: Sending PUBLISH to ch21bridge-3574702 (d0, q0, r0, m0, 'ch21/lossy/qos0', ... (256 bytes))
1787780508: Received PUBLISH from ESP32_000000 (d0, q0, r0, m0, 'ch21/lossy/qos0', ... (256 bytes))
1787780508: Sending PUBLISH to ch21bridge-3574702 (d0, q0, r0, m0, 'ch21/lossy/qos0', ... (256 bytes))
1787780515: Client ESP32_000000 has exceeded timeout, disconnecting.
1787780517: New connection from 127.0.0.1:56832 on port 1883.
1787780517: New client connected from 127.0.0.1:56832 as ESP32_000000 (p2, c1, k5).
1787780517: No will message specified.
1787780517: Sending CONNACK to ESP32_000000 (0, 0)
1787780517: Received PUBLISH from ESP32_000000 (d0, q0, r0, m0, 'ch21/lossy/qos0', ... (256 bytes))
1787780517: Sending PUBLISH to ch21bridge-3574702 (d0, q0, r0, m0, 'ch21/lossy/qos0', ... (256 bytes))
1787780517: Received PUBLISH from ESP32_000000 (d0, q0, r0, m0, 'ch21/lossy/qos0', ... (256 bytes))
1787780517: Sending PUBLISH to ch21bridge-3574702 (d0, q0, r0, m0, 'ch21/lossy/qos0', ... (256 bytes))
1787780517: Received PUBLISH from ESP32_000000 (d0, q0, r0, m0, 'ch21/lossy/qos0', ... (256 bytes))
1787780517: Sending PUBLISH to ch21bridge-3574702 (d0, q0, r0, m0, 'ch21/lossy/qos0', ... (256 bytes))
1787780518: Received PUBLISH from ESP32_000000 (d0, q0, r0, m0, 'ch21/lossy/qos0', ... (256 bytes))
1787780518: Sending PUBLISH to ch21bridge-3574702 (d0, q0, r0, m0, 'ch21/lossy/qos0', ... (256 bytes))
1787780518: Received PUBLISH from ESP32_000000 (d0, q0, r0, m0, 'ch21/lossy/qos0', ... (256 bytes))
1787780518: Sending PUBLISH to ch21bridge-3574702 (d0, q0, r0, m0, 'ch21/lossy/qos0', ... (256 bytes))
1787780518: Received PUBLISH from ESP32_000000 (d0, q0, r0, m0, 'ch21/lossy/qos0', ... (256 bytes))
1787780518: Sending PUBLISH to ch21bridge-3574702 (d0, q0, r0, m0, 'ch21/lossy/qos0', ... (256 bytes))
1787780518: Received PUBLISH from ESP32_000000 (d0, q0, r0, m0, 'ch21/lossy/qos0', ... (256 bytes))
1787780518: Sending PUBLISH to ch21bridge-3574702 (d0, q0, r0, m0, 'ch21/lossy/qos0', ... (256 bytes))
1787780518: Received PUBLISH from ESP32_000000 (d0, q0, r0, m0, 'ch21/lossy/qos0', ... (256 bytes))
1787780518: Sending PUBLISH to ch21bridge-3574702 (d0, q0, r0, m0, 'ch21/lossy/qos0', ... (256 bytes))
1787780518: Received PUBLISH from ESP32_000000 (d0, q0, r0, m0, 'ch21/lossy/qos0', ... (256 bytes))
1787780518: Sending PUBLISH to ch21bridge-3574702 (d0, q0, r0, m0, 'ch21/lossy/qos0', ... (256 bytes))
1787780518: Received PUBLISH from ESP32_000000 (d0, q0, r0, m0, 'ch21/lossy/qos0', ... (256 bytes))
1787780518: Sending PUBLISH to ch21bridge-3574702 (d0, q0, r0, m0, 'ch21/lossy/qos0', ... (256 bytes))
1787780518: Received PUBLISH from ESP32_000000 (d0, q0, r0, m0, 'ch21/lossy/qos0', ... (256 bytes))
1787780518: Sending PUBLISH to ch21bridge-3574702 (d0, q0, r0, m0, 'ch21/lossy/qos0', ... (256 bytes))
1787780518: Received PUBLISH from ESP32_000000 (d0, q0, r0, m0, 'ch21/lossy/qos0', ... (256 bytes))
1787780518: Sending PUBLISH to ch21bridge-3574702 (d0, q0, r0, m0, 'ch21/lossy/qos0', ... (256 bytes))
1787780518: Received PUBLISH from ESP32_000000 (d0, q0, r0, m0, 'ch21/lossy/qos0', ... (256 bytes))
1787780518: Sending PUBLISH to ch21bridge-3574702 (d0, q0, r0, m0, 'ch21/lossy/qos0', ... (256 bytes))
1787780518: Received PUBLISH from ESP32_000000 (d0, q0, r0, m0, 'ch21/lossy/qos0', ... (256 bytes))
1787780518: Sending PUBLISH to ch21bridge-3574702 (d0, q0, r0, m0, 'ch21/lossy/qos0', ... (256 bytes))
1787780518: Received PUBLISH from ESP32_000000 (d0, q0, r0, m0, 'ch21/lossy/qos0', ... (256 bytes))
1787780518: Sending PUBLISH to ch21bridge-3574702 (d0, q0, r0, m0, 'ch21/lossy/qos0', ... (256 bytes))
1787780520: Received PUBLISH from ESP32_000000 (d0, q0, r0, m0, 'ch21/lossy/qos0', ... (256 bytes))
1787780520: Sending PUBLISH to ch21bridge-3574702 (d0, q0, r0, m0, 'ch21/lossy/qos0', ... (256 bytes))
1787780520: Received PUBLISH from ESP32_000000 (d0, q0, r0, m0, 'ch21/lossy/qos0', ... (256 bytes))
1787780520: Sending PUBLISH to ch21bridge-3574702 (d0, q0, r0, m0, 'ch21/lossy/qos0', ... (256 bytes))
1787780520: Received PUBLISH from ESP32_000000 (d0, q0, r0, m0, 'ch21/lossy/qos0', ... (256 bytes))
1787780520: Sending PUBLISH to ch21bridge-3574702 (d0, q0, r0, m0, 'ch21/lossy/qos0', ... (256 bytes))
1787780520: Received PUBLISH from ESP32_000000 (d0, q0, r0, m0, 'ch21/lossy/qos0', ... (256 bytes))
1787780520: Sending PUBLISH to ch21bridge-3574702 (d0, q0, r0, m0, 'ch21/lossy/qos0', ... (256 bytes))
1787780520: Received PUBLISH from ESP32_000000 (d0, q0, r0, m0, 'ch21/lossy/qos0', ... (256 bytes))
1787780520: Sending PUBLISH to ch21bridge-3574702 (d0, q0, r0, m0, 'ch21/lossy/qos0', ... (256 bytes))
1787780520: Received PUBLISH from ESP32_000000 (d0, q0, r0, m0, 'ch21/lossy/qos0', ... (256 bytes))
1787780520: Sending PUBLISH to ch21bridge-3574702 (d0, q0, r0, m0, 'ch21/lossy/qos0', ... (256 bytes))
1787780520: Received PUBLISH from ESP32_000000 (d0, q0, r0, m0, 'ch21/lossy/qos0', ... (256 bytes))
1787780520: Sending PUBLISH to ch21bridge-3574702 (d0, q0, r0, m0, 'ch21/lossy/qos0', ... (256 bytes))
1787780520: Received PUBLISH from ESP32_000000 (d0, q0, r0, m0, 'ch21/lossy/qos0', ... (256 bytes))
1787780520: Sending PUBLISH to ch21bridge-3574702 (d0, q0, r0, m0, 'ch21/lossy/qos0', ... (256 bytes))
1787780520: Received PUBLISH from ESP32_000000 (d0, q0, r0, m0, 'ch21/lossy/qos0', ... (256 bytes))
1787780520: Sending PUBLISH to ch21bridge-3574702 (d0, q0, r0, m0, 'ch21/lossy/qos0', ... (256 bytes))
1787780520: Received PUBLISH from ESP32_000000 (d0, q0, r0, m0, 'ch21/lossy/qos0', ... (256 bytes))
1787780520: Sending PUBLISH to ch21bridge-3574702 (d0, q0, r0, m0, 'ch21/lossy/qos0', ... (256 bytes))
1787780520: Received PUBLISH from ESP32_000000 (d0, q0, r0, m0, 'ch21/lossy/qos0', ... (256 bytes))
1787780520: Sending PUBLISH to ch21bridge-3574702 (d0, q0, r0, m0, 'ch21/lossy/qos0', ... (256 bytes))
1787780520: Received PUBLISH from ESP32_000000 (d0, q0, r0, m0, 'ch21/lossy/qos0', ... (256 bytes))
1787780520: Sending PUBLISH to ch21bridge-3574702 (d0, q0, r0, m0, 'ch21/lossy/qos0', ... (256 bytes))
1787780520: Received PINGREQ from ESP32_000000
1787780520: Sending PINGRESP to ESP32_000000
1787780521: Received PUBLISH from ESP32_000000 (d0, q0, r0, m0, 'ch21/lossy/qos0', ... (256 bytes))
1787780521: Sending PUBLISH to ch21bridge-3574702 (d0, q0, r0, m0, 'ch21/lossy/qos0', ... (256 bytes))
1787780521: Received PUBLISH from ESP32_000000 (d0, q0, r0, m0, 'ch21/lossy/qos0', ... (256 bytes))
1787780521: Sending PUBLISH to ch21bridge-3574702 (d0, q0, r0, m0, 'ch21/lossy/qos0', ... (256 bytes))
1787780521: Received PUBLISH from ESP32_000000 (d0, q0, r0, m0, 'ch21/lossy/qos0', ... (256 bytes))
1787780521: Sending PUBLISH to ch21bridge-3574702 (d0, q0, r0, m0, 'ch21/lossy/qos0', ... (256 bytes))
1787780521: Received PUBLISH from ESP32_000000 (d0, q0, r0, m0, 'ch21/lossy/qos0', ... (256 bytes))
1787780521: Sending PUBLISH to ch21bridge-3574702 (d0, q0, r0, m0, 'ch21/lossy/qos0', ... (256 bytes))
1787780521: Received PUBLISH from ESP32_000000 (d0, q0, r0, m0, 'ch21/lossy/qos0', ... (256 bytes))
1787780521: Sending PUBLISH to ch21bridge-3574702 (d0, q0, r0, m0, 'ch21/lossy/qos0', ... (256 bytes))
1787780521: Received PUBLISH from ESP32_000000 (d0, q0, r0, m0, 'ch21/lossy/qos0', ... (256 bytes))
1787780521: Sending PUBLISH to ch21bridge-3574702 (d0, q0, r0, m0, 'ch21/lossy/qos0', ... (256 bytes))
1787780521: Received PUBLISH from ESP32_000000 (d0, q0, r0, m0, 'ch21/lossy/qos0', ... (256 bytes))
1787780521: Sending PUBLISH to ch21bridge-3574702 (d0, q0, r0, m0, 'ch21/lossy/qos0', ... (256 bytes))
1787780521: Received PUBLISH from ESP32_000000 (d0, q0, r0, m0, 'ch21/lossy/qos0', ... (256 bytes))
1787780521: Sending PUBLISH to ch21bridge-3574702 (d0, q0, r0, m0, 'ch21/lossy/qos0', ... (256 bytes))
1787780521: Received PUBLISH from ESP32_000000 (d0, q0, r0, m0, 'ch21/lossy/qos0', ... (256 bytes))
1787780521: Sending PUBLISH to ch21bridge-3574702 (d0, q0, r0, m0, 'ch21/lossy/qos0', ... (256 bytes))
1787780521: Received PUBLISH from ESP32_000000 (d0, q0, r0, m0, 'ch21/lossy/qos0', ... (256 bytes))
1787780521: Sending PUBLISH to ch21bridge-3574702 (d0, q0, r0, m0, 'ch21/lossy/qos0', ... (256 bytes))
1787780521: Received PUBLISH from ESP32_000000 (d0, q0, r0, m0, 'ch21/lossy/qos0', ... (256 bytes))
1787780521: Sending PUBLISH to ch21bridge-3574702 (d0, q0, r0, m0, 'ch21/lossy/qos0', ... (256 bytes))
1787780521: Received PUBLISH from ESP32_000000 (d0, q0, r0, m0, 'ch21/lossy/qos0', ... (256 bytes))
1787780521: Sending PUBLISH to ch21bridge-3574702 (d0, q0, r0, m0, 'ch21/lossy/qos0', ... (256 bytes))
1787780521: Received PUBLISH from ESP32_000000 (d0, q0, r0, m0, 'ch21/lossy/qos0', ... (256 bytes))
1787780521: Sending PUBLISH to ch21bridge-3574702 (d0, q0, r0, m0, 'ch21/lossy/qos0', ... (256 bytes))
1787780523: Received PUBLISH from ESP32_000000 (d0, q0, r0, m0, 'ch21/lossy/qos0', ... (256 bytes))
1787780523: Sending PUBLISH to ch21bridge-3574702 (d0, q0, r0, m0, 'ch21/lossy/qos0', ... (256 bytes))
1787780523: Received PUBLISH from ESP32_000000 (d0, q0, r0, m0, 'ch21/lossy/qos0', ... (256 bytes))
1787780523: Sending PUBLISH to ch21bridge-3574702 (d0, q0, r0, m0, 'ch21/lossy/qos0', ... (256 bytes))
1787780523: Received PUBLISH from ESP32_000000 (d0, q0, r0, m0, 'ch21/lossy/qos0', ... (256 bytes))
1787780523: Sending PUBLISH to ch21bridge-3574702 (d0, q0, r0, m0, 'ch21/lossy/qos0', ... (256 bytes))
1787780523: Received PUBLISH from ESP32_000000 (d0, q0, r0, m0, 'ch21/lossy/qos0', ... (256 bytes))
1787780523: Sending PUBLISH to ch21bridge-3574702 (d0, q0, r0, m0, 'ch21/lossy/qos0', ... (256 bytes))
1787780523: Received PUBLISH from ESP32_000000 (d0, q0, r0, m0, 'ch21/lossy/qos0', ... (256 bytes))
1787780523: Sending PUBLISH to ch21bridge-3574702 (d0, q0, r0, m0, 'ch21/lossy/qos0', ... (256 bytes))
1787780523: Received PUBLISH from ESP32_000000 (d0, q0, r0, m0, 'ch21/lossy/qos0', ... (256 bytes))
1787780523: Sending PUBLISH to ch21bridge-3574702 (d0, q0, r0, m0, 'ch21/lossy/qos0', ... (256 bytes))
1787780524: Received PUBLISH from ESP32_000000 (d0, q0, r0, m0, 'ch21/lossy/qos0', ... (256 bytes))
1787780524: Sending PUBLISH to ch21bridge-3574702 (d0, q0, r0, m0, 'ch21/lossy/qos0', ... (256 bytes))
1787780524: Received PUBLISH from ESP32_000000 (d0, q0, r0, m0, 'ch21/lossy/qos0', ... (256 bytes))
1787780524: Sending PUBLISH to ch21bridge-3574702 (d0, q0, r0, m0, 'ch21/lossy/qos0', ... (256 bytes))
1787780524: Received PUBLISH from ESP32_000000 (d0, q0, r0, m0, 'ch21/lossy/qos0', ... (256 bytes))
1787780524: Sending PUBLISH to ch21bridge-3574702 (d0, q0, r0, m0, 'ch21/lossy/qos0', ... (256 bytes))
1787780524: Received PUBLISH from ESP32_000000 (d0, q0, r0, m0, 'ch21/lossy/qos0', ... (256 bytes))
1787780524: Sending PUBLISH to ch21bridge-3574702 (d0, q0, r0, m0, 'ch21/lossy/qos0', ... (256 bytes))
1787780524: Received PUBLISH from ESP32_000000 (d0, q0, r0, m0, 'ch21/lossy/qos0', ... (256 bytes))
1787780524: Sending PUBLISH to ch21bridge-3574702 (d0, q0, r0, m0, 'ch21/lossy/qos0', ... (256 bytes))
1787780524: Received PUBLISH from ESP32_000000 (d0, q0, r0, m0, 'ch21/lossy/qos0', ... (256 bytes))
1787780524: Sending PUBLISH to ch21bridge-3574702 (d0, q0, r0, m0, 'ch21/lossy/qos0', ... (256 bytes))
1787780524: Received PINGREQ from ESP32_000000
1787780524: Sending PINGRESP to ESP32_000000
1787780524: Received PUBLISH from ESP32_000000 (d0, q0, r0, m0, 'ch21/lossy/qos0', ... (256 bytes))
1787780524: Sending PUBLISH to ch21bridge-3574702 (d0, q0, r0, m0, 'ch21/lossy/qos0', ... (256 bytes))
1787780524: Received PUBLISH from ESP32_000000 (d0, q0, r0, m0, 'ch21/lossy/qos0', ... (256 bytes))
1787780524: Sending PUBLISH to ch21bridge-3574702 (d0, q0, r0, m0, 'ch21/lossy/qos0', ... (256 bytes))
1787780524: Received PUBLISH from ESP32_000000 (d0, q0, r0, m0, 'ch21/lossy/qos0', ... (256 bytes))
1787780524: Sending PUBLISH to ch21bridge-3574702 (d0, q0, r0, m0, 'ch21/lossy/qos0', ... (256 bytes))
1787780524: Received PUBLISH from ESP32_000000 (d0, q0, r0, m0, 'ch21/lossy/qos0', ... (256 bytes))
1787780524: Sending PUBLISH to ch21bridge-3574702 (d0, q0, r0, m0, 'ch21/lossy/qos0', ... (256 bytes))
1787780524: Received PUBLISH from ESP32_000000 (d0, q0, r0, m0, 'ch21/lossy/qos0', ... (256 bytes))
1787780524: Sending PUBLISH to ch21bridge-3574702 (d0, q0, r0, m0, 'ch21/lossy/qos0', ... (256 bytes))
1787780524: Received PUBLISH from ESP32_000000 (d0, q0, r0, m0, 'ch21/lossy/qos0', ... (256 bytes))
1787780524: Sending PUBLISH to ch21bridge-3574702 (d0, q0, r0, m0, 'ch21/lossy/qos0', ... (256 bytes))
1787780524: Received PUBLISH from ESP32_000000 (d0, q0, r0, m0, 'ch21/lossy/qos0', ... (256 bytes))
1787780524: Sending PUBLISH to ch21bridge-3574702 (d0, q0, r0, m0, 'ch21/lossy/qos0', ... (256 bytes))
1787780524: Received PUBLISH from ESP32_000000 (d0, q0, r0, m0, 'ch21/lossy/qos0', ... (256 bytes))
1787780524: Sending PUBLISH to ch21bridge-3574702 (d0, q0, r0, m0, 'ch21/lossy/qos0', ... (256 bytes))
1787780524: Received PUBLISH from ESP32_000000 (d0, q0, r0, m0, 'ch21/lossy/qos0', ... (256 bytes))
1787780524: Sending PUBLISH to ch21bridge-3574702 (d0, q0, r0, m0, 'ch21/lossy/qos0', ... (256 bytes))
1787780524: Received PUBLISH from ESP32_000000 (d0, q0, r0, m0, 'ch21/lossy/qos0', ... (256 bytes))
1787780524: Sending PUBLISH to ch21bridge-3574702 (d0, q0, r0, m0, 'ch21/lossy/qos0', ... (256 bytes))
1787780524: Received PUBLISH from ESP32_000000 (d0, q0, r0, m0, 'ch21/lossy/qos0', ... (256 bytes))
1787780524: Sending PUBLISH to ch21bridge-3574702 (d0, q0, r0, m0, 'ch21/lossy/qos0', ... (256 bytes))
1787780524: Received PUBLISH from ESP32_000000 (d0, q0, r0, m0, 'ch21/lossy/qos0', ... (256 bytes))
1787780524: Sending PUBLISH to ch21bridge-3574702 (d0, q0, r0, m0, 'ch21/lossy/qos0', ... (256 bytes))
1787780524: Received PUBLISH from ESP32_000000 (d0, q0, r0, m0, 'ch21/lossy/qos0', ... (256 bytes))
1787780524: Sending PUBLISH to ch21bridge-3574702 (d0, q0, r0, m0, 'ch21/lossy/qos0', ... (256 bytes))
1787780526: Received PUBLISH from ESP32_000000 (d0, q0, r0, m0, 'ch21/lossy/qos0', ... (256 bytes))
1787780526: Sending PUBLISH to ch21bridge-3574702 (d0, q0, r0, m0, 'ch21/lossy/qos0', ... (256 bytes))
1787780526: Received PUBLISH from ESP32_000000 (d0, q0, r0, m0, 'ch21/lossy/qos0', ... (256 bytes))
1787780526: Sending PUBLISH to ch21bridge-3574702 (d0, q0, r0, m0, 'ch21/lossy/qos0', ... (256 bytes))
1787780526: Received PUBLISH from ESP32_000000 (d0, q0, r0, m0, 'ch21/lossy/qos0', ... (256 bytes))
1787780526: Sending PUBLISH to ch21bridge-3574702 (d0, q0, r0, m0, 'ch21/lossy/qos0', ... (256 bytes))
1787780526: Received PUBLISH from ESP32_000000 (d0, q0, r0, m0, 'ch21/lossy/qos0', ... (256 bytes))
1787780526: Sending PUBLISH to ch21bridge-3574702 (d0, q0, r0, m0, 'ch21/lossy/qos0', ... (256 bytes))
1787780526: Received PUBLISH from ESP32_000000 (d0, q0, r0, m0, 'ch21/lossy/qos0', ... (256 bytes))
1787780526: Sending PUBLISH to ch21bridge-3574702 (d0, q0, r0, m0, 'ch21/lossy/qos0', ... (256 bytes))
1787780526: Received PUBLISH from ESP32_000000 (d0, q0, r0, m0, 'ch21/lossy/qos0', ... (256 bytes))
1787780526: Sending PUBLISH to ch21bridge-3574702 (d0, q0, r0, m0, 'ch21/lossy/qos0', ... (256 bytes))
1787780527: Received PUBLISH from ESP32_000000 (d0, q0, r0, m0, 'ch21/lossy/qos0', ... (256 bytes))
1787780527: Sending PUBLISH to ch21bridge-3574702 (d0, q0, r0, m0, 'ch21/lossy/qos0', ... (256 bytes))
1787780527: Received PUBLISH from ESP32_000000 (d0, q0, r0, m0, 'ch21/lossy/qos0', ... (256 bytes))
1787780527: Sending PUBLISH to ch21bridge-3574702 (d0, q0, r0, m0, 'ch21/lossy/qos0', ... (256 bytes))
1787780527: Received PUBLISH from ESP32_000000 (d0, q0, r0, m0, 'ch21/lossy/qos0', ... (256 bytes))
1787780527: Sending PUBLISH to ch21bridge-3574702 (d0, q0, r0, m0, 'ch21/lossy/qos0', ... (256 bytes))
1787780527: Received PUBLISH from ESP32_000000 (d0, q0, r0, m0, 'ch21/lossy/qos0', ... (256 bytes))
1787780527: Sending PUBLISH to ch21bridge-3574702 (d0, q0, r0, m0, 'ch21/lossy/qos0', ... (256 bytes))
1787780527: Received PUBLISH from ESP32_000000 (d0, q0, r0, m0, 'ch21/lossy/qos0', ... (256 bytes))
1787780527: Sending PUBLISH to ch21bridge-3574702 (d0, q0, r0, m0, 'ch21/lossy/qos0', ... (256 bytes))
1787780527: Received PUBLISH from ESP32_000000 (d0, q0, r0, m0, 'ch21/lossy/qos0', ... (256 bytes))
1787780527: Sending PUBLISH to ch21bridge-3574702 (d0, q0, r0, m0, 'ch21/lossy/qos0', ... (256 bytes))
1787780527: Received PUBLISH from ESP32_000000 (d0, q0, r0, m0, 'ch21/lossy/qos0', ... (256 bytes))
1787780527: Sending PUBLISH to ch21bridge-3574702 (d0, q0, r0, m0, 'ch21/lossy/qos0', ... (256 bytes))
1787780527: Received PUBLISH from ESP32_000000 (d0, q0, r0, m0, 'ch21/lossy/qos0', ... (256 bytes))
1787780527: Sending PUBLISH to ch21bridge-3574702 (d0, q0, r0, m0, 'ch21/lossy/qos0', ... (256 bytes))
1787780527: Received PUBLISH from ESP32_000000 (d0, q0, r0, m0, 'ch21/lossy/qos0', ... (256 bytes))
1787780527: Sending PUBLISH to ch21bridge-3574702 (d0, q0, r0, m0, 'ch21/lossy/qos0', ... (256 bytes))
1787780527: Received PUBLISH from ESP32_000000 (d0, q0, r0, m0, 'ch21/lossy/qos0', ... (256 bytes))
1787780527: Sending PUBLISH to ch21bridge-3574702 (d0, q0, r0, m0, 'ch21/lossy/qos0', ... (256 bytes))
1787780527: Received PUBLISH from ESP32_000000 (d0, q0, r0, m0, 'ch21/lossy/qos0', ... (256 bytes))
1787780527: Sending PUBLISH to ch21bridge-3574702 (d0, q0, r0, m0, 'ch21/lossy/qos0', ... (256 bytes))
1787780529: Received PUBLISH from ESP32_000000 (d0, q0, r0, m0, 'ch21/lossy/qos0', ... (256 bytes))
1787780529: Sending PUBLISH to ch21bridge-3574702 (d0, q0, r0, m0, 'ch21/lossy/qos0', ... (256 bytes))
1787780529: Received PINGREQ from ESP32_000000
1787780529: Sending PINGRESP to ESP32_000000
1787780529: Received PUBLISH from ESP32_000000 (d0, q0, r0, m0, 'ch21/lossy/qos0', ... (256 bytes))
1787780529: Sending PUBLISH to ch21bridge-3574702 (d0, q0, r0, m0, 'ch21/lossy/qos0', ... (256 bytes))
1787780529: Received PUBLISH from ESP32_000000 (d0, q0, r0, m0, 'ch21/lossy/qos0', ... (256 bytes))
1787780529: Sending PUBLISH to ch21bridge-3574702 (d0, q0, r0, m0, 'ch21/lossy/qos0', ... (256 bytes))
1787780529: Received PUBLISH from ESP32_000000 (d0, q0, r0, m0, 'ch21/lossy/qos0', ... (256 bytes))
1787780529: Sending PUBLISH to ch21bridge-3574702 (d0, q0, r0, m0, 'ch21/lossy/qos0', ... (256 bytes))
1787780529: Received PUBLISH from ESP32_000000 (d0, q0, r0, m0, 'ch21/lossy/qos0', ... (256 bytes))
1787780529: Sending PUBLISH to ch21bridge-3574702 (d0, q0, r0, m0, 'ch21/lossy/qos0', ... (256 bytes))
1787780529: Received PUBLISH from ESP32_000000 (d0, q0, r0, m0, 'ch21/lossy/qos0', ... (256 bytes))
1787780529: Sending PUBLISH to ch21bridge-3574702 (d0, q0, r0, m0, 'ch21/lossy/qos0', ... (256 bytes))
1787780530: Received PUBLISH from ESP32_000000 (d0, q0, r0, m0, 'ch21/lossy/qos0', ... (256 bytes))
1787780530: Sending PUBLISH to ch21bridge-3574702 (d0, q0, r0, m0, 'ch21/lossy/qos0', ... (256 bytes))
1787780530: Received PUBLISH from ESP32_000000 (d0, q0, r0, m0, 'ch21/lossy/qos0', ... (256 bytes))
1787780530: Sending PUBLISH to ch21bridge-3574702 (d0, q0, r0, m0, 'ch21/lossy/qos0', ... (256 bytes))
1787780530: Received PUBLISH from ESP32_000000 (d0, q0, r0, m0, 'ch21/lossy/qos0', ... (256 bytes))
1787780530: Sending PUBLISH to ch21bridge-3574702 (d0, q0, r0, m0, 'ch21/lossy/qos0', ... (256 bytes))
1787780530: Received PUBLISH from ESP32_000000 (d0, q0, r0, m0, 'ch21/lossy/qos0', ... (256 bytes))
1787780530: Sending PUBLISH to ch21bridge-3574702 (d0, q0, r0, m0, 'ch21/lossy/qos0', ... (256 bytes))
1787780530: Received PUBLISH from ESP32_000000 (d0, q0, r0, m0, 'ch21/lossy/qos0', ... (256 bytes))
1787780530: Sending PUBLISH to ch21bridge-3574702 (d0, q0, r0, m0, 'ch21/lossy/qos0', ... (256 bytes))
1787780530: Received PUBLISH from ESP32_000000 (d0, q0, r0, m0, 'ch21/lossy/qos0', ... (256 bytes))
1787780530: Sending PUBLISH to ch21bridge-3574702 (d0, q0, r0, m0, 'ch21/lossy/qos0', ... (256 bytes))
1787780530: Received PUBLISH from ESP32_000000 (d0, q0, r0, m0, 'ch21/lossy/qos0', ... (256 bytes))
1787780530: Sending PUBLISH to ch21bridge-3574702 (d0, q0, r0, m0, 'ch21/lossy/qos0', ... (256 bytes))
1787780530: Received PUBLISH from ESP32_000000 (d0, q0, r0, m0, 'ch21/lossy/qos0', ... (256 bytes))
1787780530: Sending PUBLISH to ch21bridge-3574702 (d0, q0, r0, m0, 'ch21/lossy/qos0', ... (256 bytes))
1787780530: Received PUBLISH from ESP32_000000 (d0, q0, r0, m0, 'ch21/lossy/qos0', ... (256 bytes))
1787780530: Sending PUBLISH to ch21bridge-3574702 (d0, q0, r0, m0, 'ch21/lossy/qos0', ... (256 bytes))
1787780530: Received PUBLISH from ESP32_000000 (d0, q0, r0, m0, 'ch21/lossy/qos0', ... (256 bytes))
1787780530: Sending PUBLISH to ch21bridge-3574702 (d0, q0, r0, m0, 'ch21/lossy/qos0', ... (256 bytes))
1787780530: Received PUBLISH from ESP32_000000 (d0, q0, r0, m0, 'ch21/lossy/qos0', ... (256 bytes))
1787780530: Sending PUBLISH to ch21bridge-3574702 (d0, q0, r0, m0, 'ch21/lossy/qos0', ... (256 bytes))
1787780530: Received PUBLISH from ESP32_000000 (d0, q0, r0, m0, 'ch21/lossy/qos0', ... (256 bytes))
1787780530: Sending PUBLISH to ch21bridge-3574702 (d0, q0, r0, m0, 'ch21/lossy/qos0', ... (256 bytes))
1787780530: Received PUBLISH from ESP32_000000 (d0, q0, r0, m0, 'ch21/lossy/qos0', ... (256 bytes))
1787780530: Sending PUBLISH to ch21bridge-3574702 (d0, q0, r0, m0, 'ch21/lossy/qos0', ... (256 bytes))
1787780530: Received PUBLISH from ESP32_000000 (d0, q0, r0, m0, 'ch21/lossy/qos0', ... (256 bytes))
1787780530: Sending PUBLISH to ch21bridge-3574702 (d0, q0, r0, m0, 'ch21/lossy/qos0', ... (256 bytes))
1787780530: Received PUBLISH from ESP32_000000 (d0, q0, r0, m0, 'ch21/lossy/qos0', ... (256 bytes))
1787780530: Sending PUBLISH to ch21bridge-3574702 (d0, q0, r0, m0, 'ch21/lossy/qos0', ... (256 bytes))
1787780530: Received PUBLISH from ESP32_000000 (d0, q0, r0, m0, 'ch21/lossy/qos0', ... (256 bytes))
1787780530: Sending PUBLISH to ch21bridge-3574702 (d0, q0, r0, m0, 'ch21/lossy/qos0', ... (256 bytes))
1787780530: Received PUBLISH from ESP32_000000 (d0, q0, r0, m0, 'ch21/lossy/qos0', ... (256 bytes))
1787780530: Sending PUBLISH to ch21bridge-3574702 (d0, q0, r0, m0, 'ch21/lossy/qos0', ... (256 bytes))
1787780530: Received PUBLISH from ESP32_000000 (d0, q0, r0, m0, 'ch21/lossy/qos0', ... (256 bytes))
1787780530: Sending PUBLISH to ch21bridge-3574702 (d0, q0, r0, m0, 'ch21/lossy/qos0', ... (256 bytes))
1787780532: Received PUBLISH from ESP32_000000 (d0, q0, r0, m0, 'ch21/lossy/qos0', ... (256 bytes))
1787780532: Sending PUBLISH to ch21bridge-3574702 (d0, q0, r0, m0, 'ch21/lossy/qos0', ... (256 bytes))
1787780532: Received PUBLISH from ESP32_000000 (d0, q0, r0, m0, 'ch21/lossy/qos0', ... (256 bytes))
1787780532: Sending PUBLISH to ch21bridge-3574702 (d0, q0, r0, m0, 'ch21/lossy/qos0', ... (256 bytes))
1787780532: Received PUBLISH from ESP32_000000 (d0, q0, r0, m0, 'ch21/lossy/qos0', ... (256 bytes))
1787780532: Sending PUBLISH to ch21bridge-3574702 (d0, q0, r0, m0, 'ch21/lossy/qos0', ... (256 bytes))
1787780532: Received PUBLISH from ESP32_000000 (d0, q0, r0, m0, 'ch21/lossy/qos0', ... (256 bytes))
1787780532: Sending PUBLISH to ch21bridge-3574702 (d0, q0, r0, m0, 'ch21/lossy/qos0', ... (256 bytes))
1787780532: Received PUBLISH from ESP32_000000 (d0, q0, r0, m0, 'ch21/lossy/qos0', ... (256 bytes))
1787780532: Sending PUBLISH to ch21bridge-3574702 (d0, q0, r0, m0, 'ch21/lossy/qos0', ... (256 bytes))
1787780532: Received PINGREQ from ESP32_000000
1787780532: Sending PINGRESP to ESP32_000000
1787780535: Received PINGREQ from ESP32_000000
1787780535: Sending PINGRESP to ESP32_000000
1787780538: Received PINGREQ from ESP32_000000
1787780538: Sending PINGRESP to ESP32_000000
1787780540: Received PUBLISH from ESP32_000000 (d0, q1, r0, m3351, 'ch21/lossy/qos1', ... (256 bytes))
1787780540: Sending PUBLISH to ch21bridge-3574702 (d0, q1, r0, m218, 'ch21/lossy/qos1', ... (256 bytes))
1787780540: Sending PUBACK to ESP32_000000 (m3351, rc0)
1787780540: Received PUBACK from ch21bridge-3574702 (Mid: 218, RC:0)
1787780541: Received PUBLISH from ESP32_000000 (d0, q1, r0, m52797, 'ch21/lossy/qos1', ... (256 bytes))
1787780541: Sending PUBLISH to ch21bridge-3574702 (d0, q1, r0, m219, 'ch21/lossy/qos1', ... (256 bytes))
1787780541: Sending PUBACK to ESP32_000000 (m52797, rc0)
1787780541: Received PUBLISH from ESP32_000000 (d0, q1, r0, m1233, 'ch21/lossy/qos1', ... (256 bytes))
1787780541: Sending PUBLISH to ch21bridge-3574702 (d0, q1, r0, m220, 'ch21/lossy/qos1', ... (256 bytes))
1787780541: Sending PUBACK to ESP32_000000 (m1233, rc0)
1787780541: Received PUBLISH from ESP32_000000 (d0, q1, r0, m13418, 'ch21/lossy/qos1', ... (256 bytes))
1787780541: Sending PUBLISH to ch21bridge-3574702 (d0, q1, r0, m221, 'ch21/lossy/qos1', ... (256 bytes))
1787780541: Sending PUBACK to ESP32_000000 (m13418, rc0)
1787780541: Received PUBLISH from ESP32_000000 (d0, q1, r0, m52883, 'ch21/lossy/qos1', ... (256 bytes))
1787780541: Sending PUBLISH to ch21bridge-3574702 (d0, q1, r0, m222, 'ch21/lossy/qos1', ... (256 bytes))
1787780541: Sending PUBACK to ESP32_000000 (m52883, rc0)
1787780541: Received PUBLISH from ESP32_000000 (d0, q1, r0, m28915, 'ch21/lossy/qos1', ... (256 bytes))
1787780541: Sending PUBLISH to ch21bridge-3574702 (d0, q1, r0, m223, 'ch21/lossy/qos1', ... (256 bytes))
1787780541: Sending PUBACK to ESP32_000000 (m28915, rc0)
1787780541: Received PUBLISH from ESP32_000000 (d0, q1, r0, m10336, 'ch21/lossy/qos1', ... (256 bytes))
1787780541: Sending PUBLISH to ch21bridge-3574702 (d0, q1, r0, m224, 'ch21/lossy/qos1', ... (256 bytes))
1787780541: Sending PUBACK to ESP32_000000 (m10336, rc0)
1787780541: Received PUBLISH from ESP32_000000 (d0, q1, r0, m56839, 'ch21/lossy/qos1', ... (256 bytes))
1787780541: Sending PUBLISH to ch21bridge-3574702 (d0, q1, r0, m225, 'ch21/lossy/qos1', ... (256 bytes))
1787780541: Sending PUBACK to ESP32_000000 (m56839, rc0)
1787780541: Received PUBLISH from ESP32_000000 (d0, q1, r0, m35300, 'ch21/lossy/qos1', ... (256 bytes))
1787780541: Sending PUBLISH to ch21bridge-3574702 (d0, q1, r0, m226, 'ch21/lossy/qos1', ... (256 bytes))
1787780541: Sending PUBACK to ESP32_000000 (m35300, rc0)
1787780541: Received PUBLISH from ESP32_000000 (d0, q1, r0, m17479, 'ch21/lossy/qos1', ... (256 bytes))
1787780541: Sending PUBLISH to ch21bridge-3574702 (d0, q1, r0, m227, 'ch21/lossy/qos1', ... (256 bytes))
1787780541: Sending PUBACK to ESP32_000000 (m17479, rc0)
1787780541: Received PUBLISH from ESP32_000000 (d0, q1, r0, m204, 'ch21/lossy/qos1', ... (256 bytes))
1787780541: Sending PUBLISH to ch21bridge-3574702 (d0, q1, r0, m228, 'ch21/lossy/qos1', ... (256 bytes))
1787780541: Sending PUBACK to ESP32_000000 (m204, rc0)
1787780541: Received PUBLISH from ESP32_000000 (d0, q1, r0, m59361, 'ch21/lossy/qos1', ... (256 bytes))
1787780541: Sending PUBLISH to ch21bridge-3574702 (d0, q1, r0, m229, 'ch21/lossy/qos1', ... (256 bytes))
1787780541: Sending PUBACK to ESP32_000000 (m59361, rc0)
1787780541: Received PUBACK from ch21bridge-3574702 (Mid: 219, RC:0)
1787780541: Received PUBACK from ch21bridge-3574702 (Mid: 220, RC:0)
1787780541: Received PUBACK from ch21bridge-3574702 (Mid: 221, RC:0)
1787780541: Received PUBACK from ch21bridge-3574702 (Mid: 222, RC:0)
1787780541: Received PUBACK from ch21bridge-3574702 (Mid: 223, RC:0)
1787780541: Received PUBACK from ch21bridge-3574702 (Mid: 224, RC:0)
1787780541: Received PUBACK from ch21bridge-3574702 (Mid: 225, RC:0)
1787780541: Received PUBACK from ch21bridge-3574702 (Mid: 226, RC:0)
1787780541: Received PUBACK from ch21bridge-3574702 (Mid: 227, RC:0)
1787780541: Received PUBACK from ch21bridge-3574702 (Mid: 228, RC:0)
1787780541: Received PUBACK from ch21bridge-3574702 (Mid: 229, RC:0)
1787780541: Received PUBLISH from ESP32_000000 (d0, q1, r0, m15937, 'ch21/lossy/qos1', ... (256 bytes))
1787780541: Sending PUBLISH to ch21bridge-3574702 (d0, q1, r0, m230, 'ch21/lossy/qos1', ... (256 bytes))
1787780541: Sending PUBACK to ESP32_000000 (m15937, rc0)
1787780541: Received PUBACK from ch21bridge-3574702 (Mid: 230, RC:0)
1787780541: Received PUBLISH from ESP32_000000 (d1, q1, r0, m1233, 'ch21/lossy/qos1', ... (256 bytes))
1787780541: Sending PUBLISH to ch21bridge-3574702 (d0, q1, r0, m231, 'ch21/lossy/qos1', ... (256 bytes))
1787780541: Sending PUBACK to ESP32_000000 (m1233, rc0)
1787780541: Received PUBACK from ch21bridge-3574702 (Mid: 231, RC:0)
1787780541: Received PINGREQ from ESP32_000000
1787780541: Sending PINGRESP to ESP32_000000
1787780543: Received PUBLISH from ESP32_000000 (d0, q1, r0, m59055, 'ch21/lossy/qos1', ... (256 bytes))
1787780543: Sending PUBLISH to ch21bridge-3574702 (d0, q1, r0, m232, 'ch21/lossy/qos1', ... (256 bytes))
1787780543: Sending PUBACK to ESP32_000000 (m59055, rc0)
1787780543: Received PUBLISH from ESP32_000000 (d0, q1, r0, m47583, 'ch21/lossy/qos1', ... (256 bytes))
1787780543: Sending PUBLISH to ch21bridge-3574702 (d0, q1, r0, m233, 'ch21/lossy/qos1', ... (256 bytes))
1787780543: Sending PUBACK to ESP32_000000 (m47583, rc0)
1787780543: Received PUBLISH from ESP32_000000 (d0, q1, r0, m12341, 'ch21/lossy/qos1', ... (256 bytes))
1787780543: Sending PUBLISH to ch21bridge-3574702 (d0, q1, r0, m234, 'ch21/lossy/qos1', ... (256 bytes))
1787780543: Sending PUBACK to ESP32_000000 (m12341, rc0)
1787780543: Received PUBLISH from ESP32_000000 (d0, q1, r0, m42243, 'ch21/lossy/qos1', ... (256 bytes))
1787780543: Sending PUBLISH to ch21bridge-3574702 (d0, q1, r0, m235, 'ch21/lossy/qos1', ... (256 bytes))
1787780543: Sending PUBACK to ESP32_000000 (m42243, rc0)
1787780543: Received PUBLISH from ESP32_000000 (d0, q1, r0, m14476, 'ch21/lossy/qos1', ... (256 bytes))
1787780543: Sending PUBLISH to ch21bridge-3574702 (d0, q1, r0, m236, 'ch21/lossy/qos1', ... (256 bytes))
1787780543: Sending PUBACK to ESP32_000000 (m14476, rc0)
1787780543: Received PUBLISH from ESP32_000000 (d0, q1, r0, m37179, 'ch21/lossy/qos1', ... (256 bytes))
1787780543: Sending PUBLISH to ch21bridge-3574702 (d0, q1, r0, m237, 'ch21/lossy/qos1', ... (256 bytes))
1787780543: Sending PUBACK to ESP32_000000 (m37179, rc0)
1787780543: Received PUBACK from ch21bridge-3574702 (Mid: 232, RC:0)
1787780543: Received PUBACK from ch21bridge-3574702 (Mid: 233, RC:0)
1787780543: Received PUBLISH from ESP32_000000 (d0, q1, r0, m28773, 'ch21/lossy/qos1', ... (256 bytes))
1787780543: Sending PUBLISH to ch21bridge-3574702 (d0, q1, r0, m238, 'ch21/lossy/qos1', ... (256 bytes))
1787780543: Sending PUBACK to ESP32_000000 (m28773, rc0)
1787780543: Received PUBACK from ch21bridge-3574702 (Mid: 234, RC:0)
1787780543: Received PUBLISH from ESP32_000000 (d0, q1, r0, m24026, 'ch21/lossy/qos1', ... (256 bytes))
1787780543: Sending PUBLISH to ch21bridge-3574702 (d0, q1, r0, m239, 'ch21/lossy/qos1', ... (256 bytes))
1787780543: Sending PUBACK to ESP32_000000 (m24026, rc0)
1787780543: Received PUBACK from ch21bridge-3574702 (Mid: 235, RC:0)
1787780543: Received PUBLISH from ESP32_000000 (d0, q1, r0, m57037, 'ch21/lossy/qos1', ... (256 bytes))
1787780543: Sending PUBLISH to ch21bridge-3574702 (d0, q1, r0, m240, 'ch21/lossy/qos1', ... (256 bytes))
1787780543: Sending PUBACK to ESP32_000000 (m57037, rc0)
1787780543: Received PUBACK from ch21bridge-3574702 (Mid: 236, RC:0)
1787780543: Received PUBLISH from ESP32_000000 (d0, q1, r0, m5527, 'ch21/lossy/qos1', ... (256 bytes))
1787780543: Sending PUBLISH to ch21bridge-3574702 (d0, q1, r0, m241, 'ch21/lossy/qos1', ... (256 bytes))
1787780543: Sending PUBACK to ESP32_000000 (m5527, rc0)
1787780543: Received PUBACK from ch21bridge-3574702 (Mid: 237, RC:0)
1787780543: Received PUBLISH from ESP32_000000 (d0, q1, r0, m6402, 'ch21/lossy/qos1', ... (256 bytes))
1787780543: Sending PUBLISH to ch21bridge-3574702 (d0, q1, r0, m242, 'ch21/lossy/qos1', ... (256 bytes))
1787780543: Sending PUBACK to ESP32_000000 (m6402, rc0)
1787780543: Received PUBACK from ch21bridge-3574702 (Mid: 238, RC:0)
1787780543: Received PUBACK from ch21bridge-3574702 (Mid: 239, RC:0)
1787780543: Received PUBACK from ch21bridge-3574702 (Mid: 240, RC:0)
1787780543: Received PUBACK from ch21bridge-3574702 (Mid: 241, RC:0)
1787780543: Received PUBACK from ch21bridge-3574702 (Mid: 242, RC:0)
1787780543: Received PUBLISH from ESP32_000000 (d0, q1, r0, m12481, 'ch21/lossy/qos1', ... (256 bytes))
1787780543: Sending PUBLISH to ch21bridge-3574702 (d0, q1, r0, m243, 'ch21/lossy/qos1', ... (256 bytes))
1787780543: Sending PUBACK to ESP32_000000 (m12481, rc0)
1787780543: Received PUBACK from ch21bridge-3574702 (Mid: 243, RC:0)
1787780543: Received PUBLISH from ESP32_000000 (d1, q1, r0, m47583, 'ch21/lossy/qos1', ... (256 bytes))
1787780543: Sending PUBLISH to ch21bridge-3574702 (d0, q1, r0, m244, 'ch21/lossy/qos1', ... (256 bytes))
1787780543: Sending PUBACK to ESP32_000000 (m47583, rc0)
1787780543: Received PUBACK from ch21bridge-3574702 (Mid: 244, RC:0)
1787780543: Received PUBLISH from ESP32_000000 (d0, q1, r0, m11211, 'ch21/lossy/qos1', ... (256 bytes))
1787780543: Sending PUBLISH to ch21bridge-3574702 (d0, q1, r0, m245, 'ch21/lossy/qos1', ... (256 bytes))
1787780543: Sending PUBACK to ESP32_000000 (m11211, rc0)
1787780543: Received PUBACK from ch21bridge-3574702 (Mid: 245, RC:0)
1787780543: Received PUBLISH from ESP32_000000 (d0, q1, r0, m16823, 'ch21/lossy/qos1', ... (256 bytes))
1787780543: Sending PUBLISH to ch21bridge-3574702 (d0, q1, r0, m246, 'ch21/lossy/qos1', ... (256 bytes))
1787780543: Sending PUBACK to ESP32_000000 (m16823, rc0)
1787780543: Received PUBACK from ch21bridge-3574702 (Mid: 246, RC:0)
1787780543: Received PUBLISH from ESP32_000000 (d0, q1, r0, m10107, 'ch21/lossy/qos1', ... (256 bytes))
1787780543: Sending PUBLISH to ch21bridge-3574702 (d0, q1, r0, m247, 'ch21/lossy/qos1', ... (256 bytes))
1787780543: Sending PUBACK to ESP32_000000 (m10107, rc0)
1787780543: Received PUBACK from ch21bridge-3574702 (Mid: 247, RC:0)
1787780543: Received PUBLISH from ESP32_000000 (d0, q1, r0, m57015, 'ch21/lossy/qos1', ... (256 bytes))
1787780543: Sending PUBLISH to ch21bridge-3574702 (d0, q1, r0, m248, 'ch21/lossy/qos1', ... (256 bytes))
1787780543: Sending PUBACK to ESP32_000000 (m57015, rc0)
1787780543: Received PUBACK from ch21bridge-3574702 (Mid: 248, RC:0)
1787780544: Received PUBLISH from ESP32_000000 (d0, q1, r0, m41018, 'ch21/lossy/qos1', ... (256 bytes))
1787780544: Sending PUBLISH to ch21bridge-3574702 (d0, q1, r0, m249, 'ch21/lossy/qos1', ... (256 bytes))
1787780544: Sending PUBACK to ESP32_000000 (m41018, rc0)
1787780544: Received PUBLISH from ESP32_000000 (d0, q1, r0, m14250, 'ch21/lossy/qos1', ... (256 bytes))
1787780544: Sending PUBLISH to ch21bridge-3574702 (d0, q1, r0, m250, 'ch21/lossy/qos1', ... (256 bytes))
1787780544: Sending PUBACK to ESP32_000000 (m14250, rc0)
1787780544: Received PUBLISH from ESP32_000000 (d0, q1, r0, m41496, 'ch21/lossy/qos1', ... (256 bytes))
1787780544: Sending PUBLISH to ch21bridge-3574702 (d0, q1, r0, m251, 'ch21/lossy/qos1', ... (256 bytes))
1787780544: Sending PUBACK to ESP32_000000 (m41496, rc0)
1787780544: Received PUBLISH from ESP32_000000 (d0, q1, r0, m65525, 'ch21/lossy/qos1', ... (256 bytes))
1787780544: Sending PUBLISH to ch21bridge-3574702 (d0, q1, r0, m252, 'ch21/lossy/qos1', ... (256 bytes))
1787780544: Sending PUBACK to ESP32_000000 (m65525, rc0)
1787780544: Received PUBLISH from ESP32_000000 (d0, q1, r0, m16946, 'ch21/lossy/qos1', ... (256 bytes))
1787780544: Sending PUBLISH to ch21bridge-3574702 (d0, q1, r0, m253, 'ch21/lossy/qos1', ... (256 bytes))
1787780544: Sending PUBACK to ESP32_000000 (m16946, rc0)
1787780544: Received PUBLISH from ESP32_000000 (d0, q1, r0, m53285, 'ch21/lossy/qos1', ... (256 bytes))
1787780544: Sending PUBLISH to ch21bridge-3574702 (d0, q1, r0, m254, 'ch21/lossy/qos1', ... (256 bytes))
1787780544: Sending PUBACK to ESP32_000000 (m53285, rc0)
1787780544: Received PUBACK from ch21bridge-3574702 (Mid: 249, RC:0)
1787780544: Received PUBACK from ch21bridge-3574702 (Mid: 250, RC:0)
1787780544: Received PUBACK from ch21bridge-3574702 (Mid: 251, RC:0)
1787780544: Received PUBACK from ch21bridge-3574702 (Mid: 252, RC:0)
1787780544: Received PUBACK from ch21bridge-3574702 (Mid: 253, RC:0)
1787780544: Received PUBACK from ch21bridge-3574702 (Mid: 254, RC:0)
1787780546: Received PUBLISH from ESP32_000000 (d0, q1, r0, m57049, 'ch21/lossy/qos1', ... (256 bytes))
1787780546: Sending PUBLISH to ch21bridge-3574702 (d0, q1, r0, m255, 'ch21/lossy/qos1', ... (256 bytes))
1787780546: Sending PUBACK to ESP32_000000 (m57049, rc0)
1787780546: Received PUBLISH from ESP32_000000 (d0, q1, r0, m41359, 'ch21/lossy/qos1', ... (256 bytes))
1787780546: Sending PUBLISH to ch21bridge-3574702 (d0, q1, r0, m256, 'ch21/lossy/qos1', ... (256 bytes))
1787780546: Sending PUBACK to ESP32_000000 (m41359, rc0)
1787780546: Received PUBLISH from ESP32_000000 (d0, q1, r0, m7954, 'ch21/lossy/qos1', ... (256 bytes))
1787780546: Sending PUBLISH to ch21bridge-3574702 (d0, q1, r0, m257, 'ch21/lossy/qos1', ... (256 bytes))
1787780546: Sending PUBACK to ESP32_000000 (m7954, rc0)
1787780546: Received PUBLISH from ESP32_000000 (d0, q1, r0, m16677, 'ch21/lossy/qos1', ... (256 bytes))
1787780546: Sending PUBLISH to ch21bridge-3574702 (d0, q1, r0, m258, 'ch21/lossy/qos1', ... (256 bytes))
1787780546: Sending PUBACK to ESP32_000000 (m16677, rc0)
1787780546: Received PUBLISH from ESP32_000000 (d0, q1, r0, m57944, 'ch21/lossy/qos1', ... (256 bytes))
1787780546: Sending PUBLISH to ch21bridge-3574702 (d0, q1, r0, m259, 'ch21/lossy/qos1', ... (256 bytes))
1787780546: Sending PUBACK to ESP32_000000 (m57944, rc0)
1787780546: Received PUBLISH from ESP32_000000 (d0, q1, r0, m65255, 'ch21/lossy/qos1', ... (256 bytes))
1787780546: Sending PUBLISH to ch21bridge-3574702 (d0, q1, r0, m260, 'ch21/lossy/qos1', ... (256 bytes))
1787780546: Sending PUBACK to ESP32_000000 (m65255, rc0)
1787780546: Received PUBLISH from ESP32_000000 (d1, q1, r0, m14250, 'ch21/lossy/qos1', ... (256 bytes))
1787780546: Sending PUBLISH to ch21bridge-3574702 (d0, q1, r0, m261, 'ch21/lossy/qos1', ... (256 bytes))
1787780546: Sending PUBACK to ESP32_000000 (m14250, rc0)
1787780546: Received PUBACK from ch21bridge-3574702 (Mid: 255, RC:0)
1787780546: Received PINGREQ from ESP32_000000
1787780546: Sending PINGRESP to ESP32_000000
1787780546: Received PUBLISH from ESP32_000000 (d0, q1, r0, m46999, 'ch21/lossy/qos1', ... (256 bytes))
1787780546: Sending PUBLISH to ch21bridge-3574702 (d0, q1, r0, m262, 'ch21/lossy/qos1', ... (256 bytes))
1787780546: Sending PUBACK to ESP32_000000 (m46999, rc0)
1787780546: Received PUBLISH from ESP32_000000 (d0, q1, r0, m8769, 'ch21/lossy/qos1', ... (256 bytes))
1787780546: Sending PUBLISH to ch21bridge-3574702 (d0, q1, r0, m263, 'ch21/lossy/qos1', ... (256 bytes))
1787780546: Sending PUBACK to ESP32_000000 (m8769, rc0)
1787780546: Received PUBLISH from ESP32_000000 (d0, q1, r0, m54712, 'ch21/lossy/qos1', ... (256 bytes))
1787780546: Sending PUBLISH to ch21bridge-3574702 (d0, q1, r0, m264, 'ch21/lossy/qos1', ... (256 bytes))
1787780546: Sending PUBACK to ESP32_000000 (m54712, rc0)
1787780546: Received PUBACK from ch21bridge-3574702 (Mid: 256, RC:0)
1787780546: Received PUBACK from ch21bridge-3574702 (Mid: 257, RC:0)
1787780546: Received PUBACK from ch21bridge-3574702 (Mid: 258, RC:0)
1787780546: Received PUBACK from ch21bridge-3574702 (Mid: 259, RC:0)
1787780546: Received PUBACK from ch21bridge-3574702 (Mid: 260, RC:0)
1787780546: Received PUBACK from ch21bridge-3574702 (Mid: 261, RC:0)
1787780546: Received PUBACK from ch21bridge-3574702 (Mid: 262, RC:0)
1787780546: Received PUBACK from ch21bridge-3574702 (Mid: 263, RC:0)
1787780546: Received PUBACK from ch21bridge-3574702 (Mid: 264, RC:0)
1787780551: Client ESP32_000000 disconnected: Success.
1787780554: New connection from 127.0.0.1:50634 on port 1883.
1787780554: New client connected from 127.0.0.1:50634 as ESP32_000000 (p2, c1, k5).
1787780554: No will message specified.
1787780554: Sending CONNACK to ESP32_000000 (0, 0)
1787780554: Received PUBLISH from ESP32_000000 (d0, q1, r0, m43247, 'ch21/lossy/qos1', ... (256 bytes))
1787780554: Sending PUBLISH to ch21bridge-3574702 (d0, q1, r0, m265, 'ch21/lossy/qos1', ... (256 bytes))
1787780554: Sending PUBACK to ESP32_000000 (m43247, rc0)
1787780554: Received PUBACK from ch21bridge-3574702 (Mid: 265, RC:0)
1787780554: Received PUBLISH from ESP32_000000 (d0, q1, r0, m44764, 'ch21/lossy/qos1', ... (256 bytes))
1787780554: Sending PUBLISH to ch21bridge-3574702 (d0, q1, r0, m266, 'ch21/lossy/qos1', ... (256 bytes))
1787780554: Sending PUBACK to ESP32_000000 (m44764, rc0)
1787780554: Received PUBACK from ch21bridge-3574702 (Mid: 266, RC:0)
1787780554: Received PUBLISH from ESP32_000000 (d1, q1, r0, m57944, 'ch21/lossy/qos1', ... (256 bytes))
1787780554: Sending PUBLISH to ch21bridge-3574702 (d0, q1, r0, m267, 'ch21/lossy/qos1', ... (256 bytes))
1787780554: Sending PUBACK to ESP32_000000 (m57944, rc0)
1787780554: Received PUBACK from ch21bridge-3574702 (Mid: 267, RC:0)
1787780554: Received PUBLISH from ESP32_000000 (d0, q1, r0, m3168, 'ch21/lossy/qos1', ... (256 bytes))
1787780554: Sending PUBLISH to ch21bridge-3574702 (d0, q1, r0, m268, 'ch21/lossy/qos1', ... (256 bytes))
1787780554: Sending PUBACK to ESP32_000000 (m3168, rc0)
1787780554: Received PUBACK from ch21bridge-3574702 (Mid: 268, RC:0)
1787780554: Received PUBLISH from ESP32_000000 (d0, q1, r0, m5633, 'ch21/lossy/qos1', ... (256 bytes))
1787780554: Sending PUBLISH to ch21bridge-3574702 (d0, q1, r0, m269, 'ch21/lossy/qos1', ... (256 bytes))
1787780554: Sending PUBACK to ESP32_000000 (m5633, rc0)
1787780554: Received PUBACK from ch21bridge-3574702 (Mid: 269, RC:0)
1787780554: Received PUBLISH from ESP32_000000 (d0, q1, r0, m30830, 'ch21/lossy/qos1', ... (256 bytes))
1787780554: Sending PUBLISH to ch21bridge-3574702 (d0, q1, r0, m270, 'ch21/lossy/qos1', ... (256 bytes))
1787780554: Sending PUBACK to ESP32_000000 (m30830, rc0)
1787780554: Received PUBACK from ch21bridge-3574702 (Mid: 270, RC:0)
1787780554: Received PUBLISH from ESP32_000000 (d0, q1, r0, m5181, 'ch21/lossy/qos1', ... (256 bytes))
1787780554: Sending PUBLISH to ch21bridge-3574702 (d0, q1, r0, m271, 'ch21/lossy/qos1', ... (256 bytes))
1787780554: Sending PUBACK to ESP32_000000 (m5181, rc0)
1787780554: Received PUBACK from ch21bridge-3574702 (Mid: 271, RC:0)
1787780554: Received PUBLISH from ESP32_000000 (d0, q1, r0, m56135, 'ch21/lossy/qos1', ... (256 bytes))
1787780554: Sending PUBLISH to ch21bridge-3574702 (d0, q1, r0, m272, 'ch21/lossy/qos1', ... (256 bytes))
1787780554: Sending PUBACK to ESP32_000000 (m56135, rc0)
1787780554: Received PUBACK from ch21bridge-3574702 (Mid: 272, RC:0)
1787780555: Received PUBLISH from ESP32_000000 (d0, q1, r0, m22, 'ch21/lossy/qos1', ... (256 bytes))
1787780555: Sending PUBLISH to ch21bridge-3574702 (d0, q1, r0, m273, 'ch21/lossy/qos1', ... (256 bytes))
1787780555: Sending PUBACK to ESP32_000000 (m22, rc0)
1787780555: Received PUBACK from ch21bridge-3574702 (Mid: 273, RC:0)
1787780556: Received PUBLISH from ESP32_000000 (d0, q1, r0, m60554, 'ch21/lossy/qos1', ... (256 bytes))
1787780556: Sending PUBLISH to ch21bridge-3574702 (d0, q1, r0, m274, 'ch21/lossy/qos1', ... (256 bytes))
1787780556: Sending PUBACK to ESP32_000000 (m60554, rc0)
1787780556: Received PUBLISH from ESP32_000000 (d0, q1, r0, m18843, 'ch21/lossy/qos1', ... (256 bytes))
1787780556: Sending PUBLISH to ch21bridge-3574702 (d0, q1, r0, m275, 'ch21/lossy/qos1', ... (256 bytes))
1787780556: Sending PUBACK to ESP32_000000 (m18843, rc0)
1787780556: Received PUBLISH from ESP32_000000 (d0, q1, r0, m35550, 'ch21/lossy/qos1', ... (256 bytes))
1787780556: Sending PUBLISH to ch21bridge-3574702 (d0, q1, r0, m276, 'ch21/lossy/qos1', ... (256 bytes))
1787780556: Sending PUBACK to ESP32_000000 (m35550, rc0)
1787780556: Received PUBLISH from ESP32_000000 (d0, q1, r0, m54853, 'ch21/lossy/qos1', ... (256 bytes))
1787780556: Sending PUBLISH to ch21bridge-3574702 (d0, q1, r0, m277, 'ch21/lossy/qos1', ... (256 bytes))
1787780556: Sending PUBACK to ESP32_000000 (m54853, rc0)
1787780556: Received PUBLISH from ESP32_000000 (d0, q1, r0, m31994, 'ch21/lossy/qos1', ... (256 bytes))
1787780556: Sending PUBLISH to ch21bridge-3574702 (d0, q1, r0, m278, 'ch21/lossy/qos1', ... (256 bytes))
1787780556: Sending PUBACK to ESP32_000000 (m31994, rc0)
1787780556: Received PUBLISH from ESP32_000000 (d0, q1, r0, m63205, 'ch21/lossy/qos1', ... (256 bytes))
1787780556: Sending PUBLISH to ch21bridge-3574702 (d0, q1, r0, m279, 'ch21/lossy/qos1', ... (256 bytes))
1787780556: Sending PUBACK to ESP32_000000 (m63205, rc0)
1787780556: Received PUBLISH from ESP32_000000 (d0, q1, r0, m29926, 'ch21/lossy/qos1', ... (256 bytes))
1787780556: Sending PUBLISH to ch21bridge-3574702 (d0, q1, r0, m280, 'ch21/lossy/qos1', ... (256 bytes))
1787780556: Sending PUBACK to ESP32_000000 (m29926, rc0)
1787780556: Received PUBLISH from ESP32_000000 (d0, q1, r0, m30851, 'ch21/lossy/qos1', ... (256 bytes))
1787780556: Sending PUBLISH to ch21bridge-3574702 (d0, q1, r0, m281, 'ch21/lossy/qos1', ... (256 bytes))
1787780556: Sending PUBACK to ESP32_000000 (m30851, rc0)
1787780556: Received PUBLISH from ESP32_000000 (d0, q1, r0, m47434, 'ch21/lossy/qos1', ... (256 bytes))
1787780556: Sending PUBLISH to ch21bridge-3574702 (d0, q1, r0, m282, 'ch21/lossy/qos1', ... (256 bytes))
1787780556: Sending PUBACK to ESP32_000000 (m47434, rc0)
1787780556: Received PUBLISH from ESP32_000000 (d0, q1, r0, m49193, 'ch21/lossy/qos1', ... (256 bytes))
1787780556: Sending PUBLISH to ch21bridge-3574702 (d0, q1, r0, m283, 'ch21/lossy/qos1', ... (256 bytes))
1787780556: Sending PUBACK to ESP32_000000 (m49193, rc0)
1787780556: Received PUBLISH from ESP32_000000 (d0, q1, r0, m60420, 'ch21/lossy/qos1', ... (256 bytes))
1787780556: Sending PUBLISH to ch21bridge-3574702 (d0, q1, r0, m284, 'ch21/lossy/qos1', ... (256 bytes))
1787780556: Sending PUBACK to ESP32_000000 (m60420, rc0)
1787780556: Received PUBACK from ch21bridge-3574702 (Mid: 274, RC:0)
1787780556: Received PUBACK from ch21bridge-3574702 (Mid: 275, RC:0)
1787780556: Received PUBACK from ch21bridge-3574702 (Mid: 276, RC:0)
1787780556: Received PUBACK from ch21bridge-3574702 (Mid: 277, RC:0)
1787780556: Received PUBACK from ch21bridge-3574702 (Mid: 278, RC:0)
1787780556: Received PUBACK from ch21bridge-3574702 (Mid: 279, RC:0)
1787780556: Received PUBACK from ch21bridge-3574702 (Mid: 280, RC:0)
1787780556: Received PUBLISH from ESP32_000000 (d0, q1, r0, m24288, 'ch21/lossy/qos1', ... (256 bytes))
1787780556: Sending PUBLISH to ch21bridge-3574702 (d0, q1, r0, m285, 'ch21/lossy/qos1', ... (256 bytes))
1787780556: Sending PUBACK to ESP32_000000 (m24288, rc0)
1787780556: Received PUBACK from ch21bridge-3574702 (Mid: 281, RC:0)
1787780556: Received PUBACK from ch21bridge-3574702 (Mid: 282, RC:0)
1787780556: Received PUBACK from ch21bridge-3574702 (Mid: 283, RC:0)
1787780556: Received PUBACK from ch21bridge-3574702 (Mid: 284, RC:0)
1787780556: Received PUBACK from ch21bridge-3574702 (Mid: 285, RC:0)
1787780556: Received PUBLISH from ESP32_000000 (d1, q1, r0, m65255, 'ch21/lossy/qos1', ... (256 bytes))
1787780556: Sending PUBLISH to ch21bridge-3574702 (d0, q1, r0, m286, 'ch21/lossy/qos1', ... (256 bytes))
1787780556: Sending PUBACK to ESP32_000000 (m65255, rc0)
1787780556: Received PUBACK from ch21bridge-3574702 (Mid: 286, RC:0)
1787780556: Received PUBLISH from ESP32_000000 (d0, q1, r0, m7624, 'ch21/lossy/qos1', ... (256 bytes))
1787780556: Sending PUBLISH to ch21bridge-3574702 (d0, q1, r0, m287, 'ch21/lossy/qos1', ... (256 bytes))
1787780556: Sending PUBACK to ESP32_000000 (m7624, rc0)
1787780556: Received PUBACK from ch21bridge-3574702 (Mid: 287, RC:0)
1787780556: Received PUBLISH from ESP32_000000 (d0, q1, r0, m7003, 'ch21/lossy/qos1', ... (256 bytes))
1787780556: Sending PUBLISH to ch21bridge-3574702 (d0, q1, r0, m288, 'ch21/lossy/qos1', ... (256 bytes))
1787780556: Sending PUBACK to ESP32_000000 (m7003, rc0)
1787780556: Received PUBACK from ch21bridge-3574702 (Mid: 288, RC:0)
1787780558: Received PUBLISH from ESP32_000000 (d0, q1, r0, m60731, 'ch21/lossy/qos1', ... (256 bytes))
1787780558: Sending PUBLISH to ch21bridge-3574702 (d0, q1, r0, m289, 'ch21/lossy/qos1', ... (256 bytes))
1787780558: Sending PUBACK to ESP32_000000 (m60731, rc0)
1787780558: Received PUBLISH from ESP32_000000 (d0, q1, r0, m9083, 'ch21/lossy/qos1', ... (256 bytes))
1787780558: Sending PUBLISH to ch21bridge-3574702 (d0, q1, r0, m290, 'ch21/lossy/qos1', ... (256 bytes))
1787780558: Sending PUBACK to ESP32_000000 (m9083, rc0)
1787780558: Received PUBLISH from ESP32_000000 (d0, q1, r0, m58416, 'ch21/lossy/qos1', ... (256 bytes))
1787780558: Sending PUBLISH to ch21bridge-3574702 (d0, q1, r0, m291, 'ch21/lossy/qos1', ... (256 bytes))
1787780558: Sending PUBACK to ESP32_000000 (m58416, rc0)
1787780558: Received PUBLISH from ESP32_000000 (d0, q1, r0, m12254, 'ch21/lossy/qos1', ... (256 bytes))
1787780558: Sending PUBLISH to ch21bridge-3574702 (d0, q1, r0, m292, 'ch21/lossy/qos1', ... (256 bytes))
1787780558: Sending PUBACK to ESP32_000000 (m12254, rc0)
1787780558: Received PUBLISH from ESP32_000000 (d0, q1, r0, m2723, 'ch21/lossy/qos1', ... (256 bytes))
1787780558: Sending PUBLISH to ch21bridge-3574702 (d0, q1, r0, m293, 'ch21/lossy/qos1', ... (256 bytes))
1787780558: Sending PUBACK to ESP32_000000 (m2723, rc0)
1787780558: Received PUBLISH from ESP32_000000 (d0, q1, r0, m32053, 'ch21/lossy/qos1', ... (256 bytes))
1787780558: Sending PUBLISH to ch21bridge-3574702 (d0, q1, r0, m294, 'ch21/lossy/qos1', ... (256 bytes))
1787780558: Sending PUBACK to ESP32_000000 (m32053, rc0)
1787780558: Received PUBLISH from ESP32_000000 (d0, q1, r0, m11310, 'ch21/lossy/qos1', ... (256 bytes))
1787780558: Sending PUBLISH to ch21bridge-3574702 (d0, q1, r0, m295, 'ch21/lossy/qos1', ... (256 bytes))
1787780558: Sending PUBACK to ESP32_000000 (m11310, rc0)
1787780558: Received PUBLISH from ESP32_000000 (d0, q1, r0, m31586, 'ch21/lossy/qos1', ... (256 bytes))
1787780558: Sending PUBLISH to ch21bridge-3574702 (d0, q1, r0, m296, 'ch21/lossy/qos1', ... (256 bytes))
1787780558: Sending PUBACK to ESP32_000000 (m31586, rc0)
1787780558: Received PUBLISH from ESP32_000000 (d0, q1, r0, m25223, 'ch21/lossy/qos1', ... (256 bytes))
1787780558: Sending PUBLISH to ch21bridge-3574702 (d0, q1, r0, m297, 'ch21/lossy/qos1', ... (256 bytes))
1787780558: Sending PUBACK to ESP32_000000 (m25223, rc0)
1787780558: Received PUBLISH from ESP32_000000 (d0, q1, r0, m54816, 'ch21/lossy/qos1', ... (256 bytes))
1787780558: Sending PUBLISH to ch21bridge-3574702 (d0, q1, r0, m298, 'ch21/lossy/qos1', ... (256 bytes))
1787780558: Sending PUBACK to ESP32_000000 (m54816, rc0)
1787780558: Received PUBLISH from ESP32_000000 (d0, q1, r0, m30419, 'ch21/lossy/qos1', ... (256 bytes))
1787780558: Sending PUBLISH to ch21bridge-3574702 (d0, q1, r0, m299, 'ch21/lossy/qos1', ... (256 bytes))
1787780558: Sending PUBACK to ESP32_000000 (m30419, rc0)
1787780558: Received PUBACK from ch21bridge-3574702 (Mid: 289, RC:0)
1787780558: Received PUBACK from ch21bridge-3574702 (Mid: 290, RC:0)
1787780558: Received PUBACK from ch21bridge-3574702 (Mid: 291, RC:0)
1787780558: Received PUBACK from ch21bridge-3574702 (Mid: 292, RC:0)
1787780558: Received PUBACK from ch21bridge-3574702 (Mid: 293, RC:0)
1787780558: Received PUBACK from ch21bridge-3574702 (Mid: 294, RC:0)
1787780558: Received PUBACK from ch21bridge-3574702 (Mid: 295, RC:0)
1787780558: Received PUBACK from ch21bridge-3574702 (Mid: 296, RC:0)
1787780558: Received PUBACK from ch21bridge-3574702 (Mid: 297, RC:0)
1787780558: Received PUBACK from ch21bridge-3574702 (Mid: 298, RC:0)
1787780558: Received PUBACK from ch21bridge-3574702 (Mid: 299, RC:0)
1787780559: Received PUBLISH from ESP32_000000 (d0, q1, r0, m17552, 'ch21/lossy/qos1', ... (256 bytes))
1787780559: Sending PUBLISH to ch21bridge-3574702 (d0, q1, r0, m300, 'ch21/lossy/qos1', ... (256 bytes))
1787780559: Sending PUBACK to ESP32_000000 (m17552, rc0)
1787780559: Received PUBLISH from ESP32_000000 (d1, q1, r0, m46999, 'ch21/lossy/qos1', ... (256 bytes))
1787780559: Sending PUBLISH to ch21bridge-3574702 (d0, q1, r0, m301, 'ch21/lossy/qos1', ... (256 bytes))
1787780559: Sending PUBACK to ESP32_000000 (m46999, rc0)
1787780559: Received PINGREQ from ESP32_000000
1787780559: Sending PINGRESP to ESP32_000000
1787780559: Received PUBLISH from ESP32_000000 (d0, q1, r0, m65319, 'ch21/lossy/qos1', ... (256 bytes))
1787780559: Sending PUBLISH to ch21bridge-3574702 (d0, q1, r0, m302, 'ch21/lossy/qos1', ... (256 bytes))
1787780559: Sending PUBACK to ESP32_000000 (m65319, rc0)
1787780559: Received PUBLISH from ESP32_000000 (d0, q1, r0, m11663, 'ch21/lossy/qos1', ... (256 bytes))
1787780559: Sending PUBLISH to ch21bridge-3574702 (d0, q1, r0, m303, 'ch21/lossy/qos1', ... (256 bytes))
1787780559: Sending PUBACK to ESP32_000000 (m11663, rc0)
1787780559: Received PUBLISH from ESP32_000000 (d0, q1, r0, m44888, 'ch21/lossy/qos1', ... (256 bytes))
1787780559: Sending PUBLISH to ch21bridge-3574702 (d0, q1, r0, m304, 'ch21/lossy/qos1', ... (256 bytes))
1787780559: Sending PUBACK to ESP32_000000 (m44888, rc0)
1787780559: Received PUBLISH from ESP32_000000 (d0, q1, r0, m64864, 'ch21/lossy/qos1', ... (256 bytes))
1787780559: Sending PUBLISH to ch21bridge-3574702 (d0, q1, r0, m305, 'ch21/lossy/qos1', ... (256 bytes))
1787780559: Sending PUBACK to ESP32_000000 (m64864, rc0)
1787780559: Received PUBLISH from ESP32_000000 (d0, q1, r0, m63798, 'ch21/lossy/qos1', ... (256 bytes))
1787780559: Sending PUBLISH to ch21bridge-3574702 (d0, q1, r0, m306, 'ch21/lossy/qos1', ... (256 bytes))
1787780559: Sending PUBACK to ESP32_000000 (m63798, rc0)
1787780559: Received PUBACK from ch21bridge-3574702 (Mid: 300, RC:0)
1787780559: Received PUBLISH from ESP32_000000 (d0, q1, r0, m5862, 'ch21/lossy/qos1', ... (256 bytes))
1787780559: Sending PUBLISH to ch21bridge-3574702 (d0, q1, r0, m307, 'ch21/lossy/qos1', ... (256 bytes))
1787780559: Sending PUBACK to ESP32_000000 (m5862, rc0)
1787780559: Received PUBACK from ch21bridge-3574702 (Mid: 301, RC:0)
1787780559: Received PUBLISH from ESP32_000000 (d0, q1, r0, m53458, 'ch21/lossy/qos1', ... (256 bytes))
1787780559: Sending PUBLISH to ch21bridge-3574702 (d0, q1, r0, m308, 'ch21/lossy/qos1', ... (256 bytes))
1787780559: Sending PUBACK to ESP32_000000 (m53458, rc0)
1787780559: Received PUBACK from ch21bridge-3574702 (Mid: 302, RC:0)
1787780559: Received PUBLISH from ESP32_000000 (d0, q1, r0, m54552, 'ch21/lossy/qos1', ... (256 bytes))
1787780559: Sending PUBLISH to ch21bridge-3574702 (d0, q1, r0, m309, 'ch21/lossy/qos1', ... (256 bytes))
1787780559: Sending PUBACK to ESP32_000000 (m54552, rc0)
1787780559: Received PUBACK from ch21bridge-3574702 (Mid: 303, RC:0)
1787780559: Received PUBLISH from ESP32_000000 (d0, q1, r0, m63562, 'ch21/lossy/qos1', ... (256 bytes))
1787780559: Sending PUBLISH to ch21bridge-3574702 (d0, q1, r0, m310, 'ch21/lossy/qos1', ... (256 bytes))
1787780559: Sending PUBACK to ESP32_000000 (m63562, rc0)
1787780559: Received PUBACK from ch21bridge-3574702 (Mid: 304, RC:0)
1787780559: Received PUBACK from ch21bridge-3574702 (Mid: 305, RC:0)
1787780559: Received PUBACK from ch21bridge-3574702 (Mid: 306, RC:0)
1787780559: Received PUBACK from ch21bridge-3574702 (Mid: 307, RC:0)
1787780559: Received PUBACK from ch21bridge-3574702 (Mid: 308, RC:0)
1787780559: Received PUBACK from ch21bridge-3574702 (Mid: 309, RC:0)
1787780559: Received PUBACK from ch21bridge-3574702 (Mid: 310, RC:0)
1787780561: Received PUBLISH from ESP32_000000 (d0, q1, r0, m20867, 'ch21/lossy/qos1', ... (256 bytes))
1787780561: Sending PUBLISH to ch21bridge-3574702 (d0, q1, r0, m311, 'ch21/lossy/qos1', ... (256 bytes))
1787780561: Sending PUBACK to ESP32_000000 (m20867, rc0)
1787780561: Received PUBLISH from ESP32_000000 (d1, q1, r0, m46999, 'ch21/lossy/qos1', ... (256 bytes))
1787780561: Sending PUBLISH to ch21bridge-3574702 (d0, q1, r0, m312, 'ch21/lossy/qos1', ... (256 bytes))
1787780561: Sending PUBACK to ESP32_000000 (m46999, rc0)
1787780561: Received PUBLISH from ESP32_000000 (d0, q1, r0, m18419, 'ch21/lossy/qos1', ... (256 bytes))
1787780561: Sending PUBLISH to ch21bridge-3574702 (d0, q1, r0, m313, 'ch21/lossy/qos1', ... (256 bytes))
1787780561: Sending PUBACK to ESP32_000000 (m18419, rc0)
1787780561: Received PUBLISH from ESP32_000000 (d0, q1, r0, m57707, 'ch21/lossy/qos1', ... (256 bytes))
1787780561: Sending PUBLISH to ch21bridge-3574702 (d0, q1, r0, m314, 'ch21/lossy/qos1', ... (256 bytes))
1787780561: Sending PUBACK to ESP32_000000 (m57707, rc0)
1787780561: Received PUBLISH from ESP32_000000 (d0, q1, r0, m4154, 'ch21/lossy/qos1', ... (256 bytes))
1787780561: Sending PUBLISH to ch21bridge-3574702 (d0, q1, r0, m315, 'ch21/lossy/qos1', ... (256 bytes))
1787780561: Sending PUBACK to ESP32_000000 (m4154, rc0)
1787780561: Received PUBLISH from ESP32_000000 (d0, q1, r0, m44075, 'ch21/lossy/qos1', ... (256 bytes))
1787780561: Sending PUBLISH to ch21bridge-3574702 (d0, q1, r0, m316, 'ch21/lossy/qos1', ... (256 bytes))
1787780561: Sending PUBACK to ESP32_000000 (m44075, rc0)
1787780561: Received PUBACK from ch21bridge-3574702 (Mid: 311, RC:0)
1787780561: Received PUBACK from ch21bridge-3574702 (Mid: 312, RC:0)
1787780561: Received PUBACK from ch21bridge-3574702 (Mid: 313, RC:0)
1787780561: Received PUBACK from ch21bridge-3574702 (Mid: 314, RC:0)
1787780561: Received PUBACK from ch21bridge-3574702 (Mid: 315, RC:0)
1787780561: Received PUBACK from ch21bridge-3574702 (Mid: 316, RC:0)
1787780561: Received PUBLISH from ESP32_000000 (d0, q1, r0, m41902, 'ch21/lossy/qos1', ... (256 bytes))
1787780561: Sending PUBLISH to ch21bridge-3574702 (d0, q1, r0, m317, 'ch21/lossy/qos1', ... (256 bytes))
1787780561: Sending PUBACK to ESP32_000000 (m41902, rc0)
1787780561: Received PUBLISH from ESP32_000000 (d0, q1, r0, m11974, 'ch21/lossy/qos1', ... (256 bytes))
1787780561: Sending PUBLISH to ch21bridge-3574702 (d0, q1, r0, m318, 'ch21/lossy/qos1', ... (256 bytes))
1787780561: Sending PUBACK to ESP32_000000 (m11974, rc0)
1787780561: Received PUBACK from ch21bridge-3574702 (Mid: 317, RC:0)
1787780561: Received PUBLISH from ESP32_000000 (d0, q1, r0, m14987, 'ch21/lossy/qos1', ... (256 bytes))
1787780561: Sending PUBLISH to ch21bridge-3574702 (d0, q1, r0, m319, 'ch21/lossy/qos1', ... (256 bytes))
1787780561: Sending PUBACK to ESP32_000000 (m14987, rc0)
1787780561: Received PUBLISH from ESP32_000000 (d0, q1, r0, m47729, 'ch21/lossy/qos1', ... (256 bytes))
1787780561: Sending PUBLISH to ch21bridge-3574702 (d0, q1, r0, m320, 'ch21/lossy/qos1', ... (256 bytes))
1787780561: Sending PUBACK to ESP32_000000 (m47729, rc0)
1787780561: Received PUBACK from ch21bridge-3574702 (Mid: 318, RC:0)
1787780561: Received PUBLISH from ESP32_000000 (d0, q1, r0, m4143, 'ch21/lossy/qos1', ... (256 bytes))
1787780561: Sending PUBLISH to ch21bridge-3574702 (d0, q1, r0, m321, 'ch21/lossy/qos1', ... (256 bytes))
1787780561: Sending PUBACK to ESP32_000000 (m4143, rc0)
1787780561: Received PUBACK from ch21bridge-3574702 (Mid: 319, RC:0)
1787780561: Received PUBACK from ch21bridge-3574702 (Mid: 320, RC:0)
1787780561: Received PUBACK from ch21bridge-3574702 (Mid: 321, RC:0)
1787780561: Received PUBLISH from ESP32_000000 (d0, q1, r0, m48738, 'ch21/lossy/qos1', ... (256 bytes))
1787780561: Sending PUBLISH to ch21bridge-3574702 (d0, q1, r0, m322, 'ch21/lossy/qos1', ... (256 bytes))
1787780561: Sending PUBACK to ESP32_000000 (m48738, rc0)
1787780561: Received PUBACK from ch21bridge-3574702 (Mid: 322, RC:0)
1787780561: Received PUBLISH from ESP32_000000 (d1, q1, r0, m8769, 'ch21/lossy/qos1', ... (256 bytes))
1787780561: Sending PUBLISH to ch21bridge-3574702 (d0, q1, r0, m323, 'ch21/lossy/qos1', ... (256 bytes))
1787780561: Sending PUBACK to ESP32_000000 (m8769, rc0)
1787780561: Received PUBACK from ch21bridge-3574702 (Mid: 323, RC:0)
1787780562: Received PUBLISH from ESP32_000000 (d0, q1, r0, m22261, 'ch21/lossy/qos1', ... (256 bytes))
1787780562: Sending PUBLISH to ch21bridge-3574702 (d0, q1, r0, m324, 'ch21/lossy/qos1', ... (256 bytes))
1787780562: Sending PUBACK to ESP32_000000 (m22261, rc0)
1787780562: Received PUBLISH from ESP32_000000 (d0, q1, r0, m32738, 'ch21/lossy/qos1', ... (256 bytes))
1787780562: Sending PUBLISH to ch21bridge-3574702 (d0, q1, r0, m325, 'ch21/lossy/qos1', ... (256 bytes))
1787780562: Sending PUBACK to ESP32_000000 (m32738, rc0)
1787780562: Received PUBLISH from ESP32_000000 (d0, q1, r0, m43160, 'ch21/lossy/qos1', ... (256 bytes))
1787780562: Sending PUBLISH to ch21bridge-3574702 (d0, q1, r0, m326, 'ch21/lossy/qos1', ... (256 bytes))
1787780562: Sending PUBACK to ESP32_000000 (m43160, rc0)
1787780562: Received PUBLISH from ESP32_000000 (d0, q1, r0, m44957, 'ch21/lossy/qos1', ... (256 bytes))
1787780562: Sending PUBLISH to ch21bridge-3574702 (d0, q1, r0, m327, 'ch21/lossy/qos1', ... (256 bytes))
1787780562: Sending PUBACK to ESP32_000000 (m44957, rc0)
1787780562: Received PUBLISH from ESP32_000000 (d0, q1, r0, m44182, 'ch21/lossy/qos1', ... (256 bytes))
1787780562: Sending PUBLISH to ch21bridge-3574702 (d0, q1, r0, m328, 'ch21/lossy/qos1', ... (256 bytes))
1787780562: Sending PUBACK to ESP32_000000 (m44182, rc0)
1787780562: Received PUBLISH from ESP32_000000 (d0, q1, r0, m56361, 'ch21/lossy/qos1', ... (256 bytes))
1787780562: Sending PUBLISH to ch21bridge-3574702 (d0, q1, r0, m329, 'ch21/lossy/qos1', ... (256 bytes))
1787780562: Sending PUBACK to ESP32_000000 (m56361, rc0)
1787780562: Received PUBACK from ch21bridge-3574702 (Mid: 324, RC:0)
1787780562: Received PUBACK from ch21bridge-3574702 (Mid: 325, RC:0)
1787780562: Received PUBACK from ch21bridge-3574702 (Mid: 326, RC:0)
1787780562: Received PUBACK from ch21bridge-3574702 (Mid: 327, RC:0)
1787780562: Received PUBACK from ch21bridge-3574702 (Mid: 328, RC:0)
1787780562: Received PUBACK from ch21bridge-3574702 (Mid: 329, RC:0)
1787780564: Received PUBLISH from ESP32_000000 (d0, q1, r0, m15861, 'ch21/lossy/qos1', ... (256 bytes))
1787780564: Sending PUBLISH to ch21bridge-3574702 (d0, q1, r0, m330, 'ch21/lossy/qos1', ... (256 bytes))
1787780564: Sending PUBACK to ESP32_000000 (m15861, rc0)
1787780564: Received PUBLISH from ESP32_000000 (d0, q1, r0, m3771, 'ch21/lossy/qos1', ... (256 bytes))
1787780564: Sending PUBLISH to ch21bridge-3574702 (d0, q1, r0, m331, 'ch21/lossy/qos1', ... (256 bytes))
1787780564: Sending PUBACK to ESP32_000000 (m3771, rc0)
1787780564: Received PUBLISH from ESP32_000000 (d0, q1, r0, m24781, 'ch21/lossy/qos1', ... (256 bytes))
1787780564: Sending PUBLISH to ch21bridge-3574702 (d0, q1, r0, m332, 'ch21/lossy/qos1', ... (256 bytes))
1787780564: Sending PUBACK to ESP32_000000 (m24781, rc0)
1787780564: Received PUBLISH from ESP32_000000 (d0, q1, r0, m15554, 'ch21/lossy/qos1', ... (256 bytes))
1787780564: Sending PUBLISH to ch21bridge-3574702 (d0, q1, r0, m333, 'ch21/lossy/qos1', ... (256 bytes))
1787780564: Sending PUBACK to ESP32_000000 (m15554, rc0)
1787780564: Received PUBLISH from ESP32_000000 (d0, q1, r0, m33412, 'ch21/lossy/qos1', ... (256 bytes))
1787780564: Sending PUBLISH to ch21bridge-3574702 (d0, q1, r0, m334, 'ch21/lossy/qos1', ... (256 bytes))
1787780564: Sending PUBACK to ESP32_000000 (m33412, rc0)
1787780564: Received PUBLISH from ESP32_000000 (d0, q1, r0, m14224, 'ch21/lossy/qos1', ... (256 bytes))
1787780564: Sending PUBLISH to ch21bridge-3574702 (d0, q1, r0, m335, 'ch21/lossy/qos1', ... (256 bytes))
1787780564: Sending PUBACK to ESP32_000000 (m14224, rc0)
1787780564: Received PUBLISH from ESP32_000000 (d1, q1, r0, m54712, 'ch21/lossy/qos1', ... (256 bytes))
1787780564: Sending PUBLISH to ch21bridge-3574702 (d0, q1, r0, m336, 'ch21/lossy/qos1', ... (256 bytes))
1787780564: Sending PUBACK to ESP32_000000 (m54712, rc0)
1787780564: Received PINGREQ from ESP32_000000
1787780564: Sending PINGRESP to ESP32_000000
1787780564: Received PUBLISH from ESP32_000000 (d0, q1, r0, m31871, 'ch21/lossy/qos1', ... (256 bytes))
1787780564: Sending PUBLISH to ch21bridge-3574702 (d0, q1, r0, m337, 'ch21/lossy/qos1', ... (256 bytes))
1787780564: Sending PUBACK to ESP32_000000 (m31871, rc0)
1787780564: Received PUBLISH from ESP32_000000 (d0, q1, r0, m51940, 'ch21/lossy/qos1', ... (256 bytes))
1787780564: Sending PUBLISH to ch21bridge-3574702 (d0, q1, r0, m338, 'ch21/lossy/qos1', ... (256 bytes))
1787780564: Sending PUBACK to ESP32_000000 (m51940, rc0)
1787780564: Received PUBLISH from ESP32_000000 (d0, q1, r0, m14169, 'ch21/lossy/qos1', ... (256 bytes))
1787780564: Sending PUBLISH to ch21bridge-3574702 (d0, q1, r0, m339, 'ch21/lossy/qos1', ... (256 bytes))
1787780564: Sending PUBACK to ESP32_000000 (m14169, rc0)
1787780564: Received PUBACK from ch21bridge-3574702 (Mid: 330, RC:0)
1787780564: Received PUBACK from ch21bridge-3574702 (Mid: 331, RC:0)
1787780564: Received PUBLISH from ESP32_000000 (d0, q1, r0, m57731, 'ch21/lossy/qos1', ... (256 bytes))
1787780564: Sending PUBLISH to ch21bridge-3574702 (d0, q1, r0, m340, 'ch21/lossy/qos1', ... (256 bytes))
1787780564: Sending PUBACK to ESP32_000000 (m57731, rc0)
1787780564: Received PUBACK from ch21bridge-3574702 (Mid: 332, RC:0)
1787780564: Received PUBACK from ch21bridge-3574702 (Mid: 333, RC:0)
1787780564: Received PUBACK from ch21bridge-3574702 (Mid: 334, RC:0)
1787780564: Received PUBACK from ch21bridge-3574702 (Mid: 335, RC:0)
1787780564: Received PUBACK from ch21bridge-3574702 (Mid: 336, RC:0)
1787780564: Received PUBACK from ch21bridge-3574702 (Mid: 337, RC:0)
1787780564: Received PUBACK from ch21bridge-3574702 (Mid: 338, RC:0)
1787780564: Received PUBACK from ch21bridge-3574702 (Mid: 339, RC:0)
1787780564: Received PUBACK from ch21bridge-3574702 (Mid: 340, RC:0)
1787780568: Received PUBLISH from ESP32_000000 (d0, q1, r0, m9529, 'ch21/lossy/qos1', ... (256 bytes))
1787780568: Sending PUBLISH to ch21bridge-3574702 (d0, q1, r0, m341, 'ch21/lossy/qos1', ... (256 bytes))
1787780568: Sending PUBACK to ESP32_000000 (m9529, rc0)
1787780568: Received PUBLISH from ESP32_000000 (d1, q1, r0, m54712, 'ch21/lossy/qos1', ... (256 bytes))
1787780568: Sending PUBLISH to ch21bridge-3574702 (d0, q1, r0, m342, 'ch21/lossy/qos1', ... (256 bytes))
1787780568: Sending PUBACK to ESP32_000000 (m54712, rc0)
1787780568: Received PUBLISH from ESP32_000000 (d0, q1, r0, m59686, 'ch21/lossy/qos1', ... (256 bytes))
1787780568: Sending PUBLISH to ch21bridge-3574702 (d0, q1, r0, m343, 'ch21/lossy/qos1', ... (256 bytes))
1787780568: Sending PUBACK to ESP32_000000 (m59686, rc0)
1787780568: Received PUBLISH from ESP32_000000 (d0, q1, r0, m40075, 'ch21/lossy/qos1', ... (256 bytes))
1787780568: Sending PUBLISH to ch21bridge-3574702 (d0, q1, r0, m344, 'ch21/lossy/qos1', ... (256 bytes))
1787780568: Sending PUBACK to ESP32_000000 (m40075, rc0)
1787780568: Received PUBLISH from ESP32_000000 (d0, q1, r0, m2494, 'ch21/lossy/qos1', ... (256 bytes))
1787780568: Sending PUBLISH to ch21bridge-3574702 (d0, q1, r0, m345, 'ch21/lossy/qos1', ... (256 bytes))
1787780568: Sending PUBACK to ESP32_000000 (m2494, rc0)
1787780568: Received PUBLISH from ESP32_000000 (d0, q1, r0, m5659, 'ch21/lossy/qos1', ... (256 bytes))
1787780568: Sending PUBLISH to ch21bridge-3574702 (d0, q1, r0, m346, 'ch21/lossy/qos1', ... (256 bytes))
1787780568: Sending PUBACK to ESP32_000000 (m5659, rc0)
1787780568: Received PUBACK from ch21bridge-3574702 (Mid: 341, RC:0)
1787780568: Received PUBLISH from ESP32_000000 (d0, q1, r0, m8256, 'ch21/lossy/qos1', ... (256 bytes))
1787780568: Sending PUBLISH to ch21bridge-3574702 (d0, q1, r0, m347, 'ch21/lossy/qos1', ... (256 bytes))
1787780568: Sending PUBACK to ESP32_000000 (m8256, rc0)
1787780568: Received PUBACK from ch21bridge-3574702 (Mid: 342, RC:0)
1787780568: Received PUBLISH from ESP32_000000 (d0, q1, r0, m16125, 'ch21/lossy/qos1', ... (256 bytes))
1787780568: Sending PUBLISH to ch21bridge-3574702 (d0, q1, r0, m348, 'ch21/lossy/qos1', ... (256 bytes))
1787780568: Sending PUBACK to ESP32_000000 (m16125, rc0)
1787780568: Received PUBACK from ch21bridge-3574702 (Mid: 343, RC:0)
1787780568: Received PUBLISH from ESP32_000000 (d0, q1, r0, m2971, 'ch21/lossy/qos1', ... (256 bytes))
1787780568: Sending PUBLISH to ch21bridge-3574702 (d0, q1, r0, m349, 'ch21/lossy/qos1', ... (256 bytes))
1787780568: Sending PUBACK to ESP32_000000 (m2971, rc0)
1787780568: Received PUBACK from ch21bridge-3574702 (Mid: 344, RC:0)
1787780568: Received PUBLISH from ESP32_000000 (d0, q1, r0, m40735, 'ch21/lossy/qos1', ... (256 bytes))
1787780568: Sending PUBLISH to ch21bridge-3574702 (d0, q1, r0, m350, 'ch21/lossy/qos1', ... (256 bytes))
1787780568: Sending PUBACK to ESP32_000000 (m40735, rc0)
1787780568: Received PUBACK from ch21bridge-3574702 (Mid: 345, RC:0)
1787780568: Received PUBLISH from ESP32_000000 (d0, q1, r0, m37722, 'ch21/lossy/qos1', ... (256 bytes))
1787780568: Sending PUBLISH to ch21bridge-3574702 (d0, q1, r0, m351, 'ch21/lossy/qos1', ... (256 bytes))
1787780568: Sending PUBACK to ESP32_000000 (m37722, rc0)
1787780568: Received PUBACK from ch21bridge-3574702 (Mid: 346, RC:0)
1787780568: Received PUBACK from ch21bridge-3574702 (Mid: 347, RC:0)
1787780568: Received PUBLISH from ESP32_000000 (d0, q1, r0, m36388, 'ch21/lossy/qos1', ... (256 bytes))
1787780568: Sending PUBLISH to ch21bridge-3574702 (d0, q1, r0, m352, 'ch21/lossy/qos1', ... (256 bytes))
1787780568: Sending PUBACK to ESP32_000000 (m36388, rc0)
1787780568: Received PUBACK from ch21bridge-3574702 (Mid: 348, RC:0)
1787780568: Received PUBACK from ch21bridge-3574702 (Mid: 349, RC:0)
1787780568: Received PUBACK from ch21bridge-3574702 (Mid: 350, RC:0)
1787780568: Received PUBACK from ch21bridge-3574702 (Mid: 351, RC:0)
1787780568: Received PUBACK from ch21bridge-3574702 (Mid: 352, RC:0)
1787780570: Received PUBLISH from ESP32_000000 (d1, q1, r0, m43183, 'ch21/lossy/qos1', ... (256 bytes))
1787780570: Sending PUBLISH to ch21bridge-3574702 (d0, q1, r0, m353, 'ch21/lossy/qos1', ... (256 bytes))
1787780570: Sending PUBACK to ESP32_000000 (m43183, rc0)
1787780570: Received PINGREQ from ESP32_000000
1787780570: Sending PINGRESP to ESP32_000000
1787780570: Received PUBLISH from ESP32_000000 (d0, q1, r0, m62193, 'ch21/lossy/qos1', ... (256 bytes))
1787780570: Sending PUBLISH to ch21bridge-3574702 (d0, q1, r0, m354, 'ch21/lossy/qos1', ... (256 bytes))
1787780570: Sending PUBACK to ESP32_000000 (m62193, rc0)
1787780570: Received PUBLISH from ESP32_000000 (d0, q1, r0, m9902, 'ch21/lossy/qos1', ... (256 bytes))
1787780570: Sending PUBLISH to ch21bridge-3574702 (d0, q1, r0, m355, 'ch21/lossy/qos1', ... (256 bytes))
1787780570: Sending PUBACK to ESP32_000000 (m9902, rc0)
1787780570: Received PUBLISH from ESP32_000000 (d0, q1, r0, m27885, 'ch21/lossy/qos1', ... (256 bytes))
1787780570: Sending PUBLISH to ch21bridge-3574702 (d0, q1, r0, m356, 'ch21/lossy/qos1', ... (256 bytes))
1787780570: Sending PUBACK to ESP32_000000 (m27885, rc0)
1787780570: Received PUBLISH from ESP32_000000 (d0, q1, r0, m17898, 'ch21/lossy/qos1', ... (256 bytes))
1787780570: Sending PUBLISH to ch21bridge-3574702 (d0, q1, r0, m357, 'ch21/lossy/qos1', ... (256 bytes))
1787780570: Sending PUBACK to ESP32_000000 (m17898, rc0)
1787780570: Received PUBLISH from ESP32_000000 (d0, q1, r0, m65174, 'ch21/lossy/qos1', ... (256 bytes))
1787780570: Sending PUBLISH to ch21bridge-3574702 (d0, q1, r0, m358, 'ch21/lossy/qos1', ... (256 bytes))
1787780570: Sending PUBACK to ESP32_000000 (m65174, rc0)
1787780570: Received PUBACK from ch21bridge-3574702 (Mid: 353, RC:0)
1787780570: Received PUBACK from ch21bridge-3574702 (Mid: 354, RC:0)
1787780570: Received PUBACK from ch21bridge-3574702 (Mid: 355, RC:0)
1787780570: Received PUBACK from ch21bridge-3574702 (Mid: 356, RC:0)
1787780570: Received PUBACK from ch21bridge-3574702 (Mid: 357, RC:0)
1787780570: Received PUBACK from ch21bridge-3574702 (Mid: 358, RC:0)
1787780570: Client ESP32_000000 disconnected: Success.
1787780573: New connection from 127.0.0.1:47188 on port 1883.
1787780573: New client connected from 127.0.0.1:47188 as ESP32_000000 (p2, c1, k5).
1787780573: No will message specified.
1787780573: Sending CONNACK to ESP32_000000 (0, 0)
1787780574: Received PUBLISH from ESP32_000000 (d0, q1, r0, m26756, 'ch21/lossy/qos1', ... (256 bytes))
1787780574: Sending PUBLISH to ch21bridge-3574702 (d0, q1, r0, m359, 'ch21/lossy/qos1', ... (256 bytes))
1787780574: Sending PUBACK to ESP32_000000 (m26756, rc0)
1787780574: Received PUBACK from ch21bridge-3574702 (Mid: 359, RC:0)
1787780574: Received PUBLISH from ESP32_000000 (d0, q1, r0, m58112, 'ch21/lossy/qos1', ... (256 bytes))
1787780574: Sending PUBLISH to ch21bridge-3574702 (d0, q1, r0, m360, 'ch21/lossy/qos1', ... (256 bytes))
1787780574: Sending PUBACK to ESP32_000000 (m58112, rc0)
1787780574: Received PUBLISH from ESP32_000000 (d0, q1, r0, m53012, 'ch21/lossy/qos1', ... (256 bytes))
1787780574: Sending PUBLISH to ch21bridge-3574702 (d0, q1, r0, m361, 'ch21/lossy/qos1', ... (256 bytes))
1787780574: Sending PUBACK to ESP32_000000 (m53012, rc0)
1787780574: Received PUBLISH from ESP32_000000 (d0, q1, r0, m20129, 'ch21/lossy/qos1', ... (256 bytes))
1787780574: Sending PUBLISH to ch21bridge-3574702 (d0, q1, r0, m362, 'ch21/lossy/qos1', ... (256 bytes))
1787780574: Sending PUBACK to ESP32_000000 (m20129, rc0)
1787780574: Received PUBLISH from ESP32_000000 (d0, q1, r0, m26450, 'ch21/lossy/qos1', ... (256 bytes))
1787780574: Sending PUBLISH to ch21bridge-3574702 (d0, q1, r0, m363, 'ch21/lossy/qos1', ... (256 bytes))
1787780574: Sending PUBACK to ESP32_000000 (m26450, rc0)
1787780574: Received PUBLISH from ESP32_000000 (d0, q1, r0, m56162, 'ch21/lossy/qos1', ... (256 bytes))
1787780574: Sending PUBLISH to ch21bridge-3574702 (d0, q1, r0, m364, 'ch21/lossy/qos1', ... (256 bytes))
1787780574: Sending PUBACK to ESP32_000000 (m56162, rc0)
1787780574: Received PUBACK from ch21bridge-3574702 (Mid: 360, RC:0)
1787780574: Received PUBACK from ch21bridge-3574702 (Mid: 361, RC:0)
1787780574: Received PUBACK from ch21bridge-3574702 (Mid: 362, RC:0)
1787780574: Received PUBACK from ch21bridge-3574702 (Mid: 363, RC:0)
1787780574: Received PUBACK from ch21bridge-3574702 (Mid: 364, RC:0)
1787780574: Received PUBLISH from ESP32_000000 (d0, q1, r0, m2523, 'ch21/lossy/qos1', ... (256 bytes))
1787780574: Sending PUBLISH to ch21bridge-3574702 (d0, q1, r0, m365, 'ch21/lossy/qos1', ... (256 bytes))
1787780574: Sending PUBACK to ESP32_000000 (m2523, rc0)
1787780574: Received PUBLISH from ESP32_000000 (d0, q1, r0, m13688, 'ch21/lossy/qos1', ... (256 bytes))
1787780574: Sending PUBLISH to ch21bridge-3574702 (d0, q1, r0, m366, 'ch21/lossy/qos1', ... (256 bytes))
1787780574: Sending PUBACK to ESP32_000000 (m13688, rc0)
1787780574: Received PUBLISH from ESP32_000000 (d0, q1, r0, m2729, 'ch21/lossy/qos1', ... (256 bytes))
1787780574: Sending PUBLISH to ch21bridge-3574702 (d0, q1, r0, m367, 'ch21/lossy/qos1', ... (256 bytes))
1787780574: Sending PUBACK to ESP32_000000 (m2729, rc0)
1787780574: Received PUBACK from ch21bridge-3574702 (Mid: 365, RC:0)
1787780574: Received PUBLISH from ESP32_000000 (d0, q1, r0, m29364, 'ch21/lossy/qos1', ... (256 bytes))
1787780574: Sending PUBLISH to ch21bridge-3574702 (d0, q1, r0, m368, 'ch21/lossy/qos1', ... (256 bytes))
1787780574: Sending PUBACK to ESP32_000000 (m29364, rc0)
1787780574: Received PUBLISH from ESP32_000000 (d0, q1, r0, m13074, 'ch21/lossy/qos1', ... (256 bytes))
1787780574: Sending PUBLISH to ch21bridge-3574702 (d0, q1, r0, m369, 'ch21/lossy/qos1', ... (256 bytes))
1787780574: Sending PUBACK to ESP32_000000 (m13074, rc0)
1787780574: Received PUBACK from ch21bridge-3574702 (Mid: 366, RC:0)
1787780574: Received PUBACK from ch21bridge-3574702 (Mid: 367, RC:0)
1787780574: Received PUBACK from ch21bridge-3574702 (Mid: 368, RC:0)
1787780574: Received PUBACK from ch21bridge-3574702 (Mid: 369, RC:0)
1787780574: Received PUBLISH from ESP32_000000 (d0, q1, r0, m33390, 'ch21/lossy/qos1', ... (256 bytes))
1787780574: Sending PUBLISH to ch21bridge-3574702 (d0, q1, r0, m370, 'ch21/lossy/qos1', ... (256 bytes))
1787780574: Sending PUBACK to ESP32_000000 (m33390, rc0)
1787780574: Received PUBACK from ch21bridge-3574702 (Mid: 370, RC:0)
1787780574: Received PUBLISH from ESP32_000000 (d1, q1, r0, m36542, 'ch21/lossy/qos1', ... (256 bytes))
1787780574: Sending PUBLISH to ch21bridge-3574702 (d0, q1, r0, m371, 'ch21/lossy/qos1', ... (256 bytes))
1787780574: Sending PUBACK to ESP32_000000 (m36542, rc0)
1787780574: Received PUBACK from ch21bridge-3574702 (Mid: 371, RC:0)
1787780574: Received PUBLISH from ESP32_000000 (d0, q1, r0, m21912, 'ch21/lossy/qos1', ... (256 bytes))
1787780574: Sending PUBLISH to ch21bridge-3574702 (d0, q1, r0, m372, 'ch21/lossy/qos1', ... (256 bytes))
1787780574: Sending PUBACK to ESP32_000000 (m21912, rc0)
1787780574: Received PUBACK from ch21bridge-3574702 (Mid: 372, RC:0)
1787780574: Received PUBLISH from ESP32_000000 (d0, q1, r0, m25010, 'ch21/lossy/qos1', ... (256 bytes))
1787780574: Sending PUBLISH to ch21bridge-3574702 (d0, q1, r0, m373, 'ch21/lossy/qos1', ... (256 bytes))
1787780574: Sending PUBACK to ESP32_000000 (m25010, rc0)
1787780574: Received PUBACK from ch21bridge-3574702 (Mid: 373, RC:0)
1787780574: Received PUBLISH from ESP32_000000 (d0, q1, r0, m5083, 'ch21/lossy/qos1', ... (256 bytes))
1787780574: Sending PUBLISH to ch21bridge-3574702 (d0, q1, r0, m374, 'ch21/lossy/qos1', ... (256 bytes))
1787780574: Sending PUBACK to ESP32_000000 (m5083, rc0)
1787780574: Received PUBACK from ch21bridge-3574702 (Mid: 374, RC:0)
1787780574: Received PUBLISH from ESP32_000000 (d0, q1, r0, m1373, 'ch21/lossy/qos1', ... (256 bytes))
1787780574: Sending PUBLISH to ch21bridge-3574702 (d0, q1, r0, m375, 'ch21/lossy/qos1', ... (256 bytes))
1787780574: Sending PUBACK to ESP32_000000 (m1373, rc0)
1787780574: Received PUBACK from ch21bridge-3574702 (Mid: 375, RC:0)
1787780574: Received PUBLISH from ESP32_000000 (d0, q1, r0, m385, 'ch21/lossy/qos1', ... (256 bytes))
1787780574: Sending PUBLISH to ch21bridge-3574702 (d0, q1, r0, m376, 'ch21/lossy/qos1', ... (256 bytes))
1787780574: Sending PUBACK to ESP32_000000 (m385, rc0)
1787780574: Received PUBACK from ch21bridge-3574702 (Mid: 376, RC:0)
1787780574: Received PUBLISH from ESP32_000000 (d0, q1, r0, m33405, 'ch21/lossy/qos1', ... (256 bytes))
1787780574: Sending PUBLISH to ch21bridge-3574702 (d0, q1, r0, m377, 'ch21/lossy/qos1', ... (256 bytes))
1787780574: Sending PUBACK to ESP32_000000 (m33405, rc0)
1787780574: Received PUBACK from ch21bridge-3574702 (Mid: 377, RC:0)
1787780575: Received PUBLISH from ESP32_000000 (d0, q1, r0, m6713, 'ch21/lossy/qos1', ... (256 bytes))
1787780575: Sending PUBLISH to ch21bridge-3574702 (d0, q1, r0, m378, 'ch21/lossy/qos1', ... (256 bytes))
1787780575: Sending PUBACK to ESP32_000000 (m6713, rc0)
1787780575: Received PUBACK from ch21bridge-3574702 (Mid: 378, RC:0)
1787780575: Received PUBLISH from ESP32_000000 (d0, q1, r0, m30790, 'ch21/lossy/qos1', ... (256 bytes))
1787780575: Sending PUBLISH to ch21bridge-3574702 (d0, q1, r0, m379, 'ch21/lossy/qos1', ... (256 bytes))
1787780575: Sending PUBACK to ESP32_000000 (m30790, rc0)
1787780575: Received PUBACK from ch21bridge-3574702 (Mid: 379, RC:0)
1787780575: Received PUBLISH from ESP32_000000 (d0, q1, r0, m5664, 'ch21/lossy/qos1', ... (256 bytes))
1787780575: Sending PUBLISH to ch21bridge-3574702 (d0, q1, r0, m380, 'ch21/lossy/qos1', ... (256 bytes))
1787780575: Sending PUBACK to ESP32_000000 (m5664, rc0)
1787780575: Received PUBACK from ch21bridge-3574702 (Mid: 380, RC:0)
1787780575: Received PUBLISH from ESP32_000000 (d0, q1, r0, m9532, 'ch21/lossy/qos1', ... (256 bytes))
1787780575: Sending PUBLISH to ch21bridge-3574702 (d0, q1, r0, m381, 'ch21/lossy/qos1', ... (256 bytes))
1787780575: Sending PUBACK to ESP32_000000 (m9532, rc0)
1787780575: Received PUBACK from ch21bridge-3574702 (Mid: 381, RC:0)
1787780575: Received PUBLISH from ESP32_000000 (d0, q1, r0, m17259, 'ch21/lossy/qos1', ... (256 bytes))
1787780575: Sending PUBLISH to ch21bridge-3574702 (d0, q1, r0, m382, 'ch21/lossy/qos1', ... (256 bytes))
1787780575: Sending PUBACK to ESP32_000000 (m17259, rc0)
1787780575: Received PUBACK from ch21bridge-3574702 (Mid: 382, RC:0)
1787780582: Client ESP32_000000 has exceeded timeout, disconnecting.
1787780583: New connection from 127.0.0.1:51438 on port 1883.
1787780583: New client connected from 127.0.0.1:51438 as ESP32_000000 (p2, c1, k5).
1787780583: No will message specified.
1787780583: Sending CONNACK to ESP32_000000 (0, 0)
1787780584: Received PUBLISH from ESP32_000000 (d0, q1, r0, m15788, 'ch21/lossy/qos1', ... (256 bytes))
1787780584: Sending PUBLISH to ch21bridge-3574702 (d0, q1, r0, m383, 'ch21/lossy/qos1', ... (256 bytes))
1787780584: Sending PUBACK to ESP32_000000 (m15788, rc0)
1787780584: Received PUBACK from ch21bridge-3574702 (Mid: 383, RC:0)
1787780584: Received PUBLISH from ESP32_000000 (d0, q1, r0, m39978, 'ch21/lossy/qos1', ... (256 bytes))
1787780584: Sending PUBLISH to ch21bridge-3574702 (d0, q1, r0, m384, 'ch21/lossy/qos1', ... (256 bytes))
1787780584: Sending PUBACK to ESP32_000000 (m39978, rc0)
1787780584: Received PUBACK from ch21bridge-3574702 (Mid: 384, RC:0)
1787780584: Received PUBLISH from ESP32_000000 (d1, q1, r0, m62193, 'ch21/lossy/qos1', ... (256 bytes))
1787780584: Sending PUBLISH to ch21bridge-3574702 (d0, q1, r0, m385, 'ch21/lossy/qos1', ... (256 bytes))
1787780584: Sending PUBACK to ESP32_000000 (m62193, rc0)
1787780584: Received PUBACK from ch21bridge-3574702 (Mid: 385, RC:0)
1787780585: Received PUBLISH from ESP32_000000 (d0, q1, r0, m6480, 'ch21/lossy/qos1', ... (256 bytes))
1787780585: Sending PUBLISH to ch21bridge-3574702 (d0, q1, r0, m386, 'ch21/lossy/qos1', ... (256 bytes))
1787780585: Sending PUBACK to ESP32_000000 (m6480, rc0)
1787780585: Received PUBLISH from ESP32_000000 (d0, q1, r0, m4141, 'ch21/lossy/qos1', ... (256 bytes))
1787780585: Sending PUBLISH to ch21bridge-3574702 (d0, q1, r0, m387, 'ch21/lossy/qos1', ... (256 bytes))
1787780585: Sending PUBACK to ESP32_000000 (m4141, rc0)
1787780585: Received PUBLISH from ESP32_000000 (d0, q1, r0, m13769, 'ch21/lossy/qos1', ... (256 bytes))
1787780585: Sending PUBLISH to ch21bridge-3574702 (d0, q1, r0, m388, 'ch21/lossy/qos1', ... (256 bytes))
1787780585: Sending PUBACK to ESP32_000000 (m13769, rc0)
1787780585: Received PUBLISH from ESP32_000000 (d0, q1, r0, m43160, 'ch21/lossy/qos1', ... (256 bytes))
1787780585: Sending PUBLISH to ch21bridge-3574702 (d0, q1, r0, m389, 'ch21/lossy/qos1', ... (256 bytes))
1787780585: Sending PUBACK to ESP32_000000 (m43160, rc0)
1787780585: Received PUBLISH from ESP32_000000 (d0, q1, r0, m59827, 'ch21/lossy/qos1', ... (256 bytes))
1787780585: Sending PUBLISH to ch21bridge-3574702 (d0, q1, r0, m390, 'ch21/lossy/qos1', ... (256 bytes))
1787780585: Sending PUBACK to ESP32_000000 (m59827, rc0)
1787780585: Received PUBLISH from ESP32_000000 (d0, q1, r0, m48820, 'ch21/lossy/qos1', ... (256 bytes))
1787780585: Sending PUBLISH to ch21bridge-3574702 (d0, q1, r0, m391, 'ch21/lossy/qos1', ... (256 bytes))
1787780585: Sending PUBACK to ESP32_000000 (m48820, rc0)
1787780585: Received PUBACK from ch21bridge-3574702 (Mid: 386, RC:0)
1787780585: Received PUBACK from ch21bridge-3574702 (Mid: 387, RC:0)
1787780585: Received PUBACK from ch21bridge-3574702 (Mid: 388, RC:0)
1787780585: Received PUBACK from ch21bridge-3574702 (Mid: 389, RC:0)
1787780585: Received PUBACK from ch21bridge-3574702 (Mid: 390, RC:0)
1787780585: Received PUBACK from ch21bridge-3574702 (Mid: 391, RC:0)
1787780585: Received PUBLISH from ESP32_000000 (d0, q1, r0, m40616, 'ch21/lossy/qos1', ... (256 bytes))
1787780585: Sending PUBLISH to ch21bridge-3574702 (d0, q1, r0, m392, 'ch21/lossy/qos1', ... (256 bytes))
1787780585: Sending PUBACK to ESP32_000000 (m40616, rc0)
1787780585: Received PUBLISH from ESP32_000000 (d0, q1, r0, m40256, 'ch21/lossy/qos1', ... (256 bytes))
1787780585: Sending PUBLISH to ch21bridge-3574702 (d0, q1, r0, m393, 'ch21/lossy/qos1', ... (256 bytes))
1787780585: Sending PUBACK to ESP32_000000 (m40256, rc0)
1787780585: Received PUBLISH from ESP32_000000 (d0, q1, r0, m46011, 'ch21/lossy/qos1', ... (256 bytes))
1787780585: Sending PUBLISH to ch21bridge-3574702 (d0, q1, r0, m394, 'ch21/lossy/qos1', ... (256 bytes))
1787780585: Sending PUBACK to ESP32_000000 (m46011, rc0)
1787780585: Received PUBLISH from ESP32_000000 (d0, q1, r0, m55528, 'ch21/lossy/qos1', ... (256 bytes))
1787780585: Sending PUBLISH to ch21bridge-3574702 (d0, q1, r0, m395, 'ch21/lossy/qos1', ... (256 bytes))
1787780585: Sending PUBACK to ESP32_000000 (m55528, rc0)
1787780585: Received PUBLISH from ESP32_000000 (d0, q1, r0, m44326, 'ch21/lossy/qos1', ... (256 bytes))
1787780585: Sending PUBLISH to ch21bridge-3574702 (d0, q1, r0, m396, 'ch21/lossy/qos1', ... (256 bytes))
1787780585: Sending PUBACK to ESP32_000000 (m44326, rc0)
1787780585: Received PUBACK from ch21bridge-3574702 (Mid: 392, RC:0)
1787780585: Received PUBACK from ch21bridge-3574702 (Mid: 393, RC:0)
1787780585: Received PUBACK from ch21bridge-3574702 (Mid: 394, RC:0)
1787780585: Received PUBACK from ch21bridge-3574702 (Mid: 395, RC:0)
1787780585: Received PUBACK from ch21bridge-3574702 (Mid: 396, RC:0)
1787780585: Received PUBLISH from ESP32_000000 (d0, q1, r0, m2837, 'ch21/lossy/qos1', ... (256 bytes))
1787780585: Sending PUBLISH to ch21bridge-3574702 (d0, q1, r0, m397, 'ch21/lossy/qos1', ... (256 bytes))
1787780585: Sending PUBACK to ESP32_000000 (m2837, rc0)
1787780585: Received PUBACK from ch21bridge-3574702 (Mid: 397, RC:0)
1787780585: Received PUBLISH from ESP32_000000 (d1, q1, r0, m9902, 'ch21/lossy/qos1', ... (256 bytes))
1787780585: Sending PUBLISH to ch21bridge-3574702 (d0, q1, r0, m398, 'ch21/lossy/qos1', ... (256 bytes))
1787780585: Sending PUBACK to ESP32_000000 (m9902, rc0)
1787780585: Received PUBACK from ch21bridge-3574702 (Mid: 398, RC:0)
1787780585: Received PUBLISH from ESP32_000000 (d0, q1, r0, m41284, 'ch21/lossy/qos1', ... (256 bytes))
1787780585: Sending PUBLISH to ch21bridge-3574702 (d0, q1, r0, m399, 'ch21/lossy/qos1', ... (256 bytes))
1787780585: Sending PUBACK to ESP32_000000 (m41284, rc0)
1787780585: Received PUBACK from ch21bridge-3574702 (Mid: 399, RC:0)
1787780587: Received PUBLISH from ESP32_000000 (d0, q1, r0, m21451, 'ch21/lossy/qos1', ... (256 bytes))
1787780587: Sending PUBLISH to ch21bridge-3574702 (d0, q1, r0, m400, 'ch21/lossy/qos1', ... (256 bytes))
1787780587: Sending PUBACK to ESP32_000000 (m21451, rc0)
1787780587: Received PUBLISH from ESP32_000000 (d0, q1, r0, m43706, 'ch21/lossy/qos1', ... (256 bytes))
1787780587: Sending PUBLISH to ch21bridge-3574702 (d0, q1, r0, m401, 'ch21/lossy/qos1', ... (256 bytes))
1787780587: Sending PUBACK to ESP32_000000 (m43706, rc0)
1787780587: Received PUBLISH from ESP32_000000 (d0, q1, r0, m2640, 'ch21/lossy/qos1', ... (256 bytes))
1787780587: Sending PUBLISH to ch21bridge-3574702 (d0, q1, r0, m402, 'ch21/lossy/qos1', ... (256 bytes))
1787780587: Sending PUBACK to ESP32_000000 (m2640, rc0)
1787780587: Received PUBLISH from ESP32_000000 (d0, q1, r0, m59846, 'ch21/lossy/qos1', ... (256 bytes))
1787780587: Sending PUBLISH to ch21bridge-3574702 (d0, q1, r0, m403, 'ch21/lossy/qos1', ... (256 bytes))
1787780587: Sending PUBACK to ESP32_000000 (m59846, rc0)
1787780587: Received PUBLISH from ESP32_000000 (d0, q1, r0, m65023, 'ch21/lossy/qos1', ... (256 bytes))
1787780587: Sending PUBLISH to ch21bridge-3574702 (d0, q1, r0, m404, 'ch21/lossy/qos1', ... (256 bytes))
1787780587: Sending PUBACK to ESP32_000000 (m65023, rc0)
1787780587: Received PUBLISH from ESP32_000000 (d0, q1, r0, m1577, 'ch21/lossy/qos1', ... (256 bytes))
1787780587: Sending PUBLISH to ch21bridge-3574702 (d0, q1, r0, m405, 'ch21/lossy/qos1', ... (256 bytes))
1787780587: Sending PUBACK to ESP32_000000 (m1577, rc0)
1787780587: Received PUBLISH from ESP32_000000 (d0, q1, r0, m31178, 'ch21/lossy/qos1', ... (256 bytes))
1787780587: Sending PUBLISH to ch21bridge-3574702 (d0, q1, r0, m406, 'ch21/lossy/qos1', ... (256 bytes))
1787780587: Sending PUBACK to ESP32_000000 (m31178, rc0)
1787780587: Received PUBLISH from ESP32_000000 (d1, q1, r0, m27885, 'ch21/lossy/qos1', ... (256 bytes))
1787780587: Sending PUBLISH to ch21bridge-3574702 (d0, q1, r0, m407, 'ch21/lossy/qos1', ... (256 bytes))
1787780587: Sending PUBACK to ESP32_000000 (m27885, rc0)
1787780587: Received PUBACK from ch21bridge-3574702 (Mid: 400, RC:0)
1787780587: Received PINGREQ from ESP32_000000
1787780587: Sending PINGRESP to ESP32_000000
1787780587: Received PUBACK from ch21bridge-3574702 (Mid: 401, RC:0)
1787780587: Received PUBACK from ch21bridge-3574702 (Mid: 402, RC:0)
1787780587: Received PUBACK from ch21bridge-3574702 (Mid: 403, RC:0)
1787780587: Received PUBACK from ch21bridge-3574702 (Mid: 404, RC:0)
1787780587: Received PUBACK from ch21bridge-3574702 (Mid: 405, RC:0)
1787780587: Received PUBACK from ch21bridge-3574702 (Mid: 406, RC:0)
1787780587: Received PUBACK from ch21bridge-3574702 (Mid: 407, RC:0)
1787780588: Received PUBLISH from ESP32_000000 (d1, q1, r0, m17898, 'ch21/lossy/qos1', ... (256 bytes))
1787780588: Sending PUBLISH to ch21bridge-3574702 (d0, q1, r0, m408, 'ch21/lossy/qos1', ... (256 bytes))
1787780588: Sending PUBACK to ESP32_000000 (m17898, rc0)
1787780588: Received PUBACK from ch21bridge-3574702 (Mid: 408, RC:0)
1787780589: Received PUBLISH from ESP32_000000 (d1, q1, r0, m65174, 'ch21/lossy/qos1', ... (256 bytes))
1787780589: Sending PUBLISH to ch21bridge-3574702 (d0, q1, r0, m409, 'ch21/lossy/qos1', ... (256 bytes))
1787780589: Sending PUBACK to ESP32_000000 (m65174, rc0)
1787780589: Received PUBACK from ch21bridge-3574702 (Mid: 409, RC:0)
1787780590: Received PUBLISH from ESP32_000000 (d1, q1, r0, m39125, 'ch21/lossy/qos1', ... (256 bytes))
1787780590: Sending PUBLISH to ch21bridge-3574702 (d0, q1, r0, m410, 'ch21/lossy/qos1', ... (256 bytes))
1787780590: Sending PUBACK to ESP32_000000 (m39125, rc0)
1787780590: Received PUBACK from ch21bridge-3574702 (Mid: 410, RC:0)
1787780590: Received PINGREQ from ESP32_000000
1787780590: Sending PINGRESP to ESP32_000000
1787780591: Received PUBLISH from ESP32_000000 (d1, q1, r0, m12905, 'ch21/lossy/qos1', ... (256 bytes))
1787780591: Sending PUBLISH to ch21bridge-3574702 (d0, q1, r0, m411, 'ch21/lossy/qos1', ... (256 bytes))
1787780591: Sending PUBACK to ESP32_000000 (m12905, rc0)
1787780591: Received PUBACK from ch21bridge-3574702 (Mid: 411, RC:0)
1787780592: Received PUBLISH from ESP32_000000 (d1, q1, r0, m37183, 'ch21/lossy/qos1', ... (256 bytes))
1787780592: Sending PUBLISH to ch21bridge-3574702 (d0, q1, r0, m412, 'ch21/lossy/qos1', ... (256 bytes))
1787780592: Sending PUBACK to ESP32_000000 (m37183, rc0)
1787780592: Received PUBACK from ch21bridge-3574702 (Mid: 412, RC:0)
1787780598: New connection from 127.0.0.1:50522 on port 1883.
1787780598: Client ESP32_000000 already connected, closing old connection.
1787780598: New client connected from 127.0.0.1:50522 as ESP32_000000 (p2, c1, k5).
1787780598: No will message specified.
1787780598: Sending CONNACK to ESP32_000000 (0, 0)
1787780600: Received PUBLISH from ESP32_000000 (d1, q1, r0, m38895, 'ch21/lossy/qos1', ... (256 bytes))
1787780600: Sending PUBLISH to ch21bridge-3574702 (d0, q1, r0, m413, 'ch21/lossy/qos1', ... (256 bytes))
1787780600: Sending PUBACK to ESP32_000000 (m38895, rc0)
1787780600: Received PUBACK from ch21bridge-3574702 (Mid: 413, RC:0)
1787780602: Received PUBLISH from ESP32_000000 (d1, q1, r0, m37311, 'ch21/lossy/qos1', ... (256 bytes))
1787780602: Sending PUBLISH to ch21bridge-3574702 (d0, q1, r0, m414, 'ch21/lossy/qos1', ... (256 bytes))
1787780602: Sending PUBACK to ESP32_000000 (m37311, rc0)
1787780602: Received PUBACK from ch21bridge-3574702 (Mid: 414, RC:0)
1787780602: Received PUBLISH from ESP32_000000 (d1, q1, r0, m37311, 'ch21/lossy/qos1', ... (256 bytes))
1787780602: Sending PUBLISH to ch21bridge-3574702 (d0, q1, r0, m415, 'ch21/lossy/qos1', ... (256 bytes))
1787780602: Sending PUBACK to ESP32_000000 (m37311, rc0)
1787780602: Received PINGREQ from ESP32_000000
1787780602: Sending PINGRESP to ESP32_000000
1787780602: Received PUBACK from ch21bridge-3574702 (Mid: 415, RC:0)
1787780603: Received PUBLISH from ESP32_000000 (d1, q1, r0, m6078, 'ch21/lossy/qos1', ... (256 bytes))
1787780603: Sending PUBLISH to ch21bridge-3574702 (d0, q1, r0, m416, 'ch21/lossy/qos1', ... (256 bytes))
1787780603: Sending PUBACK to ESP32_000000 (m6078, rc0)
1787780603: Received PUBACK from ch21bridge-3574702 (Mid: 416, RC:0)
1787780604: Received PUBLISH from ESP32_000000 (d1, q1, r0, m6002, 'ch21/lossy/qos1', ... (256 bytes))
1787780604: Sending PUBLISH to ch21bridge-3574702 (d0, q1, r0, m417, 'ch21/lossy/qos1', ... (256 bytes))
1787780604: Sending PUBACK to ESP32_000000 (m6002, rc0)
1787780604: Received PUBACK from ch21bridge-3574702 (Mid: 417, RC:0)
1787780605: Received PUBLISH from ESP32_000000 (d1, q1, r0, m44207, 'ch21/lossy/qos1', ... (256 bytes))
1787780605: Sending PUBLISH to ch21bridge-3574702 (d0, q1, r0, m418, 'ch21/lossy/qos1', ... (256 bytes))
1787780605: Sending PUBACK to ESP32_000000 (m44207, rc0)
1787780605: Received PUBACK from ch21bridge-3574702 (Mid: 418, RC:0)
1787780605: Received PINGREQ from ESP32_000000
1787780605: Sending PINGRESP to ESP32_000000
1787780608: Received PINGREQ from ESP32_000000
1787780608: Sending PINGRESP to ESP32_000000
1787780611: Received PINGREQ from ESP32_000000
1787780611: Sending PINGRESP to ESP32_000000
1787780613: Received PUBLISH from ESP32_000000 (d0, q0, r0, m0, 'ch21/offline/qos1', ... (6 bytes))
1787780613: Sending PUBLISH to ch21bridge-3574702 (d0, q0, r0, m0, 'ch21/offline/qos1', ... (6 bytes))
1787780613: mosquitto version 2.0.22 terminating
1787780619: mosquitto version 2.0.22 starting
1787780619: Config loaded from /home/huanglin/code/quartz/practice/lwip-ch21-mqtt/scripts/mosquitto_lab.conf.
1787780619: Opening ipv4 listen socket on port 1883.
1787780619: mosquitto version 2.0.22 running
1787780619: New connection from 127.0.0.1:41366 on port 1883.
1787780619: New client connected from 127.0.0.1:41366 as ESP32_000000 (p2, c1, k5).
1787780619: No will message specified.
1787780619: Sending CONNACK to ESP32_000000 (0, 0)
1787780619: New connection from 127.0.0.1:41370 on port 1883.
1787780619: New client connected from 127.0.0.1:41370 as ch21bridge-3574702 (p2, c1, k60).
1787780619: No will message specified.
1787780619: Sending CONNACK to ch21bridge-3574702 (0, 0)
1787780619: Received SUBSCRIBE from ch21bridge-3574702
1787780619: 	# (QoS 1)
1787780619: ch21bridge-3574702 1 #
1787780619: Sending SUBACK to ch21bridge-3574702
1787780620: Received PUBLISH from ESP32_000000 (d0, q1, r0, m15675, 'ch21/offline/qos1', ... (256 bytes))
1787780620: Sending PUBLISH to ch21bridge-3574702 (d0, q1, r0, m1, 'ch21/offline/qos1', ... (256 bytes))
1787780620: Sending PUBACK to ESP32_000000 (m15675, rc0)
1787780620: Received PUBACK from ch21bridge-3574702 (Mid: 1, RC:0)
1787780620: Received PUBLISH from ESP32_000000 (d0, q1, r0, m57908, 'ch21/offline/qos1', ... (256 bytes))
1787780620: Sending PUBLISH to ch21bridge-3574702 (d0, q1, r0, m2, 'ch21/offline/qos1', ... (256 bytes))
1787780620: Sending PUBACK to ESP32_000000 (m57908, rc0)
1787780620: Received PUBACK from ch21bridge-3574702 (Mid: 2, RC:0)
1787780620: Received PUBLISH from ESP32_000000 (d0, q1, r0, m42020, 'ch21/offline/qos1', ... (256 bytes))
1787780620: Sending PUBLISH to ch21bridge-3574702 (d0, q1, r0, m3, 'ch21/offline/qos1', ... (256 bytes))
1787780620: Sending PUBACK to ESP32_000000 (m42020, rc0)
1787780620: Received PUBACK from ch21bridge-3574702 (Mid: 3, RC:0)
1787780620: Received PUBLISH from ESP32_000000 (d0, q1, r0, m4522, 'ch21/offline/qos1', ... (256 bytes))
1787780620: Sending PUBLISH to ch21bridge-3574702 (d0, q1, r0, m4, 'ch21/offline/qos1', ... (256 bytes))
1787780620: Sending PUBACK to ESP32_000000 (m4522, rc0)
1787780620: Received PUBACK from ch21bridge-3574702 (Mid: 4, RC:0)
1787780620: Received PUBLISH from ESP32_000000 (d0, q1, r0, m33816, 'ch21/offline/qos1', ... (256 bytes))
1787780620: Sending PUBLISH to ch21bridge-3574702 (d0, q1, r0, m5, 'ch21/offline/qos1', ... (256 bytes))
1787780620: Sending PUBACK to ESP32_000000 (m33816, rc0)
1787780620: Received PUBACK from ch21bridge-3574702 (Mid: 5, RC:0)
1787780620: Received PUBLISH from ESP32_000000 (d0, q1, r0, m11221, 'ch21/offline/qos1', ... (256 bytes))
1787780620: Sending PUBLISH to ch21bridge-3574702 (d0, q1, r0, m6, 'ch21/offline/qos1', ... (256 bytes))
1787780620: Sending PUBACK to ESP32_000000 (m11221, rc0)
1787780620: Received PUBACK from ch21bridge-3574702 (Mid: 6, RC:0)
1787780620: Received PUBLISH from ESP32_000000 (d0, q1, r0, m64157, 'ch21/offline/qos1', ... (256 bytes))
1787780620: Sending PUBLISH to ch21bridge-3574702 (d0, q1, r0, m7, 'ch21/offline/qos1', ... (256 bytes))
1787780620: Sending PUBACK to ESP32_000000 (m64157, rc0)
1787780620: Received PUBACK from ch21bridge-3574702 (Mid: 7, RC:0)
1787780620: Received PUBLISH from ESP32_000000 (d0, q1, r0, m11924, 'ch21/offline/qos1', ... (256 bytes))
1787780620: Sending PUBLISH to ch21bridge-3574702 (d0, q1, r0, m8, 'ch21/offline/qos1', ... (256 bytes))
1787780620: Sending PUBACK to ESP32_000000 (m11924, rc0)
1787780620: Received PUBACK from ch21bridge-3574702 (Mid: 8, RC:0)
1787780620: Received PUBLISH from ESP32_000000 (d0, q1, r0, m17149, 'ch21/offline/qos1', ... (256 bytes))
1787780620: Sending PUBLISH to ch21bridge-3574702 (d0, q1, r0, m9, 'ch21/offline/qos1', ... (256 bytes))
1787780620: Sending PUBACK to ESP32_000000 (m17149, rc0)
1787780620: Received PUBACK from ch21bridge-3574702 (Mid: 9, RC:0)
1787780620: Received PUBLISH from ESP32_000000 (d0, q1, r0, m58942, 'ch21/offline/qos1', ... (256 bytes))
1787780620: Sending PUBLISH to ch21bridge-3574702 (d0, q1, r0, m10, 'ch21/offline/qos1', ... (256 bytes))
1787780620: Sending PUBACK to ESP32_000000 (m58942, rc0)
1787780620: Received PUBACK from ch21bridge-3574702 (Mid: 10, RC:0)
1787780620: Received PUBLISH from ESP32_000000 (d0, q1, r0, m2677, 'ch21/offline/qos1', ... (256 bytes))
1787780620: Sending PUBLISH to ch21bridge-3574702 (d0, q1, r0, m11, 'ch21/offline/qos1', ... (256 bytes))
1787780620: Sending PUBACK to ESP32_000000 (m2677, rc0)
1787780620: Received PUBACK from ch21bridge-3574702 (Mid: 11, RC:0)
1787780620: Received PUBLISH from ESP32_000000 (d0, q1, r0, m63058, 'ch21/offline/qos1', ... (256 bytes))
1787780620: Sending PUBLISH to ch21bridge-3574702 (d0, q1, r0, m12, 'ch21/offline/qos1', ... (256 bytes))
1787780620: Sending PUBACK to ESP32_000000 (m63058, rc0)
1787780620: Received PUBACK from ch21bridge-3574702 (Mid: 12, RC:0)
1787780620: Received PUBLISH from ESP32_000000 (d0, q1, r0, m31464, 'ch21/offline/qos1', ... (256 bytes))
1787780620: Sending PUBLISH to ch21bridge-3574702 (d0, q1, r0, m13, 'ch21/offline/qos1', ... (256 bytes))
1787780620: Sending PUBACK to ESP32_000000 (m31464, rc0)
1787780620: Received PUBACK from ch21bridge-3574702 (Mid: 13, RC:0)
1787780620: Received PUBLISH from ESP32_000000 (d0, q1, r0, m61198, 'ch21/offline/qos1', ... (256 bytes))
1787780620: Sending PUBLISH to ch21bridge-3574702 (d0, q1, r0, m14, 'ch21/offline/qos1', ... (256 bytes))
1787780620: Sending PUBACK to ESP32_000000 (m61198, rc0)
1787780620: Received PUBACK from ch21bridge-3574702 (Mid: 14, RC:0)
1787780620: Received PUBLISH from ESP32_000000 (d0, q1, r0, m53036, 'ch21/offline/qos1', ... (256 bytes))
1787780620: Sending PUBLISH to ch21bridge-3574702 (d0, q1, r0, m15, 'ch21/offline/qos1', ... (256 bytes))
1787780620: Sending PUBACK to ESP32_000000 (m53036, rc0)
1787780620: Received PUBACK from ch21bridge-3574702 (Mid: 15, RC:0)
1787780620: Received PUBLISH from ESP32_000000 (d0, q1, r0, m103, 'ch21/offline/qos1', ... (256 bytes))
1787780620: Sending PUBLISH to ch21bridge-3574702 (d0, q1, r0, m16, 'ch21/offline/qos1', ... (256 bytes))
1787780620: Sending PUBACK to ESP32_000000 (m103, rc0)
1787780620: Received PUBACK from ch21bridge-3574702 (Mid: 16, RC:0)
1787780620: Received PUBLISH from ESP32_000000 (d0, q1, r0, m43655, 'ch21/offline/qos1', ... (256 bytes))
1787780620: Sending PUBLISH to ch21bridge-3574702 (d0, q1, r0, m17, 'ch21/offline/qos1', ... (256 bytes))
1787780620: Sending PUBACK to ESP32_000000 (m43655, rc0)
1787780620: Received PUBACK from ch21bridge-3574702 (Mid: 17, RC:0)
1787780620: Received PUBLISH from ESP32_000000 (d0, q1, r0, m54507, 'ch21/offline/qos1', ... (256 bytes))
1787780620: Sending PUBLISH to ch21bridge-3574702 (d0, q1, r0, m18, 'ch21/offline/qos1', ... (256 bytes))
1787780620: Sending PUBACK to ESP32_000000 (m54507, rc0)
1787780620: Received PUBACK from ch21bridge-3574702 (Mid: 18, RC:0)
1787780620: Received PUBLISH from ESP32_000000 (d0, q1, r0, m2633, 'ch21/offline/qos1', ... (256 bytes))
1787780620: Sending PUBLISH to ch21bridge-3574702 (d0, q1, r0, m19, 'ch21/offline/qos1', ... (256 bytes))
1787780620: Sending PUBACK to ESP32_000000 (m2633, rc0)
1787780620: Received PUBACK from ch21bridge-3574702 (Mid: 19, RC:0)
1787780620: Received PUBLISH from ESP32_000000 (d0, q1, r0, m47201, 'ch21/offline/qos1', ... (256 bytes))
1787780620: Sending PUBLISH to ch21bridge-3574702 (d0, q1, r0, m20, 'ch21/offline/qos1', ... (256 bytes))
1787780620: Sending PUBACK to ESP32_000000 (m47201, rc0)
1787780620: Received PUBACK from ch21bridge-3574702 (Mid: 20, RC:0)
1787780620: Received PUBLISH from ESP32_000000 (d0, q1, r0, m17008, 'ch21/offline/qos1', ... (256 bytes))
1787780620: Sending PUBLISH to ch21bridge-3574702 (d0, q1, r0, m21, 'ch21/offline/qos1', ... (256 bytes))
1787780620: Sending PUBACK to ESP32_000000 (m17008, rc0)
1787780620: Received PUBACK from ch21bridge-3574702 (Mid: 21, RC:0)
1787780620: Received PUBLISH from ESP32_000000 (d0, q1, r0, m355, 'ch21/offline/qos1', ... (256 bytes))
1787780620: Sending PUBLISH to ch21bridge-3574702 (d0, q1, r0, m22, 'ch21/offline/qos1', ... (256 bytes))
1787780620: Sending PUBACK to ESP32_000000 (m355, rc0)
1787780620: Received PUBACK from ch21bridge-3574702 (Mid: 22, RC:0)
1787780620: Received PUBLISH from ESP32_000000 (d0, q1, r0, m46660, 'ch21/offline/qos1', ... (256 bytes))
1787780620: Sending PUBLISH to ch21bridge-3574702 (d0, q1, r0, m23, 'ch21/offline/qos1', ... (256 bytes))
1787780620: Sending PUBACK to ESP32_000000 (m46660, rc0)
1787780620: Received PUBACK from ch21bridge-3574702 (Mid: 23, RC:0)
1787780620: Received PUBLISH from ESP32_000000 (d0, q1, r0, m31156, 'ch21/offline/qos1', ... (256 bytes))
1787780620: Sending PUBLISH to ch21bridge-3574702 (d0, q1, r0, m24, 'ch21/offline/qos1', ... (256 bytes))
1787780620: Sending PUBACK to ESP32_000000 (m31156, rc0)
1787780620: Received PUBACK from ch21bridge-3574702 (Mid: 24, RC:0)
1787780620: Received PUBLISH from ESP32_000000 (d0, q1, r0, m63888, 'ch21/offline/qos1', ... (256 bytes))
1787780620: Sending PUBLISH to ch21bridge-3574702 (d0, q1, r0, m25, 'ch21/offline/qos1', ... (256 bytes))
1787780620: Sending PUBACK to ESP32_000000 (m63888, rc0)
1787780620: Received PUBACK from ch21bridge-3574702 (Mid: 25, RC:0)
1787780620: Received PUBLISH from ESP32_000000 (d0, q1, r0, m1837, 'ch21/offline/qos1', ... (256 bytes))
1787780620: Sending PUBLISH to ch21bridge-3574702 (d0, q1, r0, m26, 'ch21/offline/qos1', ... (256 bytes))
1787780620: Sending PUBACK to ESP32_000000 (m1837, rc0)
1787780620: Received PUBACK from ch21bridge-3574702 (Mid: 26, RC:0)
1787780620: Received PUBLISH from ESP32_000000 (d0, q1, r0, m19425, 'ch21/offline/qos1', ... (256 bytes))
1787780620: Sending PUBLISH to ch21bridge-3574702 (d0, q1, r0, m27, 'ch21/offline/qos1', ... (256 bytes))
1787780620: Sending PUBACK to ESP32_000000 (m19425, rc0)
1787780620: Received PUBACK from ch21bridge-3574702 (Mid: 27, RC:0)
1787780620: Received PUBLISH from ESP32_000000 (d0, q1, r0, m27439, 'ch21/offline/qos1', ... (256 bytes))
1787780620: Sending PUBLISH to ch21bridge-3574702 (d0, q1, r0, m28, 'ch21/offline/qos1', ... (256 bytes))
1787780620: Sending PUBACK to ESP32_000000 (m27439, rc0)
1787780620: Received PUBACK from ch21bridge-3574702 (Mid: 28, RC:0)
1787780620: Received PUBLISH from ESP32_000000 (d0, q1, r0, m19432, 'ch21/offline/qos1', ... (256 bytes))
1787780620: Sending PUBLISH to ch21bridge-3574702 (d0, q1, r0, m29, 'ch21/offline/qos1', ... (256 bytes))
1787780620: Sending PUBACK to ESP32_000000 (m19432, rc0)
1787780620: Received PUBACK from ch21bridge-3574702 (Mid: 29, RC:0)
1787780620: Received PUBLISH from ESP32_000000 (d0, q1, r0, m61483, 'ch21/offline/qos1', ... (256 bytes))
1787780620: Sending PUBLISH to ch21bridge-3574702 (d0, q1, r0, m30, 'ch21/offline/qos1', ... (256 bytes))
1787780620: Sending PUBACK to ESP32_000000 (m61483, rc0)
1787780620: Received PUBACK from ch21bridge-3574702 (Mid: 30, RC:0)
1787780622: Received PINGREQ from ESP32_000000
1787780622: Sending PINGRESP to ESP32_000000
1787780624: Client ESP32_000000 closed its connection.
1787780624: mosquitto version 2.0.22 terminating
