Adding SPI flash device
ets Jul 29 2019 12:21:46

rst:0x1 (POWERON_RESET),boot:0x12 (SPI_FAST_FLASH_BOOT)
configsip: 0, SPIWP:0xee
clk_drv:0x00,q_drv:0x00,d_drv:0x00,cs0_drv:0x00,hd_drv:0x00,wp_drv:0x00
mode:DIO, clock div:2
load:0x3fff0040,len:6272
load:0x40078000,len:15820
load:0x40080400,len:3920
entry 0x40080644
I (707) boot: ESP-IDF v6.0.2 2nd stage bootloader
I (708) boot: compile time Aug 27 2026 02:30:13
I (708) boot: Multicore bootloader
I (779) boot: chip revision: v3.0
I (780) boot.esp32: SPI Speed      : 40MHz
I (780) boot.esp32: SPI Mode       : DIO
I (781) boot.esp32: SPI Flash Size : 2MB
I (785) boot: Enabling RNG early entropy source...
I (794) boot: Partition Table:
I (795) boot: ## Label            Usage          Type ST Offset   Length
I (795) boot:  0 nvs              WiFi data        01 02 00009000 00006000
I (795) boot:  1 phy_init         RF data          01 01 0000f000 00001000
I (795) boot:  2 factory          factory app      00 00 00010000 00100000
I (800) boot: End of partition table
I (853) esp_image: segment 0: paddr=00010020 vaddr=3f400020 size=0f0b4h ( 61620) map
I (888) esp_image: segment 1: paddr=0001f0dc vaddr=3ffb0000 size=00f3ch (  3900) load
I (905) esp_image: segment 2: paddr=00020020 vaddr=400d0020 size=2a408h (173064) map
I (942) esp_image: segment 3: paddr=0004a430 vaddr=3ffb0f3c size=01b90h (  7056) load
I (975) esp_image: segment 4: paddr=0004bfc8 vaddr=40080000 size=0b23ch ( 45628) load
I (1008) esp_image: segment 5: paddr=0005720c vaddr=50000000 size=00028h (    40) load
I (1107) boot: Loaded app from partition at offset 0x10000
I (1108) boot: Disabling RNG early entropy source...
I (1125) cpu_start: Multicore app
I (1929) cpu_start: GPIO 3 and 1 are used as console UART I/O pins
I (1931) cpu_start: Pro cpu start user code
I (1931) cpu_start: cpu freq: 160000000 Hz
I (1932) app_init: Application information:
I (1932) app_init: Project name:     lwip_ch15_raw_api_callbacks
I (1932) app_init: App version:      924d871
I (1932) app_init: Compile time:     Aug 27 2026 02:29:47
I (1932) app_init: ELF file SHA256:  81dd352e1...
I (1932) app_init: ESP-IDF:          v6.0.2
I (1932) efuse_init: Min chip rev:     v0.0
I (1932) efuse_init: Max chip rev:     v3.99 
I (1932) efuse_init: Chip rev:         v3.0
I (1933) heap_init: Initializing. RAM available for dynamic allocation:
I (1933) heap_init: At 3FFAE6E0 len 00001920 (6 KiB): DRAM
I (1934) heap_init: At 3FFB49F0 len 0002B610 (173 KiB): DRAM
I (1934) heap_init: At 3FFE0440 len 00003AE0 (14 KiB): D/IRAM
I (1934) heap_init: At 3FFE4350 len 0001BCB0 (111 KiB): D/IRAM
I (1934) heap_init: At 4008B23C len 00014DC4 (83 KiB): IRAM
I (1978) spi_flash: detected chip: winbond
I (1982) spi_flash: flash io: dio
I (2003) main_task: Started on CPU0
I (2003) main_task: Calling app_main()
I (2003) ch15lab: == ch15 lab: raw tcp callbacks / retval protocol / faults ==
I (2033) esp_eth.netif.netif_glue: 52:54:00:12:34:56
I (2033) esp_eth.netif.netif_glue: ethernet attached to netif
I (2133) ch15lab: ETH_EVENT id=0
E (2133) esp_eth: esp_eth_ioctl(533): add mac address to filter not supported
E (2133) esp_eth.netif.netif_glue: eth_set_mac_filter(56): failed to add mac filter
E (2133) esp_netif_lwip: Failed to add multicast filter for IPv4
I (2133) ch15lab: ETH_EVENT id=2
I (3143) ch15lab: GOT_IP: 10.0.2.15
I (3143) esp_netif_handlers: eth ip: 10.0.2.15, mask: 255.255.255.0, gw: 10.0.2.2
CH15-FACT sizeof(struct tcp_pcb)=208 MSS=1440 WND=5760 SND_BUF=5760 TCPIP_RECVMBOX=32 MAX_ACTIVE_TCP=16 SLOW_TMR=250 FAST_TMR=250 CHECK_THREAD_SAFETY=0 CORE_LOCKING=0
CH15-SERVER ctrl port=8027 started
CH15-SERVER api=raw port=8017 listening (runs in tcpip thread)
CH15-SERVER api=socket port=8517 fd=48 listening (task=ch15_sock)
CH15-READY raw=8017 sock=8517 ctrl_udp=8027 keepalive=600s
CH15-HB active=0 leaks=0 aborts=0 sock_rx=0 busy=0 leak_eof=0
CH15-HEAP free=267104 low=266912 lfb=147456 (MEM_STATS 编译期关闭)
CH15-HB active=0 leaks=0 aborts=0 sock_rx=0 busy=0 leak_eof=0
CH15-HEAP free=267104 low=266912 lfb=147456 (MEM_STATS 编译期关闭)
CH15-HB active=0 leaks=0 aborts=0 sock_rx=0 busy=0 leak_eof=0
CH15-HEAP free=267104 low=266912 lfb=147456 (MEM_STATS 编译期关闭)
CH15-HB active=0 leaks=0 aborts=0 sock_rx=0 busy=0 leak_eof=0
CH15-HEAP free=267104 low=266912 lfb=147456 (MEM_STATS 编译期关闭)
CH15-ACCEPT pcb=0x3ffbbe7c lport=8017
E (23343) opencores.emac: no mem for receive buffer
E (23343) opencores.emac: no mem for receive buffer
E (23343) opencores.emac: no mem for receive buffer
E (23343) opencores.emac: no mem for receive buffer
E (23343) opencores.emac: no mem for receive buffer
E (23343) opencores.emac: no mem for receive buffer
E (23343) opencores.emac: no mem for receive buffer
E (23343) opencores.emac: no mem for receive buffer
E (23343) opencores.emac: no mem for receive buffer
E (23343) opencores.emac: no mem for receive buffer
E (23343) opencores.emac: no mem for receive buffer
E (23343) opencores.emac: no mem for receive buffer
E (23343) opencores.emac: no mem for receive buffer
E (23343) opencores.emac: no mem for receive buffer
E (23343) opencores.emac: no mem for receive buffer
E (23343) opencores.emac: no mem for receive buffer
E (23343) opencores.emac: no mem for receive buffer
E (23343) opencores.emac: no mem for receive buffer
E (23343) opencores.emac: no mem for receive buffer
E (23343) opencores.emac: no mem for receive buffer
E (23343) opencores.emac: no mem for receive buffer
E (23343) opencores.emac: no mem for receive buffer
E (23343) opencores.emac: no mem for receive buffer
E (23343) opencores.emac: no mem for receive buffer
E (23343) opencores.emac: no mem for receive buffer
E (23343) opencores.emac: no mem for receive buffer
E (23343) opencores.emac: no mem for receive buffer
E (23343) opencores.emac: no mem for receive buffer
E (23343) opencores.emac: no mem for receive buffer
E (23343) opencores.emac: no mem for receive buffer
E (23343) opencores.emac: no mem for receive buffer
E (23343) opencores.emac: no mem for receive buffer
E (23343) opencores.emac: no mem for receive buffer
E (23343) opencores.emac: no mem for receive buffer
E (23343) opencores.emac: no mem for receive buffer
E (23343) opencores.emac: no mem for receive buffer
E (23343) opencores.emac: no mem for receive buffer
E (23343) opencores.emac: no mem for receive buffer
E (23343) opencores.emac: no mem for receive buffer
E (23343) opencores.emac: no mem for receive buffer
E (23343) opencores.emac: no mem for receive buffer
E (23343) opencores.emac: no mem for receive buffer
E (23343) opencores.emac: no mem for receive buffer
E (23343) opencores.emac: no mem for receive buffer
E (23343) opencores.emac: no mem for receive buffer
E (23343) opencores.emac: no mem for receive buffer
E (23343) opencores.emac: no mem for receive buffer
E (23343) opencores.emac: no mem for receive buffer
E (23343) opencores.emac: no mem for receive buffer
E (23343) opencores.emac: no mem for receive buffer
E (23343) opencores.emac: no mem for receive buffer
E (23343) opencores.emac: no mem for receive buffer
E (23343) opencores.emac: no mem for receive buffer
E (23343) opencores.emac: no mem for receive buffer
E (23343) opencores.emac: no mem for receive buffer
E (23343) opencores.emac: no mem for receive buffer
E (23343) opencores.emac: no mem for receive buffer
E (23343) opencores.emac: no mem for receive buffer
E (23343) opencores.emac: no mem for receive buffer
E (23343) opencores.emac: no mem for receive buffer
E (23343) opencores.emac: no mem for receive buffer
E (23343) opencores.emac: no mem for receive buffer
E (23343) opencores.emac: no mem for receive buffer
E (23343) opencores.emac: no mem for receive buffer
E (23343) opencores.emac: no mem for receive buffer
E (23343) opencores.emac: no mem for receive buffer
E (23343) opencores.emac: no mem for receive buffer
E (23343) opencores.emac: no mem for receive buffer
E (23343) opencores.emac: no mem for receive buffer
E (23343) opencores.emac: no mem for receive buffer
E (23343) opencores.emac: no mem for receive buffer
E (23343) opencores.emac: no mem for receive buffer
E (23343) opencores.emac: no mem for receive buffer
E (23343) opencores.emac: no mem for receive buffer
E (23343) opencores.emac: no mem for receive buffer
E (23343) opencores.emac: no mem for receive buffer
E (23343) opencores.emac: no mem for receive buffer
E (23343) opencores.emac: no mem for receive buffer
E (23343) opencores.emac: no mem for receive buffer
E (23343) opencores.emac: no mem for receive buffer
E (23343) opencores.emac: no mem for receive buffer
E (23343) opencores.emac: no mem for receive buffer
E (23343) opencores.emac: no mem for receive buffer
E (23343) opencores.emac: no mem for receive buffer
E (23343) opencores.emac: no mem for receive buffer
E (23343) opencores.emac: no mem for receive buffer
E (23343) opencores.emac: no mem for receive buffer
E (23343) opencores.emac: no mem for receive buffer
E (23343) opencores.emac: no mem for receive buffer
E (23343) opencores.emac: no mem for receive buffer
E (23353) opencores.emac: no mem for receive buffer
E (23353) opencores.emac: no mem for receive buffer
E (23353) opencores.emac: no mem for receive buffer
E (23353) opencores.emac: no mem for receive buffer
E (23353) opencores.emac: no mem for receive buffer
E (23353) opencores.emac: no mem for receive buffer
E (23353) opencores.emac: no mem for receive buffer
E (23353) opencores.emac: no mem for receive buffer
E (23353) opencores.emac: no mem for receive buffer
E (23353) opencores.emac: no mem for receive buffer
E (23353) opencores.emac: no mem for receive buffer
E (23353) opencores.emac: no mem for receive buffer
E (23353) opencores.emac: no mem for receive buffer
E (23353) opencores.emac: no mem for receive buffer
E (23353) opencores.emac: no mem for receive buffer
E (23353) opencores.emac: no mem for receive buffer
E (23353) opencores.emac: no mem for receive buffer
E (23353) opencores.emac: no mem for receive buffer
E (23353) opencores.emac: no mem for receive buffer
E (23353) opencores.emac: no mem for receive buffer
E (23353) opencores.emac: no mem for receive buffer
E (23353) opencores.emac: no mem for receive buffer
E (23353) opencores.emac: no mem for receive buffer
E (23353) opencores.emac: no mem for receive buffer
E (23353) opencores.emac: no mem for receive buffer
E (23353) opencores.emac: no mem for receive buffer
E (23353) opencores.emac: no mem for receive buffer
E (23353) opencores.emac: no mem for receive buffer
E (23353) opencores.emac: no mem for receive buffer
E (23353) opencores.emac: no mem for receive buffer
E (23353) opencores.emac: no mem for receive buffer
E (23353) opencores.emac: no mem for receive buffer
E (23353) opencores.emac: no mem for receive buffer
E (23353) opencores.emac: no mem for receive buffer
E (23353) opencores.emac: no mem for receive buffer
E (23353) opencores.emac: no mem for receive buffer
E (23353) opencores.emac: no mem for receive buffer
E (23353) opencores.emac: no mem for receive buffer
E (23353) opencores.emac: no mem for receive buffer
E (23353) opencores.emac: no mem for receive buffer
E (23353) opencores.emac: no mem for receive buffer
E (23353) opencores.emac: no mem for receive buffer
E (23353) opencores.emac: no mem for receive buffer
E (23353) opencores.emac: no mem for receive buffer
E (23353) opencores.emac: no mem for receive buffer
E (23353) opencores.emac: no mem for receive buffer
E (23353) opencores.emac: no mem for receive buffer
E (23353) opencores.emac: no mem for receive buffer
E (23353) opencores.emac: no mem for receive buffer
E (23353) opencores.emac: no mem for receive buffer
E (23353) opencores.emac: no mem for receive buffer
E (23353) opencores.emac: no mem for receive buffer
E (23353) opencores.emac: no mem for receive buffer
E (23353) opencores.emac: no mem for receive buffer
E (23353) opencores.emac: no mem for receive buffer
E (23353) opencores.emac: no mem for receive buffer
E (23353) opencores.emac: no mem for receive buffer
E (23353) opencores.emac: no mem for receive buffer
E (23353) opencores.emac: no mem for receive buffer
E (23353) opencores.emac: no mem for receive buffer
E (23353) opencores.emac: no mem for receive buffer
E (23353) opencores.emac: no mem for receive buffer
E (23353) opencores.emac: no mem for receive buffer
E (23353) opencores.emac: no mem for receive buffer
E (23353) opencores.emac: no mem for receive buffer
E (23353) opencores.emac: no mem for receive buffer
E (23353) opencores.emac: no mem for receive buffer
E (23353) opencores.emac: no mem for receive buffer
E (23353) opencores.emac: no mem for receive buffer
E (23353) opencores.emac: no mem for receive buffer
E (23353) opencores.emac: no mem for receive buffer
E (23353) opencores.emac: no mem for receive buffer
E (23353) opencores.emac: no mem for receive buffer
E (23353) opencores.emac: no mem for receive buffer
E (23353) opencores.emac: no mem for receive buffer
E (23353) opencores.emac: no mem for receive buffer
E (23353) opencores.emac: no mem for receive buffer
E (23353) opencores.emac: no mem for receive buffer
E (23353) opencores.emac: no mem for receive buffer
E (23353) opencores.emac: no mem for receive buffer
E (23353) opencores.emac: no mem for receive buffer
E (23353) opencores.emac: no mem for receive buffer
E (23353) opencores.emac: no mem for receive buffer
E (23353) opencores.emac: no mem for receive buffer
E (23353) opencores.emac: no mem for receive buffer
E (23353) opencores.emac: no mem for receive buffer
E (23353) opencores.emac: no mem for receive buffer
E (23353) opencores.emac: no mem for receive buffer
E (23353) opencores.emac: no mem for receive buffer
E (23353) opencores.emac: no mem for receive buffer
E (23353) opencores.emac: no mem for receive buffer
E (23353) opencores.emac: no mem for receive buffer
E (23353) opencores.emac: no mem for receive buffer
E (23353) opencores.emac: no mem for receive buffer
E (23353) opencores.emac: no mem for receive buffer
E (23353) opencores.emac: no mem for receive buffer
E (23353) opencores.emac: no mem for receive buffer
E (23353) opencores.emac: no mem for receive buffer
E (23353) opencores.emac: no mem for receive buffer
E (23353) opencores.emac: no mem for receive buffer
E (23353) opencores.emac: no mem for receive buffer
E (23353) opencores.emac: no mem for receive buffer
E (23353) opencores.emac: no mem for receive buffer
E (23353) opencores.emac: no mem for receive buffer
E (23353) opencores.emac: no mem for receive buffer
E (23353) opencores.emac: no mem for receive buffer
E (23353) opencores.emac: no mem for receive buffer
E (23363) opencores.emac: no mem for receive buffer
E (23363) opencores.emac: no mem for receive buffer
E (23363) opencores.emac: no mem for receive buffer
E (23363) opencores.emac: no mem for receive buffer
E (23363) opencores.emac: no mem for receive buffer
E (23363) opencores.emac: no mem for receive buffer
E (23363) opencores.emac: no mem for receive buffer
E (23363) opencores.emac: no mem for receive buffer
E (23363) opencores.emac: no mem for receive buffer
E (23363) opencores.emac: no mem for receive buffer
E (23363) opencores.emac: no mem for receive buffer
E (23363) opencores.emac: no mem for receive buffer
E (23363) opencores.emac: no mem for receive buffer
E (23363) opencores.emac: no mem for receive buffer
E (23363) opencores.emac: no mem for receive buffer
E (23363) opencores.emac: no mem for receive buffer
E (23363) opencores.emac: no mem for receive buffer
E (23363) opencores.emac: no mem for receive buffer
E (23363) opencores.emac: no mem for receive buffer
E (23363) opencores.emac: no mem for receive buffer
E (23363) opencores.emac: no mem for receive buffer
E (23363) opencores.emac: no mem for receive buffer
E (23363) opencores.emac: no mem for receive buffer
E (23363) opencores.emac: no mem for receive buffer
E (23363) opencores.emac: no mem for receive buffer
E (23363) opencores.emac: no mem for receive buffer
E (23363) opencores.emac: no mem for receive buffer
E (23363) opencores.emac: no mem for receive buffer
E (23363) opencores.emac: no mem for receive buffer
E (23363) opencores.emac: no mem for receive buffer
E (23363) opencores.emac: no mem for receive buffer
E (23363) opencores.emac: no mem for receive buffer
E (23363) opencores.emac: no mem for receive buffer
E (23363) opencores.emac: no mem for receive buffer
E (23363) opencores.emac: no mem for receive buffer
E (23363) opencores.emac: no mem for receive buffer
E (23363) opencores.emac: no mem for receive buffer
E (23363) opencores.emac: no mem for receive buffer
E (23363) opencores.emac: no mem for receive buffer
E (23363) opencores.emac: no mem for receive buffer
E (23363) opencores.emac: no mem for receive buffer
E (23363) opencores.emac: no mem for receive buffer
E (23363) opencores.emac: no mem for receive buffer
E (23363) opencores.emac: no mem for receive buffer
E (23363) opencores.emac: no mem for receive buffer
E (23363) opencores.emac: no mem for receive buffer
E (23363) opencores.emac: no mem for receive buffer
E (23363) opencores.emac: no mem for receive buffer
E (23363) opencores.emac: no mem for receive buffer
E (23363) opencores.emac: no mem for receive buffer
E (23363) opencores.emac: no mem for receive buffer
E (23363) opencores.emac: no mem for receive buffer
E (23363) opencores.emac: no mem for receive buffer
E (23363) opencores.emac: no mem for receive buffer
E (23363) opencores.emac: no mem for receive buffer
E (23363) opencores.emac: no mem for receive buffer
E (23363) opencores.emac: no mem for receive buffer
E (23363) opencores.emac: no mem for receive buffer
E (23363) opencores.emac: no mem for receive buffer
E (23363) opencores.emac: no mem for receive buffer
E (23363) opencores.emac: no mem for receive buffer
E (23363) opencores.emac: no mem for receive buffer
E (23363) opencores.emac: no mem for receive buffer
E (23363) opencores.emac: no mem for receive buffer
E (23363) opencores.emac: no mem for receive buffer
E (23363) opencores.emac: no mem for receive buffer
E (23363) opencores.emac: no mem for receive buffer
E (23363) opencores.emac: no mem for receive buffer
E (23363) opencores.emac: no mem for receive buffer
E (23363) opencores.emac: no mem for receive buffer
E (23363) opencores.emac: no mem for receive buffer
E (23363) opencores.emac: no mem for receive buffer
E (23363) opencores.emac: no mem for receive buffer
E (23363) opencores.emac: no mem for receive buffer
E (23363) opencores.emac: no mem for receive buffer
E (23363) opencores.emac: no mem for receive buffer
E (23363) opencores.emac: no mem for receive buffer
E (23363) opencores.emac: no mem for receive buffer
E (23363) opencores.emac: no mem for receive buffer
E (23363) opencores.emac: no mem for receive buffer
E (23363) opencores.emac: no mem for receive buffer
E (23363) opencores.emac: no mem for receive buffer
E (23363) opencores.emac: no mem for receive buffer
E (23363) opencores.emac: no mem for receive buffer
E (23363) opencores.emac: no mem for receive buffer
E (23363) opencores.emac: no mem for receive buffer
E (23363) opencores.emac: no mem for receive buffer
E (23363) opencores.emac: no mem for receive buffer
E (23363) opencores.emac: no mem for receive buffer
E (23363) opencores.emac: no mem for receive buffer
E (23363) opencores.emac: no mem for receive buffer
E (23363) opencores.emac: no mem for receive buffer
E (23363) opencores.emac: no mem for receive buffer
E (23363) opencores.emac: no mem for receive buffer
E (23363) opencores.emac: no mem for receive buffer
E (23363) opencores.emac: no mem for receive buffer
E (23363) opencores.emac: no mem for receive buffer
E (23363) opencores.emac: no mem for receive buffer
E (23363) opencores.emac: no mem for receive buffer
E (23363) opencores.emac: no mem for receive buffer
E (23363) opencores.emac: no mem for receive buffer
E (23363) opencores.emac: no mem for receive buffer
E (23363) opencores.emac: no mem for receive buffer
E (23373) opencores.emac: no mem for receive buffer
E (23373) opencores.emac: no mem for receive buffer
E (23373) opencores.emac: no mem for receive buffer
E (23373) opencores.emac: no mem for receive buffer
E (23373) opencores.emac: no mem for receive buffer
E (23373) opencores.emac: no mem for receive buffer
E (23373) opencores.emac: no mem for receive buffer
E (23373) opencores.emac: no mem for receive buffer
E (23373) opencores.emac: no mem for receive buffer
E (23373) opencores.emac: no mem for receive buffer
E (23373) opencores.emac: no mem for receive buffer
E (23373) opencores.emac: no mem for receive buffer
E (23373) opencores.emac: no mem for receive buffer
E (23373) opencores.emac: no mem for receive buffer
E (23373) opencores.emac: no mem for receive buffer
E (23373) opencores.emac: no mem for receive buffer
E (23373) opencores.emac: no mem for receive buffer
E (23373) opencores.emac: no mem for receive buffer
E (23373) opencores.emac: no mem for receive buffer
E (23373) opencores.emac: no mem for receive buffer
E (23373) opencores.emac: no mem for receive buffer
E (23373) opencores.emac: no mem for receive buffer
E (23373) opencores.emac: no mem for receive buffer
E (23373) opencores.emac: no mem for receive buffer
E (23373) opencores.emac: no mem for receive buffer
E (23373) opencores.emac: no mem for receive buffer
E (23373) opencores.emac: no mem for receive buffer
E (23373) opencores.emac: no mem for receive buffer
E (23373) opencores.emac: no mem for receive buffer
E (23373) opencores.emac: no mem for receive buffer
E (23373) opencores.emac: no mem for receive buffer
E (23373) opencores.emac: no mem for receive buffer
E (23373) opencores.emac: no mem for receive buffer
E (23373) opencores.emac: no mem for receive buffer
E (23373) opencores.emac: no mem for receive buffer
E (23373) opencores.emac: no mem for receive buffer
E (23373) opencores.emac: no mem for receive buffer
E (23373) opencores.emac: no mem for receive buffer
E (23373) opencores.emac: no mem for receive buffer
E (23373) opencores.emac: no mem for receive buffer
E (23373) opencores.emac: no mem for receive buffer
E (23373) opencores.emac: no mem for receive buffer
E (23373) opencores.emac: no mem for receive buffer
E (23373) opencores.emac: no mem for receive buffer
E (23373) opencores.emac: no mem for receive buffer
E (23373) opencores.emac: no mem for receive buffer
E (23373) opencores.emac: no mem for receive buffer
E (23373) opencores.emac: no mem for receive buffer
E (23373) opencores.emac: no mem for receive buffer
E (23373) opencores.emac: no mem for receive buffer
E (23373) opencores.emac: no mem for receive buffer
E (23373) opencores.emac: no mem for receive buffer
E (23373) opencores.emac: no mem for receive buffer
E (23373) opencores.emac: no mem for receive buffer
E (23373) opencores.emac: no mem for receive buffer
E (23373) opencores.emac: no mem for receive buffer
E (23373) opencores.emac: no mem for receive buffer
E (23373) opencores.emac: no mem for receive buffer
E (23373) opencores.emac: no mem for receive buffer
E (23373) opencores.emac: no mem for receive buffer
E (23373) opencores.emac: no mem for receive buffer
E (23373) opencores.emac: no mem for receive buffer
E (23373) opencores.emac: no mem for receive buffer
E (23373) opencores.emac: no mem for receive buffer
E (23373) opencores.emac: no mem for receive buffer
E (23373) opencores.emac: no mem for receive buffer
E (23373) opencores.emac: no mem for receive buffer
E (23373) opencores.emac: no mem for receive buffer
E (23373) opencores.emac: no mem for receive buffer
E (23373) opencores.emac: no mem for receive buffer
E (23373) opencores.emac: no mem for receive buffer
E (23373) opencores.emac: no mem for receive buffer
E (23373) opencores.emac: no mem for receive buffer
E (23373) opencores.emac: no mem for receive buffer
E (23373) opencores.emac: no mem for receive buffer
E (23373) opencores.emac: no mem for receive buffer
E (23373) opencores.emac: no mem for receive buffer
E (23373) opencores.emac: no mem for receive buffer
E (23373) opencores.emac: no mem for receive buffer
E (23373) opencores.emac: no mem for receive buffer
E (23373) opencores.emac: no mem for receive buffer
E (23373) opencores.emac: no mem for receive buffer
E (23373) opencores.emac: no mem for receive buffer
E (23373) opencores.emac: no mem for receive buffer
E (23373) opencores.emac: no mem for receive buffer
E (23373) opencores.emac: no mem for receive buffer
E (23373) opencores.emac: no mem for receive buffer
E (23373) opencores.emac: no mem for receive buffer
E (23373) opencores.emac: no mem for receive buffer
E (23373) opencores.emac: no mem for receive buffer
E (23373) opencores.emac: no mem for receive buffer
E (23373) opencores.emac: no mem for receive buffer
E (23373) opencores.emac: no mem for receive buffer
E (23373) opencores.emac: no mem for receive buffer
E (23373) opencores.emac: no mem for receive buffer
E (23373) opencores.emac: no mem for receive buffer
E (23373) opencores.emac: no mem for receive buffer
E (23373) opencores.emac: no mem for receive buffer
E (23373) opencores.emac: no mem for receive buffer
E (23373) opencores.emac: no mem for receive buffer
E (23383) opencores.emac: no mem for receive buffer
E (23383) opencores.emac: no mem for receive buffer
E (23383) opencores.emac: no mem for receive buffer
E (23383) opencores.emac: no mem for receive buffer
E (23383) opencores.emac: no mem for receive buffer
E (23383) opencores.emac: no mem for receive buffer
E (23383) opencores.emac: no mem for receive buffer
E (23383) opencores.emac: no mem for receive buffer
E (23383) opencores.emac: no mem for receive buffer
E (23383) opencores.emac: no mem for receive buffer
E (23383) opencores.emac: no mem for receive buffer
E (23383) opencores.emac: no mem for receive buffer
E (23383) opencores.emac: no mem for receive buffer
E (23383) opencores.emac: no mem for receive buffer
E (23383) opencores.emac: no mem for receive buffer
E (23383) opencores.emac: no mem for receive buffer
E (23383) opencores.emac: no mem for receive buffer
E (23383) opencores.emac: no mem for receive buffer
E (23383) opencores.emac: no mem for receive buffer
E (23383) opencores.emac: no mem for receive buffer
E (23383) opencores.emac: no mem for receive buffer
E (23383) opencores.emac: no mem for receive buffer
E (23383) opencores.emac: no mem for receive buffer
E (23383) opencores.emac: no mem for receive buffer
E (23383) opencores.emac: no mem for receive buffer
E (23383) opencores.emac: no mem for receive buffer
E (23383) opencores.emac: no mem for receive buffer
E (23383) opencores.emac: no mem for receive buffer
E (23383) opencores.emac: no mem for receive buffer
E (23383) opencores.emac: no mem for receive buffer
E (23383) opencores.emac: no mem for receive buffer
E (23383) opencores.emac: no mem for receive buffer
E (23383) opencores.emac: no mem for receive buffer
E (23383) opencores.emac: no mem for receive buffer
E (23383) opencores.emac: no mem for receive buffer
E (23383) opencores.emac: no mem for receive buffer
E (23383) opencores.emac: no mem for receive buffer
E (23383) opencores.emac: no mem for receive buffer
E (23383) opencores.emac: no mem for receive buffer
E (23383) opencores.emac: no mem for receive buffer
E (23383) opencores.emac: no mem for receive buffer
E (23383) opencores.emac: no mem for receive buffer
E (23383) opencores.emac: no mem for receive buffer
E (23383) opencores.emac: no mem for receive buffer
E (23383) opencores.emac: no mem for receive buffer
E (23383) opencores.emac: no mem for receive buffer
E (23383) opencores.emac: no mem for receive buffer
E (23383) opencores.emac: no mem for receive buffer
E (23383) opencores.emac: no mem for receive buffer
E (23383) opencores.emac: no mem for receive buffer
E (23383) opencores.emac: no mem for receive buffer
E (23383) opencores.emac: no mem for receive buffer
E (23383) opencores.emac: no mem for receive buffer
E (23383) opencores.emac: no mem for receive buffer
E (23383) opencores.emac: no mem for receive buffer
E (23383) opencores.emac: no mem for receive buffer
E (23383) opencores.emac: no mem for receive buffer
E (23383) opencores.emac: no mem for receive buffer
E (23383) opencores.emac: no mem for receive buffer
E (23383) opencores.emac: no mem for receive buffer
E (23383) opencores.emac: no mem for receive buffer
E (23383) opencores.emac: no mem for receive buffer
E (23383) opencores.emac: no mem for receive buffer
E (23383) opencores.emac: no mem for receive buffer
E (23383) opencores.emac: no mem for receive buffer
E (23383) opencores.emac: no mem for receive buffer
E (23383) opencores.emac: no mem for receive buffer
E (23383) opencores.emac: no mem for receive buffer
E (23383) opencores.emac: no mem for receive buffer
E (23383) opencores.emac: no mem for receive buffer
E (23383) opencores.emac: no mem for receive buffer
E (23383) opencores.emac: no mem for receive buffer
E (23383) opencores.emac: no mem for receive buffer
E (23383) opencores.emac: no mem for receive buffer
E (23383) opencores.emac: no mem for receive buffer
E (23383) opencores.emac: no mem for receive buffer
E (23383) opencores.emac: no mem for receive buffer
E (23383) opencores.emac: no mem for receive buffer
E (23383) opencores.emac: no mem for receive buffer
E (23383) opencores.emac: no mem for receive buffer
E (23383) opencores.emac: no mem for receive buffer
E (23383) opencores.emac: no mem for receive buffer
E (23383) opencores.emac: no mem for receive buffer
E (23383) opencores.emac: no mem for receive buffer
E (23383) opencores.emac: no mem for receive buffer
E (23383) opencores.emac: no mem for receive buffer
E (23383) opencores.emac: no mem for receive buffer
E (23383) opencores.emac: no mem for receive buffer
E (23383) opencores.emac: no mem for receive buffer
E (23383) opencores.emac: no mem for receive buffer
E (23383) opencores.emac: no mem for receive buffer
E (23383) opencores.emac: no mem for receive buffer
E (23383) opencores.emac: no mem for receive buffer
E (23383) opencores.emac: no mem for receive buffer
E (23383) opencores.emac: no mem for receive buffer
E (23383) opencores.emac: no mem for receive buffer
E (23383) opencores.emac: no mem for receive buffer
E (23383) opencores.emac: no mem for receive buffer
E (23393) opencores.emac: no mem for receive buffer
E (23393) opencores.emac: no mem for receive buffer
E (23393) opencores.emac: no mem for receive buffer
E (23393) opencores.emac: no mem for receive buffer
E (23393) opencores.emac: no mem for receive buffer
E (23393) opencores.emac: no mem for receive buffer
E (23393) opencores.emac: no mem for receive buffer
E (23393) opencores.emac: no mem for receive buffer
E (23393) opencores.emac: no mem for receive buffer
E (23393) opencores.emac: no mem for receive buffer
E (23393) opencores.emac: no mem for receive buffer
E (23393) opencores.emac: no mem for receive buffer
E (23393) opencores.emac: no mem for receive buffer
E (23393) opencores.emac: no mem for receive buffer
E (23393) opencores.emac: no mem for receive buffer
E (23393) opencores.emac: no mem for receive buffer
E (23393) opencores.emac: no mem for receive buffer
E (23393) opencores.emac: no mem for receive buffer
E (23393) opencores.emac: no mem for receive buffer
E (23393) opencores.emac: no mem for receive buffer
E (23393) opencores.emac: no mem for receive buffer
E (23393) opencores.emac: no mem for receive buffer
E (23393) opencores.emac: no mem for receive buffer
E (23393) opencores.emac: no mem for receive buffer
E (23393) opencores.emac: no mem for receive buffer
E (23393) opencores.emac: no mem for receive buffer
E (23393) opencores.emac: no mem for receive buffer
E (23393) opencores.emac: no mem for receive buffer
E (23393) opencores.emac: no mem for receive buffer
E (23393) opencores.emac: no mem for receive buffer
E (23393) opencores.emac: no mem for receive buffer
E (23393) opencores.emac: no mem for receive buffer
E (23393) opencores.emac: no mem for receive buffer
E (23393) opencores.emac: no mem for receive buffer
E (23393) opencores.emac: no mem for receive buffer
E (23393) opencores.emac: no mem for receive buffer
E (23393) opencores.emac: no mem for receive buffer
E (23393) opencores.emac: no mem for receive buffer
E (23393) opencores.emac: no mem for receive buffer
E (23393) opencores.emac: no mem for receive buffer
E (23393) opencores.emac: no mem for receive buffer
E (23393) opencores.emac: no mem for receive buffer
E (23393) opencores.emac: no mem for receive buffer
E (23393) opencores.emac: no mem for receive buffer
E (23393) opencores.emac: no mem for receive buffer
E (23393) opencores.emac: no mem for receive buffer
E (23393) opencores.emac: no mem for receive buffer
E (23393) opencores.emac: no mem for receive buffer
E (23393) opencores.emac: no mem for receive buffer
E (23393) opencores.emac: no mem for receive buffer
E (23393) opencores.emac: no mem for receive buffer
E (23393) opencores.emac: no mem for receive buffer
E (23393) opencores.emac: no mem for receive buffer
E (23393) opencores.emac: no mem for receive buffer
E (23393) opencores.emac: no mem for receive buffer
E (23393) opencores.emac: no mem for receive buffer
E (23393) opencores.emac: no mem for receive buffer
E (23393) opencores.emac: no mem for receive buffer
E (23393) opencores.emac: no mem for receive buffer
E (23393) opencores.emac: no mem for receive buffer
E (23393) opencores.emac: no mem for receive buffer
E (23393) opencores.emac: no mem for receive buffer
E (23393) opencores.emac: no mem for receive buffer
E (23393) opencores.emac: no mem for receive buffer
E (23393) opencores.emac: no mem for receive buffer
E (23393) opencores.emac: no mem for receive buffer
E (23393) opencores.emac: no mem for receive buffer
E (23393) opencores.emac: no mem for receive buffer
E (23393) opencores.emac: no mem for receive buffer
E (23393) opencores.emac: no mem for receive buffer
E (23393) opencores.emac: no mem for receive buffer
E (23393) opencores.emac: no mem for receive buffer
E (23393) opencores.emac: no mem for receive buffer
E (23393) opencores.emac: no mem for receive buffer
E (23393) opencores.emac: no mem for receive buffer
E (23393) opencores.emac: no mem for receive buffer
E (23393) opencores.emac: no mem for receive buffer
E (23393) opencores.emac: no mem for receive buffer
E (23393) opencores.emac: no mem for receive buffer
E (23393) opencores.emac: no mem for receive buffer
E (23393) opencores.emac: no mem for receive buffer
E (23393) opencores.emac: no mem for receive buffer
E (23393) opencores.emac: no mem for receive buffer
E (23393) opencores.emac: no mem for receive buffer
E (23393) opencores.emac: no mem for receive buffer
E (23393) opencores.emac: no mem for receive buffer
E (23393) opencores.emac: no mem for receive buffer
E (23393) opencores.emac: no mem for receive buffer
E (23393) opencores.emac: no mem for receive buffer
E (23393) opencores.emac: no mem for receive buffer
E (23393) opencores.emac: no mem for receive buffer
E (23393) opencores.emac: no mem for receive buffer
E (23393) opencores.emac: no mem for receive buffer
E (23393) opencores.emac: no mem for receive buffer
E (23393) opencores.emac: no mem for receive buffer
E (23393) opencores.emac: no mem for receive buffer
E (23403) opencores.emac: no mem for receive buffer
E (23403) opencores.emac: no mem for receive buffer
E (23403) opencores.emac: no mem for receive buffer
E (23403) opencores.emac: no mem for receive buffer
E (23403) opencores.emac: no mem for receive buffer
E (23403) opencores.emac: no mem for receive buffer
E (23403) opencores.emac: no mem for receive buffer
E (23403) opencores.emac: no mem for receive buffer
E (23403) opencores.emac: no mem for receive buffer
E (23403) opencores.emac: no mem for receive buffer
E (23403) opencores.emac: no mem for receive buffer
E (23403) opencores.emac: no mem for receive buffer
E (23403) opencores.emac: no mem for receive buffer
E (23403) opencores.emac: no mem for receive buffer
E (23403) opencores.emac: no mem for receive buffer
E (23403) opencores.emac: no mem for receive buffer
E (23403) opencores.emac: no mem for receive buffer
E (23403) opencores.emac: no mem for receive buffer
E (23403) opencores.emac: no mem for receive buffer
E (23403) opencores.emac: no mem for receive buffer
E (23403) opencores.emac: no mem for receive buffer
E (23403) opencores.emac: no mem for receive buffer
E (23403) opencores.emac: no mem for receive buffer
E (23403) opencores.emac: no mem for receive buffer
E (23403) opencores.emac: no mem for receive buffer
E (23403) opencores.emac: no mem for receive buffer
E (23403) opencores.emac: no mem for receive buffer
E (23403) opencores.emac: no mem for receive buffer
E (23403) opencores.emac: no mem for receive buffer
E (23403) opencores.emac: no mem for receive buffer
E (23403) opencores.emac: no mem for receive buffer
E (23403) opencores.emac: no mem for receive buffer
E (23403) opencores.emac: no mem for receive buffer
E (23403) opencores.emac: no mem for receive buffer
E (23403) opencores.emac: no mem for receive buffer
E (23403) opencores.emac: no mem for receive buffer
E (23403) opencores.emac: no mem for receive buffer
E (23403) opencores.emac: no mem for receive buffer
E (23403) opencores.emac: no mem for receive buffer
E (23403) opencores.emac: no mem for receive buffer
E (23403) opencores.emac: no mem for receive buffer
E (23403) opencores.emac: no mem for receive buffer
E (23403) opencores.emac: no mem for receive buffer
E (23403) opencores.emac: no mem for receive buffer
E (23403) opencores.emac: no mem for receive buffer
E (23403) opencores.emac: no mem for receive buffer
E (23403) opencores.emac: no mem for receive buffer
E (23403) opencores.emac: no mem for receive buffer
E (23403) opencores.emac: no mem for receive buffer
E (23403) opencores.emac: no mem for receive buffer
E (23403) opencores.emac: no mem for receive buffer
E (23403) opencores.emac: no mem for receive buffer
E (23403) opencores.emac: no mem for receive buffer
E (23403) opencores.emac: no mem for receive buffer
E (23403) opencores.emac: no mem for receive buffer
E (23403) opencores.emac: no mem for receive buffer
E (23403) opencores.emac: no mem for receive buffer
E (23403) opencores.emac: no mem for receive buffer
E (23403) opencores.emac: no mem for receive buffer
E (23403) opencores.emac: no mem for receive buffer
E (23403) opencores.emac: no mem for receive buffer
E (23403) opencores.emac: no mem for receive buffer
E (23403) opencores.emac: no mem for receive buffer
E (23403) opencores.emac: no mem for receive buffer
E (23403) opencores.emac: no mem for receive buffer
E (23403) opencores.emac: no mem for receive buffer
E (23403) opencores.emac: no mem for receive buffer
E (23403) opencores.emac: no mem for receive buffer
E (23403) opencores.emac: no mem for receive buffer
E (23403) opencores.emac: no mem for receive buffer
E (23403) opencores.emac: no mem for receive buffer
E (23403) opencores.emac: no mem for receive buffer
E (23403) opencores.emac: no mem for receive buffer
E (23403) opencores.emac: no mem for receive buffer
E (23403) opencores.emac: no mem for receive buffer
E (23403) opencores.emac: no mem for receive buffer
E (23403) opencores.emac: no mem for receive buffer
E (23403) opencores.emac: no mem for receive buffer
E (23403) opencores.emac: no mem for receive buffer
E (23403) opencores.emac: no mem for receive buffer
E (23403) opencores.emac: no mem for receive buffer
E (23403) opencores.emac: no mem for receive buffer
E (23403) opencores.emac: no mem for receive buffer
E (23403) opencores.emac: no mem for receive buffer
E (23403) opencores.emac: no mem for receive buffer
E (23403) opencores.emac: no mem for receive buffer
E (23403) opencores.emac: no mem for receive buffer
E (23403) opencores.emac: no mem for receive buffer
E (23403) opencores.emac: no mem for receive buffer
E (23403) opencores.emac: no mem for receive buffer
E (23403) opencores.emac: no mem for receive buffer
E (23403) opencores.emac: no mem for receive buffer
E (23403) opencores.emac: no mem for receive buffer
E (23403) opencores.emac: no mem for receive buffer
E (23403) opencores.emac: no mem for receive buffer
E (23403) opencores.emac: no mem for receive buffer
E (23403) opencores.emac: no mem for receive buffer
E (23403) opencores.emac: no mem for receive buffer
E (23403) opencores.emac: no mem for receive buffer
E (23403) opencores.emac: no mem for receive buffer
E (23403) opencores.emac: no mem for receive buffer
E (23403) opencores.emac: no mem for receive buffer
E (23403) opencores.emac: no mem for receive buffer
E (23403) opencores.emac: no mem for receive buffer
E (23403) opencores.emac: no mem for receive buffer
E (23403) opencores.emac: no mem for receive buffer
E (23403) opencores.emac: no mem for receive buffer
E (23403) opencores.emac: no mem for receive buffer
E (23403) opencores.emac: no mem for receive buffer
E (23403) opencores.emac: no mem for receive buffer
E (23403) opencores.emac: no mem for receive buffer
E (23403) opencores.emac: no mem for receive buffer
E (23403) opencores.emac: no mem for receive buffer
E (23403) opencores.emac: no mem for receive buffer
E (23403) opencores.emac: no mem for receive buffer
E (23403) opencores.emac: no mem for receive buffer
E (23403) opencores.emac: no mem for receive buffer
E (23403) opencores.emac: no mem for receive buffer
E (23403) opencores.emac: no mem for receive buffer
E (23403) opencores.emac: no mem for receive buffer
E (23403) opencores.emac: no mem for receive buffer
E (23403) opencores.emac: no mem for receive buffer
E (23403) opencores.emac: no mem for receive buffer
E (23403) opencores.emac: no mem for receive buffer
E (23403) opencores.emac: no mem for receive buffer
E (23403) opencores.emac: no mem for receive buffer
E (23403) opencores.emac: no mem for receive buffer
E (23403) opencores.emac: no mem for receive buffer
E (23403) opencores.emac: no mem for receive buffer
E (23403) opencores.emac: no mem for receive buffer
E (23403) opencores.emac: no mem for receive buffer
E (23403) opencores.emac: no mem for receive buffer
E (23403) opencores.emac: no mem for receive buffer
E (23403) opencores.emac: no mem for receive buffer
E (23403) opencores.emac: no mem for receive buffer
E (23403) opencores.emac: no mem for receive buffer
E (23403) opencores.emac: no mem for receive buffer
E (23403) opencores.emac: no mem for receive buffer
E (23403) opencores.emac: no mem for receive buffer
E (23403) opencores.emac: no mem for receive buffer
E (23403) opencores.emac: no mem for receive buffer
E (23403) opencores.emac: no mem for receive buffer
E (23403) opencores.emac: no mem for receive buffer
E (23403) opencores.emac: no mem for receive buffer
E (23403) opencores.emac: no mem for receive buffer
E (23403) opencores.emac: no mem for receive buffer
E (23413) opencores.emac: no mem for receive buffer
E (23413) opencores.emac: no mem for receive buffer
E (23413) opencores.emac: no mem for receive buffer
E (23413) opencores.emac: no mem for receive buffer
E (23413) opencores.emac: no mem for receive buffer
E (23413) opencores.emac: no mem for receive buffer
E (23413) opencores.emac: no mem for receive buffer
E (23413) opencores.emac: no mem for receive buffer
E (23413) opencores.emac: no mem for receive buffer
E (23413) opencores.emac: no mem for receive buffer
E (23413) opencores.emac: no mem for receive buffer
E (23413) opencores.emac: no mem for receive buffer
E (23413) opencores.emac: no mem for receive buffer
E (23413) opencores.emac: no mem for receive buffer
E (23413) opencores.emac: no mem for receive buffer
E (23413) opencores.emac: no mem for receive buffer
E (23413) opencores.emac: no mem for receive buffer
E (23413) opencores.emac: no mem for receive buffer
E (23413) opencores.emac: no mem for receive buffer
E (23413) opencores.emac: no mem for receive buffer
E (23413) opencores.emac: no mem for receive buffer
E (23413) opencores.emac: no mem for receive buffer
E (23413) opencores.emac: no mem for receive buffer
E (23413) opencores.emac: no mem for receive buffer
E (23413) opencores.emac: no mem for receive buffer
E (23413) opencores.emac: no mem for receive buffer
E (23413) opencores.emac: no mem for receive buffer
E (23413) opencores.emac: no mem for receive buffer
E (23413) opencores.emac: no mem for receive buffer
E (23413) opencores.emac: no mem for receive buffer
E (23413) opencores.emac: no mem for receive buffer
E (23413) opencores.emac: no mem for receive buffer
E (23413) opencores.emac: no mem for receive buffer
E (23413) opencores.emac: no mem for receive buffer
E (23413) opencores.emac: no mem for receive buffer
E (23413) opencores.emac: no mem for receive buffer
E (23413) opencores.emac: no mem for receive buffer
E (23413) opencores.emac: no mem for receive buffer
E (23413) opencores.emac: no mem for receive buffer
E (23413) opencores.emac: no mem for receive buffer
E (23413) opencores.emac: no mem for receive buffer
E (23413) opencores.emac: no mem for receive buffer
E (23413) opencores.emac: no mem for receive buffer
E (23413) opencores.emac: no mem for receive buffer
E (23413) opencores.emac: no mem for receive buffer
E (23413) opencores.emac: no mem for receive buffer
E (23413) opencores.emac: no mem for receive buffer
E (23413) opencores.emac: no mem for receive buffer
E (23413) opencores.emac: no mem for receive buffer
E (23413) opencores.emac: no mem for receive buffer
E (23413) opencores.emac: no mem for receive buffer
E (23413) opencores.emac: no mem for receive buffer
E (23413) opencores.emac: no mem for receive buffer
E (23413) opencores.emac: no mem for receive buffer
E (23413) opencores.emac: no mem for receive buffer
E (23413) opencores.emac: no mem for receive buffer
E (23413) opencores.emac: no mem for receive buffer
E (23413) opencores.emac: no mem for receive buffer
E (23413) opencores.emac: no mem for receive buffer
E (23413) opencores.emac: no mem for receive buffer
E (23413) opencores.emac: no mem for receive buffer
E (23413) opencores.emac: no mem for receive buffer
E (23413) opencores.emac: no mem for receive buffer
E (23413) opencores.emac: no mem for receive buffer
E (23413) opencores.emac: no mem for receive buffer
E (23413) opencores.emac: no mem for receive buffer
E (23413) opencores.emac: no mem for receive buffer
E (23413) opencores.emac: no mem for receive buffer
E (23413) opencores.emac: no mem for receive buffer
E (23413) opencores.emac: no mem for receive buffer
E (23413) opencores.emac: no mem for receive buffer
E (23413) opencores.emac: no mem for receive buffer
E (23413) opencores.emac: no mem for receive buffer
E (23413) opencores.emac: no mem for receive buffer
E (23413) opencores.emac: no mem for receive buffer
E (23413) opencores.emac: no mem for receive buffer
E (23413) opencores.emac: no mem for receive buffer
E (23413) opencores.emac: no mem for receive buffer
E (23413) opencores.emac: no mem for receive buffer
E (23413) opencores.emac: no mem for receive buffer
E (23413) opencores.emac: no mem for receive buffer
E (23413) opencores.emac: no mem for receive buffer
E (23413) opencores.emac: no mem for receive buffer
E (23413) opencores.emac: no mem for receive buffer
E (23413) opencores.emac: no mem for receive buffer
E (23413) opencores.emac: no mem for receive buffer
E (23413) opencores.emac: no mem for receive buffer
E (23413) opencores.emac: no mem for receive buffer
E (23413) opencores.emac: no mem for receive buffer
E (23413) opencores.emac: no mem for receive buffer
E (23413) opencores.emac: no mem for receive buffer
E (23413) opencores.emac: no mem for receive buffer
E (23413) opencores.emac: no mem for receive buffer
E (23413) opencores.emac: no mem for receive buffer
E (23413) opencores.emac: no mem for receive buffer
E (23413) opencores.emac: no mem for receive buffer
E (23413) opencores.emac: no mem for receive buffer
E (23413) opencores.emac: no mem for receive buffer
E (23413) opencores.emac: no mem for receive buffer
E (23413) opencores.emac: no mem for receive buffer
E (23413) opencores.emac: no mem for receive buffer
E (23413) opencores.emac: no mem for receive buffer
E (23413) opencores.emac: no mem for receive buffer
E (23413) opencores.emac: no mem for receive buffer
E (23413) opencores.emac: no mem for receive buffer
E (23413) opencores.emac: no mem for receive buffer
E (23413) opencores.emac: no mem for receive buffer
E (23413) opencores.emac: no mem for receive buffer
E (23413) opencores.emac: no mem for receive buffer
E (23413) opencores.emac: no mem for receive buffer
E (23413) opencores.emac: no mem for receive buffer
E (23413) opencores.emac: no mem for receive buffer
E (23413) opencores.emac: no mem for receive buffer
E (23413) opencores.emac: no mem for receive buffer
E (23413) opencores.emac: no mem for receive buffer
E (23413) opencores.emac: no mem for receive buffer
E (23413) opencores.emac: no mem for receive buffer
E (23413) opencores.emac: no mem for receive buffer
E (23413) opencores.emac: no mem for receive buffer
E (23413) opencores.emac: no mem for receive buffer
E (23413) opencores.emac: no mem for receive buffer
E (23413) opencores.emac: no mem for receive buffer
E (23413) opencores.emac: no mem for receive buffer
E (23413) opencores.emac: no mem for receive buffer
E (23413) opencores.emac: no mem for receive buffer
E (23413) opencores.emac: no mem for receive buffer
E (23413) opencores.emac: no mem for receive buffer
E (23413) opencores.emac: no mem for receive buffer
E (23413) opencores.emac: no mem for receive buffer
E (23413) opencores.emac: no mem for receive buffer
E (23413) opencores.emac: no mem for receive buffer
E (23413) opencores.emac: no mem for receive buffer
E (23413) opencores.emac: no mem for receive buffer
E (23413) opencores.emac: no mem for receive buffer
E (23413) opencores.emac: no mem for receive buffer
E (23413) opencores.emac: no mem for receive buffer
E (23413) opencores.emac: no mem for receive buffer
E (23413) opencores.emac: no mem for receive buffer
E (23413) opencores.emac: no mem for receive buffer
E (23413) opencores.emac: no mem for receive buffer
E (23413) opencores.emac: no mem for receive buffer
E (23413) opencores.emac: no mem for receive buffer
E (23413) opencores.emac: no mem for receive buffer
E (23413) opencores.emac: no mem for receive buffer
E (23413) opencores.emac: no mem for receive buffer
E (23413) opencores.emac: no mem for receive buffer
E (23413) opencores.emac: no mem for receive buffer
E (23413) opencores.emac: no mem for receive buffer
E (23413) opencores.emac: no mem for receive buffer
E (23413) opencores.emac: no mem for receive buffer
E (23413) opencores.emac: no mem for receive buffer
E (23413) opencores.emac: no mem for receive buffer
E (23413) opencores.emac: no mem for receive buffer
E (23413) opencores.emac: no mem for receive buffer
E (23413) opencores.emac: no mem for receive buffer
E (23413) opencores.emac: no mem for receive buffer
E (23413) opencores.emac: no mem for receive buffer
E (23413) opencores.emac: no mem for receive buffer
E (23413) opencores.emac: no mem for receive buffer
E (23413) opencores.emac: no mem for receive buffer
E (23413) opencores.emac: no mem for receive buffer
E (23413) opencores.emac: no mem for receive buffer
E (23413) opencores.emac: no mem for receive buffer
E (23413) opencores.emac: no mem for receive buffer
E (23413) opencores.emac: no mem for receive buffer
E (23413) opencores.emac: no mem for receive buffer
E (23413) opencores.emac: no mem for receive buffer
E (23423) opencores.emac: no mem for receive buffer
E (23423) opencores.emac: no mem for receive buffer
E (23423) opencores.emac: no mem for receive buffer
E (23423) opencores.emac: no mem for receive buffer
E (23423) opencores.emac: no mem for receive buffer
E (23423) opencores.emac: no mem for receive buffer
E (23423) opencores.emac: no mem for receive buffer
E (23423) opencores.emac: no mem for receive buffer
E (23423) opencores.emac: no mem for receive buffer
E (23423) opencores.emac: no mem for receive buffer
E (23423) opencores.emac: no mem for receive buffer
E (23423) opencores.emac: no mem for receive buffer
E (23423) opencores.emac: no mem for receive buffer
E (23423) opencores.emac: no mem for receive buffer
E (23423) opencores.emac: no mem for receive buffer
E (23423) opencores.emac: no mem for receive buffer
E (23423) opencores.emac: no mem for receive buffer
E (23423) opencores.emac: no mem for receive buffer
E (23423) opencores.emac: no mem for receive buffer
E (23423) opencores.emac: no mem for receive buffer
E (23423) opencores.emac: no mem for receive buffer
E (23423) opencores.emac: no mem for receive buffer
E (23423) opencores.emac: no mem for receive buffer
E (23423) opencores.emac: no mem for receive buffer
E (23423) opencores.emac: no mem for receive buffer
E (23423) opencores.emac: no mem for receive buffer
E (23423) opencores.emac: no mem for receive buffer
E (23423) opencores.emac: no mem for receive buffer
E (23423) opencores.emac: no mem for receive buffer
E (23423) opencores.emac: no mem for receive buffer
E (23423) opencores.emac: no mem for receive buffer
E (23423) opencores.emac: no mem for receive buffer
E (23423) opencores.emac: no mem for receive buffer
E (23423) opencores.emac: no mem for receive buffer
E (23423) opencores.emac: no mem for receive buffer
E (23423) opencores.emac: no mem for receive buffer
E (23423) opencores.emac: no mem for receive buffer
E (23423) opencores.emac: no mem for receive buffer
E (23423) opencores.emac: no mem for receive buffer
E (23423) opencores.emac: no mem for receive buffer
E (23423) opencores.emac: no mem for receive buffer
E (23423) opencores.emac: no mem for receive buffer
E (23423) opencores.emac: no mem for receive buffer
E (23423) opencores.emac: no mem for receive buffer
E (23423) opencores.emac: no mem for receive buffer
E (23423) opencores.emac: no mem for receive buffer
E (23423) opencores.emac: no mem for receive buffer
E (23423) opencores.emac: no mem for receive buffer
E (23423) opencores.emac: no mem for receive buffer
E (23423) opencores.emac: no mem for receive buffer
E (23423) opencores.emac: no mem for receive buffer
E (23423) opencores.emac: no mem for receive buffer
E (23423) opencores.emac: no mem for receive buffer
E (23423) opencores.emac: no mem for receive buffer
E (23423) opencores.emac: no mem for receive buffer
E (23423) opencores.emac: no mem for receive buffer
E (23423) opencores.emac: no mem for receive buffer
E (23423) opencores.emac: no mem for receive buffer
E (23423) opencores.emac: no mem for receive buffer
E (23423) opencores.emac: no mem for receive buffer
E (23423) opencores.emac: no mem for receive buffer
E (23423) opencores.emac: no mem for receive buffer
E (23423) opencores.emac: no mem for receive buffer
E (23423) opencores.emac: no mem for receive buffer
E (23423) opencores.emac: no mem for receive buffer
E (23423) opencores.emac: no mem for receive buffer
E (23423) opencores.emac: no mem for receive buffer
E (23423) opencores.emac: no mem for receive buffer
E (23423) opencores.emac: no mem for receive buffer
E (23423) opencores.emac: no mem for receive buffer
E (23423) opencores.emac: no mem for receive buffer
E (23423) opencores.emac: no mem for receive buffer
E (23423) opencores.emac: no mem for receive buffer
E (23423) opencores.emac: no mem for receive buffer
E (23423) opencores.emac: no mem for receive buffer
E (23423) opencores.emac: no mem for receive buffer
E (23423) opencores.emac: no mem for receive buffer
E (23423) opencores.emac: no mem for receive buffer
E (23423) opencores.emac: no mem for receive buffer
E (23423) opencores.emac: no mem for receive buffer
E (23423) opencores.emac: no mem for receive buffer
E (23423) opencores.emac: no mem for receive buffer
E (23423) opencores.emac: no mem for receive buffer
E (23423) opencores.emac: no mem for receive buffer
E (23423) opencores.emac: no mem for receive buffer
E (23423) opencores.emac: no mem for receive buffer
E (23423) opencores.emac: no mem for receive buffer
E (23423) opencores.emac: no mem for receive buffer
E (23423) opencores.emac: no mem for receive buffer
E (23423) opencores.emac: no mem for receive buffer
E (23423) opencores.emac: no mem for receive buffer
E (23423) opencores.emac: no mem for receive buffer
E (23423) opencores.emac: no mem for receive buffer
E (23423) opencores.emac: no mem for receive buffer
E (23423) opencores.emac: no mem for receive buffer
E (23423) opencores.emac: no mem for receive buffer
E (23423) opencores.emac: no mem for receive buffer
E (23423) opencores.emac: no mem for receive buffer
E (23423) opencores.emac: no mem for receive buffer
E (23423) opencores.emac: no mem for receive buffer
E (23423) opencores.emac: no mem for receive buffer
E (23423) opencores.emac: no mem for receive buffer
E (23423) opencores.emac: no mem for receive buffer
E (23423) opencores.emac: no mem for receive buffer
E (23423) opencores.emac: no mem for receive buffer
E (23423) opencores.emac: no mem for receive buffer
E (23423) opencores.emac: no mem for receive buffer
E (23423) opencores.emac: no mem for receive buffer
E (23423) opencores.emac: no mem for receive buffer
E (23423) opencores.emac: no mem for receive buffer
E (23423) opencores.emac: no mem for receive buffer
E (23423) opencores.emac: no mem for receive buffer
E (23423) opencores.emac: no mem for receive buffer
E (23423) opencores.emac: no mem for receive buffer
E (23423) opencores.emac: no mem for receive buffer
E (23423) opencores.emac: no mem for receive buffer
E (23423) opencores.emac: no mem for receive buffer
E (23423) opencores.emac: no mem for receive buffer
E (23423) opencores.emac: no mem for receive buffer
E (23423) opencores.emac: no mem for receive buffer
E (23423) opencores.emac: no mem for receive buffer
E (23423) opencores.emac: no mem for receive buffer
E (23423) opencores.emac: no mem for receive buffer
E (23423) opencores.emac: no mem for receive buffer
E (23423) opencores.emac: no mem for receive buffer
E (23423) opencores.emac: no mem for receive buffer
E (23423) opencores.emac: no mem for receive buffer
E (23423) opencores.emac: no mem for receive buffer
E (23423) opencores.emac: no mem for receive buffer
E (23423) opencores.emac: no mem for receive buffer
E (23423) opencores.emac: no mem for receive buffer
E (23423) opencores.emac: no mem for receive buffer
E (23423) opencores.emac: no mem for receive buffer
E (23423) opencores.emac: no mem for receive buffer
E (23423) opencores.emac: no mem for receive buffer
E (23423) opencores.emac: no mem for receive buffer
E (23423) opencores.emac: no mem for receive buffer
E (23423) opencores.emac: no mem for receive buffer
E (23423) opencores.emac: no mem for receive buffer
E (23423) opencores.emac: no mem for receive buffer
E (23423) opencores.emac: no mem for receive buffer
E (23423) opencores.emac: no mem for receive buffer
E (23423) opencores.emac: no mem for receive buffer
E (23423) opencores.emac: no mem for receive buffer
E (23423) opencores.emac: no mem for receive buffer
E (23423) opencores.emac: no mem for receive buffer
E (23423) opencores.emac: no mem for receive buffer
E (23423) opencores.emac: no mem for receive buffer
E (23423) opencores.emac: no mem for receive buffer
E (23423) opencores.emac: no mem for receive buffer
E (23423) opencores.emac: no mem for receive buffer
E (23423) opencores.emac: no mem for receive buffer
E (23423) opencores.emac: no mem for receive buffer
E (23423) opencores.emac: no mem for receive buffer
E (23423) opencores.emac: no mem for receive buffer
E (23423) opencores.emac: no mem for receive buffer
E (23423) opencores.emac: no mem for receive buffer
E (23423) opencores.emac: no mem for receive buffer
E (23423) opencores.emac: no mem for receive buffer
E (23423) opencores.emac: no mem for receive buffer
E (23423) opencores.emac: no mem for receive buffer
E (23423) opencores.emac: no mem for receive buffer
E (23423) opencores.emac: no mem for receive buffer
E (23423) opencores.emac: no mem for receive buffer
E (23423) opencores.emac: no mem for receive buffer
E (23423) opencores.emac: no mem for receive buffer
E (23423) opencores.emac: no mem for receive buffer
E (23433) opencores.emac: no mem for receive buffer
E (23433) opencores.emac: no mem for receive buffer
E (23433) opencores.emac: no mem for receive buffer
E (23433) opencores.emac: no mem for receive buffer
E (23433) opencores.emac: no mem for receive buffer
E (23433) opencores.emac: no mem for receive buffer
E (23433) opencores.emac: no mem for receive buffer
E (23433) opencores.emac: no mem for receive buffer
E (23433) opencores.emac: no mem for receive buffer
E (23433) opencores.emac: no mem for receive buffer
E (23433) opencores.emac: no mem for receive buffer
E (23433) opencores.emac: no mem for receive buffer
E (23433) opencores.emac: no mem for receive buffer
E (23433) opencores.emac: no mem for receive buffer
E (23433) opencores.emac: no mem for receive buffer
E (23433) opencores.emac: no mem for receive buffer
E (23433) opencores.emac: no mem for receive buffer
E (23433) opencores.emac: no mem for receive buffer
E (23433) opencores.emac: no mem for receive buffer
E (23433) opencores.emac: no mem for receive buffer
E (23433) opencores.emac: no mem for receive buffer
E (23433) opencores.emac: no mem for receive buffer
E (23433) opencores.emac: no mem for receive buffer
E (23433) opencores.emac: no mem for receive buffer
E (23433) opencores.emac: no mem for receive buffer
E (23433) opencores.emac: no mem for receive buffer
E (23433) opencores.emac: no mem for receive buffer
E (23433) opencores.emac: no mem for receive buffer
E (23433) opencores.emac: no mem for receive buffer
E (23433) opencores.emac: no mem for receive buffer
E (23433) opencores.emac: no mem for receive buffer
E (23433) opencores.emac: no mem for receive buffer
E (23433) opencores.emac: no mem for receive buffer
E (23433) opencores.emac: no mem for receive buffer
E (23433) opencores.emac: no mem for receive buffer
E (23433) opencores.emac: no mem for receive buffer
E (23433) opencores.emac: no mem for receive buffer
E (23433) opencores.emac: no mem for receive buffer
E (23433) opencores.emac: no mem for receive buffer
E (23433) opencores.emac: no mem for receive buffer
E (23433) opencores.emac: no mem for receive buffer
E (23433) opencores.emac: no mem for receive buffer
E (23433) opencores.emac: no mem for receive buffer
E (23433) opencores.emac: no mem for receive buffer
E (23433) opencores.emac: no mem for receive buffer
E (23433) opencores.emac: no mem for receive buffer
E (23433) opencores.emac: no mem for receive buffer
E (23433) opencores.emac: no mem for receive buffer
E (23433) opencores.emac: no mem for receive buffer
E (23433) opencores.emac: no mem for receive buffer
E (23433) opencores.emac: no mem for receive buffer
E (23433) opencores.emac: no mem for receive buffer
E (23433) opencores.emac: no mem for receive buffer
E (23433) opencores.emac: no mem for receive buffer
E (23433) opencores.emac: no mem for receive buffer
E (23433) opencores.emac: no mem for receive buffer
E (23433) opencores.emac: no mem for receive buffer
E (23433) opencores.emac: no mem for receive buffer
E (23433) opencores.emac: no mem for receive buffer
E (23433) opencores.emac: no mem for receive buffer
E (23433) opencores.emac: no mem for receive buffer
E (23433) opencores.emac: no mem for receive buffer
E (23433) opencores.emac: no mem for receive buffer
E (23433) opencores.emac: no mem for receive buffer
E (23433) opencores.emac: no mem for receive buffer
E (23433) opencores.emac: no mem for receive buffer
E (23433) opencores.emac: no mem for receive buffer
E (23433) opencores.emac: no mem for receive buffer
E (23433) opencores.emac: no mem for receive buffer
E (23433) opencores.emac: no mem for receive buffer
E (23433) opencores.emac: no mem for receive buffer
E (23433) opencores.emac: no mem for receive buffer
E (23433) opencores.emac: no mem for receive buffer
E (23433) opencores.emac: no mem for receive buffer
E (23433) opencores.emac: no mem for receive buffer
E (23433) opencores.emac: no mem for receive buffer
E (23433) opencores.emac: no mem for receive buffer
E (23433) opencores.emac: no mem for receive buffer
E (23433) opencores.emac: no mem for receive buffer
E (23433) opencores.emac: no mem for receive buffer
E (23433) opencores.emac: no mem for receive buffer
E (23433) opencores.emac: no mem for receive buffer
E (23433) opencores.emac: no mem for receive buffer
E (23433) opencores.emac: no mem for receive buffer
E (23433) opencores.emac: no mem for receive buffer
E (23433) opencores.emac: no mem for receive buffer
E (23433) opencores.emac: no mem for receive buffer
E (23433) opencores.emac: no mem for receive buffer
E (23433) opencores.emac: no mem for receive buffer
E (23433) opencores.emac: no mem for receive buffer
E (23433) opencores.emac: no mem for receive buffer
E (23433) opencores.emac: no mem for receive buffer
E (23433) opencores.emac: no mem for receive buffer
E (23433) opencores.emac: no mem for receive buffer
E (23433) opencores.emac: no mem for receive buffer
E (23433) opencores.emac: no mem for receive buffer
E (23433) opencores.emac: no mem for receive buffer
E (23433) opencores.emac: no mem for receive buffer
E (23433) opencores.emac: no mem for receive buffer
E (23433) opencores.emac: no mem for receive buffer
E (23433) opencores.emac: no mem for receive buffer
E (23433) opencores.emac: no mem for receive buffer
E (23433) opencores.emac: no mem for receive buffer
E (23433) opencores.emac: no mem for receive buffer
E (23433) opencores.emac: no mem for receive buffer
E (23433) opencores.emac: no mem for receive buffer
E (23433) opencores.emac: no mem for receive buffer
E (23433) opencores.emac: no mem for receive buffer
E (23433) opencores.emac: no mem for receive buffer
E (23433) opencores.emac: no mem for receive buffer
E (23433) opencores.emac: no mem for receive buffer
E (23433) opencores.emac: no mem for receive buffer
E (23433) opencores.emac: no mem for receive buffer
E (23433) opencores.emac: no mem for receive buffer
E (23433) opencores.emac: no mem for receive buffer
E (23433) opencores.emac: no mem for receive buffer
E (23433) opencores.emac: no mem for receive buffer
E (23433) opencores.emac: no mem for receive buffer
E (23433) opencores.emac: no mem for receive buffer
E (23433) opencores.emac: no mem for receive buffer
E (23433) opencores.emac: no mem for receive buffer
E (23433) opencores.emac: no mem for receive buffer
E (23433) opencores.emac: no mem for receive buffer
E (23433) opencores.emac: no mem for receive buffer
E (23433) opencores.emac: no mem for receive buffer
E (23433) opencores.emac: no mem for receive buffer
E (23433) opencores.emac: no mem for receive buffer
E (23433) opencores.emac: no mem for receive buffer
E (23433) opencores.emac: no mem for receive buffer
E (23433) opencores.emac: no mem for receive buffer
E (23433) opencores.emac: no mem for receive buffer
E (23433) opencores.emac: no mem for receive buffer
E (23433) opencores.emac: no mem for receive buffer
E (23433) opencores.emac: no mem for receive buffer
E (23433) opencores.emac: no mem for receive buffer
E (23433) opencores.emac: no mem for receive buffer
E (23433) opencores.emac: no mem for receive buffer
E (23433) opencores.emac: no mem for receive buffer
E (23433) opencores.emac: no mem for receive buffer
E (23433) opencores.emac: no mem for receive buffer
E (23433) opencores.emac: no mem for receive buffer
E (23433) opencores.emac: no mem for receive buffer
E (23433) opencores.emac: no mem for receive buffer
E (23433) opencores.emac: no mem for receive buffer
E (23433) opencores.emac: no mem for receive buffer
E (23433) opencores.emac: no mem for receive buffer
E (23433) opencores.emac: no mem for receive buffer
E (23433) opencores.emac: no mem for receive buffer
E (23433) opencores.emac: no mem for receive buffer
E (23433) opencores.emac: no mem for receive buffer
E (23433) opencores.emac: no mem for receive buffer
E (23433) opencores.emac: no mem for receive buffer
E (23433) opencores.emac: no mem for receive buffer
E (23433) opencores.emac: no mem for receive buffer
E (23433) opencores.emac: no mem for receive buffer
E (23433) opencores.emac: no mem for receive buffer
E (23433) opencores.emac: no mem for receive buffer
E (23433) opencores.emac: no mem for receive buffer
E (23433) opencores.emac: no mem for receive buffer
E (23433) opencores.emac: no mem for receive buffer
E (23433) opencores.emac: no mem for receive buffer
E (23433) opencores.emac: no mem for receive buffer
E (23433) opencores.emac: no mem for receive buffer
E (23433) opencores.emac: no mem for receive buffer
E (23433) opencores.emac: no mem for receive buffer
E (23433) opencores.emac: no mem for receive buffer
E (23433) opencores.emac: no mem for receive buffer
E (23433) opencores.emac: no mem for receive buffer
E (23433) opencores.emac: no mem for receive buffer
E (23433) opencores.emac: no mem for receive buffer
E (23433) opencores.emac: no mem for receive buffer
E (23433) opencores.emac: no mem for receive buffer
E (23443) opencores.emac: no mem for receive buffer
E (23443) opencores.emac: no mem for receive buffer
E (23443) opencores.emac: no mem for receive buffer
E (23443) opencores.emac: no mem for receive buffer
E (23443) opencores.emac: no mem for receive buffer
E (23443) opencores.emac: no mem for receive buffer
E (23443) opencores.emac: no mem for receive buffer
E (23443) opencores.emac: no mem for receive buffer
E (23443) opencores.emac: no mem for receive buffer
E (23443) opencores.emac: no mem for receive buffer
E (23443) opencores.emac: no mem for receive buffer
E (23443) opencores.emac: no mem for receive buffer
E (23443) opencores.emac: no mem for receive buffer
E (23443) opencores.emac: no mem for receive buffer
E (23443) opencores.emac: no mem for receive buffer
E (23443) opencores.emac: no mem for receive buffer
E (23443) opencores.emac: no mem for receive buffer
E (23443) opencores.emac: no mem for receive buffer
E (23443) opencores.emac: no mem for receive buffer
E (23443) opencores.emac: no mem for receive buffer
E (23443) opencores.emac: no mem for receive buffer
E (23443) opencores.emac: no mem for receive buffer
E (23443) opencores.emac: no mem for receive buffer
E (23443) opencores.emac: no mem for receive buffer
E (23443) opencores.emac: no mem for receive buffer
E (23443) opencores.emac: no mem for receive buffer
E (23443) opencores.emac: no mem for receive buffer
E (23443) opencores.emac: no mem for receive buffer
E (23443) opencores.emac: no mem for receive buffer
E (23443) opencores.emac: no mem for receive buffer
E (23443) opencores.emac: no mem for receive buffer
E (23443) opencores.emac: no mem for receive buffer
E (23443) opencores.emac: no mem for receive buffer
E (23443) opencores.emac: no mem for receive buffer
E (23443) opencores.emac: no mem for receive buffer
E (23443) opencores.emac: no mem for receive buffer
E (23443) opencores.emac: no mem for receive buffer
E (23443) opencores.emac: no mem for receive buffer
E (23443) opencores.emac: no mem for receive buffer
E (23443) opencores.emac: no mem for receive buffer
E (23443) opencores.emac: no mem for receive buffer
E (23443) opencores.emac: no mem for receive buffer
E (23443) opencores.emac: no mem for receive buffer
E (23443) opencores.emac: no mem for receive buffer
E (23443) opencores.emac: no mem for receive buffer
E (23443) opencores.emac: no mem for receive buffer
E (23443) opencores.emac: no mem for receive buffer
E (23443) opencores.emac: no mem for receive buffer
E (23443) opencores.emac: no mem for receive buffer
E (23443) opencores.emac: no mem for receive buffer
E (23443) opencores.emac: no mem for receive buffer
E (23443) opencores.emac: no mem for receive buffer
E (23443) opencores.emac: no mem for receive buffer
E (23443) opencores.emac: no mem for receive buffer
E (23443) opencores.emac: no mem for receive buffer
E (23443) opencores.emac: no mem for receive buffer
E (23443) opencores.emac: no mem for receive buffer
E (23443) opencores.emac: no mem for receive buffer
E (23443) opencores.emac: no mem for receive buffer
E (23443) opencores.emac: no mem for receive buffer
E (23443) opencores.emac: no mem for receive buffer
E (23443) opencores.emac: no mem for receive buffer
E (23443) opencores.emac: no mem for receive buffer
E (23443) opencores.emac: no mem for receive buffer
E (23443) opencores.emac: no mem for receive buffer
E (23443) opencores.emac: no mem for receive buffer
E (23443) opencores.emac: no mem for receive buffer
E (23443) opencores.emac: no mem for receive buffer
E (23443) opencores.emac: no mem for receive buffer
E (23443) opencores.emac: no mem for receive buffer
E (23443) opencores.emac: no mem for receive buffer
E (23443) opencores.emac: no mem for receive buffer
E (23443) opencores.emac: no mem for receive buffer
E (23443) opencores.emac: no mem for receive buffer
E (23443) opencores.emac: no mem for receive buffer
E (23443) opencores.emac: no mem for receive buffer
E (23443) opencores.emac: no mem for receive buffer
E (23443) opencores.emac: no mem for receive buffer
E (23443) opencores.emac: no mem for receive buffer
E (23443) opencores.emac: no mem for receive buffer
E (23443) opencores.emac: no mem for receive buffer
E (23443) opencores.emac: no mem for receive buffer
E (23443) opencores.emac: no mem for receive buffer
E (23443) opencores.emac: no mem for receive buffer
E (23443) opencores.emac: no mem for receive buffer
E (23443) opencores.emac: no mem for receive buffer
E (23443) opencores.emac: no mem for receive buffer
E (23443) opencores.emac: no mem for receive buffer
E (23443) opencores.emac: no mem for receive buffer
E (23443) opencores.emac: no mem for receive buffer
E (23443) opencores.emac: no mem for receive buffer
E (23443) opencores.emac: no mem for receive buffer
E (23443) opencores.emac: no mem for receive buffer
E (23443) opencores.emac: no mem for receive buffer
E (23443) opencores.emac: no mem for receive buffer
E (23443) opencores.emac: no mem for receive buffer
E (23443) opencores.emac: no mem for receive buffer
E (23443) opencores.emac: no mem for receive buffer
E (23443) opencores.emac: no mem for receive buffer
E (23443) opencores.emac: no mem for receive buffer
E (23443) opencores.emac: no mem for receive buffer
E (23443) opencores.emac: no mem for receive buffer
E (23443) opencores.emac: no mem for receive buffer
E (23443) opencores.emac: no mem for receive buffer
E (23443) opencores.emac: no mem for receive buffer
E (23443) opencores.emac: no mem for receive buffer
E (23443) opencores.emac: no mem for receive buffer
E (23443) opencores.emac: no mem for receive buffer
E (23443) opencores.emac: no mem for receive buffer
E (23443) opencores.emac: no mem for receive buffer
E (23443) opencores.emac: no mem for receive buffer
E (23443) opencores.emac: no mem for receive buffer
E (23443) opencores.emac: no mem for receive buffer
E (23443) opencores.emac: no mem for receive buffer
E (23443) opencores.emac: no mem for receive buffer
E (23443) opencores.emac: no mem for receive buffer
E (23443) opencores.emac: no mem for receive buffer
E (23443) opencores.emac: no mem for receive buffer
E (23443) opencores.emac: no mem for receive buffer
E (23443) opencores.emac: no mem for receive buffer
E (23443) opencores.emac: no mem for receive buffer
E (23443) opencores.emac: no mem for receive buffer
E (23443) opencores.emac: no mem for receive buffer
E (23443) opencores.emac: no mem for receive buffer
E (23443) opencores.emac: no mem for receive buffer
E (23443) opencores.emac: no mem for receive buffer
E (23443) opencores.emac: no mem for receive buffer
E (23443) opencores.emac: no mem for receive buffer
E (23443) opencores.emac: no mem for receive buffer
E (23443) opencores.emac: no mem for receive buffer
E (23443) opencores.emac: no mem for receive buffer
E (23443) opencores.emac: no mem for receive buffer
E (23443) opencores.emac: no mem for receive buffer
E (23443) opencores.emac: no mem for receive buffer
E (23443) opencores.emac: no mem for receive buffer
E (23443) opencores.emac: no mem for receive buffer
E (23443) opencores.emac: no mem for receive buffer
E (23443) opencores.emac: no mem for receive buffer
E (23443) opencores.emac: no mem for receive buffer
E (23443) opencores.emac: no mem for receive buffer
E (23443) opencores.emac: no mem for receive buffer
E (23443) opencores.emac: no mem for receive buffer
E (23443) opencores.emac: no mem for receive buffer
E (23443) opencores.emac: no mem for receive buffer
E (23443) opencores.emac: no mem for receive buffer
E (23443) opencores.emac: no mem for receive buffer
E (23443) opencores.emac: no mem for receive buffer
E (23443) opencores.emac: no mem for receive buffer
E (23443) opencores.emac: no mem for receive buffer
E (23443) opencores.emac: no mem for receive buffer
E (23443) opencores.emac: no mem for receive buffer
E (23443) opencores.emac: no mem for receive buffer
E (23443) opencores.emac: no mem for receive buffer
E (23443) opencores.emac: no mem for receive buffer
E (23443) opencores.emac: no mem for receive buffer
E (23443) opencores.emac: no mem for receive buffer
E (23443) opencores.emac: no mem for receive buffer
E (23443) opencores.emac: no mem for receive buffer
E (23443) opencores.emac: no mem for receive buffer
E (23443) opencores.emac: no mem for receive buffer
E (23443) opencores.emac: no mem for receive buffer
E (23443) opencores.emac: no mem for receive buffer
E (23443) opencores.emac: no mem for receive buffer
E (23443) opencores.emac: no mem for receive buffer
E (23443) opencores.emac: no mem for receive buffer
E (23443) opencores.emac: no mem for receive buffer
E (23443) opencores.emac: no mem for receive buffer
E (23443) opencores.emac: no mem for receive buffer
E (23443) opencores.emac: no mem for receive buffer
E (23443) opencores.emac: no mem for receive buffer
E (23443) opencores.emac: no mem for receive buffer
E (23443) opencores.emac: no mem for receive buffer
E (23453) opencores.emac: no mem for receive buffer
E (23453) opencores.emac: no mem for receive buffer
E (23453) opencores.emac: no mem for receive buffer
E (23453) opencores.emac: no mem for receive buffer
E (23453) opencores.emac: no mem for receive buffer
E (23453) opencores.emac: no mem for receive buffer
E (23453) opencores.emac: no mem for receive buffer
E (23453) opencores.emac: no mem for receive buffer
E (23453) opencores.emac: no mem for receive buffer
E (23453) opencores.emac: no mem for receive buffer
E (23453) opencores.emac: no mem for receive buffer
E (23453) opencores.emac: no mem for receive buffer
E (23453) opencores.emac: no mem for receive buffer
E (23453) opencores.emac: no mem for receive buffer
E (23453) opencores.emac: no mem for receive buffer
E (23453) opencores.emac: no mem for receive buffer
E (23453) opencores.emac: no mem for receive buffer
E (23453) opencores.emac: no mem for receive buffer
E (23453) opencores.emac: no mem for receive buffer
E (23453) opencores.emac: no mem for receive buffer
E (23453) opencores.emac: no mem for receive buffer
E (23453) opencores.emac: no mem for receive buffer
E (23453) opencores.emac: no mem for receive buffer
E (23453) opencores.emac: no mem for receive buffer
E (23453) opencores.emac: no mem for receive buffer
E (23453) opencores.emac: no mem for receive buffer
E (23453) opencores.emac: no mem for receive buffer
E (23453) opencores.emac: no mem for receive buffer
E (23453) opencores.emac: no mem for receive buffer
E (23453) opencores.emac: no mem for receive buffer
E (23453) opencores.emac: no mem for receive buffer
E (23453) opencores.emac: no mem for receive buffer
E (23453) opencores.emac: no mem for receive buffer
E (23453) opencores.emac: no mem for receive buffer
E (23453) opencores.emac: no mem for receive buffer
E (23453) opencores.emac: no mem for receive buffer
E (23453) opencores.emac: no mem for receive buffer
E (23453) opencores.emac: no mem for receive buffer
E (23453) opencores.emac: no mem for receive buffer
E (23453) opencores.emac: no mem for receive buffer
E (23453) opencores.emac: no mem for receive buffer
E (23453) opencores.emac: no mem for receive buffer
E (23453) opencores.emac: no mem for receive buffer
E (23453) opencores.emac: no mem for receive buffer
E (23453) opencores.emac: no mem for receive buffer
E (23453) opencores.emac: no mem for receive buffer
E (23453) opencores.emac: no mem for receive buffer
E (23453) opencores.emac: no mem for receive buffer
E (23453) opencores.emac: no mem for receive buffer
E (23453) opencores.emac: no mem for receive buffer
E (23453) opencores.emac: no mem for receive buffer
E (23453) opencores.emac: no mem for receive buffer
E (23453) opencores.emac: no mem for receive buffer
E (23453) opencores.emac: no mem for receive buffer
E (23453) opencores.emac: no mem for receive buffer
E (23453) opencores.emac: no mem for receive buffer
E (23453) opencores.emac: no mem for receive buffer
E (23453) opencores.emac: no mem for receive buffer
E (23453) opencores.emac: no mem for receive buffer
E (23453) opencores.emac: no mem for receive buffer
E (23453) opencores.emac: no mem for receive buffer
E (23453) opencores.emac: no mem for receive buffer
E (23453) opencores.emac: no mem for receive buffer
E (23453) opencores.emac: no mem for receive buffer
E (23453) opencores.emac: no mem for receive buffer
E (23453) opencores.emac: no mem for receive buffer
E (23453) opencores.emac: no mem for receive buffer
E (23453) opencores.emac: no mem for receive buffer
E (23453) opencores.emac: no mem for receive buffer
E (23453) opencores.emac: no mem for receive buffer
E (23453) opencores.emac: no mem for receive buffer
E (23453) opencores.emac: no mem for receive buffer
E (23453) opencores.emac: no mem for receive buffer
E (23453) opencores.emac: no mem for receive buffer
E (23453) opencores.emac: no mem for receive buffer
E (23453) opencores.emac: no mem for receive buffer
E (23453) opencores.emac: no mem for receive buffer
E (23453) opencores.emac: no mem for receive buffer
E (23453) opencores.emac: no mem for receive buffer
E (23453) opencores.emac: no mem for receive buffer
E (23453) opencores.emac: no mem for receive buffer
E (23453) opencores.emac: no mem for receive buffer
E (23453) opencores.emac: no mem for receive buffer
E (23453) opencores.emac: no mem for receive buffer
E (23453) opencores.emac: no mem for receive buffer
E (23453) opencores.emac: no mem for receive buffer
E (23453) opencores.emac: no mem for receive buffer
E (23453) opencores.emac: no mem for receive buffer
E (23453) opencores.emac: no mem for receive buffer
E (23453) opencores.emac: no mem for receive buffer
E (23453) opencores.emac: no mem for receive buffer
E (23453) opencores.emac: no mem for receive buffer
E (23453) opencores.emac: no mem for receive buffer
E (23453) opencores.emac: no mem for receive buffer
E (23453) opencores.emac: no mem for receive buffer
E (23453) opencores.emac: no mem for receive buffer
E (23453) opencores.emac: no mem for receive buffer
E (23453) opencores.emac: no mem for receive buffer
E (23453) opencores.emac: no mem for receive buffer
E (23453) opencores.emac: no mem for receive buffer
E (23453) opencores.emac: no mem for receive buffer
E (23453) opencores.emac: no mem for receive buffer
E (23453) opencores.emac: no mem for receive buffer
E (23453) opencores.emac: no mem for receive buffer
E (23453) opencores.emac: no mem for receive buffer
E (23453) opencores.emac: no mem for receive buffer
E (23453) opencores.emac: no mem for receive buffer
E (23453) opencores.emac: no mem for receive buffer
E (23453) opencores.emac: no mem for receive buffer
E (23453) opencores.emac: no mem for receive buffer
E (23453) opencores.emac: no mem for receive buffer
E (23453) opencores.emac: no mem for receive buffer
E (23453) opencores.emac: no mem for receive buffer
E (23453) opencores.emac: no mem for receive buffer
E (23453) opencores.emac: no mem for receive buffer
E (23453) opencores.emac: no mem for receive buffer
E (23453) opencores.emac: no mem for receive buffer
E (23453) opencores.emac: no mem for receive buffer
E (23453) opencores.emac: no mem for receive buffer
E (23453) opencores.emac: no mem for receive buffer
E (23453) opencores.emac: no mem for receive buffer
E (23453) opencores.emac: no mem for receive buffer
E (23453) opencores.emac: no mem for receive buffer
E (23453) opencores.emac: no mem for receive buffer
E (23453) opencores.emac: no mem for receive buffer
E (23453) opencores.emac: no mem for receive buffer
E (23453) opencores.emac: no mem for receive buffer
E (23453) opencores.emac: no mem for receive buffer
E (23453) opencores.emac: no mem for receive buffer
E (23453) opencores.emac: no mem for receive buffer
E (23453) opencores.emac: no mem for receive buffer
E (23453) opencores.emac: no mem for receive buffer
E (23453) opencores.emac: no mem for receive buffer
E (23453) opencores.emac: no mem for receive buffer
E (23453) opencores.emac: no mem for receive buffer
E (23453) opencores.emac: no mem for receive buffer
E (23453) opencores.emac: no mem for receive buffer
E (23453) opencores.emac: no mem for receive buffer
E (23453) opencores.emac: no mem for receive buffer
E (23453) opencores.emac: no mem for receive buffer
E (23453) opencores.emac: no mem for receive buffer
E (23453) opencores.emac: no mem for receive buffer
E (23453) opencores.emac: no mem for receive buffer
E (23453) opencores.emac: no mem for receive buffer
E (23453) opencores.emac: no mem for receive buffer
E (23453) opencores.emac: no mem for receive buffer
E (23453) opencores.emac: no mem for receive buffer
E (23453) opencores.emac: no mem for receive buffer
E (23453) opencores.emac: no mem for receive buffer
E (23453) opencores.emac: no mem for receive buffer
E (23453) opencores.emac: no mem for receive buffer
E (23453) opencores.emac: no mem for receive buffer
E (23453) opencores.emac: no mem for receive buffer
E (23453) opencores.emac: no mem for receive buffer
E (23453) opencores.emac: no mem for receive buffer
E (23453) opencores.emac: no mem for receive buffer
E (23453) opencores.emac: no mem for receive buffer
E (23453) opencores.emac: no mem for receive buffer
E (23453) opencores.emac: no mem for receive buffer
E (23453) opencores.emac: no mem for receive buffer
E (23453) opencores.emac: no mem for receive buffer
E (23453) opencores.emac: no mem for receive buffer
E (23453) opencores.emac: no mem for receive buffer
E (23453) opencores.emac: no mem for receive buffer
E (23453) opencores.emac: no mem for receive buffer
E (23453) opencores.emac: no mem for receive buffer
E (23463) opencores.emac: no mem for receive buffer
E (23463) opencores.emac: no mem for receive buffer
E (23463) opencores.emac: no mem for receive buffer
E (23463) opencores.emac: no mem for receive buffer
E (23463) opencores.emac: no mem for receive buffer
E (23463) opencores.emac: no mem for receive buffer
E (23463) opencores.emac: no mem for receive buffer
E (23463) opencores.emac: no mem for receive buffer
E (23463) opencores.emac: no mem for receive buffer
E (23463) opencores.emac: no mem for receive buffer
E (23463) opencores.emac: no mem for receive buffer
E (23463) opencores.emac: no mem for receive buffer
E (23463) opencores.emac: no mem for receive buffer
E (23463) opencores.emac: no mem for receive buffer
E (23463) opencores.emac: no mem for receive buffer
E (23463) opencores.emac: no mem for receive buffer
E (23463) opencores.emac: no mem for receive buffer
E (23463) opencores.emac: no mem for receive buffer
E (23463) opencores.emac: no mem for receive buffer
E (23463) opencores.emac: no mem for receive buffer
E (23463) opencores.emac: no mem for receive buffer
E (23463) opencores.emac: no mem for receive buffer
E (23463) opencores.emac: no mem for receive buffer
E (23463) opencores.emac: no mem for receive buffer
E (23463) opencores.emac: no mem for receive buffer
E (23463) opencores.emac: no mem for receive buffer
E (23463) opencores.emac: no mem for receive buffer
E (23463) opencores.emac: no mem for receive buffer
E (23463) opencores.emac: no mem for receive buffer
E (23463) opencores.emac: no mem for receive buffer
E (23463) opencores.emac: no mem for receive buffer
E (23463) opencores.emac: no mem for receive buffer
E (23463) opencores.emac: no mem for receive buffer
E (23463) opencores.emac: no mem for receive buffer
E (23463) opencores.emac: no mem for receive buffer
E (23463) opencores.emac: no mem for receive buffer
E (23463) opencores.emac: no mem for receive buffer
E (23463) opencores.emac: no mem for receive buffer
E (23463) opencores.emac: no mem for receive buffer
E (23463) opencores.emac: no mem for receive buffer
E (23463) opencores.emac: no mem for receive buffer
E (23463) opencores.emac: no mem for receive buffer
E (23463) opencores.emac: no mem for receive buffer
E (23463) opencores.emac: no mem for receive buffer
E (23463) opencores.emac: no mem for receive buffer
E (23463) opencores.emac: no mem for receive buffer
E (23463) opencores.emac: no mem for receive buffer
E (23463) opencores.emac: no mem for receive buffer
E (23463) opencores.emac: no mem for receive buffer
E (23463) opencores.emac: no mem for receive buffer
E (23463) opencores.emac: no mem for receive buffer
E (23463) opencores.emac: no mem for receive buffer
E (23463) opencores.emac: no mem for receive buffer
E (23463) opencores.emac: no mem for receive buffer
E (23463) opencores.emac: no mem for receive buffer
E (23463) opencores.emac: no mem for receive buffer
E (23463) opencores.emac: no mem for receive buffer
E (23463) opencores.emac: no mem for receive buffer
E (23463) opencores.emac: no mem for receive buffer
E (23463) opencores.emac: no mem for receive buffer
E (23463) opencores.emac: no mem for receive buffer
E (23463) opencores.emac: no mem for receive buffer
E (23463) opencores.emac: no mem for receive buffer
E (23463) opencores.emac: no mem for receive buffer
E (23463) opencores.emac: no mem for receive buffer
E (23463) opencores.emac: no mem for receive buffer
E (23463) opencores.emac: no mem for receive buffer
E (23463) opencores.emac: no mem for receive buffer
E (23463) opencores.emac: no mem for receive buffer
E (23463) opencores.emac: no mem for receive buffer
E (23463) opencores.emac: no mem for receive buffer
E (23463) opencores.emac: no mem for receive buffer
E (23463) opencores.emac: no mem for receive buffer
E (23463) opencores.emac: no mem for receive buffer
E (23463) opencores.emac: no mem for receive buffer
E (23463) opencores.emac: no mem for receive buffer
E (23463) opencores.emac: no mem for receive buffer
E (23463) opencores.emac: no mem for receive buffer
E (23463) opencores.emac: no mem for receive buffer
E (23463) opencores.emac: no mem for receive buffer
E (23463) opencores.emac: no mem for receive buffer
E (23463) opencores.emac: no mem for receive buffer
E (23463) opencores.emac: no mem for receive buffer
E (23463) opencores.emac: no mem for receive buffer
E (23463) opencores.emac: no mem for receive buffer
E (23463) opencores.emac: no mem for receive buffer
E (23463) opencores.emac: no mem for receive buffer
E (23463) opencores.emac: no mem for receive buffer
E (23463) opencores.emac: no mem for receive buffer
E (23463) opencores.emac: no mem for receive buffer
E (23463) opencores.emac: no mem for receive buffer
E (23463) opencores.emac: no mem for receive buffer
E (23463) opencores.emac: no mem for receive buffer
E (23463) opencores.emac: no mem for receive buffer
E (23463) opencores.emac: no mem for receive buffer
E (23463) opencores.emac: no mem for receive buffer
E (23463) opencores.emac: no mem for receive buffer
E (23463) opencores.emac: no mem for receive buffer
E (23463) opencores.emac: no mem for receive buffer
E (23463) opencores.emac: no mem for receive buffer
E (23463) opencores.emac: no mem for receive buffer
E (23463) opencores.emac: no mem for receive buffer
E (23463) opencores.emac: no mem for receive buffer
E (23463) opencores.emac: no mem for receive buffer
E (23463) opencores.emac: no mem for receive buffer
E (23463) opencores.emac: no mem for receive buffer
E (23463) opencores.emac: no mem for receive buffer
E (23463) opencores.emac: no mem for receive buffer
E (23463) opencores.emac: no mem for receive buffer
E (23463) opencores.emac: no mem for receive buffer
E (23463) opencores.emac: no mem for receive buffer
E (23463) opencores.emac: no mem for receive buffer
E (23463) opencores.emac: no mem for receive buffer
E (23463) opencores.emac: no mem for receive buffer
E (23463) opencores.emac: no mem for receive buffer
E (23463) opencores.emac: no mem for receive buffer
E (23463) opencores.emac: no mem for receive buffer
E (23463) opencores.emac: no mem for receive buffer
E (23463) opencores.emac: no mem for receive buffer
E (23463) opencores.emac: no mem for receive buffer
E (23463) opencores.emac: no mem for receive buffer
E (23463) opencores.emac: no mem for receive buffer
E (23463) opencores.emac: no mem for receive buffer
E (23463) opencores.emac: no mem for receive buffer
E (23463) opencores.emac: no mem for receive buffer
E (23463) opencores.emac: no mem for receive buffer
E (23463) opencores.emac: no mem for receive buffer
E (23463) opencores.emac: no mem for receive buffer
E (23463) opencores.emac: no mem for receive buffer
E (23463) opencores.emac: no mem for receive buffer
E (23463) opencores.emac: no mem for receive buffer
E (23463) opencores.emac: no mem for receive buffer
E (23463) opencores.emac: no mem for receive buffer
E (23463) opencores.emac: no mem for receive buffer
E (23463) opencores.emac: no mem for receive buffer
E (23463) opencores.emac: no mem for receive buffer
E (23463) opencores.emac: no mem for receive buffer
E (23463) opencores.emac: no mem for receive buffer
E (23463) opencores.emac: no mem for receive buffer
E (23463) opencores.emac: no mem for receive buffer
E (23463) opencores.emac: no mem for receive buffer
E (23463) opencores.emac: no mem for receive buffer
E (23463) opencores.emac: no mem for receive buffer
E (23463) opencores.emac: no mem for receive buffer
E (23463) opencores.emac: no mem for receive buffer
E (23463) opencores.emac: no mem for receive buffer
E (23463) opencores.emac: no mem for receive buffer
E (23463) opencores.emac: no mem for receive buffer
E (23463) opencores.emac: no mem for receive buffer
E (23463) opencores.emac: no mem for receive buffer
E (23463) opencores.emac: no mem for receive buffer
E (23463) opencores.emac: no mem for receive buffer
E (23463) opencores.emac: no mem for receive buffer
E (23463) opencores.emac: no mem for receive buffer
E (23463) opencores.emac: no mem for receive buffer
E (23463) opencores.emac: no mem for receive buffer
E (23463) opencores.emac: no mem for receive buffer
E (23463) opencores.emac: no mem for receive buffer
E (23463) opencores.emac: no mem for receive buffer
E (23463) opencores.emac: no mem for receive buffer
E (23463) opencores.emac: no mem for receive buffer
E (23463) opencores.emac: no mem for receive buffer
E (23463) opencores.emac: no mem for receive buffer
E (23463) opencores.emac: no mem for receive buffer
E (23463) opencores.emac: no mem for receive buffer
E (23463) opencores.emac: no mem for receive buffer
E (23463) opencores.emac: no mem for receive buffer
E (23463) opencores.emac: no mem for receive buffer
E (23473) opencores.emac: no mem for receive buffer
E (23473) opencores.emac: no mem for receive buffer
E (23473) opencores.emac: no mem for receive buffer
E (23473) opencores.emac: no mem for receive buffer
E (23473) opencores.emac: no mem for receive buffer
E (23473) opencores.emac: no mem for receive buffer
E (23473) opencores.emac: no mem for receive buffer
E (23473) opencores.emac: no mem for receive buffer
E (23473) opencores.emac: no mem for receive buffer
E (23473) opencores.emac: no mem for receive buffer
E (23473) opencores.emac: no mem for receive buffer
E (23473) opencores.emac: no mem for receive buffer
E (23473) opencores.emac: no mem for receive buffer
E (23473) opencores.emac: no mem for receive buffer
E (23473) opencores.emac: no mem for receive buffer
E (23473) opencores.emac: no mem for receive buffer
E (23473) opencores.emac: no mem for receive buffer
E (23473) opencores.emac: no mem for receive buffer
E (23473) opencores.emac: no mem for receive buffer
E (23473) opencores.emac: no mem for receive buffer
E (23473) opencores.emac: no mem for receive buffer
E (23473) opencores.emac: no mem for receive buffer
E (23473) opencores.emac: no mem for receive buffer
E (23473) opencores.emac: no mem for receive buffer
E (23473) opencores.emac: no mem for receive buffer
E (23473) opencores.emac: no mem for receive buffer
E (23473) opencores.emac: no mem for receive buffer
E (23473) opencores.emac: no mem for receive buffer
E (23473) opencores.emac: no mem for receive buffer
E (23473) opencores.emac: no mem for receive buffer
E (23473) opencores.emac: no mem for receive buffer
E (23473) opencores.emac: no mem for receive buffer
E (23473) opencores.emac: no mem for receive buffer
E (23473) opencores.emac: no mem for receive buffer
E (23473) opencores.emac: no mem for receive buffer
E (23473) opencores.emac: no mem for receive buffer
E (23473) opencores.emac: no mem for receive buffer
E (23473) opencores.emac: no mem for receive buffer
E (23473) opencores.emac: no mem for receive buffer
E (23473) opencores.emac: no mem for receive buffer
E (23473) opencores.emac: no mem for receive buffer
E (23473) opencores.emac: no mem for receive buffer
E (23473) opencores.emac: no mem for receive buffer
E (23473) opencores.emac: no mem for receive buffer
E (23473) opencores.emac: no mem for receive buffer
E (23473) opencores.emac: no mem for receive buffer
E (23473) opencores.emac: no mem for receive buffer
E (23473) opencores.emac: no mem for receive buffer
E (23473) opencores.emac: no mem for receive buffer
E (23473) opencores.emac: no mem for receive buffer
E (23473) opencores.emac: no mem for receive buffer
E (23473) opencores.emac: no mem for receive buffer
E (23473) opencores.emac: no mem for receive buffer
E (23473) opencores.emac: no mem for receive buffer
E (23473) opencores.emac: no mem for receive buffer
E (23473) opencores.emac: no mem for receive buffer
E (23473) opencores.emac: no mem for receive buffer
E (23473) opencores.emac: no mem for receive buffer
E (23473) opencores.emac: no mem for receive buffer
E (23473) opencores.emac: no mem for receive buffer
E (23473) opencores.emac: no mem for receive buffer
E (23473) opencores.emac: no mem for receive buffer
E (23473) opencores.emac: no mem for receive buffer
E (23473) opencores.emac: no mem for receive buffer
E (23473) opencores.emac: no mem for receive buffer
E (23473) opencores.emac: no mem for receive buffer
E (23473) opencores.emac: no mem for receive buffer
E (23473) opencores.emac: no mem for receive buffer
E (23473) opencores.emac: no mem for receive buffer
E (23473) opencores.emac: no mem for receive buffer
E (23473) opencores.emac: no mem for receive buffer
E (23473) opencores.emac: no mem for receive buffer
E (23473) opencores.emac: no mem for receive buffer
E (23473) opencores.emac: no mem for receive buffer
E (23473) opencores.emac: no mem for receive buffer
E (23473) opencores.emac: no mem for receive buffer
E (23473) opencores.emac: no mem for receive buffer
E (23473) opencores.emac: no mem for receive buffer
E (23473) opencores.emac: no mem for receive buffer
E (23473) opencores.emac: no mem for receive buffer
E (23473) opencores.emac: no mem for receive buffer
E (23473) opencores.emac: no mem for receive buffer
E (23473) opencores.emac: no mem for receive buffer
E (23473) opencores.emac: no mem for receive buffer
E (23473) opencores.emac: no mem for receive buffer
E (23473) opencores.emac: no mem for receive buffer
E (23473) opencores.emac: no mem for receive buffer
E (23473) opencores.emac: no mem for receive buffer
E (23473) opencores.emac: no mem for receive buffer
E (23473) opencores.emac: no mem for receive buffer
E (23473) opencores.emac: no mem for receive buffer
E (23473) opencores.emac: no mem for receive buffer
E (23473) opencores.emac: no mem for receive buffer
E (23473) opencores.emac: no mem for receive buffer
E (23473) opencores.emac: no mem for receive buffer
E (23473) opencores.emac: no mem for receive buffer
E (23473) opencores.emac: no mem for receive buffer
E (23473) opencores.emac: no mem for receive buffer
E (23473) opencores.emac: no mem for receive buffer
E (23473) opencores.emac: no mem for receive buffer
E (23473) opencores.emac: no mem for receive buffer
E (23473) opencores.emac: no mem for receive buffer
E (23473) opencores.emac: no mem for receive buffer
E (23473) opencores.emac: no mem for receive buffer
E (23473) opencores.emac: no mem for receive buffer
E (23473) opencores.emac: no mem for receive buffer
E (23473) opencores.emac: no mem for receive buffer
E (23473) opencores.emac: no mem for receive buffer
E (23473) opencores.emac: no mem for receive buffer
E (23473) opencores.emac: no mem for receive buffer
E (23473) opencores.emac: no mem for receive buffer
E (23473) opencores.emac: no mem for receive buffer
E (23473) opencores.emac: no mem for receive buffer
E (23473) opencores.emac: no mem for receive buffer
E (23473) opencores.emac: no mem for receive buffer
E (23473) opencores.emac: no mem for receive buffer
E (23473) opencores.emac: no mem for receive buffer
E (23473) opencores.emac: no mem for receive buffer
E (23473) opencores.emac: no mem for receive buffer
E (23473) opencores.emac: no mem for receive buffer
E (23473) opencores.emac: no mem for receive buffer
E (23473) opencores.emac: no mem for receive buffer
E (23473) opencores.emac: no mem for receive buffer
E (23473) opencores.emac: no mem for receive buffer
E (23473) opencores.emac: no mem for receive buffer
E (23473) opencores.emac: no mem for receive buffer
E (23473) opencores.emac: no mem for receive buffer
E (23473) opencores.emac: no mem for receive buffer
E (23473) opencores.emac: no mem for receive buffer
E (23473) opencores.emac: no mem for receive buffer
E (23473) opencores.emac: no mem for receive buffer
E (23473) opencores.emac: no mem for receive buffer
E (23473) opencores.emac: no mem for receive buffer
E (23473) opencores.emac: no mem for receive buffer
E (23473) opencores.emac: no mem for receive buffer
E (23473) opencores.emac: no mem for receive buffer
E (23473) opencores.emac: no mem for receive buffer
E (23473) opencores.emac: no mem for receive buffer
E (23473) opencores.emac: no mem for receive buffer
E (23473) opencores.emac: no mem for receive buffer
E (23473) opencores.emac: no mem for receive buffer
E (23473) opencores.emac: no mem for receive buffer
E (23473) opencores.emac: no mem for receive buffer
E (23473) opencores.emac: no mem for receive buffer
E (23473) opencores.emac: no mem for receive buffer
E (23473) opencores.emac: no mem for receive buffer
E (23473) opencores.emac: no mem for receive buffer
E (23473) opencores.emac: no mem for receive buffer
E (23473) opencores.emac: no mem for receive buffer
E (23473) opencores.emac: no mem for receive buffer
E (23473) opencores.emac: no mem for receive buffer
E (23473) opencores.emac: no mem for receive buffer
E (23473) opencores.emac: no mem for receive buffer
E (23473) opencores.emac: no mem for receive buffer
E (23473) opencores.emac: no mem for receive buffer
E (23473) opencores.emac: no mem for receive buffer
E (23473) opencores.emac: no mem for receive buffer
E (23473) opencores.emac: no mem for receive buffer
E (23473) opencores.emac: no mem for receive buffer
E (23473) opencores.emac: no mem for receive buffer
E (23473) opencores.emac: no mem for receive buffer
E (23473) opencores.emac: no mem for receive buffer
E (23473) opencores.emac: no mem for receive buffer
E (23473) opencores.emac: no mem for receive buffer
E (23473) opencores.emac: no mem for receive buffer
E (23473) opencores.emac: no mem for receive buffer
E (23473) opencores.emac: no mem for receive buffer
E (23473) opencores.emac: no mem for receive buffer
E (23483) opencores.emac: no mem for receive buffer
E (23483) opencores.emac: no mem for receive buffer
E (23483) opencores.emac: no mem for receive buffer
E (23483) opencores.emac: no mem for receive buffer
E (23483) opencores.emac: no mem for receive buffer
E (23483) opencores.emac: no mem for receive buffer
E (23483) opencores.emac: no mem for receive buffer
E (23483) opencores.emac: no mem for receive buffer
E (23483) opencores.emac: no mem for receive buffer
E (23483) opencores.emac: no mem for receive buffer
E (23483) opencores.emac: no mem for receive buffer
E (23483) opencores.emac: no mem for receive buffer
E (23483) opencores.emac: no mem for receive buffer
E (23483) opencores.emac: no mem for receive buffer
E (23483) opencores.emac: no mem for receive buffer
E (23483) opencores.emac: no mem for receive buffer
E (23483) opencores.emac: no mem for receive buffer
E (23483) opencores.emac: no mem for receive buffer
E (23483) opencores.emac: no mem for receive buffer
E (23483) opencores.emac: no mem for receive buffer
E (23483) opencores.emac: no mem for receive buffer
E (23483) opencores.emac: no mem for receive buffer
E (23483) opencores.emac: no mem for receive buffer
E (23483) opencores.emac: no mem for receive buffer
E (23483) opencores.emac: no mem for receive buffer
E (23483) opencores.emac: no mem for receive buffer
E (23483) opencores.emac: no mem for receive buffer
E (23483) opencores.emac: no mem for receive buffer
E (23483) opencores.emac: no mem for receive buffer
E (23483) opencores.emac: no mem for receive buffer
E (23483) opencores.emac: no mem for receive buffer
E (23483) opencores.emac: no mem for receive buffer
E (23483) opencores.emac: no mem for receive buffer
E (23483) opencores.emac: no mem for receive buffer
E (23483) opencores.emac: no mem for receive buffer
E (23483) opencores.emac: no mem for receive buffer
E (23483) opencores.emac: no mem for receive buffer
E (23483) opencores.emac: no mem for receive buffer
E (23483) opencores.emac: no mem for receive buffer
E (23483) opencores.emac: no mem for receive buffer
E (23483) opencores.emac: no mem for receive buffer
E (23483) opencores.emac: no mem for receive buffer
E (23483) opencores.emac: no mem for receive buffer
E (23483) opencores.emac: no mem for receive buffer
E (23483) opencores.emac: no mem for receive buffer
E (23483) opencores.emac: no mem for receive buffer
E (23483) opencores.emac: no mem for receive buffer
E (23483) opencores.emac: no mem for receive buffer
E (23483) opencores.emac: no mem for receive buffer
E (23483) opencores.emac: no mem for receive buffer
E (23483) opencores.emac: no mem for receive buffer
E (23483) opencores.emac: no mem for receive buffer
E (23483) opencores.emac: no mem for receive buffer
E (23483) opencores.emac: no mem for receive buffer
E (23553) opencores.emac: no mem for receive buffer
E (23553) opencores.emac: no mem for receive buffer
E (23553) opencores.emac: no mem for receive buffer
E (23553) opencores.emac: no mem for receive buffer
E (23553) opencores.emac: no mem for receive buffer
E (23553) opencores.emac: no mem for receive buffer
E (23553) opencores.emac: no mem for receive buffer
E (23553) opencores.emac: no mem for receive buffer
E (23553) opencores.emac: no mem for receive buffer
E (23553) opencores.emac: no mem for receive buffer
E (23553) opencores.emac: no mem for receive buffer
E (23553) opencores.emac: no mem for receive buffer
E (23553) opencores.emac: no mem for receive buffer
E (23553) opencores.emac: no mem for receive buffer
E (23553) opencores.emac: no mem for receive buffer
E (23553) opencores.emac: no mem for receive buffer
E (23553) opencores.emac: no mem for receive buffer
E (23553) opencores.emac: no mem for receive buffer
E (23553) opencores.emac: no mem for receive buffer
E (23553) opencores.emac: no mem for receive buffer
E (23553) opencores.emac: no mem for receive buffer
E (23553) opencores.emac: no mem for receive buffer
E (23553) opencores.emac: no mem for receive buffer
E (23553) opencores.emac: no mem for receive buffer
E (23553) opencores.emac: no mem for receive buffer
E (23553) opencores.emac: no mem for receive buffer
E (23553) opencores.emac: no mem for receive buffer
E (23553) opencores.emac: no mem for receive buffer
E (23553) opencores.emac: no mem for receive buffer
E (23553) opencores.emac: no mem for receive buffer
E (23553) opencores.emac: no mem for receive buffer
E (23553) opencores.emac: no mem for receive buffer
E (23553) opencores.emac: no mem for receive buffer
E (23553) opencores.emac: no mem for receive buffer
E (23553) opencores.emac: no mem for receive buffer
E (23553) opencores.emac: no mem for receive buffer
E (23553) opencores.emac: no mem for receive buffer
E (23553) opencores.emac: no mem for receive buffer
E (23553) opencores.emac: no mem for receive buffer
E (23553) opencores.emac: no mem for receive buffer
E (23553) opencores.emac: no mem for receive buffer
E (23553) opencores.emac: no mem for receive buffer
E (23553) opencores.emac: no mem for receive buffer
E (23553) opencores.emac: no mem for receive buffer
E (23553) opencores.emac: no mem for receive buffer
E (23553) opencores.emac: no mem for receive buffer
E (23553) opencores.emac: no mem for receive buffer
E (23553) opencores.emac: no mem for receive buffer
E (23553) opencores.emac: no mem for receive buffer
E (23553) opencores.emac: no mem for receive buffer
E (23553) opencores.emac: no mem for receive buffer
E (23553) opencores.emac: no mem for receive buffer
E (23553) opencores.emac: no mem for receive buffer
E (23553) opencores.emac: no mem for receive buffer
E (23553) opencores.emac: no mem for receive buffer
E (23553) opencores.emac: no mem for receive buffer
E (23553) opencores.emac: no mem for receive buffer
E (23553) opencores.emac: no mem for receive buffer
E (23553) opencores.emac: no mem for receive buffer
E (23553) opencores.emac: no mem for receive buffer
E (23553) opencores.emac: no mem for receive buffer
E (23553) opencores.emac: no mem for receive buffer
E (23553) opencores.emac: no mem for receive buffer
E (23553) opencores.emac: no mem for receive buffer
E (23553) opencores.emac: no mem for receive buffer
E (23553) opencores.emac: no mem for receive buffer
E (23553) opencores.emac: no mem for receive buffer
E (23553) opencores.emac: no mem for receive buffer
E (23553) opencores.emac: no mem for receive buffer
E (23553) opencores.emac: no mem for receive buffer
E (23553) opencores.emac: no mem for receive buffer
E (23553) opencores.emac: no mem for receive buffer
E (23553) opencores.emac: no mem for receive buffer
E (23553) opencores.emac: no mem for receive buffer
E (23553) opencores.emac: no mem for receive buffer
E (23553) opencores.emac: no mem for receive buffer
E (23553) opencores.emac: no mem for receive buffer
E (23553) opencores.emac: no mem for receive buffer
E (23553) opencores.emac: no mem for receive buffer
E (23553) opencores.emac: no mem for receive buffer
E (23553) opencores.emac: no mem for receive buffer
E (23553) opencores.emac: no mem for receive buffer
E (23553) opencores.emac: no mem for receive buffer
E (23553) opencores.emac: no mem for receive buffer
E (23553) opencores.emac: no mem for receive buffer
E (23553) opencores.emac: no mem for receive buffer
E (23553) opencores.emac: no mem for receive buffer
E (23553) opencores.emac: no mem for receive buffer
E (23553) opencores.emac: no mem for receive buffer
E (23553) opencores.emac: no mem for receive buffer
E (23553) opencores.emac: no mem for receive buffer
E (23553) opencores.emac: no mem for receive buffer
E (23553) opencores.emac: no mem for receive buffer
E (23553) opencores.emac: no mem for receive buffer
E (23553) opencores.emac: no mem for receive buffer
E (23553) opencores.emac: no mem for receive buffer
E (23553) opencores.emac: no mem for receive buffer
E (23563) opencores.emac: no mem for receive buffer
E (23563) opencores.emac: no mem for receive buffer
E (23563) opencores.emac: no mem for receive buffer
E (23563) opencores.emac: no mem for receive buffer
E (23563) opencores.emac: no mem for receive buffer
E (23563) opencores.emac: no mem for receive buffer
E (23563) opencores.emac: no mem for receive buffer
E (23563) opencores.emac: no mem for receive buffer
E (23563) opencores.emac: no mem for receive buffer
E (23563) opencores.emac: no mem for receive buffer
E (23563) opencores.emac: no mem for receive buffer
E (23563) opencores.emac: no mem for receive buffer
E (23563) opencores.emac: no mem for receive buffer
E (23563) opencores.emac: no mem for receive buffer
E (23563) opencores.emac: no mem for receive buffer
E (23563) opencores.emac: no mem for receive buffer
E (23563) opencores.emac: no mem for receive buffer
E (23563) opencores.emac: no mem for receive buffer
E (23563) opencores.emac: no mem for receive buffer
E (23563) opencores.emac: no mem for receive buffer
E (23563) opencores.emac: no mem for receive buffer
E (23563) opencores.emac: no mem for receive buffer
E (23563) opencores.emac: no mem for receive buffer
E (23563) opencores.emac: no mem for receive buffer
E (23563) opencores.emac: no mem for receive buffer
E (23563) opencores.emac: no mem for receive buffer
E (23563) opencores.emac: no mem for receive buffer
E (23563) opencores.emac: no mem for receive buffer
E (23563) opencores.emac: no mem for receive buffer
E (23563) opencores.emac: no mem for receive buffer
E (23563) opencores.emac: no mem for receive buffer
E (23563) opencores.emac: no mem for receive buffer
E (23563) opencores.emac: no mem for receive buffer
E (23563) opencores.emac: no mem for receive buffer
E (23563) opencores.emac: no mem for receive buffer
E (23563) opencores.emac: no mem for receive buffer
E (23563) opencores.emac: no mem for receive buffer
E (23563) opencores.emac: no mem for receive buffer
E (23563) opencores.emac: no mem for receive buffer
E (23563) opencores.emac: no mem for receive buffer
E (23563) opencores.emac: no mem for receive buffer
E (23563) opencores.emac: no mem for receive buffer
E (23563) opencores.emac: no mem for receive buffer
E (23563) opencores.emac: no mem for receive buffer
E (23563) opencores.emac: no mem for receive buffer
E (23563) opencores.emac: no mem for receive buffer
E (23563) opencores.emac: no mem for receive buffer
E (23563) opencores.emac: no mem for receive buffer
E (23563) opencores.emac: no mem for receive buffer
E (23563) opencores.emac: no mem for receive buffer
E (23563) opencores.emac: no mem for receive buffer
E (23563) opencores.emac: no mem for receive buffer
E (23563) opencores.emac: no mem for receive buffer
E (23563) opencores.emac: no mem for receive buffer
E (23563) opencores.emac: no mem for receive buffer
E (23563) opencores.emac: no mem for receive buffer
E (23563) opencores.emac: no mem for receive buffer
E (23563) opencores.emac: no mem for receive buffer
E (23563) opencores.emac: no mem for receive buffer
E (23563) opencores.emac: no mem for receive buffer
E (23563) opencores.emac: no mem for receive buffer
E (23563) opencores.emac: no mem for receive buffer
E (23563) opencores.emac: no mem for receive buffer
E (23563) opencores.emac: no mem for receive buffer
E (23563) opencores.emac: no mem for receive buffer
E (23563) opencores.emac: no mem for receive buffer
E (23563) opencores.emac: no mem for receive buffer
E (23563) opencores.emac: no mem for receive buffer
E (23563) opencores.emac: no mem for receive buffer
E (23563) opencores.emac: no mem for receive buffer
E (23563) opencores.emac: no mem for receive buffer
E (23563) opencores.emac: no mem for receive buffer
E (23563) opencores.emac: no mem for receive buffer
E (23563) opencores.emac: no mem for receive buffer
E (23563) opencores.emac: no mem for receive buffer
E (23563) opencores.emac: no mem for receive buffer
E (23563) opencores.emac: no mem for receive buffer
E (23563) opencores.emac: no mem for receive buffer
E (23563) opencores.emac: no mem for receive buffer
E (23563) opencores.emac: no mem for receive buffer
E (23563) opencores.emac: no mem for receive buffer
E (23563) opencores.emac: no mem for receive buffer
E (23563) opencores.emac: no mem for receive buffer
E (23563) opencores.emac: no mem for receive buffer
E (23563) opencores.emac: no mem for receive buffer
E (23563) opencores.emac: no mem for receive buffer
E (23563) opencores.emac: no mem for receive buffer
E (23563) opencores.emac: no mem for receive buffer
E (23563) opencores.emac: no mem for receive buffer
E (23563) opencores.emac: no mem for receive buffer
E (23563) opencores.emac: no mem for receive buffer
E (23563) opencores.emac: no mem for receive buffer
E (23563) opencores.emac: no mem for receive buffer
E (23563) opencores.emac: no mem for receive buffer
E (23563) opencores.emac: no mem for receive buffer
E (23563) opencores.emac: no mem for receive buffer
E (23563) opencores.emac: no mem for receive buffer
E (23563) opencores.emac: no mem for receive buffer
E (23563) opencores.emac: no mem for receive buffer
E (23563) opencores.emac: no mem for receive buffer
E (23563) opencores.emac: no mem for receive buffer
E (23563) opencores.emac: no mem for receive buffer
E (23563) opencores.emac: no mem for receive buffer
E (23563) opencores.emac: no mem for receive buffer
E (23563) opencores.emac: no mem for receive buffer
E (23563) opencores.emac: no mem for receive buffer
E (23563) opencores.emac: no mem for receive buffer
E (23563) opencores.emac: no mem for receive buffer
E (23563) opencores.emac: no mem for receive buffer
E (23563) opencores.emac: no mem for receive buffer
E (23563) opencores.emac: no mem for receive buffer
E (23563) opencores.emac: no mem for receive buffer
E (23563) opencores.emac: no mem for receive buffer
E (23563) opencores.emac: no mem for receive buffer
E (23563) opencores.emac: no mem for receive buffer
E (23563) opencores.emac: no mem for receive buffer
E (23563) opencores.emac: no mem for receive buffer
E (23563) opencores.emac: no mem for receive buffer
E (23563) opencores.emac: no mem for receive buffer
E (23563) opencores.emac: no mem for receive buffer
E (23563) opencores.emac: no mem for receive buffer
E (23563) opencores.emac: no mem for receive buffer
E (23563) opencores.emac: no mem for receive buffer
E (23563) opencores.emac: no mem for receive buffer
E (23563) opencores.emac: no mem for receive buffer
E (23563) opencores.emac: no mem for receive buffer
E (23563) opencores.emac: no mem for receive buffer
E (23563) opencores.emac: no mem for receive buffer
E (23563) opencores.emac: no mem for receive buffer
E (23563) opencores.emac: no mem for receive buffer
E (23563) opencores.emac: no mem for receive buffer
E (23563) opencores.emac: no mem for receive buffer
E (23563) opencores.emac: no mem for receive buffer
E (23563) opencores.emac: no mem for receive buffer
E (23563) opencores.emac: no mem for receive buffer
E (23563) opencores.emac: no mem for receive buffer
E (23563) opencores.emac: no mem for receive buffer
E (23563) opencores.emac: no mem for receive buffer
E (23563) opencores.emac: no mem for receive buffer
E (23563) opencores.emac: no mem for receive buffer
E (23563) opencores.emac: no mem for receive buffer
E (23563) opencores.emac: no mem for receive buffer
E (23563) opencores.emac: no mem for receive buffer
E (23563) opencores.emac: no mem for receive buffer
E (23563) opencores.emac: no mem for receive buffer
E (23563) opencores.emac: no mem for receive buffer
E (23563) opencores.emac: no mem for receive buffer
E (23563) opencores.emac: no mem for receive buffer
E (23563) opencores.emac: no mem for receive buffer
E (23573) opencores.emac: no mem for receive buffer
E (23573) opencores.emac: no mem for receive buffer
E (23573) opencores.emac: no mem for receive buffer
E (23573) opencores.emac: no mem for receive buffer
E (23573) opencores.emac: no mem for receive buffer
E (23573) opencores.emac: no mem for receive buffer
E (23573) opencores.emac: no mem for receive buffer
E (23573) opencores.emac: no mem for receive buffer
E (23573) opencores.emac: no mem for receive buffer
E (23573) opencores.emac: no mem for receive buffer
E (23573) opencores.emac: no mem for receive buffer
E (23573) opencores.emac: no mem for receive buffer
E (23573) opencores.emac: no mem for receive buffer
E (23573) opencores.emac: no mem for receive buffer
E (23573) opencores.emac: no mem for receive buffer
E (23573) opencores.emac: no mem for receive buffer
E (23573) opencores.emac: no mem for receive buffer
E (23573) opencores.emac: no mem for receive buffer
E (23573) opencores.emac: no mem for receive buffer
E (23573) opencores.emac: no mem for receive buffer
E (23573) opencores.emac: no mem for receive buffer
E (23573) opencores.emac: no mem for receive buffer
E (23573) opencores.emac: no mem for receive buffer
E (23573) opencores.emac: no mem for receive buffer
E (23573) opencores.emac: no mem for receive buffer
E (23573) opencores.emac: no mem for receive buffer
E (23573) opencores.emac: no mem for receive buffer
E (23573) opencores.emac: no mem for receive buffer
E (23573) opencores.emac: no mem for receive buffer
E (23573) opencores.emac: no mem for receive buffer
E (23573) opencores.emac: no mem for receive buffer
E (23573) opencores.emac: no mem for receive buffer
E (23573) opencores.emac: no mem for receive buffer
E (23573) opencores.emac: no mem for receive buffer
E (23573) opencores.emac: no mem for receive buffer
E (23573) opencores.emac: no mem for receive buffer
E (23573) opencores.emac: no mem for receive buffer
E (23573) opencores.emac: no mem for receive buffer
E (23573) opencores.emac: no mem for receive buffer
E (23573) opencores.emac: no mem for receive buffer
E (23573) opencores.emac: no mem for receive buffer
E (23573) opencores.emac: no mem for receive buffer
E (23573) opencores.emac: no mem for receive buffer
E (23573) opencores.emac: no mem for receive buffer
E (23573) opencores.emac: no mem for receive buffer
E (23573) opencores.emac: no mem for receive buffer
E (23573) opencores.emac: no mem for receive buffer
E (23573) opencores.emac: no mem for receive buffer
E (23573) opencores.emac: no mem for receive buffer
E (23573) opencores.emac: no mem for receive buffer
E (23573) opencores.emac: no mem for receive buffer
E (23573) opencores.emac: no mem for receive buffer
E (23573) opencores.emac: no mem for receive buffer
E (23573) opencores.emac: no mem for receive buffer
E (23573) opencores.emac: no mem for receive buffer
E (23573) opencores.emac: no mem for receive buffer
E (23573) opencores.emac: no mem for receive buffer
E (23573) opencores.emac: no mem for receive buffer
E (23573) opencores.emac: no mem for receive buffer
E (23573) opencores.emac: no mem for receive buffer
E (23573) opencores.emac: no mem for receive buffer
E (23573) opencores.emac: no mem for receive buffer
E (23573) opencores.emac: no mem for receive buffer
E (23573) opencores.emac: no mem for receive buffer
E (23573) opencores.emac: no mem for receive buffer
E (23573) opencores.emac: no mem for receive buffer
E (23573) opencores.emac: no mem for receive buffer
E (23573) opencores.emac: no mem for receive buffer
E (23573) opencores.emac: no mem for receive buffer
E (23573) opencores.emac: no mem for receive buffer
E (23573) opencores.emac: no mem for receive buffer
E (23573) opencores.emac: no mem for receive buffer
E (23573) opencores.emac: no mem for receive buffer
E (23573) opencores.emac: no mem for receive buffer
E (23573) opencores.emac: no mem for receive buffer
E (23573) opencores.emac: no mem for receive buffer
E (23573) opencores.emac: no mem for receive buffer
E (23573) opencores.emac: no mem for receive buffer
E (23573) opencores.emac: no mem for receive buffer
E (23573) opencores.emac: no mem for receive buffer
E (23573) opencores.emac: no mem for receive buffer
E (23573) opencores.emac: no mem for receive buffer
E (23573) opencores.emac: no mem for receive buffer
E (23573) opencores.emac: no mem for receive buffer
E (23573) opencores.emac: no mem for receive buffer
E (23573) opencores.emac: no mem for receive buffer
E (23573) opencores.emac: no mem for receive buffer
E (23573) opencores.emac: no mem for receive buffer
E (23573) opencores.emac: no mem for receive buffer
E (23573) opencores.emac: no mem for receive buffer
E (23573) opencores.emac: no mem for receive buffer
E (23573) opencores.emac: no mem for receive buffer
E (23573) opencores.emac: no mem for receive buffer
E (23573) opencores.emac: no mem for receive buffer
E (23573) opencores.emac: no mem for receive buffer
E (23573) opencores.emac: no mem for receive buffer
E (23573) opencores.emac: no mem for receive buffer
E (23573) opencores.emac: no mem for receive buffer
E (23573) opencores.emac: no mem for receive buffer
E (23573) opencores.emac: no mem for receive buffer
E (23573) opencores.emac: no mem for receive buffer
E (23573) opencores.emac: no mem for receive buffer
E (23573) opencores.emac: no mem for receive buffer
E (23573) opencores.emac: no mem for receive buffer
E (23573) opencores.emac: no mem for receive buffer
E (23573) opencores.emac: no mem for receive buffer
E (23573) opencores.emac: no mem for receive buffer
E (23573) opencores.emac: no mem for receive buffer
E (23573) opencores.emac: no mem for receive buffer
E (23573) opencores.emac: no mem for receive buffer
E (23573) opencores.emac: no mem for receive buffer
E (23573) opencores.emac: no mem for receive buffer
E (23573) opencores.emac: no mem for receive buffer
E (23573) opencores.emac: no mem for receive buffer
E (23573) opencores.emac: no mem for receive buffer
E (23573) opencores.emac: no mem for receive buffer
E (23573) opencores.emac: no mem for receive buffer
E (23573) opencores.emac: no mem for receive buffer
E (23573) opencores.emac: no mem for receive buffer
E (23573) opencores.emac: no mem for receive buffer
E (23573) opencores.emac: no mem for receive buffer
E (23573) opencores.emac: no mem for receive buffer
E (23573) opencores.emac: no mem for receive buffer
E (23573) opencores.emac: no mem for receive buffer
E (23573) opencores.emac: no mem for receive buffer
E (23573) opencores.emac: no mem for receive buffer
E (23573) opencores.emac: no mem for receive buffer
E (23573) opencores.emac: no mem for receive buffer
E (23573) opencores.emac: no mem for receive buffer
E (23573) opencores.emac: no mem for receive buffer
E (23573) opencores.emac: no mem for receive buffer
E (23573) opencores.emac: no mem for receive buffer
E (23573) opencores.emac: no mem for receive buffer
E (23573) opencores.emac: no mem for receive buffer
E (23573) opencores.emac: no mem for receive buffer
E (23573) opencores.emac: no mem for receive buffer
E (23573) opencores.emac: no mem for receive buffer
E (23573) opencores.emac: no mem for receive buffer
E (23573) opencores.emac: no mem for receive buffer
E (23573) opencores.emac: no mem for receive buffer
E (23573) opencores.emac: no mem for receive buffer
E (23573) opencores.emac: no mem for receive buffer
E (23573) opencores.emac: no mem for receive buffer
E (23573) opencores.emac: no mem for receive buffer
E (23583) opencores.emac: no mem for receive buffer
E (23583) opencores.emac: no mem for receive buffer
E (23583) opencores.emac: no mem for receive buffer
E (23583) opencores.emac: no mem for receive buffer
E (23583) opencores.emac: no mem for receive buffer
E (23583) opencores.emac: no mem for receive buffer
E (23583) opencores.emac: no mem for receive buffer
E (23583) opencores.emac: no mem for receive buffer
E (23583) opencores.emac: no mem for receive buffer
E (23583) opencores.emac: no mem for receive buffer
E (23583) opencores.emac: no mem for receive buffer
E (23583) opencores.emac: no mem for receive buffer
E (23583) opencores.emac: no mem for receive buffer
E (23583) opencores.emac: no mem for receive buffer
E (23583) opencores.emac: no mem for receive buffer
E (23583) opencores.emac: no mem for receive buffer
E (23583) opencores.emac: no mem for receive buffer
E (23583) opencores.emac: no mem for receive buffer
E (23583) opencores.emac: no mem for receive buffer
E (23583) opencores.emac: no mem for receive buffer
E (23583) opencores.emac: no mem for receive buffer
E (23583) opencores.emac: no mem for receive buffer
E (23583) opencores.emac: no mem for receive buffer
E (23583) opencores.emac: no mem for receive buffer
E (23583) opencores.emac: no mem for receive buffer
E (23583) opencores.emac: no mem for receive buffer
E (23583) opencores.emac: no mem for receive buffer
E (23583) opencores.emac: no mem for receive buffer
E (23583) opencores.emac: no mem for receive buffer
E (23583) opencores.emac: no mem for receive buffer
E (23583) opencores.emac: no mem for receive buffer
E (23583) opencores.emac: no mem for receive buffer
E (23583) opencores.emac: no mem for receive buffer
E (23583) opencores.emac: no mem for receive buffer
E (23583) opencores.emac: no mem for receive buffer
E (23583) opencores.emac: no mem for receive buffer
E (23583) opencores.emac: no mem for receive buffer
E (23583) opencores.emac: no mem for receive buffer
E (23583) opencores.emac: no mem for receive buffer
E (23583) opencores.emac: no mem for receive buffer
E (23583) opencores.emac: no mem for receive buffer
E (23583) opencores.emac: no mem for receive buffer
E (23583) opencores.emac: no mem for receive buffer
E (23583) opencores.emac: no mem for receive buffer
E (23583) opencores.emac: no mem for receive buffer
E (23583) opencores.emac: no mem for receive buffer
E (23583) opencores.emac: no mem for receive buffer
E (23583) opencores.emac: no mem for receive buffer
E (23583) opencores.emac: no mem for receive buffer
E (23583) opencores.emac: no mem for receive buffer
E (23583) opencores.emac: no mem for receive buffer
E (23583) opencores.emac: no mem for receive buffer
E (23583) opencores.emac: no mem for receive buffer
E (23583) opencores.emac: no mem for receive buffer
E (23583) opencores.emac: no mem for receive buffer
E (23583) opencores.emac: no mem for receive buffer
E (23583) opencores.emac: no mem for receive buffer
E (23583) opencores.emac: no mem for receive buffer
E (23583) opencores.emac: no mem for receive buffer
E (23583) opencores.emac: no mem for receive buffer
E (23583) opencores.emac: no mem for receive buffer
E (23583) opencores.emac: no mem for receive buffer
E (23583) opencores.emac: no mem for receive buffer
E (23583) opencores.emac: no mem for receive buffer
E (23583) opencores.emac: no mem for receive buffer
E (23583) opencores.emac: no mem for receive buffer
E (23583) opencores.emac: no mem for receive buffer
E (23583) opencores.emac: no mem for receive buffer
E (23583) opencores.emac: no mem for receive buffer
E (23583) opencores.emac: no mem for receive buffer
E (23583) opencores.emac: no mem for receive buffer
E (23583) opencores.emac: no mem for receive buffer
E (23583) opencores.emac: no mem for receive buffer
E (23583) opencores.emac: no mem for receive buffer
E (23583) opencores.emac: no mem for receive buffer
E (23583) opencores.emac: no mem for receive buffer
E (23583) opencores.emac: no mem for receive buffer
E (23583) opencores.emac: no mem for receive buffer
E (23583) opencores.emac: no mem for receive buffer
E (23583) opencores.emac: no mem for receive buffer
E (23583) opencores.emac: no mem for receive buffer
E (23583) opencores.emac: no mem for receive buffer
E (23583) opencores.emac: no mem for receive buffer
E (23583) opencores.emac: no mem for receive buffer
E (23583) opencores.emac: no mem for receive buffer
E (23583) opencores.emac: no mem for receive buffer
E (23583) opencores.emac: no mem for receive buffer
E (23583) opencores.emac: no mem for receive buffer
E (23583) opencores.emac: no mem for receive buffer
E (23583) opencores.emac: no mem for receive buffer
E (23583) opencores.emac: no mem for receive buffer
E (23583) opencores.emac: no mem for receive buffer
E (23583) opencores.emac: no mem for receive buffer
E (23583) opencores.emac: no mem for receive buffer
E (23583) opencores.emac: no mem for receive buffer
E (23583) opencores.emac: no mem for receive buffer
E (23583) opencores.emac: no mem for receive buffer
E (23583) opencores.emac: no mem for receive buffer
E (23583) opencores.emac: no mem for receive buffer
E (23583) opencores.emac: no mem for receive buffer
E (23583) opencores.emac: no mem for receive buffer
E (23583) opencores.emac: no mem for receive buffer
E (23583) opencores.emac: no mem for receive buffer
E (23583) opencores.emac: no mem for receive buffer
E (23583) opencores.emac: no mem for receive buffer
E (23583) opencores.emac: no mem for receive buffer
E (23583) opencores.emac: no mem for receive buffer
E (23583) opencores.emac: no mem for receive buffer
E (23583) opencores.emac: no mem for receive buffer
E (23583) opencores.emac: no mem for receive buffer
E (23583) opencores.emac: no mem for receive buffer
E (23583) opencores.emac: no mem for receive buffer
E (23583) opencores.emac: no mem for receive buffer
E (23583) opencores.emac: no mem for receive buffer
E (23583) opencores.emac: no mem for receive buffer
E (23583) opencores.emac: no mem for receive buffer
E (23583) opencores.emac: no mem for receive buffer
E (23583) opencores.emac: no mem for receive buffer
E (23583) opencores.emac: no mem for receive buffer
E (23583) opencores.emac: no mem for receive buffer
E (23583) opencores.emac: no mem for receive buffer
E (23583) opencores.emac: no mem for receive buffer
E (23583) opencores.emac: no mem for receive buffer
E (23583) opencores.emac: no mem for receive buffer
E (23583) opencores.emac: no mem for receive buffer
E (23583) opencores.emac: no mem for receive buffer
E (23583) opencores.emac: no mem for receive buffer
E (23583) opencores.emac: no mem for receive buffer
E (23583) opencores.emac: no mem for receive buffer
E (23583) opencores.emac: no mem for receive buffer
E (23583) opencores.emac: no mem for receive buffer
E (23583) opencores.emac: no mem for receive buffer
E (23583) opencores.emac: no mem for receive buffer
E (23583) opencores.emac: no mem for receive buffer
E (23583) opencores.emac: no mem for receive buffer
E (23583) opencores.emac: no mem for receive buffer
E (23583) opencores.emac: no mem for receive buffer
E (23583) opencores.emac: no mem for receive buffer
E (23583) opencores.emac: no mem for receive buffer
E (23583) opencores.emac: no mem for receive buffer
E (23583) opencores.emac: no mem for receive buffer
E (23583) opencores.emac: no mem for receive buffer
E (23583) opencores.emac: no mem for receive buffer
E (23583) opencores.emac: no mem for receive buffer
E (23583) opencores.emac: no mem for receive buffer
E (23583) opencores.emac: no mem for receive buffer
E (23583) opencores.emac: no mem for receive buffer
E (23583) opencores.emac: no mem for receive buffer
E (23583) opencores.emac: no mem for receive buffer
E (23583) opencores.emac: no mem for receive buffer
E (23583) opencores.emac: no mem for receive buffer
E (23593) opencores.emac: no mem for receive buffer
E (23593) opencores.emac: no mem for receive buffer
E (23593) opencores.emac: no mem for receive buffer
E (23593) opencores.emac: no mem for receive buffer
E (23593) opencores.emac: no mem for receive buffer
E (23593) opencores.emac: no mem for receive buffer
E (23593) opencores.emac: no mem for receive buffer
E (23593) opencores.emac: no mem for receive buffer
E (23593) opencores.emac: no mem for receive buffer
E (23593) opencores.emac: no mem for receive buffer
E (23593) opencores.emac: no mem for receive buffer
E (23593) opencores.emac: no mem for receive buffer
E (23593) opencores.emac: no mem for receive buffer
E (23593) opencores.emac: no mem for receive buffer
E (23593) opencores.emac: no mem for receive buffer
E (23593) opencores.emac: no mem for receive buffer
E (23593) opencores.emac: no mem for receive buffer
E (23593) opencores.emac: no mem for receive buffer
E (23593) opencores.emac: no mem for receive buffer
E (23593) opencores.emac: no mem for receive buffer
E (23593) opencores.emac: no mem for receive buffer
E (23593) opencores.emac: no mem for receive buffer
E (23593) opencores.emac: no mem for receive buffer
E (23593) opencores.emac: no mem for receive buffer
E (23593) opencores.emac: no mem for receive buffer
E (23593) opencores.emac: no mem for receive buffer
E (23593) opencores.emac: no mem for receive buffer
E (23593) opencores.emac: no mem for receive buffer
E (23593) opencores.emac: no mem for receive buffer
E (23593) opencores.emac: no mem for receive buffer
E (23593) opencores.emac: no mem for receive buffer
E (23593) opencores.emac: no mem for receive buffer
E (23593) opencores.emac: no mem for receive buffer
E (23593) opencores.emac: no mem for receive buffer
E (23593) opencores.emac: no mem for receive buffer
E (23593) opencores.emac: no mem for receive buffer
E (23593) opencores.emac: no mem for receive buffer
E (23593) opencores.emac: no mem for receive buffer
E (23593) opencores.emac: no mem for receive buffer
E (23593) opencores.emac: no mem for receive buffer
E (23593) opencores.emac: no mem for receive buffer
E (23593) opencores.emac: no mem for receive buffer
E (23593) opencores.emac: no mem for receive buffer
E (23593) opencores.emac: no mem for receive buffer
E (23593) opencores.emac: no mem for receive buffer
E (23593) opencores.emac: no mem for receive buffer
E (23593) opencores.emac: no mem for receive buffer
E (23593) opencores.emac: no mem for receive buffer
E (23593) opencores.emac: no mem for receive buffer
E (23593) opencores.emac: no mem for receive buffer
E (23593) opencores.emac: no mem for receive buffer
E (23593) opencores.emac: no mem for receive buffer
E (23593) opencores.emac: no mem for receive buffer
E (23593) opencores.emac: no mem for receive buffer
E (23593) opencores.emac: no mem for receive buffer
E (23593) opencores.emac: no mem for receive buffer
E (23593) opencores.emac: no mem for receive buffer
E (23593) opencores.emac: no mem for receive buffer
E (23593) opencores.emac: no mem for receive buffer
E (23593) opencores.emac: no mem for receive buffer
E (23593) opencores.emac: no mem for receive buffer
E (23593) opencores.emac: no mem for receive buffer
E (23593) opencores.emac: no mem for receive buffer
E (23593) opencores.emac: no mem for receive buffer
E (23593) opencores.emac: no mem for receive buffer
E (23593) opencores.emac: no mem for receive buffer
E (23593) opencores.emac: no mem for receive buffer
E (23593) opencores.emac: no mem for receive buffer
E (23593) opencores.emac: no mem for receive buffer
E (23593) opencores.emac: no mem for receive buffer
E (23593) opencores.emac: no mem for receive buffer
E (23593) opencores.emac: no mem for receive buffer
E (23593) opencores.emac: no mem for receive buffer
E (23593) opencores.emac: no mem for receive buffer
E (23593) opencores.emac: no mem for receive buffer
E (23593) opencores.emac: no mem for receive buffer
E (23593) opencores.emac: no mem for receive buffer
E (23593) opencores.emac: no mem for receive buffer
E (23593) opencores.emac: no mem for receive buffer
E (23593) opencores.emac: no mem for receive buffer
E (23593) opencores.emac: no mem for receive buffer
E (23593) opencores.emac: no mem for receive buffer
E (23593) opencores.emac: no mem for receive buffer
E (23593) opencores.emac: no mem for receive buffer
E (23593) opencores.emac: no mem for receive buffer
E (23593) opencores.emac: no mem for receive buffer
E (23593) opencores.emac: no mem for receive buffer
E (23593) opencores.emac: no mem for receive buffer
E (23593) opencores.emac: no mem for receive buffer
E (23593) opencores.emac: no mem for receive buffer
E (23593) opencores.emac: no mem for receive buffer
E (23593) opencores.emac: no mem for receive buffer
E (23593) opencores.emac: no mem for receive buffer
E (23593) opencores.emac: no mem for receive buffer
E (23593) opencores.emac: no mem for receive buffer
E (23593) opencores.emac: no mem for receive buffer
E (23593) opencores.emac: no mem for receive buffer
E (23593) opencores.emac: no mem for receive buffer
E (23593) opencores.emac: no mem for receive buffer
E (23593) opencores.emac: no mem for receive buffer
E (23593) opencores.emac: no mem for receive buffer
E (23593) opencores.emac: no mem for receive buffer
E (23593) opencores.emac: no mem for receive buffer
E (23593) opencores.emac: no mem for receive buffer
E (23593) opencores.emac: no mem for receive buffer
E (23593) opencores.emac: no mem for receive buffer
E (23593) opencores.emac: no mem for receive buffer
E (23593) opencores.emac: no mem for receive buffer
E (23593) opencores.emac: no mem for receive buffer
E (23593) opencores.emac: no mem for receive buffer
E (23593) opencores.emac: no mem for receive buffer
E (23593) opencores.emac: no mem for receive buffer
E (23593) opencores.emac: no mem for receive buffer
E (23593) opencores.emac: no mem for receive buffer
E (23593) opencores.emac: no mem for receive buffer
E (23593) opencores.emac: no mem for receive buffer
E (23593) opencores.emac: no mem for receive buffer
E (23593) opencores.emac: no mem for receive buffer
E (23593) opencores.emac: no mem for receive buffer
E (23593) opencores.emac: no mem for receive buffer
E (23593) opencores.emac: no mem for receive buffer
E (23593) opencores.emac: no mem for receive buffer
E (23593) opencores.emac: no mem for receive buffer
E (23593) opencores.emac: no mem for receive buffer
E (23593) opencores.emac: no mem for receive buffer
E (23593) opencores.emac: no mem for receive buffer
E (23593) opencores.emac: no mem for receive buffer
E (23593) opencores.emac: no mem for receive buffer
E (23593) opencores.emac: no mem for receive buffer
E (23593) opencores.emac: no mem for receive buffer
E (23593) opencores.emac: no mem for receive buffer
E (23593) opencores.emac: no mem for receive buffer
E (23593) opencores.emac: no mem for receive buffer
E (23593) opencores.emac: no mem for receive buffer
E (23593) opencores.emac: no mem for receive buffer
E (23593) opencores.emac: no mem for receive buffer
E (23593) opencores.emac: no mem for receive buffer
E (23593) opencores.emac: no mem for receive buffer
E (23593) opencores.emac: no mem for receive buffer
E (23593) opencores.emac: no mem for receive buffer
E (23593) opencores.emac: no mem for receive buffer
E (23593) opencores.emac: no mem for receive buffer
E (23593) opencores.emac: no mem for receive buffer
E (23593) opencores.emac: no mem for receive buffer
E (23593) opencores.emac: no mem for receive buffer
E (23593) opencores.emac: no mem for receive buffer
E (23593) opencores.emac: no mem for receive buffer
E (23593) opencores.emac: no mem for receive buffer
E (23593) opencores.emac: no mem for receive buffer
E (23593) opencores.emac: no mem for receive buffer
E (23593) opencores.emac: no mem for receive buffer
E (23593) opencores.emac: no mem for receive buffer
E (23593) opencores.emac: no mem for receive buffer
E (23593) opencores.emac: no mem for receive buffer
E (23593) opencores.emac: no mem for receive buffer
E (23603) opencores.emac: no mem for receive buffer
E (23603) opencores.emac: no mem for receive buffer
E (23603) opencores.emac: no mem for receive buffer
E (23603) opencores.emac: no mem for receive buffer
E (23603) opencores.emac: no mem for receive buffer
E (23603) opencores.emac: no mem for receive buffer
E (23603) opencores.emac: no mem for receive buffer
E (23603) opencores.emac: no mem for receive buffer
E (23603) opencores.emac: no mem for receive buffer
E (23603) opencores.emac: no mem for receive buffer
E (23603) opencores.emac: no mem for receive buffer
E (23603) opencores.emac: no mem for receive buffer
E (23603) opencores.emac: no mem for receive buffer
E (23603) opencores.emac: no mem for receive buffer
E (23603) opencores.emac: no mem for receive buffer
E (23603) opencores.emac: no mem for receive buffer
E (23603) opencores.emac: no mem for receive buffer
E (23603) opencores.emac: no mem for receive buffer
E (23603) opencores.emac: no mem for receive buffer
E (23603) opencores.emac: no mem for receive buffer
E (23603) opencores.emac: no mem for receive buffer
E (23603) opencores.emac: no mem for receive buffer
E (23603) opencores.emac: no mem for receive buffer
E (23603) opencores.emac: no mem for receive buffer
E (23603) opencores.emac: no mem for receive buffer
E (23603) opencores.emac: no mem for receive buffer
E (23603) opencores.emac: no mem for receive buffer
E (23603) opencores.emac: no mem for receive buffer
E (23603) opencores.emac: no mem for receive buffer
E (23603) opencores.emac: no mem for receive buffer
E (23603) opencores.emac: no mem for receive buffer
E (23603) opencores.emac: no mem for receive buffer
E (23603) opencores.emac: no mem for receive buffer
E (23603) opencores.emac: no mem for receive buffer
E (23603) opencores.emac: no mem for receive buffer
E (23603) opencores.emac: no mem for receive buffer
E (23603) opencores.emac: no mem for receive buffer
E (23603) opencores.emac: no mem for receive buffer
E (23603) opencores.emac: no mem for receive buffer
E (23603) opencores.emac: no mem for receive buffer
E (23603) opencores.emac: no mem for receive buffer
E (23603) opencores.emac: no mem for receive buffer
E (23603) opencores.emac: no mem for receive buffer
E (23603) opencores.emac: no mem for receive buffer
E (23603) opencores.emac: no mem for receive buffer
E (23603) opencores.emac: no mem for receive buffer
E (23603) opencores.emac: no mem for receive buffer
E (23603) opencores.emac: no mem for receive buffer
E (23603) opencores.emac: no mem for receive buffer
E (23603) opencores.emac: no mem for receive buffer
E (23603) opencores.emac: no mem for receive buffer
E (23603) opencores.emac: no mem for receive buffer
E (23603) opencores.emac: no mem for receive buffer
E (23603) opencores.emac: no mem for receive buffer
E (23603) opencores.emac: no mem for receive buffer
E (23603) opencores.emac: no mem for receive buffer
E (23603) opencores.emac: no mem for receive buffer
E (23603) opencores.emac: no mem for receive buffer
E (23603) opencores.emac: no mem for receive buffer
E (23603) opencores.emac: no mem for receive buffer
E (23603) opencores.emac: no mem for receive buffer
E (23603) opencores.emac: no mem for receive buffer
E (23603) opencores.emac: no mem for receive buffer
E (23603) opencores.emac: no mem for receive buffer
E (23603) opencores.emac: no mem for receive buffer
E (23603) opencores.emac: no mem for receive buffer
E (23603) opencores.emac: no mem for receive buffer
E (23603) opencores.emac: no mem for receive buffer
E (23603) opencores.emac: no mem for receive buffer
E (23603) opencores.emac: no mem for receive buffer
E (23603) opencores.emac: no mem for receive buffer
E (23603) opencores.emac: no mem for receive buffer
E (23603) opencores.emac: no mem for receive buffer
E (23603) opencores.emac: no mem for receive buffer
E (23603) opencores.emac: no mem for receive buffer
E (23603) opencores.emac: no mem for receive buffer
E (23603) opencores.emac: no mem for receive buffer
E (23603) opencores.emac: no mem for receive buffer
E (23603) opencores.emac: no mem for receive buffer
E (23603) opencores.emac: no mem for receive buffer
E (23603) opencores.emac: no mem for receive buffer
E (23603) opencores.emac: no mem for receive buffer
E (23603) opencores.emac: no mem for receive buffer
E (23603) opencores.emac: no mem for receive buffer
E (23603) opencores.emac: no mem for receive buffer
E (23603) opencores.emac: no mem for receive buffer
E (23603) opencores.emac: no mem for receive buffer
E (23603) opencores.emac: no mem for receive buffer
E (23603) opencores.emac: no mem for receive buffer
E (23603) opencores.emac: no mem for receive buffer
E (23603) opencores.emac: no mem for receive buffer
E (23603) opencores.emac: no mem for receive buffer
E (23603) opencores.emac: no mem for receive buffer
E (23603) opencores.emac: no mem for receive buffer
E (23603) opencores.emac: no mem for receive buffer
E (23603) opencores.emac: no mem for receive buffer
E (23603) opencores.emac: no mem for receive buffer
E (23603) opencores.emac: no mem for receive buffer
E (23603) opencores.emac: no mem for receive buffer
E (23603) opencores.emac: no mem for receive buffer
E (23603) opencores.emac: no mem for receive buffer
E (23603) opencores.emac: no mem for receive buffer
E (23603) opencores.emac: no mem for receive buffer
E (23603) opencores.emac: no mem for receive buffer
E (23603) opencores.emac: no mem for receive buffer
E (23603) opencores.emac: no mem for receive buffer
E (23603) opencores.emac: no mem for receive buffer
E (23603) opencores.emac: no mem for receive buffer
E (23603) opencores.emac: no mem for receive buffer
E (23603) opencores.emac: no mem for receive buffer
E (23603) opencores.emac: no mem for receive buffer
E (23603) opencores.emac: no mem for receive buffer
E (23603) opencores.emac: no mem for receive buffer
E (23603) opencores.emac: no mem for receive buffer
E (23603) opencores.emac: no mem for receive buffer
E (23603) opencores.emac: no mem for receive buffer
E (23603) opencores.emac: no mem for receive buffer
E (23603) opencores.emac: no mem for receive buffer
E (23603) opencores.emac: no mem for receive buffer
E (23603) opencores.emac: no mem for receive buffer
E (23603) opencores.emac: no mem for receive buffer
E (23603) opencores.emac: no mem for receive buffer
E (23603) opencores.emac: no mem for receive buffer
E (23603) opencores.emac: no mem for receive buffer
E (23603) opencores.emac: no mem for receive buffer
E (23603) opencores.emac: no mem for receive buffer
E (23603) opencores.emac: no mem for receive buffer
E (23603) opencores.emac: no mem for receive buffer
E (23603) opencores.emac: no mem for receive buffer
E (23603) opencores.emac: no mem for receive buffer
E (23603) opencores.emac: no mem for receive buffer
E (23603) opencores.emac: no mem for receive buffer
E (23603) opencores.emac: no mem for receive buffer
E (23603) opencores.emac: no mem for receive buffer
E (23603) opencores.emac: no mem for receive buffer
E (23603) opencores.emac: no mem for receive buffer
E (23603) opencores.emac: no mem for receive buffer
E (23603) opencores.emac: no mem for receive buffer
E (23603) opencores.emac: no mem for receive buffer
E (23603) opencores.emac: no mem for receive buffer
E (23603) opencores.emac: no mem for receive buffer
E (23603) opencores.emac: no mem for receive buffer
E (23603) opencores.emac: no mem for receive buffer
E (23603) opencores.emac: no mem for receive buffer
E (23603) opencores.emac: no mem for receive buffer
E (23603) opencores.emac: no mem for receive buffer
E (23603) opencores.emac: no mem for receive buffer
E (23603) opencores.emac: no mem for receive buffer
E (23603) opencores.emac: no mem for receive buffer
E (23603) opencores.emac: no mem for receive buffer
E (23603) opencores.emac: no mem for receive buffer
E (23603) opencores.emac: no mem for receive buffer
E (23603) opencores.emac: no mem for receive buffer
E (23603) opencores.emac: no mem for receive buffer
E (23603) opencores.emac: no mem for receive buffer
E (23603) opencores.emac: no mem for receive buffer
E (23613) opencores.emac: no mem for receive buffer
E (23613) opencores.emac: no mem for receive buffer
E (23613) opencores.emac: no mem for receive buffer
E (23613) opencores.emac: no mem for receive buffer
E (23613) opencores.emac: no mem for receive buffer
E (23613) opencores.emac: no mem for receive buffer
E (23613) opencores.emac: no mem for receive buffer
E (23613) opencores.emac: no mem for receive buffer
E (23613) opencores.emac: no mem for receive buffer
E (23613) opencores.emac: no mem for receive buffer
E (23613) opencores.emac: no mem for receive buffer
E (23613) opencores.emac: no mem for receive buffer
E (23613) opencores.emac: no mem for receive buffer
E (23613) opencores.emac: no mem for receive buffer
E (23613) opencores.emac: no mem for receive buffer
E (23613) opencores.emac: no mem for receive buffer
E (23613) opencores.emac: no mem for receive buffer
E (23613) opencores.emac: no mem for receive buffer
E (23613) opencores.emac: no mem for receive buffer
E (23613) opencores.emac: no mem for receive buffer
E (23613) opencores.emac: no mem for receive buffer
E (23613) opencores.emac: no mem for receive buffer
E (23613) opencores.emac: no mem for receive buffer
E (23613) opencores.emac: no mem for receive buffer
E (23613) opencores.emac: no mem for receive buffer
E (23613) opencores.emac: no mem for receive buffer
E (23613) opencores.emac: no mem for receive buffer
E (23613) opencores.emac: no mem for receive buffer
E (23613) opencores.emac: no mem for receive buffer
E (23613) opencores.emac: no mem for receive buffer
E (23613) opencores.emac: no mem for receive buffer
E (23613) opencores.emac: no mem for receive buffer
E (23613) opencores.emac: no mem for receive buffer
E (23613) opencores.emac: no mem for receive buffer
E (23613) opencores.emac: no mem for receive buffer
E (23613) opencores.emac: no mem for receive buffer
E (23613) opencores.emac: no mem for receive buffer
E (23613) opencores.emac: no mem for receive buffer
E (23613) opencores.emac: no mem for receive buffer
E (23613) opencores.emac: no mem for receive buffer
E (23613) opencores.emac: no mem for receive buffer
E (23613) opencores.emac: no mem for receive buffer
E (23613) opencores.emac: no mem for receive buffer
E (23613) opencores.emac: no mem for receive buffer
E (23613) opencores.emac: no mem for receive buffer
E (23613) opencores.emac: no mem for receive buffer
E (23613) opencores.emac: no mem for receive buffer
E (23613) opencores.emac: no mem for receive buffer
E (23613) opencores.emac: no mem for receive buffer
E (23613) opencores.emac: no mem for receive buffer
E (23613) opencores.emac: no mem for receive buffer
E (23613) opencores.emac: no mem for receive buffer
E (23613) opencores.emac: no mem for receive buffer
E (23613) opencores.emac: no mem for receive buffer
E (23613) opencores.emac: no mem for receive buffer
E (23613) opencores.emac: no mem for receive buffer
E (23613) opencores.emac: no mem for receive buffer
E (23613) opencores.emac: no mem for receive buffer
E (23613) opencores.emac: no mem for receive buffer
E (23613) opencores.emac: no mem for receive buffer
E (23613) opencores.emac: no mem for receive buffer
E (23613) opencores.emac: no mem for receive buffer
E (23613) opencores.emac: no mem for receive buffer
E (23613) opencores.emac: no mem for receive buffer
E (23613) opencores.emac: no mem for receive buffer
E (23613) opencores.emac: no mem for receive buffer
E (23613) opencores.emac: no mem for receive buffer
E (23613) opencores.emac: no mem for receive buffer
E (23613) opencores.emac: no mem for receive buffer
E (23613) opencores.emac: no mem for receive buffer
E (23613) opencores.emac: no mem for receive buffer
E (23613) opencores.emac: no mem for receive buffer
E (23613) opencores.emac: no mem for receive buffer
E (23613) opencores.emac: no mem for receive buffer
E (23613) opencores.emac: no mem for receive buffer
E (23613) opencores.emac: no mem for receive buffer
E (23613) opencores.emac: no mem for receive buffer
E (23613) opencores.emac: no mem for receive buffer
E (23613) opencores.emac: no mem for receive buffer
E (23613) opencores.emac: no mem for receive buffer
E (23613) opencores.emac: no mem for receive buffer
E (23613) opencores.emac: no mem for receive buffer
E (23613) opencores.emac: no mem for receive buffer
E (23613) opencores.emac: no mem for receive buffer
E (23613) opencores.emac: no mem for receive buffer
E (23613) opencores.emac: no mem for receive buffer
E (23613) opencores.emac: no mem for receive buffer
E (23613) opencores.emac: no mem for receive buffer
E (23613) opencores.emac: no mem for receive buffer
E (23613) opencores.emac: no mem for receive buffer
E (23613) opencores.emac: no mem for receive buffer
E (23613) opencores.emac: no mem for receive buffer
E (23613) opencores.emac: no mem for receive buffer
E (23613) opencores.emac: no mem for receive buffer
E (23613) opencores.emac: no mem for receive buffer
E (23613) opencores.emac: no mem for receive buffer
E (23613) opencores.emac: no mem for receive buffer
E (23613) opencores.emac: no mem for receive buffer
E (23613) opencores.emac: no mem for receive buffer
E (23613) opencores.emac: no mem for receive buffer
E (23613) opencores.emac: no mem for receive buffer
E (23613) opencores.emac: no mem for receive buffer
E (23613) opencores.emac: no mem for receive buffer
E (23613) opencores.emac: no mem for receive buffer
E (23613) opencores.emac: no mem for receive buffer
E (23613) opencores.emac: no mem for receive buffer
E (23613) opencores.emac: no mem for receive buffer
E (23613) opencores.emac: no mem for receive buffer
E (23613) opencores.emac: no mem for receive buffer
E (23613) opencores.emac: no mem for receive buffer
E (23613) opencores.emac: no mem for receive buffer
E (23613) opencores.emac: no mem for receive buffer
E (23613) opencores.emac: no mem for receive buffer
E (23613) opencores.emac: no mem for receive buffer
E (23613) opencores.emac: no mem for receive buffer
E (23613) opencores.emac: no mem for receive buffer
E (23613) opencores.emac: no mem for receive buffer
E (23613) opencores.emac: no mem for receive buffer
E (23613) opencores.emac: no mem for receive buffer
E (23613) opencores.emac: no mem for receive buffer
E (23613) opencores.emac: no mem for receive buffer
E (23613) opencores.emac: no mem for receive buffer
E (23613) opencores.emac: no mem for receive buffer
E (23613) opencores.emac: no mem for receive buffer
E (23613) opencores.emac: no mem for receive buffer
E (23613) opencores.emac: no mem for receive buffer
E (23613) opencores.emac: no mem for receive buffer
E (23613) opencores.emac: no mem for receive buffer
E (23613) opencores.emac: no mem for receive buffer
E (23613) opencores.emac: no mem for receive buffer
E (23613) opencores.emac: no mem for receive buffer
E (23613) opencores.emac: no mem for receive buffer
E (23613) opencores.emac: no mem for receive buffer
E (23613) opencores.emac: no mem for receive buffer
E (23613) opencores.emac: no mem for receive buffer
E (23613) opencores.emac: no mem for receive buffer
E (23613) opencores.emac: no mem for receive buffer
E (23613) opencores.emac: no mem for receive buffer
E (23613) opencores.emac: no mem for receive buffer
E (23613) opencores.emac: no mem for receive buffer
E (23613) opencores.emac: no mem for receive buffer
E (23613) opencores.emac: no mem for receive buffer
E (23613) opencores.emac: no mem for receive buffer
E (23613) opencores.emac: no mem for receive buffer
E (23613) opencores.emac: no mem for receive buffer
E (23613) opencores.emac: no mem for receive buffer
E (23613) opencores.emac: no mem for receive buffer
E (23613) opencores.emac: no mem for receive buffer
E (23623) opencores.emac: no mem for receive buffer
E (23623) opencores.emac: no mem for receive buffer
E (23623) opencores.emac: no mem for receive buffer
E (23623) opencores.emac: no mem for receive buffer
E (23623) opencores.emac: no mem for receive buffer
E (23623) opencores.emac: no mem for receive buffer
E (23623) opencores.emac: no mem for receive buffer
E (23623) opencores.emac: no mem for receive buffer
E (23623) opencores.emac: no mem for receive buffer
E (23623) opencores.emac: no mem for receive buffer
E (23623) opencores.emac: no mem for receive buffer
E (23623) opencores.emac: no mem for receive buffer
E (23623) opencores.emac: no mem for receive buffer
E (23623) opencores.emac: no mem for receive buffer
E (23623) opencores.emac: no mem for receive buffer
E (23623) opencores.emac: no mem for receive buffer
E (23623) opencores.emac: no mem for receive buffer
E (23623) opencores.emac: no mem for receive buffer
E (23623) opencores.emac: no mem for receive buffer
E (23623) opencores.emac: no mem for receive buffer
E (23623) opencores.emac: no mem for receive buffer
E (23623) opencores.emac: no mem for receive buffer
E (23623) opencores.emac: no mem for receive buffer
E (23623) opencores.emac: no mem for receive buffer
E (23623) opencores.emac: no mem for receive buffer
E (23623) opencores.emac: no mem for receive buffer
E (23623) opencores.emac: no mem for receive buffer
E (23623) opencores.emac: no mem for receive buffer
E (23623) opencores.emac: no mem for receive buffer
E (23623) opencores.emac: no mem for receive buffer
E (23623) opencores.emac: no mem for receive buffer
E (23623) opencores.emac: no mem for receive buffer
E (23623) opencores.emac: no mem for receive buffer
E (23623) opencores.emac: no mem for receive buffer
E (23623) opencores.emac: no mem for receive buffer
E (23623) opencores.emac: no mem for receive buffer
E (23623) opencores.emac: no mem for receive buffer
E (23623) opencores.emac: no mem for receive buffer
E (23623) opencores.emac: no mem for receive buffer
E (23623) opencores.emac: no mem for receive buffer
E (23623) opencores.emac: no mem for receive buffer
E (23623) opencores.emac: no mem for receive buffer
E (23623) opencores.emac: no mem for receive buffer
E (23623) opencores.emac: no mem for receive buffer
E (23623) opencores.emac: no mem for receive buffer
E (23623) opencores.emac: no mem for receive buffer
E (23623) opencores.emac: no mem for receive buffer
E (23623) opencores.emac: no mem for receive buffer
E (23623) opencores.emac: no mem for receive buffer
E (23623) opencores.emac: no mem for receive buffer
E (23623) opencores.emac: no mem for receive buffer
E (23623) opencores.emac: no mem for receive buffer
E (23623) opencores.emac: no mem for receive buffer
E (23623) opencores.emac: no mem for receive buffer
E (23623) opencores.emac: no mem for receive buffer
E (23623) opencores.emac: no mem for receive buffer
E (23623) opencores.emac: no mem for receive buffer
E (23623) opencores.emac: no mem for receive buffer
E (23623) opencores.emac: no mem for receive buffer
E (23623) opencores.emac: no mem for receive buffer
E (23623) opencores.emac: no mem for receive buffer
E (23623) opencores.emac: no mem for receive buffer
E (23623) opencores.emac: no mem for receive buffer
E (23623) opencores.emac: no mem for receive buffer
E (23623) opencores.emac: no mem for receive buffer
E (23623) opencores.emac: no mem for receive buffer
E (23623) opencores.emac: no mem for receive buffer
E (23623) opencores.emac: no mem for receive buffer
E (23623) opencores.emac: no mem for receive buffer
E (23623) opencores.emac: no mem for receive buffer
E (23623) opencores.emac: no mem for receive buffer
E (23623) opencores.emac: no mem for receive buffer
E (23623) opencores.emac: no mem for receive buffer
E (23623) opencores.emac: no mem for receive buffer
E (23623) opencores.emac: no mem for receive buffer
E (23623) opencores.emac: no mem for receive buffer
E (23623) opencores.emac: no mem for receive buffer
E (23623) opencores.emac: no mem for receive buffer
E (23623) opencores.emac: no mem for receive buffer
E (23623) opencores.emac: no mem for receive buffer
E (23623) opencores.emac: no mem for receive buffer
E (23623) opencores.emac: no mem for receive buffer
E (23623) opencores.emac: no mem for receive buffer
E (23623) opencores.emac: no mem for receive buffer
E (23623) opencores.emac: no mem for receive buffer
E (23623) opencores.emac: no mem for receive buffer
E (23623) opencores.emac: no mem for receive buffer
E (23623) opencores.emac: no mem for receive buffer
E (23623) opencores.emac: no mem for receive buffer
E (23623) opencores.emac: no mem for receive buffer
E (23623) opencores.emac: no mem for receive buffer
E (23623) opencores.emac: no mem for receive buffer
E (23623) opencores.emac: no mem for receive buffer
E (23623) opencores.emac: no mem for receive buffer
E (23623) opencores.emac: no mem for receive buffer
E (23623) opencores.emac: no mem for receive buffer
E (23623) opencores.emac: no mem for receive buffer
E (23623) opencores.emac: no mem for receive buffer
E (23623) opencores.emac: no mem for receive buffer
E (23623) opencores.emac: no mem for receive buffer
E (23623) opencores.emac: no mem for receive buffer
E (23623) opencores.emac: no mem for receive buffer
E (23623) opencores.emac: no mem for receive buffer
E (23623) opencores.emac: no mem for receive buffer
E (23623) opencores.emac: no mem for receive buffer
E (23623) opencores.emac: no mem for receive buffer
E (23623) opencores.emac: no mem for receive buffer
E (23623) opencores.emac: no mem for receive buffer
E (23623) opencores.emac: no mem for receive buffer
E (23623) opencores.emac: no mem for receive buffer
E (23623) opencores.emac: no mem for receive buffer
E (23623) opencores.emac: no mem for receive buffer
E (23623) opencores.emac: no mem for receive buffer
E (23623) opencores.emac: no mem for receive buffer
E (23623) opencores.emac: no mem for receive buffer
E (23623) opencores.emac: no mem for receive buffer
E (23623) opencores.emac: no mem for receive buffer
E (23623) opencores.emac: no mem for receive buffer
E (23623) opencores.emac: no mem for receive buffer
E (23623) opencores.emac: no mem for receive buffer
E (23623) opencores.emac: no mem for receive buffer
E (23623) opencores.emac: no mem for receive buffer
E (23623) opencores.emac: no mem for receive buffer
E (23623) opencores.emac: no mem for receive buffer
E (23623) opencores.emac: no mem for receive buffer
E (23623) opencores.emac: no mem for receive buffer
E (23623) opencores.emac: no mem for receive buffer
E (23623) opencores.emac: no mem for receive buffer
E (23623) opencores.emac: no mem for receive buffer
E (23623) opencores.emac: no mem for receive buffer
E (23623) opencores.emac: no mem for receive buffer
E (23623) opencores.emac: no mem for receive buffer
E (23623) opencores.emac: no mem for receive buffer
E (23623) opencores.emac: no mem for receive buffer
E (23623) opencores.emac: no mem for receive buffer
E (23623) opencores.emac: no mem for receive buffer
E (23623) opencores.emac: no mem for receive buffer
E (23623) opencores.emac: no mem for receive buffer
E (23623) opencores.emac: no mem for receive buffer
E (23623) opencores.emac: no mem for receive buffer
E (23623) opencores.emac: no mem for receive buffer
E (23623) opencores.emac: no mem for receive buffer
E (23623) opencores.emac: no mem for receive buffer
E (23623) opencores.emac: no mem for receive buffer
E (23623) opencores.emac: no mem for receive buffer
E (23623) opencores.emac: no mem for receive buffer
E (23623) opencores.emac: no mem for receive buffer
E (23623) opencores.emac: no mem for receive buffer
E (23623) opencores.emac: no mem for receive buffer
E (23623) opencores.emac: no mem for receive buffer
E (23623) opencores.emac: no mem for receive buffer
E (23623) opencores.emac: no mem for receive buffer
E (23623) opencores.emac: no mem for receive buffer
E (23633) opencores.emac: no mem for receive buffer
E (23633) opencores.emac: no mem for receive buffer
E (23633) opencores.emac: no mem for receive buffer
E (23633) opencores.emac: no mem for receive buffer
E (23633) opencores.emac: no mem for receive buffer
E (23633) opencores.emac: no mem for receive buffer
E (23633) opencores.emac: no mem for receive buffer
E (23633) opencores.emac: no mem for receive buffer
E (23633) opencores.emac: no mem for receive buffer
E (23633) opencores.emac: no mem for receive buffer
E (23633) opencores.emac: no mem for receive buffer
E (23633) opencores.emac: no mem for receive buffer
E (23633) opencores.emac: no mem for receive buffer
E (23633) opencores.emac: no mem for receive buffer
E (23633) opencores.emac: no mem for receive buffer
E (23633) opencores.emac: no mem for receive buffer
E (23633) opencores.emac: no mem for receive buffer
E (23633) opencores.emac: no mem for receive buffer
E (23633) opencores.emac: no mem for receive buffer
E (23633) opencores.emac: no mem for receive buffer
E (23633) opencores.emac: no mem for receive buffer
E (23633) opencores.emac: no mem for receive buffer
E (23633) opencores.emac: no mem for receive buffer
E (23633) opencores.emac: no mem for receive buffer
E (23633) opencores.emac: no mem for receive buffer
E (23633) opencores.emac: no mem for receive buffer
E (23633) opencores.emac: no mem for receive buffer
E (23633) opencores.emac: no mem for receive buffer
E (23633) opencores.emac: no mem for receive buffer
E (23633) opencores.emac: no mem for receive buffer
E (23633) opencores.emac: no mem for receive buffer
E (23633) opencores.emac: no mem for receive buffer
E (23633) opencores.emac: no mem for receive buffer
E (23633) opencores.emac: no mem for receive buffer
E (23633) opencores.emac: no mem for receive buffer
E (23633) opencores.emac: no mem for receive buffer
E (23633) opencores.emac: no mem for receive buffer
E (23633) opencores.emac: no mem for receive buffer
E (23633) opencores.emac: no mem for receive buffer
E (23633) opencores.emac: no mem for receive buffer
E (23633) opencores.emac: no mem for receive buffer
E (23633) opencores.emac: no mem for receive buffer
E (23633) opencores.emac: no mem for receive buffer
E (23633) opencores.emac: no mem for receive buffer
E (23633) opencores.emac: no mem for receive buffer
E (23633) opencores.emac: no mem for receive buffer
E (23633) opencores.emac: no mem for receive buffer
E (23633) opencores.emac: no mem for receive buffer
E (23633) opencores.emac: no mem for receive buffer
E (23633) opencores.emac: no mem for receive buffer
E (23633) opencores.emac: no mem for receive buffer
E (23633) opencores.emac: no mem for receive buffer
E (23633) opencores.emac: no mem for receive buffer
E (23633) opencores.emac: no mem for receive buffer
E (23633) opencores.emac: no mem for receive buffer
E (23633) opencores.emac: no mem for receive buffer
E (23633) opencores.emac: no mem for receive buffer
E (23633) opencores.emac: no mem for receive buffer
E (23633) opencores.emac: no mem for receive buffer
E (23633) opencores.emac: no mem for receive buffer
E (23633) opencores.emac: no mem for receive buffer
E (23633) opencores.emac: no mem for receive buffer
E (23633) opencores.emac: no mem for receive buffer
E (23633) opencores.emac: no mem for receive buffer
E (23633) opencores.emac: no mem for receive buffer
E (23633) opencores.emac: no mem for receive buffer
E (23633) opencores.emac: no mem for receive buffer
E (23633) opencores.emac: no mem for receive buffer
E (23633) opencores.emac: no mem for receive buffer
E (23633) opencores.emac: no mem for receive buffer
E (23633) opencores.emac: no mem for receive buffer
E (23633) opencores.emac: no mem for receive buffer
E (23633) opencores.emac: no mem for receive buffer
E (23633) opencores.emac: no mem for receive buffer
E (23633) opencores.emac: no mem for receive buffer
E (23633) opencores.emac: no mem for receive buffer
E (23633) opencores.emac: no mem for receive buffer
E (23633) opencores.emac: no mem for receive buffer
E (23633) opencores.emac: no mem for receive buffer
E (23633) opencores.emac: no mem for receive buffer
E (23633) opencores.emac: no mem for receive buffer
E (23633) opencores.emac: no mem for receive buffer
E (23633) opencores.emac: no mem for receive buffer
E (23633) opencores.emac: no mem for receive buffer
E (23633) opencores.emac: no mem for receive buffer
E (23633) opencores.emac: no mem for receive buffer
E (23633) opencores.emac: no mem for receive buffer
E (23633) opencores.emac: no mem for receive buffer
E (23633) opencores.emac: no mem for receive buffer
E (23633) opencores.emac: no mem for receive buffer
E (23633) opencores.emac: no mem for receive buffer
E (23633) opencores.emac: no mem for receive buffer
E (23633) opencores.emac: no mem for receive buffer
E (23633) opencores.emac: no mem for receive buffer
E (23633) opencores.emac: no mem for receive buffer
E (23633) opencores.emac: no mem for receive buffer
E (23633) opencores.emac: no mem for receive buffer
E (23633) opencores.emac: no mem for receive buffer
E (23633) opencores.emac: no mem for receive buffer
E (23633) opencores.emac: no mem for receive buffer
E (23633) opencores.emac: no mem for receive buffer
E (23633) opencores.emac: no mem for receive buffer
E (23633) opencores.emac: no mem for receive buffer
E (23633) opencores.emac: no mem for receive buffer
E (23633) opencores.emac: no mem for receive buffer
E (23633) opencores.emac: no mem for receive buffer
E (23633) opencores.emac: no mem for receive buffer
E (23633) opencores.emac: no mem for receive buffer
E (23633) opencores.emac: no mem for receive buffer
E (23633) opencores.emac: no mem for receive buffer
E (23633) opencores.emac: no mem for receive buffer
E (23633) opencores.emac: no mem for receive buffer
E (23633) opencores.emac: no mem for receive buffer
E (23633) opencores.emac: no mem for receive buffer
E (23633) opencores.emac: no mem for receive buffer
E (23633) opencores.emac: no mem for receive buffer
E (23633) opencores.emac: no mem for receive buffer
E (23633) opencores.emac: no mem for receive buffer
E (23633) opencores.emac: no mem for receive buffer
E (23633) opencores.emac: no mem for receive buffer
E (23633) opencores.emac: no mem for receive buffer
E (23633) opencores.emac: no mem for receive buffer
E (23633) opencores.emac: no mem for receive buffer
E (23633) opencores.emac: no mem for receive buffer
E (23633) opencores.emac: no mem for receive buffer
E (23633) opencores.emac: no mem for receive buffer
E (23633) opencores.emac: no mem for receive buffer
E (23633) opencores.emac: no mem for receive buffer
E (23633) opencores.emac: no mem for receive buffer
E (23633) opencores.emac: no mem for receive buffer
E (23633) opencores.emac: no mem for receive buffer
E (23633) opencores.emac: no mem for receive buffer
E (23633) opencores.emac: no mem for receive buffer
E (23633) opencores.emac: no mem for receive buffer
E (23633) opencores.emac: no mem for receive buffer
E (23633) opencores.emac: no mem for receive buffer
E (23633) opencores.emac: no mem for receive buffer
E (23633) opencores.emac: no mem for receive buffer
E (23633) opencores.emac: no mem for receive buffer
E (23633) opencores.emac: no mem for receive buffer
E (23633) opencores.emac: no mem for receive buffer
E (23633) opencores.emac: no mem for receive buffer
E (23633) opencores.emac: no mem for receive buffer
E (23633) opencores.emac: no mem for receive buffer
E (23633) opencores.emac: no mem for receive buffer
E (23633) opencores.emac: no mem for receive buffer
E (23633) opencores.emac: no mem for receive buffer
E (23633) opencores.emac: no mem for receive buffer
E (23633) opencores.emac: no mem for receive buffer
E (23633) opencores.emac: no mem for receive buffer
E (23643) opencores.emac: no mem for receive buffer
E (23643) opencores.emac: no mem for receive buffer
E (23643) opencores.emac: no mem for receive buffer
E (23643) opencores.emac: no mem for receive buffer
E (23643) opencores.emac: no mem for receive buffer
E (23643) opencores.emac: no mem for receive buffer
E (23643) opencores.emac: no mem for receive buffer
E (23643) opencores.emac: no mem for receive buffer
E (23643) opencores.emac: no mem for receive buffer
E (23643) opencores.emac: no mem for receive buffer
E (23643) opencores.emac: no mem for receive buffer
E (23643) opencores.emac: no mem for receive buffer
E (23643) opencores.emac: no mem for receive buffer
E (23643) opencores.emac: no mem for receive buffer
E (23643) opencores.emac: no mem for receive buffer
E (23643) opencores.emac: no mem for receive buffer
E (23643) opencores.emac: no mem for receive buffer
E (23643) opencores.emac: no mem for receive buffer
E (23643) opencores.emac: no mem for receive buffer
E (23643) opencores.emac: no mem for receive buffer
E (23643) opencores.emac: no mem for receive buffer
E (23643) opencores.emac: no mem for receive buffer
E (23643) opencores.emac: no mem for receive buffer
E (23643) opencores.emac: no mem for receive buffer
E (23643) opencores.emac: no mem for receive buffer
E (23643) opencores.emac: no mem for receive buffer
E (23643) opencores.emac: no mem for receive buffer
E (23643) opencores.emac: no mem for receive buffer
E (23643) opencores.emac: no mem for receive buffer
E (23643) opencores.emac: no mem for receive buffer
E (23643) opencores.emac: no mem for receive buffer
E (23643) opencores.emac: no mem for receive buffer
E (23643) opencores.emac: no mem for receive buffer
E (23643) opencores.emac: no mem for receive buffer
E (23643) opencores.emac: no mem for receive buffer
E (23643) opencores.emac: no mem for receive buffer
E (23643) opencores.emac: no mem for receive buffer
E (23643) opencores.emac: no mem for receive buffer
E (23643) opencores.emac: no mem for receive buffer
E (23643) opencores.emac: no mem for receive buffer
E (23643) opencores.emac: no mem for receive buffer
E (23643) opencores.emac: no mem for receive buffer
E (23643) opencores.emac: no mem for receive buffer
E (23643) opencores.emac: no mem for receive buffer
E (23643) opencores.emac: no mem for receive buffer
E (23643) opencores.emac: no mem for receive buffer
E (23643) opencores.emac: no mem for receive buffer
E (23643) opencores.emac: no mem for receive buffer
E (23643) opencores.emac: no mem for receive buffer
E (23643) opencores.emac: no mem for receive buffer
E (23643) opencores.emac: no mem for receive buffer
E (23643) opencores.emac: no mem for receive buffer
E (23643) opencores.emac: no mem for receive buffer
E (23643) opencores.emac: no mem for receive buffer
E (23643) opencores.emac: no mem for receive buffer
E (23643) opencores.emac: no mem for receive buffer
E (23643) opencores.emac: no mem for receive buffer
E (23643) opencores.emac: no mem for receive buffer
E (23643) opencores.emac: no mem for receive buffer
E (23643) opencores.emac: no mem for receive buffer
E (23643) opencores.emac: no mem for receive buffer
E (23643) opencores.emac: no mem for receive buffer
E (23643) opencores.emac: no mem for receive buffer
E (23643) opencores.emac: no mem for receive buffer
E (23643) opencores.emac: no mem for receive buffer
E (23643) opencores.emac: no mem for receive buffer
E (23643) opencores.emac: no mem for receive buffer
E (23643) opencores.emac: no mem for receive buffer
E (23643) opencores.emac: no mem for receive buffer
E (23643) opencores.emac: no mem for receive buffer
E (23643) opencores.emac: no mem for receive buffer
E (23643) opencores.emac: no mem for receive buffer
E (23643) opencores.emac: no mem for receive buffer
E (23643) opencores.emac: no mem for receive buffer
E (23643) opencores.emac: no mem for receive buffer
E (23643) opencores.emac: no mem for receive buffer
E (23643) opencores.emac: no mem for receive buffer
E (23643) opencores.emac: no mem for receive buffer
E (23643) opencores.emac: no mem for receive buffer
E (23643) opencores.emac: no mem for receive buffer
E (23643) opencores.emac: no mem for receive buffer
E (23643) opencores.emac: no mem for receive buffer
E (23643) opencores.emac: no mem for receive buffer
E (23643) opencores.emac: no mem for receive buffer
E (23643) opencores.emac: no mem for receive buffer
E (23643) opencores.emac: no mem for receive buffer
E (23643) opencores.emac: no mem for receive buffer
E (23643) opencores.emac: no mem for receive buffer
E (23643) opencores.emac: no mem for receive buffer
E (23643) opencores.emac: no mem for receive buffer
E (23643) opencores.emac: no mem for receive buffer
E (23643) opencores.emac: no mem for receive buffer
E (23643) opencores.emac: no mem for receive buffer
E (23643) opencores.emac: no mem for receive buffer
E (23643) opencores.emac: no mem for receive buffer
E (23643) opencores.emac: no mem for receive buffer
E (23643) opencores.emac: no mem for receive buffer
E (23643) opencores.emac: no mem for receive buffer
E (23643) opencores.emac: no mem for receive buffer
E (23643) opencores.emac: no mem for receive buffer
E (23643) opencores.emac: no mem for receive buffer
E (23643) opencores.emac: no mem for receive buffer
E (23643) opencores.emac: no mem for receive buffer
E (23643) opencores.emac: no mem for receive buffer
E (23643) opencores.emac: no mem for receive buffer
E (23643) opencores.emac: no mem for receive buffer
E (23643) opencores.emac: no mem for receive buffer
E (23643) opencores.emac: no mem for receive buffer
E (23643) opencores.emac: no mem for receive buffer
E (23643) opencores.emac: no mem for receive buffer
E (23643) opencores.emac: no mem for receive buffer
E (23643) opencores.emac: no mem for receive buffer
E (23643) opencores.emac: no mem for receive buffer
E (23643) opencores.emac: no mem for receive buffer
E (23643) opencores.emac: no mem for receive buffer
E (23643) opencores.emac: no mem for receive buffer
E (23643) opencores.emac: no mem for receive buffer
E (23643) opencores.emac: no mem for receive buffer
E (23643) opencores.emac: no mem for receive buffer
E (23643) opencores.emac: no mem for receive buffer
E (23643) opencores.emac: no mem for receive buffer
E (23643) opencores.emac: no mem for receive buffer
E (23643) opencores.emac: no mem for receive buffer
E (23643) opencores.emac: no mem for receive buffer
E (23643) opencores.emac: no mem for receive buffer
E (23643) opencores.emac: no mem for receive buffer
E (23643) opencores.emac: no mem for receive buffer
E (23643) opencores.emac: no mem for receive buffer
E (23643) opencores.emac: no mem for receive buffer
E (23643) opencores.emac: no mem for receive buffer
E (23643) opencores.emac: no mem for receive buffer
E (23643) opencores.emac: no mem for receive buffer
E (23643) opencores.emac: no mem for receive buffer
E (23643) opencores.emac: no mem for receive buffer
E (23643) opencores.emac: no mem for receive buffer
E (23643) opencores.emac: no mem for receive buffer
E (23643) opencores.emac: no mem for receive buffer
E (23643) opencores.emac: no mem for receive buffer
E (23643) opencores.emac: no mem for receive buffer
E (23643) opencores.emac: no mem for receive buffer
E (23643) opencores.emac: no mem for receive buffer
E (23643) opencores.emac: no mem for receive buffer
E (23643) opencores.emac: no mem for receive buffer
E (23643) opencores.emac: no mem for receive buffer
E (23643) opencores.emac: no mem for receive buffer
E (23643) opencores.emac: no mem for receive buffer
E (23643) opencores.emac: no mem for receive buffer
E (23643) opencores.emac: no mem for receive buffer
E (23643) opencores.emac: no mem for receive buffer
E (23643) opencores.emac: no mem for receive buffer
E (23643) opencores.emac: no mem for receive buffer
E (23643) opencores.emac: no mem for receive buffer
E (23653) opencores.emac: no mem for receive buffer
E (23653) opencores.emac: no mem for receive buffer
E (23653) opencores.emac: no mem for receive buffer
E (23653) opencores.emac: no mem for receive buffer
E (23653) opencores.emac: no mem for receive buffer
E (23653) opencores.emac: no mem for receive buffer
E (23653) opencores.emac: no mem for receive buffer
E (23653) opencores.emac: no mem for receive buffer
E (23653) opencores.emac: no mem for receive buffer
E (23653) opencores.emac: no mem for receive buffer
E (23653) opencores.emac: no mem for receive buffer
E (23653) opencores.emac: no mem for receive buffer
E (23653) opencores.emac: no mem for receive buffer
E (23653) opencores.emac: no mem for receive buffer
E (23653) opencores.emac: no mem for receive buffer
E (23653) opencores.emac: no mem for receive buffer
E (23653) opencores.emac: no mem for receive buffer
E (23653) opencores.emac: no mem for receive buffer
E (23653) opencores.emac: no mem for receive buffer
E (23653) opencores.emac: no mem for receive buffer
E (23653) opencores.emac: no mem for receive buffer
E (23653) opencores.emac: no mem for receive buffer
E (23653) opencores.emac: no mem for receive buffer
E (23653) opencores.emac: no mem for receive buffer
E (23653) opencores.emac: no mem for receive buffer
E (23653) opencores.emac: no mem for receive buffer
E (23653) opencores.emac: no mem for receive buffer
E (23653) opencores.emac: no mem for receive buffer
E (23653) opencores.emac: no mem for receive buffer
E (23653) opencores.emac: no mem for receive buffer
E (23653) opencores.emac: no mem for receive buffer
E (23653) opencores.emac: no mem for receive buffer
E (23653) opencores.emac: no mem for receive buffer
E (23653) opencores.emac: no mem for receive buffer
E (23653) opencores.emac: no mem for receive buffer
E (23653) opencores.emac: no mem for receive buffer
E (23653) opencores.emac: no mem for receive buffer
E (23653) opencores.emac: no mem for receive buffer
E (23653) opencores.emac: no mem for receive buffer
E (23653) opencores.emac: no mem for receive buffer
E (23653) opencores.emac: no mem for receive buffer
E (23653) opencores.emac: no mem for receive buffer
E (23653) opencores.emac: no mem for receive buffer
E (23653) opencores.emac: no mem for receive buffer
E (23653) opencores.emac: no mem for receive buffer
E (23653) opencores.emac: no mem for receive buffer
E (23653) opencores.emac: no mem for receive buffer
E (23653) opencores.emac: no mem for receive buffer
E (23653) opencores.emac: no mem for receive buffer
E (23653) opencores.emac: no mem for receive buffer
E (23653) opencores.emac: no mem for receive buffer
E (23653) opencores.emac: no mem for receive buffer
E (23653) opencores.emac: no mem for receive buffer
E (23653) opencores.emac: no mem for receive buffer
E (23653) opencores.emac: no mem for receive buffer
E (23653) opencores.emac: no mem for receive buffer
E (23653) opencores.emac: no mem for receive buffer
E (23653) opencores.emac: no mem for receive buffer
E (23653) opencores.emac: no mem for receive buffer
E (23653) opencores.emac: no mem for receive buffer
E (23653) opencores.emac: no mem for receive buffer
E (23653) opencores.emac: no mem for receive buffer
E (23653) opencores.emac: no mem for receive buffer
E (23653) opencores.emac: no mem for receive buffer
E (23653) opencores.emac: no mem for receive buffer
E (23653) opencores.emac: no mem for receive buffer
E (23653) opencores.emac: no mem for receive buffer
E (23653) opencores.emac: no mem for receive buffer
E (23653) opencores.emac: no mem for receive buffer
E (23653) opencores.emac: no mem for receive buffer
E (23653) opencores.emac: no mem for receive buffer
E (23653) opencores.emac: no mem for receive buffer
E (23653) opencores.emac: no mem for receive buffer
E (23653) opencores.emac: no mem for receive buffer
E (23653) opencores.emac: no mem for receive buffer
E (23653) opencores.emac: no mem for receive buffer
E (23653) opencores.emac: no mem for receive buffer
E (23653) opencores.emac: no mem for receive buffer
E (23653) opencores.emac: no mem for receive buffer
E (23653) opencores.emac: no mem for receive buffer
E (23653) opencores.emac: no mem for receive buffer
E (23653) opencores.emac: no mem for receive buffer
E (23653) opencores.emac: no mem for receive buffer
E (23653) opencores.emac: no mem for receive buffer
E (23653) opencores.emac: no mem for receive buffer
E (23653) opencores.emac: no mem for receive buffer
E (23653) opencores.emac: no mem for receive buffer
E (23653) opencores.emac: no mem for receive buffer
E (23653) opencores.emac: no mem for receive buffer
E (23653) opencores.emac: no mem for receive buffer
E (23653) opencores.emac: no mem for receive buffer
E (23653) opencores.emac: no mem for receive buffer
E (23653) opencores.emac: no mem for receive buffer
E (23653) opencores.emac: no mem for receive buffer
E (23653) opencores.emac: no mem for receive buffer
E (23653) opencores.emac: no mem for receive buffer
E (23653) opencores.emac: no mem for receive buffer
E (23653) opencores.emac: no mem for receive buffer
E (23653) opencores.emac: no mem for receive buffer
E (23653) opencores.emac: no mem for receive buffer
E (23653) opencores.emac: no mem for receive buffer
E (23653) opencores.emac: no mem for receive buffer
E (23653) opencores.emac: no mem for receive buffer
E (23653) opencores.emac: no mem for receive buffer
E (23653) opencores.emac: no mem for receive buffer
E (23653) opencores.emac: no mem for receive buffer
E (23653) opencores.emac: no mem for receive buffer
E (23653) opencores.emac: no mem for receive buffer
E (23653) opencores.emac: no mem for receive buffer
E (23653) opencores.emac: no mem for receive buffer
E (23653) opencores.emac: no mem for receive buffer
E (23653) opencores.emac: no mem for receive buffer
E (23653) opencores.emac: no mem for receive buffer
E (23653) opencores.emac: no mem for receive buffer
E (23653) opencores.emac: no mem for receive buffer
E (23653) opencores.emac: no mem for receive buffer
E (23653) opencores.emac: no mem for receive buffer
E (23653) opencores.emac: no mem for receive buffer
E (23653) opencores.emac: no mem for receive buffer
E (23653) opencores.emac: no mem for receive buffer
E (23653) opencores.emac: no mem for receive buffer
E (23653) opencores.emac: no mem for receive buffer
E (23653) opencores.emac: no mem for receive buffer
E (23653) opencores.emac: no mem for receive buffer
E (23653) opencores.emac: no mem for receive buffer
E (23653) opencores.emac: no mem for receive buffer
E (23653) opencores.emac: no mem for receive buffer
E (23653) opencores.emac: no mem for receive buffer
E (23653) opencores.emac: no mem for receive buffer
E (23653) opencores.emac: no mem for receive buffer
E (23653) opencores.emac: no mem for receive buffer
E (23653) opencores.emac: no mem for receive buffer
E (23653) opencores.emac: no mem for receive buffer
E (23653) opencores.emac: no mem for receive buffer
E (23653) opencores.emac: no mem for receive buffer
E (23653) opencores.emac: no mem for receive buffer
E (23653) opencores.emac: no mem for receive buffer
E (23653) opencores.emac: no mem for receive buffer
E (23653) opencores.emac: no mem for receive buffer
E (23653) opencores.emac: no mem for receive buffer
E (23653) opencores.emac: no mem for receive buffer
E (23653) opencores.emac: no mem for receive buffer
E (23653) opencores.emac: no mem for receive buffer
E (23653) opencores.emac: no mem for receive buffer
E (23653) opencores.emac: no mem for receive buffer
E (23653) opencores.emac: no mem for receive buffer
E (23653) opencores.emac: no mem for receive buffer
E (23653) opencores.emac: no mem for receive buffer
E (23653) opencores.emac: no mem for receive buffer
E (23653) opencores.emac: no mem for receive buffer
E (23653) opencores.emac: no mem for receive buffer
E (23663) opencores.emac: no mem for receive buffer
E (23663) opencores.emac: no mem for receive buffer
E (23663) opencores.emac: no mem for receive buffer
E (23663) opencores.emac: no mem for receive buffer
E (23663) opencores.emac: no mem for receive buffer
E (23663) opencores.emac: no mem for receive buffer
E (23663) opencores.emac: no mem for receive buffer
E (23663) opencores.emac: no mem for receive buffer
E (23663) opencores.emac: no mem for receive buffer
E (23663) opencores.emac: no mem for receive buffer
E (23663) opencores.emac: no mem for receive buffer
E (23663) opencores.emac: no mem for receive buffer
E (23663) opencores.emac: no mem for receive buffer
E (23663) opencores.emac: no mem for receive buffer
E (23663) opencores.emac: no mem for receive buffer
E (23663) opencores.emac: no mem for receive buffer
E (23663) opencores.emac: no mem for receive buffer
E (23663) opencores.emac: no mem for receive buffer
E (23663) opencores.emac: no mem for receive buffer
E (23663) opencores.emac: no mem for receive buffer
E (23663) opencores.emac: no mem for receive buffer
E (23663) opencores.emac: no mem for receive buffer
E (23663) opencores.emac: no mem for receive buffer
E (23663) opencores.emac: no mem for receive buffer
E (23663) opencores.emac: no mem for receive buffer
E (23663) opencores.emac: no mem for receive buffer
E (23663) opencores.emac: no mem for receive buffer
E (23663) opencores.emac: no mem for receive buffer
E (23663) opencores.emac: no mem for receive buffer
E (23663) opencores.emac: no mem for receive buffer
E (23663) opencores.emac: no mem for receive buffer
E (23663) opencores.emac: no mem for receive buffer
E (23663) opencores.emac: no mem for receive buffer
E (23663) opencores.emac: no mem for receive buffer
E (23663) opencores.emac: no mem for receive buffer
E (23663) opencores.emac: no mem for receive buffer
E (23663) opencores.emac: no mem for receive buffer
E (23663) opencores.emac: no mem for receive buffer
E (23663) opencores.emac: no mem for receive buffer
E (23663) opencores.emac: no mem for receive buffer
E (23663) opencores.emac: no mem for receive buffer
E (23663) opencores.emac: no mem for receive buffer
E (23663) opencores.emac: no mem for receive buffer
E (23663) opencores.emac: no mem for receive buffer
E (23663) opencores.emac: no mem for receive buffer
E (23663) opencores.emac: no mem for receive buffer
E (23663) opencores.emac: no mem for receive buffer
E (23663) opencores.emac: no mem for receive buffer
E (23663) opencores.emac: no mem for receive buffer
E (23663) opencores.emac: no mem for receive buffer
E (23663) opencores.emac: no mem for receive buffer
E (23663) opencores.emac: no mem for receive buffer
E (23663) opencores.emac: no mem for receive buffer
E (23663) opencores.emac: no mem for receive buffer
E (23663) opencores.emac: no mem for receive buffer
E (23663) opencores.emac: no mem for receive buffer
E (23663) opencores.emac: no mem for receive buffer
E (23663) opencores.emac: no mem for receive buffer
E (23663) opencores.emac: no mem for receive buffer
E (23663) opencores.emac: no mem for receive buffer
E (23663) opencores.emac: no mem for receive buffer
E (23663) opencores.emac: no mem for receive buffer
E (23663) opencores.emac: no mem for receive buffer
E (23663) opencores.emac: no mem for receive buffer
E (23663) opencores.emac: no mem for receive buffer
E (23663) opencores.emac: no mem for receive buffer
E (23663) opencores.emac: no mem for receive buffer
E (23663) opencores.emac: no mem for receive buffer
E (23663) opencores.emac: no mem for receive buffer
E (23663) opencores.emac: no mem for receive buffer
E (23663) opencores.emac: no mem for receive buffer
E (23663) opencores.emac: no mem for receive buffer
E (23663) opencores.emac: no mem for receive buffer
E (23663) opencores.emac: no mem for receive buffer
E (23663) opencores.emac: no mem for receive buffer
E (23663) opencores.emac: no mem for receive buffer
E (23663) opencores.emac: no mem for receive buffer
E (23663) opencores.emac: no mem for receive buffer
E (23663) opencores.emac: no mem for receive buffer
E (23663) opencores.emac: no mem for receive buffer
E (23663) opencores.emac: no mem for receive buffer
E (23663) opencores.emac: no mem for receive buffer
E (23663) opencores.emac: no mem for receive buffer
E (23663) opencores.emac: no mem for receive buffer
E (23663) opencores.emac: no mem for receive buffer
E (23663) opencores.emac: no mem for receive buffer
E (23663) opencores.emac: no mem for receive buffer
E (23663) opencores.emac: no mem for receive buffer
E (23663) opencores.emac: no mem for receive buffer
E (23663) opencores.emac: no mem for receive buffer
E (23663) opencores.emac: no mem for receive buffer
E (23663) opencores.emac: no mem for receive buffer
E (23663) opencores.emac: no mem for receive buffer
E (23663) opencores.emac: no mem for receive buffer
E (23663) opencores.emac: no mem for receive buffer
E (23663) opencores.emac: no mem for receive buffer
E (23663) opencores.emac: no mem for receive buffer
E (23663) opencores.emac: no mem for receive buffer
E (23663) opencores.emac: no mem for receive buffer
E (23663) opencores.emac: no mem for receive buffer
E (23663) opencores.emac: no mem for receive buffer
E (23663) opencores.emac: no mem for receive buffer
E (23663) opencores.emac: no mem for receive buffer
E (23663) opencores.emac: no mem for receive buffer
E (23663) opencores.emac: no mem for receive buffer
E (23663) opencores.emac: no mem for receive buffer
E (23663) opencores.emac: no mem for receive buffer
E (23663) opencores.emac: no mem for receive buffer
E (23663) opencores.emac: no mem for receive buffer
E (23663) opencores.emac: no mem for receive buffer
E (23663) opencores.emac: no mem for receive buffer
E (23663) opencores.emac: no mem for receive buffer
E (23663) opencores.emac: no mem for receive buffer
E (23663) opencores.emac: no mem for receive buffer
E (23663) opencores.emac: no mem for receive buffer
E (23663) opencores.emac: no mem for receive buffer
E (23663) opencores.emac: no mem for receive buffer
E (23663) opencores.emac: no mem for receive buffer
E (23663) opencores.emac: no mem for receive buffer
E (23663) opencores.emac: no mem for receive buffer
E (23663) opencores.emac: no mem for receive buffer
E (23663) opencores.emac: no mem for receive buffer
E (23663) opencores.emac: no mem for receive buffer
E (23663) opencores.emac: no mem for receive buffer
E (23663) opencores.emac: no mem for receive buffer
E (23663) opencores.emac: no mem for receive buffer
E (23663) opencores.emac: no mem for receive buffer
E (23663) opencores.emac: no mem for receive buffer
E (23663) opencores.emac: no mem for receive buffer
E (23663) opencores.emac: no mem for receive buffer
E (23663) opencores.emac: no mem for receive buffer
E (23663) opencores.emac: no mem for receive buffer
E (23663) opencores.emac: no mem for receive buffer
E (23663) opencores.emac: no mem for receive buffer
E (23663) opencores.emac: no mem for receive buffer
E (23663) opencores.emac: no mem for receive buffer
E (23663) opencores.emac: no mem for receive buffer
E (23663) opencores.emac: no mem for receive buffer
E (23663) opencores.emac: no mem for receive buffer
E (23663) opencores.emac: no mem for receive buffer
E (23663) opencores.emac: no mem for receive buffer
E (23663) opencores.emac: no mem for receive buffer
E (23663) opencores.emac: no mem for receive buffer
E (23663) opencores.emac: no mem for receive buffer
E (23663) opencores.emac: no mem for receive buffer
E (23663) opencores.emac: no mem for receive buffer
E (23663) opencores.emac: no mem for receive buffer
E (23663) opencores.emac: no mem for receive buffer
E (23663) opencores.emac: no mem for receive buffer
E (23663) opencores.emac: no mem for receive buffer
E (23663) opencores.emac: no mem for receive buffer
E (23663) opencores.emac: no mem for receive buffer
E (23663) opencores.emac: no mem for receive buffer
E (23663) opencores.emac: no mem for receive buffer
E (23673) opencores.emac: no mem for receive buffer
E (23673) opencores.emac: no mem for receive buffer
E (23673) opencores.emac: no mem for receive buffer
E (23673) opencores.emac: no mem for receive buffer
E (23673) opencores.emac: no mem for receive buffer
E (23673) opencores.emac: no mem for receive buffer
E (23673) opencores.emac: no mem for receive buffer
E (23673) opencores.emac: no mem for receive buffer
E (23673) opencores.emac: no mem for receive buffer
E (23673) opencores.emac: no mem for receive buffer
E (23673) opencores.emac: no mem for receive buffer
E (23673) opencores.emac: no mem for receive buffer
E (23673) opencores.emac: no mem for receive buffer
E (23673) opencores.emac: no mem for receive buffer
E (23673) opencores.emac: no mem for receive buffer
E (23673) opencores.emac: no mem for receive buffer
E (23673) opencores.emac: no mem for receive buffer
E (23673) opencores.emac: no mem for receive buffer
E (23673) opencores.emac: no mem for receive buffer
E (23673) opencores.emac: no mem for receive buffer
E (23673) opencores.emac: no mem for receive buffer
E (23673) opencores.emac: no mem for receive buffer
E (23673) opencores.emac: no mem for receive buffer
E (23673) opencores.emac: no mem for receive buffer
E (23673) opencores.emac: no mem for receive buffer
E (23673) opencores.emac: no mem for receive buffer
E (23673) opencores.emac: no mem for receive buffer
E (23673) opencores.emac: no mem for receive buffer
E (23673) opencores.emac: no mem for receive buffer
E (23673) opencores.emac: no mem for receive buffer
E (23673) opencores.emac: no mem for receive buffer
E (23673) opencores.emac: no mem for receive buffer
E (23673) opencores.emac: no mem for receive buffer
E (23673) opencores.emac: no mem for receive buffer
E (23673) opencores.emac: no mem for receive buffer
E (23673) opencores.emac: no mem for receive buffer
E (23673) opencores.emac: no mem for receive buffer
E (23673) opencores.emac: no mem for receive buffer
E (23673) opencores.emac: no mem for receive buffer
E (23673) opencores.emac: no mem for receive buffer
E (23673) opencores.emac: no mem for receive buffer
E (23673) opencores.emac: no mem for receive buffer
E (23673) opencores.emac: no mem for receive buffer
E (23673) opencores.emac: no mem for receive buffer
E (23673) opencores.emac: no mem for receive buffer
E (23673) opencores.emac: no mem for receive buffer
E (23673) opencores.emac: no mem for receive buffer
E (23673) opencores.emac: no mem for receive buffer
E (23673) opencores.emac: no mem for receive buffer
E (23673) opencores.emac: no mem for receive buffer
E (23673) opencores.emac: no mem for receive buffer
E (23673) opencores.emac: no mem for receive buffer
E (23673) opencores.emac: no mem for receive buffer
E (23673) opencores.emac: no mem for receive buffer
E (23673) opencores.emac: no mem for receive buffer
E (23673) opencores.emac: no mem for receive buffer
E (23673) opencores.emac: no mem for receive buffer
E (23673) opencores.emac: no mem for receive buffer
E (23673) opencores.emac: no mem for receive buffer
E (23673) opencores.emac: no mem for receive buffer
E (23673) opencores.emac: no mem for receive buffer
E (23673) opencores.emac: no mem for receive buffer
E (23673) opencores.emac: no mem for receive buffer
E (23673) opencores.emac: no mem for receive buffer
E (23673) opencores.emac: no mem for receive buffer
E (23673) opencores.emac: no mem for receive buffer
E (23673) opencores.emac: no mem for receive buffer
E (23673) opencores.emac: no mem for receive buffer
E (23673) opencores.emac: no mem for receive buffer
E (23673) opencores.emac: no mem for receive buffer
E (23673) opencores.emac: no mem for receive buffer
E (23673) opencores.emac: no mem for receive buffer
E (23673) opencores.emac: no mem for receive buffer
E (23673) opencores.emac: no mem for receive buffer
E (23673) opencores.emac: no mem for receive buffer
E (23673) opencores.emac: no mem for receive buffer
E (23673) opencores.emac: no mem for receive buffer
E (23673) opencores.emac: no mem for receive buffer
E (23673) opencores.emac: no mem for receive buffer
E (23673) opencores.emac: no mem for receive buffer
E (23673) opencores.emac: no mem for receive buffer
E (23673) opencores.emac: no mem for receive buffer
E (23673) opencores.emac: no mem for receive buffer
E (23673) opencores.emac: no mem for receive buffer
E (23673) opencores.emac: no mem for receive buffer
E (23673) opencores.emac: no mem for receive buffer
E (23673) opencores.emac: no mem for receive buffer
E (23673) opencores.emac: no mem for receive buffer
E (23673) opencores.emac: no mem for receive buffer
E (23673) opencores.emac: no mem for receive buffer
E (23673) opencores.emac: no mem for receive buffer
E (23673) opencores.emac: no mem for receive buffer
E (23673) opencores.emac: no mem for receive buffer
E (23673) opencores.emac: no mem for receive buffer
E (23673) opencores.emac: no mem for receive buffer
E (23673) opencores.emac: no mem for receive buffer
E (23673) opencores.emac: no mem for receive buffer
E (23673) opencores.emac: no mem for receive buffer
E (23673) opencores.emac: no mem for receive buffer
E (23673) opencores.emac: no mem for receive buffer
E (23673) opencores.emac: no mem for receive buffer
E (23673) opencores.emac: no mem for receive buffer
E (23673) opencores.emac: no mem for receive buffer
E (23673) opencores.emac: no mem for receive buffer
E (23673) opencores.emac: no mem for receive buffer
E (23673) opencores.emac: no mem for receive buffer
E (23673) opencores.emac: no mem for receive buffer
E (23673) opencores.emac: no mem for receive buffer
E (23673) opencores.emac: no mem for receive buffer
E (23673) opencores.emac: no mem for receive buffer
E (23673) opencores.emac: no mem for receive buffer
E (23673) opencores.emac: no mem for receive buffer
E (23673) opencores.emac: no mem for receive buffer
E (23673) opencores.emac: no mem for receive buffer
E (23673) opencores.emac: no mem for receive buffer
E (23673) opencores.emac: no mem for receive buffer
E (23673) opencores.emac: no mem for receive buffer
E (23673) opencores.emac: no mem for receive buffer
E (23673) opencores.emac: no mem for receive buffer
E (23673) opencores.emac: no mem for receive buffer
E (23673) opencores.emac: no mem for receive buffer
E (23673) opencores.emac: no mem for receive buffer
E (23673) opencores.emac: no mem for receive buffer
E (23673) opencores.emac: no mem for receive buffer
E (23673) opencores.emac: no mem for receive buffer
E (23673) opencores.emac: no mem for receive buffer
E (23673) opencores.emac: no mem for receive buffer
E (23673) opencores.emac: no mem for receive buffer
E (23673) opencores.emac: no mem for receive buffer
E (23673) opencores.emac: no mem for receive buffer
E (23673) opencores.emac: no mem for receive buffer
E (23673) opencores.emac: no mem for receive buffer
E (23673) opencores.emac: no mem for receive buffer
E (23673) opencores.emac: no mem for receive buffer
E (23673) opencores.emac: no mem for receive buffer
E (23673) opencores.emac: no mem for receive buffer
E (23673) opencores.emac: no mem for receive buffer
E (23673) opencores.emac: no mem for receive buffer
E (23673) opencores.emac: no mem for receive buffer
E (23673) opencores.emac: no mem for receive buffer
E (23673) opencores.emac: no mem for receive buffer
E (23673) opencores.emac: no mem for receive buffer
E (23673) opencores.emac: no mem for receive buffer
E (23673) opencores.emac: no mem for receive buffer
E (23673) opencores.emac: no mem for receive buffer
E (23673) opencores.emac: no mem for receive buffer
E (23673) opencores.emac: no mem for receive buffer
E (23673) opencores.emac: no mem for receive buffer
E (23673) opencores.emac: no mem for receive buffer
E (23673) opencores.emac: no mem for receive buffer
E (23673) opencores.emac: no mem for receive buffer
E (23673) opencores.emac: no mem for receive buffer
E (23673) opencores.emac: no mem for receive buffer
E (23673) opencores.emac: no mem for receive buffer
E (23673) opencores.emac: no mem for receive buffer
E (23673) opencores.emac: no mem for receive buffer
E (23673) opencores.emac: no mem for receive buffer
E (23673) opencores.emac: no mem for receive buffer
E (23683) opencores.emac: no mem for receive buffer
E (23683) opencores.emac: no mem for receive buffer
E (23683) opencores.emac: no mem for receive buffer
E (23683) opencores.emac: no mem for receive buffer
E (23683) opencores.emac: no mem for receive buffer
E (23683) opencores.emac: no mem for receive buffer
E (23683) opencores.emac: no mem for receive buffer
E (23683) opencores.emac: no mem for receive buffer
E (23683) opencores.emac: no mem for receive buffer
E (23683) opencores.emac: no mem for receive buffer
E (23683) opencores.emac: no mem for receive buffer
E (23683) opencores.emac: no mem for receive buffer
E (23683) opencores.emac: no mem for receive buffer
E (23683) opencores.emac: no mem for receive buffer
E (23683) opencores.emac: no mem for receive buffer
E (23683) opencores.emac: no mem for receive buffer
E (23683) opencores.emac: no mem for receive buffer
E (23683) opencores.emac: no mem for receive buffer
E (23683) opencores.emac: no mem for receive buffer
E (23683) opencores.emac: no mem for receive buffer
E (23683) opencores.emac: no mem for receive buffer
E (23683) opencores.emac: no mem for receive buffer
E (23683) opencores.emac: no mem for receive buffer
E (23683) opencores.emac: no mem for receive buffer
E (23683) opencores.emac: no mem for receive buffer
E (23683) opencores.emac: no mem for receive buffer
E (23683) opencores.emac: no mem for receive buffer
E (23683) opencores.emac: no mem for receive buffer
E (23683) opencores.emac: no mem for receive buffer
E (23683) opencores.emac: no mem for receive buffer
E (23683) opencores.emac: no mem for receive buffer
E (23683) opencores.emac: no mem for receive buffer
E (23683) opencores.emac: no mem for receive buffer
E (23683) opencores.emac: no mem for receive buffer
E (23683) opencores.emac: no mem for receive buffer
E (23683) opencores.emac: no mem for receive buffer
E (23683) opencores.emac: no mem for receive buffer
E (23683) opencores.emac: no mem for receive buffer
E (23683) opencores.emac: no mem for receive buffer
E (23683) opencores.emac: no mem for receive buffer
E (23683) opencores.emac: no mem for receive buffer
E (23683) opencores.emac: no mem for receive buffer
E (23683) opencores.emac: no mem for receive buffer
E (23683) opencores.emac: no mem for receive buffer
E (23683) opencores.emac: no mem for receive buffer
E (23683) opencores.emac: no mem for receive buffer
E (23683) opencores.emac: no mem for receive buffer
E (23683) opencores.emac: no mem for receive buffer
E (23683) opencores.emac: no mem for receive buffer
E (23683) opencores.emac: no mem for receive buffer
E (23683) opencores.emac: no mem for receive buffer
E (23683) opencores.emac: no mem for receive buffer
E (23683) opencores.emac: no mem for receive buffer
E (23683) opencores.emac: no mem for receive buffer
E (23683) opencores.emac: no mem for receive buffer
E (23683) opencores.emac: no mem for receive buffer
E (23683) opencores.emac: no mem for receive buffer
E (23683) opencores.emac: no mem for receive buffer
E (23683) opencores.emac: no mem for receive buffer
E (23683) opencores.emac: no mem for receive buffer
E (23683) opencores.emac: no mem for receive buffer
E (23683) opencores.emac: no mem for receive buffer
E (23683) opencores.emac: no mem for receive buffer
E (23683) opencores.emac: no mem for receive buffer
E (23683) opencores.emac: no mem for receive buffer
E (23683) opencores.emac: no mem for receive buffer
E (23683) opencores.emac: no mem for receive buffer
E (23683) opencores.emac: no mem for receive buffer
E (23683) opencores.emac: no mem for receive buffer
E (23683) opencores.emac: no mem for receive buffer
E (23683) opencores.emac: no mem for receive buffer
E (23683) opencores.emac: no mem for receive buffer
E (23683) opencores.emac: no mem for receive buffer
E (23683) opencores.emac: no mem for receive buffer
E (23683) opencores.emac: no mem for receive buffer
E (23683) opencores.emac: no mem for receive buffer
E (23683) opencores.emac: no mem for receive buffer
E (23683) opencores.emac: no mem for receive buffer
E (23683) opencores.emac: no mem for receive buffer
E (23683) opencores.emac: no mem for receive buffer
E (23683) opencores.emac: no mem for receive buffer
E (23683) opencores.emac: no mem for receive buffer
E (23683) opencores.emac: no mem for receive buffer
E (23683) opencores.emac: no mem for receive buffer
E (23683) opencores.emac: no mem for receive buffer
E (23683) opencores.emac: no mem for receive buffer
E (23683) opencores.emac: no mem for receive buffer
E (23683) opencores.emac: no mem for receive buffer
E (23683) opencores.emac: no mem for receive buffer
E (23683) opencores.emac: no mem for receive buffer
E (23683) opencores.emac: no mem for receive buffer
E (23683) opencores.emac: no mem for receive buffer
E (23683) opencores.emac: no mem for receive buffer
E (23683) opencores.emac: no mem for receive buffer
E (23683) opencores.emac: no mem for receive buffer
E (23683) opencores.emac: no mem for receive buffer
E (23683) opencores.emac: no mem for receive buffer
E (23683) opencores.emac: no mem for receive buffer
E (23683) opencores.emac: no mem for receive buffer
E (23683) opencores.emac: no mem for receive buffer
E (23683) opencores.emac: no mem for receive buffer
E (23683) opencores.emac: no mem for receive buffer
E (23683) opencores.emac: no mem for receive buffer
E (23683) opencores.emac: no mem for receive buffer
E (23683) opencores.emac: no mem for receive buffer
E (23683) opencores.emac: no mem for receive buffer
E (23683) opencores.emac: no mem for receive buffer
E (23683) opencores.emac: no mem for receive buffer
E (23683) opencores.emac: no mem for receive buffer
E (23683) opencores.emac: no mem for receive buffer
E (23683) opencores.emac: no mem for receive buffer
E (23683) opencores.emac: no mem for receive buffer
E (23683) opencores.emac: no mem for receive buffer
E (23683) opencores.emac: no mem for receive buffer
E (23683) opencores.emac: no mem for receive buffer
E (23683) opencores.emac: no mem for receive buffer
E (23683) opencores.emac: no mem for receive buffer
E (23683) opencores.emac: no mem for receive buffer
E (23683) opencores.emac: no mem for receive buffer
E (23683) opencores.emac: no mem for receive buffer
E (23683) opencores.emac: no mem for receive buffer
E (23683) opencores.emac: no mem for receive buffer
E (23683) opencores.emac: no mem for receive buffer
E (23683) opencores.emac: no mem for receive buffer
E (23683) opencores.emac: no mem for receive buffer
E (23683) opencores.emac: no mem for receive buffer
E (23683) opencores.emac: no mem for receive buffer
E (23683) opencores.emac: no mem for receive buffer
E (23683) opencores.emac: no mem for receive buffer
E (23683) opencores.emac: no mem for receive buffer
E (23683) opencores.emac: no mem for receive buffer
E (23683) opencores.emac: no mem for receive buffer
E (23683) opencores.emac: no mem for receive buffer
E (23683) opencores.emac: no mem for receive buffer
E (23683) opencores.emac: no mem for receive buffer
E (23683) opencores.emac: no mem for receive buffer
E (23683) opencores.emac: no mem for receive buffer
E (23683) opencores.emac: no mem for receive buffer
E (23683) opencores.emac: no mem for receive buffer
E (23683) opencores.emac: no mem for receive buffer
E (23683) opencores.emac: no mem for receive buffer
E (23683) opencores.emac: no mem for receive buffer
E (23683) opencores.emac: no mem for receive buffer
E (23683) opencores.emac: no mem for receive buffer
E (23683) opencores.emac: no mem for receive buffer
E (23683) opencores.emac: no mem for receive buffer
E (23683) opencores.emac: no mem for receive buffer
E (23683) opencores.emac: no mem for receive buffer
E (23683) opencores.emac: no mem for receive buffer
E (23683) opencores.emac: no mem for receive buffer
E (23683) opencores.emac: no mem for receive buffer
E (23683) opencores.emac: no mem for receive buffer
E (23683) opencores.emac: no mem for receive buffer
E (23683) opencores.emac: no mem for receive buffer
E (23683) opencores.emac: no mem for receive buffer
E (23683) opencores.emac: no mem for receive buffer
E (23683) opencores.emac: no mem for receive buffer
E (23683) opencores.emac: no mem for receive buffer
E (23693) opencores.emac: no mem for receive buffer
E (23693) opencores.emac: no mem for receive buffer
E (23693) opencores.emac: no mem for receive buffer
E (23693) opencores.emac: no mem for receive buffer
E (23693) opencores.emac: no mem for receive buffer
E (23693) opencores.emac: no mem for receive buffer
E (23693) opencores.emac: no mem for receive buffer
E (23693) opencores.emac: no mem for receive buffer
E (23693) opencores.emac: no mem for receive buffer
E (23693) opencores.emac: no mem for receive buffer
E (23693) opencores.emac: no mem for receive buffer
E (23693) opencores.emac: no mem for receive buffer
E (23693) opencores.emac: no mem for receive buffer
E (23693) opencores.emac: no mem for receive buffer
E (23693) opencores.emac: no mem for receive buffer
E (23693) opencores.emac: no mem for receive buffer
E (23693) opencores.emac: no mem for receive buffer
E (23693) opencores.emac: no mem for receive buffer
E (23693) opencores.emac: no mem for receive buffer
E (23693) opencores.emac: no mem for receive buffer
E (23693) opencores.emac: no mem for receive buffer
E (23693) opencores.emac: no mem for receive buffer
E (23693) opencores.emac: no mem for receive buffer
E (23693) opencores.emac: no mem for receive buffer
E (23693) opencores.emac: no mem for receive buffer
E (23693) opencores.emac: no mem for receive buffer
E (23693) opencores.emac: no mem for receive buffer
E (23693) opencores.emac: no mem for receive buffer
E (23693) opencores.emac: no mem for receive buffer
E (23693) opencores.emac: no mem for receive buffer
E (23693) opencores.emac: no mem for receive buffer
E (23693) opencores.emac: no mem for receive buffer
E (23693) opencores.emac: no mem for receive buffer
E (23693) opencores.emac: no mem for receive buffer
E (23693) opencores.emac: no mem for receive buffer
E (23693) opencores.emac: no mem for receive buffer
E (23693) opencores.emac: no mem for receive buffer
E (23693) opencores.emac: no mem for receive buffer
E (23693) opencores.emac: no mem for receive buffer
E (23693) opencores.emac: no mem for receive buffer
E (23693) opencores.emac: no mem for receive buffer
E (23693) opencores.emac: no mem for receive buffer
E (23693) opencores.emac: no mem for receive buffer
E (23693) opencores.emac: no mem for receive buffer
E (23693) opencores.emac: no mem for receive buffer
E (23693) opencores.emac: no mem for receive buffer
E (23693) opencores.emac: no mem for receive buffer
E (23693) opencores.emac: no mem for receive buffer
E (23693) opencores.emac: no mem for receive buffer
E (23693) opencores.emac: no mem for receive buffer
E (23693) opencores.emac: no mem for receive buffer
E (23693) opencores.emac: no mem for receive buffer
E (23693) opencores.emac: no mem for receive buffer
E (23693) opencores.emac: no mem for receive buffer
E (23693) opencores.emac: no mem for receive buffer
E (23693) opencores.emac: no mem for receive buffer
E (23693) opencores.emac: no mem for receive buffer
E (23693) opencores.emac: no mem for receive buffer
E (23693) opencores.emac: no mem for receive buffer
E (23693) opencores.emac: no mem for receive buffer
E (23693) opencores.emac: no mem for receive buffer
E (23693) opencores.emac: no mem for receive buffer
E (23693) opencores.emac: no mem for receive buffer
E (23693) opencores.emac: no mem for receive buffer
E (23693) opencores.emac: no mem for receive buffer
E (23693) opencores.emac: no mem for receive buffer
E (23693) opencores.emac: no mem for receive buffer
E (23693) opencores.emac: no mem for receive buffer
E (23693) opencores.emac: no mem for receive buffer
E (23693) opencores.emac: no mem for receive buffer
E (23693) opencores.emac: no mem for receive buffer
E (23693) opencores.emac: no mem for receive buffer
E (23693) opencores.emac: no mem for receive buffer
E (23693) opencores.emac: no mem for receive buffer
E (23693) opencores.emac: no mem for receive buffer
E (23693) opencores.emac: no mem for receive buffer
E (23693) opencores.emac: no mem for receive buffer
E (23693) opencores.emac: no mem for receive buffer
E (23693) opencores.emac: no mem for receive buffer
E (23693) opencores.emac: no mem for receive buffer
E (23693) opencores.emac: no mem for receive buffer
E (23693) opencores.emac: no mem for receive buffer
E (23693) opencores.emac: no mem for receive buffer
E (23693) opencores.emac: no mem for receive buffer
E (23693) opencores.emac: no mem for receive buffer
E (23693) opencores.emac: no mem for receive buffer
E (23693) opencores.emac: no mem for receive buffer
E (23693) opencores.emac: no mem for receive buffer
E (23693) opencores.emac: no mem for receive buffer
E (23693) opencores.emac: no mem for receive buffer
E (23693) opencores.emac: no mem for receive buffer
E (23693) opencores.emac: no mem for receive buffer
E (23693) opencores.emac: no mem for receive buffer
E (23693) opencores.emac: no mem for receive buffer
E (23693) opencores.emac: no mem for receive buffer
E (23693) opencores.emac: no mem for receive buffer
E (23693) opencores.emac: no mem for receive buffer
E (23693) opencores.emac: no mem for receive buffer
E (23693) opencores.emac: no mem for receive buffer
E (23693) opencores.emac: no mem for receive buffer
E (23693) opencores.emac: no mem for receive buffer
E (23693) opencores.emac: no mem for receive buffer
E (23693) opencores.emac: no mem for receive buffer
E (23693) opencores.emac: no mem for receive buffer
E (23693) opencores.emac: no mem for receive buffer
E (23693) opencores.emac: no mem for receive buffer
E (23693) opencores.emac: no mem for receive buffer
E (23693) opencores.emac: no mem for receive buffer
E (23693) opencores.emac: no mem for receive buffer
E (23693) opencores.emac: no mem for receive buffer
E (23693) opencores.emac: no mem for receive buffer
E (23693) opencores.emac: no mem for receive buffer
E (23693) opencores.emac: no mem for receive buffer
E (23693) opencores.emac: no mem for receive buffer
E (23693) opencores.emac: no mem for receive buffer
E (23693) opencores.emac: no mem for receive buffer
E (23693) opencores.emac: no mem for receive buffer
E (23693) opencores.emac: no mem for receive buffer
E (23693) opencores.emac: no mem for receive buffer
E (23693) opencores.emac: no mem for receive buffer
E (23693) opencores.emac: no mem for receive buffer
E (23693) opencores.emac: no mem for receive buffer
E (23693) opencores.emac: no mem for receive buffer
E (23693) opencores.emac: no mem for receive buffer
E (23693) opencores.emac: no mem for receive buffer
E (23693) opencores.emac: no mem for receive buffer
E (23693) opencores.emac: no mem for receive buffer
E (23693) opencores.emac: no mem for receive buffer
E (23693) opencores.emac: no mem for receive buffer
E (23693) opencores.emac: no mem for receive buffer
E (23693) opencores.emac: no mem for receive buffer
E (23693) opencores.emac: no mem for receive buffer
E (23693) opencores.emac: no mem for receive buffer
E (23693) opencores.emac: no mem for receive buffer
E (23693) opencores.emac: no mem for receive buffer
E (23693) opencores.emac: no mem for receive buffer
E (23693) opencores.emac: no mem for receive buffer
E (23693) opencores.emac: no mem for receive buffer
E (23693) opencores.emac: no mem for receive buffer
E (23693) opencores.emac: no mem for receive buffer
E (23693) opencores.emac: no mem for receive buffer
E (23693) opencores.emac: no mem for receive buffer
E (23693) opencores.emac: no mem for receive buffer
E (23693) opencores.emac: no mem for receive buffer
E (23693) opencores.emac: no mem for receive buffer
E (23693) opencores.emac: no mem for receive buffer
E (23693) opencores.emac: no mem for receive buffer
E (23693) opencores.emac: no mem for receive buffer
E (23693) opencores.emac: no mem for receive buffer
E (23693) opencores.emac: no mem for receive buffer
E (23693) opencores.emac: no mem for receive buffer
E (23693) opencores.emac: no mem for receive buffer
E (23693) opencores.emac: no mem for receive buffer
E (23693) opencores.emac: no mem for receive buffer
E (23693) opencores.emac: no mem for receive buffer
E (23693) opencores.emac: no mem for receive buffer
E (23693) opencores.emac: no mem for receive buffer
E (23693) opencores.emac: no mem for receive buffer
E (23693) opencores.emac: no mem for receive buffer
E (23693) opencores.emac: no mem for receive buffer
E (23693) opencores.emac: no mem for receive buffer
E (23693) opencores.emac: no mem for receive buffer
E (23693) opencores.emac: no mem for receive buffer
E (23693) opencores.emac: no mem for receive buffer
E (23693) opencores.emac: no mem for receive buffer
E (23703) opencores.emac: no mem for receive buffer
E (23703) opencores.emac: no mem for receive buffer
E (23703) opencores.emac: no mem for receive buffer
E (23703) opencores.emac: no mem for receive buffer
E (23703) opencores.emac: no mem for receive buffer
E (23703) opencores.emac: no mem for receive buffer
E (23703) opencores.emac: no mem for receive buffer
E (23703) opencores.emac: no mem for receive buffer
E (23703) opencores.emac: no mem for receive buffer
E (23703) opencores.emac: no mem for receive buffer
E (23703) opencores.emac: no mem for receive buffer
E (23703) opencores.emac: no mem for receive buffer
E (23703) opencores.emac: no mem for receive buffer
E (23703) opencores.emac: no mem for receive buffer
E (23703) opencores.emac: no mem for receive buffer
E (23703) opencores.emac: no mem for receive buffer
E (23703) opencores.emac: no mem for receive buffer
E (23703) opencores.emac: no mem for receive buffer
E (23703) opencores.emac: no mem for receive buffer
E (23703) opencores.emac: no mem for receive buffer
E (23703) opencores.emac: no mem for receive buffer
E (23703) opencores.emac: no mem for receive buffer
E (23703) opencores.emac: no mem for receive buffer
E (23703) opencores.emac: no mem for receive buffer
E (23703) opencores.emac: no mem for receive buffer
E (23703) opencores.emac: no mem for receive buffer
E (23703) opencores.emac: no mem for receive buffer
E (23703) opencores.emac: no mem for receive buffer
E (23703) opencores.emac: no mem for receive buffer
E (23703) opencores.emac: no mem for receive buffer
E (23703) opencores.emac: no mem for receive buffer
E (23703) opencores.emac: no mem for receive buffer
E (23703) opencores.emac: no mem for receive buffer
E (23703) opencores.emac: no mem for receive buffer
E (23703) opencores.emac: no mem for receive buffer
E (23703) opencores.emac: no mem for receive buffer
E (23703) opencores.emac: no mem for receive buffer
E (23703) opencores.emac: no mem for receive buffer
E (23703) opencores.emac: no mem for receive buffer
E (23703) opencores.emac: no mem for receive buffer
E (23703) opencores.emac: no mem for receive buffer
E (23703) opencores.emac: no mem for receive buffer
E (23703) opencores.emac: no mem for receive buffer
E (23703) opencores.emac: no mem for receive buffer
E (23703) opencores.emac: no mem for receive buffer
E (23703) opencores.emac: no mem for receive buffer
E (23703) opencores.emac: no mem for receive buffer
E (23703) opencores.emac: no mem for receive buffer
E (23703) opencores.emac: no mem for receive buffer
E (23703) opencores.emac: no mem for receive buffer
E (23703) opencores.emac: no mem for receive buffer
E (23703) opencores.emac: no mem for receive buffer
E (23703) opencores.emac: no mem for receive buffer
E (23703) opencores.emac: no mem for receive buffer
E (23703) opencores.emac: no mem for receive buffer
E (23703) opencores.emac: no mem for receive buffer
E (23703) opencores.emac: no mem for receive buffer
E (23703) opencores.emac: no mem for receive buffer
E (23703) opencores.emac: no mem for receive buffer
E (23703) opencores.emac: no mem for receive buffer
E (23703) opencores.emac: no mem for receive buffer
E (23703) opencores.emac: no mem for receive buffer
E (23703) opencores.emac: no mem for receive buffer
E (23703) opencores.emac: no mem for receive buffer
E (23703) opencores.emac: no mem for receive buffer
E (23703) opencores.emac: no mem for receive buffer
E (23703) opencores.emac: no mem for receive buffer
E (23703) opencores.emac: no mem for receive buffer
E (23703) opencores.emac: no mem for receive buffer
E (23703) opencores.emac: no mem for receive buffer
E (23703) opencores.emac: no mem for receive buffer
E (23703) opencores.emac: no mem for receive buffer
E (23703) opencores.emac: no mem for receive buffer
E (23703) opencores.emac: no mem for receive buffer
E (23703) opencores.emac: no mem for receive buffer
E (23703) opencores.emac: no mem for receive buffer
E (23703) opencores.emac: no mem for receive buffer
E (23703) opencores.emac: no mem for receive buffer
E (23703) opencores.emac: no mem for receive buffer
E (23703) opencores.emac: no mem for receive buffer
E (23703) opencores.emac: no mem for receive buffer
E (23703) opencores.emac: no mem for receive buffer
E (23703) opencores.emac: no mem for receive buffer
E (23703) opencores.emac: no mem for receive buffer
E (23703) opencores.emac: no mem for receive buffer
E (23703) opencores.emac: no mem for receive buffer
E (23703) opencores.emac: no mem for receive buffer
E (23703) opencores.emac: no mem for receive buffer
E (23703) opencores.emac: no mem for receive buffer
E (23703) opencores.emac: no mem for receive buffer
E (23703) opencores.emac: no mem for receive buffer
E (23703) opencores.emac: no mem for receive buffer
E (23703) opencores.emac: no mem for receive buffer
E (23703) opencores.emac: no mem for receive buffer
E (23703) opencores.emac: no mem for receive buffer
E (23703) opencores.emac: no mem for receive buffer
E (23703) opencores.emac: no mem for receive buffer
E (23703) opencores.emac: no mem for receive buffer
E (23703) opencores.emac: no mem for receive buffer
E (23703) opencores.emac: no mem for receive buffer
E (23703) opencores.emac: no mem for receive buffer
E (23703) opencores.emac: no mem for receive buffer
E (23703) opencores.emac: no mem for receive buffer
E (23703) opencores.emac: no mem for receive buffer
E (23703) opencores.emac: no mem for receive buffer
E (23703) opencores.emac: no mem for receive buffer
E (23703) opencores.emac: no mem for receive buffer
E (23703) opencores.emac: no mem for receive buffer
E (23703) opencores.emac: no mem for receive buffer
E (23703) opencores.emac: no mem for receive buffer
E (23703) opencores.emac: no mem for receive buffer
E (23703) opencores.emac: no mem for receive buffer
E (23703) opencores.emac: no mem for receive buffer
E (23703) opencores.emac: no mem for receive buffer
E (23703) opencores.emac: no mem for receive buffer
E (23703) opencores.emac: no mem for receive buffer
E (23703) opencores.emac: no mem for receive buffer
E (23703) opencores.emac: no mem for receive buffer
E (23703) opencores.emac: no mem for receive buffer
E (23703) opencores.emac: no mem for receive buffer
E (23703) opencores.emac: no mem for receive buffer
E (23703) opencores.emac: no mem for receive buffer
E (23703) opencores.emac: no mem for receive buffer
E (23703) opencores.emac: no mem for receive buffer
E (23703) opencores.emac: no mem for receive buffer
E (23703) opencores.emac: no mem for receive buffer
E (23703) opencores.emac: no mem for receive buffer
E (23703) opencores.emac: no mem for receive buffer
E (23703) opencores.emac: no mem for receive buffer
E (23703) opencores.emac: no mem for receive buffer
E (23703) opencores.emac: no mem for receive buffer
E (23703) opencores.emac: no mem for receive buffer
E (23703) opencores.emac: no mem for receive buffer
E (23703) opencores.emac: no mem for receive buffer
E (23703) opencores.emac: no mem for receive buffer
E (23703) opencores.emac: no mem for receive buffer
E (23703) opencores.emac: no mem for receive buffer
E (23703) opencores.emac: no mem for receive buffer
E (23703) opencores.emac: no mem for receive buffer
E (23703) opencores.emac: no mem for receive buffer
E (23703) opencores.emac: no mem for receive buffer
E (23703) opencores.emac: no mem for receive buffer
E (23703) opencores.emac: no mem for receive buffer
E (23703) opencores.emac: no mem for receive buffer
E (23703) opencores.emac: no mem for receive buffer
E (23703) opencores.emac: no mem for receive buffer
E (23703) opencores.emac: no mem for receive buffer
E (23703) opencores.emac: no mem for receive buffer
E (23703) opencores.emac: no mem for receive buffer
E (23713) opencores.emac: no mem for receive buffer
E (23713) opencores.emac: no mem for receive buffer
E (23713) opencores.emac: no mem for receive buffer
E (23713) opencores.emac: no mem for receive buffer
E (23713) opencores.emac: no mem for receive buffer
E (23713) opencores.emac: no mem for receive buffer
E (23713) opencores.emac: no mem for receive buffer
E (23713) opencores.emac: no mem for receive buffer
E (23713) opencores.emac: no mem for receive buffer
E (23713) opencores.emac: no mem for receive buffer
E (23713) opencores.emac: no mem for receive buffer
E (23713) opencores.emac: no mem for receive buffer
E (23713) opencores.emac: no mem for receive buffer
E (23713) opencores.emac: no mem for receive buffer
E (23713) opencores.emac: no mem for receive buffer
E (23713) opencores.emac: no mem for receive buffer
E (23713) opencores.emac: no mem for receive buffer
E (23713) opencores.emac: no mem for receive buffer
E (23713) opencores.emac: no mem for receive buffer
E (23713) opencores.emac: no mem for receive buffer
E (23713) opencores.emac: no mem for receive buffer
E (23713) opencores.emac: no mem for receive buffer
E (23713) opencores.emac: no mem for receive buffer
E (23713) opencores.emac: no mem for receive buffer
E (23713) opencores.emac: no mem for receive buffer
E (23713) opencores.emac: no mem for receive buffer
E (23713) opencores.emac: no mem for receive buffer
E (23713) opencores.emac: no mem for receive buffer
E (23713) opencores.emac: no mem for receive buffer
E (23713) opencores.emac: no mem for receive buffer
E (23713) opencores.emac: no mem for receive buffer
E (23713) opencores.emac: no mem for receive buffer
E (23713) opencores.emac: no mem for receive buffer
E (23713) opencores.emac: no mem for receive buffer
E (23713) opencores.emac: no mem for receive buffer
E (23713) opencores.emac: no mem for receive buffer
E (23713) opencores.emac: no mem for receive buffer
E (23713) opencores.emac: no mem for receive buffer
E (23713) opencores.emac: no mem for receive buffer
E (23713) opencores.emac: no mem for receive buffer
E (23713) opencores.emac: no mem for receive buffer
E (23713) opencores.emac: no mem for receive buffer
E (23713) opencores.emac: no mem for receive buffer
E (23713) opencores.emac: no mem for receive buffer
E (23713) opencores.emac: no mem for receive buffer
E (23713) opencores.emac: no mem for receive buffer
E (23713) opencores.emac: no mem for receive buffer
E (23713) opencores.emac: no mem for receive buffer
E (23713) opencores.emac: no mem for receive buffer
E (23713) opencores.emac: no mem for receive buffer
E (23713) opencores.emac: no mem for receive buffer
E (23713) opencores.emac: no mem for receive buffer
E (23713) opencores.emac: no mem for receive buffer
E (23713) opencores.emac: no mem for receive buffer
E (23713) opencores.emac: no mem for receive buffer
E (23713) opencores.emac: no mem for receive buffer
E (23713) opencores.emac: no mem for receive buffer
E (23713) opencores.emac: no mem for receive buffer
E (23713) opencores.emac: no mem for receive buffer
E (23713) opencores.emac: no mem for receive buffer
E (23713) opencores.emac: no mem for receive buffer
E (23713) opencores.emac: no mem for receive buffer
E (23713) opencores.emac: no mem for receive buffer
E (23713) opencores.emac: no mem for receive buffer
E (23713) opencores.emac: no mem for receive buffer
E (23713) opencores.emac: no mem for receive buffer
E (23713) opencores.emac: no mem for receive buffer
E (23713) opencores.emac: no mem for receive buffer
E (23713) opencores.emac: no mem for receive buffer
E (23713) opencores.emac: no mem for receive buffer
E (23713) opencores.emac: no mem for receive buffer
E (23713) opencores.emac: no mem for receive buffer
E (23713) opencores.emac: no mem for receive buffer
E (23713) opencores.emac: no mem for receive buffer
E (23713) opencores.emac: no mem for receive buffer
E (23713) opencores.emac: no mem for receive buffer
E (23713) opencores.emac: no mem for receive buffer
E (23713) opencores.emac: no mem for receive buffer
E (23713) opencores.emac: no mem for receive buffer
E (23713) opencores.emac: no mem for receive buffer
E (23713) opencores.emac: no mem for receive buffer
E (23713) opencores.emac: no mem for receive buffer
E (23713) opencores.emac: no mem for receive buffer
E (23713) opencores.emac: no mem for receive buffer
E (23713) opencores.emac: no mem for receive buffer
E (23713) opencores.emac: no mem for receive buffer
E (23713) opencores.emac: no mem for receive buffer
E (23713) opencores.emac: no mem for receive buffer
E (23713) opencores.emac: no mem for receive buffer
E (23713) opencores.emac: no mem for receive buffer
E (23713) opencores.emac: no mem for receive buffer
E (23713) opencores.emac: no mem for receive buffer
E (23713) opencores.emac: no mem for receive buffer
E (23713) opencores.emac: no mem for receive buffer
E (23713) opencores.emac: no mem for receive buffer
E (23713) opencores.emac: no mem for receive buffer
E (23713) opencores.emac: no mem for receive buffer
E (23713) opencores.emac: no mem for receive buffer
E (23713) opencores.emac: no mem for receive buffer
E (23713) opencores.emac: no mem for receive buffer
E (23713) opencores.emac: no mem for receive buffer
E (23713) opencores.emac: no mem for receive buffer
E (23713) opencores.emac: no mem for receive buffer
E (23713) opencores.emac: no mem for receive buffer
E (23713) opencores.emac: no mem for receive buffer
E (23713) opencores.emac: no mem for receive buffer
E (23713) opencores.emac: no mem for receive buffer
E (23713) opencores.emac: no mem for receive buffer
E (23713) opencores.emac: no mem for receive buffer
E (23713) opencores.emac: no mem for receive buffer
E (23713) opencores.emac: no mem for receive buffer
E (23713) opencores.emac: no mem for receive buffer
E (23713) opencores.emac: no mem for receive buffer
E (23713) opencores.emac: no mem for receive buffer
E (23713) opencores.emac: no mem for receive buffer
E (23713) opencores.emac: no mem for receive buffer
E (23713) opencores.emac: no mem for receive buffer
E (23713) opencores.emac: no mem for receive buffer
E (23713) opencores.emac: no mem for receive buffer
E (23713) opencores.emac: no mem for receive buffer
E (23713) opencores.emac: no mem for receive buffer
E (23713) opencores.emac: no mem for receive buffer
E (23713) opencores.emac: no mem for receive buffer
E (23713) opencores.emac: no mem for receive buffer
E (23713) opencores.emac: no mem for receive buffer
E (23713) opencores.emac: no mem for receive buffer
E (23713) opencores.emac: no mem for receive buffer
E (23713) opencores.emac: no mem for receive buffer
E (23713) opencores.emac: no mem for receive buffer
E (23713) opencores.emac: no mem for receive buffer
E (23713) opencores.emac: no mem for receive buffer
E (23713) opencores.emac: no mem for receive buffer
E (23713) opencores.emac: no mem for receive buffer
E (23713) opencores.emac: no mem for receive buffer
E (23713) opencores.emac: no mem for receive buffer
E (23713) opencores.emac: no mem for receive buffer
E (23713) opencores.emac: no mem for receive buffer
E (23713) opencores.emac: no mem for receive buffer
E (23713) opencores.emac: no mem for receive buffer
E (23713) opencores.emac: no mem for receive buffer
E (23713) opencores.emac: no mem for receive buffer
E (23713) opencores.emac: no mem for receive buffer
E (23713) opencores.emac: no mem for receive buffer
E (23713) opencores.emac: no mem for receive buffer
E (23713) opencores.emac: no mem for receive buffer
E (23713) opencores.emac: no mem for receive buffer
E (23713) opencores.emac: no mem for receive buffer
E (23713) opencores.emac: no mem for receive buffer
E (23713) opencores.emac: no mem for receive buffer
E (23713) opencores.emac: no mem for receive buffer
E (23713) opencores.emac: no mem for receive buffer
E (23713) opencores.emac: no mem for receive buffer
E (23713) opencores.emac: no mem for receive buffer
E (23713) opencores.emac: no mem for receive buffer
E (23713) opencores.emac: no mem for receive buffer
E (23723) opencores.emac: no mem for receive buffer
E (23723) opencores.emac: no mem for receive buffer
E (23723) opencores.emac: no mem for receive buffer
E (23723) opencores.emac: no mem for receive buffer
E (23723) opencores.emac: no mem for receive buffer
E (23723) opencores.emac: no mem for receive buffer
E (23723) opencores.emac: no mem for receive buffer
E (23723) opencores.emac: no mem for receive buffer
E (23723) opencores.emac: no mem for receive buffer
E (23723) opencores.emac: no mem for receive buffer
E (23723) opencores.emac: no mem for receive buffer
E (23723) opencores.emac: no mem for receive buffer
E (23723) opencores.emac: no mem for receive buffer
E (23723) opencores.emac: no mem for receive buffer
E (23723) opencores.emac: no mem for receive buffer
E (23723) opencores.emac: no mem for receive buffer
E (23723) opencores.emac: no mem for receive buffer
E (23723) opencores.emac: no mem for receive buffer
E (23723) opencores.emac: no mem for receive buffer
E (23723) opencores.emac: no mem for receive buffer
E (23723) opencores.emac: no mem for receive buffer
E (23723) opencores.emac: no mem for receive buffer
E (23723) opencores.emac: no mem for receive buffer
E (23723) opencores.emac: no mem for receive buffer
E (23723) opencores.emac: no mem for receive buffer
E (23723) opencores.emac: no mem for receive buffer
E (23723) opencores.emac: no mem for receive buffer
E (23723) opencores.emac: no mem for receive buffer
E (23723) opencores.emac: no mem for receive buffer
E (23723) opencores.emac: no mem for receive buffer
E (23723) opencores.emac: no mem for receive buffer
E (23723) opencores.emac: no mem for receive buffer
E (23723) opencores.emac: no mem for receive buffer
E (23723) opencores.emac: no mem for receive buffer
E (23723) opencores.emac: no mem for receive buffer
E (23723) opencores.emac: no mem for receive buffer
E (23723) opencores.emac: no mem for receive buffer
E (23723) opencores.emac: no mem for receive buffer
E (23723) opencores.emac: no mem for receive buffer
E (23723) opencores.emac: no mem for receive buffer
E (23723) opencores.emac: no mem for receive buffer
E (23723) opencores.emac: no mem for receive buffer
E (23723) opencores.emac: no mem for receive buffer
E (23723) opencores.emac: no mem for receive buffer
E (23723) opencores.emac: no mem for receive buffer
E (23723) opencores.emac: no mem for receive buffer
E (23723) opencores.emac: no mem for receive buffer
E (23723) opencores.emac: no mem for receive buffer
E (23723) opencores.emac: no mem for receive buffer
E (23723) opencores.emac: no mem for receive buffer
E (23723) opencores.emac: no mem for receive buffer
E (23723) opencores.emac: no mem for receive buffer
E (23723) opencores.emac: no mem for receive buffer
E (23723) opencores.emac: no mem for receive buffer
E (23723) opencores.emac: no mem for receive buffer
E (23723) opencores.emac: no mem for receive buffer
E (23723) opencores.emac: no mem for receive buffer
E (23723) opencores.emac: no mem for receive buffer
E (23723) opencores.emac: no mem for receive buffer
E (23723) opencores.emac: no mem for receive buffer
E (23723) opencores.emac: no mem for receive buffer
E (23723) opencores.emac: no mem for receive buffer
E (23723) opencores.emac: no mem for receive buffer
E (23723) opencores.emac: no mem for receive buffer
E (23723) opencores.emac: no mem for receive buffer
E (23723) opencores.emac: no mem for receive buffer
E (23723) opencores.emac: no mem for receive buffer
E (23723) opencores.emac: no mem for receive buffer
E (23723) opencores.emac: no mem for receive buffer
E (23723) opencores.emac: no mem for receive buffer
E (23723) opencores.emac: no mem for receive buffer
E (23723) opencores.emac: no mem for receive buffer
E (23723) opencores.emac: no mem for receive buffer
E (23723) opencores.emac: no mem for receive buffer
E (23723) opencores.emac: no mem for receive buffer
E (23723) opencores.emac: no mem for receive buffer
E (23723) opencores.emac: no mem for receive buffer
E (23723) opencores.emac: no mem for receive buffer
E (23723) opencores.emac: no mem for receive buffer
E (23723) opencores.emac: no mem for receive buffer
E (23723) opencores.emac: no mem for receive buffer
E (23723) opencores.emac: no mem for receive buffer
E (23723) opencores.emac: no mem for receive buffer
E (23723) opencores.emac: no mem for receive buffer
E (23723) opencores.emac: no mem for receive buffer
E (23723) opencores.emac: no mem for receive buffer
E (23723) opencores.emac: no mem for receive buffer
E (23723) opencores.emac: no mem for receive buffer
E (23723) opencores.emac: no mem for receive buffer
E (23723) opencores.emac: no mem for receive buffer
E (23723) opencores.emac: no mem for receive buffer
E (23723) opencores.emac: no mem for receive buffer
E (23723) opencores.emac: no mem for receive buffer
E (23723) opencores.emac: no mem for receive buffer
E (23723) opencores.emac: no mem for receive buffer
E (23723) opencores.emac: no mem for receive buffer
E (23723) opencores.emac: no mem for receive buffer
E (23723) opencores.emac: no mem for receive buffer
E (23723) opencores.emac: no mem for receive buffer
E (23723) opencores.emac: no mem for receive buffer
E (23723) opencores.emac: no mem for receive buffer
E (23723) opencores.emac: no mem for receive buffer
E (23723) opencores.emac: no mem for receive buffer
E (23723) opencores.emac: no mem for receive buffer
E (23723) opencores.emac: no mem for receive buffer
E (23723) opencores.emac: no mem for receive buffer
E (23723) opencores.emac: no mem for receive buffer
E (23723) opencores.emac: no mem for receive buffer
E (23723) opencores.emac: no mem for receive buffer
E (23723) opencores.emac: no mem for receive buffer
E (23723) opencores.emac: no mem for receive buffer
E (23723) opencores.emac: no mem for receive buffer
E (23723) opencores.emac: no mem for receive buffer
E (23723) opencores.emac: no mem for receive buffer
E (23723) opencores.emac: no mem for receive buffer
E (23723) opencores.emac: no mem for receive buffer
E (23723) opencores.emac: no mem for receive buffer
E (23723) opencores.emac: no mem for receive buffer
E (23723) opencores.emac: no mem for receive buffer
E (23723) opencores.emac: no mem for receive buffer
E (23723) opencores.emac: no mem for receive buffer
E (23723) opencores.emac: no mem for receive buffer
E (23723) opencores.emac: no mem for receive buffer
E (23723) opencores.emac: no mem for receive buffer
E (23723) opencores.emac: no mem for receive buffer
E (23723) opencores.emac: no mem for receive buffer
E (23723) opencores.emac: no mem for receive buffer
E (23723) opencores.emac: no mem for receive buffer
E (23723) opencores.emac: no mem for receive buffer
E (23723) opencores.emac: no mem for receive buffer
E (23723) opencores.emac: no mem for receive buffer
E (23723) opencores.emac: no mem for receive buffer
E (23723) opencores.emac: no mem for receive buffer
E (23723) opencores.emac: no mem for receive buffer
E (23723) opencores.emac: no mem for receive buffer
E (23723) opencores.emac: no mem for receive buffer
E (23723) opencores.emac: no mem for receive buffer
E (23723) opencores.emac: no mem for receive buffer
E (23723) opencores.emac: no mem for receive buffer
E (23723) opencores.emac: no mem for receive buffer
E (23723) opencores.emac: no mem for receive buffer
E (23723) opencores.emac: no mem for receive buffer
E (23723) opencores.emac: no mem for receive buffer
E (23723) opencores.emac: no mem for receive buffer
E (23723) opencores.emac: no mem for receive buffer
E (23723) opencores.emac: no mem for receive buffer
E (23723) opencores.emac: no mem for receive buffer
E (23723) opencores.emac: no mem for receive buffer
E (23723) opencores.emac: no mem for receive buffer
E (23723) opencores.emac: no mem for receive buffer
E (23723) opencores.emac: no mem for receive buffer
E (23723) opencores.emac: no mem for receive buffer
E (23723) opencores.emac: no mem for receive buffer
E (23723) opencores.emac: no mem for receive buffer
E (23723) opencores.emac: no mem for receive buffer
E (23723) opencores.emac: no mem for receive buffer
E (23723) opencores.emac: no mem for receive buffer
E (23723) opencores.emac: no mem for receive buffer
E (23723) opencores.emac: no mem for receive buffer
E (23723) opencores.emac: no mem for receive buffer
E (23723) opencores.emac: no mem for receive buffer
E (23723) opencores.emac: no mem for receive buffer
E (23723) opencores.emac: no mem for receive buffer
E (23723) opencores.emac: no mem for receive buffer
E (23723) opencores.emac: no mem for receive buffer
E (23723) opencores.emac: no mem for receive buffer
E (23733) opencores.emac: no mem for receive buffer
E (23733) opencores.emac: no mem for receive buffer
E (23733) opencores.emac: no mem for receive buffer
E (23733) opencores.emac: no mem for receive buffer
E (23733) opencores.emac: no mem for receive buffer
E (23733) opencores.emac: no mem for receive buffer
E (23733) opencores.emac: no mem for receive buffer
E (23733) opencores.emac: no mem for receive buffer
E (23733) opencores.emac: no mem for receive buffer
E (23733) opencores.emac: no mem for receive buffer
E (23733) opencores.emac: no mem for receive buffer
E (23733) opencores.emac: no mem for receive buffer
E (23733) opencores.emac: no mem for receive buffer
E (23733) opencores.emac: no mem for receive buffer
E (23733) opencores.emac: no mem for receive buffer
E (23733) opencores.emac: no mem for receive buffer
E (23733) opencores.emac: no mem for receive buffer
E (23733) opencores.emac: no mem for receive buffer
E (23733) opencores.emac: no mem for receive buffer
E (23733) opencores.emac: no mem for receive buffer
E (23733) opencores.emac: no mem for receive buffer
E (23733) opencores.emac: no mem for receive buffer
E (23733) opencores.emac: no mem for receive buffer
E (23733) opencores.emac: no mem for receive buffer
E (23733) opencores.emac: no mem for receive buffer
E (23733) opencores.emac: no mem for receive buffer
E (23733) opencores.emac: no mem for receive buffer
E (23733) opencores.emac: no mem for receive buffer
E (23733) opencores.emac: no mem for receive buffer
E (23733) opencores.emac: no mem for receive buffer
E (23733) opencores.emac: no mem for receive buffer
E (23733) opencores.emac: no mem for receive buffer
E (23733) opencores.emac: no mem for receive buffer
E (23733) opencores.emac: no mem for receive buffer
E (23733) opencores.emac: no mem for receive buffer
E (23733) opencores.emac: no mem for receive buffer
E (23733) opencores.emac: no mem for receive buffer
E (23733) opencores.emac: no mem for receive buffer
E (23733) opencores.emac: no mem for receive buffer
E (23733) opencores.emac: no mem for receive buffer
E (23733) opencores.emac: no mem for receive buffer
E (23733) opencores.emac: no mem for receive buffer
E (23733) opencores.emac: no mem for receive buffer
E (23733) opencores.emac: no mem for receive buffer
E (23733) opencores.emac: no mem for receive buffer
E (23733) opencores.emac: no mem for receive buffer
E (23733) opencores.emac: no mem for receive buffer
E (23733) opencores.emac: no mem for receive buffer
E (23733) opencores.emac: no mem for receive buffer
E (23733) opencores.emac: no mem for receive buffer
E (23733) opencores.emac: no mem for receive buffer
E (23733) opencores.emac: no mem for receive buffer
E (23733) opencores.emac: no mem for receive buffer
E (23733) opencores.emac: no mem for receive buffer
E (23733) opencores.emac: no mem for receive buffer
E (23733) opencores.emac: no mem for receive buffer
E (23733) opencores.emac: no mem for receive buffer
E (23733) opencores.emac: no mem for receive buffer
E (23733) opencores.emac: no mem for receive buffer
E (23733) opencores.emac: no mem for receive buffer
E (23733) opencores.emac: no mem for receive buffer
E (23733) opencores.emac: no mem for receive buffer
E (23733) opencores.emac: no mem for receive buffer
E (23733) opencores.emac: no mem for receive buffer
E (23733) opencores.emac: no mem for receive buffer
E (23733) opencores.emac: no mem for receive buffer
E (23733) opencores.emac: no mem for receive buffer
E (23733) opencores.emac: no mem for receive buffer
E (23733) opencores.emac: no mem for receive buffer
E (23733) opencores.emac: no mem for receive buffer
E (23733) opencores.emac: no mem for receive buffer
E (23733) opencores.emac: no mem for receive buffer
E (23733) opencores.emac: no mem for receive buffer
E (23733) opencores.emac: no mem for receive buffer
E (23733) opencores.emac: no mem for receive buffer
E (23733) opencores.emac: no mem for receive buffer
E (23733) opencores.emac: no mem for receive buffer
E (23733) opencores.emac: no mem for receive buffer
E (23733) opencores.emac: no mem for receive buffer
E (23733) opencores.emac: no mem for receive buffer
E (23733) opencores.emac: no mem for receive buffer
E (23733) opencores.emac: no mem for receive buffer
E (23733) opencores.emac: no mem for receive buffer
E (23733) opencores.emac: no mem for receive buffer
E (23733) opencores.emac: no mem for receive buffer
E (23733) opencores.emac: no mem for receive buffer
E (23733) opencores.emac: no mem for receive buffer
E (23733) opencores.emac: no mem for receive buffer
E (23733) opencores.emac: no mem for receive buffer
E (23733) opencores.emac: no mem for receive buffer
E (23733) opencores.emac: no mem for receive buffer
E (23733) opencores.emac: no mem for receive buffer
E (23733) opencores.emac: no mem for receive buffer
E (23733) opencores.emac: no mem for receive buffer
E (23733) opencores.emac: no mem for receive buffer
E (23733) opencores.emac: no mem for receive buffer
E (23733) opencores.emac: no mem for receive buffer
E (23733) opencores.emac: no mem for receive buffer
E (23733) opencores.emac: no mem for receive buffer
E (23733) opencores.emac: no mem for receive buffer
E (23733) opencores.emac: no mem for receive buffer
E (23733) opencores.emac: no mem for receive buffer
E (23733) opencores.emac: no mem for receive buffer
E (23733) opencores.emac: no mem for receive buffer
E (23733) opencores.emac: no mem for receive buffer
E (23733) opencores.emac: no mem for receive buffer
E (23733) opencores.emac: no mem for receive buffer
E (23733) opencores.emac: no mem for receive buffer
E (23733) opencores.emac: no mem for receive buffer
E (23733) opencores.emac: no mem for receive buffer
E (23733) opencores.emac: no mem for receive buffer
E (23733) opencores.emac: no mem for receive buffer
E (23733) opencores.emac: no mem for receive buffer
E (23733) opencores.emac: no mem for receive buffer
E (23733) opencores.emac: no mem for receive buffer
E (23733) opencores.emac: no mem for receive buffer
E (23733) opencores.emac: no mem for receive buffer
E (23733) opencores.emac: no mem for receive buffer
E (23733) opencores.emac: no mem for receive buffer
E (23733) opencores.emac: no mem for receive buffer
E (23733) opencores.emac: no mem for receive buffer
E (23733) opencores.emac: no mem for receive buffer
E (23733) opencores.emac: no mem for receive buffer
E (23733) opencores.emac: no mem for receive buffer
E (23733) opencores.emac: no mem for receive buffer
E (23733) opencores.emac: no mem for receive buffer
E (23733) opencores.emac: no mem for receive buffer
E (23733) opencores.emac: no mem for receive buffer
E (23733) opencores.emac: no mem for receive buffer
E (23733) opencores.emac: no mem for receive buffer
E (23733) opencores.emac: no mem for receive buffer
E (23733) opencores.emac: no mem for receive buffer
E (23733) opencores.emac: no mem for receive buffer
E (23733) opencores.emac: no mem for receive buffer
E (23733) opencores.emac: no mem for receive buffer
E (23733) opencores.emac: no mem for receive buffer
E (23733) opencores.emac: no mem for receive buffer
E (23733) opencores.emac: no mem for receive buffer
E (23733) opencores.emac: no mem for receive buffer
E (23733) opencores.emac: no mem for receive buffer
E (23733) opencores.emac: no mem for receive buffer
E (23733) opencores.emac: no mem for receive buffer
E (23733) opencores.emac: no mem for receive buffer
E (23733) opencores.emac: no mem for receive buffer
E (23733) opencores.emac: no mem for receive buffer
E (23733) opencores.emac: no mem for receive buffer
E (23733) opencores.emac: no mem for receive buffer
E (23733) opencores.emac: no mem for receive buffer
E (23733) opencores.emac: no mem for receive buffer
E (23733) opencores.emac: no mem for receive buffer
E (23733) opencores.emac: no mem for receive buffer
E (23733) opencores.emac: no mem for receive buffer
E (23733) opencores.emac: no mem for receive buffer
E (23733) opencores.emac: no mem for receive buffer
E (23733) opencores.emac: no mem for receive buffer
E (23733) opencores.emac: no mem for receive buffer
E (23743) opencores.emac: no mem for receive buffer
E (23743) opencores.emac: no mem for receive buffer
E (23743) opencores.emac: no mem for receive buffer
E (23743) opencores.emac: no mem for receive buffer
E (23743) opencores.emac: no mem for receive buffer
E (23743) opencores.emac: no mem for receive buffer
E (23743) opencores.emac: no mem for receive buffer
E (23743) opencores.emac: no mem for receive buffer
E (23743) opencores.emac: no mem for receive buffer
E (23743) opencores.emac: no mem for receive buffer
E (23743) opencores.emac: no mem for receive buffer
E (23743) opencores.emac: no mem for receive buffer
E (23743) opencores.emac: no mem for receive buffer
E (23743) opencores.emac: no mem for receive buffer
E (23743) opencores.emac: no mem for receive buffer
E (23743) opencores.emac: no mem for receive buffer
E (23743) opencores.emac: no mem for receive buffer
E (23743) opencores.emac: no mem for receive buffer
E (23743) opencores.emac: no mem for receive buffer
E (23743) opencores.emac: no mem for receive buffer
E (23743) opencores.emac: no mem for receive buffer
E (23743) opencores.emac: no mem for receive buffer
E (23743) opencores.emac: no mem for receive buffer
E (23743) opencores.emac: no mem for receive buffer
E (23743) opencores.emac: no mem for receive buffer
E (23743) opencores.emac: no mem for receive buffer
E (23743) opencores.emac: no mem for receive buffer
E (23743) opencores.emac: no mem for receive buffer
E (23743) opencores.emac: no mem for receive buffer
E (23743) opencores.emac: no mem for receive buffer
E (23743) opencores.emac: no mem for receive buffer
E (23743) opencores.emac: no mem for receive buffer
E (23743) opencores.emac: no mem for receive buffer
E (23743) opencores.emac: no mem for receive buffer
E (23743) opencores.emac: no mem for receive buffer
E (23743) opencores.emac: no mem for receive buffer
E (23743) opencores.emac: no mem for receive buffer
E (23743) opencores.emac: no mem for receive buffer
E (23743) opencores.emac: no mem for receive buffer
E (23743) opencores.emac: no mem for receive buffer
E (23743) opencores.emac: no mem for receive buffer
E (23743) opencores.emac: no mem for receive buffer
E (23743) opencores.emac: no mem for receive buffer
E (23743) opencores.emac: no mem for receive buffer
E (23743) opencores.emac: no mem for receive buffer
E (23743) opencores.emac: no mem for receive buffer
E (23743) opencores.emac: no mem for receive buffer
E (23743) opencores.emac: no mem for receive buffer
E (23743) opencores.emac: no mem for receive buffer
E (23743) opencores.emac: no mem for receive buffer
E (23743) opencores.emac: no mem for receive buffer
E (23743) opencores.emac: no mem for receive buffer
E (23743) opencores.emac: no mem for receive buffer
E (23743) opencores.emac: no mem for receive buffer
E (23743) opencores.emac: no mem for receive buffer
E (23743) opencores.emac: no mem for receive buffer
E (23743) opencores.emac: no mem for receive buffer
E (23743) opencores.emac: no mem for receive buffer
E (23743) opencores.emac: no mem for receive buffer
E (23743) opencores.emac: no mem for receive buffer
E (23743) opencores.emac: no mem for receive buffer
E (23743) opencores.emac: no mem for receive buffer
E (23743) opencores.emac: no mem for receive buffer
E (23743) opencores.emac: no mem for receive buffer
E (23743) opencores.emac: no mem for receive buffer
E (23743) opencores.emac: no mem for receive buffer
E (23743) opencores.emac: no mem for receive buffer
E (23743) opencores.emac: no mem for receive buffer
E (23743) opencores.emac: no mem for receive buffer
E (23743) opencores.emac: no mem for receive buffer
E (23743) opencores.emac: no mem for receive buffer
E (23743) opencores.emac: no mem for receive buffer
E (23743) opencores.emac: no mem for receive buffer
E (23743) opencores.emac: no mem for receive buffer
E (23743) opencores.emac: no mem for receive buffer
E (23743) opencores.emac: no mem for receive buffer
E (23743) opencores.emac: no mem for receive buffer
E (23743) opencores.emac: no mem for receive buffer
E (23743) opencores.emac: no mem for receive buffer
[LOG TRUNCATED: 原始 1364003 行 / 70M，关键证据行与末尾 500 行如下，完整日志可按工程 README/文章实验节复现]
E (124833) opencores.emac: no mem for receive buffer
E (124833) opencores.emac: no mem for receive buffer
E (124833) opencores.emac: no mem for receive buffer
E (124833) opencores.emac: no mem for receive buffer
E (124833) opencores.emac: no mem for receive buffer
E (124833) opencores.emac: no mem for receive buffer
E (124833) opencores.emac: no mem for receive buffer
E (124833) opencores.emac: no mem for receive buffer
E (124833) opencores.emac: no mem for receive buffer
E (124833) opencores.emac: no mem for receive buffer
E (124833) opencores.emac: no mem for receive buffer
E (124833) opencores.emac: no mem for receive buffer
E (124833) opencores.emac: no mem for receive buffer
E (124833) opencores.emac: no mem for receive buffer
E (124833) opencores.emac: no mem for receive buffer
E (124833) opencores.emac: no mem for receive buffer
E (124833) opencores.emac: no mem for receive buffer
E (124833) opencores.emac: no mem for receive buffer
E (124833) opencores.emac: no mem for receive buffer
E (124833) opencores.emac: no mem for receive buffer
E (124833) opencores.emac: no mem for receive buffer
E (124833) opencores.emac: no mem for receive buffer
E (124833) opencores.emac: no mem for receive buffer
E (124833) opencores.emac: no mem for receive buffer
E (124833) opencores.emac: no mem for receive buffer
E (124833) opencores.emac: no mem for receive buffer
E (124833) opencores.emac: no mem for receive buffer
E (124833) opencores.emac: no mem for receive buffer
E (124833) opencores.emac: no mem for receive buffer
E (124833) opencores.emac: no mem for receive buffer
E (124833) opencores.emac: no mem for receive buffer
E (124833) opencores.emac: no mem for receive buffer
E (124833) opencores.emac: no mem for receive buffer
E (124833) opencores.emac: no mem for receive buffer
E (124833) opencores.emac: no mem for receive buffer
E (124833) opencores.emac: no mem for receive buffer
E (124833) opencores.emac: no mem for receive buffer
E (124833) opencores.emac: no mem for receive buffer
E (124833) opencores.emac: no mem for receive buffer
E (124833) opencores.emac: no mem for receive buffer
E (124833) opencores.emac: no mem for receive buffer
E (124833) opencores.emac: no mem for receive buffer
E (124833) opencores.emac: no mem for receive buffer
E (124833) opencores.emac: no mem for receive buffer
E (124833) opencores.emac: no mem for receive buffer
E (124833) opencores.emac: no mem for receive buffer
E (124833) opencores.emac: no mem for receive buffer
E (124833) opencores.emac: no mem for receive buffer
E (124833) opencores.emac: no mem for receive buffer
E (124833) opencores.emac: no mem for receive buffer
E (124833) opencores.emac: no mem for receive buffer
E (124833) opencores.emac: no mem for receive buffer
E (124833) opencores.emac: no mem for receive buffer
E (124833) opencores.emac: no mem for receive buffer
E (124833) opencores.emac: no mem for receive buffer
E (124833) opencores.emac: no mem for receive buffer
E (124833) opencores.emac: no mem for receive buffer
E (124833) opencores.emac: no mem for receive buffer
E (124833) opencores.emac: no mem for receive buffer
E (124833) opencores.emac: no mem for receive buffer
E (124833) opencores.emac: no mem for receive buffer
E (124833) opencores.emac: no mem for receive buffer
E (124833) opencores.emac: no mem for receive buffer
E (124833) opencores.emac: no mem for receive buffer
E (124833) opencores.emac: no mem for receive buffer
E (124833) opencores.emac: no mem for receive buffer
E (124833) opencores.emac: no mem for receive buffer
E (124833) opencores.emac: no mem for receive buffer
E (124833) opencores.emac: no mem for receive buffer
E (124833) opencores.emac: no mem for receive buffer
E (124833) opencores.emac: no mem for receive buffer
E (124833) opencores.emac: no mem for receive buffer
E (124833) opencores.emac: no mem for receive buffer
E (124833) opencores.emac: no mem for receive buffer
E (124833) opencores.emac: no mem for receive buffer
E (124833) opencores.emac: no mem for receive buffer
E (124833) opencores.emac: no mem for receive buffer
E (124833) opencores.emac: no mem for receive buffer
E (124833) opencores.emac: no mem for receive buffer
E (124833) opencores.emac: no mem for receive buffer
E (124833) opencores.emac: no mem for receive buffer
E (124833) opencores.emac: no mem for receive buffer
E (124833) opencores.emac: no mem for receive buffer
E (124833) opencores.emac: no mem for receive buffer
E (124833) opencores.emac: no mem for receive buffer
E (124833) opencores.emac: no mem for receive buffer
E (124833) opencores.emac: no mem for receive buffer
E (124833) opencores.emac: no mem for receive buffer
E (124833) opencores.emac: no mem for receive buffer
E (124833) opencores.emac: no mem for receive buffer
E (124833) opencores.emac: no mem for receive buffer
E (124833) opencores.emac: no mem for receive buffer
E (124833) opencores.emac: no mem for receive buffer
E (124833) opencores.emac: no mem for receive buffer
E (124833) opencores.emac: no mem for receive buffer
E (124833) opencores.emac: no mem for receive buffer
E (124833) opencores.emac: no mem for receive buffer
E (124833) opencores.emac: no mem for receive buffer
E (124833) opencores.emac: no mem for receive buffer
E (124833) opencores.emac: no mem for receive buffer
E (124833) opencores.emac: no mem for receive buffer
E (124833) opencores.emac: no mem for receive buffer
E (124833) opencores.emac: no mem for receive buffer
E (124833) opencores.emac: no mem for receive buffer
E (124833) opencores.emac: no mem for receive buffer
E (124833) opencores.emac: no mem for receive buffer
E (124833) opencores.emac: no mem for receive buffer
E (124833) opencores.emac: no mem for receive buffer
E (124833) opencores.emac: no mem for receive buffer
E (124833) opencores.emac: no mem for receive buffer
E (124833) opencores.emac: no mem for receive buffer
E (124833) opencores.emac: no mem for receive buffer
E (124833) opencores.emac: no mem for receive buffer
E (124833) opencores.emac: no mem for receive buffer
E (124843) opencores.emac: no mem for receive buffer
E (124843) opencores.emac: no mem for receive buffer
E (124843) opencores.emac: no mem for receive buffer
E (124843) opencores.emac: no mem for receive buffer
E (124843) opencores.emac: no mem for receive buffer
E (124843) opencores.emac: no mem for receive buffer
E (124843) opencores.emac: no mem for receive buffer
E (124843) opencores.emac: no mem for receive buffer
E (124843) opencores.emac: no mem for receive buffer
E (124843) opencores.emac: no mem for receive buffer
E (124843) opencores.emac: no mem for receive buffer
E (124843) opencores.emac: no mem for receive buffer
E (124843) opencores.emac: no mem for receive buffer
E (124843) opencores.emac: no mem for receive buffer
E (124843) opencores.emac: no mem for receive buffer
E (124843) opencores.emac: no mem for receive buffer
E (124843) opencores.emac: no mem for receive buffer
E (124843) opencores.emac: no mem for receive buffer
E (124843) opencores.emac: no mem for receive buffer
E (124843) opencores.emac: no mem for receive buffer
E (124843) opencores.emac: no mem for receive buffer
E (124843) opencores.emac: no mem for receive buffer
E (124843) opencores.emac: no mem for receive buffer
E (124843) opencores.emac: no mem for receive buffer
E (124843) opencores.emac: no mem for receive buffer
E (124843) opencores.emac: no mem for receive buffer
E (124843) opencores.emac: no mem for receive buffer
E (124843) opencores.emac: no mem for receive buffer
E (124843) opencores.emac: no mem for receive buffer
E (124843) opencores.emac: no mem for receive buffer
E (124843) opencores.emac: no mem for receive buffer
E (124843) opencores.emac: no mem for receive buffer
E (124843) opencores.emac: no mem for receive buffer
E (124843) opencores.emac: no mem for receive buffer
E (124843) opencores.emac: no mem for receive buffer
E (124843) opencores.emac: no mem for receive buffer
E (124843) opencores.emac: no mem for receive buffer
E (124843) opencores.emac: no mem for receive buffer
E (124843) opencores.emac: no mem for receive buffer
E (124843) opencores.emac: no mem for receive buffer
E (124843) opencores.emac: no mem for receive buffer
E (124843) opencores.emac: no mem for receive buffer
E (124843) opencores.emac: no mem for receive buffer
E (124843) opencores.emac: no mem for receive buffer
E (124843) opencores.emac: no mem for receive buffer
E (124843) opencores.emac: no mem for receive buffer
E (124843) opencores.emac: no mem for receive buffer
E (124843) opencores.emac: no mem for receive buffer
E (124843) opencores.emac: no mem for receive buffer
E (124843) opencores.emac: no mem for receive buffer
E (124843) opencores.emac: no mem for receive buffer
E (124843) opencores.emac: no mem for receive buffer
E (124843) opencores.emac: no mem for receive buffer
E (124843) opencores.emac: no mem for receive buffer
E (124843) opencores.emac: no mem for receive buffer
E (124843) opencores.emac: no mem for receive buffer
E (124843) opencores.emac: no mem for receive buffer
E (124843) opencores.emac: no mem for receive buffer
E (124843) opencores.emac: no mem for receive buffer
E (124843) opencores.emac: no mem for receive buffer
E (124843) opencores.emac: no mem for receive buffer
E (124843) opencores.emac: no mem for receive buffer
E (124843) opencores.emac: no mem for receive buffer
E (124843) opencores.emac: no mem for receive buffer
E (124843) opencores.emac: no mem for receive buffer
E (124843) opencores.emac: no mem for receive buffer
E (124843) opencores.emac: no mem for receive buffer
E (124843) opencores.emac: no mem for receive buffer
E (124843) opencores.emac: no mem for receive buffer
E (124843) opencores.emac: no mem for receive buffer
E (124843) opencores.emac: no mem for receive buffer
E (124843) opencores.emac: no mem for receive buffer
E (124843) opencores.emac: no mem for receive buffer
E (124843) opencores.emac: no mem for receive buffer
E (124843) opencores.emac: no mem for receive buffer
E (124843) opencores.emac: no mem for receive buffer
E (124843) opencores.emac: no mem for receive buffer
E (124843) opencores.emac: no mem for receive buffer
E (124843) opencores.emac: no mem for receive buffer
E (124843) opencores.emac: no mem for receive buffer
E (124843) opencores.emac: no mem for receive buffer
E (124843) opencores.emac: no mem for receive buffer
E (124843) opencores.emac: no mem for receive buffer
E (124843) opencores.emac: no mem for receive buffer
E (124843) opencores.emac: no mem for receive buffer
E (124843) opencores.emac: no mem for receive buffer
E (124843) opencores.emac: no mem for receive buffer
E (124843) opencores.emac: no mem for receive buffer
E (124843) opencores.emac: no mem for receive buffer
E (124843) opencores.emac: no mem for receive buffer
E (124843) opencores.emac: no mem for receive buffer
E (124843) opencores.emac: no mem for receive buffer
E (124843) opencores.emac: no mem for receive buffer
E (124843) opencores.emac: no mem for receive buffer
E (124843) opencores.emac: no mem for receive buffer
E (124843) opencores.emac: no mem for receive buffer
E (124843) opencores.emac: no mem for receive buffer
E (124843) opencores.emac: no mem for receive buffer
E (124843) opencores.emac: no mem for receive buffer
E (124843) opencores.emac: no mem for receive buffer
E (124843) opencores.emac: no mem for receive buffer
E (124843) opencores.emac: no mem for receive buffer
E (124843) opencores.emac: no mem for receive buffer
E (124843) opencores.emac: no mem for receive buffer
E (124843) opencores.emac: no mem for receive buffer
E (124843) opencores.emac: no mem for receive buffer
E (124843) opencores.emac: no mem for receive buffer
E (124843) opencores.emac: no mem for receive buffer
E (124843) opencores.emac: no mem for receive buffer
E (124843) opencores.emac: no mem for receive buffer
E (124843) opencores.emac: no mem for receive buffer
E (124843) opencores.emac: no mem for receive buffer
E (124843) opencores.emac: no mem for receive buffer
E (124843) opencores.emac: no mem for receive buffer
E (124843) opencores.emac: no mem for receive buffer
E (124843) opencores.emac: no mem for receive buffer
E (124843) opencores.emac: no mem for receive buffer
E (124843) opencores.emac: no mem for receive buffer
E (124843) opencores.emac: no mem for receive buffer
E (124843) opencores.emac: no mem for receive buffer
E (124843) opencores.emac: no mem for receive buffer
E (124843) opencores.emac: no mem for receive buffer
E (124843) opencores.emac: no mem for receive buffer
E (124843) opencores.emac: no mem for receive buffer
E (124843) opencores.emac: no mem for receive buffer
E (124843) opencores.emac: no mem for receive buffer
E (124843) opencores.emac: no mem for receive buffer
E (124843) opencores.emac: no mem for receive buffer
E (124843) opencores.emac: no mem for receive buffer
E (124843) opencores.emac: no mem for receive buffer
E (124843) opencores.emac: no mem for receive buffer
E (124843) opencores.emac: no mem for receive buffer
E (124843) opencores.emac: no mem for receive buffer
E (124843) opencores.emac: no mem for receive buffer
E (124853) opencores.emac: no mem for receive buffer
E (124853) opencores.emac: no mem for receive buffer
E (124853) opencores.emac: no mem for receive buffer
E (124853) opencores.emac: no mem for receive buffer
E (124853) opencores.emac: no mem for receive buffer
E (124853) opencores.emac: no mem for receive buffer
E (124853) opencores.emac: no mem for receive buffer
E (124853) opencores.emac: no mem for receive buffer
E (124853) opencores.emac: no mem for receive buffer
E (124853) opencores.emac: no mem for receive buffer
E (124853) opencores.emac: no mem for receive buffer
E (124853) opencores.emac: no mem for receive buffer
E (124853) opencores.emac: no mem for receive buffer
E (124853) opencores.emac: no mem for receive buffer
E (124853) opencores.emac: no mem for receive buffer
E (124853) opencores.emac: no mem for receive buffer
E (124853) opencores.emac: no mem for receive buffer
E (124853) opencores.emac: no mem for receive buffer
E (124853) opencores.emac: no mem for receive buffer
E (124853) opencores.emac: no mem for receive buffer
E (124853) opencores.emac: no mem for receive buffer
E (124853) opencores.emac: no mem for receive buffer
E (124853) opencores.emac: no mem for receive buffer
E (124853) opencores.emac: no mem for receive buffer
E (124853) opencores.emac: no mem for receive buffer
E (124853) opencores.emac: no mem for receive buffer
E (124853) opencores.emac: no mem for receive buffer
E (124853) opencores.emac: no mem for receive buffer
E (124853) opencores.emac: no mem for receive buffer
E (124853) opencores.emac: no mem for receive buffer
E (124853) opencores.emac: no mem for receive buffer
E (124853) opencores.emac: no mem for receive buffer
E (124853) opencores.emac: no mem for receive buffer
E (124853) opencores.emac: no mem for receive buffer
E (124853) opencores.emac: no mem for receive buffer
E (124853) opencores.emac: no mem for receive buffer
E (124853) opencores.emac: no mem for receive buffer
E (124853) opencores.emac: no mem for receive buffer
E (124853) opencores.emac: no mem for receive buffer
E (124853) opencores.emac: no mem for receive buffer
E (124853) opencores.emac: no mem for receive buffer
E (124853) opencores.emac: no mem for receive buffer
E (124853) opencores.emac: no mem for receive buffer
E (124853) opencores.emac: no mem for receive buffer
E (124853) opencores.emac: no mem for receive buffer
E (124853) opencores.emac: no mem for receive buffer
E (124853) opencores.emac: no mem for receive buffer
E (124853) opencores.emac: no mem for receive buffer
E (124853) opencores.emac: no mem for receive buffer
E (124853) opencores.emac: no mem for receive buffer
E (124853) opencores.emac: no mem for receive buffer
E (124853) opencores.emac: no mem for receive buffer
E (124853) opencores.emac: no mem for receive buffer
E (124853) opencores.emac: no mem for receive buffer
E (124853) opencores.emac: no mem for receive buffer
E (124853) opencores.emac: no mem for receive buffer
E (124853) opencores.emac: no mem for receive buffer
E (124853) opencores.emac: no mem for receive buffer
E (124853) opencores.emac: no mem for receive buffer
E (124853) opencores.emac: no mem for receive buffer
E (124853) opencores.emac: no mem for receive buffer
E (124853) opencores.emac: no mem for receive buffer
E (124853) opencores.emac: no mem for receive buffer
E (124853) opencores.emac: no mem for receive buffer
E (124853) opencores.emac: no mem for receive buffer
E (124853) opencores.emac: no mem for receive buffer
E (124853) opencores.emac: no mem for receive buffer
E (124853) opencores.emac: no mem for receive buffer
E (124853) opencores.emac: no mem for receive buffer
E (124853) opencores.emac: no mem for receive buffer
E (124853) opencores.emac: no mem for receive buffer
E (124853) opencores.emac: no mem for receive buffer
E (124853) opencores.emac: no mem for receive buffer
E (124853) opencores.emac: no mem for receive buffer
E (124853) opencores.emac: no mem for receive buffer
E (124853) opencores.emac: no mem for receive buffer
E (124853) opencores.emac: no mem for receive buffer
E (124853) opencores.emac: no mem for receive buffer
E (124853) opencores.emac: no mem for receive buffer
E (124853) opencores.emac: no mem for receive buffer
E (124853) opencores.emac: no mem for receive buffer
E (124853) opencores.emac: no mem for receive buffer
E (124853) opencores.emac: no mem for receive buffer
E (124853) opencores.emac: no mem for receive buffer
E (124853) opencores.emac: no mem for receive buffer
E (124853) opencores.emac: no mem for receive buffer
E (124853) opencores.emac: no mem for receive buffer
E (124853) opencores.emac: no mem for receive buffer
E (124853) opencores.emac: no mem for receive buffer
E (124853) opencores.emac: no mem for receive buffer
E (124853) opencores.emac: no mem for receive buffer
E (124853) opencores.emac: no mem for receive buffer
E (124853) opencores.emac: no mem for receive buffer
E (124853) opencores.emac: no mem for receive buffer
E (124853) opencores.emac: no mem for receive buffer
E (124853) opencores.emac: no mem for receive buffer
E (124853) opencores.emac: no mem for receive buffer
E (124853) opencores.emac: no mem for receive buffer
E (124853) opencores.emac: no mem for receive buffer
E (124853) opencores.emac: no mem for receive buffer
E (124853) opencores.emac: no mem for receive buffer
E (124853) opencores.emac: no mem for receive buffer
E (124853) opencores.emac: no mem for receive buffer
E (124853) opencores.emac: no mem for receive buffer
E (124853) opencores.emac: no mem for receive buffer
E (124853) opencores.emac: no mem for receive buffer
E (124853) opencores.emac: no mem for receive buffer
E (124853) opencores.emac: no mem for receive buffer
E (124853) opencores.emac: no mem for receive buffer
E (124853) opencores.emac: no mem for receive buffer
E (124853) opencores.emac: no mem for receive buffer
E (124853) opencores.emac: no mem for receive buffer
E (124853) opencores.emac: no mem for receive buffer
E (124853) opencores.emac: no mem for receive buffer
E (124853) opencores.emac: no mem for receive buffer
E (124853) opencores.emac: no mem for receive buffer
E (124853) opencores.emac: no mem for receive buffer
E (124853) opencores.emac: no mem for receive buffer
E (124853) opencores.emac: no mem for receive buffer
E (124853) opencores.emac: no mem for receive buffer
E (124853) opencores.emac: no mem for receive buffer
E (124853) opencores.emac: no mem for receive buffer
E (124853) opencores.emac: no mem for receive buffer
E (124853) opencores.emac: no mem for receive buffer
E (124853) opencores.emac: no mem for receive buffer
E (124853) opencores.emac: no mem for receive buffer
E (124853) opencores.emac: no mem for receive buffer
E (124853) opencores.emac: no mem for receive buffer
E (124853) opencores.emac: no mem for receive buffer
E (124853) opencores.emac: no mem for receive buffer
E (124853) opencores.emac: no mem for receive buffer
E (124853) opencores.emac: no mem for receive buffer
E (124853) opencores.emac: no mem for receive buffer
E (124863) opencores.emac: no mem for receive buffer
E (124863) opencores.emac: no mem for receive buffer
E (124863) opencores.emac: no mem for receive buffer
E (124863) opencores.emac: no mem for receive buffer
E (124863) opencores.emac: no mem for receive buffer
E (124863) opencores.emac: no mem for receive buffer
E (124863) opencores.emac: no mem for receive buffer
E (124863) opencores.emac: no mem for receive buffer
E (124863) opencores.emac: no mem for receive buffer
E (124863) opencores.emac: no mem for receive buffer
E (124863) opencores.emac: no mem for receive buffer
E (124863) opencores.emac: no mem for receive buffer
E (124863) opencores.emac: no mem for receive buffer
E (124863) opencores.emac: no mem for receive buffer
E (124863) opencores.emac: no mem for receive buffer
E (124863) opencores.emac: no mem for receive buffer
E (124863) opencores.emac: no mem for receive buffer
E (124863) opencores.emac: no mem for receive buffer
E (124863) opencores.emac: no mem for receive buffer
E (124863) opencores.emac: no mem for receive buffer
E (124863) opencores.emac: no mem for receive buffer
E (124863) opencores.emac: no mem for receive buffer
E (124863) opencores.emac: no mem for receive buffer
E (124863) opencores.emac: no mem for receive buffer
E (124863) opencores.emac: no mem for receive buffer
E (124863) opencores.emac: no mem for receive buffer
E (124863) opencores.emac: no mem for receive buffer
E (124863) opencores.emac: no mem for receive buffer
E (124863) opencores.emac: no mem for receive buffer
E (124863) opencores.emac: no mem for receive buffer
E (124863) opencores.emac: no mem for receive buffer
E (124863) opencores.emac: no mem for receive buffer
E (124863) opencores.emac: no mem for receive buffer
E (124863) opencores.emac: no mem for receive buffer
E (124863) opencores.emac: no mem for receive buffer
E (124863) opencores.emac: no mem for receive buffer
E (124863) opencores.emac: no mem for receive buffer
E (124863) opencores.emac: no mem for receive buffer
E (124863) opencores.emac: no mem for receive buffer
E (124863) opencores.emac: no mem for receive buffer
E (124863) opencores.emac: no mem for receive buffer
E (124863) opencores.emac: no mem for receive buffer
E (124863) opencores.emac: no mem for receive buffer
E (124863) opencores.emac: no mem for receive buffer
E (124863) opencores.emac: no mem for receive buffer
E (124863) opencores.emac: no mem for receive buffer
E (124863) opencores.emac: no mem for receive buffer
E (124863) opencores.emac: no mem for receive buffer
E (124863) opencores.emac: no mem for receive buffer
E (124863) opencores.emac: no mem for receive buffer
E (124863) opencores.emac: no mem for receive buffer
E (124863) opencores.emac: no mem for receive buffer
E (124863) opencores.emac: no mem for receive buffer
E (124863) opencores.emac: no mem for receive buffer
E (124863) opencores.emac: no mem for receive buffer
E (124863) opencores.emac: no mem for receive buffer
E (124863) opencores.emac: no mem for receive buffer
E (124863) opencores.emac: no mem for receive buffer
E (124863) opencores.emac: no mem for receive buffer
E (124863) opencores.emac: no mem for receive buffer
E (124863) opencores.emac: no mem for receive buffer
E (124863) opencores.emac: no mem for receive buffer
E (124863) opencores.emac: no mem for receive buffer
E (124863) opencores.emac: no mem for receive buffer
E (124863) opencores.emac: no mem for receive buffer
E (124863) opencores.emac: no mem for receive buffer
E (124863) opencores.emac: no mem for receive buffer
E (124863) opencores.emac: no mem for receive buffer
E (124863) opencores.emac: no mem for receive buffer
E (124863) opencores.emac: no mem for receive buffer
E (124863) opencores.emac: no mem for receive buffer
E (124863) opencores.emac: no mem for receive buffer
E (124863) opencores.emac: no mem for receive buffer
E (124863) opencores.emac: no mem for receive buffer
E (124863) opencores.emac: no mem for receive buffer
E (124863) opencores.emac: no mem for receive buffer
E (124863) opencores.emac: no mem for receive buffer
E (124863) opencores.emac: no mem for receive buffer
E (124863) opencores.emac: no mem for receive buffer
E (124863) opencores.emac: no mem for receive buffer
E (124863) opencores.emac: no mem for receive buffer
E (124863) opencores.emac: no mem for receive buffer
E (124863) opencores.emac: no mem for receive buffer
E (124863) opencores.emac: no mem for receive buffer
E (124863) opencores.emac: no mem for receive buffer
E (124863) opencores.emac: no mem for receive buffer
E (124863) opencores.emac: no mem for receive buffer
E (124863) opencores.emac: no mem for receive buffer
E (124863) opencores.emac: no mem for receive buffer
E (124863) opencores.emac: no mem for receive buffer
E (124863) opencores.emac: no mem for receive buffer
E (124863) opencores.emac: no mem for receive buffer
E (124863) opencores.emac: no mem for receive buffer
E (124863) opencores.emac: no mem for receive buffer
E (124863) opencores.emac: no mem for receive buffer
E (124863) opencores.emac: no mem for receive buffer
E (124863) opencores.emac: no mem for receive buffer
E (124863) opencores.emac: no mem for receive buffer
E (124863) opencores.emac: no mem for receive buffer
E (124863) opencores.emac: no mem for receive buffer
E (124863) opencores.emac: no mem for receive buffer
E (124863) opencores.emac: no mem for receive buffer
E (124863) opencores.emac: no mem for receive buffer
E (124863) opencores.emac: no mem for receive buffer
E (124863) opencores.emac: no mem for receive buffer
E (124863) opencores.emac: no mem for receive buffer
E (124863) opencores.emac: no mem for receive buffer
E (124863) opencores.emac: no mem for receive buffer
E (124863) opencores.emac: no mem for receive buffer
E (124863) opencores.emac: no mem for receive buffer
E (124863) opencores.emac: no mem for receive buffer
E (124863) opencores.emac: no mem for receive buffer
E (124863) opencores.emac: no mem for receive buffer
E (124863) opencores.emac: no mem for receive buffer
E (124863) opencores.emac: no mem for receive buffer
E (124863) opencores.emac: no mem for receive buffer
E (124863) opencores.emac: no mem for receive buffer
E (124863) opencores.emac: no mem for receive buffer
E (124863) opencores.emac: no mem for re