Adding SPI flash device
ets Jul 29 2019 12:21:46

rst:0x1 (POWERON_RESET),boot:0x12 (SPI_FAST_FLASH_BOOT)
configsip: 0, SPIWP:0xee
clk_drv:0x00,q_drv:0x00,d_drv:0x00,cs0_drv:0x00,hd_drv:0x00,wp_drv:0x00
mode:DIO, clock div:2
load:0x3fff0040,len:6272
load:0x40078000,len:15820
load:0x40080400,len:3920
entry 0x40080644
I (657) boot: ESP-IDF v6.0.2 2nd stage bootloader
I (658) boot: compile time Aug 27 2026 02:30:13
I (658) boot: Multicore bootloader
I (691) boot: chip revision: v3.0
I (692) boot.esp32: SPI Speed      : 40MHz
I (692) boot.esp32: SPI Mode       : DIO
I (692) boot.esp32: SPI Flash Size : 2MB
I (697) boot: Enabling RNG early entropy source...
I (702) boot: Partition Table:
I (703) boot: ## Label            Usage          Type ST Offset   Length
I (703) boot:  0 nvs              WiFi data        01 02 00009000 00006000
I (703) boot:  1 phy_init         RF data          01 01 0000f000 00001000
I (703) boot:  2 factory          factory app      00 00 00010000 00100000
I (706) boot: End of partition table
I (737) esp_image: segment 0: paddr=00010020 vaddr=3f400020 size=0f0b4h ( 61620) map
I (752) esp_image: segment 1: paddr=0001f0dc vaddr=3ffb0000 size=00f3ch (  3900) load
I (767) esp_image: segment 2: paddr=00020020 vaddr=400d0020 size=2a40ch (173068) map
I (793) esp_image: segment 3: paddr=0004a434 vaddr=3ffb0f3c size=01b90h (  7056) load
I (813) esp_image: segment 4: paddr=0004bfcc vaddr=40080000 size=0b23ch ( 45628) load
I (844) esp_image: segment 5: paddr=00057210 vaddr=50000000 size=00028h (    40) load
I (913) boot: Loaded app from partition at offset 0x10000
I (914) boot: Disabling RNG early entropy source...
I (926) cpu_start: Multicore app
I (1558) cpu_start: GPIO 3 and 1 are used as console UART I/O pins
I (1561) cpu_start: Pro cpu start user code
I (1561) cpu_start: cpu freq: 160000000 Hz
I (1561) app_init: Application information:
I (1561) app_init: Project name:     lwip_ch15_raw_api_callbacks
I (1561) app_init: App version:      924d871
I (1561) app_init: Compile time:     Aug 27 2026 02:29:47
I (1562) app_init: ELF file SHA256:  49b9f39e5...
I (1562) app_init: ESP-IDF:          v6.0.2
I (1562) efuse_init: Min chip rev:     v0.0
I (1562) efuse_init: Max chip rev:     v3.99 
I (1562) efuse_init: Chip rev:         v3.0
I (1563) heap_init: Initializing. RAM available for dynamic allocation:
I (1563) heap_init: At 3FFAE6E0 len 00001920 (6 KiB): DRAM
I (1563) heap_init: At 3FFB49F0 len 0002B610 (173 KiB): DRAM
I (1563) heap_init: At 3FFE0440 len 00003AE0 (14 KiB): D/IRAM
I (1563) heap_init: At 3FFE4350 len 0001BCB0 (111 KiB): D/IRAM
I (1564) heap_init: At 4008B23C len 00014DC4 (83 KiB): IRAM
I (1594) spi_flash: detected chip: winbond
I (1598) spi_flash: flash io: dio
I (1615) main_task: Started on CPU0
I (1615) main_task: Calling app_main()
I (1615) ch15lab: == ch15 lab: raw tcp callbacks / retval protocol / faults ==
I (1645) esp_eth.netif.netif_glue: 52:54:00:12:34:56
I (1645) esp_eth.netif.netif_glue: ethernet attached to netif
I (1745) ch15lab: ETH_EVENT id=0
E (1745) esp_eth: esp_eth_ioctl(533): add mac address to filter not supported
E (1745) esp_eth.netif.netif_glue: eth_set_mac_filter(56): failed to add mac filter
E (1745) esp_netif_lwip: Failed to add multicast filter for IPv4
I (1745) ch15lab: ETH_EVENT id=2
I (2745) ch15lab: GOT_IP: 10.0.2.15
I (2745) esp_netif_handlers: eth ip: 10.0.2.15, mask: 255.255.255.0, gw: 10.0.2.2
CH15-FACT sizeof(struct tcp_pcb)=208 MSS=1440 WND=5760 SND_BUF=5760 TCPIP_RECVMBOX=32 MAX_ACTIVE_TCP=16 SLOW_TMR=250 FAST_TMR=250 CHECK_THREAD_SAFETY=0 CORE_LOCKING=0
CH15-SERVER ctrl port=8027 started
CH15-SERVER api=raw port=8017 listening (runs in tcpip thread)
CH15-SERVER api=socket port=8517 fd=48 listening (task=ch15_sock)
CH15-READY raw=8017 sock=8517 ctrl_udp=8027 keepalive=600s
CH15-HB active=0 leaks=0 aborts=0 sock_rx=0 busy=0 leak_eof=0
CH15-HEAP free=267104 low=266912 lfb=147456 (MEM_STATS 编译期关闭)
CH15-HB active=0 leaks=0 aborts=0 sock_rx=0 busy=0 leak_eof=0
CH15-HEAP free=267104 low=266912 lfb=147456 (MEM_STATS 编译期关闭)
CH15-HB active=0 leaks=0 aborts=0 sock_rx=0 busy=0 leak_eof=0
CH15-HEAP free=267104 low=266912 lfb=147456 (MEM_STATS 编译期关闭)
CH15-ACCEPT pcb=0x3ffbbe7c lport=8017
E (22445) opencores.emac: no mem for receive buffer
E (22445) opencores.emac: no mem for receive buffer
E (22445) opencores.emac: no mem for receive buffer
E (22445) opencores.emac: no mem for receive buffer
E (22445) opencores.emac: no mem for receive buffer
E (22445) opencores.emac: no mem for receive buffer
E (22445) opencores.emac: no mem for receive buffer
E (22445) opencores.emac: no mem for receive buffer
E (22445) opencores.emac: no mem for receive buffer
E (22445) opencores.emac: no mem for receive buffer
E (22445) opencores.emac: no mem for receive buffer
E (22445) opencores.emac: no mem for receive buffer
E (22445) opencores.emac: no mem for receive buffer
E (22445) opencores.emac: no mem for receive buffer
E (22445) opencores.emac: no mem for receive buffer
E (22445) opencores.emac: no mem for receive buffer
E (22445) opencores.emac: no mem for receive buffer
E (22445) opencores.emac: no mem for receive buffer
E (22445) opencores.emac: no mem for receive buffer
E (22445) opencores.emac: no mem for receive buffer
E (22445) opencores.emac: no mem for receive buffer
E (22445) opencores.emac: no mem for receive buffer
E (22445) opencores.emac: no mem for receive buffer
E (22445) opencores.emac: no mem for receive buffer
E (22445) opencores.emac: no mem for receive buffer
E (22445) opencores.emac: no mem for receive buffer
E (22445) opencores.emac: no mem for receive buffer
E (22445) opencores.emac: no mem for receive buffer
E (22445) opencores.emac: no mem for receive buffer
E (22445) opencores.emac: no mem for receive buffer
E (22445) opencores.emac: no mem for receive buffer
E (22445) opencores.emac: no mem for receive buffer
E (22445) opencores.emac: no mem for receive buffer
E (22445) opencores.emac: no mem for receive buffer
E (22445) opencores.emac: no mem for receive buffer
E (22445) opencores.emac: no mem for receive buffer
E (22445) opencores.emac: no mem for receive buffer
E (22445) opencores.emac: no mem for receive buffer
E (22445) opencores.emac: no mem for receive buffer
E (22445) opencores.emac: no mem for receive buffer
E (22445) opencores.emac: no mem for receive buffer
E (22445) opencores.emac: no mem for receive buffer
E (22445) opencores.emac: no mem for receive buffer
E (22445) opencores.emac: no mem for receive buffer
E (22445) opencores.emac: no mem for receive buffer
E (22445) opencores.emac: no mem for receive buffer
E (22445) opencores.emac: no mem for receive buffer
E (22445) opencores.emac: no mem for receive buffer
E (22445) opencores.emac: no mem for receive buffer
E (22455) opencores.emac: no mem for receive buffer
E (22455) opencores.emac: no mem for receive buffer
E (22455) opencores.emac: no mem for receive buffer
E (22455) opencores.emac: no mem for receive buffer
E (22455) opencores.emac: no mem for receive buffer
E (22455) opencores.emac: no mem for receive buffer
E (22455) opencores.emac: no mem for receive buffer
E (22455) opencores.emac: no mem for receive buffer
E (22455) opencores.emac: no mem for receive buffer
E (22455) opencores.emac: no mem for receive buffer
E (22455) opencores.emac: no mem for receive buffer
E (22455) opencores.emac: no mem for receive buffer
E (22455) opencores.emac: no mem for receive buffer
E (22455) opencores.emac: no mem for receive buffer
E (22455) opencores.emac: no mem for receive buffer
E (22455) opencores.emac: no mem for receive buffer
E (22455) opencores.emac: no mem for receive buffer
E (22455) opencores.emac: no mem for receive buffer
E (22455) opencores.emac: no mem for receive buffer
E (22455) opencores.emac: no mem for receive buffer
E (22455) opencores.emac: no mem for receive buffer
E (22455) opencores.emac: no mem for receive buffer
E (22455) opencores.emac: no mem for receive buffer
E (22455) opencores.emac: no mem for receive buffer
E (22455) opencores.emac: no mem for receive buffer
E (22455) opencores.emac: no mem for receive buffer
E (22455) opencores.emac: no mem for receive buffer
E (22455) opencores.emac: no mem for receive buffer
E (22455) opencores.emac: no mem for receive buffer
E (22455) opencores.emac: no mem for receive buffer
E (22455) opencores.emac: no mem for receive buffer
E (22455) opencores.emac: no mem for receive buffer
E (22455) opencores.emac: no mem for receive buffer
E (22455) opencores.emac: no mem for receive buffer
E (22455) opencores.emac: no mem for receive buffer
E (22455) opencores.emac: no mem for receive buffer
E (22455) opencores.emac: no mem for receive buffer
E (22455) opencores.emac: no mem for receive buffer
E (22455) opencores.emac: no mem for receive buffer
E (22455) opencores.emac: no mem for receive buffer
E (22455) opencores.emac: no mem for receive buffer
E (22455) opencores.emac: no mem for receive buffer
E (22455) opencores.emac: no mem for receive buffer
E (22455) opencores.emac: no mem for receive buffer
E (22455) opencores.emac: no mem for receive buffer
E (22455) opencores.emac: no mem for receive buffer
E (22455) opencores.emac: no mem for receive buffer
E (22455) opencores.emac: no mem for receive buffer
E (22455) opencores.emac: no mem for receive buffer
E (22455) opencores.emac: no mem for receive buffer
E (22455) opencores.emac: no mem for receive buffer
E (22455) opencores.emac: no mem for receive buffer
E (22455) opencores.emac: no mem for receive buffer
E (22455) opencores.emac: no mem for receive buffer
E (22455) opencores.emac: no mem for receive buffer
E (22455) opencores.emac: no mem for receive buffer
E (22455) opencores.emac: no mem for receive buffer
E (22455) opencores.emac: no mem for receive buffer
E (22455) opencores.emac: no mem for receive buffer
E (22455) opencores.emac: no mem for receive buffer
E (22455) opencores.emac: no mem for receive buffer
E (22455) opencores.emac: no mem for receive buffer
E (22455) opencores.emac: no mem for receive buffer
E (22455) opencores.emac: no mem for receive buffer
E (22455) opencores.emac: no mem for receive buffer
E (22455) opencores.emac: no mem for receive buffer
E (22455) opencores.emac: no mem for receive buffer
E (22455) opencores.emac: no mem for receive buffer
E (22455) opencores.emac: no mem for receive buffer
E (22455) opencores.emac: no mem for receive buffer
E (22455) opencores.emac: no mem for receive buffer
E (22455) opencores.emac: no mem for receive buffer
E (22455) opencores.emac: no mem for receive buffer
E (22455) opencores.emac: no mem for receive buffer
E (22455) opencores.emac: no mem for receive buffer
E (22455) opencores.emac: no mem for receive buffer
E (22455) opencores.emac: no mem for receive buffer
E (22455) opencores.emac: no mem for receive buffer
E (22455) opencores.emac: no mem for receive buffer
E (22455) opencores.emac: no mem for receive buffer
E (22455) opencores.emac: no mem for receive buffer
E (22455) opencores.emac: no mem for receive buffer
E (22455) opencores.emac: no mem for receive buffer
E (22455) opencores.emac: no mem for receive buffer
E (22455) opencores.emac: no mem for receive buffer
E (22455) opencores.emac: no mem for receive buffer
E (22455) opencores.emac: no mem for receive buffer
E (22455) opencores.emac: no mem for receive buffer
E (22455) opencores.emac: no mem for receive buffer
E (22455) opencores.emac: no mem for receive buffer
E (22455) opencores.emac: no mem for receive buffer
E (22455) opencores.emac: no mem for receive buffer
E (22455) opencores.emac: no mem for receive buffer
E (22455) opencores.emac: no mem for receive buffer
E (22455) opencores.emac: no mem for receive buffer
E (22455) opencores.emac: no mem for receive buffer
E (22455) opencores.emac: no mem for receive buffer
E (22455) opencores.emac: no mem for receive buffer
E (22455) opencores.emac: no mem for receive buffer
E (22455) opencores.emac: no mem for receive buffer
E (22455) opencores.emac: no mem for receive buffer
E (22455) opencores.emac: no mem for receive buffer
E (22455) opencores.emac: no mem for receive buffer
E (22455) opencores.emac: no mem for receive buffer
E (22455) opencores.emac: no mem for receive buffer
E (22455) opencores.emac: no mem for receive buffer
E (22455) opencores.emac: no mem for receive buffer
E (22455) opencores.emac: no mem for receive buffer
E (22455) opencores.emac: no mem for receive buffer
E (22455) opencores.emac: no mem for receive buffer
E (22455) opencores.emac: no mem for receive buffer
E (22455) opencores.emac: no mem for receive buffer
E (22455) opencores.emac: no mem for receive buffer
E (22455) opencores.emac: no mem for receive buffer
E (22455) opencores.emac: no mem for receive buffer
E (22455) opencores.emac: no mem for receive buffer
E (22455) opencores.emac: no mem for receive buffer
E (22455) opencores.emac: no mem for receive buffer
E (22455) opencores.emac: no mem for receive buffer
E (22455) opencores.emac: no mem for receive buffer
E (22465) opencores.emac: no mem for receive buffer
E (22465) opencores.emac: no mem for receive buffer
E (22465) opencores.emac: no mem for receive buffer
E (22465) opencores.emac: no mem for receive buffer
E (22465) opencores.emac: no mem for receive buffer
E (22465) opencores.emac: no mem for receive buffer
E (22465) opencores.emac: no mem for receive buffer
E (22465) opencores.emac: no mem for receive buffer
E (22465) opencores.emac: no mem for receive buffer
E (22465) opencores.emac: no mem for receive buffer
E (22465) opencores.emac: no mem for receive buffer
E (22465) opencores.emac: no mem for receive buffer
E (22465) opencores.emac: no mem for receive buffer
E (22465) opencores.emac: no mem for receive buffer
E (22465) opencores.emac: no mem for receive buffer
E (22465) opencores.emac: no mem for receive buffer
E (22465) opencores.emac: no mem for receive buffer
E (22465) opencores.emac: no mem for receive buffer
E (22465) opencores.emac: no mem for receive buffer
E (22465) opencores.emac: no mem for receive buffer
E (22465) opencores.emac: no mem for receive buffer
E (22465) opencores.emac: no mem for receive buffer
E (22465) opencores.emac: no mem for receive buffer
E (22465) opencores.emac: no mem for receive buffer
E (22465) opencores.emac: no mem for receive buffer
E (22465) opencores.emac: no mem for receive buffer
E (22465) opencores.emac: no mem for receive buffer
E (22465) opencores.emac: no mem for receive buffer
E (22465) opencores.emac: no mem for receive buffer
E (22465) opencores.emac: no mem for receive buffer
E (22465) opencores.emac: no mem for receive buffer
E (22465) opencores.emac: no mem for receive buffer
E (22465) opencores.emac: no mem for receive buffer
E (22465) opencores.emac: no mem for receive buffer
E (22465) opencores.emac: no mem for receive buffer
E (22465) opencores.emac: no mem for receive buffer
E (22465) opencores.emac: no mem for receive buffer
E (22465) opencores.emac: no mem for receive buffer
E (22465) opencores.emac: no mem for receive buffer
E (22465) opencores.emac: no mem for receive buffer
E (22465) opencores.emac: no mem for receive buffer
E (22465) opencores.emac: no mem for receive buffer
E (22465) opencores.emac: no mem for receive buffer
E (22465) opencores.emac: no mem for receive buffer
E (22465) opencores.emac: no mem for receive buffer
E (22465) opencores.emac: no mem for receive buffer
E (22465) opencores.emac: no mem for receive buffer
E (22465) opencores.emac: no mem for receive buffer
E (22465) opencores.emac: no mem for receive buffer
E (22465) opencores.emac: no mem for receive buffer
E (22465) opencores.emac: no mem for receive buffer
E (22465) opencores.emac: no mem for receive buffer
E (22465) opencores.emac: no mem for receive buffer
E (22465) opencores.emac: no mem for receive buffer
E (22465) opencores.emac: no mem for receive buffer
E (22465) opencores.emac: no mem for receive buffer
E (22465) opencores.emac: no mem for receive buffer
E (22465) opencores.emac: no mem for receive buffer
E (22465) opencores.emac: no mem for receive buffer
E (22465) opencores.emac: no mem for receive buffer
E (22465) opencores.emac: no mem for receive buffer
E (22465) opencores.emac: no mem for receive buffer
E (22465) opencores.emac: no mem for receive buffer
E (22465) opencores.emac: no mem for receive buffer
E (22465) opencores.emac: no mem for receive buffer
E (22465) opencores.emac: no mem for receive buffer
E (22465) opencores.emac: no mem for receive buffer
E (22465) opencores.emac: no mem for receive buffer
E (22465) opencores.emac: no mem for receive buffer
E (22465) opencores.emac: no mem for receive buffer
E (22465) opencores.emac: no mem for receive buffer
E (22465) opencores.emac: no mem for receive buffer
E (22465) opencores.emac: no mem for receive buffer
E (22465) opencores.emac: no mem for receive buffer
E (22465) opencores.emac: no mem for receive buffer
E (22465) opencores.emac: no mem for receive buffer
E (22465) opencores.emac: no mem for receive buffer
E (22465) opencores.emac: no mem for receive buffer
E (22465) opencores.emac: no mem for receive buffer
E (22465) opencores.emac: no mem for receive buffer
E (22465) opencores.emac: no mem for receive buffer
E (22465) opencores.emac: no mem for receive buffer
E (22465) opencores.emac: no mem for receive buffer
E (22465) opencores.emac: no mem for receive buffer
E (22465) opencores.emac: no mem for receive buffer
E (22465) opencores.emac: no mem for receive buffer
E (22465) opencores.emac: no mem for receive buffer
E (22465) opencores.emac: no mem for receive buffer
E (22465) opencores.emac: no mem for receive buffer
E (22465) opencores.emac: no mem for receive buffer
E (22465) opencores.emac: no mem for receive buffer
E (22465) opencores.emac: no mem for receive buffer
E (22465) opencores.emac: no mem for receive buffer
E (22465) opencores.emac: no mem for receive buffer
E (22465) opencores.emac: no mem for receive buffer
E (22465) opencores.emac: no mem for receive buffer
E (22465) opencores.emac: no mem for receive buffer
E (22465) opencores.emac: no mem for receive buffer
E (22465) opencores.emac: no mem for receive buffer
E (22465) opencores.emac: no mem for receive buffer
E (22465) opencores.emac: no mem for receive buffer
E (22465) opencores.emac: no mem for receive buffer
E (22465) opencores.emac: no mem for receive buffer
E (22465) opencores.emac: no mem for receive buffer
E (22465) opencores.emac: no mem for receive buffer
E (22465) opencores.emac: no mem for receive buffer
E (22465) opencores.emac: no mem for receive buffer
E (22465) opencores.emac: no mem for receive buffer
E (22465) opencores.emac: no mem for receive buffer
E (22465) opencores.emac: no mem for receive buffer
E (22465) opencores.emac: no mem for receive buffer
E (22465) opencores.emac: no mem for receive buffer
E (22465) opencores.emac: no mem for receive buffer
E (22465) opencores.emac: no mem for receive buffer
E (22465) opencores.emac: no mem for receive buffer
E (22465) opencores.emac: no mem for receive buffer
E (22475) opencores.emac: no mem for receive buffer
E (22475) opencores.emac: no mem for receive buffer
E (22475) opencores.emac: no mem for receive buffer
E (22475) opencores.emac: no mem for receive buffer
E (22475) opencores.emac: no mem for receive buffer
E (22475) opencores.emac: no mem for receive buffer
E (22475) opencores.emac: no mem for receive buffer
E (22475) opencores.emac: no mem for receive buffer
E (22475) opencores.emac: no mem for receive buffer
E (22475) opencores.emac: no mem for receive buffer
E (22475) opencores.emac: no mem for receive buffer
E (22475) opencores.emac: no mem for receive buffer
E (22475) opencores.emac: no mem for receive buffer
E (22475) opencores.emac: no mem for receive buffer
E (22475) opencores.emac: no mem for receive buffer
E (22475) opencores.emac: no mem for receive buffer
E (22475) opencores.emac: no mem for receive buffer
E (22475) opencores.emac: no mem for receive buffer
E (22475) opencores.emac: no mem for receive buffer
E (22475) opencores.emac: no mem for receive buffer
E (22475) opencores.emac: no mem for receive buffer
E (22475) opencores.emac: no mem for receive buffer
E (22475) opencores.emac: no mem for receive buffer
E (22475) opencores.emac: no mem for receive buffer
E (22475) opencores.emac: no mem for receive buffer
E (22475) opencores.emac: no mem for receive buffer
E (22475) opencores.emac: no mem for receive buffer
E (22475) opencores.emac: no mem for receive buffer
E (22475) opencores.emac: no mem for receive buffer
E (22475) opencores.emac: no mem for receive buffer
E (22475) opencores.emac: no mem for receive buffer
E (22475) opencores.emac: no mem for receive buffer
E (22475) opencores.emac: no mem for receive buffer
E (22475) opencores.emac: no mem for receive buffer
E (22475) opencores.emac: no mem for receive buffer
E (22475) opencores.emac: no mem for receive buffer
E (22475) opencores.emac: no mem for receive buffer
E (22475) opencores.emac: no mem for receive buffer
E (22475) opencores.emac: no mem for receive buffer
E (22475) opencores.emac: no mem for receive buffer
E (22475) opencores.emac: no mem for receive buffer
E (22475) opencores.emac: no mem for receive buffer
E (22475) opencores.emac: no mem for receive buffer
E (22475) opencores.emac: no mem for receive buffer
E (22475) opencores.emac: no mem for receive buffer
E (22475) opencores.emac: no mem for receive buffer
E (22475) opencores.emac: no mem for receive buffer
E (22475) opencores.emac: no mem for receive buffer
E (22475) opencores.emac: no mem for receive buffer
E (22475) opencores.emac: no mem for receive buffer
E (22475) opencores.emac: no mem for receive buffer
E (22475) opencores.emac: no mem for receive buffer
E (22475) opencores.emac: no mem for receive buffer
E (22475) opencores.emac: no mem for receive buffer
E (22475) opencores.emac: no mem for receive buffer
E (22475) opencores.emac: no mem for receive buffer
E (22475) opencores.emac: no mem for receive buffer
E (22475) opencores.emac: no mem for receive buffer
E (22475) opencores.emac: no mem for receive buffer
E (22475) opencores.emac: no mem for receive buffer
E (22475) opencores.emac: no mem for receive buffer
E (22475) opencores.emac: no mem for receive buffer
E (22475) opencores.emac: no mem for receive buffer
E (22475) opencores.emac: no mem for receive buffer
E (22475) opencores.emac: no mem for receive buffer
E (22475) opencores.emac: no mem for receive buffer
E (22475) opencores.emac: no mem for receive buffer
E (22475) opencores.emac: no mem for receive buffer
E (22475) opencores.emac: no mem for receive buffer
E (22475) opencores.emac: no mem for receive buffer
E (22475) opencores.emac: no mem for receive buffer
E (22475) opencores.emac: no mem for receive buffer
E (22475) opencores.emac: no mem for receive buffer
E (22475) opencores.emac: no mem for receive buffer
E (22475) opencores.emac: no mem for receive buffer
E (22475) opencores.emac: no mem for receive buffer
E (22475) opencores.emac: no mem for receive buffer
E (22475) opencores.emac: no mem for receive buffer
E (22475) opencores.emac: no mem for receive buffer
E (22475) opencores.emac: no mem for receive buffer
E (22475) opencores.emac: no mem for receive buffer
E (22475) opencores.emac: no mem for receive buffer
E (22475) opencores.emac: no mem for receive buffer
E (22475) opencores.emac: no mem for receive buffer
E (22475) opencores.emac: no mem for receive buffer
E (22475) opencores.emac: no mem for receive buffer
E (22475) opencores.emac: no mem for receive buffer
E (22475) opencores.emac: no mem for receive buffer
E (22475) opencores.emac: no mem for receive buffer
E (22475) opencores.emac: no mem for receive buffer
E (22475) opencores.emac: no mem for receive buffer
E (22475) opencores.emac: no mem for receive buffer
E (22475) opencores.emac: no mem for receive buffer
E (22475) opencores.emac: no mem for receive buffer
E (22475) opencores.emac: no mem for receive buffer
E (22475) opencores.emac: no mem for receive buffer
E (22475) opencores.emac: no mem for receive buffer
E (22475) opencores.emac: no mem for receive buffer
E (22475) opencores.emac: no mem for receive buffer
E (22475) opencores.emac: no mem for receive buffer
E (22475) opencores.emac: no mem for receive buffer
E (22475) opencores.emac: no mem for receive buffer
E (22475) opencores.emac: no mem for receive buffer
E (22475) opencores.emac: no mem for receive buffer
E (22475) opencores.emac: no mem for receive buffer
E (22475) opencores.emac: no mem for receive buffer
E (22475) opencores.emac: no mem for receive buffer
E (22475) opencores.emac: no mem for receive buffer
E (22475) opencores.emac: no mem for receive buffer
E (22475) opencores.emac: no mem for receive buffer
E (22475) opencores.emac: no mem for receive buffer
E (22475) opencores.emac: no mem for receive buffer
E (22475) opencores.emac: no mem for receive buffer
E (22475) opencores.emac: no mem for receive buffer
E (22475) opencores.emac: no mem for receive buffer
E (22475) opencores.emac: no mem for receive buffer
E (22475) opencores.emac: no mem for receive buffer
E (22475) opencores.emac: no mem for receive buffer
E (22475) opencores.emac: no mem for receive buffer
E (22485) opencores.emac: no mem for receive buffer
E (22485) opencores.emac: no mem for receive buffer
E (22485) opencores.emac: no mem for receive buffer
E (22485) opencores.emac: no mem for receive buffer
E (22485) opencores.emac: no mem for receive buffer
E (22485) opencores.emac: no mem for receive buffer
E (22485) opencores.emac: no mem for receive buffer
E (22485) opencores.emac: no mem for receive buffer
E (22485) opencores.emac: no mem for receive buffer
E (22485) opencores.emac: no mem for receive buffer
E (22485) opencores.emac: no mem for receive buffer
E (22485) opencores.emac: no mem for receive buffer
E (22485) opencores.emac: no mem for receive buffer
E (22485) opencores.emac: no mem for receive buffer
E (22485) opencores.emac: no mem for receive buffer
E (22485) opencores.emac: no mem for receive buffer
E (22485) opencores.emac: no mem for receive buffer
E (22485) opencores.emac: no mem for receive buffer
E (22485) opencores.emac: no mem for receive buffer
E (22485) opencores.emac: no mem for receive buffer
E (22485) opencores.emac: no mem for receive buffer
E (22485) opencores.emac: no mem for receive buffer
E (22485) opencores.emac: no mem for receive buffer
E (22485) opencores.emac: no mem for receive buffer
E (22485) opencores.emac: no mem for receive buffer
E (22485) opencores.emac: no mem for receive buffer
E (22485) opencores.emac: no mem for receive buffer
E (22485) opencores.emac: no mem for receive buffer
E (22485) opencores.emac: no mem for receive buffer
E (22485) opencores.emac: no mem for receive buffer
E (22485) opencores.emac: no mem for receive buffer
E (22485) opencores.emac: no mem for receive buffer
E (22485) opencores.emac: no mem for receive buffer
E (22485) opencores.emac: no mem for receive buffer
E (22485) opencores.emac: no mem for receive buffer
E (22485) opencores.emac: no mem for receive buffer
E (22485) opencores.emac: no mem for receive buffer
E (22485) opencores.emac: no mem for receive buffer
E (22485) opencores.emac: no mem for receive buffer
E (22485) opencores.emac: no mem for receive buffer
E (22485) opencores.emac: no mem for receive buffer
E (22485) opencores.emac: no mem for receive buffer
E (22485) opencores.emac: no mem for receive buffer
E (22485) opencores.emac: no mem for receive buffer
E (22485) opencores.emac: no mem for receive buffer
E (22485) opencores.emac: no mem for receive buffer
E (22485) opencores.emac: no mem for receive buffer
E (22485) opencores.emac: no mem for receive buffer
E (22485) opencores.emac: no mem for receive buffer
E (22485) opencores.emac: no mem for receive buffer
E (22485) opencores.emac: no mem for receive buffer
E (22485) opencores.emac: no mem for receive buffer
E (22485) opencores.emac: no mem for receive buffer
E (22485) opencores.emac: no mem for receive buffer
E (22485) opencores.emac: no mem for receive buffer
E (22485) opencores.emac: no mem for receive buffer
E (22485) opencores.emac: no mem for receive buffer
E (22485) opencores.emac: no mem for receive buffer
E (22485) opencores.emac: no mem for receive buffer
E (22485) opencores.emac: no mem for receive buffer
E (22485) opencores.emac: no mem for receive buffer
E (22485) opencores.emac: no mem for receive buffer
E (22485) opencores.emac: no mem for receive buffer
E (22485) opencores.emac: no mem for receive buffer
E (22485) opencores.emac: no mem for receive buffer
E (22485) opencores.emac: no mem for receive buffer
E (22485) opencores.emac: no mem for receive buffer
E (22485) opencores.emac: no mem for receive buffer
E (22485) opencores.emac: no mem for receive buffer
E (22485) opencores.emac: no mem for receive buffer
E (22485) opencores.emac: no mem for receive buffer
E (22485) opencores.emac: no mem for receive buffer
E (22485) opencores.emac: no mem for receive buffer
E (22485) opencores.emac: no mem for receive buffer
E (22485) opencores.emac: no mem for receive buffer
E (22485) opencores.emac: no mem for receive buffer
E (22485) opencores.emac: no mem for receive buffer
E (22485) opencores.emac: no mem for receive buffer
E (22485) opencores.emac: no mem for receive buffer
E (22485) opencores.emac: no mem for receive buffer
E (22485) opencores.emac: no mem for receive buffer
E (22485) opencores.emac: no mem for receive buffer
E (22485) opencores.emac: no mem for receive buffer
E (22485) opencores.emac: no mem for receive buffer
E (22485) opencores.emac: no mem for receive buffer
E (22485) opencores.emac: no mem for receive buffer
E (22485) opencores.emac: no mem for receive buffer
E (22485) opencores.emac: no mem for receive buffer
E (22485) opencores.emac: no mem for receive buffer
E (22485) opencores.emac: no mem for receive buffer
E (22485) opencores.emac: no mem for receive buffer
E (22485) opencores.emac: no mem for receive buffer
E (22485) opencores.emac: no mem for receive buffer
E (22485) opencores.emac: no mem for receive buffer
E (22485) opencores.emac: no mem for receive buffer
E (22485) opencores.emac: no mem for receive buffer
E (22485) opencores.emac: no mem for receive buffer
E (22485) opencores.emac: no mem for receive buffer
E (22485) opencores.emac: no mem for receive buffer
E (22485) opencores.emac: no mem for receive buffer
E (22485) opencores.emac: no mem for receive buffer
E (22485) opencores.emac: no mem for receive buffer
E (22485) opencores.emac: no mem for receive buffer
E (22485) opencores.emac: no mem for receive buffer
E (22485) opencores.emac: no mem for receive buffer
E (22485) opencores.emac: no mem for receive buffer
E (22485) opencores.emac: no mem for receive buffer
E (22485) opencores.emac: no mem for receive buffer
E (22485) opencores.emac: no mem for receive buffer
E (22485) opencores.emac: no mem for receive buffer
E (22485) opencores.emac: no mem for receive buffer
E (22485) opencores.emac: no mem for receive buffer
E (22485) opencores.emac: no mem for receive buffer
E (22485) opencores.emac: no mem for receive buffer
E (22485) opencores.emac: no mem for receive buffer
E (22485) opencores.emac: no mem for receive buffer
E (22485) opencores.emac: no mem for receive buffer
E (22485) opencores.emac: no mem for receive buffer
E (22495) opencores.emac: no mem for receive buffer
E (22495) opencores.emac: no mem for receive buffer
E (22495) opencores.emac: no mem for receive buffer
E (22495) opencores.emac: no mem for receive buffer
E (22495) opencores.emac: no mem for receive buffer
E (22495) opencores.emac: no mem for receive buffer
E (22495) opencores.emac: no mem for receive buffer
E (22495) opencores.emac: no mem for receive buffer
E (22495) opencores.emac: no mem for receive buffer
E (22495) opencores.emac: no mem for receive buffer
E (22495) opencores.emac: no mem for receive buffer
E (22495) opencores.emac: no mem for receive buffer
E (22495) opencores.emac: no mem for receive buffer
E (22495) opencores.emac: no mem for receive buffer
E (22495) opencores.emac: no mem for receive buffer
E (22495) opencores.emac: no mem for receive buffer
E (22495) opencores.emac: no mem for receive buffer
E (22495) opencores.emac: no mem for receive buffer
E (22495) opencores.emac: no mem for receive buffer
E (22495) opencores.emac: no mem for receive buffer
E (22495) opencores.emac: no mem for receive buffer
E (22495) opencores.emac: no mem for receive buffer
E (22495) opencores.emac: no mem for receive buffer
E (22495) opencores.emac: no mem for receive buffer
E (22495) opencores.emac: no mem for receive buffer
E (22495) opencores.emac: no mem for receive buffer
E (22495) opencores.emac: no mem for receive buffer
E (22495) opencores.emac: no mem for receive buffer
E (22495) opencores.emac: no mem for receive buffer
E (22495) opencores.emac: no mem for receive buffer
E (22495) opencores.emac: no mem for receive buffer
E (22495) opencores.emac: no mem for receive buffer
E (22495) opencores.emac: no mem for receive buffer
E (22495) opencores.emac: no mem for receive buffer
E (22495) opencores.emac: no mem for receive buffer
E (22495) opencores.emac: no mem for receive buffer
E (22495) opencores.emac: no mem for receive buffer
E (22495) opencores.emac: no mem for receive buffer
E (22495) opencores.emac: no mem for receive buffer
E (22495) opencores.emac: no mem for receive buffer
E (22495) opencores.emac: no mem for receive buffer
E (22495) opencores.emac: no mem for receive buffer
E (22495) opencores.emac: no mem for receive buffer
E (22495) opencores.emac: no mem for receive buffer
E (22495) opencores.emac: no mem for receive buffer
E (22495) opencores.emac: no mem for receive buffer
E (22495) opencores.emac: no mem for receive buffer
E (22495) opencores.emac: no mem for receive buffer
E (22495) opencores.emac: no mem for receive buffer
E (22495) opencores.emac: no mem for receive buffer
E (22495) opencores.emac: no mem for receive buffer
E (22495) opencores.emac: no mem for receive buffer
E (22495) opencores.emac: no mem for receive buffer
E (22495) opencores.emac: no mem for receive buffer
E (22495) opencores.emac: no mem for receive buffer
E (22495) opencores.emac: no mem for receive buffer
E (22495) opencores.emac: no mem for receive buffer
E (22495) opencores.emac: no mem for receive buffer
E (22495) opencores.emac: no mem for receive buffer
E (22495) opencores.emac: no mem for receive buffer
E (22495) opencores.emac: no mem for receive buffer
E (22495) opencores.emac: no mem for receive buffer
E (22495) opencores.emac: no mem for receive buffer
E (22495) opencores.emac: no mem for receive buffer
E (22495) opencores.emac: no mem for receive buffer
E (22495) opencores.emac: no mem for receive buffer
E (22495) opencores.emac: no mem for receive buffer
E (22495) opencores.emac: no mem for receive buffer
E (22495) opencores.emac: no mem for receive buffer
E (22495) opencores.emac: no mem for receive buffer
E (22495) opencores.emac: no mem for receive buffer
E (22495) opencores.emac: no mem for receive buffer
E (22495) opencores.emac: no mem for receive buffer
E (22495) opencores.emac: no mem for receive buffer
E (22495) opencores.emac: no mem for receive buffer
E (22495) opencores.emac: no mem for receive buffer
E (22495) opencores.emac: no mem for receive buffer
E (22495) opencores.emac: no mem for receive buffer
E (22495) opencores.emac: no mem for receive buffer
E (22495) opencores.emac: no mem for receive buffer
E (22495) opencores.emac: no mem for receive buffer
E (22495) opencores.emac: no mem for receive buffer
E (22495) opencores.emac: no mem for receive buffer
E (22495) opencores.emac: no mem for receive buffer
E (22495) opencores.emac: no mem for receive buffer
E (22495) opencores.emac: no mem for receive buffer
E (22495) opencores.emac: no mem for receive buffer
E (22495) opencores.emac: no mem for receive buffer
E (22495) opencores.emac: no mem for receive buffer
E (22495) opencores.emac: no mem for receive buffer
E (22495) opencores.emac: no mem for receive buffer
E (22495) opencores.emac: no mem for receive buffer
E (22495) opencores.emac: no mem for receive buffer
E (22495) opencores.emac: no mem for receive buffer
E (22495) opencores.emac: no mem for receive buffer
E (22495) opencores.emac: no mem for receive buffer
E (22495) opencores.emac: no mem for receive buffer
E (22495) opencores.emac: no mem for receive buffer
E (22495) opencores.emac: no mem for receive buffer
E (22495) opencores.emac: no mem for receive buffer
E (22495) opencores.emac: no mem for receive buffer
E (22495) opencores.emac: no mem for receive buffer
E (22495) opencores.emac: no mem for receive buffer
E (22495) opencores.emac: no mem for receive buffer
E (22495) opencores.emac: no mem for receive buffer
E (22495) opencores.emac: no mem for receive buffer
E (22495) opencores.emac: no mem for receive buffer
E (22495) opencores.emac: no mem for receive buffer
E (22495) opencores.emac: no mem for receive buffer
E (22495) opencores.emac: no mem for receive buffer
E (22495) opencores.emac: no mem for receive buffer
E (22495) opencores.emac: no mem for receive buffer
E (22495) opencores.emac: no mem for receive buffer
E (22495) opencores.emac: no mem for receive buffer
E (22495) opencores.emac: no mem for receive buffer
E (22495) opencores.emac: no mem for receive buffer
E (22495) opencores.emac: no mem for receive buffer
E (22495) opencores.emac: no mem for receive buffer
E (22495) opencores.emac: no mem for receive buffer
E (22495) opencores.emac: no mem for receive buffer
E (22505) opencores.emac: no mem for receive buffer
E (22505) opencores.emac: no mem for receive buffer
E (22505) opencores.emac: no mem for receive buffer
E (22505) opencores.emac: no mem for receive buffer
E (22505) opencores.emac: no mem for receive buffer
E (22505) opencores.emac: no mem for receive buffer
E (22505) opencores.emac: no mem for receive buffer
E (22505) opencores.emac: no mem for receive buffer
E (22505) opencores.emac: no mem for receive buffer
E (22505) opencores.emac: no mem for receive buffer
E (22505) opencores.emac: no mem for receive buffer
E (22505) opencores.emac: no mem for receive buffer
E (22505) opencores.emac: no mem for receive buffer
E (22505) opencores.emac: no mem for receive buffer
E (22505) opencores.emac: no mem for receive buffer
E (22505) opencores.emac: no mem for receive buffer
E (22505) opencores.emac: no mem for receive buffer
E (22505) opencores.emac: no mem for receive buffer
E (22505) opencores.emac: no mem for receive buffer
E (22505) opencores.emac: no mem for receive buffer
E (22505) opencores.emac: no mem for receive buffer
E (22505) opencores.emac: no mem for receive buffer
E (22505) opencores.emac: no mem for receive buffer
E (22505) opencores.emac: no mem for receive buffer
E (22505) opencores.emac: no mem for receive buffer
E (22505) opencores.emac: no mem for receive buffer
E (22505) opencores.emac: no mem for receive buffer
E (22505) opencores.emac: no mem for receive buffer
E (22505) opencores.emac: no mem for receive buffer
E (22505) opencores.emac: no mem for receive buffer
E (22505) opencores.emac: no mem for receive buffer
E (22505) opencores.emac: no mem for receive buffer
E (22505) opencores.emac: no mem for receive buffer
E (22505) opencores.emac: no mem for receive buffer
E (22505) opencores.emac: no mem for receive buffer
E (22505) opencores.emac: no mem for receive buffer
E (22505) opencores.emac: no mem for receive buffer
E (22505) opencores.emac: no mem for receive buffer
E (22505) opencores.emac: no mem for receive buffer
E (22505) opencores.emac: no mem for receive buffer
E (22505) opencores.emac: no mem for receive buffer
E (22505) opencores.emac: no mem for receive buffer
E (22505) opencores.emac: no mem for receive buffer
E (22505) opencores.emac: no mem for receive buffer
E (22505) opencores.emac: no mem for receive buffer
E (22505) opencores.emac: no mem for receive buffer
E (22505) opencores.emac: no mem for receive buffer
E (22505) opencores.emac: no mem for receive buffer
E (22505) opencores.emac: no mem for receive buffer
E (22505) opencores.emac: no mem for receive buffer
E (22505) opencores.emac: no mem for receive buffer
E (22505) opencores.emac: no mem for receive buffer
E (22505) opencores.emac: no mem for receive buffer
E (22505) opencores.emac: no mem for receive buffer
E (22505) opencores.emac: no mem for receive buffer
E (22505) opencores.emac: no mem for receive buffer
E (22505) opencores.emac: no mem for receive buffer
E (22505) opencores.emac: no mem for receive buffer
E (22505) opencores.emac: no mem for receive buffer
E (22505) opencores.emac: no mem for receive buffer
E (22505) opencores.emac: no mem for receive buffer
E (22505) opencores.emac: no mem for receive buffer
E (22505) opencores.emac: no mem for receive buffer
E (22505) opencores.emac: no mem for receive buffer
E (22505) opencores.emac: no mem for receive buffer
E (22505) opencores.emac: no mem for receive buffer
E (22505) opencores.emac: no mem for receive buffer
E (22505) opencores.emac: no mem for receive buffer
E (22505) opencores.emac: no mem for receive buffer
E (22505) opencores.emac: no mem for receive buffer
E (22505) opencores.emac: no mem for receive buffer
E (22505) opencores.emac: no mem for receive buffer
E (22505) opencores.emac: no mem for receive buffer
E (22505) opencores.emac: no mem for receive buffer
E (22505) opencores.emac: no mem for receive buffer
E (22505) opencores.emac: no mem for receive buffer
E (22505) opencores.emac: no mem for receive buffer
E (22505) opencores.emac: no mem for receive buffer
E (22505) opencores.emac: no mem for receive buffer
E (22505) opencores.emac: no mem for receive buffer
E (22505) opencores.emac: no mem for receive buffer
E (22505) opencores.emac: no mem for receive buffer
E (22505) opencores.emac: no mem for receive buffer
E (22505) opencores.emac: no mem for receive buffer
E (22505) opencores.emac: no mem for receive buffer
E (22505) opencores.emac: no mem for receive buffer
E (22505) opencores.emac: no mem for receive buffer
E (22505) opencores.emac: no mem for receive buffer
E (22505) opencores.emac: no mem for receive buffer
E (22505) opencores.emac: no mem for receive buffer
E (22505) opencores.emac: no mem for receive buffer
E (22505) opencores.emac: no mem for receive buffer
E (22505) opencores.emac: no mem for receive buffer
E (22505) opencores.emac: no mem for receive buffer
E (22505) opencores.emac: no mem for receive buffer
E (22505) opencores.emac: no mem for receive buffer
E (22505) opencores.emac: no mem for receive buffer
E (22505) opencores.emac: no mem for receive buffer
E (22505) opencores.emac: no mem for receive buffer
E (22505) opencores.emac: no mem for receive buffer
E (22505) opencores.emac: no mem for receive buffer
E (22505) opencores.emac: no mem for receive buffer
E (22505) opencores.emac: no mem for receive buffer
E (22505) opencores.emac: no mem for receive buffer
E (22505) opencores.emac: no mem for receive buffer
E (22505) opencores.emac: no mem for receive buffer
E (22505) opencores.emac: no mem for receive buffer
E (22505) opencores.emac: no mem for receive buffer
E (22505) opencores.emac: no mem for receive buffer
E (22505) opencores.emac: no mem for receive buffer
E (22505) opencores.emac: no mem for receive buffer
E (22505) opencores.emac: no mem for receive buffer
E (22505) opencores.emac: no mem for receive buffer
E (22505) opencores.emac: no mem for receive buffer
E (22515) opencores.emac: no mem for receive buffer
E (22515) opencores.emac: no mem for receive buffer
E (22515) opencores.emac: no mem for receive buffer
E (22515) opencores.emac: no mem for receive buffer
E (22515) opencores.emac: no mem for receive buffer
E (22515) opencores.emac: no mem for receive buffer
E (22515) opencores.emac: no mem for receive buffer
E (22515) opencores.emac: no mem for receive buffer
E (22515) opencores.emac: no mem for receive buffer
E (22515) opencores.emac: no mem for receive buffer
E (22515) opencores.emac: no mem for receive buffer
E (22515) opencores.emac: no mem for receive buffer
E (22515) opencores.emac: no mem for receive buffer
E (22515) opencores.emac: no mem for receive buffer
E (22515) opencores.emac: no mem for receive buffer
E (22515) opencores.emac: no mem for receive buffer
E (22515) opencores.emac: no mem for receive buffer
E (22515) opencores.emac: no mem for receive buffer
E (22515) opencores.emac: no mem for receive buffer
E (22515) opencores.emac: no mem for receive buffer
E (22515) opencores.emac: no mem for receive buffer
E (22515) opencores.emac: no mem for receive buffer
E (22515) opencores.emac: no mem for receive buffer
E (22515) opencores.emac: no mem for receive buffer
E (22515) opencores.emac: no mem for receive buffer
E (22515) opencores.emac: no mem for receive buffer
E (22515) opencores.emac: no mem for receive buffer
E (22515) opencores.emac: no mem for receive buffer
E (22515) opencores.emac: no mem for receive buffer
E (22515) opencores.emac: no mem for receive buffer
E (22515) opencores.emac: no mem for receive buffer
E (22515) opencores.emac: no mem for receive buffer
E (22515) opencores.emac: no mem for receive buffer
E (22515) opencores.emac: no mem for receive buffer
E (22515) opencores.emac: no mem for receive buffer
E (22515) opencores.emac: no mem for receive buffer
E (22515) opencores.emac: no mem for receive buffer
E (22515) opencores.emac: no mem for receive buffer
E (22515) opencores.emac: no mem for receive buffer
E (22515) opencores.emac: no mem for receive buffer
E (22515) opencores.emac: no mem for receive buffer
E (22515) opencores.emac: no mem for receive buffer
E (22515) opencores.emac: no mem for receive buffer
E (22515) opencores.emac: no mem for receive buffer
E (22515) opencores.emac: no mem for receive buffer
E (22515) opencores.emac: no mem for receive buffer
E (22515) opencores.emac: no mem for receive buffer
E (22515) opencores.emac: no mem for receive buffer
E (22515) opencores.emac: no mem for receive buffer
E (22515) opencores.emac: no mem for receive buffer
E (22515) opencores.emac: no mem for receive buffer
E (22515) opencores.emac: no mem for receive buffer
E (22515) opencores.emac: no mem for receive buffer
E (22515) opencores.emac: no mem for receive buffer
E (22515) opencores.emac: no mem for receive buffer
E (22515) opencores.emac: no mem for receive buffer
E (22515) opencores.emac: no mem for receive buffer
E (22515) opencores.emac: no mem for receive buffer
E (22515) opencores.emac: no mem for receive buffer
E (22515) opencores.emac: no mem for receive buffer
E (22515) opencores.emac: no mem for receive buffer
E (22515) opencores.emac: no mem for receive buffer
E (22515) opencores.emac: no mem for receive buffer
E (22515) opencores.emac: no mem for receive buffer
E (22515) opencores.emac: no mem for receive buffer
E (22515) opencores.emac: no mem for receive buffer
E (22515) opencores.emac: no mem for receive buffer
E (22515) opencores.emac: no mem for receive buffer
E (22515) opencores.emac: no mem for receive buffer
E (22515) opencores.emac: no mem for receive buffer
E (22515) opencores.emac: no mem for receive buffer
E (22515) opencores.emac: no mem for receive buffer
E (22515) opencores.emac: no mem for receive buffer
E (22515) opencores.emac: no mem for receive buffer
E (22515) opencores.emac: no mem for receive buffer
E (22515) opencores.emac: no mem for receive buffer
E (22515) opencores.emac: no mem for receive buffer
E (22515) opencores.emac: no mem for receive buffer
E (22515) opencores.emac: no mem for receive buffer
E (22515) opencores.emac: no mem for receive buffer
E (22515) opencores.emac: no mem for receive buffer
E (22515) opencores.emac: no mem for receive buffer
E (22515) opencores.emac: no mem for receive buffer
E (22515) opencores.emac: no mem for receive buffer
E (22515) opencores.emac: no mem for receive buffer
E (22515) opencores.emac: no mem for receive buffer
E (22515) opencores.emac: no mem for receive buffer
E (22515) opencores.emac: no mem for receive buffer
E (22515) opencores.emac: no mem for receive buffer
E (22515) opencores.emac: no mem for receive buffer
E (22515) opencores.emac: no mem for receive buffer
E (22515) opencores.emac: no mem for receive buffer
E (22515) opencores.emac: no mem for receive buffer
E (22515) opencores.emac: no mem for receive buffer
E (22515) opencores.emac: no mem for receive buffer
E (22515) opencores.emac: no mem for receive buffer
E (22515) opencores.emac: no mem for receive buffer
E (22515) opencores.emac: no mem for receive buffer
E (22515) opencores.emac: no mem for receive buffer
E (22515) opencores.emac: no mem for receive buffer
E (22515) opencores.emac: no mem for receive buffer
E (22515) opencores.emac: no mem for receive buffer
E (22515) opencores.emac: no mem for receive buffer
E (22515) opencores.emac: no mem for receive buffer
E (22515) opencores.emac: no mem for receive buffer
E (22515) opencores.emac: no mem for receive buffer
E (22515) opencores.emac: no mem for receive buffer
E (22515) opencores.emac: no mem for receive buffer
E (22515) opencores.emac: no mem for receive buffer
E (22515) opencores.emac: no mem for receive buffer
E (22515) opencores.emac: no mem for receive buffer
E (22515) opencores.emac: no mem for receive buffer
E (22515) opencores.emac: no mem for receive buffer
E (22515) opencores.emac: no mem for receive buffer
E (22515) opencores.emac: no mem for receive buffer
E (22515) opencores.emac: no mem for receive buffer
E (22515) opencores.emac: no mem for receive buffer
E (22515) opencores.emac: no mem for receive buffer
E (22515) opencores.emac: no mem for receive buffer
E (22515) opencores.emac: no mem for receive buffer
E (22515) opencores.emac: no mem for receive buffer
E (22515) opencores.emac: no mem for receive buffer
E (22515) opencores.emac: no mem for receive buffer
E (22515) opencores.emac: no mem for receive buffer
E (22515) opencores.emac: no mem for receive buffer
E (22515) opencores.emac: no mem for receive buffer
E (22515) opencores.emac: no mem for receive buffer
E (22515) opencores.emac: no mem for receive buffer
E (22515) opencores.emac: no mem for receive buffer
E (22515) opencores.emac: no mem for receive buffer
E (22515) opencores.emac: no mem for receive buffer
E (22515) opencores.emac: no mem for receive buffer
E (22515) opencores.emac: no mem for receive buffer
E (22515) opencores.emac: no mem for receive buffer
E (22525) opencores.emac: no mem for receive buffer
E (22525) opencores.emac: no mem for receive buffer
E (22525) opencores.emac: no mem for receive buffer
E (22525) opencores.emac: no mem for receive buffer
E (22525) opencores.emac: no mem for receive buffer
E (22525) opencores.emac: no mem for receive buffer
E (22525) opencores.emac: no mem for receive buffer
E (22525) opencores.emac: no mem for receive buffer
E (22525) opencores.emac: no mem for receive buffer
E (22525) opencores.emac: no mem for receive buffer
E (22525) opencores.emac: no mem for receive buffer
E (22525) opencores.emac: no mem for receive buffer
E (22525) opencores.emac: no mem for receive buffer
E (22525) opencores.emac: no mem for receive buffer
E (22525) opencores.emac: no mem for receive buffer
E (22525) opencores.emac: no mem for receive buffer
E (22525) opencores.emac: no mem for receive buffer
E (22525) opencores.emac: no mem for receive buffer
E (22525) opencores.emac: no mem for receive buffer
E (22525) opencores.emac: no mem for receive buffer
E (22525) opencores.emac: no mem for receive buffer
E (22525) opencores.emac: no mem for receive buffer
E (22525) opencores.emac: no mem for receive buffer
E (22525) opencores.emac: no mem for receive buffer
E (22525) opencores.emac: no mem for receive buffer
E (22525) opencores.emac: no mem for receive buffer
E (22525) opencores.emac: no mem for receive buffer
E (22525) opencores.emac: no mem for receive buffer
E (22525) opencores.emac: no mem for receive buffer
E (22525) opencores.emac: no mem for receive buffer
E (22525) opencores.emac: no mem for receive buffer
E (22525) opencores.emac: no mem for receive buffer
E (22525) opencores.emac: no mem for receive buffer
E (22525) opencores.emac: no mem for receive buffer
E (22525) opencores.emac: no mem for receive buffer
E (22525) opencores.emac: no mem for receive buffer
E (22525) opencores.emac: no mem for receive buffer
E (22525) opencores.emac: no mem for receive buffer
E (22525) opencores.emac: no mem for receive buffer
E (22525) opencores.emac: no mem for receive buffer
E (22525) opencores.emac: no mem for receive buffer
E (22525) opencores.emac: no mem for receive buffer
E (22525) opencores.emac: no mem for receive buffer
E (22525) opencores.emac: no mem for receive buffer
E (22525) opencores.emac: no mem for receive buffer
E (22525) opencores.emac: no mem for receive buffer
E (22525) opencores.emac: no mem for receive buffer
E (22525) opencores.emac: no mem for receive buffer
E (22525) opencores.emac: no mem for receive buffer
E (22525) opencores.emac: no mem for receive buffer
E (22525) opencores.emac: no mem for receive buffer
E (22525) opencores.emac: no mem for receive buffer
E (22525) opencores.emac: no mem for receive buffer
E (22525) opencores.emac: no mem for receive buffer
E (22525) opencores.emac: no mem for receive buffer
E (22525) opencores.emac: no mem for receive buffer
E (22525) opencores.emac: no mem for receive buffer
E (22525) opencores.emac: no mem for receive buffer
E (22525) opencores.emac: no mem for receive buffer
E (22525) opencores.emac: no mem for receive buffer
E (22525) opencores.emac: no mem for receive buffer
E (22525) opencores.emac: no mem for receive buffer
E (22525) opencores.emac: no mem for receive buffer
E (22525) opencores.emac: no mem for receive buffer
E (22525) opencores.emac: no mem for receive buffer
E (22525) opencores.emac: no mem for receive buffer
E (22525) opencores.emac: no mem for receive buffer
E (22525) opencores.emac: no mem for receive buffer
E (22525) opencores.emac: no mem for receive buffer
E (22525) opencores.emac: no mem for receive buffer
E (22525) opencores.emac: no mem for receive buffer
E (22525) opencores.emac: no mem for receive buffer
E (22525) opencores.emac: no mem for receive buffer
E (22525) opencores.emac: no mem for receive buffer
E (22525) opencores.emac: no mem for receive buffer
E (22525) opencores.emac: no mem for receive buffer
E (22525) opencores.emac: no mem for receive buffer
E (22525) opencores.emac: no mem for receive buffer
E (22525) opencores.emac: no mem for receive buffer
E (22525) opencores.emac: no mem for receive buffer
E (22525) opencores.emac: no mem for receive buffer
E (22525) opencores.emac: no mem for receive buffer
E (22525) opencores.emac: no mem for receive buffer
E (22525) opencores.emac: no mem for receive buffer
E (22525) opencores.emac: no mem for receive buffer
E (22525) opencores.emac: no mem for receive buffer
E (22525) opencores.emac: no mem for receive buffer
E (22525) opencores.emac: no mem for receive buffer
E (22525) opencores.emac: no mem for receive buffer
E (22525) opencores.emac: no mem for receive buffer
E (22525) opencores.emac: no mem for receive buffer
E (22525) opencores.emac: no mem for receive buffer
E (22525) opencores.emac: no mem for receive buffer
E (22525) opencores.emac: no mem for receive buffer
E (22525) opencores.emac: no mem for receive buffer
E (22525) opencores.emac: no mem for receive buffer
E (22525) opencores.emac: no mem for receive buffer
E (22525) opencores.emac: no mem for receive buffer
E (22525) opencores.emac: no mem for receive buffer
E (22525) opencores.emac: no mem for receive buffer
E (22525) opencores.emac: no mem for receive buffer
E (22525) opencores.emac: no mem for receive buffer
E (22525) opencores.emac: no mem for receive buffer
E (22525) opencores.emac: no mem for receive buffer
E (22525) opencores.emac: no mem for receive buffer
E (22525) opencores.emac: no mem for receive buffer
E (22525) opencores.emac: no mem for receive buffer
E (22525) opencores.emac: no mem for receive buffer
E (22525) opencores.emac: no mem for receive buffer
E (22525) opencores.emac: no mem for receive buffer
E (22525) opencores.emac: no mem for receive buffer
E (22525) opencores.emac: no mem for receive buffer
E (22525) opencores.emac: no mem for receive buffer
E (22525) opencores.emac: no mem for receive buffer
E (22525) opencores.emac: no mem for receive buffer
E (22525) opencores.emac: no mem for receive buffer
E (22525) opencores.emac: no mem for receive buffer
E (22525) opencores.emac: no mem for receive buffer
E (22525) opencores.emac: no mem for receive buffer
E (22525) opencores.emac: no mem for receive buffer
E (22525) opencores.emac: no mem for receive buffer
E (22525) opencores.emac: no mem for receive buffer
E (22525) opencores.emac: no mem for receive buffer
E (22525) opencores.emac: no mem for receive buffer
E (22525) opencores.emac: no mem for receive buffer
E (22525) opencores.emac: no mem for receive buffer
E (22525) opencores.emac: no mem for receive buffer
E (22525) opencores.emac: no mem for receive buffer
E (22525) opencores.emac: no mem for receive buffer
E (22525) opencores.emac: no mem for receive buffer
E (22525) opencores.emac: no mem for receive buffer
E (22525) opencores.emac: no mem for receive buffer
E (22525) opencores.emac: no mem for receive buffer
E (22525) opencores.emac: no mem for receive buffer
E (22525) opencores.emac: no mem for receive buffer
E (22525) opencores.emac: no mem for receive buffer
E (22525) opencores.emac: no mem for receive buffer
E (22525) opencores.emac: no mem for receive buffer
E (22525) opencores.emac: no mem for receive buffer
E (22525) opencores.emac: no mem for receive buffer
E (22525) opencores.emac: no mem for receive buffer
E (22535) opencores.emac: no mem for receive buffer
E (22535) opencores.emac: no mem for receive buffer
E (22535) opencores.emac: no mem for receive buffer
E (22535) opencores.emac: no mem for receive buffer
E (22535) opencores.emac: no mem for receive buffer
E (22535) opencores.emac: no mem for receive buffer
E (22535) opencores.emac: no mem for receive buffer
E (22535) opencores.emac: no mem for receive buffer
E (22535) opencores.emac: no mem for receive buffer
E (22535) opencores.emac: no mem for receive buffer
E (22535) opencores.emac: no mem for receive buffer
E (22535) opencores.emac: no mem for receive buffer
E (22535) opencores.emac: no mem for receive buffer
E (22535) opencores.emac: no mem for receive buffer
E (22535) opencores.emac: no mem for receive buffer
E (22535) opencores.emac: no mem for receive buffer
E (22535) opencores.emac: no mem for receive buffer
E (22535) opencores.emac: no mem for receive buffer
E (22535) opencores.emac: no mem for receive buffer
E (22535) opencores.emac: no mem for receive buffer
E (22535) opencores.emac: no mem for receive buffer
E (22535) opencores.emac: no mem for receive buffer
E (22535) opencores.emac: no mem for receive buffer
E (22535) opencores.emac: no mem for receive buffer
E (22535) opencores.emac: no mem for receive buffer
E (22535) opencores.emac: no mem for receive buffer
E (22535) opencores.emac: no mem for receive buffer
E (22535) opencores.emac: no mem for receive buffer
E (22535) opencores.emac: no mem for receive buffer
E (22535) opencores.emac: no mem for receive buffer
E (22535) opencores.emac: no mem for receive buffer
E (22535) opencores.emac: no mem for receive buffer
E (22535) opencores.emac: no mem for receive buffer
E (22535) opencores.emac: no mem for receive buffer
E (22535) opencores.emac: no mem for receive buffer
E (22535) opencores.emac: no mem for receive buffer
E (22535) opencores.emac: no mem for receive buffer
E (22535) opencores.emac: no mem for receive buffer
E (22535) opencores.emac: no mem for receive buffer
E (22535) opencores.emac: no mem for receive buffer
E (22535) opencores.emac: no mem for receive buffer
E (22535) opencores.emac: no mem for receive buffer
E (22535) opencores.emac: no mem for receive buffer
E (22535) opencores.emac: no mem for receive buffer
E (22535) opencores.emac: no mem for receive buffer
E (22535) opencores.emac: no mem for receive buffer
E (22535) opencores.emac: no mem for receive buffer
E (22535) opencores.emac: no mem for receive buffer
E (22535) opencores.emac: no mem for receive buffer
E (22535) opencores.emac: no mem for receive buffer
E (22535) opencores.emac: no mem for receive buffer
E (22535) opencores.emac: no mem for receive buffer
E (22535) opencores.emac: no mem for receive buffer
E (22535) opencores.emac: no mem for receive buffer
E (22535) opencores.emac: no mem for receive buffer
E (22535) opencores.emac: no mem for receive buffer
E (22535) opencores.emac: no mem for receive buffer
E (22535) opencores.emac: no mem for receive buffer
E (22535) opencores.emac: no mem for receive buffer
E (22535) opencores.emac: no mem for receive buffer
E (22535) opencores.emac: no mem for receive buffer
E (22535) opencores.emac: no mem for receive buffer
E (22535) opencores.emac: no mem for receive buffer
E (22535) opencores.emac: no mem for receive buffer
E (22535) opencores.emac: no mem for receive buffer
E (22535) opencores.emac: no mem for receive buffer
E (22535) opencores.emac: no mem for receive buffer
E (22535) opencores.emac: no mem for receive buffer
E (22535) opencores.emac: no mem for receive buffer
E (22535) opencores.emac: no mem for receive buffer
E (22535) opencores.emac: no mem for receive buffer
E (22535) opencores.emac: no mem for receive buffer
E (22535) opencores.emac: no mem for receive buffer
E (22535) opencores.emac: no mem for receive buffer
E (22535) opencores.emac: no mem for receive buffer
E (22535) opencores.emac: no mem for receive buffer
E (22535) opencores.emac: no mem for receive buffer
E (22535) opencores.emac: no mem for receive buffer
E (22535) opencores.emac: no mem for receive buffer
E (22535) opencores.emac: no mem for receive buffer
E (22535) opencores.emac: no mem for receive buffer
E (22535) opencores.emac: no mem for receive buffer
E (22535) opencores.emac: no mem for receive buffer
E (22535) opencores.emac: no mem for receive buffer
E (22535) opencores.emac: no mem for receive buffer
E (22535) opencores.emac: no mem for receive buffer
E (22535) opencores.emac: no mem for receive buffer
E (22535) opencores.emac: no mem for receive buffer
E (22535) opencores.emac: no mem for receive buffer
E (22535) opencores.emac: no mem for receive buffer
E (22535) opencores.emac: no mem for receive buffer
E (22535) opencores.emac: no mem for receive buffer
E (22535) opencores.emac: no mem for receive buffer
E (22535) opencores.emac: no mem for receive buffer
E (22535) opencores.emac: no mem for receive buffer
E (22535) opencores.emac: no mem for receive buffer
E (22535) opencores.emac: no mem for receive buffer
E (22535) opencores.emac: no mem for receive buffer
E (22535) opencores.emac: no mem for receive buffer
E (22535) opencores.emac: no mem for receive buffer
E (22535) opencores.emac: no mem for receive buffer
E (22535) opencores.emac: no mem for receive buffer
E (22535) opencores.emac: no mem for receive buffer
E (22535) opencores.emac: no mem for receive buffer
E (22535) opencores.emac: no mem for receive buffer
E (22535) opencores.emac: no mem for receive buffer
E (22535) opencores.emac: no mem for receive buffer
E (22535) opencores.emac: no mem for receive buffer
E (22535) opencores.emac: no mem for receive buffer
E (22535) opencores.emac: no mem for receive buffer
E (22535) opencores.emac: no mem for receive buffer
E (22535) opencores.emac: no mem for receive buffer
E (22535) opencores.emac: no mem for receive buffer
E (22535) opencores.emac: no mem for receive buffer
E (22535) opencores.emac: no mem for receive buffer
E (22535) opencores.emac: no mem for receive buffer
E (22535) opencores.emac: no mem for receive buffer
E (22535) opencores.emac: no mem for receive buffer
E (22535) opencores.emac: no mem for receive buffer
E (22535) opencores.emac: no mem for receive buffer
E (22535) opencores.emac: no mem for receive buffer
E (22535) opencores.emac: no mem for receive buffer
E (22535) opencores.emac: no mem for receive buffer
E (22535) opencores.emac: no mem for receive buffer
E (22535) opencores.emac: no mem for receive buffer
E (22535) opencores.emac: no mem for receive buffer
E (22535) opencores.emac: no mem for receive buffer
E (22535) opencores.emac: no mem for receive buffer
E (22535) opencores.emac: no mem for receive buffer
E (22535) opencores.emac: no mem for receive buffer
E (22535) opencores.emac: no mem for receive buffer
E (22535) opencores.emac: no mem for receive buffer
E (22535) opencores.emac: no mem for receive buffer
E (22535) opencores.emac: no mem for receive buffer
E (22535) opencores.emac: no mem for receive buffer
E (22535) opencores.emac: no mem for receive buffer
E (22535) opencores.emac: no mem for receive buffer
E (22535) opencores.emac: no mem for receive buffer
E (22535) opencores.emac: no mem for receive buffer
E (22535) opencores.emac: no mem for receive buffer
E (22535) opencores.emac: no mem for receive buffer
E (22535) opencores.emac: no mem for receive buffer
E (22535) opencores.emac: no mem for receive buffer
E (22535) opencores.emac: no mem for receive buffer
E (22535) opencores.emac: no mem for receive buffer
E (22535) opencores.emac: no mem for receive buffer
E (22535) opencores.emac: no mem for receive buffer
E (22535) opencores.emac: no mem for receive buffer
E (22535) opencores.emac: no mem for receive buffer
E (22535) opencores.emac: no mem for receive buffer
E (22545) opencores.emac: no mem for receive buffer
E (22545) opencores.emac: no mem for receive buffer
E (22545) opencores.emac: no mem for receive buffer
E (22545) opencores.emac: no mem for receive buffer
E (22545) opencores.emac: no mem for receive buffer
E (22545) opencores.emac: no mem for receive buffer
E (22545) opencores.emac: no mem for receive buffer
E (22545) opencores.emac: no mem for receive buffer
E (22545) opencores.emac: no mem for receive buffer
E (22545) opencores.emac: no mem for receive buffer
E (22545) opencores.emac: no mem for receive buffer
E (22545) opencores.emac: no mem for receive buffer
E (22545) opencores.emac: no mem for receive buffer
E (22545) opencores.emac: no mem for receive buffer
E (22545) opencores.emac: no mem for receive buffer
E (22545) opencores.emac: no mem for receive buffer
E (22545) opencores.emac: no mem for receive buffer
E (22545) opencores.emac: no mem for receive buffer
E (22545) opencores.emac: no mem for receive buffer
E (22545) opencores.emac: no mem for receive buffer
E (22545) opencores.emac: no mem for receive buffer
E (22545) opencores.emac: no mem for receive buffer
E (22545) opencores.emac: no mem for receive buffer
E (22545) opencores.emac: no mem for receive buffer
E (22545) opencores.emac: no mem for receive buffer
E (22545) opencores.emac: no mem for receive buffer
E (22545) opencores.emac: no mem for receive buffer
E (22545) opencores.emac: no mem for receive buffer
E (22545) opencores.emac: no mem for receive buffer
E (22545) opencores.emac: no mem for receive buffer
E (22545) opencores.emac: no mem for receive buffer
E (22545) opencores.emac: no mem for receive buffer
E (22545) opencores.emac: no mem for receive buffer
E (22545) opencores.emac: no mem for receive buffer
E (22545) opencores.emac: no mem for receive buffer
E (22545) opencores.emac: no mem for receive buffer
E (22545) opencores.emac: no mem for receive buffer
E (22545) opencores.emac: no mem for receive buffer
E (22545) opencores.emac: no mem for receive buffer
E (22545) opencores.emac: no mem for receive buffer
E (22545) opencores.emac: no mem for receive buffer
E (22545) opencores.emac: no mem for receive buffer
E (22545) opencores.emac: no mem for receive buffer
E (22545) opencores.emac: no mem for receive buffer
E (22545) opencores.emac: no mem for receive buffer
E (22545) opencores.emac: no mem for receive buffer
E (22545) opencores.emac: no mem for receive buffer
E (22545) opencores.emac: no mem for receive buffer
E (22545) opencores.emac: no mem for receive buffer
E (22545) opencores.emac: no mem for receive buffer
E (22545) opencores.emac: no mem for receive buffer
E (22545) opencores.emac: no mem for receive buffer
E (22545) opencores.emac: no mem for receive buffer
E (22545) opencores.emac: no mem for receive buffer
E (22545) opencores.emac: no mem for receive buffer
E (22545) opencores.emac: no mem for receive buffer
E (22545) opencores.emac: no mem for receive buffer
E (22545) opencores.emac: no mem for receive buffer
E (22545) opencores.emac: no mem for receive buffer
E (22545) opencores.emac: no mem for receive buffer
E (22545) opencores.emac: no mem for receive buffer
E (22545) opencores.emac: no mem for receive buffer
E (22545) opencores.emac: no mem for receive buffer
E (22545) opencores.emac: no mem for receive buffer
E (22545) opencores.emac: no mem for receive buffer
E (22545) opencores.emac: no mem for receive buffer
E (22545) opencores.emac: no mem for receive buffer
E (22545) opencores.emac: no mem for receive buffer
E (22545) opencores.emac: no mem for receive buffer
E (22545) opencores.emac: no mem for receive buffer
E (22545) opencores.emac: no mem for receive buffer
E (22545) opencores.emac: no mem for receive buffer
E (22545) opencores.emac: no mem for receive buffer
E (22545) opencores.emac: no mem for receive buffer
E (22545) opencores.emac: no mem for receive buffer
E (22545) opencores.emac: no mem for receive buffer
E (22545) opencores.emac: no mem for receive buffer
E (22545) opencores.emac: no mem for receive buffer
E (22545) opencores.emac: no mem for receive buffer
E (22545) opencores.emac: no mem for receive buffer
E (22545) opencores.emac: no mem for receive buffer
E (22545) opencores.emac: no mem for receive buffer
E (22545) opencores.emac: no mem for receive buffer
E (22545) opencores.emac: no mem for receive buffer
E (22545) opencores.emac: no mem for receive buffer
E (22545) opencores.emac: no mem for receive buffer
E (22545) opencores.emac: no mem for receive buffer
E (22545) opencores.emac: no mem for receive buffer
E (22545) opencores.emac: no mem for receive buffer
E (22545) opencores.emac: no mem for receive buffer
E (22545) opencores.emac: no mem for receive buffer
E (22545) opencores.emac: no mem for receive buffer
E (22545) opencores.emac: no mem for receive buffer
E (22545) opencores.emac: no mem for receive buffer
E (22545) opencores.emac: no mem for receive buffer
E (22545) opencores.emac: no mem for receive buffer
E (22545) opencores.emac: no mem for receive buffer
E (22545) opencores.emac: no mem for receive buffer
E (22545) opencores.emac: no mem for receive buffer
E (22545) opencores.emac: no mem for receive buffer
E (22545) opencores.emac: no mem for receive buffer
E (22545) opencores.emac: no mem for receive buffer
E (22545) opencores.emac: no mem for receive buffer
E (22545) opencores.emac: no mem for receive buffer
E (22545) opencores.emac: no mem for receive buffer
E (22545) opencores.emac: no mem for receive buffer
E (22545) opencores.emac: no mem for receive buffer
E (22545) opencores.emac: no mem for receive buffer
E (22545) opencores.emac: no mem for receive buffer
E (22545) opencores.emac: no mem for receive buffer
E (22545) opencores.emac: no mem for receive buffer
E (22545) opencores.emac: no mem for receive buffer
E (22545) opencores.emac: no mem for receive buffer
E (22545) opencores.emac: no mem for receive buffer
E (22545) opencores.emac: no mem for receive buffer
E (22545) opencores.emac: no mem for receive buffer
E (22545) opencores.emac: no mem for receive buffer
E (22545) opencores.emac: no mem for receive buffer
E (22545) opencores.emac: no mem for receive buffer
E (22545) opencores.emac: no mem for receive buffer
E (22545) opencores.emac: no mem for receive buffer
E (22545) opencores.emac: no mem for receive buffer
E (22545) opencores.emac: no mem for receive buffer
E (22545) opencores.emac: no mem for receive buffer
E (22545) opencores.emac: no mem for receive buffer
E (22545) opencores.emac: no mem for receive buffer
E (22545) opencores.emac: no mem for receive buffer
E (22545) opencores.emac: no mem for receive buffer
E (22545) opencores.emac: no mem for receive buffer
E (22545) opencores.emac: no mem for receive buffer
E (22545) opencores.emac: no mem for receive buffer
E (22545) opencores.emac: no mem for receive buffer
E (22545) opencores.emac: no mem for receive buffer
E (22545) opencores.emac: no mem for receive buffer
E (22545) opencores.emac: no mem for receive buffer
E (22545) opencores.emac: no mem for receive buffer
E (22545) opencores.emac: no mem for receive buffer
E (22545) opencores.emac: no mem for receive buffer
E (22545) opencores.emac: no mem for receive buffer
E (22545) opencores.emac: no mem for receive buffer
E (22545) opencores.emac: no mem for receive buffer
E (22545) opencores.emac: no mem for receive buffer
E (22545) opencores.emac: no mem for receive buffer
E (22545) opencores.emac: no mem for receive buffer
E (22545) opencores.emac: no mem for receive buffer
E (22545) opencores.emac: no mem for receive buffer
E (22545) opencores.emac: no mem for receive buffer
E (22545) opencores.emac: no mem for receive buffer
E (22545) opencores.emac: no mem for receive buffer
E (22545) opencores.emac: no mem for receive buffer
E (22545) opencores.emac: no mem for receive buffer
E (22545) opencores.emac: no mem for receive buffer
E (22545) opencores.emac: no mem for receive buffer
E (22545) opencores.emac: no mem for receive buffer
E (22545) opencores.emac: no mem for receive buffer
E (22545) opencores.emac: no mem for receive buffer
E (22545) opencores.emac: no mem for receive buffer
E (22545) opencores.emac: no mem for receive buffer
E (22545) opencores.emac: no mem for receive buffer
E (22545) opencores.emac: no mem for receive buffer
E (22545) opencores.emac: no mem for receive buffer
E (22545) opencores.emac: no mem for receive buffer
E (22545) opencores.emac: no mem for receive buffer
E (22545) opencores.emac: no mem for receive buffer
E (22545) opencores.emac: no mem for receive buffer
E (22545) opencores.emac: no mem for receive buffer
E (22555) opencores.emac: no mem for receive buffer
E (22555) opencores.emac: no mem for receive buffer
E (22555) opencores.emac: no mem for receive buffer
E (22555) opencores.emac: no mem for receive buffer
E (22555) opencores.emac: no mem for receive buffer
E (22555) opencores.emac: no mem for receive buffer
E (22555) opencores.emac: no mem for receive buffer
E (22555) opencores.emac: no mem for receive buffer
E (22555) opencores.emac: no mem for receive buffer
E (22555) opencores.emac: no mem for receive buffer
E (22555) opencores.emac: no mem for receive buffer
E (22555) opencores.emac: no mem for receive buffer
E (22555) opencores.emac: no mem for receive buffer
E (22555) opencores.emac: no mem for receive buffer
E (22555) opencores.emac: no mem for receive buffer
E (22555) opencores.emac: no mem for receive buffer
E (22555) opencores.emac: no mem for receive buffer
E (22555) opencores.emac: no mem for receive buffer
E (22555) opencores.emac: no mem for receive buffer
E (22555) opencores.emac: no mem for receive buffer
E (22555) opencores.emac: no mem for receive buffer
E (22555) opencores.emac: no mem for receive buffer
E (22555) opencores.emac: no mem for receive buffer
E (22555) opencores.emac: no mem for receive buffer
E (22555) opencores.emac: no mem for receive buffer
E (22555) opencores.emac: no mem for receive buffer
E (22555) opencores.emac: no mem for receive buffer
E (22555) opencores.emac: no mem for receive buffer
E (22555) opencores.emac: no mem for receive buffer
E (22555) opencores.emac: no mem for receive buffer
E (22555) opencores.emac: no mem for receive buffer
E (22555) opencores.emac: no mem for receive buffer
E (22555) opencores.emac: no mem for receive buffer
E (22555) opencores.emac: no mem for receive buffer
E (22555) opencores.emac: no mem for receive buffer
E (22555) opencores.emac: no mem for receive buffer
E (22555) opencores.emac: no mem for receive buffer
E (22555) opencores.emac: no mem for receive buffer
E (22555) opencores.emac: no mem for receive buffer
E (22555) opencores.emac: no mem for receive buffer
E (22555) opencores.emac: no mem for receive buffer
E (22555) opencores.emac: no mem for receive buffer
E (22555) opencores.emac: no mem for receive buffer
E (22555) opencores.emac: no mem for receive buffer
E (22555) opencores.emac: no mem for receive buffer
E (22555) opencores.emac: no mem for receive buffer
E (22555) opencores.emac: no mem for receive buffer
E (22555) opencores.emac: no mem for receive buffer
E (22555) opencores.emac: no mem for receive buffer
E (22555) opencores.emac: no mem for receive buffer
E (22555) opencores.emac: no mem for receive buffer
E (22555) opencores.emac: no mem for receive buffer
E (22555) opencores.emac: no mem for receive buffer
E (22555) opencores.emac: no mem for receive buffer
E (22555) opencores.emac: no mem for receive buffer
E (22555) opencores.emac: no mem for receive buffer
E (22555) opencores.emac: no mem for receive buffer
E (22555) opencores.emac: no mem for receive buffer
E (22555) opencores.emac: no mem for receive buffer
E (22555) opencores.emac: no mem for receive buffer
E (22555) opencores.emac: no mem for receive buffer
E (22555) opencores.emac: no mem for receive buffer
E (22555) opencores.emac: no mem for receive buffer
E (22555) opencores.emac: no mem for receive buffer
E (22555) opencores.emac: no mem for receive buffer
E (22555) opencores.emac: no mem for receive buffer
E (22555) opencores.emac: no mem for receive buffer
E (22555) opencores.emac: no mem for receive buffer
E (22555) opencores.emac: no mem for receive buffer
E (22555) opencores.emac: no mem for receive buffer
E (22555) opencores.emac: no mem for receive buffer
E (22555) opencores.emac: no mem for receive buffer
E (22555) opencores.emac: no mem for receive buffer
E (22555) opencores.emac: no mem for receive buffer
E (22555) opencores.emac: no mem for receive buffer
E (22555) opencores.emac: no mem for receive buffer
E (22555) opencores.emac: no mem for receive buffer
E (22555) opencores.emac: no mem for receive buffer
E (22555) opencores.emac: no mem for receive buffer
E (22555) opencores.emac: no mem for receive buffer
E (22555) opencores.emac: no mem for receive buffer
E (22555) opencores.emac: no mem for receive buffer
E (22555) opencores.emac: no mem for receive buffer
E (22555) opencores.emac: no mem for receive buffer
E (22555) opencores.emac: no mem for receive buffer
E (22555) opencores.emac: no mem for receive buffer
E (22555) opencores.emac: no mem for receive buffer
E (22555) opencores.emac: no mem for receive buffer
E (22555) opencores.emac: no mem for receive buffer
E (22555) opencores.emac: no mem for receive buffer
E (22555) opencores.emac: no mem for receive buffer
E (22555) opencores.emac: no mem for receive buffer
E (22555) opencores.emac: no mem for receive buffer
E (22555) opencores.emac: no mem for receive buffer
E (22555) opencores.emac: no mem for receive buffer
E (22555) opencores.emac: no mem for receive buffer
E (22555) opencores.emac: no mem for receive buffer
E (22555) opencores.emac: no mem for receive buffer
E (22555) opencores.emac: no mem for receive buffer
E (22555) opencores.emac: no mem for receive buffer
E (22555) opencores.emac: no mem for receive buffer
E (22555) opencores.emac: no mem for receive buffer
E (22555) opencores.emac: no mem for receive buffer
E (22555) opencores.emac: no mem for receive buffer
E (22555) opencores.emac: no mem for receive buffer
E (22555) opencores.emac: no mem for receive buffer
E (22555) opencores.emac: no mem for receive buffer
E (22555) opencores.emac: no mem for receive buffer
E (22555) opencores.emac: no mem for receive buffer
E (22555) opencores.emac: no mem for receive buffer
E (22555) opencores.emac: no mem for receive buffer
E (22555) opencores.emac: no mem for receive buffer
E (22555) opencores.emac: no mem for receive buffer
E (22555) opencores.emac: no mem for receive buffer
E (22555) opencores.emac: no mem for receive buffer
E (22555) opencores.emac: no mem for receive buffer
E (22555) opencores.emac: no mem for receive buffer
E (22555) opencores.emac: no mem for receive buffer
E (22555) opencores.emac: no mem for receive buffer
E (22555) opencores.emac: no mem for receive buffer
E (22555) opencores.emac: no mem for receive buffer
E (22555) opencores.emac: no mem for receive buffer
E (22555) opencores.emac: no mem for receive buffer
E (22555) opencores.emac: no mem for receive buffer
E (22555) opencores.emac: no mem for receive buffer
E (22555) opencores.emac: no mem for receive buffer
E (22555) opencores.emac: no mem for receive buffer
E (22555) opencores.emac: no mem for receive buffer
E (22555) opencores.emac: no mem for receive buffer
E (22555) opencores.emac: no mem for receive buffer
E (22555) opencores.emac: no mem for receive buffer
E (22555) opencores.emac: no mem for receive buffer
E (22555) opencores.emac: no mem for receive buffer
E (22555) opencores.emac: no mem for receive buffer
E (22555) opencores.emac: no mem for receive buffer
E (22555) opencores.emac: no mem for receive buffer
E (22555) opencores.emac: no mem for receive buffer
E (22555) opencores.emac: no mem for receive buffer
E (22555) opencores.emac: no mem for receive buffer
E (22555) opencores.emac: no mem for receive buffer
E (22555) opencores.emac: no mem for receive buffer
E (22555) opencores.emac: no mem for receive buffer
E (22555) opencores.emac: no mem for receive buffer
E (22555) opencores.emac: no mem for receive buffer
E (22555) opencores.emac: no mem for receive buffer
E (22555) opencores.emac: no mem for receive buffer
E (22555) opencores.emac: no mem for receive buffer
E (22555) opencores.emac: no mem for receive buffer
E (22555) opencores.emac: no mem for receive buffer
E (22555) opencores.emac: no mem for receive buffer
E (22555) opencores.emac: no mem for receive buffer
E (22555) opencores.emac: no mem for receive buffer
E (22555) opencores.emac: no mem for receive buffer
E (22555) opencores.emac: no mem for receive buffer
E (22555) opencores.emac: no mem for receive buffer
E (22555) opencores.emac: no mem for receive buffer
E (22555) opencores.emac: no mem for receive buffer
E (22555) opencores.emac: no mem for receive buffer
E (22555) opencores.emac: no mem for receive buffer
E (22555) opencores.emac: no mem for receive buffer
E (22555) opencores.emac: no mem for receive buffer
E (22555) opencores.emac: no mem for receive buffer
E (22565) opencores.emac: no mem for receive buffer
E (22565) opencores.emac: no mem for receive buffer
E (22565) opencores.emac: no mem for receive buffer
E (22565) opencores.emac: no mem for receive buffer
E (22565) opencores.emac: no mem for receive buffer
E (22565) opencores.emac: no mem for receive buffer
E (22565) opencores.emac: no mem for receive buffer
E (22565) opencores.emac: no mem for receive buffer
E (22565) opencores.emac: no mem for receive buffer
E (22565) opencores.emac: no mem for receive buffer
E (22565) opencores.emac: no mem for receive buffer
E (22565) opencores.emac: no mem for receive buffer
E (22565) opencores.emac: no mem for receive buffer
E (22565) opencores.emac: no mem for receive buffer
E (22565) opencores.emac: no mem for receive buffer
E (22565) opencores.emac: no mem for receive buffer
E (22565) opencores.emac: no mem for receive buffer
E (22565) opencores.emac: no mem for receive buffer
E (22565) opencores.emac: no mem for receive buffer
E (22565) opencores.emac: no mem for receive buffer
E (22565) opencores.emac: no mem for receive buffer
E (22565) opencores.emac: no mem for receive buffer
E (22565) opencores.emac: no mem for receive buffer
E (22565) opencores.emac: no mem for receive buffer
E (22565) opencores.emac: no mem for receive buffer
E (22565) opencores.emac: no mem for receive buffer
E (22565) opencores.emac: no mem for receive buffer
E (22565) opencores.emac: no mem for receive buffer
E (22565) opencores.emac: no mem for receive buffer
E (22565) opencores.emac: no mem for receive buffer
E (22565) opencores.emac: no mem for receive buffer
E (22565) opencores.emac: no mem for receive buffer
E (22565) opencores.emac: no mem for receive buffer
E (22565) opencores.emac: no mem for receive buffer
E (22565) opencores.emac: no mem for receive buffer
E (22565) opencores.emac: no mem for receive buffer
E (22565) opencores.emac: no mem for receive buffer
E (22565) opencores.emac: no mem for receive buffer
E (22565) opencores.emac: no mem for receive buffer
E (22565) opencores.emac: no mem for receive buffer
E (22565) opencores.emac: no mem for receive buffer
E (22565) opencores.emac: no mem for receive buffer
E (22565) opencores.emac: no mem for receive buffer
E (22565) opencores.emac: no mem for receive buffer
E (22565) opencores.emac: no mem for receive buffer
E (22565) opencores.emac: no mem for receive buffer
E (22565) opencores.emac: no mem for receive buffer
E (22565) opencores.emac: no mem for receive buffer
E (22565) opencores.emac: no mem for receive buffer
E (22565) opencores.emac: no mem for receive buffer
E (22565) opencores.emac: no mem for receive buffer
E (22565) opencores.emac: no mem for receive buffer
E (22565) opencores.emac: no mem for receive buffer
E (22565) opencores.emac: no mem for receive buffer
E (22565) opencores.emac: no mem for receive buffer
E (22565) opencores.emac: no mem for receive buffer
E (22565) opencores.emac: no mem for receive buffer
E (22565) opencores.emac: no mem for receive buffer
E (22565) opencores.emac: no mem for receive buffer
E (22565) opencores.emac: no mem for receive buffer
E (22565) opencores.emac: no mem for receive buffer
E (22565) opencores.emac: no mem for receive buffer
E (22565) opencores.emac: no mem for receive buffer
E (22565) opencores.emac: no mem for receive buffer
E (22565) opencores.emac: no mem for receive buffer
E (22565) opencores.emac: no mem for receive buffer
E (22565) opencores.emac: no mem for receive buffer
E (22565) opencores.emac: no mem for receive buffer
E (22565) opencores.emac: no mem for receive buffer
E (22565) opencores.emac: no mem for receive buffer
E (22565) opencores.emac: no mem for receive buffer
E (22565) opencores.emac: no mem for receive buffer
E (22565) opencores.emac: no mem for receive buffer
E (22565) opencores.emac: no mem for receive buffer
E (22565) opencores.emac: no mem for receive buffer
E (22565) opencores.emac: no mem for receive buffer
E (22565) opencores.emac: no mem for receive buffer
E (22565) opencores.emac: no mem for receive buffer
E (22565) opencores.emac: no mem for receive buffer
E (22565) opencores.emac: no mem for receive buffer
E (22565) opencores.emac: no mem for receive buffer
E (22565) opencores.emac: no mem for receive buffer
E (22565) opencores.emac: no mem for receive buffer
E (22565) opencores.emac: no mem for receive buffer
E (22565) opencores.emac: no mem for receive buffer
E (22565) opencores.emac: no mem for receive buffer
E (22565) opencores.emac: no mem for receive buffer
E (22565) opencores.emac: no mem for receive buffer
E (22565) opencores.emac: no mem for receive buffer
E (22565) opencores.emac: no mem for receive buffer
E (22565) opencores.emac: no mem for receive buffer
E (22565) opencores.emac: no mem for receive buffer
E (22565) opencores.emac: no mem for receive buffer
E (22565) opencores.emac: no mem for receive buffer
E (22565) opencores.emac: no mem for receive buffer
E (22565) opencores.emac: no mem for receive buffer
E (22565) opencores.emac: no mem for receive buffer
E (22565) opencores.emac: no mem for receive buffer
E (22565) opencores.emac: no mem for receive buffer
E (22565) opencores.emac: no mem for receive buffer
E (22565) opencores.emac: no mem for receive buffer
E (22565) opencores.emac: no mem for receive buffer
E (22565) opencores.emac: no mem for receive buffer
E (22565) opencores.emac: no mem for receive buffer
E (22565) opencores.emac: no mem for receive buffer
E (22565) opencores.emac: no mem for receive buffer
E (22565) opencores.emac: no mem for receive buffer
E (22565) opencores.emac: no mem for receive buffer
E (22565) opencores.emac: no mem for receive buffer
E (22565) opencores.emac: no mem for receive buffer
E (22565) opencores.emac: no mem for receive buffer
E (22565) opencores.emac: no mem for receive buffer
E (22565) opencores.emac: no mem for receive buffer
E (22565) opencores.emac: no mem for receive buffer
E (22565) opencores.emac: no mem for receive buffer
E (22565) opencores.emac: no mem for receive buffer
E (22565) opencores.emac: no mem for receive buffer
E (22565) opencores.emac: no mem for receive buffer
E (22565) opencores.emac: no mem for receive buffer
E (22565) opencores.emac: no mem for receive buffer
E (22565) opencores.emac: no mem for receive buffer
E (22565) opencores.emac: no mem for receive buffer
E (22565) opencores.emac: no mem for receive buffer
E (22565) opencores.emac: no mem for receive buffer
E (22565) opencores.emac: no mem for receive buffer
E (22565) opencores.emac: no mem for receive buffer
E (22565) opencores.emac: no mem for receive buffer
E (22565) opencores.emac: no mem for receive buffer
E (22565) opencores.emac: no mem for receive buffer
E (22565) opencores.emac: no mem for receive buffer
E (22565) opencores.emac: no mem for receive buffer
E (22565) opencores.emac: no mem for receive buffer
E (22565) opencores.emac: no mem for receive buffer
E (22565) opencores.emac: no mem for receive buffer
E (22565) opencores.emac: no mem for receive buffer
E (22565) opencores.emac: no mem for receive buffer
E (22565) opencores.emac: no mem for receive buffer
E (22565) opencores.emac: no mem for receive buffer
E (22565) opencores.emac: no mem for receive buffer
E (22565) opencores.emac: no mem for receive buffer
E (22565) opencores.emac: no mem for receive buffer
E (22565) opencores.emac: no mem for receive buffer
E (22565) opencores.emac: no mem for receive buffer
E (22565) opencores.emac: no mem for receive buffer
E (22565) opencores.emac: no mem for receive buffer
E (22565) opencores.emac: no mem for receive buffer
E (22565) opencores.emac: no mem for receive buffer
E (22565) opencores.emac: no mem for receive buffer
E (22565) opencores.emac: no mem for receive buffer
E (22565) opencores.emac: no mem for receive buffer
E (22565) opencores.emac: no mem for receive buffer
E (22565) opencores.emac: no mem for receive buffer
E (22565) opencores.emac: no mem for receive buffer
E (22565) opencores.emac: no mem for receive buffer
E (22565) opencores.emac: no mem for receive buffer
E (22565) opencores.emac: no mem for receive buffer
E (22565) opencores.emac: no mem for receive buffer
E (22565) opencores.emac: no mem for receive buffer
E (22565) opencores.emac: no mem for receive buffer
E (22575) opencores.emac: no mem for receive buffer
E (22575) opencores.emac: no mem for receive buffer
E (22575) opencores.emac: no mem for receive buffer
E (22575) opencores.emac: no mem for receive buffer
E (22575) opencores.emac: no mem for receive buffer
E (22575) opencores.emac: no mem for receive buffer
E (22575) opencores.emac: no mem for receive buffer
E (22575) opencores.emac: no mem for receive buffer
E (22575) opencores.emac: no mem for receive buffer
E (22575) opencores.emac: no mem for receive buffer
E (22575) opencores.emac: no mem for receive buffer
E (22575) opencores.emac: no mem for receive buffer
E (22575) opencores.emac: no mem for receive buffer
E (22575) opencores.emac: no mem for receive buffer
E (22575) opencores.emac: no mem for receive buffer
E (22575) opencores.emac: no mem for receive buffer
E (22575) opencores.emac: no mem for receive buffer
E (22575) opencores.emac: no mem for receive buffer
E (22575) opencores.emac: no mem for receive buffer
E (22575) opencores.emac: no mem for receive buffer
E (22575) opencores.emac: no mem for receive buffer
E (22575) opencores.emac: no mem for receive buffer
E (22575) opencores.emac: no mem for receive buffer
E (22575) opencores.emac: no mem for receive buffer
E (22575) opencores.emac: no mem for receive buffer
E (22575) opencores.emac: no mem for receive buffer
E (22575) opencores.emac: no mem for receive buffer
E (22575) opencores.emac: no mem for receive buffer
E (22575) opencores.emac: no mem for receive buffer
E (22575) opencores.emac: no mem for receive buffer
E (22575) opencores.emac: no mem for receive buffer
E (22575) opencores.emac: no mem for receive buffer
E (22575) opencores.emac: no mem for receive buffer
E (22575) opencores.emac: no mem for receive buffer
E (22575) opencores.emac: no mem for receive buffer
E (22575) opencores.emac: no mem for receive buffer
E (22575) opencores.emac: no mem for receive buffer
E (22575) opencores.emac: no mem for receive buffer
E (22575) opencores.emac: no mem for receive buffer
E (22575) opencores.emac: no mem for receive buffer
E (22575) opencores.emac: no mem for receive buffer
E (22575) opencores.emac: no mem for receive buffer
E (22575) opencores.emac: no mem for receive buffer
E (22575) opencores.emac: no mem for receive buffer
E (22575) opencores.emac: no mem for receive buffer
E (22575) opencores.emac: no mem for receive buffer
E (22575) opencores.emac: no mem for receive buffer
E (22575) opencores.emac: no mem for receive buffer
E (22575) opencores.emac: no mem for receive buffer
E (22575) opencores.emac: no mem for receive buffer
E (22575) opencores.emac: no mem for receive buffer
E (22575) opencores.emac: no mem for receive buffer
E (22575) opencores.emac: no mem for receive buffer
E (22575) opencores.emac: no mem for receive buffer
E (22575) opencores.emac: no mem for receive buffer
E (22575) opencores.emac: no mem for receive buffer
E (22575) opencores.emac: no mem for receive buffer
E (22575) opencores.emac: no mem for receive buffer
E (22575) opencores.emac: no mem for receive buffer
E (22575) opencores.emac: no mem for receive buffer
E (22575) opencores.emac: no mem for receive buffer
E (22575) opencores.emac: no mem for receive buffer
E (22575) opencores.emac: no mem for receive buffer
E (22575) opencores.emac: no mem for receive buffer
E (22575) opencores.emac: no mem for receive buffer
E (22575) opencores.emac: no mem for receive buffer
E (22575) opencores.emac: no mem for receive buffer
E (22575) opencores.emac: no mem for receive buffer
E (22575) opencores.emac: no mem for receive buffer
E (22575) opencores.emac: no mem for receive buffer
E (22575) opencores.emac: no mem for receive buffer
E (22575) opencores.emac: no mem for receive buffer
E (22575) opencores.emac: no mem for receive buffer
E (22575) opencores.emac: no mem for receive buffer
E (22575) opencores.emac: no mem for receive buffer
E (22575) opencores.emac: no mem for receive buffer
E (22575) opencores.emac: no mem for receive buffer
E (22575) opencores.emac: no mem for receive buffer
E (22575) opencores.emac: no mem for receive buffer
E (22575) opencores.emac: no mem for receive buffer
E (22575) opencores.emac: no mem for receive buffer
E (22575) opencores.emac: no mem for receive buffer
E (22575) opencores.emac: no mem for receive buffer
E (22575) opencores.emac: no mem for receive buffer
E (22575) opencores.emac: no mem for receive buffer
E (22575) opencores.emac: no mem for receive buffer
E (22575) opencores.emac: no mem for receive buffer
E (22575) opencores.emac: no mem for receive buffer
E (22575) opencores.emac: no mem for receive buffer
E (22575) opencores.emac: no mem for receive buffer
E (22575) opencores.emac: no mem for receive buffer
E (22575) opencores.emac: no mem for receive buffer
E (22575) opencores.emac: no mem for receive buffer
E (22575) opencores.emac: no mem for receive buffer
E (22575) opencores.emac: no mem for receive buffer
E (22575) opencores.emac: no mem for receive buffer
E (22575) opencores.emac: no mem for receive buffer
E (22575) opencores.emac: no mem for receive buffer
E (22575) opencores.emac: no mem for receive buffer
E (22575) opencores.emac: no mem for receive buffer
E (22575) opencores.emac: no mem for receive buffer
E (22575) opencores.emac: no mem for receive buffer
E (22575) opencores.emac: no mem for receive buffer
E (22575) opencores.emac: no mem for receive buffer
E (22575) opencores.emac: no mem for receive buffer
E (22575) opencores.emac: no mem for receive buffer
E (22575) opencores.emac: no mem for receive buffer
E (22575) opencores.emac: no mem for receive buffer
E (22575) opencores.emac: no mem for receive buffer
E (22575) opencores.emac: no mem for receive buffer
E (22575) opencores.emac: no mem for receive buffer
E (22575) opencores.emac: no mem for receive buffer
E (22575) opencores.emac: no mem for receive buffer
E (22575) opencores.emac: no mem for receive buffer
E (22575) opencores.emac: no mem for receive buffer
E (22575) opencores.emac: no mem for receive buffer
E (22575) opencores.emac: no mem for receive buffer
E (22575) opencores.emac: no mem for receive buffer
E (22575) opencores.emac: no mem for receive buffer
E (22575) opencores.emac: no mem for receive buffer
E (22575) opencores.emac: no mem for receive buffer
E (22575) opencores.emac: no mem for receive buffer
E (22575) opencores.emac: no mem for receive buffer
E (22575) opencores.emac: no mem for receive buffer
E (22575) opencores.emac: no mem for receive buffer
E (22575) opencores.emac: no mem for receive buffer
E (22575) opencores.emac: no mem for receive buffer
E (22575) opencores.emac: no mem for receive buffer
E (22575) opencores.emac: no mem for receive buffer
E (22575) opencores.emac: no mem for receive buffer
E (22575) opencores.emac: no mem for receive buffer
E (22575) opencores.emac: no mem for receive buffer
E (22575) opencores.emac: no mem for receive buffer
E (22575) opencores.emac: no mem for receive buffer
E (22575) opencores.emac: no mem for receive buffer
E (22575) opencores.emac: no mem for receive buffer
E (22575) opencores.emac: no mem for receive buffer
E (22575) opencores.emac: no mem for receive buffer
E (22575) opencores.emac: no mem for receive buffer
E (22575) opencores.emac: no mem for receive buffer
E (22575) opencores.emac: no mem for receive buffer
E (22575) opencores.emac: no mem for receive buffer
E (22575) opencores.emac: no mem for receive buffer
E (22575) opencores.emac: no mem for receive buffer
E (22575) opencores.emac: no mem for receive buffer
E (22575) opencores.emac: no mem for receive buffer
E (22575) opencores.emac: no mem for receive buffer
E (22575) opencores.emac: no mem for receive buffer
E (22575) opencores.emac: no mem for receive buffer
E (22575) opencores.emac: no mem for receive buffer
E (22575) opencores.emac: no mem for receive buffer
E (22575) opencores.emac: no mem for receive buffer
E (22575) opencores.emac: no mem for receive buffer
E (22575) opencores.emac: no mem for receive buffer
E (22575) opencores.emac: no mem for receive buffer
E (22575) opencores.emac: no mem for receive buffer
E (22575) opencores.emac: no mem for receive buffer
E (22575) opencores.emac: no mem for receive buffer
E (22575) opencores.emac: no mem for receive buffer
E (22575) opencores.emac: no mem for receive buffer
E (22585) opencores.emac: no mem for receive buffer
E (22585) opencores.emac: no mem for receive buffer
E (22585) opencores.emac: no mem for receive buffer
E (22585) opencores.emac: no mem for receive buffer
E (22585) opencores.emac: no mem for receive buffer
E (22585) opencores.emac: no mem for receive buffer
E (22585) opencores.emac: no mem for receive buffer
E (22585) opencores.emac: no mem for receive buffer
E (22585) opencores.emac: no mem for receive buffer
E (22585) opencores.emac: no mem for receive buffer
E (22585) opencores.emac: no mem for receive buffer
E (22585) opencores.emac: no mem for receive buffer
E (22585) opencores.emac: no mem for receive buffer
E (22585) opencores.emac: no mem for receive buffer
E (22585) opencores.emac: no mem for receive buffer
E (22585) opencores.emac: no mem for receive buffer
E (22585) opencores.emac: no mem for receive buffer
E (22585) opencores.emac: no mem for receive buffer
E (22585) opencores.emac: no mem for receive buffer
E (22585) opencores.emac: no mem for receive buffer
E (22585) opencores.emac: no mem for receive buffer
E (22585) opencores.emac: no mem for receive buffer
E (22585) opencores.emac: no mem for receive buffer
E (22585) opencores.emac: no mem for receive buffer
E (22585) opencores.emac: no mem for receive buffer
E (22585) opencores.emac: no mem for receive buffer
E (22585) opencores.emac: no mem for receive buffer
E (22585) opencores.emac: no mem for receive buffer
E (22585) opencores.emac: no mem for receive buffer
E (22585) opencores.emac: no mem for receive buffer
E (22585) opencores.emac: no mem for receive buffer
E (22585) opencores.emac: no mem for receive buffer
E (22585) opencores.emac: no mem for receive buffer
E (22585) opencores.emac: no mem for receive buffer
E (22585) opencores.emac: no mem for receive buffer
E (22585) opencores.emac: no mem for receive buffer
E (22585) opencores.emac: no mem for receive buffer
E (22585) opencores.emac: no mem for receive buffer
E (22585) opencores.emac: no mem for receive buffer
E (22585) opencores.emac: no mem for receive buffer
E (22585) opencores.emac: no mem for receive buffer
E (22585) opencores.emac: no mem for receive buffer
E (22585) opencores.emac: no mem for receive buffer
E (22585) opencores.emac: no mem for receive buffer
E (22585) opencores.emac: no mem for receive buffer
E (22585) opencores.emac: no mem for receive buffer
E (22585) opencores.emac: no mem for receive buffer
E (22585) opencores.emac: no mem for receive buffer
E (22585) opencores.emac: no mem for receive buffer
E (22585) opencores.emac: no mem for receive buffer
E (22585) opencores.emac: no mem for receive buffer
E (22585) opencores.emac: no mem for receive buffer
E (22585) opencores.emac: no mem for receive buffer
E (22585) opencores.emac: no mem for receive buffer
E (22585) opencores.emac: no mem for receive buffer
E (22585) opencores.emac: no mem for receive buffer
E (22585) opencores.emac: no mem for receive buffer
E (22585) opencores.emac: no mem for receive buffer
E (22585) opencores.emac: no mem for receive buffer
E (22585) opencores.emac: no mem for receive buffer
E (22585) opencores.emac: no mem for receive buffer
E (22585) opencores.emac: no mem for receive buffer
E (22585) opencores.emac: no mem for receive buffer
E (22585) opencores.emac: no mem for receive buffer
E (22585) opencores.emac: no mem for receive buffer
E (22585) opencores.emac: no mem for receive buffer
E (22585) opencores.emac: no mem for receive buffer
E (22585) opencores.emac: no mem for receive buffer
E (22585) opencores.emac: no mem for receive buffer
E (22585) opencores.emac: no mem for receive buffer
E (22585) opencores.emac: no mem for receive buffer
E (22585) opencores.emac: no mem for receive buffer
E (22585) opencores.emac: no mem for receive buffer
E (22585) opencores.emac: no mem for receive buffer
E (22585) opencores.emac: no mem for receive buffer
E (22585) opencores.emac: no mem for receive buffer
E (22585) opencores.emac: no mem for receive buffer
E (22585) opencores.emac: no mem for receive buffer
E (22585) opencores.emac: no mem for receive buffer
E (22585) opencores.emac: no mem for receive buffer
E (22585) opencores.emac: no mem for receive buffer
E (22585) opencores.emac: no mem for receive buffer
E (22585) opencores.emac: no mem for receive buffer
E (22585) opencores.emac: no mem for receive buffer
E (22585) opencores.emac: no mem for receive buffer
E (22585) opencores.emac: no mem for receive buffer
E (22585) opencores.emac: no mem for receive buffer
E (22585) opencores.emac: no mem for receive buffer
E (22585) opencores.emac: no mem for receive buffer
E (22585) opencores.emac: no mem for receive buffer
E (22585) opencores.emac: no mem for receive buffer
E (22585) opencores.emac: no mem for receive buffer
E (22585) opencores.emac: no mem for receive buffer
E (22585) opencores.emac: no mem for receive buffer
E (22585) opencores.emac: no mem for receive buffer
E (22585) opencores.emac: no mem for receive buffer
E (22585) opencores.emac: no mem for receive buffer
E (22585) opencores.emac: no mem for receive buffer
E (22585) opencores.emac: no mem for receive buffer
E (22585) opencores.emac: no mem for receive buffer
E (22585) opencores.emac: no mem for receive buffer
E (22585) opencores.emac: no mem for receive buffer
E (22585) opencores.emac: no mem for receive buffer
E (22585) opencores.emac: no mem for receive buffer
E (22585) opencores.emac: no mem for receive buffer
E (22585) opencores.emac: no mem for receive buffer
E (22585) opencores.emac: no mem for receive buffer
E (22585) opencores.emac: no mem for receive buffer
E (22585) opencores.emac: no mem for receive buffer
E (22585) opencores.emac: no mem for receive buffer
E (22585) opencores.emac: no mem for receive buffer
E (22585) opencores.emac: no mem for receive buffer
E (22585) opencores.emac: no mem for receive buffer
E (22585) opencores.emac: no mem for receive buffer
E (22585) opencores.emac: no mem for receive buffer
E (22585) opencores.emac: no mem for receive buffer
E (22585) opencores.emac: no mem for receive buffer
E (22585) opencores.emac: no mem for receive buffer
E (22585) opencores.emac: no mem for receive buffer
E (22585) opencores.emac: no mem for receive buffer
E (22585) opencores.emac: no mem for receive buffer
E (22585) opencores.emac: no mem for receive buffer
E (22585) opencores.emac: no mem for receive buffer
E (22585) opencores.emac: no mem for receive buffer
E (22585) opencores.emac: no mem for receive buffer
E (22585) opencores.emac: no mem for receive buffer
E (22585) opencores.emac: no mem for receive buffer
E (22585) opencores.emac: no mem for receive buffer
E (22585) opencores.emac: no mem for receive buffer
E (22585) opencores.emac: no mem for receive buffer
E (22585) opencores.emac: no mem for receive buffer
E (22585) opencores.emac: no mem for receive buffer
E (22585) opencores.emac: no mem for receive buffer
E (22585) opencores.emac: no mem for receive buffer
E (22585) opencores.emac: no mem for receive buffer
E (22585) opencores.emac: no mem for receive buffer
E (22585) opencores.emac: no mem for receive buffer
E (22585) opencores.emac: no mem for receive buffer
E (22585) opencores.emac: no mem for receive buffer
E (22585) opencores.emac: no mem for receive buffer
E (22585) opencores.emac: no mem for receive buffer
E (22585) opencores.emac: no mem for receive buffer
E (22585) opencores.emac: no mem for receive buffer
E (22585) opencores.emac: no mem for receive buffer
E (22585) opencores.emac: no mem for receive buffer
E (22585) opencores.emac: no mem for receive buffer
E (22585) opencores.emac: no mem for receive buffer
E (22585) opencores.emac: no mem for receive buffer
E (22585) opencores.emac: no mem for receive buffer
E (22585) opencores.emac: no mem for receive buffer
E (22585) opencores.emac: no mem for receive buffer
E (22585) opencores.emac: no mem for receive buffer
E (22585) opencores.emac: no mem for receive buffer
E (22585) opencores.emac: no mem for receive buffer
E (22585) opencores.emac: no mem for receive buffer
E (22595) opencores.emac: no mem for receive buffer
E (22595) opencores.emac: no mem for receive buffer
E (22595) opencores.emac: no mem for receive buffer
E (22595) opencores.emac: no mem for receive buffer
E (22595) opencores.emac: no mem for receive buffer
E (22595) opencores.emac: no mem for receive buffer
E (22595) opencores.emac: no mem for receive buffer
E (22595) opencores.emac: no mem for receive buffer
E (22595) opencores.emac: no mem for receive buffer
E (22595) opencores.emac: no mem for receive buffer
E (22595) opencores.emac: no mem for receive buffer
E (22595) opencores.emac: no mem for receive buffer
E (22595) opencores.emac: no mem for receive buffer
E (22595) opencores.emac: no mem for receive buffer
E (22595) opencores.emac: no mem for receive buffer
E (22595) opencores.emac: no mem for receive buffer
E (22595) opencores.emac: no mem for receive buffer
E (22595) opencores.emac: no mem for receive buffer
E (22595) opencores.emac: no mem for receive buffer
E (22595) opencores.emac: no mem for receive buffer
E (22595) opencores.emac: no mem for receive buffer
E (22595) opencores.emac: no mem for receive buffer
E (22595) opencores.emac: no mem for receive buffer
E (22595) opencores.emac: no mem for receive buffer
E (22595) opencores.emac: no mem for receive buffer
E (22595) opencores.emac: no mem for receive buffer
E (22595) opencores.emac: no mem for receive buffer
E (22595) opencores.emac: no mem for receive buffer
E (22595) opencores.emac: no mem for receive buffer
E (22595) opencores.emac: no mem for receive buffer
E (22595) opencores.emac: no mem for receive buffer
E (22595) opencores.emac: no mem for receive buffer
E (22595) opencores.emac: no mem for receive buffer
E (22595) opencores.emac: no mem for receive buffer
E (22595) opencores.emac: no mem for receive buffer
E (22595) opencores.emac: no mem for receive buffer
E (22595) opencores.emac: no mem for receive buffer
E (22595) opencores.emac: no mem for receive buffer
E (22595) opencores.emac: no mem for receive buffer
E (22595) opencores.emac: no mem for receive buffer
E (22595) opencores.emac: no mem for receive buffer
E (22595) opencores.emac: no mem for receive buffer
E (22595) opencores.emac: no mem for receive buffer
E (22595) opencores.emac: no mem for receive buffer
E (22595) opencores.emac: no mem for receive buffer
E (22595) opencores.emac: no mem for receive buffer
E (22595) opencores.emac: no mem for receive buffer
E (22595) opencores.emac: no mem for receive buffer
E (22595) opencores.emac: no mem for receive buffer
E (22595) opencores.emac: no mem for receive buffer
E (22595) opencores.emac: no mem for receive buffer
E (22595) opencores.emac: no mem for receive buffer
E (22595) opencores.emac: no mem for receive buffer
E (22595) opencores.emac: no mem for receive buffer
E (22595) opencores.emac: no mem for receive buffer
E (22595) opencores.emac: no mem for receive buffer
E (22595) opencores.emac: no mem for receive buffer
E (22595) opencores.emac: no mem for receive buffer
E (22595) opencores.emac: no mem for receive buffer
E (22595) opencores.emac: no mem for receive buffer
E (22595) opencores.emac: no mem for receive buffer
E (22595) opencores.emac: no mem for receive buffer
E (22595) opencores.emac: no mem for receive buffer
E (22595) opencores.emac: no mem for receive buffer
E (22595) opencores.emac: no mem for receive buffer
E (22595) opencores.emac: no mem for receive buffer
E (22595) opencores.emac: no mem for receive buffer
E (22595) opencores.emac: no mem for receive buffer
E (22595) opencores.emac: no mem for receive buffer
E (22595) opencores.emac: no mem for receive buffer
E (22595) opencores.emac: no mem for receive buffer
E (22595) opencores.emac: no mem for receive buffer
E (22595) opencores.emac: no mem for receive buffer
E (22595) opencores.emac: no mem for receive buffer
E (22595) opencores.emac: no mem for receive buffer
E (22595) opencores.emac: no mem for receive buffer
E (22595) opencores.emac: no mem for receive buffer
E (22595) opencores.emac: no mem for receive buffer
E (22595) opencores.emac: no mem for receive buffer
E (22595) opencores.emac: no mem for receive buffer
E (22595) opencores.emac: no mem for receive buffer
E (22595) opencores.emac: no mem for receive buffer
E (22595) opencores.emac: no mem for receive buffer
E (22595) opencores.emac: no mem for receive buffer
E (22595) opencores.emac: no mem for receive buffer
E (22595) opencores.emac: no mem for receive buffer
E (22595) opencores.emac: no mem for receive buffer
E (22595) opencores.emac: no mem for receive buffer
E (22595) opencores.emac: no mem for receive buffer
E (22595) opencores.emac: no mem for receive buffer
E (22595) opencores.emac: no mem for receive buffer
E (22595) opencores.emac: no mem for receive buffer
E (22595) opencores.emac: no mem for receive buffer
E (22595) opencores.emac: no mem for receive buffer
E (22595) opencores.emac: no mem for receive buffer
E (22595) opencores.emac: no mem for receive buffer
E (22595) opencores.emac: no mem for receive buffer
E (22595) opencores.emac: no mem for receive buffer
E (22595) opencores.emac: no mem for receive buffer
E (22595) opencores.emac: no mem for receive buffer
E (22595) opencores.emac: no mem for receive buffer
E (22595) opencores.emac: no mem for receive buffer
E (22595) opencores.emac: no mem for receive buffer
E (22595) opencores.emac: no mem for receive buffer
E (22595) opencores.emac: no mem for receive buffer
E (22595) opencores.emac: no mem for receive buffer
E (22595) opencores.emac: no mem for receive buffer
E (22595) opencores.emac: no mem for receive buffer
E (22595) opencores.emac: no mem for receive buffer
E (22595) opencores.emac: no mem for receive buffer
E (22595) opencores.emac: no mem for receive buffer
E (22595) opencores.emac: no mem for receive buffer
E (22595) opencores.emac: no mem for receive buffer
E (22595) opencores.emac: no mem for receive buffer
E (22595) opencores.emac: no mem for receive buffer
E (22595) opencores.emac: no mem for receive buffer
E (22595) opencores.emac: no mem for receive buffer
E (22595) opencores.emac: no mem for receive buffer
E (22595) opencores.emac: no mem for receive buffer
E (22595) opencores.emac: no mem for receive buffer
E (22595) opencores.emac: no mem for receive buffer
E (22595) opencores.emac: no mem for receive buffer
E (22595) opencores.emac: no mem for receive buffer
E (22595) opencores.emac: no mem for receive buffer
E (22595) opencores.emac: no mem for receive buffer
E (22595) opencores.emac: no mem for receive buffer
E (22595) opencores.emac: no mem for receive buffer
E (22595) opencores.emac: no mem for receive buffer
E (22595) opencores.emac: no mem for receive buffer
E (22595) opencores.emac: no mem for receive buffer
E (22595) opencores.emac: no mem for receive buffer
E (22595) opencores.emac: no mem for receive buffer
E (22595) opencores.emac: no mem for receive buffer
E (22595) opencores.emac: no mem for receive buffer
E (22595) opencores.emac: no mem for receive buffer
E (22595) opencores.emac: no mem for receive buffer
E (22595) opencores.emac: no mem for receive buffer
E (22595) opencores.emac: no mem for receive buffer
E (22595) opencores.emac: no mem for receive buffer
E (22595) opencores.emac: no mem for receive buffer
E (22595) opencores.emac: no mem for receive buffer
E (22595) opencores.emac: no mem for receive buffer
E (22595) opencores.emac: no mem for receive buffer
E (22595) opencores.emac: no mem for receive buffer
E (22605) opencores.emac: no mem for receive buffer
E (22605) opencores.emac: no mem for receive buffer
E (22605) opencores.emac: no mem for receive buffer
E (22605) opencores.emac: no mem for receive buffer
E (22605) opencores.emac: no mem for receive buffer
E (22605) opencores.emac: no mem for receive buffer
E (22605) opencores.emac: no mem for receive buffer
E (22605) opencores.emac: no mem for receive buffer
E (22605) opencores.emac: no mem for receive buffer
E (22605) opencores.emac: no mem for receive buffer
E (22605) opencores.emac: no mem for receive buffer
E (22605) opencores.emac: no mem for receive buffer
E (22605) opencores.emac: no mem for receive buffer
E (22605) opencores.emac: no mem for receive buffer
E (22605) opencores.emac: no mem for receive buffer
E (22605) opencores.emac: no mem for receive buffer
E (22605) opencores.emac: no mem for receive buffer
E (22605) opencores.emac: no mem for receive buffer
E (22605) opencores.emac: no mem for receive buffer
E (22605) opencores.emac: no mem for receive buffer
E (22605) opencores.emac: no mem for receive buffer
E (22605) opencores.emac: no mem for receive buffer
E (22605) opencores.emac: no mem for receive buffer
E (22605) opencores.emac: no mem for receive buffer
E (22605) opencores.emac: no mem for receive buffer
E (22605) opencores.emac: no mem for receive buffer
E (22605) opencores.emac: no mem for receive buffer
E (22605) opencores.emac: no mem for receive buffer
E (22605) opencores.emac: no mem for receive buffer
E (22605) opencores.emac: no mem for receive buffer
E (22605) opencores.emac: no mem for receive buffer
E (22605) opencores.emac: no mem for receive buffer
E (22605) opencores.emac: no mem for receive buffer
E (22605) opencores.emac: no mem for receive buffer
E (22605) opencores.emac: no mem for receive buffer
E (22605) opencores.emac: no mem for receive buffer
E (22605) opencores.emac: no mem for receive buffer
E (22605) opencores.emac: no mem for receive buffer
E (22605) opencores.emac: no mem for receive buffer
E (22605) opencores.emac: no mem for receive buffer
E (22605) opencores.emac: no mem for receive buffer
E (22605) opencores.emac: no mem for receive buffer
E (22605) opencores.emac: no mem for receive buffer
E (22605) opencores.emac: no mem for receive buffer
E (22605) opencores.emac: no mem for receive buffer
E (22605) opencores.emac: no mem for receive buffer
E (22605) opencores.emac: no mem for receive buffer
E (22605) opencores.emac: no mem for receive buffer
E (22605) opencores.emac: no mem for receive buffer
E (22605) opencores.emac: no mem for receive buffer
E (22605) opencores.emac: no mem for receive buffer
E (22605) opencores.emac: no mem for receive buffer
E (22605) opencores.emac: no mem for receive buffer
E (22605) opencores.emac: no mem for receive buffer
E (22605) opencores.emac: no mem for receive buffer
E (22605) opencores.emac: no mem for receive buffer
E (22605) opencores.emac: no mem for receive buffer
E (22605) opencores.emac: no mem for receive buffer
E (22605) opencores.emac: no mem for receive buffer
E (22605) opencores.emac: no mem for receive buffer
E (22605) opencores.emac: no mem for receive buffer
E (22605) opencores.emac: no mem for receive buffer
E (22605) opencores.emac: no mem for receive buffer
E (22605) opencores.emac: no mem for receive buffer
E (22605) opencores.emac: no mem for receive buffer
E (22605) opencores.emac: no mem for receive buffer
E (22605) opencores.emac: no mem for receive buffer
E (22605) opencores.emac: no mem for receive buffer
E (22605) opencores.emac: no mem for receive buffer
E (22605) opencores.emac: no mem for receive buffer
E (22605) opencores.emac: no mem for receive buffer
E (22605) opencores.emac: no mem for receive buffer
E (22605) opencores.emac: no mem for receive buffer
E (22605) opencores.emac: no mem for receive buffer
E (22605) opencores.emac: no mem for receive buffer
E (22605) opencores.emac: no mem for receive buffer
E (22605) opencores.emac: no mem for receive buffer
E (22605) opencores.emac: no mem for receive buffer
E (22605) opencores.emac: no mem for receive buffer
E (22605) opencores.emac: no mem for receive buffer
E (22605) opencores.emac: no mem for receive buffer
E (22605) opencores.emac: no mem for receive buffer
E (22605) opencores.emac: no mem for receive buffer
E (22605) opencores.emac: no mem for receive buffer
E (22605) opencores.emac: no mem for receive buffer
E (22605) opencores.emac: no mem for receive buffer
E (22605) opencores.emac: no mem for receive buffer
E (22605) opencores.emac: no mem for receive buffer
E (22605) opencores.emac: no mem for receive buffer
E (22605) opencores.emac: no mem for receive buffer
E (22605) opencores.emac: no mem for receive buffer
E (22605) opencores.emac: no mem for receive buffer
E (22605) opencores.emac: no mem for receive buffer
E (22605) opencores.emac: no mem for receive buffer
E (22605) opencores.emac: no mem for receive buffer
E (22605) opencores.emac: no mem for receive buffer
E (22605) opencores.emac: no mem for receive buffer
E (22605) opencores.emac: no mem for receive buffer
E (22605) opencores.emac: no mem for receive buffer
E (22605) opencores.emac: no mem for receive buffer
E (22605) opencores.emac: no mem for receive buffer
E (22605) opencores.emac: no mem for receive buffer
E (22605) opencores.emac: no mem for receive buffer
E (22605) opencores.emac: no mem for receive buffer
E (22605) opencores.emac: no mem for receive buffer
E (22605) opencores.emac: no mem for receive buffer
E (22605) opencores.emac: no mem for receive buffer
E (22605) opencores.emac: no mem for receive buffer
E (22605) opencores.emac: no mem for receive buffer
E (22605) opencores.emac: no mem for receive buffer
E (22605) opencores.emac: no mem for receive buffer
E (22605) opencores.emac: no mem for receive buffer
E (22605) opencores.emac: no mem for receive buffer
E (22605) opencores.emac: no mem for receive buffer
E (22605) opencores.emac: no mem for receive buffer
E (22605) opencores.emac: no mem for receive buffer
E (22605) opencores.emac: no mem for receive buffer
E (22605) opencores.emac: no mem for receive buffer
E (22605) opencores.emac: no mem for receive buffer
E (22605) opencores.emac: no mem for receive buffer
E (22605) opencores.emac: no mem for receive buffer
E (22605) opencores.emac: no mem for receive buffer
E (22605) opencores.emac: no mem for receive buffer
E (22605) opencores.emac: no mem for receive buffer
E (22605) opencores.emac: no mem for receive buffer
E (22605) opencores.emac: no mem for receive buffer
E (22605) opencores.emac: no mem for receive buffer
E (22605) opencores.emac: no mem for receive buffer
E (22605) opencores.emac: no mem for receive buffer
E (22605) opencores.emac: no mem for receive buffer
E (22605) opencores.emac: no mem for receive buffer
E (22605) opencores.emac: no mem for receive buffer
E (22605) opencores.emac: no mem for receive buffer
E (22605) opencores.emac: no mem for receive buffer
E (22605) opencores.emac: no mem for receive buffer
E (22605) opencores.emac: no mem for receive buffer
E (22605) opencores.emac: no mem for receive buffer
E (22605) opencores.emac: no mem for receive buffer
E (22605) opencores.emac: no mem for receive buffer
E (22605) opencores.emac: no mem for receive buffer
E (22605) opencores.emac: no mem for receive buffer
E (22605) opencores.emac: no mem for receive buffer
E (22605) opencores.emac: no mem for receive buffer
E (22605) opencores.emac: no mem for receive buffer
E (22605) opencores.emac: no mem for receive buffer
E (22605) opencores.emac: no mem for receive buffer
E (22605) opencores.emac: no mem for receive buffer
E (22605) opencores.emac: no mem for receive buffer
E (22605) opencores.emac: no mem for receive buffer
E (22605) opencores.emac: no mem for receive buffer
E (22605) opencores.emac: no mem for receive buffer
E (22605) opencores.emac: no mem for receive buffer
E (22605) opencores.emac: no mem for receive buffer
E (22605) opencores.emac: no mem for receive buffer
E (22605) opencores.emac: no mem for receive buffer
E (22605) opencores.emac: no mem for receive buffer
E (22605) opencores.emac: no mem for receive buffer
E (22605) opencores.emac: no mem for receive buffer
E (22615) opencores.emac: no mem for receive buffer
E (22615) opencores.emac: no mem for receive buffer
E (22615) opencores.emac: no mem for receive buffer
E (22615) opencores.emac: no mem for receive buffer
E (22615) opencores.emac: no mem for receive buffer
E (22615) opencores.emac: no mem for receive buffer
E (22615) opencores.emac: no mem for receive buffer
E (22615) opencores.emac: no mem for receive buffer
E (22615) opencores.emac: no mem for receive buffer
E (22615) opencores.emac: no mem for receive buffer
E (22615) opencores.emac: no mem for receive buffer
E (22615) opencores.emac: no mem for receive buffer
E (22615) opencores.emac: no mem for receive buffer
E (22615) opencores.emac: no mem for receive buffer
E (22615) opencores.emac: no mem for receive buffer
E (22615) opencores.emac: no mem for receive buffer
E (22615) opencores.emac: no mem for receive buffer
E (22615) opencores.emac: no mem for receive buffer
E (22615) opencores.emac: no mem for receive buffer
E (22615) opencores.emac: no mem for receive buffer
E (22615) opencores.emac: no mem for receive buffer
E (22615) opencores.emac: no mem for receive buffer
E (22615) opencores.emac: no mem for receive buffer
E (22615) opencores.emac: no mem for receive buffer
E (22615) opencores.emac: no mem for receive buffer
E (22615) opencores.emac: no mem for receive buffer
E (22615) opencores.emac: no mem for receive buffer
E (22615) opencores.emac: no mem for receive buffer
E (22615) opencores.emac: no mem for receive buffer
E (22615) opencores.emac: no mem for receive buffer
E (22615) opencores.emac: no mem for receive buffer
E (22615) opencores.emac: no mem for receive buffer
E (22615) opencores.emac: no mem for receive buffer
E (22615) opencores.emac: no mem for receive buffer
E (22615) opencores.emac: no mem for receive buffer
E (22615) opencores.emac: no mem for receive buffer
E (22615) opencores.emac: no mem for receive buffer
E (22615) opencores.emac: no mem for receive buffer
E (22615) opencores.emac: no mem for receive buffer
E (22615) opencores.emac: no mem for receive buffer
E (22615) opencores.emac: no mem for receive buffer
E (22615) opencores.emac: no mem for receive buffer
E (22615) opencores.emac: no mem for receive buffer
E (22615) opencores.emac: no mem for receive buffer
E (22615) opencores.emac: no mem for receive buffer
E (22615) opencores.emac: no mem for receive buffer
E (22615) opencores.emac: no mem for receive buffer
E (22615) opencores.emac: no mem for receive buffer
E (22615) opencores.emac: no mem for receive buffer
E (22615) opencores.emac: no mem for receive buffer
E (22615) opencores.emac: no mem for receive buffer
E (22615) opencores.emac: no mem for receive buffer
E (22615) opencores.emac: no mem for receive buffer
E (22615) opencores.emac: no mem for receive buffer
E (22615) opencores.emac: no mem for receive buffer
E (22615) opencores.emac: no mem for receive buffer
E (22615) opencores.emac: no mem for receive buffer
E (22615) opencores.emac: no mem for receive buffer
E (22615) opencores.emac: no mem for receive buffer
E (22615) opencores.emac: no mem for receive buffer
E (22615) opencores.emac: no mem for receive buffer
E (22615) opencores.emac: no mem for receive buffer
E (22615) opencores.emac: no mem for receive buffer
E (22615) opencores.emac: no mem for receive buffer
E (22615) opencores.emac: no mem for receive buffer
E (22615) opencores.emac: no mem for receive buffer
E (22615) opencores.emac: no mem for receive buffer
E (22615) opencores.emac: no mem for receive buffer
E (22615) opencores.emac: no mem for receive buffer
E (22615) opencores.emac: no mem for receive buffer
E (22615) opencores.emac: no mem for receive buffer
E (22615) opencores.emac: no mem for receive buffer
E (22615) opencores.emac: no mem for receive buffer
E (22615) opencores.emac: no mem for receive buffer
E (22615) opencores.emac: no mem for receive buffer
E (22615) opencores.emac: no mem for receive buffer
E (22615) opencores.emac: no mem for receive buffer
E (22615) opencores.emac: no mem for receive buffer
E (22615) opencores.emac: no mem for receive buffer
E (22615) opencores.emac: no mem for receive buffer
E (22615) opencores.emac: no mem for receive buffer
E (22615) opencores.emac: no mem for receive buffer
E (22615) opencores.emac: no mem for receive buffer
E (22615) opencores.emac: no mem for receive buffer
E (22615) opencores.emac: no mem for receive buffer
E (22615) opencores.emac: no mem for receive buffer
E (22615) opencores.emac: no mem for receive buffer
E (22615) opencores.emac: no mem for receive buffer
E (22615) opencores.emac: no mem for receive buffer
E (22615) opencores.emac: no mem for receive buffer
E (22615) opencores.emac: no mem for receive buffer
E (22615) opencores.emac: no mem for receive buffer
E (22615) opencores.emac: no mem for receive buffer
E (22615) opencores.emac: no mem for receive buffer
E (22615) opencores.emac: no mem for receive buffer
E (22615) opencores.emac: no mem for receive buffer
E (22615) opencores.emac: no mem for receive buffer
E (22615) opencores.emac: no mem for receive buffer
E (22615) opencores.emac: no mem for receive buffer
E (22615) opencores.emac: no mem for receive buffer
E (22615) opencores.emac: no mem for receive buffer
E (22615) opencores.emac: no mem for receive buffer
E (22615) opencores.emac: no mem for receive buffer
E (22615) opencores.emac: no mem for receive buffer
E (22615) opencores.emac: no mem for receive buffer
E (22615) opencores.emac: no mem for receive buffer
E (22615) opencores.emac: no mem for receive buffer
E (22615) opencores.emac: no mem for receive buffer
E (22615) opencores.emac: no mem for receive buffer
E (22615) opencores.emac: no mem for receive buffer
E (22615) opencores.emac: no mem for receive buffer
E (22615) opencores.emac: no mem for receive buffer
E (22615) opencores.emac: no mem for receive buffer
E (22615) opencores.emac: no mem for receive buffer
E (22615) opencores.emac: no mem for receive buffer
E (22615) opencores.emac: no mem for receive buffer
E (22615) opencores.emac: no mem for receive buffer
E (22615) opencores.emac: no mem for receive buffer
E (22615) opencores.emac: no mem for receive buffer
E (22615) opencores.emac: no mem for receive buffer
E (22615) opencores.emac: no mem for receive buffer
E (22615) opencores.emac: no mem for receive buffer
E (22615) opencores.emac: no mem for receive buffer
E (22615) opencores.emac: no mem for receive buffer
E (22615) opencores.emac: no mem for receive buffer
E (22615) opencores.emac: no mem for receive buffer
E (22615) opencores.emac: no mem for receive buffer
E (22615) opencores.emac: no mem for receive buffer
E (22615) opencores.emac: no mem for receive buffer
E (22615) opencores.emac: no mem for receive buffer
E (22615) opencores.emac: no mem for receive buffer
E (22615) opencores.emac: no mem for receive buffer
E (22615) opencores.emac: no mem for receive buffer
E (22615) opencores.emac: no mem for receive buffer
E (22615) opencores.emac: no mem for receive buffer
E (22615) opencores.emac: no mem for receive buffer
E (22615) opencores.emac: no mem for receive buffer
E (22615) opencores.emac: no mem for receive buffer
E (22615) opencores.emac: no mem for receive buffer
E (22615) opencores.emac: no mem for receive buffer
E (22615) opencores.emac: no mem for receive buffer
E (22615) opencores.emac: no mem for receive buffer
E (22615) opencores.emac: no mem for receive buffer
E (22615) opencores.emac: no mem for receive buffer
E (22615) opencores.emac: no mem for receive buffer
E (22615) opencores.emac: no mem for receive buffer
E (22615) opencores.emac: no mem for receive buffer
E (22615) opencores.emac: no mem for receive buffer
E (22615) opencores.emac: no mem for receive buffer
E (22615) opencores.emac: no mem for receive buffer
E (22615) opencores.emac: no mem for receive buffer
E (22615) opencores.emac: no mem for receive buffer
E (22615) opencores.emac: no mem for receive buffer
E (22615) opencores.emac: no mem for receive buffer
E (22615) opencores.emac: no mem for receive buffer
E (22615) opencores.emac: no mem for receive buffer
E (22615) opencores.emac: no mem for receive buffer
E (22615) opencores.emac: no mem for receive buffer
E (22615) opencores.emac: no mem for receive buffer
E (22615) opencores.emac: no mem for receive buffer
E (22615) opencores.emac: no mem for receive buffer
E (22615) opencores.emac: no mem for receive buffer
E (22615) opencores.emac: no mem for receive buffer
E (22615) opencores.emac: no mem for receive buffer
E (22625) opencores.emac: no mem for receive buffer
E (22625) opencores.emac: no mem for receive buffer
E (22625) opencores.emac: no mem for receive buffer
E (22625) opencores.emac: no mem for receive buffer
E (22625) opencores.emac: no mem for receive buffer
E (22625) opencores.emac: no mem for receive buffer
E (22625) opencores.emac: no mem for receive buffer
E (22625) opencores.emac: no mem for receive buffer
E (22625) opencores.emac: no mem for receive buffer
E (22625) opencores.emac: no mem for receive buffer
E (22625) opencores.emac: no mem for receive buffer
E (22625) opencores.emac: no mem for receive buffer
E (22625) opencores.emac: no mem for receive buffer
E (22625) opencores.emac: no mem for receive buffer
E (22625) opencores.emac: no mem for receive buffer
E (22625) opencores.emac: no mem for receive buffer
E (22625) opencores.emac: no mem for receive buffer
E (22625) opencores.emac: no mem for receive buffer
E (22625) opencores.emac: no mem for receive buffer
E (22625) opencores.emac: no mem for receive buffer
E (22625) opencores.emac: no mem for receive buffer
E (22625) opencores.emac: no mem for receive buffer
E (22625) opencores.emac: no mem for receive buffer
E (22625) opencores.emac: no mem for receive buffer
E (22625) opencores.emac: no mem for receive buffer
E (22625) opencores.emac: no mem for receive buffer
E (22625) opencores.emac: no mem for receive buffer
E (22625) opencores.emac: no mem for receive buffer
E (22625) opencores.emac: no mem for receive buffer
E (22625) opencores.emac: no mem for receive buffer
E (22625) opencores.emac: no mem for receive buffer
E (22625) opencores.emac: no mem for receive buffer
E (22625) opencores.emac: no mem for receive buffer
E (22625) opencores.emac: no mem for receive buffer
E (22625) opencores.emac: no mem for receive buffer
E (22625) opencores.emac: no mem for receive buffer
E (22625) opencores.emac: no mem for receive buffer
E (22625) opencores.emac: no mem for receive buffer
E (22625) opencores.emac: no mem for receive buffer
E (22625) opencores.emac: no mem for receive buffer
E (22625) opencores.emac: no mem for receive buffer
E (22625) opencores.emac: no mem for receive buffer
E (22625) opencores.emac: no mem for receive buffer
E (22625) opencores.emac: no mem for receive buffer
E (22625) opencores.emac: no mem for receive buffer
E (22625) opencores.emac: no mem for receive buffer
E (22625) opencores.emac: no mem for receive buffer
E (22625) opencores.emac: no mem for receive buffer
E (22625) opencores.emac: no mem for receive buffer
E (22625) opencores.emac: no mem for receive buffer
E (22625) opencores.emac: no mem for receive buffer
E (22625) opencores.emac: no mem for receive buffer
E (22625) opencores.emac: no mem for receive buffer
E (22625) opencores.emac: no mem for receive buffer
E (22625) opencores.emac: no mem for receive buffer
E (22625) opencores.emac: no mem for receive buffer
E (22625) opencores.emac: no mem for receive buffer
E (22625) opencores.emac: no mem for receive buffer
E (22625) opencores.emac: no mem for receive buffer
E (22625) opencores.emac: no mem for receive buffer
E (22625) opencores.emac: no mem for receive buffer
E (22625) opencores.emac: no mem for receive buffer
E (22625) opencores.emac: no mem for receive buffer
E (22625) opencores.emac: no mem for receive buffer
E (22625) opencores.emac: no mem for receive buffer
E (22625) opencores.emac: no mem for receive buffer
E (22625) opencores.emac: no mem for receive buffer
E (22625) opencores.emac: no mem for receive buffer
E (22625) opencores.emac: no mem for receive buffer
E (22625) opencores.emac: no mem for receive buffer
E (22625) opencores.emac: no mem for receive buffer
E (22625) opencores.emac: no mem for receive buffer
E (22625) opencores.emac: no mem for receive buffer
E (22625) opencores.emac: no mem for receive buffer
E (22625) opencores.emac: no mem for receive buffer
E (22625) opencores.emac: no mem for receive buffer
E (22625) opencores.emac: no mem for receive buffer
E (22625) opencores.emac: no mem for receive buffer
E (22625) opencores.emac: no mem for receive buffer
E (22625) opencores.emac: no mem for receive buffer
E (22625) opencores.emac: no mem for receive buffer
E (22625) opencores.emac: no mem for receive buffer
E (22625) opencores.emac: no mem for receive buffer
E (22625) opencores.emac: no mem for receive buffer
E (22625) opencores.emac: no mem for receive buffer
E (22625) opencores.emac: no mem for receive buffer
E (22625) opencores.emac: no mem for receive buffer
E (22625) opencores.emac: no mem for receive buffer
E (22625) opencores.emac: no mem for receive buffer
E (22625) opencores.emac: no mem for receive buffer
E (22625) opencores.emac: no mem for receive buffer
E (22625) opencores.emac: no mem for receive buffer
E (22625) opencores.emac: no mem for receive buffer
E (22625) opencores.emac: no mem for receive buffer
E (22625) opencores.emac: no mem for receive buffer
E (22625) opencores.emac: no mem for receive buffer
E (22625) opencores.emac: no mem for receive buffer
E (22625) opencores.emac: no mem for receive buffer
E (22625) opencores.emac: no mem for receive buffer
E (22625) opencores.emac: no mem for receive buffer
E (22625) opencores.emac: no mem for receive buffer
E (22625) opencores.emac: no mem for receive buffer
E (22625) opencores.emac: no mem for receive buffer
E (22625) opencores.emac: no mem for receive buffer
E (22625) opencores.emac: no mem for receive buffer
E (22625) opencores.emac: no mem for receive buffer
E (22625) opencores.emac: no mem for receive buffer
E (22625) opencores.emac: no mem for receive buffer
E (22625) opencores.emac: no mem for receive buffer
E (22625) opencores.emac: no mem for receive buffer
E (22625) opencores.emac: no mem for receive buffer
E (22625) opencores.emac: no mem for receive buffer
E (22625) opencores.emac: no mem for receive buffer
E (22625) opencores.emac: no mem for receive buffer
E (22625) opencores.emac: no mem for receive buffer
E (22625) opencores.emac: no mem for receive buffer
E (22625) opencores.emac: no mem for receive buffer
E (22625) opencores.emac: no mem for receive buffer
E (22625) opencores.emac: no mem for receive buffer
E (22625) opencores.emac: no mem for receive buffer
E (22625) opencores.emac: no mem for receive buffer
E (22625) opencores.emac: no mem for receive buffer
E (22625) opencores.emac: no mem for receive buffer
E (22625) opencores.emac: no mem for receive buffer
E (22625) opencores.emac: no mem for receive buffer
E (22625) opencores.emac: no mem for receive buffer
E (22625) opencores.emac: no mem for receive buffer
E (22625) opencores.emac: no mem for receive buffer
E (22625) opencores.emac: no mem for receive buffer
E (22625) opencores.emac: no mem for receive buffer
E (22625) opencores.emac: no mem for receive buffer
E (22625) opencores.emac: no mem for receive buffer
E (22625) opencores.emac: no mem for receive buffer
E (22625) opencores.emac: no mem for receive buffer
E (22625) opencores.emac: no mem for receive buffer
E (22625) opencores.emac: no mem for receive buffer
E (22625) opencores.emac: no mem for receive buffer
E (22625) opencores.emac: no mem for receive buffer
E (22625) opencores.emac: no mem for receive buffer
E (22625) opencores.emac: no mem for receive buffer
E (22625) opencores.emac: no mem for receive buffer
E (22625) opencores.emac: no mem for receive buffer
E (22625) opencores.emac: no mem for receive buffer
E (22625) opencores.emac: no mem for receive buffer
E (22625) opencores.emac: no mem for receive buffer
E (22625) opencores.emac: no mem for receive buffer
E (22625) opencores.emac: no mem for receive buffer
E (22625) opencores.emac: no mem for receive buffer
E (22625) opencores.emac: no mem for receive buffer
E (22625) opencores.emac: no mem for receive buffer
E (22625) opencores.emac: no mem for receive buffer
E (22625) opencores.emac: no mem for receive buffer
E (22625) opencores.emac: no mem for receive buffer
E (22625) opencores.emac: no mem for receive buffer
E (22625) opencores.emac: no mem for receive buffer
E (22625) opencores.emac: no mem for receive buffer
E (22625) opencores.emac: no mem for receive buffer
E (22625) opencores.emac: no mem for receive buffer
E (22625) opencores.emac: no mem for receive buffer
E (22625) opencores.emac: no mem for receive buffer
E (22635) opencores.emac: no mem for receive buffer
E (22635) opencores.emac: no mem for receive buffer
E (22635) opencores.emac: no mem for receive buffer
E (22635) opencores.emac: no mem for receive buffer
E (22635) opencores.emac: no mem for receive buffer
E (22635) opencores.emac: no mem for receive buffer
E (22635) opencores.emac: no mem for receive buffer
E (22635) opencores.emac: no mem for receive buffer
E (22635) opencores.emac: no mem for receive buffer
E (22635) opencores.emac: no mem for receive buffer
E (22635) opencores.emac: no mem for receive buffer
E (22635) opencores.emac: no mem for receive buffer
E (22635) opencores.emac: no mem for receive buffer
E (22635) opencores.emac: no mem for receive buffer
E (22635) opencores.emac: no mem for receive buffer
E (22635) opencores.emac: no mem for receive buffer
E (22635) opencores.emac: no mem for receive buffer
E (22635) opencores.emac: no mem for receive buffer
E (22635) opencores.emac: no mem for receive buffer
E (22635) opencores.emac: no mem for receive buffer
E (22635) opencores.emac: no mem for receive buffer
E (22635) opencores.emac: no mem for receive buffer
E (22635) opencores.emac: no mem for receive buffer
E (22635) opencores.emac: no mem for receive buffer
E (22635) opencores.emac: no mem for receive buffer
E (22635) opencores.emac: no mem for receive buffer
E (22635) opencores.emac: no mem for receive buffer
E (22635) opencores.emac: no mem for receive buffer
E (22635) opencores.emac: no mem for receive buffer
E (22635) opencores.emac: no mem for receive buffer
E (22635) opencores.emac: no mem for receive buffer
E (22635) opencores.emac: no mem for receive buffer
E (22635) opencores.emac: no mem for receive buffer
E (22635) opencores.emac: no mem for receive buffer
E (22635) opencores.emac: no mem for receive buffer
E (22635) opencores.emac: no mem for receive buffer
E (22635) opencores.emac: no mem for receive buffer
E (22635) opencores.emac: no mem for receive buffer
E (22635) opencores.emac: no mem for receive buffer
E (22635) opencores.emac: no mem for receive buffer
E (22635) opencores.emac: no mem for receive buffer
E (22635) opencores.emac: no mem for receive buffer
E (22635) opencores.emac: no mem for receive buffer
E (22635) opencores.emac: no mem for receive buffer
E (22635) opencores.emac: no mem for receive buffer
E (22635) opencores.emac: no mem for receive buffer
E (22635) opencores.emac: no mem for receive buffer
E (22635) opencores.emac: no mem for receive buffer
E (22635) opencores.emac: no mem for receive buffer
E (22635) opencores.emac: no mem for receive buffer
E (22635) opencores.emac: no mem for receive buffer
E (22635) opencores.emac: no mem for receive buffer
E (22635) opencores.emac: no mem for receive buffer
E (22635) opencores.emac: no mem for receive buffer
E (22635) opencores.emac: no mem for receive buffer
E (22635) opencores.emac: no mem for receive buffer
E (22635) opencores.emac: no mem for receive buffer
E (22635) opencores.emac: no mem for receive buffer
E (22635) opencores.emac: no mem for receive buffer
E (22635) opencores.emac: no mem for receive buffer
E (22635) opencores.emac: no mem for receive buffer
E (22635) opencores.emac: no mem for receive buffer
E (22635) opencores.emac: no mem for receive buffer
E (22635) opencores.emac: no mem for receive buffer
E (22635) opencores.emac: no mem for receive buffer
E (22635) opencores.emac: no mem for receive buffer
E (22635) opencores.emac: no mem for receive buffer
E (22635) opencores.emac: no mem for receive buffer
E (22635) opencores.emac: no mem for receive buffer
E (22635) opencores.emac: no mem for receive buffer
E (22635) opencores.emac: no mem for receive buffer
E (22635) opencores.emac: no mem for receive buffer
E (22635) opencores.emac: no mem for receive buffer
E (22635) opencores.emac: no mem for receive buffer
E (22635) opencores.emac: no mem for receive buffer
E (22635) opencores.emac: no mem for receive buffer
E (22635) opencores.emac: no mem for receive buffer
E (22635) opencores.emac: no mem for receive buffer
E (22635) opencores.emac: no mem for receive buffer
E (22635) opencores.emac: no mem for receive buffer
E (22635) opencores.emac: no mem for receive buffer
E (22635) opencores.emac: no mem for receive buffer
E (22635) opencores.emac: no mem for receive buffer
E (22635) opencores.emac: no mem for receive buffer
E (22635) opencores.emac: no mem for receive buffer
E (22635) opencores.emac: no mem for receive buffer
E (22635) opencores.emac: no mem for receive buffer
E (22635) opencores.emac: no mem for receive buffer
E (22635) opencores.emac: no mem for receive buffer
E (22635) opencores.emac: no mem for receive buffer
E (22635) opencores.emac: no mem for receive buffer
E (22635) opencores.emac: no mem for receive buffer
E (22635) opencores.emac: no mem for receive buffer
E (22635) opencores.emac: no mem for receive buffer
E (22635) opencores.emac: no mem for receive buffer
E (22635) opencores.emac: no mem for receive buffer
E (22635) opencores.emac: no mem for receive buffer
E (22635) opencores.emac: no mem for receive buffer
E (22635) opencores.emac: no mem for receive buffer
E (22635) opencores.emac: no mem for receive buffer
E (22635) opencores.emac: no mem for receive buffer
E (22635) opencores.emac: no mem for receive buffer
E (22635) opencores.emac: no mem for receive buffer
E (22635) opencores.emac: no mem for receive buffer
E (22635) opencores.emac: no mem for receive buffer
E (22635) opencores.emac: no mem for receive buffer
E (22635) opencores.emac: no mem for receive buffer
E (22635) opencores.emac: no mem for receive buffer
E (22635) opencores.emac: no mem for receive buffer
E (22635) opencores.emac: no mem for receive buffer
E (22635) opencores.emac: no mem for receive buffer
E (22635) opencores.emac: no mem for receive buffer
E (22635) opencores.emac: no mem for receive buffer
E (22635) opencores.emac: no mem for receive buffer
E (22635) opencores.emac: no mem for receive buffer
E (22635) opencores.emac: no mem for receive buffer
E (22635) opencores.emac: no mem for receive buffer
E (22635) opencores.emac: no mem for receive buffer
E (22635) opencores.emac: no mem for receive buffer
E (22635) opencores.emac: no mem for receive buffer
E (22635) opencores.emac: no mem for receive buffer
E (22635) opencores.emac: no mem for receive buffer
E (22635) opencores.emac: no mem for receive buffer
E (22635) opencores.emac: no mem for receive buffer
E (22635) opencores.emac: no mem for receive buffer
E (22635) opencores.emac: no mem for receive buffer
E (22635) opencores.emac: no mem for receive buffer
E (22635) opencores.emac: no mem for receive buffer
E (22635) opencores.emac: no mem for receive buffer
E (22635) opencores.emac: no mem for receive buffer
E (22635) opencores.emac: no mem for receive buffer
E (22635) opencores.emac: no mem for receive buffer
E (22635) opencores.emac: no mem for receive buffer
E (22635) opencores.emac: no mem for receive buffer
E (22635) opencores.emac: no mem for receive buffer
E (22635) opencores.emac: no mem for receive buffer
E (22635) opencores.emac: no mem for receive buffer
E (22635) opencores.emac: no mem for receive buffer
E (22635) opencores.emac: no mem for receive buffer
E (22635) opencores.emac: no mem for receive buffer
E (22635) opencores.emac: no mem for receive buffer
E (22635) opencores.emac: no mem for receive buffer
E (22635) opencores.emac: no mem for receive buffer
E (22635) opencores.emac: no mem for receive buffer
E (22635) opencores.emac: no mem for receive buffer
E (22635) opencores.emac: no mem for receive buffer
E (22635) opencores.emac: no mem for receive buffer
E (22635) opencores.emac: no mem for receive buffer
E (22635) opencores.emac: no mem for receive buffer
E (22635) opencores.emac: no mem for receive buffer
E (22635) opencores.emac: no mem for receive buffer
E (22635) opencores.emac: no mem for receive buffer
E (22635) opencores.emac: no mem for receive buffer
E (22635) opencores.emac: no mem for receive buffer
E (22635) opencores.emac: no mem for receive buffer
E (22635) opencores.emac: no mem for receive buffer
E (22635) opencores.emac: no mem for receive buffer
E (22645) opencores.emac: no mem for receive buffer
E (22645) opencores.emac: no mem for receive buffer
E (22645) opencores.emac: no mem for receive buffer
E (22645) opencores.emac: no mem for receive buffer
E (22645) opencores.emac: no mem for receive buffer
E (22645) opencores.emac: no mem for receive buffer
E (22645) opencores.emac: no mem for receive buffer
E (22645) opencores.emac: no mem for receive buffer
E (22645) opencores.emac: no mem for receive buffer
E (22645) opencores.emac: no mem for receive buffer
E (22645) opencores.emac: no mem for receive buffer
E (22645) opencores.emac: no mem for receive buffer
E (22645) opencores.emac: no mem for receive buffer
E (22645) opencores.emac: no mem for receive buffer
E (22645) opencores.emac: no mem for receive buffer
E (22645) opencores.emac: no mem for receive buffer
E (22645) opencores.emac: no mem for receive buffer
E (22645) opencores.emac: no mem for receive buffer
E (22645) opencores.emac: no mem for receive buffer
E (22645) opencores.emac: no mem for receive buffer
E (22645) opencores.emac: no mem for receive buffer
E (22645) opencores.emac: no mem for receive buffer
E (22645) opencores.emac: no mem for receive buffer
E (22645) opencores.emac: no mem for receive buffer
E (22645) opencores.emac: no mem for receive buffer
E (22645) opencores.emac: no mem for receive buffer
E (22645) opencores.emac: no mem for receive buffer
E (22645) opencores.emac: no mem for receive buffer
E (22645) opencores.emac: no mem for receive buffer
E (22645) opencores.emac: no mem for receive buffer
E (22645) opencores.emac: no mem for receive buffer
E (22645) opencores.emac: no mem for receive buffer
E (22645) opencores.emac: no mem for receive buffer
E (22645) opencores.emac: no mem for receive buffer
E (22645) opencores.emac: no mem for receive buffer
E (22645) opencores.emac: no mem for receive buffer
E (22645) opencores.emac: no mem for receive buffer
E (22645) opencores.emac: no mem for receive buffer
E (22645) opencores.emac: no mem for receive buffer
E (22645) opencores.emac: no mem for receive buffer
E (22645) opencores.emac: no mem for receive buffer
E (22645) opencores.emac: no mem for receive buffer
E (22645) opencores.emac: no mem for receive buffer
E (22645) opencores.emac: no mem for receive buffer
E (22645) opencores.emac: no mem for receive buffer
E (22645) opencores.emac: no mem for receive buffer
E (22645) opencores.emac: no mem for receive buffer
E (22645) opencores.emac: no mem for receive buffer
E (22645) opencores.emac: no mem for receive buffer
E (22645) opencores.emac: no mem for receive buffer
E (22645) opencores.emac: no mem for receive buffer
E (22645) opencores.emac: no mem for receive buffer
E (22645) opencores.emac: no mem for receive buffer
E (22645) opencores.emac: no mem for receive buffer
E (22645) opencores.emac: no mem for receive buffer
E (22645) opencores.emac: no mem for receive buffer
E (22645) opencores.emac: no mem for receive buffer
E (22645) opencores.emac: no mem for receive buffer
E (22645) opencores.emac: no mem for receive buffer
E (22645) opencores.emac: no mem for receive buffer
E (22645) opencores.emac: no mem for receive buffer
E (22645) opencores.emac: no mem for receive buffer
E (22645) opencores.emac: no mem for receive buffer
E (22645) opencores.emac: no mem for receive buffer
E (22645) opencores.emac: no mem for receive buffer
E (22645) opencores.emac: no mem for receive buffer
E (22645) opencores.emac: no mem for receive buffer
E (22645) opencores.emac: no mem for receive buffer
E (22645) opencores.emac: no mem for receive buffer
E (22645) opencores.emac: no mem for receive buffer
E (22645) opencores.emac: no mem for receive buffer
E (22645) opencores.emac: no mem for receive buffer
E (22645) opencores.emac: no mem for receive buffer
E (22645) opencores.emac: no mem for receive buffer
E (22645) opencores.emac: no mem for receive buffer
E (22645) opencores.emac: no mem for receive buffer
E (22645) opencores.emac: no mem for receive buffer
E (22645) opencores.emac: no mem for receive buffer
E (22645) opencores.emac: no mem for receive buffer
E (22645) opencores.emac: no mem for receive buffer
E (22645) opencores.emac: no mem for receive buffer
E (22645) opencores.emac: no mem for receive buffer
E (22645) opencores.emac: no mem for receive buffer
E (22645) opencores.emac: no mem for receive buffer
E (22645) opencores.emac: no mem for receive buffer
E (22645) opencores.emac: no mem for receive buffer
E (22645) opencores.emac: no mem for receive buffer
E (22645) opencores.emac: no mem for receive buffer
E (22645) opencores.emac: no mem for receive buffer
E (22645) opencores.emac: no mem for receive buffer
E (22645) opencores.emac: no mem for receive buffer
E (22645) opencores.emac: no mem for receive buffer
E (22645) opencores.emac: no mem for receive buffer
E (22645) opencores.emac: no mem for receive buffer
E (22645) opencores.emac: no mem for receive buffer
E (22645) opencores.emac: no mem for receive buffer
E (22645) opencores.emac: no mem for receive buffer
E (22645) opencores.emac: no mem for receive buffer
E (22645) opencores.emac: no mem for receive buffer
E (22645) opencores.emac: no mem for receive buffer
E (22645) opencores.emac: no mem for receive buffer
E (22645) opencores.emac: no mem for receive buffer
E (22645) opencores.emac: no mem for receive buffer
E (22645) opencores.emac: no mem for receive buffer
E (22645) opencores.emac: no mem for receive buffer
E (22645) opencores.emac: no mem for receive buffer
E (22645) opencores.emac: no mem for receive buffer
E (22645) opencores.emac: no mem for receive buffer
E (22645) opencores.emac: no mem for receive buffer
E (22645) opencores.emac: no mem for receive buffer
E (22645) opencores.emac: no mem for receive buffer
E (22645) opencores.emac: no mem for receive buffer
E (22645) opencores.emac: no mem for receive buffer
E (22645) opencores.emac: no mem for receive buffer
E (22645) opencores.emac: no mem for receive buffer
E (22645) opencores.emac: no mem for receive buffer
E (22645) opencores.emac: no mem for receive buffer
E (22645) opencores.emac: no mem for receive buffer
E (22645) opencores.emac: no mem for receive buffer
E (22645) opencores.emac: no mem for receive buffer
E (22645) opencores.emac: no mem for receive buffer
E (22645) opencores.emac: no mem for receive buffer
E (22645) opencores.emac: no mem for receive buffer
E (22645) opencores.emac: no mem for receive buffer
E (22645) opencores.emac: no mem for receive buffer
E (22645) opencores.emac: no mem for receive buffer
E (22645) opencores.emac: no mem for receive buffer
E (22645) opencores.emac: no mem for receive buffer
E (22645) opencores.emac: no mem for receive buffer
E (22645) opencores.emac: no mem for receive buffer
E (22645) opencores.emac: no mem for receive buffer
E (22645) opencores.emac: no mem for receive buffer
E (22645) opencores.emac: no mem for receive buffer
E (22645) opencores.emac: no mem for receive buffer
E (22645) opencores.emac: no mem for receive buffer
E (22645) opencores.emac: no mem for receive buffer
E (22645) opencores.emac: no mem for receive buffer
E (22645) opencores.emac: no mem for receive buffer
E (22645) opencores.emac: no mem for receive buffer
E (22645) opencores.emac: no mem for receive buffer
E (22645) opencores.emac: no mem for receive buffer
E (22645) opencores.emac: no mem for receive buffer
E (22645) opencores.emac: no mem for receive buffer
E (22645) opencores.emac: no mem for receive buffer
E (22645) opencores.emac: no mem for receive buffer
E (22645) opencores.emac: no mem for receive buffer
E (22645) opencores.emac: no mem for receive buffer
E (22645) opencores.emac: no mem for receive buffer
E (22645) opencores.emac: no mem for receive buffer
E (22645) opencores.emac: no mem for receive buffer
E (22645) opencores.emac: no mem for receive buffer
E (22645) opencores.emac: no mem for receive buffer
E (22645) opencores.emac: no mem for receive buffer
E (22645) opencores.emac: no mem for receive buffer
E (22645) opencores.emac: no mem for receive buffer
E (22645) opencores.emac: no mem for receive buffer
E (22645) opencores.emac: no mem for receive buffer
E (22645) opencores.emac: no mem for receive buffer
E (22645) opencores.emac: no mem for receive buffer
E (22645) opencores.emac: no mem for receive buffer
E (22645) opencores.emac: no mem for receive buffer
E (22655) opencores.emac: no mem for receive buffer
E (22655) opencores.emac: no mem for receive buffer
E (22655) opencores.emac: no mem for receive buffer
E (22655) opencores.emac: no mem for receive buffer
E (22655) opencores.emac: no mem for receive buffer
E (22655) opencores.emac: no mem for receive buffer
E (22655) opencores.emac: no mem for receive buffer
E (22655) opencores.emac: no mem for receive buffer
E (22655) opencores.emac: no mem for receive buffer
E (22655) opencores.emac: no mem for receive buffer
E (22655) opencores.emac: no mem for receive buffer
E (22655) opencores.emac: no mem for receive buffer
E (22655) opencores.emac: no mem for receive buffer
E (22655) opencores.emac: no mem for receive buffer
E (22655) opencores.emac: no mem for receive buffer
E (22655) opencores.emac: no mem for receive buffer
E (22655) opencores.emac: no mem for receive buffer
E (22655) opencores.emac: no mem for receive buffer
E (22655) opencores.emac: no mem for receive buffer
E (22655) opencores.emac: no mem for receive buffer
E (22655) opencores.emac: no mem for receive buffer
E (22655) opencores.emac: no mem for receive buffer
E (22655) opencores.emac: no mem for receive buffer
E (22655) opencores.emac: no mem for receive buffer
E (22655) opencores.emac: no mem for receive buffer
E (22655) opencores.emac: no mem for receive buffer
E (22655) opencores.emac: no mem for receive buffer
E (22655) opencores.emac: no mem for receive buffer
E (22655) opencores.emac: no mem for receive buffer
E (22655) opencores.emac: no mem for receive buffer
E (22655) opencores.emac: no mem for receive buffer
E (22655) opencores.emac: no mem for receive buffer
E (22655) opencores.emac: no mem for receive buffer
E (22655) opencores.emac: no mem for receive buffer
E (22655) opencores.emac: no mem for receive buffer
E (22655) opencores.emac: no mem for receive buffer
E (22655) opencores.emac: no mem for receive buffer
E (22655) opencores.emac: no mem for receive buffer
E (22655) opencores.emac: no mem for receive buffer
E (22655) opencores.emac: no mem for receive buffer
E (22655) opencores.emac: no mem for receive buffer
E (22655) opencores.emac: no mem for receive buffer
E (22655) opencores.emac: no mem for receive buffer
E (22655) opencores.emac: no mem for receive buffer
E (22655) opencores.emac: no mem for receive buffer
E (22655) opencores.emac: no mem for receive buffer
E (22655) opencores.emac: no mem for receive buffer
E (22655) opencores.emac: no mem for receive buffer
E (22655) opencores.emac: no mem for receive buffer
E (22655) opencores.emac: no mem for receive buffer
E (22655) opencores.emac: no mem for receive buffer
E (22655) opencores.emac: no mem for receive buffer
E (22655) opencores.emac: no mem for receive buffer
E (22655) opencores.emac: no mem for receive buffer
E (22655) opencores.emac: no mem for receive buffer
E (22655) opencores.emac: no mem for receive buffer
E (22655) opencores.emac: no mem for receive buffer
E (22655) opencores.emac: no mem for receive buffer
E (22655) opencores.emac: no mem for receive buffer
E (22655) opencores.emac: no mem for receive buffer
E (22655) opencores.emac: no mem for receive buffer
E (22655) opencores.emac: no mem for receive buffer
E (22655) opencores.emac: no mem for receive buffer
E (22655) opencores.emac: no mem for receive buffer
E (22655) opencores.emac: no mem for receive buffer
E (22655) opencores.emac: no mem for receive buffer
E (22655) opencores.emac: no mem for receive buffer
E (22655) opencores.emac: no mem for receive buffer
E (22655) opencores.emac: no mem for receive buffer
E (22655) opencores.emac: no mem for receive buffer
E (22655) opencores.emac: no mem for receive buffer
E (22655) opencores.emac: no mem for receive buffer
E (22655) opencores.emac: no mem for receive buffer
E (22655) opencores.emac: no mem for receive buffer
E (22655) opencores.emac: no mem for receive buffer
E (22655) opencores.emac: no mem for receive buffer
E (22655) opencores.emac: no mem for receive buffer
E (22655) opencores.emac: no mem for receive buffer
E (22655) opencores.emac: no mem for receive buffer
E (22655) opencores.emac: no mem for receive buffer
E (22655) opencores.emac: no mem for receive buffer
E (22655) opencores.emac: no mem for receive buffer
E (22655) opencores.emac: no mem for receive buffer
E (22655) opencores.emac: no mem for receive buffer
E (22655) opencores.emac: no mem for receive buffer
E (22655) opencores.emac: no mem for receive buffer
E (22655) opencores.emac: no mem for receive buffer
E (22655) opencores.emac: no mem for receive buffer
E (22655) opencores.emac: no mem for receive buffer
E (22655) opencores.emac: no mem for receive buffer
E (22655) opencores.emac: no mem for receive buffer
E (22655) opencores.emac: no mem for receive buffer
E (22655) opencores.emac: no mem for receive buffer
E (22655) opencores.emac: no mem for receive buffer
E (22655) opencores.emac: no mem for receive buffer
E (22655) opencores.emac: no mem for receive buffer
E (22655) opencores.emac: no mem for receive buffer
E (22655) opencores.emac: no mem for receive buffer
E (22655) opencores.emac: no mem for receive buffer
E (22655) opencores.emac: no mem for receive buffer
E (22655) opencores.emac: no mem for receive buffer
E (22655) opencores.emac: no mem for receive buffer
E (22655) opencores.emac: no mem for receive buffer
E (22655) opencores.emac: no mem for receive buffer
E (22655) opencores.emac: no mem for receive buffer
E (22655) opencores.emac: no mem for receive buffer
E (22655) opencores.emac: no mem for receive buffer
E (22655) opencores.emac: no mem for receive buffer
E (22655) opencores.emac: no mem for receive buffer
E (22655) opencores.emac: no mem for receive buffer
E (22655) opencores.emac: no mem for receive buffer
E (22655) opencores.emac: no mem for receive buffer
E (22655) opencores.emac: no mem for receive buffer
E (22655) opencores.emac: no mem for receive buffer
E (22655) opencores.emac: no mem for receive buffer
E (22655) opencores.emac: no mem for receive buffer
E (22655) opencores.emac: no mem for receive buffer
E (22655) opencores.emac: no mem for receive buffer
E (22655) opencores.emac: no mem for receive buffer
E (22655) opencores.emac: no mem for receive buffer
E (22655) opencores.emac: no mem for receive buffer
E (22655) opencores.emac: no mem for receive buffer
E (22655) opencores.emac: no mem for receive buffer
E (22655) opencores.emac: no mem for receive buffer
E (22655) opencores.emac: no mem for receive buffer
E (22655) opencores.emac: no mem for receive buffer
E (22655) opencores.emac: no mem for receive buffer
E (22655) opencores.emac: no mem for receive buffer
E (22655) opencores.emac: no mem for receive buffer
E (22655) opencores.emac: no mem for receive buffer
E (22655) opencores.emac: no mem for receive buffer
E (22655) opencores.emac: no mem for receive buffer
E (22655) opencores.emac: no mem for receive buffer
E (22655) opencores.emac: no mem for receive buffer
E (22655) opencores.emac: no mem for receive buffer
E (22655) opencores.emac: no mem for receive buffer
E (22655) opencores.emac: no mem for receive buffer
E (22655) opencores.emac: no mem for receive buffer
E (22655) opencores.emac: no mem for receive buffer
E (22655) opencores.emac: no mem for receive buffer
E (22655) opencores.emac: no mem for receive buffer
E (22655) opencores.emac: no mem for receive buffer
E (22655) opencores.emac: no mem for receive buffer
E (22655) opencores.emac: no mem for receive buffer
E (22655) opencores.emac: no mem for receive buffer
E (22655) opencores.emac: no mem for receive buffer
E (22655) opencores.emac: no mem for receive buffer
E (22655) opencores.emac: no mem for receive buffer
E (22655) opencores.emac: no mem for receive buffer
E (22655) opencores.emac: no mem for receive buffer
E (22655) opencores.emac: no mem for receive buffer
E (22655) opencores.emac: no mem for receive buffer
E (22665) opencores.emac: no mem for receive buffer
E (22665) opencores.emac: no mem for receive buffer
E (22665) opencores.emac: no mem for receive buffer
E (22665) opencores.emac: no mem for receive buffer
E (22665) opencores.emac: no mem for receive buffer
E (22665) opencores.emac: no mem for receive buffer
E (22665) opencores.emac: no mem for receive buffer
E (22665) opencores.emac: no mem for receive buffer
E (22665) opencores.emac: no mem for receive buffer
E (22665) opencores.emac: no mem for receive buffer
E (22665) opencores.emac: no mem for receive buffer
E (22665) opencores.emac: no mem for receive buffer
E (22665) opencores.emac: no mem for receive buffer
E (22665) opencores.emac: no mem for receive buffer
E (22665) opencores.emac: no mem for receive buffer
E (22665) opencores.emac: no mem for receive buffer
E (22665) opencores.emac: no mem for receive buffer
E (22665) opencores.emac: no mem for receive buffer
E (22665) opencores.emac: no mem for receive buffer
E (22665) opencores.emac: no mem for receive buffer
E (22665) opencores.emac: no mem for receive buffer
E (22665) opencores.emac: no mem for receive buffer
E (22665) opencores.emac: no mem for receive buffer
E (22665) opencores.emac: no mem for receive buffer
E (22665) opencores.emac: no mem for receive buffer
E (22665) opencores.emac: no mem for receive buffer
E (22665) opencores.emac: no mem for receive buffer
E (22665) opencores.emac: no mem for receive buffer
E (22665) opencores.emac: no mem for receive buffer
E (22665) opencores.emac: no mem for receive buffer
E (22665) opencores.emac: no mem for receive buffer
E (22665) opencores.emac: no mem for receive buffer
E (22665) opencores.emac: no mem for receive buffer
E (22665) opencores.emac: no mem for receive buffer
E (22665) opencores.emac: no mem for receive buffer
E (22665) opencores.emac: no mem for receive buffer
E (22665) opencores.emac: no mem for receive buffer
E (22665) opencores.emac: no mem for receive buffer
E (22665) opencores.emac: no mem for receive buffer
E (22665) opencores.emac: no mem for receive buffer
E (22665) opencores.emac: no mem for receive buffer
E (22665) opencores.emac: no mem for receive buffer
E (22665) opencores.emac: no mem for receive buffer
E (22665) opencores.emac: no mem for receive buffer
E (22665) opencores.emac: no mem for receive buffer
E (22665) opencores.emac: no mem for receive buffer
E (22665) opencores.emac: no mem for receive buffer
E (22665) opencores.emac: no mem for receive buffer
E (22665) opencores.emac: no mem for receive buffer
E (22665) opencores.emac: no mem for receive buffer
E (22665) opencores.emac: no mem for receive buffer
E (22665) opencores.emac: no mem for receive buffer
E (22665) opencores.emac: no mem for receive buffer
E (22665) opencores.emac: no mem for receive buffer
E (22665) opencores.emac: no mem for receive buffer
E (22665) opencores.emac: no mem for receive buffer
E (22665) opencores.emac: no mem for receive buffer
E (22665) opencores.emac: no mem for receive buffer
E (22665) opencores.emac: no mem for receive buffer
E (22665) opencores.emac: no mem for receive buffer
E (22665) opencores.emac: no mem for receive buffer
E (22665) opencores.emac: no mem for receive buffer
E (22665) opencores.emac: no mem for receive buffer
E (22665) opencores.emac: no mem for receive buffer
E (22665) opencores.emac: no mem for receive buffer
E (22665) opencores.emac: no mem for receive buffer
E (22665) opencores.emac: no mem for receive buffer
E (22665) opencores.emac: no mem for receive buffer
E (22665) opencores.emac: no mem for receive buffer
E (22665) opencores.emac: no mem for receive buffer
E (22665) opencores.emac: no mem for receive buffer
E (22665) opencores.emac: no mem for receive buffer
E (22665) opencores.emac: no mem for receive buffer
E (22665) opencores.emac: no mem for receive buffer
E (22665) opencores.emac: no mem for receive buffer
E (22665) opencores.emac: no mem for receive buffer
E (22665) opencores.emac: no mem for receive buffer
E (22665) opencores.emac: no mem for receive buffer
E (22665) opencores.emac: no mem for receive buffer
E (22665) opencores.emac: no mem for receive buffer
E (22665) opencores.emac: no mem for receive buffer
E (22665) opencores.emac: no mem for receive buffer
E (22665) opencores.emac: no mem for receive buffer
E (22665) opencores.emac: no mem for receive buffer
E (22665) opencores.emac: no mem for receive buffer
E (22665) opencores.emac: no mem for receive buffer
E (22665) opencores.emac: no mem for receive buffer
E (22665) opencores.emac: no mem for receive buffer
E (22665) opencores.emac: no mem for receive buffer
E (22665) opencores.emac: no mem for receive buffer
E (22665) opencores.emac: no mem for receive buffer
E (22665) opencores.emac: no mem for receive buffer
E (22665) opencores.emac: no mem for receive buffer
E (22665) opencores.emac: no mem for receive buffer
E (22665) opencores.emac: no mem for receive buffer
E (22665) opencores.emac: no mem for receive buffer
E (22665) opencores.emac: no mem for receive buffer
E (22665) opencores.emac: no mem for receive buffer
E (22665) opencores.emac: no mem for receive buffer
E (22665) opencores.emac: no mem for receive buffer
E (22665) opencores.emac: no mem for receive buffer
E (22665) opencores.emac: no mem for receive buffer
E (22665) opencores.emac: no mem for receive buffer
E (22665) opencores.emac: no mem for receive buffer
E (22665) opencores.emac: no mem for receive buffer
E (22665) opencores.emac: no mem for receive buffer
E (22665) opencores.emac: no mem for receive buffer
E (22665) opencores.emac: no mem for receive buffer
E (22665) opencores.emac: no mem for receive buffer
E (22665) opencores.emac: no mem for receive buffer
E (22665) opencores.emac: no mem for receive buffer
E (22665) opencores.emac: no mem for receive buffer
E (22665) opencores.emac: no mem for receive buffer
E (22665) opencores.emac: no mem for receive buffer
E (22665) opencores.emac: no mem for receive buffer
E (22665) opencores.emac: no mem for receive buffer
E (22665) opencores.emac: no mem for receive buffer
E (22665) opencores.emac: no mem for receive buffer
E (22665) opencores.emac: no mem for receive buffer
E (22665) opencores.emac: no mem for receive buffer
E (22665) opencores.emac: no mem for receive buffer
E (22665) opencores.emac: no mem for receive buffer
E (22665) opencores.emac: no mem for receive buffer
E (22665) opencores.emac: no mem for receive buffer
E (22665) opencores.emac: no mem for receive buffer
E (22665) opencores.emac: no mem for receive buffer
E (22665) opencores.emac: no mem for receive buffer
E (22665) opencores.emac: no mem for receive buffer
E (22665) opencores.emac: no mem for receive buffer
E (22665) opencores.emac: no mem for receive buffer
E (22665) opencores.emac: no mem for receive buffer
E (22665) opencores.emac: no mem for receive buffer
E (22665) opencores.emac: no mem for receive buffer
E (22665) opencores.emac: no mem for receive buffer
E (22665) opencores.emac: no mem for receive buffer
E (22665) opencores.emac: no mem for receive buffer
E (22665) opencores.emac: no mem for receive buffer
E (22665) opencores.emac: no mem for receive buffer
E (22665) opencores.emac: no mem for receive buffer
E (22665) opencores.emac: no mem for receive buffer
E (22665) opencores.emac: no mem for receive buffer
E (22665) opencores.emac: no mem for receive buffer
E (22665) opencores.emac: no mem for receive buffer
E (22665) opencores.emac: no mem for receive buffer
E (22665) opencores.emac: no mem for receive buffer
E (22665) opencores.emac: no mem for receive buffer
E (22665) opencores.emac: no mem for receive buffer
E (22665) opencores.emac: no mem for receive buffer
E (22665) opencores.emac: no mem for receive buffer
E (22665) opencores.emac: no mem for receive buffer
E (22665) opencores.emac: no mem for receive buffer
E (22665) opencores.emac: no mem for receive buffer
E (22665) opencores.emac: no mem for receive buffer
E (22665) opencores.emac: no mem for receive buffer
E (22665) opencores.emac: no mem for receive buffer
E (22665) opencores.emac: no mem for receive buffer
E (22665) opencores.emac: no mem for receive buffer
E (22665) opencores.emac: no mem for receive buffer
E (22665) opencores.emac: no mem for receive buffer
E (22675) opencores.emac: no mem for receive buffer
E (22675) opencores.emac: no mem for receive buffer
E (22675) opencores.emac: no mem for receive buffer
E (22675) opencores.emac: no mem for receive buffer
E (22675) opencores.emac: no mem for receive buffer
E (22675) opencores.emac: no mem for receive buffer
E (22675) opencores.emac: no mem for receive buffer
E (22675) opencores.emac: no mem for receive buffer
E (22675) opencores.emac: no mem for receive buffer
E (22675) opencores.emac: no mem for receive buffer
E (22675) opencores.emac: no mem for receive buffer
E (22675) opencores.emac: no mem for receive buffer
E (22675) opencores.emac: no mem for receive buffer
E (22675) opencores.emac: no mem for receive buffer
E (22675) opencores.emac: no mem for receive buffer
E (22675) opencores.emac: no mem for receive buffer
E (22675) opencores.emac: no mem for receive buffer
E (22675) opencores.emac: no mem for receive buffer
E (22675) opencores.emac: no mem for receive buffer
E (22675) opencores.emac: no mem for receive buffer
E (22675) opencores.emac: no mem for receive buffer
E (22675) opencores.emac: no mem for receive buffer
E (22675) opencores.emac: no mem for receive buffer
E (22675) opencores.emac: no mem for receive buffer
E (22675) opencores.emac: no mem for receive buffer
E (22675) opencores.emac: no mem for receive buffer
E (22675) opencores.emac: no mem for receive buffer
E (22675) opencores.emac: no mem for receive buffer
E (22675) opencores.emac: no mem for receive buffer
E (22675) opencores.emac: no mem for receive buffer
E (22675) opencores.emac: no mem for receive buffer
E (22675) opencores.emac: no mem for receive buffer
E (22675) opencores.emac: no mem for receive buffer
E (22675) opencores.emac: no mem for receive buffer
E (22675) opencores.emac: no mem for receive buffer
E (22675) opencores.emac: no mem for receive buffer
E (22675) opencores.emac: no mem for receive buffer
E (22675) opencores.emac: no mem for receive buffer
E (22675) opencores.emac: no mem for receive buffer
E (22675) opencores.emac: no mem for receive buffer
E (22675) opencores.emac: no mem for receive buffer
E (22675) opencores.emac: no mem for receive buffer
E (22675) opencores.emac: no mem for receive buffer
E (22675) opencores.emac: no mem for receive buffer
E (22675) opencores.emac: no mem for receive buffer
E (22675) opencores.emac: no mem for receive buffer
E (22675) opencores.emac: no mem for receive buffer
E (22675) opencores.emac: no mem for receive buffer
E (22675) opencores.emac: no mem for receive buffer
E (22675) opencores.emac: no mem for receive buffer
E (22675) opencores.emac: no mem for receive buffer
E (22675) opencores.emac: no mem for receive buffer
E (22675) opencores.emac: no mem for receive buffer
E (22675) opencores.emac: no mem for receive buffer
E (22675) opencores.emac: no mem for receive buffer
E (22675) opencores.emac: no mem for receive buffer
E (22675) opencores.emac: no mem for receive buffer
E (22675) opencores.emac: no mem for receive buffer
E (22675) opencores.emac: no mem for receive buffer
E (22675) opencores.emac: no mem for receive buffer
E (22675) opencores.emac: no mem for receive buffer
E (22675) opencores.emac: no mem for receive buffer
E (22675) opencores.emac: no mem for receive buffer
E (22675) opencores.emac: no mem for receive buffer
E (22675) opencores.emac: no mem for receive buffer
E (22675) opencores.emac: no mem for receive buffer
E (22675) opencores.emac: no mem for receive buffer
E (22675) opencores.emac: no mem for receive buffer
E (22675) opencores.emac: no mem for receive buffer
E (22675) opencores.emac: no mem for receive buffer
E (22675) opencores.emac: no mem for receive buffer
E (22675) opencores.emac: no mem for receive buffer
E (22675) opencores.emac: no mem for receive buffer
E (22675) opencores.emac: no mem for receive buffer
E (22675) opencores.emac: no mem for receive buffer
E (22675) opencores.emac: no mem for receive buffer
E (22675) opencores.emac: no mem for receive buffer
E (22675) opencores.emac: no mem for receive buffer
E (22675) opencores.emac: no mem for receive buffer
E (22675) opencores.emac: no mem for receive buffer
E (22675) opencores.emac: no mem for receive buffer
E (22675) opencores.emac: no mem for receive buffer
E (22675) opencores.emac: no mem for receive buffer
E (22675) opencores.emac: no mem for receive buffer
E (22675) opencores.emac: no mem for receive buffer
E (22675) opencores.emac: no mem for receive buffer
E (22675) opencores.emac: no mem for receive buffer
E (22675) opencores.emac: no mem for receive buffer
E (22675) opencores.emac: no mem for receive buffer
E (22675) opencores.emac: no mem for receive buffer
E (22675) opencores.emac: no mem for receive buffer
E (22675) opencores.emac: no mem for receive buffer
E (22675) opencores.emac: no mem for receive buffer
E (22675) opencores.emac: no mem for receive buffer
E (22675) opencores.emac: no mem for receive buffer
E (22675) opencores.emac: no mem for receive buffer
E (22675) opencores.emac: no mem for receive buffer
E (22675) opencores.emac: no mem for receive buffer
E (22675) opencores.emac: no mem for receive buffer
E (22675) opencores.emac: no mem for receive buffer
E (22675) opencores.emac: no mem for receive buffer
E (22675) opencores.emac: no mem for receive buffer
E (22675) opencores.emac: no mem for receive buffer
E (22675) opencores.emac: no mem for receive buffer
E (22675) opencores.emac: no mem for receive buffer
E (22675) opencores.emac: no mem for receive buffer
E (22675) opencores.emac: no mem for receive buffer
E (22675) opencores.emac: no mem for receive buffer
E (22675) opencores.emac: no mem for receive buffer
E (22675) opencores.emac: no mem for receive buffer
E (22675) opencores.emac: no mem for receive buffer
E (22675) opencores.emac: no mem for receive buffer
E (22675) opencores.emac: no mem for receive buffer
E (22675) opencores.emac: no mem for receive buffer
E (22675) opencores.emac: no mem for receive buffer
E (22675) opencores.emac: no mem for receive buffer
E (22675) opencores.emac: no mem for receive buffer
E (22675) opencores.emac: no mem for receive buffer
E (22675) opencores.emac: no mem for receive buffer
E (22675) opencores.emac: no mem for receive buffer
E (22675) opencores.emac: no mem for receive buffer
E (22675) opencores.emac: no mem for receive buffer
E (22675) opencores.emac: no mem for receive buffer
E (22675) opencores.emac: no mem for receive buffer
E (22675) opencores.emac: no mem for receive buffer
E (22675) opencores.emac: no mem for receive buffer
E (22675) opencores.emac: no mem for receive buffer
E (22675) opencores.emac: no mem for receive buffer
E (22675) opencores.emac: no mem for receive buffer
E (22675) opencores.emac: no mem for receive buffer
E (22675) opencores.emac: no mem for receive buffer
E (22675) opencores.emac: no mem for receive buffer
E (22675) opencores.emac: no mem for receive buffer
E (22675) opencores.emac: no mem for receive buffer
E (22675) opencores.emac: no mem for receive buffer
E (22675) opencores.emac: no mem for receive buffer
E (22675) opencores.emac: no mem for receive buffer
E (22675) opencores.emac: no mem for receive buffer
E (22675) opencores.emac: no mem for receive buffer
E (22675) opencores.emac: no mem for receive buffer
E (22675) opencores.emac: no mem for receive buffer
E (22675) opencores.emac: no mem for receive buffer
E (22675) opencores.emac: no mem for receive buffer
E (22675) opencores.emac: no mem for receive buffer
E (22675) opencores.emac: no mem for receive buffer
E (22675) opencores.emac: no mem for receive buffer
E (22675) opencores.emac: no mem for receive buffer
E (22675) opencores.emac: no mem for receive buffer
E (22675) opencores.emac: no mem for receive buffer
E (22675) opencores.emac: no mem for receive buffer
E (22675) opencores.emac: no mem for receive buffer
E (22675) opencores.emac: no mem for receive buffer
E (22675) opencores.emac: no mem for receive buffer
E (22675) opencores.emac: no mem for receive buffer
E (22675) opencores.emac: no mem for receive buffer
E (22675) opencores.emac: no mem for receive buffer
E (22675) opencores.emac: no mem for receive buffer
E (22675) opencores.emac: no mem for receive buffer
E (22685) opencores.emac: no mem for receive buffer
E (22685) opencores.emac: no mem for receive buffer
E (22685) opencores.emac: no mem for receive buffer
E (22685) opencores.emac: no mem for receive buffer
E (22685) opencores.emac: no mem for receive buffer
E (22685) opencores.emac: no mem for receive buffer
E (22685) opencores.emac: no mem for receive buffer
E (22685) opencores.emac: no mem for receive buffer
E (22685) opencores.emac: no mem for receive buffer
E (22685) opencores.emac: no mem for receive buffer
E (22685) opencores.emac: no mem for receive buffer
E (22685) opencores.emac: no mem for receive buffer
E (22685) opencores.emac: no mem for receive buffer
E (22685) opencores.emac: no mem for receive buffer
E (22685) opencores.emac: no mem for receive buffer
E (22685) opencores.emac: no mem for receive buffer
E (22685) opencores.emac: no mem for receive buffer
E (22685) opencores.emac: no mem for receive buffer
E (22685) opencores.emac: no mem for receive buffer
E (22685) opencores.emac: no mem for receive buffer
E (22685) opencores.emac: no mem for receive buffer
E (22685) opencores.emac: no mem for receive buffer
E (22685) opencores.emac: no mem for receive buffer
E (22685) opencores.emac: no mem for receive buffer
E (22685) opencores.emac: no mem for receive buffer
E (22685) opencores.emac: no mem for receive buffer
E (22685) opencores.emac: no mem for receive buffer
E (22685) opencores.emac: no mem for receive buffer
E (22685) opencores.emac: no mem for receive buffer
E (22685) opencores.emac: no mem for receive buffer
E (22685) opencores.emac: no mem for receive buffer
E (22685) opencores.emac: no mem for receive buffer
E (22685) opencores.emac: no mem for receive buffer
E (22685) opencores.emac: no mem for receive buffer
E (22685) opencores.emac: no mem for receive buffer
E (22685) opencores.emac: no mem for receive buffer
E (22685) opencores.emac: no mem for receive buffer
E (22685) opencores.emac: no mem for receive buffer
E (22685) opencores.emac: no mem for receive buffer
E (22685) opencores.emac: no mem for receive buffer
E (22685) opencores.emac: no mem for receive buffer
E (22685) opencores.emac: no mem for receive buffer
E (22685) opencores.emac: no mem for receive buffer
E (22685) opencores.emac: no mem for receive buffer
E (22685) opencores.emac: no mem for receive buffer
E (22685) opencores.emac: no mem for receive buffer
E (22685) opencores.emac: no mem for receive buffer
E (22685) opencores.emac: no mem for receive buffer
E (22685) opencores.emac: no mem for receive buffer
E (22685) opencores.emac: no mem for receive buffer
E (22685) opencores.emac: no mem for receive buffer
E (22685) opencores.emac: no mem for receive buffer
E (22685) opencores.emac: no mem for receive buffer
E (22685) opencores.emac: no mem for receive buffer
E (22685) opencores.emac: no mem for receive buffer
E (22685) opencores.emac: no mem for receive buffer
E (22685) opencores.emac: no mem for receive buffer
E (22685) opencores.emac: no mem for receive buffer
E (22685) opencores.emac: no mem for receive buffer
E (22685) opencores.emac: no mem for receive buffer
E (22685) opencores.emac: no mem for receive buffer
E (22685) opencores.emac: no mem for receive buffer
E (22685) opencores.emac: no mem for receive buffer
E (22685) opencores.emac: no mem for receive buffer
E (22685) opencores.emac: no mem for receive buffer
E (22685) opencores.emac: no mem for receive buffer
E (22685) opencores.emac: no mem for receive buffer
E (22685) opencores.emac: no mem for receive buffer
E (22685) opencores.emac: no mem for receive buffer
E (22685) opencores.emac: no mem for receive buffer
E (22685) opencores.emac: no mem for receive buffer
E (22685) opencores.emac: no mem for receive buffer
E (22685) opencores.emac: no mem for receive buffer
E (22685) opencores.emac: no mem for receive buffer
E (22685) opencores.emac: no mem for receive buffer
E (22685) opencores.emac: no mem for receive buffer
E (22685) opencores.emac: no mem for receive buffer
E (22685) opencores.emac: no mem for receive buffer
E (22685) opencores.emac: no mem for receive buffer
E (22685) opencores.emac: no mem for receive buffer
E (22685) opencores.emac: no mem for receive buffer
E (22685) opencores.emac: no mem for receive buffer
E (22685) opencores.emac: no mem for receive buffer
E (22685) opencores.emac: no mem for receive buffer
E (22685) opencores.emac: no mem for receive buffer
E (22685) opencores.emac: no mem for receive buffer
E (22685) opencores.emac: no mem for receive buffer
E (22685) opencores.emac: no mem for receive buffer
E (22685) opencores.emac: no mem for receive buffer
E (22685) opencores.emac: no mem for receive buffer
E (22685) opencores.emac: no mem for receive buffer
E (22685) opencores.emac: no mem for receive buffer
E (22685) opencores.emac: no mem for receive buffer
E (22685) opencores.emac: no mem for receive buffer
E (22685) opencores.emac: no mem for receive buffer
E (22685) opencores.emac: no mem for receive buffer
E (22685) opencores.emac: no mem for receive buffer
E (22685) opencores.emac: no mem for receive buffer
E (22685) opencores.emac: no mem for receive buffer
E (22685) opencores.emac: no mem for receive buffer
E (22685) opencores.emac: no mem for receive buffer
E (22685) opencores.emac: no mem for receive buffer
E (22685) opencores.emac: no mem for receive buffer
E (22685) opencores.emac: no mem for receive buffer
E (22685) opencores.emac: no mem for receive buffer
E (22685) opencores.emac: no mem for receive buffer
E (22685) opencores.emac: no mem for receive buffer
E (22685) opencores.emac: no mem for receive buffer
E (22685) opencores.emac: no mem for receive buffer
E (22685) opencores.emac: no mem for receive buffer
E (22685) opencores.emac: no mem for receive buffer
E (22685) opencores.emac: no mem for receive buffer
E (22685) opencores.emac: no mem for receive buffer
E (22685) opencores.emac: no mem for receive buffer
E (22685) opencores.emac: no mem for receive buffer
E (22685) opencores.emac: no mem for receive buffer
E (22685) opencores.emac: no mem for receive buffer
E (22685) opencores.emac: no mem for receive buffer
E (22685) opencores.emac: no mem for receive buffer
E (22685) opencores.emac: no mem for receive buffer
E (22685) opencores.emac: no mem for receive buffer
E (22685) opencores.emac: no mem for receive buffer
E (22685) opencores.emac: no mem for receive buffer
E (22685) opencores.emac: no mem for receive buffer
E (22685) opencores.emac: no mem for receive buffer
E (22685) opencores.emac: no mem for receive buffer
E (22685) opencores.emac: no mem for receive buffer
E (22685) opencores.emac: no mem for receive buffer
E (22685) opencores.emac: no mem for receive buffer
E (22685) opencores.emac: no mem for receive buffer
E (22685) opencores.emac: no mem for receive buffer
E (22685) opencores.emac: no mem for receive buffer
E (22685) opencores.emac: no mem for receive buffer
E (22685) opencores.emac: no mem for receive buffer
E (22685) opencores.emac: no mem for receive buffer
E (22685) opencores.emac: no mem for receive buffer
E (22685) opencores.emac: no mem for receive buffer
E (22685) opencores.emac: no mem for receive buffer
E (22685) opencores.emac: no mem for receive buffer
E (22685) opencores.emac: no mem for receive buffer
E (22685) opencores.emac: no mem for receive buffer
E (22685) opencores.emac: no mem for receive buffer
E (22685) opencores.emac: no mem for receive buffer
E (22685) opencores.emac: no mem for receive buffer
E (22685) opencores.emac: no mem for receive buffer
E (22685) opencores.emac: no mem for receive buffer
E (22685) opencores.emac: no mem for receive buffer
E (22685) opencores.emac: no mem for receive buffer
E (22685) opencores.emac: no mem for receive buffer
E (22685) opencores.emac: no mem for receive buffer
E (22685) opencores.emac: no mem for receive buffer
E (22685) opencores.emac: no mem for receive buffer
E (22685) opencores.emac: no mem for receive buffer
E (22695) opencores.emac: no mem for receive buffer
E (22695) opencores.emac: no mem for receive buffer
E (22695) opencores.emac: no mem for receive buffer
E (22695) opencores.emac: no mem for receive buffer
E (22695) opencores.emac: no mem for receive buffer
E (22695) opencores.emac: no mem for receive buffer
E (22695) opencores.emac: no mem for receive buffer
E (22695) opencores.emac: no mem for receive buffer
E (22695) opencores.emac: no mem for receive buffer
E (22695) opencores.emac: no mem for receive buffer
E (22695) opencores.emac: no mem for receive buffer
E (22695) opencores.emac: no mem for receive buffer
E (22695) opencores.emac: no mem for receive buffer
E (22695) opencores.emac: no mem for receive buffer
E (22695) opencores.emac: no mem for receive buffer
E (22695) opencores.emac: no mem for receive buffer
E (22695) opencores.emac: no mem for receive buffer
E (22695) opencores.emac: no mem for receive buffer
E (22695) opencores.emac: no mem for receive buffer
E (22695) opencores.emac: no mem for receive buffer
E (22695) opencores.emac: no mem for receive buffer
E (22695) opencores.emac: no mem for receive buffer
E (22695) opencores.emac: no mem for receive buffer
E (22695) opencores.emac: no mem for receive buffer
E (22695) opencores.emac: no mem for receive buffer
E (22695) opencores.emac: no mem for receive buffer
E (22695) opencores.emac: no mem for receive buffer
E (22695) opencores.emac: no mem for receive buffer
E (22695) opencores.emac: no mem for receive buffer
E (22695) opencores.emac: no mem for receive buffer
E (22695) opencores.emac: no mem for receive buffer
E (22695) opencores.emac: no mem for receive buffer
E (22695) opencores.emac: no mem for receive buffer
E (22695) opencores.emac: no mem for receive buffer
E (22695) opencores.emac: no mem for receive buffer
E (22695) opencores.emac: no mem for receive buffer
E (22695) opencores.emac: no mem for receive buffer
E (22695) opencores.emac: no mem for receive buffer
E (22695) opencores.emac: no mem for receive buffer
E (22695) opencores.emac: no mem for receive buffer
E (22695) opencores.emac: no mem for receive buffer
E (22695) opencores.emac: no mem for receive buffer
E (22695) opencores.emac: no mem for receive buffer
E (22695) opencores.emac: no mem for receive buffer
E (22695) opencores.emac: no mem for receive buffer
E (22695) opencores.emac: no mem for receive buffer
E (22695) opencores.emac: no mem for receive buffer
E (22695) opencores.emac: no mem for receive buffer
E (22695) opencores.emac: no mem for receive buffer
E (22695) opencores.emac: no mem for receive buffer
E (22695) opencores.emac: no mem for receive buffer
E (22695) opencores.emac: no mem for receive buffer
E (22695) opencores.emac: no mem for receive buffer
E (22695) opencores.emac: no mem for receive buffer
E (22695) opencores.emac: no mem for receive buffer
E (22695) opencores.emac: no mem for receive buffer
E (22695) opencores.emac: no mem for receive buffer
E (22695) opencores.emac: no mem for receive buffer
E (22695) opencores.emac: no mem for receive buffer
E (22695) opencores.emac: no mem for receive buffer
E (22695) opencores.emac: no mem for receive buffer
E (22695) opencores.emac: no mem for receive buffer
E (22695) opencores.emac: no mem for receive buffer
E (22695) opencores.emac: no mem for receive buffer
E (22695) opencores.emac: no mem for receive buffer
E (22695) opencores.emac: no mem for receive buffer
E (22695) opencores.emac: no mem for receive buffer
E (22695) opencores.emac: no mem for receive buffer
E (22695) opencores.emac: no mem for receive buffer
E (22695) opencores.emac: no mem for receive buffer
E (22695) opencores.emac: no mem for receive buffer
E (22695) opencores.emac: no mem for receive buffer
E (22695) opencores.emac: no mem for receive buffer
E (22695) opencores.emac: no mem for receive buffer
E (22695) opencores.emac: no mem for receive buffer
E (22695) opencores.emac: no mem for receive buffer
E (22695) opencores.emac: no mem for receive buffer
E (22695) opencores.emac: no mem for receive buffer
E (22695) opencores.emac: no mem for receive buffer
E (22695) opencores.emac: no mem for receive buffer
E (22695) opencores.emac: no mem for receive buffer
E (22695) opencores.emac: no mem for receive buffer
E (22695) opencores.emac: no mem for receive buffer
E (22695) opencores.emac: no mem for receive buffer
E (22695) opencores.emac: no mem for receive buffer
E (22695) opencores.emac: no mem for receive buffer
E (22695) opencores.emac: no mem for receive buffer
E (22695) opencores.emac: no mem for receive buffer
E (22695) opencores.emac: no mem for receive buffer
E (22695) opencores.emac: no mem for receive buffer
E (22695) opencores.emac: no mem for receive buffer
E (22695) opencores.emac: no mem for receive buffer
E (22695) opencores.emac: no mem for receive buffer
E (22695) opencores.emac: no mem for receive buffer
E (22695) opencores.emac: no mem for receive buffer
E (22695) opencores.emac: no mem for receive buffer
E (22695) opencores.emac: no mem for receive buffer
E (22695) opencores.emac: no mem for receive buffer
E (22695) opencores.emac: no mem for receive buffer
E (22695) opencores.emac: no mem for receive buffer
E (22695) opencores.emac: no mem for receive buffer
E (22695) opencores.emac: no mem for receive buffer
E (22695) opencores.emac: no mem for receive buffer
E (22695) opencores.emac: no mem for receive buffer
E (22695) opencores.emac: no mem for receive buffer
E (22695) opencores.emac: no mem for receive buffer
E (22695) opencores.emac: no mem for receive buffer
E (22695) opencores.emac: no mem for receive buffer
E (22695) opencores.emac: no mem for receive buffer
E (22695) opencores.emac: no mem for receive buffer
E (22695) opencores.emac: no mem for receive buffer
E (22695) opencores.emac: no mem for receive buffer
E (22695) opencores.emac: no mem for receive buffer
E (22695) opencores.emac: no mem for receive buffer
E (22695) opencores.emac: no mem for receive buffer
E (22695) opencores.emac: no mem for receive buffer
E (22695) opencores.emac: no mem for receive buffer
E (22695) opencores.emac: no mem for receive buffer
E (22695) opencores.emac: no mem for receive buffer
E (22695) opencores.emac: no mem for receive buffer
E (22695) opencores.emac: no mem for receive buffer
E (22695) opencores.emac: no mem for receive buffer
E (22695) opencores.emac: no mem for receive buffer
E (22695) opencores.emac: no mem for receive buffer
E (22695) opencores.emac: no mem for receive buffer
E (22695) opencores.emac: no mem for receive buffer
E (22695) opencores.emac: no mem for receive buffer
E (22695) opencores.emac: no mem for receive buffer
E (22695) opencores.emac: no mem for receive buffer
E (22695) opencores.emac: no mem for receive buffer
E (22695) opencores.emac: no mem for receive buffer
E (22695) opencores.emac: no mem for receive buffer
E (22695) opencores.emac: no mem for receive buffer
E (22695) opencores.emac: no mem for receive buffer
E (22695) opencores.emac: no mem for receive buffer
E (22695) opencores.emac: no mem for receive buffer
E (22695) opencores.emac: no mem for receive buffer
E (22695) opencores.emac: no mem for receive buffer
E (22695) opencores.emac: no mem for receive buffer
E (22695) opencores.emac: no mem for receive buffer
E (22695) opencores.emac: no mem for receive buffer
E (22695) opencores.emac: no mem for receive buffer
E (22695) opencores.emac: no mem for receive buffer
E (22695) opencores.emac: no mem for receive buffer
E (22705) opencores.emac: no mem for receive buffer
E (22705) opencores.emac: no mem for receive buffer
E (22705) opencores.emac: no mem for receive buffer
E (22705) opencores.emac: no mem for receive buffer
E (22705) opencores.emac: no mem for receive buffer
E (22705) opencores.emac: no mem for receive buffer
E (22705) opencores.emac: no mem for receive buffer
E (22705) opencores.emac: no mem for receive buffer
E (22705) opencores.emac: no mem for receive buffer
E (22705) opencores.emac: no mem for receive buffer
E (22705) opencores.emac: no mem for receive buffer
E (22705) opencores.emac: no mem for receive buffer
E (22705) opencores.emac: no mem for receive buffer
E (22705) opencores.emac: no mem for receive buffer
E (22705) opencores.emac: no mem for receive buffer
E (22705) opencores.emac: no mem for receive buffer
E (22705) opencores.emac: no mem for receive buffer
E (22705) opencores.emac: no mem for receive buffer
E (22705) opencores.emac: no mem for receive buffer
E (22705) opencores.emac: no mem for receive buffer
E (22705) opencores.emac: no mem for receive buffer
E (22705) opencores.emac: no mem for receive buffer
E (22705) opencores.emac: no mem for receive buffer
E (22705) opencores.emac: no mem for receive buffer
E (22705) opencores.emac: no mem for receive buffer
E (22705) opencores.emac: no mem for receive buffer
E (22705) opencores.emac: no mem for receive buffer
E (22705) opencores.emac: no mem for receive buffer
E (22705) opencores.emac: no mem for receive buffer
E (22705) opencores.emac: no mem for receive buffer
E (22705) opencores.emac: no mem for receive buffer
E (22705) opencores.emac: no mem for receive buffer
E (22705) opencores.emac: no mem for receive buffer
E (22705) opencores.emac: no mem for receive buffer
E (22705) opencores.emac: no mem for receive buffer
E (22705) opencores.emac: no mem for receive buffer
E (22705) opencores.emac: no mem for receive buffer
E (22705) opencores.emac: no mem for receive buffer
E (22705) opencores.emac: no mem for receive buffer
E (22705) opencores.emac: no mem for receive buffer
E (22705) opencores.emac: no mem for receive buffer
E (22705) opencores.emac: no mem for receive buffer
E (22705) opencores.emac: no mem for receive buffer
E (22705) opencores.emac: no mem for receive buffer
E (22705) opencores.emac: no mem for receive buffer
E (22705) opencores.emac: no mem for receive buffer
E (22705) opencores.emac: no mem for receive buffer
E (22705) opencores.emac: no mem for receive buffer
E (22705) opencores.emac: no mem for receive buffer
E (22705) opencores.emac: no mem for receive buffer
E (22705) opencores.emac: no mem for receive buffer
E (22705) opencores.emac: no mem for receive buffer
E (22705) opencores.emac: no mem for receive buffer
E (22705) opencores.emac: no mem for receive buffer
E (22705) opencores.emac: no mem for receive buffer
E (22705) opencores.emac: no mem for receive buffer
E (22705) opencores.emac: no mem for receive buffer
E (22705) opencores.emac: no mem for receive buffer
E (22705) opencores.emac: no mem for receive buffer
E (22705) opencores.emac: no mem for receive buffer
E (22705) opencores.emac: no mem for receive buffer
E (22705) opencores.emac: no mem for receive buffer
E (22705) opencores.emac: no mem for receive buffer
E (22705) opencores.emac: no mem for receive buffer
E (22705) opencores.emac: no mem for receive buffer
E (22705) opencores.emac: no mem for receive buffer
E (22705) opencores.emac: no mem for receive buffer
E (22705) opencores.emac: no mem for receive buffer
E (22705) opencores.emac: no mem for receive buffer
E (22705) opencores.emac: no mem for receive buffer
E (22705) opencores.emac: no mem for receive buffer
E (22705) opencores.emac: no mem for receive buffer
E (22705) opencores.emac: no mem for receive buffer
E (22705) opencores.emac: no mem for receive buffer
E (22705) opencores.emac: no mem for receive buffer
E (22705) opencores.emac: no mem for receive buffer
E (22705) opencores.emac: no mem for receive buffer
E (22705) opencores.emac: no mem for receive buffer
E (22705) opencores.emac: no mem for receive buffer
E (22705) opencores.emac: no mem for receive buffer
E (22705) opencores.emac: no mem for receive buffer
E (22705) opencores.emac: no mem for receive buffer
E (22705) opencores.emac: no mem for receive buffer
E (22705) opencores.emac: no mem for receive buffer
E (22705) opencores.emac: no mem for receive buffer
E (22705) opencores.emac: no mem for receive buffer
E (22705) opencores.emac: no mem for receive buffer
E (22705) opencores.emac: no mem for receive buffer
E (22705) opencores.emac: no mem for receive buffer
E (22705) opencores.emac: no mem for receive buffer
E (22705) opencores.emac: no mem for receive buffer
E (22705) opencores.emac: no mem for receive buffer
E (22705) opencores.emac: no mem for receive buffer
E (22705) opencores.emac: no mem for receive buffer
E (22705) opencores.emac: no mem for receive buffer
E (22705) opencores.emac: no mem for receive buffer
E (22705) opencores.emac: no mem for receive buffer
E (22705) opencores.emac: no mem for receive buffer
E (22705) opencores.emac: no mem for receive buffer
E (22705) opencores.emac: no mem for receive buffer
E (22705) opencores.emac: no mem for receive buffer
E (22705) opencores.emac: no mem for receive buffer
E (22705) opencores.emac: no mem for receive buffer
E (22705) opencores.emac: no mem for receive buffer
E (22705) opencores.emac: no mem for receive buffer
E (22705) opencores.emac: no mem for receive buffer
E (22705) opencores.emac: no mem for receive buffer
E (22705) opencores.emac: no mem for receive buffer
E (22705) opencores.emac: no mem for receive buffer
E (22705) opencores.emac: no mem for receive buffer
E (22705) opencores.emac: no mem for receive buffer
E (22705) opencores.emac: no mem for receive buffer
E (22705) opencores.emac: no mem for receive buffer
E (22705) opencores.emac: no mem for receive buffer
E (22705) opencores.emac: no mem for receive buffer
E (22705) opencores.emac: no mem for receive buffer
E (22705) opencores.emac: no mem for receive buffer
E (22705) opencores.emac: no mem for receive buffer
E (22705) opencores.emac: no mem for receive buffer
E (22705) opencores.emac: no mem for receive buffer
E (22705) opencores.emac: no mem for receive buffer
E (22705) opencores.emac: no mem for receive buffer
E (22705) opencores.emac: no mem for receive buffer
E (22705) opencores.emac: no mem for receive buffer
E (22705) opencores.emac: no mem for receive buffer
E (22705) opencores.emac: no mem for receive buffer
E (22705) opencores.emac: no mem for receive buffer
E (22705) opencores.emac: no mem for receive buffer
E (22705) opencores.emac: no mem for receive buffer
E (22705) opencores.emac: no mem for receive buffer
E (22705) opencores.emac: no mem for receive buffer
E (22705) opencores.emac: no mem for receive buffer
E (22705) opencores.emac: no mem for receive buffer
E (22705) opencores.emac: no mem for receive buffer
E (22705) opencores.emac: no mem for receive buffer
E (22705) opencores.emac: no mem for receive buffer
E (22705) opencores.emac: no mem for receive buffer
E (22705) opencores.emac: no mem for receive buffer
E (22705) opencores.emac: no mem for receive buffer
E (22705) opencores.emac: no mem for receive buffer
E (22705) opencores.emac: no mem for receive buffer
E (22705) opencores.emac: no mem for receive buffer
E (22705) opencores.emac: no mem for receive buffer
E (22705) opencores.emac: no mem for receive buffer
E (22715) opencores.emac: no mem for receive buffer
E (22715) opencores.emac: no mem for receive buffer
E (22715) opencores.emac: no mem for receive buffer
E (22715) opencores.emac: no mem for receive buffer
E (22715) opencores.emac: no mem for receive buffer
E (22715) opencores.emac: no mem for receive buffer
E (22715) opencores.emac: no mem for receive buffer
E (22715) opencores.emac: no mem for receive buffer
E (22715) opencores.emac: no mem for receive buffer
E (22715) opencores.emac: no mem for receive buffer
E (22715) opencores.emac: no mem for receive buffer
E (22715) opencores.emac: no mem for receive buffer
E (22715) opencores.emac: no mem for receive buffer
E (22715) opencores.emac: no mem for receive buffer
E (22715) opencores.emac: no mem for receive buffer
E (22715) opencores.emac: no mem for receive buffer
E (22715) opencores.emac: no mem for receive buffer
E (22715) opencores.emac: no mem for receive buffer
E (22715) opencores.emac: no mem for receive buffer
E (22715) opencores.emac: no mem for receive buffer
E (22715) opencores.emac: no mem for receive buffer
E (22715) opencores.emac: no mem for receive buffer
E (22715) opencores.emac: no mem for receive buffer
E (22715) opencores.emac: no mem for receive buffer
E (22715) opencores.emac: no mem for receive buffer
E (22715) opencores.emac: no mem for receive buffer
E (22715) opencores.emac: no mem for receive buffer
E (22715) opencores.emac: no mem for receive buffer
E (22715) opencores.emac: no mem for receive buffer
E (22715) opencores.emac: no mem for receive buffer
E (22715) opencores.emac: no mem for receive buffer
E (22715) opencores.emac: no mem for receive buffer
E (22715) opencores.emac: no mem for receive buffer
E (22715) opencores.emac: no mem for receive buffer
E (22715) opencores.emac: no mem for receive buffer
E (22715) opencores.emac: no mem for receive buffer
E (22715) opencores.emac: no mem for receive buffer
E (22715) opencores.emac: no mem for receive buffer
E (22715) opencores.emac: no mem for receive buffer
E (22715) opencores.emac: no mem for receive buffer
E (22715) opencores.emac: no mem for receive buffer
E (22715) opencores.emac: no mem for receive buffer
E (22715) opencores.emac: no mem for receive buffer
E (22715) opencores.emac: no mem for receive buffer
E (22715) opencores.emac: no mem for receive buffer
E (22715) opencores.emac: no mem for receive buffer
E (22715) opencores.emac: no mem for receive buffer
E (22715) opencores.emac: no mem for receive buffer
E (22715) opencores.emac: no mem for receive buffer
E (22715) opencores.emac: no mem for receive buffer
E (22715) opencores.emac: no mem for receive buffer
E (22715) opencores.emac: no mem for receive buffer
E (22715) opencores.emac: no mem for receive buffer
E (22715) opencores.emac: no mem for receive buffer
E (22715) opencores.emac: no mem for receive buffer
E (22715) opencores.emac: no mem for receive buffer
E (22715) opencores.emac: no mem for receive buffer
E (22715) opencores.emac: no mem for receive buffer
E (22715) opencores.emac: no mem for receive buffer
E (22715) opencores.emac: no mem for receive buffer
E (22715) opencores.emac: no mem for receive buffer
E (22715) opencores.emac: no mem for receive buffer
E (22715) opencores.emac: no mem for receive buffer
E (22715) opencores.emac: no mem for receive buffer
E (22715) opencores.emac: no mem for receive buffer
E (22715) opencores.emac: no mem for receive buffer
E (22715) opencores.emac: no mem for receive buffer
E (22715) opencores.emac: no mem for receive buffer
E (22715) opencores.emac: no mem for receive buffer
E (22715) opencores.emac: no mem for receive buffer
E (22715) opencores.emac: no mem for receive buffer
E (22715) opencores.emac: no mem for receive buffer
E (22715) opencores.emac: no mem for receive buffer
E (22715) opencores.emac: no mem for receive buffer
E (22715) opencores.emac: no mem for receive buffer
E (22715) opencores.emac: no mem for receive buffer
E (22715) opencores.emac: no mem for receive buffer
E (22715) opencores.emac: no mem for receive buffer
E (22715) opencores.emac: no mem for receive buffer
E (22715) opencores.emac: no mem for receive buffer
E (22715) opencores.emac: no mem for receive buffer
E (22715) opencores.emac: no mem for receive buffer
E (22715) opencores.emac: no mem for receive buffer
E (22715) opencores.emac: no mem for receive buffer
E (22715) opencores.emac: no mem for receive buffer
E (22715) opencores.emac: no mem for receive buffer
E (22715) opencores.emac: no mem for receive buffer
E (22715) opencores.emac: no mem for receive buffer
E (22715) opencores.emac: no mem for receive buffer
E (22715) opencores.emac: no mem for receive buffer
E (22715) opencores.emac: no mem for receive buffer
E (22715) opencores.emac: no mem for receive buffer
E (22715) opencores.emac: no mem for receive buffer
E (22715) opencores.emac: no mem for receive buffer
E (22715) opencores.emac: no mem for receive buffer
E (22715) opencores.emac: no mem for receive buffer
E (22715) opencores.emac: no mem for receive buffer
E (22715) opencores.emac: no mem for receive buffer
E (22715) opencores.emac: no mem for receive buffer
E (22715) opencores.emac: no mem for receive buffer
E (22715) opencores.emac: no mem for receive buffer
E (22715) opencores.emac: no mem for receive buffer
E (22715) opencores.emac: no mem for receive buffer
E (22715) opencores.emac: no mem for receive buffer
E (22715) opencores.emac: no mem for receive buffer
E (22715) opencores.emac: no mem for receive buffer
E (22715) opencores.emac: no mem for receive buffer
E (22715) opencores.emac: no mem for receive buffer
E (22715) opencores.emac: no mem for receive buffer
E (22715) opencores.emac: no mem for receive buffer
E (22715) opencores.emac: no mem for receive buffer
E (22715) opencores.emac: no mem for receive buffer
E (22715) opencores.emac: no mem for receive buffer
E (22715) opencores.emac: no mem for receive buffer
E (22715) opencores.emac: no mem for receive buffer
E (22715) opencores.emac: no mem for receive buffer
E (22715) opencores.emac: no mem for receive buffer
E (22715) opencores.emac: no mem for receive buffer
E (22715) opencores.emac: no mem for receive buffer
E (22715) opencores.emac: no mem for receive buffer
E (22715) opencores.emac: no mem for receive buffer
E (22715) opencores.emac: no mem for receive buffer
E (22715) opencores.emac: no mem for receive buffer
E (22715) opencores.emac: no mem for receive buffer
E (22715) opencores.emac: no mem for receive buffer
E (22715) opencores.emac: no mem for receive buffer
E (22715) opencores.emac: no mem for receive buffer
E (22715) opencores.emac: no mem for receive buffer
E (22715) opencores.emac: no mem for receive buffer
E (22715) opencores.emac: no mem for receive buffer
E (22715) opencores.emac: no mem for receive buffer
E (22715) opencores.emac: no mem for receive buffer
E (22715) opencores.emac: no mem for receive buffer
E (22715) opencores.emac: no mem for receive buffer
E (22715) opencores.emac: no mem for receive buffer
E (22715) opencores.emac: no mem for receive buffer
E (22715) opencores.emac: no mem for receive buffer
E (22715) opencores.emac: no mem for receive buffer
E (22715) opencores.emac: no mem for receive buffer
E (22715) opencores.emac: no mem for receive buffer
E (22715) opencores.emac: no mem for receive buffer
E (22715) opencores.emac: no mem for receive buffer
E (22715) opencores.emac: no mem for receive buffer
E (22715) opencores.emac: no mem for receive buffer
E (22725) opencores.emac: no mem for receive buffer
E (22725) opencores.emac: no mem for receive buffer
E (22725) opencores.emac: no mem for receive buffer
E (22725) opencores.emac: no mem for receive buffer
E (22725) opencores.emac: no mem for receive buffer
E (22725) opencores.emac: no mem for receive buffer
E (22725) opencores.emac: no mem for receive buffer
E (22725) opencores.emac: no mem for receive buffer
E (22725) opencores.emac: no mem for receive buffer
E (22725) opencores.emac: no mem for receive buffer
E (22725) opencores.emac: no mem for receive buffer
E (22725) opencores.emac: no mem for receive buffer
E (22725) opencores.emac: no mem for receive buffer
E (22725) opencores.emac: no mem for receive buffer
E (22725) opencores.emac: no mem for receive buffer
E (22725) opencores.emac: no mem for receive buffer
E (22725) opencores.emac: no mem for receive buffer
E (22725) opencores.emac: no mem for receive buffer
E (22725) opencores.emac: no mem for receive buffer
E (22725) opencores.emac: no mem for receive buffer
E (22725) opencores.emac: no mem for receive buffer
E (22725) opencores.emac: no mem for receive buffer
E (22725) opencores.emac: no mem for receive buffer
E (22725) opencores.emac: no mem for receive buffer
E (22725) opencores.emac: no mem for receive buffer
E (22725) opencores.emac: no mem for receive buffer
E (22725) opencores.emac: no mem for receive buffer
E (22725) opencores.emac: no mem for receive buffer
E (22725) opencores.emac: no mem for receive buffer
E (22725) opencores.emac: no mem for receive buffer
E (22725) opencores.emac: no mem for receive buffer
E (22725) opencores.emac: no mem for receive buffer
E (22725) opencores.emac: no mem for receive buffer
E (22725) opencores.emac: no mem for receive buffer
E (22725) opencores.emac: no mem for receive buffer
E (22725) opencores.emac: no mem for receive buffer
E (22725) opencores.emac: no mem for receive buffer
E (22725) opencores.emac: no mem for receive buffer
E (22725) opencores.emac: no mem for receive buffer
E (22725) opencores.emac: no mem for receive buffer
E (22725) opencores.emac: no mem for receive buffer
E (22725) opencores.emac: no mem for receive buffer
E (22725) opencores.emac: no mem for receive buffer
E (22725) opencores.emac: no mem for receive buffer
E (22725) opencores.emac: no mem for receive buffer
E (22725) opencores.emac: no mem for receive buffer
E (22725) opencores.emac: no mem for receive buffer
E (22725) opencores.emac: no mem for receive buffer
E (22725) opencores.emac: no mem for receive buffer
E (22725) opencores.emac: no mem for receive buffer
E (22725) opencores.emac: no mem for receive buffer
E (22725) opencores.emac: no mem for receive buffer
E (22725) opencores.emac: no mem for receive buffer
E (22725) opencores.emac: no mem for receive buffer
E (22725) opencores.emac: no mem for receive buffer
E (22725) opencores.emac: no mem for receive buffer
E (22725) opencores.emac: no mem for receive buffer
E (22725) opencores.emac: no mem for receive buffer
E (22725) opencores.emac: no mem for receive buffer
E (22725) opencores.emac: no mem for receive buffer
E (22725) opencores.emac: no mem for receive buffer
E (22725) opencores.emac: no mem for receive buffer
E (22725) opencores.emac: no mem for receive buffer
E (22725) opencores.emac: no mem for receive buffer
E (22725) opencores.emac: no mem for receive buffer
E (22725) opencores.emac: no mem for receive buffer
E (22725) opencores.emac: no mem for receive buffer
E (22725) opencores.emac: no mem for receive buffer
E (22725) opencores.emac: no mem for receive buffer
E (22725) opencores.emac: no mem for receive buffer
E (22725) opencores.emac: no mem for receive buffer
E (22725) opencores.emac: no mem for receive buffer
E (22725) opencores.emac: no mem for receive buffer
E (22725) opencores.emac: no mem for receive buffer
E (22725) opencores.emac: no mem for receive buffer
E (22725) opencores.emac: no mem for receive buffer
E (22725) opencores.emac: no mem for receive buffer
E (22725) opencores.emac: no mem for receive buffer
E (22725) opencores.emac: no mem for receive buffer
E (22725) opencores.emac: no mem for receive buffer
E (22725) opencores.emac: no mem for receive buffer
E (22725) opencores.emac: no mem for receive buffer
E (22725) opencores.emac: no mem for receive buffer
E (22725) opencores.emac: no mem for receive buffer
E (22725) opencores.emac: no mem for receive buffer
E (22725) opencores.emac: no mem for receive buffer
E (22725) opencores.emac: no mem for receive buffer
E (22725) opencores.emac: no mem for receive buffer
E (22725) opencores.emac: no mem for receive buffer
E (22725) opencores.emac: no mem for receive buffer
E (22725) opencores.emac: no mem for receive buffer
E (22725) opencores.emac: no mem for receive buffer
E (22725) opencores.emac: no mem for receive buffer
E (22725) opencores.emac: no mem for receive buffer
E (22725) opencores.emac: no mem for receive buffer
E (22725) opencores.emac: no mem for receive buffer
E (22725) opencores.emac: no mem for receive buffer
E (22725) opencores.emac: no mem for receive buffer
E (22725) opencores.emac: no mem for receive buffer
E (22725) opencores.emac: no mem for receive buffer
E (22725) opencores.emac: no mem for receive buffer
E (22725) opencores.emac: no mem for receive buffer
E (22725) opencores.emac: no mem for receive buffer
E (22725) opencores.emac: no mem for receive buffer
E (22725) opencores.emac: no mem for receive buffer
E (22725) opencores.emac: no mem for receive buffer
E (22725) opencores.emac: no mem for receive buffer
E (22725) opencores.emac: no mem for receive buffer
E (22725) opencores.emac: no mem for receive buffer
E (22725) opencores.emac: no mem for receive buffer
E (22725) opencores.emac: no mem for receive buffer
E (22725) opencores.emac: no mem for receive buffer
E (22725) opencores.emac: no mem for receive buffer
E (22725) opencores.emac: no mem for receive buffer
E (22725) opencores.emac: no mem for receive buffer
E (22725) opencores.emac: no mem for receive buffer
E (22725) opencores.emac: no mem for receive buffer
E (22725) opencores.emac: no mem for receive buffer
E (22725) opencores.emac: no mem for receive buffer
E (22725) opencores.emac: no mem for receive buffer
E (22725) opencores.emac: no mem for receive buffer
E (22725) opencores.emac: no mem for receive buffer
E (22725) opencores.emac: no mem for receive buffer
E (22725) opencores.emac: no mem for receive buffer
E (22725) opencores.emac: no mem for receive buffer
E (22725) opencores.emac: no mem for receive buffer
E (22725) opencores.emac: no mem for receive buffer
E (22725) opencores.emac: no mem for receive buffer
E (22725) opencores.emac: no mem for receive buffer
E (22725) opencores.emac: no mem for receive buffer
E (22725) opencores.emac: no mem for receive buffer
E (22725) opencores.emac: no mem for receive buffer
E (22725) opencores.emac: no mem for receive buffer
E (22725) opencores.emac: no mem for receive buffer
E (22725) opencores.emac: no mem for receive buffer
E (22725) opencores.emac: no mem for receive buffer
E (22725) opencores.emac: no mem for receive buffer
E (22725) opencores.emac: no mem for receive buffer
E (22725) opencores.emac: no mem for receive buffer
E (22725) opencores.emac: no mem for receive buffer
E (22725) opencores.emac: no mem for receive buffer
E (22725) opencores.emac: no mem for receive buffer
E (22725) opencores.emac: no mem for receive buffer
E (22725) opencores.emac: no mem for receive buffer
E (22725) opencores.emac: no mem for receive buffer
E (22725) opencores.emac: no mem for receive buffer
E (22735) opencores.emac: no mem for receive buffer
E (22735) opencores.emac: no mem for receive buffer
E (22735) opencores.emac: no mem for receive buffer
E (22735) opencores.emac: no mem for receive buffer
E (22735) opencores.emac: no mem for receive buffer
E (22735) opencores.emac: no mem for receive buffer
E (22735) opencores.emac: no mem for receive buffer
E (22735) opencores.emac: no mem for receive buffer
E (22735) opencores.emac: no mem for receive buffer
E (22735) opencores.emac: no mem for receive buffer
E (22735) opencores.emac: no mem for receive buffer
E (22735) opencores.emac: no mem for receive buffer
E (22735) opencores.emac: no mem for receive buffer
E (22735) opencores.emac: no mem for receive buffer
E (22735) opencores.emac: no mem for receive buffer
E (22735) opencores.emac: no mem for receive buffer
E (22735) opencores.emac: no mem for receive buffer
E (22735) opencores.emac: no mem for receive buffer
E (22735) opencores.emac: no mem for receive buffer
E (22735) opencores.emac: no mem for receive buffer
E (22735) opencores.emac: no mem for receive buffer
E (22735) opencores.emac: no mem for receive buffer
E (22735) opencores.emac: no mem for receive buffer
E (22735) opencores.emac: no mem for receive buffer
E (22735) opencores.emac: no mem for receive buffer
E (22735) opencores.emac: no mem for receive buffer
E (22735) opencores.emac: no mem for receive buffer
E (22735) opencores.emac: no mem for receive buffer
E (22735) opencores.emac: no mem for receive buffer
E (22735) opencores.emac: no mem for receive buffer
E (22735) opencores.emac: no mem for receive buffer
E (22735) opencores.emac: no mem for receive buffer
E (22735) opencores.emac: no mem for receive buffer
E (22735) opencores.emac: no mem for receive buffer
E (22735) opencores.emac: no mem for receive buffer
E (22735) opencores.emac: no mem for receive buffer
E (22735) opencores.emac: no mem for receive buffer
E (22735) opencores.emac: no mem for receive buffer
E (22735) opencores.emac: no mem for receive buffer
E (22735) opencores.emac: no mem for receive buffer
E (22735) opencores.emac: no mem for receive buffer
E (22735) opencores.emac: no mem for receive buffer
E (22735) opencores.emac: no mem for receive buffer
E (22735) opencores.emac: no mem for receive buffer
E (22735) opencores.emac: no mem for receive buffer
E (22735) opencores.emac: no mem for receive buffer
E (22735) opencores.emac: no mem for receive buffer
E (22735) opencores.emac: no mem for receive buffer
E (22735) opencores.emac: no mem for receive buffer
E (22735) opencores.emac: no mem for receive buffer
E (22735) opencores.emac: no mem for receive buffer
E (22735) opencores.emac: no mem for receive buffer
E (22735) opencores.emac: no mem for receive buffer
E (22735) opencores.emac: no mem for receive buffer
E (22735) opencores.emac: no mem for receive buffer
E (22735) opencores.emac: no mem for receive buffer
E (22735) opencores.emac: no mem for receive buffer
E (22735) opencores.emac: no mem for receive buffer
E (22735) opencores.emac: no mem for receive buffer
E (22735) opencores.emac: no mem for receive buffer
E (22735) opencores.emac: no mem for receive buffer
E (22735) opencores.emac: no mem for receive buffer
E (22735) opencores.emac: no mem for receive buffer
E (22735) opencores.emac: no mem for receive buffer
E (22735) opencores.emac: no mem for receive buffer
E (22735) opencores.emac: no mem for receive buffer
E (22735) opencores.emac: no mem for receive buffer
E (22735) opencores.emac: no mem for receive buffer
E (22735) opencores.emac: no mem for receive buffer
E (22735) opencores.emac: no mem for receive buffer
E (22735) opencores.emac: no mem for receive buffer
E (22735) opencores.emac: no mem for receive buffer
E (22735) opencores.emac: no mem for receive buffer
E (22735) opencores.emac: no mem for receive buffer
E (22735) opencores.emac: no mem for receive buffer
E (22735) opencores.emac: no mem for receive buffer
E (22735) opencores.emac: no mem for receive buffer
E (22735) opencores.emac: no mem for receive buffer
E (22735) opencores.emac: no mem for receive buffer
E (22735) opencores.emac: no mem for receive buffer
E (22735) opencores.emac: no mem for receive buffer
E (22735) opencores.emac: no mem for receive buffer
E (22735) opencores.emac: no mem for receive buffer
E (22735) opencores.emac: no mem for receive buffer
E (22735) opencores.emac: no mem for receive buffer
E (22735) opencores.emac: no mem for receive buffer
E (22735) opencores.emac: no mem for receive buffer
E (22735) opencores.emac: no mem for receive buffer
E (22735) opencores.emac: no mem for receive buffer
E (22735) opencores.emac: no mem for receive buffer
E (22735) opencores.emac: no mem for receive buffer
E (22735) opencores.emac: no mem for receive buffer
E (22735) opencores.emac: no mem for receive buffer
E (22735) opencores.emac: no mem for receive buffer
E (22735) opencores.emac: no mem for receive buffer
E (22735) opencores.emac: no mem for receive buffer
E (22735) opencores.emac: no mem for receive buffer
E (22735) opencores.emac: no mem for receive buffer
E (22735) opencores.emac: no mem for receive buffer
E (22735) opencores.emac: no mem for receive buffer
E (22735) opencores.emac: no mem for receive buffer
E (22735) opencores.emac: no mem for receive buffer
E (22735) opencores.emac: no mem for receive buffer
E (22735) opencores.emac: no mem for receive buffer
E (22735) opencores.emac: no mem for receive buffer
E (22735) opencores.emac: no mem for receive buffer
E (22735) opencores.emac: no mem for receive buffer
E (22735) opencores.emac: no mem for receive buffer
E (22735) opencores.emac: no mem for receive buffer
E (22735) opencores.emac: no mem for receive buffer
E (22735) opencores.emac: no mem for receive buffer
E (22735) opencores.emac: no mem for receive buffer
E (22735) opencores.emac: no mem for receive buffer
E (22735) opencores.emac: no mem for receive buffer
E (22735) opencores.emac: no mem for receive buffer
E (22735) opencores.emac: no mem for receive buffer
E (22735) opencores.emac: no mem for receive buffer
E (22735) opencores.emac: no mem for receive buffer
E (22735) opencores.emac: no mem for receive buffer
E (22735) opencores.emac: no mem for receive buffer
E (22735) opencores.emac: no mem for receive buffer
E (22735) opencores.emac: no mem for receive buffer
E (22735) opencores.emac: no mem for receive buffer
E (22735) opencores.emac: no mem for receive buffer
E (22735) opencores.emac: no mem for receive buffer
E (22735) opencores.emac: no mem for receive buffer
E (22735) opencores.emac: no mem for receive buffer
E (22735) opencores.emac: no mem for receive buffer
E (22735) opencores.emac: no mem for receive buffer
E (22735) opencores.emac: no mem for receive buffer
E (22735) opencores.emac: no mem for receive buffer
E (22735) opencores.emac: no mem for receive buffer
E (22735) opencores.emac: no mem for receive buffer
E (22735) opencores.emac: no mem for receive buffer
E (22735) opencores.emac: no mem for receive buffer
E (22735) opencores.emac: no mem for receive buffer
E (22735) opencores.emac: no mem for receive buffer
E (22735) opencores.emac: no mem for receive buffer
E (22735) opencores.emac: no mem for receive buffer
E (22735) opencores.emac: no mem for receive buffer
E (22735) opencores.emac: no mem for receive buffer
E (22735) opencores.emac: no mem for receive buffer
E (22735) opencores.emac: no mem for receive buffer
E (22735) opencores.emac: no mem for receive buffer
E (22735) opencores.emac: no mem for receive buffer
E (22745) opencores.emac: no mem for receive buffer
E (22745) opencores.emac: no mem for receive buffer
E (22745) opencores.emac: no mem for receive buffer
E (22745) opencores.emac: no mem for receive buffer
E (22745) opencores.emac: no mem for receive buffer
E (22745) opencores.emac: no mem for receive buffer
E (22745) opencores.emac: no mem for receive buffer
E (22745) opencores.emac: no mem for receive buffer
E (22745) opencores.emac: no mem for receive buffer
E (22745) opencores.emac: no mem for receive buffer
E (22745) opencores.emac: no mem for receive buffer
E (22745) opencores.emac: no mem for receive buffer
E (22745) opencores.emac: no mem for receive buffer
E (22745) opencores.emac: no mem for receive buffer
E (22745) opencores.emac: no mem for receive buffer
E (22745) opencores.emac: no mem for receive buffer
E (22745) opencores.emac: no mem for receive buffer
E (22745) opencores.emac: no mem for receive buffer
E (22745) opencores.emac: no mem for receive buffer
E (22745) opencores.emac: no mem for receive buffer
E (22745) opencores.emac: no mem for receive buffer
E (22745) opencores.emac: no mem for receive buffer
E (22745) opencores.emac: no mem for receive buffer
E (22745) opencores.emac: no mem for receive buffer
E (22745) opencores.emac: no mem for receive buffer
E (22745) opencores.emac: no mem for receive buffer
E (22745) opencores.emac: no mem for receive buffer
E (22745) opencores.emac: no mem for receive buffer
E (22745) opencores.emac: no mem for receive buffer
E (22745) opencores.emac: no mem for receive buffer
E (22745) opencores.emac: no mem for receive buffer
E (22745) opencores.emac: no mem for receive buffer
E (22745) opencores.emac: no mem for receive buffer
E (22745) opencores.emac: no mem for receive buffer
E (22745) opencores.emac: no mem for receive buffer
E (22745) opencores.emac: no mem for receive buffer
E (22745) opencores.emac: no mem for receive buffer
E (22745) opencores.emac: no mem for receive buffer
E (22745) opencores.emac: no mem for receive buffer
E (22745) opencores.emac: no mem for receive buffer
E (22745) opencores.emac: no mem for receive buffer
E (22745) opencores.emac: no mem for receive buffer
E (22745) opencores.emac: no mem for receive buffer
E (22745) opencores.emac: no mem for receive buffer
E (22745) opencores.emac: no mem for receive buffer
E (22745) opencores.emac: no mem for receive buffer
E (22745) opencores.emac: no mem for receive buffer
E (22745) opencores.emac: no mem for receive buffer
E (22745) opencores.emac: no mem for receive buffer
E (22745) opencores.emac: no mem for receive buffer
E (22745) opencores.emac: no mem for receive buffer
E (22745) opencores.emac: no mem for receive buffer
E (22745) opencores.emac: no mem for receive buffer
E (22745) opencores.emac: no mem for receive buffer
E (22745) opencores.emac: no mem for receive buffer
E (22745) opencores.emac: no mem for receive buffer
E (22745) opencores.emac: no mem for receive buffer
E (22745) opencores.emac: no mem for receive buffer
E (22745) opencores.emac: no mem for receive buffer
E (22745) opencores.emac: no mem for receive buffer
E (22745) opencores.emac: no mem for receive buffer
E (22745) opencores.emac: no mem for receive buffer
E (22745) opencores.emac: no mem for receive buffer
E (22745) opencores.emac: no mem for receive buffer
E (22745) opencores.emac: no mem for receive buffer
E (22745) opencores.emac: no mem for receive buffer
E (22745) opencores.emac: no mem for receive buffer
E (22745) opencores.emac: no mem for receive buffer
E (22745) opencores.emac: no mem for receive buffer
E (22745) opencores.emac: no mem for receive buffer
E (22745) opencores.emac: no mem for receive buffer
E (22745) opencores.emac: no mem for receive buffer
E (22745) opencores.emac: no mem for receive buffer
E (22745) opencores.emac: no mem for receive buffer
E (22745) opencores.emac: no mem for receive buffer
E (22745) opencores.emac: no mem for receive buffer
E (22745) opencores.emac: no mem for receive buffer
E (22745) opencores.emac: no mem for receive buffer
E (22745) opencores.emac: no mem for receive buffer
E (22745) opencores.emac: no mem for receive buffer
E (22745) opencores.emac: no mem for receive buffer
E (22745) opencores.emac: no mem for receive buffer
E (22745) opencores.emac: no mem for receive buffer
E (22745) opencores.emac: no mem for receive buffer
E (22745) opencores.emac: no mem for receive buffer
E (22745) opencores.emac: no mem for receive buffer
E (22745) opencores.emac: no mem for receive buffer
E (22745) opencores.emac: no mem for receive buffer
E (22745) opencores.emac: no mem for receive buffer
E (22745) opencores.emac: no mem for receive buffer
E (22745) opencores.emac: no mem for receive buffer
E (22745) opencores.emac: no mem for receive buffer
E (22745) opencores.emac: no mem for receive buffer
E (22745) opencores.emac: no mem for receive buffer
E (22745) opencores.emac: no mem for receive buffer
E (22745) opencores.emac: no mem for receive buffer
E (22745) opencores.emac: no mem for receive buffer
E (22745) opencores.emac: no mem for receive buffer
E (22745) opencores.emac: no mem for receive buffer
E (22745) opencores.emac: no mem for receive buffer
E (22745) opencores.emac: no mem for receive buffer
E (22745) opencores.emac: no mem for receive buffer
E (22745) opencores.emac: no mem for receive buffer
E (22745) opencores.emac: no mem for receive buffer
E (22745) opencores.emac: no mem for receive buffer
E (22745) opencores.emac: no mem for receive buffer
E (22745) opencores.emac: no mem for receive buffer
E (22745) opencores.emac: no mem for receive buffer
E (22745) opencores.emac: no mem for receive buffer
E (22745) opencores.emac: no mem for receive buffer
E (22745) opencores.emac: no mem for receive buffer
E (22745) opencores.emac: no mem for receive buffer
E (22745) opencores.emac: no mem for receive buffer
E (22745) opencores.emac: no mem for receive buffer
E (22745) opencores.emac: no mem for receive buffer
E (22745) opencores.emac: no mem for receive buffer
E (22745) opencores.emac: no mem for receive buffer
E (22745) opencores.emac: no mem for receive buffer
E (22745) opencores.emac: no mem for receive buffer
E (22745) opencores.emac: no mem for receive buffer
E (22745) opencores.emac: no mem for receive buffer
E (22745) opencores.emac: no mem for receive buffer
E (22745) opencores.emac: no mem for receive buffer
E (22745) opencores.emac: no mem for receive buffer
E (22745) opencores.emac: no mem for receive buffer
E (22745) opencores.emac: no mem for receive buffer
E (22745) opencores.emac: no mem for receive buffer
E (22745) opencores.emac: no mem for receive buffer
E (22745) opencores.emac: no mem for receive buffer
E (22745) opencores.emac: no mem for receive buffer
E (22745) opencores.emac: no mem for receive buffer
E (22745) opencores.emac: no mem for receive buffer
E (22745) opencores.emac: no mem for receive buffer
E (22745) opencores.emac: no mem for receive buffer
E (22745) opencores.emac: no mem for receive buffer
E (22745) opencores.emac: no mem for receive buffer
E (22745) opencores.emac: no mem for receive buffer
E (22745) opencores.emac: no mem for receive buffer
E (22745) opencores.emac: no mem for receive buffer
E (22745) opencores.emac: no mem for receive buffer
E (22745) opencores.emac: no mem for receive buffer
E (22745) opencores.emac: no mem for receive buffer
E (22745) opencores.emac: no mem for receive buffer
E (22745) opencores.emac: no mem for receive buffer
E (22745) opencores.emac: no mem for receive buffer
E (22745) opencores.emac: no mem for receive buffer
E (22745) opencores.emac: no mem for receive buffer
E (22745) opencores.emac: no mem for receive buffer
E (22745) opencores.emac: no mem for receive buffer
E (22745) opencores.emac: no mem for receive buffer
E (22745) opencores.emac: no mem for receive buffer
E (22755) opencores.emac: no mem for receive buffer
E (22755) opencores.emac: no mem for receive buffer
E (22755) opencores.emac: no mem for receive buffer
E (22755) opencores.emac: no mem for receive buffer
E (22755) opencores.emac: no mem for receive buffer
E (22755) opencores.emac: no mem for receive buffer
E (22755) opencores.emac: no mem for receive buffer
E (22755) opencores.emac: no mem for receive buffer
E (22755) opencores.emac: no mem for receive buffer
E (22755) opencores.emac: no mem for receive buffer
E (22755) opencores.emac: no mem for receive buffer
E (22755) opencores.emac: no mem for receive buffer
E (22755) opencores.emac: no mem for receive buffer
E (22755) opencores.emac: no mem for receive buffer
E (22755) opencores.emac: no mem for receive buffer
E (22755) opencores.emac: no mem for receive buffer
E (22755) opencores.emac: no mem for receive buffer
E (22755) opencores.emac: no mem for receive buffer
E (22755) opencores.emac: no mem for receive buffer
E (22755) opencores.emac: no mem for receive buffer
E (22755) opencores.emac: no mem for receive buffer
E (22755) opencores.emac: no mem for receive buffer
E (22755) opencores.emac: no mem for receive buffer
E (22755) opencores.emac: no mem for receive buffer
E (22755) opencores.emac: no mem for receive buffer
E (22755) opencores.emac: no mem for receive buffer
E (22755) opencores.emac: no mem for receive buffer
E (22755) opencores.emac: no mem for receive buffer
E (22755) opencores.emac: no mem for receive buffer
E (22755) opencores.emac: no mem for receive buffer
E (22755) opencores.emac: no mem for receive buffer
E (22755) opencores.emac: no mem for receive buffer
E (22755) opencores.emac: no mem for receive buffer
E (22755) opencores.emac: no mem for receive buffer
E (22755) opencores.emac: no mem for receive buffer
E (22755) opencores.emac: no mem for receive buffer
E (22755) opencores.emac: no mem for receive buffer
E (22755) opencores.emac: no mem for receive buffer
E (22755) opencores.emac: no mem for receive buffer
E (22755) opencores.emac: no mem for receive buffer
E (22755) opencores.emac: no mem for receive buffer
E (22755) opencores.emac: no mem for receive buffer
E (22755) opencores.emac: no mem for receive buffer
E (22755) opencores.emac: no mem for receive buffer
E (22755) opencores.emac: no mem for receive buffer
E (22755) opencores.emac: no mem for receive buffer
E (22755) opencores.emac: no mem for receive buffer
E (22755) opencores.emac: no mem for receive buffer
E (22755) opencores.emac: no mem for receive buffer
E (22755) opencores.emac: no mem for receive buffer
E (22755) opencores.emac: no mem for receive buffer
E (22755) opencores.emac: no mem for receive buffer
E (22755) opencores.emac: no mem for receive buffer
E (22755) opencores.emac: no mem for receive buffer
E (22755) opencores.emac: no mem for receive buffer
E (22755) opencores.emac: no mem for receive buffer
E (22755) opencores.emac: no mem for receive buffer
E (22755) opencores.emac: no mem for receive buffer
E (22755) opencores.emac: no mem for receive buffer
E (22755) opencores.emac: no mem for receive buffer
E (22755) opencores.emac: no mem for receive buffer
E (22755) opencores.emac: no mem for receive buffer
E (22755) opencores.emac: no mem for receive buffer
E (22755) opencores.emac: no mem for receive buffer
E (22755) opencores.emac: no mem for receive buffer
E (22755) opencores.emac: no mem for receive buffer
E (22755) opencores.emac: no mem for receive buffer
E (22755) opencores.emac: no mem for receive buffer
E (22755) opencores.emac: no mem for receive buffer
E (22755) opencores.emac: no mem for receive buffer
E (22755) opencores.emac: no mem for receive buffer
E (22755) opencores.emac: no mem for receive buffer
E (22755) opencores.emac: no mem for receive buffer
E (22755) opencores.emac: no mem for receive buffer
E (22755) opencores.emac: no mem for receive buffer
E (22755) opencores.emac: no mem for receive buffer
E (22755) opencores.emac: no mem for receive buffer
E (22755) opencores.emac: no mem for receive buffer
E (22755) opencores.emac: no mem for receive buffer
E (22755) opencores.emac: no mem for receive buffer
E (22755) opencores.emac: no mem for receive buffer
E (22755) opencores.emac: no mem for receive buffer
E (22755) opencores.emac: no mem for receive buffer
E (22755) opencores.emac: no mem for receive buffer
E (22755) opencores.emac: no mem for receive buffer
E (22755) opencores.emac: no mem for receive buffer
E (22755) opencores.emac: no mem for receive buffer
E (22755) opencores.emac: no mem for receive buffer
E (22755) opencores.emac: no mem for receive buffer
E (22755) opencores.emac: no mem for receive buffer
E (22755) opencores.emac: no mem for receive buffer
E (22755) opencores.emac: no mem for receive buffer
E (22755) opencores.emac: no mem for receive buffer
E (22755) opencores.emac: no mem for receive buffer
E (22755) opencores.emac: no mem for receive buffer
E (22755) opencores.emac: no mem for receive buffer
E (22755) opencores.emac: no mem for receive buffer
E (22755) opencores.emac: no mem for receive buffer
E (22755) opencores.emac: no mem for receive buffer
E (22755) opencores.emac: no mem for receive buffer
E (22755) opencores.emac: no mem for receive buffer
E (22755) opencores.emac: no mem for receive buffer
E (22755) opencores.emac: no mem for receive buffer
E (22755) opencores.emac: no mem for receive buffer
E (22755) opencores.emac: no mem for receive buffer
E (22755) opencores.emac: no mem for receive buffer
E (22755) opencores.emac: no mem for receive buffer
E (22755) opencores.emac: no mem for receive buffer
E (22755) opencores.emac: no mem for receive buffer
E (22755) opencores.emac: no mem for receive buffer
E (22755) opencores.emac: no mem for receive buffer
E (22755) opencores.emac: no mem for receive buffer
E (22755) opencores.emac: no mem for receive buffer
E (22755) opencores.emac: no mem for receive buffer
E (22755) opencores.emac: no mem for receive buffer
E (22755) opencores.emac: no mem for receive buffer
E (22755) opencores.emac: no mem for receive buffer
E (22755) opencores.emac: no mem for receive buffer
E (22755) opencores.emac: no mem for receive buffer
E (22755) opencores.emac: no mem for receive buffer
E (22755) opencores.emac: no mem for receive buffer
E (22755) opencores.emac: no mem for receive buffer
E (22755) opencores.emac: no mem for receive buffer
E (22755) opencores.emac: no mem for receive buffer
E (22755) opencores.emac: no mem for receive buffer
E (22755) opencores.emac: no mem for receive buffer
E (22755) opencores.emac: no mem for receive buffer
E (22755) opencores.emac: no mem for receive buffer
E (22755) opencores.emac: no mem for receive buffer
E (22755) opencores.emac: no mem for receive buffer
E (22755) opencores.emac: no mem for receive buffer
E (22755) opencores.emac: no mem for receive buffer
E (22755) opencores.emac: no mem for receive buffer
E (22755) opencores.emac: no mem for receive buffer
E (22755) opencores.emac: no mem for receive buffer
E (22755) opencores.emac: no mem for receive buffer
E (22755) opencores.emac: no mem for receive buffer
E (22755) opencores.emac: no mem for receive buffer
E (22755) opencores.emac: no mem for receive buffer
E (22755) opencores.emac: no mem for receive buffer
E (22755) opencores.emac: no mem for receive buffer
E (22755) opencores.emac: no mem for receive buffer
E (22755) opencores.emac: no mem for receive buffer
E (22755) opencores.emac: no mem for receive buffer
E (22755) opencores.emac: no mem for receive buffer
E (22755) opencores.emac: no mem for receive buffer
E (22755) opencores.emac: no mem for receive buffer
E (22755) opencores.emac: no mem for receive buffer
E (22755) opencores.emac: no mem for receive buffer
E (22755) opencores.emac: no mem for receive buffer
E (22755) opencores.emac: no mem for receive buffer
E (22755) opencores.emac: no mem for receive buffer
E (22755) opencores.emac: no mem for receive buffer
E (22755) opencores.emac: no mem for receive buffer
E (22755) opencores.emac: no mem for receive buffer
E (22755) opencores.emac: no mem for receive buffer
E (22755) opencores.emac: no mem for receive buffer
E (22755) opencores.emac: no mem for receive buffer
E (22755) opencores.emac: no mem for receive buffer
E (22755) opencores.emac: no mem for receive buffer
E (22755) opencores.emac: no mem for receive buffer
E (22765) opencores.emac: no mem for receive buffer
E (22765) opencores.emac: no mem for receive buffer
E (22765) opencores.emac: no mem for receive buffer
E (22765) opencores.emac: no mem for receive buffer
E (22765) opencores.emac: no mem for receive buffer
E (22765) opencores.emac: no mem for receive buffer
E (22765) opencores.emac: no mem for receive buffer
E (22765) opencores.emac: no mem for receive buffer
E (22765) opencores.emac: no mem for receive buffer
E (22765) opencores.emac: no mem for receive buffer
E (22765) opencores.emac: no mem for receive buffer
E (22765) opencores.emac: no mem for receive buffer
E (22765) opencores.emac: no mem for receive buffer
E (22765) opencores.emac: no mem for receive buffer
E (22765) opencores.emac: no mem for receive buffer
E (22765) opencores.emac: no mem for receive buffer
E (22765) opencores.emac: no mem for receive buffer
E (22765) opencores.emac: no mem for receive buffer
E (22765) opencores.emac: no mem for receive buffer
E (22765) opencores.emac: no mem for receive buffer
E (22765) opencores.emac: no mem for receive buffer
E (22765) opencores.emac: no mem for receive buffer
E (22765) opencores.emac: no mem for receive buffer
E (22765) opencores.emac: no mem for receive buffer
E (22765) opencores.emac: no mem for receive buffer
E (22765) opencores.emac: no mem for receive buffer
E (22765) opencores.emac: no mem for receive buffer
E (22765) opencores.emac: no mem for receive buffer
E (22765) opencores.emac: no mem for receive buffer
E (22765) opencores.emac: no mem for receive buffer
E (22765) opencores.emac: no mem for receive buffer
E (22765) opencores.emac: no mem for receive buffer
E (22765) opencores.emac: no mem for receive buffer
E (22765) opencores.emac: no mem for receive buffer
E (22765) opencores.emac: no mem for receive buffer
E (22765) opencores.emac: no mem for receive buffer
E (22765) opencores.emac: no mem for receive buffer
E (22765) opencores.emac: no mem for receive buffer
E (22765) opencores.emac: no mem for receive buffer
E (22765) opencores.emac: no mem for receive buffer
E (22765) opencores.emac: no mem for receive buffer
E (22765) opencores.emac: no mem for receive buffer
E (22765) opencores.emac: no mem for receive buffer
E (22765) opencores.emac: no mem for receive buffer
E (22765) opencores.emac: no mem for receive buffer
E (22765) opencores.emac: no mem for receive buffer
E (22765) opencores.emac: no mem for receive buffer
E (22765) opencores.emac: no mem for receive buffer
E (22765) opencores.emac: no mem for receive buffer
E (22765) opencores.emac: no mem for receive buffer
E (22765) opencores.emac: no mem for receive buffer
E (22765) opencores.emac: no mem for receive buffer
E (22765) opencores.emac: no mem for receive buffer
E (22765) opencores.emac: no mem for receive buffer
E (22765) opencores.emac: no mem for receive buffer
E (22765) opencores.emac: no mem for receive buffer
E (22765) opencores.emac: no mem for receive buffer
E (22765) opencores.emac: no mem for receive buffer
E (22765) opencores.emac: no mem for receive buffer
E (22765) opencores.emac: no mem for receive buffer
E (22765) opencores.emac: no mem for receive buffer
E (22765) opencores.emac: no mem for receive buffer
E (22765) opencores.emac: no mem for receive buffer
E (22765) opencores.emac: no mem for receive buffer
E (22765) opencores.emac: no mem for receive buffer
E (22765) opencores.emac: no mem for receive buffer
E (22765) opencores.emac: no mem for receive buffer
E (22765) opencores.emac: no mem for receive buffer
E (22765) opencores.emac: no mem for receive buffer
E (22765) opencores.emac: no mem for receive buffer
E (22765) opencores.emac: no mem for receive buffer
E (22765) opencores.emac: no mem for receive buffer
E (22765) opencores.emac: no mem for receive buffer
E (22765) opencores.emac: no mem for receive buffer
E (22765) opencores.emac: no mem for receive buffer
E (22765) opencores.emac: no mem for receive buffer
E (22765) opencores.emac: no mem for receive buffer
E (22765) opencores.emac: no mem for receive buffer
E (22765) opencores.emac: no mem for receive buffer
E (22765) opencores.emac: no mem for receive buffer
E (22765) opencores.emac: no mem for receive buffer
E (22765) opencores.emac: no mem for receive buffer
E (22765) opencores.emac: no mem for receive buffer
E (22765) opencores.emac: no mem for receive buffer
E (22765) opencores.emac: no mem for receive buffer
E (22765) opencores.emac: no mem for receive buffer
E (22765) opencores.emac: no mem for receive buffer
E (22765) opencores.emac: no mem for receive buffer
E (22765) opencores.emac: no mem for receive buffer
E (22765) opencores.emac: no mem for receive buffer
E (22765) opencores.emac: no mem for receive buffer
E (22765) opencores.emac: no mem for receive buffer
E (22765) opencores.emac: no mem for receive buffer
E (22765) opencores.emac: no mem for receive buffer
E (22765) opencores.emac: no mem for receive buffer
E (22765) opencores.emac: no mem for receive buffer
E (22765) opencores.emac: no mem for receive buffer
E (22765) opencores.emac: no mem for receive buffer
E (22765) opencores.emac: no mem for receive buffer
E (22765) opencores.emac: no mem for receive buffer
E (22765) opencores.emac: no mem for receive buffer
E (22765) opencores.emac: no mem for receive buffer
E (22765) opencores.emac: no mem for receive buffer
E (22765) opencores.emac: no mem for receive buffer
E (22765) opencores.emac: no mem for receive buffer
E (22765) opencores.emac: no mem for receive buffer
E (22765) opencores.emac: no mem for receive buffer
E (22765) opencores.emac: no mem for receive buffer
E (22765) opencores.emac: no mem for receive buffer
E (22765) opencores.emac: no mem for receive buffer
E (22765) opencores.emac: no mem for receive buffer
E (22765) opencores.emac: no mem for receive buffer
E (22765) opencores.emac: no mem for receive buffer
E (22765) opencores.emac: no mem for receive buffer
E (22765) opencores.emac: no mem for receive buffer
E (22765) opencores.emac: no mem for receive buffer
E (22765) opencores.emac: no mem for receive buffer
E (22765) opencores.emac: no mem for receive buffer
E (22765) opencores.emac: no mem for receive buffer
E (22765) opencores.emac: no mem for receive buffer
E (22765) opencores.emac: no mem for receive buffer
E (22765) opencores.emac: no mem for receive buffer
E (22765) opencores.emac: no mem for receive buffer
E (22765) opencores.emac: no mem for receive buffer
E (22765) opencores.emac: no mem for receive buffer
E (22765) opencores.emac: no mem for receive buffer
E (22765) opencores.emac: no mem for receive buffer
E (22765) opencores.emac: no mem for receive buffer
E (22765) opencores.emac: no mem for receive buffer
E (22765) opencores.emac: no mem for receive buffer
E (22765) opencores.emac: no mem for receive buffer
E (22765) opencores.emac: no mem for receive buffer
E (22765) opencores.emac: no mem for receive buffer
E (22765) opencores.emac: no mem for receive buffer
E (22765) opencores.emac: no mem for receive buffer
E (22765) opencores.emac: no mem for receive buffer
E (22765) opencores.emac: no mem for receive buffer
E (22765) opencores.emac: no mem for receive buffer
E (22765) opencores.emac: no mem for receive buffer
E (22765) opencores.emac: no mem for receive buffer
E (22765) opencores.emac: no mem for receive buffer
E (22765) opencores.emac: no mem for receive buffer
E (22765) opencores.emac: no mem for receive buffer
E (22765) opencores.emac: no mem for receive buffer
E (22765) opencores.emac: no mem for receive buffer
E (22765) opencores.emac: no mem for receive buffer
E (22765) opencores.emac: no mem for receive buffer
E (22765) opencores.emac: no mem for receive buffer
E (22765) opencores.emac: no mem for receive buffer
E (22765) opencores.emac: no mem for receive buffer
E (22765) opencores.emac: no mem for receive buffer
E (22765) opencores.emac: no mem for receive buffer
E (22765) opencores.emac: no mem for receive buffer
E (22765) opencores.emac: no mem for receive buffer
E (22765) opencores.emac: no mem for receive buffer
E (22765) opencores.emac: no mem for receive buffer
E (22765) opencores.emac: no mem for receive buffer
E (22765) opencores.emac: no mem for receive buffer
E (22765) opencores.emac: no mem for receive buffer
E (22765) opencores.emac: no mem for receive buffer
E (22765) opencores.emac: no mem for receive buffer
E (22765) opencores.emac: no mem for receive buffer
E (22765) opencores.emac: no mem for receive buffer
E (22765) opencores.emac: no mem for receive buffer
E (22765) opencores.emac: no mem for receive buffer
E (22765) opencores.emac: no mem for receive buffer
E (22765) opencores.emac: no mem for receive buffer
E (22765) opencores.emac: no mem for receive buffer
E (22775) opencores.emac: no mem for receive buffer
E (22775) opencores.emac: no mem for receive buffer
E (22775) opencores.emac: no mem for receive buffer
E (22775) opencores.emac: no mem for receive buffer
E (22775) opencores.emac: no mem for receive buffer
E (22775) opencores.emac: no mem for receive buffer
E (22775) opencores.emac: no mem for receive buffer
E (22775) opencores.emac: no mem for receive buffer
E (22775) opencores.emac: no mem for receive buffer
E (22775) opencores.emac: no mem for receive buffer
E (22775) opencores.emac: no mem for receive buffer
E (22775) opencores.emac: no mem for receive buffer
E (22775) opencores.emac: no mem for receive buffer
E (22775) opencores.emac: no mem for receive buffer
E (22775) opencores.emac: no mem for receive buffer
E (22775) opencores.emac: no mem for receive buffer
E (22775) opencores.emac: no mem for receive buffer
E (22775) opencores.emac: no mem for receive buffer
E (22775) opencores.emac: no mem for receive buffer
E (22775) opencores.emac: no mem for receive buffer
E (22775) opencores.emac: no mem for receive buffer
E (22775) opencores.emac: no mem for receive buffer
E (22775) opencores.emac: no mem for receive buffer
E (22775) opencores.emac: no mem for receive buffer
E (22775) opencores.emac: no mem for receive buffer
E (22775) opencores.emac: no mem for receive buffer
E (22775) opencores.emac: no mem for receive buffer
E (22775) opencores.emac: no mem for receive buffer
E (22775) opencores.emac: no mem for receive buffer
E (22775) opencores.emac: no mem for receive buffer
E (22775) opencores.emac: no mem for receive buffer
E (22775) opencores.emac: no mem for receive buffer
E (22775) opencores.emac: no mem for receive buffer
E (22775) opencores.emac: no mem for receive buffer
E (22775) opencores.emac: no mem for receive buffer
E (22775) opencores.emac: no mem for receive buffer
E (22775) opencores.emac: no mem for receive buffer
E (22775) opencores.emac: no mem for receive buffer
E (22775) opencores.emac: no mem for receive buffer
E (22775) opencores.emac: no mem for receive buffer
E (22775) opencores.emac: no mem for receive buffer
E (22775) opencores.emac: no mem for receive buffer
E (22775) opencores.emac: no mem for receive buffer
E (22775) opencores.emac: no mem for receive buffer
E (22775) opencores.emac: no mem for receive buffer
E (22775) opencores.emac: no mem for receive buffer
E (22775) opencores.emac: no mem for receive buffer
E (22775) opencores.emac: no mem for receive buffer
E (22775) opencores.emac: no mem for receive buffer
E (22775) opencores.emac: no mem for receive buffer
E (22775) opencores.emac: no mem for receive buffer
E (22775) opencores.emac: no mem for receive buffer
E (22775) opencores.emac: no mem for receive buffer
E (22775) opencores.emac: no mem for receive buffer
E (22775) opencores.emac: no mem for receive buffer
E (22775) opencores.emac: no mem for receive buffer
E (22775) opencores.emac: no mem for receive buffer
E (22775) opencores.emac: no mem for receive buffer
E (22775) opencores.emac: no mem for receive buffer
E (22775) opencores.emac: no mem for receive buffer
E (22775) opencores.emac: no mem for receive buffer
E (22775) opencores.emac: no mem for receive buffer
E (22775) opencores.emac: no mem for receive buffer
E (22775) opencores.emac: no mem for receive buffer
E (22775) opencores.emac: no mem for receive buffer
E (22775) opencores.emac: no mem for receive buffer
E (22775) opencores.emac: no mem for receive buffer
E (22775) opencores.emac: no mem for receive buffer
E (22775) opencores.emac: no mem for receive buffer
E (22775) opencores.emac: no mem for receive buffer
E (22775) opencores.emac: no mem for receive buffer
E (22775) opencores.emac: no mem for receive buffer
E (22775) opencores.emac: no mem for receive buffer
E (22775) opencores.emac: no mem for receive buffer
E (22775) opencores.emac: no mem for receive buffer
E (22775) opencores.emac: no mem for receive buffer
E (22775) opencores.emac: no mem for receive buffer
E (22775) opencores.emac: no mem for receive buffer
E (22775) opencores.emac: no mem for receive buffer
E (22775) opencores.emac: no mem for receive buffer
E (22775) opencores.emac: no mem for receive buffer
E (22775) opencores.emac: no mem for receive buffer
E (22775) opencores.emac: no mem for receive buffer
E (22775) opencores.emac: no mem for receive buffer
E (22775) opencores.emac: no mem for receive buffer
E (22775) opencores.emac: no mem for receive buffer
E (22775) opencores.emac: no mem for receive buffer
E (22775) opencores.emac: no mem for receive buffer
E (22775) opencores.emac: no mem for receive buffer
E (22775) opencores.emac: no mem for receive buffer
E (22775) opencores.emac: no mem for receive buffer
E (22775) opencores.emac: no mem for receive buffer
E (22775) opencores.emac: no mem for receive buffer
E (22775) opencores.emac: no mem for receive buffer
E (22775) opencores.emac: no mem for receive buffer
E (22775) opencores.emac: no mem for receive buffer
E (22775) opencores.emac: no mem for receive buffer
E (22775) opencores.emac: no mem for receive buffer
E (22775) opencores.emac: no mem for receive buffer
E (22775) opencores.emac: no mem for receive buffer
E (22775) opencores.emac: no mem for receive buffer
E (22775) opencores.emac: no mem for receive buffer
E (22775) opencores.emac: no mem for receive buffer
E (22775) opencores.emac: no mem for receive buffer
E (22775) opencores.emac: no mem for receive buffer
E (22775) opencores.emac: no mem for receive buffer
E (22775) opencores.emac: no mem for receive buffer
E (22775) opencores.emac: no mem for receive buffer
E (22775) opencores.emac: no mem for receive buffer
E (22775) opencores.emac: no mem for receive buffer
E (22775) opencores.emac: no mem for receive buffer
E (22775) opencores.emac: no mem for receive buffer
E (22775) opencores.emac: no mem for receive buffer
E (22775) opencores.emac: no mem for receive buffer
E (22775) opencores.emac: no mem for receive buffer
E (22775) opencores.emac: no mem for receive buffer
E (22775) opencores.emac: no mem for receive buffer
E (22775) opencores.emac: no mem for receive buffer
E (22775) opencores.emac: no mem for receive buffer
E (22775) opencores.emac: no mem for receive buffer
E (22775) opencores.emac: no mem for receive buffer
E (22775) opencores.emac: no mem for receive buffer
E (22775) opencores.emac: no mem for receive buffer
E (22775) opencores.emac: no mem for receive buffer
E (22775) opencores.emac: no mem for receive buffer
E (22775) opencores.emac: no mem for receive buffer
E (22775) opencores.emac: no mem for receive buffer
E (22775) opencores.emac: no mem for receive buffer
E (22775) opencores.emac: no mem for receive buffer
E (22775) opencores.emac: no mem for receive buffer
E (22775) opencores.emac: no mem for receive buffer
E (22775) opencores.emac: no mem for receive buffer
E (22775) opencores.emac: no mem for receive buffer
E (22775) opencores.emac: no mem for receive buffer
E (22775) opencores.emac: no mem for receive buffer
E (22775) opencores.emac: no mem for receive buffer
E (22775) opencores.emac: no mem for receive buffer
E (22775) opencores.emac: no mem for receive buffer
E (22775) opencores.emac: no mem for receive buffer
E (22775) opencores.emac: no mem for receive buffer
E (22775) opencores.emac: no mem for receive buffer
E (22775) opencores.emac: no mem for receive buffer
E (22775) opencores.emac: no mem for receive buffer
E (22775) opencores.emac: no mem for receive buffer
E (22775) opencores.emac: no mem for receive buffer
E (22775) opencores.emac: no mem for receive buffer
E (22775) opencores.emac: no mem for receive buffer
E (22775) opencores.emac: no mem for receive buffer
E (22775) opencores.emac: no mem for receive buffer
E (22775) opencores.emac: no mem for receive buffer
E (22775) opencores.emac: no mem for receive buffer
E (22775) opencores.emac: no mem for receive buffer
E (22775) opencores.emac: no mem for receive buffer
E (22775) opencores.emac: no mem for receive buffer
E (22775) opencores.emac: no mem for receive buffer
E (22775) opencores.emac: no mem for receive buffer
E (22775) opencores.emac: no mem for receive buffer
E (22775) opencores.emac: no mem for receive buffer
E (22775) opencores.emac: no mem for receive buffer
E (22775) opencores.emac: no mem for receive buffer
E (22775) opencores.emac: no mem for receive buffer
E (22775) opencores.emac: no mem for receive buffer
E (22775) opencores.emac: no mem for receive buffer
E (22775) opencores.emac: no mem for receive buffer
E (22775) opencores.emac: no mem for receive buffer
E (22785) opencores.emac: no mem for receive buffer
E (22785) opencores.emac: no mem for receive buffer
E (22785) opencores.emac: no mem for receive buffer
E (22785) opencores.emac: no mem for receive buffer
E (22785) opencores.emac: no mem for receive buffer
[LOG TRUNCATED: 原始 344336 行 / 18M，关键证据行与末尾 500 行如下，完整日志可按工程 README/文章实验节复现]
E (46635) opencores.emac: no mem for receive buffer
E (46635) opencores.emac: no mem for receive buffer
E (46635) opencores.emac: no mem for receive buffer
E (46635) opencores.emac: no mem for receive buffer
E (46635) opencores.emac: no mem for receive buffer
E (46635) opencores.emac: no mem for receive buffer
E (46635) opencores.emac: no mem for receive buffer
E (46635) opencores.emac: no mem for receive buffer
E (46635) opencores.emac: no mem for receive buffer
E (46635) opencores.emac: no mem for receive buffer
E (46635) opencores.emac: no mem for receive buffer
E (46635) opencores.emac: no mem for receive buffer
E (46635) opencores.emac: no mem for receive buffer
E (46635) opencores.emac: no mem for receive buffer
E (46635) opencores.emac: no mem for receive buffer
E (46635) opencores.emac: no mem for receive buffer
E (46635) opencores.emac: no mem for receive buffer
E (46635) opencores.emac: no mem for receive buffer
E (46635) opencores.emac: no mem for receive buffer
E (46635) opencores.emac: no mem for receive buffer
E (46635) opencores.emac: no mem for receive buffer
E (46635) opencores.emac: no mem for receive buffer
E (46635) opencores.emac: no mem for receive buffer
E (46635) opencores.emac: no mem for receive buffer
E (46635) opencores.emac: no mem for receive buffer
E (46635) opencores.emac: no mem for receive buffer
E (46635) opencores.emac: no mem for receive buffer
E (46635) opencores.emac: no mem for receive buffer
E (46635) opencores.emac: no mem for receive buffer
E (46635) opencores.emac: no mem for receive buffer
E (46635) opencores.emac: no mem for receive buffer
E (46635) opencores.emac: no mem for receive buffer
E (46635) opencores.emac: no mem for receive buffer
E (46635) opencores.emac: no mem for receive buffer
E (46635) opencores.emac: no mem for receive buffer
E (46635) opencores.emac: no mem for receive buffer
E (46635) opencores.emac: no mem for receive buffer
E (46635) opencores.emac: no mem for receive buffer
E (46635) opencores.emac: no mem for receive buffer
E (46635) opencores.emac: no mem for receive buffer
E (46635) opencores.emac: no mem for receive buffer
E (46635) opencores.emac: no mem for receive buffer
E (46635) opencores.emac: no mem for receive buffer
E (46635) opencores.emac: no mem for receive buffer
E (46635) opencores.emac: no mem for receive buffer
E (46635) opencores.emac: no mem for receive buffer
E (46635) opencores.emac: no mem for receive buffer
E (46645) opencores.emac: no mem for receive buffer
E (46645) opencores.emac: no mem for receive buffer
E (46645) opencores.emac: no mem for receive buffer
E (46645) opencores.emac: no mem for receive buffer
E (46645) opencores.emac: no mem for receive buffer
E (46645) opencores.emac: no mem for receive buffer
E (46645) opencores.emac: no mem for receive buffer
E (46645) opencores.emac: no mem for receive buffer
E (46645) opencores.emac: no mem for receive buffer
E (46645) opencores.emac: no mem for receive buffer
E (46645) opencores.emac: no mem for receive buffer
E (46645) opencores.emac: no mem for receive buffer
E (46645) opencores.emac: no mem for receive buffer
E (46645) opencores.emac: no mem for receive buffer
E (46645) opencores.emac: no mem for receive buffer
E (46645) opencores.emac: no mem for receive buffer
E (46645) opencores.emac: no mem for receive buffer
E (46645) opencores.emac: no mem for receive buffer
E (46645) opencores.emac: no mem for receive buffer
E (46645) opencores.emac: no mem for receive buffer
E (46645) opencores.emac: no mem for receive buffer
E (46645) opencores.emac: no mem for receive buffer
E (46645) opencores.emac: no mem for receive buffer
E (46645) opencores.emac: no mem for receive buffer
E (46645) opencores.emac: no mem for receive buffer
E (46645) opencores.emac: no mem for receive buffer
E (46645) opencores.emac: no mem for receive buffer
E (46645) opencores.emac: no mem for receive buffer
E (46645) opencores.emac: no mem for receive buffer
E (46645) opencores.emac: no mem for receive buffer
E (46645) opencores.emac: no mem for receive buffer
E (46645) opencores.emac: no mem for receive buffer
E (46645) opencores.emac: no mem for receive buffer
E (46645) opencores.emac: no mem for receive buffer
E (46645) opencores.emac: no mem for receive buffer
E (46645) opencores.emac: no mem for receive buffer
E (46645) opencores.emac: no mem for receive buffer
E (46645) opencores.emac: no mem for receive buffer
E (46645) opencores.emac: no mem for receive buffer
E (46645) opencores.emac: no mem for receive buffer
E (46645) opencores.emac: no mem for receive buffer
E (46645) opencores.emac: no mem for receive buffer
E (46645) opencores.emac: no mem for receive buffer
E (46645) opencores.emac: no mem for receive buffer
E (46645) opencores.emac: no mem for receive buffer
E (46645) opencores.emac: no mem for receive buffer
E (46645) opencores.emac: no mem for receive buffer
E (46645) opencores.emac: no mem for receive buffer
E (46645) opencores.emac: no mem for receive buffer
E (46645) opencores.emac: no mem for receive buffer
E (46645) opencores.emac: no mem for receive buffer
E (46645) opencores.emac: no mem for receive buffer
E (46645) opencores.emac: no mem for receive buffer
E (46645) opencores.emac: no mem for receive buffer
E (46645) opencores.emac: no mem for receive buffer
E (46645) opencores.emac: no mem for receive buffer
E (46645) opencores.emac: no mem for receive buffer
E (46645) opencores.emac: no mem for receive buffer
E (46645) opencores.emac: no mem for receive buffer
E (46645) opencores.emac: no mem for receive buffer
E (46645) opencores.emac: no mem for receive buffer
E (46645) opencores.emac: no mem for receive buffer
E (46645) opencores.emac: no mem for receive buffer
E (46645) opencores.emac: no mem for receive buffer
E (46645) opencores.emac: no mem for receive buffer
E (46645) opencores.emac: no mem for receive buffer
E (46645) opencores.emac: no mem for receive buffer
E (46645) opencores.emac: no mem for receive buffer
E (46645) opencores.emac: no mem for receive buffer
E (46645) opencores.emac: no mem for receive buffer
E (46645) opencores.emac: no mem for receive buffer
E (46645) opencores.emac: no mem for receive buffer
E (46645) opencores.emac: no mem for receive buffer
E (46645) opencores.emac: no mem for receive buffer
E (46645) opencores.emac: no mem for receive buffer
E (46645) opencores.emac: no mem for receive buffer
E (46645) opencores.emac: no mem for receive buffer
E (46645) opencores.emac: no mem for receive buffer
E (46645) opencores.emac: no mem for receive buffer
E (46645) opencores.emac: no mem for receive buffer
E (46645) opencores.emac: no mem for receive buffer
E (46645) opencores.emac: no mem for receive buffer
E (46645) opencores.emac: no mem for receive buffer
E (46645) opencores.emac: no mem for receive buffer
E (46645) opencores.emac: no mem for receive buffer
E (46645) opencores.emac: no mem for receive buffer
E (46645) opencores.emac: no mem for receive buffer
E (46645) opencores.emac: no mem for receive buffer
E (46645) opencores.emac: no mem for receive buffer
E (46645) opencores.emac: no mem for receive buffer
E (46645) opencores.emac: no mem for receive buffer
E (46645) opencores.emac: no mem for receive buffer
E (46645) opencores.emac: no mem for receive buffer
E (46645) opencores.emac: no mem for receive buffer
E (46645) opencores.emac: no mem for receive buffer
E (46645) opencores.emac: no mem for receive buffer
E (46715) opencores.emac: no mem for receive buffer
E (46715) opencores.emac: no mem for receive buffer
E (46715) opencores.emac: no mem for receive buffer
E (46715) opencores.emac: no mem for receive buffer
E (46715) opencores.emac: no mem for receive buffer
E (46715) opencores.emac: no mem for receive buffer
E (46715) opencores.emac: no mem for receive buffer
E (46715) opencores.emac: no mem for receive buffer
E (46715) opencores.emac: no mem for receive buffer
E (46715) opencores.emac: no mem for receive buffer
E (46715) opencores.emac: no mem for receive buffer
E (46715) opencores.emac: no mem for receive buffer
E (46715) opencores.emac: no mem for receive buffer
E (46715) opencores.emac: no mem for receive buffer
E (46715) opencores.emac: no mem for receive buffer
E (46715) opencores.emac: no mem for receive buffer
E (46715) opencores.emac: no mem for receive buffer
E (46715) opencores.emac: no mem for receive buffer
E (46715) opencores.emac: no mem for receive buffer
E (46715) opencores.emac: no mem for receive buffer
E (46715) opencores.emac: no mem for receive buffer
E (46715) opencores.emac: no mem for receive buffer
E (46715) opencores.emac: no mem for receive buffer
E (46715) opencores.emac: no mem for receive buffer
E (46715) opencores.emac: no mem for receive buffer
E (46715) opencores.emac: no mem for receive buffer
E (46715) opencores.emac: no mem for receive buffer
E (46715) opencores.emac: no mem for receive buffer
E (46715) opencores.emac: no mem for receive buffer
E (46715) opencores.emac: no mem for receive buffer
E (46715) opencores.emac: no mem for receive buffer
E (46715) opencores.emac: no mem for receive buffer
E (46715) opencores.emac: no mem for receive buffer
E (46715) opencores.emac: no mem for receive buffer
E (46715) opencores.emac: no mem for receive buffer
E (46715) opencores.emac: no mem for receive buffer
E (46715) opencores.emac: no mem for receive buffer
E (46715) opencores.emac: no mem for receive buffer
E (46715) opencores.emac: no mem for receive buffer
E (46715) opencores.emac: no mem for receive buffer
E (46715) opencores.emac: no mem for receive buffer
E (46715) opencores.emac: no mem for receive buffer
E (46715) opencores.emac: no mem for receive buffer
E (46715) opencores.emac: no mem for receive buffer
E (46715) opencores.emac: no mem for receive buffer
E (46715) opencores.emac: no mem for receive buffer
E (46715) opencores.emac: no mem for receive buffer
E (46715) opencores.emac: no mem for receive buffer
E (46715) opencores.emac: no mem for receive buffer
E (46715) opencores.emac: no mem for receive buffer
E (46715) opencores.emac: no mem for receive buffer
E (46715) opencores.emac: no mem for receive buffer
E (46715) opencores.emac: no mem for receive buffer
E (46715) opencores.emac: no mem for receive buffer
E (46715) opencores.emac: no mem for receive buffer
E (46715) opencores.emac: no mem for receive buffer
E (46715) opencores.emac: no mem for receive buffer
E (46715) opencores.emac: no mem for receive buffer
E (46715) opencores.emac: no mem for receive buffer
E (46715) opencores.emac: no mem for receive buffer
E (46715) opencores.emac: no mem for receive buffer
E (46715) opencores.emac: no mem for receive buffer
E (46715) opencores.emac: no mem for receive buffer
E (46715) opencores.emac: no mem for receive buffer
E (46715) opencores.emac: no mem for receive buffer
E (46715) opencores.emac: no mem for receive buffer
E (46715) opencores.emac: no mem for receive buffer
E (46715) opencores.emac: no mem for receive buffer
E (46715) opencores.emac: no mem for receive buffer
E (46715) opencores.emac: no mem for receive buffer
E (46715) opencores.emac: no mem for receive buffer
E (46725) opencores.emac: no mem for receive buffer
E (46725) opencores.emac: no mem for receive buffer
E (46725) opencores.emac: no mem for receive buffer
E (46725) opencores.emac: no mem for receive buffer
E (46725) opencores.emac: no mem for receive buffer
E (46725) opencores.emac: no mem for receive buffer
E (46725) opencores.emac: no mem for receive buffer
E (46725) opencores.emac: no mem for receive buffer
E (46725) opencores.emac: no mem for receive buffer
E (46725) opencores.emac: no mem for receive buffer
E (46725) opencores.emac: no mem for receive buffer
E (46725) opencores.emac: no mem for receive buffer
E (46725) opencores.emac: no mem for receive buffer
E (46725) opencores.emac: no mem for receive buffer
E (46725) opencores.emac: no mem for receive buffer
E (46725) opencores.emac: no mem for receive buffer
E (46725) opencores.emac: no mem for receive buffer
E (46725) opencores.emac: no mem for receive buffer
E (46725) opencores.emac: no mem for receive buffer
E (46725) opencores.emac: no mem for receive buffer
E (46725) opencores.emac: no mem for receive buffer
E (46725) opencores.emac: no mem for receive buffer
E (46725) opencores.emac: no mem for receive buffer
E (46725) opencores.emac: no mem for receive buffer
E (46725) opencores.emac: no mem for receive buffer
E (46725) opencores.emac: no mem for receive buffer
E (46725) opencores.emac: no mem for receive buffer
E (46725) opencores.emac: no mem for receive buffer
E (46725) opencores.emac: no mem for receive buffer
E (46725) opencores.emac: no mem for receive buffer
E (46725) opencores.emac: no mem for receive buffer
E (46725) opencores.emac: no mem for receive buffer
E (46725) opencores.emac: no mem for receive buffer
E (46725) opencores.emac: no mem for receive buffer
E (46725) opencores.emac: no mem for receive buffer
E (46725) opencores.emac: no mem for receive buffer
E (46725) opencores.emac: no mem for receive buffer
E (46725) opencores.emac: no mem for receive buffer
E (46725) opencores.emac: no mem for receive buffer
E (46725) opencores.emac: no mem for receive buffer
E (46725) opencores.emac: no mem for receive buffer
E (46725) opencores.emac: no mem for receive buffer
E (46725) opencores.emac: no mem for receive buffer
E (46725) opencores.emac: no mem for receive buffer
E (46725) opencores.emac: no mem for receive buffer
E (46725) opencores.emac: no mem for receive buffer
E (46725) opencores.emac: no mem for receive buffer
E (46725) opencores.emac: no mem for receive buffer
E (46725) opencores.emac: no mem for receive buffer
E (46725) opencores.emac: no mem for receive buffer
E (46725) opencores.emac: no mem for receive buffer
E (46725) opencores.emac: no mem for receive buffer
E (46725) opencores.emac: no mem for receive buffer
E (46725) opencores.emac: no mem for receive buffer
E (46725) opencores.emac: no mem for receive buffer
E (46725) opencores.emac: no mem for receive buffer
E (46725) opencores.emac: no mem for receive buffer
E (46725) opencores.emac: no mem for receive buffer
E (46725) opencores.emac: no mem for receive buffer
E (46725) opencores.emac: no mem for receive buffer
E (46725) opencores.emac: no mem for receive buffer
E (46725) opencores.emac: no mem for receive buffer
E (46725) opencores.emac: no mem for receive buffer
E (46725) opencores.emac: no mem for receive buffer
E (46725) opencores.emac: no mem for receive buffer
E (46725) opencores.emac: no mem for receive buffer
E (46725) opencores.emac: no mem for receive buffer
E (46725) opencores.emac: no mem for receive buffer
E (46725) opencores.emac: no mem for receive buffer
E (46725) opencores.emac: no mem for receive buffer
E (46725) opencores.emac: no mem for receive buffer
E (46725) opencores.emac: no mem for receive buffer
E (46725) opencores.emac: no mem for receive buffer
E (46725) opencores.emac: no mem for receive buffer
E (46725) opencores.emac: no mem for receive buffer
E (46725) opencores.emac: no mem for receive buffer
E (46725) opencores.emac: no mem for receive buffer
E (46725) opencores.emac: no mem for receive buffer
E (46725) opencores.emac: no mem for receive buffer
E (46725) opencores.emac: no mem for receive buffer
E (46725) opencores.emac: no mem for receive buffer
E (46725) opencores.emac: no mem for receive buffer
E (46725) opencores.emac: no mem for receive buffer
E (46725) opencores.emac: no mem for receive buffer
E (46725) opencores.emac: no mem for receive buffer
E (46725) opencores.emac: no mem for receive buffer
E (46725) opencores.emac: no mem for receive buffer
E (46725) opencores.emac: no mem for receive buffer
E (46725) opencores.emac: no mem for receive buffer
E (46725) opencores.emac: no mem for receive buffer
E (46725) opencores.emac: no mem for receive buffer
E (46725) opencores.emac: no mem for receive buffer
E (46725) opencores.emac: no mem for receive buffer
E (46725) opencores.emac: no mem for receive buffer
E (46725) opencores.emac: no mem for receive buffer
E (46725) opencores.emac: no mem for receive buffer
E (46725) opencores.emac: no mem for receive buffer
E (46725) opencores.emac: no mem for receive buffer
E (46725) opencores.emac: no mem for receive buffer
E (46725) opencores.emac: no mem for receive buffer
E (46725) opencores.emac: no mem for receive buffer
E (46725) opencores.emac: no mem for receive buffer
E (46725) opencores.emac: no mem for receive buffer
E (46725) opencores.emac: no mem for receive buffer
E (46725) opencores.emac: no mem for receive buffer
E (46725) opencores.emac: no mem for receive buffer
E (46725) opencores.emac: no mem for receive buffer
E (46725) opencores.emac: no mem for receive buffer
E (46725) opencores.emac: no mem for receive buffer
E (46725) opencores.emac: no mem for receive buffer
E (46725) opencores.emac: no mem for receive buffer
E (46725) opencores.emac: no mem for receive buffer
E (46725) opencores.emac: no mem for receive buffer
E (46725) opencores.emac: no mem for receive buffer
E (46725) opencores.emac: no mem for receive buffer
E (46725) opencores.emac: no mem for receive buffer
E (46725) opencores.emac: no mem for receive buffer
E (46725) opencores.emac: no mem for receive buffer
E (46725) opencores.emac: no mem for receive buffer
E (46725) opencores.emac: no mem for receive buffer
E (46725) opencores.emac: no mem for receive buffer
E (46725) opencores.emac: no mem for receive buffer
E (46725) opencores.emac: no mem for receive buffer
E (46725) opencores.emac: no mem for receive buffer
E (46725) opencores.emac: no mem for receive buffer
E (46725) opencores.emac: no mem for receive buffer
E (46725) opencores.emac: no mem for receive buffer
E (46725) opencores.emac: no mem for receive buffer
E (46725) opencores.emac: no mem for receive buffer
E (46725) opencores.emac: no mem for receive buffer
E (46725) opencores.emac: no mem for receive buffer
E (46725) opencores.emac: no mem for receive buffer
E (46725) opencores.emac: no mem for receive buffer
E (46725) opencores.emac: no mem for receive buffer
E (46735) opencores.emac: no mem for receive buffer
E (46735) opencores.emac: no mem for receive buffer
E (46735) opencores.emac: no mem for receive buffer
E (46735) opencores.emac: no mem for receive buffer
E (46735) opencores.emac: no mem for receive buffer
E (46735) opencores.emac: no mem for receive buffer
E (46735) opencores.emac: no mem for receive buffer
E (46735) opencores.emac: no mem for receive buffer
E (46735) opencores.emac: no mem for receive buffer
E (46735) opencores.emac: no mem for receive buffer
E (46735) opencores.emac: no mem for receive buffer
E (46735) opencores.emac: no mem for receive buffer
E (46735) opencores.emac: no mem for receive buffer
E (46735) opencores.emac: no mem for receive buffer
E (46735) opencores.emac: no mem for receive buffer
E (46735) opencores.emac: no mem for receive buffer
E (46735) opencores.emac: no mem for receive buffer
E (46735) opencores.emac: no mem for receive buffer
E (46735) opencores.emac: no mem for receive buffer
E (46735) opencores.emac: no mem for receive buffer
E (46735) opencores.emac: no mem for receive buffer
E (46735) opencores.emac: no mem for receive buffer
E (46735) opencores.emac: no mem for receive buffer
E (46735) opencores.emac: no mem for receive buffer
E (46735) opencores.emac: no mem for receive buffer
E (46735) opencores.emac: no mem for receive buffer
E (46735) opencores.emac: no mem for receive buffer
E (46735) opencores.emac: no mem for receive buffer
E (46735) opencores.emac: no mem for receive buffer
E (46735) opencores.emac: no mem for receive buffer
E (46735) opencores.emac: no mem for receive buffer
E (46735) opencores.emac: no mem for receive buffer
E (46735) opencores.emac: no mem for receive buffer
E (46735) opencores.emac: no mem for receive buffer
E (46735) opencores.emac: no mem for receive buffer
E (46735) opencores.emac: no mem for receive buffer
E (46735) opencores.emac: no mem for receive buffer
E (46735) opencores.emac: no mem for receive buffer
E (46735) opencores.emac: no mem for receive buffer
E (46735) opencores.emac: no mem for receive buffer
E (46735) opencores.emac: no mem for receive buffer
E (46735) opencores.emac: no mem for receive buffer
E (46735) opencores.emac: no mem for receive buffer
E (46735) opencores.emac: no mem for receive buffer
E (46735) opencores.emac: no mem for receive buffer
E (46735) opencores.emac: no mem for receive buffer
E (46735) opencores.emac: no mem for receive buffer
E (46735) opencores.emac: no mem for receive buffer
E (46735) opencores.emac: no mem for receive buffer
E (46735) opencores.emac: no mem for receive buffer
E (46735) opencores.emac: no mem for receive buffer
E (46735) opencores.emac: no mem for receive buffer
E (46735) opencores.emac: no mem for receive buffer
E (46735) opencores.emac: no mem for receive buffer
E (46735) opencores.emac: no mem for receive buffer
E (46735) opencores.emac: no mem for receive buffer
E (46735) opencores.emac: no mem for receive buffer
E (46735) opencores.emac: no mem for receive buffer
E (46735) opencores.emac: no mem for receive buffer
E (46735) opencores.emac: no mem for receive buffer
E (46735) opencores.emac: no mem for receive buffer
E (46735) opencores.emac: no mem for receive buffer
E (46735) opencores.emac: no mem for receive buffer
E (46735) opencores.emac: no mem for receive buffer
E (46735) opencores.emac: no mem for receive buffer
E (46735) opencores.emac: no mem for receive buffer
E (46735) opencores.emac: no mem for receive buffer
E (46735) opencores.emac: no mem for receive buffer
E (46735) opencores.emac: no mem for receive buffer
E (46735) opencores.emac: no mem for receive buffer
E (46735) opencores.emac: no mem for receive buffer
E (46735) opencores.emac: no mem for receive buffer
E (46735) opencores.emac: no mem for receive buffer
E (46735) opencores.emac: no mem for receive buffer
E (46735) opencores.emac: no mem for receive buffer
E (46735) opencores.emac: no mem for receive buffer
E (46735) opencores.emac: no mem for receive buffer
E (46735) opencores.emac: no mem for receive buffer
E (46735) opencores.emac: no mem for receive buffer
E (46735) opencores.emac: no mem for receive buffer
E (46735) opencores.emac: no mem for receive buffer
E (46735) opencores.emac: no mem for receive buffer
E (46735) opencores.emac: no mem for receive buffer
E (46735) opencores.emac: no mem for receive buffer
E (46735) opencores.emac: no mem for receive buffer
E (46735) opencores.emac: no mem for receive buffer
E (46735) opencores.emac: no mem for receive buffer
E (46735) opencores.emac: no mem for receive buffer
E (46735) opencores.emac: no mem for receive buffer
E (46735) opencores.emac: no mem for receive buffer
E (46735) opencores.emac: no mem for receive buffer
E (46735) opencores.emac: no mem for receive buffer
E (46735) opencores.emac: no mem for receive buffer
E (46735) opencores.emac: no mem for receive buffer
E (46735) opencores.emac: no mem for receive buffer
E (46735) opencores.emac: no mem for receive buffer
E (46735) opencores.emac: no mem for receive buffer
E (46735) opencores.emac: no mem for receive buffer
E (46735) opencores.emac: no mem for receive buffer
E (46735) opencores.emac: no mem for receive buffer
E (46735) opencores.emac: no mem for receive buffer
E (46735) opencores.emac: no mem for receive buffer
E (46735) opencores.emac: no mem for receive buffer
E (46735) opencores.emac: no mem for receive buffer
E (46735) opencores.emac: no mem for receive buffer
E (46735) opencores.emac: no mem for receive buffer
E (46735) opencores.emac: no mem for receive buffer
E (46735) opencores.emac: no mem for receive buffer
E (46735) opencores.emac: no mem for receive buffer
E (46735) opencores.emac: no mem for receive buffer
E (46735) opencores.emac: no mem for receive buffer
E (46735) opencores.emac: no mem for receive buffer
E (46735) opencores.emac: no mem for receive buffer
E (46735) opencores.emac: no mem for receive buffer
E (46735) opencores.emac: no mem for receive buffer
E (46735) opencores.emac: no mem for receive buffer
E (46735) opencores.emac: no mem for receive buffer
E (46735) opencores.emac: no mem for receive buffer
E (46735) opencores.emac: no mem for receive buffer
E (46735) opencores.emac: no mem for receive buffer
E (46735) opencores.emac: no mem for receive buffer
E (46735) opencores.emac: no mem for receive buffer
E (46735) opencores.emac: no mem for receive buffer
E (46735) opencores.emac: no mem for receive buffer
E (46735) opencores.emac: no mem for receive buffer
E (46735) opencores.emac: no mem for receive buffer
E (46735) opencores.emac: no mem for receive buffer
E (46735) opencores.emac: no mem for receive buffer
E (46735) opencores.emac: no mem for receive buffer
E (46745) opencores.emac: no mem for receive buffer
E (46745) opencores.emac: no mem for receive buffer
E (46745) opencores.emac: no mem for receive buffer
E (46745) opencores.emac: no mem for receive buffer
E (46745) opencores.emac: no mem for receive buffer
E (46745) opencores.emac: no mem for receive buffer
E (46745) opencores.emac: no mem for receive buffer
E (46745) opencores.emac: no mem for receive buffer
E (46745) opencores.emac: no mem for receive buffer
E (46745) opencores.emac: no mem for receive buffer
E (46745) opencores.emac: no mem for receive buffer
E (46745) opencores.emac: no mem for receive buffer
E (46745) opencores.emac: no mem for receive buffer
E (46745) opencores.emac: no mem for receive buffer
E (46745) opencores.emac: no mem for receive buffer
E (46745) opencores.emac: no mem for receive buffer
E (46745) opencores.emac: no mem for receive buffer
E (46745) opencores.emac: no mem for receive buffer
E (46745) opencores.emac: no mem for receive buffer
E (46745) opencores.emac: no mem for receive buffer
E (46745) opencores.emac: no mem for receive buffer
E (46745) opencores.emac: no mem for receive buffer
E (46745) opencores.emac: no mem for receive buffer
