Adding SPI flash device
ets Jul 29 2019 12:21:46

rst:0x1 (POWERON_RESET),boot:0x12 (SPI_FAST_FLASH_BOOT)
configsip: 0, SPIWP:0xee
clk_drv:0x00,q_drv:0x00,d_drv:0x00,cs0_drv:0x00,hd_drv:0x00,wp_drv:0x00
mode:DIO, clock div:2
load:0x3fff0040,len:6272
load:0x40078000,len:15820
load:0x40080400,len:3920
entry 0x40080644
I (672) boot: ESP-IDF v6.0.2 2nd stage bootloader
I (672) boot: compile time Aug 27 2026 04:28:50
I (672) boot: Multicore bootloader
I (709) boot: chip revision: v3.0
I (710) boot.esp32: SPI Speed      : 40MHz
I (710) boot.esp32: SPI Mode       : DIO
I (710) boot.esp32: SPI Flash Size : 2MB
I (722) boot: Enabling RNG early entropy source...
I (728) boot: Partition Table:
I (728) boot: ## Label            Usage          Type ST Offset   Length
I (728) boot:  0 nvs              WiFi data        01 02 00009000 00006000
I (728) boot:  1 phy_init         RF data          01 01 0000f000 00001000
I (728) boot:  2 factory          factory app      00 00 00010000 00100000
I (734) boot: End of partition table
I (777) esp_image: segment 0: paddr=00010020 vaddr=3f400020 size=1f424h (128036) map
I (801) esp_image: segment 1: paddr=0002f44c vaddr=3ffb0000 size=00bcch (  3020) load
I (817) esp_image: segment 2: paddr=00030020 vaddr=400d0020 size=53c84h (343172) map
I (851) esp_image: segment 3: paddr=00083cac vaddr=3ffb0bcc size=0204ch (  8268) load
I (865) esp_image: segment 4: paddr=00085d00 vaddr=40080000 size=0b2dch ( 45788) load
I (890) esp_image: segment 5: paddr=00090fe4 vaddr=50000000 size=00028h (    40) load
I (948) boot: Loaded app from partition at offset 0x10000
I (948) boot: Disabling RNG early entropy source...
I (958) cpu_start: Multicore app
D (959) cpu_start: Pro cpu up
D (959) cpu_start: Starting app cpu, entry point is 0x40081698
D (629) cpu_start: App cpu up
D (973) clk: RTC_SLOW_CLK calibration value: 3495245
I (1614) cpu_start: GPIO 3 and 1 are used as console UART I/O pins
D (1615) cpu_start: calling init function: 0x400d36a0 on core: 0
D (1616) cpu_start: calling init function: 0x400d4544 on core: 0
I (1616) cpu_start: Pro cpu start user code
I (1616) cpu_start: cpu freq: 160000000 Hz
D (1616) cpu_start: calling init function: 0x400d35e0 on core: 0
I (1616) app_init: Application information:
I (1616) app_init: Project name:     lwip_ch22_tls_esp_tls_mbedtls
I (1616) app_init: App version:      924d871
I (1616) app_init: Compile time:     Aug 27 2026 04:28:49
I (1616) app_init: ELF file SHA256:  7c8a37e1e...
I (1616) app_init: ESP-IDF:          v6.0.2
D (1617) cpu_start: calling init function: 0x400d36b4 on core: 0
I (1617) efuse_init: Min chip rev:     v0.0
I (1617) efuse_init: Max chip rev:     v3.99 
I (1617) efuse_init: Chip rev:         v3.0
D (1617) cpu_start: calling init function: 0x400d58e0 on core: 0
D (1617) memory_layout: Checking 9 reserved memory ranges:
D (1617) memory_layout: Reserved memory range 0x3ff82000 - 0x3ff82000
D (1618) memory_layout: Reserved memory range 0x3ffae000 - 0x3ffae6e0
D (1618) memory_layout: Reserved memory range 0x3ffb0000 - 0x3ffb50e0
D (1618) memory_layout: Reserved memory range 0x3ffe0000 - 0x3ffe0440
D (1618) memory_layout: Reserved memory range 0x3ffe3f20 - 0x3ffe4350
D (1618) memory_layout: Reserved memory range 0x40070000 - 0x40078000
D (1618) memory_layout: Reserved memory range 0x40078000 - 0x40080000
D (1618) memory_layout: Reserved memory range 0x40080000 - 0x4008b2dc
D (1618) memory_layout: Reserved memory range 0x50001fe8 - 0x50002000
D (1618) memory_layout: Building list of available memory regions:
D (1619) memory_layout: Available memory region 0x3ffae6e0 - 0x3ffb0000
D (1619) memory_layout: Available memory region 0x3ffb50e0 - 0x3ffb8000
D (1619) memory_layout: Available memory region 0x3ffb8000 - 0x3ffc0000
D (1619) memory_layout: Available memory region 0x3ffc0000 - 0x3ffc2000
D (1619) memory_layout: Available memory region 0x3ffc2000 - 0x3ffc4000
D (1619) memory_layout: Available memory region 0x3ffc4000 - 0x3ffc6000
D (1619) memory_layout: Available memory region 0x3ffc6000 - 0x3ffc8000
D (1620) memory_layout: Available memory region 0x3ffc8000 - 0x3ffca000
D (1620) memory_layout: Available memory region 0x3ffca000 - 0x3ffcc000
D (1620) memory_layout: Available memory region 0x3ffcc000 - 0x3ffce000
D (1620) memory_layout: Available memory region 0x3ffce000 - 0x3ffd0000
D (1620) memory_layout: Available memory region 0x3ffd0000 - 0x3ffd2000
D (1620) memory_layout: Available memory region 0x3ffd2000 - 0x3ffd4000
D (1620) memory_layout: Available memory region 0x3ffd4000 - 0x3ffd6000
D (1620) memory_layout: Available memory region 0x3ffd6000 - 0x3ffd8000
D (1620) memory_layout: Available memory region 0x3ffd8000 - 0x3ffda000
D (1621) memory_layout: Available memory region 0x3ffda000 - 0x3ffdc000
D (1621) memory_layout: Available memory region 0x3ffdc000 - 0x3ffde000
D (1621) memory_layout: Available memory region 0x3ffde000 - 0x3ffe0000
D (1621) memory_layout: Available memory region 0x3ffe0440 - 0x3ffe3f20
D (1621) memory_layout: Available memory region 0x3ffe4350 - 0x3ffe8000
D (1621) memory_layout: Available memory region 0x3ffe8000 - 0x3fff0000
D (1621) memory_layout: Available memory region 0x3fff0000 - 0x3fff8000
D (1621) memory_layout: Available memory region 0x3fff8000 - 0x3fffc000
D (1622) memory_layout: Available memory region 0x3fffc000 - 0x40000000
D (1622) memory_layout: Available memory region 0x4008b2dc - 0x4008c000
D (1622) memory_layout: Available memory region 0x4008c000 - 0x4008e000
D (1622) memory_layout: Available memory region 0x4008e000 - 0x40090000
D (1622) memory_layout: Available memory region 0x40090000 - 0x40092000
D (1622) memory_layout: Available memory region 0x40092000 - 0x40094000
D (1622) memory_layout: Available memory region 0x40094000 - 0x40096000
D (1622) memory_layout: Available memory region 0x40096000 - 0x40098000
D (1622) memory_layout: Available memory region 0x40098000 - 0x4009a000
D (1623) memory_layout: Available memory region 0x4009a000 - 0x4009c000
D (1623) memory_layout: Available memory region 0x4009c000 - 0x4009e000
D (1623) memory_layout: Available memory region 0x4009e000 - 0x400a0000
I (1623) heap_init: Initializing. RAM available for dynamic allocation:
D (1623) heap_init: New heap initialised at 0x3ffae6e0
I (1624) heap_init: At 3FFAE6E0 len 00001920 (6 KiB): DRAM
D (1624) heap_init: New heap initialised at 0x3ffb50e0
I (1624) heap_init: At 3FFB50E0 len 0002AF20 (171 KiB): DRAM
I (1624) heap_init: At 3FFE0440 len 00003AE0 (14 KiB): D/IRAM
I (1624) heap_init: At 3FFE4350 len 0001BCB0 (111 KiB): D/IRAM
D (1624) heap_init: New heap initialised at 0x4008b2dc
I (1624) heap_init: At 4008B2DC len 00014D24 (83 KiB): IRAM
D (1625) cpu_start: calling init function: 0x400d3b48 on core: 0
D (1625) cpu_start: calling init function: 0x400d6b54 on core: 0
D (1626) cpu_start: calling init function: 0x400d4588 on core: 0
D (1627) intr_alloc: Connected src 46 to int 1 (cpu 0)
D (1627) cpu_start: calling init function: 0x400d4598 on core: 0
D (1627) cpu_start: calling init function: 0x400d7e20 on core: 0
D (1628) cpu_start: calling init function: 0x400d9548 on core: 0
D (1628) cpu_start: calling init function: 0x400d3534 on core: 0
D (1628) cpu_start: calling init function: 0x400d6b60 on core: 0
D (1628) cpu_start: calling init function: 0x400d3ed8 on core: 0
D (1637) spi_flash: trying chip: issi
D (1640) spi_flash: trying chip: gd
I (1650) spi_flash: detected chip: gd
I (1654) spi_flash: flash io: dio
W (1657) spi_flash: Detected size(4096k) larger than the size in the binary image header(2048k). Using the size in the binary image header.
D (1657) cpu_start: calling init function: 0x400d3740 on core: 0
D (1658) cpu_start: calling init function: 0x400ddb50 on core: 0
D (1659) intr_alloc: Connected src 17 to int 2 (cpu 0)
D (1659) cpu_start: calling init function: 0x4011e134 on core: 0
D (1659) cpu_start: calling init function: 0x401019b0 on core: 0
D (1660) cpu_start: calling init function: 0x400d45a4 on core: 0
D (1661) intr_alloc: Connected src 24 to int 3 (cpu 0)
D (1661) app_start: Starting scheduler on CPU0
D (1663) intr_alloc: Connected src 25 to int 1 (cpu 1)
I (1663) main_task: Started on CPU0
D (1663) app_start: Starting scheduler on CPU1
D (1663) heap_init: New heap initialised at 0x3ffe0440
D (1663) heap_init: New heap initialised at 0x3ffe4350
D (1663) intr_alloc: Connected src 16 to int 5 (cpu 0)
I (1663) main_task: Calling app_main()
I (1663) ch22lab: == ch22: tls/esp-tls/mbedtls over openeth ==
D (1663) esp_netif_lwip: LwIP stack has been initialized
D (1663) esp_netif_lwip: esp-netif has been successfully initialized
D (1663) event: running task for loop 0x3ffaffb8
D (1663) event: created task for loop 0x3ffaffb8
D (1663) event: created event loop 0x3ffaffb8
D (1663) esp_netif_objects: esp_netif_add_to_list_unsafe netif added successfully (total netifs: 1)
D (1663) intr_alloc: Connected src 38 to int 8 (cpu 0)
D (1663) opencores.emac: Using MAC address 52:54:00:12:34:56 set in QEMU
D (1663) eth_phy_802_3: Found PHY address: 1
D (1683) esp_eth: new ethernet driver @0x3ffbb07c
I (1683) esp_eth.netif.netif_glue: 52:54:00:12:34:56
I (1683) esp_eth.netif.netif_glue: ethernet attached to netif
D (1783) event: running post ETH_EVENT:0 with handler 0x400d95ac and context 0x3ffbb120 on loop 0x3ffaffb8
D (1783) event: running post ETH_EVENT:0 with handler 0x400dbaac and context 0x3ffbb1b8 on loop 0x3ffaffb8
D (1783) esp_eth.netif.netif_glue: eth_action_start: 0x3ffbb184, 0x3f405044, 0, 0x3ffbb288, 0x3ffbb07c
D (1783) esp_netif_handlers: esp_netif action has started with netif0x3ffb9d3c from event_id=0
D (1783) esp_netif_lwip: Multicast add filter IPv4: 224.0.0.1
D (1783) esp_eth.netif.netif_glue: Add filter MAC: 01:00:5e:00:00:01
E (1783) esp_eth: esp_eth_ioctl(533): add mac address to filter not supported
E (1783) esp_eth.netif.netif_glue: eth_set_mac_filter(56): failed to add mac filter
E (1783) esp_netif_lwip: Failed to add multicast filter for IPv4
D (1783) event: running post ETH_EVENT:2 with handler 0x400d95ac and context 0x3ffbb120 on loop 0x3ffaffb8
I (1783) ch22lab: ETH link up
D (1783) event: running post ETH_EVENT:2 with handler 0x400dba1c and context 0x3ffbb218 on loop 0x3ffaffb8
D (1783) esp_eth.netif.netif_glue: eth_action_connected: 0x3ffbb184, 0x3f405044, 2, 0x3ffbb288, 0x3ffbb07c
D (1783) esp_netif_handlers: esp_netif action connected with netif0x3ffb9d3c from event_id=2
I (1783) ch22lab: waiting for DHCP lease ...
D (1783) esp_netif_lwip: if0x3ffb9d3c start ip lost tmr: interval=120
D (1783) esp_netif_lwip: starting dhcp client
D (1783) event: no handlers have been registered for event IP_EVENT:9 posted to loop 0x3ffaffb8
D (2793) esp_netif_lwip: if0x3ffb9d3c ip changed=1
D (2793) event: running post IP_EVENT:4 with handler 0x400d9fa4 and context 0x3ffbb164 on loop 0x3ffaffb8
I (2793) ch22lab: GOT_IP: 10.0.2.15
D (2793) event: running post IP_EVENT:4 with handler 0x400db9ac and context 0x3ffbb268 on loop 0x3ffaffb8
D (2793) esp_eth.netif.netif_glue: eth_action_got_ip: 0x3ffbb184, 0x3f40bf9c, 4, 0x3ffbb3d4, 0x3ffb9d3c
D (2793) esp_netif_handlers: esp_netif action got_ip with netif0x3ffb9d3c from event_id=4
I (2793) esp_netif_handlers: eth ip: 10.0.2.15, mask: 255.255.255.0, gw: 10.0.2.2

== ch22 lab start ==
[info] sizeof(mbedtls_ssl_context)=264 sizeof(mbedtls_ssl_config)=136
[srv-create] plain=1 tls=1
[mem-tick] t=    1170 ms phase=idle         free=224400
I (2793) main_task: Returned from app_main()
[srv-p] accepting
[srv-ready] plain=1 tls=1
[mem] boot-baseline          free=228880 largest=110592 min-ever=224320

===== PHASE A/B [RSA] port=22443 =====
[mem-tick] t=    1267 ms phase=RSA-baseline free=228880
[mem-tick] t=    1366 ms phase=RSA-baseline free=228880
[mem-tick] t=    1466 ms phase=RSA-baseline free=228880
[mem] baseline               free=228880 largest=110592 min-ever=224320
[mem-tick] t=    1569 ms phase=handshake    free=228208
W (3203) esp-tls-mbedtls: skip_common_name=true: hostname matching and SNI disabled. This disables ALL server-name authentication (CN/SAN/SNI), not just CN. Only intended for loopback / debug clients.
D (3203) esp-tls: handshake in progress...
I (3203) mbedtls: ssl_tls.c:4282 0x3ffc65bc: => handshake

I (3203) mbedtls: ssl_msg.c:2063 0x3ffc65bc: => flush output

I (3203) mbedtls: ssl_msg.c:2072 0x3ffc65bc: <= flush output

I (3203) mbedtls: ssl_tls.c:4201 0x3ffc65bc: client state: MBEDTLS_SSL_HELLO_REQUEST

D (3203) mbedtls: ssl_misc.h:1295 0x3ffc65bc: handshake state: 0 (MBEDTLS_SSL_HELLO_REQUEST) -> 1 (MBEDTLS_SSL_CLIENT_HELLO)

I (3203) mbedtls: ssl_msg.c:2063 0x3ffc65bc: => flush output

I (3203) mbedtls: ssl_msg.c:2072 0x3ffc65bc: <= flush output

I (3203) mbedtls: ssl_tls.c:4201 0x3ffc65bc: client state: MBEDTLS_SSL_CLIENT_HELLO

I (3203) mbedtls: ssl_client.c:917 0x3ffc65bc: => write client hello

D (3203) mbedtls: ssl_client.c:722 0x3ffc65bc: client hello, current time: 1

D (3203) mbedtls: ssl_client.c:485 0x3ffc65bc: dumping 'client hello, random bytes' (32 bytes)

D (3203) mbedtls: ssl_client.c:485 0x3ffc65bc: 0000:  00 00 00 01 3d 73 8b 3a 2d 6a 0f 6f e0 52 64 d5  ....=s.:-j.o.Rd.

D (3203) mbedtls: ssl_client.c:485 0x3ffc65bc: 0010:  c7 2d f6 2a e6 c0 01 da 8c f9 5d c1 85 d1 1e c1  .-.*......].....

D (3203) mbedtls: ssl_client.c:510 0x3ffc65bc: dumping 'session id' (0 bytes)

D (3203) mbedtls: ssl_client.c:368 0x3ffc65bc: client hello, add ciphersuite: c02c, TLS-ECDHE-ECDSA-WITH-AES-256-GCM-SHA384

D (3203) mbedtls: ssl_client.c:368 0x3ffc65bc: client hello, add ciphersuite: c030, TLS-ECDHE-RSA-WITH-AES-256-GCM-SHA384

D (3203) mbedtls: ssl_client.c:368 0x3ffc65bc: client hello, add ciphersuite: c0ad, TLS-ECDHE-ECDSA-WITH-AES-256-CCM

D (3203) mbedtls: ssl_client.c:368 0x3ffc65bc: client hello, add ciphersuite: c024, TLS-ECDHE-ECDSA-WITH-AES-256-CBC-SHA384

D (3203) mbedtls: ssl_client.c:368 0x3ffc65bc: client hello, add ciphersuite: c028, TLS-ECDHE-RSA-WITH-AES-256-CBC-SHA384

D (3203) mbedtls: ssl_client.c:368 0x3ffc65bc: client hello, add ciphersuite: c00a, TLS-ECDHE-ECDSA-WITH-AES-256-CBC-SHA

D (3203) mbedtls: ssl_client.c:368 0x3ffc65bc: client hello, add ciphersuite: c014, TLS-ECDHE-RSA-WITH-AES-256-CBC-SHA

D (3203) mbedtls: ssl_client.c:368 0x3ffc65bc: client hello, add ciphersuite: c0af, TLS-ECDHE-ECDSA-WITH-AES-256-CCM-8

D (3203) mbedtls: ssl_client.c:368 0x3ffc65bc: client hello, add ciphersuite: c02b, TLS-ECDHE-ECDSA-WITH-AES-128-GCM-SHA256

D (3203) mbedtls: ssl_client.c:368 0x3ffc65bc: client hello, add ciphersuite: c02f, TLS-ECDHE-RSA-WITH-AES-128-GCM-SHA256

D (3203) mbedtls: ssl_client.c:368 0x3ffc65bc: client hello, add ciphersuite: c0ac, TLS-ECDHE-ECDSA-WITH-AES-128-CCM

D (3203) mbedtls: ssl_client.c:368 0x3ffc65bc: client hello, add ciphersuite: c023, TLS-ECDHE-ECDSA-WITH-AES-128-CBC-SHA256

D (3203) mbedtls: ssl_client.c:368 0x3ffc65bc: client hello, add ciphersuite: c027, TLS-ECDHE-RSA-WITH-AES-128-CBC-SHA256

D (3203) mbedtls: ssl_client.c:368 0x3ffc65bc: client hello, add ciphersuite: c009, TLS-ECDHE-ECDSA-WITH-AES-128-CBC-SHA

D (3213) mbedtls: ssl_client.c:368 0x3ffc65bc: client hello, add ciphersuite: c013, TLS-ECDHE-RSA-WITH-AES-128-CBC-SHA

D (3213) mbedtls: ssl_client.c:368 0x3ffc65bc: client hello, add ciphersuite: c0ae, TLS-ECDHE-ECDSA-WITH-AES-128-CCM-8

D (3213) mbedtls: ssl_client.c:386 0x3ffc65bc: adding EMPTY_RENEGOTIATION_INFO_SCSV

D (3213) mbedtls: ssl_client.c:395 0x3ffc65bc: client hello, got 17 cipher suites

D (3213) mbedtls: ssl_client.c:229 0x3ffc65bc: client hello, adding supported_groups extension

D (3213) mbedtls: ssl_client.c:248 0x3ffc65bc: got supported group(001d)

D (3213) mbedtls: ssl_client.c:280 0x3ffc65bc: NamedGroup: x25519 ( 1d )

D (3213) mbedtls: ssl_client.c:248 0x3ffc65bc: got supported group(0017)

D (3213) mbedtls: ssl_client.c:280 0x3ffc65bc: NamedGroup: secp256r1 ( 17 )

D (3213) mbedtls: ssl_client.c:248 0x3ffc65bc: got supported group(0018)

D (3213) mbedtls: ssl_client.c:280 0x3ffc65bc: NamedGroup: secp384r1 ( 18 )

D (3213) mbedtls: ssl_client.c:248 0x3ffc65bc: got supported group(001e)

D (3213) mbedtls: ssl_client.c:280 0x3ffc65bc: NamedGroup: x448 ( 1e )

D (3213) mbedtls: ssl_client.c:248 0x3ffc65bc: got supported group(0019)

D (3213) mbedtls: ssl_client.c:280 0x3ffc65bc: NamedGroup: secp521r1 ( 19 )

D (3213) mbedtls: ssl_client.c:248 0x3ffc65bc: got supported group(001a)

D (3213) mbedtls: ssl_client.c:280 0x3ffc65bc: NamedGroup: bp256r1 ( 1a )

D (3213) mbedtls: ssl_client.c:248 0x3ffc65bc: got supported group(001b)

D (3213) mbedtls: ssl_client.c:280 0x3ffc65bc: NamedGroup: bp384r1 ( 1b )

D (3213) mbedtls: ssl_client.c:248 0x3ffc65bc: got supported group(001c)

D (3213) mbedtls: ssl_client.c:280 0x3ffc65bc: NamedGroup: bp512r1 ( 1c )

D (3213) mbedtls: ssl_client.c:248 0x3ffc65bc: got supported group(0100)

D (3213) mbedtls: ssl_client.c:248 0x3ffc65bc: got supported group(0101)

D (3213) mbedtls: ssl_client.c:248 0x3ffc65bc: got supported group(0102)

D (3213) mbedtls: ssl_client.c:248 0x3ffc65bc: got supported group(0103)

D (3213) mbedtls: ssl_client.c:248 0x3ffc65bc: got supported group(0104)

D (3213) mbedtls: ssl_client.c:300 0x3ffc65bc: dumping 'Supported groups extension' (18 bytes)

D (3213) mbedtls: ssl_client.c:300 0x3ffc65bc: 0000:  00 10 00 1d 00 17 00 18 00 1e 00 19 00 1a 00 1b  ................

D (3213) mbedtls: ssl_client.c:300 0x3ffc65bc: 0010:  00 1c                                            ..

D (3213) mbedtls: ssl_tls.c:8276 0x3ffc65bc: adding signature_algorithms extension

D (3213) mbedtls: ssl_tls.c:8296 0x3ffc65bc: got signature scheme [603] ecdsa_secp521r1_sha512

D (3213) mbedtls: ssl_tls.c:8305 0x3ffc65bc: sent signature scheme [603] ecdsa_secp521r1_sha512

D (3213) mbedtls: ssl_tls.c:8296 0x3ffc65bc: got signature scheme [806] rsa_pss_rsae_sha512

D (3213) mbedtls: ssl_tls.c:8296 0x3ffc65bc: got signature scheme [601] rsa_pkcs1_sha512

D (3213) mbedtls: ssl_tls.c:8305 0x3ffc65bc: sent signature scheme [601] rsa_pkcs1_sha512

D (3213) mbedtls: ssl_tls.c:8296 0x3ffc65bc: got signature scheme [503] ecdsa_secp384r1_sha384

D (3213) mbedtls: ssl_tls.c:8305 0x3ffc65bc: sent signature scheme [503] ecdsa_secp384r1_sha384

D (3213) mbedtls: ssl_tls.c:8296 0x3ffc65bc: got signature scheme [805] rsa_pss_rsae_sha384

D (3213) mbedtls: ssl_tls.c:8296 0x3ffc65bc: got signature scheme [501] rsa_pkcs1_sha384

D (3213) mbedtls: ssl_tls.c:8305 0x3ffc65bc: sent signature scheme [501] rsa_pkcs1_sha384

D (3213) mbedtls: ssl_tls.c:8296 0x3ffc65bc: got signature scheme [403] ecdsa_secp256r1_sha256

D (3213) mbedtls: ssl_tls.c:8305 0x3ffc65bc: sent signature scheme [403] ecdsa_secp256r1_sha256

D (3213) mbedtls: ssl_tls.c:8296 0x3ffc65bc: got signature scheme [804] rsa_pss_rsae_sha256

D (3213) mbedtls: ssl_tls.c:8296 0x3ffc65bc: got signature scheme [401] rsa_pkcs1_sha256

D (3213) mbedtls: ssl_tls.c:8305 0x3ffc65bc: sent signature scheme [401] rsa_pkcs1_sha256

D (3213) mbedtls: ssl_tls12_client.c:103 0x3ffc65bc: client hello, adding supported_point_formats extension

D (3213) mbedtls: ssl_tls12_client.c:287 0x3ffc65bc: client hello, adding encrypt_then_mac extension

D (3213) mbedtls: ssl_tls12_client.c:319 0x3ffc65bc: client hello, adding extended_master_secret extension

D (3213) mbedtls: ssl_tls12_client.c:352 0x3ffc65bc: client hello, adding session ticket extension

D (3213) mbedtls: ssl_client.c:687 0x3ffc65bc: client hello, total extension length: 58

D (3213) mbedtls: ssl_client.c:689 0x3ffc65bc: dumping 'client hello extensions' (58 bytes)

D (3213) mbedtls: ssl_client.c:689 0x3ffc65bc: 0000:  00 3a 00 0a 00 12 00 10 00 1d 00 17 00 18 00 1e  .:..............

D (3213) mbedtls: ssl_client.c:689 0x3ffc65bc: 0010:  00 19 00 1a 00 1b 00 1c 00 0d 00 0e 00 0c 06 03  ................

D (3213) mbedtls: ssl_client.c:689 0x3ffc65bc: 0020:  06 01 05 03 05 01 04 03 04 01 00 0b 00 02 01 00  ................

D (3213) mbedtls: ssl_client.c:689 0x3ffc65bc: 0030:  00 16 00 00 00 17 00 00 00 23                    .........#

I (3223) mbedtls: ssl_msg.c:2494 0x3ffc65bc: => write handshake message

I (3223) mbedtls: ssl_msg.c:2654 0x3ffc65bc: => write record

D (3223) mbedtls: ssl_msg.c:2737 0x3ffc65bc: output record: msgtype = 22, version = [3:3], msglen = 137

I (3223) mbedtls: ssl_msg.c:2790 0x3ffc65bc: <= write record

I (3223) mbedtls: ssl_msg.c:2615 0x3ffc65bc: <= write handshake message

D (3223) mbedtls: ssl_misc.h:1295 0x3ffc65bc: handshake state: 1 (MBEDTLS_SSL_CLIENT_HELLO) -> 2 (MBEDTLS_SSL_SERVER_HELLO)

I (3223) mbedtls: ssl_client.c:1010 0x3ffc65bc: <= write client hello

I (3223) mbedtls: ssl_msg.c:2063 0x3ffc65bc: => flush output

I (3223) mbedtls: ssl_msg.c:2077 0x3ffc65bc: message length: 142, out_left: 142

I (3223) mbedtls: ssl_msg.c:2084 0x3ffc65bc: ssl->f_send() returned 142 (-0xffffff72)

I (3223) mbedtls: ssl_msg.c:2111 0x3ffc65bc: <= flush output

I (3223) mbedtls: ssl_tls.c:4201 0x3ffc65bc: client state: MBEDTLS_SSL_SERVER_HELLO

I (3223) mbedtls: ssl_tls12_client.c:1151 0x3ffc65bc: => parse server hello

I (3223) mbedtls: ssl_msg.c:4040 0x3ffc65bc: => read record

I (3223) mbedtls: ssl_msg.c:1865 0x3ffc65bc: => fetch input

I (3223) mbedtls: ssl_msg.c:2005 0x3ffc65bc: in_left: 0, nb_want: 5

I (3223) mbedtls: ssl_msg.c:2025 0x3ffc65bc: in_left: 0, nb_want: 5

I (3223) mbedtls: ssl_msg.c:2028 0x3ffc65bc: ssl->f_recv(_timeout)() returned 5 (-0xfffffffb)

I (3223) mbedtls: ssl_msg.c:2050 0x3ffc65bc: <= fetch input

D (3223) mbedtls: ssl_msg.c:3707 0x3ffc65bc: input record: msgtype = 22, version = [0x303], msglen = 65

I (3223) mbedtls: ssl_msg.c:1865 0x3ffc65bc: => fetch input

I (3223) mbedtls: ssl_msg.c:2005 0x3ffc65bc: in_left: 5, nb_want: 70

I (3223) mbedtls: ssl_msg.c:2025 0x3ffc65bc: in_left: 5, nb_want: 70

I (3223) mbedtls: ssl_msg.c:2028 0x3ffc65bc: ssl->f_recv(_timeout)() returned 65 (-0xffffffbf)

I (3223) mbedtls: ssl_msg.c:2050 0x3ffc65bc: <= fetch input

D (3223) mbedtls: ssl_msg.c:2948 0x3ffc65bc: handshake message: msglen = 65, type = 2, hslen = 65

D (3223) mbedtls: ssl_msg.c:3085 0x3ffc65bc: sole handshake fragment: 65, 0..65 of 65

I (3223) mbedtls: ssl_msg.c:4112 0x3ffc65bc: <= read record

D (3223) mbedtls: ssl_tls12_client.c:1225 0x3ffc65bc: dumping 'server hello, version' (2 bytes)

D (3223) mbedtls: ssl_tls12_client.c:1225 0x3ffc65bc: 0000:  03 03                                            ..

D (3223) mbedtls: ssl_tls12_client.c:1246 0x3ffc65bc: server hello, current time: 505626995

D (3223) mbedtls: ssl_tls12_client.c:1256 0x3ffc65bc: dumping 'server hello, random bytes' (32 bytes)

D (3223) mbedtls: ssl_tls12_client.c:1256 0x3ffc65bc: 0000:  1e 23 41 73 b4 cf f3 cb 4a ae 8a c8 18 35 84 b0  .#As....J....5..

D (3223) mbedtls: ssl_tls12_client.c:1256 0x3ffc65bc: 0010:  f2 28 55 04 40 ba bb f9 c8 e8 cb 3a fe 4a cc e9  .(U.@......:.J..

D (3223) mbedtls: ssl_tls12_client.c:1318 0x3ffc65bc: server hello, session id len.: 0

D (3223) mbedtls: ssl_tls12_client.c:1319 0x3ffc65bc: dumping 'server hello, session id' (0 bytes)

D (3223) mbedtls: ssl_misc.h:1295 0x3ffc65bc: handshake state: 2 (MBEDTLS_SSL_SERVER_HELLO) -> 3 (MBEDTLS_SSL_SERVER_CERTIFICATE)

D (3223) mbedtls: ssl_tls12_client.c:1343 0x3ffc65bc: no session has been resumed

D (3233) mbedtls: ssl_tls12_client.c:1346 0x3ffc65bc: server hello, chosen ciphersuite: c030

D (3233) mbedtls: ssl_tls12_client.c:1347 0x3ffc65bc: server hello, compress alg.: 0

D (3233) mbedtls: ssl_tls12_client.c:1382 0x3ffc65bc: server hello, chosen ciphersuite: TLS-ECDHE-RSA-WITH-AES-256-GCM-SHA384

I (3233) mbedtls: ssl_tls12_client.c:1403 0x3ffc65bc: server hello, total extension length: 21

D (3233) mbedtls: ssl_tls12_client.c:1421 0x3ffc65bc: found renegotiation extension

D (3233) mbedtls: ssl_tls12_client.c:1500 0x3ffc65bc: found supported_point_formats extension

D (3233) mbedtls: ssl_tls12_client.c:1486 0x3ffc65bc: found session_ticket extension

D (3233) mbedtls: ssl_tls12_client.c:1473 0x3ffc65bc: found extended_master_secret extension

I (3233) mbedtls: ssl_tls12_client.c:1617 0x3ffc65bc: <= parse server hello

I (3233) mbedtls: ssl_msg.c:2063 0x3ffc65bc: => flush output

I (3233) mbedtls: ssl_msg.c:2072 0x3ffc65bc: <= flush output

I (3233) mbedtls: ssl_tls.c:4201 0x3ffc65bc: client state: MBEDTLS_SSL_SERVER_CERTIFICATE

I (3233) mbedtls: ssl_tls.c:7077 0x3ffc65bc: => parse certificate

I (3233) mbedtls: ssl_msg.c:4040 0x3ffc65bc: => read record

I (3233) mbedtls: ssl_msg.c:1865 0x3ffc65bc: => fetch input

I (3233) mbedtls: ssl_msg.c:2005 0x3ffc65bc: in_left: 0, nb_want: 5

I (3233) mbedtls: ssl_msg.c:2025 0x3ffc65bc: in_left: 0, nb_want: 5

I (3233) mbedtls: ssl_msg.c:2028 0x3ffc65bc: ssl->f_recv(_timeout)() returned 5 (-0xfffffffb)

I (3233) mbedtls: ssl_msg.c:2050 0x3ffc65bc: <= fetch input

D (3233) mbedtls: ssl_msg.c:3707 0x3ffc65bc: input record: msgtype = 22, version = [0x303], msglen = 791

I (3233) mbedtls: ssl_msg.c:1865 0x3ffc65bc: => fetch input

I (3233) mbedtls: ssl_msg.c:2005 0x3ffc65bc: in_left: 5, nb_want: 796

I (3233) mbedtls: ssl_msg.c:2025 0x3ffc65bc: in_left: 5, nb_want: 796

I (3233) mbedtls: ssl_msg.c:2028 0x3ffc65bc: ssl->f_recv(_timeout)() returned 791 (-0xfffffce9)

I (3233) mbedtls: ssl_msg.c:2050 0x3ffc65bc: <= fetch input

D (3233) mbedtls: ssl_msg.c:2948 0x3ffc65bc: handshake message: msglen = 791, type = 11, hslen = 791

D (3233) mbedtls: ssl_msg.c:3085 0x3ffc65bc: sole handshake fragment: 791, 0..791 of 791

I (3233) mbedtls: ssl_msg.c:4112 0x3ffc65bc: <= read record

D (3233) mbedtls: ssl_tls.c:6952 0x3ffc65bc: peer certificate #1:

D (3243) mbedtls: ssl_tls.c:6952 0x3ffc65bc: cert. version     : 3

D (3243) mbedtls: ssl_tls.c:6952 0x3ffc65bc: serial number     : 77:66:A5:9D:AF:14:9E:F2:03:F7:3C:2B:1A:5C:81:86:F8:A3:4E:52

D (3243) mbedtls: ssl_tls.c:6952 0x3ffc65bc: issuer name       : CN=localhost

D (3243) mbedtls: ssl_tls.c:6952 0x3ffc65bc: subject name      : CN=localhost

D (3243) mbedtls: ssl_tls.c:6952 0x3ffc65bc: issued  on        : 2026-08-26 20:20:30

D (3243) mbedtls: ssl_tls.c:6952 0x3ffc65bc: expires on        : 2026-09-25 20:20:30

D (3243) mbedtls: ssl_tls.c:6952 0x3ffc65bc: signed using      : RSA with SHA-256

D (3243) mbedtls: ssl_tls.c:6952 0x3ffc65bc: RSA key size      : 2048 bits

D (3243) mbedtls: ssl_tls.c:6952 0x3ffc65bc: basic constraints : CA=true

D (3243) mbedtls: ssl_tls.c:6952 0x3ffc65bc: dumping 'crt->PK' (270 bytes)

D (3243) mbedtls: ssl_tls.c:6952 0x3ffc65bc: 0000:  30 82 01 0a 02 82 01 01 00 dd 03 19 3e 8f 4a 05

D (3243) mbedtls: ssl_tls.c:6952 0x3ffc65bc: 0010:  9c d6 74 e1 46 bc 40 7a 7e af 78 09 38 f6 d0 1c

D (3243) mbedtls: ssl_tls.c:6952 0x3ffc65bc: 0020:  9d e4 2b 18 4c a1 87 f6 83 55 82 2d e0 21 fb b2

D (3243) mbedtls: ssl_tls.c:6952 0x3ffc65bc: 0030:  00 2f 9b 98 36 24 73 47 a2 11 bb 50 05 1c 9e 40

D (3243) mbedtls: ssl_tls.c:6952 0x3ffc65bc: 0040:  41 c9 de 81 7e a1 eb 82 48 35 d0 51 24 0d 22 bd

D (3243) mbedtls: ssl_tls.c:6952 0x3ffc65bc: 0050:  7e c7 0b 60 74 e2 60 3e 76 de c1 3d b5 9f e9 d2

D (3243) mbedtls: ssl_tls.c:6952 0x3ffc65bc: 0060:  ac 90 d3 84 2a 75 7c 41 8a 11 14 c8 bc 09 7b 9d

D (3243) mbedtls: ssl_tls.c:6952 0x3ffc65bc: 0070:  45 54 95 c1 50 05 be f1 34 c0 05 55 f5 a2 b3 a8

D (3243) mbedtls: ssl_tls.c:6952 0x3ffc65bc: 0080:  24 f6 ab 22 df 72 97 ef b5 8f e4 fe 49 be 4f c1

D (3243) mbedtls: ssl_tls.c:6952 0x3ffc65bc: 0090:  08 e0 39 7a cd ba 74 2e d1 20 74 ad 6b 59 ab 86

D (3243) mbedtls: ssl_tls.c:6952 0x3ffc65bc: 00a0:  5d 29 ab 81 f0 c1 22 3f 01 b9 0b a1 fb ee 70 9f

D (3243) mbedtls: ssl_tls.c:6952 0x3ffc65bc: 00b0:  eb 29 5e 9f 1d 6a 0d dc 65 fd 5e 5d 38 0c 1a c3

D (3243) mbedtls: ssl_tls.c:6952 0x3ffc65bc: 00c0:  ae b7 b7 2f 66 23 82 80 ab 7d 69 7c 8f 95 ab e8

D (3243) mbedtls: ssl_tls.c:6952 0x3ffc65bc: 00d0:  c0 4d 21 42 7d 78 c8 25 8b 60 f6 0d 87 c9 f4 df

D (3243) mbedtls: ssl_tls.c:6952 0x3ffc65bc: 00e0:  36 bf 16 7c 59 16 d1 09 ec 17 67 cf 5d 9f 8f 78

D (3243) mbedtls: ssl_tls.c:6952 0x3ffc65bc: 00f0:  8c 3d d0 02 18 d5 bc a7 19 f4 51 fe 1d b3 20 40

D (3243) mbedtls: ssl_tls.c:6952 0x3ffc65bc: 0100:  67 7e 3a cc 30 f3 8d a0 ef 02 03 01 00 01      

I (3243) mbedtls: ssl_tls.c:7191 0x3ffc65bc: <= parse certificate

D (3243) mbedtls: ssl_misc.h:1295 0x3ffc65bc: handshake state: 3 (MBEDTLS_SSL_SERVER_CERTIFICATE) -> 4 (MBEDTLS_SSL_SERVER_KEY_EXCHANGE)

I (3243) mbedtls: ssl_msg.c:2063 0x3ffc65bc: => flush output

I (3243) mbedtls: ssl_msg.c:2072 0x3ffc65bc: <= flush output

I (3243) mbedtls: ssl_tls.c:4201 0x3ffc65bc: client state: MBEDTLS_SSL_SERVER_KEY_EXCHANGE

I (3243) mbedtls: ssl_tls12_client.c:1831 0x3ffc65bc: => parse server key exchange

I (3243) mbedtls: ssl_msg.c:4040 0x3ffc65bc: => read record

I (3243) mbedtls: ssl_msg.c:1865 0x3ffc65bc: => fetch input

I (3243) mbedtls: ssl_msg.c:2005 0x3ffc65bc: in_left: 0, nb_want: 5

I (3243) mbedtls: ssl_msg.c:2025 0x3ffc65bc: in_left: 0, nb_want: 5

I (3243) mbedtls: ssl_msg.c:2028 0x3ffc65bc: ssl->f_recv(_timeout)() returned 5 (-0xfffffffb)

I (3243) mbedtls: ssl_msg.c:2050 0x3ffc65bc: <= fetch input

D (3243) mbedtls: ssl_msg.c:3707 0x3ffc65bc: input record: msgtype = 22, version = [0x303], msglen = 300

I (3243) mbedtls: ssl_msg.c:1865 0x3ffc65bc: => fetch input

I (3243) mbedtls: ssl_msg.c:2005 0x3ffc65bc: in_left: 5, nb_want: 305

I (3243) mbedtls: ssl_msg.c:2025 0x3ffc65bc: in_left: 5, nb_want: 305

I (3243) mbedtls: ssl_msg.c:2028 0x3ffc65bc: ssl->f_recv(_timeout)() returned 300 (-0xfffffed4)

I (3243) mbedtls: ssl_msg.c:2050 0x3ffc65bc: <= fetch input

D (3243) mbedtls: ssl_msg.c:2948 0x3ffc65bc: handshake message: msglen = 300, type = 12, hslen = 300

D (3243) mbedtls: ssl_msg.c:3085 0x3ffc65bc: sole handshake fragment: 300, 0..300 of 300

I (3243) mbedtls: ssl_msg.c:4112 0x3ffc65bc: <= read record

D (3243) mbedtls: ssl_tls12_client.c:1885 0x3ffc65bc: dumping 'server key exchange' (296 bytes)

D (3243) mbedtls: ssl_tls12_client.c:1885 0x3ffc65bc: 0000:  03 00 1d 20 21 7c fb f3 1b a0 6f 2f 86 79 25 5c  ... !|....o/.y%\

D (3243) mbedtls: ssl_tls12_client.c:1885 0x3ffc65bc: 0010:  1e d7 c9 24 64 3a 6d 99 84 8e 90 e2 21 1f a5 a9  ...$d:m.....!...

D (3243) mbedtls: ssl_tls12_client.c:1885 0x3ffc65bc: 0020:  6a e7 c3 06 06 01 01 00 d0 38 11 c9 47 1d c3 52  j........8..G..R

D (3243) mbedtls: ssl_tls12_client.c:1885 0x3ffc65bc: 0030:  c9 30 46 16 8e 97 3d 9a 16 d7 77 da 81 a2 bb 3b  .0F...=...w....;

D (3243) mbedtls: ssl_tls12_client.c:1885 0x3ffc65bc: 0040:  85 c1 40 ee 2a 7d d6 9a 3e d7 fd 60 ec 6a 62 26  ..@.*}..>..`.jb&

D (3243) mbedtls: ssl_tls12_client.c:1885 0x3ffc65bc: 0050:  0d 07 df cd fe 6d 59 6b 1b 80 bb be 8a b1 6a d6  .....mYk......j.

D (3243) mbedtls: ssl_tls12_client.c:1885 0x3ffc65bc: 0060:  52 36 9a bf 53 7c 7b 69 15 79 21 5e 7d 62 19 fa  R6..S|{i.y!^}b..

D (3243) mbedtls: ssl_tls12_client.c:1885 0x3ffc65bc: 0070:  2f 90 dc e8 6e e2 c2 8c d2 30 03 ef 18 93 2d fc  /...n....0....-.

D (3243) mbedtls: ssl_tls12_client.c:1885 0x3ffc65bc: 0080:  79 d0 2e 2a b2 cb 56 b9 6f 96 24 39 ba c1 23 d9  y..*..V.o.$9..#.

D (3243) mbedtls: ssl_tls12_client.c:1885 0x3ffc65bc: 0090:  cf e8 00 ca ce cd 4c 35 51 98 92 bd 17 d3 08 df  ......L5Q.......

D (3253) mbedtls: ssl_tls12_client.c:1885 0x3ffc65bc: 00a0:  6e 3d a1 f2 09 fe e8 2b 72 50 87 ca 84 b7 b2 c0  n=.....+rP......

D (3253) mbedtls: ssl_tls12_client.c:1885 0x3ffc65bc: 00b0:  a0 22 46 a8 e5 72 65 c5 b4 fa 3d 93 1a fe bb a7  ."F..re...=.....

D (3253) mbedtls: ssl_tls12_client.c:1885 0x3ffc65bc: 00c0:  f1 c1 81 fc a7 df 6e a7 2c 24 51 d3 93 68 08 c2  ......n.,$Q..h..

D (3253) mbedtls: ssl_tls12_client.c:1885 0x3ffc65bc: 00d0:  08 96 15 f2 ce 95 cc 31 ef 6f 6e 79 57 ac 01 73  .......1.onyW..s

D (3253) mbedtls: ssl_tls12_client.c:1885 0x3ffc65bc: 00e0:  22 60 49 52 15 3f 73 b3 ed 12 ca cf c5 0b ff ae  "`IR.?s.........

D (3253) mbedtls: ssl_tls12_client.c:1885 0x3ffc65bc: 00f0:  e6 96 9d d3 3c e4 bc 13 c5 f7 5f c0 d5 dc 9f 4a  ....<....._....J

D (3253) mbedtls: ssl_tls12_client.c:1885 0x3ffc65bc: 0100:  37 88 6e 21 b2 21 2b 4b 33 8e 1b b7 e8 03 8f c8  7.n!.!+K3.......

D (3253) mbedtls: ssl_tls12_client.c:1885 0x3ffc65bc: 0110:  88 e1 f7 f1 56 dd 25 e1 f3 36 0c 35 7b 36 78 28  ....V.%..6.5{6x(

D (3253) mbedtls: ssl_tls12_client.c:1885 0x3ffc65bc: 0120:  b7 c0 8d df b1 01 df 47                          .......G

I (3253) mbedtls: ssl_tls12_client.c:1815 0x3ffc65bc: Server used the signature algorithm rsa_pkcs1_sha512

D (3253) mbedtls: ssl_tls12_client.c:2047 0x3ffc65bc: dumping 'signature' (256 bytes)

D (3253) mbedtls: ssl_tls12_client.c:2047 0x3ffc65bc: 0000:  d0 38 11 c9 47 1d c3 52 c9 30 46 16 8e 97 3d 9a  .8..G..R.0F...=.

D (3253) mbedtls: ssl_tls12_client.c:2047 0x3ffc65bc: 0010:  16 d7 77 da 81 a2 bb 3b 85 c1 40 ee 2a 7d d6 9a  ..w....;..@.*}..

D (3253) mbedtls: ssl_tls12_client.c:2047 0x3ffc65bc: 0020:  3e d7 fd 60 ec 6a 62 26 0d 07 df cd fe 6d 59 6b  >..`.jb&.....mYk

D (3253) mbedtls: ssl_tls12_client.c:2047 0x3ffc65bc: 0030:  1b 80 bb be 8a b1 6a d6 52 36 9a bf 53 7c 7b 69  ......j.R6..S|{i

D (3253) mbedtls: ssl_tls12_client.c:2047 0x3ffc65bc: 0040:  15 79 21 5e 7d 62 19 fa 2f 90 dc e8 6e e2 c2 8c  .y!^}b../...n...

D (3253) mbedtls: ssl_tls12_client.c:2047 0x3ffc65bc: 0050:  d2 30 03 ef 18 93 2d fc 79 d0 2e 2a b2 cb 56 b9  .0....-.y..*..V.

D (3253) mbedtls: ssl_tls12_client.c:2047 0x3ffc65bc: 0060:  6f 96 24 39 ba c1 23 d9 cf e8 00 ca ce cd 4c 35  o.$9..#.......L5

D (3253) mbedtls: ssl_tls12_client.c:2047 0x3ffc65bc: 0070:  51 98 92 bd 17 d3 08 df 6e 3d a1 f2 09 fe e8 2b  Q.......n=.....+

D (3253) mbedtls: ssl_tls12_client.c:2047 0x3ffc65bc: 0080:  72 50 87 ca 84 b7 b2 c0 a0 22 46 a8 e5 72 65 c5  rP......."F..re.

D (3253) mbedtls: ssl_tls12_client.c:2047 0x3ffc65bc: 0090:  b4 fa 3d 93 1a fe bb a7 f1 c1 81 fc a7 df 6e a7  ..=...........n.

D (3253) mbedtls: ssl_tls12_client.c:2047 0x3ffc65bc: 00a0:  2c 24 51 d3 93 68 08 c2 08 96 15 f2 ce 95 cc 31  ,$Q..h.........1

D (3253) mbedtls: ssl_tls12_client.c:2047 0x3ffc65bc: 00b0:  ef 6f 6e 79 57 ac 01 73 22 60 49 52 15 3f 73 b3  .onyW..s"`IR.?s.

D (3253) mbedtls: ssl_tls12_client.c:2047 0x3ffc65bc: 00c0:  ed 12 ca cf c5 0b ff ae e6 96 9d d3 3c e4 bc 13  ............<...

D (3253) mbedtls: ssl_tls12_client.c:2047 0x3ffc65bc: 00d0:  c5 f7 5f c0 d5 dc 9f 4a 37 88 6e 21 b2 21 2b 4b  .._....J7.n!.!+K

D (3253) mbedtls: ssl_tls12_client.c:2047 0x3ffc65bc: 00e0:  33 8e 1b b7 e8 03 8f c8 88 e1 f7 f1 56 dd 25 e1  3...........V.%.

D (3253) mbedtls: ssl_tls12_client.c:2047 0x3ffc65bc: 00f0:  f3 36 0c 35 7b 36 78 28 b7 c0 8d df b1 01 df 47  .6.5{6x(.......G

D (3253) mbedtls: ssl_tls.c:8082 0x3ffc65bc: Perform PSA-based computation of digest of ServerKeyExchange

D (3253) mbedtls: ssl_tls12_client.c:2064 0x3ffc65bc: dumping 'parameters hash' (64 bytes)

D (3253) mbedtls: ssl_tls12_client.c:2064 0x3ffc65bc: 0000:  1d 94 cf 9f a7 81 bc 58 6d 9c 22 f7 e7 3d 11 6c  .......Xm."..=.l

D (3253) mbedtls: ssl_tls12_client.c:2064 0x3ffc65bc: 0010:  28 d4 3d 3d ae 58 62 fa 03 9c 51 48 07 16 06 8f  (.==.Xb...QH....

D (3253) mbedtls: ssl_tls12_client.c:2064 0x3ffc65bc: 0020:  39 a9 3a 71 a2 fe e3 52 fe d6 a4 dc 7a 3f e4 56  9.:q...R....z?.V

D (3253) mbedtls: ssl_tls12_client.c:2064 0x3ffc65bc: 0030:  bc c8 39 b3 b9 17 68 6d 26 7e 56 55 47 35 51 19  ..9...hm&~VUG5Q.

D (3263) mbedtls: ssl_misc.h:1295 0x3ffc65bc: handshake state: 4 (MBEDTLS_SSL_SERVER_KEY_EXCHANGE) -> 5 (MBEDTLS_SSL_CERTIFICATE_REQUEST)

I (3263) mbedtls: ssl_tls12_client.c:2118 0x3ffc65bc: <= parse server key exchange

I (3263) mbedtls: ssl_msg.c:2063 0x3ffc65bc: => flush output

I (3263) mbedtls: ssl_msg.c:2072 0x3ffc65bc: <= flush output

I (3263) mbedtls: ssl_tls.c:4201 0x3ffc65bc: client state: MBEDTLS_SSL_CERTIFICATE_REQUEST

I (3263) mbedtls: ssl_tls12_client.c:2157 0x3ffc65bc: => parse certificate request

I (3273) mbedtls: ssl_msg.c:4040 0x3ffc65bc: => read record

I (3273) mbedtls: ssl_msg.c:1865 0x3ffc65bc: => fetch input

I (3273) mbedtls: ssl_msg.c:2005 0x3ffc65bc: in_left: 0, nb_want: 5

I (3273) mbedtls: ssl_msg.c:2025 0x3ffc65bc: in_left: 0, nb_want: 5

I (3273) mbedtls: ssl_msg.c:2028 0x3ffc65bc: ssl->f_recv(_timeout)() returned 5 (-0xfffffffb)

I (3273) mbedtls: ssl_msg.c:2050 0x3ffc65bc: <= fetch input

D (3273) mbedtls: ssl_msg.c:3707 0x3ffc65bc: input record: msgtype = 22, version = [0x303], msglen = 4

I (3273) mbedtls: ssl_msg.c:1865 0x3ffc65bc: => fetch input

I (3273) mbedtls: ssl_msg.c:2005 0x3ffc65bc: in_left: 5, nb_want: 9

I (3273) mbedtls: ssl_msg.c:2025 0x3ffc65bc: in_left: 5, nb_want: 9

I (3273) mbedtls: ssl_msg.c:2028 0x3ffc65bc: ssl->f_recv(_timeout)() returned 4 (-0xfffffffc)

I (3273) mbedtls: ssl_msg.c:2050 0x3ffc65bc: <= fetch input

D (3273) mbedtls: ssl_msg.c:2948 0x3ffc65bc: handshake message: msglen = 4, type = 14, hslen = 4

D (3273) mbedtls: ssl_msg.c:3085 0x3ffc65bc: sole handshake fragment: 4, 0..4 of 4

I (3273) mbedtls: ssl_msg.c:4112 0x3ffc65bc: <= read record

D (3273) mbedtls: ssl_misc.h:1295 0x3ffc65bc: handshake state: 5 (MBEDTLS_SSL_CERTIFICATE_REQUEST) -> 6 (MBEDTLS_SSL_SERVER_HELLO_DONE)

D (3273) mbedtls: ssl_tls12_client.c:2183 0x3ffc65bc: got no certificate request

I (3273) mbedtls: ssl_tls12_client.c:2319 0x3ffc65bc: <= parse certificate request

I (3273) mbedtls: ssl_msg.c:2063 0x3ffc65bc: => flush output

I (3273) mbedtls: ssl_msg.c:2072 0x3ffc65bc: <= flush output

I (3273) mbedtls: ssl_tls.c:4201 0x3ffc65bc: client state: MBEDTLS_SSL_SERVER_HELLO_DONE

I (3273) mbedtls: ssl_tls12_client.c:2330 0x3ffc65bc: => parse server hello done

I (3273) mbedtls: ssl_msg.c:4040 0x3ffc65bc: => read record

I (3273) mbedtls: ssl_msg.c:4108 0x3ffc65bc: reuse previously read message

I (3273) mbedtls: ssl_msg.c:4112 0x3ffc65bc: <= read record

D (3273) mbedtls: ssl_misc.h:1295 0x3ffc65bc: handshake state: 6 (MBEDTLS_SSL_SERVER_HELLO_DONE) -> 7 (MBEDTLS_SSL_CLIENT_CERTIFICATE)

I (3273) mbedtls: ssl_tls12_client.c:2358 0x3ffc65bc: <= parse server hello done

I (3273) mbedtls: ssl_msg.c:2063 0x3ffc65bc: => flush output

I (3273) mbedtls: ssl_msg.c:2072 0x3ffc65bc: <= flush output

I (3273) mbedtls: ssl_tls.c:4201 0x3ffc65bc: client state: MBEDTLS_SSL_CLIENT_CERTIFICATE

I (3273) mbedtls: ssl_tls.c:6675 0x3ffc65bc: => write certificate

I (3273) mbedtls: ssl_tls.c:6686 0x3ffc65bc: <= skip write certificate

D (3273) mbedtls: ssl_misc.h:1295 0x3ffc65bc: handshake state: 7 (MBEDTLS_SSL_CLIENT_CERTIFICATE) -> 8 (MBEDTLS_SSL_CLIENT_KEY_EXCHANGE)

I (3273) mbedtls: ssl_msg.c:2063 0x3ffc65bc: => flush output

I (3273) mbedtls: ssl_msg.c:2072 0x3ffc65bc: <= flush output

I (3273) mbedtls: ssl_tls.c:4201 0x3ffc65bc: client state: MBEDTLS_SSL_CLIENT_KEY_EXCHANGE

I (3273) mbedtls: ssl_tls12_client.c:2373 0x3ffc65bc: => write client key exchange

D (3273) mbedtls: ssl_tls12_client.c:2387 0x3ffc65bc: Perform PSA-based ECDH computation.

[mem-tick] t=    1666 ms phase=handshake    free=198560
[mem-tick] t=    1766 ms phase=handshake    free=198228
D (3413) mbedtls: ssl_misc.h:1295 0x3ffc65bc: handshake state: 8 (MBEDTLS_SSL_CLIENT_KEY_EXCHANGE) -> 9 (MBEDTLS_SSL_CERTIFICATE_VERIFY)

I (3413) mbedtls: ssl_msg.c:2494 0x3ffc65bc: => write handshake message

I (3413) mbedtls: ssl_msg.c:2654 0x3ffc65bc: => write record

D (3413) mbedtls: ssl_msg.c:2737 0x3ffc65bc: output record: msgtype = 22, version = [3:3], msglen = 37

I (3413) mbedtls: ssl_msg.c:2063 0x3ffc65bc: => flush output

I (3413) mbedtls: ssl_msg.c:2077 0x3ffc65bc: message length: 42, out_left: 42

I (3413) mbedtls: ssl_msg.c:2084 0x3ffc65bc: ssl->f_send() returned 42 (-0xffffffd6)

I (3413) mbedtls: ssl_msg.c:2111 0x3ffc65bc: <= flush output

I (3413) mbedtls: ssl_msg.c:2790 0x3ffc65bc: <= write record

I (3413) mbedtls: ssl_msg.c:2615 0x3ffc65bc: <= write handshake message

I (3413) mbedtls: ssl_tls12_client.c:2653 0x3ffc65bc: <= write client key exchange

I (3413) mbedtls: ssl_msg.c:2063 0x3ffc65bc: => flush output

I (3413) mbedtls: ssl_msg.c:2072 0x3ffc65bc: <= flush output

I (3413) mbedtls: ssl_tls.c:4201 0x3ffc65bc: client state: MBEDTLS_SSL_CERTIFICATE_VERIFY

I (3413) mbedtls: ssl_tls12_client.c:2701 0x3ffc65bc: => write certificate verify

I (3413) mbedtls: ssl_tls.c:6466 0x3ffc65bc: => derive keys

I (3413) mbedtls: ssl_tls.c:6557 0x3ffc65bc: => PSA calc verify

D (3413) mbedtls: ssl_tls.c:6568 0x3ffc65bc: dumping 'PSA calculated verify result' (48 bytes)

D (3413) mbedtls: ssl_tls.c:6568 0x3ffc65bc: 0000:  d5 bb e6 f5 04 fe 94 89 9e 67 9a e2 48 58 93 3d  .........g..HX.=

D (3413) mbedtls: ssl_tls.c:6568 0x3ffc65bc: 0010:  22 d3 10 aa 0d 1a d4 b0 9a 8a e8 5c ad 16 ba 4b  "..........\...K

D (3413) mbedtls: ssl_tls.c:6568 0x3ffc65bc: 0020:  2a 11 b6 58 30 51 5b c9 d7 3d 40 be 3a 9d f0 9c  *..X0Q[..=@.:...

I (3413) mbedtls: ssl_tls.c:6569 0x3ffc65bc: <= PSA calc verify

D (3413) mbedtls: ssl_tls.c:6308 0x3ffc65bc: dumping 'session hash for extended master secret' (48 bytes)

D (3413) mbedtls: ssl_tls.c:6308 0x3ffc65bc: 0000:  d5 bb e6 f5 04 fe 94 89 9e 67 9a e2 48 58 93 3d  .........g..HX.=

D (3413) mbedtls: ssl_tls.c:6308 0x3ffc65bc: 0010:  22 d3 10 aa 0d 1a d4 b0 9a 8a e8 5c ad 16 ba 4b  "..........\...K

D (3413) mbedtls: ssl_tls.c:6308 0x3ffc65bc: 0020:  2a 11 b6 58 30 51 5b c9 d7 3d 40 be 3a 9d f0 9c  *..X0Q[..=@.:...

D (3413) mbedtls: ssl_tls.c:6449 0x3ffc65bc: dumping 'premaster secret' (32 bytes)

D (3413) mbedtls: ssl_tls.c:6449 0x3ffc65bc: 0000:  56 ab d3 09 c4 24 e7 8e 86 e2 35 8d a0 4b 22 cb  V....$....5..K".

D (3413) mbedtls: ssl_tls.c:6449 0x3ffc65bc: 0010:  39 47 3c 43 a0 2d e0 9e 9f 17 64 b2 ea 4e 10 2b  9G<C.-....d..N.+

D (3413) mbedtls: ssl_tls.c:7762 0x3ffc65bc: ciphersuite = TLS-ECDHE-RSA-WITH-AES-256-GCM-SHA384

D (3413) mbedtls: ssl_tls.c:7764 0x3ffc65bc: dumping 'master secret' (48 bytes)

D (3413) mbedtls: ssl_tls.c:7764 0x3ffc65bc: 0000:  07 d4 b1 2f ee 54 0d 05 71 70 39 a3 3c 8b 7a 19  .../.T..qp9.<.z.

D (3413) mbedtls: ssl_tls.c:7764 0x3ffc65bc: 0010:  b6 26 5e 1c 59 41 a5 ae cc 64 a3 82 fb 0a d6 fb  .&^.YA...d......

D (3413) mbedtls: ssl_tls.c:7764 0x3ffc65bc: 0020:  bf 3e 17 e7 82 35 35 e7 bf 14 88 fe bd cc 5e 59  .>...55.......^Y

D (3413) mbedtls: ssl_tls.c:7855 0x3ffc65bc: keylen: 32, minlen: 24, ivlen: 12, maclen: 0

I (3423) mbedtls: ssl_tls.c:6517 0x3ffc65bc: <= derive keys

I (3423) mbedtls: ssl_tls12_client.c:2723 0x3ffc65bc: <= skip write certificate verify

D (3423) mbedtls: ssl_misc.h:1295 0x3ffc65bc: handshake state: 9 (MBEDTLS_SSL_CERTIFICATE_VERIFY) -> 10 (MBEDTLS_SSL_CLIENT_CHANGE_CIPHER_SPEC)

I (3423) mbedtls: ssl_msg.c:2063 0x3ffc65bc: => flush output

I (3423) mbedtls: ssl_msg.c:2072 0x3ffc65bc: <= flush output

I (3423) mbedtls: ssl_tls.c:4201 0x3ffc65bc: client state: MBEDTLS_SSL_CLIENT_CHANGE_CIPHER_SPEC

I (3423) mbedtls: ssl_msg.c:5087 0x3ffc65bc: => write change cipher spec

D (3423) mbedtls: ssl_misc.h:1295 0x3ffc65bc: handshake state: 10 (MBEDTLS_SSL_CLIENT_CHANGE_CIPHER_SPEC) -> 11 (MBEDTLS_SSL_CLIENT_FINISHED)

I (3423) mbedtls: ssl_msg.c:2494 0x3ffc65bc: => write handshake message

I (3423) mbedtls: ssl_msg.c:2654 0x3ffc65bc: => write record

D (3423) mbedtls: ssl_msg.c:2737 0x3ffc65bc: output record: msgtype = 20, version = [3:3], msglen = 1

I (3423) mbedtls: ssl_msg.c:2063 0x3ffc65bc: => flush output

I (3423) mbedtls: ssl_msg.c:2077 0x3ffc65bc: message length: 6, out_left: 6

I (3423) mbedtls: ssl_msg.c:2084 0x3ffc65bc: ssl->f_send() returned 6 (-0xfffffffa)

I (3423) mbedtls: ssl_msg.c:2111 0x3ffc65bc: <= flush output

I (3423) mbedtls: ssl_msg.c:2790 0x3ffc65bc: <= write record

I (3423) mbedtls: ssl_msg.c:2615 0x3ffc65bc: <= write handshake message

I (3423) mbedtls: ssl_msg.c:5100 0x3ffc65bc: <= write change cipher spec

I (3423) mbedtls: ssl_msg.c:2063 0x3ffc65bc: => flush output

I (3423) mbedtls: ssl_msg.c:2072 0x3ffc65bc: <= flush output

I (3423) mbedtls: ssl_tls.c:4201 0x3ffc65bc: client state: MBEDTLS_SSL_CLIENT_FINISHED

I (3423) mbedtls: ssl_tls.c:7384 0x3ffc65bc: => write finished

I (3423) mbedtls: ssl_tls.c:7235 0x3ffc65bc: => calc PSA finished tls

D (3423) mbedtls: ssl_tls.c:7246 0x3ffc65bc: dumping 'PSA calculated padbuf' (48 bytes)

D (3423) mbedtls: ssl_tls.c:7246 0x3ffc65bc: 0000:  d5 bb e6 f5 04 fe 94 89 9e 67 9a e2 48 58 93 3d  .........g..HX.=

D (3423) mbedtls: ssl_tls.c:7246 0x3ffc65bc: 0010:  22 d3 10 aa 0d 1a d4 b0 9a 8a e8 5c ad 16 ba 4b  "..........\...K

D (3423) mbedtls: ssl_tls.c:7246 0x3ffc65bc: 0020:  2a 11 b6 58 30 51 5b c9 d7 3d 40 be 3a 9d f0 9c  *..X0Q[..=@.:...

D (3423) mbedtls: ssl_tls.c:7258 0x3ffc65bc: dumping 'calc finished result' (12 bytes)

D (3423) mbedtls: ssl_tls.c:7258 0x3ffc65bc: 0000:  5e 25 cb 80 17 76 d7 af cf 28 49 89              ^%...v...(I.

I (3423) mbedtls: ssl_tls.c:7262 0x3ffc65bc: <= calc finished

D (3423) mbedtls: ssl_misc.h:1295 0x3ffc65bc: handshake state: 11 (MBEDTLS_SSL_CLIENT_FINISHED) -> 12 (MBEDTLS_SSL_SERVER_CHANGE_CIPHER_SPEC)

D (3423) mbedtls: ssl_tls.c:7434 0x3ffc65bc: switching to new transform spec for outbound data

I (3423) mbedtls: ssl_msg.c:2494 0x3ffc65bc: => write handshake message

I (3423) mbedtls: ssl_msg.c:2654 0x3ffc65bc: => write record

I (3423) mbedtls: ssl_msg.c:808 0x3ffc65bc: => encrypt buf

D (3423) mbedtls: ssl_msg.c:1036 0x3ffc65bc: before encrypt: msglen = 16, including 0 bytes of padding

I (3423) mbedtls: ssl_msg.c:1265 0x3ffc65bc: <= encrypt buf

D (3423) mbedtls: ssl_msg.c:2737 0x3ffc65bc: output record: msgtype = 22, version = [3:3], msglen = 40

I (3423) mbedtls: ssl_msg.c:2063 0x3ffc65bc: => flush output

I (3423) mbedtls: ssl_msg.c:2077 0x3ffc65bc: message length: 45, out_left: 45

I (3423) mbedtls: ssl_msg.c:2084 0x3ffc65bc: ssl->f_send() returned 45 (-0xffffffd3)

I (3423) mbedtls: ssl_msg.c:2111 0x3ffc65bc: <= flush output

I (3433) mbedtls: ssl_msg.c:2790 0x3ffc65bc: <= write record

I (3433) mbedtls: ssl_msg.c:2615 0x3ffc65bc: <= write handshake message

I (3433) mbedtls: ssl_tls.c:7487 0x3ffc65bc: <= write finished

I (3433) mbedtls: ssl_msg.c:2063 0x3ffc65bc: => flush output

I (3433) mbedtls: ssl_msg.c:2072 0x3ffc65bc: <= flush output

I (3433) mbedtls: ssl_tls.c:4201 0x3ffc65bc: client state: MBEDTLS_SSL_SERVER_CHANGE_CIPHER_SPEC

D (3433) mbedtls: ssl_misc.h:1295 0x3ffc65bc: handshake state: 12 (MBEDTLS_SSL_SERVER_CHANGE_CIPHER_SPEC) -> 16 (MBEDTLS_SSL_NEW_SESSION_TICKET)

I (3433) mbedtls: ssl_tls12_client.c:2829 0x3ffc65bc: => parse new session ticket

I (3433) mbedtls: ssl_msg.c:4040 0x3ffc65bc: => read record

I (3433) mbedtls: ssl_msg.c:1865 0x3ffc65bc: => fetch input

I (3433) mbedtls: ssl_msg.c:2005 0x3ffc65bc: in_left: 0, nb_want: 5

I (3433) mbedtls: ssl_msg.c:2025 0x3ffc65bc: in_left: 0, nb_want: 5

I (3433) mbedtls: ssl_msg.c:2028 0x3ffc65bc: ssl->f_recv(_timeout)() returned 5 (-0xfffffffb)

I (3433) mbedtls: ssl_msg.c:2050 0x3ffc65bc: <= fetch input

D (3433) mbedtls: ssl_msg.c:3707 0x3ffc65bc: input record: msgtype = 22, version = [0x303], msglen = 186

I (3433) mbedtls: ssl_msg.c:1865 0x3ffc65bc: => fetch input

I (3433) mbedtls: ssl_msg.c:2005 0x3ffc65bc: in_left: 5, nb_want: 191

I (3433) mbedtls: ssl_msg.c:2025 0x3ffc65bc: in_left: 5, nb_want: 191

I (3433) mbedtls: ssl_msg.c:2028 0x3ffc65bc: ssl->f_recv(_timeout)() returned 186 (-0xffffff46)

I (3433) mbedtls: ssl_msg.c:2050 0x3ffc65bc: <= fetch input

D (3433) mbedtls: ssl_msg.c:2948 0x3ffc65bc: handshake message: msglen = 186, type = 4, hslen = 186

D (3433) mbedtls: ssl_msg.c:3085 0x3ffc65bc: sole handshake fragment: 186, 0..186 of 186

I (3433) mbedtls: ssl_msg.c:4112 0x3ffc65bc: <= read record

D (3433) mbedtls: ssl_tls12_client.c:2876 0x3ffc65bc: ticket length: 176

D (3433) mbedtls: ssl_misc.h:1295 0x3ffc65bc: handshake state: 16 (MBEDTLS_SSL_NEW_SESSION_TICKET) -> 12 (MBEDTLS_SSL_SERVER_CHANGE_CIPHER_SPEC)

D (3433) mbedtls: ssl_tls12_client.c:2920 0x3ffc65bc: ticket in use, discarding session id

I (3433) mbedtls: ssl_tls12_client.c:2923 0x3ffc65bc: <= parse new session ticket

I (3433) mbedtls: ssl_msg.c:2063 0x3ffc65bc: => flush output

I (3433) mbedtls: ssl_msg.c:2072 0x3ffc65bc: <= flush output

I (3433) mbedtls: ssl_tls.c:4201 0x3ffc65bc: client state: MBEDTLS_SSL_SERVER_CHANGE_CIPHER_SPEC

I (3433) mbedtls: ssl_msg.c:5109 0x3ffc65bc: => parse change cipher spec

I (3433) mbedtls: ssl_msg.c:4040 0x3ffc65bc: => read record

I (3433) mbedtls: ssl_msg.c:1865 0x3ffc65bc: => fetch input

I (3433) mbedtls: ssl_msg.c:2005 0x3ffc65bc: in_left: 0, nb_want: 5

I (3433) mbedtls: ssl_msg.c:2025 0x3ffc65bc: in_left: 0, nb_want: 5

I (3433) mbedtls: ssl_msg.c:2028 0x3ffc65bc: ssl->f_recv(_timeout)() returned 5 (-0xfffffffb)

I (3433) mbedtls: ssl_msg.c:2050 0x3ffc65bc: <= fetch input

D (3433) mbedtls: ssl_msg.c:3707 0x3ffc65bc: input record: msgtype = 20, version = [0x303], msglen = 1

I (3433) mbedtls: ssl_msg.c:1865 0x3ffc65bc: => fetch input

I (3433) mbedtls: ssl_msg.c:2005 0x3ffc65bc: in_left: 5, nb_want: 6

I (3433) mbedtls: ssl_msg.c:2025 0x3ffc65bc: in_left: 5, nb_want: 6

I (3433) mbedtls: ssl_msg.c:2028 0x3ffc65bc: ssl->f_recv(_timeout)() returned 1 (-0xffffffff)

I (3433) mbedtls: ssl_msg.c:2050 0x3ffc65bc: <= fetch input

I (3433) mbedtls: ssl_msg.c:4112 0x3ffc65bc: <= read record

D (3433) mbedtls: ssl_msg.c:5130 0x3ffc65bc: switching to new transform spec for inbound data

D (3433) mbedtls: ssl_misc.h:1295 0x3ffc65bc: handshake state: 12 (MBEDTLS_SSL_SERVER_CHANGE_CIPHER_SPEC) -> 13 (MBEDTLS_SSL_SERVER_FINISHED)

I (3443) mbedtls: ssl_msg.c:5157 0x3ffc65bc: <= parse change cipher spec

I (3443) mbedtls: ssl_msg.c:2063 0x3ffc65bc: => flush output

I (3443) mbedtls: ssl_msg.c:2072 0x3ffc65bc: <= flush output

I (3443) mbedtls: ssl_tls.c:4201 0x3ffc65bc: client state: MBEDTLS_SSL_SERVER_FINISHED

I (3443) mbedtls: ssl_tls.c:7500 0x3ffc65bc: => parse finished

I (3443) mbedtls: ssl_tls.c:7235 0x3ffc65bc: => calc PSA finished tls

D (3443) mbedtls: ssl_tls.c:7246 0x3ffc65bc: dumping 'PSA calculated padbuf' (48 bytes)

D (3443) mbedtls: ssl_tls.c:7246 0x3ffc65bc: 0000:  e1 6b a6 a7 dd 93 58 e6 53 32 e6 74 ad d1 13 6c  .k....X.S2.t...l

D (3443) mbedtls: ssl_tls.c:7246 0x3ffc65bc: 0010:  3b 26 fd f4 a1 3b 49 c5 5a 00 a4 c4 1d 2c 7c 91  ;&...;I.Z....,|.

D (3443) mbedtls: ssl_tls.c:7246 0x3ffc65bc: 0020:  01 dc 28 db 86 d2 7e 94 5e 7d e9 73 65 61 fc 63  ..(...~.^}.sea.c

D (3443) mbedtls: ssl_tls.c:7258 0x3ffc65bc: dumping 'calc finished result' (12 bytes)

D (3443) mbedtls: ssl_tls.c:7258 0x3ffc65bc: 0000:  bd a2 15 2f 5d 13 c2 d0 22 06 af d0              .../]..."...

I (3443) mbedtls: ssl_tls.c:7262 0x3ffc65bc: <= calc finished

I (3443) mbedtls: ssl_msg.c:4040 0x3ffc65bc: => read record

I (3443) mbedtls: ssl_msg.c:1865 0x3ffc65bc: => fetch input

I (3443) mbedtls: ssl_msg.c:2005 0x3ffc65bc: in_left: 0, nb_want: 5

I (3443) mbedtls: ssl_msg.c:2025 0x3ffc65bc: in_left: 0, nb_want: 5

I (3443) mbedtls: ssl_msg.c:2028 0x3ffc65bc: ssl->f_recv(_timeout)() returned 5 (-0xfffffffb)

I (3443) mbedtls: ssl_msg.c:2050 0x3ffc65bc: <= fetch input

D (3443) mbedtls: ssl_msg.c:3707 0x3ffc65bc: input record: msgtype = 22, version = [0x303], msglen = 40

I (3443) mbedtls: ssl_msg.c:1865 0x3ffc65bc: => fetch input

I (3443) mbedtls: ssl_msg.c:2005 0x3ffc65bc: in_left: 5, nb_want: 45

I (3443) mbedtls: ssl_msg.c:2025 0x3ffc65bc: in_left: 5, nb_want: 45

I (3443) mbedtls: ssl_msg.c:2028 0x3ffc65bc: ssl->f_recv(_timeout)() returned 40 (-0xffffffd8)

I (3443) mbedtls: ssl_msg.c:2050 0x3ffc65bc: <= fetch input

I (3443) mbedtls: ssl_msg.c:1301 0x3ffc65bc: => decrypt buf

I (3443) mbedtls: ssl_msg.c:1831 0x3ffc65bc: <= decrypt buf

D (3443) mbedtls: ssl_msg.c:2948 0x3ffc65bc: handshake message: msglen = 16, type = 20, hslen = 16

D (3443) mbedtls: ssl_msg.c:3085 0x3ffc65bc: sole handshake fragment: 16, 0..16 of 16

I (3443) mbedtls: ssl_msg.c:4112 0x3ffc65bc: <= read record

D (3443) mbedtls: ssl_misc.h:1295 0x3ffc65bc: handshake state: 13 (MBEDTLS_SSL_SERVER_FINISHED) -> 14 (MBEDTLS_SSL_FLUSH_BUFFERS)

I (3443) mbedtls: ssl_tls.c:7571 0x3ffc65bc: <= parse finished

I (3443) mbedtls: ssl_msg.c:2063 0x3ffc65bc: => flush output

I (3443) mbedtls: ssl_msg.c:2072 0x3ffc65bc: <= flush output

I (3453) mbedtls: ssl_tls.c:4201 0x3ffc65bc: client state: MBEDTLS_SSL_FLUSH_BUFFERS

I (3453) mbedtls: ssl_tls12_client.c:3031 0x3ffc65bc: handshake: done

D (3453) mbedtls: ssl_misc.h:1295 0x3ffc65bc: handshake state: 14 (MBEDTLS_SSL_FLUSH_BUFFERS) -> 15 (MBEDTLS_SSL_HANDSHAKE_WRAPUP)

I (3453) mbedtls: ssl_msg.c:2063 0x3ffc65bc: => flush output

I (3453) mbedtls: ssl_msg.c:2072 0x3ffc65bc: <= flush output

I (3453) mbedtls: ssl_tls.c:4201 0x3ffc65bc: client state: MBEDTLS_SSL_HANDSHAKE_WRAPUP

D (3453) mbedtls: ssl_tls.c:7322 0x3ffc65bc: => handshake wrapup

D (3453) mbedtls: ssl_tls.c:7296 0x3ffc65bc: => handshake wrapup: final free

D (3453) mbedtls: ssl_tls.c:7315 0x3ffc65bc: <= handshake wrapup: final free

D (3453) mbedtls: ssl_misc.h:1295 0x3ffc65bc: handshake state: 15 (MBEDTLS_SSL_HANDSHAKE_WRAPUP) -> 27 (MBEDTLS_SSL_HANDSHAKE_OVER)

D (3453) mbedtls: ssl_tls.c:7376 0x3ffc65bc: <= handshake wrapup

I (3453) mbedtls: ssl_tls.c:4293 0x3ffc65bc: <= handshake

[phase-a] tcp_connect=10485 us | tls_handshake=250150 us | total=260635 us
[neg] version=TLSv1.2 suite=TLS-ECDHE-RSA-WITH-AES-256-GCM-SHA384 peer_cert=0 bytes
[mem] post-handshake         free=201756 largest=110592 min-ever=192056
[ledger] HANDSHAKE_PEAK_DELTA(RSA) = 32264 bytes (min-ever 224320 -> 192056)
I (3453) mbedtls: ssl_msg.c:5925 0x3ffc65bc: => write

I (3453) mbedtls: ssl_msg.c:2654 0x3ffc65bc: => write record

I (3453) mbedtls: ssl_msg.c:808 0x3ffc65bc: => encrypt buf

D (3453) mbedtls: ssl_msg.c:1036 0x3ffc65bc: before encrypt: msglen = 14, including 0 bytes of padding

I (3453) mbedtls: ssl_msg.c:1265 0x3ffc65bc: <= encrypt buf

D (3453) mbedtls: ssl_msg.c:2737 0x3ffc65bc: output record: msgtype = 23, version = [3:3], msglen = 38

I (3453) mbedtls: ssl_msg.c:2063 0x3ffc65bc: => flush output

I (3453) mbedtls: ssl_msg.c:2077 0x3ffc65bc: message length: 43, out_left: 43

I (3453) mbedtls: ssl_msg.c:2084 0x3ffc65bc: ssl->f_send() returned 43 (-0xffffffd5)

I (3453) mbedtls: ssl_msg.c:2111 0x3ffc65bc: <= flush output

I (3453) mbedtls: ssl_msg.c:2790 0x3ffc65bc: <= write record

I (3453) mbedtls: ssl_msg.c:5947 0x3ffc65bc: <= write

I (3453) mbedtls: ssl_msg.c:5663 0x3ffc65bc: => read

I (3453) mbedtls: ssl_msg.c:4040 0x3ffc65bc: => read record

I (3453) mbedtls: ssl_msg.c:1865 0x3ffc65bc: => fetch input

I (3453) mbedtls: ssl_msg.c:2005 0x3ffc65bc: in_left: 0, nb_want: 5

I (3453) mbedtls: ssl_msg.c:2025 0x3ffc65bc: in_left: 0, nb_want: 5

I (3453) mbedtls: ssl_msg.c:2028 0x3ffc65bc: ssl->f_recv(_timeout)() returned 5 (-0xfffffffb)

I (3453) mbedtls: ssl_msg.c:2050 0x3ffc65bc: <= fetch input

D (3453) mbedtls: ssl_msg.c:3707 0x3ffc65bc: input record: msgtype = 23, version = [0x303], msglen = 38

I (3453) mbedtls: ssl_msg.c:1865 0x3ffc65bc: => fetch input

I (3453) mbedtls: ssl_msg.c:2005 0x3ffc65bc: in_left: 5, nb_want: 43

I (3453) mbedtls: ssl_msg.c:2025 0x3ffc65bc: in_left: 5, nb_want: 43

I (3453) mbedtls: ssl_msg.c:2028 0x3ffc65bc: ssl->f_recv(_timeout)() returned 38 (-0xffffffda)

I (3453) mbedtls: ssl_msg.c:2050 0x3ffc65bc: <= fetch input

I (3453) mbedtls: ssl_msg.c:1301 0x3ffc65bc: => decrypt buf

I (3453) mbedtls: ssl_msg.c:1831 0x3ffc65bc: <= decrypt buf

I (3453) mbedtls: ssl_msg.c:4112 0x3ffc65bc: <= read record

I (3453) mbedtls: ssl_msg.c:5823 0x3ffc65bc: <= read

[phase-a] app-echo #0 rtt=6017 us payload=14 B
I (3453) mbedtls: ssl_msg.c:5925 0x3ffc65bc: => write

I (3453) mbedtls: ssl_msg.c:2654 0x3ffc65bc: => write record

I (3453) mbedtls: ssl_msg.c:808 0x3ffc65bc: => encrypt buf

D (3453) mbedtls: ssl_msg.c:1036 0x3ffc65bc: before encrypt: msglen = 14, including 0 bytes of padding

I (3453) mbedtls: ssl_msg.c:1265 0x3ffc65bc: <= encrypt buf

D (3453) mbedtls: ssl_msg.c:2737 0x3ffc65bc: output record: msgtype = 23, version = [3:3], msglen = 38

I (3453) mbedtls: ssl_msg.c:2063 0x3ffc65bc: => flush output

I (3453) mbedtls: ssl_msg.c:2077 0x3ffc65bc: message length: 43, out_left: 43

I (3463) mbedtls: ssl_msg.c:2084 0x3ffc65bc: ssl->f_send() returned 43 (-0xffffffd5)

I (3463) mbedtls: ssl_msg.c:2111 0x3ffc65bc: <= flush output

I (3463) mbedtls: ssl_msg.c:2790 0x3ffc65bc: <= write record

I (3463) mbedtls: ssl_msg.c:5947 0x3ffc65bc: <= write

I (3463) mbedtls: ssl_msg.c:5663 0x3ffc65bc: => read

I (3463) mbedtls: ssl_msg.c:4040 0x3ffc65bc: => read record

I (3463) mbedtls: ssl_msg.c:1865 0x3ffc65bc: => fetch input

I (3463) mbedtls: ssl_msg.c:2005 0x3ffc65bc: in_left: 0, nb_want: 5

I (3463) mbedtls: ssl_msg.c:2025 0x3ffc65bc: in_left: 0, nb_want: 5

I (3463) mbedtls: ssl_msg.c:2028 0x3ffc65bc: ssl->f_recv(_timeout)() returned 5 (-0xfffffffb)

I (3463) mbedtls: ssl_msg.c:2050 0x3ffc65bc: <= fetch input

D (3463) mbedtls: ssl_msg.c:3707 0x3ffc65bc: input record: msgtype = 23, version = [0x303], msglen = 38

I (3463) mbedtls: ssl_msg.c:1865 0x3ffc65bc: => fetch input

I (3463) mbedtls: ssl_msg.c:2005 0x3ffc65bc: in_left: 5, nb_want: 43

I (3463) mbedtls: ssl_msg.c:2025 0x3ffc65bc: in_left: 5, nb_want: 43

I (3463) mbedtls: ssl_msg.c:2028 0x3ffc65bc: ssl->f_recv(_timeout)() returned 38 (-0xffffffda)

I (3463) mbedtls: ssl_msg.c:2050 0x3ffc65bc: <= fetch input

I (3463) mbedtls: ssl_msg.c:1301 0x3ffc65bc: => decrypt buf

I (3463) mbedtls: ssl_msg.c:1831 0x3ffc65bc: <= decrypt buf

I (3463) mbedtls: ssl_msg.c:4112 0x3ffc65bc: <= read record

I (3463) mbedtls: ssl_msg.c:5823 0x3ffc65bc: <= read

[phase-a] app-echo #1 rtt=9545 us payload=14 B
I (3463) mbedtls: ssl_msg.c:5925 0x3ffc65bc: => write

I (3463) mbedtls: ssl_msg.c:2654 0x3ffc65bc: => write record

I (3463) mbedtls: ssl_msg.c:808 0x3ffc65bc: => encrypt buf

D (3463) mbedtls: ssl_msg.c:1036 0x3ffc65bc: before encrypt: msglen = 14, including 0 bytes of padding

I (3463) mbedtls: ssl_msg.c:1265 0x3ffc65bc: <= encrypt buf

D (3463) mbedtls: ssl_msg.c:2737 0x3ffc65bc: output record: msgtype = 23, version = [3:3], msglen = 38

I (3463) mbedtls: ssl_msg.c:2063 0x3ffc65bc: => flush output

I (3463) mbedtls: ssl_msg.c:2077 0x3ffc65bc: message length: 43, out_left: 43

I (3463) mbedtls: ssl_msg.c:2084 0x3ffc65bc: ssl->f_send() returned 43 (-0xffffffd5)

I (3463) mbedtls: ssl_msg.c:2111 0x3ffc65bc: <= flush output

I (3473) mbedtls: ssl_msg.c:2790 0x3ffc65bc: <= write record

I (3473) mbedtls: ssl_msg.c:5947 0x3ffc65bc: <= write

I (3473) mbedtls: ssl_msg.c:5663 0x3ffc65bc: => read

I (3473) mbedtls: ssl_msg.c:4040 0x3ffc65bc: => read record

I (3473) mbedtls: ssl_msg.c:1865 0x3ffc65bc: => fetch input

I (3473) mbedtls: ssl_msg.c:2005 0x3ffc65bc: in_left: 0, nb_want: 5

I (3473) mbedtls: ssl_msg.c:2025 0x3ffc65bc: in_left: 0, nb_want: 5

I (3473) mbedtls: ssl_msg.c:2028 0x3ffc65bc: ssl->f_recv(_timeout)() returned 5 (-0xfffffffb)

I (3473) mbedtls: ssl_msg.c:2050 0x3ffc65bc: <= fetch input

D (3473) mbedtls: ssl_msg.c:3707 0x3ffc65bc: input record: msgtype = 23, version = [0x303], msglen = 38

I (3473) mbedtls: ssl_msg.c:1865 0x3ffc65bc: => fetch input

I (3473) mbedtls: ssl_msg.c:2005 0x3ffc65bc: in_left: 5, nb_want: 43

I (3473) mbedtls: ssl_msg.c:2025 0x3ffc65bc: in_left: 5, nb_want: 43

I (3473) mbedtls: ssl_msg.c:2028 0x3ffc65bc: ssl->f_recv(_timeout)() returned 38 (-0xffffffda)

I (3473) mbedtls: ssl_msg.c:2050 0x3ffc65bc: <= fetch input

I (3473) mbedtls: ssl_msg.c:1301 0x3ffc65bc: => decrypt buf

I (3473) mbedtls: ssl_msg.c:1831 0x3ffc65bc: <= decrypt buf

I (3473) mbedtls: ssl_msg.c:4112 0x3ffc65bc: <= read record

I (3473) mbedtls: ssl_msg.c:5823 0x3ffc65bc: <= read

[phase-a] app-echo #2 rtt=4721 us payload=14 B
I (3473) mbedtls: ssl_msg.c:5925 0x3ffc65bc: => write

I (3473) mbedtls: ssl_msg.c:2654 0x3ffc65bc: => write record

I (3473) mbedtls: ssl_msg.c:808 0x3ffc65bc: => encrypt buf

D (3473) mbedtls: ssl_msg.c:1036 0x3ffc65bc: before encrypt: msglen = 14, including 0 bytes of padding

I (3473) mbedtls: ssl_msg.c:1265 0x3ffc65bc: <= encrypt buf

D (3473) mbedtls: ssl_msg.c:2737 0x3ffc65bc: output record: msgtype = 23, version = [3:3], msglen = 38

I (3473) mbedtls: ssl_msg.c:2063 0x3ffc65bc: => flush output

I (3473) mbedtls: ssl_msg.c:2077 0x3ffc65bc: message length: 43, out_left: 43

I (3473) mbedtls: ssl_msg.c:2084 0x3ffc65bc: ssl->f_send() returned 43 (-0xffffffd5)

I (3473) mbedtls: ssl_msg.c:2111 0x3ffc65bc: <= flush output

I (3473) mbedtls: ssl_msg.c:2790 0x3ffc65bc: <= write record

I (3473) mbedtls: ssl_msg.c:5947 0x3ffc65bc: <= write

I (3473) mbedtls: ssl_msg.c:5663 0x3ffc65bc: => read

I (3473) mbedtls: ssl_msg.c:4040 0x3ffc65bc: => read record

I (3473) mbedtls: ssl_msg.c:1865 0x3ffc65bc: => fetch input

I (3473) mbedtls: ssl_msg.c:2005 0x3ffc65bc: in_left: 0, nb_want: 5

I (3473) mbedtls: ssl_msg.c:2025 0x3ffc65bc: in_left: 0, nb_want: 5

I (3473) mbedtls: ssl_msg.c:2028 0x3ffc65bc: ssl->f_recv(_timeout)() returned 5 (-0xfffffffb)

I (3473) mbedtls: ssl_msg.c:2050 0x3ffc65bc: <= fetch input

D (3473) mbedtls: ssl_msg.c:3707 0x3ffc65bc: input record: msgtype = 23, version = [0x303], msglen = 38

I (3473) mbedtls: ssl_msg.c:1865 0x3ffc65bc: => fetch input

I (3473) mbedtls: ssl_msg.c:2005 0x3ffc65bc: in_left: 5, nb_want: 43

I (3473) mbedtls: ssl_msg.c:2025 0x3ffc65bc: in_left: 5, nb_want: 43

I (3473) mbedtls: ssl_msg.c:2028 0x3ffc65bc: ssl->f_recv(_timeout)() returned 38 (-0xffffffda)

I (3473) mbedtls: ssl_msg.c:2050 0x3ffc65bc: <= fetch input

I (3473) mbedtls: ssl_msg.c:1301 0x3ffc65bc: => decrypt buf

I (3473) mbedtls: ssl_msg.c:1831 0x3ffc65bc: <= decrypt buf

I (3473) mbedtls: ssl_msg.c:4112 0x3ffc65bc: <= read record

I (3473) mbedtls: ssl_msg.c:5823 0x3ffc65bc: <= read

[phase-a] app-echo #3 rtt=4399 us payload=14 B
I (3473) mbedtls: ssl_msg.c:5925 0x3ffc65bc: => write

I (3473) mbedtls: ssl_msg.c:2654 0x3ffc65bc: => write record

I (3473) mbedtls: ssl_msg.c:808 0x3ffc65bc: => encrypt buf

D (3473) mbedtls: ssl_msg.c:1036 0x3ffc65bc: before encrypt: msglen = 14, including 0 bytes of padding

I (3473) mbedtls: ssl_msg.c:1265 0x3ffc65bc: <= encrypt buf

D (3473) mbedtls: ssl_msg.c:2737 0x3ffc65bc: output record: msgtype = 23, version = [3:3], msglen = 38

I (3473) mbedtls: ssl_msg.c:2063 0x3ffc65bc: => flush output

I (3473) mbedtls: ssl_msg.c:2077 0x3ffc65bc: message length: 43, out_left: 43

I (3473) mbedtls: ssl_msg.c:2084 0x3ffc65bc: ssl->f_send() returned 43 (-0xffffffd5)

I (3473) mbedtls: ssl_msg.c:2111 0x3ffc65bc: <= flush output

I (3473) mbedtls: ssl_msg.c:2790 0x3ffc65bc: <= write record

I (3473) mbedtls: ssl_msg.c:5947 0x3ffc65bc: <= write

I (3473) mbedtls: ssl_msg.c:5663 0x3ffc65bc: => read

I (3473) mbedtls: ssl_msg.c:4040 0x3ffc65bc: => read record

I (3473) mbedtls: ssl_msg.c:1865 0x3ffc65bc: => fetch input

I (3473) mbedtls: ssl_msg.c:2005 0x3ffc65bc: in_left: 0, nb_want: 5

I (3483) mbedtls: ssl_msg.c:2025 0x3ffc65bc: in_left: 0, nb_want: 5

I (3483) mbedtls: ssl_msg.c:2028 0x3ffc65bc: ssl->f_recv(_timeout)() returned 5 (-0xfffffffb)

I (3483) mbedtls: ssl_msg.c:2050 0x3ffc65bc: <= fetch input

D (3483) mbedtls: ssl_msg.c:3707 0x3ffc65bc: input record: msgtype = 23, version = [0x303], msglen = 38

I (3483) mbedtls: ssl_msg.c:1865 0x3ffc65bc: => fetch input

I (3483) mbedtls: ssl_msg.c:2005 0x3ffc65bc: in_left: 5, nb_want: 43

I (3483) mbedtls: ssl_msg.c:2025 0x3ffc65bc: in_left: 5, nb_want: 43

I (3483) mbedtls: ssl_msg.c:2028 0x3ffc65bc: ssl->f_recv(_timeout)() returned 38 (-0xffffffda)

I (3483) mbedtls: ssl_msg.c:2050 0x3ffc65bc: <= fetch input

I (3483) mbedtls: ssl_msg.c:1301 0x3ffc65bc: => decrypt buf

I (3483) mbedtls: ssl_msg.c:1831 0x3ffc65bc: <= decrypt buf

I (3483) mbedtls: ssl_msg.c:4112 0x3ffc65bc: <= read record

I (3483) mbedtls: ssl_msg.c:5823 0x3ffc65bc: <= read

[phase-a] app-echo #4 rtt=4320 us payload=14 B
[mem] post-session           free=201756 largest=110592 min-ever=192056
[mem-tick] t=    1866 ms phase=closing      free=227688
[mem-tick] t=    1966 ms phase=closing      free=227688
[mem-tick] t=    2066 ms phase=closing      free=227712
[mem-tick] t=    2166 ms phase=closing      free=227712
[mem-tick] t=    2266 ms phase=closing      free=227712
[ledger] CLOSED(RSA): free now=227712, before-this-phase=228880, retained=1168
[mem-tick] t=    2366 ms phase=RSA-settled  free=227712
[mem-tick] t=    2466 ms phase=RSA-settled  free=227712
[mem-tick] t=    2566 ms phase=RSA-settled  free=227712
[mem-tick] t=    2666 ms phase=RSA-settled  free=227712
[mem] settled                free=227712 largest=110592 min-ever=192056

===== PHASE A/B [EC] port=22444 =====
[mem-tick] t=    2767 ms phase=EC-baseline  free=227712
[mem-tick] t=    2867 ms phase=EC-baseline  free=227712
[mem-tick] t=    2966 ms phase=EC-baseline  free=227712
[mem] baseline               free=227712 largest=110592 min-ever=192056
W (4683) esp-tls-mbedtls: skip_common_name=true: hostname matching and SNI disabled. This disables ALL server-name authentication (CN/SAN/SNI), not just CN. Only intended for loopback / debug clients.
D (4683) esp-tls: handshake in progress...
I (4683) mbedtls: ssl_tls.c:4282 0x3ffc65bc: => handshake

I (4683) mbedtls: ssl_msg.c:2063 0x3ffc65bc: => flush output

I (4683) mbedtls: ssl_msg.c:2072 0x3ffc65bc: <= flush output

I (4683) mbedtls: ssl_tls.c:4201 0x3ffc65bc: client state: MBEDTLS_SSL_HELLO_REQUEST

D (4683) mbedtls: ssl_misc.h:1295 0x3ffc65bc: handshake state: 0 (MBEDTLS_SSL_HELLO_REQUEST) -> 1 (MBEDTLS_SSL_CLIENT_HELLO)

I (4683) mbedtls: ssl_msg.c:2063 0x3ffc65bc: => flush output

I (4683) mbedtls: ssl_msg.c:2072 0x3ffc65bc: <= flush output

I (4683) mbedtls: ssl_tls.c:4201 0x3ffc65bc: client state: MBEDTLS_SSL_CLIENT_HELLO

I (4683) mbedtls: ssl_client.c:917 0x3ffc65bc: => write client hello

D (4683) mbedtls: ssl_client.c:722 0x3ffc65bc: client hello, current time: 3

D (4683) mbedtls: ssl_client.c:485 0x3ffc65bc: dumping 'client hello, random bytes' (32 bytes)

D (4683) mbedtls: ssl_client.c:485 0x3ffc65bc: 0000:  00 00 00 03 fe bf 7a 66 eb 24 e4 f2 f7 f6 c1 dc  ......zf.$......

D (4683) mbedtls: ssl_client.c:485 0x3ffc65bc: 0010:  2c e2 bd 69 99 4a ba 3a 47 ea 27 83 b3 7b 77 b4  ,..i.J.:G.'..{w.

D (4683) mbedtls: ssl_client.c:510 0x3ffc65bc: dumping 'session id' (0 bytes)

D (4683) mbedtls: ssl_client.c:368 0x3ffc65bc: client hello, add ciphersuite: c02c, TLS-ECDHE-ECDSA-WITH-AES-256-GCM-SHA384

D (4683) mbedtls: ssl_client.c:368 0x3ffc65bc: client hello, add ciphersuite: c030, TLS-ECDHE-RSA-WITH-AES-256-GCM-SHA384

D (4683) mbedtls: ssl_client.c:368 0x3ffc65bc: client hello, add ciphersuite: c0ad, TLS-ECDHE-ECDSA-WITH-AES-256-CCM

D (4683) mbedtls: ssl_client.c:368 0x3ffc65bc: client hello, add ciphersuite: c024, TLS-ECDHE-ECDSA-WITH-AES-256-CBC-SHA384

D (4683) mbedtls: ssl_client.c:368 0x3ffc65bc: client hello, add ciphersuite: c028, TLS-ECDHE-RSA-WITH-AES-256-CBC-SHA384

D (4683) mbedtls: ssl_client.c:368 0x3ffc65bc: client hello, add ciphersuite: c00a, TLS-ECDHE-ECDSA-WITH-AES-256-CBC-SHA

D (4693) mbedtls: ssl_client.c:368 0x3ffc65bc: client hello, add ciphersuite: c014, TLS-ECDHE-RSA-WITH-AES-256-CBC-SHA

D (4693) mbedtls: ssl_client.c:368 0x3ffc65bc: client hello, add ciphersuite: c0af, TLS-ECDHE-ECDSA-WITH-AES-256-CCM-8

D (4693) mbedtls: ssl_client.c:368 0x3ffc65bc: client hello, add ciphersuite: c02b, TLS-ECDHE-ECDSA-WITH-AES-128-GCM-SHA256

D (4693) mbedtls: ssl_client.c:368 0x3ffc65bc: client hello, add ciphersuite: c02f, TLS-ECDHE-RSA-WITH-AES-128-GCM-SHA256

D (4693) mbedtls: ssl_client.c:368 0x3ffc65bc: client hello, add ciphersuite: c0ac, TLS-ECDHE-ECDSA-WITH-AES-128-CCM

D (4693) mbedtls: ssl_client.c:368 0x3ffc65bc: client hello, add ciphersuite: c023, TLS-ECDHE-ECDSA-WITH-AES-128-CBC-SHA256

D (4693) mbedtls: ssl_client.c:368 0x3ffc65bc: client hello, add ciphersuite: c027, TLS-ECDHE-RSA-WITH-AES-128-CBC-SHA256

D (4693) mbedtls: ssl_client.c:368 0x3ffc65bc: client hello, add ciphersuite: c009, TLS-ECDHE-ECDSA-WITH-AES-128-CBC-SHA

D (4693) mbedtls: ssl_client.c:368 0x3ffc65bc: client hello, add ciphersuite: c013, TLS-ECDHE-RSA-WITH-AES-128-CBC-SHA

[mem-tick] t=    3069 ms phase=handshake    free=199492
D (4693) mbedtls: ssl_client.c:368 0x3ffc65bc: client hello, add ciphersuite: c0ae, TLS-ECDHE-ECDSA-WITH-AES-128-CCM-8

D (4693) mbedtls: ssl_client.c:386 0x3ffc65bc: adding EMPTY_RENEGOTIATION_INFO_SCSV

D (4693) mbedtls: ssl_client.c:395 0x3ffc65bc: client hello, got 17 cipher suites

D (4693) mbedtls: ssl_client.c:229 0x3ffc65bc: client hello, adding supported_groups extension

D (4693) mbedtls: ssl_client.c:248 0x3ffc65bc: got supported group(001d)

D (4693) mbedtls: ssl_client.c:280 0x3ffc65bc: NamedGroup: x25519 ( 1d )

D (4693) mbedtls: ssl_client.c:248 0x3ffc65bc: got supported group(0017)

D (4693) mbedtls: ssl_client.c:280 0x3ffc65bc: NamedGroup: secp256r1 ( 17 )

D (4693) mbedtls: ssl_client.c:248 0x3ffc65bc: got supported group(0018)

D (4693) mbedtls: ssl_client.c:280 0x3ffc65bc: NamedGroup: secp384r1 ( 18 )

D (4693) mbedtls: ssl_client.c:248 0x3ffc65bc: got supported group(001e)

D (4693) mbedtls: ssl_client.c:280 0x3ffc65bc: NamedGroup: x448 ( 1e )

D (4693) mbedtls: ssl_client.c:248 0x3ffc65bc: got supported group(0019)

D (4693) mbedtls: ssl_client.c:280 0x3ffc65bc: NamedGroup: secp521r1 ( 19 )

D (4693) mbedtls: ssl_client.c:248 0x3ffc65bc: got supported group(001a)

D (4693) mbedtls: ssl_client.c:280 0x3ffc65bc: NamedGroup: bp256r1 ( 1a )

D (4693) mbedtls: ssl_client.c:248 0x3ffc65bc: got supported group(001b)

D (4693) mbedtls: ssl_client.c:280 0x3ffc65bc: NamedGroup: bp384r1 ( 1b )

D (4693) mbedtls: ssl_client.c:248 0x3ffc65bc: got supported group(001c)

D (4693) mbedtls: ssl_client.c:280 0x3ffc65bc: NamedGroup: bp512r1 ( 1c )

D (4693) mbedtls: ssl_client.c:248 0x3ffc65bc: got supported group(0100)

D (4693) mbedtls: ssl_client.c:248 0x3ffc65bc: got supported group(0101)

D (4693) mbedtls: ssl_client.c:248 0x3ffc65bc: got supported group(0102)

D (4693) mbedtls: ssl_client.c:248 0x3ffc65bc: got supported group(0103)

D (4693) mbedtls: ssl_client.c:248 0x3ffc65bc: got supported group(0104)

D (4693) mbedtls: ssl_client.c:300 0x3ffc65bc: dumping 'Supported groups extension' (18 bytes)

D (4693) mbedtls: ssl_client.c:300 0x3ffc65bc: 0000:  00 10 00 1d 00 17 00 18 00 1e 00 19 00 1a 00 1b  ................

D (4693) mbedtls: ssl_client.c:300 0x3ffc65bc: 0010:  00 1c                                            ..

D (4693) mbedtls: ssl_tls.c:8276 0x3ffc65bc: adding signature_algorithms extension

D (4693) mbedtls: ssl_tls.c:8296 0x3ffc65bc: got signature scheme [603] ecdsa_secp521r1_sha512

D (4693) mbedtls: ssl_tls.c:8305 0x3ffc65bc: sent signature scheme [603] ecdsa_secp521r1_sha512

D (4693) mbedtls: ssl_tls.c:8296 0x3ffc65bc: got signature scheme [806] rsa_pss_rsae_sha512

D (4693) mbedtls: ssl_tls.c:8296 0x3ffc65bc: got signature scheme [601] rsa_pkcs1_sha512

D (4693) mbedtls: ssl_tls.c:8305 0x3ffc65bc: sent signature scheme [601] rsa_pkcs1_sha512

D (4693) mbedtls: ssl_tls.c:8296 0x3ffc65bc: got signature scheme [503] ecdsa_secp384r1_sha384

D (4693) mbedtls: ssl_tls.c:8305 0x3ffc65bc: sent signature scheme [503] ecdsa_secp384r1_sha384

D (4693) mbedtls: ssl_tls.c:8296 0x3ffc65bc: got signature scheme [805] rsa_pss_rsae_sha384

D (4703) mbedtls: ssl_tls.c:8296 0x3ffc65bc: got signature scheme [501] rsa_pkcs1_sha384

D (4703) mbedtls: ssl_tls.c:8305 0x3ffc65bc: sent signature scheme [501] rsa_pkcs1_sha384

D (4703) mbedtls: ssl_tls.c:8296 0x3ffc65bc: got signature scheme [403] ecdsa_secp256r1_sha256

D (4703) mbedtls: ssl_tls.c:8305 0x3ffc65bc: sent signature scheme [403] ecdsa_secp256r1_sha256

D (4703) mbedtls: ssl_tls.c:8296 0x3ffc65bc: got signature scheme [804] rsa_pss_rsae_sha256

D (4703) mbedtls: ssl_tls.c:8296 0x3ffc65bc: got signature scheme [401] rsa_pkcs1_sha256

D (4703) mbedtls: ssl_tls.c:8305 0x3ffc65bc: sent signature scheme [401] rsa_pkcs1_sha256

D (4703) mbedtls: ssl_tls12_client.c:103 0x3ffc65bc: client hello, adding supported_point_formats extension

D (4703) mbedtls: ssl_tls12_client.c:287 0x3ffc65bc: client hello, adding encrypt_then_mac extension

D (4703) mbedtls: ssl_tls12_client.c:319 0x3ffc65bc: client hello, adding extended_master_secret extension

D (4703) mbedtls: ssl_tls12_client.c:352 0x3ffc65bc: client hello, adding session ticket extension

D (4703) mbedtls: ssl_client.c:687 0x3ffc65bc: client hello, total extension length: 58

D (4703) mbedtls: ssl_client.c:689 0x3ffc65bc: dumping 'client hello extensions' (58 bytes)

D (4703) mbedtls: ssl_client.c:689 0x3ffc65bc: 0000:  00 3a 00 0a 00 12 00 10 00 1d 00 17 00 18 00 1e  .:..............

D (4703) mbedtls: ssl_client.c:689 0x3ffc65bc: 0010:  00 19 00 1a 00 1b 00 1c 00 0d 00 0e 00 0c 06 03  ................

D (4703) mbedtls: ssl_client.c:689 0x3ffc65bc: 0020:  06 01 05 03 05 01 04 03 04 01 00 0b 00 02 01 00  ................

D (4703) mbedtls: ssl_client.c:689 0x3ffc65bc: 0030:  00 16 00 00 00 17 00 00 00 23                    .........#

I (4703) mbedtls: ssl_msg.c:2494 0x3ffc65bc: => write handshake message

I (4703) mbedtls: ssl_msg.c:2654 0x3ffc65bc: => write record

D (4703) mbedtls: ssl_msg.c:2737 0x3ffc65bc: output record: msgtype = 22, version = [3:3], msglen = 137

I (4703) mbedtls: ssl_msg.c:2790 0x3ffc65bc: <= write record

I (4703) mbedtls: ssl_msg.c:2615 0x3ffc65bc: <= write handshake message

D (4703) mbedtls: ssl_misc.h:1295 0x3ffc65bc: handshake state: 1 (MBEDTLS_SSL_CLIENT_HELLO) -> 2 (MBEDTLS_SSL_SERVER_HELLO)

I (4703) mbedtls: ssl_client.c:1010 0x3ffc65bc: <= write client hello

I (4703) mbedtls: ssl_msg.c:2063 0x3ffc65bc: => flush output

I (4703) mbedtls: ssl_msg.c:2077 0x3ffc65bc: message length: 142, out_left: 142

I (4703) mbedtls: ssl_msg.c:2084 0x3ffc65bc: ssl->f_send() returned 142 (-0xffffff72)

I (4703) mbedtls: ssl_msg.c:2111 0x3ffc65bc: <= flush output

I (4703) mbedtls: ssl_tls.c:4201 0x3ffc65bc: client state: MBEDTLS_SSL_SERVER_HELLO

I (4703) mbedtls: ssl_tls12_client.c:1151 0x3ffc65bc: => parse server hello

I (4703) mbedtls: ssl_msg.c:4040 0x3ffc65bc: => read record

I (4703) mbedtls: ssl_msg.c:1865 0x3ffc65bc: => fetch input

I (4703) mbedtls: ssl_msg.c:2005 0x3ffc65bc: in_left: 0, nb_want: 5

I (4703) mbedtls: ssl_msg.c:2025 0x3ffc65bc: in_left: 0, nb_want: 5

I (4703) mbedtls: ssl_msg.c:2028 0x3ffc65bc: ssl->f_recv(_timeout)() returned 5 (-0xfffffffb)

I (4713) mbedtls: ssl_msg.c:2050 0x3ffc65bc: <= fetch input

D (4713) mbedtls: ssl_msg.c:3707 0x3ffc65bc: input record: msgtype = 22, version = [0x303], msglen = 65

I (4713) mbedtls: ssl_msg.c:1865 0x3ffc65bc: => fetch input

I (4713) mbedtls: ssl_msg.c:2005 0x3ffc65bc: in_left: 5, nb_want: 70

I (4713) mbedtls: ssl_msg.c:2025 0x3ffc65bc: in_left: 5, nb_want: 70

I (4713) mbedtls: ssl_msg.c:2028 0x3ffc65bc: ssl->f_recv(_timeout)() returned 65 (-0xffffffbf)

I (4713) mbedtls: ssl_msg.c:2050 0x3ffc65bc: <= fetch input

D (4713) mbedtls: ssl_msg.c:2948 0x3ffc65bc: handshake message: msglen = 65, type = 2, hslen = 65

D (4713) mbedtls: ssl_msg.c:3085 0x3ffc65bc: sole handshake fragment: 65, 0..65 of 65

I (4713) mbedtls: ssl_msg.c:4112 0x3ffc65bc: <= read record

D (4713) mbedtls: ssl_tls12_client.c:1225 0x3ffc65bc: dumping 'server hello, version' (2 bytes)

D (4713) mbedtls: ssl_tls12_client.c:1225 0x3ffc65bc: 0000:  03 03                                            ..

D (4713) mbedtls: ssl_tls12_client.c:1246 0x3ffc65bc: server hello, current time: 1936144006

D (4713) mbedtls: ssl_tls12_client.c:1256 0x3ffc65bc: dumping 'server hello, random bytes' (32 bytes)

D (4713) mbedtls: ssl_tls12_client.c:1256 0x3ffc65bc: 0000:  73 67 36 86 07 7c cd 4a 84 8b e4 86 48 36 7e cd  sg6..|.J....H6~.

D (4713) mbedtls: ssl_tls12_client.c:1256 0x3ffc65bc: 0010:  c0 cd 47 4b ee 3c 16 90 f6 41 11 83 0e 74 00 c6  ..GK.<...A...t..

D (4713) mbedtls: ssl_tls12_client.c:1318 0x3ffc65bc: server hello, session id len.: 0

D (4713) mbedtls: ssl_tls12_client.c:1319 0x3ffc65bc: dumping 'server hello, session id' (0 bytes)

D (4713) mbedtls: ssl_misc.h:1295 0x3ffc65bc: handshake state: 2 (MBEDTLS_SSL_SERVER_HELLO) -> 3 (MBEDTLS_SSL_SERVER_CERTIFICATE)

D (4713) mbedtls: ssl_tls12_client.c:1343 0x3ffc65bc: no session has been resumed

D (4713) mbedtls: ssl_tls12_client.c:1346 0x3ffc65bc: server hello, chosen ciphersuite: c02c

D (4713) mbedtls: ssl_tls12_client.c:1347 0x3ffc65bc: server hello, compress alg.: 0

D (4713) mbedtls: ssl_tls12_client.c:1382 0x3ffc65bc: server hello, chosen ciphersuite: TLS-ECDHE-ECDSA-WITH-AES-256-GCM-SHA384

I (4713) mbedtls: ssl_tls12_client.c:1403 0x3ffc65bc: server hello, total extension length: 21

D (4713) mbedtls: ssl_tls12_client.c:1421 0x3ffc65bc: found renegotiation extension

D (4713) mbedtls: ssl_tls12_client.c:1500 0x3ffc65bc: found supported_point_formats extension

D (4713) mbedtls: ssl_tls12_client.c:1486 0x3ffc65bc: found session_ticket extension

D (4713) mbedtls: ssl_tls12_client.c:1473 0x3ffc65bc: found extended_master_secret extension

I (4713) mbedtls: ssl_tls12_client.c:1617 0x3ffc65bc: <= parse server hello

I (4713) mbedtls: ssl_msg.c:2063 0x3ffc65bc: => flush output

I (4713) mbedtls: ssl_msg.c:2072 0x3ffc65bc: <= flush output

I (4713) mbedtls: ssl_tls.c:4201 0x3ffc65bc: client state: MBEDTLS_SSL_SERVER_CERTIFICATE

I (4713) mbedtls: ssl_tls.c:7077 0x3ffc65bc: => parse certificate

I (4713) mbedtls: ssl_msg.c:4040 0x3ffc65bc: => read record

I (4713) mbedtls: ssl_msg.c:1865 0x3ffc65bc: => fetch input

I (4713) mbedtls: ssl_msg.c:2005 0x3ffc65bc: in_left: 0, nb_want: 5

I (4713) mbedtls: ssl_msg.c:2025 0x3ffc65bc: in_left: 0, nb_want: 5

I (4713) mbedtls: ssl_msg.c:2028 0x3ffc65bc: ssl->f_recv(_timeout)() returned 5 (-0xfffffffb)

I (4713) mbedtls: ssl_msg.c:2050 0x3ffc65bc: <= fetch input

D (4713) mbedtls: ssl_msg.c:3707 0x3ffc65bc: input record: msgtype = 22, version = [0x303], msglen = 394

I (4713) mbedtls: ssl_msg.c:1865 0x3ffc65bc: => fetch input

I (4713) mbedtls: ssl_msg.c:2005 0x3ffc65bc: in_left: 5, nb_want: 399

I (4713) mbedtls: ssl_msg.c:2025 0x3ffc65bc: in_left: 5, nb_want: 399

I (4713) mbedtls: ssl_msg.c:2028 0x3ffc65bc: ssl->f_recv(_timeout)() returned 394 (-0xfffffe76)

I (4713) mbedtls: ssl_msg.c:2050 0x3ffc65bc: <= fetch input

D (4713) mbedtls: ssl_msg.c:2948 0x3ffc65bc: handshake message: msglen = 394, type = 11, hslen = 394

D (4723) mbedtls: ssl_msg.c:3085 0x3ffc65bc: sole handshake fragment: 394, 0..394 of 394

I (4723) mbedtls: ssl_msg.c:4112 0x3ffc65bc: <= read record

D (4723) mbedtls: ssl_tls.c:6952 0x3ffc65bc: peer certificate #1:

D (4723) mbedtls: ssl_tls.c:6952 0x3ffc65bc: cert. version     : 3

D (4723) mbedtls: ssl_tls.c:6952 0x3ffc65bc: serial number     : 37:09:43:D4:1C:61:C3:A2:0B:22:A6:A0:1B:48:94:F0:41:88:C9:23

D (4723) mbedtls: ssl_tls.c:6952 0x3ffc65bc: issuer name       : CN=localhost

D (4723) mbedtls: ssl_tls.c:6952 0x3ffc65bc: subject name      : CN=localhost

D (4723) mbedtls: ssl_tls.c:6952 0x3ffc65bc: issued  on        : 2026-08-26 20:20:30

D (4723) mbedtls: ssl_tls.c:6952 0x3ffc65bc: expires on        : 2026-09-25 20:20:30

D (4723) mbedtls: ssl_tls.c:6952 0x3ffc65bc: signed using      : ECDSA with SHA256

D (4723) mbedtls: ssl_tls.c:6952 0x3ffc65bc: EC key size       : 256 bits

D (4723) mbedtls: ssl_tls.c:6952 0x3ffc65bc: basic constraints : CA=true

D (4723) mbedtls: ssl_tls.c:6952 0x3ffc65bc: dumping 'crt->PK' (65 bytes)

D (4723) mbedtls: ssl_tls.c:6952 0x3ffc65bc: 0000:  04 54 0e ba b5 7b 25 1b f2 9f 2d 96 f4 93 cd 8f

D (4723) mbedtls: ssl_tls.c:6952 0x3ffc65bc: 0010:  49 17 f1 f8 43 fd ec ae 5d 41 e9 f4 92 ac 22 e6

D (4723) mbedtls: ssl_tls.c:6952 0x3ffc65bc: 0020:  63 ac 57 44 3b f6 9e c0 c8 9f 49 85 41 d2 5d 63

D (4723) mbedtls: ssl_tls.c:6952 0x3ffc65bc: 0030:  06 98 de f8 fb 38 a5 80 7e 23 61 62 87 90 79 d7

D (4723) mbedtls: ssl_tls.c:6952 0x3ffc65bc: 0040:  84                                             

I (4723) mbedtls: ssl_tls.c:7191 0x3ffc65bc: <= parse certificate

D (4723) mbedtls: ssl_misc.h:1295 0x3ffc65bc: handshake state: 3 (MBEDTLS_SSL_SERVER_CERTIFICATE) -> 4 (MBEDTLS_SSL_SERVER_KEY_EXCHANGE)

I (4723) mbedtls: ssl_msg.c:2063 0x3ffc65bc: => flush output

I (4723) mbedtls: ssl_msg.c:2072 0x3ffc65bc: <= flush output

I (4723) mbedtls: ssl_tls.c:4201 0x3ffc65bc: client state: MBEDTLS_SSL_SERVER_KEY_EXCHANGE

I (4723) mbedtls: ssl_tls12_client.c:1831 0x3ffc65bc: => parse server key exchange

I (4723) mbedtls: ssl_msg.c:4040 0x3ffc65bc: => read record

I (4723) mbedtls: ssl_msg.c:1865 0x3ffc65bc: => fetch input

I (4723) mbedtls: ssl_msg.c:2005 0x3ffc65bc: in_left: 0, nb_want: 5

I (4723) mbedtls: ssl_msg.c:2025 0x3ffc65bc: in_left: 0, nb_want: 5

I (4723) mbedtls: ssl_msg.c:2028 0x3ffc65bc: ssl->f_recv(_timeout)() returned 5 (-0xfffffffb)

I (4723) mbedtls: ssl_msg.c:2050 0x3ffc65bc: <= fetch input

D (4723) mbedtls: ssl_msg.c:3707 0x3ffc65bc: input record: msgtype = 22, version = [0x303], msglen = 116

I (4723) mbedtls: ssl_msg.c:1865 0x3ffc65bc: => fetch input

I (4723) mbedtls: ssl_msg.c:2005 0x3ffc65bc: in_left: 5, nb_want: 121

I (4723) mbedtls: ssl_msg.c:2025 0x3ffc65bc: in_left: 5, nb_want: 121

I (4723) mbedtls: ssl_msg.c:2028 0x3ffc65bc: ssl->f_recv(_timeout)() returned 116 (-0xffffff8c)

I (4723) mbedtls: ssl_msg.c:2050 0x3ffc65bc: <= fetch input

D (4723) mbedtls: ssl_msg.c:2948 0x3ffc65bc: handshake message: msglen = 116, type = 12, hslen = 116

D (4733) mbedtls: ssl_msg.c:3085 0x3ffc65bc: sole handshake fragment: 116, 0..116 of 116

I (4733) mbedtls: ssl_msg.c:4112 0x3ffc65bc: <= read record

D (4733) mbedtls: ssl_tls12_client.c:1885 0x3ffc65bc: dumping 'server key exchange' (112 bytes)

D (4733) mbedtls: ssl_tls12_client.c:1885 0x3ffc65bc: 0000:  03 00 1d 20 5a 1e c4 67 a4 6a f2 32 bb 89 34 c3  ... Z..g.j.2..4.

D (4733) mbedtls: ssl_tls12_client.c:1885 0x3ffc65bc: 0010:  e9 05 ca d8 89 60 bc 1b bd 24 a9 f9 c8 ee 0d df  .....`...$......

D (4733) mbedtls: ssl_tls12_client.c:1885 0x3ffc65bc: 0020:  65 89 eb 73 06 03 00 48 30 46 02 21 00 bb 0b 68  e..s...H0F.!...h

D (4733) mbedtls: ssl_tls12_client.c:1885 0x3ffc65bc: 0030:  24 04 40 3e fc 49 80 fc d0 63 83 41 ea 4e c2 20  $.@>.I...c.A.N. 

D (4733) mbedtls: ssl_tls12_client.c:1885 0x3ffc65bc: 0040:  60 78 0e 70 39 f3 58 29 c8 60 52 ec b6 02 21 00  `x.p9.X).`R...!.

D (4733) mbedtls: ssl_tls12_client.c:1885 0x3ffc65bc: 0050:  ed dd 9c b2 72 ef 7f 1f 80 2b fa 64 1c 8b 73 73  ....r....+.d..ss

D (4733) mbedtls: ssl_tls12_client.c:1885 0x3ffc65bc: 0060:  24 5a ab e8 76 26 4c 5f e2 4d 42 66 66 aa 8d 41  $Z..v&L_.MBff..A

I (4733) mbedtls: ssl_tls12_client.c:1815 0x3ffc65bc: Server used the signature algorithm ecdsa_secp521r1_sha512

D (4733) mbedtls: ssl_tls12_client.c:2047 0x3ffc65bc: dumping 'signature' (72 bytes)

D (4733) mbedtls: ssl_tls12_client.c:2047 0x3ffc65bc: 0000:  30 46 02 21 00 bb 0b 68 24 04 40 3e fc 49 80 fc  0F.!...h$.@>.I..

D (4733) mbedtls: ssl_tls12_client.c:2047 0x3ffc65bc: 0010:  d0 63 83 41 ea 4e c2 20 60 78 0e 70 39 f3 58 29  .c.A.N. `x.p9.X)

D (4733) mbedtls: ssl_tls12_client.c:2047 0x3ffc65bc: 0020:  c8 60 52 ec b6 02 21 00 ed dd 9c b2 72 ef 7f 1f  .`R...!.....r...

D (4733) mbedtls: ssl_tls12_client.c:2047 0x3ffc65bc: 0030:  80 2b fa 64 1c 8b 73 73 24 5a ab e8 76 26 4c 5f  .+.d..ss$Z..v&L_

D (4733) mbedtls: ssl_tls12_client.c:2047 0x3ffc65bc: 0040:  e2 4d 42 66 66 aa 8d 41                          .MBff..A

D (4733) mbedtls: ssl_tls.c:8082 0x3ffc65bc: Perform PSA-based computation of digest of ServerKeyExchange

D (4733) mbedtls: ssl_tls12_client.c:2064 0x3ffc65bc: dumping 'parameters hash' (64 bytes)

D (4733) mbedtls: ssl_tls12_client.c:2064 0x3ffc65bc: 0000:  e3 02 e6 54 bd ab 0b 43 5a 0e 50 19 3d 22 ee 29  ...T...CZ.P.=".)

D (4733) mbedtls: ssl_tls12_client.c:2064 0x3ffc65bc: 0010:  cc f6 15 40 28 83 06 7c b2 9d df 2c d3 21 41 0a  ...@(..|...,.!A.

D (4733) mbedtls: ssl_tls12_client.c:2064 0x3ffc65bc: 0020:  2d 73 de 70 53 6f 1d 4b 9f 9c a2 19 cc 09 2f 5a  -s.pSo.K....../Z

D (4733) mbedtls: ssl_tls12_client.c:2064 0x3ffc65bc: 0030:  ea b1 de 42 c1 af 5a 7e f9 9e a4 cc a4 00 b2 c7  ...B..Z~........

[mem-tick] t=    3177 ms phase=handshake    free=196420
D (4853) mbedtls: ssl_misc.h:1295 0x3ffc65bc: handshake state: 4 (MBEDTLS_SSL_SERVER_KEY_EXCHANGE) -> 5 (MBEDTLS_SSL_CERTIFICATE_REQUEST)

I (4853) mbedtls: ssl_tls12_client.c:2118 0x3ffc65bc: <= parse server key exchange

I (4853) mbedtls: ssl_msg.c:2063 0x3ffc65bc: => flush output

I (4853) mbedtls: ssl_msg.c:2072 0x3ffc65bc: <= flush output

I (4853) mbedtls: ssl_tls.c:4201 0x3ffc65bc: client state: MBEDTLS_SSL_CERTIFICATE_REQUEST

I (4853) mbedtls: ssl_tls12_client.c:2157 0x3ffc65bc: => parse certificate request

I (4853) mbedtls: ssl_msg.c:4040 0x3ffc65bc: => read record

I (4853) mbedtls: ssl_msg.c:1865 0x3ffc65bc: => fetch input

I (4853) mbedtls: ssl_msg.c:2005 0x3ffc65bc: in_left: 0, nb_want: 5

I (4853) mbedtls: ssl_msg.c:2025 0x3ffc65bc: in_left: 0, nb_want: 5

I (4853) mbedtls: ssl_msg.c:2028 0x3ffc65bc: ssl->f_recv(_timeout)() returned 5 (-0xfffffffb)

I (4853) mbedtls: ssl_msg.c:2050 0x3ffc65bc: <= fetch input

D (4853) mbedtls: ssl_msg.c:3707 0x3ffc65bc: input record: msgtype = 22, version = [0x303], msglen = 4

I (4853) mbedtls: ssl_msg.c:1865 0x3ffc65bc: => fetch input

I (4853) mbedtls: ssl_msg.c:2005 0x3ffc65bc: in_left: 5, nb_want: 9

I (4853) mbedtls: ssl_msg.c:2025 0x3ffc65bc: in_left: 5, nb_want: 9

I (4853) mbedtls: ssl_msg.c:2028 0x3ffc65bc: ssl->f_recv(_timeout)() returned 4 (-0xfffffffc)

I (4853) mbedtls: ssl_msg.c:2050 0x3ffc65bc: <= fetch input

D (4853) mbedtls: ssl_msg.c:2948 0x3ffc65bc: handshake message: msglen = 4, type = 14, hslen = 4

D (4853) mbedtls: ssl_msg.c:3085 0x3ffc65bc: sole handshake fragment: 4, 0..4 of 4

I (4853) mbedtls: ssl_msg.c:4112 0x3ffc65bc: <= read record

D (4853) mbedtls: ssl_misc.h:1295 0x3ffc65bc: handshake state: 5 (MBEDTLS_SSL_CERTIFICATE_REQUEST) -> 6 (MBEDTLS_SSL_SERVER_HELLO_DONE)

D (4853) mbedtls: ssl_tls12_client.c:2183 0x3ffc65bc: got no certificate request

I (4853) mbedtls: ssl_tls12_client.c:2319 0x3ffc65bc: <= parse certificate request

I (4853) mbedtls: ssl_msg.c:2063 0x3ffc65bc: => flush output

I (4853) mbedtls: ssl_msg.c:2072 0x3ffc65bc: <= flush output

I (4853) mbedtls: ssl_tls.c:4201 0x3ffc65bc: client state: MBEDTLS_SSL_SERVER_HELLO_DONE

I (4853) mbedtls: ssl_tls12_client.c:2330 0x3ffc65bc: => parse server hello done

I (4853) mbedtls: ssl_msg.c:4040 0x3ffc65bc: => read record

I (4853) mbedtls: ssl_msg.c:4108 0x3ffc65bc: reuse previously read message

I (4853) mbedtls: ssl_msg.c:4112 0x3ffc65bc: <= read record

D (4853) mbedtls: ssl_misc.h:1295 0x3ffc65bc: handshake state: 6 (MBEDTLS_SSL_SERVER_HELLO_DONE) -> 7 (MBEDTLS_SSL_CLIENT_CERTIFICATE)

I (4853) mbedtls: ssl_tls12_client.c:2358 0x3ffc65bc: <= parse server hello done

I (4853) mbedtls: ssl_msg.c:2063 0x3ffc65bc: => flush output

I (4853) mbedtls: ssl_msg.c:2072 0x3ffc65bc: <= flush output

I (4853) mbedtls: ssl_tls.c:4201 0x3ffc65bc: client state: MBEDTLS_SSL_CLIENT_CERTIFICATE

I (4853) mbedtls: ssl_tls.c:6675 0x3ffc65bc: => write certificate

I (4853) mbedtls: ssl_tls.c:6686 0x3ffc65bc: <= skip write certificate

D (4853) mbedtls: ssl_misc.h:1295 0x3ffc65bc: handshake state: 7 (MBEDTLS_SSL_CLIENT_CERTIFICATE) -> 8 (MBEDTLS_SSL_CLIENT_KEY_EXCHANGE)

I (4863) mbedtls: ssl_msg.c:2063 0x3ffc65bc: => flush output

I (4863) mbedtls: ssl_msg.c:2072 0x3ffc65bc: <= flush output

I (4863) mbedtls: ssl_tls.c:4201 0x3ffc65bc: client state: MBEDTLS_SSL_CLIENT_KEY_EXCHANGE

I (4863) mbedtls: ssl_tls12_client.c:2373 0x3ffc65bc: => write client key exchange

D (4863) mbedtls: ssl_tls12_client.c:2387 0x3ffc65bc: Perform PSA-based ECDH computation.

[mem-tick] t=    3276 ms phase=handshake    free=198460
[mem-tick] t=    3376 ms phase=handshake    free=198016
D (5003) mbedtls: ssl_misc.h:1295 0x3ffc65bc: handshake state: 8 (MBEDTLS_SSL_CLIENT_KEY_EXCHANGE) -> 9 (MBEDTLS_SSL_CERTIFICATE_VERIFY)

I (5003) mbedtls: ssl_msg.c:2494 0x3ffc65bc: => write handshake message

I (5003) mbedtls: ssl_msg.c:2654 0x3ffc65bc: => write record

D (5003) mbedtls: ssl_msg.c:2737 0x3ffc65bc: output record: msgtype = 22, version = [3:3], msglen = 37

I (5003) mbedtls: ssl_msg.c:2063 0x3ffc65bc: => flush output

I (5003) mbedtls: ssl_msg.c:2077 0x3ffc65bc: message length: 42, out_left: 42

I (5003) mbedtls: ssl_msg.c:2084 0x3ffc65bc: ssl->f_send() returned 42 (-0xffffffd6)

I (5003) mbedtls: ssl_msg.c:2111 0x3ffc65bc: <= flush output

I (5003) mbedtls: ssl_msg.c:2790 0x3ffc65bc: <= write record

I (5003) mbedtls: ssl_msg.c:2615 0x3ffc65bc: <= write handshake message

I (5003) mbedtls: ssl_tls12_client.c:2653 0x3ffc65bc: <= write client key exchange

I (5003) mbedtls: ssl_msg.c:2063 0x3ffc65bc: => flush output

I (5003) mbedtls: ssl_msg.c:2072 0x3ffc65bc: <= flush output

I (5003) mbedtls: ssl_tls.c:4201 0x3ffc65bc: client state: MBEDTLS_SSL_CERTIFICATE_VERIFY

I (5003) mbedtls: ssl_tls12_client.c:2701 0x3ffc65bc: => write certificate verify

I (5003) mbedtls: ssl_tls.c:6466 0x3ffc65bc: => derive keys

I (5003) mbedtls: ssl_tls.c:6557 0x3ffc65bc: => PSA calc verify

D (5003) mbedtls: ssl_tls.c:6568 0x3ffc65bc: dumping 'PSA calculated verify result' (48 bytes)

D (5003) mbedtls: ssl_tls.c:6568 0x3ffc65bc: 0000:  bc f1 d6 b1 34 02 b8 53 c7 ce 79 c2 b5 a7 fa b3  ....4..S..y.....

D (5003) mbedtls: ssl_tls.c:6568 0x3ffc65bc: 0010:  9c 02 55 eb 29 9c 93 94 ae ae 1e 2e 41 a3 93 1f  ..U.).......A...

D (5003) mbedtls: ssl_tls.c:6568 0x3ffc65bc: 0020:  83 99 30 42 c7 b5 a6 1d 7a c0 58 03 ed e5 b8 7a  ..0B....z.X....z

I (5003) mbedtls: ssl_tls.c:6569 0x3ffc65bc: <= PSA calc verify

D (5003) mbedtls: ssl_tls.c:6308 0x3ffc65bc: dumping 'session hash for extended master secret' (48 bytes)

D (5003) mbedtls: ssl_tls.c:6308 0x3ffc65bc: 0000:  bc f1 d6 b1 34 02 b8 53 c7 ce 79 c2 b5 a7 fa b3  ....4..S..y.....

D (5003) mbedtls: ssl_tls.c:6308 0x3ffc65bc: 0010:  9c 02 55 eb 29 9c 93 94 ae ae 1e 2e 41 a3 93 1f  ..U.).......A...

D (5003) mbedtls: ssl_tls.c:6308 0x3ffc65bc: 0020:  83 99 30 42 c7 b5 a6 1d 7a c0 58 03 ed e5 b8 7a  ..0B....z.X....z

D (5003) mbedtls: ssl_tls.c:6449 0x3ffc65bc: dumping 'premaster secret' (32 bytes)

D (5003) mbedtls: ssl_tls.c:6449 0x3ffc65bc: 0000:  33 60 8d 02 4f 67 37 86 48 cb 60 91 9c 57 43 64  3`..Og7.H.`..WCd

D (5003) mbedtls: ssl_tls.c:6449 0x3ffc65bc: 0010:  52 a8 e8 82 88 ea 68 f4 34 9b 8d a4 84 54 38 21  R.....h.4....T8!

D (5003) mbedtls: ssl_tls.c:7762 0x3ffc65bc: ciphersuite = TLS-ECDHE-ECDSA-WITH-AES-256-GCM-SHA384

D (5003) mbedtls: ssl_tls.c:7764 0x3ffc65bc: dumping 'master secret' (48 bytes)

D (5003) mbedtls: ssl_tls.c:7764 0x3ffc65bc: 0000:  40 c2 ad 60 f0 1c 3f 79 97 86 17 17 d2 60 ae 32  @..`..?y.....`.2

D (5003) mbedtls: ssl_tls.c:7764 0x3ffc65bc: 0010:  ab b7 41 b9 a7 7f 41 52 a9 d3 f1 a7 fa 68 3e 5a  ..A...AR.....h>Z

D (5003) mbedtls: ssl_tls.c:7764 0x3ffc65bc: 0020:  b3 40 d4 61 57 cd fc 09 78 ca d3 44 30 f7 86 64  .@.aW...x..D0..d

D (5003) mbedtls: ssl_tls.c:7855 0x3ffc65bc: keylen: 32, minlen: 24, ivlen: 12, maclen: 0

I (5003) mbedtls: ssl_tls.c:6517 0x3ffc65bc: <= derive keys

I (5003) mbedtls: ssl_tls12_client.c:2723 0x3ffc65bc: <= skip write certificate verify

D (5003) mbedtls: ssl_misc.h:1295 0x3ffc65bc: handshake state: 9 (MBEDTLS_SSL_CERTIFICATE_VERIFY) -> 10 (MBEDTLS_SSL_CLIENT_CHANGE_CIPHER_SPEC)

I (5003) mbedtls: ssl_msg.c:2063 0x3ffc65bc: => flush output

I (5003) mbedtls: ssl_msg.c:2072 0x3ffc65bc: <= flush output

I (5003) mbedtls: ssl_tls.c:4201 0x3ffc65bc: client state: MBEDTLS_SSL_CLIENT_CHANGE_CIPHER_SPEC

I (5003) mbedtls: ssl_msg.c:5087 0x3ffc65bc: => write change cipher spec

D (5003) mbedtls: ssl_misc.h:1295 0x3ffc65bc: handshake state: 10 (MBEDTLS_SSL_CLIENT_CHANGE_CIPHER_SPEC) -> 11 (MBEDTLS_SSL_CLIENT_FINISHED)

I (5003) mbedtls: ssl_msg.c:2494 0x3ffc65bc: => write handshake message

I (5003) mbedtls: ssl_msg.c:2654 0x3ffc65bc: => write record

D (5003) mbedtls: ssl_msg.c:2737 0x3ffc65bc: output record: msgtype = 20, version = [3:3], msglen = 1

I (5013) mbedtls: ssl_msg.c:2063 0x3ffc65bc: => flush output

I (5013) mbedtls: ssl_msg.c:2077 0x3ffc65bc: message length: 6, out_left: 6

I (5013) mbedtls: ssl_msg.c:2084 0x3ffc65bc: ssl->f_send() returned 6 (-0xfffffffa)

I (5013) mbedtls: ssl_msg.c:2111 0x3ffc65bc: <= flush output

I (5013) mbedtls: ssl_msg.c:2790 0x3ffc65bc: <= write record

I (5013) mbedtls: ssl_msg.c:2615 0x3ffc65bc: <= write handshake message

I (5013) mbedtls: ssl_msg.c:5100 0x3ffc65bc: <= write change cipher spec

I (5013) mbedtls: ssl_msg.c:2063 0x3ffc65bc: => flush output

I (5013) mbedtls: ssl_msg.c:2072 0x3ffc65bc: <= flush output

I (5013) mbedtls: ssl_tls.c:4201 0x3ffc65bc: client state: MBEDTLS_SSL_CLIENT_FINISHED

I (5013) mbedtls: ssl_tls.c:7384 0x3ffc65bc: => write finished

I (5013) mbedtls: ssl_tls.c:7235 0x3ffc65bc: => calc PSA finished tls

D (5013) mbedtls: ssl_tls.c:7246 0x3ffc65bc: dumping 'PSA calculated padbuf' (48 bytes)

D (5013) mbedtls: ssl_tls.c:7246 0x3ffc65bc: 0000:  bc f1 d6 b1 34 02 b8 53 c7 ce 79 c2 b5 a7 fa b3  ....4..S..y.....

D (5013) mbedtls: ssl_tls.c:7246 0x3ffc65bc: 0010:  9c 02 55 eb 29 9c 93 94 ae ae 1e 2e 41 a3 93 1f  ..U.).......A...

D (5013) mbedtls: ssl_tls.c:7246 0x3ffc65bc: 0020:  83 99 30 42 c7 b5 a6 1d 7a c0 58 03 ed e5 b8 7a  ..0B....z.X....z

D (5013) mbedtls: ssl_tls.c:7258 0x3ffc65bc: dumping 'calc finished result' (12 bytes)

D (5013) mbedtls: ssl_tls.c:7258 0x3ffc65bc: 0000:  38 72 37 37 c4 09 35 1f 22 78 eb b7              8r77..5."x..

I (5013) mbedtls: ssl_tls.c:7262 0x3ffc65bc: <= calc finished

D (5013) mbedtls: ssl_misc.h:1295 0x3ffc65bc: handshake state: 11 (MBEDTLS_SSL_CLIENT_FINISHED) -> 12 (MBEDTLS_SSL_SERVER_CHANGE_CIPHER_SPEC)

D (5013) mbedtls: ssl_tls.c:7434 0x3ffc65bc: switching to new transform spec for outbound data

I (5013) mbedtls: ssl_msg.c:2494 0x3ffc65bc: => write handshake message

I (5013) mbedtls: ssl_msg.c:2654 0x3ffc65bc: => write record

I (5013) mbedtls: ssl_msg.c:808 0x3ffc65bc: => encrypt buf

D (5013) mbedtls: ssl_msg.c:1036 0x3ffc65bc: before encrypt: msglen = 16, including 0 bytes of padding

I (5013) mbedtls: ssl_msg.c:1265 0x3ffc65bc: <= encrypt buf

D (5013) mbedtls: ssl_msg.c:2737 0x3ffc65bc: output record: msgtype = 22, version = [3:3], msglen = 40

I (5013) mbedtls: ssl_msg.c:2063 0x3ffc65bc: => flush output

I (5013) mbedtls: ssl_msg.c:2077 0x3ffc65bc: message length: 45, out_left: 45

I (5013) mbedtls: ssl_msg.c:2084 0x3ffc65bc: ssl->f_send() returned 45 (-0xffffffd3)

I (5013) mbedtls: ssl_msg.c:2111 0x3ffc65bc: <= flush output

I (5013) mbedtls: ssl_msg.c:2790 0x3ffc65bc: <= write record

I (5013) mbedtls: ssl_msg.c:2615 0x3ffc65bc: <= write handshake message

I (5013) mbedtls: ssl_tls.c:7487 0x3ffc65bc: <= write finished

I (5013) mbedtls: ssl_msg.c:2063 0x3ffc65bc: => flush output

I (5013) mbedtls: ssl_msg.c:2072 0x3ffc65bc: <= flush output

I (5013) mbedtls: ssl_tls.c:4201 0x3ffc65bc: client state: MBEDTLS_SSL_SERVER_CHANGE_CIPHER_SPEC

D (5013) mbedtls: ssl_misc.h:1295 0x3ffc65bc: handshake state: 12 (MBEDTLS_SSL_SERVER_CHANGE_CIPHER_SPEC) -> 16 (MBEDTLS_SSL_NEW_SESSION_TICKET)

I (5013) mbedtls: ssl_tls12_client.c:2829 0x3ffc65bc: => parse new session ticket

I (5013) mbedtls: ssl_msg.c:4040 0x3ffc65bc: => read record

I (5023) mbedtls: ssl_msg.c:1865 0x3ffc65bc: => fetch input

I (5023) mbedtls: ssl_msg.c:2005 0x3ffc65bc: in_left: 0, nb_want: 5

I (5023) mbedtls: ssl_msg.c:2025 0x3ffc65bc: in_left: 0, nb_want: 5

I (5023) mbedtls: ssl_msg.c:2028 0x3ffc65bc: ssl->f_recv(_timeout)() returned 5 (-0xfffffffb)

I (5023) mbedtls: ssl_msg.c:2050 0x3ffc65bc: <= fetch input

D (5023) mbedtls: ssl_msg.c:3707 0x3ffc65bc: input record: msgtype = 22, version = [0x303], msglen = 186

I (5023) mbedtls: ssl_msg.c:1865 0x3ffc65bc: => fetch input

I (5023) mbedtls: ssl_msg.c:2005 0x3ffc65bc: in_left: 5, nb_want: 191

I (5023) mbedtls: ssl_msg.c:2025 0x3ffc65bc: in_left: 5, nb_want: 191

I (5023) mbedtls: ssl_msg.c:2028 0x3ffc65bc: ssl->f_recv(_timeout)() returned 186 (-0xffffff46)

I (5023) mbedtls: ssl_msg.c:2050 0x3ffc65bc: <= fetch input

D (5023) mbedtls: ssl_msg.c:2948 0x3ffc65bc: handshake message: msglen = 186, type = 4, hslen = 186

D (5023) mbedtls: ssl_msg.c:3085 0x3ffc65bc: sole handshake fragment: 186, 0..186 of 186

I (5023) mbedtls: ssl_msg.c:4112 0x3ffc65bc: <= read record

D (5023) mbedtls: ssl_tls12_client.c:2876 0x3ffc65bc: ticket length: 176

D (5023) mbedtls: ssl_misc.h:1295 0x3ffc65bc: handshake state: 16 (MBEDTLS_SSL_NEW_SESSION_TICKET) -> 12 (MBEDTLS_SSL_SERVER_CHANGE_CIPHER_SPEC)

D (5023) mbedtls: ssl_tls12_client.c:2920 0x3ffc65bc: ticket in use, discarding session id

I (5023) mbedtls: ssl_tls12_client.c:2923 0x3ffc65bc: <= parse new session ticket

I (5023) mbedtls: ssl_msg.c:2063 0x3ffc65bc: => flush output

I (5023) mbedtls: ssl_msg.c:2072 0x3ffc65bc: <= flush output

I (5023) mbedtls: ssl_tls.c:4201 0x3ffc65bc: client state: MBEDTLS_SSL_SERVER_CHANGE_CIPHER_SPEC

I (5023) mbedtls: ssl_msg.c:5109 0x3ffc65bc: => parse change cipher spec

I (5023) mbedtls: ssl_msg.c:4040 0x3ffc65bc: => read record

I (5023) mbedtls: ssl_msg.c:1865 0x3ffc65bc: => fetch input

I (5023) mbedtls: ssl_msg.c:2005 0x3ffc65bc: in_left: 0, nb_want: 5

I (5023) mbedtls: ssl_msg.c:2025 0x3ffc65bc: in_left: 0, nb_want: 5

I (5023) mbedtls: ssl_msg.c:2028 0x3ffc65bc: ssl->f_recv(_timeout)() returned 5 (-0xfffffffb)

I (5023) mbedtls: ssl_msg.c:2050 0x3ffc65bc: <= fetch input

D (5023) mbedtls: ssl_msg.c:3707 0x3ffc65bc: input record: msgtype = 20, version = [0x303], msglen = 1

I (5023) mbedtls: ssl_msg.c:1865 0x3ffc65bc: => fetch input

I (5023) mbedtls: ssl_msg.c:2005 0x3ffc65bc: in_left: 5, nb_want: 6

I (5023) mbedtls: ssl_msg.c:2025 0x3ffc65bc: in_left: 5, nb_want: 6

I (5023) mbedtls: ssl_msg.c:2028 0x3ffc65bc: ssl->f_recv(_timeout)() returned 1 (-0xffffffff)

I (5023) mbedtls: ssl_msg.c:2050 0x3ffc65bc: <= fetch input

I (5023) mbedtls: ssl_msg.c:4112 0x3ffc65bc: <= read record

D (5023) mbedtls: ssl_msg.c:5130 0x3ffc65bc: switching to new transform spec for inbound data

D (5023) mbedtls: ssl_misc.h:1295 0x3ffc65bc: handshake state: 12 (MBEDTLS_SSL_SERVER_CHANGE_CIPHER_SPEC) -> 13 (MBEDTLS_SSL_SERVER_FINISHED)

I (5023) mbedtls: ssl_msg.c:5157 0x3ffc65bc: <= parse change cipher spec

I (5023) mbedtls: ssl_msg.c:2063 0x3ffc65bc: => flush output

I (5023) mbedtls: ssl_msg.c:2072 0x3ffc65bc: <= flush output

I (5023) mbedtls: ssl_tls.c:4201 0x3ffc65bc: client state: MBEDTLS_SSL_SERVER_FINISHED

I (5023) mbedtls: ssl_tls.c:7500 0x3ffc65bc: => parse finished

I (5023) mbedtls: ssl_tls.c:7235 0x3ffc65bc: => calc PSA finished tls

D (5023) mbedtls: ssl_tls.c:7246 0x3ffc65bc: dumping 'PSA calculated padbuf' (48 bytes)

D (5023) mbedtls: ssl_tls.c:7246 0x3ffc65bc: 0000:  0b bd 29 1d e2 94 93 52 83 66 fc 10 9c ef 9f 33  ..)....R.f.....3

D (5023) mbedtls: ssl_tls.c:7246 0x3ffc65bc: 0010:  27 4e 25 12 03 de fe be 87 9a 7d b6 de 3a bc 5c  'N%.......}..:.\

D (5023) mbedtls: ssl_tls.c:7246 0x3ffc65bc: 0020:  6b c6 65 1b e5 68 0c ad 5a b7 11 37 6a 30 9d c4  k.e..h..Z..7j0..

D (5033) mbedtls: ssl_tls.c:7258 0x3ffc65bc: dumping 'calc finished result' (12 bytes)

D (5033) mbedtls: ssl_tls.c:7258 0x3ffc65bc: 0000:  e9 55 a1 2b 04 52 c9 b7 59 2e 71 65              .U.+.R..Y.qe

I (5033) mbedtls: ssl_tls.c:7262 0x3ffc65bc: <= calc finished

I (5033) mbedtls: ssl_msg.c:4040 0x3ffc65bc: => read record

I (5033) mbedtls: ssl_msg.c:1865 0x3ffc65bc: => fetch input

I (5033) mbedtls: ssl_msg.c:2005 0x3ffc65bc: in_left: 0, nb_want: 5

I (5033) mbedtls: ssl_msg.c:2025 0x3ffc65bc: in_left: 0, nb_want: 5

I (5033) mbedtls: ssl_msg.c:2028 0x3ffc65bc: ssl->f_recv(_timeout)() returned 5 (-0xfffffffb)

I (5033) mbedtls: ssl_msg.c:2050 0x3ffc65bc: <= fetch input

D (5033) mbedtls: ssl_msg.c:3707 0x3ffc65bc: input record: msgtype = 22, version = [0x303], msglen = 40

I (5033) mbedtls: ssl_msg.c:1865 0x3ffc65bc: => fetch input

I (5033) mbedtls: ssl_msg.c:2005 0x3ffc65bc: in_left: 5, nb_want: 45

I (5033) mbedtls: ssl_msg.c:2025 0x3ffc65bc: in_left: 5, nb_want: 45

I (5033) mbedtls: ssl_msg.c:2028 0x3ffc65bc: ssl->f_recv(_timeout)() returned 40 (-0xffffffd8)

I (5033) mbedtls: ssl_msg.c:2050 0x3ffc65bc: <= fetch input

I (5033) mbedtls: ssl_msg.c:1301 0x3ffc65bc: => decrypt buf

I (5033) mbedtls: ssl_msg.c:1831 0x3ffc65bc: <= decrypt buf

D (5033) mbedtls: ssl_msg.c:2948 0x3ffc65bc: handshake message: msglen = 16, type = 20, hslen = 16

D (5033) mbedtls: ssl_msg.c:3085 0x3ffc65bc: sole handshake fragment: 16, 0..16 of 16

I (5033) mbedtls: ssl_msg.c:4112 0x3ffc65bc: <= read record

D (5033) mbedtls: ssl_misc.h:1295 0x3ffc65bc: handshake state: 13 (MBEDTLS_SSL_SERVER_FINISHED) -> 14 (MBEDTLS_SSL_FLUSH_BUFFERS)

I (5033) mbedtls: ssl_tls.c:7571 0x3ffc65bc: <= parse finished

I (5033) mbedtls: ssl_msg.c:2063 0x3ffc65bc: => flush output

I (5033) mbedtls: ssl_msg.c:2072 0x3ffc65bc: <= flush output

I (5033) mbedtls: ssl_tls.c:4201 0x3ffc65bc: client state: MBEDTLS_SSL_FLUSH_BUFFERS

I (5033) mbedtls: ssl_tls12_client.c:3031 0x3ffc65bc: handshake: done

D (5033) mbedtls: ssl_misc.h:1295 0x3ffc65bc: handshake state: 14 (MBEDTLS_SSL_FLUSH_BUFFERS) -> 15 (MBEDTLS_SSL_HANDSHAKE_WRAPUP)

I (5033) mbedtls: ssl_msg.c:2063 0x3ffc65bc: => flush output

I (5033) mbedtls: ssl_msg.c:2072 0x3ffc65bc: <= flush output

I (5033) mbedtls: ssl_tls.c:4201 0x3ffc65bc: client state: MBEDTLS_SSL_HANDSHAKE_WRAPUP

D (5033) mbedtls: ssl_tls.c:7322 0x3ffc65bc: => handshake wrapup

D (5033) mbedtls: ssl_tls.c:7296 0x3ffc65bc: => handshake wrapup: final free

D (5033) mbedtls: ssl_tls.c:7315 0x3ffc65bc: <= handshake wrapup: final free

D (5033) mbedtls: ssl_misc.h:1295 0x3ffc65bc: handshake state: 15 (MBEDTLS_SSL_HANDSHAKE_WRAPUP) -> 27 (MBEDTLS_SSL_HANDSHAKE_OVER)

D (5033) mbedtls: ssl_tls.c:7376 0x3ffc65bc: <= handshake wrapup

I (5033) mbedtls: ssl_tls.c:4293 0x3ffc65bc: <= handshake

[phase-a] tcp_connect=1971 us | tls_handshake=354116 us | total=356087 us
[neg] version=TLSv1.2 suite=TLS-ECDHE-ECDSA-WITH-AES-256-GCM-SHA384 peer_cert=0 bytes
[mem] post-handshake         free=201760 largest=110592 min-ever=192056
[ledger] HANDSHAKE_PEAK_DELTA(EC) = 0 bytes (min-ever 192056 -> 192056)
I (5033) mbedtls: ssl_msg.c:5925 0x3ffc65bc: => write

I (5033) mbedtls: ssl_msg.c:2654 0x3ffc65bc: => write record

I (5033) mbedtls: ssl_msg.c:808 0x3ffc65bc: => encrypt buf

D (5033) mbedtls: ssl_msg.c:1036 0x3ffc65bc: before encrypt: msglen = 14, including 0 bytes of padding

I (5033) mbedtls: ssl_msg.c:1265 0x3ffc65bc: <= encrypt buf

D (5033) mbedtls: ssl_msg.c:2737 0x3ffc65bc: output record: msgtype = 23, version = [3:3], msglen = 38

I (5033) mbedtls: ssl_msg.c:2063 0x3ffc65bc: => flush output

I (5033) mbedtls: ssl_msg.c:2077 0x3ffc65bc: message length: 43, out_left: 43

I (5033) mbedtls: ssl_msg.c:2084 0x3ffc65bc: ssl->f_send() returned 43 (-0xffffffd5)

I (5033) mbedtls: ssl_msg.c:2111 0x3ffc65bc: <= flush output

I (5043) mbedtls: ssl_msg.c:2790 0x3ffc65bc: <= write record

I (5043) mbedtls: ssl_msg.c:5947 0x3ffc65bc: <= write

I (5043) mbedtls: ssl_msg.c:5663 0x3ffc65bc: => read

I (5043) mbedtls: ssl_msg.c:4040 0x3ffc65bc: => read record

I (5043) mbedtls: ssl_msg.c:1865 0x3ffc65bc: => fetch input

I (5043) mbedtls: ssl_msg.c:2005 0x3ffc65bc: in_left: 0, nb_want: 5

I (5043) mbedtls: ssl_msg.c:2025 0x3ffc65bc: in_left: 0, nb_want: 5

I (5043) mbedtls: ssl_msg.c:2028 0x3ffc65bc: ssl->f_recv(_timeout)() returned 5 (-0xfffffffb)

I (5043) mbedtls: ssl_msg.c:2050 0x3ffc65bc: <= fetch input

D (5043) mbedtls: ssl_msg.c:3707 0x3ffc65bc: input record: msgtype = 23, version = [0x303], msglen = 38

I (5043) mbedtls: ssl_msg.c:1865 0x3ffc65bc: => fetch input

I (5043) mbedtls: ssl_msg.c:2005 0x3ffc65bc: in_left: 5, nb_want: 43

I (5043) mbedtls: ssl_msg.c:2025 0x3ffc65bc: in_left: 5, nb_want: 43

I (5043) mbedtls: ssl_msg.c:2028 0x3ffc65bc: ssl->f_recv(_timeout)() returned 38 (-0xffffffda)

I (5043) mbedtls: ssl_msg.c:2050 0x3ffc65bc: <= fetch input

I (5043) mbedtls: ssl_msg.c:1301 0x3ffc65bc: => decrypt buf

I (5043) mbedtls: ssl_msg.c:1831 0x3ffc65bc: <= decrypt buf

I (5043) mbedtls: ssl_msg.c:4112 0x3ffc65bc: <= read record

I (5043) mbedtls: ssl_msg.c:5823 0x3ffc65bc: <= read

[phase-a] app-echo #0 rtt=5973 us payload=14 B
I (5043) mbedtls: ssl_msg.c:5925 0x3ffc65bc: => write

I (5043) mbedtls: ssl_msg.c:2654 0x3ffc65bc: => write record

I (5043) mbedtls: ssl_msg.c:808 0x3ffc65bc: => encrypt buf

D (5043) mbedtls: ssl_msg.c:1036 0x3ffc65bc: before encrypt: msglen = 14, including 0 bytes of padding

I (5043) mbedtls: ssl_msg.c:1265 0x3ffc65bc: <= encrypt buf

D (5043) mbedtls: ssl_msg.c:2737 0x3ffc65bc: output record: msgtype = 23, version = [3:3], msglen = 38

I (5043) mbedtls: ssl_msg.c:2063 0x3ffc65bc: => flush output

I (5043) mbedtls: ssl_msg.c:2077 0x3ffc65bc: message length: 43, out_left: 43

I (5043) mbedtls: ssl_msg.c:2084 0x3ffc65bc: ssl->f_send() returned 43 (-0xffffffd5)

I (5043) mbedtls: ssl_msg.c:2111 0x3ffc65bc: <= flush output

I (5043) mbedtls: ssl_msg.c:2790 0x3ffc65bc: <= write record

I (5043) mbedtls: ssl_msg.c:5947 0x3ffc65bc: <= write

I (5043) mbedtls: ssl_msg.c:5663 0x3ffc65bc: => read

I (5043) mbedtls: ssl_msg.c:4040 0x3ffc65bc: => read record

I (5043) mbedtls: ssl_msg.c:1865 0x3ffc65bc: => fetch input

I (5043) mbedtls: ssl_msg.c:2005 0x3ffc65bc: in_left: 0, nb_want: 5

I (5043) mbedtls: ssl_msg.c:2025 0x3ffc65bc: in_left: 0, nb_want: 5

I (5043) mbedtls: ssl_msg.c:2028 0x3ffc65bc: ssl->f_recv(_timeout)() returned 5 (-0xfffffffb)

I (5043) mbedtls: ssl_msg.c:2050 0x3ffc65bc: <= fetch input

D (5043) mbedtls: ssl_msg.c:3707 0x3ffc65bc: input record: msgtype = 23, version = [0x303], msglen = 38

I (5043) mbedtls: ssl_msg.c:1865 0x3ffc65bc: => fetch input

I (5043) mbedtls: ssl_msg.c:2005 0x3ffc65bc: in_left: 5, nb_want: 43

I (5043) mbedtls: ssl_msg.c:2025 0x3ffc65bc: in_left: 5, nb_want: 43

I (5043) mbedtls: ssl_msg.c:2028 0x3ffc65bc: ssl->f_recv(_timeout)() returned 38 (-0xffffffda)

I (5043) mbedtls: ssl_msg.c:2050 0x3ffc65bc: <= fetch input

I (5043) mbedtls: ssl_msg.c:1301 0x3ffc65bc: => decrypt buf

I (5043) mbedtls: ssl_msg.c:1831 0x3ffc65bc: <= decrypt buf

I (5043) mbedtls: ssl_msg.c:4112 0x3ffc65bc: <= read record

I (5043) mbedtls: ssl_msg.c:5823 0x3ffc65bc: <= read

[phase-a] app-echo #1 rtt=5667 us payload=14 B
I (5043) mbedtls: ssl_msg.c:5925 0x3ffc65bc: => write

I (5043) mbedtls: ssl_msg.c:2654 0x3ffc65bc: => write record

I (5043) mbedtls: ssl_msg.c:808 0x3ffc65bc: => encrypt buf

D (5053) mbedtls: ssl_msg.c:1036 0x3ffc65bc: before encrypt: msglen = 14, including 0 bytes of padding

I (5053) mbedtls: ssl_msg.c:1265 0x3ffc65bc: <= encrypt buf

D (5053) mbedtls: ssl_msg.c:2737 0x3ffc65bc: output record: msgtype = 23, version = [3:3], msglen = 38

I (5053) mbedtls: ssl_msg.c:2063 0x3ffc65bc: => flush output

I (5053) mbedtls: ssl_msg.c:2077 0x3ffc65bc: message length: 43, out_left: 43

I (5053) mbedtls: ssl_msg.c:2084 0x3ffc65bc: ssl->f_send() returned 43 (-0xffffffd5)

I (5053) mbedtls: ssl_msg.c:2111 0x3ffc65bc: <= flush output

I (5053) mbedtls: ssl_msg.c:2790 0x3ffc65bc: <= write record

I (5053) mbedtls: ssl_msg.c:5947 0x3ffc65bc: <= write

I (5053) mbedtls: ssl_msg.c:5663 0x3ffc65bc: => read

I (5053) mbedtls: ssl_msg.c:4040 0x3ffc65bc: => read record

I (5053) mbedtls: ssl_msg.c:1865 0x3ffc65bc: => fetch input

I (5053) mbedtls: ssl_msg.c:2005 0x3ffc65bc: in_left: 0, nb_want: 5

I (5053) mbedtls: ssl_msg.c:2025 0x3ffc65bc: in_left: 0, nb_want: 5

I (5053) mbedtls: ssl_msg.c:2028 0x3ffc65bc: ssl->f_recv(_timeout)() returned 5 (-0xfffffffb)

I (5053) mbedtls: ssl_msg.c:2050 0x3ffc65bc: <= fetch input

D (5053) mbedtls: ssl_msg.c:3707 0x3ffc65bc: input record: msgtype = 23, version = [0x303], msglen = 38

I (5053) mbedtls: ssl_msg.c:1865 0x3ffc65bc: => fetch input

I (5053) mbedtls: ssl_msg.c:2005 0x3ffc65bc: in_left: 5, nb_want: 43

I (5053) mbedtls: ssl_msg.c:2025 0x3ffc65bc: in_left: 5, nb_want: 43

I (5053) mbedtls: ssl_msg.c:2028 0x3ffc65bc: ssl->f_recv(_timeout)() returned 38 (-0xffffffda)

I (5053) mbedtls: ssl_msg.c:2050 0x3ffc65bc: <= fetch input

I (5053) mbedtls: ssl_msg.c:1301 0x3ffc65bc: => decrypt buf

I (5053) mbedtls: ssl_msg.c:1831 0x3ffc65bc: <= decrypt buf

I (5053) mbedtls: ssl_msg.c:4112 0x3ffc65bc: <= read record

I (5053) mbedtls: ssl_msg.c:5823 0x3ffc65bc: <= read

[phase-a] app-echo #2 rtt=5811 us payload=14 B
I (5053) mbedtls: ssl_msg.c:5925 0x3ffc65bc: => write

I (5053) mbedtls: ssl_msg.c:2654 0x3ffc65bc: => write record

I (5053) mbedtls: ssl_msg.c:808 0x3ffc65bc: => encrypt buf

D (5053) mbedtls: ssl_msg.c:1036 0x3ffc65bc: before encrypt: msglen = 14, including 0 bytes of padding

I (5053) mbedtls: ssl_msg.c:1265 0x3ffc65bc: <= encrypt buf

D (5053) mbedtls: ssl_msg.c:2737 0x3ffc65bc: output record: msgtype = 23, version = [3:3], msglen = 38

I (5053) mbedtls: ssl_msg.c:2063 0x3ffc65bc: => flush output

I (5053) mbedtls: ssl_msg.c:2077 0x3ffc65bc: message length: 43, out_left: 43

I (5053) mbedtls: ssl_msg.c:2084 0x3ffc65bc: ssl->f_send() returned 43 (-0xffffffd5)

I (5053) mbedtls: ssl_msg.c:2111 0x3ffc65bc: <= flush output

I (5053) mbedtls: ssl_msg.c:2790 0x3ffc65bc: <= write record

I (5053) mbedtls: ssl_msg.c:5947 0x3ffc65bc: <= write

I (5053) mbedtls: ssl_msg.c:5663 0x3ffc65bc: => read

I (5053) mbedtls: ssl_msg.c:4040 0x3ffc65bc: => read record

I (5053) mbedtls: ssl_msg.c:1865 0x3ffc65bc: => fetch input

I (5053) mbedtls: ssl_msg.c:2005 0x3ffc65bc: in_left: 0, nb_want: 5

I (5053) mbedtls: ssl_msg.c:2025 0x3ffc65bc: in_left: 0, nb_want: 5

I (5053) mbedtls: ssl_msg.c:2028 0x3ffc65bc: ssl->f_recv(_timeout)() returned 5 (-0xfffffffb)

I (5053) mbedtls: ssl_msg.c:2050 0x3ffc65bc: <= fetch input

D (5053) mbedtls: ssl_msg.c:3707 0x3ffc65bc: input record: msgtype = 23, version = [0x303], msglen = 38

I (5053) mbedtls: ssl_msg.c:1865 0x3ffc65bc: => fetch input

I (5053) mbedtls: ssl_msg.c:2005 0x3ffc65bc: in_left: 5, nb_want: 43

I (5053) mbedtls: ssl_msg.c:2025 0x3ffc65bc: in_left: 5, nb_want: 43

I (5053) mbedtls: ssl_msg.c:2028 0x3ffc65bc: ssl->f_recv(_timeout)() returned 38 (-0xffffffda)

I (5063) mbedtls: ssl_msg.c:2050 0x3ffc65bc: <= fetch input

I (5063) mbedtls: ssl_msg.c:1301 0x3ffc65bc: => decrypt buf

I (5063) mbedtls: ssl_msg.c:1831 0x3ffc65bc: <= decrypt buf

I (5063) mbedtls: ssl_msg.c:4112 0x3ffc65bc: <= read record

I (5063) mbedtls: ssl_msg.c:5823 0x3ffc65bc: <= read

[phase-a] app-echo #3 rtt=5664 us payload=14 B
I (5063) mbedtls: ssl_msg.c:5925 0x3ffc65bc: => write

I (5063) mbedtls: ssl_msg.c:2654 0x3ffc65bc: => write record

I (5063) mbedtls: ssl_msg.c:808 0x3ffc65bc: => encrypt buf

D (5063) mbedtls: ssl_msg.c:1036 0x3ffc65bc: before encrypt: msglen = 14, including 0 bytes of padding

I (5063) mbedtls: ssl_msg.c:1265 0x3ffc65bc: <= encrypt buf

D (5063) mbedtls: ssl_msg.c:2737 0x3ffc65bc: output record: msgtype = 23, version = [3:3], msglen = 38

I (5063) mbedtls: ssl_msg.c:2063 0x3ffc65bc: => flush output

I (5063) mbedtls: ssl_msg.c:2077 0x3ffc65bc: message length: 43, out_left: 43

I (5063) mbedtls: ssl_msg.c:2084 0x3ffc65bc: ssl->f_send() returned 43 (-0xffffffd5)

I (5063) mbedtls: ssl_msg.c:2111 0x3ffc65bc: <= flush output

I (5063) mbedtls: ssl_msg.c:2790 0x3ffc65bc: <= write record

I (5063) mbedtls: ssl_msg.c:5947 0x3ffc65bc: <= write

I (5063) mbedtls: ssl_msg.c:5663 0x3ffc65bc: => read

I (5063) mbedtls: ssl_msg.c:4040 0x3ffc65bc: => read record

I (5063) mbedtls: ssl_msg.c:1865 0x3ffc65bc: => fetch input

I (5063) mbedtls: ssl_msg.c:2005 0x3ffc65bc: in_left: 0, nb_want: 5

I (5063) mbedtls: ssl_msg.c:2025 0x3ffc65bc: in_left: 0, nb_want: 5

I (5063) mbedtls: ssl_msg.c:2028 0x3ffc65bc: ssl->f_recv(_timeout)() returned 5 (-0xfffffffb)

I (5063) mbedtls: ssl_msg.c:2050 0x3ffc65bc: <= fetch input

D (5063) mbedtls: ssl_msg.c:3707 0x3ffc65bc: input record: msgtype = 23, version = [0x303], msglen = 38

I (5063) mbedtls: ssl_msg.c:1865 0x3ffc65bc: => fetch input

I (5063) mbedtls: ssl_msg.c:2005 0x3ffc65bc: in_left: 5, nb_want: 43

I (5063) mbedtls: ssl_msg.c:2025 0x3ffc65bc: in_left: 5, nb_want: 43

I (5063) mbedtls: ssl_msg.c:2028 0x3ffc65bc: ssl->f_recv(_timeout)() returned 38 (-0xffffffda)

I (5063) mbedtls: ssl_msg.c:2050 0x3ffc65bc: <= fetch input

I (5063) mbedtls: ssl_msg.c:1301 0x3ffc65bc: => decrypt buf

I (5063) mbedtls: ssl_msg.c:1831 0x3ffc65bc: <= decrypt buf

I (5063) mbedtls: ssl_msg.c:4112 0x3ffc65bc: <= read record

I (5063) mbedtls: ssl_msg.c:5823 0x3ffc65bc: <= read

[phase-a] app-echo #4 rtt=5709 us payload=14 B
[mem] post-session           free=201760 largest=110592 min-ever=192056
[mem-tick] t=    3476 ms phase=closing      free=227684
[mem-tick] t=    3576 ms phase=closing      free=227712
[mem-tick] t=    3676 ms phase=closing      free=227712
[mem-tick] t=    3776 ms phase=closing      free=227712
[mem-tick] t=    3876 ms phase=closing      free=227712
[ledger] CLOSED(EC): free now=227712, before-this-phase=227712, retained=0
[mem-tick] t=    3976 ms phase=EC-settled   free=227712
[mem-tick] t=    4076 ms phase=EC-settled   free=227712
[mem-tick] t=    4176 ms phase=EC-settled   free=227712
[mem-tick] t=    4276 ms phase=EC-settled   free=227712
[mem] settled                free=227712 largest=110592 min-ever=192056

===== PHASE D: throughput plain-vs-tls (3 rounds interleaved, 1024B x 2048 msgs each) =====
W (5963) esp-tls-mbedtls: skip_common_name=true: hostname matching and SNI disabled. This disables ALL server-name authentication (CN/SAN/SNI), not just CN. Only intended for loopback / debug clients.
D (5963) esp-tls: handshake in progress...
I (5963) mbedtls: ssl_tls.c:4282 0x3ffc65bc: => handshake

I (5963) mbedtls: ssl_msg.c:2063 0x3ffc65bc: => flush output

I (5963) mbedtls: ssl_msg.c:2072 0x3ffc65bc: <= flush output

I (5963) mbedtls: ssl_tls.c:4201 0x3ffc65bc: client state: MBEDTLS_SSL_HELLO_REQUEST

D (5963) mbedtls: ssl_misc.h:1295 0x3ffc65bc: handshake state: 0 (MBEDTLS_SSL_HELLO_REQUEST) -> 1 (MBEDTLS_SSL_CLIENT_HELLO)

I (5963) mbedtls: ssl_msg.c:2063 0x3ffc65bc: => flush output

I (5973) mbedtls: ssl_msg.c:2072 0x3ffc65bc: <= flush output

I (5973) mbedtls: ssl_tls.c:4201 0x3ffc65bc: client state: MBEDTLS_SSL_CLIENT_HELLO

I (5973) mbedtls: ssl_client.c:917 0x3ffc65bc: => write client hello

D (5973) mbedtls: ssl_client.c:722 0x3ffc65bc: client hello, current time: 4

D (5973) mbedtls: ssl_client.c:485 0x3ffc65bc: dumping 'client hello, random bytes' (32 bytes)

D (5973) mbedtls: ssl_client.c:485 0x3ffc65bc: 0000:  00 00 00 04 6b 5f bc 59 e1 6f 84 15 79 61 33 fd  ....k_.Y.o..ya3.

D (5973) mbedtls: ssl_client.c:485 0x3ffc65bc: 0010:  a1 c0 ab 40 ed 2d 32 54 41 9b 0f 4e 6f 41 04 70  ...@.-2TA..NoA.p

D (5973) mbedtls: ssl_client.c:510 0x3ffc65bc: dumping 'session id' (0 bytes)

D (5973) mbedtls: ssl_client.c:368 0x3ffc65bc: client hello, add ciphersuite: c02c, TLS-ECDHE-ECDSA-WITH-AES-256-GCM-SHA384

D (5983) mbedtls: ssl_client.c:368 0x3ffc65bc: client hello, add ciphersuite: c030, TLS-ECDHE-RSA-WITH-AES-256-GCM-SHA384

D (5983) mbedtls: ssl_client.c:368 0x3ffc65bc: client hello, add ciphersuite: c0ad, TLS-ECDHE-ECDSA-WITH-AES-256-CCM

D (5983) mbedtls: ssl_client.c:368 0x3ffc65bc: client hello, add ciphersuite: c024, TLS-ECDHE-ECDSA-WITH-AES-256-CBC-SHA384

D (5983) mbedtls: ssl_client.c:368 0x3ffc65bc: client hello, add ciphersuite: c028, TLS-ECDHE-RSA-WITH-AES-256-CBC-SHA384

D (5983) mbedtls: ssl_client.c:368 0x3ffc65bc: client hello, add ciphersuite: c00a, TLS-ECDHE-ECDSA-WITH-AES-256-CBC-SHA

D (5983) mbedtls: ssl_client.c:368 0x3ffc65bc: client hello, add ciphersuite: c014, TLS-ECDHE-RSA-WITH-AES-256-CBC-SHA

D (5983) mbedtls: ssl_client.c:368 0x3ffc65bc: client hello, add ciphersuite: c0af, TLS-ECDHE-ECDSA-WITH-AES-256-CCM-8

D (5983) mbedtls: ssl_client.c:368 0x3ffc65bc: client hello, add ciphersuite: c02b, TLS-ECDHE-ECDSA-WITH-AES-128-GCM-SHA256

D (5993) mbedtls: ssl_client.c:368 0x3ffc65bc: client hello, add ciphersuite: c02f, TLS-ECDHE-RSA-WITH-AES-128-GCM-SHA256

D (5993) mbedtls: ssl_client.c:368 0x3ffc65bc: client hello, add ciphersuite: c0ac, TLS-ECDHE-ECDSA-WITH-AES-128-CCM

D (5993) mbedtls: ssl_client.c:368 0x3ffc65bc: client hello, add ciphersuite: c023, TLS-ECDHE-ECDSA-WITH-AES-128-CBC-SHA256

D (5993) mbedtls: ssl_client.c:368 0x3ffc65bc: client hello, add ciphersuite: c027, TLS-ECDHE-RSA-WITH-AES-128-CBC-SHA256

D (5993) mbedtls: ssl_client.c:368 0x3ffc65bc: client hello, add ciphersuite: c009, TLS-ECDHE-ECDSA-WITH-AES-128-CBC-SHA

D (5993) mbedtls: ssl_client.c:368 0x3ffc65bc: client hello, add ciphersuite: c013, TLS-ECDHE-RSA-WITH-AES-128-CBC-SHA

D (6003) mbedtls: ssl_client.c:368 0x3ffc65bc: client hello, add ciphersuite: c0ae, TLS-ECDHE-ECDSA-WITH-AES-128-CCM-8

D (6003) mbedtls: ssl_client.c:386 0x3ffc65bc: adding EMPTY_RENEGOTIATION_INFO_SCSV

D (6003) mbedtls: ssl_client.c:395 0x3ffc65bc: client hello, got 17 cipher suites

D (6003) mbedtls: ssl_client.c:229 0x3ffc65bc: client hello, adding supported_groups extension

D (6003) mbedtls: ssl_client.c:248 0x3ffc65bc: got supported group(001d)

D (6003) mbedtls: ssl_client.c:280 0x3ffc65bc: NamedGroup: x25519 ( 1d )

D (6003) mbedtls: ssl_client.c:248 0x3ffc65bc: got supported group(0017)

D (6003) mbedtls: ssl_client.c:280 0x3ffc65bc: NamedGroup: secp256r1 ( 17 )

D (6003) mbedtls: ssl_client.c:248 0x3ffc65bc: got supported group(0018)

D (6003) mbedtls: ssl_client.c:280 0x3ffc65bc: NamedGroup: secp384r1 ( 18 )

D (6003) mbedtls: ssl_client.c:248 0x3ffc65bc: got supported group(001e)

D (6013) mbedtls: ssl_client.c:280 0x3ffc65bc: NamedGroup: x448 ( 1e )

D (6013) mbedtls: ssl_client.c:248 0x3ffc65bc: got supported group(0019)

D (6013) mbedtls: ssl_client.c:280 0x3ffc65bc: NamedGroup: secp521r1 ( 19 )

D (6013) mbedtls: ssl_client.c:248 0x3ffc65bc: got supported group(001a)

D (6013) mbedtls: ssl_client.c:280 0x3ffc65bc: NamedGroup: bp256r1 ( 1a )

D (6013) mbedtls: ssl_client.c:248 0x3ffc65bc: got supported group(001b)

D (6013) mbedtls: ssl_client.c:280 0x3ffc65bc: NamedGroup: bp384r1 ( 1b )

D (6013) mbedtls: ssl_client.c:248 0x3ffc65bc: got supported group(001c)

D (6013) mbedtls: ssl_client.c:280 0x3ffc65bc: NamedGroup: bp512r1 ( 1c )

D (6013) mbedtls: ssl_client.c:248 0x3ffc65bc: got supported group(0100)

D (6013) mbedtls: ssl_client.c:248 0x3ffc65bc: got supported group(0101)

D (6013) mbedtls: ssl_client.c:248 0x3ffc65bc: got supported group(0102)

D (6023) mbedtls: ssl_client.c:248 0x3ffc65bc: got supported group(0103)

D (6023) mbedtls: ssl_client.c:248 0x3ffc65bc: got supported group(0104)

D (6023) mbedtls: ssl_client.c:300 0x3ffc65bc: dumping 'Supported groups extension' (18 bytes)

D (6023) mbedtls: ssl_client.c:300 0x3ffc65bc: 0000:  00 10 00 1d 00 17 00 18 00 1e 00 19 00 1a 00 1b  ................

D (6023) mbedtls: ssl_client.c:300 0x3ffc65bc: 0010:  00 1c                                            ..

D (6023) mbedtls: ssl_tls.c:8276 0x3ffc65bc: adding signature_algorithms extension

D (6023) mbedtls: ssl_tls.c:8296 0x3ffc65bc: got signature scheme [603] ecdsa_secp521r1_sha512

D (6023) mbedtls: ssl_tls.c:8305 0x3ffc65bc: sent signature scheme [603] ecdsa_secp521r1_sha512

D (6023) mbedtls: ssl_tls.c:8296 0x3ffc65bc: got signature scheme [806] rsa_pss_rsae_sha512

D (6033) mbedtls: ssl_tls.c:8296 0x3ffc65bc: got signature scheme [601] rsa_pkcs1_sha512

D (6033) mbedtls: ssl_tls.c:8305 0x3ffc65bc: sent signature scheme [601] rsa_pkcs1_sha512

D (6033) mbedtls: ssl_tls.c:8296 0x3ffc65bc: got signature scheme [503] ecdsa_secp384r1_sha384

D (6033) mbedtls: ssl_tls.c:8305 0x3ffc65bc: sent signature scheme [503] ecdsa_secp384r1_sha384

D (6033) mbedtls: ssl_tls.c:8296 0x3ffc65bc: got signature scheme [805] rsa_pss_rsae_sha384

D (6033) mbedtls: ssl_tls.c:8296 0x3ffc65bc: got signature scheme [501] rsa_pkcs1_sha384

D (6033) mbedtls: ssl_tls.c:8305 0x3ffc65bc: sent signature scheme [501] rsa_pkcs1_sha384

D (6033) mbedtls: ssl_tls.c:8296 0x3ffc65bc: got signature scheme [403] ecdsa_secp256r1_sha256

D (6033) mbedtls: ssl_tls.c:8305 0x3ffc65bc: sent signature scheme [403] ecdsa_secp256r1_sha256

D (6033) mbedtls: ssl_tls.c:8296 0x3ffc65bc: got signature scheme [804] rsa_pss_rsae_sha256

D (6033) mbedtls: ssl_tls.c:8296 0x3ffc65bc: got signature scheme [401] rsa_pkcs1_sha256

D (6033) mbedtls: ssl_tls.c:8305 0x3ffc65bc: sent signature scheme [401] rsa_pkcs1_sha256

D (6033) mbedtls: ssl_tls12_client.c:103 0x3ffc65bc: client hello, adding supported_point_formats extension

D (6033) mbedtls: ssl_tls12_client.c:287 0x3ffc65bc: client hello, adding encrypt_then_mac extension

D (6033) mbedtls: ssl_tls12_client.c:319 0x3ffc65bc: client hello, adding extended_master_secret extension

D (6033) mbedtls: ssl_tls12_client.c:352 0x3ffc65bc: client hello, adding session ticket extension

D (6033) mbedtls: ssl_client.c:687 0x3ffc65bc: client hello, total extension length: 58

D (6033) mbedtls: ssl_client.c:689 0x3ffc65bc: dumping 'client hello extensions' (58 bytes)

D (6033) mbedtls: ssl_client.c:689 0x3ffc65bc: 0000:  00 3a 00 0a 00 12 00 10 00 1d 00 17 00 18 00 1e  .:..............

D (6033) mbedtls: ssl_client.c:689 0x3ffc65bc: 0010:  00 19 00 1a 00 1b 00 1c 00 0d 00 0e 00 0c 06 03  ................

D (6033) mbedtls: ssl_client.c:689 0x3ffc65bc: 0020:  06 01 05 03 05 01 04 03 04 01 00 0b 00 02 01 00  ................

D (6033) mbedtls: ssl_client.c:689 0x3ffc65bc: 0030:  00 16 00 00 00 17 00 00 00 23                    .........#

I (6033) mbedtls: ssl_msg.c:2494 0x3ffc65bc: => write handshake message

I (6033) mbedtls: ssl_msg.c:2654 0x3ffc65bc: => write record

D (6043) mbedtls: ssl_msg.c:2737 0x3ffc65bc: output record: msgtype = 22, version = [3:3], msglen = 137

I (6043) mbedtls: ssl_msg.c:2790 0x3ffc65bc: <= write record

I (6043) mbedtls: ssl_msg.c:2615 0x3ffc65bc: <= write handshake message

D (6043) mbedtls: ssl_misc.h:1295 0x3ffc65bc: handshake state: 1 (MBEDTLS_SSL_CLIENT_HELLO) -> 2 (MBEDTLS_SSL_SERVER_HELLO)

I (6043) mbedtls: ssl_client.c:1010 0x3ffc65bc: <= write client hello

I (6043) mbedtls: ssl_msg.c:2063 0x3ffc65bc: => flush output

I (6043) mbedtls: ssl_msg.c:2077 0x3ffc65bc: message length: 142, out_left: 142

I (6043) mbedtls: ssl_msg.c:2084 0x3ffc65bc: ssl->f_send() returned 142 (-0xffffff72)

D (6043) esp-tls-mbedtls: No custom cipher suites provided - using default
I (6043) mbedtls: ssl_msg.c:2111 0x3ffc65bc: <= flush output

I (6043) mbedtls: ssl_tls.c:4201 0x3ffc65bc: client state: MBEDTLS_SSL_SERVER_HELLO

I (6043) mbedtls: ssl_tls12_client.c:1151 0x3ffc65bc: => parse server hello

I (6043) mbedtls: ssl_tls.c:4282 0x3ffcd14c: => handshake

I (6043) mbedtls: ssl_msg.c:4040 0x3ffc65bc: => read record

I (6043) mbedtls: ssl_msg.c:2063 0x3ffcd14c: => flush output

I (6043) mbedtls: ssl_msg.c:1865 0x3ffc65bc: => fetch input

I (6043) mbedtls: ssl_msg.c:2005 0x3ffc65bc: in_left: 0, nb_want: 5

I (6043) mbedtls: ssl_msg.c:2072 0x3ffcd14c: <= flush output

[mem-tick] t=    4418 ms phase=thr-setup    free=192300
I (6043) mbedtls: ssl_tls12_server.c:3429 0x3ffcd14c: server state: 0

D (6043) mbedtls: ssl_misc.h:1295 0x3ffcd14c: handshake state: 0 (MBEDTLS_SSL_HELLO_REQUEST) -> 1 (MBEDTLS_SSL_CLIENT_HELLO)

I (6043) mbedtls: ssl_msg.c:2063 0x3ffcd14c: => flush output

I (6043) mbedtls: ssl_msg.c:2072 0x3ffcd14c: <= flush output

I (6043) mbedtls: ssl_tls12_server.c:3429 0x3ffcd14c: server state: 1

I (6043) mbedtls: ssl_tls12_server.c:870 0x3ffcd14c: => parse client hello

I (6043) mbedtls: ssl_msg.c:4040 0x3ffcd14c: => read record

I (6043) mbedtls: ssl_msg.c:1865 0x3ffcd14c: => fetch input

I (6043) mbedtls: ssl_msg.c:2005 0x3ffcd14c: in_left: 0, nb_want: 5

I (6043) mbedtls: ssl_msg.c:2025 0x3ffcd14c: in_left: 0, nb_want: 5

I (6043) mbedtls: ssl_msg.c:2028 0x3ffcd14c: ssl->f_recv(_timeout)() returned 5 (-0xfffffffb)

I (6043) mbedtls: ssl_msg.c:2050 0x3ffcd14c: <= fetch input

D (6043) mbedtls: ssl_msg.c:3707 0x3ffcd14c: input record: msgtype = 22, version = [0x303], msglen = 137

I (6043) mbedtls: ssl_msg.c:1865 0x3ffcd14c: => fetch input

I (6043) mbedtls: ssl_msg.c:2005 0x3ffcd14c: in_left: 5, nb_want: 142

I (6043) mbedtls: ssl_msg.c:2025 0x3ffcd14c: in_left: 5, nb_want: 142

I (6043) mbedtls: ssl_msg.c:2028 0x3ffcd14c: ssl->f_recv(_timeout)() returned 137 (-0xffffff77)

I (6043) mbedtls: ssl_msg.c:2050 0x3ffcd14c: <= fetch input

D (6043) mbedtls: ssl_msg.c:2948 0x3ffcd14c: handshake message: msglen = 137, type = 1, hslen = 137

D (6043) mbedtls: ssl_msg.c:3085 0x3ffcd14c: sole handshake fragment: 137, 0..137 of 137

I (6043) mbedtls: ssl_msg.c:4112 0x3ffcd14c: <= read record

D (6043) mbedtls: ssl_tls12_server.c:981 0x3ffcd14c: dumping 'client hello, version' (2 bytes)

D (6043) mbedtls: ssl_tls12_server.c:981 0x3ffcd14c: 0000:  03 03                                            ..

D (6043) mbedtls: ssl_tls12_server.c:998 0x3ffcd14c: dumping 'client hello, random bytes' (32 bytes)

D (6053) mbedtls: ssl_tls12_server.c:998 0x3ffcd14c: 0000:  00 00 00 04 6b 5f bc 59 e1 6f 84 15 79 61 33 fd  ....k_.Y.o..ya3.

D (6053) mbedtls: ssl_tls12_server.c:998 0x3ffcd14c: 0010:  a1 c0 ab 40 ed 2d 32 54 41 9b 0f 4e 6f 41 04 70  ...@.-2TA..NoA.p

D (6053) mbedtls: ssl_tls12_server.c:1015 0x3ffcd14c: dumping 'client hello, session id' (0 bytes)

D (6053) mbedtls: ssl_tls12_server.c:1088 0x3ffcd14c: dumping 'client hello, ciphersuitelist' (34 bytes)

D (6053) mbedtls: ssl_tls12_server.c:1088 0x3ffcd14c: 0000:  c0 2c c0 30 c0 ad c0 24 c0 28 c0 0a c0 14 c0 af  .,.0...$.(......

D (6053) mbedtls: ssl_tls12_server.c:1088 0x3ffcd14c: 0010:  c0 2b c0 2f c0 ac c0 23 c0 27 c0 09 c0 13 c0 ae  .+./...#.'......

D (6053) mbedtls: ssl_tls12_server.c:1088 0x3ffcd14c: 0020:  00 ff                                            ..

D (6053) mbedtls: ssl_tls12_server.c:1110 0x3ffcd14c: dumping 'client hello, compression' (1 bytes)

D (6053) mbedtls: ssl_tls12_server.c:1110 0x3ffcd14c: 0000:  00                                               .

D (6053) mbedtls: ssl_tls12_server.c:1138 0x3ffcd14c: dumping 'client hello extensions' (58 bytes)

D (6053) mbedtls: ssl_tls12_server.c:1138 0x3ffcd14c: 0000:  00 0a 00 12 00 10 00 1d 00 17 00 18 00 1e 00 19  ................

D (6053) mbedtls: ssl_tls12_server.c:1138 0x3ffcd14c: 0010:  00 1a 00 1b 00 1c 00 0d 00 0e 00 0c 06 03 06 01  ................

D (6053) mbedtls: ssl_tls12_server.c:1138 0x3ffcd14c: 0020:  05 03 05 01 04 03 04 01 00 0b 00 02 01 00 00 16  ................

D (6053) mbedtls: ssl_tls12_server.c:1138 0x3ffcd14c: 0030:  00 00 00 17 00 00 00 23 00 00                    .......#..

D (6053) mbedtls: ssl_tls12_server.c:1199 0x3ffcd14c: found supported elliptic curves extension

D (6053) mbedtls: ssl_tls12_server.c:1184 0x3ffcd14c: found signature_algorithms extension

D (6053) mbedtls: ssl_tls12_server.c:1208 0x3ffcd14c: found supported point formats extension

D (6053) mbedtls: ssl_tls12_server.c:1255 0x3ffcd14c: found encrypt then mac extension

D (6053) mbedtls: ssl_tls12_server.c:1266 0x3ffcd14c: found extended master secret extension

D (6053) mbedtls: ssl_tls12_server.c:1277 0x3ffcd14c: found session ticket extension

D (6053) mbedtls: ssl_tls12_server.c:1356 0x3ffcd14c: received TLS_EMPTY_RENEGOTIATION_INFO 

D (6053) mbedtls: ssl_tls12_server.c:768 0x3ffcd14c: trying ciphersuite: 0xc02c (TLS-ECDHE-ECDSA-WITH-AES-256-GCM-SHA384)

D (6053) mbedtls: ssl_tls12_server.c:677 0x3ffcd14c: ciphersuite requires certificate

D (6053) mbedtls: ssl_tls12_server.c:686 0x3ffcd14c: candidate certificate chain, certificate #1:

D (6053) mbedtls: ssl_tls12_server.c:686 0x3ffcd14c: cert. version     : 3

D (6053) mbedtls: ssl_tls12_server.c:686 0x3ffcd14c: serial number     : 77:66:A5:9D:AF:14:9E:F2:03:F7:3C:2B:1A:5C:81:86:F8:A3:4E:52

D (6053) mbedtls: ssl_tls12_server.c:686 0x3ffcd14c: issuer name       : CN=localhost

D (6053) mbedtls: ssl_tls12_server.c:686 0x3ffcd14c: subject name      : CN=localhost

D (6053) mbedtls: ssl_tls12_server.c:686 0x3ffcd14c: issued  on        : 2026-08-26 20:20:30

D (6053) mbedtls: ssl_tls12_server.c:686 0x3ffcd14c: expires on        : 2026-09-25 20:20:30

D (6053) mbedtls: ssl_tls12_server.c:686 0x3ffcd14c: signed using      : RSA with SHA-256

D (6053) mbedtls: ssl_tls12_server.c:686 0x3ffcd14c: RSA key size      : 2048 bits

D (6053) mbedtls: ssl_tls12_server.c:686 0x3ffcd14c: basic constraints : CA=true

D (6053) mbedtls: ssl_tls12_server.c:686 0x3ffcd14c: dumping 'crt->PK' (270 bytes)

D (6053) mbedtls: ssl_tls12_server.c:686 0x3ffcd14c: 0000:  30 82 01 0a 02 82 01 01 00 dd 03 19 3e 8f 4a 05

D (6053) mbedtls: ssl_tls12_server.c:686 0x3ffcd14c: 0010:  9c d6 74 e1 46 bc 40 7a 7e af 78 09 38 f6 d0 1c

D (6063) mbedtls: ssl_tls12_server.c:686 0x3ffcd14c: 0020:  9d e4 2b 18 4c a1 87 f6 83 55 82 2d e0 21 fb b2

D (6063) mbedtls: ssl_tls12_server.c:686 0x3ffcd14c: 0030:  00 2f 9b 98 36 24 73 47 a2 11 bb 50 05 1c 9e 40

D (6063) mbedtls: ssl_tls12_server.c:686 0x3ffcd14c: 0040:  41 c9 de 81 7e a1 eb 82 48 35 d0 51 24 0d 22 bd

D (6063) mbedtls: ssl_tls12_server.c:686 0x3ffcd14c: 0050:  7e c7 0b 60 74 e2 60 3e 76 de c1 3d b5 9f e9 d2

D (6063) mbedtls: ssl_tls12_server.c:686 0x3ffcd14c: 0060:  ac 90 d3 84 2a 75 7c 41 8a 11 14 c8 bc 09 7b 9d

D (6063) mbedtls: ssl_tls12_server.c:686 0x3ffcd14c: 0070:  45 54 95 c1 50 05 be f1 34 c0 05 55 f5 a2 b3 a8

D (6063) mbedtls: ssl_tls12_server.c:686 0x3ffcd14c: 0080:  24 f6 ab 22 df 72 97 ef b5 8f e4 fe 49 be 4f c1

D (6063) mbedtls: ssl_tls12_server.c:686 0x3ffcd14c: 0090:  08 e0 39 7a cd ba 74 2e d1 20 74 ad 6b 59 ab 86

D (6063) mbedtls: ssl_tls12_server.c:686 0x3ffcd14c: 00a0:  5d 29 ab 81 f0 c1 22 3f 01 b9 0b a1 fb ee 70 9f

D (6063) mbedtls: ssl_tls12_server.c:686 0x3ffcd14c: 00b0:  eb 29 5e 9f 1d 6a 0d dc 65 fd 5e 5d 38 0c 1a c3

D (6063) mbedtls: ssl_tls12_server.c:686 0x3ffcd14c: 00c0:  ae b7 b7 2f 66 23 82 80 ab 7d 69 7c 8f 95 ab e8

D (6063) mbedtls: ssl_tls12_server.c:686 0x3ffcd14c: 00d0:  c0 4d 21 42 7d 78 c8 25 8b 60 f6 0d 87 c9 f4 df

D (6063) mbedtls: ssl_tls12_server.c:686 0x3ffcd14c: 00e0:  36 bf 16 7c 59 16 d1 09 ec 17 67 cf 5d 9f 8f 78

D (6063) mbedtls: ssl_tls12_server.c:686 0x3ffcd14c: 00f0:  8c 3d d0 02 18 d5 bc a7 19 f4 51 fe 1d b3 20 40

D (6063) mbedtls: ssl_tls12_server.c:686 0x3ffcd14c: 0100:  67 7e 3a cc 30 f3 8d a0 ef 02 03 01 00 01      

D (6063) mbedtls: ssl_tls12_server.c:700 0x3ffcd14c: certificate mismatch: key type

D (6063) mbedtls: ssl_tls12_server.c:819 0x3ffcd14c: ciphersuite mismatch: no suitable certificate

D (6063) mbedtls: ssl_tls12_server.c:768 0x3ffcd14c: trying ciphersuite: 0xc030 (TLS-ECDHE-RSA-WITH-AES-256-GCM-SHA384)

D (6063) mbedtls: ssl_tls12_server.c:677 0x3ffcd14c: ciphersuite requires certificate

D (6063) mbedtls: ssl_tls12_server.c:686 0x3ffcd14c: candidate certificate chain, certificate #1:

D (6063) mbedtls: ssl_tls12_server.c:686 0x3ffcd14c: cert. version     : 3

D (6063) mbedtls: ssl_tls12_server.c:686 0x3ffcd14c: serial number     : 77:66:A5:9D:AF:14:9E:F2:03:F7:3C:2B:1A:5C:81:86:F8:A3:4E:52

D (6063) mbedtls: ssl_tls12_server.c:686 0x3ffcd14c: issuer name       : CN=localhost

D (6063) mbedtls: ssl_tls12_server.c:686 0x3ffcd14c: subject name      : CN=localhost

D (6063) mbedtls: ssl_tls12_server.c:686 0x3ffcd14c: issued  on        : 2026-08-26 20:20:30

D (6063) mbedtls: ssl_tls12_server.c:686 0x3ffcd14c: expires on        : 2026-09-25 20:20:30

D (6063) mbedtls: ssl_tls12_server.c:686 0x3ffcd14c: signed using      : RSA with SHA-256

D (6063) mbedtls: ssl_tls12_server.c:686 0x3ffcd14c: RSA key size      : 2048 bits

D (6063) mbedtls: ssl_tls12_server.c:686 0x3ffcd14c: basic constraints : CA=true

D (6063) mbedtls: ssl_tls12_server.c:686 0x3ffcd14c: dumping 'crt->PK' (270 bytes)

D (6063) mbedtls: ssl_tls12_server.c:686 0x3ffcd14c: 0000:  30 82 01 0a 02 82 01 01 00 dd 03 19 3e 8f 4a 05

D (6063) mbedtls: ssl_tls12_server.c:686 0x3ffcd14c: 0010:  9c d6 74 e1 46 bc 40 7a 7e af 78 09 38 f6 d0 1c

D (6063) mbedtls: ssl_tls12_server.c:686 0x3ffcd14c: 0020:  9d e4 2b 18 4c a1 87 f6 83 55 82 2d e0 21 fb b2

D (6063) mbedtls: ssl_tls12_server.c:686 0x3ffcd14c: 0030:  00 2f 9b 98 36 24 73 47 a2 11 bb 50 05 1c 9e 40

D (6063) mbedtls: ssl_tls12_server.c:686 0x3ffcd14c: 0040:  41 c9 de 81 7e a1 eb 82 48 35 d0 51 24 0d 22 bd

D (6063) mbedtls: ssl_tls12_server.c:686 0x3ffcd14c: 0050:  7e c7 0b 60 74 e2 60 3e 76 de c1 3d b5 9f e9 d2

D (6063) mbedtls: ssl_tls12_server.c:686 0x3ffcd14c: 0060:  ac 90 d3 84 2a 75 7c 41 8a 11 14 c8 bc 09 7b 9d

D (6063) mbedtls: ssl_tls12_server.c:686 0x3ffcd14c: 0070:  45 54 95 c1 50 05 be f1 34 c0 05 55 f5 a2 b3 a8

D (6063) mbedtls: ssl_tls12_server.c:686 0x3ffcd14c: 0080:  24 f6 ab 22 df 72 97 ef b5 8f e4 fe 49 be 4f c1

D (6063) mbedtls: ssl_tls12_server.c:686 0x3ffcd14c: 0090:  08 e0 39 7a cd ba 74 2e d1 20 74 ad 6b 59 ab 86

D (6063) mbedtls: ssl_tls12_server.c:686 0x3ffcd14c: 00a0:  5d 29 ab 81 f0 c1 22 3f 01 b9 0b a1 fb ee 70 9f

D (6063) mbedtls: ssl_tls12_server.c:686 0x3ffcd14c: 00b0:  eb 29 5e 9f 1d 6a 0d dc 65 fd 5e 5d 38 0c 1a c3

D (6063) mbedtls: ssl_tls12_server.c:686 0x3ffcd14c: 00c0:  ae b7 b7 2f 66 23 82 80 ab 7d 69 7c 8f 95 ab e8

D (6063) mbedtls: ssl_tls12_server.c:686 0x3ffcd14c: 00d0:  c0 4d 21 42 7d 78 c8 25 8b 60 f6 0d 87 c9 f4 df

D (6063) mbedtls: ssl_tls12_server.c:686 0x3ffcd14c: 00e0:  36 bf 16 7c 59 16 d1 09 ec 17 67 cf 5d 9f 8f 78

D (6063) mbedtls: ssl_tls12_server.c:686 0x3ffcd14c: 00f0:  8c 3d d0 02 18 d5 bc a7 19 f4 51 fe 1d b3 20 40

D (6063) mbedtls: ssl_tls12_server.c:686 0x3ffcd14c: 0100:  67 7e 3a cc 30 f3 8d a0 ef 02 03 01 00 01      

D (6073) mbedtls: ssl_tls12_server.c:737 0x3ffcd14c: selected certificate chain, certificate #1:

D (6073) mbedtls: ssl_tls12_server.c:737 0x3ffcd14c: cert. version     : 3

D (6073) mbedtls: ssl_tls12_server.c:737 0x3ffcd14c: serial number     : 77:66:A5:9D:AF:14:9E:F2:03:F7:3C:2B:1A:5C:81:86:F8:A3:4E:52

D (6073) mbedtls: ssl_tls12_server.c:737 0x3ffcd14c: issuer name       : CN=localhost

D (6073) mbedtls: ssl_tls12_server.c:737 0x3ffcd14c: subject name      : CN=localhost

D (6073) mbedtls: ssl_tls12_server.c:737 0x3ffcd14c: issued  on        : 2026-08-26 20:20:30

D (6073) mbedtls: ssl_tls12_server.c:737 0x3ffcd14c: expires on        : 2026-09-25 20:20:30

D (6073) mbedtls: ssl_tls12_server.c:737 0x3ffcd14c: signed using      : RSA with SHA-256

D (6073) mbedtls: ssl_tls12_server.c:737 0x3ffcd14c: RSA key size      : 2048 bits

D (6073) mbedtls: ssl_tls12_server.c:737 0x3ffcd14c: basic constraints : CA=true

D (6073) mbedtls: ssl_tls12_server.c:737 0x3ffcd14c: dumping 'crt->PK' (270 bytes)

D (6073) mbedtls: ssl_tls12_server.c:737 0x3ffcd14c: 0000:  30 82 01 0a 02 82 01 01 00 dd 03 19 3e 8f 4a 05

D (6073) mbedtls: ssl_tls12_server.c:737 0x3ffcd14c: 0010:  9c d6 74 e1 46 bc 40 7a 7e af 78 09 38 f6 d0 1c

D (6073) mbedtls: ssl_tls12_server.c:737 0x3ffcd14c: 0020:  9d e4 2b 18 4c a1 87 f6 83 55 82 2d e0 21 fb b2

D (6073) mbedtls: ssl_tls12_server.c:737 0x3ffcd14c: 0030:  00 2f 9b 98 36 24 73 47 a2 11 bb 50 05 1c 9e 40

D (6073) mbedtls: ssl_tls12_server.c:737 0x3ffcd14c: 0040:  41 c9 de 81 7e a1 eb 82 48 35 d0 51 24 0d 22 bd

D (6073) mbedtls: ssl_tls12_server.c:737 0x3ffcd14c: 0050:  7e c7 0b 60 74 e2 60 3e 76 de c1 3d b5 9f e9 d2

D (6073) mbedtls: ssl_tls12_server.c:737 0x3ffcd14c: 0060:  ac 90 d3 84 2a 75 7c 41 8a 11 14 c8 bc 09 7b 9d

D (6073) mbedtls: ssl_tls12_server.c:737 0x3ffcd14c: 0070:  45 54 95 c1 50 05 be f1 34 c0 05 55 f5 a2 b3 a8

D (6073) mbedtls: ssl_tls12_server.c:737 0x3ffcd14c: 0080:  24 f6 ab 22 df 72 97 ef b5 8f e4 fe 49 be 4f c1

D (6073) mbedtls: ssl_tls12_server.c:737 0x3ffcd14c: 0090:  08 e0 39 7a cd ba 74 2e d1 20 74 ad 6b 59 ab 86

D (6073) mbedtls: ssl_tls12_server.c:737 0x3ffcd14c: 00a0:  5d 29 ab 81 f0 c1 22 3f 01 b9 0b a1 fb ee 70 9f

D (6073) mbedtls: ssl_tls12_server.c:737 0x3ffcd14c: 00b0:  eb 29 5e 9f 1d 6a 0d dc 65 fd 5e 5d 38 0c 1a c3

D (6073) mbedtls: ssl_tls12_server.c:737 0x3ffcd14c: 00c0:  ae b7 b7 2f 66 23 82 80 ab 7d 69 7c 8f 95 ab e8

D (6073) mbedtls: ssl_tls12_server.c:737 0x3ffcd14c: 00d0:  c0 4d 21 42 7d 78 c8 25 8b 60 f6 0d 87 c9 f4 df

D (6073) mbedtls: ssl_tls12_server.c:737 0x3ffcd14c: 00e0:  36 bf 16 7c 59 16 d1 09 ec 17 67 cf 5d 9f 8f 78

D (6073) mbedtls: ssl_tls12_server.c:737 0x3ffcd14c: 00f0:  8c 3d d0 02 18 d5 bc a7 19 f4 51 fe 1d b3 20 40

D (6073) mbedtls: ssl_tls12_server.c:737 0x3ffcd14c: 0100:  67 7e 3a cc 30 f3 8d a0 ef 02 03 01 00 01      

I (6073) mbedtls: ssl_tls12_server.c:1480 0x3ffcd14c: selected ciphersuite: TLS-ECDHE-RSA-WITH-AES-256-GCM-SHA384

D (6073) mbedtls: ssl_misc.h:1295 0x3ffcd14c: handshake state: 1 (MBEDTLS_SSL_CLIENT_HELLO) -> 2 (MBEDTLS_SSL_SERVER_HELLO)

D (6073) mbedtls: ssl_tls12_server.c:1500 0x3ffcd14c: client hello v3, signature_algorithm ext: 6

I (6073) mbedtls: ssl_tls12_server.c:1508 0x3ffcd14c: <= parse client hello

I (6073) mbedtls: ssl_msg.c:2063 0x3ffcd14c: => flush output

I (6073) mbedtls: ssl_msg.c:2072 0x3ffcd14c: <= flush output

I (6073) mbedtls: ssl_tls12_server.c:3429 0x3ffcd14c: server state: 2

I (6073) mbedtls: ssl_tls12_server.c:1985 0x3ffcd14c: => write server hello

D (6073) mbedtls: ssl_tls12_server.c:2010 0x3ffcd14c: server hello, chosen version: [3:3]

D (6073) mbedtls: ssl_tls12_server.c:2018 0x3ffcd14c: server hello, current time: 4

D (6073) mbedtls: ssl_tls12_server.c:2062 0x3ffcd14c: dumping 'server hello, random bytes' (32 bytes)

D (6073) mbedtls: ssl_tls12_server.c:2062 0x3ffcd14c: 0000:  00 00 00 04 b7 8b 72 7b 63 13 8c 40 6d 70 74 b1  ......r{c..@mpt.

D (6073) mbedtls: ssl_tls12_server.c:2062 0x3ffcd14c: 0010:  c6 4b c0 c7 c8 af bb c9 d8 b2 02 ba 49 67 b9 1c  .K..........Ig..

D (6073) mbedtls: ssl_misc.h:1295 0x3ffcd14c: handshake state: 2 (MBEDTLS_SSL_SERVER_HELLO) -> 3 (MBEDTLS_SSL_SERVER_CERTIFICATE)

D (6073) mbedtls: ssl_tls12_server.c:2115 0x3ffcd14c: server hello, session id len.: 32

D (6073) mbedtls: ssl_tls12_server.c:2116 0x3ffcd14c: dumping 'server hello, session id' (32 bytes)

D (6073) mbedtls: ssl_tls12_server.c:2116 0x3ffcd14c: 0000:  e6 6e 9f ab e6 39 eb 56 f5 d8 8f d5 4f 32 c9 83  .n...9.V....O2..

D (6073) mbedtls: ssl_tls12_server.c:2116 0x3ffcd14c: 0010:  59 1f 76 d6 89 40 e2 62 5e 1d a8 57 a6 4b 1d ad  Y.v..@.b^..W.K..

D (6073) mbedtls: ssl_tls12_server.c:2117 0x3ffcd14c: no session has been resumed

D (6073) mbedtls: ssl_tls12_server.c:2124 0x3ffcd14c: server hello, chosen ciphersuite: TLS-ECDHE-RSA-WITH-AES-256-GCM-SHA384

D (6073) mbedtls: ssl_tls12_server.c:2126 0x3ffcd14c: server hello, compress alg.: 0x00

D (6073) mbedtls: ssl_tls12_server.c:1663 0x3ffcd14c: server hello, secure renegotiation extension

D (6073) mbedtls: ssl_tls12_server.c:1615 0x3ffcd14c: server hello, adding extended master secret extension

D (6073) mbedtls: ssl_tls12_server.c:1731 0x3ffcd14c: server hello, supported_point_formats extension

D (6073) mbedtls: ssl_tls12_server.c:2191 0x3ffcd14c: server hello, total extension length: 15

I (6073) mbedtls: ssl_msg.c:2494 0x3ffcd14c: => write handshake message

I (6073) mbedtls: ssl_msg.c:2654 0x3ffcd14c: => write record

D (6073) mbedtls: ssl_msg.c:2737 0x3ffcd14c: output record: msgtype = 22, version = [3:3], msglen = 91

I (6073) mbedtls: ssl_msg.c:2063 0x3ffcd14c: => flush output

I (6083) mbedtls: ssl_msg.c:2077 0x3ffcd14c: message length: 96, out_left: 96

I (6083) mbedtls: ssl_msg.c:2025 0x3ffc65bc: in_left: 0, nb_want: 5

I (6083) mbedtls: ssl_msg.c:2084 0x3ffcd14c: ssl->f_send() returned 96 (-0xffffffa0)

I (6083) mbedtls: ssl_msg.c:2028 0x3ffc65bc: ssl->f_recv(_timeout)() returned 5 (-0xfffffffb)

I (6083) mbedtls: ssl_msg.c:2050 0x3ffc65bc: <= fetch input

D (6083) mbedtls: ssl_msg.c:3707 0x3ffc65bc: input record: msgtype = 22, version = [0x303], msglen = 91

I (6083) mbedtls: ssl_msg.c:1865 0x3ffc65bc: => fetch input

I (6083) mbedtls: ssl_msg.c:2005 0x3ffc65bc: in_left: 5, nb_want: 96

I (6083) mbedtls: ssl_msg.c:2025 0x3ffc65bc: in_left: 5, nb_want: 96

I (6083) mbedtls: ssl_msg.c:2028 0x3ffc65bc: ssl->f_recv(_timeout)() returned 91 (-0xffffffa5)

I (6083) mbedtls: ssl_msg.c:2050 0x3ffc65bc: <= fetch input

D (6083) mbedtls: ssl_msg.c:2948 0x3ffc65bc: handshake message: msglen = 91, type = 2, hslen = 91

D (6083) mbedtls: ssl_msg.c:3085 0x3ffc65bc: sole handshake fragment: 91, 0..91 of 91

I (6083) mbedtls: ssl_msg.c:4112 0x3ffc65bc: <= read record

D (6083) mbedtls: ssl_tls12_client.c:1225 0x3ffc65bc: dumping 'server hello, version' (2 bytes)

D (6083) mbedtls: ssl_tls12_client.c:1225 0x3ffc65bc: 0000:  03 03                                            ..

D (6083) mbedtls: ssl_tls12_client.c:1246 0x3ffc65bc: server hello, current time: 4

D (6083) mbedtls: ssl_tls12_client.c:1256 0x3ffc65bc: dumping 'server hello, random bytes' (32 bytes)

D (6083) mbedtls: ssl_tls12_client.c:1256 0x3ffc65bc: 0000:  00 00 00 04 b7 8b 72 7b 63 13 8c 40 6d 70 74 b1  ......r{c..@mpt.

D (6083) mbedtls: ssl_tls12_client.c:1256 0x3ffc65bc: 0010:  c6 4b c0 c7 c8 af bb c9 d8 b2 02 ba 49 67 b9 1c  .K..........Ig..

D (6083) mbedtls: ssl_tls12_client.c:1318 0x3ffc65bc: server hello, session id len.: 32

D (6083) mbedtls: ssl_tls12_client.c:1319 0x3ffc65bc: dumping 'server hello, session id' (32 bytes)

D (6083) mbedtls: ssl_tls12_client.c:1319 0x3ffc65bc: 0000:  e6 6e 9f ab e6 39 eb 56 f5 d8 8f d5 4f 32 c9 83  .n...9.V....O2..

D (6083) mbedtls: ssl_tls12_client.c:1319 0x3ffc65bc: 0010:  59 1f 76 d6 89 40 e2 62 5e 1d a8 57 a6 4b 1d ad  Y.v..@.b^..W.K..

D (6083) mbedtls: ssl_misc.h:1295 0x3ffc65bc: handshake state: 2 (MBEDTLS_SSL_SERVER_HELLO) -> 3 (MBEDTLS_SSL_SERVER_CERTIFICATE)

D (6083) mbedtls: ssl_tls12_client.c:1343 0x3ffc65bc: no session has been resumed

D (6083) mbedtls: ssl_tls12_client.c:1346 0x3ffc65bc: server hello, chosen ciphersuite: c030

D (6083) mbedtls: ssl_tls12_client.c:1347 0x3ffc65bc: server hello, compress alg.: 0

D (6083) mbedtls: ssl_tls12_client.c:1382 0x3ffc65bc: server hello, chosen ciphersuite: TLS-ECDHE-RSA-WITH-AES-256-GCM-SHA384

I (6083) mbedtls: ssl_tls12_client.c:1403 0x3ffc65bc: server hello, total extension length: 15

D (6083) mbedtls: ssl_tls12_client.c:1421 0x3ffc65bc: found renegotiation extension

D (6083) mbedtls: ssl_tls12_client.c:1473 0x3ffc65bc: found extended_master_secret extension

D (6083) mbedtls: ssl_tls12_client.c:1500 0x3ffc65bc: found supported_point_formats extension

I (6083) mbedtls: ssl_tls12_client.c:1617 0x3ffc65bc: <= parse server hello

I (6083) mbedtls: ssl_msg.c:2063 0x3ffc65bc: => flush output

I (6083) mbedtls: ssl_msg.c:2072 0x3ffc65bc: <= flush output

I (6083) mbedtls: ssl_tls.c:4201 0x3ffc65bc: client state: MBEDTLS_SSL_SERVER_CERTIFICATE

I (6083) mbedtls: ssl_tls.c:7077 0x3ffc65bc: => parse certificate

I (6083) mbedtls: ssl_msg.c:4040 0x3ffc65bc: => read record

I (6083) mbedtls: ssl_msg.c:1865 0x3ffc65bc: => fetch input

I (6083) mbedtls: ssl_msg.c:2005 0x3ffc65bc: in_left: 0, nb_want: 5

I (6083) mbedtls: ssl_msg.c:2111 0x3ffcd14c: <= flush output

I (6083) mbedtls: ssl_msg.c:2790 0x3ffcd14c: <= write record

I (6083) mbedtls: ssl_msg.c:2615 0x3ffcd14c: <= write handshake message

I (6083) mbedtls: ssl_tls12_server.c:2205 0x3ffcd14c: <= write server hello

I (6083) mbedtls: ssl_msg.c:2063 0x3ffcd14c: => flush output

I (6083) mbedtls: ssl_msg.c:2072 0x3ffcd14c: <= flush output

I (6083) mbedtls: ssl_tls12_server.c:3429 0x3ffcd14c: server state: 3

I (6083) mbedtls: ssl_tls.c:6675 0x3ffcd14c: => write certificate

D (6083) mbedtls: ssl_tls.c:6702 0x3ffcd14c: own certificate #1:

D (6083) mbedtls: ssl_tls.c:6702 0x3ffcd14c: cert. version     : 3

D (6083) mbedtls: ssl_tls.c:6702 0x3ffcd14c: serial number     : 77:66:A5:9D:AF:14:9E:F2:03:F7:3C:2B:1A:5C:81:86:F8:A3:4E:52

D (6083) mbedtls: ssl_tls.c:6702 0x3ffcd14c: issuer name       : CN=localhost

D (6083) mbedtls: ssl_tls.c:6702 0x3ffcd14c: subject name      : CN=localhost

D (6083) mbedtls: ssl_tls.c:6702 0x3ffcd14c: issued  on        : 2026-08-26 20:20:30

D (6083) mbedtls: ssl_tls.c:6702 0x3ffcd14c: expires on        : 2026-09-25 20:20:30

D (6083) mbedtls: ssl_tls.c:6702 0x3ffcd14c: signed using      : RSA with SHA-256

D (6083) mbedtls: ssl_tls.c:6702 0x3ffcd14c: RSA key size      : 2048 bits

D (6083) mbedtls: ssl_tls.c:6702 0x3ffcd14c: basic constraints : CA=true

D (6083) mbedtls: ssl_tls.c:6702 0x3ffcd14c: dumping 'crt->PK' (270 bytes)

D (6083) mbedtls: ssl_tls.c:6702 0x3ffcd14c: 0000:  30 82 01 0a 02 82 01 01 00 dd 03 19 3e 8f 4a 05

D (6083) mbedtls: ssl_tls.c:6702 0x3ffcd14c: 0010:  9c d6 74 e1 46 bc 40 7a 7e af 78 09 38 f6 d0 1c

D (6083) mbedtls: ssl_tls.c:6702 0x3ffcd14c: 0020:  9d e4 2b 18 4c a1 87 f6 83 55 82 2d e0 21 fb b2

D (6083) mbedtls: ssl_tls.c:6702 0x3ffcd14c: 0030:  00 2f 9b 98 36 24 73 47 a2 11 bb 50 05 1c 9e 40

D (6083) mbedtls: ssl_tls.c:6702 0x3ffcd14c: 0040:  41 c9 de 81 7e a1 eb 82 48 35 d0 51 24 0d 22 bd

D (6083) mbedtls: ssl_tls.c:6702 0x3ffcd14c: 0050:  7e c7 0b 60 74 e2 60 3e 76 de c1 3d b5 9f e9 d2

D (6083) mbedtls: ssl_tls.c:6702 0x3ffcd14c: 0060:  ac 90 d3 84 2a 75 7c 41 8a 11 14 c8 bc 09 7b 9d

D (6083) mbedtls: ssl_tls.c:6702 0x3ffcd14c: 0070:  45 54 95 c1 50 05 be f1 34 c0 05 55 f5 a2 b3 a8

D (6083) mbedtls: ssl_tls.c:6702 0x3ffcd14c: 0080:  24 f6 ab 22 df 72 97 ef b5 8f e4 fe 49 be 4f c1

D (6083) mbedtls: ssl_tls.c:6702 0x3ffcd14c: 0090:  08 e0 39 7a cd ba 74 2e d1 20 74 ad 6b 59 ab 86

D (6093) mbedtls: ssl_tls.c:6702 0x3ffcd14c: 00a0:  5d 29 ab 81 f0 c1 22 3f 01 b9 0b a1 fb ee 70 9f

D (6093) mbedtls: ssl_tls.c:6702 0x3ffcd14c: 00b0:  eb 29 5e 9f 1d 6a 0d dc 65 fd 5e 5d 38 0c 1a c3

D (6093) mbedtls: ssl_tls.c:6702 0x3ffcd14c: 00c0:  ae b7 b7 2f 66 23 82 80 ab 7d 69 7c 8f 95 ab e8

D (6093) mbedtls: ssl_tls.c:6702 0x3ffcd14c: 00d0:  c0 4d 21 42 7d 78 c8 25 8b 60 f6 0d 87 c9 f4 df

D (6093) mbedtls: ssl_tls.c:6702 0x3ffcd14c: 00e0:  36 bf 16 7c 59 16 d1 09 ec 17 67 cf 5d 9f 8f 78

D (6093) mbedtls: ssl_tls.c:6702 0x3ffcd14c: 00f0:  8c 3d d0 02 18 d5 bc a7 19 f4 51 fe 1d b3 20 40

D (6093) mbedtls: ssl_tls.c:6702 0x3ffcd14c: 0100:  67 7e 3a cc 30 f3 8d a0 ef 02 03 01 00 01      

D (6093) mbedtls: ssl_misc.h:1295 0x3ffcd14c: handshake state: 3 (MBEDTLS_SSL_SERVER_CERTIFICATE) -> 4 (MBEDTLS_SSL_SERVER_KEY_EXCHANGE)

I (6093) mbedtls: ssl_msg.c:2494 0x3ffcd14c: => write handshake message

I (6093) mbedtls: ssl_msg.c:2654 0x3ffcd14c: => write record

D (6093) mbedtls: ssl_msg.c:2737 0x3ffcd14c: output record: msgtype = 22, version = [3:3], msglen = 791

I (6093) mbedtls: ssl_msg.c:2063 0x3ffcd14c: => flush output

I (6093) mbedtls: ssl_msg.c:2077 0x3ffcd14c: message length: 796, out_left: 796

I (6093) mbedtls: ssl_msg.c:2084 0x3ffcd14c: ssl->f_send() returned 796 (-0xfffffce4)

I (6093) mbedtls: ssl_msg.c:2111 0x3ffcd14c: <= flush output

I (6093) mbedtls: ssl_msg.c:2790 0x3ffcd14c: <= write record

I (6093) mbedtls: ssl_msg.c:2615 0x3ffcd14c: <= write handshake message

I (6093) mbedtls: ssl_tls.c:6748 0x3ffcd14c: <= write certificate

I (6093) mbedtls: ssl_msg.c:2063 0x3ffcd14c: => flush output

I (6093) mbedtls: ssl_msg.c:2072 0x3ffcd14c: <= flush output

I (6093) mbedtls: ssl_tls12_server.c:3429 0x3ffcd14c: server state: 4

I (6093) mbedtls: ssl_tls12_server.c:2796 0x3ffcd14c: => write server key exchange

I (6093) mbedtls: ssl_tls12_server.c:2558 0x3ffcd14c: ECDHE curve: x25519

D (6093) mbedtls: ssl_tls12_server.c:2571 0x3ffcd14c: Perform PSA-based ECDH computation.

[mem-tick] t=    4516 ms phase=thr-setup    free=165204
D (6163) mbedtls: ssl_tls12_server.c:2694 0x3ffcd14c: pick hash algorithm 11 for signing

D (6163) mbedtls: ssl_tls.c:8082 0x3ffcd14c: Perform PSA-based computation of digest of ServerKeyExchange

D (6163) mbedtls: ssl_tls12_server.c:2712 0x3ffcd14c: dumping 'parameters hash' (64 bytes)

D (6163) mbedtls: ssl_tls12_server.c:2712 0x3ffcd14c: 0000:  45 8e 12 8d 94 96 45 b4 7f 9f 62 75 57 ce cf c8  E.....E...buW...

D (6163) mbedtls: ssl_tls12_server.c:2712 0x3ffcd14c: 0010:  22 7b c2 44 ef 8d 1c 69 97 46 00 d8 cc 09 47 4b  "{.D...i.F....GK

D (6163) mbedtls: ssl_tls12_server.c:2712 0x3ffcd14c: 0020:  0f 86 1c 68 9b d0 58 73 69 d7 74 3d df e3 7a 0c  ...h..Xsi.t=..z.

D (6163) mbedtls: ssl_tls12_server.c:2712 0x3ffcd14c: 0030:  f4 9c 82 2d 99 ee d4 fe 45 09 69 f6 42 f7 20 a6  ...-....E.i.B. .

I (6213) mbedtls: ssl_msg.c:2025 0x3ffc65bc: in_left: 0, nb_want: 5

I (6213) mbedtls: ssl_msg.c:2028 0x3ffc65bc: ssl->f_recv(_timeout)() returned 5 (-0xfffffffb)

I (6213) mbedtls: ssl_msg.c:2050 0x3ffc65bc: <= fetch input

D (6213) mbedtls: ssl_msg.c:3707 0x3ffc65bc: input record: msgtype = 22, version = [0x303], msglen = 791

I (6213) mbedtls: ssl_msg.c:1865 0x3ffc65bc: => fetch input

I (6213) mbedtls: ssl_msg.c:2005 0x3ffc65bc: in_left: 5, nb_want: 796

I (6213) mbedtls: ssl_msg.c:2025 0x3ffc65bc: in_left: 5, nb_want: 796

I (6213) mbedtls: ssl_msg.c:2028 0x3ffc65bc: ssl->f_recv(_timeout)() returned 791 (-0xfffffce9)

I (6213) mbedtls: ssl_msg.c:2050 0x3ffc65bc: <= fetch input

D (6213) mbedtls: ssl_msg.c:2948 0x3ffc65bc: handshake message: msglen = 791, type = 11, hslen = 791

D (6213) mbedtls: ssl_msg.c:3085 0x3ffc65bc: sole handshake fragment: 791, 0..791 of 791

I (6213) mbedtls: ssl_msg.c:4112 0x3ffc65bc: <= read record

D (6213) mbedtls: ssl_tls.c:6952 0x3ffc65bc: peer certificate #1:

D (6213) mbedtls: ssl_tls.c:6952 0x3ffc65bc: cert. version     : 3

D (6213) mbedtls: ssl_tls.c:6952 0x3ffc65bc: serial number     : 77:66:A5:9D:AF:14:9E:F2:03:F7:3C:2B:1A:5C:81:86:F8:A3:4E:52

D (6213) mbedtls: ssl_tls.c:6952 0x3ffc65bc: issuer name       : CN=localhost

D (6213) mbedtls: ssl_tls.c:6952 0x3ffc65bc: subject name      : CN=localhost

D (6213) mbedtls: ssl_tls.c:6952 0x3ffc65bc: issued  on        : 2026-08-26 20:20:30

D (6213) mbedtls: ssl_tls.c:6952 0x3ffc65bc: expires on        : 2026-09-25 20:20:30

D (6213) mbedtls: ssl_tls.c:6952 0x3ffc65bc: signed using      : RSA with SHA-256

D (6213) mbedtls: ssl_tls.c:6952 0x3ffc65bc: RSA key size      : 2048 bits

D (6213) mbedtls: ssl_tls.c:6952 0x3ffc65bc: basic constraints : CA=true

D (6213) mbedtls: ssl_tls.c:6952 0x3ffc65bc: dumping 'crt->PK' (270 bytes)

D (6213) mbedtls: ssl_tls.c:6952 0x3ffc65bc: 0000:  30 82 01 0a 02 82 01 01 00 dd 03 19 3e 8f 4a 05

D (6213) mbedtls: ssl_tls.c:6952 0x3ffc65bc: 0010:  9c d6 74 e1 46 bc 40 7a 7e af 78 09 38 f6 d0 1c

D (6213) mbedtls: ssl_tls.c:6952 0x3ffc65bc: 0020:  9d e4 2b 18 4c a1 87 f6 83 55 82 2d e0 21 fb b2

D (6213) mbedtls: ssl_tls.c:6952 0x3ffc65bc: 0030:  00 2f 9b 98 36 24 73 47 a2 11 bb 50 05 1c 9e 40

D (6213) mbedtls: ssl_tls.c:6952 0x3ffc65bc: 0040:  41 c9 de 81 7e a1 eb 82 48 35 d0 51 24 0d 22 bd

D (6213) mbedtls: ssl_tls.c:6952 0x3ffc65bc: 0050:  7e c7 0b 60 74 e2 60 3e 76 de c1 3d b5 9f e9 d2

D (6213) mbedtls: ssl_tls.c:6952 0x3ffc65bc: 0060:  ac 90 d3 84 2a 75 7c 41 8a 11 14 c8 bc 09 7b 9d

D (6213) mbedtls: ssl_tls.c:6952 0x3ffc65bc: 0070:  45 54 95 c1 50 05 be f1 34 c0 05 55 f5 a2 b3 a8

D (6213) mbedtls: ssl_tls.c:6952 0x3ffc65bc: 0080:  24 f6 ab 22 df 72 97 ef b5 8f e4 fe 49 be 4f c1

D (6213) mbedtls: ssl_tls.c:6952 0x3ffc65bc: 0090:  08 e0 39 7a cd ba 74 2e d1 20 74 ad 6b 59 ab 86

D (6213) mbedtls: ssl_tls.c:6952 0x3ffc65bc: 00a0:  5d 29 ab 81 f0 c1 22 3f 01 b9 0b a1 fb ee 70 9f

D (6213) mbedtls: ssl_tls.c:6952 0x3ffc65bc: 00b0:  eb 29 5e 9f 1d 6a 0d dc 65 fd 5e 5d 38 0c 1a c3

D (6213) mbedtls: ssl_tls.c:6952 0x3ffc65bc: 00c0:  ae b7 b7 2f 66 23 82 80 ab 7d 69 7c 8f 95 ab e8

D (6213) mbedtls: ssl_tls.c:6952 0x3ffc65bc: 00d0:  c0 4d 21 42 7d 78 c8 25 8b 60 f6 0d 87 c9 f4 df

D (6213) mbedtls: ssl_tls.c:6952 0x3ffc65bc: 00e0:  36 bf 16 7c 59 16 d1 09 ec 17 67 cf 5d 9f 8f 78

D (6213) mbedtls: ssl_tls.c:6952 0x3ffc65bc: 00f0:  8c 3d d0 02 18 d5 bc a7 19 f4 51 fe 1d b3 20 40

D (6213) mbedtls: ssl_tls.c:6952 0x3ffc65bc: 0100:  67 7e 3a cc 30 f3 8d a0 ef 02 03 01 00 01      

I (6213) mbedtls: ssl_tls.c:7191 0x3ffc65bc: <= parse certificate

D (6213) mbedtls: ssl_misc.h:1295 0x3ffc65bc: handshake state: 3 (MBEDTLS_SSL_SERVER_CERTIFICATE) -> 4 (MBEDTLS_SSL_SERVER_KEY_EXCHANGE)

I (6213) mbedtls: ssl_msg.c:2063 0x3ffc65bc: => flush output

I (6213) mbedtls: ssl_msg.c:2072 0x3ffc65bc: <= flush output

I (6213) mbedtls: ssl_tls.c:4201 0x3ffc65bc: client state: MBEDTLS_SSL_SERVER_KEY_EXCHANGE

I (6213) mbedtls: ssl_tls12_client.c:1831 0x3ffc65bc: => parse server key exchange

I (6213) mbedtls: ssl_msg.c:4040 0x3ffc65bc: => read record

I (6213) mbedtls: ssl_msg.c:1865 0x3ffc65bc: => fetch input

I (6213) mbedtls: ssl_msg.c:2005 0x3ffc65bc: in_left: 0, nb_want: 5

[mem-tick] t=    4619 ms phase=thr-setup    free=164080
[mem-tick] t=    4719 ms phase=thr-setup    free=161612
[mem-tick] t=    4819 ms phase=thr-setup    free=161212
D (6483) mbedtls: ssl_tls12_server.c:2844 0x3ffcd14c: dumping 'my signature' (256 bytes)

D (6483) mbedtls: ssl_tls12_server.c:2844 0x3ffcd14c: 0000:  9c d7 6a 11 fb d4 05 70 38 cf 98 c6 88 0e 37 a6  ..j....p8.....7.

D (6483) mbedtls: ssl_tls12_server.c:2844 0x3ffcd14c: 0010:  bc 27 35 ac 81 8c dc 4f a7 bc b3 e3 54 79 47 98  .'5....O....TyG.

D (6493) mbedtls: ssl_tls12_server.c:2844 0x3ffcd14c: 0020:  22 3f bc df dc 1a 2e 85 70 97 b6 bb 38 f5 9c d8  "?......p...8...

D (6493) mbedtls: ssl_tls12_server.c:2844 0x3ffcd14c: 0030:  be 1a 20 cd f7 1e e4 42 9b f2 fc d1 34 ae 39 1b  .. ....B....4.9.

D (6493) mbedtls: ssl_tls12_server.c:2844 0x3ffcd14c: 0040:  3a 62 1d ec d8 f7 b0 91 ba 9b 27 bd 76 9a d5 e1  :b........'.v...

D (6493) mbedtls: ssl_tls12_server.c:2844 0x3ffcd14c: 0050:  36 f0 7e e3 d3 df da 48 da 58 d3 ad 4e 78 ca 44  6.~....H.X..Nx.D

D (6493) mbedtls: ssl_tls12_server.c:2844 0x3ffcd14c: 0060:  08 65 e1 e0 92 d8 bc e9 e5 c7 a9 3b 88 2c 88 69  .e.........;.,.i

D (6493) mbedtls: ssl_tls12_server.c:2844 0x3ffcd14c: 0070:  28 28 4e 64 27 a2 32 36 02 7e e2 57 01 94 e0 66  ((Nd'.26.~.W...f

D (6493) mbedtls: ssl_tls12_server.c:2844 0x3ffcd14c: 0080:  c4 1e b3 bb f0 d2 2c 33 67 38 9c cb 43 94 c5 18  ......,3g8..C...

D (6493) mbedtls: ssl_tls12_server.c:2844 0x3ffcd14c: 0090:  95 27 75 06 2a 28 4f 78 30 22 6a aa 27 f0 99 75  .'u.*(Ox0"j.'..u

D (6493) mbedtls: ssl_tls12_server.c:2844 0x3ffcd14c: 00a0:  48 7f 12 bb c5 25 69 90 bf 61 5f 9f c5 4d d9 3f  H....%i..a_..M.?

D (6493) mbedtls: ssl_tls12_server.c:2844 0x3ffcd14c: 00b0:  9c e9 92 d7 58 97 8a 43 a9 7e 7b 57 2f 78 38 50  ....X..C.~{W/x8P

D (6493) mbedtls: ssl_tls12_server.c:2844 0x3ffcd14c: 00c0:  fd e5 54 f9 af 0d 6d 7e c8 d7 cb 61 b6 d1 a9 e5  ..T...m~...a....

D (6493) mbedtls: ssl_tls12_server.c:2844 0x3ffcd14c: 00d0:  3b 29 e4 9a dd a9 b7 67 6f 89 0b 51 c4 6f b3 31  ;).....go..Q.o.1

D (6493) mbedtls: ssl_tls12_server.c:2844 0x3ffcd14c: 00e0:  02 11 35 c6 31 4e df e8 a4 0a b3 c4 65 61 12 b6  ..5.1N......ea..

D (6493) mbedtls: ssl_tls12_server.c:2844 0x3ffcd14c: 00f0:  42 be 3b 7f 83 57 9f 67 f7 d7 c6 aa 27 ac 8c 9c  B.;..W.g....'...

D (6493) mbedtls: ssl_misc.h:1295 0x3ffcd14c: handshake state: 4 (MBEDTLS_SSL_SERVER_KEY_EXCHANGE) -> 5 (MBEDTLS_SSL_CERTIFICATE_REQUEST)

I (6493) mbedtls: ssl_msg.c:2494 0x3ffcd14c: => write handshake message

I (6493) mbedtls: ssl_msg.c:2654 0x3ffcd14c: => write record

D (6493) mbedtls: ssl_msg.c:2737 0x3ffcd14c: output record: msgtype = 22, version = [3:3], msglen = 300

I (6493) mbedtls: ssl_msg.c:2063 0x3ffcd14c: => flush output

I (6493) mbedtls: ssl_msg.c:2077 0x3ffcd14c: message length: 305, out_left: 305

I (6493) mbedtls: ssl_msg.c:2084 0x3ffcd14c: ssl->f_send() returned 305 (-0xfffffecf)

I (6493) mbedtls: ssl_msg.c:2111 0x3ffcd14c: <= flush output

I (6493) mbedtls: ssl_msg.c:2025 0x3ffc65bc: in_left: 0, nb_want: 5

I (6493) mbedtls: ssl_msg.c:2790 0x3ffcd14c: <= write record

I (6493) mbedtls: ssl_msg.c:2028 0x3ffc65bc: ssl->f_recv(_timeout)() returned 5 (-0xfffffffb)

I (6493) mbedtls: ssl_msg.c:2050 0x3ffc65bc: <= fetch input

D (6493) mbedtls: ssl_msg.c:3707 0x3ffc65bc: input record: msgtype = 22, version = [0x303], msglen = 300

I (6493) mbedtls: ssl_msg.c:1865 0x3ffc65bc: => fetch input

I (6493) mbedtls: ssl_msg.c:2005 0x3ffc65bc: in_left: 5, nb_want: 305

I (6493) mbedtls: ssl_msg.c:2025 0x3ffc65bc: in_left: 5, nb_want: 305

I (6493) mbedtls: ssl_msg.c:2028 0x3ffc65bc: ssl->f_recv(_timeout)() returned 300 (-0xfffffed4)

I (6493) mbedtls: ssl_msg.c:2050 0x3ffc65bc: <= fetch input

D (6493) mbedtls: ssl_msg.c:2948 0x3ffc65bc: handshake message: msglen = 300, type = 12, hslen = 300

D (6493) mbedtls: ssl_msg.c:3085 0x3ffc65bc: sole handshake fragment: 300, 0..300 of 300

I (6493) mbedtls: ssl_msg.c:4112 0x3ffc65bc: <= read record

D (6493) mbedtls: ssl_tls12_client.c:1885 0x3ffc65bc: dumping 'server key exchange' (296 bytes)

D (6493) mbedtls: ssl_tls12_client.c:1885 0x3ffc65bc: 0000:  03 00 1d 20 4c a7 d0 89 c9 29 b8 28 1e 41 79 28  ... L....).(.Ay(

D (6493) mbedtls: ssl_tls12_client.c:1885 0x3ffc65bc: 0010:  b3 66 9d 90 79 61 65 8d 5a 30 81 bf ee e7 7f 9a  .f..yae.Z0......

D (6493) mbedtls: ssl_tls12_client.c:1885 0x3ffc65bc: 0020:  cc f3 1a 4c 06 01 01 00 9c d7 6a 11 fb d4 05 70  ...L......j....p

D (6493) mbedtls: ssl_tls12_client.c:1885 0x3ffc65bc: 0030:  38 cf 98 c6 88 0e 37 a6 bc 27 35 ac 81 8c dc 4f  8.....7..'5....O

D (6493) mbedtls: ssl_tls12_client.c:1885 0x3ffc65bc: 0040:  a7 bc b3 e3 54 79 47 98 22 3f bc df dc 1a 2e 85  ....TyG."?......

D (6493) mbedtls: ssl_tls12_client.c:1885 0x3ffc65bc: 0050:  70 97 b6 bb 38 f5 9c d8 be 1a 20 cd f7 1e e4 42  p...8..... ....B

D (6493) mbedtls: ssl_tls12_client.c:1885 0x3ffc65bc: 0060:  9b f2 fc d1 34 ae 39 1b 3a 62 1d ec d8 f7 b0 91  ....4.9.:b......

D (6493) mbedtls: ssl_tls12_client.c:1885 0x3ffc65bc: 0070:  ba 9b 27 bd 76 9a d5 e1 36 f0 7e e3 d3 df da 48  ..'.v...6.~....H

D (6493) mbedtls: ssl_tls12_client.c:1885 0x3ffc65bc: 0080:  da 58 d3 ad 4e 78 ca 44 08 65 e1 e0 92 d8 bc e9  .X..Nx.D.e......

D (6493) mbedtls: ssl_tls12_client.c:1885 0x3ffc65bc: 0090:  e5 c7 a9 3b 88 2c 88 69 28 28 4e 64 27 a2 32 36  ...;.,.i((Nd'.26

D (6493) mbedtls: ssl_tls12_client.c:1885 0x3ffc65bc: 00a0:  02 7e e2 57 01 94 e0 66 c4 1e b3 bb f0 d2 2c 33  .~.W...f......,3

D (6493) mbedtls: ssl_tls12_client.c:1885 0x3ffc65bc: 00b0:  67 38 9c cb 43 94 c5 18 95 27 75 06 2a 28 4f 78  g8..C....'u.*(Ox

D (6503) mbedtls: ssl_tls12_client.c:1885 0x3ffc65bc: 00c0:  30 22 6a aa 27 f0 99 75 48 7f 12 bb c5 25 69 90  0"j.'..uH....%i.

D (6503) mbedtls: ssl_tls12_client.c:1885 0x3ffc65bc: 00d0:  bf 61 5f 9f c5 4d d9 3f 9c e9 92 d7 58 97 8a 43  .a_..M.?....X..C

D (6503) mbedtls: ssl_tls12_client.c:1885 0x3ffc65bc: 00e0:  a9 7e 7b 57 2f 78 38 50 fd e5 54 f9 af 0d 6d 7e  .~{W/x8P..T...m~

D (6503) mbedtls: ssl_tls12_client.c:1885 0x3ffc65bc: 00f0:  c8 d7 cb 61 b6 d1 a9 e5 3b 29 e4 9a dd a9 b7 67  ...a....;).....g

D (6503) mbedtls: ssl_tls12_client.c:1885 0x3ffc65bc: 0100:  6f 89 0b 51 c4 6f b3 31 02 11 35 c6 31 4e df e8  o..Q.o.1..5.1N..

D (6503) mbedtls: ssl_tls12_client.c:1885 0x3ffc65bc: 0110:  a4 0a b3 c4 65 61 12 b6 42 be 3b 7f 83 57 9f 67  ....ea..B.;..W.g

D (6503) mbedtls: ssl_tls12_client.c:1885 0x3ffc65bc: 0120:  f7 d7 c6 aa 27 ac 8c 9c                          ....'...

I (6503) mbedtls: ssl_tls12_client.c:1815 0x3ffc65bc: Server used the signature algorithm rsa_pkcs1_sha512

D (6503) mbedtls: ssl_tls12_client.c:2047 0x3ffc65bc: dumping 'signature' (256 bytes)

D (6503) mbedtls: ssl_tls12_client.c:2047 0x3ffc65bc: 0000:  9c d7 6a 11 fb d4 05 70 38 cf 98 c6 88 0e 37 a6  ..j....p8.....7.

D (6503) mbedtls: ssl_tls12_client.c:2047 0x3ffc65bc: 0010:  bc 27 35 ac 81 8c dc 4f a7 bc b3 e3 54 79 47 98  .'5....O....TyG.

I (6503) mbedtls: ssl_msg.c:2615 0x3ffcd14c: <= write handshake message

D (6503) mbedtls: ssl_tls12_client.c:2047 0x3ffc65bc: 0020:  22 3f bc df dc 1a 2e 85 70 97 b6 bb 38 f5 9c d8  "?......p...8...

D (6503) mbedtls: ssl_tls12_client.c:2047 0x3ffc65bc: 0030:  be 1a 20 cd f7 1e e4 42 9b f2 fc d1 34 ae 39 1b  .. ....B....4.9.

D (6503) mbedtls: ssl_tls12_client.c:2047 0x3ffc65bc: 0040:  3a 62 1d ec d8 f7 b0 91 ba 9b 27 bd 76 9a d5 e1  :b........'.v...

D (6503) mbedtls: ssl_tls12_client.c:2047 0x3ffc65bc: 0050:  36 f0 7e e3 d3 df da 48 da 58 d3 ad 4e 78 ca 44  6.~....H.X..Nx.D

D (6503) mbedtls: ssl_tls12_client.c:2047 0x3ffc65bc: 0060:  08 65 e1 e0 92 d8 bc e9 e5 c7 a9 3b 88 2c 88 69  .e.........;.,.i

D (6503) mbedtls: ssl_tls12_client.c:2047 0x3ffc65bc: 0070:  28 28 4e 64 27 a2 32 36 02 7e e2 57 01 94 e0 66  ((Nd'.26.~.W...f

D (6503) mbedtls: ssl_tls12_client.c:2047 0x3ffc65bc: 0080:  c4 1e b3 bb f0 d2 2c 33 67 38 9c cb 43 94 c5 18  ......,3g8..C...

D (6503) mbedtls: ssl_tls12_client.c:2047 0x3ffc65bc: 0090:  95 27 75 06 2a 28 4f 78 30 22 6a aa 27 f0 99 75  .'u.*(Ox0"j.'..u

D (6503) mbedtls: ssl_tls12_client.c:2047 0x3ffc65bc: 00a0:  48 7f 12 bb c5 25 69 90 bf 61 5f 9f c5 4d d9 3f  H....%i..a_..M.?

D (6503) mbedtls: ssl_tls12_client.c:2047 0x3ffc65bc: 00b0:  9c e9 92 d7 58 97 8a 43 a9 7e 7b 57 2f 78 38 50  ....X..C.~{W/x8P

D (6503) mbedtls: ssl_tls12_client.c:2047 0x3ffc65bc: 00c0:  fd e5 54 f9 af 0d 6d 7e c8 d7 cb 61 b6 d1 a9 e5  ..T...m~...a....

D (6503) mbedtls: ssl_tls12_client.c:2047 0x3ffc65bc: 00d0:  3b 29 e4 9a dd a9 b7 67 6f 89 0b 51 c4 6f b3 31  ;).....go..Q.o.1

D (6503) mbedtls: ssl_tls12_client.c:2047 0x3ffc65bc: 00e0:  02 11 35 c6 31 4e df e8 a4 0a b3 c4 65 61 12 b6  ..5.1N......ea..

D (6503) mbedtls: ssl_tls12_client.c:2047 0x3ffc65bc: 00f0:  42 be 3b 7f 83 57 9f 67 f7 d7 c6 aa 27 ac 8c 9c  B.;..W.g....'...

D (6503) mbedtls: ssl_tls.c:8082 0x3ffc65bc: Perform PSA-based computation of digest of ServerKeyExchange

D (6503) mbedtls: ssl_tls12_client.c:2064 0x3ffc65bc: dumping 'parameters hash' (64 bytes)

D (6503) mbedtls: ssl_tls12_client.c:2064 0x3ffc65bc: 0000:  45 8e 12 8d 94 96 45 b4 7f 9f 62 75 57 ce cf c8  E.....E...buW...

D (6503) mbedtls: ssl_tls12_client.c:2064 0x3ffc65bc: 0010:  22 7b c2 44 ef 8d 1c 69 97 46 00 d8 cc 09 47 4b  "{.D...i.F....GK

D (6503) mbedtls: ssl_tls12_client.c:2064 0x3ffc65bc: 0020:  0f 86 1c 68 9b d0 58 73 69 d7 74 3d df e3 7a 0c  ...h..Xsi.t=..z.

D (6503) mbedtls: ssl_tls12_client.c:2064 0x3ffc65bc: 0030:  f4 9c 82 2d 99 ee d4 fe 45 09 69 f6 42 f7 20 a6  ...-....E.i.B. .

I (6513) mbedtls: ssl_tls12_server.c:2864 0x3ffcd14c: <= write server key exchange

I (6513) mbedtls: ssl_msg.c:2063 0x3ffcd14c: => flush output

I (6513) mbedtls: ssl_msg.c:2072 0x3ffcd14c: <= flush output

I (6513) mbedtls: ssl_tls12_server.c:3429 0x3ffcd14c: server state: 5

I (6513) mbedtls: ssl_tls12_server.c:2242 0x3ffcd14c: => write certificate request

D (6513) mbedtls: ssl_misc.h:1295 0x3ffcd14c: handshake state: 5 (MBEDTLS_SSL_CERTIFICATE_REQUEST) -> 6 (MBEDTLS_SSL_SERVER_HELLO_DONE)

I (6513) mbedtls: ssl_tls12_server.c:2255 0x3ffcd14c: <= skip write certificate request

I (6513) mbedtls: ssl_msg.c:2063 0x3ffcd14c: => flush output

I (6513) mbedtls: ssl_msg.c:2072 0x3ffcd14c: <= flush output

I (6513) mbedtls: ssl_tls12_server.c:3429 0x3ffcd14c: server state: 6

I (6513) mbedtls: ssl_tls12_server.c:2873 0x3ffcd14c: => write server hello done

D (6513) mbedtls: ssl_misc.h:1295 0x3ffcd14c: handshake state: 6 (MBEDTLS_SSL_SERVER_HELLO_DONE) -> 7 (MBEDTLS_SSL_CLIENT_CERTIFICATE)

I (6513) mbedtls: ssl_msg.c:2494 0x3ffcd14c: => write handshake message

I (6513) mbedtls: ssl_msg.c:2654 0x3ffcd14c: => write record

D (6513) mbedtls: ssl_msg.c:2737 0x3ffcd14c: output record: msgtype = 22, version = [3:3], msglen = 4

I (6513) mbedtls: ssl_msg.c:2063 0x3ffcd14c: => flush output

I (6513) mbedtls: ssl_msg.c:2077 0x3ffcd14c: message length: 9, out_left: 9

I (6513) mbedtls: ssl_msg.c:2084 0x3ffcd14c: ssl->f_send() returned 9 (-0xfffffff7)

I (6513) mbedtls: ssl_msg.c:2111 0x3ffcd14c: <= flush output

I (6513) mbedtls: ssl_msg.c:2790 0x3ffcd14c: <= write record

I (6513) mbedtls: ssl_msg.c:2615 0x3ffcd14c: <= write handshake message

I (6513) mbedtls: ssl_tls12_server.c:2900 0x3ffcd14c: <= write server hello done

I (6513) mbedtls: ssl_msg.c:2063 0x3ffcd14c: => flush output

I (6513) mbedtls: ssl_msg.c:2072 0x3ffcd14c: <= flush output

I (6513) mbedtls: ssl_tls12_server.c:3429 0x3ffcd14c: server state: 7

I (6513) mbedtls: ssl_tls.c:7077 0x3ffcd14c: => parse certificate

I (6513) mbedtls: ssl_tls.c:7081 0x3ffcd14c: <= skip parse certificate

D (6513) mbedtls: ssl_misc.h:1295 0x3ffcd14c: handshake state: 7 (MBEDTLS_SSL_CLIENT_CERTIFICATE) -> 8 (MBEDTLS_SSL_CLIENT_KEY_EXCHANGE)

I (6513) mbedtls: ssl_msg.c:2063 0x3ffcd14c: => flush output

I (6513) mbedtls: ssl_msg.c:2072 0x3ffcd14c: <= flush output

I (6513) mbedtls: ssl_tls12_server.c:3429 0x3ffcd14c: server state: 8

I (6513) mbedtls: ssl_tls12_server.c:2969 0x3ffcd14c: => parse client key exchange

I (6513) mbedtls: ssl_msg.c:4040 0x3ffcd14c: => read record

I (6513) mbedtls: ssl_msg.c:1865 0x3ffcd14c: => fetch input

I (6513) mbedtls: ssl_msg.c:2005 0x3ffcd14c: in_left: 0, nb_want: 5

D (6513) mbedtls: ssl_misc.h:1295 0x3ffc65bc: handshake state: 4 (MBEDTLS_SSL_SERVER_KEY_EXCHANGE) -> 5 (MBEDTLS_SSL_CERTIFICATE_REQUEST)

I (6513) mbedtls: ssl_tls12_client.c:2118 0x3ffc65bc: <= parse server key exchange

I (6513) mbedtls: ssl_msg.c:2063 0x3ffc65bc: => flush output

I (6513) mbedtls: ssl_msg.c:2072 0x3ffc65bc: <= flush output

I (6513) mbedtls: ssl_tls.c:4201 0x3ffc65bc: client state: MBEDTLS_SSL_CERTIFICATE_REQUEST

I (6513) mbedtls: ssl_tls12_client.c:2157 0x3ffc65bc: => parse certificate request

I (6513) mbedtls: ssl_msg.c:4040 0x3ffc65bc: => read record

I (6513) mbedtls: ssl_msg.c:1865 0x3ffc65bc: => fetch input

I (6513) mbedtls: ssl_msg.c:2005 0x3ffc65bc: in_left: 0, nb_want: 5

[mem-tick] t=    4916 ms phase=thr-setup    free=166024
[mem-tick] t=    5016 ms phase=thr-setup    free=166024
I (6713) mbedtls: ssl_msg.c:2025 0x3ffc65bc: in_left: 0, nb_want: 5

I (6713) mbedtls: ssl_msg.c:2028 0x3ffc65bc: ssl->f_recv(_timeout)() returned 5 (-0xfffffffb)

I (6713) mbedtls: ssl_msg.c:2050 0x3ffc65bc: <= fetch input

D (6713) mbedtls: ssl_msg.c:3707 0x3ffc65bc: input record: msgtype = 22, version = [0x303], msglen = 4

I (6713) mbedtls: ssl_msg.c:1865 0x3ffc65bc: => fetch input

I (6713) mbedtls: ssl_msg.c:2005 0x3ffc65bc: in_left: 5, nb_want: 9

I (6713) mbedtls: ssl_msg.c:2025 0x3ffc65bc: in_left: 5, nb_want: 9

I (6713) mbedtls: ssl_msg.c:2028 0x3ffc65bc: ssl->f_recv(_timeout)() returned 4 (-0xfffffffc)

I (6713) mbedtls: ssl_msg.c:2050 0x3ffc65bc: <= fetch input

D (6713) mbedtls: ssl_msg.c:2948 0x3ffc65bc: handshake message: msglen = 4, type = 14, hslen = 4

D (6713) mbedtls: ssl_msg.c:3085 0x3ffc65bc: sole handshake fragment: 4, 0..4 of 4

I (6713) mbedtls: ssl_msg.c:4112 0x3ffc65bc: <= read record

D (6713) mbedtls: ssl_misc.h:1295 0x3ffc65bc: handshake state: 5 (MBEDTLS_SSL_CERTIFICATE_REQUEST) -> 6 (MBEDTLS_SSL_SERVER_HELLO_DONE)

D (6713) mbedtls: ssl_tls12_client.c:2183 0x3ffc65bc: got no certificate request

I (6713) mbedtls: ssl_tls12_client.c:2319 0x3ffc65bc: <= parse certificate request

I (6713) mbedtls: ssl_msg.c:2063 0x3ffc65bc: => flush output

I (6713) mbedtls: ssl_msg.c:2072 0x3ffc65bc: <= flush output

I (6713) mbedtls: ssl_tls.c:4201 0x3ffc65bc: client state: MBEDTLS_SSL_SERVER_HELLO_DONE

I (6713) mbedtls: ssl_tls12_client.c:2330 0x3ffc65bc: => parse server hello done

I (6713) mbedtls: ssl_msg.c:4040 0x3ffc65bc: => read record

I (6713) mbedtls: ssl_msg.c:4108 0x3ffc65bc: reuse previously read message

I (6713) mbedtls: ssl_msg.c:4112 0x3ffc65bc: <= read record

D (6713) mbedtls: ssl_misc.h:1295 0x3ffc65bc: handshake state: 6 (MBEDTLS_SSL_SERVER_HELLO_DONE) -> 7 (MBEDTLS_SSL_CLIENT_CERTIFICATE)

I (6713) mbedtls: ssl_tls12_client.c:2358 0x3ffc65bc: <= parse server hello done

I (6713) mbedtls: ssl_msg.c:2063 0x3ffc65bc: => flush output

I (6713) mbedtls: ssl_msg.c:2072 0x3ffc65bc: <= flush output

I (6713) mbedtls: ssl_tls.c:4201 0x3ffc65bc: client state: MBEDTLS_SSL_CLIENT_CERTIFICATE

I (6713) mbedtls: ssl_tls.c:6675 0x3ffc65bc: => write certificate

I (6713) mbedtls: ssl_tls.c:6686 0x3ffc65bc: <= skip write certificate

D (6713) mbedtls: ssl_misc.h:1295 0x3ffc65bc: handshake state: 7 (MBEDTLS_SSL_CLIENT_CERTIFICATE) -> 8 (MBEDTLS_SSL_CLIENT_KEY_EXCHANGE)

I (6713) mbedtls: ssl_msg.c:2063 0x3ffc65bc: => flush output

I (6713) mbedtls: ssl_msg.c:2072 0x3ffc65bc: <= flush output

I (6713) mbedtls: ssl_tls.c:4201 0x3ffc65bc: client state: MBEDTLS_SSL_CLIENT_KEY_EXCHANGE

I (6713) mbedtls: ssl_tls12_client.c:2373 0x3ffc65bc: => write client key exchange

D (6713) mbedtls: ssl_tls12_client.c:2387 0x3ffc65bc: Perform PSA-based ECDH computation.

[mem-tick] t=    5119 ms phase=thr-setup    free=166680
[mem-tick] t=    5219 ms phase=thr-setup    free=166352
D (6853) mbedtls: ssl_misc.h:1295 0x3ffc65bc: handshake state: 8 (MBEDTLS_SSL_CLIENT_KEY_EXCHANGE) -> 9 (MBEDTLS_SSL_CERTIFICATE_VERIFY)

I (6853) mbedtls: ssl_msg.c:2494 0x3ffc65bc: => write handshake message

I (6853) mbedtls: ssl_msg.c:2654 0x3ffc65bc: => write record

D (6853) mbedtls: ssl_msg.c:2737 0x3ffc65bc: output record: msgtype = 22, version = [3:3], msglen = 37

I (6853) mbedtls: ssl_msg.c:2063 0x3ffc65bc: => flush output

I (6853) mbedtls: ssl_msg.c:2077 0x3ffc65bc: message length: 42, out_left: 42

I (6853) mbedtls: ssl_msg.c:2084 0x3ffc65bc: ssl->f_send() returned 42 (-0xffffffd6)

I (6853) mbedtls: ssl_msg.c:2111 0x3ffc65bc: <= flush output

I (6853) mbedtls: ssl_msg.c:2790 0x3ffc65bc: <= write record

I (6853) mbedtls: ssl_msg.c:2615 0x3ffc65bc: <= write handshake message

I (6853) mbedtls: ssl_msg.c:2025 0x3ffcd14c: in_left: 0, nb_want: 5

I (6853) mbedtls: ssl_tls12_client.c:2653 0x3ffc65bc: <= write client key exchange

I (6853) mbedtls: ssl_msg.c:2063 0x3ffc65bc: => flush output

I (6853) mbedtls: ssl_msg.c:2072 0x3ffc65bc: <= flush output

I (6853) mbedtls: ssl_tls.c:4201 0x3ffc65bc: client state: MBEDTLS_SSL_CERTIFICATE_VERIFY

I (6853) mbedtls: ssl_tls12_client.c:2701 0x3ffc65bc: => write certificate verify

I (6853) mbedtls: ssl_tls.c:6466 0x3ffc65bc: => derive keys

I (6853) mbedtls: ssl_tls.c:6557 0x3ffc65bc: => PSA calc verify

D (6853) mbedtls: ssl_tls.c:6568 0x3ffc65bc: dumping 'PSA calculated verify result' (48 bytes)

D (6853) mbedtls: ssl_tls.c:6568 0x3ffc65bc: 0000:  7a b5 a2 2c 30 8b 77 e6 4f 57 3b ef ad ad 5c 44  z..,0.w.OW;...\D

D (6853) mbedtls: ssl_tls.c:6568 0x3ffc65bc: 0010:  da da c9 9b 97 41 e0 e0 e8 d4 ff 3e 1e 45 91 ee  .....A.....>.E..

D (6853) mbedtls: ssl_tls.c:6568 0x3ffc65bc: 0020:  db 51 a9 b6 ce 21 b1 ea 23 32 db 2a 0c 93 7b fb  .Q...!..#2.*..{.

I (6853) mbedtls: ssl_tls.c:6569 0x3ffc65bc: <= PSA calc verify

D (6853) mbedtls: ssl_tls.c:6308 0x3ffc65bc: dumping 'session hash for extended master secret' (48 bytes)

D (6853) mbedtls: ssl_tls.c:6308 0x3ffc65bc: 0000:  7a b5 a2 2c 30 8b 77 e6 4f 57 3b ef ad ad 5c 44  z..,0.w.OW;...\D

D (6853) mbedtls: ssl_tls.c:6308 0x3ffc65bc: 0010:  da da c9 9b 97 41 e0 e0 e8 d4 ff 3e 1e 45 91 ee  .....A.....>.E..

D (6853) mbedtls: ssl_tls.c:6308 0x3ffc65bc: 0020:  db 51 a9 b6 ce 21 b1 ea 23 32 db 2a 0c 93 7b fb  .Q...!..#2.*..{.

D (6853) mbedtls: ssl_tls.c:6449 0x3ffc65bc: dumping 'premaster secret' (32 bytes)

D (6853) mbedtls: ssl_tls.c:6449 0x3ffc65bc: 0000:  e4 41 99 cc 43 b2 34 56 4f bf 77 6a 83 ca 9f 32  .A..C.4VO.wj...2

D (6853) mbedtls: ssl_tls.c:6449 0x3ffc65bc: 0010:  94 d9 7e 15 34 f0 51 e6 76 69 08 ab dc 35 e6 2b  ..~.4.Q.vi...5.+

D (6853) mbedtls: ssl_tls.c:7762 0x3ffc65bc: ciphersuite = TLS-ECDHE-RSA-WITH-AES-256-GCM-SHA384

D (6853) mbedtls: ssl_tls.c:7764 0x3ffc65bc: dumping 'master secret' (48 bytes)

D (6853) mbedtls: ssl_tls.c:7764 0x3ffc65bc: 0000:  3e 9e 30 c0 58 29 4d 77 a5 f1 39 8f 36 18 f7 0f  >.0.X)Mw..9.6...

D (6853) mbedtls: ssl_tls.c:7764 0x3ffc65bc: 0010:  bc 35 c3 89 e4 ad 28 a3 2f 40 c7 51 7b f7 70 2e  .5....(./@.Q{.p.

I (6863) mbedtls: ssl_msg.c:2028 0x3ffcd14c: ssl->f_recv(_timeout)() returned 5 (-0xfffffffb)

D (6863) mbedtls: ssl_tls.c:7764 0x3ffc65bc: 0020:  9e f6 29 dd e6 d7 dc b8 7d d8 da 1a 3e 33 1f 48  ..).....}...>3.H

D (6863) mbedtls: ssl_tls.c:7855 0x3ffc65bc: keylen: 32, minlen: 24, ivlen: 12, maclen: 0

I (6863) mbedtls: ssl_tls.c:6517 0x3ffc65bc: <= derive keys

I (6863) mbedtls: ssl_tls12_client.c:2723 0x3ffc65bc: <= skip write certificate verify

D (6863) mbedtls: ssl_misc.h:1295 0x3ffc65bc: handshake state: 9 (MBEDTLS_SSL_CERTIFICATE_VERIFY) -> 10 (MBEDTLS_SSL_CLIENT_CHANGE_CIPHER_SPEC)

I (6863) mbedtls: ssl_msg.c:2063 0x3ffc65bc: => flush output

I (6863) mbedtls: ssl_msg.c:2072 0x3ffc65bc: <= flush output

I (6863) mbedtls: ssl_tls.c:4201 0x3ffc65bc: client state: MBEDTLS_SSL_CLIENT_CHANGE_CIPHER_SPEC

I (6863) mbedtls: ssl_msg.c:2050 0x3ffcd14c: <= fetch input

I (6863) mbedtls: ssl_msg.c:5087 0x3ffc65bc: => write change cipher spec

D (6863) mbedtls: ssl_misc.h:1295 0x3ffc65bc: handshake state: 10 (MBEDTLS_SSL_CLIENT_CHANGE_CIPHER_SPEC) -> 11 (MBEDTLS_SSL_CLIENT_FINISHED)

I (6863) mbedtls: ssl_msg.c:2494 0x3ffc65bc: => write handshake message

I (6863) mbedtls: ssl_msg.c:2654 0x3ffc65bc: => write record

D (6863) mbedtls: ssl_msg.c:2737 0x3ffc65bc: output record: msgtype = 20, version = [3:3], msglen = 1

I (6863) mbedtls: ssl_msg.c:2063 0x3ffc65bc: => flush output

I (6863) mbedtls: ssl_msg.c:2077 0x3ffc65bc: message length: 6, out_left: 6

I (6863) mbedtls: ssl_msg.c:2084 0x3ffc65bc: ssl->f_send() returned 6 (-0xfffffffa)

I (6863) mbedtls: ssl_msg.c:2111 0x3ffc65bc: <= flush output

I (6863) mbedtls: ssl_msg.c:2790 0x3ffc65bc: <= write record

I (6863) mbedtls: ssl_msg.c:2615 0x3ffc65bc: <= write handshake message

I (6863) mbedtls: ssl_msg.c:5100 0x3ffc65bc: <= write change cipher spec

I (6863) mbedtls: ssl_msg.c:2063 0x3ffc65bc: => flush output

I (6863) mbedtls: ssl_msg.c:2072 0x3ffc65bc: <= flush output

I (6863) mbedtls: ssl_tls.c:4201 0x3ffc65bc: client state: MBEDTLS_SSL_CLIENT_FINISHED

I (6863) mbedtls: ssl_tls.c:7384 0x3ffc65bc: => write finished

I (6863) mbedtls: ssl_tls.c:7235 0x3ffc65bc: => calc PSA finished tls

D (6863) mbedtls: ssl_tls.c:7246 0x3ffc65bc: dumping 'PSA calculated padbuf' (48 bytes)

D (6863) mbedtls: ssl_tls.c:7246 0x3ffc65bc: 0000:  7a b5 a2 2c 30 8b 77 e6 4f 57 3b ef ad ad 5c 44  z..,0.w.OW;...\D

D (6863) mbedtls: ssl_tls.c:7246 0x3ffc65bc: 0010:  da da c9 9b 97 41 e0 e0 e8 d4 ff 3e 1e 45 91 ee  .....A.....>.E..

D (6863) mbedtls: ssl_tls.c:7246 0x3ffc65bc: 0020:  db 51 a9 b6 ce 21 b1 ea 23 32 db 2a 0c 93 7b fb  .Q...!..#2.*..{.

D (6863) mbedtls: ssl_tls.c:7258 0x3ffc65bc: dumping 'calc finished result' (12 bytes)

D (6863) mbedtls: ssl_tls.c:7258 0x3ffc65bc: 0000:  7c b0 2b 2e 27 f2 d0 f6 de b6 f6 ca              |.+.'.......

I (6863) mbedtls: ssl_tls.c:7262 0x3ffc65bc: <= calc finished

D (6863) mbedtls: ssl_misc.h:1295 0x3ffc65bc: handshake state: 11 (MBEDTLS_SSL_CLIENT_FINISHED) -> 12 (MBEDTLS_SSL_SERVER_CHANGE_CIPHER_SPEC)

D (6863) mbedtls: ssl_tls.c:7434 0x3ffc65bc: switching to new transform spec for outbound data

I (6863) mbedtls: ssl_msg.c:2494 0x3ffc65bc: => write handshake message

I (6863) mbedtls: ssl_msg.c:2654 0x3ffc65bc: => write record

I (6863) mbedtls: ssl_msg.c:808 0x3ffc65bc: => encrypt buf

D (6863) mbedtls: ssl_msg.c:1036 0x3ffc65bc: before encrypt: msglen = 16, including 0 bytes of padding

I (6863) mbedtls: ssl_msg.c:1265 0x3ffc65bc: <= encrypt buf

D (6863) mbedtls: ssl_msg.c:2737 0x3ffc65bc: output record: msgtype = 22, version = [3:3], msglen = 40

I (6863) mbedtls: ssl_msg.c:2063 0x3ffc65bc: => flush output

I (6863) mbedtls: ssl_msg.c:2077 0x3ffc65bc: message length: 45, out_left: 45

D (6873) mbedtls: ssl_msg.c:3707 0x3ffcd14c: input record: msgtype = 22, version = [0x303], msglen = 37

I (6873) mbedtls: ssl_msg.c:1865 0x3ffcd14c: => fetch input

I (6873) mbedtls: ssl_msg.c:2084 0x3ffc65bc: ssl->f_send() returned 45 (-0xffffffd3)

I (6873) mbedtls: ssl_msg.c:2111 0x3ffc65bc: <= flush output

I (6873) mbedtls: ssl_msg.c:2790 0x3ffc65bc: <= write record

I (6873) mbedtls: ssl_msg.c:2615 0x3ffc65bc: <= write handshake message

I (6873) mbedtls: ssl_tls.c:7487 0x3ffc65bc: <= write finished

I (6873) mbedtls: ssl_msg.c:2063 0x3ffc65bc: => flush output

I (6873) mbedtls: ssl_msg.c:2072 0x3ffc65bc: <= flush output

I (6873) mbedtls: ssl_tls.c:4201 0x3ffc65bc: client state: MBEDTLS_SSL_SERVER_CHANGE_CIPHER_SPEC

I (6873) mbedtls: ssl_msg.c:5109 0x3ffc65bc: => parse change cipher spec

I (6873) mbedtls: ssl_msg.c:4040 0x3ffc65bc: => read record

I (6873) mbedtls: ssl_msg.c:1865 0x3ffc65bc: => fetch input

I (6873) mbedtls: ssl_msg.c:2005 0x3ffc65bc: in_left: 0, nb_want: 5

I (6873) mbedtls: ssl_msg.c:2005 0x3ffcd14c: in_left: 5, nb_want: 42

I (6873) mbedtls: ssl_msg.c:2025 0x3ffcd14c: in_left: 5, nb_want: 42

I (6873) mbedtls: ssl_msg.c:2028 0x3ffcd14c: ssl->f_recv(_timeout)() returned 37 (-0xffffffdb)

I (6873) mbedtls: ssl_msg.c:2050 0x3ffcd14c: <= fetch input

D (6873) mbedtls: ssl_msg.c:2948 0x3ffcd14c: handshake message: msglen = 37, type = 16, hslen = 37

D (6873) mbedtls: ssl_msg.c:3085 0x3ffcd14c: sole handshake fragment: 37, 0..37 of 37

I (6873) mbedtls: ssl_msg.c:4112 0x3ffcd14c: <= read record

D (6873) mbedtls: ssl_tls12_server.c:2998 0x3ffcd14c: Read the peer's public key.

[mem-tick] t=    5319 ms phase=thr-setup    free=164572
I (6943) mbedtls: ssl_tls.c:6466 0x3ffcd14c: => derive keys

I (6943) mbedtls: ssl_tls.c:6557 0x3ffcd14c: => PSA calc verify

D (6943) mbedtls: ssl_tls.c:6568 0x3ffcd14c: dumping 'PSA calculated verify result' (48 bytes)

D (6943) mbedtls: ssl_tls.c:6568 0x3ffcd14c: 0000:  7a b5 a2 2c 30 8b 77 e6 4f 57 3b ef ad ad 5c 44  z..,0.w.OW;...\D

D (6943) mbedtls: ssl_tls.c:6568 0x3ffcd14c: 0010:  da da c9 9b 97 41 e0 e0 e8 d4 ff 3e 1e 45 91 ee  .....A.....>.E..

D (6943) mbedtls: ssl_tls.c:6568 0x3ffcd14c: 0020:  db 51 a9 b6 ce 21 b1 ea 23 32 db 2a 0c 93 7b fb  .Q...!..#2.*..{.

I (6943) mbedtls: ssl_tls.c:6569 0x3ffcd14c: <= PSA calc verify

D (6943) mbedtls: ssl_tls.c:6308 0x3ffcd14c: dumping 'session hash for extended master secret' (48 bytes)

D (6943) mbedtls: ssl_tls.c:6308 0x3ffcd14c: 0000:  7a b5 a2 2c 30 8b 77 e6 4f 57 3b ef ad ad 5c 44  z..,0.w.OW;...\D

D (6943) mbedtls: ssl_tls.c:6308 0x3ffcd14c: 0010:  da da c9 9b 97 41 e0 e0 e8 d4 ff 3e 1e 45 91 ee  .....A.....>.E..

D (6943) mbedtls: ssl_tls.c:6308 0x3ffcd14c: 0020:  db 51 a9 b6 ce 21 b1 ea 23 32 db 2a 0c 93 7b fb  .Q...!..#2.*..{.

D (6943) mbedtls: ssl_tls.c:6449 0x3ffcd14c: dumping 'premaster secret' (32 bytes)

D (6943) mbedtls: ssl_tls.c:6449 0x3ffcd14c: 0000:  e4 41 99 cc 43 b2 34 56 4f bf 77 6a 83 ca 9f 32  .A..C.4VO.wj...2

D (6943) mbedtls: ssl_tls.c:6449 0x3ffcd14c: 0010:  94 d9 7e 15 34 f0 51 e6 76 69 08 ab dc 35 e6 2b  ..~.4.Q.vi...5.+

D (6943) mbedtls: ssl_tls.c:7762 0x3ffcd14c: ciphersuite = TLS-ECDHE-RSA-WITH-AES-256-GCM-SHA384

D (6943) mbedtls: ssl_tls.c:7764 0x3ffcd14c: dumping 'master secret' (48 bytes)

D (6943) mbedtls: ssl_tls.c:7764 0x3ffcd14c: 0000:  3e 9e 30 c0 58 29 4d 77 a5 f1 39 8f 36 18 f7 0f  >.0.X)Mw..9.6...

D (6943) mbedtls: ssl_tls.c:7764 0x3ffcd14c: 0010:  bc 35 c3 89 e4 ad 28 a3 2f 40 c7 51 7b f7 70 2e  .5....(./@.Q{.p.

D (6943) mbedtls: ssl_tls.c:7764 0x3ffcd14c: 0020:  9e f6 29 dd e6 d7 dc b8 7d d8 da 1a 3e 33 1f 48  ..).....}...>3.H

D (6943) mbedtls: ssl_tls.c:7855 0x3ffcd14c: keylen: 32, minlen: 24, ivlen: 12, maclen: 0

I (6943) mbedtls: ssl_tls.c:6517 0x3ffcd14c: <= derive keys

D (6943) mbedtls: ssl_misc.h:1295 0x3ffcd14c: handshake state: 8 (MBEDTLS_SSL_CLIENT_KEY_EXCHANGE) -> 9 (MBEDTLS_SSL_CERTIFICATE_VERIFY)

I (6943) mbedtls: ssl_tls12_server.c:3180 0x3ffcd14c: <= parse client key exchange

I (6943) mbedtls: ssl_msg.c:2063 0x3ffcd14c: => flush output

I (6943) mbedtls: ssl_msg.c:2072 0x3ffcd14c: <= flush output

I (6943) mbedtls: ssl_tls12_server.c:3429 0x3ffcd14c: server state: 9

I (6943) mbedtls: ssl_tls12_server.c:3219 0x3ffcd14c: => parse certificate verify

I (6943) mbedtls: ssl_tls12_server.c:3235 0x3ffcd14c: <= skip parse certificate verify

D (6943) mbedtls: ssl_misc.h:1295 0x3ffcd14c: handshake state: 9 (MBEDTLS_SSL_CERTIFICATE_VERIFY) -> 10 (MBEDTLS_SSL_CLIENT_CHANGE_CIPHER_SPEC)

I (6953) mbedtls: ssl_msg.c:2063 0x3ffcd14c: => flush output

I (6953) mbedtls: ssl_msg.c:2072 0x3ffcd14c: <= flush output

I (6953) mbedtls: ssl_tls12_server.c:3429 0x3ffcd14c: server state: 10

I (6953) mbedtls: ssl_msg.c:5109 0x3ffcd14c: => parse change cipher spec

I (6953) mbedtls: ssl_msg.c:4040 0x3ffcd14c: => read record

I (6953) mbedtls: ssl_msg.c:1865 0x3ffcd14c: => fetch input

I (6953) mbedtls: ssl_msg.c:2005 0x3ffcd14c: in_left: 0, nb_want: 5

I (6963) mbedtls: ssl_msg.c:2025 0x3ffcd14c: in_left: 0, nb_want: 5

I (6963) mbedtls: ssl_msg.c:2028 0x3ffcd14c: ssl->f_recv(_timeout)() returned 5 (-0xfffffffb)

I (6963) mbedtls: ssl_msg.c:2050 0x3ffcd14c: <= fetch input

D (6963) mbedtls: ssl_msg.c:3707 0x3ffcd14c: input record: msgtype = 20, version = [0x303], msglen = 1

I (6963) mbedtls: ssl_msg.c:1865 0x3ffcd14c: => fetch input

I (6963) mbedtls: ssl_msg.c:2005 0x3ffcd14c: in_left: 5, nb_want: 6

I (6963) mbedtls: ssl_msg.c:2025 0x3ffcd14c: in_left: 5, nb_want: 6

I (6963) mbedtls: ssl_msg.c:2028 0x3ffcd14c: ssl->f_recv(_timeout)() returned 1 (-0xffffffff)

I (6963) mbedtls: ssl_msg.c:2050 0x3ffcd14c: <= fetch input

I (6963) mbedtls: ssl_msg.c:4112 0x3ffcd14c: <= read record

D (6963) mbedtls: ssl_msg.c:5130 0x3ffcd14c: switching to new transform spec for inbound data

D (6963) mbedtls: ssl_misc.h:1295 0x3ffcd14c: handshake state: 10 (MBEDTLS_SSL_CLIENT_CHANGE_CIPHER_SPEC) -> 11 (MBEDTLS_SSL_CLIENT_FINISHED)

I (6963) mbedtls: ssl_msg.c:5157 0x3ffcd14c: <= parse change cipher spec

I (6963) mbedtls: ssl_msg.c:2063 0x3ffcd14c: => flush output

I (6963) mbedtls: ssl_msg.c:2072 0x3ffcd14c: <= flush output

I (6963) mbedtls: ssl_tls12_server.c:3429 0x3ffcd14c: server state: 11

I (6963) mbedtls: ssl_tls.c:7500 0x3ffcd14c: => parse finished

I (6963) mbedtls: ssl_tls.c:7235 0x3ffcd14c: => calc PSA finished tls

D (6963) mbedtls: ssl_tls.c:7246 0x3ffcd14c: dumping 'PSA calculated padbuf' (48 bytes)

D (6963) mbedtls: ssl_tls.c:7246 0x3ffcd14c: 0000:  7a b5 a2 2c 30 8b 77 e6 4f 57 3b ef ad ad 5c 44  z..,0.w.OW;...\D

D (6963) mbedtls: ssl_tls.c:7246 0x3ffcd14c: 0010:  da da c9 9b 97 41 e0 e0 e8 d4 ff 3e 1e 45 91 ee  .....A.....>.E..

D (6963) mbedtls: ssl_tls.c:7246 0x3ffcd14c: 0020:  db 51 a9 b6 ce 21 b1 ea 23 32 db 2a 0c 93 7b fb  .Q...!..#2.*..{.

D (6963) mbedtls: ssl_tls.c:7258 0x3ffcd14c: dumping 'calc finished result' (12 bytes)

D (6963) mbedtls: ssl_tls.c:7258 0x3ffcd14c: 0000:  7c b0 2b 2e 27 f2 d0 f6 de b6 f6 ca              |.+.'.......

I (6963) mbedtls: ssl_tls.c:7262 0x3ffcd14c: <= calc finished

I (6963) mbedtls: ssl_msg.c:4040 0x3ffcd14c: => read record

I (6963) mbedtls: ssl_msg.c:1865 0x3ffcd14c: => fetch input

I (6963) mbedtls: ssl_msg.c:2005 0x3ffcd14c: in_left: 0, nb_want: 5

I (6963) mbedtls: ssl_msg.c:2025 0x3ffcd14c: in_left: 0, nb_want: 5

I (6963) mbedtls: ssl_msg.c:2028 0x3ffcd14c: ssl->f_recv(_timeout)() returned 5 (-0xfffffffb)

I (6963) mbedtls: ssl_msg.c:2050 0x3ffcd14c: <= fetch input

D (6963) mbedtls: ssl_msg.c:3707 0x3ffcd14c: input record: msgtype = 22, version = [0x303], msglen = 40

I (6963) mbedtls: ssl_msg.c:1865 0x3ffcd14c: => fetch input

I (6963) mbedtls: ssl_msg.c:2005 0x3ffcd14c: in_left: 5, nb_want: 45

I (6963) mbedtls: ssl_msg.c:2025 0x3ffcd14c: in_left: 5, nb_want: 45

I (6963) mbedtls: ssl_msg.c:2028 0x3ffcd14c: ssl->f_recv(_timeout)() returned 40 (-0xffffffd8)

I (6963) mbedtls: ssl_msg.c:2050 0x3ffcd14c: <= fetch input

I (6963) mbedtls: ssl_msg.c:1301 0x3ffcd14c: => decrypt buf

I (6963) mbedtls: ssl_msg.c:1831 0x3ffcd14c: <= decrypt buf

D (6963) mbedtls: ssl_msg.c:2948 0x3ffcd14c: handshake message: msglen = 16, type = 20, hslen = 16

D (6963) mbedtls: ssl_msg.c:3085 0x3ffcd14c: sole handshake fragment: 16, 0..16 of 16

I (6963) mbedtls: ssl_msg.c:4112 0x3ffcd14c: <= read record

D (6963) mbedtls: ssl_misc.h:1295 0x3ffcd14c: handshake state: 11 (MBEDTLS_SSL_CLIENT_FINISHED) -> 12 (MBEDTLS_SSL_SERVER_CHANGE_CIPHER_SPEC)

I (6963) mbedtls: ssl_tls.c:7571 0x3ffcd14c: <= parse finished

I (6963) mbedtls: ssl_msg.c:2063 0x3ffcd14c: => flush output

I (6963) mbedtls: ssl_msg.c:2072 0x3ffcd14c: <= flush output

I (6963) mbedtls: ssl_tls12_server.c:3429 0x3ffcd14c: server state: 12

I (6963) mbedtls: ssl_msg.c:5087 0x3ffcd14c: => write change cipher spec

D (6963) mbedtls: ssl_misc.h:1295 0x3ffcd14c: handshake state: 12 (MBEDTLS_SSL_SERVER_CHANGE_CIPHER_SPEC) -> 13 (MBEDTLS_SSL_SERVER_FINISHED)

I (6963) mbedtls: ssl_msg.c:2494 0x3ffcd14c: => write handshake message

I (6963) mbedtls: ssl_msg.c:2654 0x3ffcd14c: => write record

D (6963) mbedtls: ssl_msg.c:2737 0x3ffcd14c: output record: msgtype = 20, version = [3:3], msglen = 1

I (6963) mbedtls: ssl_msg.c:2063 0x3ffcd14c: => flush output

I (6963) mbedtls: ssl_msg.c:2077 0x3ffcd14c: message length: 6, out_left: 6

I (6963) mbedtls: ssl_msg.c:2025 0x3ffc65bc: in_left: 0, nb_want: 5

I (6963) mbedtls: ssl_msg.c:2084 0x3ffcd14c: ssl->f_send() returned 6 (-0xfffffffa)

I (6963) mbedtls: ssl_msg.c:2028 0x3ffc65bc: ssl->f_recv(_timeout)() returned 5 (-0xfffffffb)

I (6963) mbedtls: ssl_msg.c:2050 0x3ffc65bc: <= fetch input

D (6963) mbedtls: ssl_msg.c:3707 0x3ffc65bc: input record: msgtype = 20, version = [0x303], msglen = 1

I (6963) mbedtls: ssl_msg.c:1865 0x3ffc65bc: => fetch input

I (6963) mbedtls: ssl_msg.c:2005 0x3ffc65bc: in_left: 5, nb_want: 6

I (6963) mbedtls: ssl_msg.c:2025 0x3ffc65bc: in_left: 5, nb_want: 6

I (6963) mbedtls: ssl_msg.c:2028 0x3ffc65bc: ssl->f_recv(_timeout)() returned 1 (-0xffffffff)

I (6963) mbedtls: ssl_msg.c:2050 0x3ffc65bc: <= fetch input

I (6973) mbedtls: ssl_msg.c:2111 0x3ffcd14c: <= flush output

I (6973) mbedtls: ssl_msg.c:4112 0x3ffc65bc: <= read record

I (6973) mbedtls: ssl_msg.c:2790 0x3ffcd14c: <= write record

D (6973) mbedtls: ssl_msg.c:5130 0x3ffc65bc: switching to new transform spec for inbound data

I (6973) mbedtls: ssl_msg.c:2615 0x3ffcd14c: <= write handshake message

D (6973) mbedtls: ssl_misc.h:1295 0x3ffc65bc: handshake state: 12 (MBEDTLS_SSL_SERVER_CHANGE_CIPHER_SPEC) -> 13 (MBEDTLS_SSL_SERVER_FINISHED)

I (6973) mbedtls: ssl_msg.c:5100 0x3ffcd14c: <= write change cipher spec

I (6973) mbedtls: ssl_msg.c:5157 0x3ffc65bc: <= parse change cipher spec

I (6973) mbedtls: ssl_msg.c:2063 0x3ffc65bc: => flush output

I (6973) mbedtls: ssl_msg.c:2072 0x3ffc65bc: <= flush output

I (6973) mbedtls: ssl_tls.c:4201 0x3ffc65bc: client state: MBEDTLS_SSL_SERVER_FINISHED

I (6973) mbedtls: ssl_tls.c:7500 0x3ffc65bc: => parse finished

I (6973) mbedtls: ssl_tls.c:7235 0x3ffc65bc: => calc PSA finished tls

D (6973) mbedtls: ssl_tls.c:7246 0x3ffc65bc: dumping 'PSA calculated padbuf' (48 bytes)

I (6973) mbedtls: ssl_msg.c:2063 0x3ffcd14c: => flush output

D (6973) mbedtls: ssl_tls.c:7246 0x3ffc65bc: 0000:  d7 e2 52 b1 ec 87 3e 52 2d 03 54 82 11 65 09 27  ..R...>R-.T..e.'

I (6973) mbedtls: ssl_msg.c:2072 0x3ffcd14c: <= flush output

D (6973) mbedtls: ssl_tls.c:7246 0x3ffc65bc: 0010:  47 21 19 d6 a8 4e b9 00 17 41 bc 16 32 52 cf 79  G!...N...A..2R.y

D (6973) mbedtls: ssl_tls.c:7246 0x3ffc65bc: 0020:  d1 ad 18 29 60 28 2d 8d a4 45 2b 6e 15 21 38 19  ...)`(-..E+n.!8.

D (6973) mbedtls: ssl_tls.c:7258 0x3ffc65bc: dumping 'calc finished result' (12 bytes)

D (6973) mbedtls: ssl_tls.c:7258 0x3ffc65bc: 0000:  59 2c 63 39 2f 60 81 15 63 d6 b9 a5              Y,c9/`..c...

I (6973) mbedtls: ssl_tls.c:7262 0x3ffc65bc: <= calc finished

I (6973) mbedtls: ssl_msg.c:4040 0x3ffc65bc: => read record

I (6973) mbedtls: ssl_msg.c:1865 0x3ffc65bc: => fetch input

I (6973) mbedtls: ssl_msg.c:2005 0x3ffc65bc: in_left: 0, nb_want: 5

I (6973) mbedtls: ssl_tls12_server.c:3429 0x3ffcd14c: server state: 13

I (6973) mbedtls: ssl_tls.c:7384 0x3ffcd14c: => write finished

I (6973) mbedtls: ssl_tls.c:7235 0x3ffcd14c: => calc PSA finished tls

D (6973) mbedtls: ssl_tls.c:7246 0x3ffcd14c: dumping 'PSA calculated padbuf' (48 bytes)

D (6973) mbedtls: ssl_tls.c:7246 0x3ffcd14c: 0000:  d7 e2 52 b1 ec 87 3e 52 2d 03 54 82 11 65 09 27  ..R...>R-.T..e.'

D (6973) mbedtls: ssl_tls.c:7246 0x3ffcd14c: 0010:  47 21 19 d6 a8 4e b9 00 17 41 bc 16 32 52 cf 79  G!...N...A..2R.y

D (6973) mbedtls: ssl_tls.c:7246 0x3ffcd14c: 0020:  d1 ad 18 29 60 28 2d 8d a4 45 2b 6e 15 21 38 19  ...)`(-..E+n.!8.

D (6973) mbedtls: ssl_tls.c:7258 0x3ffcd14c: dumping 'calc finished result' (12 bytes)

D (6973) mbedtls: ssl_tls.c:7258 0x3ffcd14c: 0000:  59 2c 63 39 2f 60 81 15 63 d6 b9 a5              Y,c9/`..c...

I (6973) mbedtls: ssl_tls.c:7262 0x3ffcd14c: <= calc finished

D (6973) mbedtls: ssl_misc.h:1295 0x3ffcd14c: handshake state: 13 (MBEDTLS_SSL_SERVER_FINISHED) -> 14 (MBEDTLS_SSL_FLUSH_BUFFERS)

D (6973) mbedtls: ssl_tls.c:7434 0x3ffcd14c: switching to new transform spec for outbound data

I (6973) mbedtls: ssl_msg.c:2494 0x3ffcd14c: => write handshake message

I (6973) mbedtls: ssl_msg.c:2654 0x3ffcd14c: => write record

I (6973) mbedtls: ssl_msg.c:808 0x3ffcd14c: => encrypt buf

D (6973) mbedtls: ssl_msg.c:1036 0x3ffcd14c: before encrypt: msglen = 16, including 0 bytes of padding

I (6973) mbedtls: ssl_msg.c:1265 0x3ffcd14c: <= encrypt buf

D (6973) mbedtls: ssl_msg.c:2737 0x3ffcd14c: output record: msgtype = 22, version = [3:3], msglen = 40

I (6973) mbedtls: ssl_msg.c:2063 0x3ffcd14c: => flush output

I (6973) mbedtls: ssl_msg.c:2077 0x3ffcd14c: message length: 45, out_left: 45

I (6973) mbedtls: ssl_msg.c:2084 0x3ffcd14c: ssl->f_send() returned 45 (-0xffffffd3)

I (6983) mbedtls: ssl_msg.c:2111 0x3ffcd14c: <= flush output

I (6983) mbedtls: ssl_msg.c:2790 0x3ffcd14c: <= write record

I (6983) mbedtls: ssl_msg.c:2615 0x3ffcd14c: <= write handshake message

I (6983) mbedtls: ssl_tls.c:7487 0x3ffcd14c: <= write finished

I (6983) mbedtls: ssl_msg.c:2063 0x3ffcd14c: => flush output

I (6983) mbedtls: ssl_msg.c:2072 0x3ffcd14c: <= flush output

I (6983) mbedtls: ssl_tls12_server.c:3429 0x3ffcd14c: server state: 14

I (6983) mbedtls: ssl_tls12_server.c:3521 0x3ffcd14c: handshake: done

D (6983) mbedtls: ssl_misc.h:1295 0x3ffcd14c: handshake state: 14 (MBEDTLS_SSL_FLUSH_BUFFERS) -> 15 (MBEDTLS_SSL_HANDSHAKE_WRAPUP)

I (6983) mbedtls: ssl_msg.c:2063 0x3ffcd14c: => flush output

I (6983) mbedtls: ssl_msg.c:2072 0x3ffcd14c: <= flush output

I (6983) mbedtls: ssl_tls12_server.c:3429 0x3ffcd14c: server state: 15

D (6983) mbedtls: ssl_tls.c:7322 0x3ffcd14c: => handshake wrapup

D (6983) mbedtls: ssl_tls.c:7296 0x3ffcd14c: => handshake wrapup: final free

D (6983) mbedtls: ssl_tls.c:7315 0x3ffcd14c: <= handshake wrapup: final free

D (6983) mbedtls: ssl_misc.h:1295 0x3ffcd14c: handshake state: 15 (MBEDTLS_SSL_HANDSHAKE_WRAPUP) -> 27 (MBEDTLS_SSL_HANDSHAKE_OVER)

D (6983) mbedtls: ssl_tls.c:7376 0x3ffcd14c: <= handshake wrapup

I (6983) mbedtls: ssl_tls.c:4293 0x3ffcd14c: <= handshake

[srv-tls] session established
I (6983) mbedtls: ssl_msg.c:5663 0x3ffcd14c: => read

I (6983) mbedtls: ssl_msg.c:4040 0x3ffcd14c: => read record

I (6983) mbedtls: ssl_msg.c:1865 0x3ffcd14c: => fetch input

I (6983) mbedtls: ssl_msg.c:2005 0x3ffcd14c: in_left: 0, nb_want: 5

[mem-tick] t=    5416 ms phase=thr-setup    free=168524
[mem-tick] t=    5516 ms phase=thr-setup    free=168524
I (7213) mbedtls: ssl_msg.c:2025 0x3ffc65bc: in_left: 0, nb_want: 5

I (7213) mbedtls: ssl_msg.c:2028 0x3ffc65bc: ssl->f_recv(_timeout)() returned 5 (-0xfffffffb)

I (7213) mbedtls: ssl_msg.c:2050 0x3ffc65bc: <= fetch input

D (7213) mbedtls: ssl_msg.c:3707 0x3ffc65bc: input record: msgtype = 22, version = [0x303], msglen = 40

I (7213) mbedtls: ssl_msg.c:1865 0x3ffc65bc: => fetch input

I (7213) mbedtls: ssl_msg.c:2005 0x3ffc65bc: in_left: 5, nb_want: 45

I (7213) mbedtls: ssl_msg.c:2025 0x3ffc65bc: in_left: 5, nb_want: 45

I (7213) mbedtls: ssl_msg.c:2028 0x3ffc65bc: ssl->f_recv(_timeout)() returned 40 (-0xffffffd8)

I (7213) mbedtls: ssl_msg.c:2050 0x3ffc65bc: <= fetch input

I (7213) mbedtls: ssl_msg.c:1301 0x3ffc65bc: => decrypt buf

I (7213) mbedtls: ssl_msg.c:1831 0x3ffc65bc: <= decrypt buf

D (7213) mbedtls: ssl_msg.c:2948 0x3ffc65bc: handshake message: msglen = 16, type = 20, hslen = 16

D (7213) mbedtls: ssl_msg.c:3085 0x3ffc65bc: sole handshake fragment: 16, 0..16 of 16

I (7213) mbedtls: ssl_msg.c:4112 0x3ffc65bc: <= read record

D (7213) mbedtls: ssl_misc.h:1295 0x3ffc65bc: handshake state: 13 (MBEDTLS_SSL_SERVER_FINISHED) -> 14 (MBEDTLS_SSL_FLUSH_BUFFERS)

I (7213) mbedtls: ssl_tls.c:7571 0x3ffc65bc: <= parse finished

I (7213) mbedtls: ssl_msg.c:2063 0x3ffc65bc: => flush output

I (7213) mbedtls: ssl_msg.c:2072 0x3ffc65bc: <= flush output

I (7213) mbedtls: ssl_tls.c:4201 0x3ffc65bc: client state: MBEDTLS_SSL_FLUSH_BUFFERS

I (7213) mbedtls: ssl_tls12_client.c:3031 0x3ffc65bc: handshake: done

D (7213) mbedtls: ssl_misc.h:1295 0x3ffc65bc: handshake state: 14 (MBEDTLS_SSL_FLUSH_BUFFERS) -> 15 (MBEDTLS_SSL_HANDSHAKE_WRAPUP)

I (7213) mbedtls: ssl_msg.c:2063 0x3ffc65bc: => flush output

I (7213) mbedtls: ssl_msg.c:2072 0x3ffc65bc: <= flush output

I (7213) mbedtls: ssl_tls.c:4201 0x3ffc65bc: client state: MBEDTLS_SSL_HANDSHAKE_WRAPUP

D (7213) mbedtls: ssl_tls.c:7322 0x3ffc65bc: => handshake wrapup

D (7213) mbedtls: ssl_tls.c:7296 0x3ffc65bc: => handshake wrapup: final free

D (7213) mbedtls: ssl_tls.c:7315 0x3ffc65bc: <= handshake wrapup: final free

D (7213) mbedtls: ssl_misc.h:1295 0x3ffc65bc: handshake state: 15 (MBEDTLS_SSL_HANDSHAKE_WRAPUP) -> 27 (MBEDTLS_SSL_HANDSHAKE_OVER)

D (7213) mbedtls: ssl_tls.c:7376 0x3ffc65bc: <= handshake wrapup

I (7213) mbedtls: ssl_tls.c:4293 0x3ffc65bc: <= handshake

[neg] version=TLSv1.2 suite=TLS-ECDHE-RSA-WITH-AES-256-GCM-SHA384 peer_cert=0 bytes
[st] socket=58
[st] connect=0 errno=0
[st] send=8
[st] recv=8 data=hello-st
[thr-p] connect try0 errno=104
[mem-tick] t=    5617 ms phase=thr-p0       free=171916
[thr-p] connect try1 errno=104
[thr-p] connect try2 errno=104
[thr-p] connect try3 errno=104
[thr-p] connect try4 errno=104
[thr] round0 PLAIN failed
I (7323) mbedtls: ssl_msg.c:5925 0x3ffc65bc: => write

I (7323) mbedtls: ssl_msg.c:2654 0x3ffc65bc: => write record

I (7323) mbedtls: ssl_msg.c:808 0x3ffc65bc: => encrypt buf

D (7323) mbedtls: ssl_msg.c:1036 0x3ffc65bc: before encrypt: msglen = 1024, including 0 bytes of padding

I (7323) mbedtls: ssl_msg.c:1265 0x3ffc65bc: <= encrypt buf

D (7323) mbedtls: ssl_msg.c:2737 0x3ffc65bc: output record: msgtype = 23, version = [3:3], msglen = 1048

I (7323) mbedtls: ssl_msg.c:2063 0x3ffc65bc: => flush output

I (7323) mbedtls: ssl_msg.c:2077 0x3ffc65bc: message length: 1053, out_left: 1053

I (7323) mbedtls: ssl_msg.c:2084 0x3ffc65bc: ssl->f_send() returned 1053 (-0xfffffbe3)

I (7323) mbedtls: ssl_msg.c:2111 0x3ffc65bc: <= flush output

I (7323) mbedtls: ssl_msg.c:2025 0x3ffcd14c: in_left: 0, nb_want: 5

I (7323) mbedtls: ssl_msg.c:2790 0x3ffc65bc: <= write record

I (7323) mbedtls: ssl_msg.c:5947 0x3ffc65bc: <= write

I (7323) mbedtls: ssl_msg.c:5663 0x3ffc65bc: => read

I (7323) mbedtls: ssl_msg.c:4040 0x3ffc65bc: => read record

I (7323) mbedtls: ssl_msg.c:1865 0x3ffc65bc: => fetch input

I (7323) mbedtls: ssl_msg.c:2005 0x3ffc65bc: in_left: 0, nb_want: 5

I (7323) mbedtls: ssl_msg.c:2028 0x3ffcd14c: ssl->f_recv(_timeout)() returned 5 (-0xfffffffb)

I (7323) mbedtls: ssl_msg.c:2050 0x3ffcd14c: <= fetch input

D (7323) mbedtls: ssl_msg.c:3707 0x3ffcd14c: input record: msgtype = 23, version = [0x303], msglen = 1048

I (7323) mbedtls: ssl_msg.c:1865 0x3ffcd14c: => fetch input

I (7323) mbedtls: ssl_msg.c:2005 0x3ffcd14c: in_left: 5, nb_want: 1053

I (7323) mbedtls: ssl_msg.c:2025 0x3ffcd14c: in_left: 5, nb_want: 1053

I (7323) mbedtls: ssl_msg.c:2028 0x3ffcd14c: ssl->f_recv(_timeout)() returned 1048 (-0xfffffbe8)

I (7323) mbedtls: ssl_msg.c:2050 0x3ffcd14c: <= fetch input

I (7323) mbedtls: ssl_msg.c:1301 0x3ffcd14c: => decrypt buf

I (7333) mbedtls: ssl_msg.c:1831 0x3ffcd14c: <= decrypt buf

I (7333) mbedtls: ssl_msg.c:4112 0x3ffcd14c: <= read record

I (7333) mbedtls: ssl_msg.c:5823 0x3ffcd14c: <= read

I (7333) mbedtls: ssl_msg.c:5925 0x3ffcd14c: => write

I (7333) mbedtls: ssl_msg.c:2654 0x3ffcd14c: => write record

I (7333) mbedtls: ssl_msg.c:808 0x3ffcd14c: => encrypt buf

D (7333) mbedtls: ssl_msg.c:1036 0x3ffcd14c: before encrypt: msglen = 1024, including 0 bytes of padding

I (7333) mbedtls: ssl_msg.c:1265 0x3ffcd14c: <= encrypt buf

D (7333) mbedtls: ssl_msg.c:2737 0x3ffcd14c: output record: msgtype = 23, version = [3:3], msglen = 1048

I (7333) mbedtls: ssl_msg.c:2063 0x3ffcd14c: => flush output

I (7333) mbedtls: ssl_msg.c:2077 0x3ffcd14c: message length: 1053, out_left: 1053

I (7333) mbedtls: ssl_msg.c:2084 0x3ffcd14c: ssl->f_send() returned 1053 (-0xfffffbe3)

I (7333) mbedtls: ssl_msg.c:2111 0x3ffcd14c: <= flush output

I (7333) mbedtls: ssl_msg.c:2790 0x3ffcd14c: <= write record

I (7333) mbedtls: ssl_msg.c:2025 0x3ffc65bc: in_left: 0, nb_want: 5

I (7333) mbedtls: ssl_msg.c:5947 0x3ffcd14c: <= write

I (7333) mbedtls: ssl_msg.c:2028 0x3ffc65bc: ssl->f_recv(_timeout)() returned 5 (-0xfffffffb)

I (7333) mbedtls: ssl_msg.c:2050 0x3ffc65bc: <= fetch input

D (7333) mbedtls: ssl_msg.c:3707 0x3ffc65bc: input record: msgtype = 23, version = [0x303], msglen = 1048

I (7333) mbedtls: ssl_msg.c:1865 0x3ffc65bc: => fetch input

I (7333) mbedtls: ssl_msg.c:2005 0x3ffc65bc: in_left: 5, nb_want: 1053

I (7333) mbedtls: ssl_msg.c:2025 0x3ffc65bc: in_left: 5, nb_want: 1053

I (7333) mbedtls: ssl_msg.c:2028 0x3ffc65bc: ssl->f_recv(_timeout)() returned 1048 (-0xfffffbe8)

I (7333) mbedtls: ssl_msg.c:2050 0x3ffc65bc: <= fetch input

I (7343) mbedtls: ssl_msg.c:1301 0x3ffc65bc: => decrypt buf

I (7343) mbedtls: ssl_msg.c:1831 0x3ffc65bc: <= decrypt buf

I (7343) mbedtls: ssl_msg.c:5663 0x3ffcd14c: => read

I (7343) mbedtls: ssl_msg.c:4040 0x3ffcd14c: => read record

I (7343) mbedtls: ssl_msg.c:1865 0x3ffcd14c: => fetch input

I (7343) mbedtls: ssl_msg.c:2005 0x3ffcd14c: in_left: 0, nb_want: 5

[mem-tick] t=    5719 ms phase=thr-t0       free=173992
I (7343) mbedtls: ssl_msg.c:4112 0x3ffc65bc: <= read record

I (7343) mbedtls: ssl_msg.c:5823 0x3ffc65bc: <= read

I (7343) mbedtls: ssl_msg.c:5925 0x3ffc65bc: => write

I (7343) mbedtls: ssl_msg.c:2654 0x3ffc65bc: => write record

I (7343) mbedtls: ssl_msg.c:808 0x3ffc65bc: => encrypt buf

D (7343) mbedtls: ssl_msg.c:1036 0x3ffc65bc: before encrypt: msglen = 1024, including 0 bytes of padding

I (7343) mbedtls: ssl_msg.c:1265 0x3ffc65bc: <= encrypt buf

D (7343) mbedtls: ssl_msg.c:2737 0x3ffc65bc: output record: msgtype = 23, version = [3:3], msglen = 1048

I (7343) mbedtls: ssl_msg.c:2063 0x3ffc65bc: => flush output

I (7343) mbedtls: ssl_msg.c:2077 0x3ffc65bc: message length: 1053, out_left: 1053

I (7343) mbedtls: ssl_msg.c:2084 0x3ffc65bc: ssl->f_send() returned 1053 (-0xfffffbe3)

I (7343) mbedtls: ssl_msg.c:2111 0x3ffc65bc: <= flush output

I (7343) mbedtls: ssl_msg.c:2790 0x3ffc65bc: <= write record

I (7343) mbedtls: ssl_msg.c:2025 0x3ffcd14c: in_left: 0, nb_want: 5

I (7343) mbedtls: ssl_msg.c:5947 0x3ffc65bc: <= write

I (7343) mbedtls: ssl_msg.c:5663 0x3ffc65bc: => read

I (7343) mbedtls: ssl_msg.c:4040 0x3ffc65bc: => read record

I (7353) mbedtls: ssl_msg.c:2028 0x3ffcd14c: ssl->f_recv(_timeout)() returned 5 (-0xfffffffb)

I (7353) mbedtls: ssl_msg.c:1865 0x3ffc65bc: => fetch input

I (7353) mbedtls: ssl_msg.c:2005 0x3ffc65bc: in_left: 0, nb_want: 5

I (7353) mbedtls: ssl_msg.c:2050 0x3ffcd14c: <= fetch input

D (7353) mbedtls: ssl_msg.c:3707 0x3ffcd14c: input record: msgtype = 23, version = [0x303], msglen = 1048

I (7353) mbedtls: ssl_msg.c:1865 0x3ffcd14c: => fetch input

I (7353) mbedtls: ssl_msg.c:2005 0x3ffcd14c: in_left: 5, nb_want: 1053

I (7353) mbedtls: ssl_msg.c:2025 0x3ffcd14c: in_left: 5, nb_want: 1053

I (7353) mbedtls: ssl_msg.c:2028 0x3ffcd14c: ssl->f_recv(_timeout)() returned 1048 (-0xfffffbe8)

I (7353) mbedtls: ssl_msg.c:2050 0x3ffcd14c: <= fetch input

I (7353) mbedtls: ssl_msg.c:1301 0x3ffcd14c: => decrypt buf

I (7353) mbedtls: ssl_msg.c:1831 0x3ffcd14c: <= decrypt buf

I (7353) mbedtls: ssl_msg.c:4112 0x3ffcd14c: <= read record

I (7353) mbedtls: ssl_msg.c:5823 0x3ffcd14c: <= read

I (7353) mbedtls: ssl_msg.c:5925 0x3ffcd14c: => write

I (7353) mbedtls: ssl_msg.c:2654 0x3ffcd14c: => write record

I (7353) mbedtls: ssl_msg.c:808 0x3ffcd14c: => encrypt buf

D (7353) mbedtls: ssl_msg.c:1036 0x3ffcd14c: before encrypt: msglen = 1024, including 0 bytes of padding

I (7353) mbedtls: ssl_msg.c:1265 0x3ffcd14c: <= encrypt buf

D (7353) mbedtls: ssl_msg.c:2737 0x3ffcd14c: output record: msgtype = 23, version = [3:3], msglen = 1048

I (7363) mbedtls: ssl_msg.c:2063 0x3ffcd14c: => flush output

I (7363) mbedtls: ssl_msg.c:2077 0x3ffcd14c: message length: 1053, out_left: 1053

I (7363) mbedtls: ssl_msg.c:2025 0x3ffc65bc: in_left: 0, nb_want: 5

I (7363) mbedtls: ssl_msg.c:2084 0x3ffcd14c: ssl->f_send() returned 1053 (-0xfffffbe3)

I (7363) mbedtls: ssl_msg.c:2028 0x3ffc65bc: ssl->f_recv(_timeout)() returned 5 (-0xfffffffb)

I (7363) mbedtls: ssl_msg.c:2050 0x3ffc65bc: <= fetch input

D (7363) mbedtls: ssl_msg.c:3707 0x3ffc65bc: input record: msgtype = 23, version = [0x303], msglen = 1048

I (7363) mbedtls: ssl_msg.c:1865 0x3ffc65bc: => fetch input

I (7363) mbedtls: ssl_msg.c:2005 0x3ffc65bc: in_left: 5, nb_want: 1053

I (7363) mbedtls: ssl_msg.c:2025 0x3ffc65bc: in_left: 5, nb_want: 1053

I (7363) mbedtls: ssl_msg.c:2028 0x3ffc65bc: ssl->f_recv(_timeout)() returned 1048 (-0xfffffbe8)

I (7363) mbedtls: ssl_msg.c:2050 0x3ffc65bc: <= fetch input

I (7363) mbedtls: ssl_msg.c:1301 0x3ffc65bc: => decrypt buf

I (7363) mbedtls: ssl_msg.c:1831 0x3ffc65bc: <= decrypt buf

I (7363) mbedtls: ssl_msg.c:4112 0x3ffc65bc: <= read record

I (7363) mbedtls: ssl_msg.c:5823 0x3ffc65bc: <= read

I (7363) mbedtls: ssl_msg.c:5925 0x3ffc65bc: => write

I (7363) mbedtls: ssl_msg.c:2654 0x3ffc65bc: => write record

I (7363) mbedtls: ssl_msg.c:808 0x3ffc65bc: => encrypt buf

D (7363) mbedtls: ssl_msg.c:1036 0x3ffc65bc: before encrypt: msglen = 1024, including 0 bytes of padding

I (7363) mbedtls: ssl_msg.c:1265 0x3ffc65bc: <= encrypt buf

D (7363) mbedtls: ssl_msg.c:2737 0x3ffc65bc: output record: msgtype = 23, version = [3:3], msglen = 1048

I (7363) mbedtls: ssl_msg.c:2063 0x3ffc65bc: => flush output

I (7363) mbedtls: ssl_msg.c:2077 0x3ffc65bc: message length: 1053, out_left: 1053

I (7373) mbedtls: ssl_msg.c:2111 0x3ffcd14c: <= flush output

I (7373) mbedtls: ssl_msg.c:2084 0x3ffc65bc: ssl->f_send() returned 1053 (-0xfffffbe3)

I (7373) mbedtls: ssl_msg.c:2111 0x3ffc65bc: <= flush output

I (7373) mbedtls: ssl_msg.c:2790 0x3ffc65bc: <= write record

I (7373) mbedtls: ssl_msg.c:5947 0x3ffc65bc: <= write

I (7373) mbedtls: ssl_msg.c:5663 0x3ffc65bc: => read

I (7373) mbedtls: ssl_msg.c:4040 0x3ffc65bc: => read record

I (7373) mbedtls: ssl_msg.c:1865 0x3ffc65bc: => fetch input

I (7373) mbedtls: ssl_msg.c:2005 0x3ffc65bc: in_left: 0, nb_want: 5

I (7373) mbedtls: ssl_msg.c:2790 0x3ffcd14c: <= write record

I (7373) mbedtls: ssl_msg.c:5947 0x3ffcd14c: <= write

I (7373) mbedtls: ssl_msg.c:5663 0x3ffcd14c: => read

I (7373) mbedtls: ssl_msg.c:4040 0x3ffcd14c: => read record

I (7373) mbedtls: ssl_msg.c:1865 0x3ffcd14c: => fetch input

I (7373) mbedtls: ssl_msg.c:2005 0x3ffcd14c: in_left: 0, nb_want: 5

I (7373) mbedtls: ssl_msg.c:2025 0x3ffcd14c: in_left: 0, nb_want: 5

I (7373) mbedtls: ssl_msg.c:2028 0x3ffcd14c: ssl->f_recv(_timeout)() returned 5 (-0xfffffffb)

I (7373) mbedtls: ssl_msg.c:2050 0x3ffcd14c: <= fetch input

D (7373) mbedtls: ssl_msg.c:3707 0x3ffcd14c: input record: msgtype = 23, version = [0x303], msglen = 1048

I (7373) mbedtls: ssl_msg.c:1865 0x3ffcd14c: => fetch input

I (7373) mbedtls: ssl_msg.c:2005 0x3ffcd14c: in_left: 5, nb_want: 1053

I (7373) mbedtls: ssl_msg.c:2025 0x3ffcd14c: in_left: 5, nb_want: 1053

I (7373) mbedtls: ssl_msg.c:2028 0x3ffcd14c: ssl->f_recv(_timeout)() returned 1048 (-0xfffffbe8)

I (7373) mbedtls: ssl_msg.c:2050 0x3ffcd14c: <= fetch input

I (7373) mbedtls: ssl_msg.c:1301 0x3ffcd14c: => decrypt buf

I (7373) mbedtls: ssl_msg.c:1831 0x3ffcd14c: <= decrypt buf

I (7373) mbedtls: ssl_msg.c:4112 0x3ffcd14c: <= read record

I (7373) mbedtls: ssl_msg.c:5823 0x3ffcd14c: <= read

I (7373) mbedtls: ssl_msg.c:5925 0x3ffcd14c: => write

I (7373) mbedtls: ssl_msg.c:2654 0x3ffcd14c: => write record

I (7373) mbedtls: ssl_msg.c:808 0x3ffcd14c: => encrypt buf

D (7383) mbedtls: ssl_msg.c:1036 0x3ffcd14c: before encrypt: msglen = 1024, including 0 bytes of padding

I (7383) mbedtls: ssl_msg.c:1265 0x3ffcd14c: <= encrypt buf

D (7383) mbedtls: ssl_msg.c:2737 0x3ffcd14c: output record: msgtype = 23, version = [3:3], msglen = 1048

I (7383) mbedtls: ssl_msg.c:2063 0x3ffcd14c: => flush output

I (7383) mbedtls: ssl_msg.c:2077 0x3ffcd14c: message length: 1053, out_left: 1053

I (7383) mbedtls: ssl_msg.c:2084 0x3ffcd14c: ssl->f_send() returned 1053 (-0xfffffbe3)

I (7383) mbedtls: ssl_msg.c:2025 0x3ffc65bc: in_left: 0, nb_want: 5

I (7383) mbedtls: ssl_msg.c:2111 0x3ffcd14c: <= flush output

I (7383) mbedtls: ssl_msg.c:2028 0x3ffc65bc: ssl->f_recv(_timeout)() returned 5 (-0xfffffffb)

I (7383) mbedtls: ssl_msg.c:2050 0x3ffc65bc: <= fetch input

D (7383) mbedtls: ssl_msg.c:3707 0x3ffc65bc: input record: msgtype = 23, version = [0x303], msglen = 1048

I (7383) mbedtls: ssl_msg.c:1865 0x3ffc65bc: => fetch input

I (7383) mbedtls: ssl_msg.c:2005 0x3ffc65bc: in_left: 5, nb_want: 1053

I (7383) mbedtls: ssl_msg.c:2025 0x3ffc65bc: in_left: 5, nb_want: 1053

I (7383) mbedtls: ssl_msg.c:2028 0x3ffc65bc: ssl->f_recv(_timeout)() returned 1048 (-0xfffffbe8)

I (7383) mbedtls: ssl_msg.c:2050 0x3ffc65bc: <= fetch input

I (7383) mbedtls: ssl_msg.c:1301 0x3ffc65bc: => decrypt buf

I (7383) mbedtls: ssl_msg.c:1831 0x3ffc65bc: <= decrypt buf

I (7383) mbedtls: ssl_msg.c:4112 0x3ffc65bc: <= read record

I (7383) mbedtls: ssl_msg.c:5823 0x3ffc65bc: <= read

I (7383) mbedtls: ssl_msg.c:5925 0x3ffc65bc: => write

I (7383) mbedtls: ssl_msg.c:2654 0x3ffc65bc: => write record

I (7383) mbedtls: ssl_msg.c:808 0x3ffc65bc: => encrypt buf

D (7393) mbedtls: ssl_msg.c:1036 0x3ffc65bc: before encrypt: msglen = 1024, including 0 bytes of padding

I (7393) mbedtls: ssl_msg.c:1265 0x3ffc65bc: <= encrypt buf

D (7393) mbedtls: ssl_msg.c:2737 0x3ffc65bc: output record: msgtype = 23, version = [3:3], msglen = 1048

I (7393) mbedtls: ssl_msg.c:2790 0x3ffcd14c: <= write record

I (7393) mbedtls: ssl_msg.c:5947 0x3ffcd14c: <= write

I (7393) mbedtls: ssl_msg.c:5663 0x3ffcd14c: => read

I (7393) mbedtls: ssl_msg.c:4040 0x3ffcd14c: => read record

I (7393) mbedtls: ssl_msg.c:1865 0x3ffcd14c: => fetch input

I (7393) mbedtls: ssl_msg.c:2005 0x3ffcd14c: in_left: 0, nb_want: 5

I (7393) mbedtls: ssl_msg.c:2063 0x3ffc65bc: => flush output

I (7393) mbedtls: ssl_msg.c:2077 0x3ffc65bc: message length: 1053, out_left: 1053

I (7393) mbedtls: ssl_msg.c:2084 0x3ffc65bc: ssl->f_send() returned 1053 (-0xfffffbe3)

I (7393) mbedtls: ssl_msg.c:2111 0x3ffc65bc: <= flush output

I (7393) mbedtls: ssl_msg.c:2790 0x3ffc65bc: <= write record

I (7393) mbedtls: ssl_msg.c:2025 0x3ffcd14c: in_left: 0, nb_want: 5

I (7393) mbedtls: ssl_msg.c:5947 0x3ffc65bc: <= write

I (7393) mbedtls: ssl_msg.c:5663 0x3ffc65bc: => read

I (7393) mbedtls: ssl_msg.c:4040 0x3ffc65bc: => read record

I (7393) mbedtls: ssl_msg.c:1865 0x3ffc65bc: => fetch input

I (7393) mbedtls: ssl_msg.c:2005 0x3ffc65bc: in_left: 0, nb_want: 5

I (7393) mbedtls: ssl_msg.c:2028 0x3ffcd14c: ssl->f_recv(_timeout)() returned 5 (-0xfffffffb)

I (7393) mbedtls: ssl_msg.c:2050 0x3ffcd14c: <= fetch input

D (7393) mbedtls: ssl_msg.c:3707 0x3ffcd14c: input record: msgtype = 23, version = [0x303], msglen = 1048

I (7393) mbedtls: ssl_msg.c:1865 0x3ffcd14c: => fetch input

I (7393) mbedtls: ssl_msg.c:2005 0x3ffcd14c: in_left: 5, nb_want: 1053

I (7393) mbedtls: ssl_msg.c:2025 0x3ffcd14c: in_left: 5, nb_want: 1053

I (7393) mbedtls: ssl_msg.c:2028 0x3ffcd14c: ssl->f_recv(_timeout)() returned 1048 (-0xfffffbe8)

I (7393) mbedtls: ssl_msg.c:2050 0x3ffcd14c: <= fetch input

I (7393) mbedtls: ssl_msg.c:1301 0x3ffcd14c: => decrypt buf

I (7393) mbedtls: ssl_msg.c:1831 0x3ffcd14c: <= decrypt buf

I (7393) mbedtls: ssl_msg.c:4112 0x3ffcd14c: <= read record

I (7393) mbedtls: ssl_msg.c:5823 0x3ffcd14c: <= read

I (7393) mbedtls: ssl_msg.c:5925 0x3ffcd14c: => write

I (7403) mbedtls: ssl_msg.c:2654 0x3ffcd14c: => write record

I (7403) mbedtls: ssl_msg.c:808 0x3ffcd14c: => encrypt buf

D (7403) mbedtls: ssl_msg.c:1036 0x3ffcd14c: before encrypt: msglen = 1024, including 0 bytes of padding

I (7403) mbedtls: ssl_msg.c:1265 0x3ffcd14c: <= encrypt buf

D (7403) mbedtls: ssl_msg.c:2737 0x3ffcd14c: output record: msgtype = 23, version = [3:3], msglen = 1048

I (7403) mbedtls: ssl_msg.c:2063 0x3ffcd14c: => flush output

I (7403) mbedtls: ssl_msg.c:2077 0x3ffcd14c: message length: 1053, out_left: 1053

I (7403) mbedtls: ssl_msg.c:2025 0x3ffc65bc: in_left: 0, nb_want: 5

I (7403) mbedtls: ssl_msg.c:2028 0x3ffc65bc: ssl->f_recv(_timeout)() returned 5 (-0xfffffffb)

I (7403) mbedtls: ssl_msg.c:2050 0x3ffc65bc: <= fetch input

I (7403) mbedtls: ssl_msg.c:2084 0x3ffcd14c: ssl->f_send() returned 1053 (-0xfffffbe3)

D (7403) mbedtls: ssl_msg.c:3707 0x3ffc65bc: input record: msgtype = 23, version = [0x303], msglen = 1048

I (7403) mbedtls: ssl_msg.c:1865 0x3ffc65bc: => fetch input

I (7403) mbedtls: ssl_msg.c:2005 0x3ffc65bc: in_left: 5, nb_want: 1053

I (7403) mbedtls: ssl_msg.c:2025 0x3ffc65bc: in_left: 5, nb_want: 1053

I (7403) mbedtls: ssl_msg.c:2028 0x3ffc65bc: ssl->f_recv(_timeout)() returned 1048 (-0xfffffbe8)

I (7403) mbedtls: ssl_msg.c:2050 0x3ffc65bc: <= fetch input

I (7403) mbedtls: ssl_msg.c:1301 0x3ffc65bc: => decrypt buf

I (7403) mbedtls: ssl_msg.c:1831 0x3ffc65bc: <= decrypt buf

I (7403) mbedtls: ssl_msg.c:4112 0x3ffc65bc: <= read record

I (7403) mbedtls: ssl_msg.c:5823 0x3ffc65bc: <= read

I (7403) mbedtls: ssl_msg.c:5925 0x3ffc65bc: => write

I (7403) mbedtls: ssl_msg.c:2654 0x3ffc65bc: => write record

I (7403) mbedtls: ssl_msg.c:808 0x3ffc65bc: => encrypt buf

D (7413) mbedtls: ssl_msg.c:1036 0x3ffc65bc: before encrypt: msglen = 1024, including 0 bytes of padding

I (7413) mbedtls: ssl_msg.c:1265 0x3ffc65bc: <= encrypt buf

D (7413) mbedtls: ssl_msg.c:2737 0x3ffc65bc: output record: msgtype = 23, version = [3:3], msglen = 1048

I (7413) mbedtls: ssl_msg.c:2111 0x3ffcd14c: <= flush output

I (7413) mbedtls: ssl_msg.c:2790 0x3ffcd14c: <= write record

I (7413) mbedtls: ssl_msg.c:5947 0x3ffcd14c: <= write

I (7413) mbedtls: ssl_msg.c:5663 0x3ffcd14c: => read

I (7413) mbedtls: ssl_msg.c:4040 0x3ffcd14c: => read record

I (7413) mbedtls: ssl_msg.c:1865 0x3ffcd14c: => fetch input

I (7413) mbedtls: ssl_msg.c:2005 0x3ffcd14c: in_left: 0, nb_want: 5

I (7413) mbedtls: ssl_msg.c:2063 0x3ffc65bc: => flush output

I (7413) mbedtls: ssl_msg.c:2077 0x3ffc65bc: message length: 1053, out_left: 1053

I (7413) mbedtls: ssl_msg.c:2025 0x3ffcd14c: in_left: 0, nb_want: 5

I (7413) mbedtls: ssl_msg.c:2084 0x3ffc65bc: ssl->f_send() returned 1053 (-0xfffffbe3)

I (7413) mbedtls: ssl_msg.c:2111 0x3ffc65bc: <= flush output

I (7413) mbedtls: ssl_msg.c:2790 0x3ffc65bc: <= write record

I (7413) mbedtls: ssl_msg.c:5947 0x3ffc65bc: <= write

I (7413) mbedtls: ssl_msg.c:5663 0x3ffc65bc: => read

I (7413) mbedtls: ssl_msg.c:4040 0x3ffc65bc: => read record

I (7413) mbedtls: ssl_msg.c:1865 0x3ffc65bc: => fetch input

I (7413) mbedtls: ssl_msg.c:2005 0x3ffc65bc: in_left: 0, nb_want: 5

I (7413) mbedtls: ssl_msg.c:2028 0x3ffcd14c: ssl->f_recv(_timeout)() returned 5 (-0xfffffffb)

I (7413) mbedtls: ssl_msg.c:2050 0x3ffcd14c: <= fetch input

D (7413) mbedtls: ssl_msg.c:3707 0x3ffcd14c: input record: msgtype = 23, version = [0x303], msglen = 1048

I (7413) mbedtls: ssl_msg.c:1865 0x3ffcd14c: => fetch input

I (7413) mbedtls: ssl_msg.c:2005 0x3ffcd14c: in_left: 5, nb_want: 1053

I (7413) mbedtls: ssl_msg.c:2025 0x3ffcd14c: in_left: 5, nb_want: 1053

I (7413) mbedtls: ssl_msg.c:2028 0x3ffcd14c: ssl->f_recv(_timeout)() returned 1048 (-0xfffffbe8)

I (7413) mbedtls: ssl_msg.c:2050 0x3ffcd14c: <= fetch input

I (7413) mbedtls: ssl_msg.c:1301 0x3ffcd14c: => decrypt buf

I (7413) mbedtls: ssl_msg.c:1831 0x3ffcd14c: <= decrypt buf

I (7423) mbedtls: ssl_msg.c:4112 0x3ffcd14c: <= read record

I (7423) mbedtls: ssl_msg.c:5823 0x3ffcd14c: <= read

I (7423) mbedtls: ssl_msg.c:5925 0x3ffcd14c: => write

I (7423) mbedtls: ssl_msg.c:2654 0x3ffcd14c: => write record

I (7423) mbedtls: ssl_msg.c:808 0x3ffcd14c: => encrypt buf

D (7423) mbedtls: ssl_msg.c:1036 0x3ffcd14c: before encrypt: msglen = 1024, including 0 bytes of padding

I (7423) mbedtls: ssl_msg.c:1265 0x3ffcd14c: <= encrypt buf

D (7423) mbedtls: ssl_msg.c:2737 0x3ffcd14c: output record: msgtype = 23, version = [3:3], msglen = 1048

I (7423) mbedtls: ssl_msg.c:2063 0x3ffcd14c: => flush output

I (7423) mbedtls: ssl_msg.c:2077 0x3ffcd14c: message length: 1053, out_left: 1053

I (7423) mbedtls: ssl_msg.c:2025 0x3ffc65bc: in_left: 0, nb_want: 5

I (7423) mbedtls: ssl_msg.c:2084 0x3ffcd14c: ssl->f_send() returned 1053 (-0xfffffbe3)

I (7423) mbedtls: ssl_msg.c:2028 0x3ffc65bc: ssl->f_recv(_timeout)() returned 5 (-0xfffffffb)

I (7423) mbedtls: ssl_msg.c:2050 0x3ffc65bc: <= fetch input

D (7423) mbedtls: ssl_msg.c:3707 0x3ffc65bc: input record: msgtype = 23, version = [0x303], msglen = 1048

I (7423) mbedtls: ssl_msg.c:1865 0x3ffc65bc: => fetch input

I (7423) mbedtls: ssl_msg.c:2005 0x3ffc65bc: in_left: 5, nb_want: 1053

I (7423) mbedtls: ssl_msg.c:2025 0x3ffc65bc: in_left: 5, nb_want: 1053

I (7423) mbedtls: ssl_msg.c:2028 0x3ffc65bc: ssl->f_recv(_timeout)() returned 1048 (-0xfffffbe8)

I (7423) mbedtls: ssl_msg.c:2050 0x3ffc65bc: <= fetch input

I (7423) mbedtls: ssl_msg.c:1301 0x3ffc65bc: => decrypt buf

I (7423) mbedtls: ssl_msg.c:1831 0x3ffc65bc: <= decrypt buf

I (7433) mbedtls: ssl_msg.c:2111 0x3ffcd14c: <= flush output

I (7433) mbedtls: ssl_msg.c:2790 0x3ffcd14c: <= write record

I (7433) mbedtls: ssl_msg.c:5947 0x3ffcd14c: <= write

I (7433) mbedtls: ssl_msg.c:5663 0x3ffcd14c: => read

I (7433) mbedtls: ssl_msg.c:4040 0x3ffcd14c: => read record

I (7433) mbedtls: ssl_msg.c:1865 0x3ffcd14c: => fetch input

I (7433) mbedtls: ssl_msg.c:2005 0x3ffcd14c: in_left: 0, nb_want: 5

I (7433) mbedtls: ssl_msg.c:4112 0x3ffc65bc: <= read record

I (7433) mbedtls: ssl_msg.c:5823 0x3ffc65bc: <= read

I (7433) mbedtls: ssl_msg.c:5925 0x3ffc65bc: => write

I (7433) mbedtls: ssl_msg.c:2654 0x3ffc65bc: => write record

I (7433) mbedtls: ssl_msg.c:808 0x3ffc65bc: => encrypt buf

D (7433) mbedtls: ssl_msg.c:1036 0x3ffc65bc: before encrypt: msglen = 1024, including 0 bytes of padding

I (7433) mbedtls: ssl_msg.c:1265 0x3ffc65bc: <= encrypt buf

D (7433) mbedtls: ssl_msg.c:2737 0x3ffc65bc: output record: msgtype = 23, version = [3:3], msglen = 1048

I (7433) mbedtls: ssl_msg.c:2063 0x3ffc65bc: => flush output

I (7433) mbedtls: ssl_msg.c:2077 0x3ffc65bc: message length: 1053, out_left: 1053

I (7433) mbedtls: ssl_msg.c:2084 0x3ffc65bc: ssl->f_send() returned 1053 (-0xfffffbe3)

I (7433) mbedtls: ssl_msg.c:2111 0x3ffc65bc: <= flush output

I (7433) mbedtls: ssl_msg.c:2790 0x3ffc65bc: <= write record

I (7433) mbedtls: ssl_msg.c:2025 0x3ffcd14c: in_left: 0, nb_want: 5

I (7433) mbedtls: ssl_msg.c:5947 0x3ffc65bc: <= write

I (7433) mbedtls: ssl_msg.c:5663 0x3ffc65bc: => read

I (7433) mbedtls: ssl_msg.c:4040 0x3ffc65bc: => read record

I (7433) mbedtls: ssl_msg.c:1865 0x3ffc65bc: => fetch input

I (7433) mbedtls: ssl_msg.c:2005 0x3ffc65bc: in_left: 0, nb_want: 5

I (7433) mbedtls: ssl_msg.c:2028 0x3ffcd14c: ssl->f_recv(_timeout)() returned 5 (-0xfffffffb)

I (7433) mbedtls: ssl_msg.c:2050 0x3ffcd14c: <= fetch input

D (7433) mbedtls: ssl_msg.c:3707 0x3ffcd14c: input record: msgtype = 23, version = [0x303], msglen = 1048

I (7433) mbedtls: ssl_msg.c:1865 0x3ffcd14c: => fetch input

I (7433) mbedtls: ssl_msg.c:2005 0x3ffcd14c: in_left: 5, nb_want: 1053

I (7433) mbedtls: ssl_msg.c:2025 0x3ffcd14c: in_left: 5, nb_want: 1053

I (7433) mbedtls: ssl_msg.c:2028 0x3ffcd14c: ssl->f_recv(_timeout)() returned 1048 (-0xfffffbe8)

I (7433) mbedtls: ssl_msg.c:2050 0x3ffcd14c: <= fetch input

I (7443) mbedtls: ssl_msg.c:1301 0x3ffcd14c: => decrypt buf

I (7443) mbedtls: ssl_msg.c:1831 0x3ffcd14c: <= decrypt buf

[LOG TRUNCATED: 原始 721613 行 / 26M，关键证据行与末尾 500 行如下，完整日志可按工程 README/文章实验节复现]
[原文件 L718439] W (141743) mbedtls: ssl_tls.c:1204 0x3ffcc5d4: alloc(16717 bytes) failed
I (143023) mbedtls: ssl_msg.c:2050 0x3ffc65bc: <= fetch input

I (143023) mbedtls: ssl_msg.c:4112 0x3ffc65bc: <= read record

D (143023) mbedtls: ssl_msg.c:5130 0x3ffc65bc: switching to new transform spec for inbound data

D (143023) mbedtls: ssl_misc.h:1295 0x3ffc65bc: handshake state: 12 (MBEDTLS_SSL_SERVER_CHANGE_CIPHER_SPEC) -> 13 (MBEDTLS_SSL_SERVER_FINISHED)

I (143023) mbedtls: ssl_msg.c:5157 0x3ffc65bc: <= parse change cipher spec

I (143023) mbedtls: ssl_msg.c:2063 0x3ffc65bc: => flush output

I (143023) mbedtls: ssl_msg.c:2072 0x3ffc65bc: <= flush output

I (143023) mbedtls: ssl_tls.c:4201 0x3ffc65bc: client state: MBEDTLS_SSL_SERVER_FINISHED

I (143023) mbedtls: ssl_tls.c:7500 0x3ffc65bc: => parse finished

I (143023) mbedtls: ssl_tls.c:7235 0x3ffc65bc: => calc PSA finished tls

D (143023) mbedtls: ssl_tls.c:7246 0x3ffc65bc: dumping 'PSA calculated padbuf' (48 bytes)

D (143023) mbedtls: ssl_tls.c:7246 0x3ffc65bc: 0000:  d4 51 ae f2 a4 38 02 fe e6 12 2a d4 39 01 6b 05  .Q...8....*.9.k.

D (143023) mbedtls: ssl_tls.c:7246 0x3ffc65bc: 0010:  62 6e 24 ca 60 00 5a e0 db 94 87 15 58 c0 4c 5f  bn$.`.Z.....X.L_

D (143023) mbedtls: ssl_tls.c:7246 0x3ffc65bc: 0020:  6f 4f b0 7f fe 8b f2 12 70 57 08 5b 8b dc 38 4c  oO......pW.[..8L

D (143023) mbedtls: ssl_tls.c:7258 0x3ffc65bc: dumping 'calc finished result' (12 bytes)

D (143023) mbedtls: ssl_tls.c:7258 0x3ffc65bc: 0000:  5e 9b d6 81 ec 06 fb 70 19 b2 87 3b              ^......p...;

I (143023) mbedtls: ssl_tls.c:7262 0x3ffc65bc: <= calc finished

I (143023) mbedtls: ssl_msg.c:4040 0x3ffc65bc: => read record

I (143023) mbedtls: ssl_msg.c:1865 0x3ffc65bc: => fetch input

I (143023) mbedtls: ssl_msg.c:2005 0x3ffc65bc: in_left: 0, nb_want: 5

I (143023) mbedtls: ssl_msg.c:2025 0x3ffc65bc: in_left: 0, nb_want: 5

I (143023) mbedtls: ssl_msg.c:2028 0x3ffc65bc: ssl->f_recv(_timeout)() returned 5 (-0xfffffffb)

I (143033) mbedtls: ssl_msg.c:2050 0x3ffc65bc: <= fetch input

D (143033) mbedtls: ssl_msg.c:3707 0x3ffc65bc: input record: msgtype = 22, version = [0x303], msglen = 40

I (143033) mbedtls: ssl_msg.c:1865 0x3ffc65bc: => fetch input

I (143033) mbedtls: ssl_msg.c:2005 0x3ffc65bc: in_left: 5, nb_want: 45

I (143033) mbedtls: ssl_msg.c:2025 0x3ffc65bc: in_left: 5, nb_want: 45

I (143033) mbedtls: ssl_msg.c:2028 0x3ffc65bc: ssl->f_recv(_timeout)() returned 40 (-0xffffffd8)

I (143033) mbedtls: ssl_msg.c:2050 0x3ffc65bc: <= fetch input

I (143033) mbedtls: ssl_msg.c:1301 0x3ffc65bc: => decrypt buf

I (143033) mbedtls: ssl_msg.c:1831 0x3ffc65bc: <= decrypt buf

D (143033) mbedtls: ssl_msg.c:2948 0x3ffc65bc: handshake message: msglen = 16, type = 20, hslen = 16

D (143033) mbedtls: ssl_msg.c:3085 0x3ffc65bc: sole handshake fragment: 16, 0..16 of 16

I (143033) mbedtls: ssl_msg.c:4112 0x3ffc65bc: <= read record

D (143033) mbedtls: ssl_misc.h:1295 0x3ffc65bc: handshake state: 13 (MBEDTLS_SSL_SERVER_FINISHED) -> 14 (MBEDTLS_SSL_FLUSH_BUFFERS)

I (143033) mbedtls: ssl_tls.c:7571 0x3ffc65bc: <= parse finished

I (143033) mbedtls: ssl_msg.c:2063 0x3ffc65bc: => flush output

I (143033) mbedtls: ssl_msg.c:2072 0x3ffc65bc: <= flush output

I (143033) mbedtls: ssl_tls.c:4201 0x3ffc65bc: client state: MBEDTLS_SSL_FLUSH_BUFFERS

I (143033) mbedtls: ssl_tls12_client.c:3031 0x3ffc65bc: handshake: done

D (143033) mbedtls: ssl_misc.h:1295 0x3ffc65bc: handshake state: 14 (MBEDTLS_SSL_FLUSH_BUFFERS) -> 15 (MBEDTLS_SSL_HANDSHAKE_WRAPUP)

I (143033) mbedtls: ssl_msg.c:2063 0x3ffc65bc: => flush output

I (143033) mbedtls: ssl_msg.c:2072 0x3ffc65bc: <= flush output

I (143033) mbedtls: ssl_tls.c:4201 0x3ffc65bc: client state: MBEDTLS_SSL_HANDSHAKE_WRAPUP

D (143033) mbedtls: ssl_tls.c:7322 0x3ffc65bc: => handshake wrapup

D (143033) mbedtls: ssl_tls.c:7296 0x3ffc65bc: => handshake wrapup: final free

D (143033) mbedtls: ssl_tls.c:7315 0x3ffc65bc: <= handshake wrapup: final free

D (143033) mbedtls: ssl_misc.h:1295 0x3ffc65bc: handshake state: 15 (MBEDTLS_SSL_HANDSHAKE_WRAPUP) -> 27 (MBEDTLS_SSL_HANDSHAKE_OVER)

D (143033) mbedtls: ssl_tls.c:7376 0x3ffc65bc: <= handshake wrapup

I (143033) mbedtls: ssl_tls.c:4293 0x3ffc65bc: <= handshake

[e1] connected with PINNED cert, handshake=253810 us
--- E2: pinned WRONG cert as CA => expect verify failure ---
[mem-tick] t=  141417 ms phase=e2           free=223964
D (143043) esp-tls: handshake in progress...
I (143043) mbedtls: ssl_tls.c:4282 0x3ffc65bc: => handshake

I (143043) mbedtls: ssl_msg.c:2063 0x3ffc65bc: => flush output

I (143043) mbedtls: ssl_msg.c:2072 0x3ffc65bc: <= flush output

I (143043) mbedtls: ssl_tls.c:4201 0x3ffc65bc: client state: MBEDTLS_SSL_HELLO_REQUEST

D (143043) mbedtls: ssl_misc.h:1295 0x3ffc65bc: handshake state: 0 (MBEDTLS_SSL_HELLO_REQUEST) -> 1 (MBEDTLS_SSL_CLIENT_HELLO)

I (143043) mbedtls: ssl_msg.c:2063 0x3ffc65bc: => flush output

I (143043) mbedtls: ssl_msg.c:2072 0x3ffc65bc: <= flush output

I (143043) mbedtls: ssl_tls.c:4201 0x3ffc65bc: client state: MBEDTLS_SSL_CLIENT_HELLO

I (143043) mbedtls: ssl_client.c:917 0x3ffc65bc: => write client hello

D (143043) mbedtls: ssl_client.c:722 0x3ffc65bc: client hello, current time: 141

D (143043) mbedtls: ssl_client.c:485 0x3ffc65bc: dumping 'client hello, random bytes' (32 bytes)

D (143043) mbedtls: ssl_client.c:485 0x3ffc65bc: 0000:  00 00 00 8d 71 e1 35 9a 86 03 43 ac 27 f9 0a 37  ....q.5...C.'..7

D (143043) mbedtls: ssl_client.c:485 0x3ffc65bc: 0010:  73 59 06 e9 b7 4a f9 15 7e 95 8c 14 ef 15 c8 4a  sY...J..~......J

D (143043) mbedtls: ssl_client.c:510 0x3ffc65bc: dumping 'session id' (0 bytes)

D (143043) mbedtls: ssl_client.c:368 0x3ffc65bc: client hello, add ciphersuite: c02c, TLS-ECDHE-ECDSA-WITH-AES-256-GCM-SHA384

D (143043) mbedtls: ssl_client.c:368 0x3ffc65bc: client hello, add ciphersuite: c030, TLS-ECDHE-RSA-WITH-AES-256-GCM-SHA384

D (143043) mbedtls: ssl_client.c:368 0x3ffc65bc: client hello, add ciphersuite: c0ad, TLS-ECDHE-ECDSA-WITH-AES-256-CCM

D (143043) mbedtls: ssl_client.c:368 0x3ffc65bc: client hello, add ciphersuite: c024, TLS-ECDHE-ECDSA-WITH-AES-256-CBC-SHA384

D (143043) mbedtls: ssl_client.c:368 0x3ffc65bc: client hello, add ciphersuite: c028, TLS-ECDHE-RSA-WITH-AES-256-CBC-SHA384

D (143043) mbedtls: ssl_client.c:368 0x3ffc65bc: client hello, add ciphersuite: c00a, TLS-ECDHE-ECDSA-WITH-AES-256-CBC-SHA

D (143043) mbedtls: ssl_client.c:368 0x3ffc65bc: client hello, add ciphersuite: c014, TLS-ECDHE-RSA-WITH-AES-256-CBC-SHA

D (143043) mbedtls: ssl_client.c:368 0x3ffc65bc: client hello, add ciphersuite: c0af, TLS-ECDHE-ECDSA-WITH-AES-256-CCM-8

D (143043) mbedtls: ssl_client.c:368 0x3ffc65bc: client hello, add ciphersuite: c02b, TLS-ECDHE-ECDSA-WITH-AES-128-GCM-SHA256

D (143043) mbedtls: ssl_client.c:368 0x3ffc65bc: client hello, add ciphersuite: c02f, TLS-ECDHE-RSA-WITH-AES-128-GCM-SHA256

D (143043) mbedtls: ssl_client.c:368 0x3ffc65bc: client hello, add ciphersuite: c0ac, TLS-ECDHE-ECDSA-WITH-AES-128-CCM

D (143043) mbedtls: ssl_client.c:368 0x3ffc65bc: client hello, add ciphersuite: c023, TLS-ECDHE-ECDSA-WITH-AES-128-CBC-SHA256

D (143043) mbedtls: ssl_client.c:368 0x3ffc65bc: client hello, add ciphersuite: c027, TLS-ECDHE-RSA-WITH-AES-128-CBC-SHA256

D (143043) mbedtls: ssl_client.c:368 0x3ffc65bc: client hello, add ciphersuite: c009, TLS-ECDHE-ECDSA-WITH-AES-128-CBC-SHA

D (143043) mbedtls: ssl_client.c:368 0x3ffc65bc: client hello, add ciphersuite: c013, TLS-ECDHE-RSA-WITH-AES-128-CBC-SHA

D (143043) mbedtls: ssl_client.c:368 0x3ffc65bc: client hello, add ciphersuite: c0ae, TLS-ECDHE-ECDSA-WITH-AES-128-CCM-8

D (143043) mbedtls: ssl_client.c:386 0x3ffc65bc: adding EMPTY_RENEGOTIATION_INFO_SCSV

D (143043) mbedtls: ssl_client.c:395 0x3ffc65bc: client hello, got 17 cipher suites

D (143043) mbedtls: ssl_client.c:39 0x3ffc65bc: client hello, adding server name extension: localhost

D (143043) mbedtls: ssl_client.c:229 0x3ffc65bc: client hello, adding supported_groups extension

D (143043) mbedtls: ssl_client.c:248 0x3ffc65bc: got supported group(001d)

D (143043) mbedtls: ssl_client.c:280 0x3ffc65bc: NamedGroup: x25519 ( 1d )

D (143043) mbedtls: ssl_client.c:248 0x3ffc65bc: got supported group(0017)

D (143043) mbedtls: ssl_client.c:280 0x3ffc65bc: NamedGroup: secp256r1 ( 17 )

D (143043) mbedtls: ssl_client.c:248 0x3ffc65bc: got supported group(0018)

D (143043) mbedtls: ssl_client.c:280 0x3ffc65bc: NamedGroup: secp384r1 ( 18 )

D (143043) mbedtls: ssl_client.c:248 0x3ffc65bc: got supported group(001e)

D (143043) mbedtls: ssl_client.c:280 0x3ffc65bc: NamedGroup: x448 ( 1e )

D (143043) mbedtls: ssl_client.c:248 0x3ffc65bc: got supported group(0019)

D (143043) mbedtls: ssl_client.c:280 0x3ffc65bc: NamedGroup: secp521r1 ( 19 )

D (143043) mbedtls: ssl_client.c:248 0x3ffc65bc: got supported group(001a)

D (143043) mbedtls: ssl_client.c:280 0x3ffc65bc: NamedGroup: bp256r1 ( 1a )

D (143043) mbedtls: ssl_client.c:248 0x3ffc65bc: got supported group(001b)

D (143043) mbedtls: ssl_client.c:280 0x3ffc65bc: NamedGroup: bp384r1 ( 1b )

D (143043) mbedtls: ssl_client.c:248 0x3ffc65bc: got supported group(001c)

D (143043) mbedtls: ssl_client.c:280 0x3ffc65bc: NamedGroup: bp512r1 ( 1c )

D (143043) mbedtls: ssl_client.c:248 0x3ffc65bc: got supported group(0100)

D (143043) mbedtls: ssl_client.c:248 0x3ffc65bc: got supported group(0101)

D (143053) mbedtls: ssl_client.c:248 0x3ffc65bc: got supported group(0102)

D (143053) mbedtls: ssl_client.c:248 0x3ffc65bc: got supported group(0103)

D (143053) mbedtls: ssl_client.c:248 0x3ffc65bc: got supported group(0104)

D (143053) mbedtls: ssl_client.c:300 0x3ffc65bc: dumping 'Supported groups extension' (18 bytes)

D (143053) mbedtls: ssl_client.c:300 0x3ffc65bc: 0000:  00 10 00 1d 00 17 00 18 00 1e 00 19 00 1a 00 1b  ................

D (143053) mbedtls: ssl_client.c:300 0x3ffc65bc: 0010:  00 1c                                            ..

D (143053) mbedtls: ssl_tls.c:8276 0x3ffc65bc: adding signature_algorithms extension

D (143053) mbedtls: ssl_tls.c:8296 0x3ffc65bc: got signature scheme [603] ecdsa_secp521r1_sha512

D (143053) mbedtls: ssl_tls.c:8305 0x3ffc65bc: sent signature scheme [603] ecdsa_secp521r1_sha512

D (143053) mbedtls: ssl_tls.c:8296 0x3ffc65bc: got signature scheme [806] rsa_pss_rsae_sha512

D (143053) mbedtls: ssl_tls.c:8296 0x3ffc65bc: got signature scheme [601] rsa_pkcs1_sha512

D (143053) mbedtls: ssl_tls.c:8305 0x3ffc65bc: sent signature scheme [601] rsa_pkcs1_sha512

D (143053) mbedtls: ssl_tls.c:8296 0x3ffc65bc: got signature scheme [503] ecdsa_secp384r1_sha384

D (143053) mbedtls: ssl_tls.c:8305 0x3ffc65bc: sent signature scheme [503] ecdsa_secp384r1_sha384

D (143053) mbedtls: ssl_tls.c:8296 0x3ffc65bc: got signature scheme [805] rsa_pss_rsae_sha384

D (143053) mbedtls: ssl_tls.c:8296 0x3ffc65bc: got signature scheme [501] rsa_pkcs1_sha384

D (143053) mbedtls: ssl_tls.c:8305 0x3ffc65bc: sent signature scheme [501] rsa_pkcs1_sha384

D (143053) mbedtls: ssl_tls.c:8296 0x3ffc65bc: got signature scheme [403] ecdsa_secp256r1_sha256

D (143053) mbedtls: ssl_tls.c:8305 0x3ffc65bc: sent signature scheme [403] ecdsa_secp256r1_sha256

D (143053) mbedtls: ssl_tls.c:8296 0x3ffc65bc: got signature scheme [804] rsa_pss_rsae_sha256

D (143053) mbedtls: ssl_tls.c:8296 0x3ffc65bc: got signature scheme [401] rsa_pkcs1_sha256

D (143053) mbedtls: ssl_tls.c:8305 0x3ffc65bc: sent signature scheme [401] rsa_pkcs1_sha256

D (143053) mbedtls: ssl_tls12_client.c:103 0x3ffc65bc: client hello, adding supported_point_formats extension

D (143053) mbedtls: ssl_tls12_client.c:287 0x3ffc65bc: client hello, adding encrypt_then_mac extension

D (143053) mbedtls: ssl_tls12_client.c:319 0x3ffc65bc: client hello, adding extended_master_secret extension

D (143053) mbedtls: ssl_tls12_client.c:352 0x3ffc65bc: client hello, adding session ticket extension

D (143053) mbedtls: ssl_client.c:687 0x3ffc65bc: client hello, total extension length: 76

D (143053) mbedtls: ssl_client.c:689 0x3ffc65bc: dumping 'client hello extensions' (76 bytes)

D (143053) mbedtls: ssl_client.c:689 0x3ffc65bc: 0000:  00 4c 00 00 00 0e 00 0c 00 00 09 6c 6f 63 61 6c  .L.........local

D (143053) mbedtls: ssl_client.c:689 0x3ffc65bc: 0010:  68 6f 73 74 00 0a 00 12 00 10 00 1d 00 17 00 18  host............

D (143053) mbedtls: ssl_client.c:689 0x3ffc65bc: 0020:  00 1e 00 19 00 1a 00 1b 00 1c 00 0d 00 0e 00 0c  ................

D (143053) mbedtls: ssl_client.c:689 0x3ffc65bc: 0030:  06 03 06 01 05 03 05 01 04 03 04 01 00 0b 00 02  ................

D (143053) mbedtls: ssl_client.c:689 0x3ffc65bc: 0040:  01 00 00 16 00 00 00 17 00 00 00 23              ...........#

I (143053) mbedtls: ssl_msg.c:2494 0x3ffc65bc: => write handshake message

I (143053) mbedtls: ssl_msg.c:2654 0x3ffc65bc: => write record

D (143053) mbedtls: ssl_msg.c:2737 0x3ffc65bc: output record: msgtype = 22, version = [3:3], msglen = 155

I (143053) mbedtls: ssl_msg.c:2790 0x3ffc65bc: <= write record

I (143053) mbedtls: ssl_msg.c:2615 0x3ffc65bc: <= write handshake message

D (143053) mbedtls: ssl_misc.h:1295 0x3ffc65bc: handshake state: 1 (MBEDTLS_SSL_CLIENT_HELLO) -> 2 (MBEDTLS_SSL_SERVER_HELLO)

I (143053) mbedtls: ssl_client.c:1010 0x3ffc65bc: <= write client hello

I (143053) mbedtls: ssl_msg.c:2063 0x3ffc65bc: => flush output

I (143053) mbedtls: ssl_msg.c:2077 0x3ffc65bc: message length: 160, out_left: 160

I (143053) mbedtls: ssl_msg.c:2084 0x3ffc65bc: ssl->f_send() returned 160 (-0xffffff60)

I (143053) mbedtls: ssl_msg.c:2111 0x3ffc65bc: <= flush output

I (143053) mbedtls: ssl_tls.c:4201 0x3ffc65bc: client state: MBEDTLS_SSL_SERVER_HELLO

I (143053) mbedtls: ssl_tls12_client.c:1151 0x3ffc65bc: => parse server hello

I (143053) mbedtls: ssl_msg.c:4040 0x3ffc65bc: => read record

I (143053) mbedtls: ssl_msg.c:1865 0x3ffc65bc: => fetch input

I (143053) mbedtls: ssl_msg.c:2005 0x3ffc65bc: in_left: 0, nb_want: 5

I (143053) mbedtls: ssl_msg.c:2025 0x3ffc65bc: in_left: 0, nb_want: 5

I (143053) mbedtls: ssl_msg.c:2028 0x3ffc65bc: ssl->f_recv(_timeout)() returned 5 (-0xfffffffb)

I (143053) mbedtls: ssl_msg.c:2050 0x3ffc65bc: <= fetch input

D (143053) mbedtls: ssl_msg.c:3707 0x3ffc65bc: input record: msgtype = 22, version = [0x303], msglen = 65

I (143053) mbedtls: ssl_msg.c:1865 0x3ffc65bc: => fetch input

I (143053) mbedtls: ssl_msg.c:2005 0x3ffc65bc: in_left: 5, nb_want: 70

I (143063) mbedtls: ssl_msg.c:2025 0x3ffc65bc: in_left: 5, nb_want: 70

I (143063) mbedtls: ssl_msg.c:2028 0x3ffc65bc: ssl->f_recv(_timeout)() returned 65 (-0xffffffbf)

I (143063) mbedtls: ssl_msg.c:2050 0x3ffc65bc: <= fetch input

D (143063) mbedtls: ssl_msg.c:2948 0x3ffc65bc: handshake message: msglen = 65, type = 2, hslen = 65

D (143063) mbedtls: ssl_msg.c:3085 0x3ffc65bc: sole handshake fragment: 65, 0..65 of 65

I (143063) mbedtls: ssl_msg.c:4112 0x3ffc65bc: <= read record

D (143063) mbedtls: ssl_tls12_client.c:1225 0x3ffc65bc: dumping 'server hello, version' (2 bytes)

D (143063) mbedtls: ssl_tls12_client.c:1225 0x3ffc65bc: 0000:  03 03                                            ..

D (143063) mbedtls: ssl_tls12_client.c:1246 0x3ffc65bc: server hello, current time: 1161427574

D (143063) mbedtls: ssl_tls12_client.c:1256 0x3ffc65bc: dumping 'server hello, random bytes' (32 bytes)

D (143063) mbedtls: ssl_tls12_client.c:1256 0x3ffc65bc: 0000:  45 39 fa 76 4b 3e d0 94 8a b7 a2 85 f8 b9 5d 96  E9.vK>........].

D (143063) mbedtls: ssl_tls12_client.c:1256 0x3ffc65bc: 0010:  d0 b5 0c 38 c4 d4 3f ed b2 4b b4 98 c2 6e fe 5f  ...8..?..K...n._

D (143063) mbedtls: ssl_tls12_client.c:1318 0x3ffc65bc: server hello, session id len.: 0

D (143063) mbedtls: ssl_tls12_client.c:1319 0x3ffc65bc: dumping 'server hello, session id' (0 bytes)

D (143063) mbedtls: ssl_misc.h:1295 0x3ffc65bc: handshake state: 2 (MBEDTLS_SSL_SERVER_HELLO) -> 3 (MBEDTLS_SSL_SERVER_CERTIFICATE)

D (143063) mbedtls: ssl_tls12_client.c:1343 0x3ffc65bc: no session has been resumed

D (143063) mbedtls: ssl_tls12_client.c:1346 0x3ffc65bc: server hello, chosen ciphersuite: c030

D (143063) mbedtls: ssl_tls12_client.c:1347 0x3ffc65bc: server hello, compress alg.: 0

D (143063) mbedtls: ssl_tls12_client.c:1382 0x3ffc65bc: server hello, chosen ciphersuite: TLS-ECDHE-RSA-WITH-AES-256-GCM-SHA384

I (143063) mbedtls: ssl_tls12_client.c:1403 0x3ffc65bc: server hello, total extension length: 21

D (143063) mbedtls: ssl_tls12_client.c:1421 0x3ffc65bc: found renegotiation extension

D (143063) mbedtls: ssl_tls12_client.c:1500 0x3ffc65bc: found supported_point_formats extension

D (143063) mbedtls: ssl_tls12_client.c:1486 0x3ffc65bc: found session_ticket extension

D (143063) mbedtls: ssl_tls12_client.c:1473 0x3ffc65bc: found extended_master_secret extension

I (143063) mbedtls: ssl_tls12_client.c:1617 0x3ffc65bc: <= parse server hello

I (143063) mbedtls: ssl_msg.c:2063 0x3ffc65bc: => flush output

I (143063) mbedtls: ssl_msg.c:2072 0x3ffc65bc: <= flush output

I (143063) mbedtls: ssl_tls.c:4201 0x3ffc65bc: client state: MBEDTLS_SSL_SERVER_CERTIFICATE

I (143063) mbedtls: ssl_tls.c:7077 0x3ffc65bc: => parse certificate

I (143063) mbedtls: ssl_msg.c:4040 0x3ffc65bc: => read record

I (143063) mbedtls: ssl_msg.c:1865 0x3ffc65bc: => fetch input

I (143063) mbedtls: ssl_msg.c:2005 0x3ffc65bc: in_left: 0, nb_want: 5

I (143063) mbedtls: ssl_msg.c:2025 0x3ffc65bc: in_left: 0, nb_want: 5

I (143063) mbedtls: ssl_msg.c:2028 0x3ffc65bc: ssl->f_recv(_timeout)() returned 5 (-0xfffffffb)

I (143063) mbedtls: ssl_msg.c:2050 0x3ffc65bc: <= fetch input

D (143063) mbedtls: ssl_msg.c:3707 0x3ffc65bc: input record: msgtype = 22, version = [0x303], msglen = 791

I (143063) mbedtls: ssl_msg.c:1865 0x3ffc65bc: => fetch input

I (143063) mbedtls: ssl_msg.c:2005 0x3ffc65bc: in_left: 5, nb_want: 796

I (143063) mbedtls: ssl_msg.c:2025 0x3ffc65bc: in_left: 5, nb_want: 796

I (143063) mbedtls: ssl_msg.c:2028 0x3ffc65bc: ssl->f_recv(_timeout)() returned 791 (-0xfffffce9)

I (143063) mbedtls: ssl_msg.c:2050 0x3ffc65bc: <= fetch input

D (143063) mbedtls: ssl_msg.c:2948 0x3ffc65bc: handshake message: msglen = 791, type = 11, hslen = 791

D (143063) mbedtls: ssl_msg.c:3085 0x3ffc65bc: sole handshake fragment: 791, 0..791 of 791

I (143063) mbedtls: ssl_msg.c:4112 0x3ffc65bc: <= read record

D (143063) mbedtls: ssl_tls.c:6952 0x3ffc65bc: peer certificate #1:

D (143063) mbedtls: ssl_tls.c:6952 0x3ffc65bc: cert. version     : 3

D (143063) mbedtls: ssl_tls.c:6952 0x3ffc65bc: serial number     : 77:66:A5:9D:AF:14:9E:F2:03:F7:3C:2B:1A:5C:81:86:F8:A3:4E:52

D (143063) mbedtls: ssl_tls.c:6952 0x3ffc65bc: issuer name       : CN=localhost

D (143063) mbedtls: ssl_tls.c:6952 0x3ffc65bc: subject name      : CN=localhost

D (143063) mbedtls: ssl_tls.c:6952 0x3ffc65bc: issued  on        : 2026-08-26 20:20:30

D (143063) mbedtls: ssl_tls.c:6952 0x3ffc65bc: expires on        : 2026-09-25 20:20:30

D (143073) mbedtls: ssl_tls.c:6952 0x3ffc65bc: signed using      : RSA with SHA-256

D (143073) mbedtls: ssl_tls.c:6952 0x3ffc65bc: RSA key size      : 2048 bits

D (143073) mbedtls: ssl_tls.c:6952 0x3ffc65bc: basic constraints : CA=true

D (143073) mbedtls: ssl_tls.c:6952 0x3ffc65bc: dumping 'crt->PK' (270 bytes)

D (143073) mbedtls: ssl_tls.c:6952 0x3ffc65bc: 0000:  30 82 01 0a 02 82 01 01 00 dd 03 19 3e 8f 4a 05

D (143073) mbedtls: ssl_tls.c:6952 0x3ffc65bc: 0010:  9c d6 74 e1 46 bc 40 7a 7e af 78 09 38 f6 d0 1c

D (143073) mbedtls: ssl_tls.c:6952 0x3ffc65bc: 0020:  9d e4 2b 18 4c a1 87 f6 83 55 82 2d e0 21 fb b2

D (143073) mbedtls: ssl_tls.c:6952 0x3ffc65bc: 0030:  00 2f 9b 98 36 24 73 47 a2 11 bb 50 05 1c 9e 40

D (143073) mbedtls: ssl_tls.c:6952 0x3ffc65bc: 0040:  41 c9 de 81 7e a1 eb 82 48 35 d0 51 24 0d 22 bd

D (143073) mbedtls: ssl_tls.c:6952 0x3ffc65bc: 0050:  7e c7 0b 60 74 e2 60 3e 76 de c1 3d b5 9f e9 d2

D (143073) mbedtls: ssl_tls.c:6952 0x3ffc65bc: 0060:  ac 90 d3 84 2a 75 7c 41 8a 11 14 c8 bc 09 7b 9d

D (143073) mbedtls: ssl_tls.c:6952 0x3ffc65bc: 0070:  45 54 95 c1 50 05 be f1 34 c0 05 55 f5 a2 b3 a8

D (143073) mbedtls: ssl_tls.c:6952 0x3ffc65bc: 0080:  24 f6 ab 22 df 72 97 ef b5 8f e4 fe 49 be 4f c1

D (143073) mbedtls: ssl_tls.c:6952 0x3ffc65bc: 0090:  08 e0 39 7a cd ba 74 2e d1 20 74 ad 6b 59 ab 86

D (143073) mbedtls: ssl_tls.c:6952 0x3ffc65bc: 00a0:  5d 29 ab 81 f0 c1 22 3f 01 b9 0b a1 fb ee 70 9f

D (143073) mbedtls: ssl_tls.c:6952 0x3ffc65bc: 00b0:  eb 29 5e 9f 1d 6a 0d dc 65 fd 5e 5d 38 0c 1a c3

D (143073) mbedtls: ssl_tls.c:6952 0x3ffc65bc: 00c0:  ae b7 b7 2f 66 23 82 80 ab 7d 69 7c 8f 95 ab e8

D (143073) mbedtls: ssl_tls.c:6952 0x3ffc65bc: 00d0:  c0 4d 21 42 7d 78 c8 25 8b 60 f6 0d 87 c9 f4 df

D (143073) mbedtls: ssl_tls.c:6952 0x3ffc65bc: 00e0:  36 bf 16 7c 59 16 d1 09 ec 17 67 cf 5d 9f 8f 78

D (143073) mbedtls: ssl_tls.c:6952 0x3ffc65bc: 00f0:  8c 3d d0 02 18 d5 bc a7 19 f4 51 fe 1d b3 20 40

D (143073) mbedtls: ssl_tls.c:6952 0x3ffc65bc: 0100:  67 7e 3a cc 30 f3 8d a0 ef 02 03 01 00 01      

D (143073) mbedtls: ssl_tls.c:8721 0x3ffc65bc: Use configuration-specific verification callback

W (143073) mbedtls: ssl_tls.c:8778 0x3ffc65bc: x509_verify_cert() returned -9984 (-0x2700)

I (143073) mbedtls: ssl_msg.c:5058 0x3ffc65bc: => send alert message

D (143073) mbedtls: ssl_msg.c:5059 0x3ffc65bc: send alert level=2 message=48

I (143073) mbedtls: ssl_msg.c:2654 0x3ffc65bc: => write record

D (143073) mbedtls: ssl_msg.c:2737 0x3ffc65bc: output record: msgtype = 21, version = [3:3], msglen = 2

I (143073) mbedtls: ssl_msg.c:2063 0x3ffc65bc: => flush output

I (143073) mbedtls: ssl_msg.c:2077 0x3ffc65bc: message length: 7, out_left: 7

I (143073) mbedtls: ssl_msg.c:2084 0x3ffc65bc: ssl->f_send() returned 7 (-0xfffffff9)

I (143073) mbedtls: ssl_msg.c:2111 0x3ffc65bc: <= flush output

I (143073) mbedtls: ssl_msg.c:2790 0x3ffc65bc: <= write record

I (143073) mbedtls: ssl_msg.c:5070 0x3ffc65bc: <= send alert message

D (143073) mbedtls: ssl_tls.c:8878 0x3ffc65bc: ! Certificate verification flags 00000008

I (143073) mbedtls: ssl_tls.c:4293 0x3ffc65bc: <= handshake

E (143073) esp-tls-mbedtls: mbedtls_ssl_handshake returned -0x2700
I (143073) esp-tls-mbedtls: (FFFFD900): X509 - Certificate verification failed, e.g. CRL, CA or signature check failed
D (143073) esp-tls-mbedtls: Skipping certificate verification - no peer certificate received
E (143073) esp-tls: Failed to open new connection
[conn] TLS to 10.0.2.2:22443 FAILED after 35770 us
[err] handshake: last_esp_err=0x801a tls_code=-0xffffd900 cert_flags=0x0 (sys_errno=0 mb_code=-0x0000)
[e2] wrong-cert path captured above
[mem] final                  free=230492 largest=110592 min-ever=15908
== ch22 lab done ==
qemu-system-xtensa: terminating on signal 15 from pid 3548636 (timeout)
