Adding SPI flash device
ets Jul 29 2019 12:21:46

rst:0x1 (POWERON_RESET),boot:0x12 (SPI_FAST_FLASH_BOOT)
configsip: 0, SPIWP:0xee
clk_drv:0x00,q_drv:0x00,d_drv:0x00,cs0_drv:0x00,hd_drv:0x00,wp_drv:0x00
mode:DIO, clock div:2
load:0x3fff0040,len:6272
load:0x40078000,len:15820
load:0x40080400,len:3920
entry 0x40080644
I (679) boot: ESP-IDF v6.0.2 2nd stage bootloader
I (680) boot: compile time Aug 27 2026 04:28:50
I (680) boot: Multicore bootloader
I (716) boot: chip revision: v3.0
I (717) boot.esp32: SPI Speed      : 40MHz
I (718) boot.esp32: SPI Mode       : DIO
I (718) boot.esp32: SPI Flash Size : 2MB
I (724) boot: Enabling RNG early entropy source...
I (728) boot: Partition Table:
I (728) boot: ## Label            Usage          Type ST Offset   Length
I (728) boot:  0 nvs              WiFi data        01 02 00009000 00006000
I (729) boot:  1 phy_init         RF data          01 01 0000f000 00001000
I (729) boot:  2 factory          factory app      00 00 00010000 00100000
I (731) boot: End of partition table
I (764) esp_image: segment 0: paddr=00010020 vaddr=3f400020 size=1e974h (125300) map
I (786) esp_image: segment 1: paddr=0002e99c vaddr=3ffb0000 size=0167ch (  5756) load
I (800) esp_image: segment 2: paddr=00030020 vaddr=400d0020 size=525a4h (337316) map
I (828) esp_image: segment 3: paddr=000825cc vaddr=3ffb167c size=0159ch (  5532) load
I (842) esp_image: segment 4: paddr=00083b70 vaddr=40080000 size=0b2dch ( 45788) load
I (858) esp_image: segment 5: paddr=0008ee54 vaddr=50000000 size=00028h (    40) load
I (899) boot: Loaded app from partition at offset 0x10000
I (899) boot: Disabling RNG early entropy source...
I (913) cpu_start: Multicore app
D (913) cpu_start: Pro cpu up
D (913) cpu_start: Starting app cpu, entry point is 0x40081698
D (580) cpu_start: App cpu up
D (927) clk: RTC_SLOW_CLK calibration value: 3495245
I (1520) cpu_start: GPIO 3 and 1 are used as console UART I/O pins
D (1521) cpu_start: calling init function: 0x400d35ac on core: 0
D (1522) cpu_start: calling init function: 0x400d4450 on core: 0
I (1522) cpu_start: Pro cpu start user code
I (1522) cpu_start: cpu freq: 160000000 Hz
D (1522) cpu_start: calling init function: 0x400d34ec on core: 0
I (1522) app_init: Application information:
I (1522) app_init: Project name:     lwip_ch22_tls_esp_tls_mbedtls
I (1522) app_init: App version:      924d871
I (1522) app_init: Compile time:     Aug 27 2026 04:28:49
I (1523) app_init: ELF file SHA256:  fe139f3f1...
I (1523) app_init: ESP-IDF:          v6.0.2
D (1523) cpu_start: calling init function: 0x400d35c0 on core: 0
I (1523) efuse_init: Min chip rev:     v0.0
I (1523) efuse_init: Max chip rev:     v3.99 
I (1523) efuse_init: Chip rev:         v3.0
D (1523) cpu_start: calling init function: 0x400d57ec on core: 0
D (1524) memory_layout: Checking 9 reserved memory ranges:
D (1524) memory_layout: Reserved memory range 0x3ff82000 - 0x3ff82000
D (1524) memory_layout: Reserved memory range 0x3ffae000 - 0x3ffae6e0
D (1524) memory_layout: Reserved memory range 0x3ffb0000 - 0x3ffb4c98
D (1524) memory_layout: Reserved memory range 0x3ffe0000 - 0x3ffe0440
D (1524) memory_layout: Reserved memory range 0x3ffe3f20 - 0x3ffe4350
D (1524) memory_layout: Reserved memory range 0x40070000 - 0x40078000
D (1524) memory_layout: Reserved memory range 0x40078000 - 0x40080000
D (1525) memory_layout: Reserved memory range 0x40080000 - 0x4008b2dc
D (1525) memory_layout: Reserved memory range 0x50001fe8 - 0x50002000
D (1525) memory_layout: Building list of available memory regions:
D (1525) memory_layout: Available memory region 0x3ffae6e0 - 0x3ffb0000
D (1525) memory_layout: Available memory region 0x3ffb4c98 - 0x3ffb8000
D (1525) memory_layout: Available memory region 0x3ffb8000 - 0x3ffc0000
D (1525) memory_layout: Available memory region 0x3ffc0000 - 0x3ffc2000
D (1525) memory_layout: Available memory region 0x3ffc2000 - 0x3ffc4000
D (1525) memory_layout: Available memory region 0x3ffc4000 - 0x3ffc6000
D (1526) memory_layout: Available memory region 0x3ffc6000 - 0x3ffc8000
D (1526) memory_layout: Available memory region 0x3ffc8000 - 0x3ffca000
D (1526) memory_layout: Available memory region 0x3ffca000 - 0x3ffcc000
D (1526) memory_layout: Available memory region 0x3ffcc000 - 0x3ffce000
D (1526) memory_layout: Available memory region 0x3ffce000 - 0x3ffd0000
D (1526) memory_layout: Available memory region 0x3ffd0000 - 0x3ffd2000
D (1526) memory_layout: Available memory region 0x3ffd2000 - 0x3ffd4000
D (1526) memory_layout: Available memory region 0x3ffd4000 - 0x3ffd6000
D (1526) memory_layout: Available memory region 0x3ffd6000 - 0x3ffd8000
D (1527) memory_layout: Available memory region 0x3ffd8000 - 0x3ffda000
D (1527) memory_layout: Available memory region 0x3ffda000 - 0x3ffdc000
D (1527) memory_layout: Available memory region 0x3ffdc000 - 0x3ffde000
D (1527) memory_layout: Available memory region 0x3ffde000 - 0x3ffe0000
D (1527) memory_layout: Available memory region 0x3ffe0440 - 0x3ffe3f20
D (1527) memory_layout: Available memory region 0x3ffe4350 - 0x3ffe8000
D (1527) memory_layout: Available memory region 0x3ffe8000 - 0x3fff0000
D (1527) memory_layout: Available memory region 0x3fff0000 - 0x3fff8000
D (1527) memory_layout: Available memory region 0x3fff8000 - 0x3fffc000
D (1528) memory_layout: Available memory region 0x3fffc000 - 0x40000000
D (1528) memory_layout: Available memory region 0x4008b2dc - 0x4008c000
D (1528) memory_layout: Available memory region 0x4008c000 - 0x4008e000
D (1528) memory_layout: Available memory region 0x4008e000 - 0x40090000
D (1528) memory_layout: Available memory region 0x40090000 - 0x40092000
D (1528) memory_layout: Available memory region 0x40092000 - 0x40094000
D (1528) memory_layout: Available memory region 0x40094000 - 0x40096000
D (1528) memory_layout: Available memory region 0x40096000 - 0x40098000
D (1528) memory_layout: Available memory region 0x40098000 - 0x4009a000
D (1528) memory_layout: Available memory region 0x4009a000 - 0x4009c000
D (1529) memory_layout: Available memory region 0x4009c000 - 0x4009e000
D (1529) memory_layout: Available memory region 0x4009e000 - 0x400a0000
I (1529) heap_init: Initializing. RAM available for dynamic allocation:
D (1529) heap_init: New heap initialised at 0x3ffae6e0
I (1529) heap_init: At 3FFAE6E0 len 00001920 (6 KiB): DRAM
D (1530) heap_init: New heap initialised at 0x3ffb4c98
I (1530) heap_init: At 3FFB4C98 len 0002B368 (172 KiB): DRAM
I (1530) heap_init: At 3FFE0440 len 00003AE0 (14 KiB): D/IRAM
I (1530) heap_init: At 3FFE4350 len 0001BCB0 (111 KiB): D/IRAM
D (1530) heap_init: New heap initialised at 0x4008b2dc
I (1530) heap_init: At 4008B2DC len 00014D24 (83 KiB): IRAM
D (1531) cpu_start: calling init function: 0x400d3a54 on core: 0
D (1531) cpu_start: calling init function: 0x400d6a60 on core: 0
D (1532) cpu_start: calling init function: 0x400d4494 on core: 0
D (1533) intr_alloc: Connected src 46 to int 1 (cpu 0)
D (1533) cpu_start: calling init function: 0x400d44a4 on core: 0
D (1533) cpu_start: calling init function: 0x400d7d2c on core: 0
D (1533) cpu_start: calling init function: 0x400d9454 on core: 0
D (1534) cpu_start: calling init function: 0x400d3440 on core: 0
D (1534) cpu_start: calling init function: 0x400d6a6c on core: 0
D (1534) cpu_start: calling init function: 0x400d3de4 on core: 0
D (1541) spi_flash: trying chip: issi
D (1544) spi_flash: trying chip: gd
D (1547) spi_flash: trying chip: mxic
D (1558) spi_flash: trying chip: winbond
I (1561) spi_flash: detected chip: winbond
I (1564) spi_flash: flash io: dio
D (1567) cpu_start: calling init function: 0x400d364c on core: 0
D (1568) cpu_start: calling init function: 0x400dd614 on core: 0
D (1569) intr_alloc: Connected src 17 to int 2 (cpu 0)
D (1569) cpu_start: calling init function: 0x4011ca50 on core: 0
D (1569) cpu_start: calling init function: 0x401002f8 on core: 0
D (1570) cpu_start: calling init function: 0x400d44b0 on core: 0
D (1572) intr_alloc: Connected src 24 to int 3 (cpu 0)
D (1572) app_start: Starting scheduler on CPU0
D (1573) intr_alloc: Connected src 25 to int 1 (cpu 1)
D (1573) app_start: Starting scheduler on CPU1
I (1573) main_task: Started on CPU0
D (1573) heap_init: New heap initialised at 0x3ffe0440
D (1573) heap_init: New heap initialised at 0x3ffe4350
D (1573) intr_alloc: Connected src 16 to int 5 (cpu 0)
I (1573) main_task: Calling app_main()
I (1573) ch22lab: == ch22: tls/esp-tls/mbedtls over openeth ==
D (1583) esp_netif_lwip: LwIP stack has been initialized
D (1583) esp_netif_lwip: esp-netif has been successfully initialized
D (1583) event: running task for loop 0x3ffaffb8
D (1583) event: created task for loop 0x3ffaffb8
D (1583) event: created event loop 0x3ffaffb8
D (1583) esp_netif_objects: esp_netif_add_to_list_unsafe netif added successfully (total netifs: 1)
D (1583) intr_alloc: Connected src 38 to int 8 (cpu 0)
D (1583) opencores.emac: Using MAC address 52:54:00:12:34:56 set in QEMU
D (1583) eth_phy_802_3: Found PHY address: 1
D (1603) esp_eth: new ethernet driver @0x3ffbac34
I (1603) esp_eth.netif.netif_glue: 52:54:00:12:34:56
I (1603) esp_eth.netif.netif_glue: ethernet attached to netif
D (1703) event: running post ETH_EVENT:0 with handler 0x400d94b8 and context 0x3ffbacd8 on loop 0x3ffaffb8
D (1703) event: running post ETH_EVENT:0 with handler 0x400db570 and context 0x3ffbad70 on loop 0x3ffaffb8
D (1703) esp_eth.netif.netif_glue: eth_action_start: 0x3ffbad3c, 0x3f404e00, 0, 0x3ffbae40, 0x3ffbac34
D (1703) esp_netif_handlers: esp_netif action has started with netif0x3ffb98f4 from event_id=0
D (1703) esp_netif_lwip: Multicast add filter IPv4: 224.0.0.1
D (1703) esp_eth.netif.netif_glue: Add filter MAC: 01:00:5e:00:00:01
E (1703) esp_eth: esp_eth_ioctl(533): add mac address to filter not supported
E (1703) esp_eth.netif.netif_glue: eth_set_mac_filter(56): failed to add mac filter
E (1703) esp_netif_lwip: Failed to add multicast filter for IPv4
D (1703) event: running post ETH_EVENT:2 with handler 0x400d94b8 and context 0x3ffbacd8 on loop 0x3ffaffb8
I (1703) ch22lab: ETH link up
D (1703) event: running post ETH_EVENT:2 with handler 0x400db4e0 and context 0x3ffbadd0 on loop 0x3ffaffb8
D (1703) esp_eth.netif.netif_glue: eth_action_connected: 0x3ffbad3c, 0x3f404e00, 2, 0x3ffbae40, 0x3ffbac34
D (1703) esp_netif_handlers: esp_netif action connected with netif0x3ffb98f4 from event_id=2
D (1703) esp_netif_lwip: if0x3ffb98f4 start ip lost tmr: interval=120
D (1703) esp_netif_lwip: starting dhcp client
D (1703) event: no handlers have been registered for event IP_EVENT:9 posted to loop 0x3ffaffb8
I (1703) ch22lab: waiting for DHCP lease ...
D (2713) esp_netif_lwip: if0x3ffb98f4 ip changed=1
D (2713) event: running post IP_EVENT:4 with handler 0x400d9b0c and context 0x3ffbad1c on loop 0x3ffaffb8
I (2713) ch22lab: GOT_IP: 10.0.2.15
D (2713) event: running post IP_EVENT:4 with handler 0x400db470 and context 0x3ffbae20 on loop 0x3ffaffb8
D (2713) esp_eth.netif.netif_glue: eth_action_got_ip: 0x3ffbad3c, 0x3f40bcb8, 4, 0x3ffbaf8c, 0x3ffb98f4
D (2713) esp_netif_handlers: esp_netif action got_ip with netif0x3ffb98f4 from event_id=4
I (2713) esp_netif_handlers: eth ip: 10.0.2.15, mask: 255.255.255.0, gw: 10.0.2.2

== ch22 lab start ==
[info] sizeof(mbedtls_ssl_context)=264 sizeof(mbedtls_ssl_config)=136
[mem-tick] t=    1183 ms phase=idle         free=243152
[mem] boot-baseline          free=243152 largest=122880 min-ever=243132

===== PHASE A/B [RSA] port=22443 =====
I (2713) main_task: Returned from app_main()
[mem-tick] t=    1281 ms phase=RSA-baseline free=247368
[mem-tick] t=    1381 ms phase=RSA-baseline free=247368
[mem] baseline               free=247368 largest=122880 min-ever=243132
[mem-tick] t=    1483 ms phase=handshake    free=246748
W (3023) esp-tls-mbedtls: skip_common_name=true: hostname matching and SNI disabled. This disables ALL server-name authentication (CN/SAN/SNI), not just CN. Only intended for loopback / debug clients.
D (3023) esp-tls: handshake in progress...
I (3023) mbedtls: ssl_tls.c:4282 0x3ffc1c74: => handshake

I (3023) mbedtls: ssl_msg.c:2063 0x3ffc1c74: => flush output

I (3023) mbedtls: ssl_msg.c:2072 0x3ffc1c74: <= flush output

I (3023) mbedtls: ssl_tls.c:4201 0x3ffc1c74: client state: MBEDTLS_SSL_HELLO_REQUEST

D (3023) mbedtls: ssl_misc.h:1295 0x3ffc1c74: handshake state: 0 (MBEDTLS_SSL_HELLO_REQUEST) -> 1 (MBEDTLS_SSL_CLIENT_HELLO)

I (3023) mbedtls: ssl_msg.c:2063 0x3ffc1c74: => flush output

I (3023) mbedtls: ssl_msg.c:2072 0x3ffc1c74: <= flush output

I (3023) mbedtls: ssl_tls.c:4201 0x3ffc1c74: client state: MBEDTLS_SSL_CLIENT_HELLO

I (3023) mbedtls: ssl_client.c:917 0x3ffc1c74: => write client hello

D (3023) mbedtls: ssl_client.c:722 0x3ffc1c74: client hello, current time: 1

D (3023) mbedtls: ssl_client.c:485 0x3ffc1c74: dumping 'client hello, random bytes' (32 bytes)

D (3023) mbedtls: ssl_client.c:485 0x3ffc1c74: 0000:  00 00 00 01 98 3e 51 86 eb fe 58 4c 9f 03 43 4f  .....>Q...XL..CO

D (3023) mbedtls: ssl_client.c:485 0x3ffc1c74: 0010:  6d a2 da bc cb d4 a4 e3 c3 ed 38 44 3d a7 85 51  m.........8D=..Q

D (3023) mbedtls: ssl_client.c:510 0x3ffc1c74: dumping 'session id' (0 bytes)

D (3023) mbedtls: ssl_client.c:368 0x3ffc1c74: client hello, add ciphersuite: c02c, TLS-ECDHE-ECDSA-WITH-AES-256-GCM-SHA384

D (3023) mbedtls: ssl_client.c:368 0x3ffc1c74: client hello, add ciphersuite: c030, TLS-ECDHE-RSA-WITH-AES-256-GCM-SHA384

D (3023) mbedtls: ssl_client.c:368 0x3ffc1c74: client hello, add ciphersuite: c0ad, TLS-ECDHE-ECDSA-WITH-AES-256-CCM

D (3023) mbedtls: ssl_client.c:368 0x3ffc1c74: client hello, add ciphersuite: c024, TLS-ECDHE-ECDSA-WITH-AES-256-CBC-SHA384

D (3023) mbedtls: ssl_client.c:368 0x3ffc1c74: client hello, add ciphersuite: c028, TLS-ECDHE-RSA-WITH-AES-256-CBC-SHA384

D (3023) mbedtls: ssl_client.c:368 0x3ffc1c74: client hello, add ciphersuite: c00a, TLS-ECDHE-ECDSA-WITH-AES-256-CBC-SHA

D (3033) mbedtls: ssl_client.c:368 0x3ffc1c74: client hello, add ciphersuite: c014, TLS-ECDHE-RSA-WITH-AES-256-CBC-SHA

D (3033) mbedtls: ssl_client.c:368 0x3ffc1c74: client hello, add ciphersuite: c0af, TLS-ECDHE-ECDSA-WITH-AES-256-CCM-8

D (3033) mbedtls: ssl_client.c:368 0x3ffc1c74: client hello, add ciphersuite: c02b, TLS-ECDHE-ECDSA-WITH-AES-128-GCM-SHA256

D (3033) mbedtls: ssl_client.c:368 0x3ffc1c74: client hello, add ciphersuite: c02f, TLS-ECDHE-RSA-WITH-AES-128-GCM-SHA256

D (3033) mbedtls: ssl_client.c:368 0x3ffc1c74: client hello, add ciphersuite: c0ac, TLS-ECDHE-ECDSA-WITH-AES-128-CCM

D (3033) mbedtls: ssl_client.c:368 0x3ffc1c74: client hello, add ciphersuite: c023, TLS-ECDHE-ECDSA-WITH-AES-128-CBC-SHA256

D (3033) mbedtls: ssl_client.c:368 0x3ffc1c74: client hello, add ciphersuite: c027, TLS-ECDHE-RSA-WITH-AES-128-CBC-SHA256

D (3033) mbedtls: ssl_client.c:368 0x3ffc1c74: client hello, add ciphersuite: c009, TLS-ECDHE-ECDSA-WITH-AES-128-CBC-SHA

D (3033) mbedtls: ssl_client.c:368 0x3ffc1c74: client hello, add ciphersuite: c013, TLS-ECDHE-RSA-WITH-AES-128-CBC-SHA

D (3033) mbedtls: ssl_client.c:368 0x3ffc1c74: client hello, add ciphersuite: c0ae, TLS-ECDHE-ECDSA-WITH-AES-128-CCM-8

D (3033) mbedtls: ssl_client.c:386 0x3ffc1c74: adding EMPTY_RENEGOTIATION_INFO_SCSV

D (3033) mbedtls: ssl_client.c:395 0x3ffc1c74: client hello, got 17 cipher suites

D (3033) mbedtls: ssl_client.c:229 0x3ffc1c74: client hello, adding supported_groups extension

D (3033) mbedtls: ssl_client.c:248 0x3ffc1c74: got supported group(001d)

D (3033) mbedtls: ssl_client.c:280 0x3ffc1c74: NamedGroup: x25519 ( 1d )

D (3033) mbedtls: ssl_client.c:248 0x3ffc1c74: got supported group(0017)

D (3033) mbedtls: ssl_client.c:280 0x3ffc1c74: NamedGroup: secp256r1 ( 17 )

D (3033) mbedtls: ssl_client.c:248 0x3ffc1c74: got supported group(0018)

D (3033) mbedtls: ssl_client.c:280 0x3ffc1c74: NamedGroup: secp384r1 ( 18 )

D (3033) mbedtls: ssl_client.c:248 0x3ffc1c74: got supported group(001e)

D (3033) mbedtls: ssl_client.c:280 0x3ffc1c74: NamedGroup: x448 ( 1e )

D (3033) mbedtls: ssl_client.c:248 0x3ffc1c74: got supported group(0019)

D (3033) mbedtls: ssl_client.c:280 0x3ffc1c74: NamedGroup: secp521r1 ( 19 )

D (3033) mbedtls: ssl_client.c:248 0x3ffc1c74: got supported group(001a)

D (3033) mbedtls: ssl_client.c:280 0x3ffc1c74: NamedGroup: bp256r1 ( 1a )

D (3033) mbedtls: ssl_client.c:248 0x3ffc1c74: got supported group(001b)

D (3033) mbedtls: ssl_client.c:280 0x3ffc1c74: NamedGroup: bp384r1 ( 1b )

D (3033) mbedtls: ssl_client.c:248 0x3ffc1c74: got supported group(001c)

D (3033) mbedtls: ssl_client.c:280 0x3ffc1c74: NamedGroup: bp512r1 ( 1c )

D (3033) mbedtls: ssl_client.c:248 0x3ffc1c74: got supported group(0100)

D (3033) mbedtls: ssl_client.c:248 0x3ffc1c74: got supported group(0101)

D (3033) mbedtls: ssl_client.c:248 0x3ffc1c74: got supported group(0102)

D (3033) mbedtls: ssl_client.c:248 0x3ffc1c74: got supported group(0103)

D (3033) mbedtls: ssl_client.c:248 0x3ffc1c74: got supported group(0104)

D (3033) mbedtls: ssl_client.c:300 0x3ffc1c74: dumping 'Supported groups extension' (18 bytes)

D (3033) mbedtls: ssl_client.c:300 0x3ffc1c74: 0000:  00 10 00 1d 00 17 00 18 00 1e 00 19 00 1a 00 1b  ................

D (3033) mbedtls: ssl_client.c:300 0x3ffc1c74: 0010:  00 1c                                            ..

D (3033) mbedtls: ssl_tls.c:8276 0x3ffc1c74: adding signature_algorithms extension

D (3033) mbedtls: ssl_tls.c:8296 0x3ffc1c74: got signature scheme [603] ecdsa_secp521r1_sha512

D (3033) mbedtls: ssl_tls.c:8305 0x3ffc1c74: sent signature scheme [603] ecdsa_secp521r1_sha512

D (3033) mbedtls: ssl_tls.c:8296 0x3ffc1c74: got signature scheme [806] rsa_pss_rsae_sha512

D (3033) mbedtls: ssl_tls.c:8296 0x3ffc1c74: got signature scheme [601] rsa_pkcs1_sha512

D (3033) mbedtls: ssl_tls.c:8305 0x3ffc1c74: sent signature scheme [601] rsa_pkcs1_sha512

D (3033) mbedtls: ssl_tls.c:8296 0x3ffc1c74: got signature scheme [503] ecdsa_secp384r1_sha384

D (3033) mbedtls: ssl_tls.c:8305 0x3ffc1c74: sent signature scheme [503] ecdsa_secp384r1_sha384

D (3033) mbedtls: ssl_tls.c:8296 0x3ffc1c74: got signature scheme [805] rsa_pss_rsae_sha384

D (3043) mbedtls: ssl_tls.c:8296 0x3ffc1c74: got signature scheme [501] rsa_pkcs1_sha384

D (3043) mbedtls: ssl_tls.c:8305 0x3ffc1c74: sent signature scheme [501] rsa_pkcs1_sha384

D (3043) mbedtls: ssl_tls.c:8296 0x3ffc1c74: got signature scheme [403] ecdsa_secp256r1_sha256

D (3043) mbedtls: ssl_tls.c:8305 0x3ffc1c74: sent signature scheme [403] ecdsa_secp256r1_sha256

D (3043) mbedtls: ssl_tls.c:8296 0x3ffc1c74: got signature scheme [804] rsa_pss_rsae_sha256

D (3043) mbedtls: ssl_tls.c:8296 0x3ffc1c74: got signature scheme [401] rsa_pkcs1_sha256

D (3043) mbedtls: ssl_tls.c:8305 0x3ffc1c74: sent signature scheme [401] rsa_pkcs1_sha256

D (3043) mbedtls: ssl_tls12_client.c:103 0x3ffc1c74: client hello, adding supported_point_formats extension

D (3043) mbedtls: ssl_tls12_client.c:287 0x3ffc1c74: client hello, adding encrypt_then_mac extension

D (3043) mbedtls: ssl_tls12_client.c:319 0x3ffc1c74: client hello, adding extended_master_secret extension

D (3043) mbedtls: ssl_tls12_client.c:352 0x3ffc1c74: client hello, adding session ticket extension

D (3043) mbedtls: ssl_client.c:687 0x3ffc1c74: client hello, total extension length: 58

D (3043) mbedtls: ssl_client.c:689 0x3ffc1c74: dumping 'client hello extensions' (58 bytes)

D (3043) mbedtls: ssl_client.c:689 0x3ffc1c74: 0000:  00 3a 00 0a 00 12 00 10 00 1d 00 17 00 18 00 1e  .:..............

D (3043) mbedtls: ssl_client.c:689 0x3ffc1c74: 0010:  00 19 00 1a 00 1b 00 1c 00 0d 00 0e 00 0c 06 03  ................

D (3043) mbedtls: ssl_client.c:689 0x3ffc1c74: 0020:  06 01 05 03 05 01 04 03 04 01 00 0b 00 02 01 00  ................

D (3043) mbedtls: ssl_client.c:689 0x3ffc1c74: 0030:  00 16 00 00 00 17 00 00 00 23                    .........#

I (3043) mbedtls: ssl_msg.c:2494 0x3ffc1c74: => write handshake message

I (3043) mbedtls: ssl_msg.c:2654 0x3ffc1c74: => write record

D (3043) mbedtls: ssl_msg.c:2737 0x3ffc1c74: output record: msgtype = 22, version = [3:3], msglen = 137

I (3043) mbedtls: ssl_msg.c:2790 0x3ffc1c74: <= write record

I (3043) mbedtls: ssl_msg.c:2615 0x3ffc1c74: <= write handshake message

D (3043) mbedtls: ssl_misc.h:1295 0x3ffc1c74: handshake state: 1 (MBEDTLS_SSL_CLIENT_HELLO) -> 2 (MBEDTLS_SSL_SERVER_HELLO)

I (3043) mbedtls: ssl_client.c:1010 0x3ffc1c74: <= write client hello

I (3043) mbedtls: ssl_msg.c:2063 0x3ffc1c74: => flush output

I (3043) mbedtls: ssl_msg.c:2077 0x3ffc1c74: message length: 142, out_left: 142

I (3053) mbedtls: ssl_msg.c:2084 0x3ffc1c74: ssl->f_send() returned 142 (-0xffffff72)

I (3053) mbedtls: ssl_msg.c:2111 0x3ffc1c74: <= flush output

I (3053) mbedtls: ssl_tls.c:4201 0x3ffc1c74: client state: MBEDTLS_SSL_SERVER_HELLO

I (3053) mbedtls: ssl_tls12_client.c:1151 0x3ffc1c74: => parse server hello

I (3053) mbedtls: ssl_msg.c:4040 0x3ffc1c74: => read record

I (3053) mbedtls: ssl_msg.c:1865 0x3ffc1c74: => fetch input

I (3053) mbedtls: ssl_msg.c:2005 0x3ffc1c74: in_left: 0, nb_want: 5

I (3053) mbedtls: ssl_msg.c:2025 0x3ffc1c74: in_left: 0, nb_want: 5

I (3053) mbedtls: ssl_msg.c:2028 0x3ffc1c74: ssl->f_recv(_timeout)() returned 5 (-0xfffffffb)

I (3053) mbedtls: ssl_msg.c:2050 0x3ffc1c74: <= fetch input

D (3053) mbedtls: ssl_msg.c:3707 0x3ffc1c74: input record: msgtype = 22, version = [0x303], msglen = 65

I (3053) mbedtls: ssl_msg.c:1865 0x3ffc1c74: => fetch input

I (3053) mbedtls: ssl_msg.c:2005 0x3ffc1c74: in_left: 5, nb_want: 70

I (3053) mbedtls: ssl_msg.c:2025 0x3ffc1c74: in_left: 5, nb_want: 70

I (3053) mbedtls: ssl_msg.c:2028 0x3ffc1c74: ssl->f_recv(_timeout)() returned 65 (-0xffffffbf)

I (3053) mbedtls: ssl_msg.c:2050 0x3ffc1c74: <= fetch input

D (3053) mbedtls: ssl_msg.c:2948 0x3ffc1c74: handshake message: msglen = 65, type = 2, hslen = 65

D (3053) mbedtls: ssl_msg.c:3085 0x3ffc1c74: sole handshake fragment: 65, 0..65 of 65

I (3053) mbedtls: ssl_msg.c:4112 0x3ffc1c74: <= read record

D (3053) mbedtls: ssl_tls12_client.c:1225 0x3ffc1c74: dumping 'server hello, version' (2 bytes)

D (3053) mbedtls: ssl_tls12_client.c:1225 0x3ffc1c74: 0000:  03 03                                            ..

D (3053) mbedtls: ssl_tls12_client.c:1246 0x3ffc1c74: server hello, current time: 846505284

D (3063) mbedtls: ssl_tls12_client.c:1256 0x3ffc1c74: dumping 'server hello, random bytes' (32 bytes)

D (3063) mbedtls: ssl_tls12_client.c:1256 0x3ffc1c74: 0000:  32 74 a5 44 e7 18 c1 4c 14 f3 42 83 30 6e 87 ab  2t.D...L..B.0n..

D (3063) mbedtls: ssl_tls12_client.c:1256 0x3ffc1c74: 0010:  39 2c 88 92 18 9d 4f f2 59 a6 22 a5 10 43 18 8d  9,....O.Y."..C..

D (3063) mbedtls: ssl_tls12_client.c:1318 0x3ffc1c74: server hello, session id len.: 0

D (3063) mbedtls: ssl_tls12_client.c:1319 0x3ffc1c74: dumping 'server hello, session id' (0 bytes)

D (3063) mbedtls: ssl_misc.h:1295 0x3ffc1c74: handshake state: 2 (MBEDTLS_SSL_SERVER_HELLO) -> 3 (MBEDTLS_SSL_SERVER_CERTIFICATE)

D (3063) mbedtls: ssl_tls12_client.c:1343 0x3ffc1c74: no session has been resumed

D (3063) mbedtls: ssl_tls12_client.c:1346 0x3ffc1c74: server hello, chosen ciphersuite: c030

D (3063) mbedtls: ssl_tls12_client.c:1347 0x3ffc1c74: server hello, compress alg.: 0

D (3063) mbedtls: ssl_tls12_client.c:1382 0x3ffc1c74: server hello, chosen ciphersuite: TLS-ECDHE-RSA-WITH-AES-256-GCM-SHA384

I (3063) mbedtls: ssl_tls12_client.c:1403 0x3ffc1c74: server hello, total extension length: 21

D (3063) mbedtls: ssl_tls12_client.c:1421 0x3ffc1c74: found renegotiation extension

D (3063) mbedtls: ssl_tls12_client.c:1500 0x3ffc1c74: found supported_point_formats extension

D (3063) mbedtls: ssl_tls12_client.c:1486 0x3ffc1c74: found session_ticket extension

D (3063) mbedtls: ssl_tls12_client.c:1473 0x3ffc1c74: found extended_master_secret extension

I (3063) mbedtls: ssl_tls12_client.c:1617 0x3ffc1c74: <= parse server hello

I (3063) mbedtls: ssl_msg.c:2063 0x3ffc1c74: => flush output

I (3063) mbedtls: ssl_msg.c:2072 0x3ffc1c74: <= flush output

I (3063) mbedtls: ssl_tls.c:4201 0x3ffc1c74: client state: MBEDTLS_SSL_SERVER_CERTIFICATE

I (3063) mbedtls: ssl_tls.c:7077 0x3ffc1c74: => parse certificate

I (3063) mbedtls: ssl_msg.c:4040 0x3ffc1c74: => read record

I (3063) mbedtls: ssl_msg.c:1865 0x3ffc1c74: => fetch input

I (3063) mbedtls: ssl_msg.c:2005 0x3ffc1c74: in_left: 0, nb_want: 5

I (3063) mbedtls: ssl_msg.c:2025 0x3ffc1c74: in_left: 0, nb_want: 5

I (3063) mbedtls: ssl_msg.c:2028 0x3ffc1c74: ssl->f_recv(_timeout)() returned 5 (-0xfffffffb)

I (3063) mbedtls: ssl_msg.c:2050 0x3ffc1c74: <= fetch input

D (3063) mbedtls: ssl_msg.c:3707 0x3ffc1c74: input record: msgtype = 22, version = [0x303], msglen = 791

I (3063) mbedtls: ssl_msg.c:1865 0x3ffc1c74: => fetch input

I (3063) mbedtls: ssl_msg.c:2005 0x3ffc1c74: in_left: 5, nb_want: 796

I (3063) mbedtls: ssl_msg.c:2025 0x3ffc1c74: in_left: 5, nb_want: 796

I (3063) mbedtls: ssl_msg.c:2028 0x3ffc1c74: ssl->f_recv(_timeout)() returned 791 (-0xfffffce9)

I (3063) mbedtls: ssl_msg.c:2050 0x3ffc1c74: <= fetch input

D (3063) mbedtls: ssl_msg.c:2948 0x3ffc1c74: handshake message: msglen = 791, type = 11, hslen = 791

D (3063) mbedtls: ssl_msg.c:3085 0x3ffc1c74: sole handshake fragment: 791, 0..791 of 791

I (3063) mbedtls: ssl_msg.c:4112 0x3ffc1c74: <= read record

D (3073) mbedtls: ssl_tls.c:6952 0x3ffc1c74: peer certificate #1:

D (3073) mbedtls: ssl_tls.c:6952 0x3ffc1c74: cert. version     : 3

D (3073) mbedtls: ssl_tls.c:6952 0x3ffc1c74: serial number     : 77:66:A5:9D:AF:14:9E:F2:03:F7:3C:2B:1A:5C:81:86:F8:A3:4E:52

D (3073) mbedtls: ssl_tls.c:6952 0x3ffc1c74: issuer name       : CN=localhost

D (3073) mbedtls: ssl_tls.c:6952 0x3ffc1c74: subject name      : CN=localhost

D (3073) mbedtls: ssl_tls.c:6952 0x3ffc1c74: issued  on        : 2026-08-26 20:20:30

D (3073) mbedtls: ssl_tls.c:6952 0x3ffc1c74: expires on        : 2026-09-25 20:20:30

D (3073) mbedtls: ssl_tls.c:6952 0x3ffc1c74: signed using      : RSA with SHA-256

D (3073) mbedtls: ssl_tls.c:6952 0x3ffc1c74: RSA key size      : 2048 bits

D (3073) mbedtls: ssl_tls.c:6952 0x3ffc1c74: basic constraints : CA=true

D (3073) mbedtls: ssl_tls.c:6952 0x3ffc1c74: dumping 'crt->PK' (270 bytes)

D (3073) mbedtls: ssl_tls.c:6952 0x3ffc1c74: 0000:  30 82 01 0a 02 82 01 01 00 dd 03 19 3e 8f 4a 05

D (3073) mbedtls: ssl_tls.c:6952 0x3ffc1c74: 0010:  9c d6 74 e1 46 bc 40 7a 7e af 78 09 38 f6 d0 1c

D (3073) mbedtls: ssl_tls.c:6952 0x3ffc1c74: 0020:  9d e4 2b 18 4c a1 87 f6 83 55 82 2d e0 21 fb b2

D (3073) mbedtls: ssl_tls.c:6952 0x3ffc1c74: 0030:  00 2f 9b 98 36 24 73 47 a2 11 bb 50 05 1c 9e 40

D (3073) mbedtls: ssl_tls.c:6952 0x3ffc1c74: 0040:  41 c9 de 81 7e a1 eb 82 48 35 d0 51 24 0d 22 bd

D (3073) mbedtls: ssl_tls.c:6952 0x3ffc1c74: 0050:  7e c7 0b 60 74 e2 60 3e 76 de c1 3d b5 9f e9 d2

D (3073) mbedtls: ssl_tls.c:6952 0x3ffc1c74: 0060:  ac 90 d3 84 2a 75 7c 41 8a 11 14 c8 bc 09 7b 9d

D (3073) mbedtls: ssl_tls.c:6952 0x3ffc1c74: 0070:  45 54 95 c1 50 05 be f1 34 c0 05 55 f5 a2 b3 a8

D (3073) mbedtls: ssl_tls.c:6952 0x3ffc1c74: 0080:  24 f6 ab 22 df 72 97 ef b5 8f e4 fe 49 be 4f c1

D (3073) mbedtls: ssl_tls.c:6952 0x3ffc1c74: 0090:  08 e0 39 7a cd ba 74 2e d1 20 74 ad 6b 59 ab 86

D (3073) mbedtls: ssl_tls.c:6952 0x3ffc1c74: 00a0:  5d 29 ab 81 f0 c1 22 3f 01 b9 0b a1 fb ee 70 9f

D (3073) mbedtls: ssl_tls.c:6952 0x3ffc1c74: 00b0:  eb 29 5e 9f 1d 6a 0d dc 65 fd 5e 5d 38 0c 1a c3

D (3073) mbedtls: ssl_tls.c:6952 0x3ffc1c74: 00c0:  ae b7 b7 2f 66 23 82 80 ab 7d 69 7c 8f 95 ab e8

D (3073) mbedtls: ssl_tls.c:6952 0x3ffc1c74: 00d0:  c0 4d 21 42 7d 78 c8 25 8b 60 f6 0d 87 c9 f4 df

D (3073) mbedtls: ssl_tls.c:6952 0x3ffc1c74: 00e0:  36 bf 16 7c 59 16 d1 09 ec 17 67 cf 5d 9f 8f 78

D (3073) mbedtls: ssl_tls.c:6952 0x3ffc1c74: 00f0:  8c 3d d0 02 18 d5 bc a7 19 f4 51 fe 1d b3 20 40

D (3073) mbedtls: ssl_tls.c:6952 0x3ffc1c74: 0100:  67 7e 3a cc 30 f3 8d a0 ef 02 03 01 00 01      

I (3073) mbedtls: ssl_tls.c:7191 0x3ffc1c74: <= parse certificate

D (3073) mbedtls: ssl_misc.h:1295 0x3ffc1c74: handshake state: 3 (MBEDTLS_SSL_SERVER_CERTIFICATE) -> 4 (MBEDTLS_SSL_SERVER_KEY_EXCHANGE)

I (3073) mbedtls: ssl_msg.c:2063 0x3ffc1c74: => flush output

I (3073) mbedtls: ssl_msg.c:2072 0x3ffc1c74: <= flush output

I (3073) mbedtls: ssl_tls.c:4201 0x3ffc1c74: client state: MBEDTLS_SSL_SERVER_KEY_EXCHANGE

I (3073) mbedtls: ssl_tls12_client.c:1831 0x3ffc1c74: => parse server key exchange

I (3073) mbedtls: ssl_msg.c:4040 0x3ffc1c74: => read record

I (3073) mbedtls: ssl_msg.c:1865 0x3ffc1c74: => fetch input

I (3073) mbedtls: ssl_msg.c:2005 0x3ffc1c74: in_left: 0, nb_want: 5

I (3073) mbedtls: ssl_msg.c:2025 0x3ffc1c74: in_left: 0, nb_want: 5

I (3073) mbedtls: ssl_msg.c:2028 0x3ffc1c74: ssl->f_recv(_timeout)() returned 5 (-0xfffffffb)

I (3073) mbedtls: ssl_msg.c:2050 0x3ffc1c74: <= fetch input

D (3073) mbedtls: ssl_msg.c:3707 0x3ffc1c74: input record: msgtype = 22, version = [0x303], msglen = 300

I (3073) mbedtls: ssl_msg.c:1865 0x3ffc1c74: => fetch input

I (3073) mbedtls: ssl_msg.c:2005 0x3ffc1c74: in_left: 5, nb_want: 305

I (3073) mbedtls: ssl_msg.c:2025 0x3ffc1c74: in_left: 5, nb_want: 305

I (3073) mbedtls: ssl_msg.c:2028 0x3ffc1c74: ssl->f_recv(_timeout)() returned 300 (-0xfffffed4)

I (3073) mbedtls: ssl_msg.c:2050 0x3ffc1c74: <= fetch input

D (3083) mbedtls: ssl_msg.c:2948 0x3ffc1c74: handshake message: msglen = 300, type = 12, hslen = 300

D (3083) mbedtls: ssl_msg.c:3085 0x3ffc1c74: sole handshake fragment: 300, 0..300 of 300

I (3083) mbedtls: ssl_msg.c:4112 0x3ffc1c74: <= read record

D (3083) mbedtls: ssl_tls12_client.c:1885 0x3ffc1c74: dumping 'server key exchange' (296 bytes)

D (3083) mbedtls: ssl_tls12_client.c:1885 0x3ffc1c74: 0000:  03 00 1d 20 ae ae d9 87 53 16 45 5d fb b6 38 d3  ... ....S.E]..8.

D (3083) mbedtls: ssl_tls12_client.c:1885 0x3ffc1c74: 0010:  b0 50 9a 3c 35 d0 b6 0e ce 48 e5 2c 42 7a d6 2e  .P.<5....H.,Bz..

D (3083) mbedtls: ssl_tls12_client.c:1885 0x3ffc1c74: 0020:  d8 33 44 45 06 01 01 00 c4 fe 87 66 5d c3 a1 4e  .3DE.......f]..N

D (3083) mbedtls: ssl_tls12_client.c:1885 0x3ffc1c74: 0030:  54 c6 93 a8 70 9e ad eb ed 4d 40 43 ea 4e c8 65  T...p....M@C.N.e

D (3083) mbedtls: ssl_tls12_client.c:1885 0x3ffc1c74: 0040:  11 2b 6d db a8 31 86 cf c6 43 53 93 3f 8a 5f 41  .+m..1...CS.?._A

D (3083) mbedtls: ssl_tls12_client.c:1885 0x3ffc1c74: 0050:  ec 9e 29 ff bf d5 14 75 4a 3d d7 1b cc 2e 59 27  ..)....uJ=....Y'

D (3083) mbedtls: ssl_tls12_client.c:1885 0x3ffc1c74: 0060:  47 40 14 e6 13 79 74 73 c9 9f 02 76 4d 3d c1 2b  G@...yts...vM=.+

D (3083) mbedtls: ssl_tls12_client.c:1885 0x3ffc1c74: 0070:  1d 7a bb 1c 79 57 3e cf 1e 2c 34 c5 55 62 88 6f  .z..yW>..,4.Ub.o

D (3083) mbedtls: ssl_tls12_client.c:1885 0x3ffc1c74: 0080:  83 18 ab 46 70 bf 4b 37 85 27 00 ad e8 5d 91 cd  ...Fp.K7.'...]..

D (3083) mbedtls: ssl_tls12_client.c:1885 0x3ffc1c74: 0090:  9e 4e fb 32 f4 d1 6f 70 54 83 b3 1c 5c 72 c7 6b  .N.2..opT...\r.k

D (3083) mbedtls: ssl_tls12_client.c:1885 0x3ffc1c74: 00a0:  f4 80 36 bf 0e ce 9f 4d c5 18 17 2e 79 8b d3 f9  ..6....M....y...

D (3083) mbedtls: ssl_tls12_client.c:1885 0x3ffc1c74: 00b0:  fe 05 81 4b 80 e1 47 b1 22 65 32 17 41 e3 dd 73  ...K..G."e2.A..s

D (3083) mbedtls: ssl_tls12_client.c:1885 0x3ffc1c74: 00c0:  af f2 ac e8 d0 8a c6 6e 4f 13 29 64 7e e2 23 2a  .......nO.)d~.#*

D (3083) mbedtls: ssl_tls12_client.c:1885 0x3ffc1c74: 00d0:  25 b6 fe f4 78 34 82 9f ed 03 f3 f7 e8 ac 16 f7  %...x4..........

D (3083) mbedtls: ssl_tls12_client.c:1885 0x3ffc1c74: 00e0:  f1 f3 81 75 e8 4f ce c6 b8 0c b5 1e cd 3e 66 93  ...u.O.......>f.

D (3083) mbedtls: ssl_tls12_client.c:1885 0x3ffc1c74: 00f0:  6a 11 46 8b ae eb 63 e7 11 f7 ed 9d 87 f8 8b 92  j.F...c.........

D (3083) mbedtls: ssl_tls12_client.c:1885 0x3ffc1c74: 0100:  1b a5 c6 1c b2 10 6e a7 4e 77 4d ea 34 b5 d0 cf  ......n.NwM.4...

D (3083) mbedtls: ssl_tls12_client.c:1885 0x3ffc1c74: 0110:  79 d1 92 24 c1 fb 5d 2d f9 59 88 54 b0 6b 76 58  y..$..]-.Y.T.kvX

D (3083) mbedtls: ssl_tls12_client.c:1885 0x3ffc1c74: 0120:  45 05 2a 21 2f 70 eb 8d                          E.*!/p..

I (3083) mbedtls: ssl_tls12_client.c:1815 0x3ffc1c74: Server used the signature algorithm rsa_pkcs1_sha512

D (3083) mbedtls: ssl_tls12_client.c:2047 0x3ffc1c74: dumping 'signature' (256 bytes)

D (3083) mbedtls: ssl_tls12_client.c:2047 0x3ffc1c74: 0000:  c4 fe 87 66 5d c3 a1 4e 54 c6 93 a8 70 9e ad eb  ...f]..NT...p...

D (3083) mbedtls: ssl_tls12_client.c:2047 0x3ffc1c74: 0010:  ed 4d 40 43 ea 4e c8 65 11 2b 6d db a8 31 86 cf  .M@C.N.e.+m..1..

D (3083) mbedtls: ssl_tls12_client.c:2047 0x3ffc1c74: 0020:  c6 43 53 93 3f 8a 5f 41 ec 9e 29 ff bf d5 14 75  .CS.?._A..)....u

D (3083) mbedtls: ssl_tls12_client.c:2047 0x3ffc1c74: 0030:  4a 3d d7 1b cc 2e 59 27 47 40 14 e6 13 79 74 73  J=....Y'G@...yts

D (3083) mbedtls: ssl_tls12_client.c:2047 0x3ffc1c74: 0040:  c9 9f 02 76 4d 3d c1 2b 1d 7a bb 1c 79 57 3e cf  ...vM=.+.z..yW>.

D (3083) mbedtls: ssl_tls12_client.c:2047 0x3ffc1c74: 0050:  1e 2c 34 c5 55 62 88 6f 83 18 ab 46 70 bf 4b 37  .,4.Ub.o...Fp.K7

D (3083) mbedtls: ssl_tls12_client.c:2047 0x3ffc1c74: 0060:  85 27 00 ad e8 5d 91 cd 9e 4e fb 32 f4 d1 6f 70  .'...]...N.2..op

D (3083) mbedtls: ssl_tls12_client.c:2047 0x3ffc1c74: 0070:  54 83 b3 1c 5c 72 c7 6b f4 80 36 bf 0e ce 9f 4d  T...\r.k..6....M

D (3083) mbedtls: ssl_tls12_client.c:2047 0x3ffc1c74: 0080:  c5 18 17 2e 79 8b d3 f9 fe 05 81 4b 80 e1 47 b1  ....y......K..G.

D (3083) mbedtls: ssl_tls12_client.c:2047 0x3ffc1c74: 0090:  22 65 32 17 41 e3 dd 73 af f2 ac e8 d0 8a c6 6e  "e2.A..s.......n

D (3083) mbedtls: ssl_tls12_client.c:2047 0x3ffc1c74: 00a0:  4f 13 29 64 7e e2 23 2a 25 b6 fe f4 78 34 82 9f  O.)d~.#*%...x4..

D (3083) mbedtls: ssl_tls12_client.c:2047 0x3ffc1c74: 00b0:  ed 03 f3 f7 e8 ac 16 f7 f1 f3 81 75 e8 4f ce c6  ...........u.O..

D (3083) mbedtls: ssl_tls12_client.c:2047 0x3ffc1c74: 00c0:  b8 0c b5 1e cd 3e 66 93 6a 11 46 8b ae eb 63 e7  .....>f.j.F...c.

D (3083) mbedtls: ssl_tls12_client.c:2047 0x3ffc1c74: 00d0:  11 f7 ed 9d 87 f8 8b 92 1b a5 c6 1c b2 10 6e a7  ..............n.

D (3083) mbedtls: ssl_tls12_client.c:2047 0x3ffc1c74: 00e0:  4e 77 4d ea 34 b5 d0 cf 79 d1 92 24 c1 fb 5d 2d  NwM.4...y..$..]-

D (3083) mbedtls: ssl_tls12_client.c:2047 0x3ffc1c74: 00f0:  f9 59 88 54 b0 6b 76 58 45 05 2a 21 2f 70 eb 8d  .Y.T.kvXE.*!/p..

D (3083) mbedtls: ssl_tls.c:8082 0x3ffc1c74: Perform PSA-based computation of digest of ServerKeyExchange

D (3083) mbedtls: ssl_tls12_client.c:2064 0x3ffc1c74: dumping 'parameters hash' (64 bytes)

D (3083) mbedtls: ssl_tls12_client.c:2064 0x3ffc1c74: 0000:  fc 84 11 f5 2d 31 94 a9 7f b7 eb 11 ad 6b 87 86  ....-1.......k..

D (3083) mbedtls: ssl_tls12_client.c:2064 0x3ffc1c74: 0010:  c3 f5 1e 71 38 c0 fb 88 ea 61 d4 c4 a2 72 ce a4  ...q8....a...r..

D (3083) mbedtls: ssl_tls12_client.c:2064 0x3ffc1c74: 0020:  a9 6a dd d7 d5 d0 99 ac 12 e3 58 2a 6e 97 91 e0  .j........X*n...

D (3083) mbedtls: ssl_tls12_client.c:2064 0x3ffc1c74: 0030:  7a f7 bf ae 13 17 1c a6 4e 90 e4 8c 6c f6 d2 bd  z.......N...l...

D (3103) mbedtls: ssl_misc.h:1295 0x3ffc1c74: handshake state: 4 (MBEDTLS_SSL_SERVER_KEY_EXCHANGE) -> 5 (MBEDTLS_SSL_CERTIFICATE_REQUEST)

I (3103) mbedtls: ssl_tls12_client.c:2118 0x3ffc1c74: <= parse server key exchange

I (3103) mbedtls: ssl_msg.c:2063 0x3ffc1c74: => flush output

I (3103) mbedtls: ssl_msg.c:2072 0x3ffc1c74: <= flush output

I (3103) mbedtls: ssl_tls.c:4201 0x3ffc1c74: client state: MBEDTLS_SSL_CERTIFICATE_REQUEST

I (3103) mbedtls: ssl_tls12_client.c:2157 0x3ffc1c74: => parse certificate request

I (3103) mbedtls: ssl_msg.c:4040 0x3ffc1c74: => read record

I (3103) mbedtls: ssl_msg.c:1865 0x3ffc1c74: => fetch input

I (3103) mbedtls: ssl_msg.c:2005 0x3ffc1c74: in_left: 0, nb_want: 5

I (3103) mbedtls: ssl_msg.c:2025 0x3ffc1c74: in_left: 0, nb_want: 5

I (3103) mbedtls: ssl_msg.c:2028 0x3ffc1c74: ssl->f_recv(_timeout)() returned 5 (-0xfffffffb)

I (3103) mbedtls: ssl_msg.c:2050 0x3ffc1c74: <= fetch input

D (3103) mbedtls: ssl_msg.c:3707 0x3ffc1c74: input record: msgtype = 22, version = [0x303], msglen = 4

I (3103) mbedtls: ssl_msg.c:1865 0x3ffc1c74: => fetch input

I (3103) mbedtls: ssl_msg.c:2005 0x3ffc1c74: in_left: 5, nb_want: 9

I (3103) mbedtls: ssl_msg.c:2025 0x3ffc1c74: in_left: 5, nb_want: 9

I (3103) mbedtls: ssl_msg.c:2028 0x3ffc1c74: ssl->f_recv(_timeout)() returned 4 (-0xfffffffc)

I (3103) mbedtls: ssl_msg.c:2050 0x3ffc1c74: <= fetch input

D (3103) mbedtls: ssl_msg.c:2948 0x3ffc1c74: handshake message: msglen = 4, type = 14, hslen = 4

D (3103) mbedtls: ssl_msg.c:3085 0x3ffc1c74: sole handshake fragment: 4, 0..4 of 4

I (3103) mbedtls: ssl_msg.c:4112 0x3ffc1c74: <= read record

D (3103) mbedtls: ssl_misc.h:1295 0x3ffc1c74: handshake state: 5 (MBEDTLS_SSL_CERTIFICATE_REQUEST) -> 6 (MBEDTLS_SSL_SERVER_HELLO_DONE)

D (3103) mbedtls: ssl_tls12_client.c:2183 0x3ffc1c74: got no certificate request

I (3103) mbedtls: ssl_tls12_client.c:2319 0x3ffc1c74: <= parse certificate request

I (3103) mbedtls: ssl_msg.c:2063 0x3ffc1c74: => flush output

I (3103) mbedtls: ssl_msg.c:2072 0x3ffc1c74: <= flush output

I (3103) mbedtls: ssl_tls.c:4201 0x3ffc1c74: client state: MBEDTLS_SSL_SERVER_HELLO_DONE

I (3103) mbedtls: ssl_tls12_client.c:2330 0x3ffc1c74: => parse server hello done

I (3103) mbedtls: ssl_msg.c:4040 0x3ffc1c74: => read record

I (3103) mbedtls: ssl_msg.c:4108 0x3ffc1c74: reuse previously read message

I (3103) mbedtls: ssl_msg.c:4112 0x3ffc1c74: <= read record

D (3103) mbedtls: ssl_misc.h:1295 0x3ffc1c74: handshake state: 6 (MBEDTLS_SSL_SERVER_HELLO_DONE) -> 7 (MBEDTLS_SSL_CLIENT_CERTIFICATE)

I (3103) mbedtls: ssl_tls12_client.c:2358 0x3ffc1c74: <= parse server hello done

I (3103) mbedtls: ssl_msg.c:2063 0x3ffc1c74: => flush output

I (3103) mbedtls: ssl_msg.c:2072 0x3ffc1c74: <= flush output

I (3103) mbedtls: ssl_tls.c:4201 0x3ffc1c74: client state: MBEDTLS_SSL_CLIENT_CERTIFICATE

I (3103) mbedtls: ssl_tls.c:6675 0x3ffc1c74: => write certificate

I (3103) mbedtls: ssl_tls.c:6686 0x3ffc1c74: <= skip write certificate

D (3103) mbedtls: ssl_misc.h:1295 0x3ffc1c74: handshake state: 7 (MBEDTLS_SSL_CLIENT_CERTIFICATE) -> 8 (MBEDTLS_SSL_CLIENT_KEY_EXCHANGE)

I (3103) mbedtls: ssl_msg.c:2063 0x3ffc1c74: => flush output

I (3103) mbedtls: ssl_msg.c:2072 0x3ffc1c74: <= flush output

I (3103) mbedtls: ssl_tls.c:4201 0x3ffc1c74: client state: MBEDTLS_SSL_CLIENT_KEY_EXCHANGE

I (3103) mbedtls: ssl_tls12_client.c:2373 0x3ffc1c74: => write client key exchange

D (3103) mbedtls: ssl_tls12_client.c:2387 0x3ffc1c74: Perform PSA-based ECDH computation.

[mem-tick] t=    1583 ms phase=handshake    free=216976
[mem-tick] t=    1683 ms phase=handshake    free=216700
D (3253) mbedtls: ssl_misc.h:1295 0x3ffc1c74: handshake state: 8 (MBEDTLS_SSL_CLIENT_KEY_EXCHANGE) -> 9 (MBEDTLS_SSL_CERTIFICATE_VERIFY)

I (3253) mbedtls: ssl_msg.c:2494 0x3ffc1c74: => write handshake message

I (3253) mbedtls: ssl_msg.c:2654 0x3ffc1c74: => write record

D (3253) mbedtls: ssl_msg.c:2737 0x3ffc1c74: output record: msgtype = 22, version = [3:3], msglen = 37

I (3253) mbedtls: ssl_msg.c:2063 0x3ffc1c74: => flush output

I (3253) mbedtls: ssl_msg.c:2077 0x3ffc1c74: message length: 42, out_left: 42

I (3253) mbedtls: ssl_msg.c:2084 0x3ffc1c74: ssl->f_send() returned 42 (-0xffffffd6)

I (3253) mbedtls: ssl_msg.c:2111 0x3ffc1c74: <= flush output

I (3253) mbedtls: ssl_msg.c:2790 0x3ffc1c74: <= write record

I (3253) mbedtls: ssl_msg.c:2615 0x3ffc1c74: <= write handshake message

I (3253) mbedtls: ssl_tls12_client.c:2653 0x3ffc1c74: <= write client key exchange

I (3253) mbedtls: ssl_msg.c:2063 0x3ffc1c74: => flush output

I (3253) mbedtls: ssl_msg.c:2072 0x3ffc1c74: <= flush output

I (3253) mbedtls: ssl_tls.c:4201 0x3ffc1c74: client state: MBEDTLS_SSL_CERTIFICATE_VERIFY

I (3253) mbedtls: ssl_tls12_client.c:2701 0x3ffc1c74: => write certificate verify

I (3253) mbedtls: ssl_tls.c:6466 0x3ffc1c74: => derive keys

I (3253) mbedtls: ssl_tls.c:6557 0x3ffc1c74: => PSA calc verify

D (3253) mbedtls: ssl_tls.c:6568 0x3ffc1c74: dumping 'PSA calculated verify result' (48 bytes)

D (3253) mbedtls: ssl_tls.c:6568 0x3ffc1c74: 0000:  ca d9 b2 ff 98 05 69 bd b9 cf 8f 00 66 c7 9b f9  ......i.....f...

D (3253) mbedtls: ssl_tls.c:6568 0x3ffc1c74: 0010:  cc 83 d6 46 59 c7 fe 5d 11 e2 c7 f5 60 f9 d8 0d  ...FY..]....`...

D (3253) mbedtls: ssl_tls.c:6568 0x3ffc1c74: 0020:  05 51 27 90 7b 75 65 48 77 12 ab 61 b4 3f 3d c3  .Q'.{ueHw..a.?=.

I (3253) mbedtls: ssl_tls.c:6569 0x3ffc1c74: <= PSA calc verify

D (3253) mbedtls: ssl_tls.c:6308 0x3ffc1c74: dumping 'session hash for extended master secret' (48 bytes)

D (3253) mbedtls: ssl_tls.c:6308 0x3ffc1c74: 0000:  ca d9 b2 ff 98 05 69 bd b9 cf 8f 00 66 c7 9b f9  ......i.....f...

D (3253) mbedtls: ssl_tls.c:6308 0x3ffc1c74: 0010:  cc 83 d6 46 59 c7 fe 5d 11 e2 c7 f5 60 f9 d8 0d  ...FY..]....`...

D (3253) mbedtls: ssl_tls.c:6308 0x3ffc1c74: 0020:  05 51 27 90 7b 75 65 48 77 12 ab 61 b4 3f 3d c3  .Q'.{ueHw..a.?=.

D (3263) mbedtls: ssl_tls.c:6449 0x3ffc1c74: dumping 'premaster secret' (32 bytes)

D (3263) mbedtls: ssl_tls.c:6449 0x3ffc1c74: 0000:  a6 0c 6c e6 14 02 27 57 cc 21 c0 1b 15 55 1e f8  ..l...'W.!...U..

D (3263) mbedtls: ssl_tls.c:6449 0x3ffc1c74: 0010:  0e 6f a8 ed 7d d2 6b e1 9b ae 65 f5 aa 32 53 73  .o..}.k...e..2Ss

D (3263) mbedtls: ssl_tls.c:7762 0x3ffc1c74: ciphersuite = TLS-ECDHE-RSA-WITH-AES-256-GCM-SHA384

D (3263) mbedtls: ssl_tls.c:7764 0x3ffc1c74: dumping 'master secret' (48 bytes)

D (3263) mbedtls: ssl_tls.c:7764 0x3ffc1c74: 0000:  a2 01 50 b2 16 c3 d2 ed 75 22 87 78 b1 da 77 93  ..P.....u".x..w.

D (3263) mbedtls: ssl_tls.c:7764 0x3ffc1c74: 0010:  62 c2 a9 41 c5 35 43 3d c0 10 60 04 fe 02 57 89  b..A.5C=..`...W.

D (3263) mbedtls: ssl_tls.c:7764 0x3ffc1c74: 0020:  37 e5 63 a2 cf eb fd 2d 29 9c ca 1f 72 35 e1 e6  7.c....-)...r5..

D (3263) mbedtls: ssl_tls.c:7855 0x3ffc1c74: keylen: 32, minlen: 24, ivlen: 12, maclen: 0

I (3263) mbedtls: ssl_tls.c:6517 0x3ffc1c74: <= derive keys

I (3263) mbedtls: ssl_tls12_client.c:2723 0x3ffc1c74: <= skip write certificate verify

D (3263) mbedtls: ssl_misc.h:1295 0x3ffc1c74: handshake state: 9 (MBEDTLS_SSL_CERTIFICATE_VERIFY) -> 10 (MBEDTLS_SSL_CLIENT_CHANGE_CIPHER_SPEC)

I (3273) mbedtls: ssl_msg.c:2063 0x3ffc1c74: => flush output

I (3273) mbedtls: ssl_msg.c:2072 0x3ffc1c74: <= flush output

I (3273) mbedtls: ssl_tls.c:4201 0x3ffc1c74: client state: MBEDTLS_SSL_CLIENT_CHANGE_CIPHER_SPEC

I (3273) mbedtls: ssl_msg.c:5087 0x3ffc1c74: => write change cipher spec

D (3273) mbedtls: ssl_misc.h:1295 0x3ffc1c74: handshake state: 10 (MBEDTLS_SSL_CLIENT_CHANGE_CIPHER_SPEC) -> 11 (MBEDTLS_SSL_CLIENT_FINISHED)

I (3273) mbedtls: ssl_msg.c:2494 0x3ffc1c74: => write handshake message

I (3273) mbedtls: ssl_msg.c:2654 0x3ffc1c74: => write record

D (3273) mbedtls: ssl_msg.c:2737 0x3ffc1c74: output record: msgtype = 20, version = [3:3], msglen = 1

I (3273) mbedtls: ssl_msg.c:2063 0x3ffc1c74: => flush output

I (3273) mbedtls: ssl_msg.c:2077 0x3ffc1c74: message length: 6, out_left: 6

I (3273) mbedtls: ssl_msg.c:2084 0x3ffc1c74: ssl->f_send() returned 6 (-0xfffffffa)

I (3273) mbedtls: ssl_msg.c:2111 0x3ffc1c74: <= flush output

I (3273) mbedtls: ssl_msg.c:2790 0x3ffc1c74: <= write record

I (3273) mbedtls: ssl_msg.c:2615 0x3ffc1c74: <= write handshake message

I (3273) mbedtls: ssl_msg.c:5100 0x3ffc1c74: <= write change cipher spec

I (3273) mbedtls: ssl_msg.c:2063 0x3ffc1c74: => flush output

I (3273) mbedtls: ssl_msg.c:2072 0x3ffc1c74: <= flush output

I (3273) mbedtls: ssl_tls.c:4201 0x3ffc1c74: client state: MBEDTLS_SSL_CLIENT_FINISHED

I (3273) mbedtls: ssl_tls.c:7384 0x3ffc1c74: => write finished

I (3273) mbedtls: ssl_tls.c:7235 0x3ffc1c74: => calc PSA finished tls

D (3273) mbedtls: ssl_tls.c:7246 0x3ffc1c74: dumping 'PSA calculated padbuf' (48 bytes)

D (3273) mbedtls: ssl_tls.c:7246 0x3ffc1c74: 0000:  ca d9 b2 ff 98 05 69 bd b9 cf 8f 00 66 c7 9b f9  ......i.....f...

D (3273) mbedtls: ssl_tls.c:7246 0x3ffc1c74: 0010:  cc 83 d6 46 59 c7 fe 5d 11 e2 c7 f5 60 f9 d8 0d  ...FY..]....`...

D (3273) mbedtls: ssl_tls.c:7246 0x3ffc1c74: 0020:  05 51 27 90 7b 75 65 48 77 12 ab 61 b4 3f 3d c3  .Q'.{ueHw..a.?=.

D (3273) mbedtls: ssl_tls.c:7258 0x3ffc1c74: dumping 'calc finished result' (12 bytes)

D (3273) mbedtls: ssl_tls.c:7258 0x3ffc1c74: 0000:  1d a6 28 ba 03 b5 43 dd aa 81 0f 8a              ..(...C.....

I (3273) mbedtls: ssl_tls.c:7262 0x3ffc1c74: <= calc finished

D (3273) mbedtls: ssl_misc.h:1295 0x3ffc1c74: handshake state: 11 (MBEDTLS_SSL_CLIENT_FINISHED) -> 12 (MBEDTLS_SSL_SERVER_CHANGE_CIPHER_SPEC)

D (3273) mbedtls: ssl_tls.c:7434 0x3ffc1c74: switching to new transform spec for outbound data

I (3273) mbedtls: ssl_msg.c:2494 0x3ffc1c74: => write handshake message

I (3273) mbedtls: ssl_msg.c:2654 0x3ffc1c74: => write record

I (3273) mbedtls: ssl_msg.c:808 0x3ffc1c74: => encrypt buf

D (3273) mbedtls: ssl_msg.c:1036 0x3ffc1c74: before encrypt: msglen = 16, including 0 bytes of padding

I (3283) mbedtls: ssl_msg.c:1265 0x3ffc1c74: <= encrypt buf

D (3283) mbedtls: ssl_msg.c:2737 0x3ffc1c74: output record: msgtype = 22, version = [3:3], msglen = 40

I (3283) mbedtls: ssl_msg.c:2063 0x3ffc1c74: => flush output

I (3283) mbedtls: ssl_msg.c:2077 0x3ffc1c74: message length: 45, out_left: 45

I (3283) mbedtls: ssl_msg.c:2084 0x3ffc1c74: ssl->f_send() returned 45 (-0xffffffd3)

I (3283) mbedtls: ssl_msg.c:2111 0x3ffc1c74: <= flush output

I (3283) mbedtls: ssl_msg.c:2790 0x3ffc1c74: <= write record

I (3283) mbedtls: ssl_msg.c:2615 0x3ffc1c74: <= write handshake message

I (3283) mbedtls: ssl_tls.c:7487 0x3ffc1c74: <= write finished

I (3283) mbedtls: ssl_msg.c:2063 0x3ffc1c74: => flush output

I (3283) mbedtls: ssl_msg.c:2072 0x3ffc1c74: <= flush output

I (3283) mbedtls: ssl_tls.c:4201 0x3ffc1c74: client state: MBEDTLS_SSL_SERVER_CHANGE_CIPHER_SPEC

D (3283) mbedtls: ssl_misc.h:1295 0x3ffc1c74: handshake state: 12 (MBEDTLS_SSL_SERVER_CHANGE_CIPHER_SPEC) -> 16 (MBEDTLS_SSL_NEW_SESSION_TICKET)

I (3283) mbedtls: ssl_tls12_client.c:2829 0x3ffc1c74: => parse new session ticket

I (3283) mbedtls: ssl_msg.c:4040 0x3ffc1c74: => read record

I (3283) mbedtls: ssl_msg.c:1865 0x3ffc1c74: => fetch input

I (3283) mbedtls: ssl_msg.c:2005 0x3ffc1c74: in_left: 0, nb_want: 5

I (3283) mbedtls: ssl_msg.c:2025 0x3ffc1c74: in_left: 0, nb_want: 5

I (3283) mbedtls: ssl_msg.c:2028 0x3ffc1c74: ssl->f_recv(_timeout)() returned 5 (-0xfffffffb)

I (3283) mbedtls: ssl_msg.c:2050 0x3ffc1c74: <= fetch input

D (3283) mbedtls: ssl_msg.c:3707 0x3ffc1c74: input record: msgtype = 22, version = [0x303], msglen = 186

I (3283) mbedtls: ssl_msg.c:1865 0x3ffc1c74: => fetch input

I (3283) mbedtls: ssl_msg.c:2005 0x3ffc1c74: in_left: 5, nb_want: 191

I (3283) mbedtls: ssl_msg.c:2025 0x3ffc1c74: in_left: 5, nb_want: 191

I (3283) mbedtls: ssl_msg.c:2028 0x3ffc1c74: ssl->f_recv(_timeout)() returned 186 (-0xffffff46)

I (3283) mbedtls: ssl_msg.c:2050 0x3ffc1c74: <= fetch input

D (3293) mbedtls: ssl_msg.c:2948 0x3ffc1c74: handshake message: msglen = 186, type = 4, hslen = 186

D (3293) mbedtls: ssl_msg.c:3085 0x3ffc1c74: sole handshake fragment: 186, 0..186 of 186

I (3293) mbedtls: ssl_msg.c:4112 0x3ffc1c74: <= read record

D (3293) mbedtls: ssl_tls12_client.c:2876 0x3ffc1c74: ticket length: 176

D (3293) mbedtls: ssl_misc.h:1295 0x3ffc1c74: handshake state: 16 (MBEDTLS_SSL_NEW_SESSION_TICKET) -> 12 (MBEDTLS_SSL_SERVER_CHANGE_CIPHER_SPEC)

D (3293) mbedtls: ssl_tls12_client.c:2920 0x3ffc1c74: ticket in use, discarding session id

I (3293) mbedtls: ssl_tls12_client.c:2923 0x3ffc1c74: <= parse new session ticket

I (3293) mbedtls: ssl_msg.c:2063 0x3ffc1c74: => flush output

I (3293) mbedtls: ssl_msg.c:2072 0x3ffc1c74: <= flush output

I (3293) mbedtls: ssl_tls.c:4201 0x3ffc1c74: client state: MBEDTLS_SSL_SERVER_CHANGE_CIPHER_SPEC

I (3293) mbedtls: ssl_msg.c:5109 0x3ffc1c74: => parse change cipher spec

I (3293) mbedtls: ssl_msg.c:4040 0x3ffc1c74: => read record

I (3293) mbedtls: ssl_msg.c:1865 0x3ffc1c74: => fetch input

I (3293) mbedtls: ssl_msg.c:2005 0x3ffc1c74: in_left: 0, nb_want: 5

I (3293) mbedtls: ssl_msg.c:2025 0x3ffc1c74: in_left: 0, nb_want: 5

I (3293) mbedtls: ssl_msg.c:2028 0x3ffc1c74: ssl->f_recv(_timeout)() returned 5 (-0xfffffffb)

I (3293) mbedtls: ssl_msg.c:2050 0x3ffc1c74: <= fetch input

D (3293) mbedtls: ssl_msg.c:3707 0x3ffc1c74: input record: msgtype = 20, version = [0x303], msglen = 1

I (3293) mbedtls: ssl_msg.c:1865 0x3ffc1c74: => fetch input

I (3293) mbedtls: ssl_msg.c:2005 0x3ffc1c74: in_left: 5, nb_want: 6

I (3293) mbedtls: ssl_msg.c:2025 0x3ffc1c74: in_left: 5, nb_want: 6

I (3293) mbedtls: ssl_msg.c:2028 0x3ffc1c74: ssl->f_recv(_timeout)() returned 1 (-0xffffffff)

I (3293) mbedtls: ssl_msg.c:2050 0x3ffc1c74: <= fetch input

I (3293) mbedtls: ssl_msg.c:4112 0x3ffc1c74: <= read record

D (3293) mbedtls: ssl_msg.c:5130 0x3ffc1c74: switching to new transform spec for inbound data

D (3293) mbedtls: ssl_misc.h:1295 0x3ffc1c74: handshake state: 12 (MBEDTLS_SSL_SERVER_CHANGE_CIPHER_SPEC) -> 13 (MBEDTLS_SSL_SERVER_FINISHED)

I (3293) mbedtls: ssl_msg.c:5157 0x3ffc1c74: <= parse change cipher spec

I (3293) mbedtls: ssl_msg.c:2063 0x3ffc1c74: => flush output

I (3293) mbedtls: ssl_msg.c:2072 0x3ffc1c74: <= flush output

I (3293) mbedtls: ssl_tls.c:4201 0x3ffc1c74: client state: MBEDTLS_SSL_SERVER_FINISHED

I (3293) mbedtls: ssl_tls.c:7500 0x3ffc1c74: => parse finished

I (3293) mbedtls: ssl_tls.c:7235 0x3ffc1c74: => calc PSA finished tls

D (3293) mbedtls: ssl_tls.c:7246 0x3ffc1c74: dumping 'PSA calculated padbuf' (48 bytes)

D (3293) mbedtls: ssl_tls.c:7246 0x3ffc1c74: 0000:  36 aa da 89 52 d4 44 8a 22 8d 5a 9e cc f0 23 54  6...R.D.".Z...#T

D (3293) mbedtls: ssl_tls.c:7246 0x3ffc1c74: 0010:  93 8a a1 3b c0 97 fd 2f 5c 61 95 29 69 de 45 44  ...;.../\a.)i.ED

D (3293) mbedtls: ssl_tls.c:7246 0x3ffc1c74: 0020:  34 32 79 8e 2d e2 c2 bf d8 6a 90 8a 30 e8 c4 ae  42y.-....j..0...

D (3293) mbedtls: ssl_tls.c:7258 0x3ffc1c74: dumping 'calc finished result' (12 bytes)

D (3293) mbedtls: ssl_tls.c:7258 0x3ffc1c74: 0000:  26 93 04 bb 23 c9 c2 3d f6 db 91 a6              &...#..=....

I (3293) mbedtls: ssl_tls.c:7262 0x3ffc1c74: <= calc finished

I (3293) mbedtls: ssl_msg.c:4040 0x3ffc1c74: => read record

I (3293) mbedtls: ssl_msg.c:1865 0x3ffc1c74: => fetch input

I (3293) mbedtls: ssl_msg.c:2005 0x3ffc1c74: in_left: 0, nb_want: 5

I (3293) mbedtls: ssl_msg.c:2025 0x3ffc1c74: in_left: 0, nb_want: 5

I (3293) mbedtls: ssl_msg.c:2028 0x3ffc1c74: ssl->f_recv(_timeout)() returned 5 (-0xfffffffb)

I (3293) mbedtls: ssl_msg.c:2050 0x3ffc1c74: <= fetch input

D (3293) mbedtls: ssl_msg.c:3707 0x3ffc1c74: input record: msgtype = 22, version = [0x303], msglen = 40

I (3293) mbedtls: ssl_msg.c:1865 0x3ffc1c74: => fetch input

I (3293) mbedtls: ssl_msg.c:2005 0x3ffc1c74: in_left: 5, nb_want: 45

I (3293) mbedtls: ssl_msg.c:2025 0x3ffc1c74: in_left: 5, nb_want: 45

I (3293) mbedtls: ssl_msg.c:2028 0x3ffc1c74: ssl->f_recv(_timeout)() returned 40 (-0xffffffd8)

I (3293) mbedtls: ssl_msg.c:2050 0x3ffc1c74: <= fetch input

I (3293) mbedtls: ssl_msg.c:1301 0x3ffc1c74: => decrypt buf

I (3303) mbedtls: ssl_msg.c:1831 0x3ffc1c74: <= decrypt buf

D (3303) mbedtls: ssl_msg.c:2948 0x3ffc1c74: handshake message: msglen = 16, type = 20, hslen = 16

D (3303) mbedtls: ssl_msg.c:3085 0x3ffc1c74: sole handshake fragment: 16, 0..16 of 16

I (3303) mbedtls: ssl_msg.c:4112 0x3ffc1c74: <= read record

D (3303) mbedtls: ssl_misc.h:1295 0x3ffc1c74: handshake state: 13 (MBEDTLS_SSL_SERVER_FINISHED) -> 14 (MBEDTLS_SSL_FLUSH_BUFFERS)

I (3303) mbedtls: ssl_tls.c:7571 0x3ffc1c74: <= parse finished

I (3303) mbedtls: ssl_msg.c:2063 0x3ffc1c74: => flush output

I (3303) mbedtls: ssl_msg.c:2072 0x3ffc1c74: <= flush output

I (3303) mbedtls: ssl_tls.c:4201 0x3ffc1c74: client state: MBEDTLS_SSL_FLUSH_BUFFERS

I (3303) mbedtls: ssl_tls12_client.c:3031 0x3ffc1c74: handshake: done

D (3303) mbedtls: ssl_misc.h:1295 0x3ffc1c74: handshake state: 14 (MBEDTLS_SSL_FLUSH_BUFFERS) -> 15 (MBEDTLS_SSL_HANDSHAKE_WRAPUP)

I (3303) mbedtls: ssl_msg.c:2063 0x3ffc1c74: => flush output

I (3303) mbedtls: ssl_msg.c:2072 0x3ffc1c74: <= flush output

I (3303) mbedtls: ssl_tls.c:4201 0x3ffc1c74: client state: MBEDTLS_SSL_HANDSHAKE_WRAPUP

D (3303) mbedtls: ssl_tls.c:7322 0x3ffc1c74: => handshake wrapup

D (3303) mbedtls: ssl_tls.c:7296 0x3ffc1c74: => handshake wrapup: final free

D (3303) mbedtls: ssl_tls.c:7315 0x3ffc1c74: <= handshake wrapup: final free

D (3303) mbedtls: ssl_misc.h:1295 0x3ffc1c74: handshake state: 15 (MBEDTLS_SSL_HANDSHAKE_WRAPUP) -> 27 (MBEDTLS_SSL_HANDSHAKE_OVER)

D (3303) mbedtls: ssl_tls.c:7376 0x3ffc1c74: <= handshake wrapup

I (3303) mbedtls: ssl_tls.c:4293 0x3ffc1c74: <= handshake

[phase-a] tcp_connect=9298 us | tls_handshake=284264 us | total=293562 us
[neg] version=TLSv1.2 suite=TLS-ECDHE-RSA-WITH-AES-256-GCM-SHA384 peer_cert=0 bytes
[mem] post-handshake         free=220268 largest=110592 min-ever=210552
[ledger] HANDSHAKE_PEAK_DELTA(RSA) = 32580 bytes (min-ever 243132 -> 210552)
I (3303) mbedtls: ssl_msg.c:5925 0x3ffc1c74: => write

I (3303) mbedtls: ssl_msg.c:2654 0x3ffc1c74: => write record

I (3303) mbedtls: ssl_msg.c:808 0x3ffc1c74: => encrypt buf

D (3303) mbedtls: ssl_msg.c:1036 0x3ffc1c74: before encrypt: msglen = 13, including 0 bytes of padding

I (3303) mbedtls: ssl_msg.c:1265 0x3ffc1c74: <= encrypt buf

D (3303) mbedtls: ssl_msg.c:2737 0x3ffc1c74: output record: msgtype = 23, version = [3:3], msglen = 37

I (3303) mbedtls: ssl_msg.c:2063 0x3ffc1c74: => flush output

I (3303) mbedtls: ssl_msg.c:2077 0x3ffc1c74: message length: 42, out_left: 42

I (3303) mbedtls: ssl_msg.c:2084 0x3ffc1c74: ssl->f_send() returned 42 (-0xffffffd6)

I (3303) mbedtls: ssl_msg.c:2111 0x3ffc1c74: <= flush output

I (3303) mbedtls: ssl_msg.c:2790 0x3ffc1c74: <= write record

I (3303) mbedtls: ssl_msg.c:5947 0x3ffc1c74: <= write

I (3303) mbedtls: ssl_msg.c:5663 0x3ffc1c74: => read

I (3303) mbedtls: ssl_msg.c:4040 0x3ffc1c74: => read record

I (3303) mbedtls: ssl_msg.c:1865 0x3ffc1c74: => fetch input

I (3303) mbedtls: ssl_msg.c:2005 0x3ffc1c74: in_left: 0, nb_want: 5

[mem-tick] t=    1781 ms phase=session      free=218696
[mem-tick] t=    1881 ms phase=session      free=220268
[mem-tick] t=    1981 ms phase=session      free=220268
[mem-tick] t=    2081 ms phase=session      free=220268
[mem-tick] t=    2181 ms phase=session      free=220268
[mem-tick] t=    2281 ms phase=session      free=220268
[mem-tick] t=    2381 ms phase=session      free=220268
[mem-tick] t=    2481 ms phase=session      free=220268
[mem-tick] t=    2581 ms phase=session      free=220268
[mem-tick] t=    2681 ms phase=session      free=220268
[mem-tick] t=    2781 ms phase=session      free=220268
[mem-tick] t=    2881 ms phase=session      free=220268
[mem-tick] t=    2981 ms phase=session      free=220268
[mem-tick] t=    3081 ms phase=session      free=220268
[mem-tick] t=    3181 ms phase=session      free=220268
[mem-tick] t=    3281 ms phase=session      free=220268
[mem-tick] t=    3381 ms phase=session      free=220268
[mem-tick] t=    3481 ms phase=session      free=220268
[mem-tick] t=    3581 ms phase=session      free=220268
[mem-tick] t=    3681 ms phase=session      free=220268
[mem-tick] t=    3781 ms phase=session      free=220268
[mem-tick] t=    3881 ms phase=session      free=220268
[mem-tick] t=    3981 ms phase=session      free=220268
[mem-tick] t=    4081 ms phase=session      free=220268
[mem-tick] t=    4181 ms phase=session      free=220268
[mem-tick] t=    4281 ms phase=session      free=220268
[mem-tick] t=    4381 ms phase=session      free=220268
[mem-tick] t=    4481 ms phase=session      free=220268
[mem-tick] t=    4581 ms phase=session      free=220268
[mem-tick] t=    4681 ms phase=session      free=220268
[mem-tick] t=    4781 ms phase=session      free=220268
[mem-tick] t=    4881 ms phase=session      free=220268
[mem-tick] t=    4981 ms phase=session      free=220268
[mem-tick] t=    5081 ms phase=session      free=220256
[mem-tick] t=    5181 ms phase=session      free=220256
[mem-tick] t=    5281 ms phase=session      free=220256
[mem-tick] t=    5381 ms phase=session      free=220256
[mem-tick] t=    5481 ms phase=session      free=220256
[mem-tick] t=    5581 ms phase=session      free=220256
[mem-tick] t=    5681 ms phase=session      free=220256
[mem-tick] t=    5781 ms phase=session      free=220256
[mem-tick] t=    5881 ms phase=session      free=220256
[mem-tick] t=    5981 ms phase=session      free=220256
[mem-tick] t=    6081 ms phase=session      free=220268
[mem-tick] t=    6181 ms phase=session      free=220268
[mem-tick] t=    6281 ms phase=session      free=220268
[mem-tick] t=    6381 ms phase=session      free=220268
[mem-tick] t=    6481 ms phase=session      free=220268
[mem-tick] t=    6581 ms phase=session      free=220268
[mem-tick] t=    6681 ms phase=session      free=220268
[mem-tick] t=    6781 ms phase=session      free=220268
[mem-tick] t=    6881 ms phase=session      free=220268
[mem-tick] t=    6981 ms phase=session      free=220268
[mem-tick] t=    7081 ms phase=session      free=220268
[mem-tick] t=    7181 ms phase=session      free=220268
[mem-tick] t=    7281 ms phase=session      free=220268
[mem-tick] t=    7381 ms phase=session      free=220268
[mem-tick] t=    7481 ms phase=session      free=220268
[mem-tick] t=    7581 ms phase=session      free=220268
[mem-tick] t=    7681 ms phase=session      free=220268
[mem-tick] t=    7781 ms phase=session      free=220268
[mem-tick] t=    7881 ms phase=session      free=220268
[mem-tick] t=    7981 ms phase=session      free=220268
[mem-tick] t=    8081 ms phase=session      free=220268
[mem-tick] t=    8181 ms phase=session      free=220268
[mem-tick] t=    8281 ms phase=session      free=220268
[mem-tick] t=    8381 ms phase=session      free=220268
[mem-tick] t=    8481 ms phase=session      free=220268
[mem-tick] t=    8581 ms phase=session      free=220268
[mem-tick] t=    8681 ms phase=session      free=220268
[mem-tick] t=    8781 ms phase=session      free=220268
[mem-tick] t=    8881 ms phase=session      free=220268
[mem-tick] t=    8981 ms phase=session      free=220268
[mem-tick] t=    9081 ms phase=session      free=220256
[mem-tick] t=    9181 ms phase=session      free=220256
[mem-tick] t=    9281 ms phase=session      free=220256
[mem-tick] t=    9381 ms phase=session      free=220256
[mem-tick] t=    9481 ms phase=session      free=220256
[mem-tick] t=    9581 ms phase=session      free=220256
[mem-tick] t=    9681 ms phase=session      free=220256
[mem-tick] t=    9781 ms phase=session      free=220256
[mem-tick] t=    9881 ms phase=session      free=220256
[mem-tick] t=    9981 ms phase=session      free=220256
[mem-tick] t=   10081 ms phase=session      free=220268
[mem-tick] t=   10181 ms phase=session      free=220268
[mem-tick] t=   10281 ms phase=session      free=220268
[mem-tick] t=   10381 ms phase=session      free=220268
[mem-tick] t=   10481 ms phase=session      free=220268
[mem-tick] t=   10582 ms phase=session      free=220268
[mem-tick] t=   10681 ms phase=session      free=220268
[mem-tick] t=   10781 ms phase=session      free=220268
[mem-tick] t=   10881 ms phase=session      free=220268
[mem-tick] t=   10981 ms phase=session      free=220268
[mem-tick] t=   11081 ms phase=session      free=220268
[mem-tick] t=   11181 ms phase=session      free=220268
[mem-tick] t=   11281 ms phase=session      free=220268
[mem-tick] t=   11381 ms phase=session      free=220268
[mem-tick] t=   11481 ms phase=session      free=220268
[mem-tick] t=   11581 ms phase=session      free=220268
[mem-tick] t=   11681 ms phase=session      free=220268
I (13303) mbedtls: ssl_msg.c:2025 0x3ffc1c74: in_left: 0, nb_want: 5

[echo] read r=-26880
[mem] post-session           free=220268 largest=110592 min-ever=210552
[mem-tick] t=   11781 ms phase=closing      free=246180
[mem-tick] t=   11881 ms phase=closing      free=246180
[mem-tick] t=   11981 ms phase=closing      free=246204
[mem-tick] t=   12081 ms phase=closing      free=246204
[mem-tick] t=   12181 ms phase=closing      free=246204
[ledger] CLOSED(RSA): free now=246204, before-this-phase=247368, retained=1164
[mem-tick] t=   12281 ms phase=RSA-settled  free=246204
[mem-tick] t=   12381 ms phase=RSA-settled  free=246204
[mem-tick] t=   12481 ms phase=RSA-settled  free=246204
[mem-tick] t=   12581 ms phase=RSA-settled  free=246204
[mem] settled                free=246204 largest=110592 min-ever=210552

===== PHASE A/B [EC] port=22444 =====
[mem-tick] t=   12681 ms phase=EC-baseline  free=246204
[mem-tick] t=   12781 ms phase=EC-baseline  free=246204
[mem-tick] t=   12881 ms phase=EC-baseline  free=246204
[mem] baseline               free=246204 largest=110592 min-ever=210552
W (14503) esp-tls-mbedtls: skip_common_name=true: hostname matching and SNI disabled. This disables ALL server-name authentication (CN/SAN/SNI), not just CN. Only intended for loopback / debug clients.
D (14503) esp-tls: handshake in progress...
I (14503) mbedtls: ssl_tls.c:4282 0x3ffb6124: => handshake

I (14503) mbedtls: ssl_msg.c:2063 0x3ffb6124: => flush output

I (14503) mbedtls: ssl_msg.c:2072 0x3ffb6124: <= flush output

I (14503) mbedtls: ssl_tls.c:4201 0x3ffb6124: client state: MBEDTLS_SSL_HELLO_REQUEST

D (14503) mbedtls: ssl_misc.h:1295 0x3ffb6124: handshake state: 0 (MBEDTLS_SSL_HELLO_REQUEST) -> 1 (MBEDTLS_SSL_CLIENT_HELLO)

I (14503) mbedtls: ssl_msg.c:2063 0x3ffb6124: => flush output

I (14503) mbedtls: ssl_msg.c:2072 0x3ffb6124: <= flush output

I (14503) mbedtls: ssl_tls.c:4201 0x3ffb6124: client state: MBEDTLS_SSL_CLIENT_HELLO

I (14503) mbedtls: ssl_client.c:917 0x3ffb6124: => write client hello

D (14503) mbedtls: ssl_client.c:722 0x3ffb6124: client hello, current time: 12

D (14503) mbedtls: ssl_client.c:485 0x3ffb6124: dumping 'client hello, random bytes' (32 bytes)

D (14503) mbedtls: ssl_client.c:485 0x3ffb6124: 0000:  00 00 00 0c 19 20 13 17 56 29 d0 d8 73 3c 76 d8  ..... ..V)..s<v.

D (14503) mbedtls: ssl_client.c:485 0x3ffb6124: 0010:  79 ec 35 7f 96 bb 8d 4a 19 4f 77 6b 1f cf 7b 7f  y.5....J.Owk..{.

D (14503) mbedtls: ssl_client.c:510 0x3ffb6124: dumping 'session id' (0 bytes)

D (14503) mbedtls: ssl_client.c:368 0x3ffb6124: client hello, add ciphersuite: c02c, TLS-ECDHE-ECDSA-WITH-AES-256-GCM-SHA384

D (14503) mbedtls: ssl_client.c:368 0x3ffb6124: client hello, add ciphersuite: c030, TLS-ECDHE-RSA-WITH-AES-256-GCM-SHA384

D (14503) mbedtls: ssl_client.c:368 0x3ffb6124: client hello, add ciphersuite: c0ad, TLS-ECDHE-ECDSA-WITH-AES-256-CCM

D (14503) mbedtls: ssl_client.c:368 0x3ffb6124: client hello, add ciphersuite: c024, TLS-ECDHE-ECDSA-WITH-AES-256-CBC-SHA384

D (14503) mbedtls: ssl_client.c:368 0x3ffb6124: client hello, add ciphersuite: c028, TLS-ECDHE-RSA-WITH-AES-256-CBC-SHA384

D (14503) mbedtls: ssl_client.c:368 0x3ffb6124: client hello, add ciphersuite: c00a, TLS-ECDHE-ECDSA-WITH-AES-256-CBC-SHA

D (14503) mbedtls: ssl_client.c:368 0x3ffb6124: client hello, add ciphersuite: c014, TLS-ECDHE-RSA-WITH-AES-256-CBC-SHA

D (14513) mbedtls: ssl_client.c:368 0x3ffb6124: client hello, add ciphersuite: c0af, TLS-ECDHE-ECDSA-WITH-AES-256-CCM-8

D (14513) mbedtls: ssl_client.c:368 0x3ffb6124: client hello, add ciphersuite: c02b, TLS-ECDHE-ECDSA-WITH-AES-128-GCM-SHA256

D (14513) mbedtls: ssl_client.c:368 0x3ffb6124: client hello, add ciphersuite: c02f, TLS-ECDHE-RSA-WITH-AES-128-GCM-SHA256

D (14513) mbedtls: ssl_client.c:368 0x3ffb6124: client hello, add ciphersuite: c0ac, TLS-ECDHE-ECDSA-WITH-AES-128-CCM

D (14513) mbedtls: ssl_client.c:368 0x3ffb6124: client hello, add ciphersuite: c023, TLS-ECDHE-ECDSA-WITH-AES-128-CBC-SHA256

D (14513) mbedtls: ssl_client.c:368 0x3ffb6124: client hello, add ciphersuite: c027, TLS-ECDHE-RSA-WITH-AES-128-CBC-SHA256

D (14513) mbedtls: ssl_client.c:368 0x3ffb6124: client hello, add ciphersuite: c009, TLS-ECDHE-ECDSA-WITH-AES-128-CBC-SHA

D (14513) mbedtls: ssl_client.c:368 0x3ffb6124: client hello, add ciphersuite: c013, TLS-ECDHE-RSA-WITH-AES-128-CBC-SHA

D (14513) mbedtls: ssl_client.c:368 0x3ffb6124: client hello, add ciphersuite: c0ae, TLS-ECDHE-ECDSA-WITH-AES-128-CCM-8

D (14513) mbedtls: ssl_client.c:386 0x3ffb6124: adding EMPTY_RENEGOTIATION_INFO_SCSV

[mem-tick] t=   12983 ms phase=handshake    free=217992
D (14513) mbedtls: ssl_client.c:395 0x3ffb6124: client hello, got 17 cipher suites

D (14513) mbedtls: ssl_client.c:229 0x3ffb6124: client hello, adding supported_groups extension

D (14513) mbedtls: ssl_client.c:248 0x3ffb6124: got supported group(001d)

D (14513) mbedtls: ssl_client.c:280 0x3ffb6124: NamedGroup: x25519 ( 1d )

D (14513) mbedtls: ssl_client.c:248 0x3ffb6124: got supported group(0017)

D (14513) mbedtls: ssl_client.c:280 0x3ffb6124: NamedGroup: secp256r1 ( 17 )

D (14513) mbedtls: ssl_client.c:248 0x3ffb6124: got supported group(0018)

D (14513) mbedtls: ssl_client.c:280 0x3ffb6124: NamedGroup: secp384r1 ( 18 )

D (14513) mbedtls: ssl_client.c:248 0x3ffb6124: got supported group(001e)

D (14513) mbedtls: ssl_client.c:280 0x3ffb6124: NamedGroup: x448 ( 1e )

D (14513) mbedtls: ssl_client.c:248 0x3ffb6124: got supported group(0019)

D (14513) mbedtls: ssl_client.c:280 0x3ffb6124: NamedGroup: secp521r1 ( 19 )

D (14513) mbedtls: ssl_client.c:248 0x3ffb6124: got supported group(001a)

D (14513) mbedtls: ssl_client.c:280 0x3ffb6124: NamedGroup: bp256r1 ( 1a )

D (14513) mbedtls: ssl_client.c:248 0x3ffb6124: got supported group(001b)

D (14513) mbedtls: ssl_client.c:280 0x3ffb6124: NamedGroup: bp384r1 ( 1b )

D (14513) mbedtls: ssl_client.c:248 0x3ffb6124: got supported group(001c)

D (14513) mbedtls: ssl_client.c:280 0x3ffb6124: NamedGroup: bp512r1 ( 1c )

D (14513) mbedtls: ssl_client.c:248 0x3ffb6124: got supported group(0100)

D (14513) mbedtls: ssl_client.c:248 0x3ffb6124: got supported group(0101)

D (14513) mbedtls: ssl_client.c:248 0x3ffb6124: got supported group(0102)

D (14513) mbedtls: ssl_client.c:248 0x3ffb6124: got supported group(0103)

D (14513) mbedtls: ssl_client.c:248 0x3ffb6124: got supported group(0104)

D (14513) mbedtls: ssl_client.c:300 0x3ffb6124: dumping 'Supported groups extension' (18 bytes)

D (14513) mbedtls: ssl_client.c:300 0x3ffb6124: 0000:  00 10 00 1d 00 17 00 18 00 1e 00 19 00 1a 00 1b  ................

D (14513) mbedtls: ssl_client.c:300 0x3ffb6124: 0010:  00 1c                                            ..

D (14513) mbedtls: ssl_tls.c:8276 0x3ffb6124: adding signature_algorithms extension

D (14513) mbedtls: ssl_tls.c:8296 0x3ffb6124: got signature scheme [603] ecdsa_secp521r1_sha512

D (14513) mbedtls: ssl_tls.c:8305 0x3ffb6124: sent signature scheme [603] ecdsa_secp521r1_sha512

D (14513) mbedtls: ssl_tls.c:8296 0x3ffb6124: got signature scheme [806] rsa_pss_rsae_sha512

D (14513) mbedtls: ssl_tls.c:8296 0x3ffb6124: got signature scheme [601] rsa_pkcs1_sha512

D (14513) mbedtls: ssl_tls.c:8305 0x3ffb6124: sent signature scheme [601] rsa_pkcs1_sha512

D (14513) mbedtls: ssl_tls.c:8296 0x3ffb6124: got signature scheme [503] ecdsa_secp384r1_sha384

D (14513) mbedtls: ssl_tls.c:8305 0x3ffb6124: sent signature scheme [503] ecdsa_secp384r1_sha384

D (14513) mbedtls: ssl_tls.c:8296 0x3ffb6124: got signature scheme [805] rsa_pss_rsae_sha384

D (14523) mbedtls: ssl_tls.c:8296 0x3ffb6124: got signature scheme [501] rsa_pkcs1_sha384

D (14523) mbedtls: ssl_tls.c:8305 0x3ffb6124: sent signature scheme [501] rsa_pkcs1_sha384

D (14523) mbedtls: ssl_tls.c:8296 0x3ffb6124: got signature scheme [403] ecdsa_secp256r1_sha256

D (14523) mbedtls: ssl_tls.c:8305 0x3ffb6124: sent signature scheme [403] ecdsa_secp256r1_sha256

D (14523) mbedtls: ssl_tls.c:8296 0x3ffb6124: got signature scheme [804] rsa_pss_rsae_sha256

D (14523) mbedtls: ssl_tls.c:8296 0x3ffb6124: got signature scheme [401] rsa_pkcs1_sha256

D (14523) mbedtls: ssl_tls.c:8305 0x3ffb6124: sent signature scheme [401] rsa_pkcs1_sha256

D (14523) mbedtls: ssl_tls12_client.c:103 0x3ffb6124: client hello, adding supported_point_formats extension

D (14523) mbedtls: ssl_tls12_client.c:287 0x3ffb6124: client hello, adding encrypt_then_mac extension

D (14523) mbedtls: ssl_tls12_client.c:319 0x3ffb6124: client hello, adding extended_master_secret extension

D (14523) mbedtls: ssl_tls12_client.c:352 0x3ffb6124: client hello, adding session ticket extension

D (14523) mbedtls: ssl_client.c:687 0x3ffb6124: client hello, total extension length: 58

D (14523) mbedtls: ssl_client.c:689 0x3ffb6124: dumping 'client hello extensions' (58 bytes)

D (14523) mbedtls: ssl_client.c:689 0x3ffb6124: 0000:  00 3a 00 0a 00 12 00 10 00 1d 00 17 00 18 00 1e  .:..............

D (14523) mbedtls: ssl_client.c:689 0x3ffb6124: 0010:  00 19 00 1a 00 1b 00 1c 00 0d 00 0e 00 0c 06 03  ................

D (14523) mbedtls: ssl_client.c:689 0x3ffb6124: 0020:  06 01 05 03 05 01 04 03 04 01 00 0b 00 02 01 00  ................

D (14523) mbedtls: ssl_client.c:689 0x3ffb6124: 0030:  00 16 00 00 00 17 00 00 00 23                    .........#

I (14523) mbedtls: ssl_msg.c:2494 0x3ffb6124: => write handshake message

I (14523) mbedtls: ssl_msg.c:2654 0x3ffb6124: => write record

D (14523) mbedtls: ssl_msg.c:2737 0x3ffb6124: output record: msgtype = 22, version = [3:3], msglen = 137

I (14523) mbedtls: ssl_msg.c:2790 0x3ffb6124: <= write record

I (14523) mbedtls: ssl_msg.c:2615 0x3ffb6124: <= write handshake message

D (14523) mbedtls: ssl_misc.h:1295 0x3ffb6124: handshake state: 1 (MBEDTLS_SSL_CLIENT_HELLO) -> 2 (MBEDTLS_SSL_SERVER_HELLO)

I (14523) mbedtls: ssl_client.c:1010 0x3ffb6124: <= write client hello

I (14523) mbedtls: ssl_msg.c:2063 0x3ffb6124: => flush output

I (14523) mbedtls: ssl_msg.c:2077 0x3ffb6124: message length: 142, out_left: 142

I (14523) mbedtls: ssl_msg.c:2084 0x3ffb6124: ssl->f_send() returned 142 (-0xffffff72)

I (14523) mbedtls: ssl_msg.c:2111 0x3ffb6124: <= flush output

I (14523) mbedtls: ssl_tls.c:4201 0x3ffb6124: client state: MBEDTLS_SSL_SERVER_HELLO

I (14533) mbedtls: ssl_tls12_client.c:1151 0x3ffb6124: => parse server hello

I (14533) mbedtls: ssl_msg.c:4040 0x3ffb6124: => read record

I (14533) mbedtls: ssl_msg.c:1865 0x3ffb6124: => fetch input

I (14533) mbedtls: ssl_msg.c:2005 0x3ffb6124: in_left: 0, nb_want: 5

I (14533) mbedtls: ssl_msg.c:2025 0x3ffb6124: in_left: 0, nb_want: 5

I (14533) mbedtls: ssl_msg.c:2028 0x3ffb6124: ssl->f_recv(_timeout)() returned 5 (-0xfffffffb)

I (14533) mbedtls: ssl_msg.c:2050 0x3ffb6124: <= fetch input

D (14533) mbedtls: ssl_msg.c:3707 0x3ffb6124: input record: msgtype = 22, version = [0x303], msglen = 65

I (14533) mbedtls: ssl_msg.c:1865 0x3ffb6124: => fetch input

I (14533) mbedtls: ssl_msg.c:2005 0x3ffb6124: in_left: 5, nb_want: 70

I (14533) mbedtls: ssl_msg.c:2025 0x3ffb6124: in_left: 5, nb_want: 70

I (14543) mbedtls: ssl_msg.c:2028 0x3ffb6124: ssl->f_recv(_timeout)() returned 65 (-0xffffffbf)

I (14543) mbedtls: ssl_msg.c:2050 0x3ffb6124: <= fetch input

D (14543) mbedtls: ssl_msg.c:2948 0x3ffb6124: handshake message: msglen = 65, type = 2, hslen = 65

D (14543) mbedtls: ssl_msg.c:3085 0x3ffb6124: sole handshake fragment: 65, 0..65 of 65

I (14543) mbedtls: ssl_msg.c:4112 0x3ffb6124: <= read record

D (14543) mbedtls: ssl_tls12_client.c:1225 0x3ffb6124: dumping 'server hello, version' (2 bytes)

D (14543) mbedtls: ssl_tls12_client.c:1225 0x3ffb6124: 0000:  03 03                                            ..

D (14543) mbedtls: ssl_tls12_client.c:1246 0x3ffb6124: server hello, current time: 2773473136

D (14543) mbedtls: ssl_tls12_client.c:1256 0x3ffb6124: dumping 'server hello, random bytes' (32 bytes)

D (14543) mbedtls: ssl_tls12_client.c:1256 0x3ffb6124: 0000:  a5 4f d7 70 04 ae 95 d5 0b 18 b9 88 51 27 53 6a  .O.p........Q'Sj

D (14543) mbedtls: ssl_tls12_client.c:1256 0x3ffb6124: 0010:  a0 5b 0a 63 08 f7 eb 76 38 95 17 1e 19 97 e6 bc  .[.c...v8.......

D (14553) mbedtls: ssl_tls12_client.c:1318 0x3ffb6124: server hello, session id len.: 0

D (14553) mbedtls: ssl_tls12_client.c:1319 0x3ffb6124: dumping 'server hello, session id' (0 bytes)

D (14553) mbedtls: ssl_misc.h:1295 0x3ffb6124: handshake state: 2 (MBEDTLS_SSL_SERVER_HELLO) -> 3 (MBEDTLS_SSL_SERVER_CERTIFICATE)

D (14553) mbedtls: ssl_tls12_client.c:1343 0x3ffb6124: no session has been resumed

D (14553) mbedtls: ssl_tls12_client.c:1346 0x3ffb6124: server hello, chosen ciphersuite: c02c

D (14553) mbedtls: ssl_tls12_client.c:1347 0x3ffb6124: server hello, compress alg.: 0

D (14553) mbedtls: ssl_tls12_client.c:1382 0x3ffb6124: server hello, chosen ciphersuite: TLS-ECDHE-ECDSA-WITH-AES-256-GCM-SHA384

I (14553) mbedtls: ssl_tls12_client.c:1403 0x3ffb6124: server hello, total extension length: 21

D (14553) mbedtls: ssl_tls12_client.c:1421 0x3ffb6124: found renegotiation extension

D (14553) mbedtls: ssl_tls12_client.c:1500 0x3ffb6124: found supported_point_formats extension

D (14553) mbedtls: ssl_tls12_client.c:1486 0x3ffb6124: found session_ticket extension

D (14553) mbedtls: ssl_tls12_client.c:1473 0x3ffb6124: found extended_master_secret extension

I (14553) mbedtls: ssl_tls12_client.c:1617 0x3ffb6124: <= parse server hello

I (14553) mbedtls: ssl_msg.c:2063 0x3ffb6124: => flush output

I (14553) mbedtls: ssl_msg.c:2072 0x3ffb6124: <= flush output

I (14553) mbedtls: ssl_tls.c:4201 0x3ffb6124: client state: MBEDTLS_SSL_SERVER_CERTIFICATE

I (14553) mbedtls: ssl_tls.c:7077 0x3ffb6124: => parse certificate

I (14563) mbedtls: ssl_msg.c:4040 0x3ffb6124: => read record

I (14563) mbedtls: ssl_msg.c:1865 0x3ffb6124: => fetch input

I (14563) mbedtls: ssl_msg.c:2005 0x3ffb6124: in_left: 0, nb_want: 5

I (14563) mbedtls: ssl_msg.c:2025 0x3ffb6124: in_left: 0, nb_want: 5

I (14563) mbedtls: ssl_msg.c:2028 0x3ffb6124: ssl->f_recv(_timeout)() returned 5 (-0xfffffffb)

I (14563) mbedtls: ssl_msg.c:2050 0x3ffb6124: <= fetch input

D (14563) mbedtls: ssl_msg.c:3707 0x3ffb6124: input record: msgtype = 22, version = [0x303], msglen = 394

I (14563) mbedtls: ssl_msg.c:1865 0x3ffb6124: => fetch input

I (14563) mbedtls: ssl_msg.c:2005 0x3ffb6124: in_left: 5, nb_want: 399

I (14563) mbedtls: ssl_msg.c:2025 0x3ffb6124: in_left: 5, nb_want: 399

I (14563) mbedtls: ssl_msg.c:2028 0x3ffb6124: ssl->f_recv(_timeout)() returned 394 (-0xfffffe76)

I (14563) mbedtls: ssl_msg.c:2050 0x3ffb6124: <= fetch input

D (14563) mbedtls: ssl_msg.c:2948 0x3ffb6124: handshake message: msglen = 394, type = 11, hslen = 394

D (14563) mbedtls: ssl_msg.c:3085 0x3ffb6124: sole handshake fragment: 394, 0..394 of 394

I (14573) mbedtls: ssl_msg.c:4112 0x3ffb6124: <= read record

D (14583) mbedtls: ssl_tls.c:6952 0x3ffb6124: peer certificate #1:

D (14583) mbedtls: ssl_tls.c:6952 0x3ffb6124: cert. version     : 3

D (14583) mbedtls: ssl_tls.c:6952 0x3ffb6124: serial number     : 37:09:43:D4:1C:61:C3:A2:0B:22:A6:A0:1B:48:94:F0:41:88:C9:23

D (14583) mbedtls: ssl_tls.c:6952 0x3ffb6124: issuer name       : CN=localhost

D (14583) mbedtls: ssl_tls.c:6952 0x3ffb6124: subject name      : CN=localhost

D (14583) mbedtls: ssl_tls.c:6952 0x3ffb6124: issued  on        : 2026-08-26 20:20:30

D (14583) mbedtls: ssl_tls.c:6952 0x3ffb6124: expires on        : 2026-09-25 20:20:30

D (14583) mbedtls: ssl_tls.c:6952 0x3ffb6124: signed using      : ECDSA with SHA256

D (14583) mbedtls: ssl_tls.c:6952 0x3ffb6124: EC key size       : 256 bits

D (14583) mbedtls: ssl_tls.c:6952 0x3ffb6124: basic constraints : CA=true

D (14583) mbedtls: ssl_tls.c:6952 0x3ffb6124: dumping 'crt->PK' (65 bytes)

D (14583) mbedtls: ssl_tls.c:6952 0x3ffb6124: 0000:  04 54 0e ba b5 7b 25 1b f2 9f 2d 96 f4 93 cd 8f

D (14583) mbedtls: ssl_tls.c:6952 0x3ffb6124: 0010:  49 17 f1 f8 43 fd ec ae 5d 41 e9 f4 92 ac 22 e6

D (14583) mbedtls: ssl_tls.c:6952 0x3ffb6124: 0020:  63 ac 57 44 3b f6 9e c0 c8 9f 49 85 41 d2 5d 63

D (14583) mbedtls: ssl_tls.c:6952 0x3ffb6124: 0030:  06 98 de f8 fb 38 a5 80 7e 23 61 62 87 90 79 d7

D (14583) mbedtls: ssl_tls.c:6952 0x3ffb6124: 0040:  84                                             

I (14593) mbedtls: ssl_tls.c:7191 0x3ffb6124: <= parse certificate

D (14593) mbedtls: ssl_misc.h:1295 0x3ffb6124: handshake state: 3 (MBEDTLS_SSL_SERVER_CERTIFICATE) -> 4 (MBEDTLS_SSL_SERVER_KEY_EXCHANGE)

I (14593) mbedtls: ssl_msg.c:2063 0x3ffb6124: => flush output

I (14593) mbedtls: ssl_msg.c:2072 0x3ffb6124: <= flush output

I (14593) mbedtls: ssl_tls.c:4201 0x3ffb6124: client state: MBEDTLS_SSL_SERVER_KEY_EXCHANGE

I (14593) mbedtls: ssl_tls12_client.c:1831 0x3ffb6124: => parse server key exchange

I (14593) mbedtls: ssl_msg.c:4040 0x3ffb6124: => read record

I (14593) mbedtls: ssl_msg.c:1865 0x3ffb6124: => fetch input

I (14593) mbedtls: ssl_msg.c:2005 0x3ffb6124: in_left: 0, nb_want: 5

I (14593) mbedtls: ssl_msg.c:2025 0x3ffb6124: in_left: 0, nb_want: 5

I (14593) mbedtls: ssl_msg.c:2028 0x3ffb6124: ssl->f_recv(_timeout)() returned 5 (-0xfffffffb)

I (14593) mbedtls: ssl_msg.c:2050 0x3ffb6124: <= fetch input

D (14593) mbedtls: ssl_msg.c:3707 0x3ffb6124: input record: msgtype = 22, version = [0x303], msglen = 115

I (14593) mbedtls: ssl_msg.c:1865 0x3ffb6124: => fetch input

I (14593) mbedtls: ssl_msg.c:2005 0x3ffb6124: in_left: 5, nb_want: 120

I (14593) mbedtls: ssl_msg.c:2025 0x3ffb6124: in_left: 5, nb_want: 120

I (14593) mbedtls: ssl_msg.c:2028 0x3ffb6124: ssl->f_recv(_timeout)() returned 115 (-0xffffff8d)

I (14593) mbedtls: ssl_msg.c:2050 0x3ffb6124: <= fetch input

D (14593) mbedtls: ssl_msg.c:2948 0x3ffb6124: handshake message: msglen = 115, type = 12, hslen = 115

D (14593) mbedtls: ssl_msg.c:3085 0x3ffb6124: sole handshake fragment: 115, 0..115 of 115

I (14593) mbedtls: ssl_msg.c:4112 0x3ffb6124: <= read record

D (14593) mbedtls: ssl_tls12_client.c:1885 0x3ffb6124: dumping 'server key exchange' (111 bytes)

D (14593) mbedtls: ssl_tls12_client.c:1885 0x3ffb6124: 0000:  03 00 1d 20 94 b4 e0 f8 14 3e 58 5b 65 95 7c db  ... .....>X[e.|.

D (14593) mbedtls: ssl_tls12_client.c:1885 0x3ffb6124: 0010:  cc cb c4 46 9b 91 91 06 49 2f 7b 95 f0 a9 20 f2  ...F....I/{... .

D (14593) mbedtls: ssl_tls12_client.c:1885 0x3ffb6124: 0020:  3b 40 cd 10 06 03 00 47 30 45 02 20 7b 85 f2 5a  ;@.....G0E. {..Z

D (14593) mbedtls: ssl_tls12_client.c:1885 0x3ffb6124: 0030:  91 6c 05 0f 18 b3 4d ad 38 cb 51 21 77 3b 8c 40  .l....M.8.Q!w;.@

D (14593) mbedtls: ssl_tls12_client.c:1885 0x3ffb6124: 0040:  fb 15 b1 9d 2f b4 6d 21 a7 29 24 a6 02 21 00 88  ..../.m!.)$..!..

D (14593) mbedtls: ssl_tls12_client.c:1885 0x3ffb6124: 0050:  e7 a7 39 b0 30 0d d0 84 7d 7c b7 0a 1b 90 95 ca  ..9.0...}|......

D (14593) mbedtls: ssl_tls12_client.c:1885 0x3ffb6124: 0060:  5f 21 1e 9e 99 09 39 16 09 4b a9 ca 6a ad d4     _!....9..K..j..

I (14593) mbedtls: ssl_tls12_client.c:1815 0x3ffb6124: Server used the signature algorithm ecdsa_secp521r1_sha512

D (14593) mbedtls: ssl_tls12_client.c:2047 0x3ffb6124: dumping 'signature' (71 bytes)

D (14593) mbedtls: ssl_tls12_client.c:2047 0x3ffb6124: 0000:  30 45 02 20 7b 85 f2 5a 91 6c 05 0f 18 b3 4d ad  0E. {..Z.l....M.

D (14593) mbedtls: ssl_tls12_client.c:2047 0x3ffb6124: 0010:  38 cb 51 21 77 3b 8c 40 fb 15 b1 9d 2f b4 6d 21  8.Q!w;.@..../.m!

D (14593) mbedtls: ssl_tls12_client.c:2047 0x3ffb6124: 0020:  a7 29 24 a6 02 21 00 88 e7 a7 39 b0 30 0d d0 84  .)$..!....9.0...

D (14593) mbedtls: ssl_tls12_client.c:2047 0x3ffb6124: 0030:  7d 7c b7 0a 1b 90 95 ca 5f 21 1e 9e 99 09 39 16  }|......_!....9.

D (14593) mbedtls: ssl_tls12_client.c:2047 0x3ffb6124: 0040:  09 4b a9 ca 6a ad d4                             .K..j..

D (14593) mbedtls: ssl_tls.c:8082 0x3ffb6124: Perform PSA-based computation of digest of ServerKeyExchange

D (14593) mbedtls: ssl_tls12_client.c:2064 0x3ffb6124: dumping 'parameters hash' (64 bytes)

D (14593) mbedtls: ssl_tls12_client.c:2064 0x3ffb6124: 0000:  52 b2 5a b1 e6 ab c8 ef 92 25 95 58 f8 7b 08 b6  R.Z......%.X.{..

D (14593) mbedtls: ssl_tls12_client.c:2064 0x3ffb6124: 0010:  7a 62 6c 22 c3 a9 d5 2f d7 3c b2 27 f0 36 7e 18  zbl".../.<.'.6~.

D (14593) mbedtls: ssl_tls12_client.c:2064 0x3ffb6124: 0020:  c1 ff ba 21 d6 db d5 97 79 f0 80 a4 5b 34 06 de  ...!....y...[4..

D (14593) mbedtls: ssl_tls12_client.c:2064 0x3ffb6124: 0030:  0a 3b bb f8 29 d1 36 39 0b a6 9a 86 f0 52 39 bb  .;..).69.....R9.

[mem-tick] t=   13081 ms phase=handshake    free=215160
D (14703) mbedtls: ssl_misc.h:1295 0x3ffb6124: handshake state: 4 (MBEDTLS_SSL_SERVER_KEY_EXCHANGE) -> 5 (MBEDTLS_SSL_CERTIFICATE_REQUEST)

I (14703) mbedtls: ssl_tls12_client.c:2118 0x3ffb6124: <= parse server key exchange

I (14703) mbedtls: ssl_msg.c:2063 0x3ffb6124: => flush output

I (14703) mbedtls: ssl_msg.c:2072 0x3ffb6124: <= flush output

I (14703) mbedtls: ssl_tls.c:4201 0x3ffb6124: client state: MBEDTLS_SSL_CERTIFICATE_REQUEST

I (14703) mbedtls: ssl_tls12_client.c:2157 0x3ffb6124: => parse certificate request

I (14703) mbedtls: ssl_msg.c:4040 0x3ffb6124: => read record

I (14703) mbedtls: ssl_msg.c:1865 0x3ffb6124: => fetch input

I (14703) mbedtls: ssl_msg.c:2005 0x3ffb6124: in_left: 0, nb_want: 5

I (14703) mbedtls: ssl_msg.c:2025 0x3ffb6124: in_left: 0, nb_want: 5

I (14703) mbedtls: ssl_msg.c:2028 0x3ffb6124: ssl->f_recv(_timeout)() returned 5 (-0xfffffffb)

I (14703) mbedtls: ssl_msg.c:2050 0x3ffb6124: <= fetch input

D (14703) mbedtls: ssl_msg.c:3707 0x3ffb6124: input record: msgtype = 22, version = [0x303], msglen = 4

I (14703) mbedtls: ssl_msg.c:1865 0x3ffb6124: => fetch input

I (14703) mbedtls: ssl_msg.c:2005 0x3ffb6124: in_left: 5, nb_want: 9

I (14703) mbedtls: ssl_msg.c:2025 0x3ffb6124: in_left: 5, nb_want: 9

I (14713) mbedtls: ssl_msg.c:2028 0x3ffb6124: ssl->f_recv(_timeout)() returned 4 (-0xfffffffc)

[mem-tick] t=   13181 ms phase=handshake    free=217956
I (14713) mbedtls: ssl_msg.c:2050 0x3ffb6124: <= fetch input

D (14713) mbedtls: ssl_msg.c:2948 0x3ffb6124: handshake message: msglen = 4, type = 14, hslen = 4

D (14713) mbedtls: ssl_msg.c:3085 0x3ffb6124: sole handshake fragment: 4, 0..4 of 4

I (14713) mbedtls: ssl_msg.c:4112 0x3ffb6124: <= read record

D (14713) mbedtls: ssl_misc.h:1295 0x3ffb6124: handshake state: 5 (MBEDTLS_SSL_CERTIFICATE_REQUEST) -> 6 (MBEDTLS_SSL_SERVER_HELLO_DONE)

D (14713) mbedtls: ssl_tls12_client.c:2183 0x3ffb6124: got no certificate request

I (14713) mbedtls: ssl_tls12_client.c:2319 0x3ffb6124: <= parse certificate request

I (14713) mbedtls: ssl_msg.c:2063 0x3ffb6124: => flush output

I (14713) mbedtls: ssl_msg.c:2072 0x3ffb6124: <= flush output

I (14713) mbedtls: ssl_tls.c:4201 0x3ffb6124: client state: MBEDTLS_SSL_SERVER_HELLO_DONE

I (14713) mbedtls: ssl_tls12_client.c:2330 0x3ffb6124: => parse server hello done

I (14713) mbedtls: ssl_msg.c:4040 0x3ffb6124: => read record

I (14713) mbedtls: ssl_msg.c:4108 0x3ffb6124: reuse previously read message

I (14713) mbedtls: ssl_msg.c:4112 0x3ffb6124: <= read record

D (14713) mbedtls: ssl_misc.h:1295 0x3ffb6124: handshake state: 6 (MBEDTLS_SSL_SERVER_HELLO_DONE) -> 7 (MBEDTLS_SSL_CLIENT_CERTIFICATE)

I (14713) mbedtls: ssl_tls12_client.c:2358 0x3ffb6124: <= parse server hello done

I (14713) mbedtls: ssl_msg.c:2063 0x3ffb6124: => flush output

I (14713) mbedtls: ssl_msg.c:2072 0x3ffb6124: <= flush output

I (14713) mbedtls: ssl_tls.c:4201 0x3ffb6124: client state: MBEDTLS_SSL_CLIENT_CERTIFICATE

I (14713) mbedtls: ssl_tls.c:6675 0x3ffb6124: => write certificate

I (14713) mbedtls: ssl_tls.c:6686 0x3ffb6124: <= skip write certificate

D (14713) mbedtls: ssl_misc.h:1295 0x3ffb6124: handshake state: 7 (MBEDTLS_SSL_CLIENT_CERTIFICATE) -> 8 (MBEDTLS_SSL_CLIENT_KEY_EXCHANGE)

I (14713) mbedtls: ssl_msg.c:2063 0x3ffb6124: => flush output

I (14713) mbedtls: ssl_msg.c:2072 0x3ffb6124: <= flush output

I (14713) mbedtls: ssl_tls.c:4201 0x3ffb6124: client state: MBEDTLS_SSL_CLIENT_KEY_EXCHANGE

I (14713) mbedtls: ssl_tls12_client.c:2373 0x3ffb6124: => write client key exchange

D (14713) mbedtls: ssl_tls12_client.c:2387 0x3ffb6124: Perform PSA-based ECDH computation.

[mem-tick] t=   13283 ms phase=handshake    free=216660
D (14873) mbedtls: ssl_misc.h:1295 0x3ffb6124: handshake state: 8 (MBEDTLS_SSL_CLIENT_KEY_EXCHANGE) -> 9 (MBEDTLS_SSL_CERTIFICATE_VERIFY)

I (14873) mbedtls: ssl_msg.c:2494 0x3ffb6124: => write handshake message

I (14873) mbedtls: ssl_msg.c:2654 0x3ffb6124: => write record

D (14873) mbedtls: ssl_msg.c:2737 0x3ffb6124: output record: msgtype = 22, version = [3:3], msglen = 37

I (14873) mbedtls: ssl_msg.c:2063 0x3ffb6124: => flush output

I (14873) mbedtls: ssl_msg.c:2077 0x3ffb6124: message length: 42, out_left: 42

I (14873) mbedtls: ssl_msg.c:2084 0x3ffb6124: ssl->f_send() returned 42 (-0xffffffd6)

I (14873) mbedtls: ssl_msg.c:2111 0x3ffb6124: <= flush output

I (14873) mbedtls: ssl_msg.c:2790 0x3ffb6124: <= write record

I (14873) mbedtls: ssl_msg.c:2615 0x3ffb6124: <= write handshake message

I (14873) mbedtls: ssl_tls12_client.c:2653 0x3ffb6124: <= write client key exchange

I (14873) mbedtls: ssl_msg.c:2063 0x3ffb6124: => flush output

I (14873) mbedtls: ssl_msg.c:2072 0x3ffb6124: <= flush output

I (14873) mbedtls: ssl_tls.c:4201 0x3ffb6124: client state: MBEDTLS_SSL_CERTIFICATE_VERIFY

I (14873) mbedtls: ssl_tls12_client.c:2701 0x3ffb6124: => write certificate verify

I (14873) mbedtls: ssl_tls.c:6466 0x3ffb6124: => derive keys

I (14873) mbedtls: ssl_tls.c:6557 0x3ffb6124: => PSA calc verify

D (14873) mbedtls: ssl_tls.c:6568 0x3ffb6124: dumping 'PSA calculated verify result' (48 bytes)

D (14873) mbedtls: ssl_tls.c:6568 0x3ffb6124: 0000:  61 f5 fb 73 46 45 43 68 b8 54 2b 75 8d d7 9c 71  a..sFECh.T+u...q

D (14873) mbedtls: ssl_tls.c:6568 0x3ffb6124: 0010:  10 87 51 ff d5 5f 74 82 cf d1 f5 70 f9 f2 9b c3  ..Q.._t....p....

D (14873) mbedtls: ssl_tls.c:6568 0x3ffb6124: 0020:  7d 95 44 5e 13 e8 78 d8 b1 76 71 fb 9d 5c a7 c2  }.D^..x..vq..\..

I (14873) mbedtls: ssl_tls.c:6569 0x3ffb6124: <= PSA calc verify

D (14873) mbedtls: ssl_tls.c:6308 0x3ffb6124: dumping 'session hash for extended master secret' (48 bytes)

D (14873) mbedtls: ssl_tls.c:6308 0x3ffb6124: 0000:  61 f5 fb 73 46 45 43 68 b8 54 2b 75 8d d7 9c 71  a..sFECh.T+u...q

D (14873) mbedtls: ssl_tls.c:6308 0x3ffb6124: 0010:  10 87 51 ff d5 5f 74 82 cf d1 f5 70 f9 f2 9b c3  ..Q.._t....p....

D (14873) mbedtls: ssl_tls.c:6308 0x3ffb6124: 0020:  7d 95 44 5e 13 e8 78 d8 b1 76 71 fb 9d 5c a7 c2  }.D^..x..vq..\..

D (14883) mbedtls: ssl_tls.c:6449 0x3ffb6124: dumping 'premaster secret' (32 bytes)

D (14883) mbedtls: ssl_tls.c:6449 0x3ffb6124: 0000:  07 4b 12 d8 0b 8f 3c d4 92 aa c5 5c 7b d7 7a e0  .K....<....\{.z.

D (14883) mbedtls: ssl_tls.c:6449 0x3ffb6124: 0010:  46 d7 58 c2 34 22 98 b2 11 66 cc fd 24 83 48 11  F.X.4"...f..$.H.

D (14883) mbedtls: ssl_tls.c:7762 0x3ffb6124: ciphersuite = TLS-ECDHE-ECDSA-WITH-AES-256-GCM-SHA384

D (14883) mbedtls: ssl_tls.c:7764 0x3ffb6124: dumping 'master secret' (48 bytes)

D (14883) mbedtls: ssl_tls.c:7764 0x3ffb6124: 0000:  8f 64 91 cd 5e f6 77 7e 69 ca 6d 78 5f f6 76 f5  .d..^.w~i.mx_.v.

D (14883) mbedtls: ssl_tls.c:7764 0x3ffb6124: 0010:  02 d1 1d 73 df ca d4 62 b6 c3 cb 76 a6 e0 23 56  ...s...b...v..#V

D (14883) mbedtls: ssl_tls.c:7764 0x3ffb6124: 0020:  e3 2d 73 27 c8 b5 92 41 1d 69 dd c2 1a f2 a0 2f  .-s'...A.i...../

D (14883) mbedtls: ssl_tls.c:7855 0x3ffb6124: keylen: 32, minlen: 24, ivlen: 12, maclen: 0

I (14883) mbedtls: ssl_tls.c:6517 0x3ffb6124: <= derive keys

I (14883) mbedtls: ssl_tls12_client.c:2723 0x3ffb6124: <= skip write certificate verify

D (14883) mbedtls: ssl_misc.h:1295 0x3ffb6124: handshake state: 9 (MBEDTLS_SSL_CERTIFICATE_VERIFY) -> 10 (MBEDTLS_SSL_CLIENT_CHANGE_CIPHER_SPEC)

I (14883) mbedtls: ssl_msg.c:2063 0x3ffb6124: => flush output

I (14883) mbedtls: ssl_msg.c:2072 0x3ffb6124: <= flush output

I (14883) mbedtls: ssl_tls.c:4201 0x3ffb6124: client state: MBEDTLS_SSL_CLIENT_CHANGE_CIPHER_SPEC

I (14883) mbedtls: ssl_msg.c:5087 0x3ffb6124: => write change cipher spec

D (14883) mbedtls: ssl_misc.h:1295 0x3ffb6124: handshake state: 10 (MBEDTLS_SSL_CLIENT_CHANGE_CIPHER_SPEC) -> 11 (MBEDTLS_SSL_CLIENT_FINISHED)

I (14883) mbedtls: ssl_msg.c:2494 0x3ffb6124: => write handshake message

I (14883) mbedtls: ssl_msg.c:2654 0x3ffb6124: => write record

D (14883) mbedtls: ssl_msg.c:2737 0x3ffb6124: output record: msgtype = 20, version = [3:3], msglen = 1

I (14883) mbedtls: ssl_msg.c:2063 0x3ffb6124: => flush output

I (14883) mbedtls: ssl_msg.c:2077 0x3ffb6124: message length: 6, out_left: 6

I (14883) mbedtls: ssl_msg.c:2084 0x3ffb6124: ssl->f_send() returned 6 (-0xfffffffa)

I (14883) mbedtls: ssl_msg.c:2111 0x3ffb6124: <= flush output

I (14883) mbedtls: ssl_msg.c:2790 0x3ffb6124: <= write record

I (14883) mbedtls: ssl_msg.c:2615 0x3ffb6124: <= write handshake message

I (14883) mbedtls: ssl_msg.c:5100 0x3ffb6124: <= write change cipher spec

I (14883) mbedtls: ssl_msg.c:2063 0x3ffb6124: => flush output

I (14883) mbedtls: ssl_msg.c:2072 0x3ffb6124: <= flush output

I (14883) mbedtls: ssl_tls.c:4201 0x3ffb6124: client state: MBEDTLS_SSL_CLIENT_FINISHED

I (14883) mbedtls: ssl_tls.c:7384 0x3ffb6124: => write finished

I (14883) mbedtls: ssl_tls.c:7235 0x3ffb6124: => calc PSA finished tls

D (14883) mbedtls: ssl_tls.c:7246 0x3ffb6124: dumping 'PSA calculated padbuf' (48 bytes)

D (14883) mbedtls: ssl_tls.c:7246 0x3ffb6124: 0000:  61 f5 fb 73 46 45 43 68 b8 54 2b 75 8d d7 9c 71  a..sFECh.T+u...q

D (14883) mbedtls: ssl_tls.c:7246 0x3ffb6124: 0010:  10 87 51 ff d5 5f 74 82 cf d1 f5 70 f9 f2 9b c3  ..Q.._t....p....

D (14883) mbedtls: ssl_tls.c:7246 0x3ffb6124: 0020:  7d 95 44 5e 13 e8 78 d8 b1 76 71 fb 9d 5c a7 c2  }.D^..x..vq..\..

D (14883) mbedtls: ssl_tls.c:7258 0x3ffb6124: dumping 'calc finished result' (12 bytes)

D (14883) mbedtls: ssl_tls.c:7258 0x3ffb6124: 0000:  e4 06 00 b2 f7 4d 47 80 16 97 8a 12              .....MG.....

I (14883) mbedtls: ssl_tls.c:7262 0x3ffb6124: <= calc finished

D (14883) mbedtls: ssl_misc.h:1295 0x3ffb6124: handshake state: 11 (MBEDTLS_SSL_CLIENT_FINISHED) -> 12 (MBEDTLS_SSL_SERVER_CHANGE_CIPHER_SPEC)

D (14883) mbedtls: ssl_tls.c:7434 0x3ffb6124: switching to new transform spec for outbound data

I (14883) mbedtls: ssl_msg.c:2494 0x3ffb6124: => write handshake message

I (14883) mbedtls: ssl_msg.c:2654 0x3ffb6124: => write record

I (14883) mbedtls: ssl_msg.c:808 0x3ffb6124: => encrypt buf

D (14883) mbedtls: ssl_msg.c:1036 0x3ffb6124: before encrypt: msglen = 16, including 0 bytes of padding

I (14883) mbedtls: ssl_msg.c:1265 0x3ffb6124: <= encrypt buf

D (14883) mbedtls: ssl_msg.c:2737 0x3ffb6124: output record: msgtype = 22, version = [3:3], msglen = 40

I (14883) mbedtls: ssl_msg.c:2063 0x3ffb6124: => flush output

I (14883) mbedtls: ssl_msg.c:2077 0x3ffb6124: message length: 45, out_left: 45

I (14883) mbedtls: ssl_msg.c:2084 0x3ffb6124: ssl->f_send() returned 45 (-0xffffffd3)

I (14883) mbedtls: ssl_msg.c:2111 0x3ffb6124: <= flush output

I (14883) mbedtls: ssl_msg.c:2790 0x3ffb6124: <= write record

I (14893) mbedtls: ssl_msg.c:2615 0x3ffb6124: <= write handshake message

I (14893) mbedtls: ssl_tls.c:7487 0x3ffb6124: <= write finished

I (14893) mbedtls: ssl_msg.c:2063 0x3ffb6124: => flush output

I (14893) mbedtls: ssl_msg.c:2072 0x3ffb6124: <= flush output

I (14893) mbedtls: ssl_tls.c:4201 0x3ffb6124: client state: MBEDTLS_SSL_SERVER_CHANGE_CIPHER_SPEC

D (14893) mbedtls: ssl_misc.h:1295 0x3ffb6124: handshake state: 12 (MBEDTLS_SSL_SERVER_CHANGE_CIPHER_SPEC) -> 16 (MBEDTLS_SSL_NEW_SESSION_TICKET)

I (14893) mbedtls: ssl_tls12_client.c:2829 0x3ffb6124: => parse new session ticket

I (14893) mbedtls: ssl_msg.c:4040 0x3ffb6124: => read record

I (14893) mbedtls: ssl_msg.c:1865 0x3ffb6124: => fetch input

I (14893) mbedtls: ssl_msg.c:2005 0x3ffb6124: in_left: 0, nb_want: 5

I (14893) mbedtls: ssl_msg.c:2025 0x3ffb6124: in_left: 0, nb_want: 5

I (14893) mbedtls: ssl_msg.c:2028 0x3ffb6124: ssl->f_recv(_timeout)() returned 5 (-0xfffffffb)

I (14893) mbedtls: ssl_msg.c:2050 0x3ffb6124: <= fetch input

D (14893) mbedtls: ssl_msg.c:3707 0x3ffb6124: input record: msgtype = 22, version = [0x303], msglen = 186

I (14893) mbedtls: ssl_msg.c:1865 0x3ffb6124: => fetch input

I (14893) mbedtls: ssl_msg.c:2005 0x3ffb6124: in_left: 5, nb_want: 191

I (14893) mbedtls: ssl_msg.c:2025 0x3ffb6124: in_left: 5, nb_want: 191

I (14893) mbedtls: ssl_msg.c:2028 0x3ffb6124: ssl->f_recv(_timeout)() returned 186 (-0xffffff46)

I (14893) mbedtls: ssl_msg.c:2050 0x3ffb6124: <= fetch input

D (14893) mbedtls: ssl_msg.c:2948 0x3ffb6124: handshake message: msglen = 186, type = 4, hslen = 186

D (14893) mbedtls: ssl_msg.c:3085 0x3ffb6124: sole handshake fragment: 186, 0..186 of 186

I (14893) mbedtls: ssl_msg.c:4112 0x3ffb6124: <= read record

D (14893) mbedtls: ssl_tls12_client.c:2876 0x3ffb6124: ticket length: 176

D (14893) mbedtls: ssl_misc.h:1295 0x3ffb6124: handshake state: 16 (MBEDTLS_SSL_NEW_SESSION_TICKET) -> 12 (MBEDTLS_SSL_SERVER_CHANGE_CIPHER_SPEC)

D (14893) mbedtls: ssl_tls12_client.c:2920 0x3ffb6124: ticket in use, discarding session id

I (14893) mbedtls: ssl_tls12_client.c:2923 0x3ffb6124: <= parse new session ticket

I (14893) mbedtls: ssl_msg.c:2063 0x3ffb6124: => flush output

I (14893) mbedtls: ssl_msg.c:2072 0x3ffb6124: <= flush output

I (14893) mbedtls: ssl_tls.c:4201 0x3ffb6124: client state: MBEDTLS_SSL_SERVER_CHANGE_CIPHER_SPEC

I (14893) mbedtls: ssl_msg.c:5109 0x3ffb6124: => parse change cipher spec

I (14893) mbedtls: ssl_msg.c:4040 0x3ffb6124: => read record

I (14893) mbedtls: ssl_msg.c:1865 0x3ffb6124: => fetch input

I (14893) mbedtls: ssl_msg.c:2005 0x3ffb6124: in_left: 0, nb_want: 5

I (14893) mbedtls: ssl_msg.c:2025 0x3ffb6124: in_left: 0, nb_want: 5

I (14893) mbedtls: ssl_msg.c:2028 0x3ffb6124: ssl->f_recv(_timeout)() returned 5 (-0xfffffffb)

I (14893) mbedtls: ssl_msg.c:2050 0x3ffb6124: <= fetch input

D (14893) mbedtls: ssl_msg.c:3707 0x3ffb6124: input record: msgtype = 20, version = [0x303], msglen = 1

I (14893) mbedtls: ssl_msg.c:1865 0x3ffb6124: => fetch input

I (14893) mbedtls: ssl_msg.c:2005 0x3ffb6124: in_left: 5, nb_want: 6

I (14893) mbedtls: ssl_msg.c:2025 0x3ffb6124: in_left: 5, nb_want: 6

I (14893) mbedtls: ssl_msg.c:2028 0x3ffb6124: ssl->f_recv(_timeout)() returned 1 (-0xffffffff)

I (14893) mbedtls: ssl_msg.c:2050 0x3ffb6124: <= fetch input

I (14893) mbedtls: ssl_msg.c:4112 0x3ffb6124: <= read record

D (14893) mbedtls: ssl_msg.c:5130 0x3ffb6124: switching to new transform spec for inbound data

D (14893) mbedtls: ssl_misc.h:1295 0x3ffb6124: handshake state: 12 (MBEDTLS_SSL_SERVER_CHANGE_CIPHER_SPEC) -> 13 (MBEDTLS_SSL_SERVER_FINISHED)

I (14893) mbedtls: ssl_msg.c:5157 0x3ffb6124: <= parse change cipher spec

I (14893) mbedtls: ssl_msg.c:2063 0x3ffb6124: => flush output

I (14893) mbedtls: ssl_msg.c:2072 0x3ffb6124: <= flush output

I (14893) mbedtls: ssl_tls.c:4201 0x3ffb6124: client state: MBEDTLS_SSL_SERVER_FINISHED

I (14893) mbedtls: ssl_tls.c:7500 0x3ffb6124: => parse finished

I (14893) mbedtls: ssl_tls.c:7235 0x3ffb6124: => calc PSA finished tls

D (14893) mbedtls: ssl_tls.c:7246 0x3ffb6124: dumping 'PSA calculated padbuf' (48 bytes)

D (14893) mbedtls: ssl_tls.c:7246 0x3ffb6124: 0000:  8c 62 4d e2 39 fb 18 16 54 52 fd cf 27 2a 99 ba  .bM.9...TR..'*..

D (14893) mbedtls: ssl_tls.c:7246 0x3ffb6124: 0010:  63 2a 57 50 36 10 cd 27 5a bc 24 b7 95 42 f7 69  c*WP6..'Z.$..B.i

D (14893) mbedtls: ssl_tls.c:7246 0x3ffb6124: 0020:  21 58 23 76 f2 06 a1 03 18 69 eb f9 30 b8 2e c3  !X#v.....i..0...

D (14893) mbedtls: ssl_tls.c:7258 0x3ffb6124: dumping 'calc finished result' (12 bytes)

D (14893) mbedtls: ssl_tls.c:7258 0x3ffb6124: 0000:  5f 3f 89 6f de c4 3d 51 0a 34 ae 34              _?.o..=Q.4.4

I (14893) mbedtls: ssl_tls.c:7262 0x3ffb6124: <= calc finished

I (14893) mbedtls: ssl_msg.c:4040 0x3ffb6124: => read record

I (14893) mbedtls: ssl_msg.c:1865 0x3ffb6124: => fetch input

I (14893) mbedtls: ssl_msg.c:2005 0x3ffb6124: in_left: 0, nb_want: 5

I (14903) mbedtls: ssl_msg.c:2025 0x3ffb6124: in_left: 0, nb_want: 5

I (14903) mbedtls: ssl_msg.c:2028 0x3ffb6124: ssl->f_recv(_timeout)() returned 5 (-0xfffffffb)

I (14903) mbedtls: ssl_msg.c:2050 0x3ffb6124: <= fetch input

D (14903) mbedtls: ssl_msg.c:3707 0x3ffb6124: input record: msgtype = 22, version = [0x303], msglen = 40

I (14903) mbedtls: ssl_msg.c:1865 0x3ffb6124: => fetch input

I (14903) mbedtls: ssl_msg.c:2005 0x3ffb6124: in_left: 5, nb_want: 45

I (14903) mbedtls: ssl_msg.c:2025 0x3ffb6124: in_left: 5, nb_want: 45

I (14903) mbedtls: ssl_msg.c:2028 0x3ffb6124: ssl->f_recv(_timeout)() returned 40 (-0xffffffd8)

I (14903) mbedtls: ssl_msg.c:2050 0x3ffb6124: <= fetch input

I (14903) mbedtls: ssl_msg.c:1301 0x3ffb6124: => decrypt buf

I (14903) mbedtls: ssl_msg.c:1831 0x3ffb6124: <= decrypt buf

D (14903) mbedtls: ssl_msg.c:2948 0x3ffb6124: handshake message: msglen = 16, type = 20, hslen = 16

D (14903) mbedtls: ssl_msg.c:3085 0x3ffb6124: sole handshake fragment: 16, 0..16 of 16

I (14903) mbedtls: ssl_msg.c:4112 0x3ffb6124: <= read record

D (14903) mbedtls: ssl_misc.h:1295 0x3ffb6124: handshake state: 13 (MBEDTLS_SSL_SERVER_FINISHED) -> 14 (MBEDTLS_SSL_FLUSH_BUFFERS)

I (14903) mbedtls: ssl_tls.c:7571 0x3ffb6124: <= parse finished

I (14903) mbedtls: ssl_msg.c:2063 0x3ffb6124: => flush output

I (14903) mbedtls: ssl_msg.c:2072 0x3ffb6124: <= flush output

I (14903) mbedtls: ssl_tls.c:4201 0x3ffb6124: client state: MBEDTLS_SSL_FLUSH_BUFFERS

I (14903) mbedtls: ssl_tls12_client.c:3031 0x3ffb6124: handshake: done

D (14903) mbedtls: ssl_misc.h:1295 0x3ffb6124: handshake state: 14 (MBEDTLS_SSL_FLUSH_BUFFERS) -> 15 (MBEDTLS_SSL_HANDSHAKE_WRAPUP)

I (14903) mbedtls: ssl_msg.c:2063 0x3ffb6124: => flush output

I (14903) mbedtls: ssl_msg.c:2072 0x3ffb6124: <= flush output

I (14903) mbedtls: ssl_tls.c:4201 0x3ffb6124: client state: MBEDTLS_SSL_HANDSHAKE_WRAPUP

D (14903) mbedtls: ssl_tls.c:7322 0x3ffb6124: => handshake wrapup

D (14903) mbedtls: ssl_tls.c:7296 0x3ffb6124: => handshake wrapup: final free

D (14903) mbedtls: ssl_tls.c:7315 0x3ffb6124: <= handshake wrapup: final free

D (14903) mbedtls: ssl_misc.h:1295 0x3ffb6124: handshake state: 15 (MBEDTLS_SSL_HANDSHAKE_WRAPUP) -> 27 (MBEDTLS_SSL_HANDSHAKE_OVER)

D (14903) mbedtls: ssl_tls.c:7376 0x3ffb6124: <= handshake wrapup

I (14903) mbedtls: ssl_tls.c:4293 0x3ffb6124: <= handshake

[phase-a] tcp_connect=2072 us | tls_handshake=402384 us | total=404456 us
[neg] version=TLSv1.2 suite=TLS-ECDHE-ECDSA-WITH-AES-256-GCM-SHA384 peer_cert=0 bytes
[mem] post-handshake         free=220268 largest=110592 min-ever=210552
[ledger] HANDSHAKE_PEAK_DELTA(EC) = 0 bytes (min-ever 210552 -> 210552)
I (14903) mbedtls: ssl_msg.c:5925 0x3ffb6124: => write

I (14903) mbedtls: ssl_msg.c:2654 0x3ffb6124: => write record

I (14903) mbedtls: ssl_msg.c:808 0x3ffb6124: => encrypt buf

D (14903) mbedtls: ssl_msg.c:1036 0x3ffb6124: before encrypt: msglen = 13, including 0 bytes of padding

I (14903) mbedtls: ssl_msg.c:1265 0x3ffb6124: <= encrypt buf

D (14903) mbedtls: ssl_msg.c:2737 0x3ffb6124: output record: msgtype = 23, version = [3:3], msglen = 37

I (14903) mbedtls: ssl_msg.c:2063 0x3ffb6124: => flush output

I (14903) mbedtls: ssl_msg.c:2077 0x3ffb6124: message length: 42, out_left: 42

I (14903) mbedtls: ssl_msg.c:2084 0x3ffb6124: ssl->f_send() returned 42 (-0xffffffd6)

I (14903) mbedtls: ssl_msg.c:2111 0x3ffb6124: <= flush output

I (14903) mbedtls: ssl_msg.c:2790 0x3ffb6124: <= write record

I (14903) mbedtls: ssl_msg.c:5947 0x3ffb6124: <= write

I (14903) mbedtls: ssl_msg.c:5663 0x3ffb6124: => read

I (14903) mbedtls: ssl_msg.c:4040 0x3ffb6124: => read record

I (14903) mbedtls: ssl_msg.c:1865 0x3ffb6124: => fetch input

I (14903) mbedtls: ssl_msg.c:2005 0x3ffb6124: in_left: 0, nb_want: 5

[mem-tick] t=   13381 ms phase=session      free=218708
[mem-tick] t=   13481 ms phase=session      free=220268
[mem-tick] t=   13581 ms phase=session      free=220268
[mem-tick] t=   13681 ms phase=session      free=220268
[mem-tick] t=   13781 ms phase=session      free=220268
[mem-tick] t=   13881 ms phase=session      free=220268
[mem-tick] t=   13981 ms phase=session      free=220268
[mem-tick] t=   14081 ms phase=session      free=220268
[mem-tick] t=   14181 ms phase=session      free=220268
[mem-tick] t=   14281 ms phase=session      free=220268
[mem-tick] t=   14381 ms phase=session      free=220268
[mem-tick] t=   14481 ms phase=session      free=220268
[mem-tick] t=   14581 ms phase=session      free=220268
[mem-tick] t=   14681 ms phase=session      free=220268
[mem-tick] t=   14781 ms phase=session      free=220268
[mem-tick] t=   14881 ms phase=session      free=220268
[mem-tick] t=   14981 ms phase=session      free=220268
[mem-tick] t=   15081 ms phase=session      free=220268
[mem-tick] t=   15181 ms phase=session      free=220268
[mem-tick] t=   15281 ms phase=session      free=220268
[mem-tick] t=   15381 ms phase=session      free=220268
[mem-tick] t=   15481 ms phase=session      free=220268
[mem-tick] t=   15581 ms phase=session      free=220268
[mem-tick] t=   15681 ms phase=session      free=220268
[mem-tick] t=   15781 ms phase=session      free=220268
[mem-tick] t=   15881 ms phase=session      free=220268
[mem-tick] t=   15981 ms phase=session      free=220268
[mem-tick] t=   16081 ms phase=session      free=220268
[mem-tick] t=   16181 ms phase=session      free=220268
[mem-tick] t=   16281 ms phase=session      free=220268
[mem-tick] t=   16381 ms phase=session      free=220268
[mem-tick] t=   16481 ms phase=session      free=220268
[mem-tick] t=   16581 ms phase=session      free=220268
[mem-tick] t=   16681 ms phase=session      free=220268
[mem-tick] t=   16781 ms phase=session      free=220268
[mem-tick] t=   16881 ms phase=session      free=220268
[mem-tick] t=   16981 ms phase=session      free=220268
[mem-tick] t=   17081 ms phase=session      free=220268
[mem-tick] t=   17181 ms phase=session      free=220268
[mem-tick] t=   17281 ms phase=session      free=220268
[mem-tick] t=   17381 ms phase=session      free=220268
[mem-tick] t=   17481 ms phase=session      free=220268
[mem-tick] t=   17581 ms phase=session      free=220268
[mem-tick] t=   17681 ms phase=session      free=220268
[mem-tick] t=   17781 ms phase=session      free=220268
[mem-tick] t=   17881 ms phase=session      free=220268
[mem-tick] t=   17981 ms phase=session      free=220268
[mem-tick] t=   18081 ms phase=session      free=220268
[mem-tick] t=   18181 ms phase=session      free=220268
[mem-tick] t=   18281 ms phase=session      free=220268
[mem-tick] t=   18381 ms phase=session      free=220268
[mem-tick] t=   18481 ms phase=session      free=220268
[mem-tick] t=   18581 ms phase=session      free=220268
[mem-tick] t=   18681 ms phase=session      free=220268
[mem-tick] t=   18781 ms phase=session      free=220268
[mem-tick] t=   18881 ms phase=session      free=220268
[mem-tick] t=   18981 ms phase=session      free=220268
[mem-tick] t=   19081 ms phase=session      free=220268
[mem-tick] t=   19181 ms phase=session      free=220268
[mem-tick] t=   19281 ms phase=session      free=220268
[mem-tick] t=   19381 ms phase=session      free=220268
[mem-tick] t=   19481 ms phase=session      free=220268
[mem-tick] t=   19581 ms phase=session      free=220268
[mem-tick] t=   19681 ms phase=session      free=220268
[mem-tick] t=   19781 ms phase=session      free=220268
[mem-tick] t=   19881 ms phase=session      free=220268
[mem-tick] t=   19981 ms phase=session      free=220268
[mem-tick] t=   20081 ms phase=session      free=220268
[mem-tick] t=   20181 ms phase=session      free=220268
[mem-tick] t=   20281 ms phase=session      free=220268
[mem-tick] t=   20381 ms phase=session      free=220268
[mem-tick] t=   20481 ms phase=session      free=220268
[mem-tick] t=   20581 ms phase=session      free=220268
[mem-tick] t=   20681 ms phase=session      free=220268
[mem-tick] t=   20781 ms phase=session      free=220268
[mem-tick] t=   20881 ms phase=session      free=220268
[mem-tick] t=   20981 ms phase=session      free=220268
[mem-tick] t=   21081 ms phase=session      free=220268
[mem-tick] t=   21181 ms phase=session      free=220268
[mem-tick] t=   21281 ms phase=session      free=220268
[mem-tick] t=   21381 ms phase=session      free=220268
[mem-tick] t=   21481 ms phase=session      free=220268
[mem-tick] t=   21581 ms phase=session      free=220268
[mem-tick] t=   21681 ms phase=session      free=220268
[mem-tick] t=   21781 ms phase=session      free=220268
[mem-tick] t=   21881 ms phase=session      free=220268
[mem-tick] t=   21981 ms phase=session      free=220268
[mem-tick] t=   22081 ms phase=session      free=220268
[mem-tick] t=   22181 ms phase=session      free=220268
[mem-tick] t=   22281 ms phase=session      free=220268
[mem-tick] t=   22381 ms phase=session      free=220268
[mem-tick] t=   22481 ms phase=session      free=220268
[mem-tick] t=   22581 ms phase=session      free=220268
[mem-tick] t=   22681 ms phase=session      free=220268
[mem-tick] t=   22781 ms phase=session      free=220268
[mem-tick] t=   22881 ms phase=session      free=220268
[mem-tick] t=   22981 ms phase=session      free=220268
[mem-tick] t=   23081 ms phase=session      free=220268
[mem-tick] t=   23181 ms phase=session      free=220268
[mem-tick] t=   23281 ms phase=session      free=220268
I (24903) mbedtls: ssl_msg.c:2025 0x3ffb6124: in_left: 0, nb_want: 5

[echo] read r=-26880
[mem] post-session           free=220268 largest=110592 min-ever=210552
[mem-tick] t=   23381 ms phase=closing      free=246184
[mem-tick] t=   23481 ms phase=closing      free=246204
[mem-tick] t=   23581 ms phase=closing      free=246204
[mem-tick] t=   23681 ms phase=closing      free=246204
[mem-tick] t=   23781 ms phase=closing      free=246204
[ledger] CLOSED(EC): free now=246204, before-this-phase=246204, retained=0
[mem-tick] t=   23881 ms phase=EC-settled   free=246204
[mem-tick] t=   23981 ms phase=EC-settled   free=246204
[mem-tick] t=   24081 ms phase=EC-settled   free=246204
[mem-tick] t=   24181 ms phase=EC-settled   free=246204
[mem] settled                free=246204 largest=110592 min-ever=210552

===== PHASE D: throughput plain-vs-tls (3 rounds interleaved, 1024B x 2048 msgs each) =====
W (25803) esp-tls-mbedtls: skip_common_name=true: hostname matching and SNI disabled. This disables ALL server-name authentication (CN/SAN/SNI), not just CN. Only intended for loopback / debug clients.
D (25803) esp-tls: handshake in progress...
I (25803) mbedtls: ssl_tls.c:4282 0x3ffb6124: => handshake

I (25803) mbedtls: ssl_msg.c:2063 0x3ffb6124: => flush output

I (25803) mbedtls: ssl_msg.c:2072 0x3ffb6124: <= flush output

I (25803) mbedtls: ssl_tls.c:4201 0x3ffb6124: client state: MBEDTLS_SSL_HELLO_REQUEST

D (25803) mbedtls: ssl_misc.h:1295 0x3ffb6124: handshake state: 0 (MBEDTLS_SSL_HELLO_REQUEST) -> 1 (MBEDTLS_SSL_CLIENT_HELLO)

I (25803) mbedtls: ssl_msg.c:2063 0x3ffb6124: => flush output

I (25803) mbedtls: ssl_msg.c:2072 0x3ffb6124: <= flush output

I (25803) mbedtls: ssl_tls.c:4201 0x3ffb6124: client state: MBEDTLS_SSL_CLIENT_HELLO

I (25803) mbedtls: ssl_client.c:917 0x3ffb6124: => write client hello

D (25803) mbedtls: ssl_client.c:722 0x3ffb6124: client hello, current time: 24

D (25803) mbedtls: ssl_client.c:485 0x3ffb6124: dumping 'client hello, random bytes' (32 bytes)

D (25803) mbedtls: ssl_client.c:485 0x3ffb6124: 0000:  00 00 00 18 04 29 60 09 bc 11 6d 3e dd 0d ca db  .....)`...m>....

D (25803) mbedtls: ssl_client.c:485 0x3ffb6124: 0010:  51 68 86 40 54 34 04 32 df 96 fd d1 cc f8 a8 07  Qh.@T4.2........

D (25803) mbedtls: ssl_client.c:510 0x3ffb6124: dumping 'session id' (0 bytes)

D (25803) mbedtls: ssl_client.c:368 0x3ffb6124: client hello, add ciphersuite: c02c, TLS-ECDHE-ECDSA-WITH-AES-256-GCM-SHA384

D (25803) mbedtls: ssl_client.c:368 0x3ffb6124: client hello, add ciphersuite: c030, TLS-ECDHE-RSA-WITH-AES-256-GCM-SHA384

D (25803) mbedtls: ssl_client.c:368 0x3ffb6124: client hello, add ciphersuite: c0ad, TLS-ECDHE-ECDSA-WITH-AES-256-CCM

D (25803) mbedtls: ssl_client.c:368 0x3ffb6124: client hello, add ciphersuite: c024, TLS-ECDHE-ECDSA-WITH-AES-256-CBC-SHA384

D (25803) mbedtls: ssl_client.c:368 0x3ffb6124: client hello, add ciphersuite: c028, TLS-ECDHE-RSA-WITH-AES-256-CBC-SHA384

D (25803) mbedtls: ssl_client.c:368 0x3ffb6124: client hello, add ciphersuite: c00a, TLS-ECDHE-ECDSA-WITH-AES-256-CBC-SHA

D (25803) mbedtls: ssl_client.c:368 0x3ffb6124: client hello, add ciphersuite: c014, TLS-ECDHE-RSA-WITH-AES-256-CBC-SHA

D (25803) mbedtls: ssl_client.c:368 0x3ffb6124: client hello, add ciphersuite: c0af, TLS-ECDHE-ECDSA-WITH-AES-256-CCM-8

D (25803) mbedtls: ssl_client.c:368 0x3ffb6124: client hello, add ciphersuite: c02b, TLS-ECDHE-ECDSA-WITH-AES-128-GCM-SHA256

D (25803) mbedtls: ssl_client.c:368 0x3ffb6124: client hello, add ciphersuite: c02f, TLS-ECDHE-RSA-WITH-AES-128-GCM-SHA256

D (25803) mbedtls: ssl_client.c:368 0x3ffb6124: client hello, add ciphersuite: c0ac, TLS-ECDHE-ECDSA-WITH-AES-128-CCM

D (25803) mbedtls: ssl_client.c:368 0x3ffb6124: client hello, add ciphersuite: c023, TLS-ECDHE-ECDSA-WITH-AES-128-CBC-SHA256

D (25813) mbedtls: ssl_client.c:368 0x3ffb6124: client hello, add ciphersuite: c027, TLS-ECDHE-RSA-WITH-AES-128-CBC-SHA256

D (25813) mbedtls: ssl_client.c:368 0x3ffb6124: client hello, add ciphersuite: c009, TLS-ECDHE-ECDSA-WITH-AES-128-CBC-SHA

D (25813) mbedtls: ssl_client.c:368 0x3ffb6124: client hello, add ciphersuite: c013, TLS-ECDHE-RSA-WITH-AES-128-CBC-SHA

D (25813) mbedtls: ssl_client.c:368 0x3ffb6124: client hello, add ciphersuite: c0ae, TLS-ECDHE-ECDSA-WITH-AES-128-CCM-8

D (25813) mbedtls: ssl_client.c:386 0x3ffb6124: adding EMPTY_RENEGOTIATION_INFO_SCSV

D (25813) mbedtls: ssl_client.c:395 0x3ffb6124: client hello, got 17 cipher suites

D (25813) mbedtls: ssl_client.c:229 0x3ffb6124: client hello, adding supported_groups extension

D (25813) mbedtls: ssl_client.c:248 0x3ffb6124: got supported group(001d)

D (25813) mbedtls: ssl_client.c:280 0x3ffb6124: NamedGroup: x25519 ( 1d )

D (25813) mbedtls: ssl_client.c:248 0x3ffb6124: got supported group(0017)

D (25813) mbedtls: ssl_client.c:280 0x3ffb6124: NamedGroup: secp256r1 ( 17 )

D (25813) mbedtls: ssl_client.c:248 0x3ffb6124: got supported group(0018)

[mem-tick] t=   24283 ms phase=thr-setup    free=217992
D (25813) mbedtls: ssl_client.c:280 0x3ffb6124: NamedGroup: secp384r1 ( 18 )

D (25813) mbedtls: ssl_client.c:248 0x3ffb6124: got supported group(001e)

D (25813) mbedtls: ssl_client.c:280 0x3ffb6124: NamedGroup: x448 ( 1e )

D (25813) mbedtls: ssl_client.c:248 0x3ffb6124: got supported group(0019)

D (25813) mbedtls: ssl_client.c:280 0x3ffb6124: NamedGroup: secp521r1 ( 19 )

D (25813) mbedtls: ssl_client.c:248 0x3ffb6124: got supported group(001a)

D (25813) mbedtls: ssl_client.c:280 0x3ffb6124: NamedGroup: bp256r1 ( 1a )

D (25813) mbedtls: ssl_client.c:248 0x3ffb6124: got supported group(001b)

D (25813) mbedtls: ssl_client.c:280 0x3ffb6124: NamedGroup: bp384r1 ( 1b )

D (25813) mbedtls: ssl_client.c:248 0x3ffb6124: got supported group(001c)

D (25813) mbedtls: ssl_client.c:280 0x3ffb6124: NamedGroup: bp512r1 ( 1c )

D (25813) mbedtls: ssl_client.c:248 0x3ffb6124: got supported group(0100)

D (25813) mbedtls: ssl_client.c:248 0x3ffb6124: got supported group(0101)

D (25813) mbedtls: ssl_client.c:248 0x3ffb6124: got supported group(0102)

D (25813) mbedtls: ssl_client.c:248 0x3ffb6124: got supported group(0103)

D (25813) mbedtls: ssl_client.c:248 0x3ffb6124: got supported group(0104)

D (25813) mbedtls: ssl_client.c:300 0x3ffb6124: dumping 'Supported groups extension' (18 bytes)

D (25813) mbedtls: ssl_client.c:300 0x3ffb6124: 0000:  00 10 00 1d 00 17 00 18 00 1e 00 19 00 1a 00 1b  ................

D (25813) mbedtls: ssl_client.c:300 0x3ffb6124: 0010:  00 1c                                            ..

D (25813) mbedtls: ssl_tls.c:8276 0x3ffb6124: adding signature_algorithms extension

D (25813) mbedtls: ssl_tls.c:8296 0x3ffb6124: got signature scheme [603] ecdsa_secp521r1_sha512

D (25813) mbedtls: ssl_tls.c:8305 0x3ffb6124: sent signature scheme [603] ecdsa_secp521r1_sha512

D (25813) mbedtls: ssl_tls.c:8296 0x3ffb6124: got signature scheme [806] rsa_pss_rsae_sha512

D (25813) mbedtls: ssl_tls.c:8296 0x3ffb6124: got signature scheme [601] rsa_pkcs1_sha512

D (25813) mbedtls: ssl_tls.c:8305 0x3ffb6124: sent signature scheme [601] rsa_pkcs1_sha512

D (25813) mbedtls: ssl_tls.c:8296 0x3ffb6124: got signature scheme [503] ecdsa_secp384r1_sha384

D (25813) mbedtls: ssl_tls.c:8305 0x3ffb6124: sent signature scheme [503] ecdsa_secp384r1_sha384

D (25813) mbedtls: ssl_tls.c:8296 0x3ffb6124: got signature scheme [805] rsa_pss_rsae_sha384

D (25813) mbedtls: ssl_tls.c:8296 0x3ffb6124: got signature scheme [501] rsa_pkcs1_sha384

D (25813) mbedtls: ssl_tls.c:8305 0x3ffb6124: sent signature scheme [501] rsa_pkcs1_sha384

D (25813) mbedtls: ssl_tls.c:8296 0x3ffb6124: got signature scheme [403] ecdsa_secp256r1_sha256

D (25813) mbedtls: ssl_tls.c:8305 0x3ffb6124: sent signature scheme [403] ecdsa_secp256r1_sha256

D (25823) mbedtls: ssl_tls.c:8296 0x3ffb6124: got signature scheme [804] rsa_pss_rsae_sha256

D (25823) mbedtls: ssl_tls.c:8296 0x3ffb6124: got signature scheme [401] rsa_pkcs1_sha256

D (25823) mbedtls: ssl_tls.c:8305 0x3ffb6124: sent signature scheme [401] rsa_pkcs1_sha256

D (25823) mbedtls: ssl_tls12_client.c:103 0x3ffb6124: client hello, adding supported_point_formats extension

D (25823) mbedtls: ssl_tls12_client.c:287 0x3ffb6124: client hello, adding encrypt_then_mac extension

D (25823) mbedtls: ssl_tls12_client.c:319 0x3ffb6124: client hello, adding extended_master_secret extension

D (25823) mbedtls: ssl_tls12_client.c:352 0x3ffb6124: client hello, adding session ticket extension

D (25823) mbedtls: ssl_client.c:687 0x3ffb6124: client hello, total extension length: 58

D (25823) mbedtls: ssl_client.c:689 0x3ffb6124: dumping 'client hello extensions' (58 bytes)

D (25823) mbedtls: ssl_client.c:689 0x3ffb6124: 0000:  00 3a 00 0a 00 12 00 10 00 1d 00 17 00 18 00 1e  .:..............

D (25823) mbedtls: ssl_client.c:689 0x3ffb6124: 0010:  00 19 00 1a 00 1b 00 1c 00 0d 00 0e 00 0c 06 03  ................

D (25823) mbedtls: ssl_client.c:689 0x3ffb6124: 0020:  06 01 05 03 05 01 04 03 04 01 00 0b 00 02 01 00  ................

D (25823) mbedtls: ssl_client.c:689 0x3ffb6124: 0030:  00 16 00 00 00 17 00 00 00 23                    .........#

I (25823) mbedtls: ssl_msg.c:2494 0x3ffb6124: => write handshake message

I (25823) mbedtls: ssl_msg.c:2654 0x3ffb6124: => write record

D (25823) mbedtls: ssl_msg.c:2737 0x3ffb6124: output record: msgtype = 22, version = [3:3], msglen = 137

I (25823) mbedtls: ssl_msg.c:2790 0x3ffb6124: <= write record

I (25823) mbedtls: ssl_msg.c:2615 0x3ffb6124: <= write handshake message

D (25823) mbedtls: ssl_misc.h:1295 0x3ffb6124: handshake state: 1 (MBEDTLS_SSL_CLIENT_HELLO) -> 2 (MBEDTLS_SSL_SERVER_HELLO)

I (25823) mbedtls: ssl_client.c:1010 0x3ffb6124: <= write client hello

I (25823) mbedtls: ssl_msg.c:2063 0x3ffb6124: => flush output

I (25823) mbedtls: ssl_msg.c:2077 0x3ffb6124: message length: 142, out_left: 142

I (25823) mbedtls: ssl_msg.c:2084 0x3ffb6124: ssl->f_send() returned 142 (-0xffffff72)

I (25823) mbedtls: ssl_msg.c:2111 0x3ffb6124: <= flush output

I (25823) mbedtls: ssl_tls.c:4201 0x3ffb6124: client state: MBEDTLS_SSL_SERVER_HELLO

I (25823) mbedtls: ssl_tls12_client.c:1151 0x3ffb6124: => parse server hello

I (25823) mbedtls: ssl_msg.c:4040 0x3ffb6124: => read record

I (25823) mbedtls: ssl_msg.c:1865 0x3ffb6124: => fetch input

I (25823) mbedtls: ssl_msg.c:2005 0x3ffb6124: in_left: 0, nb_want: 5

I (25823) mbedtls: ssl_msg.c:2025 0x3ffb6124: in_left: 0, nb_want: 5

I (25823) mbedtls: ssl_msg.c:2028 0x3ffb6124: ssl->f_recv(_timeout)() returned 5 (-0xfffffffb)

I (25823) mbedtls: ssl_msg.c:2050 0x3ffb6124: <= fetch input

D (25823) mbedtls: ssl_msg.c:3707 0x3ffb6124: input record: msgtype = 22, version = [0x303], msglen = 65

I (25823) mbedtls: ssl_msg.c:1865 0x3ffb6124: => fetch input

I (25823) mbedtls: ssl_msg.c:2005 0x3ffb6124: in_left: 5, nb_want: 70

I (25823) mbedtls: ssl_msg.c:2025 0x3ffb6124: in_left: 5, nb_want: 70

I (25823) mbedtls: ssl_msg.c:2028 0x3ffb6124: ssl->f_recv(_timeout)() returned 65 (-0xffffffbf)

I (25823) mbedtls: ssl_msg.c:2050 0x3ffb6124: <= fetch input

D (25823) mbedtls: ssl_msg.c:2948 0x3ffb6124: handshake message: msglen = 65, type = 2, hslen = 65

D (25823) mbedtls: ssl_msg.c:3085 0x3ffb6124: sole handshake fragment: 65, 0..65 of 65

I (25823) mbedtls: ssl_msg.c:4112 0x3ffb6124: <= read record

D (25833) mbedtls: ssl_tls12_client.c:1225 0x3ffb6124: dumping 'server hello, version' (2 bytes)

D (25833) mbedtls: ssl_tls12_client.c:1225 0x3ffb6124: 0000:  03 03                                            ..

D (25833) mbedtls: ssl_tls12_client.c:1246 0x3ffb6124: server hello, current time: 2957293992

D (25833) mbedtls: ssl_tls12_client.c:1256 0x3ffb6124: dumping 'server hello, random bytes' (32 bytes)

D (25833) mbedtls: ssl_tls12_client.c:1256 0x3ffb6124: 0000:  b0 44 b9 a8 4b 95 ea 37 b2 2d 26 c7 07 24 0d b8  .D..K..7.-&..$..

D (25833) mbedtls: ssl_tls12_client.c:1256 0x3ffb6124: 0010:  b0 09 8a a5 a0 a2 28 0e d7 67 f9 7b 2d 40 cf 6a  ......(..g.{-@.j

D (25833) mbedtls: ssl_tls12_client.c:1318 0x3ffb6124: server hello, session id len.: 0

D (25833) mbedtls: ssl_tls12_client.c:1319 0x3ffb6124: dumping 'server hello, session id' (0 bytes)

D (25833) mbedtls: ssl_misc.h:1295 0x3ffb6124: handshake state: 2 (MBEDTLS_SSL_SERVER_HELLO) -> 3 (MBEDTLS_SSL_SERVER_CERTIFICATE)

D (25833) mbedtls: ssl_tls12_client.c:1343 0x3ffb6124: no session has been resumed

D (25833) mbedtls: ssl_tls12_client.c:1346 0x3ffb6124: server hello, chosen ciphersuite: c030

D (25833) mbedtls: ssl_tls12_client.c:1347 0x3ffb6124: server hello, compress alg.: 0

D (25833) mbedtls: ssl_tls12_client.c:1382 0x3ffb6124: server hello, chosen ciphersuite: TLS-ECDHE-RSA-WITH-AES-256-GCM-SHA384

I (25833) mbedtls: ssl_tls12_client.c:1403 0x3ffb6124: server hello, total extension length: 21

D (25833) mbedtls: ssl_tls12_client.c:1421 0x3ffb6124: found renegotiation extension

D (25833) mbedtls: ssl_tls12_client.c:1500 0x3ffb6124: found supported_point_formats extension

D (25833) mbedtls: ssl_tls12_client.c:1486 0x3ffb6124: found session_ticket extension

D (25833) mbedtls: ssl_tls12_client.c:1473 0x3ffb6124: found extended_master_secret extension

I (25833) mbedtls: ssl_tls12_client.c:1617 0x3ffb6124: <= parse server hello

I (25833) mbedtls: ssl_msg.c:2063 0x3ffb6124: => flush output

I (25833) mbedtls: ssl_msg.c:2072 0x3ffb6124: <= flush output

I (25833) mbedtls: ssl_tls.c:4201 0x3ffb6124: client state: MBEDTLS_SSL_SERVER_CERTIFICATE

I (25833) mbedtls: ssl_tls.c:7077 0x3ffb6124: => parse certificate

I (25833) mbedtls: ssl_msg.c:4040 0x3ffb6124: => read record

I (25833) mbedtls: ssl_msg.c:1865 0x3ffb6124: => fetch input

I (25833) mbedtls: ssl_msg.c:2005 0x3ffb6124: in_left: 0, nb_want: 5

I (25833) mbedtls: ssl_msg.c:2025 0x3ffb6124: in_left: 0, nb_want: 5

I (25833) mbedtls: ssl_msg.c:2028 0x3ffb6124: ssl->f_recv(_timeout)() returned 5 (-0xfffffffb)

I (25833) mbedtls: ssl_msg.c:2050 0x3ffb6124: <= fetch input

D (25833) mbedtls: ssl_msg.c:3707 0x3ffb6124: input record: msgtype = 22, version = [0x303], msglen = 791

I (25833) mbedtls: ssl_msg.c:1865 0x3ffb6124: => fetch input

I (25833) mbedtls: ssl_msg.c:2005 0x3ffb6124: in_left: 5, nb_want: 796

I (25833) mbedtls: ssl_msg.c:2025 0x3ffb6124: in_left: 5, nb_want: 796

I (25833) mbedtls: ssl_msg.c:2028 0x3ffb6124: ssl->f_recv(_timeout)() returned 791 (-0xfffffce9)

I (25833) mbedtls: ssl_msg.c:2050 0x3ffb6124: <= fetch input

D (25833) mbedtls: ssl_msg.c:2948 0x3ffb6124: handshake message: msglen = 791, type = 11, hslen = 791

D (25833) mbedtls: ssl_msg.c:3085 0x3ffb6124: sole handshake fragment: 791, 0..791 of 791

I (25843) mbedtls: ssl_msg.c:4112 0x3ffb6124: <= read record

D (25843) mbedtls: ssl_tls.c:6952 0x3ffb6124: peer certificate #1:

D (25843) mbedtls: ssl_tls.c:6952 0x3ffb6124: cert. version     : 3

D (25843) mbedtls: ssl_tls.c:6952 0x3ffb6124: serial number     : 77:66:A5:9D:AF:14:9E:F2:03:F7:3C:2B:1A:5C:81:86:F8:A3:4E:52

D (25843) mbedtls: ssl_tls.c:6952 0x3ffb6124: issuer name       : CN=localhost

D (25843) mbedtls: ssl_tls.c:6952 0x3ffb6124: subject name      : CN=localhost

D (25843) mbedtls: ssl_tls.c:6952 0x3ffb6124: issued  on        : 2026-08-26 20:20:30

D (25843) mbedtls: ssl_tls.c:6952 0x3ffb6124: expires on        : 2026-09-25 20:20:30

D (25843) mbedtls: ssl_tls.c:6952 0x3ffb6124: signed using      : RSA with SHA-256

D (25843) mbedtls: ssl_tls.c:6952 0x3ffb6124: RSA key size      : 2048 bits

D (25843) mbedtls: ssl_tls.c:6952 0x3ffb6124: basic constraints : CA=true

D (25843) mbedtls: ssl_tls.c:6952 0x3ffb6124: dumping 'crt->PK' (270 bytes)

D (25843) mbedtls: ssl_tls.c:6952 0x3ffb6124: 0000:  30 82 01 0a 02 82 01 01 00 dd 03 19 3e 8f 4a 05

D (25843) mbedtls: ssl_tls.c:6952 0x3ffb6124: 0010:  9c d6 74 e1 46 bc 40 7a 7e af 78 09 38 f6 d0 1c

D (25843) mbedtls: ssl_tls.c:6952 0x3ffb6124: 0020:  9d e4 2b 18 4c a1 87 f6 83 55 82 2d e0 21 fb b2

D (25843) mbedtls: ssl_tls.c:6952 0x3ffb6124: 0030:  00 2f 9b 98 36 24 73 47 a2 11 bb 50 05 1c 9e 40

D (25843) mbedtls: ssl_tls.c:6952 0x3ffb6124: 0040:  41 c9 de 81 7e a1 eb 82 48 35 d0 51 24 0d 22 bd

D (25843) mbedtls: ssl_tls.c:6952 0x3ffb6124: 0050:  7e c7 0b 60 74 e2 60 3e 76 de c1 3d b5 9f e9 d2

D (25843) mbedtls: ssl_tls.c:6952 0x3ffb6124: 0060:  ac 90 d3 84 2a 75 7c 41 8a 11 14 c8 bc 09 7b 9d

D (25843) mbedtls: ssl_tls.c:6952 0x3ffb6124: 0070:  45 54 95 c1 50 05 be f1 34 c0 05 55 f5 a2 b3 a8

D (25843) mbedtls: ssl_tls.c:6952 0x3ffb6124: 0080:  24 f6 ab 22 df 72 97 ef b5 8f e4 fe 49 be 4f c1

D (25843) mbedtls: ssl_tls.c:6952 0x3ffb6124: 0090:  08 e0 39 7a cd ba 74 2e d1 20 74 ad 6b 59 ab 86

D (25843) mbedtls: ssl_tls.c:6952 0x3ffb6124: 00a0:  5d 29 ab 81 f0 c1 22 3f 01 b9 0b a1 fb ee 70 9f

D (25843) mbedtls: ssl_tls.c:6952 0x3ffb6124: 00b0:  eb 29 5e 9f 1d 6a 0d dc 65 fd 5e 5d 38 0c 1a c3

D (25843) mbedtls: ssl_tls.c:6952 0x3ffb6124: 00c0:  ae b7 b7 2f 66 23 82 80 ab 7d 69 7c 8f 95 ab e8

D (25843) mbedtls: ssl_tls.c:6952 0x3ffb6124: 00d0:  c0 4d 21 42 7d 78 c8 25 8b 60 f6 0d 87 c9 f4 df

D (25843) mbedtls: ssl_tls.c:6952 0x3ffb6124: 00e0:  36 bf 16 7c 59 16 d1 09 ec 17 67 cf 5d 9f 8f 78

D (25843) mbedtls: ssl_tls.c:6952 0x3ffb6124: 00f0:  8c 3d d0 02 18 d5 bc a7 19 f4 51 fe 1d b3 20 40

D (25843) mbedtls: ssl_tls.c:6952 0x3ffb6124: 0100:  67 7e 3a cc 30 f3 8d a0 ef 02 03 01 00 01      

I (25843) mbedtls: ssl_tls.c:7191 0x3ffb6124: <= parse certificate

D (25843) mbedtls: ssl_misc.h:1295 0x3ffb6124: handshake state: 3 (MBEDTLS_SSL_SERVER_CERTIFICATE) -> 4 (MBEDTLS_SSL_SERVER_KEY_EXCHANGE)

I (25843) mbedtls: ssl_msg.c:2063 0x3ffb6124: => flush output

I (25843) mbedtls: ssl_msg.c:2072 0x3ffb6124: <= flush output

I (25843) mbedtls: ssl_tls.c:4201 0x3ffb6124: client state: MBEDTLS_SSL_SERVER_KEY_EXCHANGE

I (25843) mbedtls: ssl_tls12_client.c:1831 0x3ffb6124: => parse server key exchange

I (25843) mbedtls: ssl_msg.c:4040 0x3ffb6124: => read record

I (25843) mbedtls: ssl_msg.c:1865 0x3ffb6124: => fetch input

I (25843) mbedtls: ssl_msg.c:2005 0x3ffb6124: in_left: 0, nb_want: 5

I (25843) mbedtls: ssl_msg.c:2025 0x3ffb6124: in_left: 0, nb_want: 5

I (25843) mbedtls: ssl_msg.c:2028 0x3ffb6124: ssl->f_recv(_timeout)() returned 5 (-0xfffffffb)

I (25843) mbedtls: ssl_msg.c:2050 0x3ffb6124: <= fetch input

D (25843) mbedtls: ssl_msg.c:3707 0x3ffb6124: input record: msgtype = 22, version = [0x303], msglen = 300

I (25843) mbedtls: ssl_msg.c:1865 0x3ffb6124: => fetch input

I (25843) mbedtls: ssl_msg.c:2005 0x3ffb6124: in_left: 5, nb_want: 305

I (25843) mbedtls: ssl_msg.c:2025 0x3ffb6124: in_left: 5, nb_want: 305

I (25853) mbedtls: ssl_msg.c:2028 0x3ffb6124: ssl->f_recv(_timeout)() returned 300 (-0xfffffed4)

I (25853) mbedtls: ssl_msg.c:2050 0x3ffb6124: <= fetch input

D (25853) mbedtls: ssl_msg.c:2948 0x3ffb6124: handshake message: msglen = 300, type = 12, hslen = 300

D (25853) mbedtls: ssl_msg.c:3085 0x3ffb6124: sole handshake fragment: 300, 0..300 of 300

I (25853) mbedtls: ssl_msg.c:4112 0x3ffb6124: <= read record

D (25853) mbedtls: ssl_tls12_client.c:1885 0x3ffb6124: dumping 'server key exchange' (296 bytes)

D (25853) mbedtls: ssl_tls12_client.c:1885 0x3ffb6124: 0000:  03 00 1d 20 dd 47 f5 9b f9 08 a1 36 bb 14 f4 dc  ... .G.....6....

D (25853) mbedtls: ssl_tls12_client.c:1885 0x3ffb6124: 0010:  1d cb ab a9 92 24 0e 2e 0e 8d 78 29 cc 03 68 d7  .....$....x)..h.

D (25853) mbedtls: ssl_tls12_client.c:1885 0x3ffb6124: 0020:  9f 1c 5e 2b 06 01 01 00 b9 27 4c 7b 25 0d 35 bc  ..^+.....'L{%.5.

D (25853) mbedtls: ssl_tls12_client.c:1885 0x3ffb6124: 0030:  0a e0 02 0d ab fa 7a 75 d5 02 60 f2 0f de ea 95  ......zu..`.....

D (25853) mbedtls: ssl_tls12_client.c:1885 0x3ffb6124: 0040:  a0 0f db 7b b3 bd 38 8f 18 4b b1 ab e1 ee 44 a3  ...{..8..K....D.

D (25853) mbedtls: ssl_tls12_client.c:1885 0x3ffb6124: 0050:  3f 75 4b 9e fc b6 31 1f b8 6f 8d 5d 74 22 9d e2  ?uK...1..o.]t"..

D (25853) mbedtls: ssl_tls12_client.c:1885 0x3ffb6124: 0060:  0d b7 21 44 6b 0e ef a0 00 ad d3 8b 21 6e ed bc  ..!Dk.......!n..

D (25853) mbedtls: ssl_tls12_client.c:1885 0x3ffb6124: 0070:  b7 e1 8c 26 af 62 58 00 54 f2 1e cf 75 c3 a6 6d  ...&.bX.T...u..m

D (25853) mbedtls: ssl_tls12_client.c:1885 0x3ffb6124: 0080:  77 a6 ae 4d 23 5f 3f cd 44 6d c6 eb 15 54 c9 8f  w..M#_?.Dm...T..

D (25853) mbedtls: ssl_tls12_client.c:1885 0x3ffb6124: 0090:  b2 bc 72 c4 8e 1e fe 25 89 63 29 ed d1 6e a8 2f  ..r....%.c)..n./

D (25853) mbedtls: ssl_tls12_client.c:1885 0x3ffb6124: 00a0:  2a 0f 59 2b 12 67 a7 7d 0c 5a cd 4e f4 c6 43 8c  *.Y+.g.}.Z.N..C.

D (25853) mbedtls: ssl_tls12_client.c:1885 0x3ffb6124: 00b0:  87 ab 21 8f d4 79 ad f7 87 a8 3b d1 6c 03 bf 25  ..!..y....;.l..%

D (25853) mbedtls: ssl_tls12_client.c:1885 0x3ffb6124: 00c0:  2f 25 bd 01 df 60 c9 91 f3 45 33 20 b2 c3 2b 9f  /%...`...E3 ..+.

D (25853) mbedtls: ssl_tls12_client.c:1885 0x3ffb6124: 00d0:  5b 42 5c 4a 1a 85 66 46 d1 16 b9 8e 3b 2f 09 2d  [B\J..fF....;/.-

D (25853) mbedtls: ssl_tls12_client.c:1885 0x3ffb6124: 00e0:  9b e3 b6 f2 bf 68 02 6e 98 9d cc df 03 7f 1c dd  .....h.n........

D (25853) mbedtls: ssl_tls12_client.c:1885 0x3ffb6124: 00f0:  4c f8 f9 d8 da b2 d6 b6 d4 ab b6 0c 6d ba 5a 86  L...........m.Z.

D (25853) mbedtls: ssl_tls12_client.c:1885 0x3ffb6124: 0100:  24 6b f7 d5 73 50 01 83 f1 ab 05 88 8f b0 54 5f  $k..sP........T_

D (25853) mbedtls: ssl_tls12_client.c:1885 0x3ffb6124: 0110:  1b 61 f2 3e d6 f2 2f 7c 11 cb 13 5c 6c 62 b5 4d  .a.>../|...\lb.M

D (25853) mbedtls: ssl_tls12_client.c:1885 0x3ffb6124: 0120:  8a e6 96 e2 4f e2 ae ca                          ....O...

I (25853) mbedtls: ssl_tls12_client.c:1815 0x3ffb6124: Server used the signature algorithm rsa_pkcs1_sha512

D (25853) mbedtls: ssl_tls12_client.c:2047 0x3ffb6124: dumping 'signature' (256 bytes)

D (25853) mbedtls: ssl_tls12_client.c:2047 0x3ffb6124: 0000:  b9 27 4c 7b 25 0d 35 bc 0a e0 02 0d ab fa 7a 75  .'L{%.5.......zu

D (25853) mbedtls: ssl_tls12_client.c:2047 0x3ffb6124: 0010:  d5 02 60 f2 0f de ea 95 a0 0f db 7b b3 bd 38 8f  ..`........{..8.

D (25853) mbedtls: ssl_tls12_client.c:2047 0x3ffb6124: 0020:  18 4b b1 ab e1 ee 44 a3 3f 75 4b 9e fc b6 31 1f  .K....D.?uK...1.

D (25853) mbedtls: ssl_tls12_client.c:2047 0x3ffb6124: 0030:  b8 6f 8d 5d 74 22 9d e2 0d b7 21 44 6b 0e ef a0  .o.]t"....!Dk...

D (25853) mbedtls: ssl_tls12_client.c:2047 0x3ffb6124: 0040:  00 ad d3 8b 21 6e ed bc b7 e1 8c 26 af 62 58 00  ....!n.....&.bX.

D (25853) mbedtls: ssl_tls12_client.c:2047 0x3ffb6124: 0050:  54 f2 1e cf 75 c3 a6 6d 77 a6 ae 4d 23 5f 3f cd  T...u..mw..M#_?.

D (25853) mbedtls: ssl_tls12_client.c:2047 0x3ffb6124: 0060:  44 6d c6 eb 15 54 c9 8f b2 bc 72 c4 8e 1e fe 25  Dm...T....r....%

D (25863) mbedtls: ssl_tls12_client.c:2047 0x3ffb6124: 0070:  89 63 29 ed d1 6e a8 2f 2a 0f 59 2b 12 67 a7 7d  .c)..n./*.Y+.g.}

D (25863) mbedtls: ssl_tls12_client.c:2047 0x3ffb6124: 0080:  0c 5a cd 4e f4 c6 43 8c 87 ab 21 8f d4 79 ad f7  .Z.N..C...!..y..

D (25863) mbedtls: ssl_tls12_client.c:2047 0x3ffb6124: 0090:  87 a8 3b d1 6c 03 bf 25 2f 25 bd 01 df 60 c9 91  ..;.l..%/%...`..

D (25863) mbedtls: ssl_tls12_client.c:2047 0x3ffb6124: 00a0:  f3 45 33 20 b2 c3 2b 9f 5b 42 5c 4a 1a 85 66 46  .E3 ..+.[B\J..fF

D (25863) mbedtls: ssl_tls12_client.c:2047 0x3ffb6124: 00b0:  d1 16 b9 8e 3b 2f 09 2d 9b e3 b6 f2 bf 68 02 6e  ....;/.-.....h.n

D (25863) mbedtls: ssl_tls12_client.c:2047 0x3ffb6124: 00c0:  98 9d cc df 03 7f 1c dd 4c f8 f9 d8 da b2 d6 b6  ........L.......

D (25863) mbedtls: ssl_tls12_client.c:2047 0x3ffb6124: 00d0:  d4 ab b6 0c 6d ba 5a 86 24 6b f7 d5 73 50 01 83  ....m.Z.$k..sP..

D (25863) mbedtls: ssl_tls12_client.c:2047 0x3ffb6124: 00e0:  f1 ab 05 88 8f b0 54 5f 1b 61 f2 3e d6 f2 2f 7c  ......T_.a.>../|

D (25863) mbedtls: ssl_tls12_client.c:2047 0x3ffb6124: 00f0:  11 cb 13 5c 6c 62 b5 4d 8a e6 96 e2 4f e2 ae ca  ...\lb.M....O...

D (25863) mbedtls: ssl_tls.c:8082 0x3ffb6124: Perform PSA-based computation of digest of ServerKeyExchange

D (25863) mbedtls: ssl_tls12_client.c:2064 0x3ffb6124: dumping 'parameters hash' (64 bytes)

D (25863) mbedtls: ssl_tls12_client.c:2064 0x3ffb6124: 0000:  99 bc 27 1a 1b cc 73 d1 be 2f 98 16 7f ca 91 d4  ..'...s../......

D (25863) mbedtls: ssl_tls12_client.c:2064 0x3ffb6124: 0010:  8d 8f d5 5f db 4c ed 54 79 8f c2 59 bc eb 56 67  ..._.L.Ty..Y..Vg

D (25863) mbedtls: ssl_tls12_client.c:2064 0x3ffb6124: 0020:  f1 dd ab e4 fa a3 69 16 46 2f 08 bf 7e 2f 1d 6d  ......i.F/..~/.m

D (25863) mbedtls: ssl_tls12_client.c:2064 0x3ffb6124: 0030:  74 8e 40 3d b7 10 a5 24 8f 0f a0 63 96 0a f9 15  t.@=...$...c....

D (25873) mbedtls: ssl_misc.h:1295 0x3ffb6124: handshake state: 4 (MBEDTLS_SSL_SERVER_KEY_EXCHANGE) -> 5 (MBEDTLS_SSL_CERTIFICATE_REQUEST)

I (25873) mbedtls: ssl_tls12_client.c:2118 0x3ffb6124: <= parse server key exchange

I (25873) mbedtls: ssl_msg.c:2063 0x3ffb6124: => flush output

I (25873) mbedtls: ssl_msg.c:2072 0x3ffb6124: <= flush output

I (25873) mbedtls: ssl_tls.c:4201 0x3ffb6124: client state: MBEDTLS_SSL_CERTIFICATE_REQUEST

I (25873) mbedtls: ssl_tls12_client.c:2157 0x3ffb6124: => parse certificate request

I (25873) mbedtls: ssl_msg.c:4040 0x3ffb6124: => read record

I (25873) mbedtls: ssl_msg.c:1865 0x3ffb6124: => fetch input

I (25873) mbedtls: ssl_msg.c:2005 0x3ffb6124: in_left: 0, nb_want: 5

I (25873) mbedtls: ssl_msg.c:2025 0x3ffb6124: in_left: 0, nb_want: 5

I (25873) mbedtls: ssl_msg.c:2028 0x3ffb6124: ssl->f_recv(_timeout)() returned 5 (-0xfffffffb)

I (25873) mbedtls: ssl_msg.c:2050 0x3ffb6124: <= fetch input

D (25873) mbedtls: ssl_msg.c:3707 0x3ffb6124: input record: msgtype = 22, version = [0x303], msglen = 4

I (25873) mbedtls: ssl_msg.c:1865 0x3ffb6124: => fetch input

I (25873) mbedtls: ssl_msg.c:2005 0x3ffb6124: in_left: 5, nb_want: 9

I (25883) mbedtls: ssl_msg.c:2025 0x3ffb6124: in_left: 5, nb_want: 9

I (25883) mbedtls: ssl_msg.c:2028 0x3ffb6124: ssl->f_recv(_timeout)() returned 4 (-0xfffffffc)

I (25883) mbedtls: ssl_msg.c:2050 0x3ffb6124: <= fetch input

D (25883) mbedtls: ssl_msg.c:2948 0x3ffb6124: handshake message: msglen = 4, type = 14, hslen = 4

D (25883) mbedtls: ssl_msg.c:3085 0x3ffb6124: sole handshake fragment: 4, 0..4 of 4

I (25883) mbedtls: ssl_msg.c:4112 0x3ffb6124: <= read record

D (25883) mbedtls: ssl_misc.h:1295 0x3ffb6124: handshake state: 5 (MBEDTLS_SSL_CERTIFICATE_REQUEST) -> 6 (MBEDTLS_SSL_SERVER_HELLO_DONE)

D (25883) mbedtls: ssl_tls12_client.c:2183 0x3ffb6124: got no certificate request

I (25883) mbedtls: ssl_tls12_client.c:2319 0x3ffb6124: <= parse certificate request

I (25883) mbedtls: ssl_msg.c:2063 0x3ffb6124: => flush output

I (25883) mbedtls: ssl_msg.c:2072 0x3ffb6124: <= flush output

I (25883) mbedtls: ssl_tls.c:4201 0x3ffb6124: client state: MBEDTLS_SSL_SERVER_HELLO_DONE

I (25883) mbedtls: ssl_tls12_client.c:2330 0x3ffb6124: => parse server hello done

I (25883) mbedtls: ssl_msg.c:4040 0x3ffb6124: => read record

I (25883) mbedtls: ssl_msg.c:4108 0x3ffb6124: reuse previously read message

I (25883) mbedtls: ssl_msg.c:4112 0x3ffb6124: <= read record

D (25883) mbedtls: ssl_misc.h:1295 0x3ffb6124: handshake state: 6 (MBEDTLS_SSL_SERVER_HELLO_DONE) -> 7 (MBEDTLS_SSL_CLIENT_CERTIFICATE)

I (25883) mbedtls: ssl_tls12_client.c:2358 0x3ffb6124: <= parse server hello done

I (25883) mbedtls: ssl_msg.c:2063 0x3ffb6124: => flush output

I (25883) mbedtls: ssl_msg.c:2072 0x3ffb6124: <= flush output

I (25883) mbedtls: ssl_tls.c:4201 0x3ffb6124: client state: MBEDTLS_SSL_CLIENT_CERTIFICATE

I (25883) mbedtls: ssl_tls.c:6675 0x3ffb6124: => write certificate

I (25883) mbedtls: ssl_tls.c:6686 0x3ffb6124: <= skip write certificate

D (25883) mbedtls: ssl_misc.h:1295 0x3ffb6124: handshake state: 7 (MBEDTLS_SSL_CLIENT_CERTIFICATE) -> 8 (MBEDTLS_SSL_CLIENT_KEY_EXCHANGE)

I (25883) mbedtls: ssl_msg.c:2063 0x3ffb6124: => flush output

I (25883) mbedtls: ssl_msg.c:2072 0x3ffb6124: <= flush output

I (25883) mbedtls: ssl_tls.c:4201 0x3ffb6124: client state: MBEDTLS_SSL_CLIENT_KEY_EXCHANGE

I (25883) mbedtls: ssl_tls12_client.c:2373 0x3ffb6124: => write client key exchange

D (25883) mbedtls: ssl_tls12_client.c:2387 0x3ffb6124: Perform PSA-based ECDH computation.

[mem-tick] t=   24391 ms phase=thr-setup    free=217068
[mem-tick] t=   24491 ms phase=thr-setup    free=216696
D (26023) mbedtls: ssl_misc.h:1295 0x3ffb6124: handshake state: 8 (MBEDTLS_SSL_CLIENT_KEY_EXCHANGE) -> 9 (MBEDTLS_SSL_CERTIFICATE_VERIFY)

I (26023) mbedtls: ssl_msg.c:2494 0x3ffb6124: => write handshake message

I (26023) mbedtls: ssl_msg.c:2654 0x3ffb6124: => write record

D (26023) mbedtls: ssl_msg.c:2737 0x3ffb6124: output record: msgtype = 22, version = [3:3], msglen = 37

I (26023) mbedtls: ssl_msg.c:2063 0x3ffb6124: => flush output

I (26023) mbedtls: ssl_msg.c:2077 0x3ffb6124: message length: 42, out_left: 42

I (26023) mbedtls: ssl_msg.c:2084 0x3ffb6124: ssl->f_send() returned 42 (-0xffffffd6)

I (26023) mbedtls: ssl_msg.c:2111 0x3ffb6124: <= flush output

I (26023) mbedtls: ssl_msg.c:2790 0x3ffb6124: <= write record

I (26033) mbedtls: ssl_msg.c:2615 0x3ffb6124: <= write handshake message

I (26033) mbedtls: ssl_tls12_client.c:2653 0x3ffb6124: <= write client key exchange

I (26033) mbedtls: ssl_msg.c:2063 0x3ffb6124: => flush output

I (26033) mbedtls: ssl_msg.c:2072 0x3ffb6124: <= flush output

I (26033) mbedtls: ssl_tls.c:4201 0x3ffb6124: client state: MBEDTLS_SSL_CERTIFICATE_VERIFY

I (26033) mbedtls: ssl_tls12_client.c:2701 0x3ffb6124: => write certificate verify

I (26033) mbedtls: ssl_tls.c:6466 0x3ffb6124: => derive keys

I (26033) mbedtls: ssl_tls.c:6557 0x3ffb6124: => PSA calc verify

D (26033) mbedtls: ssl_tls.c:6568 0x3ffb6124: dumping 'PSA calculated verify result' (48 bytes)

D (26033) mbedtls: ssl_tls.c:6568 0x3ffb6124: 0000:  48 e9 e0 78 9d 54 44 1c 99 72 82 28 b2 ef 7b 38  H..x.TD..r.(..{8

D (26033) mbedtls: ssl_tls.c:6568 0x3ffb6124: 0010:  26 4e 28 2c 65 32 65 81 8c 37 89 f4 ec ef 0d 4d  &N(,e2e..7.....M

D (26033) mbedtls: ssl_tls.c:6568 0x3ffb6124: 0020:  fb 24 38 04 b1 fe 9a f1 9d ff 7f 8a b5 3f 5a f6  .$8..........?Z.

I (26033) mbedtls: ssl_tls.c:6569 0x3ffb6124: <= PSA calc verify

D (26033) mbedtls: ssl_tls.c:6308 0x3ffb6124: dumping 'session hash for extended master secret' (48 bytes)

D (26033) mbedtls: ssl_tls.c:6308 0x3ffb6124: 0000:  48 e9 e0 78 9d 54 44 1c 99 72 82 28 b2 ef 7b 38  H..x.TD..r.(..{8

D (26033) mbedtls: ssl_tls.c:6308 0x3ffb6124: 0010:  26 4e 28 2c 65 32 65 81 8c 37 89 f4 ec ef 0d 4d  &N(,e2e..7.....M

D (26033) mbedtls: ssl_tls.c:6308 0x3ffb6124: 0020:  fb 24 38 04 b1 fe 9a f1 9d ff 7f 8a b5 3f 5a f6  .$8..........?Z.

D (26033) mbedtls: ssl_tls.c:6449 0x3ffb6124: dumping 'premaster secret' (32 bytes)

D (26033) mbedtls: ssl_tls.c:6449 0x3ffb6124: 0000:  51 98 b6 ff ee 71 64 d4 07 41 3a 85 78 a6 1a a0  Q....qd..A:.x...

D (26033) mbedtls: ssl_tls.c:6449 0x3ffb6124: 0010:  86 08 27 33 80 11 fa 1e 15 4e 9f 88 99 ad 62 77  ..'3.....N....bw

D (26033) mbedtls: ssl_tls.c:7762 0x3ffb6124: ciphersuite = TLS-ECDHE-RSA-WITH-AES-256-GCM-SHA384

D (26033) mbedtls: ssl_tls.c:7764 0x3ffb6124: dumping 'master secret' (48 bytes)

D (26033) mbedtls: ssl_tls.c:7764 0x3ffb6124: 0000:  9e 6f 79 ba 8c 41 10 01 c3 4f fa 4c c9 ff 4c 1d  .oy..A...O.L..L.

D (26033) mbedtls: ssl_tls.c:7764 0x3ffb6124: 0010:  8e 5e 96 0a 16 16 56 92 30 c9 49 e4 36 fe b5 3c  .^....V.0.I.6..<

D (26033) mbedtls: ssl_tls.c:7764 0x3ffb6124: 0020:  66 8c a5 65 b9 a2 38 d9 d0 03 6a f6 09 39 37 2e  f..e..8...j..97.

D (26033) mbedtls: ssl_tls.c:7855 0x3ffb6124: keylen: 32, minlen: 24, ivlen: 12, maclen: 0

I (26033) mbedtls: ssl_tls.c:6517 0x3ffb6124: <= derive keys

I (26033) mbedtls: ssl_tls12_client.c:2723 0x3ffb6124: <= skip write certificate verify

D (26033) mbedtls: ssl_misc.h:1295 0x3ffb6124: handshake state: 9 (MBEDTLS_SSL_CERTIFICATE_VERIFY) -> 10 (MBEDTLS_SSL_CLIENT_CHANGE_CIPHER_SPEC)

I (26033) mbedtls: ssl_msg.c:2063 0x3ffb6124: => flush output

I (26033) mbedtls: ssl_msg.c:2072 0x3ffb6124: <= flush output

I (26033) mbedtls: ssl_tls.c:4201 0x3ffb6124: client state: MBEDTLS_SSL_CLIENT_CHANGE_CIPHER_SPEC

I (26033) mbedtls: ssl_msg.c:5087 0x3ffb6124: => write change cipher spec

D (26033) mbedtls: ssl_misc.h:1295 0x3ffb6124: handshake state: 10 (MBEDTLS_SSL_CLIENT_CHANGE_CIPHER_SPEC) -> 11 (MBEDTLS_SSL_CLIENT_FINISHED)

I (26033) mbedtls: ssl_msg.c:2494 0x3ffb6124: => write handshake message

I (26033) mbedtls: ssl_msg.c:2654 0x3ffb6124: => write record

D (26033) mbedtls: ssl_msg.c:2737 0x3ffb6124: output record: msgtype = 20, version = [3:3], msglen = 1

I (26033) mbedtls: ssl_msg.c:2063 0x3ffb6124: => flush output

I (26033) mbedtls: ssl_msg.c:2077 0x3ffb6124: message length: 6, out_left: 6

I (26033) mbedtls: ssl_msg.c:2084 0x3ffb6124: ssl->f_send() returned 6 (-0xfffffffa)

I (26033) mbedtls: ssl_msg.c:2111 0x3ffb6124: <= flush output

I (26033) mbedtls: ssl_msg.c:2790 0x3ffb6124: <= write record

I (26033) mbedtls: ssl_msg.c:2615 0x3ffb6124: <= write handshake message

I (26033) mbedtls: ssl_msg.c:5100 0x3ffb6124: <= write change cipher spec

I (26033) mbedtls: ssl_msg.c:2063 0x3ffb6124: => flush output

I (26033) mbedtls: ssl_msg.c:2072 0x3ffb6124: <= flush output

I (26033) mbedtls: ssl_tls.c:4201 0x3ffb6124: client state: MBEDTLS_SSL_CLIENT_FINISHED

I (26033) mbedtls: ssl_tls.c:7384 0x3ffb6124: => write finished

I (26033) mbedtls: ssl_tls.c:7235 0x3ffb6124: => calc PSA finished tls

D (26033) mbedtls: ssl_tls.c:7246 0x3ffb6124: dumping 'PSA calculated padbuf' (48 bytes)

D (26033) mbedtls: ssl_tls.c:7246 0x3ffb6124: 0000:  48 e9 e0 78 9d 54 44 1c 99 72 82 28 b2 ef 7b 38  H..x.TD..r.(..{8

D (26033) mbedtls: ssl_tls.c:7246 0x3ffb6124: 0010:  26 4e 28 2c 65 32 65 81 8c 37 89 f4 ec ef 0d 4d  &N(,e2e..7.....M

D (26043) mbedtls: ssl_tls.c:7246 0x3ffb6124: 0020:  fb 24 38 04 b1 fe 9a f1 9d ff 7f 8a b5 3f 5a f6  .$8..........?Z.

D (26043) mbedtls: ssl_tls.c:7258 0x3ffb6124: dumping 'calc finished result' (12 bytes)

D (26043) mbedtls: ssl_tls.c:7258 0x3ffb6124: 0000:  ee 4c 5d a2 52 b5 6c bb 74 09 ca d8              .L].R.l.t...

I (26043) mbedtls: ssl_tls.c:7262 0x3ffb6124: <= calc finished

D (26043) mbedtls: ssl_misc.h:1295 0x3ffb6124: handshake state: 11 (MBEDTLS_SSL_CLIENT_FINISHED) -> 12 (MBEDTLS_SSL_SERVER_CHANGE_CIPHER_SPEC)

D (26043) mbedtls: ssl_tls.c:7434 0x3ffb6124: switching to new transform spec for outbound data

I (26043) mbedtls: ssl_msg.c:2494 0x3ffb6124: => write handshake message

I (26043) mbedtls: ssl_msg.c:2654 0x3ffb6124: => write record

I (26043) mbedtls: ssl_msg.c:808 0x3ffb6124: => encrypt buf

D (26043) mbedtls: ssl_msg.c:1036 0x3ffb6124: before encrypt: msglen = 16, including 0 bytes of padding

I (26043) mbedtls: ssl_msg.c:1265 0x3ffb6124: <= encrypt buf

D (26043) mbedtls: ssl_msg.c:2737 0x3ffb6124: output record: msgtype = 22, version = [3:3], msglen = 40

I (26043) mbedtls: ssl_msg.c:2063 0x3ffb6124: => flush output

I (26043) mbedtls: ssl_msg.c:2077 0x3ffb6124: message length: 45, out_left: 45

I (26043) mbedtls: ssl_msg.c:2084 0x3ffb6124: ssl->f_send() returned 45 (-0xffffffd3)

I (26043) mbedtls: ssl_msg.c:2111 0x3ffb6124: <= flush output

I (26043) mbedtls: ssl_msg.c:2790 0x3ffb6124: <= write record

I (26043) mbedtls: ssl_msg.c:2615 0x3ffb6124: <= write handshake message

I (26043) mbedtls: ssl_tls.c:7487 0x3ffb6124: <= write finished

I (26043) mbedtls: ssl_msg.c:2063 0x3ffb6124: => flush output

I (26043) mbedtls: ssl_msg.c:2072 0x3ffb6124: <= flush output

I (26043) mbedtls: ssl_tls.c:4201 0x3ffb6124: client state: MBEDTLS_SSL_SERVER_CHANGE_CIPHER_SPEC

D (26043) mbedtls: ssl_misc.h:1295 0x3ffb6124: handshake state: 12 (MBEDTLS_SSL_SERVER_CHANGE_CIPHER_SPEC) -> 16 (MBEDTLS_SSL_NEW_SESSION_TICKET)

I (26043) mbedtls: ssl_tls12_client.c:2829 0x3ffb6124: => parse new session ticket

I (26043) mbedtls: ssl_msg.c:4040 0x3ffb6124: => read record

I (26043) mbedtls: ssl_msg.c:1865 0x3ffb6124: => fetch input

I (26043) mbedtls: ssl_msg.c:2005 0x3ffb6124: in_left: 0, nb_want: 5

I (26043) mbedtls: ssl_msg.c:2025 0x3ffb6124: in_left: 0, nb_want: 5

I (26043) mbedtls: ssl_msg.c:2028 0x3ffb6124: ssl->f_recv(_timeout)() returned 5 (-0xfffffffb)

I (26043) mbedtls: ssl_msg.c:2050 0x3ffb6124: <= fetch input

D (26043) mbedtls: ssl_msg.c:3707 0x3ffb6124: input record: msgtype = 22, version = [0x303], msglen = 186

I (26043) mbedtls: ssl_msg.c:1865 0x3ffb6124: => fetch input

I (26043) mbedtls: ssl_msg.c:2005 0x3ffb6124: in_left: 5, nb_want: 191

I (26043) mbedtls: ssl_msg.c:2025 0x3ffb6124: in_left: 5, nb_want: 191

I (26043) mbedtls: ssl_msg.c:2028 0x3ffb6124: ssl->f_recv(_timeout)() returned 186 (-0xffffff46)

I (26043) mbedtls: ssl_msg.c:2050 0x3ffb6124: <= fetch input

D (26043) mbedtls: ssl_msg.c:2948 0x3ffb6124: handshake message: msglen = 186, type = 4, hslen = 186

D (26043) mbedtls: ssl_msg.c:3085 0x3ffb6124: sole handshake fragment: 186, 0..186 of 186

I (26043) mbedtls: ssl_msg.c:4112 0x3ffb6124: <= read record

D (26043) mbedtls: ssl_tls12_client.c:2876 0x3ffb6124: ticket length: 176

D (26043) mbedtls: ssl_misc.h:1295 0x3ffb6124: handshake state: 16 (MBEDTLS_SSL_NEW_SESSION_TICKET) -> 12 (MBEDTLS_SSL_SERVER_CHANGE_CIPHER_SPEC)

D (26043) mbedtls: ssl_tls12_client.c:2920 0x3ffb6124: ticket in use, discarding session id

I (26043) mbedtls: ssl_tls12_client.c:2923 0x3ffb6124: <= parse new session ticket

I (26043) mbedtls: ssl_msg.c:2063 0x3ffb6124: => flush output

I (26043) mbedtls: ssl_msg.c:2072 0x3ffb6124: <= flush output

I (26043) mbedtls: ssl_tls.c:4201 0x3ffb6124: client state: MBEDTLS_SSL_SERVER_CHANGE_CIPHER_SPEC

I (26043) mbedtls: ssl_msg.c:5109 0x3ffb6124: => parse change cipher spec

I (26043) mbedtls: ssl_msg.c:4040 0x3ffb6124: => read record

I (26043) mbedtls: ssl_msg.c:1865 0x3ffb6124: => fetch input

I (26043) mbedtls: ssl_msg.c:2005 0x3ffb6124: in_left: 0, nb_want: 5

I (26043) mbedtls: ssl_msg.c:2025 0x3ffb6124: in_left: 0, nb_want: 5

I (26043) mbedtls: ssl_msg.c:2028 0x3ffb6124: ssl->f_recv(_timeout)() returned 5 (-0xfffffffb)

I (26043) mbedtls: ssl_msg.c:2050 0x3ffb6124: <= fetch input

D (26043) mbedtls: ssl_msg.c:3707 0x3ffb6124: input record: msgtype = 20, version = [0x303], msglen = 1

I (26043) mbedtls: ssl_msg.c:1865 0x3ffb6124: => fetch input

I (26043) mbedtls: ssl_msg.c:2005 0x3ffb6124: in_left: 5, nb_want: 6

I (26043) mbedtls: ssl_msg.c:2025 0x3ffb6124: in_left: 5, nb_want: 6

I (26043) mbedtls: ssl_msg.c:2028 0x3ffb6124: ssl->f_recv(_timeout)() returned 1 (-0xffffffff)

I (26043) mbedtls: ssl_msg.c:2050 0x3ffb6124: <= fetch input

I (26043) mbedtls: ssl_msg.c:4112 0x3ffb6124: <= read record

D (26043) mbedtls: ssl_msg.c:5130 0x3ffb6124: switching to new transform spec for inbound data

D (26043) mbedtls: ssl_misc.h:1295 0x3ffb6124: handshake state: 12 (MBEDTLS_SSL_SERVER_CHANGE_CIPHER_SPEC) -> 13 (MBEDTLS_SSL_SERVER_FINISHED)

I (26053) mbedtls: ssl_msg.c:5157 0x3ffb6124: <= parse change cipher spec

I (26053) mbedtls: ssl_msg.c:2063 0x3ffb6124: => flush output

I (26053) mbedtls: ssl_msg.c:2072 0x3ffb6124: <= flush output

I (26053) mbedtls: ssl_tls.c:4201 0x3ffb6124: client state: MBEDTLS_SSL_SERVER_FINISHED

I (26053) mbedtls: ssl_tls.c:7500 0x3ffb6124: => parse finished

I (26053) mbedtls: ssl_tls.c:7235 0x3ffb6124: => calc PSA finished tls

D (26053) mbedtls: ssl_tls.c:7246 0x3ffb6124: dumping 'PSA calculated padbuf' (48 bytes)

D (26053) mbedtls: ssl_tls.c:7246 0x3ffb6124: 0000:  f8 63 31 cd ae 9f 72 20 53 58 04 63 cc 7b 9f 7b  .c1...r SX.c.{.{

D (26053) mbedtls: ssl_tls.c:7246 0x3ffb6124: 0010:  d3 0a 57 25 31 ea c3 61 b1 85 01 ae 46 49 f8 9b  ..W%1..a....FI..

D (26053) mbedtls: ssl_tls.c:7246 0x3ffb6124: 0020:  29 f7 bb 31 75 8f 61 00 f6 ce 92 41 b6 e4 5b 0c  )..1u.a....A..[.

D (26053) mbedtls: ssl_tls.c:7258 0x3ffb6124: dumping 'calc finished result' (12 bytes)

D (26053) mbedtls: ssl_tls.c:7258 0x3ffb6124: 0000:  2d dd 2f 64 c7 28 7b 97 eb 71 5a de              -./d.({..qZ.

I (26053) mbedtls: ssl_tls.c:7262 0x3ffb6124: <= calc finished

I (26053) mbedtls: ssl_msg.c:4040 0x3ffb6124: => read record

I (26053) mbedtls: ssl_msg.c:1865 0x3ffb6124: => fetch input

I (26053) mbedtls: ssl_msg.c:2005 0x3ffb6124: in_left: 0, nb_want: 5

I (26053) mbedtls: ssl_msg.c:2025 0x3ffb6124: in_left: 0, nb_want: 5

I (26053) mbedtls: ssl_msg.c:2028 0x3ffb6124: ssl->f_recv(_timeout)() returned 5 (-0xfffffffb)

I (26053) mbedtls: ssl_msg.c:2050 0x3ffb6124: <= fetch input

D (26053) mbedtls: ssl_msg.c:3707 0x3ffb6124: input record: msgtype = 22, version = [0x303], msglen = 40

I (26053) mbedtls: ssl_msg.c:1865 0x3ffb6124: => fetch input

I (26053) mbedtls: ssl_msg.c:2005 0x3ffb6124: in_left: 5, nb_want: 45

I (26053) mbedtls: ssl_msg.c:2025 0x3ffb6124: in_left: 5, nb_want: 45

I (26053) mbedtls: ssl_msg.c:2028 0x3ffb6124: ssl->f_recv(_timeout)() returned 40 (-0xffffffd8)

I (26053) mbedtls: ssl_msg.c:2050 0x3ffb6124: <= fetch input

I (26053) mbedtls: ssl_msg.c:1301 0x3ffb6124: => decrypt buf

I (26053) mbedtls: ssl_msg.c:1831 0x3ffb6124: <= decrypt buf

D (26053) mbedtls: ssl_msg.c:2948 0x3ffb6124: handshake message: msglen = 16, type = 20, hslen = 16

D (26053) mbedtls: ssl_msg.c:3085 0x3ffb6124: sole handshake fragment: 16, 0..16 of 16

I (26053) mbedtls: ssl_msg.c:4112 0x3ffb6124: <= read record

D (26053) mbedtls: ssl_misc.h:1295 0x3ffb6124: handshake state: 13 (MBEDTLS_SSL_SERVER_FINISHED) -> 14 (MBEDTLS_SSL_FLUSH_BUFFERS)

I (26053) mbedtls: ssl_tls.c:7571 0x3ffb6124: <= parse finished

I (26053) mbedtls: ssl_msg.c:2063 0x3ffb6124: => flush output

I (26053) mbedtls: ssl_msg.c:2072 0x3ffb6124: <= flush output

I (26053) mbedtls: ssl_tls.c:4201 0x3ffb6124: client state: MBEDTLS_SSL_FLUSH_BUFFERS

I (26053) mbedtls: ssl_tls12_client.c:3031 0x3ffb6124: handshake: done

D (26053) mbedtls: ssl_misc.h:1295 0x3ffb6124: handshake state: 14 (MBEDTLS_SSL_FLUSH_BUFFERS) -> 15 (MBEDTLS_SSL_HANDSHAKE_WRAPUP)

I (26053) mbedtls: ssl_msg.c:2063 0x3ffb6124: => flush output

I (26053) mbedtls: ssl_msg.c:2072 0x3ffb6124: <= flush output

I (26053) mbedtls: ssl_tls.c:4201 0x3ffb6124: client state: MBEDTLS_SSL_HANDSHAKE_WRAPUP

D (26053) mbedtls: ssl_tls.c:7322 0x3ffb6124: => handshake wrapup

D (26053) mbedtls: ssl_tls.c:7296 0x3ffb6124: => handshake wrapup: final free

D (26053) mbedtls: ssl_tls.c:7315 0x3ffb6124: <= handshake wrapup: final free

D (26053) mbedtls: ssl_misc.h:1295 0x3ffb6124: handshake state: 15 (MBEDTLS_SSL_HANDSHAKE_WRAPUP) -> 27 (MBEDTLS_SSL_HANDSHAKE_OVER)

D (26053) mbedtls: ssl_tls.c:7376 0x3ffb6124: <= handshake wrapup

I (26053) mbedtls: ssl_tls.c:4293 0x3ffb6124: <= handshake

[mem-tick] t=   24591 ms phase=thr-p0       free=218308
[mem-tick] t=   24691 ms phase=thr-p0       free=218308
[mem-tick] t=   24791 ms phase=thr-p0       free=218288
[mem-tick] t=   24891 ms phase=thr-p0       free=218308
[mem-tick] t=   24991 ms phase=thr-p0       free=219880
[mem-tick] t=   25091 ms phase=thr-p0       free=219880
[mem-tick] t=   25191 ms phase=thr-p0       free=218308
[mem-tick] t=   25291 ms phase=thr-p0       free=219880
[mem-tick] t=   25391 ms phase=thr-p0       free=218308
[thr] round0 PLAIN 2097152 B in 896343 us = 18.72 Mbit/s
I (26953) mbedtls: ssl_msg.c:5925 0x3ffb6124: => write

I (26953) mbedtls: ssl_msg.c:2654 0x3ffb6124: => write record

I (26953) mbedtls: ssl_msg.c:808 0x3ffb6124: => encrypt buf

D (26963) mbedtls: ssl_msg.c:1036 0x3ffb6124: before encrypt: msglen = 1024, including 0 bytes of padding

I (26963) mbedtls: ssl_msg.c:1265 0x3ffb6124: <= encrypt buf

D (26963) mbedtls: ssl_msg.c:2737 0x3ffb6124: output record: msgtype = 23, version = [3:3], msglen = 1048

I (26963) mbedtls: ssl_msg.c:2063 0x3ffb6124: => flush output

I (26963) mbedtls: ssl_msg.c:2077 0x3ffb6124: message length: 1053, out_left: 1053

I (26963) mbedtls: ssl_msg.c:2084 0x3ffb6124: ssl->f_send() returned 1053 (-0xfffffbe3)

I (26963) mbedtls: ssl_msg.c:2111 0x3ffb6124: <= flush output

I (26963) mbedtls: ssl_msg.c:2790 0x3ffb6124: <= write record

I (26963) mbedtls: ssl_msg.c:5947 0x3ffb6124: <= write

I (26963) mbedtls: ssl_msg.c:5663 0x3ffb6124: => read

I (26963) mbedtls: ssl_msg.c:4040 0x3ffb6124: => read record

I (26963) mbedtls: ssl_msg.c:1865 0x3ffb6124: => fetch input

I (26963) mbedtls: ssl_msg.c:2005 0x3ffb6124: in_left: 0, nb_want: 5

[mem-tick] t=   25491 ms phase=thr-t0       free=220056
[mem-tick] t=   25591 ms phase=thr-t0       free=220056
[mem-tick] t=   25691 ms phase=thr-t0       free=220056
[mem-tick] t=   25791 ms phase=thr-t0       free=220056
[mem-tick] t=   25891 ms phase=thr-t0       free=220056
[mem-tick] t=   25991 ms phase=thr-t0       free=220056
[mem-tick] t=   26091 ms phase=thr-t0       free=220056
[mem-tick] t=   26191 ms phase=thr-t0       free=220056
[mem-tick] t=   26291 ms phase=thr-t0       free=220056
[mem-tick] t=   26391 ms phase=thr-t0       free=220056
[mem-tick] t=   26491 ms phase=thr-t0       free=220056
[mem-tick] t=   26591 ms phase=thr-t0       free=220056
[mem-tick] t=   26691 ms phase=thr-t0       free=220056
[mem-tick] t=   26791 ms phase=thr-t0       free=220056
[mem-tick] t=   26891 ms phase=thr-t0       free=220056
[mem-tick] t=   26991 ms phase=thr-t0       free=220056
[mem-tick] t=   27091 ms phase=thr-t0       free=220056
[mem-tick] t=   27191 ms phase=thr-t0       free=220056
[mem-tick] t=   27291 ms phase=thr-t0       free=220056
[mem-tick] t=   27391 ms phase=thr-t0       free=220056
[mem-tick] t=   27491 ms phase=thr-t0       free=220056
[mem-tick] t=   27591 ms phase=thr-t0       free=220056
[mem-tick] t=   27691 ms phase=thr-t0       free=220056
[mem-tick] t=   27791 ms phase=thr-t0       free=220056
[mem-tick] t=   27891 ms phase=thr-t0       free=220056
[mem-tick] t=   27991 ms phase=thr-t0       free=220056
[mem-tick] t=   28091 ms phase=thr-t0       free=220056
[mem-tick] t=   28191 ms phase=thr-t0       free=220056
[mem-tick] t=   28291 ms phase=thr-t0       free=220056
[mem-tick] t=   28391 ms phase=thr-t0       free=220056
[mem-tick] t=   28491 ms phase=thr-t0       free=220056
[mem-tick] t=   28591 ms phase=thr-t0       free=220056
[mem-tick] t=   28691 ms phase=thr-t0       free=220056
[mem-tick] t=   28791 ms phase=thr-t0       free=220056
[mem-tick] t=   28891 ms phase=thr-t0       free=220056
[mem-tick] t=   28991 ms phase=thr-t0       free=220056
[mem-tick] t=   29091 ms phase=thr-t0       free=220056
[mem-tick] t=   29191 ms phase=thr-t0       free=220056
[mem-tick] t=   29291 ms phase=thr-t0       free=220056
[mem-tick] t=   29391 ms phase=thr-t0       free=220056
[mem-tick] t=   29491 ms phase=thr-t0       free=220056
[mem-tick] t=   29591 ms phase=thr-t0       free=220056
[mem-tick] t=   29691 ms phase=thr-t0       free=220056
[mem-tick] t=   29791 ms phase=thr-t0       free=220056
[mem-tick] t=   29891 ms phase=thr-t0       free=220056
[mem-tick] t=   29991 ms phase=thr-t0       free=220056
[mem-tick] t=   30091 ms phase=thr-t0       free=220056
[mem-tick] t=   30191 ms phase=thr-t0       free=220056
[mem-tick] t=   30291 ms phase=thr-t0       free=220056
[mem-tick] t=   30391 ms phase=thr-t0       free=220056
[mem-tick] t=   30491 ms phase=thr-t0       free=220056
[mem-tick] t=   30591 ms phase=thr-t0       free=220056
[mem-tick] t=   30691 ms phase=thr-t0       free=220056
[mem-tick] t=   30791 ms phase=thr-t0       free=220056
[mem-tick] t=   30891 ms phase=thr-t0       free=220056
[mem-tick] t=   30991 ms phase=thr-t0       free=220056
[mem-tick] t=   31091 ms phase=thr-t0       free=220056
[mem-tick] t=   31191 ms phase=thr-t0       free=220056
[mem-tick] t=   31291 ms phase=thr-t0       free=220056
[mem-tick] t=   31391 ms phase=thr-t0       free=220056
[mem-tick] t=   31491 ms phase=thr-t0       free=220056
[mem-tick] t=   31591 ms phase=thr-t0       free=220056
[mem-tick] t=   31691 ms phase=thr-t0       free=220056
[mem-tick] t=   31791 ms phase=thr-t0       free=220056
[mem-tick] t=   31891 ms phase=thr-t0       free=220056
[mem-tick] t=   31991 ms phase=thr-t0       free=220056
[mem-tick] t=   32091 ms phase=thr-t0       free=220056
[mem-tick] t=   32191 ms phase=thr-t0       free=220056
[mem-tick] t=   32291 ms phase=thr-t0       free=220056
[mem-tick] t=   32391 ms phase=thr-t0       free=220056
[mem-tick] t=   32491 ms phase=thr-t0       free=220056
[mem-tick] t=   32591 ms phase=thr-t0       free=220056
[mem-tick] t=   32691 ms phase=thr-t0       free=220056
[mem-tick] t=   32791 ms phase=thr-t0       free=220056
[mem-tick] t=   32891 ms phase=thr-t0       free=220056
[mem-tick] t=   32991 ms phase=thr-t0       free=220056
[mem-tick] t=   33091 ms phase=thr-t0       free=220056
[mem-tick] t=   33191 ms phase=thr-t0       free=220056
[mem-tick] t=   33291 ms phase=thr-t0       free=220056
[mem-tick] t=   33391 ms phase=thr-t0       free=220056
[mem-tick] t=   33491 ms phase=thr-t0       free=220056
[mem-tick] t=   33591 ms phase=thr-t0       free=220056
[mem-tick] t=   33691 ms phase=thr-t0       free=220056
[mem-tick] t=   33791 ms phase=thr-t0       free=220056
[mem-tick] t=   33891 ms phase=thr-t0       free=220056
[mem-tick] t=   33991 ms phase=thr-t0       free=220056
[mem-tick] t=   34091 ms phase=thr-t0       free=220056
[mem-tick] t=   34191 ms phase=thr-t0       free=220056
[mem-tick] t=   34291 ms phase=thr-t0       free=220056
[mem-tick] t=   34391 ms phase=thr-t0       free=220056
[mem-tick] t=   34491 ms phase=thr-t0       free=220056
[mem-tick] t=   34591 ms phase=thr-t0       free=220056
[mem-tick] t=   34691 ms phase=thr-t0       free=220056
[mem-tick] t=   34791 ms phase=thr-t0       free=220056
[mem-tick] t=   34891 ms phase=thr-t0       free=220056
[mem-tick] t=   34991 ms phase=thr-t0       free=220056
[mem-tick] t=   35091 ms phase=thr-t0       free=220056
[mem-tick] t=   35191 ms phase=thr-t0       free=220056
[mem-tick] t=   35291 ms phase=thr-t0       free=220056
[mem-tick] t=   35391 ms phase=thr-t0       free=220056
I (36963) mbedtls: ssl_msg.c:2025 0x3ffb6124: in_left: 0, nb_want: 5

[thr] round0 TLS failed
[thr] MEAN plain=6.24 Mbit/s tls=0.00 Mbit/s tax=100.0%
[mem] after-thr-close        free=245740 largest=110592 min-ever=210552

===== PHASE C: handshake under memory pressure (floor<=20000B) =====
[starve] grabbed=55 held=225280B free-floor=17092 largest=6144
[mem-tick] t=   35491 ms phase=thr-done     free=17092
[mem-tick] t=   35591 ms phase=thr-done     free=17088
[mem] starved-floor          free=17088 largest=6144 min-ever=17012
[phase-c] attempting TLS handshake with only 17088 bytes free ...
W (37163) esp-tls-mbedtls: skip_common_name=true: hostname matching and SNI disabled. This disables ALL server-name authentication (CN/SAN/SNI), not just CN. Only intended for loopback / debug clients.
W (37163) mbedtls: ssl_tls.c:1204 0x3ffb6124: alloc(16717 bytes) failed

E (37163) esp-tls-mbedtls: mbedtls_ssl_setup returned -0x008D
I (37163) esp-tls-mbedtls: (FFFFFF73): UNKNOWN ERROR CODE (0080) : UNKNOWN ERROR CODE (000D)
E (37163) esp-tls: create_ssl_handle failed
E (37163) esp-tls: Failed to open new connection
[conn] TLS to 10.0.2.2:22443 FAILED after 1378 us
[err] handshake: last_esp_err=0x8017 tls_code=-0xffffff73 cert_flags=0x0 (sys_errno=0 mb_code=-0x0000)
[phase-c] FAIL captured (see [err]/mbedtls lines above)
[starve] released, free-now=242372
[mem-tick] t=   35691 ms phase=release      free=245776
[mem-tick] t=   35791 ms phase=release      free=245776
[mem-tick] t=   35891 ms phase=release      free=245776
[mem-tick] t=   35991 ms phase=release      free=245776
[mem-tick] t=   36091 ms phase=release      free=245776
[mem] after-release          free=245776 largest=110592 min-ever=12016
[phase-c] retrying same handshake after release ...
W (37663) esp-tls-mbedtls: skip_common_name=true: hostname matching and SNI disabled. This disables ALL server-name authentication (CN/SAN/SNI), not just CN. Only intended for loopback / debug clients.
D (37663) esp-tls: handshake in progress...
I (37663) mbedtls: ssl_tls.c:4282 0x3ffb6124: => handshake

I (37663) mbedtls: ssl_msg.c:2063 0x3ffb6124: => flush output

I (37663) mbedtls: ssl_msg.c:2072 0x3ffb6124: <= flush output

I (37663) mbedtls: ssl_tls.c:4201 0x3ffb6124: client state: MBEDTLS_SSL_HELLO_REQUEST

D (37663) mbedtls: ssl_misc.h:1295 0x3ffb6124: handshake state: 0 (MBEDTLS_SSL_HELLO_REQUEST) -> 1 (MBEDTLS_SSL_CLIENT_HELLO)

I (37663) mbedtls: ssl_msg.c:2063 0x3ffb6124: => flush output

I (37663) mbedtls: ssl_msg.c:2072 0x3ffb6124: <= flush output

I (37663) mbedtls: ssl_tls.c:4201 0x3ffb6124: client state: MBEDTLS_SSL_CLIENT_HELLO

I (37663) mbedtls: ssl_client.c:917 0x3ffb6124: => write client hello

D (37663) mbedtls: ssl_client.c:722 0x3ffb6124: client hello, current time: 36

D (37663) mbedtls: ssl_client.c:485 0x3ffb6124: dumping 'client hello, random bytes' (32 bytes)

D (37663) mbedtls: ssl_client.c:485 0x3ffb6124: 0000:  00 00 00 24 bf f6 15 61 0e f3 33 58 f5 94 cc 2c  ...$...a..3X...,

D (37663) mbedtls: ssl_client.c:485 0x3ffb6124: 0010:  c6 0f bc ce 90 6b 27 e1 d2 4d 64 de 1e ee 33 bb  .....k'..Md...3.

D (37663) mbedtls: ssl_client.c:510 0x3ffb6124: dumping 'session id' (0 bytes)

D (37663) mbedtls: ssl_client.c:368 0x3ffb6124: client hello, add ciphersuite: c02c, TLS-ECDHE-ECDSA-WITH-AES-256-GCM-SHA384

D (37663) mbedtls: ssl_client.c:368 0x3ffb6124: client hello, add ciphersuite: c030, TLS-ECDHE-RSA-WITH-AES-256-GCM-SHA384

D (37663) mbedtls: ssl_client.c:368 0x3ffb6124: client hello, add ciphersuite: c0ad, TLS-ECDHE-ECDSA-WITH-AES-256-CCM

D (37663) mbedtls: ssl_client.c:368 0x3ffb6124: client hello, add ciphersuite: c024, TLS-ECDHE-ECDSA-WITH-AES-256-CBC-SHA384

D (37663) mbedtls: ssl_client.c:368 0x3ffb6124: client hello, add ciphersuite: c028, TLS-ECDHE-RSA-WITH-AES-256-CBC-SHA384

D (37663) mbedtls: ssl_client.c:368 0x3ffb6124: client hello, add ciphersuite: c00a, TLS-ECDHE-ECDSA-WITH-AES-256-CBC-SHA

D (37663) mbedtls: ssl_client.c:368 0x3ffb6124: client hello, add ciphersuite: c014, TLS-ECDHE-RSA-WITH-AES-256-CBC-SHA

D (37663) mbedtls: ssl_client.c:368 0x3ffb6124: client hello, add ciphersuite: c0af, TLS-ECDHE-ECDSA-WITH-AES-256-CCM-8

D (37663) mbedtls: ssl_client.c:368 0x3ffb6124: client hello, add ciphersuite: c02b, TLS-ECDHE-ECDSA-WITH-AES-128-GCM-SHA256

D (37663) mbedtls: ssl_client.c:368 0x3ffb6124: client hello, add ciphersuite: c02f, TLS-ECDHE-RSA-WITH-AES-128-GCM-SHA256

D (37663) mbedtls: ssl_client.c:368 0x3ffb6124: client hello, add ciphersuite: c0ac, TLS-ECDHE-ECDSA-WITH-AES-128-CCM

D (37663) mbedtls: ssl_client.c:368 0x3ffb6124: client hello, add ciphersuite: c023, TLS-ECDHE-ECDSA-WITH-AES-128-CBC-SHA256

D (37663) mbedtls: ssl_client.c:368 0x3ffb6124: client hello, add ciphersuite: c027, TLS-ECDHE-RSA-WITH-AES-128-CBC-SHA256

D (37663) mbedtls: ssl_client.c:368 0x3ffb6124: client hello, add ciphersuite: c009, TLS-ECDHE-ECDSA-WITH-AES-128-CBC-SHA

D (37663) mbedtls: ssl_client.c:368 0x3ffb6124: client hello, add ciphersuite: c013, TLS-ECDHE-RSA-WITH-AES-128-CBC-SHA

D (37663) mbedtls: ssl_client.c:368 0x3ffb6124: client hello, add ciphersuite: c0ae, TLS-ECDHE-ECDSA-WITH-AES-128-CCM-8

D (37663) mbedtls: ssl_client.c:386 0x3ffb6124: adding EMPTY_RENEGOTIATION_INFO_SCSV

D (37663) mbedtls: ssl_client.c:395 0x3ffb6124: client hello, got 17 cipher suites

D (37663) mbedtls: ssl_client.c:229 0x3ffb6124: client hello, adding supported_groups extension

D (37663) mbedtls: ssl_client.c:248 0x3ffb6124: got supported group(001d)

D (37663) mbedtls: ssl_client.c:280 0x3ffb6124: NamedGroup: x25519 ( 1d )

D (37663) mbedtls: ssl_client.c:248 0x3ffb6124: got supported group(0017)

D (37663) mbedtls: ssl_client.c:280 0x3ffb6124: NamedGroup: secp256r1 ( 17 )

D (37663) mbedtls: ssl_client.c:248 0x3ffb6124: got supported group(0018)

D (37663) mbedtls: ssl_client.c:280 0x3ffb6124: NamedGroup: secp384r1 ( 18 )

D (37673) mbedtls: ssl_client.c:248 0x3ffb6124: got supported group(001e)

D (37673) mbedtls: ssl_client.c:280 0x3ffb6124: NamedGroup: x448 ( 1e )

D (37673) mbedtls: ssl_client.c:248 0x3ffb6124: got supported group(0019)

D (37673) mbedtls: ssl_client.c:280 0x3ffb6124: NamedGroup: secp521r1 ( 19 )

D (37673) mbedtls: ssl_client.c:248 0x3ffb6124: got supported group(001a)

D (37673) mbedtls: ssl_client.c:280 0x3ffb6124: NamedGroup: bp256r1 ( 1a )

D (37673) mbedtls: ssl_client.c:248 0x3ffb6124: got supported group(001b)

D (37673) mbedtls: ssl_client.c:280 0x3ffb6124: NamedGroup: bp384r1 ( 1b )

D (37673) mbedtls: ssl_client.c:248 0x3ffb6124: got supported group(001c)

D (37673) mbedtls: ssl_client.c:280 0x3ffb6124: NamedGroup: bp512r1 ( 1c )

D (37673) mbedtls: ssl_client.c:248 0x3ffb6124: got supported group(0100)

D (37673) mbedtls: ssl_client.c:248 0x3ffb6124: got supported group(0101)

D (37673) mbedtls: ssl_client.c:248 0x3ffb6124: got supported group(0102)

D (37673) mbedtls: ssl_client.c:248 0x3ffb6124: got supported group(0103)

D (37673) mbedtls: ssl_client.c:248 0x3ffb6124: got supported group(0104)

D (37673) mbedtls: ssl_client.c:300 0x3ffb6124: dumping 'Supported groups extension' (18 bytes)

D (37673) mbedtls: ssl_client.c:300 0x3ffb6124: 0000:  00 10 00 1d 00 17 00 18 00 1e 00 19 00 1a 00 1b  ................

D (37673) mbedtls: ssl_client.c:300 0x3ffb6124: 0010:  00 1c                                            ..

D (37673) mbedtls: ssl_tls.c:8276 0x3ffb6124: adding signature_algorithms extension

D (37673) mbedtls: ssl_tls.c:8296 0x3ffb6124: got signature scheme [603] ecdsa_secp521r1_sha512

D (37673) mbedtls: ssl_tls.c:8305 0x3ffb6124: sent signature scheme [603] ecdsa_secp521r1_sha512

D (37673) mbedtls: ssl_tls.c:8296 0x3ffb6124: got signature scheme [806] rsa_pss_rsae_sha512

D (37673) mbedtls: ssl_tls.c:8296 0x3ffb6124: got signature scheme [601] rsa_pkcs1_sha512

D (37673) mbedtls: ssl_tls.c:8305 0x3ffb6124: sent signature scheme [601] rsa_pkcs1_sha512

D (37673) mbedtls: ssl_tls.c:8296 0x3ffb6124: got signature scheme [503] ecdsa_secp384r1_sha384

D (37673) mbedtls: ssl_tls.c:8305 0x3ffb6124: sent signature scheme [503] ecdsa_secp384r1_sha384

D (37673) mbedtls: ssl_tls.c:8296 0x3ffb6124: got signature scheme [805] rsa_pss_rsae_sha384

D (37673) mbedtls: ssl_tls.c:8296 0x3ffb6124: got signature scheme [501] rsa_pkcs1_sha384

D (37673) mbedtls: ssl_tls.c:8305 0x3ffb6124: sent signature scheme [501] rsa_pkcs1_sha384

D (37673) mbedtls: ssl_tls.c:8296 0x3ffb6124: got signature scheme [403] ecdsa_secp256r1_sha256

D (37673) mbedtls: ssl_tls.c:8305 0x3ffb6124: sent signature scheme [403] ecdsa_secp256r1_sha256

D (37673) mbedtls: ssl_tls.c:8296 0x3ffb6124: got signature scheme [804] rsa_pss_rsae_sha256

D (37673) mbedtls: ssl_tls.c:8296 0x3ffb6124: got signature scheme [401] rsa_pkcs1_sha256

D (37673) mbedtls: ssl_tls.c:8305 0x3ffb6124: sent signature scheme [401] rsa_pkcs1_sha256

D (37673) mbedtls: ssl_tls12_client.c:103 0x3ffb6124: client hello, adding supported_point_formats extension

D (37673) mbedtls: ssl_tls12_client.c:287 0x3ffb6124: client hello, adding encrypt_then_mac extension

D (37673) mbedtls: ssl_tls12_client.c:319 0x3ffb6124: client hello, adding extended_master_secret extension

D (37673) mbedtls: ssl_tls12_client.c:352 0x3ffb6124: client hello, adding session ticket extension

D (37673) mbedtls: ssl_client.c:687 0x3ffb6124: client hello, total extension length: 58

D (37673) mbedtls: ssl_client.c:689 0x3ffb6124: dumping 'client hello extensions' (58 bytes)

D (37673) mbedtls: ssl_client.c:689 0x3ffb6124: 0000:  00 3a 00 0a 00 12 00 10 00 1d 00 17 00 18 00 1e  .:..............

D (37673) mbedtls: ssl_client.c:689 0x3ffb6124: 0010:  00 19 00 1a 00 1b 00 1c 00 0d 00 0e 00 0c 06 03  ................

D (37673) mbedtls: ssl_client.c:689 0x3ffb6124: 0020:  06 01 05 03 05 01 04 03 04 01 00 0b 00 02 01 00  ................

D (37673) mbedtls: ssl_client.c:689 0x3ffb6124: 0030:  00 16 00 00 00 17 00 00 00 23                    .........#

I (37673) mbedtls: ssl_msg.c:2494 0x3ffb6124: => write handshake message

I (37673) mbedtls: ssl_msg.c:2654 0x3ffb6124: => write record

D (37673) mbedtls: ssl_msg.c:2737 0x3ffb6124: output record: msgtype = 22, version = [3:3], msglen = 137

I (37673) mbedtls: ssl_msg.c:2790 0x3ffb6124: <= write record

I (37673) mbedtls: ssl_msg.c:2615 0x3ffb6124: <= write handshake message

D (37673) mbedtls: ssl_misc.h:1295 0x3ffb6124: handshake state: 1 (MBEDTLS_SSL_CLIENT_HELLO) -> 2 (MBEDTLS_SSL_SERVER_HELLO)

I (37673) mbedtls: ssl_client.c:1010 0x3ffb6124: <= write client hello

I (37673) mbedtls: ssl_msg.c:2063 0x3ffb6124: => flush output

I (37673) mbedtls: ssl_msg.c:2077 0x3ffb6124: message length: 142, out_left: 142

I (37673) mbedtls: ssl_msg.c:2084 0x3ffb6124: ssl->f_send() returned 142 (-0xffffff72)

I (37673) mbedtls: ssl_msg.c:2111 0x3ffb6124: <= flush output

I (37673) mbedtls: ssl_tls.c:4201 0x3ffb6124: client state: MBEDTLS_SSL_SERVER_HELLO

I (37673) mbedtls: ssl_tls12_client.c:1151 0x3ffb6124: => parse server hello

I (37673) mbedtls: ssl_msg.c:4040 0x3ffb6124: => read record

I (37673) mbedtls: ssl_msg.c:1865 0x3ffb6124: => fetch input

I (37673) mbedtls: ssl_msg.c:2005 0x3ffb6124: in_left: 0, nb_want: 5

I (37683) mbedtls: ssl_msg.c:2025 0x3ffb6124: in_left: 0, nb_want: 5

I (37683) mbedtls: ssl_msg.c:2028 0x3ffb6124: ssl->f_recv(_timeout)() returned 5 (-0xfffffffb)

I (37683) mbedtls: ssl_msg.c:2050 0x3ffb6124: <= fetch input

D (37683) mbedtls: ssl_msg.c:3707 0x3ffb6124: input record: msgtype = 22, version = [0x303], msglen = 65

I (37683) mbedtls: ssl_msg.c:1865 0x3ffb6124: => fetch input

I (37683) mbedtls: ssl_msg.c:2005 0x3ffb6124: in_left: 5, nb_want: 70

I (37683) mbedtls: ssl_msg.c:2025 0x3ffb6124: in_left: 5, nb_want: 70

I (37683) mbedtls: ssl_msg.c:2028 0x3ffb6124: ssl->f_recv(_timeout)() returned 65 (-0xffffffbf)

I (37683) mbedtls: ssl_msg.c:2050 0x3ffb6124: <= fetch input

D (37683) mbedtls: ssl_msg.c:2948 0x3ffb6124: handshake message: msglen = 65, type = 2, hslen = 65

D (37683) mbedtls: ssl_msg.c:3085 0x3ffb6124: sole handshake fragment: 65, 0..65 of 65

I (37683) mbedtls: ssl_msg.c:4112 0x3ffb6124: <= read record

D (37683) mbedtls: ssl_tls12_client.c:1225 0x3ffb6124: dumping 'server hello, version' (2 bytes)

D (37683) mbedtls: ssl_tls12_client.c:1225 0x3ffb6124: 0000:  03 03                                            ..

D (37683) mbedtls: ssl_tls12_client.c:1246 0x3ffb6124: server hello, current time: 2158559017

D (37683) mbedtls: ssl_tls12_client.c:1256 0x3ffb6124: dumping 'server hello, random bytes' (32 bytes)

D (37683) mbedtls: ssl_tls12_client.c:1256 0x3ffb6124: 0000:  80 a8 ff 29 7d ba 9b bf 7b fc 5c ef 70 5b dd 4a  ...)}...{.\.p[.J

D (37683) mbedtls: ssl_tls12_client.c:1256 0x3ffb6124: 0010:  a7 26 e4 cf a8 49 1a dd d4 0e cc 8e 51 6c b9 d7  .&...I......Ql..

D (37683) mbedtls: ssl_tls12_client.c:1318 0x3ffb6124: server hello, session id len.: 0

D (37683) mbedtls: ssl_tls12_client.c:1319 0x3ffb6124: dumping 'server hello, session id' (0 bytes)

D (37683) mbedtls: ssl_misc.h:1295 0x3ffb6124: handshake state: 2 (MBEDTLS_SSL_SERVER_HELLO) -> 3 (MBEDTLS_SSL_SERVER_CERTIFICATE)

D (37683) mbedtls: ssl_tls12_client.c:1343 0x3ffb6124: no session has been resumed

D (37683) mbedtls: ssl_tls12_client.c:1346 0x3ffb6124: server hello, chosen ciphersuite: c030

D (37683) mbedtls: ssl_tls12_client.c:1347 0x3ffb6124: server hello, compress alg.: 0

D (37683) mbedtls: ssl_tls12_client.c:1382 0x3ffb6124: server hello, chosen ciphersuite: TLS-ECDHE-RSA-WITH-AES-256-GCM-SHA384

I (37683) mbedtls: ssl_tls12_client.c:1403 0x3ffb6124: server hello, total extension length: 21

D (37683) mbedtls: ssl_tls12_client.c:1421 0x3ffb6124: found renegotiation extension

D (37683) mbedtls: ssl_tls12_client.c:1500 0x3ffb6124: found supported_point_formats extension

D (37683) mbedtls: ssl_tls12_client.c:1486 0x3ffb6124: found session_ticket extension

D (37683) mbedtls: ssl_tls12_client.c:1473 0x3ffb6124: found extended_master_secret extension

I (37683) mbedtls: ssl_tls12_client.c:1617 0x3ffb6124: <= parse server hello

I (37683) mbedtls: ssl_msg.c:2063 0x3ffb6124: => flush output

I (37683) mbedtls: ssl_msg.c:2072 0x3ffb6124: <= flush output

I (37683) mbedtls: ssl_tls.c:4201 0x3ffb6124: client state: MBEDTLS_SSL_SERVER_CERTIFICATE

I (37683) mbedtls: ssl_tls.c:7077 0x3ffb6124: => parse certificate

I (37683) mbedtls: ssl_msg.c:4040 0x3ffb6124: => read record

I (37683) mbedtls: ssl_msg.c:1865 0x3ffb6124: => fetch input

I (37683) mbedtls: ssl_msg.c:2005 0x3ffb6124: in_left: 0, nb_want: 5

I (37683) mbedtls: ssl_msg.c:2025 0x3ffb6124: in_left: 0, nb_want: 5

I (37683) mbedtls: ssl_msg.c:2028 0x3ffb6124: ssl->f_recv(_timeout)() returned 5 (-0xfffffffb)

I (37683) mbedtls: ssl_msg.c:2050 0x3ffb6124: <= fetch input

D (37683) mbedtls: ssl_msg.c:3707 0x3ffb6124: input record: msgtype = 22, version = [0x303], msglen = 791

I (37683) mbedtls: ssl_msg.c:1865 0x3ffb6124: => fetch input

I (37683) mbedtls: ssl_msg.c:2005 0x3ffb6124: in_left: 5, nb_want: 796

I (37683) mbedtls: ssl_msg.c:2025 0x3ffb6124: in_left: 5, nb_want: 796

I (37683) mbedtls: ssl_msg.c:2028 0x3ffb6124: ssl->f_recv(_timeout)() returned 791 (-0xfffffce9)

I (37683) mbedtls: ssl_msg.c:2050 0x3ffb6124: <= fetch input

D (37693) mbedtls: ssl_msg.c:2948 0x3ffb6124: handshake message: msglen = 791, type = 11, hslen = 791

D (37693) mbedtls: ssl_msg.c:3085 0x3ffb6124: sole handshake fragment: 791, 0..791 of 791

I (37693) mbedtls: ssl_msg.c:4112 0x3ffb6124: <= read record

D (37693) mbedtls: ssl_tls.c:6952 0x3ffb6124: peer certificate #1:

D (37693) mbedtls: ssl_tls.c:6952 0x3ffb6124: cert. version     : 3

D (37693) mbedtls: ssl_tls.c:6952 0x3ffb6124: serial number     : 77:66:A5:9D:AF:14:9E:F2:03:F7:3C:2B:1A:5C:81:86:F8:A3:4E:52

D (37693) mbedtls: ssl_tls.c:6952 0x3ffb6124: issuer name       : CN=localhost

D (37693) mbedtls: ssl_tls.c:6952 0x3ffb6124: subject name      : CN=localhost

D (37693) mbedtls: ssl_tls.c:6952 0x3ffb6124: issued  on        : 2026-08-26 20:20:30

D (37693) mbedtls: ssl_tls.c:6952 0x3ffb6124: expires on        : 2026-09-25 20:20:30

D (37693) mbedtls: ssl_tls.c:6952 0x3ffb6124: signed using      : RSA with SHA-256

D (37693) mbedtls: ssl_tls.c:6952 0x3ffb6124: RSA key size      : 2048 bits

D (37693) mbedtls: ssl_tls.c:6952 0x3ffb6124: basic constraints : CA=true

D (37693) mbedtls: ssl_tls.c:6952 0x3ffb6124: dumping 'crt->PK' (270 bytes)

D (37693) mbedtls: ssl_tls.c:6952 0x3ffb6124: 0000:  30 82 01 0a 02 82 01 01 00 dd 03 19 3e 8f 4a 05

D (37693) mbedtls: ssl_tls.c:6952 0x3ffb6124: 0010:  9c d6 74 e1 46 bc 40 7a 7e af 78 09 38 f6 d0 1c

D (37693) mbedtls: ssl_tls.c:6952 0x3ffb6124: 0020:  9d e4 2b 18 4c a1 87 f6 83 55 82 2d e0 21 fb b2

D (37693) mbedtls: ssl_tls.c:6952 0x3ffb6124: 0030:  00 2f 9b 98 36 24 73 47 a2 11 bb 50 05 1c 9e 40

D (37693) mbedtls: ssl_tls.c:6952 0x3ffb6124: 0040:  41 c9 de 81 7e a1 eb 82 48 35 d0 51 24 0d 22 bd

D (37693) mbedtls: ssl_tls.c:6952 0x3ffb6124: 0050:  7e c7 0b 60 74 e2 60 3e 76 de c1 3d b5 9f e9 d2

D (37693) mbedtls: ssl_tls.c:6952 0x3ffb6124: 0060:  ac 90 d3 84 2a 75 7c 41 8a 11 14 c8 bc 09 7b 9d

D (37693) mbedtls: ssl_tls.c:6952 0x3ffb6124: 0070:  45 54 95 c1 50 05 be f1 34 c0 05 55 f5 a2 b3 a8

D (37693) mbedtls: ssl_tls.c:6952 0x3ffb6124: 0080:  24 f6 ab 22 df 72 97 ef b5 8f e4 fe 49 be 4f c1

D (37693) mbedtls: ssl_tls.c:6952 0x3ffb6124: 0090:  08 e0 39 7a cd ba 74 2e d1 20 74 ad 6b 59 ab 86

D (37693) mbedtls: ssl_tls.c:6952 0x3ffb6124: 00a0:  5d 29 ab 81 f0 c1 22 3f 01 b9 0b a1 fb ee 70 9f

D (37693) mbedtls: ssl_tls.c:6952 0x3ffb6124: 00b0:  eb 29 5e 9f 1d 6a 0d dc 65 fd 5e 5d 38 0c 1a c3

D (37693) mbedtls: ssl_tls.c:6952 0x3ffb6124: 00c0:  ae b7 b7 2f 66 23 82 80 ab 7d 69 7c 8f 95 ab e8

D (37693) mbedtls: ssl_tls.c:6952 0x3ffb6124: 00d0:  c0 4d 21 42 7d 78 c8 25 8b 60 f6 0d 87 c9 f4 df

D (37693) mbedtls: ssl_tls.c:6952 0x3ffb6124: 00e0:  36 bf 16 7c 59 16 d1 09 ec 17 67 cf 5d 9f 8f 78

D (37693) mbedtls: ssl_tls.c:6952 0x3ffb6124: 00f0:  8c 3d d0 02 18 d5 bc a7 19 f4 51 fe 1d b3 20 40

D (37693) mbedtls: ssl_tls.c:6952 0x3ffb6124: 0100:  67 7e 3a cc 30 f3 8d a0 ef 02 03 01 00 01      

I (37693) mbedtls: ssl_tls.c:7191 0x3ffb6124: <= parse certificate

D (37693) mbedtls: ssl_misc.h:1295 0x3ffb6124: handshake state: 3 (MBEDTLS_SSL_SERVER_CERTIFICATE) -> 4 (MBEDTLS_SSL_SERVER_KEY_EXCHANGE)

I (37693) mbedtls: ssl_msg.c:2063 0x3ffb6124: => flush output

I (37693) mbedtls: ssl_msg.c:2072 0x3ffb6124: <= flush output

I (37693) mbedtls: ssl_tls.c:4201 0x3ffb6124: client state: MBEDTLS_SSL_SERVER_KEY_EXCHANGE

I (37703) mbedtls: ssl_tls12_client.c:1831 0x3ffb6124: => parse server key exchange

I (37703) mbedtls: ssl_msg.c:4040 0x3ffb6124: => read record

I (37703) mbedtls: ssl_msg.c:1865 0x3ffb6124: => fetch input

I (37703) mbedtls: ssl_msg.c:2005 0x3ffb6124: in_left: 0, nb_want: 5

I (37703) mbedtls: ssl_msg.c:2025 0x3ffb6124: in_left: 0, nb_want: 5

I (37703) mbedtls: ssl_msg.c:2028 0x3ffb6124: ssl->f_recv(_timeout)() returned 5 (-0xfffffffb)

I (37703) mbedtls: ssl_msg.c:2050 0x3ffb6124: <= fetch input

D (37703) mbedtls: ssl_msg.c:3707 0x3ffb6124: input record: msgtype = 22, version = [0x303], msglen = 300

I (37703) mbedtls: ssl_msg.c:1865 0x3ffb6124: => fetch input

I (37703) mbedtls: ssl_msg.c:2005 0x3ffb6124: in_left: 5, nb_want: 305

I (37703) mbedtls: ssl_msg.c:2025 0x3ffb6124: in_left: 5, nb_want: 305

I (37703) mbedtls: ssl_msg.c:2028 0x3ffb6124: ssl->f_recv(_timeout)() returned 300 (-0xfffffed4)

I (37703) mbedtls: ssl_msg.c:2050 0x3ffb6124: <= fetch input

D (37703) mbedtls: ssl_msg.c:2948 0x3ffb6124: handshake message: msglen = 300, type = 12, hslen = 300

D (37703) mbedtls: ssl_msg.c:3085 0x3ffb6124: sole handshake fragment: 300, 0..300 of 300

I (37703) mbedtls: ssl_msg.c:4112 0x3ffb6124: <= read record

D (37703) mbedtls: ssl_tls12_client.c:1885 0x3ffb6124: dumping 'server key exchange' (296 bytes)

D (37703) mbedtls: ssl_tls12_client.c:1885 0x3ffb6124: 0000:  03 00 1d 20 22 9f 35 88 2d 56 c2 cd 81 f2 99 41  ... ".5.-V.....A

D (37703) mbedtls: ssl_tls12_client.c:1885 0x3ffb6124: 0010:  c0 1a 90 30 5b bc fc 61 af a2 c5 f1 8d 6f d4 fe  ...0[..a.....o..

D (37703) mbedtls: ssl_tls12_client.c:1885 0x3ffb6124: 0020:  40 2f de 67 06 01 01 00 4c 6c cc b1 bc 7d 47 16  @/.g....Ll...}G.

D (37703) mbedtls: ssl_tls12_client.c:1885 0x3ffb6124: 0030:  62 8d bf 14 cc 7e f4 6c 8e 6a b0 e0 13 46 12 94  b....~.l.j...F..

D (37703) mbedtls: ssl_tls12_client.c:1885 0x3ffb6124: 0040:  f4 80 d5 74 13 eb 24 30 63 bf 2c 18 0f 88 ff d2  ...t..$0c.,.....

D (37703) mbedtls: ssl_tls12_client.c:1885 0x3ffb6124: 0050:  48 32 ab ba a8 9c 4e 02 62 1d d4 9a f3 48 1a 52  H2....N.b....H.R

D (37703) mbedtls: ssl_tls12_client.c:1885 0x3ffb6124: 0060:  10 e2 38 8c cb 2e 32 a1 08 ec fc 6b 09 d8 d7 ad  ..8...2....k....

D (37703) mbedtls: ssl_tls12_client.c:1885 0x3ffb6124: 0070:  19 b0 da 9a 57 2d 9e 4b c8 ef 08 52 28 9b 39 d2  ....W-.K...R(.9.

D (37703) mbedtls: ssl_tls12_client.c:1885 0x3ffb6124: 0080:  d6 60 45 10 d8 ff 4e 97 25 7f a5 d4 9b f2 43 a2  .`E...N.%.....C.

D (37703) mbedtls: ssl_tls12_client.c:1885 0x3ffb6124: 0090:  74 61 dc 5c 53 96 2b 56 bb fe a5 71 59 cf cc dc  ta.\S.+V...qY...

D (37703) mbedtls: ssl_tls12_client.c:1885 0x3ffb6124: 00a0:  ac d4 9f e8 bb c4 6b 76 2a df 9a 10 a8 87 f9 45  ......kv*......E

D (37703) mbedtls: ssl_tls12_client.c:1885 0x3ffb6124: 00b0:  76 6b bc 7d bd 95 29 c9 23 b2 76 a5 ed c4 71 ac  vk.}..).#.v...q.

D (37703) mbedtls: ssl_tls12_client.c:1885 0x3ffb6124: 00c0:  d0 27 f7 27 bf 57 de 97 8d 26 87 e6 a6 03 53 1b  .'.'.W...&....S.

D (37703) mbedtls: ssl_tls12_client.c:1885 0x3ffb6124: 00d0:  40 d8 5b 2a ef 47 bc 11 a0 ff 62 bd d4 66 24 5a  @.[*.G....b..f$Z

D (37703) mbedtls: ssl_tls12_client.c:1885 0x3ffb6124: 00e0:  97 bd c6 06 fb ee 43 18 83 c2 61 30 da 43 54 5d  ......C...a0.CT]

D (37703) mbedtls: ssl_tls12_client.c:1885 0x3ffb6124: 00f0:  1c 31 bd 29 db 85 fb ff 93 41 40 55 20 cb fb 8b  .1.).....A@U ...

D (37703) mbedtls: ssl_tls12_client.c:1885 0x3ffb6124: 0100:  3a 53 eb df e0 b0 a2 f4 ab d5 be 17 eb ef 0f f2  :S..............

D (37703) mbedtls: ssl_tls12_client.c:1885 0x3ffb6124: 0110:  30 23 7f 36 d3 52 2f ae 8d 8a 55 7e 21 9c 78 fb  0#.6.R/...U~!.x.

D (37703) mbedtls: ssl_tls12_client.c:1885 0x3ffb6124: 0120:  ff 64 fb 03 71 2b ae 43                          .d..q+.C

I (37713) mbedtls: ssl_tls12_client.c:1815 0x3ffb6124: Server used the signature algorithm rsa_pkcs1_sha512

D (37713) mbedtls: ssl_tls12_client.c:2047 0x3ffb6124: dumping 'signature' (256 bytes)

D (37713) mbedtls: ssl_tls12_client.c:2047 0x3ffb6124: 0000:  4c 6c cc b1 bc 7d 47 16 62 8d bf 14 cc 7e f4 6c  Ll...}G.b....~.l

D (37713) mbedtls: ssl_tls12_client.c:2047 0x3ffb6124: 0010:  8e 6a b0 e0 13 46 12 94 f4 80 d5 74 13 eb 24 30  .j...F.....t..$0

D (37713) mbedtls: ssl_tls12_client.c:2047 0x3ffb6124: 0020:  63 bf 2c 18 0f 88 ff d2 48 32 ab ba a8 9c 4e 02  c.,.....H2....N.

D (37713) mbedtls: ssl_tls12_client.c:2047 0x3ffb6124: 0030:  62 1d d4 9a f3 48 1a 52 10 e2 38 8c cb 2e 32 a1  b....H.R..8...2.

D (37713) mbedtls: ssl_tls12_client.c:2047 0x3ffb6124: 0040:  08 ec fc 6b 09 d8 d7 ad 19 b0 da 9a 57 2d 9e 4b  ...k........W-.K

D (37713) mbedtls: ssl_tls12_client.c:2047 0x3ffb6124: 0050:  c8 ef 08 52 28 9b 39 d2 d6 60 45 10 d8 ff 4e 97  ...R(.9..`E...N.

D (37713) mbedtls: ssl_tls12_client.c:2047 0x3ffb6124: 0060:  25 7f a5 d4 9b f2 43 a2 74 61 dc 5c 53 96 2b 56  %.....C.ta.\S.+V

D (37713) mbedtls: ssl_tls12_client.c:2047 0x3ffb6124: 0070:  bb fe a5 71 59 cf cc dc ac d4 9f e8 bb c4 6b 76  ...qY.........kv

D (37713) mbedtls: ssl_tls12_client.c:2047 0x3ffb6124: 0080:  2a df 9a 10 a8 87 f9 45 76 6b bc 7d bd 95 29 c9  *......Evk.}..).

D (37713) mbedtls: ssl_tls12_client.c:2047 0x3ffb6124: 0090:  23 b2 76 a5 ed c4 71 ac d0 27 f7 27 bf 57 de 97  #.v...q..'.'.W..

D (37713) mbedtls: ssl_tls12_client.c:2047 0x3ffb6124: 00a0:  8d 26 87 e6 a6 03 53 1b 40 d8 5b 2a ef 47 bc 11  .&....S.@.[*.G..

D (37713) mbedtls: ssl_tls12_client.c:2047 0x3ffb6124: 00b0:  a0 ff 62 bd d4 66 24 5a 97 bd c6 06 fb ee 43 18  ..b..f$Z......C.

D (37713) mbedtls: ssl_tls12_client.c:2047 0x3ffb6124: 00c0:  83 c2 61 30 da 43 54 5d 1c 31 bd 29 db 85 fb ff  ..a0.CT].1.)....

D (37713) mbedtls: ssl_tls12_client.c:2047 0x3ffb6124: 00d0:  93 41 40 55 20 cb fb 8b 3a 53 eb df e0 b0 a2 f4  .A@U ...:S......

D (37713) mbedtls: ssl_tls12_client.c:2047 0x3ffb6124: 00e0:  ab d5 be 17 eb ef 0f f2 30 23 7f 36 d3 52 2f ae  ........0#.6.R/.

D (37713) mbedtls: ssl_tls12_client.c:2047 0x3ffb6124: 00f0:  8d 8a 55 7e 21 9c 78 fb ff 64 fb 03 71 2b ae 43  ..U~!.x..d..q+.C

D (37713) mbedtls: ssl_tls.c:8082 0x3ffb6124: Perform PSA-based computation of digest of ServerKeyExchange

D (37713) mbedtls: ssl_tls12_client.c:2064 0x3ffb6124: dumping 'parameters hash' (64 bytes)

D (37713) mbedtls: ssl_tls12_client.c:2064 0x3ffb6124: 0000:  58 b1 9a ce 5a bd 16 fa 14 d8 33 c7 77 a5 81 2b  X...Z.....3.w..+

D (37713) mbedtls: ssl_tls12_client.c:2064 0x3ffb6124: 0010:  6e 36 8b 2b d5 40 74 bd 3c c4 79 8a 8d b8 05 16  n6.+.@t.<.y.....

D (37713) mbedtls: ssl_tls12_client.c:2064 0x3ffb6124: 0020:  4f f2 ea 25 c9 38 4d c3 37 9d 60 c4 19 62 82 7e  O..%.8M.7.`..b.~

D (37713) mbedtls: ssl_tls12_client.c:2064 0x3ffb6124: 0030:  e0 fc 67 cf ea 75 97 9d e7 7e 8d a8 42 82 b7 a3  ..g..u...~..B...

[mem-tick] t=   36191 ms phase=heal         free=210424
D (37723) mbedtls: ssl_misc.h:1295 0x3ffb6124: handshake state: 4 (MBEDTLS_SSL_SERVER_KEY_EXCHANGE) -> 5 (MBEDTLS_SSL_CERTIFICATE_REQUEST)

I (37723) mbedtls: ssl_tls12_client.c:2118 0x3ffb6124: <= parse server key exchange

I (37723) mbedtls: ssl_msg.c:2063 0x3ffb6124: => flush output

I (37723) mbedtls: ssl_msg.c:2072 0x3ffb6124: <= flush output

I (37723) mbedtls: ssl_tls.c:4201 0x3ffb6124: client state: MBEDTLS_SSL_CERTIFICATE_REQUEST

I (37723) mbedtls: ssl_tls12_client.c:2157 0x3ffb6124: => parse certificate request

I (37723) mbedtls: ssl_msg.c:4040 0x3ffb6124: => read record

I (37723) mbedtls: ssl_msg.c:1865 0x3ffb6124: => fetch input

I (37723) mbedtls: ssl_msg.c:2005 0x3ffb6124: in_left: 0, nb_want: 5

I (37733) mbedtls: ssl_msg.c:2025 0x3ffb6124: in_left: 0, nb_want: 5

I (37733) mbedtls: ssl_msg.c:2028 0x3ffb6124: ssl->f_recv(_timeout)() returned 5 (-0xfffffffb)

I (37733) mbedtls: ssl_msg.c:2050 0x3ffb6124: <= fetch input

D (37733) mbedtls: ssl_msg.c:3707 0x3ffb6124: input record: msgtype = 22, version = [0x303], msglen = 4

I (37733) mbedtls: ssl_msg.c:1865 0x3ffb6124: => fetch input

I (37733) mbedtls: ssl_msg.c:2005 0x3ffb6124: in_left: 5, nb_want: 9

I (37733) mbedtls: ssl_msg.c:2025 0x3ffb6124: in_left: 5, nb_want: 9

I (37733) mbedtls: ssl_msg.c:2028 0x3ffb6124: ssl->f_recv(_timeout)() returned 4 (-0xfffffffc)

I (37733) mbedtls: ssl_msg.c:2050 0x3ffb6124: <= fetch input

D (37733) mbedtls: ssl_msg.c:2948 0x3ffb6124: handshake message: msglen = 4, type = 14, hslen = 4

D (37733) mbedtls: ssl_msg.c:3085 0x3ffb6124: sole handshake fragment: 4, 0..4 of 4

I (37733) mbedtls: ssl_msg.c:4112 0x3ffb6124: <= read record

D (37733) mbedtls: ssl_misc.h:1295 0x3ffb6124: handshake state: 5 (MBEDTLS_SSL_CERTIFICATE_REQUEST) -> 6 (MBEDTLS_SSL_SERVER_HELLO_DONE)

D (37733) mbedtls: ssl_tls12_client.c:2183 0x3ffb6124: got no certificate request

I (37733) mbedtls: ssl_tls12_client.c:2319 0x3ffb6124: <= parse certificate request

I (37733) mbedtls: ssl_msg.c:2063 0x3ffb6124: => flush output

I (37733) mbedtls: ssl_msg.c:2072 0x3ffb6124: <= flush output

I (37733) mbedtls: ssl_tls.c:4201 0x3ffb6124: client state: MBEDTLS_SSL_SERVER_HELLO_DONE

I (37733) mbedtls: ssl_tls12_client.c:2330 0x3ffb6124: => parse server hello done

I (37733) mbedtls: ssl_msg.c:4040 0x3ffb6124: => read record

I (37733) mbedtls: ssl_msg.c:4108 0x3ffb6124: reuse previously read message

I (37733) mbedtls: ssl_msg.c:4112 0x3ffb6124: <= read record

D (37733) mbedtls: ssl_misc.h:1295 0x3ffb6124: handshake state: 6 (MBEDTLS_SSL_SERVER_HELLO_DONE) -> 7 (MBEDTLS_SSL_CLIENT_CERTIFICATE)

I (37733) mbedtls: ssl_tls12_client.c:2358 0x3ffb6124: <= parse server hello done

I (37733) mbedtls: ssl_msg.c:2063 0x3ffb6124: => flush output

I (37733) mbedtls: ssl_msg.c:2072 0x3ffb6124: <= flush output

I (37733) mbedtls: ssl_tls.c:4201 0x3ffb6124: client state: MBEDTLS_SSL_CLIENT_CERTIFICATE

I (37733) mbedtls: ssl_tls.c:6675 0x3ffb6124: => write certificate

I (37733) mbedtls: ssl_tls.c:6686 0x3ffb6124: <= skip write certificate

D (37733) mbedtls: ssl_misc.h:1295 0x3ffb6124: handshake state: 7 (MBEDTLS_SSL_CLIENT_CERTIFICATE) -> 8 (MBEDTLS_SSL_CLIENT_KEY_EXCHANGE)

I (37733) mbedtls: ssl_msg.c:2063 0x3ffb6124: => flush output

I (37733) mbedtls: ssl_msg.c:2072 0x3ffb6124: <= flush output

I (37733) mbedtls: ssl_tls.c:4201 0x3ffb6124: client state: MBEDTLS_SSL_CLIENT_KEY_EXCHANGE

I (37733) mbedtls: ssl_tls12_client.c:2373 0x3ffb6124: => write client key exchange

D (37733) mbedtls: ssl_tls12_client.c:2387 0x3ffb6124: Perform PSA-based ECDH computation.

[mem-tick] t=   36291 ms phase=heal         free=216304
D (37873) mbedtls: ssl_misc.h:1295 0x3ffb6124: handshake state: 8 (MBEDTLS_SSL_CLIENT_KEY_EXCHANGE) -> 9 (MBEDTLS_SSL_CERTIFICATE_VERIFY)

I (37873) mbedtls: ssl_msg.c:2494 0x3ffb6124: => write handshake message

I (37873) mbedtls: ssl_msg.c:2654 0x3ffb6124: => write record

D (37873) mbedtls: ssl_msg.c:2737 0x3ffb6124: output record: msgtype = 22, version = [3:3], msglen = 37

I (37873) mbedtls: ssl_msg.c:2063 0x3ffb6124: => flush output

I (37873) mbedtls: ssl_msg.c:2077 0x3ffb6124: message length: 42, out_left: 42

I (37873) mbedtls: ssl_msg.c:2084 0x3ffb6124: ssl->f_send() returned 42 (-0xffffffd6)

I (37883) mbedtls: ssl_msg.c:2111 0x3ffb6124: <= flush output

I (37883) mbedtls: ssl_msg.c:2790 0x3ffb6124: <= write record

I (37883) mbedtls: ssl_msg.c:2615 0x3ffb6124: <= write handshake message

I (37883) mbedtls: ssl_tls12_client.c:2653 0x3ffb6124: <= write client key exchange

I (37883) mbedtls: ssl_msg.c:2063 0x3ffb6124: => flush output

I (37883) mbedtls: ssl_msg.c:2072 0x3ffb6124: <= flush output

I (37883) mbedtls: ssl_tls.c:4201 0x3ffb6124: client state: MBEDTLS_SSL_CERTIFICATE_VERIFY

I (37883) mbedtls: ssl_tls12_client.c:2701 0x3ffb6124: => write certificate verify

I (37883) mbedtls: ssl_tls.c:6466 0x3ffb6124: => derive keys

I (37883) mbedtls: ssl_tls.c:6557 0x3ffb6124: => PSA calc verify

D (37883) mbedtls: ssl_tls.c:6568 0x3ffb6124: dumping 'PSA calculated verify result' (48 bytes)

D (37883) mbedtls: ssl_tls.c:6568 0x3ffb6124: 0000:  73 92 d8 fe 72 d9 a9 af e5 5e 5c a2 c0 e7 76 2f  s...r....^\...v/

D (37883) mbedtls: ssl_tls.c:6568 0x3ffb6124: 0010:  f1 65 80 48 ea b7 06 4a 6a bc 06 99 14 01 eb 62  .e.H...Jj......b

D (37883) mbedtls: ssl_tls.c:6568 0x3ffb6124: 0020:  88 ec 58 d2 b7 a5 03 4e 25 cf a6 9a db 04 56 26  ..X....N%.....V&

I (37883) mbedtls: ssl_tls.c:6569 0x3ffb6124: <= PSA calc verify

D (37883) mbedtls: ssl_tls.c:6308 0x3ffb6124: dumping 'session hash for extended master secret' (48 bytes)

D (37883) mbedtls: ssl_tls.c:6308 0x3ffb6124: 0000:  73 92 d8 fe 72 d9 a9 af e5 5e 5c a2 c0 e7 76 2f  s...r....^\...v/

D (37883) mbedtls: ssl_tls.c:6308 0x3ffb6124: 0010:  f1 65 80 48 ea b7 06 4a 6a bc 06 99 14 01 eb 62  .e.H...Jj......b

D (37883) mbedtls: ssl_tls.c:6308 0x3ffb6124: 0020:  88 ec 58 d2 b7 a5 03 4e 25 cf a6 9a db 04 56 26  ..X....N%.....V&

D (37883) mbedtls: ssl_tls.c:6449 0x3ffb6124: dumping 'premaster secret' (32 bytes)

D (37883) mbedtls: ssl_tls.c:6449 0x3ffb6124: 0000:  e7 02 c4 08 3b 7a 69 14 e6 a1 90 ee 37 80 a4 1f  ....;zi.....7...

D (37883) mbedtls: ssl_tls.c:6449 0x3ffb6124: 0010:  96 6c 19 dc 67 f6 fc 96 94 96 07 35 00 fe 14 2f  .l..g......5.../

D (37883) mbedtls: ssl_tls.c:7762 0x3ffb6124: ciphersuite = TLS-ECDHE-RSA-WITH-AES-256-GCM-SHA384

D (37883) mbedtls: ssl_tls.c:7764 0x3ffb6124: dumping 'master secret' (48 bytes)

D (37883) mbedtls: ssl_tls.c:7764 0x3ffb6124: 0000:  2e 4a 27 c6 53 4f c4 4d 38 a6 68 7a c3 25 d6 ab  .J'.SO.M8.hz.%..

D (37883) mbedtls: ssl_tls.c:7764 0x3ffb6124: 0010:  9b 5f 95 96 d8 83 8e c9 bc 12 a7 14 be 08 5a e8  ._............Z.

D (37883) mbedtls: ssl_tls.c:7764 0x3ffb6124: 0020:  02 15 3e 83 9b 6b e9 50 f8 58 95 52 89 15 9f 62  ..>..k.P.X.R...b

D (37883) mbedtls: ssl_tls.c:7855 0x3ffb6124: keylen: 32, minlen: 24, ivlen: 12, maclen: 0

I (37883) mbedtls: ssl_tls.c:6517 0x3ffb6124: <= derive keys

I (37883) mbedtls: ssl_tls12_client.c:2723 0x3ffb6124: <= skip write certificate verify

D (37883) mbedtls: ssl_misc.h:1295 0x3ffb6124: handshake state: 9 (MBEDTLS_SSL_CERTIFICATE_VERIFY) -> 10 (MBEDTLS_SSL_CLIENT_CHANGE_CIPHER_SPEC)

I (37883) mbedtls: ssl_msg.c:2063 0x3ffb6124: => flush output

I (37883) mbedtls: ssl_msg.c:2072 0x3ffb6124: <= flush output

I (37883) mbedtls: ssl_tls.c:4201 0x3ffb6124: client state: MBEDTLS_SSL_CLIENT_CHANGE_CIPHER_SPEC

I (37883) mbedtls: ssl_msg.c:5087 0x3ffb6124: => write change cipher spec

D (37883) mbedtls: ssl_misc.h:1295 0x3ffb6124: handshake state: 10 (MBEDTLS_SSL_CLIENT_CHANGE_CIPHER_SPEC) -> 11 (MBEDTLS_SSL_CLIENT_FINISHED)

I (37883) mbedtls: ssl_msg.c:2494 0x3ffb6124: => write handshake message

I (37883) mbedtls: ssl_msg.c:2654 0x3ffb6124: => write record

D (37883) mbedtls: ssl_msg.c:2737 0x3ffb6124: output record: msgtype = 20, version = [3:3], msglen = 1

I (37883) mbedtls: ssl_msg.c:2063 0x3ffb6124: => flush output

I (37883) mbedtls: ssl_msg.c:2077 0x3ffb6124: message length: 6, out_left: 6

I (37883) mbedtls: ssl_msg.c:2084 0x3ffb6124: ssl->f_send() returned 6 (-0xfffffffa)

I (37883) mbedtls: ssl_msg.c:2111 0x3ffb6124: <= flush output

I (37883) mbedtls: ssl_msg.c:2790 0x3ffb6124: <= write record

I (37883) mbedtls: ssl_msg.c:2615 0x3ffb6124: <= write handshake message

I (37883) mbedtls: ssl_msg.c:5100 0x3ffb6124: <= write change cipher spec

I (37883) mbedtls: ssl_msg.c:2063 0x3ffb6124: => flush output

I (37883) mbedtls: ssl_msg.c:2072 0x3ffb6124: <= flush output

I (37883) mbedtls: ssl_tls.c:4201 0x3ffb6124: client state: MBEDTLS_SSL_CLIENT_FINISHED

I (37883) mbedtls: ssl_tls.c:7384 0x3ffb6124: => write finished

I (37883) mbedtls: ssl_tls.c:7235 0x3ffb6124: => calc PSA finished tls

D (37883) mbedtls: ssl_tls.c:7246 0x3ffb6124: dumping 'PSA calculated padbuf' (48 bytes)

D (37883) mbedtls: ssl_tls.c:7246 0x3ffb6124: 0000:  73 92 d8 fe 72 d9 a9 af e5 5e 5c a2 c0 e7 76 2f  s...r....^\...v/

D (37893) mbedtls: ssl_tls.c:7246 0x3ffb6124: 0010:  f1 65 80 48 ea b7 06 4a 6a bc 06 99 14 01 eb 62  .e.H...Jj......b

D (37893) mbedtls: ssl_tls.c:7246 0x3ffb6124: 0020:  88 ec 58 d2 b7 a5 03 4e 25 cf a6 9a db 04 56 26  ..X....N%.....V&

D (37893) mbedtls: ssl_tls.c:7258 0x3ffb6124: dumping 'calc finished result' (12 bytes)

D (37893) mbedtls: ssl_tls.c:7258 0x3ffb6124: 0000:  a8 ee c3 c5 c2 69 ed 67 7d 1f 35 61              .....i.g}.5a

I (37893) mbedtls: ssl_tls.c:7262 0x3ffb6124: <= calc finished

D (37893) mbedtls: ssl_misc.h:1295 0x3ffb6124: handshake state: 11 (MBEDTLS_SSL_CLIENT_FINISHED) -> 12 (MBEDTLS_SSL_SERVER_CHANGE_CIPHER_SPEC)

D (37893) mbedtls: ssl_tls.c:7434 0x3ffb6124: switching to new transform spec for outbound data

I (37893) mbedtls: ssl_msg.c:2494 0x3ffb6124: => write handshake message

I (37893) mbedtls: ssl_msg.c:2654 0x3ffb6124: => write record

I (37893) mbedtls: ssl_msg.c:808 0x3ffb6124: => encrypt buf

D (37893) mbedtls: ssl_msg.c:1036 0x3ffb6124: before encrypt: msglen = 16, including 0 bytes of padding

I (37893) mbedtls: ssl_msg.c:1265 0x3ffb6124: <= encrypt buf

D (37893) mbedtls: ssl_msg.c:2737 0x3ffb6124: output record: msgtype = 22, version = [3:3], msglen = 40

I (37893) mbedtls: ssl_msg.c:2063 0x3ffb6124: => flush output

I (37893) mbedtls: ssl_msg.c:2077 0x3ffb6124: message length: 45, out_left: 45

I (37893) mbedtls: ssl_msg.c:2084 0x3ffb6124: ssl->f_send() returned 45 (-0xffffffd3)

I (37893) mbedtls: ssl_msg.c:2111 0x3ffb6124: <= flush output

I (37893) mbedtls: ssl_msg.c:2790 0x3ffb6124: <= write record

I (37893) mbedtls: ssl_msg.c:2615 0x3ffb6124: <= write handshake message

I (37893) mbedtls: ssl_tls.c:7487 0x3ffb6124: <= write finished

I (37893) mbedtls: ssl_msg.c:2063 0x3ffb6124: => flush output

I (37893) mbedtls: ssl_msg.c:2072 0x3ffb6124: <= flush output

I (37893) mbedtls: ssl_tls.c:4201 0x3ffb6124: client state: MBEDTLS_SSL_SERVER_CHANGE_CIPHER_SPEC

D (37893) mbedtls: ssl_misc.h:1295 0x3ffb6124: handshake state: 12 (MBEDTLS_SSL_SERVER_CHANGE_CIPHER_SPEC) -> 16 (MBEDTLS_SSL_NEW_SESSION_TICKET)

I (37893) mbedtls: ssl_tls12_client.c:2829 0x3ffb6124: => parse new session ticket

I (37893) mbedtls: ssl_msg.c:4040 0x3ffb6124: => read record

I (37893) mbedtls: ssl_msg.c:1865 0x3ffb6124: => fetch input

I (37893) mbedtls: ssl_msg.c:2005 0x3ffb6124: in_left: 0, nb_want: 5

I (37893) mbedtls: ssl_msg.c:2025 0x3ffb6124: in_left: 0, nb_want: 5

I (37893) mbedtls: ssl_msg.c:2028 0x3ffb6124: ssl->f_recv(_timeout)() returned 5 (-0xfffffffb)

I (37893) mbedtls: ssl_msg.c:2050 0x3ffb6124: <= fetch input

D (37893) mbedtls: ssl_msg.c:3707 0x3ffb6124: input record: msgtype = 22, version = [0x303], msglen = 186

I (37893) mbedtls: ssl_msg.c:1865 0x3ffb6124: => fetch input

I (37893) mbedtls: ssl_msg.c:2005 0x3ffb6124: in_left: 5, nb_want: 191

I (37893) mbedtls: ssl_msg.c:2025 0x3ffb6124: in_left: 5, nb_want: 191

I (37893) mbedtls: ssl_msg.c:2028 0x3ffb6124: ssl->f_recv(_timeout)() returned 186 (-0xffffff46)

I (37893) mbedtls: ssl_msg.c:2050 0x3ffb6124: <= fetch input

D (37893) mbedtls: ssl_msg.c:2948 0x3ffb6124: handshake message: msglen = 186, type = 4, hslen = 186

D (37893) mbedtls: ssl_msg.c:3085 0x3ffb6124: sole handshake fragment: 186, 0..186 of 186

I (37893) mbedtls: ssl_msg.c:4112 0x3ffb6124: <= read record

D (37893) mbedtls: ssl_tls12_client.c:2876 0x3ffb6124: ticket length: 176

D (37893) mbedtls: ssl_misc.h:1295 0x3ffb6124: handshake state: 16 (MBEDTLS_SSL_NEW_SESSION_TICKET) -> 12 (MBEDTLS_SSL_SERVER_CHANGE_CIPHER_SPEC)

D (37893) mbedtls: ssl_tls12_client.c:2920 0x3ffb6124: ticket in use, discarding session id

I (37893) mbedtls: ssl_tls12_client.c:2923 0x3ffb6124: <= parse new session ticket

I (37893) mbedtls: ssl_msg.c:2063 0x3ffb6124: => flush output

I (37893) mbedtls: ssl_msg.c:2072 0x3ffb6124: <= flush output

I (37893) mbedtls: ssl_tls.c:4201 0x3ffb6124: client state: MBEDTLS_SSL_SERVER_CHANGE_CIPHER_SPEC

I (37893) mbedtls: ssl_msg.c:5109 0x3ffb6124: => parse change cipher spec

I (37893) mbedtls: ssl_msg.c:4040 0x3ffb6124: => read record

I (37893) mbedtls: ssl_msg.c:1865 0x3ffb6124: => fetch input

I (37893) mbedtls: ssl_msg.c:2005 0x3ffb6124: in_left: 0, nb_want: 5

I (37893) mbedtls: ssl_msg.c:2025 0x3ffb6124: in_left: 0, nb_want: 5

I (37893) mbedtls: ssl_msg.c:2028 0x3ffb6124: ssl->f_recv(_timeout)() returned 5 (-0xfffffffb)

I (37893) mbedtls: ssl_msg.c:2050 0x3ffb6124: <= fetch input

D (37893) mbedtls: ssl_msg.c:3707 0x3ffb6124: input record: msgtype = 20, version = [0x303], msglen = 1

I (37893) mbedtls: ssl_msg.c:1865 0x3ffb6124: => fetch input

I (37893) mbedtls: ssl_msg.c:2005 0x3ffb6124: in_left: 5, nb_want: 6

I (37893) mbedtls: ssl_msg.c:2025 0x3ffb6124: in_left: 5, nb_want: 6

I (37893) mbedtls: ssl_msg.c:2028 0x3ffb6124: ssl->f_recv(_timeout)() returned 1 (-0xffffffff)

I (37893) mbedtls: ssl_msg.c:2050 0x3ffb6124: <= fetch input

I (37893) mbedtls: ssl_msg.c:4112 0x3ffb6124: <= read record

D (37893) mbedtls: ssl_msg.c:5130 0x3ffb6124: switching to new transform spec for inbound data

D (37903) mbedtls: ssl_misc.h:1295 0x3ffb6124: handshake state: 12 (MBEDTLS_SSL_SERVER_CHANGE_CIPHER_SPEC) -> 13 (MBEDTLS_SSL_SERVER_FINISHED)

I (37903) mbedtls: ssl_msg.c:5157 0x3ffb6124: <= parse change cipher spec

I (37903) mbedtls: ssl_msg.c:2063 0x3ffb6124: => flush output

I (37903) mbedtls: ssl_msg.c:2072 0x3ffb6124: <= flush output

I (37903) mbedtls: ssl_tls.c:4201 0x3ffb6124: client state: MBEDTLS_SSL_SERVER_FINISHED

I (37903) mbedtls: ssl_tls.c:7500 0x3ffb6124: => parse finished

I (37903) mbedtls: ssl_tls.c:7235 0x3ffb6124: => calc PSA finished tls

D (37903) mbedtls: ssl_tls.c:7246 0x3ffb6124: dumping 'PSA calculated padbuf' (48 bytes)

D (37903) mbedtls: ssl_tls.c:7246 0x3ffb6124: 0000:  73 10 bc 4e d0 e9 70 e3 35 b5 47 32 dd 6a c9 e7  s..N..p.5.G2.j..

D (37903) mbedtls: ssl_tls.c:7246 0x3ffb6124: 0010:  63 9f e5 51 ad 47 68 f6 dd 12 af 7e 2b ce fd 36  c..Q.Gh....~+..6

D (37903) mbedtls: ssl_tls.c:7246 0x3ffb6124: 0020:  77 b0 50 02 a1 97 ce e1 92 6c ae a3 c7 c7 12 ec  w.P......l......

D (37903) mbedtls: ssl_tls.c:7258 0x3ffb6124: dumping 'calc finished result' (12 bytes)

D (37903) mbedtls: ssl_tls.c:7258 0x3ffb6124: 0000:  3a e3 3c 1c 6a 6f 72 39 fd cc 32 3d              :.<.jor9..2=

I (37903) mbedtls: ssl_tls.c:7262 0x3ffb6124: <= calc finished

I (37903) mbedtls: ssl_msg.c:4040 0x3ffb6124: => read record

I (37903) mbedtls: ssl_msg.c:1865 0x3ffb6124: => fetch input

I (37903) mbedtls: ssl_msg.c:2005 0x3ffb6124: in_left: 0, nb_want: 5

I (37903) mbedtls: ssl_msg.c:2025 0x3ffb6124: in_left: 0, nb_want: 5

I (37903) mbedtls: ssl_msg.c:2028 0x3ffb6124: ssl->f_recv(_timeout)() returned 5 (-0xfffffffb)

I (37903) mbedtls: ssl_msg.c:2050 0x3ffb6124: <= fetch input

D (37903) mbedtls: ssl_msg.c:3707 0x3ffb6124: input record: msgtype = 22, version = [0x303], msglen = 40

I (37903) mbedtls: ssl_msg.c:1865 0x3ffb6124: => fetch input

I (37903) mbedtls: ssl_msg.c:2005 0x3ffb6124: in_left: 5, nb_want: 45

I (37903) mbedtls: ssl_msg.c:2025 0x3ffb6124: in_left: 5, nb_want: 45

I (37903) mbedtls: ssl_msg.c:2028 0x3ffb6124: ssl->f_recv(_timeout)() returned 40 (-0xffffffd8)

I (37903) mbedtls: ssl_msg.c:2050 0x3ffb6124: <= fetch input

I (37903) mbedtls: ssl_msg.c:1301 0x3ffb6124: => decrypt buf

I (37903) mbedtls: ssl_msg.c:1831 0x3ffb6124: <= decrypt buf

D (37903) mbedtls: ssl_msg.c:2948 0x3ffb6124: handshake message: msglen = 16, type = 20, hslen = 16

D (37903) mbedtls: ssl_msg.c:3085 0x3ffb6124: sole handshake fragment: 16, 0..16 of 16

I (37903) mbedtls: ssl_msg.c:4112 0x3ffb6124: <= read record

D (37903) mbedtls: ssl_misc.h:1295 0x3ffb6124: handshake state: 13 (MBEDTLS_SSL_SERVER_FINISHED) -> 14 (MBEDTLS_SSL_FLUSH_BUFFERS)

I (37903) mbedtls: ssl_tls.c:7571 0x3ffb6124: <= parse finished

I (37903) mbedtls: ssl_msg.c:2063 0x3ffb6124: => flush output

I (37903) mbedtls: ssl_msg.c:2072 0x3ffb6124: <= flush output

I (37903) mbedtls: ssl_tls.c:4201 0x3ffb6124: client state: MBEDTLS_SSL_FLUSH_BUFFERS

I (37903) mbedtls: ssl_tls12_client.c:3031 0x3ffb6124: handshake: done

D (37903) mbedtls: ssl_misc.h:1295 0x3ffb6124: handshake state: 14 (MBEDTLS_SSL_FLUSH_BUFFERS) -> 15 (MBEDTLS_SSL_HANDSHAKE_WRAPUP)

I (37903) mbedtls: ssl_msg.c:2063 0x3ffb6124: => flush output

I (37903) mbedtls: ssl_msg.c:2072 0x3ffb6124: <= flush output

I (37903) mbedtls: ssl_tls.c:4201 0x3ffb6124: client state: MBEDTLS_SSL_HANDSHAKE_WRAPUP

D (37903) mbedtls: ssl_tls.c:7322 0x3ffb6124: => handshake wrapup

D (37903) mbedtls: ssl_tls.c:7296 0x3ffb6124: => handshake wrapup: final free

D (37903) mbedtls: ssl_tls.c:7315 0x3ffb6124: <= handshake wrapup: final free

D (37903) mbedtls: ssl_misc.h:1295 0x3ffb6124: handshake state: 15 (MBEDTLS_SSL_HANDSHAKE_WRAPUP) -> 27 (MBEDTLS_SSL_HANDSHAKE_OVER)

D (37903) mbedtls: ssl_tls.c:7376 0x3ffb6124: <= handshake wrapup

I (37903) mbedtls: ssl_tls.c:4293 0x3ffb6124: <= handshake

[phase-c] HEALED: handshake ok in 244135 us
[neg] version=TLSv1.2 suite=TLS-ECDHE-RSA-WITH-AES-256-GCM-SHA384 peer_cert=0 bytes

===== PHASE E: cert verification postures =====
--- E0: no verification option given (skip compiled in) ---
W (37913) esp-tls-mbedtls: skip_common_name=true: hostname matching and SNI disabled. This disables ALL server-name authentication (CN/SAN/SNI), not just CN. Only intended for loopback / debug clients.
D (37913) esp-tls: handshake in progress...
I (37913) mbedtls: ssl_tls.c:4282 0x3ffb6124: => handshake

I (37913) mbedtls: ssl_msg.c:2063 0x3ffb6124: => flush output

I (37913) mbedtls: ssl_msg.c:2072 0x3ffb6124: <= flush output

I (37913) mbedtls: ssl_tls.c:4201 0x3ffb6124: client state: MBEDTLS_SSL_HELLO_REQUEST

D (37913) mbedtls: ssl_misc.h:1295 0x3ffb6124: handshake state: 0 (MBEDTLS_SSL_HELLO_REQUEST) -> 1 (MBEDTLS_SSL_CLIENT_HELLO)

I (37913) mbedtls: ssl_msg.c:2063 0x3ffb6124: => flush output

I (37913) mbedtls: ssl_msg.c:2072 0x3ffb6124: <= flush output

I (37913) mbedtls: ssl_tls.c:4201 0x3ffb6124: client state: MBEDTLS_SSL_CLIENT_HELLO

I (37913) mbedtls: ssl_client.c:917 0x3ffb6124: => write client hello

D (37913) mbedtls: ssl_client.c:722 0x3ffb6124: client hello, current time: 36

D (37913) mbedtls: ssl_client.c:485 0x3ffb6124: dumping 'client hello, random bytes' (32 bytes)

D (37913) mbedtls: ssl_client.c:485 0x3ffb6124: 0000:  00 00 00 24 28 e0 31 33 5b 6b 49 06 34 93 4d 2c  ...$(.13[kI.4.M,

D (37913) mbedtls: ssl_client.c:485 0x3ffb6124: 0010:  3b 95 f7 ec c3 d3 39 b6 57 fb e9 fc 1b c8 c2 71  ;.....9.W......q

D (37913) mbedtls: ssl_client.c:510 0x3ffb6124: dumping 'session id' (0 bytes)

D (37913) mbedtls: ssl_client.c:368 0x3ffb6124: client hello, add ciphersuite: c02c, TLS-ECDHE-ECDSA-WITH-AES-256-GCM-SHA384

D (37913) mbedtls: ssl_client.c:368 0x3ffb6124: client hello, add ciphersuite: c030, TLS-ECDHE-RSA-WITH-AES-256-GCM-SHA384

D (37913) mbedtls: ssl_client.c:368 0x3ffb6124: client hello, add ciphersuite: c0ad, TLS-ECDHE-ECDSA-WITH-AES-256-CCM

D (37913) mbedtls: ssl_client.c:368 0x3ffb6124: client hello, add ciphersuite: c024, TLS-ECDHE-ECDSA-WITH-AES-256-CBC-SHA384

D (37913) mbedtls: ssl_client.c:368 0x3ffb6124: client hello, add ciphersuite: c028, TLS-ECDHE-RSA-WITH-AES-256-CBC-SHA384

D (37913) mbedtls: ssl_client.c:368 0x3ffb6124: client hello, add ciphersuite: c00a, TLS-ECDHE-ECDSA-WITH-AES-256-CBC-SHA

D (37913) mbedtls: ssl_client.c:368 0x3ffb6124: client hello, add ciphersuite: c014, TLS-ECDHE-RSA-WITH-AES-256-CBC-SHA

D (37913) mbedtls: ssl_client.c:368 0x3ffb6124: client hello, add ciphersuite: c0af, TLS-ECDHE-ECDSA-WITH-AES-256-CCM-8

D (37913) mbedtls: ssl_client.c:368 0x3ffb6124: client hello, add ciphersuite: c02b, TLS-ECDHE-ECDSA-WITH-AES-128-GCM-SHA256

D (37913) mbedtls: ssl_client.c:368 0x3ffb6124: client hello, add ciphersuite: c02f, TLS-ECDHE-RSA-WITH-AES-128-GCM-SHA256

D (37913) mbedtls: ssl_client.c:368 0x3ffb6124: client hello, add ciphersuite: c0ac, TLS-ECDHE-ECDSA-WITH-AES-128-CCM

D (37913) mbedtls: ssl_client.c:368 0x3ffb6124: client hello, add ciphersuite: c023, TLS-ECDHE-ECDSA-WITH-AES-128-CBC-SHA256

D (37913) mbedtls: ssl_client.c:368 0x3ffb6124: client hello, add ciphersuite: c027, TLS-ECDHE-RSA-WITH-AES-128-CBC-SHA256

D (37913) mbedtls: ssl_client.c:368 0x3ffb6124: client hello, add ciphersuite: c009, TLS-ECDHE-ECDSA-WITH-AES-128-CBC-SHA

D (37913) mbedtls: ssl_client.c:368 0x3ffb6124: client hello, add ciphersuite: c013, TLS-ECDHE-RSA-WITH-AES-128-CBC-SHA

D (37913) mbedtls: ssl_client.c:368 0x3ffb6124: client hello, add ciphersuite: c0ae, TLS-ECDHE-ECDSA-WITH-AES-128-CCM-8

D (37913) mbedtls: ssl_client.c:386 0x3ffb6124: adding EMPTY_RENEGOTIATION_INFO_SCSV

D (37913) mbedtls: ssl_client.c:395 0x3ffb6124: client hello, got 17 cipher suites

D (37913) mbedtls: ssl_client.c:229 0x3ffb6124: client hello, adding supported_groups extension

D (37913) mbedtls: ssl_client.c:248 0x3ffb6124: got supported group(001d)

D (37913) mbedtls: ssl_client.c:280 0x3ffb6124: NamedGroup: x25519 ( 1d )

D (37913) mbedtls: ssl_client.c:248 0x3ffb6124: got supported group(0017)

D (37913) mbedtls: ssl_client.c:280 0x3ffb6124: NamedGroup: secp256r1 ( 17 )

D (37913) mbedtls: ssl_client.c:248 0x3ffb6124: got supported group(0018)

D (37913) mbedtls: ssl_client.c:280 0x3ffb6124: NamedGroup: secp384r1 ( 18 )

D (37913) mbedtls: ssl_client.c:248 0x3ffb6124: got supported group(001e)

D (37923) mbedtls: ssl_client.c:280 0x3ffb6124: NamedGroup: x448 ( 1e )

D (37923) mbedtls: ssl_client.c:248 0x3ffb6124: got supported group(0019)

D (37923) mbedtls: ssl_client.c:280 0x3ffb6124: NamedGroup: secp521r1 ( 19 )

D (37923) mbedtls: ssl_client.c:248 0x3ffb6124: got supported group(001a)

D (37923) mbedtls: ssl_client.c:280 0x3ffb6124: NamedGroup: bp256r1 ( 1a )

D (37923) mbedtls: ssl_client.c:248 0x3ffb6124: got supported group(001b)

D (37923) mbedtls: ssl_client.c:280 0x3ffb6124: NamedGroup: bp384r1 ( 1b )

D (37923) mbedtls: ssl_client.c:248 0x3ffb6124: got supported group(001c)

D (37923) mbedtls: ssl_client.c:280 0x3ffb6124: NamedGroup: bp512r1 ( 1c )

D (37923) mbedtls: ssl_client.c:248 0x3ffb6124: got supported group(0100)

D (37923) mbedtls: ssl_client.c:248 0x3ffb6124: got supported group(0101)

D (37923) mbedtls: ssl_client.c:248 0x3ffb6124: got supported group(0102)

D (37923) mbedtls: ssl_client.c:248 0x3ffb6124: got supported group(0103)

D (37923) mbedtls: ssl_client.c:248 0x3ffb6124: got supported group(0104)

[mem-tick] t=   36393 ms phase=e0           free=217588
D (37923) mbedtls: ssl_client.c:300 0x3ffb6124: dumping 'Supported groups extension' (18 bytes)

D (37923) mbedtls: ssl_client.c:300 0x3ffb6124: 0000:  00 10 00 1d 00 17 00 18 00 1e 00 19 00 1a 00 1b  ................

D (37923) mbedtls: ssl_client.c:300 0x3ffb6124: 0010:  00 1c                                            ..

D (37923) mbedtls: ssl_tls.c:8276 0x3ffb6124: adding signature_algorithms extension

D (37923) mbedtls: ssl_tls.c:8296 0x3ffb6124: got signature scheme [603] ecdsa_secp521r1_sha512

D (37923) mbedtls: ssl_tls.c:8305 0x3ffb6124: sent signature scheme [603] ecdsa_secp521r1_sha512

D (37923) mbedtls: ssl_tls.c:8296 0x3ffb6124: got signature scheme [806] rsa_pss_rsae_sha512

D (37923) mbedtls: ssl_tls.c:8296 0x3ffb6124: got signature scheme [601] rsa_pkcs1_sha512

D (37923) mbedtls: ssl_tls.c:8305 0x3ffb6124: sent signature scheme [601] rsa_pkcs1_sha512

D (37923) mbedtls: ssl_tls.c:8296 0x3ffb6124: got signature scheme [503] ecdsa_secp384r1_sha384

D (37923) mbedtls: ssl_tls.c:8305 0x3ffb6124: sent signature scheme [503] ecdsa_secp384r1_sha384

D (37923) mbedtls: ssl_tls.c:8296 0x3ffb6124: got signature scheme [805] rsa_pss_rsae_sha384

D (37923) mbedtls: ssl_tls.c:8296 0x3ffb6124: got signature scheme [501] rsa_pkcs1_sha384

D (37923) mbedtls: ssl_tls.c:8305 0x3ffb6124: sent signature scheme [501] rsa_pkcs1_sha384

D (37923) mbedtls: ssl_tls.c:8296 0x3ffb6124: got signature scheme [403] ecdsa_secp256r1_sha256

D (37923) mbedtls: ssl_tls.c:8305 0x3ffb6124: sent signature scheme [403] ecdsa_secp256r1_sha256

D (37923) mbedtls: ssl_tls.c:8296 0x3ffb6124: got signature scheme [804] rsa_pss_rsae_sha256

D (37923) mbedtls: ssl_tls.c:8296 0x3ffb6124: got signature scheme [401] rsa_pkcs1_sha256

D (37923) mbedtls: ssl_tls.c:8305 0x3ffb6124: sent signature scheme [401] rsa_pkcs1_sha256

D (37923) mbedtls: ssl_tls12_client.c:103 0x3ffb6124: client hello, adding supported_point_formats extension

D (37923) mbedtls: ssl_tls12_client.c:287 0x3ffb6124: client hello, adding encrypt_then_mac extension

D (37923) mbedtls: ssl_tls12_client.c:319 0x3ffb6124: client hello, adding extended_master_secret extension

D (37923) mbedtls: ssl_tls12_client.c:352 0x3ffb6124: client hello, adding session ticket extension

D (37923) mbedtls: ssl_client.c:687 0x3ffb6124: client hello, total extension length: 58

D (37923) mbedtls: ssl_client.c:689 0x3ffb6124: dumping 'client hello extensions' (58 bytes)

D (37923) mbedtls: ssl_client.c:689 0x3ffb6124: 0000:  00 3a 00 0a 00 12 00 10 00 1d 00 17 00 18 00 1e  .:..............

D (37923) mbedtls: ssl_client.c:689 0x3ffb6124: 0010:  00 19 00 1a 00 1b 00 1c 00 0d 00 0e 00 0c 06 03  ................

D (37923) mbedtls: ssl_client.c:689 0x3ffb6124: 0020:  06 01 05 03 05 01 04 03 04 01 00 0b 00 02 01 00  ................

D (37923) mbedtls: ssl_client.c:689 0x3ffb6124: 0030:  00 16 00 00 00 17 00 00 00 23                    .........#

I (37923) mbedtls: ssl_msg.c:2494 0x3ffb6124: => write handshake message

I (37923) mbedtls: ssl_msg.c:2654 0x3ffb6124: => write record

D (37923) mbedtls: ssl_msg.c:2737 0x3ffb6124: output record: msgtype = 22, version = [3:3], msglen = 137

I (37923) mbedtls: ssl_msg.c:2790 0x3ffb6124: <= write record

I (37923) mbedtls: ssl_msg.c:2615 0x3ffb6124: <= write handshake message

D (37923) mbedtls: ssl_misc.h:1295 0x3ffb6124: handshake state: 1 (MBEDTLS_SSL_CLIENT_HELLO) -> 2 (MBEDTLS_SSL_SERVER_HELLO)

I (37923) mbedtls: ssl_client.c:1010 0x3ffb6124: <= write client hello

I (37923) mbedtls: ssl_msg.c:2063 0x3ffb6124: => flush output

I (37923) mbedtls: ssl_msg.c:2077 0x3ffb6124: message length: 142, out_left: 142

I (37923) mbedtls: ssl_msg.c:2084 0x3ffb6124: ssl->f_send() returned 142 (-0xffffff72)

I (37923) mbedtls: ssl_msg.c:2111 0x3ffb6124: <= flush output

I (37923) mbedtls: ssl_tls.c:4201 0x3ffb6124: client state: MBEDTLS_SSL_SERVER_HELLO

I (37923) mbedtls: ssl_tls12_client.c:1151 0x3ffb6124: => parse server hello

I (37923) mbedtls: ssl_msg.c:4040 0x3ffb6124: => read record

I (37923) mbedtls: ssl_msg.c:1865 0x3ffb6124: => fetch input

I (37923) mbedtls: ssl_msg.c:2005 0x3ffb6124: in_left: 0, nb_want: 5

I (37923) mbedtls: ssl_msg.c:2025 0x3ffb6124: in_left: 0, nb_want: 5

I (37933) mbedtls: ssl_msg.c:2028 0x3ffb6124: ssl->f_recv(_timeout)() returned 5 (-0xfffffffb)

I (37933) mbedtls: ssl_msg.c:2050 0x3ffb6124: <= fetch input

D (37933) mbedtls: ssl_msg.c:3707 0x3ffb6124: input record: msgtype = 22, version = [0x303], msglen = 65

I (37933) mbedtls: ssl_msg.c:1865 0x3ffb6124: => fetch input

I (37933) mbedtls: ssl_msg.c:2005 0x3ffb6124: in_left: 5, nb_want: 70

I (37933) mbedtls: ssl_msg.c:2025 0x3ffb6124: in_left: 5, nb_want: 70

I (37933) mbedtls: ssl_msg.c:2028 0x3ffb6124: ssl->f_recv(_timeout)() returned 65 (-0xffffffbf)

I (37933) mbedtls: ssl_msg.c:2050 0x3ffb6124: <= fetch input

D (37933) mbedtls: ssl_msg.c:2948 0x3ffb6124: handshake message: msglen = 65, type = 2, hslen = 65

D (37933) mbedtls: ssl_msg.c:3085 0x3ffb6124: sole handshake fragment: 65, 0..65 of 65

I (37933) mbedtls: ssl_msg.c:4112 0x3ffb6124: <= read record

D (37933) mbedtls: ssl_tls12_client.c:1225 0x3ffb6124: dumping 'server hello, version' (2 bytes)

D (37933) mbedtls: ssl_tls12_client.c:1225 0x3ffb6124: 0000:  03 03                                            ..

D (37933) mbedtls: ssl_tls12_client.c:1246 0x3ffb6124: server hello, current time: 4290361914

D (37933) mbedtls: ssl_tls12_client.c:1256 0x3ffb6124: dumping 'server hello, random bytes' (32 bytes)

D (37933) mbedtls: ssl_tls12_client.c:1256 0x3ffb6124: 0000:  ff b9 ba 3a 8e 39 1a 91 c3 f1 96 67 e2 de 59 1b  ...:.9.....g..Y.

D (37933) mbedtls: ssl_tls12_client.c:1256 0x3ffb6124: 0010:  7a 14 36 51 7a cc 84 38 19 ef c0 2f df 8d 1a ff  z.6Qz..8.../....

D (37933) mbedtls: ssl_tls12_client.c:1318 0x3ffb6124: server hello, session id len.: 0

D (37933) mbedtls: ssl_tls12_client.c:1319 0x3ffb6124: dumping 'server hello, session id' (0 bytes)

D (37933) mbedtls: ssl_misc.h:1295 0x3ffb6124: handshake state: 2 (MBEDTLS_SSL_SERVER_HELLO) -> 3 (MBEDTLS_SSL_SERVER_CERTIFICATE)

D (37933) mbedtls: ssl_tls12_client.c:1343 0x3ffb6124: no session has been resumed

D (37933) mbedtls: ssl_tls12_client.c:1346 0x3ffb6124: server hello, chosen ciphersuite: c030

D (37933) mbedtls: ssl_tls12_client.c:1347 0x3ffb6124: server hello, compress alg.: 0

D (37933) mbedtls: ssl_tls12_client.c:1382 0x3ffb6124: server hello, chosen ciphersuite: TLS-ECDHE-RSA-WITH-AES-256-GCM-SHA384

I (37933) mbedtls: ssl_tls12_client.c:1403 0x3ffb6124: server hello, total extension length: 21

D (37933) mbedtls: ssl_tls12_client.c:1421 0x3ffb6124: found renegotiation extension

D (37933) mbedtls: ssl_tls12_client.c:1500 0x3ffb6124: found supported_point_formats extension

D (37933) mbedtls: ssl_tls12_client.c:1486 0x3ffb6124: found session_ticket extension

D (37933) mbedtls: ssl_tls12_client.c:1473 0x3ffb6124: found extended_master_secret extension

I (37933) mbedtls: ssl_tls12_client.c:1617 0x3ffb6124: <= parse server hello

I (37933) mbedtls: ssl_msg.c:2063 0x3ffb6124: => flush output

I (37933) mbedtls: ssl_msg.c:2072 0x3ffb6124: <= flush output

I (37933) mbedtls: ssl_tls.c:4201 0x3ffb6124: client state: MBEDTLS_SSL_SERVER_CERTIFICATE

I (37933) mbedtls: ssl_tls.c:7077 0x3ffb6124: => parse certificate

I (37933) mbedtls: ssl_msg.c:4040 0x3ffb6124: => read record

I (37933) mbedtls: ssl_msg.c:1865 0x3ffb6124: => fetch input

I (37933) mbedtls: ssl_msg.c:2005 0x3ffb6124: in_left: 0, nb_want: 5

I (37933) mbedtls: ssl_msg.c:2025 0x3ffb6124: in_left: 0, nb_want: 5

I (37933) mbedtls: ssl_msg.c:2028 0x3ffb6124: ssl->f_recv(_timeout)() returned 5 (-0xfffffffb)

I (37933) mbedtls: ssl_msg.c:2050 0x3ffb6124: <= fetch input

D (37933) mbedtls: ssl_msg.c:3707 0x3ffb6124: input record: msgtype = 22, version = [0x303], msglen = 791

I (37933) mbedtls: ssl_msg.c:1865 0x3ffb6124: => fetch input

I (37933) mbedtls: ssl_msg.c:2005 0x3ffb6124: in_left: 5, nb_want: 796

I (37933) mbedtls: ssl_msg.c:2025 0x3ffb6124: in_left: 5, nb_want: 796

I (37933) mbedtls: ssl_msg.c:2028 0x3ffb6124: ssl->f_recv(_timeout)() returned 791 (-0xfffffce9)

I (37933) mbedtls: ssl_msg.c:2050 0x3ffb6124: <= fetch input

D (37933) mbedtls: ssl_msg.c:2948 0x3ffb6124: handshake message: msglen = 791, type = 11, hslen = 791

D (37933) mbedtls: ssl_msg.c:3085 0x3ffb6124: sole handshake fragment: 791, 0..791 of 791

I (37933) mbedtls: ssl_msg.c:4112 0x3ffb6124: <= read record

D (37933) mbedtls: ssl_tls.c:6952 0x3ffb6124: peer certificate #1:

D (37933) mbedtls: ssl_tls.c:6952 0x3ffb6124: cert. version     : 3

D (37933) mbedtls: ssl_tls.c:6952 0x3ffb6124: serial number     : 77:66:A5:9D:AF:14:9E:F2:03:F7:3C:2B:1A:5C:81:86:F8:A3:4E:52

D (37933) mbedtls: ssl_tls.c:6952 0x3ffb6124: issuer name       : CN=localhost

D (37933) mbedtls: ssl_tls.c:6952 0x3ffb6124: subject name      : CN=localhost

D (37933) mbedtls: ssl_tls.c:6952 0x3ffb6124: issued  on        : 2026-08-26 20:20:30

D (37933) mbedtls: ssl_tls.c:6952 0x3ffb6124: expires on        : 2026-09-25 20:20:30

D (37943) mbedtls: ssl_tls.c:6952 0x3ffb6124: signed using      : RSA with SHA-256

D (37943) mbedtls: ssl_tls.c:6952 0x3ffb6124: RSA key size      : 2048 bits

D (37943) mbedtls: ssl_tls.c:6952 0x3ffb6124: basic constraints : CA=true

D (37943) mbedtls: ssl_tls.c:6952 0x3ffb6124: dumping 'crt->PK' (270 bytes)

D (37943) mbedtls: ssl_tls.c:6952 0x3ffb6124: 0000:  30 82 01 0a 02 82 01 01 00 dd 03 19 3e 8f 4a 05

D (37943) mbedtls: ssl_tls.c:6952 0x3ffb6124: 0010:  9c d6 74 e1 46 bc 40 7a 7e af 78 09 38 f6 d0 1c

D (37943) mbedtls: ssl_tls.c:6952 0x3ffb6124: 0020:  9d e4 2b 18 4c a1 87 f6 83 55 82 2d e0 21 fb b2

D (37943) mbedtls: ssl_tls.c:6952 0x3ffb6124: 0030:  00 2f 9b 98 36 24 73 47 a2 11 bb 50 05 1c 9e 40

D (37943) mbedtls: ssl_tls.c:6952 0x3ffb6124: 0040:  41 c9 de 81 7e a1 eb 82 48 35 d0 51 24 0d 22 bd

D (37943) mbedtls: ssl_tls.c:6952 0x3ffb6124: 0050:  7e c7 0b 60 74 e2 60 3e 76 de c1 3d b5 9f e9 d2

D (37943) mbedtls: ssl_tls.c:6952 0x3ffb6124: 0060:  ac 90 d3 84 2a 75 7c 41 8a 11 14 c8 bc 09 7b 9d

D (37943) mbedtls: ssl_tls.c:6952 0x3ffb6124: 0070:  45 54 95 c1 50 05 be f1 34 c0 05 55 f5 a2 b3 a8

D (37943) mbedtls: ssl_tls.c:6952 0x3ffb6124: 0080:  24 f6 ab 22 df 72 97 ef b5 8f e4 fe 49 be 4f c1

D (37943) mbedtls: ssl_tls.c:6952 0x3ffb6124: 0090:  08 e0 39 7a cd ba 74 2e d1 20 74 ad 6b 59 ab 86

D (37943) mbedtls: ssl_tls.c:6952 0x3ffb6124: 00a0:  5d 29 ab 81 f0 c1 22 3f 01 b9 0b a1 fb ee 70 9f

D (37943) mbedtls: ssl_tls.c:6952 0x3ffb6124: 00b0:  eb 29 5e 9f 1d 6a 0d dc 65 fd 5e 5d 38 0c 1a c3

D (37943) mbedtls: ssl_tls.c:6952 0x3ffb6124: 00c0:  ae b7 b7 2f 66 23 82 80 ab 7d 69 7c 8f 95 ab e8

D (37943) mbedtls: ssl_tls.c:6952 0x3ffb6124: 00d0:  c0 4d 21 42 7d 78 c8 25 8b 60 f6 0d 87 c9 f4 df

D (37943) mbedtls: ssl_tls.c:6952 0x3ffb6124: 00e0:  36 bf 16 7c 59 16 d1 09 ec 17 67 cf 5d 9f 8f 78

D (37943) mbedtls: ssl_tls.c:6952 0x3ffb6124: 00f0:  8c 3d d0 02 18 d5 bc a7 19 f4 51 fe 1d b3 20 40

D (37943) mbedtls: ssl_tls.c:6952 0x3ffb6124: 0100:  67 7e 3a cc 30 f3 8d a0 ef 02 03 01 00 01      

I (37943) mbedtls: ssl_tls.c:7191 0x3ffb6124: <= parse certificate

D (37943) mbedtls: ssl_misc.h:1295 0x3ffb6124: handshake state: 3 (MBEDTLS_SSL_SERVER_CERTIFICATE) -> 4 (MBEDTLS_SSL_SERVER_KEY_EXCHANGE)

I (37943) mbedtls: ssl_msg.c:2063 0x3ffb6124: => flush output

I (37943) mbedtls: ssl_msg.c:2072 0x3ffb6124: <= flush output

I (37943) mbedtls: ssl_tls.c:4201 0x3ffb6124: client state: MBEDTLS_SSL_SERVER_KEY_EXCHANGE

I (37943) mbedtls: ssl_tls12_client.c:1831 0x3ffb6124: => parse server key exchange

I (37943) mbedtls: ssl_msg.c:4040 0x3ffb6124: => read record

I (37943) mbedtls: ssl_msg.c:1865 0x3ffb6124: => fetch input

I (37943) mbedtls: ssl_msg.c:2005 0x3ffb6124: in_left: 0, nb_want: 5

I (37943) mbedtls: ssl_msg.c:2025 0x3ffb6124: in_left: 0, nb_want: 5

I (37943) mbedtls: ssl_msg.c:2028 0x3ffb6124: ssl->f_recv(_timeout)() returned 5 (-0xfffffffb)

I (37943) mbedtls: ssl_msg.c:2050 0x3ffb6124: <= fetch input

D (37943) mbedtls: ssl_msg.c:3707 0x3ffb6124: input record: msgtype = 22, version = [0x303], msglen = 300

I (37943) mbedtls: ssl_msg.c:1865 0x3ffb6124: => fetch input

I (37943) mbedtls: ssl_msg.c:2005 0x3ffb6124: in_left: 5, nb_want: 305

I (37943) mbedtls: ssl_msg.c:2025 0x3ffb6124: in_left: 5, nb_want: 305

I (37943) mbedtls: ssl_msg.c:2028 0x3ffb6124: ssl->f_recv(_timeout)() returned 300 (-0xfffffed4)

I (37943) mbedtls: ssl_msg.c:2050 0x3ffb6124: <= fetch input

D (37943) mbedtls: ssl_msg.c:2948 0x3ffb6124: handshake message: msglen = 300, type = 12, hslen = 300

D (37943) mbedtls: ssl_msg.c:3085 0x3ffb6124: sole handshake fragment: 300, 0..300 of 300

I (37943) mbedtls: ssl_msg.c:4112 0x3ffb6124: <= read record

D (37943) mbedtls: ssl_tls12_client.c:1885 0x3ffb6124: dumping 'server key exchange' (296 bytes)

D (37943) mbedtls: ssl_tls12_client.c:1885 0x3ffb6124: 0000:  03 00 1d 20 42 25 fa ca e8 a1 af 61 5b 34 41 bb  ... B%.....a[4A.

D (37943) mbedtls: ssl_tls12_client.c:1885 0x3ffb6124: 0010:  f1 ba e7 3e 1d 68 a4 60 fa 3d 2d 89 9a 7f bf 4f  ...>.h.`.=-....O

D (37943) mbedtls: ssl_tls12_client.c:1885 0x3ffb6124: 0020:  19 3b a4 3d 06 01 01 00 cd ea f4 4f 9a da a1 16  .;.=.......O....

D (37943) mbedtls: ssl_tls12_client.c:1885 0x3ffb6124: 0030:  c4 c2 ff af 09 99 5b b7 07 9f 16 73 e9 64 d5 3b  ......[....s.d.;

D (37943) mbedtls: ssl_tls12_client.c:1885 0x3ffb6124: 0040:  c9 c4 c9 35 99 41 a4 49 dd 5d ea d0 bb fa d9 0e  ...5.A.I.]......

D (37943) mbedtls: ssl_tls12_client.c:1885 0x3ffb6124: 0050:  02 1f 40 7d d1 6f 8a 88 92 8f e5 09 db 17 47 68  ..@}.o........Gh

D (37943) mbedtls: ssl_tls12_client.c:1885 0x3ffb6124: 0060:  59 a5 b7 62 3d ee 9b ac 5c 24 71 31 2a c2 02 d9  Y..b=...\$q1*...

D (37943) mbedtls: ssl_tls12_client.c:1885 0x3ffb6124: 0070:  f1 85 e9 93 e4 10 23 c6 4d ac 9d d4 8e f9 c8 dd  ......#.M.......

D (37943) mbedtls: ssl_tls12_client.c:1885 0x3ffb6124: 0080:  36 fa be 03 a8 2e 41 0d 34 f7 e9 4b b3 db cf 34  6.....A.4..K...4

D (37943) mbedtls: ssl_tls12_client.c:1885 0x3ffb6124: 0090:  c5 d7 0f 5a 18 dd bc 3a 33 a1 d9 82 0e c4 a6 5b  ...Z...:3......[

D (37943) mbedtls: ssl_tls12_client.c:1885 0x3ffb6124: 00a0:  d8 65 83 45 a6 a9 be e2 be 63 10 ac 4b 51 e3 1b  .e.E.....c..KQ..

D (37943) mbedtls: ssl_tls12_client.c:1885 0x3ffb6124: 00b0:  af a7 e6 a7 26 0a 64 9e 48 e2 2c b4 19 ce 08 f8  ....&.d.H.,.....

D (37943) mbedtls: ssl_tls12_client.c:1885 0x3ffb6124: 00c0:  84 9b 2f 90 02 6c a9 e4 f6 27 44 fa 51 ef 91 10  ../..l...'D.Q...

D (37943) mbedtls: ssl_tls12_client.c:1885 0x3ffb6124: 00d0:  b4 cb 5e 06 23 06 3c 92 3c 33 6f bf b2 7d a4 33  ..^.#.<.<3o..}.3

D (37943) mbedtls: ssl_tls12_client.c:1885 0x3ffb6124: 00e0:  01 37 ae cd a9 28 e5 2f ce c7 c6 b7 43 c3 de 39  .7...(./....C..9

D (37943) mbedtls: ssl_tls12_client.c:1885 0x3ffb6124: 00f0:  50 11 64 7d e7 d4 3f 60 43 43 fb cf 56 16 01 65  P.d}..?`CC..V..e

D (37953) mbedtls: ssl_tls12_client.c:1885 0x3ffb6124: 0100:  21 5f d5 70 44 75 a1 8c af 30 4f be 8a b3 c7 28  !_.pDu...0O....(

D (37953) mbedtls: ssl_tls12_client.c:1885 0x3ffb6124: 0110:  ec 0a eb fb e9 c5 d9 25 fd dd eb 5a c6 03 87 b6  .......%...Z....

D (37953) mbedtls: ssl_tls12_client.c:1885 0x3ffb6124: 0120:  c7 06 2c 73 93 92 e3 28                          ..,s...(

I (37953) mbedtls: ssl_tls12_client.c:1815 0x3ffb6124: Server used the signature algorithm rsa_pkcs1_sha512

D (37953) mbedtls: ssl_tls12_client.c:2047 0x3ffb6124: dumping 'signature' (256 bytes)

D (37953) mbedtls: ssl_tls12_client.c:2047 0x3ffb6124: 0000:  cd ea f4 4f 9a da a1 16 c4 c2 ff af 09 99 5b b7  ...O..........[.

D (37953) mbedtls: ssl_tls12_client.c:2047 0x3ffb6124: 0010:  07 9f 16 73 e9 64 d5 3b c9 c4 c9 35 99 41 a4 49  ...s.d.;...5.A.I

D (37953) mbedtls: ssl_tls12_client.c:2047 0x3ffb6124: 0020:  dd 5d ea d0 bb fa d9 0e 02 1f 40 7d d1 6f 8a 88  .]........@}.o..

D (37953) mbedtls: ssl_tls12_client.c:2047 0x3ffb6124: 0030:  92 8f e5 09 db 17 47 68 59 a5 b7 62 3d ee 9b ac  ......GhY..b=...

D (37953) mbedtls: ssl_tls12_client.c:2047 0x3ffb6124: 0040:  5c 24 71 31 2a c2 02 d9 f1 85 e9 93 e4 10 23 c6  \$q1*.........#.

D (37953) mbedtls: ssl_tls12_client.c:2047 0x3ffb6124: 0050:  4d ac 9d d4 8e f9 c8 dd 36 fa be 03 a8 2e 41 0d  M.......6.....A.

D (37953) mbedtls: ssl_tls12_client.c:2047 0x3ffb6124: 0060:  34 f7 e9 4b b3 db cf 34 c5 d7 0f 5a 18 dd bc 3a  4..K...4...Z...:

D (37953) mbedtls: ssl_tls12_client.c:2047 0x3ffb6124: 0070:  33 a1 d9 82 0e c4 a6 5b d8 65 83 45 a6 a9 be e2  3......[.e.E....

D (37953) mbedtls: ssl_tls12_client.c:2047 0x3ffb6124: 0080:  be 63 10 ac 4b 51 e3 1b af a7 e6 a7 26 0a 64 9e  .c..KQ......&.d.

D (37953) mbedtls: ssl_tls12_client.c:2047 0x3ffb6124: 0090:  48 e2 2c b4 19 ce 08 f8 84 9b 2f 90 02 6c a9 e4  H.,......./..l..

D (37953) mbedtls: ssl_tls12_client.c:2047 0x3ffb6124: 00a0:  f6 27 44 fa 51 ef 91 10 b4 cb 5e 06 23 06 3c 92  .'D.Q.....^.#.<.

D (37953) mbedtls: ssl_tls12_client.c:2047 0x3ffb6124: 00b0:  3c 33 6f bf b2 7d a4 33 01 37 ae cd a9 28 e5 2f  <3o..}.3.7...(./

D (37953) mbedtls: ssl_tls12_client.c:2047 0x3ffb6124: 00c0:  ce c7 c6 b7 43 c3 de 39 50 11 64 7d e7 d4 3f 60  ....C..9P.d}..?`

D (37953) mbedtls: ssl_tls12_client.c:2047 0x3ffb6124: 00d0:  43 43 fb cf 56 16 01 65 21 5f d5 70 44 75 a1 8c  CC..V..e!_.pDu..

D (37953) mbedtls: ssl_tls12_client.c:2047 0x3ffb6124: 00e0:  af 30 4f be 8a b3 c7 28 ec 0a eb fb e9 c5 d9 25  .0O....(.......%

D (37953) mbedtls: ssl_tls12_client.c:2047 0x3ffb6124: 00f0:  fd dd eb 5a c6 03 87 b6 c7 06 2c 73 93 92 e3 28  ...Z......,s...(

D (37953) mbedtls: ssl_tls.c:8082 0x3ffb6124: Perform PSA-based computation of digest of ServerKeyExchange

D (37953) mbedtls: ssl_tls12_client.c:2064 0x3ffb6124: dumping 'parameters hash' (64 bytes)

D (37953) mbedtls: ssl_tls12_client.c:2064 0x3ffb6124: 0000:  f6 25 d3 3e 79 b1 4d 20 a1 a2 0c cc c2 39 16 6c  .%.>y.M .....9.l

D (37953) mbedtls: ssl_tls12_client.c:2064 0x3ffb6124: 0010:  9a 7e 73 9a 6e 3f 1e 36 9a 56 f7 31 1d ef 11 96  .~s.n?.6.V.1....

D (37953) mbedtls: ssl_tls12_client.c:2064 0x3ffb6124: 0020:  28 1b 5e 4f 74 26 97 b1 aa cc c6 85 a8 37 ca b4  (.^Ot&.......7..

D (37953) mbedtls: ssl_tls12_client.c:2064 0x3ffb6124: 0030:  f0 d1 5a 97 3b db 65 90 a4 5e 1b 3f bd ad 56 03  ..Z.;.e..^.?..V.

D (37963) mbedtls: ssl_misc.h:1295 0x3ffb6124: handshake state: 4 (MBEDTLS_SSL_SERVER_KEY_EXCHANGE) -> 5 (MBEDTLS_SSL_CERTIFICATE_REQUEST)

I (37963) mbedtls: ssl_tls12_client.c:2118 0x3ffb6124: <= parse server key exchange

I (37963) mbedtls: ssl_msg.c:2063 0x3ffb6124: => flush output

I (37963) mbedtls: ssl_msg.c:2072 0x3ffb6124: <= flush output

I (37963) mbedtls: ssl_tls.c:4201 0x3ffb6124: client state: MBEDTLS_SSL_CERTIFICATE_REQUEST

I (37963) mbedtls: ssl_tls12_client.c:2157 0x3ffb6124: => parse certificate request

I (37963) mbedtls: ssl_msg.c:4040 0x3ffb6124: => read record

I (37963) mbedtls: ssl_msg.c:1865 0x3ffb6124: => fetch input

I (37963) mbedtls: ssl_msg.c:2005 0x3ffb6124: in_left: 0, nb_want: 5

I (37963) mbedtls: ssl_msg.c:2025 0x3ffb6124: in_left: 0, nb_want: 5

I (37963) mbedtls: ssl_msg.c:2028 0x3ffb6124: ssl->f_recv(_timeout)() returned 5 (-0xfffffffb)

I (37963) mbedtls: ssl_msg.c:2050 0x3ffb6124: <= fetch input

D (37963) mbedtls: ssl_msg.c:3707 0x3ffb6124: input record: msgtype = 22, version = [0x303], msglen = 4

I (37963) mbedtls: ssl_msg.c:1865 0x3ffb6124: => fetch input

I (37963) mbedtls: ssl_msg.c:2005 0x3ffb6124: in_left: 5, nb_want: 9

I (37963) mbedtls: ssl_msg.c:2025 0x3ffb6124: in_left: 5, nb_want: 9

I (37963) mbedtls: ssl_msg.c:2028 0x3ffb6124: ssl->f_recv(_timeout)() returned 4 (-0xfffffffc)

I (37963) mbedtls: ssl_msg.c:2050 0x3ffb6124: <= fetch input

D (37963) mbedtls: ssl_msg.c:2948 0x3ffb6124: handshake message: msglen = 4, type = 14, hslen = 4

D (37963) mbedtls: ssl_msg.c:3085 0x3ffb6124: sole handshake fragment: 4, 0..4 of 4

I (37963) mbedtls: ssl_msg.c:4112 0x3ffb6124: <= read record

D (37963) mbedtls: ssl_misc.h:1295 0x3ffb6124: handshake state: 5 (MBEDTLS_SSL_CERTIFICATE_REQUEST) -> 6 (MBEDTLS_SSL_SERVER_HELLO_DONE)

D (37963) mbedtls: ssl_tls12_client.c:2183 0x3ffb6124: got no certificate request

I (37963) mbedtls: ssl_tls12_client.c:2319 0x3ffb6124: <= parse certificate request

I (37963) mbedtls: ssl_msg.c:2063 0x3ffb6124: => flush output

I (37963) mbedtls: ssl_msg.c:2072 0x3ffb6124: <= flush output

I (37963) mbedtls: ssl_tls.c:4201 0x3ffb6124: client state: MBEDTLS_SSL_SERVER_HELLO_DONE

I (37963) mbedtls: ssl_tls12_client.c:2330 0x3ffb6124: => parse server hello done

I (37963) mbedtls: ssl_msg.c:4040 0x3ffb6124: => read record

I (37963) mbedtls: ssl_msg.c:4108 0x3ffb6124: reuse previously read message

I (37963) mbedtls: ssl_msg.c:4112 0x3ffb6124: <= read record

D (37963) mbedtls: ssl_misc.h:1295 0x3ffb6124: handshake state: 6 (MBEDTLS_SSL_SERVER_HELLO_DONE) -> 7 (MBEDTLS_SSL_CLIENT_CERTIFICATE)

I (37963) mbedtls: ssl_tls12_client.c:2358 0x3ffb6124: <= parse server hello done

I (37963) mbedtls: ssl_msg.c:2063 0x3ffb6124: => flush output

I (37963) mbedtls: ssl_msg.c:2072 0x3ffb6124: <= flush output

I (37963) mbedtls: ssl_tls.c:4201 0x3ffb6124: client state: MBEDTLS_SSL_CLIENT_CERTIFICATE

I (37963) mbedtls: ssl_tls.c:6675 0x3ffb6124: => write certificate

I (37963) mbedtls: ssl_tls.c:6686 0x3ffb6124: <= skip write certificate

D (37973) mbedtls: ssl_misc.h:1295 0x3ffb6124: handshake state: 7 (MBEDTLS_SSL_CLIENT_CERTIFICATE) -> 8 (MBEDTLS_SSL_CLIENT_KEY_EXCHANGE)

I (37973) mbedtls: ssl_msg.c:2063 0x3ffb6124: => flush output

I (37973) mbedtls: ssl_msg.c:2072 0x3ffb6124: <= flush output

I (37973) mbedtls: ssl_tls.c:4201 0x3ffb6124: client state: MBEDTLS_SSL_CLIENT_KEY_EXCHANGE

I (37973) mbedtls: ssl_tls12_client.c:2373 0x3ffb6124: => write client key exchange

D (37973) mbedtls: ssl_tls12_client.c:2387 0x3ffb6124: Perform PSA-based ECDH computation.

[mem-tick] t=   36491 ms phase=e0           free=216596
D (38103) mbedtls: ssl_misc.h:1295 0x3ffb6124: handshake state: 8 (MBEDTLS_SSL_CLIENT_KEY_EXCHANGE) -> 9 (MBEDTLS_SSL_CERTIFICATE_VERIFY)

I (38103) mbedtls: ssl_msg.c:2494 0x3ffb6124: => write handshake message

I (38103) mbedtls: ssl_msg.c:2654 0x3ffb6124: => write record

D (38103) mbedtls: ssl_msg.c:2737 0x3ffb6124: output record: msgtype = 22, version = [3:3], msglen = 37

I (38103) mbedtls: ssl_msg.c:2063 0x3ffb6124: => flush output

I (38103) mbedtls: ssl_msg.c:2077 0x3ffb6124: message length: 42, out_left: 42

I (38103) mbedtls: ssl_msg.c:2084 0x3ffb6124: ssl->f_send() returned 42 (-0xffffffd6)

I (38113) mbedtls: ssl_msg.c:2111 0x3ffb6124: <= flush output

I (38113) mbedtls: ssl_msg.c:2790 0x3ffb6124: <= write record

I (38113) mbedtls: ssl_msg.c:2615 0x3ffb6124: <= write handshake message

I (38113) mbedtls: ssl_tls12_client.c:2653 0x3ffb6124: <= write client key exchange

I (38113) mbedtls: ssl_msg.c:2063 0x3ffb6124: => flush output

I (38113) mbedtls: ssl_msg.c:2072 0x3ffb6124: <= flush output

I (38113) mbedtls: ssl_tls.c:4201 0x3ffb6124: client state: MBEDTLS_SSL_CERTIFICATE_VERIFY

I (38113) mbedtls: ssl_tls12_client.c:2701 0x3ffb6124: => write certificate verify

I (38113) mbedtls: ssl_tls.c:6466 0x3ffb6124: => derive keys

I (38113) mbedtls: ssl_tls.c:6557 0x3ffb6124: => PSA calc verify

D (38113) mbedtls: ssl_tls.c:6568 0x3ffb6124: dumping 'PSA calculated verify result' (48 bytes)

D (38113) mbedtls: ssl_tls.c:6568 0x3ffb6124: 0000:  91 c8 04 0a 33 a2 df 54 c5 f9 7a 3c 73 32 3f 48  ....3..T..z<s2?H

D (38113) mbedtls: ssl_tls.c:6568 0x3ffb6124: 0010:  8b 02 e1 37 0d 6d 05 06 ef d4 d4 b2 ae d8 fe f7  ...7.m..........

D (38113) mbedtls: ssl_tls.c:6568 0x3ffb6124: 0020:  17 91 52 0e 75 76 ef b4 82 29 16 95 c0 15 5d 46  ..R.uv...)....]F

I (38113) mbedtls: ssl_tls.c:6569 0x3ffb6124: <= PSA calc verify

D (38113) mbedtls: ssl_tls.c:6308 0x3ffb6124: dumping 'session hash for extended master secret' (48 bytes)

D (38113) mbedtls: ssl_tls.c:6308 0x3ffb6124: 0000:  91 c8 04 0a 33 a2 df 54 c5 f9 7a 3c 73 32 3f 48  ....3..T..z<s2?H

D (38113) mbedtls: ssl_tls.c:6308 0x3ffb6124: 0010:  8b 02 e1 37 0d 6d 05 06 ef d4 d4 b2 ae d8 fe f7  ...7.m..........

D (38113) mbedtls: ssl_tls.c:6308 0x3ffb6124: 0020:  17 91 52 0e 75 76 ef b4 82 29 16 95 c0 15 5d 46  ..R.uv...)....]F

D (38113) mbedtls: ssl_tls.c:6449 0x3ffb6124: dumping 'premaster secret' (32 bytes)

D (38113) mbedtls: ssl_tls.c:6449 0x3ffb6124: 0000:  b6 99 bb 90 cd 60 10 bb 59 f5 c8 b2 dc 63 70 37  .....`..Y....cp7

D (38113) mbedtls: ssl_tls.c:6449 0x3ffb6124: 0010:  16 dd ec fa 2d a9 d9 30 d5 f0 9b 55 04 21 04 6d  ....-..0...U.!.m

D (38113) mbedtls: ssl_tls.c:7762 0x3ffb6124: ciphersuite = TLS-ECDHE-RSA-WITH-AES-256-GCM-SHA384

D (38113) mbedtls: ssl_tls.c:7764 0x3ffb6124: dumping 'master secret' (48 bytes)

D (38113) mbedtls: ssl_tls.c:7764 0x3ffb6124: 0000:  e9 dd 40 c4 79 48 c8 81 5d cb b4 4c ac 68 3e 11  ..@.yH..]..L.h>.

D (38113) mbedtls: ssl_tls.c:7764 0x3ffb6124: 0010:  86 26 1d f8 38 b4 48 c0 ac 40 8a 0f 75 8f d1 6f  .&..8.H..@..u..o

D (38113) mbedtls: ssl_tls.c:7764 0x3ffb6124: 0020:  87 f9 b9 e2 92 71 5b c5 33 09 6f 26 74 ce 67 a8  .....q[.3.o&t.g.

D (38113) mbedtls: ssl_tls.c:7855 0x3ffb6124: keylen: 32, minlen: 24, ivlen: 12, maclen: 0

I (38113) mbedtls: ssl_tls.c:6517 0x3ffb6124: <= derive keys

I (38113) mbedtls: ssl_tls12_client.c:2723 0x3ffb6124: <= skip write certificate verify

D (38113) mbedtls: ssl_misc.h:1295 0x3ffb6124: handshake state: 9 (MBEDTLS_SSL_CERTIFICATE_VERIFY) -> 10 (MBEDTLS_SSL_CLIENT_CHANGE_CIPHER_SPEC)

I (38113) mbedtls: ssl_msg.c:2063 0x3ffb6124: => flush output

I (38113) mbedtls: ssl_msg.c:2072 0x3ffb6124: <= flush output

I (38113) mbedtls: ssl_tls.c:4201 0x3ffb6124: client state: MBEDTLS_SSL_CLIENT_CHANGE_CIPHER_SPEC

I (38113) mbedtls: ssl_msg.c:5087 0x3ffb6124: => write change cipher spec

D (38113) mbedtls: ssl_misc.h:1295 0x3ffb6124: handshake state: 10 (MBEDTLS_SSL_CLIENT_CHANGE_CIPHER_SPEC) -> 11 (MBEDTLS_SSL_CLIENT_FINISHED)

I (38113) mbedtls: ssl_msg.c:2494 0x3ffb6124: => write handshake message

I (38113) mbedtls: ssl_msg.c:2654 0x3ffb6124: => write record

D (38113) mbedtls: ssl_msg.c:2737 0x3ffb6124: output record: msgtype = 20, version = [3:3], msglen = 1

I (38113) mbedtls: ssl_msg.c:2063 0x3ffb6124: => flush output

I (38113) mbedtls: ssl_msg.c:2077 0x3ffb6124: message length: 6, out_left: 6

I (38113) mbedtls: ssl_msg.c:2084 0x3ffb6124: ssl->f_send() returned 6 (-0xfffffffa)

I (38113) mbedtls: ssl_msg.c:2111 0x3ffb6124: <= flush output

I (38113) mbedtls: ssl_msg.c:2790 0x3ffb6124: <= write record

I (38113) mbedtls: ssl_msg.c:2615 0x3ffb6124: <= write handshake message

I (38113) mbedtls: ssl_msg.c:5100 0x3ffb6124: <= write change cipher spec

I (38113) mbedtls: ssl_msg.c:2063 0x3ffb6124: => flush output

I (38113) mbedtls: ssl_msg.c:2072 0x3ffb6124: <= flush output

I (38113) mbedtls: ssl_tls.c:4201 0x3ffb6124: client state: MBEDTLS_SSL_CLIENT_FINISHED

[mem-tick] t=   36591 ms phase=e0           free=217480
I (38123) mbedtls: ssl_tls.c:7384 0x3ffb6124: => write finished

I (38123) mbedtls: ssl_tls.c:7235 0x3ffb6124: => calc PSA finished tls

D (38123) mbedtls: ssl_tls.c:7246 0x3ffb6124: dumping 'PSA calculated padbuf' (48 bytes)

D (38123) mbedtls: ssl_tls.c:7246 0x3ffb6124: 0000:  91 c8 04 0a 33 a2 df 54 c5 f9 7a 3c 73 32 3f 48  ....3..T..z<s2?H

D (38123) mbedtls: ssl_tls.c:7246 0x3ffb6124: 0010:  8b 02 e1 37 0d 6d 05 06 ef d4 d4 b2 ae d8 fe f7  ...7.m..........

D (38123) mbedtls: ssl_tls.c:7246 0x3ffb6124: 0020:  17 91 52 0e 75 76 ef b4 82 29 16 95 c0 15 5d 46  ..R.uv...)....]F

D (38123) mbedtls: ssl_tls.c:7258 0x3ffb6124: dumping 'calc finished result' (12 bytes)

D (38123) mbedtls: ssl_tls.c:7258 0x3ffb6124: 0000:  bb b5 12 3d 32 40 6e 05 0a ff c7 8a              ...=2@n.....

I (38123) mbedtls: ssl_tls.c:7262 0x3ffb6124: <= calc finished

D (38123) mbedtls: ssl_misc.h:1295 0x3ffb6124: handshake state: 11 (MBEDTLS_SSL_CLIENT_FINISHED) -> 12 (MBEDTLS_SSL_SERVER_CHANGE_CIPHER_SPEC)

D (38123) mbedtls: ssl_tls.c:7434 0x3ffb6124: switching to new transform spec for outbound data

I (38123) mbedtls: ssl_msg.c:2494 0x3ffb6124: => write handshake message

I (38123) mbedtls: ssl_msg.c:2654 0x3ffb6124: => write record

I (38123) mbedtls: ssl_msg.c:808 0x3ffb6124: => encrypt buf

D (38123) mbedtls: ssl_msg.c:1036 0x3ffb6124: before encrypt: msglen = 16, including 0 bytes of padding

I (38123) mbedtls: ssl_msg.c:1265 0x3ffb6124: <= encrypt buf

D (38123) mbedtls: ssl_msg.c:2737 0x3ffb6124: output record: msgtype = 22, version = [3:3], msglen = 40

I (38123) mbedtls: ssl_msg.c:2063 0x3ffb6124: => flush output

I (38123) mbedtls: ssl_msg.c:2077 0x3ffb6124: message length: 45, out_left: 45

I (38123) mbedtls: ssl_msg.c:2084 0x3ffb6124: ssl->f_send() returned 45 (-0xffffffd3)

I (38123) mbedtls: ssl_msg.c:2111 0x3ffb6124: <= flush output

I (38123) mbedtls: ssl_msg.c:2790 0x3ffb6124: <= write record

I (38123) mbedtls: ssl_msg.c:2615 0x3ffb6124: <= write handshake message

I (38123) mbedtls: ssl_tls.c:7487 0x3ffb6124: <= write finished

I (38123) mbedtls: ssl_msg.c:2063 0x3ffb6124: => flush output

I (38123) mbedtls: ssl_msg.c:2072 0x3ffb6124: <= flush output

I (38123) mbedtls: ssl_tls.c:4201 0x3ffb6124: client state: MBEDTLS_SSL_SERVER_CHANGE_CIPHER_SPEC

D (38123) mbedtls: ssl_misc.h:1295 0x3ffb6124: handshake state: 12 (MBEDTLS_SSL_SERVER_CHANGE_CIPHER_SPEC) -> 16 (MBEDTLS_SSL_NEW_SESSION_TICKET)

I (38123) mbedtls: ssl_tls12_client.c:2829 0x3ffb6124: => parse new session ticket

I (38123) mbedtls: ssl_msg.c:4040 0x3ffb6124: => read record

I (38123) mbedtls: ssl_msg.c:1865 0x3ffb6124: => fetch input

I (38123) mbedtls: ssl_msg.c:2005 0x3ffb6124: in_left: 0, nb_want: 5

I (38123) mbedtls: ssl_msg.c:2025 0x3ffb6124: in_left: 0, nb_want: 5

I (38123) mbedtls: ssl_msg.c:2028 0x3ffb6124: ssl->f_recv(_timeout)() returned 5 (-0xfffffffb)

I (38123) mbedtls: ssl_msg.c:2050 0x3ffb6124: <= fetch input

D (38123) mbedtls: ssl_msg.c:3707 0x3ffb6124: input record: msgtype = 22, version = [0x303], msglen = 186

I (38123) mbedtls: ssl_msg.c:1865 0x3ffb6124: => fetch input

I (38123) mbedtls: ssl_msg.c:2005 0x3ffb6124: in_left: 5, nb_want: 191

I (38123) mbedtls: ssl_msg.c:2025 0x3ffb6124: in_left: 5, nb_want: 191

I (38123) mbedtls: ssl_msg.c:2028 0x3ffb6124: ssl->f_recv(_timeout)() returned 186 (-0xffffff46)

I (38123) mbedtls: ssl_msg.c:2050 0x3ffb6124: <= fetch input

D (38123) mbedtls: ssl_msg.c:2948 0x3ffb6124: handshake message: msglen = 186, type = 4, hslen = 186

D (38123) mbedtls: ssl_msg.c:3085 0x3ffb6124: sole handshake fragment: 186, 0..186 of 186

I (38123) mbedtls: ssl_msg.c:4112 0x3ffb6124: <= read record

D (38123) mbedtls: ssl_tls12_client.c:2876 0x3ffb6124: ticket length: 176

D (38123) mbedtls: ssl_misc.h:1295 0x3ffb6124: handshake state: 16 (MBEDTLS_SSL_NEW_SESSION_TICKET) -> 12 (MBEDTLS_SSL_SERVER_CHANGE_CIPHER_SPEC)

D (38133) mbedtls: ssl_tls12_client.c:2920 0x3ffb6124: ticket in use, discarding session id

I (38133) mbedtls: ssl_tls12_client.c:2923 0x3ffb6124: <= parse new session ticket

I (38133) mbedtls: ssl_msg.c:2063 0x3ffb6124: => flush output

I (38133) mbedtls: ssl_msg.c:2072 0x3ffb6124: <= flush output

I (38133) mbedtls: ssl_tls.c:4201 0x3ffb6124: client state: MBEDTLS_SSL_SERVER_CHANGE_CIPHER_SPEC

I (38133) mbedtls: ssl_msg.c:5109 0x3ffb6124: => parse change cipher spec

I (38133) mbedtls: ssl_msg.c:4040 0x3ffb6124: => read record

I (38133) mbedtls: ssl_msg.c:1865 0x3ffb6124: => fetch input

I (38133) mbedtls: ssl_msg.c:2005 0x3ffb6124: in_left: 0, nb_want: 5

I (38133) mbedtls: ssl_msg.c:2025 0x3ffb6124: in_left: 0, nb_want: 5

I (38133) mbedtls: ssl_msg.c:2028 0x3ffb6124: ssl->f_recv(_timeout)() returned 5 (-0xfffffffb)

I (38133) mbedtls: ssl_msg.c:2050 0x3ffb6124: <= fetch input

D (38133) mbedtls: ssl_msg.c:3707 0x3ffb6124: input record: msgtype = 20, version = [0x303], msglen = 1

I (38133) mbedtls: ssl_msg.c:1865 0x3ffb6124: => fetch input

I (38133) mbedtls: ssl_msg.c:2005 0x3ffb6124: in_left: 5, nb_want: 6

I (38133) mbedtls: ssl_msg.c:2025 0x3ffb6124: in_left: 5, nb_want: 6

I (38133) mbedtls: ssl_msg.c:2028 0x3ffb6124: ssl->f_recv(_timeout)() returned 1 (-0xffffffff)

I (38133) mbedtls: ssl_msg.c:2050 0x3ffb6124: <= fetch input

I (38133) mbedtls: ssl_msg.c:4112 0x3ffb6124: <= read record

D (38133) mbedtls: ssl_msg.c:5130 0x3ffb6124: switching to new transform spec for inbound data

D (38133) mbedtls: ssl_misc.h:1295 0x3ffb6124: handshake state: 12 (MBEDTLS_SSL_SERVER_CHANGE_CIPHER_SPEC) -> 13 (MBEDTLS_SSL_SERVER_FINISHED)

I (38133) mbedtls: ssl_msg.c:5157 0x3ffb6124: <= parse change cipher spec

I (38133) mbedtls: ssl_msg.c:2063 0x3ffb6124: => flush output

I (38133) mbedtls: ssl_msg.c:2072 0x3ffb6124: <= flush output

I (38133) mbedtls: ssl_tls.c:4201 0x3ffb6124: client state: MBEDTLS_SSL_SERVER_FINISHED

I (38133) mbedtls: ssl_tls.c:7500 0x3ffb6124: => parse finished

I (38133) mbedtls: ssl_tls.c:7235 0x3ffb6124: => calc PSA finished tls

D (38133) mbedtls: ssl_tls.c:7246 0x3ffb6124: dumping 'PSA calculated padbuf' (48 bytes)

D (38133) mbedtls: ssl_tls.c:7246 0x3ffb6124: 0000:  11 29 f4 42 45 9e ef 27 61 fe a4 10 30 1a 18 2b  .).BE..'a...0..+

D (38133) mbedtls: ssl_tls.c:7246 0x3ffb6124: 0010:  ec 83 3f 0a af 9c b7 47 34 bc 1f 6d 6a 4e 1f 73  ..?....G4..mjN.s

D (38133) mbedtls: ssl_tls.c:7246 0x3ffb6124: 0020:  4f 90 36 8c 86 34 72 af 25 1e 6b 56 79 7f 69 3e  O.6..4r.%.kVy.i>

D (38133) mbedtls: ssl_tls.c:7258 0x3ffb6124: dumping 'calc finished result' (12 bytes)

D (38133) mbedtls: ssl_tls.c:7258 0x3ffb6124: 0000:  11 2c 8f b6 fd d6 18 ad fa f0 fa ac              .,..........

I (38133) mbedtls: ssl_tls.c:7262 0x3ffb6124: <= calc finished

I (38133) mbedtls: ssl_msg.c:4040 0x3ffb6124: => read record

I (38133) mbedtls: ssl_msg.c:1865 0x3ffb6124: => fetch input

I (38133) mbedtls: ssl_msg.c:2005 0x3ffb6124: in_left: 0, nb_want: 5

I (38133) mbedtls: ssl_msg.c:2025 0x3ffb6124: in_left: 0, nb_want: 5

I (38133) mbedtls: ssl_msg.c:2028 0x3ffb6124: ssl->f_recv(_timeout)() returned 5 (-0xfffffffb)

I (38133) mbedtls: ssl_msg.c:2050 0x3ffb6124: <= fetch input

D (38133) mbedtls: ssl_msg.c:3707 0x3ffb6124: input record: msgtype = 22, version = [0x303], msglen = 40

I (38133) mbedtls: ssl_msg.c:1865 0x3ffb6124: => fetch input

I (38133) mbedtls: ssl_msg.c:2005 0x3ffb6124: in_left: 5, nb_want: 45

I (38133) mbedtls: ssl_msg.c:2025 0x3ffb6124: in_left: 5, nb_want: 45

I (38133) mbedtls: ssl_msg.c:2028 0x3ffb6124: ssl->f_recv(_timeout)() returned 40 (-0xffffffd8)

I (38133) mbedtls: ssl_msg.c:2050 0x3ffb6124: <= fetch input

I (38133) mbedtls: ssl_msg.c:1301 0x3ffb6124: => decrypt buf

I (38133) mbedtls: ssl_msg.c:1831 0x3ffb6124: <= decrypt buf

D (38133) mbedtls: ssl_msg.c:2948 0x3ffb6124: handshake message: msglen = 16, type = 20, hslen = 16

D (38133) mbedtls: ssl_msg.c:3085 0x3ffb6124: sole handshake fragment: 16, 0..16 of 16

I (38133) mbedtls: ssl_msg.c:4112 0x3ffb6124: <= read record

D (38133) mbedtls: ssl_misc.h:1295 0x3ffb6124: handshake state: 13 (MBEDTLS_SSL_SERVER_FINISHED) -> 14 (MBEDTLS_SSL_FLUSH_BUFFERS)

I (38133) mbedtls: ssl_tls.c:7571 0x3ffb6124: <= parse finished

I (38133) mbedtls: ssl_msg.c:2063 0x3ffb6124: => flush output

I (38133) mbedtls: ssl_msg.c:2072 0x3ffb6124: <= flush output

I (38133) mbedtls: ssl_tls.c:4201 0x3ffb6124: client state: MBEDTLS_SSL_FLUSH_BUFFERS

I (38133) mbedtls: ssl_tls12_client.c:3031 0x3ffb6124: handshake: done

D (38133) mbedtls: ssl_misc.h:1295 0x3ffb6124: handshake state: 14 (MBEDTLS_SSL_FLUSH_BUFFERS) -> 15 (MBEDTLS_SSL_HANDSHAKE_WRAPUP)

I (38133) mbedtls: ssl_msg.c:2063 0x3ffb6124: => flush output

I (38133) mbedtls: ssl_msg.c:2072 0x3ffb6124: <= flush output

I (38133) mbedtls: ssl_tls.c:4201 0x3ffb6124: client state: MBEDTLS_SSL_HANDSHAKE_WRAPUP

D (38133) mbedtls: ssl_tls.c:7322 0x3ffb6124: => handshake wrapup

D (38133) mbedtls: ssl_tls.c:7296 0x3ffb6124: => handshake wrapup: final free

D (38133) mbedtls: ssl_tls.c:7315 0x3ffb6124: <= handshake wrapup: final free

D (38133) mbedtls: ssl_misc.h:1295 0x3ffb6124: handshake state: 15 (MBEDTLS_SSL_HANDSHAKE_WRAPUP) -> 27 (MBEDTLS_SSL_HANDSHAKE_OVER)

D (38133) mbedtls: ssl_tls.c:7376 0x3ffb6124: <= handshake wrapup

I (38133) mbedtls: ssl_tls.c:4293 0x3ffb6124: <= handshake

[e0] connection ACCEPTED with NO verification data (CONFIG_ESP_TLS_SKIP_SERVER_CERT_VERIFY)
[neg] version=TLSv1.2 suite=TLS-ECDHE-RSA-WITH-AES-256-GCM-SHA384 peer_cert=0 bytes
--- E1: pinned correct self-signed cert as CA, common_name=localhost ---
D (38143) esp-tls: handshake in progress...
I (38143) mbedtls: ssl_tls.c:4282 0x3ffb6124: => handshake

I (38143) mbedtls: ssl_msg.c:2063 0x3ffb6124: => flush output

I (38143) mbedtls: ssl_msg.c:2072 0x3ffb6124: <= flush output

I (38143) mbedtls: ssl_tls.c:4201 0x3ffb6124: client state: MBEDTLS_SSL_HELLO_REQUEST

D (38143) mbedtls: ssl_misc.h:1295 0x3ffb6124: handshake state: 0 (MBEDTLS_SSL_HELLO_REQUEST) -> 1 (MBEDTLS_SSL_CLIENT_HELLO)

I (38143) mbedtls: ssl_msg.c:2063 0x3ffb6124: => flush output

I (38143) mbedtls: ssl_msg.c:2072 0x3ffb6124: <= flush output

I (38143) mbedtls: ssl_tls.c:4201 0x3ffb6124: client state: MBEDTLS_SSL_CLIENT_HELLO

I (38143) mbedtls: ssl_client.c:917 0x3ffb6124: => write client hello

D (38143) mbedtls: ssl_client.c:722 0x3ffb6124: client hello, current time: 36

D (38143) mbedtls: ssl_client.c:485 0x3ffb6124: dumping 'client hello, random bytes' (32 bytes)

D (38143) mbedtls: ssl_client.c:485 0x3ffb6124: 0000:  00 00 00 24 a9 8c 88 9a 79 78 7f fa 28 d1 b4 3c  ...$....yx..(..<

D (38143) mbedtls: ssl_client.c:485 0x3ffb6124: 0010:  a7 c6 2e f5 de c4 b1 0e 30 b1 fe 3f b2 e8 30 63  ........0..?..0c

D (38143) mbedtls: ssl_client.c:510 0x3ffb6124: dumping 'session id' (0 bytes)

D (38143) mbedtls: ssl_client.c:368 0x3ffb6124: client hello, add ciphersuite: c02c, TLS-ECDHE-ECDSA-WITH-AES-256-GCM-SHA384

D (38143) mbedtls: ssl_client.c:368 0x3ffb6124: client hello, add ciphersuite: c030, TLS-ECDHE-RSA-WITH-AES-256-GCM-SHA384

D (38143) mbedtls: ssl_client.c:368 0x3ffb6124: client hello, add ciphersuite: c0ad, TLS-ECDHE-ECDSA-WITH-AES-256-CCM

D (38143) mbedtls: ssl_client.c:368 0x3ffb6124: client hello, add ciphersuite: c024, TLS-ECDHE-ECDSA-WITH-AES-256-CBC-SHA384

D (38143) mbedtls: ssl_client.c:368 0x3ffb6124: client hello, add ciphersuite: c028, TLS-ECDHE-RSA-WITH-AES-256-CBC-SHA384

D (38143) mbedtls: ssl_client.c:368 0x3ffb6124: client hello, add ciphersuite: c00a, TLS-ECDHE-ECDSA-WITH-AES-256-CBC-SHA

D (38143) mbedtls: ssl_client.c:368 0x3ffb6124: client hello, add ciphersuite: c014, TLS-ECDHE-RSA-WITH-AES-256-CBC-SHA

D (38143) mbedtls: ssl_client.c:368 0x3ffb6124: client hello, add ciphersuite: c0af, TLS-ECDHE-ECDSA-WITH-AES-256-CCM-8

D (38143) mbedtls: ssl_client.c:368 0x3ffb6124: client hello, add ciphersuite: c02b, TLS-ECDHE-ECDSA-WITH-AES-128-GCM-SHA256

D (38143) mbedtls: ssl_client.c:368 0x3ffb6124: client hello, add ciphersuite: c02f, TLS-ECDHE-RSA-WITH-AES-128-GCM-SHA256

D (38143) mbedtls: ssl_client.c:368 0x3ffb6124: client hello, add ciphersuite: c0ac, TLS-ECDHE-ECDSA-WITH-AES-128-CCM

D (38143) mbedtls: ssl_client.c:368 0x3ffb6124: client hello, add ciphersuite: c023, TLS-ECDHE-ECDSA-WITH-AES-128-CBC-SHA256

D (38153) mbedtls: ssl_client.c:368 0x3ffb6124: client hello, add ciphersuite: c027, TLS-ECDHE-RSA-WITH-AES-128-CBC-SHA256

D (38153) mbedtls: ssl_client.c:368 0x3ffb6124: client hello, add ciphersuite: c009, TLS-ECDHE-ECDSA-WITH-AES-128-CBC-SHA

D (38153) mbedtls: ssl_client.c:368 0x3ffb6124: client hello, add ciphersuite: c013, TLS-ECDHE-RSA-WITH-AES-128-CBC-SHA

D (38153) mbedtls: ssl_client.c:368 0x3ffb6124: client hello, add ciphersuite: c0ae, TLS-ECDHE-ECDSA-WITH-AES-128-CCM-8

D (38153) mbedtls: ssl_client.c:386 0x3ffb6124: adding EMPTY_RENEGOTIATION_INFO_SCSV

D (38153) mbedtls: ssl_client.c:395 0x3ffb6124: client hello, got 17 cipher suites

D (38153) mbedtls: ssl_client.c:39 0x3ffb6124: client hello, adding server name extension: localhost

D (38153) mbedtls: ssl_client.c:229 0x3ffb6124: client hello, adding supported_groups extension

D (38153) mbedtls: ssl_client.c:248 0x3ffb6124: got supported group(001d)

D (38153) mbedtls: ssl_client.c:280 0x3ffb6124: NamedGroup: x25519 ( 1d )

D (38153) mbedtls: ssl_client.c:248 0x3ffb6124: got supported group(0017)

D (38153) mbedtls: ssl_client.c:280 0x3ffb6124: NamedGroup: secp256r1 ( 17 )

D (38153) mbedtls: ssl_client.c:248 0x3ffb6124: got supported group(0018)

D (38153) mbedtls: ssl_client.c:280 0x3ffb6124: NamedGroup: secp384r1 ( 18 )

D (38153) mbedtls: ssl_client.c:248 0x3ffb6124: got supported group(001e)

D (38153) mbedtls: ssl_client.c:280 0x3ffb6124: NamedGroup: x448 ( 1e )

D (38153) mbedtls: ssl_client.c:248 0x3ffb6124: got supported group(0019)

D (38153) mbedtls: ssl_client.c:280 0x3ffb6124: NamedGroup: secp521r1 ( 19 )

D (38153) mbedtls: ssl_client.c:248 0x3ffb6124: got supported group(001a)

D (38153) mbedtls: ssl_client.c:280 0x3ffb6124: NamedGroup: bp256r1 ( 1a )

D (38153) mbedtls: ssl_client.c:248 0x3ffb6124: got supported group(001b)

D (38153) mbedtls: ssl_client.c:280 0x3ffb6124: NamedGroup: bp384r1 ( 1b )

D (38153) mbedtls: ssl_client.c:248 0x3ffb6124: got supported group(001c)

D (38153) mbedtls: ssl_client.c:280 0x3ffb6124: NamedGroup: bp512r1 ( 1c )

D (38153) mbedtls: ssl_client.c:248 0x3ffb6124: got supported group(0100)

D (38153) mbedtls: ssl_client.c:248 0x3ffb6124: got supported group(0101)

D (38153) mbedtls: ssl_client.c:248 0x3ffb6124: got supported group(0102)

D (38153) mbedtls: ssl_client.c:248 0x3ffb6124: got supported group(0103)

D (38153) mbedtls: ssl_client.c:248 0x3ffb6124: got supported group(0104)

D (38153) mbedtls: ssl_client.c:300 0x3ffb6124: dumping 'Supported groups extension' (18 bytes)

D (38153) mbedtls: ssl_client.c:300 0x3ffb6124: 0000:  00 10 00 1d 00 17 00 18 00 1e 00 19 00 1a 00 1b  ................

D (38153) mbedtls: ssl_client.c:300 0x3ffb6124: 0010:  00 1c                                            ..

D (38153) mbedtls: ssl_tls.c:8276 0x3ffb6124: adding signature_algorithms extension

D (38153) mbedtls: ssl_tls.c:8296 0x3ffb6124: got signature scheme [603] ecdsa_secp521r1_sha512

D (38153) mbedtls: ssl_tls.c:8305 0x3ffb6124: sent signature scheme [603] ecdsa_secp521r1_sha512

D (38153) mbedtls: ssl_tls.c:8296 0x3ffb6124: got signature scheme [806] rsa_pss_rsae_sha512

D (38153) mbedtls: ssl_tls.c:8296 0x3ffb6124: got signature scheme [601] rsa_pkcs1_sha512

D (38153) mbedtls: ssl_tls.c:8305 0x3ffb6124: sent signature scheme [601] rsa_pkcs1_sha512

D (38153) mbedtls: ssl_tls.c:8296 0x3ffb6124: got signature scheme [503] ecdsa_secp384r1_sha384

D (38153) mbedtls: ssl_tls.c:8305 0x3ffb6124: sent signature scheme [503] ecdsa_secp384r1_sha384

D (38153) mbedtls: ssl_tls.c:8296 0x3ffb6124: got signature scheme [805] rsa_pss_rsae_sha384

D (38153) mbedtls: ssl_tls.c:8296 0x3ffb6124: got signature scheme [501] rsa_pkcs1_sha384

D (38153) mbedtls: ssl_tls.c:8305 0x3ffb6124: sent signature scheme [501] rsa_pkcs1_sha384

D (38153) mbedtls: ssl_tls.c:8296 0x3ffb6124: got signature scheme [403] ecdsa_secp256r1_sha256

D (38153) mbedtls: ssl_tls.c:8305 0x3ffb6124: sent signature scheme [403] ecdsa_secp256r1_sha256

D (38153) mbedtls: ssl_tls.c:8296 0x3ffb6124: got signature scheme [804] rsa_pss_rsae_sha256

D (38153) mbedtls: ssl_tls.c:8296 0x3ffb6124: got signature scheme [401] rsa_pkcs1_sha256

D (38153) mbedtls: ssl_tls.c:8305 0x3ffb6124: sent signature scheme [401] rsa_pkcs1_sha256

D (38153) mbedtls: ssl_tls12_client.c:103 0x3ffb6124: client hello, adding supported_point_formats extension

D (38153) mbedtls: ssl_tls12_client.c:287 0x3ffb6124: client hello, adding encrypt_then_mac extension

D (38153) mbedtls: ssl_tls12_client.c:319 0x3ffb6124: client hello, adding extended_master_secret extension

D (38153) mbedtls: ssl_tls12_client.c:352 0x3ffb6124: client hello, adding session ticket extension

D (38153) mbedtls: ssl_client.c:687 0x3ffb6124: client hello, total extension length: 76

D (38153) mbedtls: ssl_client.c:689 0x3ffb6124: dumping 'client hello extensions' (76 bytes)

D (38153) mbedtls: ssl_client.c:689 0x3ffb6124: 0000:  00 4c 00 00 00 0e 00 0c 00 00 09 6c 6f 63 61 6c  .L.........local

D (38153) mbedtls: ssl_client.c:689 0x3ffb6124: 0010:  68 6f 73 74 00 0a 00 12 00 10 00 1d 00 17 00 18  host............

D (38153) mbedtls: ssl_client.c:689 0x3ffb6124: 0020:  00 1e 00 19 00 1a 00 1b 00 1c 00 0d 00 0e 00 0c  ................

D (38153) mbedtls: ssl_client.c:689 0x3ffb6124: 0030:  06 03 06 01 05 03 05 01 04 03 04 01 00 0b 00 02  ................

D (38153) mbedtls: ssl_client.c:689 0x3ffb6124: 0040:  01 00 00 16 00 00 00 17 00 00 00 23              ...........#

I (38153) mbedtls: ssl_msg.c:2494 0x3ffb6124: => write handshake message

I (38153) mbedtls: ssl_msg.c:2654 0x3ffb6124: => write record

D (38153) mbedtls: ssl_msg.c:2737 0x3ffb6124: output record: msgtype = 22, version = [3:3], msglen = 155

I (38153) mbedtls: ssl_msg.c:2790 0x3ffb6124: <= write record

I (38153) mbedtls: ssl_msg.c:2615 0x3ffb6124: <= write handshake message

D (38153) mbedtls: ssl_misc.h:1295 0x3ffb6124: handshake state: 1 (MBEDTLS_SSL_CLIENT_HELLO) -> 2 (MBEDTLS_SSL_SERVER_HELLO)

I (38153) mbedtls: ssl_client.c:1010 0x3ffb6124: <= write client hello

I (38153) mbedtls: ssl_msg.c:2063 0x3ffb6124: => flush output

I (38153) mbedtls: ssl_msg.c:2077 0x3ffb6124: message length: 160, out_left: 160

I (38163) mbedtls: ssl_msg.c:2084 0x3ffb6124: ssl->f_send() returned 160 (-0xffffff60)

I (38163) mbedtls: ssl_msg.c:2111 0x3ffb6124: <= flush output

I (38163) mbedtls: ssl_tls.c:4201 0x3ffb6124: client state: MBEDTLS_SSL_SERVER_HELLO

I (38163) mbedtls: ssl_tls12_client.c:1151 0x3ffb6124: => parse server hello

I (38163) mbedtls: ssl_msg.c:4040 0x3ffb6124: => read record

I (38163) mbedtls: ssl_msg.c:1865 0x3ffb6124: => fetch input

I (38163) mbedtls: ssl_msg.c:2005 0x3ffb6124: in_left: 0, nb_want: 5

I (38163) mbedtls: ssl_msg.c:2025 0x3ffb6124: in_left: 0, nb_want: 5

I (38163) mbedtls: ssl_msg.c:2028 0x3ffb6124: ssl->f_recv(_timeout)() returned 5 (-0xfffffffb)

I (38163) mbedtls: ssl_msg.c:2050 0x3ffb6124: <= fetch input

D (38163) mbedtls: ssl_msg.c:3707 0x3ffb6124: input record: msgtype = 22, version = [0x303], msglen = 65

I (38163) mbedtls: ssl_msg.c:1865 0x3ffb6124: => fetch input

I (38163) mbedtls: ssl_msg.c:2005 0x3ffb6124: in_left: 5, nb_want: 70

I (38163) mbedtls: ssl_msg.c:2025 0x3ffb6124: in_left: 5, nb_want: 70

I (38163) mbedtls: ssl_msg.c:2028 0x3ffb6124: ssl->f_recv(_timeout)() returned 65 (-0xffffffbf)

I (38163) mbedtls: ssl_msg.c:2050 0x3ffb6124: <= fetch input

D (38163) mbedtls: ssl_msg.c:2948 0x3ffb6124: handshake message: msglen = 65, type = 2, hslen = 65

D (38163) mbedtls: ssl_msg.c:3085 0x3ffb6124: sole handshake fragment: 65, 0..65 of 65

I (38163) mbedtls: ssl_msg.c:4112 0x3ffb6124: <= read record

D (38163) mbedtls: ssl_tls12_client.c:1225 0x3ffb6124: dumping 'server hello, version' (2 bytes)

D (38163) mbedtls: ssl_tls12_client.c:1225 0x3ffb6124: 0000:  03 03                                            ..

D (38163) mbedtls: ssl_tls12_client.c:1246 0x3ffb6124: server hello, current time: 2903348166

D (38163) mbedtls: ssl_tls12_client.c:1256 0x3ffb6124: dumping 'server hello, random bytes' (32 bytes)

D (38163) mbedtls: ssl_tls12_client.c:1256 0x3ffb6124: 0000:  ad 0d 93 c6 f9 ea c6 cd 53 ac 21 b8 fc d9 ed db  ........S.!.....

D (38163) mbedtls: ssl_tls12_client.c:1256 0x3ffb6124: 0010:  91 11 27 e9 bb ca 95 1c af 7a 2f d8 da b8 a5 9b  ..'......z/.....

D (38163) mbedtls: ssl_tls12_client.c:1318 0x3ffb6124: server hello, session id len.: 0

D (38163) mbedtls: ssl_tls12_client.c:1319 0x3ffb6124: dumping 'server hello, session id' (0 bytes)

D (38163) mbedtls: ssl_misc.h:1295 0x3ffb6124: handshake state: 2 (MBEDTLS_SSL_SERVER_HELLO) -> 3 (MBEDTLS_SSL_SERVER_CERTIFICATE)

D (38163) mbedtls: ssl_tls12_client.c:1343 0x3ffb6124: no session has been resumed

D (38163) mbedtls: ssl_tls12_client.c:1346 0x3ffb6124: server hello, chosen ciphersuite: c030

D (38163) mbedtls: ssl_tls12_client.c:1347 0x3ffb6124: server hello, compress alg.: 0

D (38163) mbedtls: ssl_tls12_client.c:1382 0x3ffb6124: server hello, chosen ciphersuite: TLS-ECDHE-RSA-WITH-AES-256-GCM-SHA384

I (38163) mbedtls: ssl_tls12_client.c:1403 0x3ffb6124: server hello, total extension length: 21

D (38163) mbedtls: ssl_tls12_client.c:1421 0x3ffb6124: found renegotiation extension

D (38163) mbedtls: ssl_tls12_client.c:1500 0x3ffb6124: found supported_point_formats extension

D (38163) mbedtls: ssl_tls12_client.c:1486 0x3ffb6124: found session_ticket extension

D (38163) mbedtls: ssl_tls12_client.c:1473 0x3ffb6124: found extended_master_secret extension

I (38163) mbedtls: ssl_tls12_client.c:1617 0x3ffb6124: <= parse server hello

I (38163) mbedtls: ssl_msg.c:2063 0x3ffb6124: => flush output

I (38163) mbedtls: ssl_msg.c:2072 0x3ffb6124: <= flush output

I (38163) mbedtls: ssl_tls.c:4201 0x3ffb6124: client state: MBEDTLS_SSL_SERVER_CERTIFICATE

I (38163) mbedtls: ssl_tls.c:7077 0x3ffb6124: => parse certificate

I (38163) mbedtls: ssl_msg.c:4040 0x3ffb6124: => read record

I (38163) mbedtls: ssl_msg.c:1865 0x3ffb6124: => fetch input

I (38163) mbedtls: ssl_msg.c:2005 0x3ffb6124: in_left: 0, nb_want: 5

I (38163) mbedtls: ssl_msg.c:2025 0x3ffb6124: in_left: 0, nb_want: 5

I (38173) mbedtls: ssl_msg.c:2028 0x3ffb6124: ssl->f_recv(_timeout)() returned 5 (-0xfffffffb)

I (38173) mbedtls: ssl_msg.c:2050 0x3ffb6124: <= fetch input

D (38173) mbedtls: ssl_msg.c:3707 0x3ffb6124: input record: msgtype = 22, version = [0x303], msglen = 791

I (38173) mbedtls: ssl_msg.c:1865 0x3ffb6124: => fetch input

I (38173) mbedtls: ssl_msg.c:2005 0x3ffb6124: in_left: 5, nb_want: 796

I (38173) mbedtls: ssl_msg.c:2025 0x3ffb6124: in_left: 5, nb_want: 796

I (38173) mbedtls: ssl_msg.c:2028 0x3ffb6124: ssl->f_recv(_timeout)() returned 791 (-0xfffffce9)

I (38173) mbedtls: ssl_msg.c:2050 0x3ffb6124: <= fetch input

D (38173) mbedtls: ssl_msg.c:2948 0x3ffb6124: handshake message: msglen = 791, type = 11, hslen = 791

D (38173) mbedtls: ssl_msg.c:3085 0x3ffb6124: sole handshake fragment: 791, 0..791 of 791

I (38173) mbedtls: ssl_msg.c:4112 0x3ffb6124: <= read record

D (38173) mbedtls: ssl_tls.c:6952 0x3ffb6124: peer certificate #1:

D (38173) mbedtls: ssl_tls.c:6952 0x3ffb6124: cert. version     : 3

D (38173) mbedtls: ssl_tls.c:6952 0x3ffb6124: serial number     : 77:66:A5:9D:AF:14:9E:F2:03:F7:3C:2B:1A:5C:81:86:F8:A3:4E:52

D (38173) mbedtls: ssl_tls.c:6952 0x3ffb6124: issuer name       : CN=localhost

D (38173) mbedtls: ssl_tls.c:6952 0x3ffb6124: subject name      : CN=localhost

D (38173) mbedtls: ssl_tls.c:6952 0x3ffb6124: issued  on        : 2026-08-26 20:20:30

D (38173) mbedtls: ssl_tls.c:6952 0x3ffb6124: expires on        : 2026-09-25 20:20:30

D (38173) mbedtls: ssl_tls.c:6952 0x3ffb6124: signed using      : RSA with SHA-256

D (38173) mbedtls: ssl_tls.c:6952 0x3ffb6124: RSA key size      : 2048 bits

D (38173) mbedtls: ssl_tls.c:6952 0x3ffb6124: basic constraints : CA=true

D (38173) mbedtls: ssl_tls.c:6952 0x3ffb6124: dumping 'crt->PK' (270 bytes)

D (38173) mbedtls: ssl_tls.c:6952 0x3ffb6124: 0000:  30 82 01 0a 02 82 01 01 00 dd 03 19 3e 8f 4a 05

D (38173) mbedtls: ssl_tls.c:6952 0x3ffb6124: 0010:  9c d6 74 e1 46 bc 40 7a 7e af 78 09 38 f6 d0 1c

D (38173) mbedtls: ssl_tls.c:6952 0x3ffb6124: 0020:  9d e4 2b 18 4c a1 87 f6 83 55 82 2d e0 21 fb b2

D (38173) mbedtls: ssl_tls.c:6952 0x3ffb6124: 0030:  00 2f 9b 98 36 24 73 47 a2 11 bb 50 05 1c 9e 40

D (38173) mbedtls: ssl_tls.c:6952 0x3ffb6124: 0040:  41 c9 de 81 7e a1 eb 82 48 35 d0 51 24 0d 22 bd

D (38173) mbedtls: ssl_tls.c:6952 0x3ffb6124: 0050:  7e c7 0b 60 74 e2 60 3e 76 de c1 3d b5 9f e9 d2

D (38173) mbedtls: ssl_tls.c:6952 0x3ffb6124: 0060:  ac 90 d3 84 2a 75 7c 41 8a 11 14 c8 bc 09 7b 9d

D (38173) mbedtls: ssl_tls.c:6952 0x3ffb6124: 0070:  45 54 95 c1 50 05 be f1 34 c0 05 55 f5 a2 b3 a8

D (38173) mbedtls: ssl_tls.c:6952 0x3ffb6124: 0080:  24 f6 ab 22 df 72 97 ef b5 8f e4 fe 49 be 4f c1

D (38173) mbedtls: ssl_tls.c:6952 0x3ffb6124: 0090:  08 e0 39 7a cd ba 74 2e d1 20 74 ad 6b 59 ab 86

D (38173) mbedtls: ssl_tls.c:6952 0x3ffb6124: 00a0:  5d 29 ab 81 f0 c1 22 3f 01 b9 0b a1 fb ee 70 9f

D (38173) mbedtls: ssl_tls.c:6952 0x3ffb6124: 00b0:  eb 29 5e 9f 1d 6a 0d dc 65 fd 5e 5d 38 0c 1a c3

D (38173) mbedtls: ssl_tls.c:6952 0x3ffb6124: 00c0:  ae b7 b7 2f 66 23 82 80 ab 7d 69 7c 8f 95 ab e8

D (38173) mbedtls: ssl_tls.c:6952 0x3ffb6124: 00d0:  c0 4d 21 42 7d 78 c8 25 8b 60 f6 0d 87 c9 f4 df

D (38183) mbedtls: ssl_tls.c:6952 0x3ffb6124: 00e0:  36 bf 16 7c 59 16 d1 09 ec 17 67 cf 5d 9f 8f 78

D (38183) mbedtls: ssl_tls.c:6952 0x3ffb6124: 00f0:  8c 3d d0 02 18 d5 bc a7 19 f4 51 fe 1d b3 20 40

D (38183) mbedtls: ssl_tls.c:6952 0x3ffb6124: 0100:  67 7e 3a cc 30 f3 8d a0 ef 02 03 01 00 01      

D (38183) mbedtls: ssl_tls.c:8721 0x3ffb6124: Use configuration-specific verification callback

D (38183) mbedtls: ssl_tls.c:8881 0x3ffb6124: Certificate verification flags clear

I (38183) mbedtls: ssl_tls.c:7191 0x3ffb6124: <= parse certificate

D (38183) mbedtls: ssl_misc.h:1295 0x3ffb6124: handshake state: 3 (MBEDTLS_SSL_SERVER_CERTIFICATE) -> 4 (MBEDTLS_SSL_SERVER_KEY_EXCHANGE)

I (38183) mbedtls: ssl_msg.c:2063 0x3ffb6124: => flush output

I (38183) mbedtls: ssl_msg.c:2072 0x3ffb6124: <= flush output

I (38183) mbedtls: ssl_tls.c:4201 0x3ffb6124: client state: MBEDTLS_SSL_SERVER_KEY_EXCHANGE

I (38183) mbedtls: ssl_tls12_client.c:1831 0x3ffb6124: => parse server key exchange

I (38183) mbedtls: ssl_msg.c:4040 0x3ffb6124: => read record

I (38183) mbedtls: ssl_msg.c:1865 0x3ffb6124: => fetch input

I (38183) mbedtls: ssl_msg.c:2005 0x3ffb6124: in_left: 0, nb_want: 5

I (38183) mbedtls: ssl_msg.c:2025 0x3ffb6124: in_left: 0, nb_want: 5

I (38183) mbedtls: ssl_msg.c:2028 0x3ffb6124: ssl->f_recv(_timeout)() returned 5 (-0xfffffffb)

I (38183) mbedtls: ssl_msg.c:2050 0x3ffb6124: <= fetch input

D (38183) mbedtls: ssl_msg.c:3707 0x3ffb6124: input record: msgtype = 22, version = [0x303], msglen = 300

I (38183) mbedtls: ssl_msg.c:1865 0x3ffb6124: => fetch input

I (38183) mbedtls: ssl_msg.c:2005 0x3ffb6124: in_left: 5, nb_want: 305

I (38183) mbedtls: ssl_msg.c:2025 0x3ffb6124: in_left: 5, nb_want: 305

I (38183) mbedtls: ssl_msg.c:2028 0x3ffb6124: ssl->f_recv(_timeout)() returned 300 (-0xfffffed4)

I (38183) mbedtls: ssl_msg.c:2050 0x3ffb6124: <= fetch input

D (38183) mbedtls: ssl_msg.c:2948 0x3ffb6124: handshake message: msglen = 300, type = 12, hslen = 300

D (38183) mbedtls: ssl_msg.c:3085 0x3ffb6124: sole handshake fragment: 300, 0..300 of 300

I (38183) mbedtls: ssl_msg.c:4112 0x3ffb6124: <= read record

D (38183) mbedtls: ssl_tls12_client.c:1885 0x3ffb6124: dumping 'server key exchange' (296 bytes)

D (38183) mbedtls: ssl_tls12_client.c:1885 0x3ffb6124: 0000:  03 00 1d 20 62 31 0d b2 7e d8 52 b7 2e b8 67 96  ... b1..~.R...g.

D (38183) mbedtls: ssl_tls12_client.c:1885 0x3ffb6124: 0010:  0a fc 31 f9 aa ca 73 9c 84 44 0f ae 92 02 f4 d5  ..1...s..D......

D (38183) mbedtls: ssl_tls12_client.c:1885 0x3ffb6124: 0020:  61 a7 8d 1d 06 01 01 00 15 35 12 dc c7 d3 8f 0b  a........5......

D (38183) mbedtls: ssl_tls12_client.c:1885 0x3ffb6124: 0030:  c4 51 a7 3b b8 70 53 62 0d 27 96 d7 e8 e4 87 51  .Q.;.pSb.'.....Q

D (38183) mbedtls: ssl_tls12_client.c:1885 0x3ffb6124: 0040:  d4 95 70 68 5f b3 2e ad 1d d5 a8 0b c1 45 e0 68  ..ph_........E.h

D (38183) mbedtls: ssl_tls12_client.c:1885 0x3ffb6124: 0050:  db 07 bb 33 77 4a 3c 3f f3 6c 9a 57 f4 9b ca 6a  ...3wJ<?.l.W...j

D (38183) mbedtls: ssl_tls12_client.c:1885 0x3ffb6124: 0060:  f6 63 b7 12 8c 1a a0 e3 b2 2d b6 a6 ea 50 5a 32  .c.......-...PZ2

D (38183) mbedtls: ssl_tls12_client.c:1885 0x3ffb6124: 0070:  82 09 bb 2d 02 75 24 5f b4 51 ed e1 83 ea b3 f5  ...-.u$_.Q......

D (38183) mbedtls: ssl_tls12_client.c:1885 0x3ffb6124: 0080:  c1 4a 51 ad 77 45 7b fb ac f2 8b a4 00 41 77 16  .JQ.wE{......Aw.

D (38193) mbedtls: ssl_tls12_client.c:1885 0x3ffb6124: 0090:  a8 1c c7 33 78 10 89 3b 62 83 4c 03 e1 4e 01 f9  ...3x..;b.L..N..

D (38193) mbedtls: ssl_tls12_client.c:1885 0x3ffb6124: 00a0:  87 11 4b 1f 7b e3 7d 45 9d f5 05 7d 8f 69 c3 93  ..K.{.}E...}.i..

D (38193) mbedtls: ssl_tls12_client.c:1885 0x3ffb6124: 00b0:  cc a8 22 78 56 38 79 6a a1 a0 cc f6 0a 38 73 e9  .."xV8yj.....8s.

D (38193) mbedtls: ssl_tls12_client.c:1885 0x3ffb6124: 00c0:  21 7f 85 74 e0 d2 1e 50 95 2f d0 39 d4 27 1e 04  !..t...P./.9.'..

D (38193) mbedtls: ssl_tls12_client.c:1885 0x3ffb6124: 00d0:  ee b5 b7 c4 3a 8f db 44 25 2d 70 db d4 25 9c b4  ....:..D%-p..%..

D (38193) mbedtls: ssl_tls12_client.c:1885 0x3ffb6124: 00e0:  92 16 90 da 90 74 08 bb e5 24 f2 01 c0 ad c3 62  .....t...$.....b

D (38193) mbedtls: ssl_tls12_client.c:1885 0x3ffb6124: 00f0:  1e 57 c5 3f d6 87 49 c8 05 21 1d 74 5a 6a 25 09  .W.?..I..!.tZj%.

D (38193) mbedtls: ssl_tls12_client.c:1885 0x3ffb6124: 0100:  73 3d c6 7f d9 d7 12 3c 51 bd 79 df 39 dc d4 ba  s=.....<Q.y.9...

D (38193) mbedtls: ssl_tls12_client.c:1885 0x3ffb6124: 0110:  4d 45 eb 97 e0 2e 9e 6b 82 24 8f cc 4a 85 51 f6  ME.....k.$..J.Q.

D (38193) mbedtls: ssl_tls12_client.c:1885 0x3ffb6124: 0120:  84 90 d7 67 dc 84 99 5c                          ...g...\

I (38193) mbedtls: ssl_tls12_client.c:1815 0x3ffb6124: Server used the signature algorithm rsa_pkcs1_sha512

D (38193) mbedtls: ssl_tls12_client.c:2047 0x3ffb6124: dumping 'signature' (256 bytes)

D (38193) mbedtls: ssl_tls12_client.c:2047 0x3ffb6124: 0000:  15 35 12 dc c7 d3 8f 0b c4 51 a7 3b b8 70 53 62  .5.......Q.;.pSb

D (38193) mbedtls: ssl_tls12_client.c:2047 0x3ffb6124: 0010:  0d 27 96 d7 e8 e4 87 51 d4 95 70 68 5f b3 2e ad  .'.....Q..ph_...

D (38193) mbedtls: ssl_tls12_client.c:2047 0x3ffb6124: 0020:  1d d5 a8 0b c1 45 e0 68 db 07 bb 33 77 4a 3c 3f  .....E.h...3wJ<?

D (38193) mbedtls: ssl_tls12_client.c:2047 0x3ffb6124: 0030:  f3 6c 9a 57 f4 9b ca 6a f6 63 b7 12 8c 1a a0 e3  .l.W...j.c......

D (38193) mbedtls: ssl_tls12_client.c:2047 0x3ffb6124: 0040:  b2 2d b6 a6 ea 50 5a 32 82 09 bb 2d 02 75 24 5f  .-...PZ2...-.u$_

D (38193) mbedtls: ssl_tls12_client.c:2047 0x3ffb6124: 0050:  b4 51 ed e1 83 ea b3 f5 c1 4a 51 ad 77 45 7b fb  .Q.......JQ.wE{.

D (38193) mbedtls: ssl_tls12_client.c:2047 0x3ffb6124: 0060:  ac f2 8b a4 00 41 77 16 a8 1c c7 33 78 10 89 3b  .....Aw....3x..;

D (38193) mbedtls: ssl_tls12_client.c:2047 0x3ffb6124: 0070:  62 83 4c 03 e1 4e 01 f9 87 11 4b 1f 7b e3 7d 45  b.L..N....K.{.}E

D (38193) mbedtls: ssl_tls12_client.c:2047 0x3ffb6124: 0080:  9d f5 05 7d 8f 69 c3 93 cc a8 22 78 56 38 79 6a  ...}.i...."xV8yj

D (38193) mbedtls: ssl_tls12_client.c:2047 0x3ffb6124: 0090:  a1 a0 cc f6 0a 38 73 e9 21 7f 85 74 e0 d2 1e 50  .....8s.!..t...P

D (38193) mbedtls: ssl_tls12_client.c:2047 0x3ffb6124: 00a0:  95 2f d0 39 d4 27 1e 04 ee b5 b7 c4 3a 8f db 44  ./.9.'......:..D

D (38193) mbedtls: ssl_tls12_client.c:2047 0x3ffb6124: 00b0:  25 2d 70 db d4 25 9c b4 92 16 90 da 90 74 08 bb  %-p..%.......t..

D (38193) mbedtls: ssl_tls12_client.c:2047 0x3ffb6124: 00c0:  e5 24 f2 01 c0 ad c3 62 1e 57 c5 3f d6 87 49 c8  .$.....b.W.?..I.

D (38193) mbedtls: ssl_tls12_client.c:2047 0x3ffb6124: 00d0:  05 21 1d 74 5a 6a 25 09 73 3d c6 7f d9 d7 12 3c  .!.tZj%.s=.....<

D (38193) mbedtls: ssl_tls12_client.c:2047 0x3ffb6124: 00e0:  51 bd 79 df 39 dc d4 ba 4d 45 eb 97 e0 2e 9e 6b  Q.y.9...ME.....k

D (38193) mbedtls: ssl_tls12_client.c:2047 0x3ffb6124: 00f0:  82 24 8f cc 4a 85 51 f6 84 90 d7 67 dc 84 99 5c  .$..J.Q....g...\

D (38193) mbedtls: ssl_tls.c:8082 0x3ffb6124: Perform PSA-based computation of digest of ServerKeyExchange

D (38193) mbedtls: ssl_tls12_client.c:2064 0x3ffb6124: dumping 'parameters hash' (64 bytes)

D (38193) mbedtls: ssl_tls12_client.c:2064 0x3ffb6124: 0000:  0c 85 d5 98 b2 c8 fa eb 57 c5 d1 2b 52 48 1c 70  ........W..+RH.p

D (38193) mbedtls: ssl_tls12_client.c:2064 0x3ffb6124: 0010:  94 da 90 5a d1 ea 88 33 84 60 1c a9 16 ed cb 4d  ...Z...3.`.....M

D (38193) mbedtls: ssl_tls12_client.c:2064 0x3ffb6124: 0020:  57 20 f3 59 e6 8a 46 ca 30 99 24 9f b7 76 73 a9  W .Y..F.0.$..vs.

D (38193) mbedtls: ssl_tls12_client.c:2064 0x3ffb6124: 0030:  21 6c e2 f8 4f 6c 6b c8 18 62 12 e4 29 b5 c0 69  !l..Olk..b..)..i

D (38213) mbedtls: ssl_misc.h:1295 0x3ffb6124: handshake state: 4 (MBEDTLS_SSL_SERVER_KEY_EXCHANGE) -> 5 (MBEDTLS_SSL_CERTIFICATE_REQUEST)

I (38213) mbedtls: ssl_tls12_client.c:2118 0x3ffb6124: <= parse server key exchange

I (38213) mbedtls: ssl_msg.c:2063 0x3ffb6124: => flush output

I (38213) mbedtls: ssl_msg.c:2072 0x3ffb6124: <= flush output

I (38213) mbedtls: ssl_tls.c:4201 0x3ffb6124: client state: MBEDTLS_SSL_CERTIFICATE_REQUEST

I (38213) mbedtls: ssl_tls12_client.c:2157 0x3ffb6124: => parse certificate request

I (38213) mbedtls: ssl_msg.c:4040 0x3ffb6124: => read record

I (38213) mbedtls: ssl_msg.c:1865 0x3ffb6124: => fetch input

I (38213) mbedtls: ssl_msg.c:2005 0x3ffb6124: in_left: 0, nb_want: 5

I (38213) mbedtls: ssl_msg.c:2025 0x3ffb6124: in_left: 0, nb_want: 5

I (38213) mbedtls: ssl_msg.c:2028 0x3ffb6124: ssl->f_recv(_timeout)() returned 5 (-0xfffffffb)

I (38213) mbedtls: ssl_msg.c:2050 0x3ffb6124: <= fetch input

D (38213) mbedtls: ssl_msg.c:3707 0x3ffb6124: input record: msgtype = 22, version = [0x303], msglen = 4

I (38213) mbedtls: ssl_msg.c:1865 0x3ffb6124: => fetch input

I (38213) mbedtls: ssl_msg.c:2005 0x3ffb6124: in_left: 5, nb_want: 9

I (38213) mbedtls: ssl_msg.c:2025 0x3ffb6124: in_left: 5, nb_want: 9

I (38213) mbedtls: ssl_msg.c:2028 0x3ffb6124: ssl->f_recv(_timeout)() returned 4 (-0xfffffffc)

I (38213) mbedtls: ssl_msg.c:2050 0x3ffb6124: <= fetch input

D (38213) mbedtls: ssl_msg.c:2948 0x3ffb6124: handshake message: msglen = 4, type = 14, hslen = 4

D (38213) mbedtls: ssl_msg.c:3085 0x3ffb6124: sole handshake fragment: 4, 0..4 of 4

I (38213) mbedtls: ssl_msg.c:4112 0x3ffb6124: <= read record

D (38213) mbedtls: ssl_misc.h:1295 0x3ffb6124: handshake state: 5 (MBEDTLS_SSL_CERTIFICATE_REQUEST) -> 6 (MBEDTLS_SSL_SERVER_HELLO_DONE)

D (38213) mbedtls: ssl_tls12_client.c:2183 0x3ffb6124: got no certificate request

I (38213) mbedtls: ssl_tls12_client.c:2319 0x3ffb6124: <= parse certificate request

I (38213) mbedtls: ssl_msg.c:2063 0x3ffb6124: => flush output

I (38213) mbedtls: ssl_msg.c:2072 0x3ffb6124: <= flush output

I (38213) mbedtls: ssl_tls.c:4201 0x3ffb6124: client state: MBEDTLS_SSL_SERVER_HELLO_DONE

I (38213) mbedtls: ssl_tls12_client.c:2330 0x3ffb6124: => parse server hello done

I (38213) mbedtls: ssl_msg.c:4040 0x3ffb6124: => read record

I (38213) mbedtls: ssl_msg.c:4108 0x3ffb6124: reuse previously read message

I (38213) mbedtls: ssl_msg.c:4112 0x3ffb6124: <= read record

D (38213) mbedtls: ssl_misc.h:1295 0x3ffb6124: handshake state: 6 (MBEDTLS_SSL_SERVER_HELLO_DONE) -> 7 (MBEDTLS_SSL_CLIENT_CERTIFICATE)

I (38213) mbedtls: ssl_tls12_client.c:2358 0x3ffb6124: <= parse server hello done

I (38213) mbedtls: ssl_msg.c:2063 0x3ffb6124: => flush output

I (38213) mbedtls: ssl_msg.c:2072 0x3ffb6124: <= flush output

I (38213) mbedtls: ssl_tls.c:4201 0x3ffb6124: client state: MBEDTLS_SSL_CLIENT_CERTIFICATE

I (38213) mbedtls: ssl_tls.c:6675 0x3ffb6124: => write certificate

I (38213) mbedtls: ssl_tls.c:6686 0x3ffb6124: <= skip write certificate

D (38213) mbedtls: ssl_misc.h:1295 0x3ffb6124: handshake state: 7 (MBEDTLS_SSL_CLIENT_CERTIFICATE) -> 8 (MBEDTLS_SSL_CLIENT_KEY_EXCHANGE)

I (38213) mbedtls: ssl_msg.c:2063 0x3ffb6124: => flush output

I (38213) mbedtls: ssl_msg.c:2072 0x3ffb6124: <= flush output

I (38213) mbedtls: ssl_tls.c:4201 0x3ffb6124: client state: MBEDTLS_SSL_CLIENT_KEY_EXCHANGE

I (38213) mbedtls: ssl_tls12_client.c:2373 0x3ffb6124: => write client key exchange

D (38213) mbedtls: ssl_tls12_client.c:2387 0x3ffb6124: Perform PSA-based ECDH computation.

[mem-tick] t=   36693 ms phase=e1           free=215756
[mem-tick] t=   36793 ms phase=e1           free=215480
D (38353) mbedtls: ssl_misc.h:1295 0x3ffb6124: handshake state: 8 (MBEDTLS_SSL_CLIENT_KEY_EXCHANGE) -> 9 (MBEDTLS_SSL_CERTIFICATE_VERIFY)

I (38353) mbedtls: ssl_msg.c:2494 0x3ffb6124: => write handshake message

I (38353) mbedtls: ssl_msg.c:2654 0x3ffb6124: => write record

D (38353) mbedtls: ssl_msg.c:2737 0x3ffb6124: output record: msgtype = 22, version = [3:3], msglen = 37

I (38353) mbedtls: ssl_msg.c:2063 0x3ffb6124: => flush output

I (38353) mbedtls: ssl_msg.c:2077 0x3ffb6124: message length: 42, out_left: 42

I (38363) mbedtls: ssl_msg.c:2084 0x3ffb6124: ssl->f_send() returned 42 (-0xffffffd6)

I (38363) mbedtls: ssl_msg.c:2111 0x3ffb6124: <= flush output

I (38363) mbedtls: ssl_msg.c:2790 0x3ffb6124: <= write record

I (38363) mbedtls: ssl_msg.c:2615 0x3ffb6124: <= write handshake message

I (38363) mbedtls: ssl_tls12_client.c:2653 0x3ffb6124: <= write client key exchange

I (38363) mbedtls: ssl_msg.c:2063 0x3ffb6124: => flush output

I (38363) mbedtls: ssl_msg.c:2072 0x3ffb6124: <= flush output

I (38363) mbedtls: ssl_tls.c:4201 0x3ffb6124: client state: MBEDTLS_SSL_CERTIFICATE_VERIFY

I (38363) mbedtls: ssl_tls12_client.c:2701 0x3ffb6124: => write certificate verify

I (38363) mbedtls: ssl_tls.c:6466 0x3ffb6124: => derive keys

I (38363) mbedtls: ssl_tls.c:6557 0x3ffb6124: => PSA calc verify

D (38363) mbedtls: ssl_tls.c:6568 0x3ffb6124: dumping 'PSA calculated verify result' (48 bytes)

D (38363) mbedtls: ssl_tls.c:6568 0x3ffb6124: 0000:  04 fa 92 dd cc 9f ce 13 12 ff c2 39 f3 74 7e 6c  ...........9.t~l

D (38363) mbedtls: ssl_tls.c:6568 0x3ffb6124: 0010:  dc 62 df 94 02 cb 6b 01 19 ed 8b 1c 6d ae 15 70  .b....k.....m..p

D (38363) mbedtls: ssl_tls.c:6568 0x3ffb6124: 0020:  a4 59 3c 62 5e 52 a9 5b 67 5c 08 7b 76 e8 95 9e  .Y<b^R.[g\.{v...

I (38363) mbedtls: ssl_tls.c:6569 0x3ffb6124: <= PSA calc verify

D (38363) mbedtls: ssl_tls.c:6308 0x3ffb6124: dumping 'session hash for extended master secret' (48 bytes)

D (38363) mbedtls: ssl_tls.c:6308 0x3ffb6124: 0000:  04 fa 92 dd cc 9f ce 13 12 ff c2 39 f3 74 7e 6c  ...........9.t~l

D (38363) mbedtls: ssl_tls.c:6308 0x3ffb6124: 0010:  dc 62 df 94 02 cb 6b 01 19 ed 8b 1c 6d ae 15 70  .b....k.....m..p

D (38363) mbedtls: ssl_tls.c:6308 0x3ffb6124: 0020:  a4 59 3c 62 5e 52 a9 5b 67 5c 08 7b 76 e8 95 9e  .Y<b^R.[g\.{v...

D (38363) mbedtls: ssl_tls.c:6449 0x3ffb6124: dumping 'premaster secret' (32 bytes)

D (38363) mbedtls: ssl_tls.c:6449 0x3ffb6124: 0000:  c4 18 88 94 17 06 de 8c e8 14 18 47 57 f7 71 5a  ...........GW.qZ

D (38363) mbedtls: ssl_tls.c:6449 0x3ffb6124: 0010:  ef 6f 56 10 3a 8e 24 e7 a1 d9 f4 b2 36 ff 48 31  .oV.:.$.....6.H1

D (38363) mbedtls: ssl_tls.c:7762 0x3ffb6124: ciphersuite = TLS-ECDHE-RSA-WITH-AES-256-GCM-SHA384

D (38363) mbedtls: ssl_tls.c:7764 0x3ffb6124: dumping 'master secret' (48 bytes)

D (38363) mbedtls: ssl_tls.c:7764 0x3ffb6124: 0000:  77 8c 3d b7 ba d5 0c d8 bf 9b c4 20 52 32 91 a9  w.=........ R2..

D (38363) mbedtls: ssl_tls.c:7764 0x3ffb6124: 0010:  2b d6 f9 c4 ae 4f a6 86 4c af 74 ae dc 49 0c 6d  +....O..L.t..I.m

D (38363) mbedtls: ssl_tls.c:7764 0x3ffb6124: 0020:  14 52 54 e9 da 2f 9a 61 ac 6b 80 ac 30 58 b6 45  .RT../.a.k..0X.E

D (38363) mbedtls: ssl_tls.c:7855 0x3ffb6124: keylen: 32, minlen: 24, ivlen: 12, maclen: 0

I (38363) mbedtls: ssl_tls.c:6517 0x3ffb6124: <= derive keys

I (38363) mbedtls: ssl_tls12_client.c:2723 0x3ffb6124: <= skip write certificate verify

D (38363) mbedtls: ssl_misc.h:1295 0x3ffb6124: handshake state: 9 (MBEDTLS_SSL_CERTIFICATE_VERIFY) -> 10 (MBEDTLS_SSL_CLIENT_CHANGE_CIPHER_SPEC)

I (38363) mbedtls: ssl_msg.c:2063 0x3ffb6124: => flush output

I (38363) mbedtls: ssl_msg.c:2072 0x3ffb6124: <= flush output

I (38363) mbedtls: ssl_tls.c:4201 0x3ffb6124: client state: MBEDTLS_SSL_CLIENT_CHANGE_CIPHER_SPEC

I (38363) mbedtls: ssl_msg.c:5087 0x3ffb6124: => write change cipher spec

D (38363) mbedtls: ssl_misc.h:1295 0x3ffb6124: handshake state: 10 (MBEDTLS_SSL_CLIENT_CHANGE_CIPHER_SPEC) -> 11 (MBEDTLS_SSL_CLIENT_FINISHED)

I (38363) mbedtls: ssl_msg.c:2494 0x3ffb6124: => write handshake message

I (38363) mbedtls: ssl_msg.c:2654 0x3ffb6124: => write record

D (38363) mbedtls: ssl_msg.c:2737 0x3ffb6124: output record: msgtype = 20, version = [3:3], msglen = 1

I (38363) mbedtls: ssl_msg.c:2063 0x3ffb6124: => flush output

I (38363) mbedtls: ssl_msg.c:2077 0x3ffb6124: message length: 6, out_left: 6

I (38363) mbedtls: ssl_msg.c:2084 0x3ffb6124: ssl->f_send() returned 6 (-0xfffffffa)

I (38363) mbedtls: ssl_msg.c:2111 0x3ffb6124: <= flush output

I (38363) mbedtls: ssl_msg.c:2790 0x3ffb6124: <= write record

I (38363) mbedtls: ssl_msg.c:2615 0x3ffb6124: <= write handshake message

I (38363) mbedtls: ssl_msg.c:5100 0x3ffb6124: <= write change cipher spec

I (38363) mbedtls: ssl_msg.c:2063 0x3ffb6124: => flush output

I (38363) mbedtls: ssl_msg.c:2072 0x3ffb6124: <= flush output

I (38363) mbedtls: ssl_tls.c:4201 0x3ffb6124: client state: MBEDTLS_SSL_CLIENT_FINISHED

I (38363) mbedtls: ssl_tls.c:7384 0x3ffb6124: => write finished

I (38363) mbedtls: ssl_tls.c:7235 0x3ffb6124: => calc PSA finished tls

D (38363) mbedtls: ssl_tls.c:7246 0x3ffb6124: dumping 'PSA calculated padbuf' (48 bytes)

D (38363) mbedtls: ssl_tls.c:7246 0x3ffb6124: 0000:  04 fa 92 dd cc 9f ce 13 12 ff c2 39 f3 74 7e 6c  ...........9.t~l

D (38373) mbedtls: ssl_tls.c:7246 0x3ffb6124: 0010:  dc 62 df 94 02 cb 6b 01 19 ed 8b 1c 6d ae 15 70  .b....k.....m..p

D (38373) mbedtls: ssl_tls.c:7246 0x3ffb6124: 0020:  a4 59 3c 62 5e 52 a9 5b 67 5c 08 7b 76 e8 95 9e  .Y<b^R.[g\.{v...

D (38373) mbedtls: ssl_tls.c:7258 0x3ffb6124: dumping 'calc finished result' (12 bytes)

D (38373) mbedtls: ssl_tls.c:7258 0x3ffb6124: 0000:  8b 07 07 21 a9 da a1 08 d7 6a dc b2              ...!.....j..

I (38373) mbedtls: ssl_tls.c:7262 0x3ffb6124: <= calc finished

D (38373) mbedtls: ssl_misc.h:1295 0x3ffb6124: handshake state: 11 (MBEDTLS_SSL_CLIENT_FINISHED) -> 12 (MBEDTLS_SSL_SERVER_CHANGE_CIPHER_SPEC)

D (38373) mbedtls: ssl_tls.c:7434 0x3ffb6124: switching to new transform spec for outbound data

I (38373) mbedtls: ssl_msg.c:2494 0x3ffb6124: => write handshake message

I (38373) mbedtls: ssl_msg.c:2654 0x3ffb6124: => write record

I (38373) mbedtls: ssl_msg.c:808 0x3ffb6124: => encrypt buf

D (38373) mbedtls: ssl_msg.c:1036 0x3ffb6124: before encrypt: msglen = 16, including 0 bytes of padding

I (38373) mbedtls: ssl_msg.c:1265 0x3ffb6124: <= encrypt buf

D (38373) mbedtls: ssl_msg.c:2737 0x3ffb6124: output record: msgtype = 22, version = [3:3], msglen = 40

I (38373) mbedtls: ssl_msg.c:2063 0x3ffb6124: => flush output

I (38373) mbedtls: ssl_msg.c:2077 0x3ffb6124: message length: 45, out_left: 45

I (38373) mbedtls: ssl_msg.c:2084 0x3ffb6124: ssl->f_send() returned 45 (-0xffffffd3)

I (38373) mbedtls: ssl_msg.c:2111 0x3ffb6124: <= flush output

I (38373) mbedtls: ssl_msg.c:2790 0x3ffb6124: <= write record

I (38373) mbedtls: ssl_msg.c:2615 0x3ffb6124: <= write handshake message

I (38373) mbedtls: ssl_tls.c:7487 0x3ffb6124: <= write finished

I (38373) mbedtls: ssl_msg.c:2063 0x3ffb6124: => flush output

I (38373) mbedtls: ssl_msg.c:2072 0x3ffb6124: <= flush output

I (38373) mbedtls: ssl_tls.c:4201 0x3ffb6124: client state: MBEDTLS_SSL_SERVER_CHANGE_CIPHER_SPEC

D (38373) mbedtls: ssl_misc.h:1295 0x3ffb6124: handshake state: 12 (MBEDTLS_SSL_SERVER_CHANGE_CIPHER_SPEC) -> 16 (MBEDTLS_SSL_NEW_SESSION_TICKET)

I (38373) mbedtls: ssl_tls12_client.c:2829 0x3ffb6124: => parse new session ticket

I (38373) mbedtls: ssl_msg.c:4040 0x3ffb6124: => read record

I (38373) mbedtls: ssl_msg.c:1865 0x3ffb6124: => fetch input

I (38373) mbedtls: ssl_msg.c:2005 0x3ffb6124: in_left: 0, nb_want: 5

I (38373) mbedtls: ssl_msg.c:2025 0x3ffb6124: in_left: 0, nb_want: 5

I (38373) mbedtls: ssl_msg.c:2028 0x3ffb6124: ssl->f_recv(_timeout)() returned 5 (-0xfffffffb)

I (38373) mbedtls: ssl_msg.c:2050 0x3ffb6124: <= fetch input

D (38373) mbedtls: ssl_msg.c:3707 0x3ffb6124: input record: msgtype = 22, version = [0x303], msglen = 186

I (38373) mbedtls: ssl_msg.c:1865 0x3ffb6124: => fetch input

I (38373) mbedtls: ssl_msg.c:2005 0x3ffb6124: in_left: 5, nb_want: 191

I (38373) mbedtls: ssl_msg.c:2025 0x3ffb6124: in_left: 5, nb_want: 191

I (38373) mbedtls: ssl_msg.c:2028 0x3ffb6124: ssl->f_recv(_timeout)() returned 186 (-0xffffff46)

I (38373) mbedtls: ssl_msg.c:2050 0x3ffb6124: <= fetch input

D (38373) mbedtls: ssl_msg.c:2948 0x3ffb6124: handshake message: msglen = 186, type = 4, hslen = 186

D (38373) mbedtls: ssl_msg.c:3085 0x3ffb6124: sole handshake fragment: 186, 0..186 of 186

I (38383) mbedtls: ssl_msg.c:4112 0x3ffb6124: <= read record

D (38383) mbedtls: ssl_tls12_client.c:2876 0x3ffb6124: ticket length: 176

D (38383) mbedtls: ssl_misc.h:1295 0x3ffb6124: handshake state: 16 (MBEDTLS_SSL_NEW_SESSION_TICKET) -> 12 (MBEDTLS_SSL_SERVER_CHANGE_CIPHER_SPEC)

D (38383) mbedtls: ssl_tls12_client.c:2920 0x3ffb6124: ticket in use, discarding session id

I (38383) mbedtls: ssl_tls12_client.c:2923 0x3ffb6124: <= parse new session ticket

I (38383) mbedtls: ssl_msg.c:2063 0x3ffb6124: => flush output

I (38383) mbedtls: ssl_msg.c:2072 0x3ffb6124: <= flush output

I (38383) mbedtls: ssl_tls.c:4201 0x3ffb6124: client state: MBEDTLS_SSL_SERVER_CHANGE_CIPHER_SPEC

I (38383) mbedtls: ssl_msg.c:5109 0x3ffb6124: => parse change cipher spec

I (38383) mbedtls: ssl_msg.c:4040 0x3ffb6124: => read record

I (38383) mbedtls: ssl_msg.c:1865 0x3ffb6124: => fetch input

I (38383) mbedtls: ssl_msg.c:2005 0x3ffb6124: in_left: 0, nb_want: 5

I (38383) mbedtls: ssl_msg.c:2025 0x3ffb6124: in_left: 0, nb_want: 5

I (38383) mbedtls: ssl_msg.c:2028 0x3ffb6124: ssl->f_recv(_timeout)() returned 5 (-0xfffffffb)

I (38383) mbedtls: ssl_msg.c:2050 0x3ffb6124: <= fetch input

D (38383) mbedtls: ssl_msg.c:3707 0x3ffb6124: input record: msgtype = 20, version = [0x303], msglen = 1

I (38383) mbedtls: ssl_msg.c:1865 0x3ffb6124: => fetch input

I (38383) mbedtls: ssl_msg.c:2005 0x3ffb6124: in_left: 5, nb_want: 6

I (38383) mbedtls: ssl_msg.c:2025 0x3ffb6124: in_left: 5, nb_want: 6

I (38383) mbedtls: ssl_msg.c:2028 0x3ffb6124: ssl->f_recv(_timeout)() returned 1 (-0xffffffff)

I (38383) mbedtls: ssl_msg.c:2050 0x3ffb6124: <= fetch input

I (38383) mbedtls: ssl_msg.c:4112 0x3ffb6124: <= read record

D (38383) mbedtls: ssl_msg.c:5130 0x3ffb6124: switching to new transform spec for inbound data

D (38383) mbedtls: ssl_misc.h:1295 0x3ffb6124: handshake state: 12 (MBEDTLS_SSL_SERVER_CHANGE_CIPHER_SPEC) -> 13 (MBEDTLS_SSL_SERVER_FINISHED)

I (38383) mbedtls: ssl_msg.c:5157 0x3ffb6124: <= parse change cipher spec

I (38383) mbedtls: ssl_msg.c:2063 0x3ffb6124: => flush output

I (38383) mbedtls: ssl_msg.c:2072 0x3ffb6124: <= flush output

I (38383) mbedtls: ssl_tls.c:4201 0x3ffb6124: client state: MBEDTLS_SSL_SERVER_FINISHED

I (38383) mbedtls: ssl_tls.c:7500 0x3ffb6124: => parse finished

I (38383) mbedtls: ssl_tls.c:7235 0x3ffb6124: => calc PSA finished tls

D (38383) mbedtls: ssl_tls.c:7246 0x3ffb6124: dumping 'PSA calculated padbuf' (48 bytes)

D (38383) mbedtls: ssl_tls.c:7246 0x3ffb6124: 0000:  d5 ff 1f 11 eb 65 17 f5 cb 63 51 7a fc 34 d7 25  .....e...cQz.4.%

D (38383) mbedtls: ssl_tls.c:7246 0x3ffb6124: 0010:  cf 74 96 33 61 d1 fd 0c 06 f7 be b1 d3 f1 73 51  .t.3a.........sQ

D (38383) mbedtls: ssl_tls.c:7246 0x3ffb6124: 0020:  91 ed 4e cb 8f 0d 9a 6d 9a 5d 7c 66 b4 3a 40 ec  ..N....m.]|f.:@.

D (38383) mbedtls: ssl_tls.c:7258 0x3ffb6124: dumping 'calc finished result' (12 bytes)

D (38383) mbedtls: ssl_tls.c:7258 0x3ffb6124: 0000:  6b 0a 27 d1 dd 98 73 ec 16 8e a1 28              k.'...s....(

I (38383) mbedtls: ssl_tls.c:7262 0x3ffb6124: <= calc finished

I (38383) mbedtls: ssl_msg.c:4040 0x3ffb6124: => read record

I (38383) mbedtls: ssl_msg.c:1865 0x3ffb6124: => fetch input

I (38383) mbedtls: ssl_msg.c:2005 0x3ffb6124: in_left: 0, nb_want: 5

I (38383) mbedtls: ssl_msg.c:2025 0x3ffb6124: in_left: 0, nb_want: 5

I (38383) mbedtls: ssl_msg.c:2028 0x3ffb6124: ssl->f_recv(_timeout)() returned 5 (-0xfffffffb)

I (38383) mbedtls: ssl_msg.c:2050 0x3ffb6124: <= fetch input

D (38383) mbedtls: ssl_msg.c:3707 0x3ffb6124: input record: msgtype = 22, version = [0x303], msglen = 40

I (38383) mbedtls: ssl_msg.c:1865 0x3ffb6124: => fetch input

I (38383) mbedtls: ssl_msg.c:2005 0x3ffb6124: in_left: 5, nb_want: 45

I (38383) mbedtls: ssl_msg.c:2025 0x3ffb6124: in_left: 5, nb_want: 45

I (38383) mbedtls: ssl_msg.c:2028 0x3ffb6124: ssl->f_recv(_timeout)() returned 40 (-0xffffffd8)

I (38393) mbedtls: ssl_msg.c:2050 0x3ffb6124: <= fetch input

I (38393) mbedtls: ssl_msg.c:1301 0x3ffb6124: => decrypt buf

I (38393) mbedtls: ssl_msg.c:1831 0x3ffb6124: <= decrypt buf

D (38393) mbedtls: ssl_msg.c:2948 0x3ffb6124: handshake message: msglen = 16, type = 20, hslen = 16

D (38393) mbedtls: ssl_msg.c:3085 0x3ffb6124: sole handshake fragment: 16, 0..16 of 16

I (38393) mbedtls: ssl_msg.c:4112 0x3ffb6124: <= read record

D (38393) mbedtls: ssl_misc.h:1295 0x3ffb6124: handshake state: 13 (MBEDTLS_SSL_SERVER_FINISHED) -> 14 (MBEDTLS_SSL_FLUSH_BUFFERS)

I (38393) mbedtls: ssl_tls.c:7571 0x3ffb6124: <= parse finished

I (38393) mbedtls: ssl_msg.c:2063 0x3ffb6124: => flush output

I (38393) mbedtls: ssl_msg.c:2072 0x3ffb6124: <= flush output

I (38393) mbedtls: ssl_tls.c:4201 0x3ffb6124: client state: MBEDTLS_SSL_FLUSH_BUFFERS

I (38393) mbedtls: ssl_tls12_client.c:3031 0x3ffb6124: handshake: done

D (38393) mbedtls: ssl_misc.h:1295 0x3ffb6124: handshake state: 14 (MBEDTLS_SSL_FLUSH_BUFFERS) -> 15 (MBEDTLS_SSL_HANDSHAKE_WRAPUP)

I (38393) mbedtls: ssl_msg.c:2063 0x3ffb6124: => flush output

I (38393) mbedtls: ssl_msg.c:2072 0x3ffb6124: <= flush output

I (38393) mbedtls: ssl_tls.c:4201 0x3ffb6124: client state: MBEDTLS_SSL_HANDSHAKE_WRAPUP

D (38393) mbedtls: ssl_tls.c:7322 0x3ffb6124: => handshake wrapup

D (38393) mbedtls: ssl_tls.c:7296 0x3ffb6124: => handshake wrapup: final free

D (38393) mbedtls: ssl_tls.c:7315 0x3ffb6124: <= handshake wrapup: final free

D (38393) mbedtls: ssl_misc.h:1295 0x3ffb6124: handshake state: 15 (MBEDTLS_SSL_HANDSHAKE_WRAPUP) -> 27 (MBEDTLS_SSL_HANDSHAKE_OVER)

D (38393) mbedtls: ssl_tls.c:7376 0x3ffb6124: <= handshake wrapup

I (38393) mbedtls: ssl_tls.c:4293 0x3ffb6124: <= handshake

[e1] connected with PINNED cert, handshake=251844 us
--- E2: pinned WRONG cert as CA => expect verify failure ---
D (38403) esp-tls: handshake in progress...
I (38403) mbedtls: ssl_tls.c:4282 0x3ffb6124: => handshake

I (38403) mbedtls: ssl_msg.c:2063 0x3ffb6124: => flush output

I (38403) mbedtls: ssl_msg.c:2072 0x3ffb6124: <= flush output

I (38403) mbedtls: ssl_tls.c:4201 0x3ffb6124: client state: MBEDTLS_SSL_HELLO_REQUEST

D (38403) mbedtls: ssl_misc.h:1295 0x3ffb6124: handshake state: 0 (MBEDTLS_SSL_HELLO_REQUEST) -> 1 (MBEDTLS_SSL_CLIENT_HELLO)

I (38403) mbedtls: ssl_msg.c:2063 0x3ffb6124: => flush output

I (38403) mbedtls: ssl_msg.c:2072 0x3ffb6124: <= flush output

I (38403) mbedtls: ssl_tls.c:4201 0x3ffb6124: client state: MBEDTLS_SSL_CLIENT_HELLO

I (38403) mbedtls: ssl_client.c:917 0x3ffb6124: => write client hello

D (38403) mbedtls: ssl_client.c:722 0x3ffb6124: client hello, current time: 36

D (38403) mbedtls: ssl_client.c:485 0x3ffb6124: dumping 'client hello, random bytes' (32 bytes)

D (38403) mbedtls: ssl_client.c:485 0x3ffb6124: 0000:  00 00 00 24 90 ea c8 8a f7 fc 98 a4 52 6f 63 2e  ...$........Roc.

D (38403) mbedtls: ssl_client.c:485 0x3ffb6124: 0010:  dc 92 81 7f d1 60 0e f9 64 a8 70 f0 d1 33 47 82  .....`..d.p..3G.

D (38403) mbedtls: ssl_client.c:510 0x3ffb6124: dumping 'session id' (0 bytes)

D (38403) mbedtls: ssl_client.c:368 0x3ffb6124: client hello, add ciphersuite: c02c, TLS-ECDHE-ECDSA-WITH-AES-256-GCM-SHA384

D (38403) mbedtls: ssl_client.c:368 0x3ffb6124: client hello, add ciphersuite: c030, TLS-ECDHE-RSA-WITH-AES-256-GCM-SHA384

D (38403) mbedtls: ssl_client.c:368 0x3ffb6124: client hello, add ciphersuite: c0ad, TLS-ECDHE-ECDSA-WITH-AES-256-CCM

D (38403) mbedtls: ssl_client.c:368 0x3ffb6124: client hello, add ciphersuite: c024, TLS-ECDHE-ECDSA-WITH-AES-256-CBC-SHA384

D (38403) mbedtls: ssl_client.c:368 0x3ffb6124: client hello, add ciphersuite: c028, TLS-ECDHE-RSA-WITH-AES-256-CBC-SHA384

D (38403) mbedtls: ssl_client.c:368 0x3ffb6124: client hello, add ciphersuite: c00a, TLS-ECDHE-ECDSA-WITH-AES-256-CBC-SHA

D (38403) mbedtls: ssl_client.c:368 0x3ffb6124: client hello, add ciphersuite: c014, TLS-ECDHE-RSA-WITH-AES-256-CBC-SHA

D (38403) mbedtls: ssl_client.c:368 0x3ffb6124: client hello, add ciphersuite: c0af, TLS-ECDHE-ECDSA-WITH-AES-256-CCM-8

D (38403) mbedtls: ssl_client.c:368 0x3ffb6124: client hello, add ciphersuite: c02b, TLS-ECDHE-ECDSA-WITH-AES-128-GCM-SHA256

D (38403) mbedtls: ssl_client.c:368 0x3ffb6124: client hello, add ciphersuite: c02f, TLS-ECDHE-RSA-WITH-AES-128-GCM-SHA256

D (38403) mbedtls: ssl_client.c:368 0x3ffb6124: client hello, add ciphersuite: c0ac, TLS-ECDHE-ECDSA-WITH-AES-128-CCM

D (38403) mbedtls: ssl_client.c:368 0x3ffb6124: client hello, add ciphersuite: c023, TLS-ECDHE-ECDSA-WITH-AES-128-CBC-SHA256

D (38403) mbedtls: ssl_client.c:368 0x3ffb6124: client hello, add ciphersuite: c027, TLS-ECDHE-RSA-WITH-AES-128-CBC-SHA256

D (38403) mbedtls: ssl_client.c:368 0x3ffb6124: client hello, add ciphersuite: c009, TLS-ECDHE-ECDSA-WITH-AES-128-CBC-SHA

D (38403) mbedtls: ssl_client.c:368 0x3ffb6124: client hello, add ciphersuite: c013, TLS-ECDHE-RSA-WITH-AES-128-CBC-SHA

D (38403) mbedtls: ssl_client.c:368 0x3ffb6124: client hello, add ciphersuite: c0ae, TLS-ECDHE-ECDSA-WITH-AES-128-CCM-8

D (38403) mbedtls: ssl_client.c:386 0x3ffb6124: adding EMPTY_RENEGOTIATION_INFO_SCSV

D (38403) mbedtls: ssl_client.c:395 0x3ffb6124: client hello, got 17 cipher suites

D (38403) mbedtls: ssl_client.c:39 0x3ffb6124: client hello, adding server name extension: localhost

D (38403) mbedtls: ssl_client.c:229 0x3ffb6124: client hello, adding supported_groups extension

D (38413) mbedtls: ssl_client.c:248 0x3ffb6124: got supported group(001d)

D (38413) mbedtls: ssl_client.c:280 0x3ffb6124: NamedGroup: x25519 ( 1d )

D (38413) mbedtls: ssl_client.c:248 0x3ffb6124: got supported group(0017)

D (38413) mbedtls: ssl_client.c:280 0x3ffb6124: NamedGroup: secp256r1 ( 17 )

D (38413) mbedtls: ssl_client.c:248 0x3ffb6124: got supported group(0018)

D (38413) mbedtls: ssl_client.c:280 0x3ffb6124: NamedGroup: secp384r1 ( 18 )

D (38413) mbedtls: ssl_client.c:248 0x3ffb6124: got supported group(001e)

D (38413) mbedtls: ssl_client.c:280 0x3ffb6124: NamedGroup: x448 ( 1e )

D (38413) mbedtls: ssl_client.c:248 0x3ffb6124: got supported group(0019)

D (38413) mbedtls: ssl_client.c:280 0x3ffb6124: NamedGroup: secp521r1 ( 19 )

D (38413) mbedtls: ssl_client.c:248 0x3ffb6124: got supported group(001a)

D (38413) mbedtls: ssl_client.c:280 0x3ffb6124: NamedGroup: bp256r1 ( 1a )

D (38413) mbedtls: ssl_client.c:248 0x3ffb6124: got supported group(001b)

D (38413) mbedtls: ssl_client.c:280 0x3ffb6124: NamedGroup: bp384r1 ( 1b )

D (38413) mbedtls: ssl_client.c:248 0x3ffb6124: got supported group(001c)

D (38413) mbedtls: ssl_client.c:280 0x3ffb6124: NamedGroup: bp512r1 ( 1c )

D (38413) mbedtls: ssl_client.c:248 0x3ffb6124: got supported group(0100)

D (38413) mbedtls: ssl_client.c:248 0x3ffb6124: got supported group(0101)

D (38413) mbedtls: ssl_client.c:248 0x3ffb6124: got supported group(0102)

D (38413) mbedtls: ssl_client.c:248 0x3ffb6124: got supported group(0103)

D (38413) mbedtls: ssl_client.c:248 0x3ffb6124: got supported group(0104)

D (38413) mbedtls: ssl_client.c:300 0x3ffb6124: dumping 'Supported groups extension' (18 bytes)

D (38413) mbedtls: ssl_client.c:300 0x3ffb6124: 0000:  00 10 00 1d 00 17 00 18 00 1e 00 19 00 1a 00 1b  ................

D (38413) mbedtls: ssl_client.c:300 0x3ffb6124: 0010:  00 1c                                            ..

D (38413) mbedtls: ssl_tls.c:8276 0x3ffb6124: adding signature_algorithms extension

D (38413) mbedtls: ssl_tls.c:8296 0x3ffb6124: got signature scheme [603] ecdsa_secp521r1_sha512

D (38413) mbedtls: ssl_tls.c:8305 0x3ffb6124: sent signature scheme [603] ecdsa_secp521r1_sha512

D (38413) mbedtls: ssl_tls.c:8296 0x3ffb6124: got signature scheme [806] rsa_pss_rsae_sha512

D (38413) mbedtls: ssl_tls.c:8296 0x3ffb6124: got signature scheme [601] rsa_pkcs1_sha512

D (38413) mbedtls: ssl_tls.c:8305 0x3ffb6124: sent signature scheme [601] rsa_pkcs1_sha512

D (38413) mbedtls: ssl_tls.c:8296 0x3ffb6124: got signature scheme [503] ecdsa_secp384r1_sha384

D (38413) mbedtls: ssl_tls.c:8305 0x3ffb6124: sent signature scheme [503] ecdsa_secp384r1_sha384

D (38413) mbedtls: ssl_tls.c:8296 0x3ffb6124: got signature scheme [805] rsa_pss_rsae_sha384

D (38413) mbedtls: ssl_tls.c:8296 0x3ffb6124: got signature scheme [501] rsa_pkcs1_sha384

D (38413) mbedtls: ssl_tls.c:8305 0x3ffb6124: sent signature scheme [501] rsa_pkcs1_sha384

D (38413) mbedtls: ssl_tls.c:8296 0x3ffb6124: got signature scheme [403] ecdsa_secp256r1_sha256

D (38413) mbedtls: ssl_tls.c:8305 0x3ffb6124: sent signature scheme [403] ecdsa_secp256r1_sha256

D (38413) mbedtls: ssl_tls.c:8296 0x3ffb6124: got signature scheme [804] rsa_pss_rsae_sha256

D (38413) mbedtls: ssl_tls.c:8296 0x3ffb6124: got signature scheme [401] rsa_pkcs1_sha256

D (38413) mbedtls: ssl_tls.c:8305 0x3ffb6124: sent signature scheme [401] rsa_pkcs1_sha256

D (38413) mbedtls: ssl_tls12_client.c:103 0x3ffb6124: client hello, adding supported_point_formats extension

D (38413) mbedtls: ssl_tls12_client.c:287 0x3ffb6124: client hello, adding encrypt_then_mac extension

D (38413) mbedtls: ssl_tls12_client.c:319 0x3ffb6124: client hello, adding extended_master_secret extension

D (38413) mbedtls: ssl_tls12_client.c:352 0x3ffb6124: client hello, adding session ticket extension

D (38413) mbedtls: ssl_client.c:687 0x3ffb6124: client hello, total extension length: 76

D (38413) mbedtls: ssl_client.c:689 0x3ffb6124: dumping 'client hello extensions' (76 bytes)

D (38413) mbedtls: ssl_client.c:689 0x3ffb6124: 0000:  00 4c 00 00 00 0e 00 0c 00 00 09 6c 6f 63 61 6c  .L.........local

D (38413) mbedtls: ssl_client.c:689 0x3ffb6124: 0010:  68 6f 73 74 00 0a 00 12 00 10 00 1d 00 17 00 18  host............

D (38413) mbedtls: ssl_client.c:689 0x3ffb6124: 0020:  00 1e 00 19 00 1a 00 1b 00 1c 00 0d 00 0e 00 0c  ................

[mem-tick] t=   36891 ms phase=e2           free=216764
D (38423) mbedtls: ssl_client.c:689 0x3ffb6124: 0030:  06 03 06 01 05 03 05 01 04 03 04 01 00 0b 00 02  ................

D (38423) mbedtls: ssl_client.c:689 0x3ffb6124: 0040:  01 00 00 16 00 00 00 17 00 00 00 23              ...........#

I (38423) mbedtls: ssl_msg.c:2494 0x3ffb6124: => write handshake message

I (38423) mbedtls: ssl_msg.c:2654 0x3ffb6124: => write record

D (38423) mbedtls: ssl_msg.c:2737 0x3ffb6124: output record: msgtype = 22, version = [3:3], msglen = 155

I (38423) mbedtls: ssl_msg.c:2790 0x3ffb6124: <= write record

I (38423) mbedtls: ssl_msg.c:2615 0x3ffb6124: <= write handshake message

D (38423) mbedtls: ssl_misc.h:1295 0x3ffb6124: handshake state: 1 (MBEDTLS_SSL_CLIENT_HELLO) -> 2 (MBEDTLS_SSL_SERVER_HELLO)

I (38423) mbedtls: ssl_client.c:1010 0x3ffb6124: <= write client hello

I (38423) mbedtls: ssl_msg.c:2063 0x3ffb6124: => flush output

I (38423) mbedtls: ssl_msg.c:2077 0x3ffb6124: message length: 160, out_left: 160

I (38423) mbedtls: ssl_msg.c:2084 0x3ffb6124: ssl->f_send() returned 160 (-0xffffff60)

I (38423) mbedtls: ssl_msg.c:2111 0x3ffb6124: <= flush output

I (38423) mbedtls: ssl_tls.c:4201 0x3ffb6124: client state: MBEDTLS_SSL_SERVER_HELLO

I (38423) mbedtls: ssl_tls12_client.c:1151 0x3ffb6124: => parse server hello

I (38423) mbedtls: ssl_msg.c:4040 0x3ffb6124: => read record

I (38423) mbedtls: ssl_msg.c:1865 0x3ffb6124: => fetch input

I (38423) mbedtls: ssl_msg.c:2005 0x3ffb6124: in_left: 0, nb_want: 5

I (38423) mbedtls: ssl_msg.c:2025 0x3ffb6124: in_left: 0, nb_want: 5

I (38423) mbedtls: ssl_msg.c:2028 0x3ffb6124: ssl->f_recv(_timeout)() returned 5 (-0xfffffffb)

I (38423) mbedtls: ssl_msg.c:2050 0x3ffb6124: <= fetch input

D (38423) mbedtls: ssl_msg.c:3707 0x3ffb6124: input record: msgtype = 22, version = [0x303], msglen = 65

I (38423) mbedtls: ssl_msg.c:1865 0x3ffb6124: => fetch input

I (38423) mbedtls: ssl_msg.c:2005 0x3ffb6124: in_left: 5, nb_want: 70

I (38423) mbedtls: ssl_msg.c:2025 0x3ffb6124: in_left: 5, nb_want: 70

I (38423) mbedtls: ssl_msg.c:2028 0x3ffb6124: ssl->f_recv(_timeout)() returned 65 (-0xffffffbf)

I (38423) mbedtls: ssl_msg.c:2050 0x3ffb6124: <= fetch input

D (38423) mbedtls: ssl_msg.c:2948 0x3ffb6124: handshake message: msglen = 65, type = 2, hslen = 65

D (38423) mbedtls: ssl_msg.c:3085 0x3ffb6124: sole handshake fragment: 65, 0..65 of 65

I (38423) mbedtls: ssl_msg.c:4112 0x3ffb6124: <= read record

D (38423) mbedtls: ssl_tls12_client.c:1225 0x3ffb6124: dumping 'server hello, version' (2 bytes)

D (38423) mbedtls: ssl_tls12_client.c:1225 0x3ffb6124: 0000:  03 03                                            ..

D (38423) mbedtls: ssl_tls12_client.c:1246 0x3ffb6124: server hello, current time: 2990874818

D (38423) mbedtls: ssl_tls12_client.c:1256 0x3ffb6124: dumping 'server hello, random bytes' (32 bytes)

D (38423) mbedtls: ssl_tls12_client.c:1256 0x3ffb6124: 0000:  b2 45 20 c2 ca 32 c6 95 e8 20 de 64 09 d7 1d f4  .E ..2... .d....

D (38423) mbedtls: ssl_tls12_client.c:1256 0x3ffb6124: 0010:  ca b3 df 10 d6 1f cf 31 fe 12 c7 9e 90 c0 53 64  .......1......Sd

D (38423) mbedtls: ssl_tls12_client.c:1318 0x3ffb6124: server hello, session id len.: 0

D (38423) mbedtls: ssl_tls12_client.c:1319 0x3ffb6124: dumping 'server hello, session id' (0 bytes)

D (38423) mbedtls: ssl_misc.h:1295 0x3ffb6124: handshake state: 2 (MBEDTLS_SSL_SERVER_HELLO) -> 3 (MBEDTLS_SSL_SERVER_CERTIFICATE)

D (38423) mbedtls: ssl_tls12_client.c:1343 0x3ffb6124: no session has been resumed

D (38423) mbedtls: ssl_tls12_client.c:1346 0x3ffb6124: server hello, chosen ciphersuite: c030

D (38423) mbedtls: ssl_tls12_client.c:1347 0x3ffb6124: server hello, compress alg.: 0

D (38423) mbedtls: ssl_tls12_client.c:1382 0x3ffb6124: server hello, chosen ciphersuite: TLS-ECDHE-RSA-WITH-AES-256-GCM-SHA384

I (38423) mbedtls: ssl_tls12_client.c:1403 0x3ffb6124: server hello, total extension length: 21

D (38423) mbedtls: ssl_tls12_client.c:1421 0x3ffb6124: found renegotiation extension

D (38423) mbedtls: ssl_tls12_client.c:1500 0x3ffb6124: found supported_point_formats extension

D (38423) mbedtls: ssl_tls12_client.c:1486 0x3ffb6124: found session_ticket extension

D (38423) mbedtls: ssl_tls12_client.c:1473 0x3ffb6124: found extended_master_secret extension

I (38423) mbedtls: ssl_tls12_client.c:1617 0x3ffb6124: <= parse server hello

I (38423) mbedtls: ssl_msg.c:2063 0x3ffb6124: => flush output

I (38423) mbedtls: ssl_msg.c:2072 0x3ffb6124: <= flush output

I (38423) mbedtls: ssl_tls.c:4201 0x3ffb6124: client state: MBEDTLS_SSL_SERVER_CERTIFICATE

I (38423) mbedtls: ssl_tls.c:7077 0x3ffb6124: => parse certificate

I (38423) mbedtls: ssl_msg.c:4040 0x3ffb6124: => read record

I (38423) mbedtls: ssl_msg.c:1865 0x3ffb6124: => fetch input

I (38423) mbedtls: ssl_msg.c:2005 0x3ffb6124: in_left: 0, nb_want: 5

I (38423) mbedtls: ssl_msg.c:2025 0x3ffb6124: in_left: 0, nb_want: 5

I (38423) mbedtls: ssl_msg.c:2028 0x3ffb6124: ssl->f_recv(_timeout)() returned 5 (-0xfffffffb)

I (38423) mbedtls: ssl_msg.c:2050 0x3ffb6124: <= fetch input

D (38423) mbedtls: ssl_msg.c:3707 0x3ffb6124: input record: msgtype = 22, version = [0x303], msglen = 791

I (38423) mbedtls: ssl_msg.c:1865 0x3ffb6124: => fetch input

I (38423) mbedtls: ssl_msg.c:2005 0x3ffb6124: in_left: 5, nb_want: 796

I (38423) mbedtls: ssl_msg.c:2025 0x3ffb6124: in_left: 5, nb_want: 796

I (38433) mbedtls: ssl_msg.c:2028 0x3ffb6124: ssl->f_recv(_timeout)() returned 791 (-0xfffffce9)

I (38433) mbedtls: ssl_msg.c:2050 0x3ffb6124: <= fetch input

D (38433) mbedtls: ssl_msg.c:2948 0x3ffb6124: handshake message: msglen = 791, type = 11, hslen = 791

D (38433) mbedtls: ssl_msg.c:3085 0x3ffb6124: sole handshake fragment: 791, 0..791 of 791

I (38433) mbedtls: ssl_msg.c:4112 0x3ffb6124: <= read record

D (38433) mbedtls: ssl_tls.c:6952 0x3ffb6124: peer certificate #1:

D (38433) mbedtls: ssl_tls.c:6952 0x3ffb6124: cert. version     : 3

D (38433) mbedtls: ssl_tls.c:6952 0x3ffb6124: serial number     : 77:66:A5:9D:AF:14:9E:F2:03:F7:3C:2B:1A:5C:81:86:F8:A3:4E:52

D (38433) mbedtls: ssl_tls.c:6952 0x3ffb6124: issuer name       : CN=localhost

D (38433) mbedtls: ssl_tls.c:6952 0x3ffb6124: subject name      : CN=localhost

D (38433) mbedtls: ssl_tls.c:6952 0x3ffb6124: issued  on        : 2026-08-26 20:20:30

D (38433) mbedtls: ssl_tls.c:6952 0x3ffb6124: expires on        : 2026-09-25 20:20:30

D (38433) mbedtls: ssl_tls.c:6952 0x3ffb6124: signed using      : RSA with SHA-256

D (38433) mbedtls: ssl_tls.c:6952 0x3ffb6124: RSA key size      : 2048 bits

D (38433) mbedtls: ssl_tls.c:6952 0x3ffb6124: basic constraints : CA=true

D (38433) mbedtls: ssl_tls.c:6952 0x3ffb6124: dumping 'crt->PK' (270 bytes)

D (38433) mbedtls: ssl_tls.c:6952 0x3ffb6124: 0000:  30 82 01 0a 02 82 01 01 00 dd 03 19 3e 8f 4a 05

D (38433) mbedtls: ssl_tls.c:6952 0x3ffb6124: 0010:  9c d6 74 e1 46 bc 40 7a 7e af 78 09 38 f6 d0 1c

D (38433) mbedtls: ssl_tls.c:6952 0x3ffb6124: 0020:  9d e4 2b 18 4c a1 87 f6 83 55 82 2d e0 21 fb b2

D (38433) mbedtls: ssl_tls.c:6952 0x3ffb6124: 0030:  00 2f 9b 98 36 24 73 47 a2 11 bb 50 05 1c 9e 40

D (38433) mbedtls: ssl_tls.c:6952 0x3ffb6124: 0040:  41 c9 de 81 7e a1 eb 82 48 35 d0 51 24 0d 22 bd

D (38433) mbedtls: ssl_tls.c:6952 0x3ffb6124: 0050:  7e c7 0b 60 74 e2 60 3e 76 de c1 3d b5 9f e9 d2

D (38433) mbedtls: ssl_tls.c:6952 0x3ffb6124: 0060:  ac 90 d3 84 2a 75 7c 41 8a 11 14 c8 bc 09 7b 9d

D (38433) mbedtls: ssl_tls.c:6952 0x3ffb6124: 0070:  45 54 95 c1 50 05 be f1 34 c0 05 55 f5 a2 b3 a8

D (38433) mbedtls: ssl_tls.c:6952 0x3ffb6124: 0080:  24 f6 ab 22 df 72 97 ef b5 8f e4 fe 49 be 4f c1

D (38433) mbedtls: ssl_tls.c:6952 0x3ffb6124: 0090:  08 e0 39 7a cd ba 74 2e d1 20 74 ad 6b 59 ab 86

D (38433) mbedtls: ssl_tls.c:6952 0x3ffb6124: 00a0:  5d 29 ab 81 f0 c1 22 3f 01 b9 0b a1 fb ee 70 9f

D (38433) mbedtls: ssl_tls.c:6952 0x3ffb6124: 00b0:  eb 29 5e 9f 1d 6a 0d dc 65 fd 5e 5d 38 0c 1a c3

D (38433) mbedtls: ssl_tls.c:6952 0x3ffb6124: 00c0:  ae b7 b7 2f 66 23 82 80 ab 7d 69 7c 8f 95 ab e8

D (38433) mbedtls: ssl_tls.c:6952 0x3ffb6124: 00d0:  c0 4d 21 42 7d 78 c8 25 8b 60 f6 0d 87 c9 f4 df

D (38433) mbedtls: ssl_tls.c:6952 0x3ffb6124: 00e0:  36 bf 16 7c 59 16 d1 09 ec 17 67 cf 5d 9f 8f 78

D (38433) mbedtls: ssl_tls.c:6952 0x3ffb6124: 00f0:  8c 3d d0 02 18 d5 bc a7 19 f4 51 fe 1d b3 20 40

D (38433) mbedtls: ssl_tls.c:6952 0x3ffb6124: 0100:  67 7e 3a cc 30 f3 8d a0 ef 02 03 01 00 01      

D (38433) mbedtls: ssl_tls.c:8721 0x3ffb6124: Use configuration-specific verification callback

W (38433) mbedtls: ssl_tls.c:8778 0x3ffb6124: x509_verify_cert() returned -9984 (-0x2700)

I (38433) mbedtls: ssl_msg.c:5058 0x3ffb6124: => send alert message

D (38433) mbedtls: ssl_msg.c:5059 0x3ffb6124: send alert level=2 message=48

I (38433) mbedtls: ssl_msg.c:2654 0x3ffb6124: => write record

D (38433) mbedtls: ssl_msg.c:2737 0x3ffb6124: output record: msgtype = 21, version = [3:3], msglen = 2

I (38433) mbedtls: ssl_msg.c:2063 0x3ffb6124: => flush output

I (38433) mbedtls: ssl_msg.c:2077 0x3ffb6124: message length: 7, out_left: 7

I (38433) mbedtls: ssl_msg.c:2084 0x3ffb6124: ssl->f_send() returned 7 (-0xfffffff9)

I (38433) mbedtls: ssl_msg.c:2111 0x3ffb6124: <= flush output

I (38433) mbedtls: ssl_msg.c:2790 0x3ffb6124: <= write record

I (38433) mbedtls: ssl_msg.c:5070 0x3ffb6124: <= send alert message

D (38433) mbedtls: ssl_tls.c:8878 0x3ffb6124: ! Certificate verification flags 00000008

I (38433) mbedtls: ssl_tls.c:4293 0x3ffb6124: <= handshake

E (38433) esp-tls-mbedtls: mbedtls_ssl_handshake returned -0x2700
I (38433) esp-tls-mbedtls: (FFFFD900): X509 - Certificate verification failed, e.g. CRL, CA or signature check failed
D (38433) esp-tls-mbedtls: Skipping certificate verification - no peer certificate received
E (38443) esp-tls: Failed to open new connection
[conn] TLS to 10.0.2.2:22443 FAILED after 39481 us
[err] handshake: last_esp_err=0x801a tls_code=-0xffffd900 cert_flags=0x0 (sys_errno=0 mb_code=-0x0000)
[e2] wrong-cert path captured above
[mem] final                  free=248964 largest=110592 min-ever=12016
== ch22 lab done ==
D (121703) esp_netif_lwip: if0x3ffb98f4 ip lost tmr: no need raise ip lost event
qemu-system-xtensa: terminating on signal 15 from pid 3504734 (timeout)
