Adding SPI flash device
ets Jul 29 2019 12:21:46

rst:0x1 (POWERON_RESET),boot:0x12 (SPI_FAST_FLASH_BOOT)
configsip: 0, SPIWP:0xee
clk_drv:0x00,q_drv:0x00,d_drv:0x00,cs0_drv:0x00,hd_drv:0x00,wp_drv:0x00
mode:DIO, clock div:2
load:0x3fff0040,len:6272
load:0x40078000,len:15820
load:0x40080400,len:3920
entry 0x40080644
I (669) boot: ESP-IDF v6.0.2 2nd stage bootloader
I (670) boot: compile time Aug 27 2026 04:28:50
I (670) boot: Multicore bootloader
I (704) boot: chip revision: v3.0
I (706) boot.esp32: SPI Speed      : 40MHz
I (707) boot.esp32: SPI Mode       : DIO
I (707) boot.esp32: SPI Flash Size : 2MB
I (711) boot: Enabling RNG early entropy source...
I (717) boot: Partition Table:
I (718) boot: ## Label            Usage          Type ST Offset   Length
I (719) boot:  0 nvs              WiFi data        01 02 00009000 00006000
I (719) boot:  1 phy_init         RF data          01 01 0000f000 00001000
I (719) boot:  2 factory          factory app      00 00 00010000 00100000
I (722) boot: End of partition table
I (772) esp_image: segment 0: paddr=00010020 vaddr=3f400020 size=1f3f4h (127988) map
I (800) esp_image: segment 1: paddr=0002f41c vaddr=3ffb0000 size=00bfch (  3068) load
I (815) esp_image: segment 2: paddr=00030020 vaddr=400d0020 size=53be4h (343012) map
I (858) esp_image: segment 3: paddr=00083c0c vaddr=3ffb0bfc size=0201ch (  8220) load
I (879) esp_image: segment 4: paddr=00085c30 vaddr=40080000 size=0b2dch ( 45788) load
I (905) esp_image: segment 5: paddr=00090f14 vaddr=50000000 size=00028h (    40) load
I (992) boot: Loaded app from partition at offset 0x10000
I (992) boot: Disabling RNG early entropy source...
I (1007) cpu_start: Multicore app
D (1007) cpu_start: Pro cpu up
D (1007) cpu_start: Starting app cpu, entry point is 0x40081698
D (679) cpu_start: App cpu up
D (1024) clk: RTC_SLOW_CLK calibration value: 3495245
I (1745) cpu_start: GPIO 3 and 1 are used as console UART I/O pins
D (1755) cpu_start: calling init function: 0x400d36a8 on core: 0
D (1758) cpu_start: calling init function: 0x400d454c on core: 0
I (1762) cpu_start: Pro cpu start user code
I (1764) cpu_start: cpu freq: 160000000 Hz
D (1766) cpu_start: calling init function: 0x400d35e8 on core: 0
I (1769) app_init: Application information:
I (1771) app_init: Project name:     lwip_ch22_tls_esp_tls_mbedtls
I (1773) app_init: App version:      924d871
I (1775) app_init: Compile time:     Aug 27 2026 04:28:49
I (1777) app_init: ELF file SHA256:  fa5719915...
I (1779) app_init: ESP-IDF:          v6.0.2
D (1782) cpu_start: calling init function: 0x400d36bc on core: 0
I (1785) efuse_init: Min chip rev:     v0.0
I (1787) efuse_init: Max chip rev:     v3.99 
I (1787) efuse_init: Chip rev:         v3.0
D (1788) cpu_start: calling init function: 0x400d58e8 on core: 0
D (1788) memory_layout: Checking 9 reserved memory ranges:
D (1788) memory_layout: Reserved memory range 0x3ff82000 - 0x3ff82000
D (1788) memory_layout: Reserved memory range 0x3ffae000 - 0x3ffae6e0
D (1788) memory_layout: Reserved memory range 0x3ffb0000 - 0x3ffb50d8
D (1789) memory_layout: Reserved memory range 0x3ffe0000 - 0x3ffe0440
D (1789) memory_layout: Reserved memory range 0x3ffe3f20 - 0x3ffe4350
D (1789) memory_layout: Reserved memory range 0x40070000 - 0x40078000
D (1789) memory_layout: Reserved memory range 0x40078000 - 0x40080000
D (1789) memory_layout: Reserved memory range 0x40080000 - 0x4008b2dc
D (1789) memory_layout: Reserved memory range 0x50001fe8 - 0x50002000
D (1789) memory_layout: Building list of available memory regions:
D (1789) memory_layout: Available memory region 0x3ffae6e0 - 0x3ffb0000
D (1789) memory_layout: Available memory region 0x3ffb50d8 - 0x3ffb8000
D (1790) memory_layout: Available memory region 0x3ffb8000 - 0x3ffc0000
D (1790) memory_layout: Available memory region 0x3ffc0000 - 0x3ffc2000
D (1790) memory_layout: Available memory region 0x3ffc2000 - 0x3ffc4000
D (1790) memory_layout: Available memory region 0x3ffc4000 - 0x3ffc6000
D (1790) memory_layout: Available memory region 0x3ffc6000 - 0x3ffc8000
D (1790) memory_layout: Available memory region 0x3ffc8000 - 0x3ffca000
D (1790) memory_layout: Available memory region 0x3ffca000 - 0x3ffcc000
D (1790) memory_layout: Available memory region 0x3ffcc000 - 0x3ffce000
D (1790) memory_layout: Available memory region 0x3ffce000 - 0x3ffd0000
D (1790) memory_layout: Available memory region 0x3ffd0000 - 0x3ffd2000
D (1791) memory_layout: Available memory region 0x3ffd2000 - 0x3ffd4000
D (1791) memory_layout: Available memory region 0x3ffd4000 - 0x3ffd6000
D (1791) memory_layout: Available memory region 0x3ffd6000 - 0x3ffd8000
D (1791) memory_layout: Available memory region 0x3ffd8000 - 0x3ffda000
D (1791) memory_layout: Available memory region 0x3ffda000 - 0x3ffdc000
D (1791) memory_layout: Available memory region 0x3ffdc000 - 0x3ffde000
D (1791) memory_layout: Available memory region 0x3ffde000 - 0x3ffe0000
D (1791) memory_layout: Available memory region 0x3ffe0440 - 0x3ffe3f20
D (1791) memory_layout: Available memory region 0x3ffe4350 - 0x3ffe8000
D (1791) memory_layout: Available memory region 0x3ffe8000 - 0x3fff0000
D (1792) memory_layout: Available memory region 0x3fff0000 - 0x3fff8000
D (1792) memory_layout: Available memory region 0x3fff8000 - 0x3fffc000
D (1792) memory_layout: Available memory region 0x3fffc000 - 0x40000000
D (1792) memory_layout: Available memory region 0x4008b2dc - 0x4008c000
D (1792) memory_layout: Available memory region 0x4008c000 - 0x4008e000
D (1792) memory_layout: Available memory region 0x4008e000 - 0x40090000
D (1792) memory_layout: Available memory region 0x40090000 - 0x40092000
D (1792) memory_layout: Available memory region 0x40092000 - 0x40094000
D (1792) memory_layout: Available memory region 0x40094000 - 0x40096000
D (1792) memory_layout: Available memory region 0x40096000 - 0x40098000
D (1792) memory_layout: Available memory region 0x40098000 - 0x4009a000
D (1793) memory_layout: Available memory region 0x4009a000 - 0x4009c000
D (1793) memory_layout: Available memory region 0x4009c000 - 0x4009e000
D (1793) memory_layout: Available memory region 0x4009e000 - 0x400a0000
I (1793) heap_init: Initializing. RAM available for dynamic allocation:
D (1793) heap_init: New heap initialised at 0x3ffae6e0
I (1794) heap_init: At 3FFAE6E0 len 00001920 (6 KiB): DRAM
D (1794) heap_init: New heap initialised at 0x3ffb50d8
I (1794) heap_init: At 3FFB50D8 len 0002AF28 (171 KiB): DRAM
I (1794) heap_init: At 3FFE0440 len 00003AE0 (14 KiB): D/IRAM
I (1794) heap_init: At 3FFE4350 len 0001BCB0 (111 KiB): D/IRAM
D (1794) heap_init: New heap initialised at 0x4008b2dc
I (1794) heap_init: At 4008B2DC len 00014D24 (83 KiB): IRAM
D (1795) cpu_start: calling init function: 0x400d3b50 on core: 0
D (1795) cpu_start: calling init function: 0x400d6b5c on core: 0
D (1796) cpu_start: calling init function: 0x400d4590 on core: 0
D (1797) intr_alloc: Connected src 46 to int 1 (cpu 0)
D (1797) cpu_start: calling init function: 0x400d45a0 on core: 0
D (1797) cpu_start: calling init function: 0x400d7e28 on core: 0
D (1797) cpu_start: calling init function: 0x400d9550 on core: 0
D (1798) cpu_start: calling init function: 0x400d353c on core: 0
D (1798) cpu_start: calling init function: 0x400d6b68 on core: 0
D (1798) cpu_start: calling init function: 0x400d3ee0 on core: 0
D (1806) spi_flash: trying chip: issi
D (1809) spi_flash: trying chip: gd
I (1814) spi_flash: detected chip: gd
I (1819) spi_flash: flash io: dio
W (1824) spi_flash: Detected size(4096k) larger than the size in the binary image header(2048k). Using the size in the binary image header.
D (1825) cpu_start: calling init function: 0x400d3748 on core: 0
D (1825) cpu_start: calling init function: 0x400ddabc on core: 0
D (1826) intr_alloc: Connected src 17 to int 2 (cpu 0)
D (1827) cpu_start: calling init function: 0x4011e094 on core: 0
D (1827) cpu_start: calling init function: 0x4010191c on core: 0
D (1827) cpu_start: calling init function: 0x400d45ac on core: 0
D (1829) intr_alloc: Connected src 24 to int 3 (cpu 0)
D (1829) app_start: Starting scheduler on CPU0
D (1831) intr_alloc: Connected src 25 to int 1 (cpu 1)
D (1831) app_start: Starting scheduler on CPU1
I (1831) main_task: Started on CPU0
D (1831) heap_init: New heap initialised at 0x3ffe0440
D (1831) heap_init: New heap initialised at 0x3ffe4350
D (1831) intr_alloc: Connected src 16 to int 5 (cpu 0)
I (1831) main_task: Calling app_main()
I (1831) ch22lab: == ch22: tls/esp-tls/mbedtls over openeth ==
D (1831) esp_netif_lwip: LwIP stack has been initialized
D (1831) esp_netif_lwip: esp-netif has been successfully initialized
D (1831) event: running task for loop 0x3ffaffb8
D (1831) event: created task for loop 0x3ffaffb8
D (1831) event: created event loop 0x3ffaffb8
D (1831) esp_netif_objects: esp_netif_add_to_list_unsafe netif added successfully (total netifs: 1)
D (1831) intr_alloc: Connected src 38 to int 8 (cpu 0)
D (1831) opencores.emac: Using MAC address 52:54:00:12:34:56 set in QEMU
D (1831) eth_phy_802_3: Found PHY address: 1
D (1851) esp_eth: new ethernet driver @0x3ffbb074
I (1851) esp_eth.netif.netif_glue: 52:54:00:12:34:56
I (1851) esp_eth.netif.netif_glue: ethernet attached to netif
D (1951) event: running post ETH_EVENT:0 with handler 0x400d95b4 and context 0x3ffbb118 on loop 0x3ffaffb8
D (1951) event: running post ETH_EVENT:0 with handler 0x400dba18 and context 0x3ffbb1b0 on loop 0x3ffaffb8
D (1951) esp_eth.netif.netif_glue: eth_action_start: 0x3ffbb17c, 0x3f40500c, 0, 0x3ffbb280, 0x3ffbb074
D (1951) esp_netif_handlers: esp_netif action has started with netif0x3ffb9d34 from event_id=0
D (1951) esp_netif_lwip: Multicast add filter IPv4: 224.0.0.1
D (1951) esp_eth.netif.netif_glue: Add filter MAC: 01:00:5e:00:00:01
E (1951) esp_eth: esp_eth_ioctl(533): add mac address to filter not supported
E (1951) esp_eth.netif.netif_glue: eth_set_mac_filter(56): failed to add mac filter
E (1951) esp_netif_lwip: Failed to add multicast filter for IPv4
D (1951) event: running post ETH_EVENT:2 with handler 0x400d95b4 and context 0x3ffbb118 on loop 0x3ffaffb8
I (1951) ch22lab: ETH link up
D (1951) event: running post ETH_EVENT:2 with handler 0x400db988 and context 0x3ffbb210 on loop 0x3ffaffb8
D (1951) esp_eth.netif.netif_glue: eth_action_connected: 0x3ffbb17c, 0x3f40500c, 2, 0x3ffbb280, 0x3ffbb074
D (1951) esp_netif_handlers: esp_netif action connected with netif0x3ffb9d34 from event_id=2
D (1951) esp_netif_lwip: if0x3ffb9d34 start ip lost tmr: interval=120
D (1951) esp_netif_lwip: starting dhcp client
D (1951) event: no handlers have been registered for event IP_EVENT:9 posted to loop 0x3ffaffb8
I (1951) ch22lab: waiting for DHCP lease ...
D (2961) esp_netif_lwip: if0x3ffb9d34 ip changed=1
D (2961) event: running post IP_EVENT:4 with handler 0x400da550 and context 0x3ffbb15c on loop 0x3ffaffb8
I (2961) ch22lab: GOT_IP: 10.0.2.15
D (2961) event: running post IP_EVENT:4 with handler 0x400db918 and context 0x3ffbb260 on loop 0x3ffaffb8
D (2961) esp_eth.netif.netif_glue: eth_action_got_ip: 0x3ffbb17c, 0x3f40bf64, 4, 0x3ffbb3cc, 0x3ffb9d34
D (2961) esp_netif_handlers: esp_netif action got_ip with netif0x3ffb9d34 from event_id=4
I (2961) esp_netif_handlers: eth ip: 10.0.2.15, mask: 255.255.255.0, gw: 10.0.2.2

== ch22 lab start ==
[info] sizeof(mbedtls_ssl_context)=264 sizeof(mbedtls_ssl_config)=136
[srv-create] plain=1 tls=1
[mem-tick] t=    1169 ms phase=idle         free=224368
I (2961) main_task: Returned from app_main()
[srv-p] accepting
[srv-ready] plain=1 tls=1
[mem-tick] t=    1267 ms phase=idle         free=228372
[plain-conn] persistent OK
[mem] boot-baseline          free=226388 largest=110592 min-ever=224328

===== PHASE A/B [RSA] port=22443 =====
[mem-tick] t=    1364 ms phase=RSA-baseline free=226388
[mem-tick] t=    1464 ms phase=RSA-baseline free=226388
[mem-tick] t=    1564 ms phase=RSA-baseline free=227960
[mem] baseline               free=227960 largest=110592 min-ever=224328
W (3391) esp-tls-mbedtls: skip_common_name=true: hostname matching and SNI disabled. This disables ALL server-name authentication (CN/SAN/SNI), not just CN. Only intended for loopback / debug clients.
D (3391) esp-tls: handshake in progress...
I (3391) mbedtls: ssl_tls.c:4282 0x3ffc65b4: => handshake

I (3391) mbedtls: ssl_msg.c:2063 0x3ffc65b4: => flush output

I (3391) mbedtls: ssl_msg.c:2072 0x3ffc65b4: <= flush output

I (3391) mbedtls: ssl_tls.c:4201 0x3ffc65b4: client state: MBEDTLS_SSL_HELLO_REQUEST

D (3391) mbedtls: ssl_misc.h:1295 0x3ffc65b4: handshake state: 0 (MBEDTLS_SSL_HELLO_REQUEST) -> 1 (MBEDTLS_SSL_CLIENT_HELLO)

I (3391) mbedtls: ssl_msg.c:2063 0x3ffc65b4: => flush output

I (3391) mbedtls: ssl_msg.c:2072 0x3ffc65b4: <= flush output

I (3391) mbedtls: ssl_tls.c:4201 0x3ffc65b4: client state: MBEDTLS_SSL_CLIENT_HELLO

I (3391) mbedtls: ssl_client.c:917 0x3ffc65b4: => write client hello

D (3391) mbedtls: ssl_client.c:722 0x3ffc65b4: client hello, current time: 1

D (3391) mbedtls: ssl_client.c:485 0x3ffc65b4: dumping 'client hello, random bytes' (32 bytes)

D (3391) mbedtls: ssl_client.c:485 0x3ffc65b4: 0000:  00 00 00 01 60 84 cd b0 62 6a 16 e6 cb 8d e4 35  ....`...bj.....5

D (3391) mbedtls: ssl_client.c:485 0x3ffc65b4: 0010:  a0 34 43 e4 54 b2 31 80 c9 f8 3b f8 7c e4 ba 13  .4C.T.1...;.|...

D (3391) mbedtls: ssl_client.c:510 0x3ffc65b4: dumping 'session id' (0 bytes)

D (3391) mbedtls: ssl_client.c:368 0x3ffc65b4: client hello, add ciphersuite: c02c, TLS-ECDHE-ECDSA-WITH-AES-256-GCM-SHA384

D (3391) mbedtls: ssl_client.c:368 0x3ffc65b4: client hello, add ciphersuite: c030, TLS-ECDHE-RSA-WITH-AES-256-GCM-SHA384

D (3391) mbedtls: ssl_client.c:368 0x3ffc65b4: client hello, add ciphersuite: c0ad, TLS-ECDHE-ECDSA-WITH-AES-256-CCM

D (3391) mbedtls: ssl_client.c:368 0x3ffc65b4: client hello, add ciphersuite: c024, TLS-ECDHE-ECDSA-WITH-AES-256-CBC-SHA384

D (3391) mbedtls: ssl_client.c:368 0x3ffc65b4: client hello, add ciphersuite: c028, TLS-ECDHE-RSA-WITH-AES-256-CBC-SHA384

D (3401) mbedtls: ssl_client.c:368 0x3ffc65b4: client hello, add ciphersuite: c00a, TLS-ECDHE-ECDSA-WITH-AES-256-CBC-SHA

D (3401) mbedtls: ssl_client.c:368 0x3ffc65b4: client hello, add ciphersuite: c014, TLS-ECDHE-RSA-WITH-AES-256-CBC-SHA

D (3401) mbedtls: ssl_client.c:368 0x3ffc65b4: client hello, add ciphersuite: c0af, TLS-ECDHE-ECDSA-WITH-AES-256-CCM-8

D (3401) mbedtls: ssl_client.c:368 0x3ffc65b4: client hello, add ciphersuite: c02b, TLS-ECDHE-ECDSA-WITH-AES-128-GCM-SHA256

D (3401) mbedtls: ssl_client.c:368 0x3ffc65b4: client hello, add ciphersuite: c02f, TLS-ECDHE-RSA-WITH-AES-128-GCM-SHA256

D (3401) mbedtls: ssl_client.c:368 0x3ffc65b4: client hello, add ciphersuite: c0ac, TLS-ECDHE-ECDSA-WITH-AES-128-CCM

D (3401) mbedtls: ssl_client.c:368 0x3ffc65b4: client hello, add ciphersuite: c023, TLS-ECDHE-ECDSA-WITH-AES-128-CBC-SHA256

D (3401) mbedtls: ssl_client.c:368 0x3ffc65b4: client hello, add ciphersuite: c027, TLS-ECDHE-RSA-WITH-AES-128-CBC-SHA256

D (3401) mbedtls: ssl_client.c:368 0x3ffc65b4: client hello, add ciphersuite: c009, TLS-ECDHE-ECDSA-WITH-AES-128-CBC-SHA

D (3401) mbedtls: ssl_client.c:368 0x3ffc65b4: client hello, add ciphersuite: c013, TLS-ECDHE-RSA-WITH-AES-128-CBC-SHA

D (3401) mbedtls: ssl_client.c:368 0x3ffc65b4: client hello, add ciphersuite: c0ae, TLS-ECDHE-ECDSA-WITH-AES-128-CCM-8

D (3401) mbedtls: ssl_client.c:386 0x3ffc65b4: adding EMPTY_RENEGOTIATION_INFO_SCSV

D (3401) mbedtls: ssl_client.c:395 0x3ffc65b4: client hello, got 17 cipher suites

D (3401) mbedtls: ssl_client.c:229 0x3ffc65b4: client hello, adding supported_groups extension

D (3401) mbedtls: ssl_client.c:248 0x3ffc65b4: got supported group(001d)

D (3401) mbedtls: ssl_client.c:280 0x3ffc65b4: NamedGroup: x25519 ( 1d )

D (3401) mbedtls: ssl_client.c:248 0x3ffc65b4: got supported group(0017)

D (3401) mbedtls: ssl_client.c:280 0x3ffc65b4: NamedGroup: secp256r1 ( 17 )

D (3401) mbedtls: ssl_client.c:248 0x3ffc65b4: got supported group(0018)

D (3401) mbedtls: ssl_client.c:280 0x3ffc65b4: NamedGroup: secp384r1 ( 18 )

D (3401) mbedtls: ssl_client.c:248 0x3ffc65b4: got supported group(001e)

D (3401) mbedtls: ssl_client.c:280 0x3ffc65b4: NamedGroup: x448 ( 1e )

D (3401) mbedtls: ssl_client.c:248 0x3ffc65b4: got supported group(0019)

D (3401) mbedtls: ssl_client.c:280 0x3ffc65b4: NamedGroup: secp521r1 ( 19 )

D (3401) mbedtls: ssl_client.c:248 0x3ffc65b4: got supported group(001a)

D (3401) mbedtls: ssl_client.c:280 0x3ffc65b4: NamedGroup: bp256r1 ( 1a )

D (3401) mbedtls: ssl_client.c:248 0x3ffc65b4: got supported group(001b)

D (3401) mbedtls: ssl_client.c:280 0x3ffc65b4: NamedGroup: bp384r1 ( 1b )

D (3401) mbedtls: ssl_client.c:248 0x3ffc65b4: got supported group(001c)

D (3401) mbedtls: ssl_client.c:280 0x3ffc65b4: NamedGroup: bp512r1 ( 1c )

D (3401) mbedtls: ssl_client.c:248 0x3ffc65b4: got supported group(0100)

D (3401) mbedtls: ssl_client.c:248 0x3ffc65b4: got supported group(0101)

D (3401) mbedtls: ssl_client.c:248 0x3ffc65b4: got supported group(0102)

D (3401) mbedtls: ssl_client.c:248 0x3ffc65b4: got supported group(0103)

D (3401) mbedtls: ssl_client.c:248 0x3ffc65b4: got supported group(0104)

D (3401) mbedtls: ssl_client.c:300 0x3ffc65b4: dumping 'Supported groups extension' (18 bytes)

D (3401) mbedtls: ssl_client.c:300 0x3ffc65b4: 0000:  00 10 00 1d 00 17 00 18 00 1e 00 19 00 1a 00 1b  ................

D (3401) mbedtls: ssl_client.c:300 0x3ffc65b4: 0010:  00 1c                                            ..

D (3401) mbedtls: ssl_tls.c:8276 0x3ffc65b4: adding signature_algorithms extension

D (3401) mbedtls: ssl_tls.c:8296 0x3ffc65b4: got signature scheme [603] ecdsa_secp521r1_sha512

D (3401) mbedtls: ssl_tls.c:8305 0x3ffc65b4: sent signature scheme [603] ecdsa_secp521r1_sha512

D (3401) mbedtls: ssl_tls.c:8296 0x3ffc65b4: got signature scheme [806] rsa_pss_rsae_sha512

D (3401) mbedtls: ssl_tls.c:8296 0x3ffc65b4: got signature scheme [601] rsa_pkcs1_sha512

D (3401) mbedtls: ssl_tls.c:8305 0x3ffc65b4: sent signature scheme [601] rsa_pkcs1_sha512

D (3401) mbedtls: ssl_tls.c:8296 0x3ffc65b4: got signature scheme [503] ecdsa_secp384r1_sha384

D (3401) mbedtls: ssl_tls.c:8305 0x3ffc65b4: sent signature scheme [503] ecdsa_secp384r1_sha384

D (3411) mbedtls: ssl_tls.c:8296 0x3ffc65b4: got signature scheme [805] rsa_pss_rsae_sha384

D (3411) mbedtls: ssl_tls.c:8296 0x3ffc65b4: got signature scheme [501] rsa_pkcs1_sha384

D (3411) mbedtls: ssl_tls.c:8305 0x3ffc65b4: sent signature scheme [501] rsa_pkcs1_sha384

D (3411) mbedtls: ssl_tls.c:8296 0x3ffc65b4: got signature scheme [403] ecdsa_secp256r1_sha256

D (3411) mbedtls: ssl_tls.c:8305 0x3ffc65b4: sent signature scheme [403] ecdsa_secp256r1_sha256

D (3411) mbedtls: ssl_tls.c:8296 0x3ffc65b4: got signature scheme [804] rsa_pss_rsae_sha256

D (3411) mbedtls: ssl_tls.c:8296 0x3ffc65b4: got signature scheme [401] rsa_pkcs1_sha256

D (3411) mbedtls: ssl_tls.c:8305 0x3ffc65b4: sent signature scheme [401] rsa_pkcs1_sha256

D (3411) mbedtls: ssl_tls12_client.c:103 0x3ffc65b4: client hello, adding supported_point_formats extension

D (3411) mbedtls: ssl_tls12_client.c:287 0x3ffc65b4: client hello, adding encrypt_then_mac extension

D (3411) mbedtls: ssl_tls12_client.c:319 0x3ffc65b4: client hello, adding extended_master_secret extension

D (3411) mbedtls: ssl_tls12_client.c:352 0x3ffc65b4: client hello, adding session ticket extension

D (3411) mbedtls: ssl_client.c:687 0x3ffc65b4: client hello, total extension length: 58

D (3411) mbedtls: ssl_client.c:689 0x3ffc65b4: dumping 'client hello extensions' (58 bytes)

D (3411) mbedtls: ssl_client.c:689 0x3ffc65b4: 0000:  00 3a 00 0a 00 12 00 10 00 1d 00 17 00 18 00 1e  .:..............

D (3411) mbedtls: ssl_client.c:689 0x3ffc65b4: 0010:  00 19 00 1a 00 1b 00 1c 00 0d 00 0e 00 0c 06 03  ................

D (3411) mbedtls: ssl_client.c:689 0x3ffc65b4: 0020:  06 01 05 03 05 01 04 03 04 01 00 0b 00 02 01 00  ................

D (3411) mbedtls: ssl_client.c:689 0x3ffc65b4: 0030:  00 16 00 00 00 17 00 00 00 23                    .........#

I (3411) mbedtls: ssl_msg.c:2494 0x3ffc65b4: => write handshake message

I (3411) mbedtls: ssl_msg.c:2654 0x3ffc65b4: => write record

D (3411) mbedtls: ssl_msg.c:2737 0x3ffc65b4: output record: msgtype = 22, version = [3:3], msglen = 137

I (3411) mbedtls: ssl_msg.c:2790 0x3ffc65b4: <= write record

I (3411) mbedtls: ssl_msg.c:2615 0x3ffc65b4: <= write handshake message

D (3411) mbedtls: ssl_misc.h:1295 0x3ffc65b4: handshake state: 1 (MBEDTLS_SSL_CLIENT_HELLO) -> 2 (MBEDTLS_SSL_SERVER_HELLO)

I (3411) mbedtls: ssl_client.c:1010 0x3ffc65b4: <= write client hello

I (3411) mbedtls: ssl_msg.c:2063 0x3ffc65b4: => flush output

I (3411) mbedtls: ssl_msg.c:2077 0x3ffc65b4: message length: 142, out_left: 142

I (3411) mbedtls: ssl_msg.c:2084 0x3ffc65b4: ssl->f_send() returned 142 (-0xffffff72)

I (3421) mbedtls: ssl_msg.c:2111 0x3ffc65b4: <= flush output

I (3421) mbedtls: ssl_tls.c:4201 0x3ffc65b4: client state: MBEDTLS_SSL_SERVER_HELLO

I (3421) mbedtls: ssl_tls12_client.c:1151 0x3ffc65b4: => parse server hello

I (3421) mbedtls: ssl_msg.c:4040 0x3ffc65b4: => read record

I (3421) mbedtls: ssl_msg.c:1865 0x3ffc65b4: => fetch input

I (3421) mbedtls: ssl_msg.c:2005 0x3ffc65b4: in_left: 0, nb_want: 5

I (3421) mbedtls: ssl_msg.c:2025 0x3ffc65b4: in_left: 0, nb_want: 5

I (3421) mbedtls: ssl_msg.c:2028 0x3ffc65b4: ssl->f_recv(_timeout)() returned 5 (-0xfffffffb)

I (3421) mbedtls: ssl_msg.c:2050 0x3ffc65b4: <= fetch input

D (3421) mbedtls: ssl_msg.c:3707 0x3ffc65b4: input record: msgtype = 22, version = [0x303], msglen = 65

I (3421) mbedtls: ssl_msg.c:1865 0x3ffc65b4: => fetch input

I (3421) mbedtls: ssl_msg.c:2005 0x3ffc65b4: in_left: 5, nb_want: 70

I (3421) mbedtls: ssl_msg.c:2025 0x3ffc65b4: in_left: 5, nb_want: 70

I (3421) mbedtls: ssl_msg.c:2028 0x3ffc65b4: ssl->f_recv(_timeout)() returned 65 (-0xffffffbf)

I (3421) mbedtls: ssl_msg.c:2050 0x3ffc65b4: <= fetch input

D (3421) mbedtls: ssl_msg.c:2948 0x3ffc65b4: handshake message: msglen = 65, type = 2, hslen = 65

D (3421) mbedtls: ssl_msg.c:3085 0x3ffc65b4: sole handshake fragment: 65, 0..65 of 65

I (3421) mbedtls: ssl_msg.c:4112 0x3ffc65b4: <= read record

D (3421) mbedtls: ssl_tls12_client.c:1225 0x3ffc65b4: dumping 'server hello, version' (2 bytes)

D (3421) mbedtls: ssl_tls12_client.c:1225 0x3ffc65b4: 0000:  03 03                                            ..

D (3421) mbedtls: ssl_tls12_client.c:1246 0x3ffc65b4: server hello, current time: 1774701231

D (3421) mbedtls: ssl_tls12_client.c:1256 0x3ffc65b4: dumping 'server hello, random bytes' (32 bytes)

D (3421) mbedtls: ssl_tls12_client.c:1256 0x3ffc65b4: 0000:  69 c7 ca af 79 76 9b 98 fc 03 f2 3d 54 7e 87 3c  i...yv.....=T~.<

D (3421) mbedtls: ssl_tls12_client.c:1256 0x3ffc65b4: 0010:  a8 32 f7 cb be 48 af 13 f5 10 38 9b 2e b9 5c 3b  .2...H....8...\;

D (3421) mbedtls: ssl_tls12_client.c:1318 0x3ffc65b4: server hello, session id len.: 0

D (3421) mbedtls: ssl_tls12_client.c:1319 0x3ffc65b4: dumping 'server hello, session id' (0 bytes)

D (3421) mbedtls: ssl_misc.h:1295 0x3ffc65b4: handshake state: 2 (MBEDTLS_SSL_SERVER_HELLO) -> 3 (MBEDTLS_SSL_SERVER_CERTIFICATE)

D (3421) mbedtls: ssl_tls12_client.c:1343 0x3ffc65b4: no session has been resumed

D (3421) mbedtls: ssl_tls12_client.c:1346 0x3ffc65b4: server hello, chosen ciphersuite: c030

D (3421) mbedtls: ssl_tls12_client.c:1347 0x3ffc65b4: server hello, compress alg.: 0

D (3421) mbedtls: ssl_tls12_client.c:1382 0x3ffc65b4: server hello, chosen ciphersuite: TLS-ECDHE-RSA-WITH-AES-256-GCM-SHA384

I (3421) mbedtls: ssl_tls12_client.c:1403 0x3ffc65b4: server hello, total extension length: 21

D (3421) mbedtls: ssl_tls12_client.c:1421 0x3ffc65b4: found renegotiation extension

D (3421) mbedtls: ssl_tls12_client.c:1500 0x3ffc65b4: found supported_point_formats extension

D (3421) mbedtls: ssl_tls12_client.c:1486 0x3ffc65b4: found session_ticket extension

D (3421) mbedtls: ssl_tls12_client.c:1473 0x3ffc65b4: found extended_master_secret extension

I (3431) mbedtls: ssl_tls12_client.c:1617 0x3ffc65b4: <= parse server hello

I (3431) mbedtls: ssl_msg.c:2063 0x3ffc65b4: => flush output

I (3431) mbedtls: ssl_msg.c:2072 0x3ffc65b4: <= flush output

I (3431) mbedtls: ssl_tls.c:4201 0x3ffc65b4: client state: MBEDTLS_SSL_SERVER_CERTIFICATE

I (3431) mbedtls: ssl_tls.c:7077 0x3ffc65b4: => parse certificate

I (3431) mbedtls: ssl_msg.c:4040 0x3ffc65b4: => read record

I (3431) mbedtls: ssl_msg.c:1865 0x3ffc65b4: => fetch input

I (3431) mbedtls: ssl_msg.c:2005 0x3ffc65b4: in_left: 0, nb_want: 5

I (3431) mbedtls: ssl_msg.c:2025 0x3ffc65b4: in_left: 0, nb_want: 5

I (3431) mbedtls: ssl_msg.c:2028 0x3ffc65b4: ssl->f_recv(_timeout)() returned 5 (-0xfffffffb)

I (3431) mbedtls: ssl_msg.c:2050 0x3ffc65b4: <= fetch input

D (3431) mbedtls: ssl_msg.c:3707 0x3ffc65b4: input record: msgtype = 22, version = [0x303], msglen = 791

I (3431) mbedtls: ssl_msg.c:1865 0x3ffc65b4: => fetch input

I (3431) mbedtls: ssl_msg.c:2005 0x3ffc65b4: in_left: 5, nb_want: 796

I (3431) mbedtls: ssl_msg.c:2025 0x3ffc65b4: in_left: 5, nb_want: 796

I (3431) mbedtls: ssl_msg.c:2028 0x3ffc65b4: ssl->f_recv(_timeout)() returned 791 (-0xfffffce9)

I (3431) mbedtls: ssl_msg.c:2050 0x3ffc65b4: <= fetch input

D (3431) mbedtls: ssl_msg.c:2948 0x3ffc65b4: handshake message: msglen = 791, type = 11, hslen = 791

D (3431) mbedtls: ssl_msg.c:3085 0x3ffc65b4: sole handshake fragment: 791, 0..791 of 791

I (3431) mbedtls: ssl_msg.c:4112 0x3ffc65b4: <= read record

D (3431) mbedtls: ssl_tls.c:6952 0x3ffc65b4: peer certificate #1:

D (3441) mbedtls: ssl_tls.c:6952 0x3ffc65b4: cert. version     : 3

D (3441) mbedtls: ssl_tls.c:6952 0x3ffc65b4: serial number     : 77:66:A5:9D:AF:14:9E:F2:03:F7:3C:2B:1A:5C:81:86:F8:A3:4E:52

D (3441) mbedtls: ssl_tls.c:6952 0x3ffc65b4: issuer name       : CN=localhost

D (3441) mbedtls: ssl_tls.c:6952 0x3ffc65b4: subject name      : CN=localhost

D (3441) mbedtls: ssl_tls.c:6952 0x3ffc65b4: issued  on        : 2026-08-26 20:20:30

D (3441) mbedtls: ssl_tls.c:6952 0x3ffc65b4: expires on        : 2026-09-25 20:20:30

D (3441) mbedtls: ssl_tls.c:6952 0x3ffc65b4: signed using      : RSA with SHA-256

D (3441) mbedtls: ssl_tls.c:6952 0x3ffc65b4: RSA key size      : 2048 bits

D (3441) mbedtls: ssl_tls.c:6952 0x3ffc65b4: basic constraints : CA=true

D (3441) mbedtls: ssl_tls.c:6952 0x3ffc65b4: dumping 'crt->PK' (270 bytes)

D (3441) mbedtls: ssl_tls.c:6952 0x3ffc65b4: 0000:  30 82 01 0a 02 82 01 01 00 dd 03 19 3e 8f 4a 05

D (3441) mbedtls: ssl_tls.c:6952 0x3ffc65b4: 0010:  9c d6 74 e1 46 bc 40 7a 7e af 78 09 38 f6 d0 1c

D (3441) mbedtls: ssl_tls.c:6952 0x3ffc65b4: 0020:  9d e4 2b 18 4c a1 87 f6 83 55 82 2d e0 21 fb b2

D (3441) mbedtls: ssl_tls.c:6952 0x3ffc65b4: 0030:  00 2f 9b 98 36 24 73 47 a2 11 bb 50 05 1c 9e 40

D (3441) mbedtls: ssl_tls.c:6952 0x3ffc65b4: 0040:  41 c9 de 81 7e a1 eb 82 48 35 d0 51 24 0d 22 bd

D (3441) mbedtls: ssl_tls.c:6952 0x3ffc65b4: 0050:  7e c7 0b 60 74 e2 60 3e 76 de c1 3d b5 9f e9 d2

D (3441) mbedtls: ssl_tls.c:6952 0x3ffc65b4: 0060:  ac 90 d3 84 2a 75 7c 41 8a 11 14 c8 bc 09 7b 9d

D (3441) mbedtls: ssl_tls.c:6952 0x3ffc65b4: 0070:  45 54 95 c1 50 05 be f1 34 c0 05 55 f5 a2 b3 a8

D (3441) mbedtls: ssl_tls.c:6952 0x3ffc65b4: 0080:  24 f6 ab 22 df 72 97 ef b5 8f e4 fe 49 be 4f c1

D (3441) mbedtls: ssl_tls.c:6952 0x3ffc65b4: 0090:  08 e0 39 7a cd ba 74 2e d1 20 74 ad 6b 59 ab 86

D (3441) mbedtls: ssl_tls.c:6952 0x3ffc65b4: 00a0:  5d 29 ab 81 f0 c1 22 3f 01 b9 0b a1 fb ee 70 9f

D (3441) mbedtls: ssl_tls.c:6952 0x3ffc65b4: 00b0:  eb 29 5e 9f 1d 6a 0d dc 65 fd 5e 5d 38 0c 1a c3

D (3441) mbedtls: ssl_tls.c:6952 0x3ffc65b4: 00c0:  ae b7 b7 2f 66 23 82 80 ab 7d 69 7c 8f 95 ab e8

D (3441) mbedtls: ssl_tls.c:6952 0x3ffc65b4: 00d0:  c0 4d 21 42 7d 78 c8 25 8b 60 f6 0d 87 c9 f4 df

D (3441) mbedtls: ssl_tls.c:6952 0x3ffc65b4: 00e0:  36 bf 16 7c 59 16 d1 09 ec 17 67 cf 5d 9f 8f 78

D (3441) mbedtls: ssl_tls.c:6952 0x3ffc65b4: 00f0:  8c 3d d0 02 18 d5 bc a7 19 f4 51 fe 1d b3 20 40

D (3441) mbedtls: ssl_tls.c:6952 0x3ffc65b4: 0100:  67 7e 3a cc 30 f3 8d a0 ef 02 03 01 00 01      

I (3441) mbedtls: ssl_tls.c:7191 0x3ffc65b4: <= parse certificate

D (3441) mbedtls: ssl_misc.h:1295 0x3ffc65b4: handshake state: 3 (MBEDTLS_SSL_SERVER_CERTIFICATE) -> 4 (MBEDTLS_SSL_SERVER_KEY_EXCHANGE)

I (3441) mbedtls: ssl_msg.c:2063 0x3ffc65b4: => flush output

I (3441) mbedtls: ssl_msg.c:2072 0x3ffc65b4: <= flush output

I (3441) mbedtls: ssl_tls.c:4201 0x3ffc65b4: client state: MBEDTLS_SSL_SERVER_KEY_EXCHANGE

I (3441) mbedtls: ssl_tls12_client.c:1831 0x3ffc65b4: => parse server key exchange

I (3441) mbedtls: ssl_msg.c:4040 0x3ffc65b4: => read record

I (3441) mbedtls: ssl_msg.c:1865 0x3ffc65b4: => fetch input

I (3441) mbedtls: ssl_msg.c:2005 0x3ffc65b4: in_left: 0, nb_want: 5

I (3441) mbedtls: ssl_msg.c:2025 0x3ffc65b4: in_left: 0, nb_want: 5

I (3441) mbedtls: ssl_msg.c:2028 0x3ffc65b4: ssl->f_recv(_timeout)() returned 5 (-0xfffffffb)

I (3441) mbedtls: ssl_msg.c:2050 0x3ffc65b4: <= fetch input

D (3441) mbedtls: ssl_msg.c:3707 0x3ffc65b4: input record: msgtype = 22, version = [0x303], msglen = 300

I (3441) mbedtls: ssl_msg.c:1865 0x3ffc65b4: => fetch input

I (3441) mbedtls: ssl_msg.c:2005 0x3ffc65b4: in_left: 5, nb_want: 305

I (3451) mbedtls: ssl_msg.c:2025 0x3ffc65b4: in_left: 5, nb_want: 305

I (3451) mbedtls: ssl_msg.c:2028 0x3ffc65b4: ssl->f_recv(_timeout)() returned 300 (-0xfffffed4)

I (3451) mbedtls: ssl_msg.c:2050 0x3ffc65b4: <= fetch input

D (3451) mbedtls: ssl_msg.c:2948 0x3ffc65b4: handshake message: msglen = 300, type = 12, hslen = 300

D (3451) mbedtls: ssl_msg.c:3085 0x3ffc65b4: sole handshake fragment: 300, 0..300 of 300

I (3451) mbedtls: ssl_msg.c:4112 0x3ffc65b4: <= read record

D (3451) mbedtls: ssl_tls12_client.c:1885 0x3ffc65b4: dumping 'server key exchange' (296 bytes)

D (3451) mbedtls: ssl_tls12_client.c:1885 0x3ffc65b4: 0000:  03 00 1d 20 3e 5e 19 08 9b be 3a f4 29 67 d2 01  ... >^....:.)g..

D (3451) mbedtls: ssl_tls12_client.c:1885 0x3ffc65b4: 0010:  a0 7b b1 3a 2f b0 48 5c e5 86 e5 95 75 0c 2b 91  .{.:/.H\....u.+.

D (3451) mbedtls: ssl_tls12_client.c:1885 0x3ffc65b4: 0020:  b8 18 36 19 06 01 01 00 5e a6 b2 ae 7c 32 e5 3e  ..6.....^...|2.>

D (3451) mbedtls: ssl_tls12_client.c:1885 0x3ffc65b4: 0030:  98 fb 21 95 78 b6 80 c6 8f 94 1a 00 b5 f9 a8 74  ..!.x..........t

D (3451) mbedtls: ssl_tls12_client.c:1885 0x3ffc65b4: 0040:  00 0f 90 c4 7e e4 45 1e 05 3b e6 6a 32 88 a9 e0  ....~.E..;.j2...

D (3451) mbedtls: ssl_tls12_client.c:1885 0x3ffc65b4: 0050:  0d bf 56 1d 2a 0a 00 b7 fc 13 2f 2b 96 86 c8 9c  ..V.*...../+....

D (3451) mbedtls: ssl_tls12_client.c:1885 0x3ffc65b4: 0060:  3d ce a7 b8 6c 78 4c 97 c6 6e 81 f4 98 e7 78 a9  =...lxL..n....x.

D (3451) mbedtls: ssl_tls12_client.c:1885 0x3ffc65b4: 0070:  81 e4 98 dc 8c d9 ef e7 05 c5 0b 90 e9 a8 fc bf  ................

D (3451) mbedtls: ssl_tls12_client.c:1885 0x3ffc65b4: 0080:  e0 24 33 a9 0c eb 1f a8 69 78 3b bf b3 b4 24 71  .$3.....ix;...$q

D (3451) mbedtls: ssl_tls12_client.c:1885 0x3ffc65b4: 0090:  fb 0a dd af bc 49 3c e5 97 4a 07 06 a0 b2 20 67  .....I<..J.... g

D (3451) mbedtls: ssl_tls12_client.c:1885 0x3ffc65b4: 00a0:  d3 46 38 ce 6d 95 31 81 23 64 2c 82 ff 63 0c d9  .F8.m.1.#d,..c..

D (3451) mbedtls: ssl_tls12_client.c:1885 0x3ffc65b4: 00b0:  e7 95 00 37 eb 5e 9a d1 6e 94 79 c5 77 6c ae 44  ...7.^..n.y.wl.D

D (3451) mbedtls: ssl_tls12_client.c:1885 0x3ffc65b4: 00c0:  34 fc 10 4a 89 b3 7e 58 ca c0 9b 76 ff 2d 41 a4  4..J..~X...v.-A.

D (3451) mbedtls: ssl_tls12_client.c:1885 0x3ffc65b4: 00d0:  4d b9 e0 f3 03 56 ba d8 6d 57 7b e8 dc 12 8a 61  M....V..mW{....a

D (3451) mbedtls: ssl_tls12_client.c:1885 0x3ffc65b4: 00e0:  e5 db 5d 22 95 f4 38 74 42 ca e6 af 65 00 99 82  ..]"..8tB...e...

D (3451) mbedtls: ssl_tls12_client.c:1885 0x3ffc65b4: 00f0:  71 22 76 ee 24 d9 15 9d 29 3f 10 9f 6c 70 01 7f  q"v.$...)?..lp..

D (3451) mbedtls: ssl_tls12_client.c:1885 0x3ffc65b4: 0100:  2b b7 4b bd f1 de ac c6 dd 19 6b 41 14 6c d4 d2  +.K.......kA.l..

D (3451) mbedtls: ssl_tls12_client.c:1885 0x3ffc65b4: 0110:  bb 67 39 fa 5d 3c 7f 4a f8 5b 8b 8f 1e d7 d3 5c  .g9.]<.J.[.....\

D (3451) mbedtls: ssl_tls12_client.c:1885 0x3ffc65b4: 0120:  e3 c1 c1 f7 e8 56 b8 51                          .....V.Q

I (3451) mbedtls: ssl_tls12_client.c:1815 0x3ffc65b4: Server used the signature algorithm rsa_pkcs1_sha512

D (3451) mbedtls: ssl_tls12_client.c:2047 0x3ffc65b4: dumping 'signature' (256 bytes)

D (3451) mbedtls: ssl_tls12_client.c:2047 0x3ffc65b4: 0000:  5e a6 b2 ae 7c 32 e5 3e 98 fb 21 95 78 b6 80 c6  ^...|2.>..!.x...

D (3451) mbedtls: ssl_tls12_client.c:2047 0x3ffc65b4: 0010:  8f 94 1a 00 b5 f9 a8 74 00 0f 90 c4 7e e4 45 1e  .......t....~.E.

D (3451) mbedtls: ssl_tls12_client.c:2047 0x3ffc65b4: 0020:  05 3b e6 6a 32 88 a9 e0 0d bf 56 1d 2a 0a 00 b7  .;.j2.....V.*...

D (3451) mbedtls: ssl_tls12_client.c:2047 0x3ffc65b4: 0030:  fc 13 2f 2b 96 86 c8 9c 3d ce a7 b8 6c 78 4c 97  ../+....=...lxL.

D (3451) mbedtls: ssl_tls12_client.c:2047 0x3ffc65b4: 0040:  c6 6e 81 f4 98 e7 78 a9 81 e4 98 dc 8c d9 ef e7  .n....x.........

[mem-tick] t=    1664 ms phase=handshake    free=197088
D (3461) mbedtls: ssl_tls12_client.c:2047 0x3ffc65b4: 0050:  05 c5 0b 90 e9 a8 fc bf e0 24 33 a9 0c eb 1f a8  .........$3.....

D (3461) mbedtls: ssl_tls12_client.c:2047 0x3ffc65b4: 0060:  69 78 3b bf b3 b4 24 71 fb 0a dd af bc 49 3c e5  ix;...$q.....I<.

D (3461) mbedtls: ssl_tls12_client.c:2047 0x3ffc65b4: 0070:  97 4a 07 06 a0 b2 20 67 d3 46 38 ce 6d 95 31 81  .J.... g.F8.m.1.

D (3461) mbedtls: ssl_tls12_client.c:2047 0x3ffc65b4: 0080:  23 64 2c 82 ff 63 0c d9 e7 95 00 37 eb 5e 9a d1  #d,..c.....7.^..

D (3461) mbedtls: ssl_tls12_client.c:2047 0x3ffc65b4: 0090:  6e 94 79 c5 77 6c ae 44 34 fc 10 4a 89 b3 7e 58  n.y.wl.D4..J..~X

D (3461) mbedtls: ssl_tls12_client.c:2047 0x3ffc65b4: 00a0:  ca c0 9b 76 ff 2d 41 a4 4d b9 e0 f3 03 56 ba d8  ...v.-A.M....V..

D (3461) mbedtls: ssl_tls12_client.c:2047 0x3ffc65b4: 00b0:  6d 57 7b e8 dc 12 8a 61 e5 db 5d 22 95 f4 38 74  mW{....a..]"..8t

D (3461) mbedtls: ssl_tls12_client.c:2047 0x3ffc65b4: 00c0:  42 ca e6 af 65 00 99 82 71 22 76 ee 24 d9 15 9d  B...e...q"v.$...

D (3461) mbedtls: ssl_tls12_client.c:2047 0x3ffc65b4: 00d0:  29 3f 10 9f 6c 70 01 7f 2b b7 4b bd f1 de ac c6  )?..lp..+.K.....

D (3461) mbedtls: ssl_tls12_client.c:2047 0x3ffc65b4: 00e0:  dd 19 6b 41 14 6c d4 d2 bb 67 39 fa 5d 3c 7f 4a  ..kA.l...g9.]<.J

D (3461) mbedtls: ssl_tls12_client.c:2047 0x3ffc65b4: 00f0:  f8 5b 8b 8f 1e d7 d3 5c e3 c1 c1 f7 e8 56 b8 51  .[.....\.....V.Q

D (3471) mbedtls: ssl_tls.c:8082 0x3ffc65b4: Perform PSA-based computation of digest of ServerKeyExchange

D (3471) mbedtls: ssl_tls12_client.c:2064 0x3ffc65b4: dumping 'parameters hash' (64 bytes)

D (3471) mbedtls: ssl_tls12_client.c:2064 0x3ffc65b4: 0000:  a5 5c 35 2a 33 b7 7e fb b7 4a 68 c7 59 cb be 2d  .\5*3.~..Jh.Y..-

D (3471) mbedtls: ssl_tls12_client.c:2064 0x3ffc65b4: 0010:  b5 e7 96 95 d5 d7 be b6 0b 0c 4c 11 4e be 20 30  ..........L.N. 0

D (3471) mbedtls: ssl_tls12_client.c:2064 0x3ffc65b4: 0020:  16 bc 65 a2 c2 52 41 a2 08 20 87 86 a8 62 c6 11  ..e..RA.. ...b..

D (3471) mbedtls: ssl_tls12_client.c:2064 0x3ffc65b4: 0030:  e2 e4 b5 a2 66 19 d0 0e f1 c1 4e 65 71 b5 07 96  ....f.....Neq...

D (3511) mbedtls: ssl_misc.h:1295 0x3ffc65b4: handshake state: 4 (MBEDTLS_SSL_SERVER_KEY_EXCHANGE) -> 5 (MBEDTLS_SSL_CERTIFICATE_REQUEST)

I (3511) mbedtls: ssl_tls12_client.c:2118 0x3ffc65b4: <= parse server key exchange

I (3511) mbedtls: ssl_msg.c:2063 0x3ffc65b4: => flush output

I (3511) mbedtls: ssl_msg.c:2072 0x3ffc65b4: <= flush output

I (3511) mbedtls: ssl_tls.c:4201 0x3ffc65b4: client state: MBEDTLS_SSL_CERTIFICATE_REQUEST

I (3511) mbedtls: ssl_tls12_client.c:2157 0x3ffc65b4: => parse certificate request

I (3511) mbedtls: ssl_msg.c:4040 0x3ffc65b4: => read record

I (3521) mbedtls: ssl_msg.c:1865 0x3ffc65b4: => fetch input

I (3521) mbedtls: ssl_msg.c:2005 0x3ffc65b4: in_left: 0, nb_want: 5

I (3521) mbedtls: ssl_msg.c:2025 0x3ffc65b4: in_left: 0, nb_want: 5

I (3521) mbedtls: ssl_msg.c:2028 0x3ffc65b4: ssl->f_recv(_timeout)() returned 5 (-0xfffffffb)

I (3521) mbedtls: ssl_msg.c:2050 0x3ffc65b4: <= fetch input

D (3521) mbedtls: ssl_msg.c:3707 0x3ffc65b4: input record: msgtype = 22, version = [0x303], msglen = 4

I (3521) mbedtls: ssl_msg.c:1865 0x3ffc65b4: => fetch input

I (3521) mbedtls: ssl_msg.c:2005 0x3ffc65b4: in_left: 5, nb_want: 9

I (3521) mbedtls: ssl_msg.c:2025 0x3ffc65b4: in_left: 5, nb_want: 9

I (3521) mbedtls: ssl_msg.c:2028 0x3ffc65b4: ssl->f_recv(_timeout)() returned 4 (-0xfffffffc)

I (3521) mbedtls: ssl_msg.c:2050 0x3ffc65b4: <= fetch input

D (3521) mbedtls: ssl_msg.c:2948 0x3ffc65b4: handshake message: msglen = 4, type = 14, hslen = 4

D (3521) mbedtls: ssl_msg.c:3085 0x3ffc65b4: sole handshake fragment: 4, 0..4 of 4

I (3521) mbedtls: ssl_msg.c:4112 0x3ffc65b4: <= read record

D (3531) mbedtls: ssl_misc.h:1295 0x3ffc65b4: handshake state: 5 (MBEDTLS_SSL_CERTIFICATE_REQUEST) -> 6 (MBEDTLS_SSL_SERVER_HELLO_DONE)

D (3531) mbedtls: ssl_tls12_client.c:2183 0x3ffc65b4: got no certificate request

I (3531) mbedtls: ssl_tls12_client.c:2319 0x3ffc65b4: <= parse certificate request

I (3531) mbedtls: ssl_msg.c:2063 0x3ffc65b4: => flush output

I (3531) mbedtls: ssl_msg.c:2072 0x3ffc65b4: <= flush output

I (3531) mbedtls: ssl_tls.c:4201 0x3ffc65b4: client state: MBEDTLS_SSL_SERVER_HELLO_DONE

I (3531) mbedtls: ssl_tls12_client.c:2330 0x3ffc65b4: => parse server hello done

I (3531) mbedtls: ssl_msg.c:4040 0x3ffc65b4: => read record

I (3531) mbedtls: ssl_msg.c:4108 0x3ffc65b4: reuse previously read message

I (3531) mbedtls: ssl_msg.c:4112 0x3ffc65b4: <= read record

D (3531) mbedtls: ssl_misc.h:1295 0x3ffc65b4: handshake state: 6 (MBEDTLS_SSL_SERVER_HELLO_DONE) -> 7 (MBEDTLS_SSL_CLIENT_CERTIFICATE)

I (3531) mbedtls: ssl_tls12_client.c:2358 0x3ffc65b4: <= parse server hello done

I (3531) mbedtls: ssl_msg.c:2063 0x3ffc65b4: => flush output

I (3531) mbedtls: ssl_msg.c:2072 0x3ffc65b4: <= flush output

I (3531) mbedtls: ssl_tls.c:4201 0x3ffc65b4: client state: MBEDTLS_SSL_CLIENT_CERTIFICATE

I (3531) mbedtls: ssl_tls.c:6675 0x3ffc65b4: => write certificate

I (3531) mbedtls: ssl_tls.c:6686 0x3ffc65b4: <= skip write certificate

D (3531) mbedtls: ssl_misc.h:1295 0x3ffc65b4: handshake state: 7 (MBEDTLS_SSL_CLIENT_CERTIFICATE) -> 8 (MBEDTLS_SSL_CLIENT_KEY_EXCHANGE)

I (3541) mbedtls: ssl_msg.c:2063 0x3ffc65b4: => flush output

I (3541) mbedtls: ssl_msg.c:2072 0x3ffc65b4: <= flush output

I (3541) mbedtls: ssl_tls.c:4201 0x3ffc65b4: client state: MBEDTLS_SSL_CLIENT_KEY_EXCHANGE

I (3541) mbedtls: ssl_tls12_client.c:2373 0x3ffc65b4: => write client key exchange

D (3541) mbedtls: ssl_tls12_client.c:2387 0x3ffc65b4: Perform PSA-based ECDH computation.

[mem-tick] t=    1766 ms phase=handshake    free=197760
[mem-tick] t=    1866 ms phase=handshake    free=197444
D (3691) mbedtls: ssl_misc.h:1295 0x3ffc65b4: handshake state: 8 (MBEDTLS_SSL_CLIENT_KEY_EXCHANGE) -> 9 (MBEDTLS_SSL_CERTIFICATE_VERIFY)

I (3691) mbedtls: ssl_msg.c:2494 0x3ffc65b4: => write handshake message

I (3691) mbedtls: ssl_msg.c:2654 0x3ffc65b4: => write record

D (3691) mbedtls: ssl_msg.c:2737 0x3ffc65b4: output record: msgtype = 22, version = [3:3], msglen = 37

I (3691) mbedtls: ssl_msg.c:2063 0x3ffc65b4: => flush output

I (3691) mbedtls: ssl_msg.c:2077 0x3ffc65b4: message length: 42, out_left: 42

I (3691) mbedtls: ssl_msg.c:2084 0x3ffc65b4: ssl->f_send() returned 42 (-0xffffffd6)

I (3691) mbedtls: ssl_msg.c:2111 0x3ffc65b4: <= flush output

I (3691) mbedtls: ssl_msg.c:2790 0x3ffc65b4: <= write record

I (3691) mbedtls: ssl_msg.c:2615 0x3ffc65b4: <= write handshake message

I (3691) mbedtls: ssl_tls12_client.c:2653 0x3ffc65b4: <= write client key exchange

I (3691) mbedtls: ssl_msg.c:2063 0x3ffc65b4: => flush output

I (3691) mbedtls: ssl_msg.c:2072 0x3ffc65b4: <= flush output

I (3691) mbedtls: ssl_tls.c:4201 0x3ffc65b4: client state: MBEDTLS_SSL_CERTIFICATE_VERIFY

I (3691) mbedtls: ssl_tls12_client.c:2701 0x3ffc65b4: => write certificate verify

I (3691) mbedtls: ssl_tls.c:6466 0x3ffc65b4: => derive keys

I (3691) mbedtls: ssl_tls.c:6557 0x3ffc65b4: => PSA calc verify

D (3691) mbedtls: ssl_tls.c:6568 0x3ffc65b4: dumping 'PSA calculated verify result' (48 bytes)

D (3691) mbedtls: ssl_tls.c:6568 0x3ffc65b4: 0000:  63 60 cb 5f a1 ac 0a 10 6d 9e 08 41 b8 57 9a 64  c`._....m..A.W.d

D (3691) mbedtls: ssl_tls.c:6568 0x3ffc65b4: 0010:  74 ce bd 89 21 2b 57 97 da f8 8b f9 08 4c 4e 5e  t...!+W......LN^

D (3691) mbedtls: ssl_tls.c:6568 0x3ffc65b4: 0020:  7e d2 f2 7b 3f 8e 88 89 1a 76 7d 5c 78 87 fc 39  ~..{?....v}\x..9

I (3691) mbedtls: ssl_tls.c:6569 0x3ffc65b4: <= PSA calc verify

D (3691) mbedtls: ssl_tls.c:6308 0x3ffc65b4: dumping 'session hash for extended master secret' (48 bytes)

D (3691) mbedtls: ssl_tls.c:6308 0x3ffc65b4: 0000:  63 60 cb 5f a1 ac 0a 10 6d 9e 08 41 b8 57 9a 64  c`._....m..A.W.d

D (3691) mbedtls: ssl_tls.c:6308 0x3ffc65b4: 0010:  74 ce bd 89 21 2b 57 97 da f8 8b f9 08 4c 4e 5e  t...!+W......LN^

D (3691) mbedtls: ssl_tls.c:6308 0x3ffc65b4: 0020:  7e d2 f2 7b 3f 8e 88 89 1a 76 7d 5c 78 87 fc 39  ~..{?....v}\x..9

D (3691) mbedtls: ssl_tls.c:6449 0x3ffc65b4: dumping 'premaster secret' (32 bytes)

D (3691) mbedtls: ssl_tls.c:6449 0x3ffc65b4: 0000:  bb 25 f0 74 42 04 b4 95 ba f1 85 f1 82 8a ba dc  .%.tB...........

D (3691) mbedtls: ssl_tls.c:6449 0x3ffc65b4: 0010:  08 7b 03 d7 5c d9 6b 90 6c 0c 8e 13 98 e2 b1 51  .{..\.k.l......Q

D (3691) mbedtls: ssl_tls.c:7762 0x3ffc65b4: ciphersuite = TLS-ECDHE-RSA-WITH-AES-256-GCM-SHA384

D (3701) mbedtls: ssl_tls.c:7764 0x3ffc65b4: dumping 'master secret' (48 bytes)

D (3701) mbedtls: ssl_tls.c:7764 0x3ffc65b4: 0000:  a7 42 7b 5f 4b 3d d6 0a 20 dc 46 8d 38 b2 06 40  .B{_K=.. .F.8..@

D (3701) mbedtls: ssl_tls.c:7764 0x3ffc65b4: 0010:  bc c6 3b a5 66 50 16 84 2c 62 99 ee 01 5e 91 a2  ..;.fP..,b...^..

D (3701) mbedtls: ssl_tls.c:7764 0x3ffc65b4: 0020:  51 03 2a 6a 93 f4 ba af 94 e3 17 8f 47 8e ab 49  Q.*j........G..I

D (3701) mbedtls: ssl_tls.c:7855 0x3ffc65b4: keylen: 32, minlen: 24, ivlen: 12, maclen: 0

I (3701) mbedtls: ssl_tls.c:6517 0x3ffc65b4: <= derive keys

I (3701) mbedtls: ssl_tls12_client.c:2723 0x3ffc65b4: <= skip write certificate verify

D (3701) mbedtls: ssl_misc.h:1295 0x3ffc65b4: handshake state: 9 (MBEDTLS_SSL_CERTIFICATE_VERIFY) -> 10 (MBEDTLS_SSL_CLIENT_CHANGE_CIPHER_SPEC)

I (3701) mbedtls: ssl_msg.c:2063 0x3ffc65b4: => flush output

I (3701) mbedtls: ssl_msg.c:2072 0x3ffc65b4: <= flush output

I (3701) mbedtls: ssl_tls.c:4201 0x3ffc65b4: client state: MBEDTLS_SSL_CLIENT_CHANGE_CIPHER_SPEC

I (3701) mbedtls: ssl_msg.c:5087 0x3ffc65b4: => write change cipher spec

D (3701) mbedtls: ssl_misc.h:1295 0x3ffc65b4: handshake state: 10 (MBEDTLS_SSL_CLIENT_CHANGE_CIPHER_SPEC) -> 11 (MBEDTLS_SSL_CLIENT_FINISHED)

I (3701) mbedtls: ssl_msg.c:2494 0x3ffc65b4: => write handshake message

I (3701) mbedtls: ssl_msg.c:2654 0x3ffc65b4: => write record

D (3701) mbedtls: ssl_msg.c:2737 0x3ffc65b4: output record: msgtype = 20, version = [3:3], msglen = 1

I (3701) mbedtls: ssl_msg.c:2063 0x3ffc65b4: => flush output

I (3701) mbedtls: ssl_msg.c:2077 0x3ffc65b4: message length: 6, out_left: 6

I (3701) mbedtls: ssl_msg.c:2084 0x3ffc65b4: ssl->f_send() returned 6 (-0xfffffffa)

I (3701) mbedtls: ssl_msg.c:2111 0x3ffc65b4: <= flush output

I (3701) mbedtls: ssl_msg.c:2790 0x3ffc65b4: <= write record

I (3701) mbedtls: ssl_msg.c:2615 0x3ffc65b4: <= write handshake message

I (3701) mbedtls: ssl_msg.c:5100 0x3ffc65b4: <= write change cipher spec

I (3701) mbedtls: ssl_msg.c:2063 0x3ffc65b4: => flush output

I (3701) mbedtls: ssl_msg.c:2072 0x3ffc65b4: <= flush output

I (3701) mbedtls: ssl_tls.c:4201 0x3ffc65b4: client state: MBEDTLS_SSL_CLIENT_FINISHED

I (3701) mbedtls: ssl_tls.c:7384 0x3ffc65b4: => write finished

I (3701) mbedtls: ssl_tls.c:7235 0x3ffc65b4: => calc PSA finished tls

D (3701) mbedtls: ssl_tls.c:7246 0x3ffc65b4: dumping 'PSA calculated padbuf' (48 bytes)

D (3701) mbedtls: ssl_tls.c:7246 0x3ffc65b4: 0000:  63 60 cb 5f a1 ac 0a 10 6d 9e 08 41 b8 57 9a 64  c`._....m..A.W.d

D (3701) mbedtls: ssl_tls.c:7246 0x3ffc65b4: 0010:  74 ce bd 89 21 2b 57 97 da f8 8b f9 08 4c 4e 5e  t...!+W......LN^

D (3701) mbedtls: ssl_tls.c:7246 0x3ffc65b4: 0020:  7e d2 f2 7b 3f 8e 88 89 1a 76 7d 5c 78 87 fc 39  ~..{?....v}\x..9

D (3701) mbedtls: ssl_tls.c:7258 0x3ffc65b4: dumping 'calc finished result' (12 bytes)

D (3701) mbedtls: ssl_tls.c:7258 0x3ffc65b4: 0000:  cc 22 16 5a 06 67 cd d6 88 08 a3 fb              .".Z.g......

I (3701) mbedtls: ssl_tls.c:7262 0x3ffc65b4: <= calc finished

D (3701) mbedtls: ssl_misc.h:1295 0x3ffc65b4: handshake state: 11 (MBEDTLS_SSL_CLIENT_FINISHED) -> 12 (MBEDTLS_SSL_SERVER_CHANGE_CIPHER_SPEC)

D (3701) mbedtls: ssl_tls.c:7434 0x3ffc65b4: switching to new transform spec for outbound data

I (3701) mbedtls: ssl_msg.c:2494 0x3ffc65b4: => write handshake message

I (3701) mbedtls: ssl_msg.c:2654 0x3ffc65b4: => write record

I (3701) mbedtls: ssl_msg.c:808 0x3ffc65b4: => encrypt buf

D (3701) mbedtls: ssl_msg.c:1036 0x3ffc65b4: before encrypt: msglen = 16, including 0 bytes of padding

I (3701) mbedtls: ssl_msg.c:1265 0x3ffc65b4: <= encrypt buf

D (3701) mbedtls: ssl_msg.c:2737 0x3ffc65b4: output record: msgtype = 22, version = [3:3], msglen = 40

I (3711) mbedtls: ssl_msg.c:2063 0x3ffc65b4: => flush output

I (3711) mbedtls: ssl_msg.c:2077 0x3ffc65b4: message length: 45, out_left: 45

I (3711) mbedtls: ssl_msg.c:2084 0x3ffc65b4: ssl->f_send() returned 45 (-0xffffffd3)

I (3711) mbedtls: ssl_msg.c:2111 0x3ffc65b4: <= flush output

I (3711) mbedtls: ssl_msg.c:2790 0x3ffc65b4: <= write record

I (3711) mbedtls: ssl_msg.c:2615 0x3ffc65b4: <= write handshake message

I (3711) mbedtls: ssl_tls.c:7487 0x3ffc65b4: <= write finished

I (3711) mbedtls: ssl_msg.c:2063 0x3ffc65b4: => flush output

I (3711) mbedtls: ssl_msg.c:2072 0x3ffc65b4: <= flush output

I (3711) mbedtls: ssl_tls.c:4201 0x3ffc65b4: client state: MBEDTLS_SSL_SERVER_CHANGE_CIPHER_SPEC

D (3711) mbedtls: ssl_misc.h:1295 0x3ffc65b4: handshake state: 12 (MBEDTLS_SSL_SERVER_CHANGE_CIPHER_SPEC) -> 16 (MBEDTLS_SSL_NEW_SESSION_TICKET)

I (3711) mbedtls: ssl_tls12_client.c:2829 0x3ffc65b4: => parse new session ticket

I (3711) mbedtls: ssl_msg.c:4040 0x3ffc65b4: => read record

I (3711) mbedtls: ssl_msg.c:1865 0x3ffc65b4: => fetch input

I (3711) mbedtls: ssl_msg.c:2005 0x3ffc65b4: in_left: 0, nb_want: 5

I (3711) mbedtls: ssl_msg.c:2025 0x3ffc65b4: in_left: 0, nb_want: 5

I (3711) mbedtls: ssl_msg.c:2028 0x3ffc65b4: ssl->f_recv(_timeout)() returned 5 (-0xfffffffb)

I (3711) mbedtls: ssl_msg.c:2050 0x3ffc65b4: <= fetch input

D (3711) mbedtls: ssl_msg.c:3707 0x3ffc65b4: input record: msgtype = 22, version = [0x303], msglen = 186

I (3711) mbedtls: ssl_msg.c:1865 0x3ffc65b4: => fetch input

I (3711) mbedtls: ssl_msg.c:2005 0x3ffc65b4: in_left: 5, nb_want: 191

I (3711) mbedtls: ssl_msg.c:2025 0x3ffc65b4: in_left: 5, nb_want: 191

I (3711) mbedtls: ssl_msg.c:2028 0x3ffc65b4: ssl->f_recv(_timeout)() returned 186 (-0xffffff46)

I (3711) mbedtls: ssl_msg.c:2050 0x3ffc65b4: <= fetch input

D (3711) mbedtls: ssl_msg.c:2948 0x3ffc65b4: handshake message: msglen = 186, type = 4, hslen = 186

D (3711) mbedtls: ssl_msg.c:3085 0x3ffc65b4: sole handshake fragment: 186, 0..186 of 186

I (3711) mbedtls: ssl_msg.c:4112 0x3ffc65b4: <= read record

D (3711) mbedtls: ssl_tls12_client.c:2876 0x3ffc65b4: ticket length: 176

D (3711) mbedtls: ssl_misc.h:1295 0x3ffc65b4: handshake state: 16 (MBEDTLS_SSL_NEW_SESSION_TICKET) -> 12 (MBEDTLS_SSL_SERVER_CHANGE_CIPHER_SPEC)

D (3711) mbedtls: ssl_tls12_client.c:2920 0x3ffc65b4: ticket in use, discarding session id

I (3711) mbedtls: ssl_tls12_client.c:2923 0x3ffc65b4: <= parse new session ticket

I (3711) mbedtls: ssl_msg.c:2063 0x3ffc65b4: => flush output

I (3711) mbedtls: ssl_msg.c:2072 0x3ffc65b4: <= flush output

I (3711) mbedtls: ssl_tls.c:4201 0x3ffc65b4: client state: MBEDTLS_SSL_SERVER_CHANGE_CIPHER_SPEC

I (3711) mbedtls: ssl_msg.c:5109 0x3ffc65b4: => parse change cipher spec

I (3711) mbedtls: ssl_msg.c:4040 0x3ffc65b4: => read record

I (3711) mbedtls: ssl_msg.c:1865 0x3ffc65b4: => fetch input

I (3711) mbedtls: ssl_msg.c:2005 0x3ffc65b4: in_left: 0, nb_want: 5

I (3711) mbedtls: ssl_msg.c:2025 0x3ffc65b4: in_left: 0, nb_want: 5

I (3711) mbedtls: ssl_msg.c:2028 0x3ffc65b4: ssl->f_recv(_timeout)() returned 5 (-0xfffffffb)

I (3711) mbedtls: ssl_msg.c:2050 0x3ffc65b4: <= fetch input

D (3711) mbedtls: ssl_msg.c:3707 0x3ffc65b4: input record: msgtype = 20, version = [0x303], msglen = 1

I (3711) mbedtls: ssl_msg.c:1865 0x3ffc65b4: => fetch input

I (3711) mbedtls: ssl_msg.c:2005 0x3ffc65b4: in_left: 5, nb_want: 6

I (3711) mbedtls: ssl_msg.c:2025 0x3ffc65b4: in_left: 5, nb_want: 6

I (3711) mbedtls: ssl_msg.c:2028 0x3ffc65b4: ssl->f_recv(_timeout)() returned 1 (-0xffffffff)

I (3711) mbedtls: ssl_msg.c:2050 0x3ffc65b4: <= fetch input

I (3711) mbedtls: ssl_msg.c:4112 0x3ffc65b4: <= read record

D (3711) mbedtls: ssl_msg.c:5130 0x3ffc65b4: switching to new transform spec for inbound data

D (3711) mbedtls: ssl_misc.h:1295 0x3ffc65b4: handshake state: 12 (MBEDTLS_SSL_SERVER_CHANGE_CIPHER_SPEC) -> 13 (MBEDTLS_SSL_SERVER_FINISHED)

I (3711) mbedtls: ssl_msg.c:5157 0x3ffc65b4: <= parse change cipher spec

I (3711) mbedtls: ssl_msg.c:2063 0x3ffc65b4: => flush output

I (3711) mbedtls: ssl_msg.c:2072 0x3ffc65b4: <= flush output

I (3711) mbedtls: ssl_tls.c:4201 0x3ffc65b4: client state: MBEDTLS_SSL_SERVER_FINISHED

I (3711) mbedtls: ssl_tls.c:7500 0x3ffc65b4: => parse finished

I (3711) mbedtls: ssl_tls.c:7235 0x3ffc65b4: => calc PSA finished tls

D (3711) mbedtls: ssl_tls.c:7246 0x3ffc65b4: dumping 'PSA calculated padbuf' (48 bytes)

D (3711) mbedtls: ssl_tls.c:7246 0x3ffc65b4: 0000:  15 eb 73 74 36 c2 a3 7b 64 b8 b1 13 e3 67 c7 d7  ..st6..{d....g..

D (3711) mbedtls: ssl_tls.c:7246 0x3ffc65b4: 0010:  a7 9d 95 33 5c 0b dd a6 dc 4b 8c ed 50 86 71 f5  ...3\....K..P.q.

D (3711) mbedtls: ssl_tls.c:7246 0x3ffc65b4: 0020:  e0 f7 d8 51 9b 7b 41 b9 9e b3 df 8d 95 33 8c b8  ...Q.{A......3..

D (3721) mbedtls: ssl_tls.c:7258 0x3ffc65b4: dumping 'calc finished result' (12 bytes)

D (3721) mbedtls: ssl_tls.c:7258 0x3ffc65b4: 0000:  f6 51 ce 6f a7 2c 01 24 52 15 53 e1              .Q.o.,.$R.S.

I (3721) mbedtls: ssl_tls.c:7262 0x3ffc65b4: <= calc finished

I (3721) mbedtls: ssl_msg.c:4040 0x3ffc65b4: => read record

I (3721) mbedtls: ssl_msg.c:1865 0x3ffc65b4: => fetch input

I (3721) mbedtls: ssl_msg.c:2005 0x3ffc65b4: in_left: 0, nb_want: 5

I (3721) mbedtls: ssl_msg.c:2025 0x3ffc65b4: in_left: 0, nb_want: 5

I (3721) mbedtls: ssl_msg.c:2028 0x3ffc65b4: ssl->f_recv(_timeout)() returned 5 (-0xfffffffb)

I (3721) mbedtls: ssl_msg.c:2050 0x3ffc65b4: <= fetch input

D (3721) mbedtls: ssl_msg.c:3707 0x3ffc65b4: input record: msgtype = 22, version = [0x303], msglen = 40

I (3721) mbedtls: ssl_msg.c:1865 0x3ffc65b4: => fetch input

I (3721) mbedtls: ssl_msg.c:2005 0x3ffc65b4: in_left: 5, nb_want: 45

I (3721) mbedtls: ssl_msg.c:2025 0x3ffc65b4: in_left: 5, nb_want: 45

I (3721) mbedtls: ssl_msg.c:2028 0x3ffc65b4: ssl->f_recv(_timeout)() returned 40 (-0xffffffd8)

I (3721) mbedtls: ssl_msg.c:2050 0x3ffc65b4: <= fetch input

I (3721) mbedtls: ssl_msg.c:1301 0x3ffc65b4: => decrypt buf

I (3721) mbedtls: ssl_msg.c:1831 0x3ffc65b4: <= decrypt buf

D (3721) mbedtls: ssl_msg.c:2948 0x3ffc65b4: handshake message: msglen = 16, type = 20, hslen = 16

D (3721) mbedtls: ssl_msg.c:3085 0x3ffc65b4: sole handshake fragment: 16, 0..16 of 16

I (3721) mbedtls: ssl_msg.c:4112 0x3ffc65b4: <= read record

D (3721) mbedtls: ssl_misc.h:1295 0x3ffc65b4: handshake state: 13 (MBEDTLS_SSL_SERVER_FINISHED) -> 14 (MBEDTLS_SSL_FLUSH_BUFFERS)

I (3721) mbedtls: ssl_tls.c:7571 0x3ffc65b4: <= parse finished

I (3721) mbedtls: ssl_msg.c:2063 0x3ffc65b4: => flush output

I (3721) mbedtls: ssl_msg.c:2072 0x3ffc65b4: <= flush output

I (3721) mbedtls: ssl_tls.c:4201 0x3ffc65b4: client state: MBEDTLS_SSL_FLUSH_BUFFERS

I (3721) mbedtls: ssl_tls12_client.c:3031 0x3ffc65b4: handshake: done

D (3721) mbedtls: ssl_misc.h:1295 0x3ffc65b4: handshake state: 14 (MBEDTLS_SSL_FLUSH_BUFFERS) -> 15 (MBEDTLS_SSL_HANDSHAKE_WRAPUP)

I (3721) mbedtls: ssl_msg.c:2063 0x3ffc65b4: => flush output

I (3721) mbedtls: ssl_msg.c:2072 0x3ffc65b4: <= flush output

I (3721) mbedtls: ssl_tls.c:4201 0x3ffc65b4: client state: MBEDTLS_SSL_HANDSHAKE_WRAPUP

D (3721) mbedtls: ssl_tls.c:7322 0x3ffc65b4: => handshake wrapup

D (3721) mbedtls: ssl_tls.c:7296 0x3ffc65b4: => handshake wrapup: final free

D (3721) mbedtls: ssl_tls.c:7315 0x3ffc65b4: <= handshake wrapup: final free

D (3721) mbedtls: ssl_misc.h:1295 0x3ffc65b4: handshake state: 15 (MBEDTLS_SSL_HANDSHAKE_WRAPUP) -> 27 (MBEDTLS_SSL_HANDSHAKE_OVER)

D (3721) mbedtls: ssl_tls.c:7376 0x3ffc65b4: <= handshake wrapup

I (3721) mbedtls: ssl_tls.c:4293 0x3ffc65b4: <= handshake

[phase-a] tcp_connect=8997 us | tls_handshake=334671 us | total=343668 us
[neg] version=TLSv1.2 suite=TLS-ECDHE-RSA-WITH-AES-256-GCM-SHA384 peer_cert=0 bytes
[mem] post-handshake         free=200976 largest=110592 min-ever=191256
[ledger] HANDSHAKE_PEAK_DELTA(RSA) = 33072 bytes (min-ever 224328 -> 191256)
I (3721) mbedtls: ssl_msg.c:5925 0x3ffc65b4: => write

I (3721) mbedtls: ssl_msg.c:2654 0x3ffc65b4: => write record

I (3721) mbedtls: ssl_msg.c:808 0x3ffc65b4: => encrypt buf

D (3721) mbedtls: ssl_msg.c:1036 0x3ffc65b4: before encrypt: msglen = 14, including 0 bytes of padding

I (3721) mbedtls: ssl_msg.c:1265 0x3ffc65b4: <= encrypt buf

D (3721) mbedtls: ssl_msg.c:2737 0x3ffc65b4: output record: msgtype = 23, version = [3:3], msglen = 38

I (3721) mbedtls: ssl_msg.c:2063 0x3ffc65b4: => flush output

I (3721) mbedtls: ssl_msg.c:2077 0x3ffc65b4: message length: 43, out_left: 43

I (3721) mbedtls: ssl_msg.c:2084 0x3ffc65b4: ssl->f_send() returned 43 (-0xffffffd5)

I (3721) mbedtls: ssl_msg.c:2111 0x3ffc65b4: <= flush output

I (3721) mbedtls: ssl_msg.c:2790 0x3ffc65b4: <= write record

I (3721) mbedtls: ssl_msg.c:5947 0x3ffc65b4: <= write

I (3721) mbedtls: ssl_msg.c:5663 0x3ffc65b4: => read

I (3721) mbedtls: ssl_msg.c:4040 0x3ffc65b4: => read record

I (3721) mbedtls: ssl_msg.c:1865 0x3ffc65b4: => fetch input

I (3721) mbedtls: ssl_msg.c:2005 0x3ffc65b4: in_left: 0, nb_want: 5

I (3721) mbedtls: ssl_msg.c:2025 0x3ffc65b4: in_left: 0, nb_want: 5

I (3731) mbedtls: ssl_msg.c:2028 0x3ffc65b4: ssl->f_recv(_timeout)() returned 5 (-0xfffffffb)

I (3731) mbedtls: ssl_msg.c:2050 0x3ffc65b4: <= fetch input

D (3731) mbedtls: ssl_msg.c:3707 0x3ffc65b4: input record: msgtype = 23, version = [0x303], msglen = 38

I (3731) mbedtls: ssl_msg.c:1865 0x3ffc65b4: => fetch input

I (3731) mbedtls: ssl_msg.c:2005 0x3ffc65b4: in_left: 5, nb_want: 43

I (3731) mbedtls: ssl_msg.c:2025 0x3ffc65b4: in_left: 5, nb_want: 43

I (3731) mbedtls: ssl_msg.c:2028 0x3ffc65b4: ssl->f_recv(_timeout)() returned 38 (-0xffffffda)

I (3731) mbedtls: ssl_msg.c:2050 0x3ffc65b4: <= fetch input

I (3731) mbedtls: ssl_msg.c:1301 0x3ffc65b4: => decrypt buf

I (3731) mbedtls: ssl_msg.c:1831 0x3ffc65b4: <= decrypt buf

I (3731) mbedtls: ssl_msg.c:4112 0x3ffc65b4: <= read record

I (3731) mbedtls: ssl_msg.c:5823 0x3ffc65b4: <= read

[phase-a] app-echo #0 rtt=5149 us payload=14 B
I (3731) mbedtls: ssl_msg.c:5925 0x3ffc65b4: => write

I (3731) mbedtls: ssl_msg.c:2654 0x3ffc65b4: => write record

I (3731) mbedtls: ssl_msg.c:808 0x3ffc65b4: => encrypt buf

D (3731) mbedtls: ssl_msg.c:1036 0x3ffc65b4: before encrypt: msglen = 14, including 0 bytes of padding

I (3731) mbedtls: ssl_msg.c:1265 0x3ffc65b4: <= encrypt buf

D (3731) mbedtls: ssl_msg.c:2737 0x3ffc65b4: output record: msgtype = 23, version = [3:3], msglen = 38

I (3731) mbedtls: ssl_msg.c:2063 0x3ffc65b4: => flush output

I (3731) mbedtls: ssl_msg.c:2077 0x3ffc65b4: message length: 43, out_left: 43

I (3731) mbedtls: ssl_msg.c:2084 0x3ffc65b4: ssl->f_send() returned 43 (-0xffffffd5)

I (3731) mbedtls: ssl_msg.c:2111 0x3ffc65b4: <= flush output

I (3731) mbedtls: ssl_msg.c:2790 0x3ffc65b4: <= write record

I (3731) mbedtls: ssl_msg.c:5947 0x3ffc65b4: <= write

I (3731) mbedtls: ssl_msg.c:5663 0x3ffc65b4: => read

I (3731) mbedtls: ssl_msg.c:4040 0x3ffc65b4: => read record

I (3731) mbedtls: ssl_msg.c:1865 0x3ffc65b4: => fetch input

I (3731) mbedtls: ssl_msg.c:2005 0x3ffc65b4: in_left: 0, nb_want: 5

I (3731) mbedtls: ssl_msg.c:2025 0x3ffc65b4: in_left: 0, nb_want: 5

I (3731) mbedtls: ssl_msg.c:2028 0x3ffc65b4: ssl->f_recv(_timeout)() returned 5 (-0xfffffffb)

I (3731) mbedtls: ssl_msg.c:2050 0x3ffc65b4: <= fetch input

D (3731) mbedtls: ssl_msg.c:3707 0x3ffc65b4: input record: msgtype = 23, version = [0x303], msglen = 38

I (3731) mbedtls: ssl_msg.c:1865 0x3ffc65b4: => fetch input

I (3731) mbedtls: ssl_msg.c:2005 0x3ffc65b4: in_left: 5, nb_want: 43

I (3731) mbedtls: ssl_msg.c:2025 0x3ffc65b4: in_left: 5, nb_want: 43

I (3731) mbedtls: ssl_msg.c:2028 0x3ffc65b4: ssl->f_recv(_timeout)() returned 38 (-0xffffffda)

I (3731) mbedtls: ssl_msg.c:2050 0x3ffc65b4: <= fetch input

I (3731) mbedtls: ssl_msg.c:1301 0x3ffc65b4: => decrypt buf

I (3731) mbedtls: ssl_msg.c:1831 0x3ffc65b4: <= decrypt buf

I (3731) mbedtls: ssl_msg.c:4112 0x3ffc65b4: <= read record

I (3731) mbedtls: ssl_msg.c:5823 0x3ffc65b4: <= read

[phase-a] app-echo #1 rtt=8204 us payload=14 B
I (3741) mbedtls: ssl_msg.c:5925 0x3ffc65b4: => write

I (3741) mbedtls: ssl_msg.c:2654 0x3ffc65b4: => write record

I (3741) mbedtls: ssl_msg.c:808 0x3ffc65b4: => encrypt buf

D (3741) mbedtls: ssl_msg.c:1036 0x3ffc65b4: before encrypt: msglen = 14, including 0 bytes of padding

I (3741) mbedtls: ssl_msg.c:1265 0x3ffc65b4: <= encrypt buf

D (3741) mbedtls: ssl_msg.c:2737 0x3ffc65b4: output record: msgtype = 23, version = [3:3], msglen = 38

I (3741) mbedtls: ssl_msg.c:2063 0x3ffc65b4: => flush output

I (3741) mbedtls: ssl_msg.c:2077 0x3ffc65b4: message length: 43, out_left: 43

I (3741) mbedtls: ssl_msg.c:2084 0x3ffc65b4: ssl->f_send() returned 43 (-0xffffffd5)

I (3741) mbedtls: ssl_msg.c:2111 0x3ffc65b4: <= flush output

I (3741) mbedtls: ssl_msg.c:2790 0x3ffc65b4: <= write record

I (3741) mbedtls: ssl_msg.c:5947 0x3ffc65b4: <= write

I (3741) mbedtls: ssl_msg.c:5663 0x3ffc65b4: => read

I (3741) mbedtls: ssl_msg.c:4040 0x3ffc65b4: => read record

I (3741) mbedtls: ssl_msg.c:1865 0x3ffc65b4: => fetch input

I (3741) mbedtls: ssl_msg.c:2005 0x3ffc65b4: in_left: 0, nb_want: 5

I (3741) mbedtls: ssl_msg.c:2025 0x3ffc65b4: in_left: 0, nb_want: 5

I (3741) mbedtls: ssl_msg.c:2028 0x3ffc65b4: ssl->f_recv(_timeout)() returned 5 (-0xfffffffb)

I (3741) mbedtls: ssl_msg.c:2050 0x3ffc65b4: <= fetch input

D (3741) mbedtls: ssl_msg.c:3707 0x3ffc65b4: input record: msgtype = 23, version = [0x303], msglen = 38

I (3741) mbedtls: ssl_msg.c:1865 0x3ffc65b4: => fetch input

I (3741) mbedtls: ssl_msg.c:2005 0x3ffc65b4: in_left: 5, nb_want: 43

I (3741) mbedtls: ssl_msg.c:2025 0x3ffc65b4: in_left: 5, nb_want: 43

I (3741) mbedtls: ssl_msg.c:2028 0x3ffc65b4: ssl->f_recv(_timeout)() returned 38 (-0xffffffda)

I (3741) mbedtls: ssl_msg.c:2050 0x3ffc65b4: <= fetch input

I (3741) mbedtls: ssl_msg.c:1301 0x3ffc65b4: => decrypt buf

I (3741) mbedtls: ssl_msg.c:1831 0x3ffc65b4: <= decrypt buf

I (3741) mbedtls: ssl_msg.c:4112 0x3ffc65b4: <= read record

I (3741) mbedtls: ssl_msg.c:5823 0x3ffc65b4: <= read

[phase-a] app-echo #2 rtt=6404 us payload=14 B
I (3741) mbedtls: ssl_msg.c:5925 0x3ffc65b4: => write

I (3741) mbedtls: ssl_msg.c:2654 0x3ffc65b4: => write record

I (3741) mbedtls: ssl_msg.c:808 0x3ffc65b4: => encrypt buf

D (3741) mbedtls: ssl_msg.c:1036 0x3ffc65b4: before encrypt: msglen = 14, including 0 bytes of padding

I (3741) mbedtls: ssl_msg.c:1265 0x3ffc65b4: <= encrypt buf

D (3741) mbedtls: ssl_msg.c:2737 0x3ffc65b4: output record: msgtype = 23, version = [3:3], msglen = 38

I (3741) mbedtls: ssl_msg.c:2063 0x3ffc65b4: => flush output

I (3741) mbedtls: ssl_msg.c:2077 0x3ffc65b4: message length: 43, out_left: 43

I (3741) mbedtls: ssl_msg.c:2084 0x3ffc65b4: ssl->f_send() returned 43 (-0xffffffd5)

I (3741) mbedtls: ssl_msg.c:2111 0x3ffc65b4: <= flush output

I (3741) mbedtls: ssl_msg.c:2790 0x3ffc65b4: <= write record

I (3741) mbedtls: ssl_msg.c:5947 0x3ffc65b4: <= write

I (3741) mbedtls: ssl_msg.c:5663 0x3ffc65b4: => read

I (3741) mbedtls: ssl_msg.c:4040 0x3ffc65b4: => read record

I (3741) mbedtls: ssl_msg.c:1865 0x3ffc65b4: => fetch input

I (3751) mbedtls: ssl_msg.c:2005 0x3ffc65b4: in_left: 0, nb_want: 5

I (3751) mbedtls: ssl_msg.c:2025 0x3ffc65b4: in_left: 0, nb_want: 5

I (3751) mbedtls: ssl_msg.c:2028 0x3ffc65b4: ssl->f_recv(_timeout)() returned 5 (-0xfffffffb)

I (3751) mbedtls: ssl_msg.c:2050 0x3ffc65b4: <= fetch input

D (3751) mbedtls: ssl_msg.c:3707 0x3ffc65b4: input record: msgtype = 23, version = [0x303], msglen = 38

I (3751) mbedtls: ssl_msg.c:1865 0x3ffc65b4: => fetch input

I (3751) mbedtls: ssl_msg.c:2005 0x3ffc65b4: in_left: 5, nb_want: 43

I (3751) mbedtls: ssl_msg.c:2025 0x3ffc65b4: in_left: 5, nb_want: 43

I (3751) mbedtls: ssl_msg.c:2028 0x3ffc65b4: ssl->f_recv(_timeout)() returned 38 (-0xffffffda)

I (3751) mbedtls: ssl_msg.c:2050 0x3ffc65b4: <= fetch input

I (3751) mbedtls: ssl_msg.c:1301 0x3ffc65b4: => decrypt buf

I (3751) mbedtls: ssl_msg.c:1831 0x3ffc65b4: <= decrypt buf

I (3751) mbedtls: ssl_msg.c:4112 0x3ffc65b4: <= read record

I (3751) mbedtls: ssl_msg.c:5823 0x3ffc65b4: <= read

[phase-a] app-echo #3 rtt=5613 us payload=14 B
I (3751) mbedtls: ssl_msg.c:5925 0x3ffc65b4: => write

I (3751) mbedtls: ssl_msg.c:2654 0x3ffc65b4: => write record

I (3751) mbedtls: ssl_msg.c:808 0x3ffc65b4: => encrypt buf

D (3751) mbedtls: ssl_msg.c:1036 0x3ffc65b4: before encrypt: msglen = 14, including 0 bytes of padding

I (3751) mbedtls: ssl_msg.c:1265 0x3ffc65b4: <= encrypt buf

D (3751) mbedtls: ssl_msg.c:2737 0x3ffc65b4: output record: msgtype = 23, version = [3:3], msglen = 38

I (3751) mbedtls: ssl_msg.c:2063 0x3ffc65b4: => flush output

I (3751) mbedtls: ssl_msg.c:2077 0x3ffc65b4: message length: 43, out_left: 43

I (3751) mbedtls: ssl_msg.c:2084 0x3ffc65b4: ssl->f_send() returned 43 (-0xffffffd5)

I (3751) mbedtls: ssl_msg.c:2111 0x3ffc65b4: <= flush output

I (3751) mbedtls: ssl_msg.c:2790 0x3ffc65b4: <= write record

I (3751) mbedtls: ssl_msg.c:5947 0x3ffc65b4: <= write

I (3751) mbedtls: ssl_msg.c:5663 0x3ffc65b4: => read

I (3751) mbedtls: ssl_msg.c:4040 0x3ffc65b4: => read record

I (3751) mbedtls: ssl_msg.c:1865 0x3ffc65b4: => fetch input

I (3751) mbedtls: ssl_msg.c:2005 0x3ffc65b4: in_left: 0, nb_want: 5

I (3751) mbedtls: ssl_msg.c:2025 0x3ffc65b4: in_left: 0, nb_want: 5

I (3751) mbedtls: ssl_msg.c:2028 0x3ffc65b4: ssl->f_recv(_timeout)() returned 5 (-0xfffffffb)

I (3751) mbedtls: ssl_msg.c:2050 0x3ffc65b4: <= fetch input

D (3751) mbedtls: ssl_msg.c:3707 0x3ffc65b4: input record: msgtype = 23, version = [0x303], msglen = 38

I (3751) mbedtls: ssl_msg.c:1865 0x3ffc65b4: => fetch input

I (3751) mbedtls: ssl_msg.c:2005 0x3ffc65b4: in_left: 5, nb_want: 43

I (3751) mbedtls: ssl_msg.c:2025 0x3ffc65b4: in_left: 5, nb_want: 43

I (3751) mbedtls: ssl_msg.c:2028 0x3ffc65b4: ssl->f_recv(_timeout)() returned 38 (-0xffffffda)

I (3751) mbedtls: ssl_msg.c:2050 0x3ffc65b4: <= fetch input

I (3751) mbedtls: ssl_msg.c:1301 0x3ffc65b4: => decrypt buf

I (3751) mbedtls: ssl_msg.c:1831 0x3ffc65b4: <= decrypt buf

I (3751) mbedtls: ssl_msg.c:4112 0x3ffc65b4: <= read record

I (3751) mbedtls: ssl_msg.c:5823 0x3ffc65b4: <= read

[phase-a] app-echo #4 rtt=5870 us payload=14 B
[mem] post-session           free=200976 largest=110592 min-ever=191256
[mem-tick] t=    1964 ms phase=closing      free=221836
[mem-tick] t=    2064 ms phase=closing      free=226920
[mem-tick] t=    2164 ms phase=closing      free=226920
[mem-tick] t=    2264 ms phase=closing      free=226920
[mem-tick] t=    2364 ms phase=closing      free=226920
[ledger] CLOSED(RSA): free now=226920, before-this-phase=227960, retained=1040
[mem-tick] t=    2465 ms phase=RSA-settled  free=226920
[mem-tick] t=    2564 ms phase=RSA-settled  free=226920
[mem-tick] t=    2664 ms phase=RSA-settled  free=226920
[mem-tick] t=    2764 ms phase=RSA-settled  free=226920
[mem] settled                free=226920 largest=110592 min-ever=191256

===== PHASE A/B [EC] port=22444 =====
[mem-tick] t=    2865 ms phase=EC-baseline  free=226920
[mem-tick] t=    2964 ms phase=EC-baseline  free=226920
[mem-tick] t=    3064 ms phase=EC-baseline  free=226920
[mem] baseline               free=226920 largest=110592 min-ever=191256
[mem-tick] t=    3165 ms phase=handshake    free=226400
W (4961) esp-tls-mbedtls: skip_common_name=true: hostname matching and SNI disabled. This disables ALL server-name authentication (CN/SAN/SNI), not just CN. Only intended for loopback / debug clients.
D (4961) esp-tls: handshake in progress...
I (4961) mbedtls: ssl_tls.c:4282 0x3ffc65b4: => handshake

I (4961) mbedtls: ssl_msg.c:2063 0x3ffc65b4: => flush output

I (4961) mbedtls: ssl_msg.c:2072 0x3ffc65b4: <= flush output

I (4961) mbedtls: ssl_tls.c:4201 0x3ffc65b4: client state: MBEDTLS_SSL_HELLO_REQUEST

D (4961) mbedtls: ssl_misc.h:1295 0x3ffc65b4: handshake state: 0 (MBEDTLS_SSL_HELLO_REQUEST) -> 1 (MBEDTLS_SSL_CLIENT_HELLO)

I (4961) mbedtls: ssl_msg.c:2063 0x3ffc65b4: => flush output

I (4961) mbedtls: ssl_msg.c:2072 0x3ffc65b4: <= flush output

I (4961) mbedtls: ssl_tls.c:4201 0x3ffc65b4: client state: MBEDTLS_SSL_CLIENT_HELLO

I (4961) mbedtls: ssl_client.c:917 0x3ffc65b4: => write client hello

D (4961) mbedtls: ssl_client.c:722 0x3ffc65b4: client hello, current time: 3

D (4961) mbedtls: ssl_client.c:485 0x3ffc65b4: dumping 'client hello, random bytes' (32 bytes)

D (4961) mbedtls: ssl_client.c:485 0x3ffc65b4: 0000:  00 00 00 03 8f 40 92 e1 ec 68 8a 83 49 39 45 5d  .....@...h..I9E]

D (4961) mbedtls: ssl_client.c:485 0x3ffc65b4: 0010:  72 45 eb be eb 16 ed f1 d3 69 57 76 06 a0 ee 8e  rE.......iWv....

D (4961) mbedtls: ssl_client.c:510 0x3ffc65b4: dumping 'session id' (0 bytes)

D (4961) mbedtls: ssl_client.c:368 0x3ffc65b4: client hello, add ciphersuite: c02c, TLS-ECDHE-ECDSA-WITH-AES-256-GCM-SHA384

D (4961) mbedtls: ssl_client.c:368 0x3ffc65b4: client hello, add ciphersuite: c030, TLS-ECDHE-RSA-WITH-AES-256-GCM-SHA384

D (4961) mbedtls: ssl_client.c:368 0x3ffc65b4: client hello, add ciphersuite: c0ad, TLS-ECDHE-ECDSA-WITH-AES-256-CCM

D (4961) mbedtls: ssl_client.c:368 0x3ffc65b4: client hello, add ciphersuite: c024, TLS-ECDHE-ECDSA-WITH-AES-256-CBC-SHA384

D (4971) mbedtls: ssl_client.c:368 0x3ffc65b4: client hello, add ciphersuite: c028, TLS-ECDHE-RSA-WITH-AES-256-CBC-SHA384

D (4971) mbedtls: ssl_client.c:368 0x3ffc65b4: client hello, add ciphersuite: c00a, TLS-ECDHE-ECDSA-WITH-AES-256-CBC-SHA

D (4971) mbedtls: ssl_client.c:368 0x3ffc65b4: client hello, add ciphersuite: c014, TLS-ECDHE-RSA-WITH-AES-256-CBC-SHA

D (4971) mbedtls: ssl_client.c:368 0x3ffc65b4: client hello, add ciphersuite: c0af, TLS-ECDHE-ECDSA-WITH-AES-256-CCM-8

D (4971) mbedtls: ssl_client.c:368 0x3ffc65b4: client hello, add ciphersuite: c02b, TLS-ECDHE-ECDSA-WITH-AES-128-GCM-SHA256

D (4971) mbedtls: ssl_client.c:368 0x3ffc65b4: client hello, add ciphersuite: c02f, TLS-ECDHE-RSA-WITH-AES-128-GCM-SHA256

D (4971) mbedtls: ssl_client.c:368 0x3ffc65b4: client hello, add ciphersuite: c0ac, TLS-ECDHE-ECDSA-WITH-AES-128-CCM

D (4971) mbedtls: ssl_client.c:368 0x3ffc65b4: client hello, add ciphersuite: c023, TLS-ECDHE-ECDSA-WITH-AES-128-CBC-SHA256

D (4971) mbedtls: ssl_client.c:368 0x3ffc65b4: client hello, add ciphersuite: c027, TLS-ECDHE-RSA-WITH-AES-128-CBC-SHA256

D (4971) mbedtls: ssl_client.c:368 0x3ffc65b4: client hello, add ciphersuite: c009, TLS-ECDHE-ECDSA-WITH-AES-128-CBC-SHA

D (4971) mbedtls: ssl_client.c:368 0x3ffc65b4: client hello, add ciphersuite: c013, TLS-ECDHE-RSA-WITH-AES-128-CBC-SHA

D (4971) mbedtls: ssl_client.c:368 0x3ffc65b4: client hello, add ciphersuite: c0ae, TLS-ECDHE-ECDSA-WITH-AES-128-CCM-8

D (4971) mbedtls: ssl_client.c:386 0x3ffc65b4: adding EMPTY_RENEGOTIATION_INFO_SCSV

D (4971) mbedtls: ssl_client.c:395 0x3ffc65b4: client hello, got 17 cipher suites

D (4971) mbedtls: ssl_client.c:229 0x3ffc65b4: client hello, adding supported_groups extension

D (4971) mbedtls: ssl_client.c:248 0x3ffc65b4: got supported group(001d)

D (4971) mbedtls: ssl_client.c:280 0x3ffc65b4: NamedGroup: x25519 ( 1d )

D (4971) mbedtls: ssl_client.c:248 0x3ffc65b4: got supported group(0017)

D (4971) mbedtls: ssl_client.c:280 0x3ffc65b4: NamedGroup: secp256r1 ( 17 )

D (4971) mbedtls: ssl_client.c:248 0x3ffc65b4: got supported group(0018)

D (4971) mbedtls: ssl_client.c:280 0x3ffc65b4: NamedGroup: secp384r1 ( 18 )

D (4971) mbedtls: ssl_client.c:248 0x3ffc65b4: got supported group(001e)

D (4971) mbedtls: ssl_client.c:280 0x3ffc65b4: NamedGroup: x448 ( 1e )

D (4971) mbedtls: ssl_client.c:248 0x3ffc65b4: got supported group(0019)

D (4971) mbedtls: ssl_client.c:280 0x3ffc65b4: NamedGroup: secp521r1 ( 19 )

D (4971) mbedtls: ssl_client.c:248 0x3ffc65b4: got supported group(001a)

D (4971) mbedtls: ssl_client.c:280 0x3ffc65b4: NamedGroup: bp256r1 ( 1a )

D (4971) mbedtls: ssl_client.c:248 0x3ffc65b4: got supported group(001b)

D (4971) mbedtls: ssl_client.c:280 0x3ffc65b4: NamedGroup: bp384r1 ( 1b )

D (4971) mbedtls: ssl_client.c:248 0x3ffc65b4: got supported group(001c)

D (4971) mbedtls: ssl_client.c:280 0x3ffc65b4: NamedGroup: bp512r1 ( 1c )

D (4971) mbedtls: ssl_client.c:248 0x3ffc65b4: got supported group(0100)

D (4971) mbedtls: ssl_client.c:248 0x3ffc65b4: got supported group(0101)

D (4971) mbedtls: ssl_client.c:248 0x3ffc65b4: got supported group(0102)

D (4971) mbedtls: ssl_client.c:248 0x3ffc65b4: got supported group(0103)

D (4971) mbedtls: ssl_client.c:248 0x3ffc65b4: got supported group(0104)

D (4971) mbedtls: ssl_client.c:300 0x3ffc65b4: dumping 'Supported groups extension' (18 bytes)

D (4971) mbedtls: ssl_client.c:300 0x3ffc65b4: 0000:  00 10 00 1d 00 17 00 18 00 1e 00 19 00 1a 00 1b  ................

D (4971) mbedtls: ssl_client.c:300 0x3ffc65b4: 0010:  00 1c                                            ..

D (4971) mbedtls: ssl_tls.c:8276 0x3ffc65b4: adding signature_algorithms extension

D (4971) mbedtls: ssl_tls.c:8296 0x3ffc65b4: got signature scheme [603] ecdsa_secp521r1_sha512

D (4971) mbedtls: ssl_tls.c:8305 0x3ffc65b4: sent signature scheme [603] ecdsa_secp521r1_sha512

D (4971) mbedtls: ssl_tls.c:8296 0x3ffc65b4: got signature scheme [806] rsa_pss_rsae_sha512

D (4971) mbedtls: ssl_tls.c:8296 0x3ffc65b4: got signature scheme [601] rsa_pkcs1_sha512

D (4971) mbedtls: ssl_tls.c:8305 0x3ffc65b4: sent signature scheme [601] rsa_pkcs1_sha512

D (4971) mbedtls: ssl_tls.c:8296 0x3ffc65b4: got signature scheme [503] ecdsa_secp384r1_sha384

D (4981) mbedtls: ssl_tls.c:8305 0x3ffc65b4: sent signature scheme [503] ecdsa_secp384r1_sha384

D (4981) mbedtls: ssl_tls.c:8296 0x3ffc65b4: got signature scheme [805] rsa_pss_rsae_sha384

D (4981) mbedtls: ssl_tls.c:8296 0x3ffc65b4: got signature scheme [501] rsa_pkcs1_sha384

D (4981) mbedtls: ssl_tls.c:8305 0x3ffc65b4: sent signature scheme [501] rsa_pkcs1_sha384

D (4981) mbedtls: ssl_tls.c:8296 0x3ffc65b4: got signature scheme [403] ecdsa_secp256r1_sha256

D (4981) mbedtls: ssl_tls.c:8305 0x3ffc65b4: sent signature scheme [403] ecdsa_secp256r1_sha256

D (4981) mbedtls: ssl_tls.c:8296 0x3ffc65b4: got signature scheme [804] rsa_pss_rsae_sha256

D (4981) mbedtls: ssl_tls.c:8296 0x3ffc65b4: got signature scheme [401] rsa_pkcs1_sha256

D (4981) mbedtls: ssl_tls.c:8305 0x3ffc65b4: sent signature scheme [401] rsa_pkcs1_sha256

D (4981) mbedtls: ssl_tls12_client.c:103 0x3ffc65b4: client hello, adding supported_point_formats extension

D (4981) mbedtls: ssl_tls12_client.c:287 0x3ffc65b4: client hello, adding encrypt_then_mac extension

D (4981) mbedtls: ssl_tls12_client.c:319 0x3ffc65b4: client hello, adding extended_master_secret extension

D (4981) mbedtls: ssl_tls12_client.c:352 0x3ffc65b4: client hello, adding session ticket extension

D (4981) mbedtls: ssl_client.c:687 0x3ffc65b4: client hello, total extension length: 58

D (4981) mbedtls: ssl_client.c:689 0x3ffc65b4: dumping 'client hello extensions' (58 bytes)

D (4981) mbedtls: ssl_client.c:689 0x3ffc65b4: 0000:  00 3a 00 0a 00 12 00 10 00 1d 00 17 00 18 00 1e  .:..............

D (4981) mbedtls: ssl_client.c:689 0x3ffc65b4: 0010:  00 19 00 1a 00 1b 00 1c 00 0d 00 0e 00 0c 06 03  ................

D (4981) mbedtls: ssl_client.c:689 0x3ffc65b4: 0020:  06 01 05 03 05 01 04 03 04 01 00 0b 00 02 01 00  ................

D (4981) mbedtls: ssl_client.c:689 0x3ffc65b4: 0030:  00 16 00 00 00 17 00 00 00 23                    .........#

I (4981) mbedtls: ssl_msg.c:2494 0x3ffc65b4: => write handshake message

I (4981) mbedtls: ssl_msg.c:2654 0x3ffc65b4: => write record

D (4981) mbedtls: ssl_msg.c:2737 0x3ffc65b4: output record: msgtype = 22, version = [3:3], msglen = 137

I (4981) mbedtls: ssl_msg.c:2790 0x3ffc65b4: <= write record

I (4981) mbedtls: ssl_msg.c:2615 0x3ffc65b4: <= write handshake message

D (4981) mbedtls: ssl_misc.h:1295 0x3ffc65b4: handshake state: 1 (MBEDTLS_SSL_CLIENT_HELLO) -> 2 (MBEDTLS_SSL_SERVER_HELLO)

I (4981) mbedtls: ssl_client.c:1010 0x3ffc65b4: <= write client hello

I (4981) mbedtls: ssl_msg.c:2063 0x3ffc65b4: => flush output

I (4981) mbedtls: ssl_msg.c:2077 0x3ffc65b4: message length: 142, out_left: 142

I (4981) mbedtls: ssl_msg.c:2084 0x3ffc65b4: ssl->f_send() returned 142 (-0xffffff72)

I (4981) mbedtls: ssl_msg.c:2111 0x3ffc65b4: <= flush output

I (4981) mbedtls: ssl_tls.c:4201 0x3ffc65b4: client state: MBEDTLS_SSL_SERVER_HELLO

I (4981) mbedtls: ssl_tls12_client.c:1151 0x3ffc65b4: => parse server hello

I (4981) mbedtls: ssl_msg.c:4040 0x3ffc65b4: => read record

I (4981) mbedtls: ssl_msg.c:1865 0x3ffc65b4: => fetch input

I (4981) mbedtls: ssl_msg.c:2005 0x3ffc65b4: in_left: 0, nb_want: 5

I (4981) mbedtls: ssl_msg.c:2025 0x3ffc65b4: in_left: 0, nb_want: 5

I (4991) mbedtls: ssl_msg.c:2028 0x3ffc65b4: ssl->f_recv(_timeout)() returned 5 (-0xfffffffb)

I (4991) mbedtls: ssl_msg.c:2050 0x3ffc65b4: <= fetch input

D (4991) mbedtls: ssl_msg.c:3707 0x3ffc65b4: input record: msgtype = 22, version = [0x303], msglen = 65

I (4991) mbedtls: ssl_msg.c:1865 0x3ffc65b4: => fetch input

I (4991) mbedtls: ssl_msg.c:2005 0x3ffc65b4: in_left: 5, nb_want: 70

I (4991) mbedtls: ssl_msg.c:2025 0x3ffc65b4: in_left: 5, nb_want: 70

I (4991) mbedtls: ssl_msg.c:2028 0x3ffc65b4: ssl->f_recv(_timeout)() returned 65 (-0xffffffbf)

I (4991) mbedtls: ssl_msg.c:2050 0x3ffc65b4: <= fetch input

D (4991) mbedtls: ssl_msg.c:2948 0x3ffc65b4: handshake message: msglen = 65, type = 2, hslen = 65

D (4991) mbedtls: ssl_msg.c:3085 0x3ffc65b4: sole handshake fragment: 65, 0..65 of 65

I (4991) mbedtls: ssl_msg.c:4112 0x3ffc65b4: <= read record

D (4991) mbedtls: ssl_tls12_client.c:1225 0x3ffc65b4: dumping 'server hello, version' (2 bytes)

D (4991) mbedtls: ssl_tls12_client.c:1225 0x3ffc65b4: 0000:  03 03                                            ..

D (4991) mbedtls: ssl_tls12_client.c:1246 0x3ffc65b4: server hello, current time: 3926774932

D (4991) mbedtls: ssl_tls12_client.c:1256 0x3ffc65b4: dumping 'server hello, random bytes' (32 bytes)

D (4991) mbedtls: ssl_tls12_client.c:1256 0x3ffc65b4: 0000:  ea 0d d4 94 6e b5 c2 7c 07 ad 01 4e 08 17 c8 b1  ....n..|...N....

D (4991) mbedtls: ssl_tls12_client.c:1256 0x3ffc65b4: 0010:  21 2b 17 ec cb 50 cb 3e 95 52 4b fe 81 5d c7 b3  !+...P.>.RK..]..

D (4991) mbedtls: ssl_tls12_client.c:1318 0x3ffc65b4: server hello, session id len.: 0

D (4991) mbedtls: ssl_tls12_client.c:1319 0x3ffc65b4: dumping 'server hello, session id' (0 bytes)

D (4991) mbedtls: ssl_misc.h:1295 0x3ffc65b4: handshake state: 2 (MBEDTLS_SSL_SERVER_HELLO) -> 3 (MBEDTLS_SSL_SERVER_CERTIFICATE)

D (4991) mbedtls: ssl_tls12_client.c:1343 0x3ffc65b4: no session has been resumed

D (4991) mbedtls: ssl_tls12_client.c:1346 0x3ffc65b4: server hello, chosen ciphersuite: c02c

D (4991) mbedtls: ssl_tls12_client.c:1347 0x3ffc65b4: server hello, compress alg.: 0

D (4991) mbedtls: ssl_tls12_client.c:1382 0x3ffc65b4: server hello, chosen ciphersuite: TLS-ECDHE-ECDSA-WITH-AES-256-GCM-SHA384

I (4991) mbedtls: ssl_tls12_client.c:1403 0x3ffc65b4: server hello, total extension length: 21

D (4991) mbedtls: ssl_tls12_client.c:1421 0x3ffc65b4: found renegotiation extension

D (4991) mbedtls: ssl_tls12_client.c:1500 0x3ffc65b4: found supported_point_formats extension

D (4991) mbedtls: ssl_tls12_client.c:1486 0x3ffc65b4: found session_ticket extension

D (4991) mbedtls: ssl_tls12_client.c:1473 0x3ffc65b4: found extended_master_secret extension

I (4991) mbedtls: ssl_tls12_client.c:1617 0x3ffc65b4: <= parse server hello

I (4991) mbedtls: ssl_msg.c:2063 0x3ffc65b4: => flush output

I (4991) mbedtls: ssl_msg.c:2072 0x3ffc65b4: <= flush output

I (4991) mbedtls: ssl_tls.c:4201 0x3ffc65b4: client state: MBEDTLS_SSL_SERVER_CERTIFICATE

I (4991) mbedtls: ssl_tls.c:7077 0x3ffc65b4: => parse certificate

I (4991) mbedtls: ssl_msg.c:4040 0x3ffc65b4: => read record

I (4991) mbedtls: ssl_msg.c:1865 0x3ffc65b4: => fetch input

I (4991) mbedtls: ssl_msg.c:2005 0x3ffc65b4: in_left: 0, nb_want: 5

I (4991) mbedtls: ssl_msg.c:2025 0x3ffc65b4: in_left: 0, nb_want: 5

I (4991) mbedtls: ssl_msg.c:2028 0x3ffc65b4: ssl->f_recv(_timeout)() returned 5 (-0xfffffffb)

I (4991) mbedtls: ssl_msg.c:2050 0x3ffc65b4: <= fetch input

D (4991) mbedtls: ssl_msg.c:3707 0x3ffc65b4: input record: msgtype = 22, version = [0x303], msglen = 394

I (4991) mbedtls: ssl_msg.c:1865 0x3ffc65b4: => fetch input

I (4991) mbedtls: ssl_msg.c:2005 0x3ffc65b4: in_left: 5, nb_want: 399

I (4991) mbedtls: ssl_msg.c:2025 0x3ffc65b4: in_left: 5, nb_want: 399

I (4991) mbedtls: ssl_msg.c:2028 0x3ffc65b4: ssl->f_recv(_timeout)() returned 394 (-0xfffffe76)

I (4991) mbedtls: ssl_msg.c:2050 0x3ffc65b4: <= fetch input

D (4991) mbedtls: ssl_msg.c:2948 0x3ffc65b4: handshake message: msglen = 394, type = 11, hslen = 394

D (5001) mbedtls: ssl_msg.c:3085 0x3ffc65b4: sole handshake fragment: 394, 0..394 of 394

I (5001) mbedtls: ssl_msg.c:4112 0x3ffc65b4: <= read record

D (5001) mbedtls: ssl_tls.c:6952 0x3ffc65b4: peer certificate #1:

D (5001) mbedtls: ssl_tls.c:6952 0x3ffc65b4: cert. version     : 3

D (5001) mbedtls: ssl_tls.c:6952 0x3ffc65b4: serial number     : 37:09:43:D4:1C:61:C3:A2:0B:22:A6:A0:1B:48:94:F0:41:88:C9:23

D (5001) mbedtls: ssl_tls.c:6952 0x3ffc65b4: issuer name       : CN=localhost

D (5001) mbedtls: ssl_tls.c:6952 0x3ffc65b4: subject name      : CN=localhost

D (5001) mbedtls: ssl_tls.c:6952 0x3ffc65b4: issued  on        : 2026-08-26 20:20:30

D (5001) mbedtls: ssl_tls.c:6952 0x3ffc65b4: expires on        : 2026-09-25 20:20:30

D (5001) mbedtls: ssl_tls.c:6952 0x3ffc65b4: signed using      : ECDSA with SHA256

D (5001) mbedtls: ssl_tls.c:6952 0x3ffc65b4: EC key size       : 256 bits

D (5001) mbedtls: ssl_tls.c:6952 0x3ffc65b4: basic constraints : CA=true

D (5001) mbedtls: ssl_tls.c:6952 0x3ffc65b4: dumping 'crt->PK' (65 bytes)

D (5001) mbedtls: ssl_tls.c:6952 0x3ffc65b4: 0000:  04 54 0e ba b5 7b 25 1b f2 9f 2d 96 f4 93 cd 8f

D (5001) mbedtls: ssl_tls.c:6952 0x3ffc65b4: 0010:  49 17 f1 f8 43 fd ec ae 5d 41 e9 f4 92 ac 22 e6

D (5001) mbedtls: ssl_tls.c:6952 0x3ffc65b4: 0020:  63 ac 57 44 3b f6 9e c0 c8 9f 49 85 41 d2 5d 63

D (5001) mbedtls: ssl_tls.c:6952 0x3ffc65b4: 0030:  06 98 de f8 fb 38 a5 80 7e 23 61 62 87 90 79 d7

D (5001) mbedtls: ssl_tls.c:6952 0x3ffc65b4: 0040:  84                                             

I (5001) mbedtls: ssl_tls.c:7191 0x3ffc65b4: <= parse certificate

D (5001) mbedtls: ssl_misc.h:1295 0x3ffc65b4: handshake state: 3 (MBEDTLS_SSL_SERVER_CERTIFICATE) -> 4 (MBEDTLS_SSL_SERVER_KEY_EXCHANGE)

I (5001) mbedtls: ssl_msg.c:2063 0x3ffc65b4: => flush output

I (5001) mbedtls: ssl_msg.c:2072 0x3ffc65b4: <= flush output

I (5001) mbedtls: ssl_tls.c:4201 0x3ffc65b4: client state: MBEDTLS_SSL_SERVER_KEY_EXCHANGE

I (5001) mbedtls: ssl_tls12_client.c:1831 0x3ffc65b4: => parse server key exchange

I (5001) mbedtls: ssl_msg.c:4040 0x3ffc65b4: => read record

I (5001) mbedtls: ssl_msg.c:1865 0x3ffc65b4: => fetch input

I (5001) mbedtls: ssl_msg.c:2005 0x3ffc65b4: in_left: 0, nb_want: 5

I (5001) mbedtls: ssl_msg.c:2025 0x3ffc65b4: in_left: 0, nb_want: 5

I (5001) mbedtls: ssl_msg.c:2028 0x3ffc65b4: ssl->f_recv(_timeout)() returned 5 (-0xfffffffb)

I (5001) mbedtls: ssl_msg.c:2050 0x3ffc65b4: <= fetch input

D (5001) mbedtls: ssl_msg.c:3707 0x3ffc65b4: input record: msgtype = 22, version = [0x303], msglen = 115

I (5001) mbedtls: ssl_msg.c:1865 0x3ffc65b4: => fetch input

I (5011) mbedtls: ssl_msg.c:2005 0x3ffc65b4: in_left: 5, nb_want: 120

I (5011) mbedtls: ssl_msg.c:2025 0x3ffc65b4: in_left: 5, nb_want: 120

I (5011) mbedtls: ssl_msg.c:2028 0x3ffc65b4: ssl->f_recv(_timeout)() returned 115 (-0xffffff8d)

I (5011) mbedtls: ssl_msg.c:2050 0x3ffc65b4: <= fetch input

D (5011) mbedtls: ssl_msg.c:2948 0x3ffc65b4: handshake message: msglen = 115, type = 12, hslen = 115

D (5011) mbedtls: ssl_msg.c:3085 0x3ffc65b4: sole handshake fragment: 115, 0..115 of 115

I (5011) mbedtls: ssl_msg.c:4112 0x3ffc65b4: <= read record

D (5011) mbedtls: ssl_tls12_client.c:1885 0x3ffc65b4: dumping 'server key exchange' (111 bytes)

D (5011) mbedtls: ssl_tls12_client.c:1885 0x3ffc65b4: 0000:  03 00 1d 20 f5 b1 e6 4a 16 19 74 51 c9 25 c8 76  ... ...J..tQ.%.v

D (5011) mbedtls: ssl_tls12_client.c:1885 0x3ffc65b4: 0010:  a2 51 ff 99 f0 f8 7d e1 d7 f0 cb 39 aa b4 55 fa  .Q....}....9..U.

D (5011) mbedtls: ssl_tls12_client.c:1885 0x3ffc65b4: 0020:  95 49 fb 6e 06 03 00 47 30 45 02 21 00 f2 40 7f  .I.n...G0E.!..@.

D (5011) mbedtls: ssl_tls12_client.c:1885 0x3ffc65b4: 0030:  75 f3 d6 3b c4 8f 35 96 de be 15 94 b4 9e 09 ad  u..;..5.........

D (5011) mbedtls: ssl_tls12_client.c:1885 0x3ffc65b4: 0040:  9e 01 ef b6 9f da b5 46 cb ca b1 cb df 02 20 3e  .......F...... >

D (5011) mbedtls: ssl_tls12_client.c:1885 0x3ffc65b4: 0050:  da bc bb 7f 50 eb 80 b8 36 44 f2 10 fc b4 58 7d  ....P...6D....X}

D (5011) mbedtls: ssl_tls12_client.c:1885 0x3ffc65b4: 0060:  d7 e3 f6 7c b7 fb 90 71 48 6e 97 3d 14 90 f4     ...|...qHn.=...

I (5011) mbedtls: ssl_tls12_client.c:1815 0x3ffc65b4: Server used the signature algorithm ecdsa_secp521r1_sha512

D (5011) mbedtls: ssl_tls12_client.c:2047 0x3ffc65b4: dumping 'signature' (71 bytes)

D (5011) mbedtls: ssl_tls12_client.c:2047 0x3ffc65b4: 0000:  30 45 02 21 00 f2 40 7f 75 f3 d6 3b c4 8f 35 96  0E.!..@.u..;..5.

D (5011) mbedtls: ssl_tls12_client.c:2047 0x3ffc65b4: 0010:  de be 15 94 b4 9e 09 ad 9e 01 ef b6 9f da b5 46  ...............F

D (5011) mbedtls: ssl_tls12_client.c:2047 0x3ffc65b4: 0020:  cb ca b1 cb df 02 20 3e da bc bb 7f 50 eb 80 b8  ...... >....P...

D (5011) mbedtls: ssl_tls12_client.c:2047 0x3ffc65b4: 0030:  36 44 f2 10 fc b4 58 7d d7 e3 f6 7c b7 fb 90 71  6D....X}...|...q

D (5011) mbedtls: ssl_tls12_client.c:2047 0x3ffc65b4: 0040:  48 6e 97 3d 14 90 f4                             Hn.=...

D (5011) mbedtls: ssl_tls.c:8082 0x3ffc65b4: Perform PSA-based computation of digest of ServerKeyExchange

D (5011) mbedtls: ssl_tls12_client.c:2064 0x3ffc65b4: dumping 'parameters hash' (64 bytes)

D (5011) mbedtls: ssl_tls12_client.c:2064 0x3ffc65b4: 0000:  9d 68 ac b7 d1 47 1d f6 9b 03 89 d3 c4 71 5a 68  .h...G.......qZh

D (5011) mbedtls: ssl_tls12_client.c:2064 0x3ffc65b4: 0010:  76 68 91 dd 87 f8 04 a7 e3 c1 a6 38 53 f5 a4 66  vh.........8S..f

D (5011) mbedtls: ssl_tls12_client.c:2064 0x3ffc65b4: 0020:  50 7b be aa 45 97 60 2b 55 26 87 e9 cd 3d ad be  P{..E.`+U&...=..

D (5011) mbedtls: ssl_tls12_client.c:2064 0x3ffc65b4: 0030:  6b 89 35 b0 ba ad 6f 79 05 f4 30 2a 15 43 d6 32  k.5...oy..0*.C.2

[mem-tick] t=    3264 ms phase=handshake    free=193680
D (5131) mbedtls: ssl_misc.h:1295 0x3ffc65b4: handshake state: 4 (MBEDTLS_SSL_SERVER_KEY_EXCHANGE) -> 5 (MBEDTLS_SSL_CERTIFICATE_REQUEST)

I (5131) mbedtls: ssl_tls12_client.c:2118 0x3ffc65b4: <= parse server key exchange

I (5131) mbedtls: ssl_msg.c:2063 0x3ffc65b4: => flush output

I (5131) mbedtls: ssl_msg.c:2072 0x3ffc65b4: <= flush output

I (5131) mbedtls: ssl_tls.c:4201 0x3ffc65b4: client state: MBEDTLS_SSL_CERTIFICATE_REQUEST

I (5131) mbedtls: ssl_tls12_client.c:2157 0x3ffc65b4: => parse certificate request

I (5131) mbedtls: ssl_msg.c:4040 0x3ffc65b4: => read record

I (5131) mbedtls: ssl_msg.c:1865 0x3ffc65b4: => fetch input

I (5131) mbedtls: ssl_msg.c:2005 0x3ffc65b4: in_left: 0, nb_want: 5

I (5131) mbedtls: ssl_msg.c:2025 0x3ffc65b4: in_left: 0, nb_want: 5

I (5131) mbedtls: ssl_msg.c:2028 0x3ffc65b4: ssl->f_recv(_timeout)() returned 5 (-0xfffffffb)

I (5131) mbedtls: ssl_msg.c:2050 0x3ffc65b4: <= fetch input

D (5131) mbedtls: ssl_msg.c:3707 0x3ffc65b4: input record: msgtype = 22, version = [0x303], msglen = 4

I (5131) mbedtls: ssl_msg.c:1865 0x3ffc65b4: => fetch input

I (5131) mbedtls: ssl_msg.c:2005 0x3ffc65b4: in_left: 5, nb_want: 9

I (5131) mbedtls: ssl_msg.c:2025 0x3ffc65b4: in_left: 5, nb_want: 9

I (5131) mbedtls: ssl_msg.c:2028 0x3ffc65b4: ssl->f_recv(_timeout)() returned 4 (-0xfffffffc)

I (5131) mbedtls: ssl_msg.c:2050 0x3ffc65b4: <= fetch input

D (5131) mbedtls: ssl_msg.c:2948 0x3ffc65b4: handshake message: msglen = 4, type = 14, hslen = 4

D (5141) mbedtls: ssl_msg.c:3085 0x3ffc65b4: sole handshake fragment: 4, 0..4 of 4

I (5141) mbedtls: ssl_msg.c:4112 0x3ffc65b4: <= read record

D (5141) mbedtls: ssl_misc.h:1295 0x3ffc65b4: handshake state: 5 (MBEDTLS_SSL_CERTIFICATE_REQUEST) -> 6 (MBEDTLS_SSL_SERVER_HELLO_DONE)

D (5141) mbedtls: ssl_tls12_client.c:2183 0x3ffc65b4: got no certificate request

I (5141) mbedtls: ssl_tls12_client.c:2319 0x3ffc65b4: <= parse certificate request

I (5141) mbedtls: ssl_msg.c:2063 0x3ffc65b4: => flush output

I (5141) mbedtls: ssl_msg.c:2072 0x3ffc65b4: <= flush output

I (5141) mbedtls: ssl_tls.c:4201 0x3ffc65b4: client state: MBEDTLS_SSL_SERVER_HELLO_DONE

I (5141) mbedtls: ssl_tls12_client.c:2330 0x3ffc65b4: => parse server hello done

I (5141) mbedtls: ssl_msg.c:4040 0x3ffc65b4: => read record

I (5141) mbedtls: ssl_msg.c:4108 0x3ffc65b4: reuse previously read message

I (5141) mbedtls: ssl_msg.c:4112 0x3ffc65b4: <= read record

D (5141) mbedtls: ssl_misc.h:1295 0x3ffc65b4: handshake state: 6 (MBEDTLS_SSL_SERVER_HELLO_DONE) -> 7 (MBEDTLS_SSL_CLIENT_CERTIFICATE)

I (5141) mbedtls: ssl_tls12_client.c:2358 0x3ffc65b4: <= parse server hello done

I (5141) mbedtls: ssl_msg.c:2063 0x3ffc65b4: => flush output

I (5141) mbedtls: ssl_msg.c:2072 0x3ffc65b4: <= flush output

I (5141) mbedtls: ssl_tls.c:4201 0x3ffc65b4: client state: MBEDTLS_SSL_CLIENT_CERTIFICATE

I (5141) mbedtls: ssl_tls.c:6675 0x3ffc65b4: => write certificate

I (5141) mbedtls: ssl_tls.c:6686 0x3ffc65b4: <= skip write certificate

D (5141) mbedtls: ssl_misc.h:1295 0x3ffc65b4: handshake state: 7 (MBEDTLS_SSL_CLIENT_CERTIFICATE) -> 8 (MBEDTLS_SSL_CLIENT_KEY_EXCHANGE)

I (5141) mbedtls: ssl_msg.c:2063 0x3ffc65b4: => flush output

I (5141) mbedtls: ssl_msg.c:2072 0x3ffc65b4: <= flush output

I (5141) mbedtls: ssl_tls.c:4201 0x3ffc65b4: client state: MBEDTLS_SSL_CLIENT_KEY_EXCHANGE

I (5141) mbedtls: ssl_tls12_client.c:2373 0x3ffc65b4: => write client key exchange

D (5141) mbedtls: ssl_tls12_client.c:2387 0x3ffc65b4: Perform PSA-based ECDH computation.

[mem-tick] t=    3365 ms phase=handshake    free=197724
[mem-tick] t=    3464 ms phase=handshake    free=197428
D (5281) mbedtls: ssl_misc.h:1295 0x3ffc65b4: handshake state: 8 (MBEDTLS_SSL_CLIENT_KEY_EXCHANGE) -> 9 (MBEDTLS_SSL_CERTIFICATE_VERIFY)

I (5281) mbedtls: ssl_msg.c:2494 0x3ffc65b4: => write handshake message

I (5281) mbedtls: ssl_msg.c:2654 0x3ffc65b4: => write record

D (5281) mbedtls: ssl_msg.c:2737 0x3ffc65b4: output record: msgtype = 22, version = [3:3], msglen = 37

I (5281) mbedtls: ssl_msg.c:2063 0x3ffc65b4: => flush output

I (5281) mbedtls: ssl_msg.c:2077 0x3ffc65b4: message length: 42, out_left: 42

I (5281) mbedtls: ssl_msg.c:2084 0x3ffc65b4: ssl->f_send() returned 42 (-0xffffffd6)

I (5281) mbedtls: ssl_msg.c:2111 0x3ffc65b4: <= flush output

I (5281) mbedtls: ssl_msg.c:2790 0x3ffc65b4: <= write record

I (5281) mbedtls: ssl_msg.c:2615 0x3ffc65b4: <= write handshake message

I (5281) mbedtls: ssl_tls12_client.c:2653 0x3ffc65b4: <= write client key exchange

I (5281) mbedtls: ssl_msg.c:2063 0x3ffc65b4: => flush output

I (5281) mbedtls: ssl_msg.c:2072 0x3ffc65b4: <= flush output

I (5281) mbedtls: ssl_tls.c:4201 0x3ffc65b4: client state: MBEDTLS_SSL_CERTIFICATE_VERIFY

I (5281) mbedtls: ssl_tls12_client.c:2701 0x3ffc65b4: => write certificate verify

I (5281) mbedtls: ssl_tls.c:6466 0x3ffc65b4: => derive keys

I (5281) mbedtls: ssl_tls.c:6557 0x3ffc65b4: => PSA calc verify

D (5281) mbedtls: ssl_tls.c:6568 0x3ffc65b4: dumping 'PSA calculated verify result' (48 bytes)

D (5281) mbedtls: ssl_tls.c:6568 0x3ffc65b4: 0000:  3d de 49 23 c2 f3 a3 8f 49 6c 7e 29 c1 e2 1d b2  =.I#....Il~)....

D (5281) mbedtls: ssl_tls.c:6568 0x3ffc65b4: 0010:  23 05 21 02 8e 16 48 be b4 0c d4 cc d5 a8 b1 bf  #.!...H.........

D (5281) mbedtls: ssl_tls.c:6568 0x3ffc65b4: 0020:  03 ab 63 35 d9 7a 54 52 9e 0b ee 27 07 3f 4b 2a  ..c5.zTR...'.?K*

I (5281) mbedtls: ssl_tls.c:6569 0x3ffc65b4: <= PSA calc verify

D (5281) mbedtls: ssl_tls.c:6308 0x3ffc65b4: dumping 'session hash for extended master secret' (48 bytes)

D (5281) mbedtls: ssl_tls.c:6308 0x3ffc65b4: 0000:  3d de 49 23 c2 f3 a3 8f 49 6c 7e 29 c1 e2 1d b2  =.I#....Il~)....

D (5281) mbedtls: ssl_tls.c:6308 0x3ffc65b4: 0010:  23 05 21 02 8e 16 48 be b4 0c d4 cc d5 a8 b1 bf  #.!...H.........

D (5281) mbedtls: ssl_tls.c:6308 0x3ffc65b4: 0020:  03 ab 63 35 d9 7a 54 52 9e 0b ee 27 07 3f 4b 2a  ..c5.zTR...'.?K*

D (5281) mbedtls: ssl_tls.c:6449 0x3ffc65b4: dumping 'premaster secret' (32 bytes)

D (5281) mbedtls: ssl_tls.c:6449 0x3ffc65b4: 0000:  35 69 a9 09 e8 88 33 81 89 05 fb 1b 96 eb 74 47  5i....3.......tG

D (5281) mbedtls: ssl_tls.c:6449 0x3ffc65b4: 0010:  b4 70 48 32 fc 48 f1 1e c1 b5 29 b1 41 4f d2 76  .pH2.H....).AO.v

D (5281) mbedtls: ssl_tls.c:7762 0x3ffc65b4: ciphersuite = TLS-ECDHE-ECDSA-WITH-AES-256-GCM-SHA384

D (5281) mbedtls: ssl_tls.c:7764 0x3ffc65b4: dumping 'master secret' (48 bytes)

D (5281) mbedtls: ssl_tls.c:7764 0x3ffc65b4: 0000:  1f b6 42 23 d4 bf 22 64 54 31 77 f4 88 48 18 d7  ..B#.."dT1w..H..

D (5281) mbedtls: ssl_tls.c:7764 0x3ffc65b4: 0010:  17 ee 9e 0f 8e a9 b4 a9 3e 62 0b 29 e0 6f 0b a5  ........>b.).o..

D (5281) mbedtls: ssl_tls.c:7764 0x3ffc65b4: 0020:  9d 76 7e 56 17 6c e5 f8 24 ae e1 44 ac 3e 99 77  .v~V.l..$..D.>.w

D (5281) mbedtls: ssl_tls.c:7855 0x3ffc65b4: keylen: 32, minlen: 24, ivlen: 12, maclen: 0

I (5281) mbedtls: ssl_tls.c:6517 0x3ffc65b4: <= derive keys

I (5291) mbedtls: ssl_tls12_client.c:2723 0x3ffc65b4: <= skip write certificate verify

D (5291) mbedtls: ssl_misc.h:1295 0x3ffc65b4: handshake state: 9 (MBEDTLS_SSL_CERTIFICATE_VERIFY) -> 10 (MBEDTLS_SSL_CLIENT_CHANGE_CIPHER_SPEC)

I (5291) mbedtls: ssl_msg.c:2063 0x3ffc65b4: => flush output

I (5291) mbedtls: ssl_msg.c:2072 0x3ffc65b4: <= flush output

I (5291) mbedtls: ssl_tls.c:4201 0x3ffc65b4: client state: MBEDTLS_SSL_CLIENT_CHANGE_CIPHER_SPEC

I (5291) mbedtls: ssl_msg.c:5087 0x3ffc65b4: => write change cipher spec

D (5291) mbedtls: ssl_misc.h:1295 0x3ffc65b4: handshake state: 10 (MBEDTLS_SSL_CLIENT_CHANGE_CIPHER_SPEC) -> 11 (MBEDTLS_SSL_CLIENT_FINISHED)

I (5291) mbedtls: ssl_msg.c:2494 0x3ffc65b4: => write handshake message

I (5291) mbedtls: ssl_msg.c:2654 0x3ffc65b4: => write record

D (5291) mbedtls: ssl_msg.c:2737 0x3ffc65b4: output record: msgtype = 20, version = [3:3], msglen = 1

I (5291) mbedtls: ssl_msg.c:2063 0x3ffc65b4: => flush output

I (5291) mbedtls: ssl_msg.c:2077 0x3ffc65b4: message length: 6, out_left: 6

I (5291) mbedtls: ssl_msg.c:2084 0x3ffc65b4: ssl->f_send() returned 6 (-0xfffffffa)

I (5291) mbedtls: ssl_msg.c:2111 0x3ffc65b4: <= flush output

I (5291) mbedtls: ssl_msg.c:2790 0x3ffc65b4: <= write record

I (5291) mbedtls: ssl_msg.c:2615 0x3ffc65b4: <= write handshake message

I (5291) mbedtls: ssl_msg.c:5100 0x3ffc65b4: <= write change cipher spec

I (5291) mbedtls: ssl_msg.c:2063 0x3ffc65b4: => flush output

I (5291) mbedtls: ssl_msg.c:2072 0x3ffc65b4: <= flush output

I (5291) mbedtls: ssl_tls.c:4201 0x3ffc65b4: client state: MBEDTLS_SSL_CLIENT_FINISHED

I (5291) mbedtls: ssl_tls.c:7384 0x3ffc65b4: => write finished

I (5291) mbedtls: ssl_tls.c:7235 0x3ffc65b4: => calc PSA finished tls

D (5291) mbedtls: ssl_tls.c:7246 0x3ffc65b4: dumping 'PSA calculated padbuf' (48 bytes)

D (5291) mbedtls: ssl_tls.c:7246 0x3ffc65b4: 0000:  3d de 49 23 c2 f3 a3 8f 49 6c 7e 29 c1 e2 1d b2  =.I#....Il~)....

D (5291) mbedtls: ssl_tls.c:7246 0x3ffc65b4: 0010:  23 05 21 02 8e 16 48 be b4 0c d4 cc d5 a8 b1 bf  #.!...H.........

D (5291) mbedtls: ssl_tls.c:7246 0x3ffc65b4: 0020:  03 ab 63 35 d9 7a 54 52 9e 0b ee 27 07 3f 4b 2a  ..c5.zTR...'.?K*

D (5291) mbedtls: ssl_tls.c:7258 0x3ffc65b4: dumping 'calc finished result' (12 bytes)

D (5291) mbedtls: ssl_tls.c:7258 0x3ffc65b4: 0000:  f6 e4 ee fe 5f 03 84 15 4f 38 48 3b              ...._...O8H;

I (5291) mbedtls: ssl_tls.c:7262 0x3ffc65b4: <= calc finished

D (5291) mbedtls: ssl_misc.h:1295 0x3ffc65b4: handshake state: 11 (MBEDTLS_SSL_CLIENT_FINISHED) -> 12 (MBEDTLS_SSL_SERVER_CHANGE_CIPHER_SPEC)

D (5291) mbedtls: ssl_tls.c:7434 0x3ffc65b4: switching to new transform spec for outbound data

I (5291) mbedtls: ssl_msg.c:2494 0x3ffc65b4: => write handshake message

I (5291) mbedtls: ssl_msg.c:2654 0x3ffc65b4: => write record

I (5291) mbedtls: ssl_msg.c:808 0x3ffc65b4: => encrypt buf

D (5291) mbedtls: ssl_msg.c:1036 0x3ffc65b4: before encrypt: msglen = 16, including 0 bytes of padding

I (5291) mbedtls: ssl_msg.c:1265 0x3ffc65b4: <= encrypt buf

D (5291) mbedtls: ssl_msg.c:2737 0x3ffc65b4: output record: msgtype = 22, version = [3:3], msglen = 40

I (5291) mbedtls: ssl_msg.c:2063 0x3ffc65b4: => flush output

I (5291) mbedtls: ssl_msg.c:2077 0x3ffc65b4: message length: 45, out_left: 45

I (5291) mbedtls: ssl_msg.c:2084 0x3ffc65b4: ssl->f_send() returned 45 (-0xffffffd3)

I (5291) mbedtls: ssl_msg.c:2111 0x3ffc65b4: <= flush output

I (5291) mbedtls: ssl_msg.c:2790 0x3ffc65b4: <= write record

I (5291) mbedtls: ssl_msg.c:2615 0x3ffc65b4: <= write handshake message

I (5291) mbedtls: ssl_tls.c:7487 0x3ffc65b4: <= write finished

I (5291) mbedtls: ssl_msg.c:2063 0x3ffc65b4: => flush output

I (5291) mbedtls: ssl_msg.c:2072 0x3ffc65b4: <= flush output

I (5291) mbedtls: ssl_tls.c:4201 0x3ffc65b4: client state: MBEDTLS_SSL_SERVER_CHANGE_CIPHER_SPEC

D (5291) mbedtls: ssl_misc.h:1295 0x3ffc65b4: handshake state: 12 (MBEDTLS_SSL_SERVER_CHANGE_CIPHER_SPEC) -> 16 (MBEDTLS_SSL_NEW_SESSION_TICKET)

I (5291) mbedtls: ssl_tls12_client.c:2829 0x3ffc65b4: => parse new session ticket

I (5291) mbedtls: ssl_msg.c:4040 0x3ffc65b4: => read record

I (5291) mbedtls: ssl_msg.c:1865 0x3ffc65b4: => fetch input

I (5291) mbedtls: ssl_msg.c:2005 0x3ffc65b4: in_left: 0, nb_want: 5

I (5291) mbedtls: ssl_msg.c:2025 0x3ffc65b4: in_left: 0, nb_want: 5

I (5291) mbedtls: ssl_msg.c:2028 0x3ffc65b4: ssl->f_recv(_timeout)() returned 5 (-0xfffffffb)

I (5291) mbedtls: ssl_msg.c:2050 0x3ffc65b4: <= fetch input

D (5291) mbedtls: ssl_msg.c:3707 0x3ffc65b4: input record: msgtype = 22, version = [0x303], msglen = 186

I (5291) mbedtls: ssl_msg.c:1865 0x3ffc65b4: => fetch input

I (5291) mbedtls: ssl_msg.c:2005 0x3ffc65b4: in_left: 5, nb_want: 191

I (5291) mbedtls: ssl_msg.c:2025 0x3ffc65b4: in_left: 5, nb_want: 191

I (5291) mbedtls: ssl_msg.c:2028 0x3ffc65b4: ssl->f_recv(_timeout)() returned 186 (-0xffffff46)

I (5291) mbedtls: ssl_msg.c:2050 0x3ffc65b4: <= fetch input

D (5301) mbedtls: ssl_msg.c:2948 0x3ffc65b4: handshake message: msglen = 186, type = 4, hslen = 186

D (5301) mbedtls: ssl_msg.c:3085 0x3ffc65b4: sole handshake fragment: 186, 0..186 of 186

I (5301) mbedtls: ssl_msg.c:4112 0x3ffc65b4: <= read record

D (5301) mbedtls: ssl_tls12_client.c:2876 0x3ffc65b4: ticket length: 176

D (5301) mbedtls: ssl_misc.h:1295 0x3ffc65b4: handshake state: 16 (MBEDTLS_SSL_NEW_SESSION_TICKET) -> 12 (MBEDTLS_SSL_SERVER_CHANGE_CIPHER_SPEC)

D (5301) mbedtls: ssl_tls12_client.c:2920 0x3ffc65b4: ticket in use, discarding session id

I (5301) mbedtls: ssl_tls12_client.c:2923 0x3ffc65b4: <= parse new session ticket

I (5301) mbedtls: ssl_msg.c:2063 0x3ffc65b4: => flush output

I (5301) mbedtls: ssl_msg.c:2072 0x3ffc65b4: <= flush output

I (5301) mbedtls: ssl_tls.c:4201 0x3ffc65b4: client state: MBEDTLS_SSL_SERVER_CHANGE_CIPHER_SPEC

I (5301) mbedtls: ssl_msg.c:5109 0x3ffc65b4: => parse change cipher spec

I (5301) mbedtls: ssl_msg.c:4040 0x3ffc65b4: => read record

I (5301) mbedtls: ssl_msg.c:1865 0x3ffc65b4: => fetch input

I (5301) mbedtls: ssl_msg.c:2005 0x3ffc65b4: in_left: 0, nb_want: 5

I (5301) mbedtls: ssl_msg.c:2025 0x3ffc65b4: in_left: 0, nb_want: 5

I (5301) mbedtls: ssl_msg.c:2028 0x3ffc65b4: ssl->f_recv(_timeout)() returned 5 (-0xfffffffb)

I (5301) mbedtls: ssl_msg.c:2050 0x3ffc65b4: <= fetch input

D (5301) mbedtls: ssl_msg.c:3707 0x3ffc65b4: input record: msgtype = 20, version = [0x303], msglen = 1

I (5301) mbedtls: ssl_msg.c:1865 0x3ffc65b4: => fetch input

I (5301) mbedtls: ssl_msg.c:2005 0x3ffc65b4: in_left: 5, nb_want: 6

I (5301) mbedtls: ssl_msg.c:2025 0x3ffc65b4: in_left: 5, nb_want: 6

I (5301) mbedtls: ssl_msg.c:2028 0x3ffc65b4: ssl->f_recv(_timeout)() returned 1 (-0xffffffff)

I (5301) mbedtls: ssl_msg.c:2050 0x3ffc65b4: <= fetch input

I (5301) mbedtls: ssl_msg.c:4112 0x3ffc65b4: <= read record

D (5301) mbedtls: ssl_msg.c:5130 0x3ffc65b4: switching to new transform spec for inbound data

D (5301) mbedtls: ssl_misc.h:1295 0x3ffc65b4: handshake state: 12 (MBEDTLS_SSL_SERVER_CHANGE_CIPHER_SPEC) -> 13 (MBEDTLS_SSL_SERVER_FINISHED)

I (5301) mbedtls: ssl_msg.c:5157 0x3ffc65b4: <= parse change cipher spec

I (5301) mbedtls: ssl_msg.c:2063 0x3ffc65b4: => flush output

I (5301) mbedtls: ssl_msg.c:2072 0x3ffc65b4: <= flush output

I (5301) mbedtls: ssl_tls.c:4201 0x3ffc65b4: client state: MBEDTLS_SSL_SERVER_FINISHED

I (5301) mbedtls: ssl_tls.c:7500 0x3ffc65b4: => parse finished

I (5301) mbedtls: ssl_tls.c:7235 0x3ffc65b4: => calc PSA finished tls

D (5301) mbedtls: ssl_tls.c:7246 0x3ffc65b4: dumping 'PSA calculated padbuf' (48 bytes)

D (5301) mbedtls: ssl_tls.c:7246 0x3ffc65b4: 0000:  a1 9c 6e 34 11 79 74 f5 7c e3 14 c8 2f 33 1a 57  ..n4.yt.|.../3.W

D (5301) mbedtls: ssl_tls.c:7246 0x3ffc65b4: 0010:  61 cb bc 67 be 67 89 a1 bb 44 00 6a 40 2d 04 bd  a..g.g...D.j@-..

D (5301) mbedtls: ssl_tls.c:7246 0x3ffc65b4: 0020:  82 d2 3e 0c 55 ec 22 af 29 b6 d9 b1 50 d7 55 f2  ..>.U.".)...P.U.

D (5301) mbedtls: ssl_tls.c:7258 0x3ffc65b4: dumping 'calc finished result' (12 bytes)

D (5301) mbedtls: ssl_tls.c:7258 0x3ffc65b4: 0000:  ab 74 b0 01 07 6d 54 05 ef 1d 13 c0              .t...mT.....

I (5301) mbedtls: ssl_tls.c:7262 0x3ffc65b4: <= calc finished

I (5301) mbedtls: ssl_msg.c:4040 0x3ffc65b4: => read record

I (5301) mbedtls: ssl_msg.c:1865 0x3ffc65b4: => fetch input

I (5301) mbedtls: ssl_msg.c:2005 0x3ffc65b4: in_left: 0, nb_want: 5

I (5301) mbedtls: ssl_msg.c:2025 0x3ffc65b4: in_left: 0, nb_want: 5

I (5301) mbedtls: ssl_msg.c:2028 0x3ffc65b4: ssl->f_recv(_timeout)() returned 5 (-0xfffffffb)

I (5301) mbedtls: ssl_msg.c:2050 0x3ffc65b4: <= fetch input

D (5301) mbedtls: ssl_msg.c:3707 0x3ffc65b4: input record: msgtype = 22, version = [0x303], msglen = 40

I (5301) mbedtls: ssl_msg.c:1865 0x3ffc65b4: => fetch input

I (5301) mbedtls: ssl_msg.c:2005 0x3ffc65b4: in_left: 5, nb_want: 45

I (5301) mbedtls: ssl_msg.c:2025 0x3ffc65b4: in_left: 5, nb_want: 45

I (5301) mbedtls: ssl_msg.c:2028 0x3ffc65b4: ssl->f_recv(_timeout)() returned 40 (-0xffffffd8)

I (5301) mbedtls: ssl_msg.c:2050 0x3ffc65b4: <= fetch input

I (5301) mbedtls: ssl_msg.c:1301 0x3ffc65b4: => decrypt buf

I (5301) mbedtls: ssl_msg.c:1831 0x3ffc65b4: <= decrypt buf

D (5301) mbedtls: ssl_msg.c:2948 0x3ffc65b4: handshake message: msglen = 16, type = 20, hslen = 16

D (5301) mbedtls: ssl_msg.c:3085 0x3ffc65b4: sole handshake fragment: 16, 0..16 of 16

I (5301) mbedtls: ssl_msg.c:4112 0x3ffc65b4: <= read record

D (5301) mbedtls: ssl_misc.h:1295 0x3ffc65b4: handshake state: 13 (MBEDTLS_SSL_SERVER_FINISHED) -> 14 (MBEDTLS_SSL_FLUSH_BUFFERS)

I (5301) mbedtls: ssl_tls.c:7571 0x3ffc65b4: <= parse finished

I (5301) mbedtls: ssl_msg.c:2063 0x3ffc65b4: => flush output

I (5301) mbedtls: ssl_msg.c:2072 0x3ffc65b4: <= flush output

I (5301) mbedtls: ssl_tls.c:4201 0x3ffc65b4: client state: MBEDTLS_SSL_FLUSH_BUFFERS

I (5301) mbedtls: ssl_tls12_client.c:3031 0x3ffc65b4: handshake: done

D (5301) mbedtls: ssl_misc.h:1295 0x3ffc65b4: handshake state: 14 (MBEDTLS_SSL_FLUSH_BUFFERS) -> 15 (MBEDTLS_SSL_HANDSHAKE_WRAPUP)

I (5301) mbedtls: ssl_msg.c:2063 0x3ffc65b4: => flush output

I (5301) mbedtls: ssl_msg.c:2072 0x3ffc65b4: <= flush output

I (5301) mbedtls: ssl_tls.c:4201 0x3ffc65b4: client state: MBEDTLS_SSL_HANDSHAKE_WRAPUP

D (5311) mbedtls: ssl_tls.c:7322 0x3ffc65b4: => handshake wrapup

D (5311) mbedtls: ssl_tls.c:7296 0x3ffc65b4: => handshake wrapup: final free

D (5311) mbedtls: ssl_tls.c:7315 0x3ffc65b4: <= handshake wrapup: final free

D (5311) mbedtls: ssl_misc.h:1295 0x3ffc65b4: handshake state: 15 (MBEDTLS_SSL_HANDSHAKE_WRAPUP) -> 27 (MBEDTLS_SSL_HANDSHAKE_OVER)

D (5311) mbedtls: ssl_tls.c:7376 0x3ffc65b4: <= handshake wrapup

I (5311) mbedtls: ssl_tls.c:4293 0x3ffc65b4: <= handshake

[phase-a] tcp_connect=2110 us | tls_handshake=347850 us | total=349960 us
[neg] version=TLSv1.2 suite=TLS-ECDHE-ECDSA-WITH-AES-256-GCM-SHA384 peer_cert=0 bytes
[mem] post-handshake         free=200976 largest=110592 min-ever=191256
[ledger] HANDSHAKE_PEAK_DELTA(EC) = 0 bytes (min-ever 191256 -> 191256)
I (5311) mbedtls: ssl_msg.c:5925 0x3ffc65b4: => write

I (5311) mbedtls: ssl_msg.c:2654 0x3ffc65b4: => write record

I (5311) mbedtls: ssl_msg.c:808 0x3ffc65b4: => encrypt buf

D (5311) mbedtls: ssl_msg.c:1036 0x3ffc65b4: before encrypt: msglen = 14, including 0 bytes of padding

I (5311) mbedtls: ssl_msg.c:1265 0x3ffc65b4: <= encrypt buf

D (5311) mbedtls: ssl_msg.c:2737 0x3ffc65b4: output record: msgtype = 23, version = [3:3], msglen = 38

I (5311) mbedtls: ssl_msg.c:2063 0x3ffc65b4: => flush output

I (5311) mbedtls: ssl_msg.c:2077 0x3ffc65b4: message length: 43, out_left: 43

I (5311) mbedtls: ssl_msg.c:2084 0x3ffc65b4: ssl->f_send() returned 43 (-0xffffffd5)

I (5311) mbedtls: ssl_msg.c:2111 0x3ffc65b4: <= flush output

I (5311) mbedtls: ssl_msg.c:2790 0x3ffc65b4: <= write record

I (5311) mbedtls: ssl_msg.c:5947 0x3ffc65b4: <= write

I (5311) mbedtls: ssl_msg.c:5663 0x3ffc65b4: => read

I (5311) mbedtls: ssl_msg.c:4040 0x3ffc65b4: => read record

I (5311) mbedtls: ssl_msg.c:1865 0x3ffc65b4: => fetch input

I (5311) mbedtls: ssl_msg.c:2005 0x3ffc65b4: in_left: 0, nb_want: 5

I (5311) mbedtls: ssl_msg.c:2025 0x3ffc65b4: in_left: 0, nb_want: 5

I (5311) mbedtls: ssl_msg.c:2028 0x3ffc65b4: ssl->f_recv(_timeout)() returned 5 (-0xfffffffb)

I (5311) mbedtls: ssl_msg.c:2050 0x3ffc65b4: <= fetch input

D (5311) mbedtls: ssl_msg.c:3707 0x3ffc65b4: input record: msgtype = 23, version = [0x303], msglen = 38

I (5311) mbedtls: ssl_msg.c:1865 0x3ffc65b4: => fetch input

I (5311) mbedtls: ssl_msg.c:2005 0x3ffc65b4: in_left: 5, nb_want: 43

I (5311) mbedtls: ssl_msg.c:2025 0x3ffc65b4: in_left: 5, nb_want: 43

I (5311) mbedtls: ssl_msg.c:2028 0x3ffc65b4: ssl->f_recv(_timeout)() returned 38 (-0xffffffda)

I (5311) mbedtls: ssl_msg.c:2050 0x3ffc65b4: <= fetch input

I (5311) mbedtls: ssl_msg.c:1301 0x3ffc65b4: => decrypt buf

I (5311) mbedtls: ssl_msg.c:1831 0x3ffc65b4: <= decrypt buf

I (5311) mbedtls: ssl_msg.c:4112 0x3ffc65b4: <= read record

I (5311) mbedtls: ssl_msg.c:5823 0x3ffc65b4: <= read

[phase-a] app-echo #0 rtt=4411 us payload=14 B
I (5311) mbedtls: ssl_msg.c:5925 0x3ffc65b4: => write

I (5311) mbedtls: ssl_msg.c:2654 0x3ffc65b4: => write record

I (5311) mbedtls: ssl_msg.c:808 0x3ffc65b4: => encrypt buf

D (5311) mbedtls: ssl_msg.c:1036 0x3ffc65b4: before encrypt: msglen = 14, including 0 bytes of padding

I (5311) mbedtls: ssl_msg.c:1265 0x3ffc65b4: <= encrypt buf

D (5311) mbedtls: ssl_msg.c:2737 0x3ffc65b4: output record: msgtype = 23, version = [3:3], msglen = 38

I (5311) mbedtls: ssl_msg.c:2063 0x3ffc65b4: => flush output

I (5311) mbedtls: ssl_msg.c:2077 0x3ffc65b4: message length: 43, out_left: 43

I (5311) mbedtls: ssl_msg.c:2084 0x3ffc65b4: ssl->f_send() returned 43 (-0xffffffd5)

I (5311) mbedtls: ssl_msg.c:2111 0x3ffc65b4: <= flush output

I (5311) mbedtls: ssl_msg.c:2790 0x3ffc65b4: <= write record

I (5311) mbedtls: ssl_msg.c:5947 0x3ffc65b4: <= write

I (5311) mbedtls: ssl_msg.c:5663 0x3ffc65b4: => read

I (5311) mbedtls: ssl_msg.c:4040 0x3ffc65b4: => read record

I (5311) mbedtls: ssl_msg.c:1865 0x3ffc65b4: => fetch input

I (5311) mbedtls: ssl_msg.c:2005 0x3ffc65b4: in_left: 0, nb_want: 5

I (5311) mbedtls: ssl_msg.c:2025 0x3ffc65b4: in_left: 0, nb_want: 5

I (5311) mbedtls: ssl_msg.c:2028 0x3ffc65b4: ssl->f_recv(_timeout)() returned 5 (-0xfffffffb)

I (5311) mbedtls: ssl_msg.c:2050 0x3ffc65b4: <= fetch input

D (5311) mbedtls: ssl_msg.c:3707 0x3ffc65b4: input record: msgtype = 23, version = [0x303], msglen = 38

I (5311) mbedtls: ssl_msg.c:1865 0x3ffc65b4: => fetch input

I (5311) mbedtls: ssl_msg.c:2005 0x3ffc65b4: in_left: 5, nb_want: 43

I (5311) mbedtls: ssl_msg.c:2025 0x3ffc65b4: in_left: 5, nb_want: 43

I (5311) mbedtls: ssl_msg.c:2028 0x3ffc65b4: ssl->f_recv(_timeout)() returned 38 (-0xffffffda)

I (5311) mbedtls: ssl_msg.c:2050 0x3ffc65b4: <= fetch input

I (5311) mbedtls: ssl_msg.c:1301 0x3ffc65b4: => decrypt buf

I (5321) mbedtls: ssl_msg.c:1831 0x3ffc65b4: <= decrypt buf

I (5321) mbedtls: ssl_msg.c:4112 0x3ffc65b4: <= read record

I (5321) mbedtls: ssl_msg.c:5823 0x3ffc65b4: <= read

[phase-a] app-echo #1 rtt=4132 us payload=14 B
I (5321) mbedtls: ssl_msg.c:5925 0x3ffc65b4: => write

I (5321) mbedtls: ssl_msg.c:2654 0x3ffc65b4: => write record

I (5321) mbedtls: ssl_msg.c:808 0x3ffc65b4: => encrypt buf

D (5321) mbedtls: ssl_msg.c:1036 0x3ffc65b4: before encrypt: msglen = 14, including 0 bytes of padding

I (5321) mbedtls: ssl_msg.c:1265 0x3ffc65b4: <= encrypt buf

D (5321) mbedtls: ssl_msg.c:2737 0x3ffc65b4: output record: msgtype = 23, version = [3:3], msglen = 38

I (5321) mbedtls: ssl_msg.c:2063 0x3ffc65b4: => flush output

I (5321) mbedtls: ssl_msg.c:2077 0x3ffc65b4: message length: 43, out_left: 43

I (5321) mbedtls: ssl_msg.c:2084 0x3ffc65b4: ssl->f_send() returned 43 (-0xffffffd5)

I (5321) mbedtls: ssl_msg.c:2111 0x3ffc65b4: <= flush output

I (5321) mbedtls: ssl_msg.c:2790 0x3ffc65b4: <= write record

I (5321) mbedtls: ssl_msg.c:5947 0x3ffc65b4: <= write

I (5321) mbedtls: ssl_msg.c:5663 0x3ffc65b4: => read

I (5321) mbedtls: ssl_msg.c:4040 0x3ffc65b4: => read record

I (5321) mbedtls: ssl_msg.c:1865 0x3ffc65b4: => fetch input

I (5321) mbedtls: ssl_msg.c:2005 0x3ffc65b4: in_left: 0, nb_want: 5

I (5321) mbedtls: ssl_msg.c:2025 0x3ffc65b4: in_left: 0, nb_want: 5

I (5321) mbedtls: ssl_msg.c:2028 0x3ffc65b4: ssl->f_recv(_timeout)() returned 5 (-0xfffffffb)

I (5321) mbedtls: ssl_msg.c:2050 0x3ffc65b4: <= fetch input

D (5321) mbedtls: ssl_msg.c:3707 0x3ffc65b4: input record: msgtype = 23, version = [0x303], msglen = 38

I (5321) mbedtls: ssl_msg.c:1865 0x3ffc65b4: => fetch input

I (5321) mbedtls: ssl_msg.c:2005 0x3ffc65b4: in_left: 5, nb_want: 43

I (5321) mbedtls: ssl_msg.c:2025 0x3ffc65b4: in_left: 5, nb_want: 43

I (5321) mbedtls: ssl_msg.c:2028 0x3ffc65b4: ssl->f_recv(_timeout)() returned 38 (-0xffffffda)

I (5321) mbedtls: ssl_msg.c:2050 0x3ffc65b4: <= fetch input

I (5321) mbedtls: ssl_msg.c:1301 0x3ffc65b4: => decrypt buf

I (5321) mbedtls: ssl_msg.c:1831 0x3ffc65b4: <= decrypt buf

I (5321) mbedtls: ssl_msg.c:4112 0x3ffc65b4: <= read record

I (5321) mbedtls: ssl_msg.c:5823 0x3ffc65b4: <= read

[phase-a] app-echo #2 rtt=4075 us payload=14 B
I (5321) mbedtls: ssl_msg.c:5925 0x3ffc65b4: => write

I (5321) mbedtls: ssl_msg.c:2654 0x3ffc65b4: => write record

I (5321) mbedtls: ssl_msg.c:808 0x3ffc65b4: => encrypt buf

D (5321) mbedtls: ssl_msg.c:1036 0x3ffc65b4: before encrypt: msglen = 14, including 0 bytes of padding

I (5321) mbedtls: ssl_msg.c:1265 0x3ffc65b4: <= encrypt buf

D (5321) mbedtls: ssl_msg.c:2737 0x3ffc65b4: output record: msgtype = 23, version = [3:3], msglen = 38

I (5321) mbedtls: ssl_msg.c:2063 0x3ffc65b4: => flush output

I (5321) mbedtls: ssl_msg.c:2077 0x3ffc65b4: message length: 43, out_left: 43

I (5321) mbedtls: ssl_msg.c:2084 0x3ffc65b4: ssl->f_send() returned 43 (-0xffffffd5)

I (5321) mbedtls: ssl_msg.c:2111 0x3ffc65b4: <= flush output

I (5321) mbedtls: ssl_msg.c:2790 0x3ffc65b4: <= write record

I (5321) mbedtls: ssl_msg.c:5947 0x3ffc65b4: <= write

I (5321) mbedtls: ssl_msg.c:5663 0x3ffc65b4: => read

I (5321) mbedtls: ssl_msg.c:4040 0x3ffc65b4: => read record

I (5321) mbedtls: ssl_msg.c:1865 0x3ffc65b4: => fetch input

I (5321) mbedtls: ssl_msg.c:2005 0x3ffc65b4: in_left: 0, nb_want: 5

I (5321) mbedtls: ssl_msg.c:2025 0x3ffc65b4: in_left: 0, nb_want: 5

I (5321) mbedtls: ssl_msg.c:2028 0x3ffc65b4: ssl->f_recv(_timeout)() returned 5 (-0xfffffffb)

I (5321) mbedtls: ssl_msg.c:2050 0x3ffc65b4: <= fetch input

D (5321) mbedtls: ssl_msg.c:3707 0x3ffc65b4: input record: msgtype = 23, version = [0x303], msglen = 38

I (5321) mbedtls: ssl_msg.c:1865 0x3ffc65b4: => fetch input

I (5321) mbedtls: ssl_msg.c:2005 0x3ffc65b4: in_left: 5, nb_want: 43

I (5321) mbedtls: ssl_msg.c:2025 0x3ffc65b4: in_left: 5, nb_want: 43

I (5321) mbedtls: ssl_msg.c:2028 0x3ffc65b4: ssl->f_recv(_timeout)() returned 38 (-0xffffffda)

I (5321) mbedtls: ssl_msg.c:2050 0x3ffc65b4: <= fetch input

I (5321) mbedtls: ssl_msg.c:1301 0x3ffc65b4: => decrypt buf

I (5321) mbedtls: ssl_msg.c:1831 0x3ffc65b4: <= decrypt buf

I (5321) mbedtls: ssl_msg.c:4112 0x3ffc65b4: <= read record

I (5321) mbedtls: ssl_msg.c:5823 0x3ffc65b4: <= read

[phase-a] app-echo #3 rtt=4191 us payload=14 B
I (5321) mbedtls: ssl_msg.c:5925 0x3ffc65b4: => write

I (5321) mbedtls: ssl_msg.c:2654 0x3ffc65b4: => write record

I (5321) mbedtls: ssl_msg.c:808 0x3ffc65b4: => encrypt buf

D (5321) mbedtls: ssl_msg.c:1036 0x3ffc65b4: before encrypt: msglen = 14, including 0 bytes of padding

I (5321) mbedtls: ssl_msg.c:1265 0x3ffc65b4: <= encrypt buf

D (5321) mbedtls: ssl_msg.c:2737 0x3ffc65b4: output record: msgtype = 23, version = [3:3], msglen = 38

I (5321) mbedtls: ssl_msg.c:2063 0x3ffc65b4: => flush output

I (5321) mbedtls: ssl_msg.c:2077 0x3ffc65b4: message length: 43, out_left: 43

I (5331) mbedtls: ssl_msg.c:2084 0x3ffc65b4: ssl->f_send() returned 43 (-0xffffffd5)

I (5331) mbedtls: ssl_msg.c:2111 0x3ffc65b4: <= flush output

I (5331) mbedtls: ssl_msg.c:2790 0x3ffc65b4: <= write record

I (5331) mbedtls: ssl_msg.c:5947 0x3ffc65b4: <= write

I (5331) mbedtls: ssl_msg.c:5663 0x3ffc65b4: => read

I (5331) mbedtls: ssl_msg.c:4040 0x3ffc65b4: => read record

I (5331) mbedtls: ssl_msg.c:1865 0x3ffc65b4: => fetch input

I (5331) mbedtls: ssl_msg.c:2005 0x3ffc65b4: in_left: 0, nb_want: 5

I (5331) mbedtls: ssl_msg.c:2025 0x3ffc65b4: in_left: 0, nb_want: 5

I (5331) mbedtls: ssl_msg.c:2028 0x3ffc65b4: ssl->f_recv(_timeout)() returned 5 (-0xfffffffb)

I (5331) mbedtls: ssl_msg.c:2050 0x3ffc65b4: <= fetch input

D (5331) mbedtls: ssl_msg.c:3707 0x3ffc65b4: input record: msgtype = 23, version = [0x303], msglen = 38

I (5331) mbedtls: ssl_msg.c:1865 0x3ffc65b4: => fetch input

I (5331) mbedtls: ssl_msg.c:2005 0x3ffc65b4: in_left: 5, nb_want: 43

I (5331) mbedtls: ssl_msg.c:2025 0x3ffc65b4: in_left: 5, nb_want: 43

I (5331) mbedtls: ssl_msg.c:2028 0x3ffc65b4: ssl->f_recv(_timeout)() returned 38 (-0xffffffda)

I (5331) mbedtls: ssl_msg.c:2050 0x3ffc65b4: <= fetch input

I (5331) mbedtls: ssl_msg.c:1301 0x3ffc65b4: => decrypt buf

I (5331) mbedtls: ssl_msg.c:1831 0x3ffc65b4: <= decrypt buf

I (5331) mbedtls: ssl_msg.c:4112 0x3ffc65b4: <= read record

I (5331) mbedtls: ssl_msg.c:5823 0x3ffc65b4: <= read

[phase-a] app-echo #4 rtt=4511 us payload=14 B
[mem] post-session           free=200976 largest=110592 min-ever=191256
[mem-tick] t=    3564 ms phase=closing      free=226920
[mem-tick] t=    3664 ms phase=closing      free=226920
[mem-tick] t=    3764 ms phase=closing      free=226920
[mem-tick] t=    3864 ms phase=closing      free=226920
[mem-tick] t=    3964 ms phase=closing      free=226920
[ledger] CLOSED(EC): free now=226920, before-this-phase=226920, retained=0
[mem-tick] t=    4064 ms phase=EC-settled   free=226920
[mem-tick] t=    4164 ms phase=EC-settled   free=226920
[mem-tick] t=    4264 ms phase=EC-settled   free=226920
[mem-tick] t=    4364 ms phase=EC-settled   free=226920
[mem] settled                free=226920 largest=110592 min-ever=191256

===== PHASE D: throughput plain-vs-tls (3 rounds interleaved, 1024B x 2048 msgs each) =====
W (6231) esp-tls-mbedtls: skip_common_name=true: hostname matching and SNI disabled. This disables ALL server-name authentication (CN/SAN/SNI), not just CN. Only intended for loopback / debug clients.
D (6231) esp-tls: handshake in progress...
I (6231) mbedtls: ssl_tls.c:4282 0x3ffc65b4: => handshake

I (6231) mbedtls: ssl_msg.c:2063 0x3ffc65b4: => flush output

I (6231) mbedtls: ssl_msg.c:2072 0x3ffc65b4: <= flush output

I (6231) mbedtls: ssl_tls.c:4201 0x3ffc65b4: client state: MBEDTLS_SSL_HELLO_REQUEST

D (6231) mbedtls: ssl_misc.h:1295 0x3ffc65b4: handshake state: 0 (MBEDTLS_SSL_HELLO_REQUEST) -> 1 (MBEDTLS_SSL_CLIENT_HELLO)

I (6231) mbedtls: ssl_msg.c:2063 0x3ffc65b4: => flush output

I (6231) mbedtls: ssl_msg.c:2072 0x3ffc65b4: <= flush output

I (6231) mbedtls: ssl_tls.c:4201 0x3ffc65b4: client state: MBEDTLS_SSL_CLIENT_HELLO

I (6231) mbedtls: ssl_client.c:917 0x3ffc65b4: => write client hello

D (6231) mbedtls: ssl_client.c:722 0x3ffc65b4: client hello, current time: 4

D (6231) mbedtls: ssl_client.c:485 0x3ffc65b4: dumping 'client hello, random bytes' (32 bytes)

D (6231) mbedtls: ssl_client.c:485 0x3ffc65b4: 0000:  00 00 00 04 16 2a c8 85 2d 36 89 85 af a0 55 13  .....*..-6....U.

D (6231) mbedtls: ssl_client.c:485 0x3ffc65b4: 0010:  15 16 c4 0d 89 b5 3a da f0 06 3a 63 1d 58 17 01  ......:...:c.X..

D (6231) mbedtls: ssl_client.c:510 0x3ffc65b4: dumping 'session id' (0 bytes)

D (6231) mbedtls: ssl_client.c:368 0x3ffc65b4: client hello, add ciphersuite: c02c, TLS-ECDHE-ECDSA-WITH-AES-256-GCM-SHA384

D (6231) mbedtls: ssl_client.c:368 0x3ffc65b4: client hello, add ciphersuite: c030, TLS-ECDHE-RSA-WITH-AES-256-GCM-SHA384

D (6231) mbedtls: ssl_client.c:368 0x3ffc65b4: client hello, add ciphersuite: c0ad, TLS-ECDHE-ECDSA-WITH-AES-256-CCM

D (6231) mbedtls: ssl_client.c:368 0x3ffc65b4: client hello, add ciphersuite: c024, TLS-ECDHE-ECDSA-WITH-AES-256-CBC-SHA384

D (6231) mbedtls: ssl_client.c:368 0x3ffc65b4: client hello, add ciphersuite: c028, TLS-ECDHE-RSA-WITH-AES-256-CBC-SHA384

D (6231) mbedtls: ssl_client.c:368 0x3ffc65b4: client hello, add ciphersuite: c00a, TLS-ECDHE-ECDSA-WITH-AES-256-CBC-SHA

D (6231) mbedtls: ssl_client.c:368 0x3ffc65b4: client hello, add ciphersuite: c014, TLS-ECDHE-RSA-WITH-AES-256-CBC-SHA

D (6231) mbedtls: ssl_client.c:368 0x3ffc65b4: client hello, add ciphersuite: c0af, TLS-ECDHE-ECDSA-WITH-AES-256-CCM-8

D (6231) mbedtls: ssl_client.c:368 0x3ffc65b4: client hello, add ciphersuite: c02b, TLS-ECDHE-ECDSA-WITH-AES-128-GCM-SHA256

D (6231) mbedtls: ssl_client.c:368 0x3ffc65b4: client hello, add ciphersuite: c02f, TLS-ECDHE-RSA-WITH-AES-128-GCM-SHA256

D (6231) mbedtls: ssl_client.c:368 0x3ffc65b4: client hello, add ciphersuite: c0ac, TLS-ECDHE-ECDSA-WITH-AES-128-CCM

D (6231) mbedtls: ssl_client.c:368 0x3ffc65b4: client hello, add ciphersuite: c023, TLS-ECDHE-ECDSA-WITH-AES-128-CBC-SHA256

D (6231) mbedtls: ssl_client.c:368 0x3ffc65b4: client hello, add ciphersuite: c027, TLS-ECDHE-RSA-WITH-AES-128-CBC-SHA256

D (6231) mbedtls: ssl_client.c:368 0x3ffc65b4: client hello, add ciphersuite: c009, TLS-ECDHE-ECDSA-WITH-AES-128-CBC-SHA

D (6231) mbedtls: ssl_client.c:368 0x3ffc65b4: client hello, add ciphersuite: c013, TLS-ECDHE-RSA-WITH-AES-128-CBC-SHA

D (6231) mbedtls: ssl_client.c:368 0x3ffc65b4: client hello, add ciphersuite: c0ae, TLS-ECDHE-ECDSA-WITH-AES-128-CCM-8

D (6231) mbedtls: ssl_client.c:386 0x3ffc65b4: adding EMPTY_RENEGOTIATION_INFO_SCSV

D (6231) mbedtls: ssl_client.c:395 0x3ffc65b4: client hello, got 17 cipher suites

D (6231) mbedtls: ssl_client.c:229 0x3ffc65b4: client hello, adding supported_groups extension

D (6231) mbedtls: ssl_client.c:248 0x3ffc65b4: got supported group(001d)

D (6231) mbedtls: ssl_client.c:280 0x3ffc65b4: NamedGroup: x25519 ( 1d )

D (6231) mbedtls: ssl_client.c:248 0x3ffc65b4: got supported group(0017)

D (6231) mbedtls: ssl_client.c:280 0x3ffc65b4: NamedGroup: secp256r1 ( 17 )

D (6231) mbedtls: ssl_client.c:248 0x3ffc65b4: got supported group(0018)

D (6231) mbedtls: ssl_client.c:280 0x3ffc65b4: NamedGroup: secp384r1 ( 18 )

D (6231) mbedtls: ssl_client.c:248 0x3ffc65b4: got supported group(001e)

D (6231) mbedtls: ssl_client.c:280 0x3ffc65b4: NamedGroup: x448 ( 1e )

D (6231) mbedtls: ssl_client.c:248 0x3ffc65b4: got supported group(0019)

D (6231) mbedtls: ssl_client.c:280 0x3ffc65b4: NamedGroup: secp521r1 ( 19 )

D (6231) mbedtls: ssl_client.c:248 0x3ffc65b4: got supported group(001a)

D (6231) mbedtls: ssl_client.c:280 0x3ffc65b4: NamedGroup: bp256r1 ( 1a )

D (6231) mbedtls: ssl_client.c:248 0x3ffc65b4: got supported group(001b)

D (6231) mbedtls: ssl_client.c:280 0x3ffc65b4: NamedGroup: bp384r1 ( 1b )

D (6231) mbedtls: ssl_client.c:248 0x3ffc65b4: got supported group(001c)

D (6231) mbedtls: ssl_client.c:280 0x3ffc65b4: NamedGroup: bp512r1 ( 1c )

D (6231) mbedtls: ssl_client.c:248 0x3ffc65b4: got supported group(0100)

D (6241) mbedtls: ssl_client.c:248 0x3ffc65b4: got supported group(0101)

D (6241) mbedtls: ssl_client.c:248 0x3ffc65b4: got supported group(0102)

D (6241) mbedtls: ssl_client.c:248 0x3ffc65b4: got supported group(0103)

D (6241) mbedtls: ssl_client.c:248 0x3ffc65b4: got supported group(0104)

D (6241) mbedtls: ssl_client.c:300 0x3ffc65b4: dumping 'Supported groups extension' (18 bytes)

D (6241) mbedtls: ssl_client.c:300 0x3ffc65b4: 0000:  00 10 00 1d 00 17 00 18 00 1e 00 19 00 1a 00 1b  ................

D (6241) mbedtls: ssl_client.c:300 0x3ffc65b4: 0010:  00 1c                                            ..

D (6241) mbedtls: ssl_tls.c:8276 0x3ffc65b4: adding signature_algorithms extension

D (6241) mbedtls: ssl_tls.c:8296 0x3ffc65b4: got signature scheme [603] ecdsa_secp521r1_sha512

D (6241) mbedtls: ssl_tls.c:8305 0x3ffc65b4: sent signature scheme [603] ecdsa_secp521r1_sha512

D (6241) mbedtls: ssl_tls.c:8296 0x3ffc65b4: got signature scheme [806] rsa_pss_rsae_sha512

D (6241) mbedtls: ssl_tls.c:8296 0x3ffc65b4: got signature scheme [601] rsa_pkcs1_sha512

D (6241) mbedtls: ssl_tls.c:8305 0x3ffc65b4: sent signature scheme [601] rsa_pkcs1_sha512

D (6241) mbedtls: ssl_tls.c:8296 0x3ffc65b4: got signature scheme [503] ecdsa_secp384r1_sha384

D (6241) mbedtls: ssl_tls.c:8305 0x3ffc65b4: sent signature scheme [503] ecdsa_secp384r1_sha384

D (6241) mbedtls: ssl_tls.c:8296 0x3ffc65b4: got signature scheme [805] rsa_pss_rsae_sha384

D (6241) mbedtls: ssl_tls.c:8296 0x3ffc65b4: got signature scheme [501] rsa_pkcs1_sha384

D (6241) mbedtls: ssl_tls.c:8305 0x3ffc65b4: sent signature scheme [501] rsa_pkcs1_sha384

D (6241) mbedtls: ssl_tls.c:8296 0x3ffc65b4: got signature scheme [403] ecdsa_secp256r1_sha256

D (6241) mbedtls: ssl_tls.c:8305 0x3ffc65b4: sent signature scheme [403] ecdsa_secp256r1_sha256

D (6241) mbedtls: ssl_tls.c:8296 0x3ffc65b4: got signature scheme [804] rsa_pss_rsae_sha256

D (6241) mbedtls: ssl_tls.c:8296 0x3ffc65b4: got signature scheme [401] rsa_pkcs1_sha256

D (6241) mbedtls: ssl_tls.c:8305 0x3ffc65b4: sent signature scheme [401] rsa_pkcs1_sha256

D (6241) mbedtls: ssl_tls12_client.c:103 0x3ffc65b4: client hello, adding supported_point_formats extension

D (6241) mbedtls: ssl_tls12_client.c:287 0x3ffc65b4: client hello, adding encrypt_then_mac extension

D (6241) mbedtls: ssl_tls12_client.c:319 0x3ffc65b4: client hello, adding extended_master_secret extension

D (6241) mbedtls: ssl_tls12_client.c:352 0x3ffc65b4: client hello, adding session ticket extension

D (6241) mbedtls: ssl_client.c:687 0x3ffc65b4: client hello, total extension length: 58

D (6241) mbedtls: ssl_client.c:689 0x3ffc65b4: dumping 'client hello extensions' (58 bytes)

D (6241) mbedtls: ssl_client.c:689 0x3ffc65b4: 0000:  00 3a 00 0a 00 12 00 10 00 1d 00 17 00 18 00 1e  .:..............

D (6241) mbedtls: ssl_client.c:689 0x3ffc65b4: 0010:  00 19 00 1a 00 1b 00 1c 00 0d 00 0e 00 0c 06 03  ................

D (6241) mbedtls: ssl_client.c:689 0x3ffc65b4: 0020:  06 01 05 03 05 01 04 03 04 01 00 0b 00 02 01 00  ................

D (6241) mbedtls: ssl_client.c:689 0x3ffc65b4: 0030:  00 16 00 00 00 17 00 00 00 23                    .........#

I (6241) mbedtls: ssl_msg.c:2494 0x3ffc65b4: => write handshake message

I (6241) mbedtls: ssl_msg.c:2654 0x3ffc65b4: => write record

D (6241) mbedtls: ssl_msg.c:2737 0x3ffc65b4: output record: msgtype = 22, version = [3:3], msglen = 137

I (6241) mbedtls: ssl_msg.c:2790 0x3ffc65b4: <= write record

I (6241) mbedtls: ssl_msg.c:2615 0x3ffc65b4: <= write handshake message

D (6241) mbedtls: ssl_misc.h:1295 0x3ffc65b4: handshake state: 1 (MBEDTLS_SSL_CLIENT_HELLO) -> 2 (MBEDTLS_SSL_SERVER_HELLO)

I (6241) mbedtls: ssl_client.c:1010 0x3ffc65b4: <= write client hello

I (6241) mbedtls: ssl_msg.c:2063 0x3ffc65b4: => flush output

I (6241) mbedtls: ssl_msg.c:2077 0x3ffc65b4: message length: 142, out_left: 142

I (6241) mbedtls: ssl_msg.c:2084 0x3ffc65b4: ssl->f_send() returned 142 (-0xffffff72)

I (6241) mbedtls: ssl_msg.c:2111 0x3ffc65b4: <= flush output

I (6241) mbedtls: ssl_tls.c:4201 0x3ffc65b4: client state: MBEDTLS_SSL_SERVER_HELLO

I (6241) mbedtls: ssl_tls12_client.c:1151 0x3ffc65b4: => parse server hello

I (6241) mbedtls: ssl_msg.c:4040 0x3ffc65b4: => read record

I (6241) mbedtls: ssl_msg.c:1865 0x3ffc65b4: => fetch input

I (6241) mbedtls: ssl_msg.c:2005 0x3ffc65b4: in_left: 0, nb_want: 5

D (6241) esp-tls-mbedtls: No custom cipher suites provided - using default
I (6241) mbedtls: ssl_tls.c:4282 0x3ffc7138: => handshake

I (6241) mbedtls: ssl_msg.c:2063 0x3ffc7138: => flush output

I (6241) mbedtls: ssl_msg.c:2072 0x3ffc7138: <= flush output

I (6241) mbedtls: ssl_tls12_server.c:3429 0x3ffc7138: server state: 0

D (6241) mbedtls: ssl_misc.h:1295 0x3ffc7138: handshake state: 0 (MBEDTLS_SSL_HELLO_REQUEST) -> 1 (MBEDTLS_SSL_CLIENT_HELLO)

I (6251) mbedtls: ssl_msg.c:2063 0x3ffc7138: => flush output

I (6251) mbedtls: ssl_msg.c:2072 0x3ffc7138: <= flush output

I (6251) mbedtls: ssl_tls12_server.c:3429 0x3ffc7138: server state: 1

I (6251) mbedtls: ssl_tls12_server.c:870 0x3ffc7138: => parse client hello

I (6251) mbedtls: ssl_msg.c:4040 0x3ffc7138: => read record

I (6251) mbedtls: ssl_msg.c:1865 0x3ffc7138: => fetch input

I (6251) mbedtls: ssl_msg.c:2005 0x3ffc7138: in_left: 0, nb_want: 5

I (6251) mbedtls: ssl_msg.c:2025 0x3ffc7138: in_left: 0, nb_want: 5

I (6251) mbedtls: ssl_msg.c:2028 0x3ffc7138: ssl->f_recv(_timeout)() returned 5 (-0xfffffffb)

I (6251) mbedtls: ssl_msg.c:2050 0x3ffc7138: <= fetch input

D (6251) mbedtls: ssl_msg.c:3707 0x3ffc7138: input record: msgtype = 22, version = [0x303], msglen = 137

I (6251) mbedtls: ssl_msg.c:1865 0x3ffc7138: => fetch input

I (6251) mbedtls: ssl_msg.c:2005 0x3ffc7138: in_left: 5, nb_want: 142

I (6251) mbedtls: ssl_msg.c:2025 0x3ffc7138: in_left: 5, nb_want: 142

I (6251) mbedtls: ssl_msg.c:2028 0x3ffc7138: ssl->f_recv(_timeout)() returned 137 (-0xffffff77)

I (6251) mbedtls: ssl_msg.c:2050 0x3ffc7138: <= fetch input

D (6251) mbedtls: ssl_msg.c:2948 0x3ffc7138: handshake message: msglen = 137, type = 1, hslen = 137

D (6251) mbedtls: ssl_msg.c:3085 0x3ffc7138: sole handshake fragment: 137, 0..137 of 137

I (6251) mbedtls: ssl_msg.c:4112 0x3ffc7138: <= read record

D (6251) mbedtls: ssl_tls12_server.c:981 0x3ffc7138: dumping 'client hello, version' (2 bytes)

D (6251) mbedtls: ssl_tls12_server.c:981 0x3ffc7138: 0000:  03 03                                            ..

D (6251) mbedtls: ssl_tls12_server.c:998 0x3ffc7138: dumping 'client hello, random bytes' (32 bytes)

D (6251) mbedtls: ssl_tls12_server.c:998 0x3ffc7138: 0000:  00 00 00 04 16 2a c8 85 2d 36 89 85 af a0 55 13  .....*..-6....U.

D (6251) mbedtls: ssl_tls12_server.c:998 0x3ffc7138: 0010:  15 16 c4 0d 89 b5 3a da f0 06 3a 63 1d 58 17 01  ......:...:c.X..

D (6251) mbedtls: ssl_tls12_server.c:1015 0x3ffc7138: dumping 'client hello, session id' (0 bytes)

D (6251) mbedtls: ssl_tls12_server.c:1088 0x3ffc7138: dumping 'client hello, ciphersuitelist' (34 bytes)

D (6251) mbedtls: ssl_tls12_server.c:1088 0x3ffc7138: 0000:  c0 2c c0 30 c0 ad c0 24 c0 28 c0 0a c0 14 c0 af  .,.0...$.(......

D (6251) mbedtls: ssl_tls12_server.c:1088 0x3ffc7138: 0010:  c0 2b c0 2f c0 ac c0 23 c0 27 c0 09 c0 13 c0 ae  .+./...#.'......

D (6251) mbedtls: ssl_tls12_server.c:1088 0x3ffc7138: 0020:  00 ff                                            ..

D (6251) mbedtls: ssl_tls12_server.c:1110 0x3ffc7138: dumping 'client hello, compression' (1 bytes)

D (6251) mbedtls: ssl_tls12_server.c:1110 0x3ffc7138: 0000:  00                                               .

D (6251) mbedtls: ssl_tls12_server.c:1138 0x3ffc7138: dumping 'client hello extensions' (58 bytes)

D (6251) mbedtls: ssl_tls12_server.c:1138 0x3ffc7138: 0000:  00 0a 00 12 00 10 00 1d 00 17 00 18 00 1e 00 19  ................

D (6251) mbedtls: ssl_tls12_server.c:1138 0x3ffc7138: 0010:  00 1a 00 1b 00 1c 00 0d 00 0e 00 0c 06 03 06 01  ................

D (6251) mbedtls: ssl_tls12_server.c:1138 0x3ffc7138: 0020:  05 03 05 01 04 03 04 01 00 0b 00 02 01 00 00 16  ................

D (6251) mbedtls: ssl_tls12_server.c:1138 0x3ffc7138: 0030:  00 00 00 17 00 00 00 23 00 00                    .......#..

D (6251) mbedtls: ssl_tls12_server.c:1199 0x3ffc7138: found supported elliptic curves extension

D (6251) mbedtls: ssl_tls12_server.c:1184 0x3ffc7138: found signature_algorithms extension

D (6251) mbedtls: ssl_tls12_server.c:1208 0x3ffc7138: found supported point formats extension

D (6261) mbedtls: ssl_tls12_server.c:1255 0x3ffc7138: found encrypt then mac extension

D (6261) mbedtls: ssl_tls12_server.c:1266 0x3ffc7138: found extended master secret extension

D (6261) mbedtls: ssl_tls12_server.c:1277 0x3ffc7138: found session ticket extension

D (6261) mbedtls: ssl_tls12_server.c:1356 0x3ffc7138: received TLS_EMPTY_RENEGOTIATION_INFO 

D (6261) mbedtls: ssl_tls12_server.c:768 0x3ffc7138: trying ciphersuite: 0xc02c (TLS-ECDHE-ECDSA-WITH-AES-256-GCM-SHA384)

D (6261) mbedtls: ssl_tls12_server.c:677 0x3ffc7138: ciphersuite requires certificate

D (6261) mbedtls: ssl_tls12_server.c:686 0x3ffc7138: candidate certificate chain, certificate #1:

[mem-tick] t=    4466 ms phase=thr-setup    free=166880
D (6261) mbedtls: ssl_tls12_server.c:686 0x3ffc7138: cert. version     : 3

D (6261) mbedtls: ssl_tls12_server.c:686 0x3ffc7138: serial number     : 77:66:A5:9D:AF:14:9E:F2:03:F7:3C:2B:1A:5C:81:86:F8:A3:4E:52

D (6261) mbedtls: ssl_tls12_server.c:686 0x3ffc7138: issuer name       : CN=localhost

D (6261) mbedtls: ssl_tls12_server.c:686 0x3ffc7138: subject name      : CN=localhost

D (6261) mbedtls: ssl_tls12_server.c:686 0x3ffc7138: issued  on        : 2026-08-26 20:20:30

D (6261) mbedtls: ssl_tls12_server.c:686 0x3ffc7138: expires on        : 2026-09-25 20:20:30

D (6261) mbedtls: ssl_tls12_server.c:686 0x3ffc7138: signed using      : RSA with SHA-256

D (6261) mbedtls: ssl_tls12_server.c:686 0x3ffc7138: RSA key size      : 2048 bits

D (6261) mbedtls: ssl_tls12_server.c:686 0x3ffc7138: basic constraints : CA=true

D (6261) mbedtls: ssl_tls12_server.c:686 0x3ffc7138: dumping 'crt->PK' (270 bytes)

D (6261) mbedtls: ssl_tls12_server.c:686 0x3ffc7138: 0000:  30 82 01 0a 02 82 01 01 00 dd 03 19 3e 8f 4a 05

D (6261) mbedtls: ssl_tls12_server.c:686 0x3ffc7138: 0010:  9c d6 74 e1 46 bc 40 7a 7e af 78 09 38 f6 d0 1c

D (6261) mbedtls: ssl_tls12_server.c:686 0x3ffc7138: 0020:  9d e4 2b 18 4c a1 87 f6 83 55 82 2d e0 21 fb b2

D (6261) mbedtls: ssl_tls12_server.c:686 0x3ffc7138: 0030:  00 2f 9b 98 36 24 73 47 a2 11 bb 50 05 1c 9e 40

D (6261) mbedtls: ssl_tls12_server.c:686 0x3ffc7138: 0040:  41 c9 de 81 7e a1 eb 82 48 35 d0 51 24 0d 22 bd

D (6261) mbedtls: ssl_tls12_server.c:686 0x3ffc7138: 0050:  7e c7 0b 60 74 e2 60 3e 76 de c1 3d b5 9f e9 d2

D (6261) mbedtls: ssl_tls12_server.c:686 0x3ffc7138: 0060:  ac 90 d3 84 2a 75 7c 41 8a 11 14 c8 bc 09 7b 9d

D (6261) mbedtls: ssl_tls12_server.c:686 0x3ffc7138: 0070:  45 54 95 c1 50 05 be f1 34 c0 05 55 f5 a2 b3 a8

D (6261) mbedtls: ssl_tls12_server.c:686 0x3ffc7138: 0080:  24 f6 ab 22 df 72 97 ef b5 8f e4 fe 49 be 4f c1

D (6261) mbedtls: ssl_tls12_server.c:686 0x3ffc7138: 0090:  08 e0 39 7a cd ba 74 2e d1 20 74 ad 6b 59 ab 86

D (6261) mbedtls: ssl_tls12_server.c:686 0x3ffc7138: 00a0:  5d 29 ab 81 f0 c1 22 3f 01 b9 0b a1 fb ee 70 9f

D (6261) mbedtls: ssl_tls12_server.c:686 0x3ffc7138: 00b0:  eb 29 5e 9f 1d 6a 0d dc 65 fd 5e 5d 38 0c 1a c3

D (6261) mbedtls: ssl_tls12_server.c:686 0x3ffc7138: 00c0:  ae b7 b7 2f 66 23 82 80 ab 7d 69 7c 8f 95 ab e8

D (6261) mbedtls: ssl_tls12_server.c:686 0x3ffc7138: 00d0:  c0 4d 21 42 7d 78 c8 25 8b 60 f6 0d 87 c9 f4 df

D (6261) mbedtls: ssl_tls12_server.c:686 0x3ffc7138: 00e0:  36 bf 16 7c 59 16 d1 09 ec 17 67 cf 5d 9f 8f 78

D (6261) mbedtls: ssl_tls12_server.c:686 0x3ffc7138: 00f0:  8c 3d d0 02 18 d5 bc a7 19 f4 51 fe 1d b3 20 40

D (6261) mbedtls: ssl_tls12_server.c:686 0x3ffc7138: 0100:  67 7e 3a cc 30 f3 8d a0 ef 02 03 01 00 01      

D (6261) mbedtls: ssl_tls12_server.c:700 0x3ffc7138: certificate mismatch: key type

D (6261) mbedtls: ssl_tls12_server.c:819 0x3ffc7138: ciphersuite mismatch: no suitable certificate

D (6261) mbedtls: ssl_tls12_server.c:768 0x3ffc7138: trying ciphersuite: 0xc030 (TLS-ECDHE-RSA-WITH-AES-256-GCM-SHA384)

D (6261) mbedtls: ssl_tls12_server.c:677 0x3ffc7138: ciphersuite requires certificate

D (6261) mbedtls: ssl_tls12_server.c:686 0x3ffc7138: candidate certificate chain, certificate #1:

D (6271) mbedtls: ssl_tls12_server.c:686 0x3ffc7138: cert. version     : 3

D (6271) mbedtls: ssl_tls12_server.c:686 0x3ffc7138: serial number     : 77:66:A5:9D:AF:14:9E:F2:03:F7:3C:2B:1A:5C:81:86:F8:A3:4E:52

D (6271) mbedtls: ssl_tls12_server.c:686 0x3ffc7138: issuer name       : CN=localhost

D (6271) mbedtls: ssl_tls12_server.c:686 0x3ffc7138: subject name      : CN=localhost

D (6271) mbedtls: ssl_tls12_server.c:686 0x3ffc7138: issued  on        : 2026-08-26 20:20:30

D (6271) mbedtls: ssl_tls12_server.c:686 0x3ffc7138: expires on        : 2026-09-25 20:20:30

D (6271) mbedtls: ssl_tls12_server.c:686 0x3ffc7138: signed using      : RSA with SHA-256

D (6271) mbedtls: ssl_tls12_server.c:686 0x3ffc7138: RSA key size      : 2048 bits

D (6271) mbedtls: ssl_tls12_server.c:686 0x3ffc7138: basic constraints : CA=true

D (6271) mbedtls: ssl_tls12_server.c:686 0x3ffc7138: dumping 'crt->PK' (270 bytes)

D (6271) mbedtls: ssl_tls12_server.c:686 0x3ffc7138: 0000:  30 82 01 0a 02 82 01 01 00 dd 03 19 3e 8f 4a 05

D (6271) mbedtls: ssl_tls12_server.c:686 0x3ffc7138: 0010:  9c d6 74 e1 46 bc 40 7a 7e af 78 09 38 f6 d0 1c

D (6271) mbedtls: ssl_tls12_server.c:686 0x3ffc7138: 0020:  9d e4 2b 18 4c a1 87 f6 83 55 82 2d e0 21 fb b2

D (6271) mbedtls: ssl_tls12_server.c:686 0x3ffc7138: 0030:  00 2f 9b 98 36 24 73 47 a2 11 bb 50 05 1c 9e 40

D (6271) mbedtls: ssl_tls12_server.c:686 0x3ffc7138: 0040:  41 c9 de 81 7e a1 eb 82 48 35 d0 51 24 0d 22 bd

D (6271) mbedtls: ssl_tls12_server.c:686 0x3ffc7138: 0050:  7e c7 0b 60 74 e2 60 3e 76 de c1 3d b5 9f e9 d2

D (6271) mbedtls: ssl_tls12_server.c:686 0x3ffc7138: 0060:  ac 90 d3 84 2a 75 7c 41 8a 11 14 c8 bc 09 7b 9d

D (6271) mbedtls: ssl_tls12_server.c:686 0x3ffc7138: 0070:  45 54 95 c1 50 05 be f1 34 c0 05 55 f5 a2 b3 a8

D (6271) mbedtls: ssl_tls12_server.c:686 0x3ffc7138: 0080:  24 f6 ab 22 df 72 97 ef b5 8f e4 fe 49 be 4f c1

D (6271) mbedtls: ssl_tls12_server.c:686 0x3ffc7138: 0090:  08 e0 39 7a cd ba 74 2e d1 20 74 ad 6b 59 ab 86

D (6271) mbedtls: ssl_tls12_server.c:686 0x3ffc7138: 00a0:  5d 29 ab 81 f0 c1 22 3f 01 b9 0b a1 fb ee 70 9f

D (6271) mbedtls: ssl_tls12_server.c:686 0x3ffc7138: 00b0:  eb 29 5e 9f 1d 6a 0d dc 65 fd 5e 5d 38 0c 1a c3

D (6271) mbedtls: ssl_tls12_server.c:686 0x3ffc7138: 00c0:  ae b7 b7 2f 66 23 82 80 ab 7d 69 7c 8f 95 ab e8

D (6271) mbedtls: ssl_tls12_server.c:686 0x3ffc7138: 00d0:  c0 4d 21 42 7d 78 c8 25 8b 60 f6 0d 87 c9 f4 df

D (6271) mbedtls: ssl_tls12_server.c:686 0x3ffc7138: 00e0:  36 bf 16 7c 59 16 d1 09 ec 17 67 cf 5d 9f 8f 78

D (6271) mbedtls: ssl_tls12_server.c:686 0x3ffc7138: 00f0:  8c 3d d0 02 18 d5 bc a7 19 f4 51 fe 1d b3 20 40

D (6271) mbedtls: ssl_tls12_server.c:686 0x3ffc7138: 0100:  67 7e 3a cc 30 f3 8d a0 ef 02 03 01 00 01      

D (6271) mbedtls: ssl_tls12_server.c:737 0x3ffc7138: selected certificate chain, certificate #1:

D (6271) mbedtls: ssl_tls12_server.c:737 0x3ffc7138: cert. version     : 3

D (6271) mbedtls: ssl_tls12_server.c:737 0x3ffc7138: serial number     : 77:66:A5:9D:AF:14:9E:F2:03:F7:3C:2B:1A:5C:81:86:F8:A3:4E:52

D (6271) mbedtls: ssl_tls12_server.c:737 0x3ffc7138: issuer name       : CN=localhost

D (6271) mbedtls: ssl_tls12_server.c:737 0x3ffc7138: subject name      : CN=localhost

D (6271) mbedtls: ssl_tls12_server.c:737 0x3ffc7138: issued  on        : 2026-08-26 20:20:30

D (6271) mbedtls: ssl_tls12_server.c:737 0x3ffc7138: expires on        : 2026-09-25 20:20:30

D (6271) mbedtls: ssl_tls12_server.c:737 0x3ffc7138: signed using      : RSA with SHA-256

D (6271) mbedtls: ssl_tls12_server.c:737 0x3ffc7138: RSA key size      : 2048 bits

D (6271) mbedtls: ssl_tls12_server.c:737 0x3ffc7138: basic constraints : CA=true

D (6271) mbedtls: ssl_tls12_server.c:737 0x3ffc7138: dumping 'crt->PK' (270 bytes)

D (6271) mbedtls: ssl_tls12_server.c:737 0x3ffc7138: 0000:  30 82 01 0a 02 82 01 01 00 dd 03 19 3e 8f 4a 05

D (6271) mbedtls: ssl_tls12_server.c:737 0x3ffc7138: 0010:  9c d6 74 e1 46 bc 40 7a 7e af 78 09 38 f6 d0 1c

D (6271) mbedtls: ssl_tls12_server.c:737 0x3ffc7138: 0020:  9d e4 2b 18 4c a1 87 f6 83 55 82 2d e0 21 fb b2

D (6271) mbedtls: ssl_tls12_server.c:737 0x3ffc7138: 0030:  00 2f 9b 98 36 24 73 47 a2 11 bb 50 05 1c 9e 40

D (6271) mbedtls: ssl_tls12_server.c:737 0x3ffc7138: 0040:  41 c9 de 81 7e a1 eb 82 48 35 d0 51 24 0d 22 bd

D (6271) mbedtls: ssl_tls12_server.c:737 0x3ffc7138: 0050:  7e c7 0b 60 74 e2 60 3e 76 de c1 3d b5 9f e9 d2

D (6281) mbedtls: ssl_tls12_server.c:737 0x3ffc7138: 0060:  ac 90 d3 84 2a 75 7c 41 8a 11 14 c8 bc 09 7b 9d

D (6281) mbedtls: ssl_tls12_server.c:737 0x3ffc7138: 0070:  45 54 95 c1 50 05 be f1 34 c0 05 55 f5 a2 b3 a8

D (6281) mbedtls: ssl_tls12_server.c:737 0x3ffc7138: 0080:  24 f6 ab 22 df 72 97 ef b5 8f e4 fe 49 be 4f c1

D (6281) mbedtls: ssl_tls12_server.c:737 0x3ffc7138: 0090:  08 e0 39 7a cd ba 74 2e d1 20 74 ad 6b 59 ab 86

D (6281) mbedtls: ssl_tls12_server.c:737 0x3ffc7138: 00a0:  5d 29 ab 81 f0 c1 22 3f 01 b9 0b a1 fb ee 70 9f

D (6281) mbedtls: ssl_tls12_server.c:737 0x3ffc7138: 00b0:  eb 29 5e 9f 1d 6a 0d dc 65 fd 5e 5d 38 0c 1a c3

D (6281) mbedtls: ssl_tls12_server.c:737 0x3ffc7138: 00c0:  ae b7 b7 2f 66 23 82 80 ab 7d 69 7c 8f 95 ab e8

D (6281) mbedtls: ssl_tls12_server.c:737 0x3ffc7138: 00d0:  c0 4d 21 42 7d 78 c8 25 8b 60 f6 0d 87 c9 f4 df

D (6281) mbedtls: ssl_tls12_server.c:737 0x3ffc7138: 00e0:  36 bf 16 7c 59 16 d1 09 ec 17 67 cf 5d 9f 8f 78

D (6281) mbedtls: ssl_tls12_server.c:737 0x3ffc7138: 00f0:  8c 3d d0 02 18 d5 bc a7 19 f4 51 fe 1d b3 20 40

D (6281) mbedtls: ssl_tls12_server.c:737 0x3ffc7138: 0100:  67 7e 3a cc 30 f3 8d a0 ef 02 03 01 00 01      

I (6281) mbedtls: ssl_tls12_server.c:1480 0x3ffc7138: selected ciphersuite: TLS-ECDHE-RSA-WITH-AES-256-GCM-SHA384

D (6281) mbedtls: ssl_misc.h:1295 0x3ffc7138: handshake state: 1 (MBEDTLS_SSL_CLIENT_HELLO) -> 2 (MBEDTLS_SSL_SERVER_HELLO)

D (6281) mbedtls: ssl_tls12_server.c:1500 0x3ffc7138: client hello v3, signature_algorithm ext: 6

I (6281) mbedtls: ssl_tls12_server.c:1508 0x3ffc7138: <= parse client hello

I (6281) mbedtls: ssl_msg.c:2063 0x3ffc7138: => flush output

I (6281) mbedtls: ssl_msg.c:2072 0x3ffc7138: <= flush output

I (6281) mbedtls: ssl_tls12_server.c:3429 0x3ffc7138: server state: 2

I (6281) mbedtls: ssl_tls12_server.c:1985 0x3ffc7138: => write server hello

D (6281) mbedtls: ssl_tls12_server.c:2010 0x3ffc7138: server hello, chosen version: [3:3]

D (6281) mbedtls: ssl_tls12_server.c:2018 0x3ffc7138: server hello, current time: 4

D (6281) mbedtls: ssl_tls12_server.c:2062 0x3ffc7138: dumping 'server hello, random bytes' (32 bytes)

D (6281) mbedtls: ssl_tls12_server.c:2062 0x3ffc7138: 0000:  00 00 00 04 2d 40 3b 23 2d 2b f9 1f 2f 6d 2b 8a  ....-@;#-+../m+.

D (6281) mbedtls: ssl_tls12_server.c:2062 0x3ffc7138: 0010:  95 a2 4b 3a a4 5f b3 6f a8 6e c1 c3 b4 93 4d cb  ..K:._.o.n....M.

D (6281) mbedtls: ssl_misc.h:1295 0x3ffc7138: handshake state: 2 (MBEDTLS_SSL_SERVER_HELLO) -> 3 (MBEDTLS_SSL_SERVER_CERTIFICATE)

D (6281) mbedtls: ssl_tls12_server.c:2115 0x3ffc7138: server hello, session id len.: 32

D (6281) mbedtls: ssl_tls12_server.c:2116 0x3ffc7138: dumping 'server hello, session id' (32 bytes)

D (6281) mbedtls: ssl_tls12_server.c:2116 0x3ffc7138: 0000:  24 4c 37 2d 37 fc d5 65 3e ba df f2 0b 76 b7 94  $L7-7..e>....v..

D (6281) mbedtls: ssl_tls12_server.c:2116 0x3ffc7138: 0010:  09 17 06 22 f3 88 ff 45 f5 8b cd 67 69 1e db f1  ..."...E...gi...

D (6281) mbedtls: ssl_tls12_server.c:2117 0x3ffc7138: no session has been resumed

D (6281) mbedtls: ssl_tls12_server.c:2124 0x3ffc7138: server hello, chosen ciphersuite: TLS-ECDHE-RSA-WITH-AES-256-GCM-SHA384

D (6281) mbedtls: ssl_tls12_server.c:2126 0x3ffc7138: server hello, compress alg.: 0x00

D (6281) mbedtls: ssl_tls12_server.c:1663 0x3ffc7138: server hello, secure renegotiation extension

D (6281) mbedtls: ssl_tls12_server.c:1615 0x3ffc7138: server hello, adding extended master secret extension

D (6281) mbedtls: ssl_tls12_server.c:1731 0x3ffc7138: server hello, supported_point_formats extension

D (6281) mbedtls: ssl_tls12_server.c:2191 0x3ffc7138: server hello, total extension length: 15

I (6281) mbedtls: ssl_msg.c:2494 0x3ffc7138: => write handshake message

I (6291) mbedtls: ssl_msg.c:2654 0x3ffc7138: => write record

D (6291) mbedtls: ssl_msg.c:2737 0x3ffc7138: output record: msgtype = 22, version = [3:3], msglen = 91

I (6291) mbedtls: ssl_msg.c:2063 0x3ffc7138: => flush output

I (6291) mbedtls: ssl_msg.c:2077 0x3ffc7138: message length: 96, out_left: 96

I (6291) mbedtls: ssl_msg.c:2025 0x3ffc65b4: in_left: 0, nb_want: 5

I (6291) mbedtls: ssl_msg.c:2028 0x3ffc65b4: ssl->f_recv(_timeout)() returned 5 (-0xfffffffb)

I (6291) mbedtls: ssl_msg.c:2050 0x3ffc65b4: <= fetch input

I (6291) mbedtls: ssl_msg.c:2084 0x3ffc7138: ssl->f_send() returned 96 (-0xffffffa0)

D (6291) mbedtls: ssl_msg.c:3707 0x3ffc65b4: input record: msgtype = 22, version = [0x303], msglen = 91

I (6291) mbedtls: ssl_msg.c:1865 0x3ffc65b4: => fetch input

I (6291) mbedtls: ssl_msg.c:2005 0x3ffc65b4: in_left: 5, nb_want: 96

I (6291) mbedtls: ssl_msg.c:2025 0x3ffc65b4: in_left: 5, nb_want: 96

I (6291) mbedtls: ssl_msg.c:2028 0x3ffc65b4: ssl->f_recv(_timeout)() returned 91 (-0xffffffa5)

I (6291) mbedtls: ssl_msg.c:2050 0x3ffc65b4: <= fetch input

D (6291) mbedtls: ssl_msg.c:2948 0x3ffc65b4: handshake message: msglen = 91, type = 2, hslen = 91

D (6291) mbedtls: ssl_msg.c:3085 0x3ffc65b4: sole handshake fragment: 91, 0..91 of 91

I (6291) mbedtls: ssl_msg.c:4112 0x3ffc65b4: <= read record

D (6291) mbedtls: ssl_tls12_client.c:1225 0x3ffc65b4: dumping 'server hello, version' (2 bytes)

D (6291) mbedtls: ssl_tls12_client.c:1225 0x3ffc65b4: 0000:  03 03                                            ..

D (6291) mbedtls: ssl_tls12_client.c:1246 0x3ffc65b4: server hello, current time: 4

D (6291) mbedtls: ssl_tls12_client.c:1256 0x3ffc65b4: dumping 'server hello, random bytes' (32 bytes)

D (6291) mbedtls: ssl_tls12_client.c:1256 0x3ffc65b4: 0000:  00 00 00 04 2d 40 3b 23 2d 2b f9 1f 2f 6d 2b 8a  ....-@;#-+../m+.

D (6291) mbedtls: ssl_tls12_client.c:1256 0x3ffc65b4: 0010:  95 a2 4b 3a a4 5f b3 6f a8 6e c1 c3 b4 93 4d cb  ..K:._.o.n....M.

D (6291) mbedtls: ssl_tls12_client.c:1318 0x3ffc65b4: server hello, session id len.: 32

D (6291) mbedtls: ssl_tls12_client.c:1319 0x3ffc65b4: dumping 'server hello, session id' (32 bytes)

D (6291) mbedtls: ssl_tls12_client.c:1319 0x3ffc65b4: 0000:  24 4c 37 2d 37 fc d5 65 3e ba df f2 0b 76 b7 94  $L7-7..e>....v..

D (6291) mbedtls: ssl_tls12_client.c:1319 0x3ffc65b4: 0010:  09 17 06 22 f3 88 ff 45 f5 8b cd 67 69 1e db f1  ..."...E...gi...

D (6291) mbedtls: ssl_misc.h:1295 0x3ffc65b4: handshake state: 2 (MBEDTLS_SSL_SERVER_HELLO) -> 3 (MBEDTLS_SSL_SERVER_CERTIFICATE)

D (6291) mbedtls: ssl_tls12_client.c:1343 0x3ffc65b4: no session has been resumed

D (6291) mbedtls: ssl_tls12_client.c:1346 0x3ffc65b4: server hello, chosen ciphersuite: c030

D (6291) mbedtls: ssl_tls12_client.c:1347 0x3ffc65b4: server hello, compress alg.: 0

D (6291) mbedtls: ssl_tls12_client.c:1382 0x3ffc65b4: server hello, chosen ciphersuite: TLS-ECDHE-RSA-WITH-AES-256-GCM-SHA384

I (6291) mbedtls: ssl_tls12_client.c:1403 0x3ffc65b4: server hello, total extension length: 15

D (6291) mbedtls: ssl_tls12_client.c:1421 0x3ffc65b4: found renegotiation extension

D (6291) mbedtls: ssl_tls12_client.c:1473 0x3ffc65b4: found extended_master_secret extension

D (6291) mbedtls: ssl_tls12_client.c:1500 0x3ffc65b4: found supported_point_formats extension

I (6291) mbedtls: ssl_tls12_client.c:1617 0x3ffc65b4: <= parse server hello

I (6291) mbedtls: ssl_msg.c:2063 0x3ffc65b4: => flush output

I (6291) mbedtls: ssl_msg.c:2072 0x3ffc65b4: <= flush output

I (6291) mbedtls: ssl_tls.c:4201 0x3ffc65b4: client state: MBEDTLS_SSL_SERVER_CERTIFICATE

I (6291) mbedtls: ssl_tls.c:7077 0x3ffc65b4: => parse certificate

I (6291) mbedtls: ssl_msg.c:4040 0x3ffc65b4: => read record

I (6291) mbedtls: ssl_msg.c:1865 0x3ffc65b4: => fetch input

I (6291) mbedtls: ssl_msg.c:2005 0x3ffc65b4: in_left: 0, nb_want: 5

I (6291) mbedtls: ssl_msg.c:2111 0x3ffc7138: <= flush output

I (6291) mbedtls: ssl_msg.c:2790 0x3ffc7138: <= write record

I (6291) mbedtls: ssl_msg.c:2615 0x3ffc7138: <= write handshake message

I (6291) mbedtls: ssl_tls12_server.c:2205 0x3ffc7138: <= write server hello

I (6291) mbedtls: ssl_msg.c:2063 0x3ffc7138: => flush output

I (6291) mbedtls: ssl_msg.c:2072 0x3ffc7138: <= flush output

I (6291) mbedtls: ssl_tls12_server.c:3429 0x3ffc7138: server state: 3

I (6291) mbedtls: ssl_tls.c:6675 0x3ffc7138: => write certificate

D (6291) mbedtls: ssl_tls.c:6702 0x3ffc7138: own certificate #1:

D (6291) mbedtls: ssl_tls.c:6702 0x3ffc7138: cert. version     : 3

D (6291) mbedtls: ssl_tls.c:6702 0x3ffc7138: serial number     : 77:66:A5:9D:AF:14:9E:F2:03:F7:3C:2B:1A:5C:81:86:F8:A3:4E:52

D (6291) mbedtls: ssl_tls.c:6702 0x3ffc7138: issuer name       : CN=localhost

D (6291) mbedtls: ssl_tls.c:6702 0x3ffc7138: subject name      : CN=localhost

D (6291) mbedtls: ssl_tls.c:6702 0x3ffc7138: issued  on        : 2026-08-26 20:20:30

D (6291) mbedtls: ssl_tls.c:6702 0x3ffc7138: expires on        : 2026-09-25 20:20:30

D (6291) mbedtls: ssl_tls.c:6702 0x3ffc7138: signed using      : RSA with SHA-256

D (6291) mbedtls: ssl_tls.c:6702 0x3ffc7138: RSA key size      : 2048 bits

D (6301) mbedtls: ssl_tls.c:6702 0x3ffc7138: basic constraints : CA=true

D (6301) mbedtls: ssl_tls.c:6702 0x3ffc7138: dumping 'crt->PK' (270 bytes)

D (6301) mbedtls: ssl_tls.c:6702 0x3ffc7138: 0000:  30 82 01 0a 02 82 01 01 00 dd 03 19 3e 8f 4a 05

D (6301) mbedtls: ssl_tls.c:6702 0x3ffc7138: 0010:  9c d6 74 e1 46 bc 40 7a 7e af 78 09 38 f6 d0 1c

D (6301) mbedtls: ssl_tls.c:6702 0x3ffc7138: 0020:  9d e4 2b 18 4c a1 87 f6 83 55 82 2d e0 21 fb b2

D (6301) mbedtls: ssl_tls.c:6702 0x3ffc7138: 0030:  00 2f 9b 98 36 24 73 47 a2 11 bb 50 05 1c 9e 40

D (6301) mbedtls: ssl_tls.c:6702 0x3ffc7138: 0040:  41 c9 de 81 7e a1 eb 82 48 35 d0 51 24 0d 22 bd

D (6301) mbedtls: ssl_tls.c:6702 0x3ffc7138: 0050:  7e c7 0b 60 74 e2 60 3e 76 de c1 3d b5 9f e9 d2

D (6301) mbedtls: ssl_tls.c:6702 0x3ffc7138: 0060:  ac 90 d3 84 2a 75 7c 41 8a 11 14 c8 bc 09 7b 9d

D (6301) mbedtls: ssl_tls.c:6702 0x3ffc7138: 0070:  45 54 95 c1 50 05 be f1 34 c0 05 55 f5 a2 b3 a8

D (6301) mbedtls: ssl_tls.c:6702 0x3ffc7138: 0080:  24 f6 ab 22 df 72 97 ef b5 8f e4 fe 49 be 4f c1

D (6301) mbedtls: ssl_tls.c:6702 0x3ffc7138: 0090:  08 e0 39 7a cd ba 74 2e d1 20 74 ad 6b 59 ab 86

D (6301) mbedtls: ssl_tls.c:6702 0x3ffc7138: 00a0:  5d 29 ab 81 f0 c1 22 3f 01 b9 0b a1 fb ee 70 9f

D (6301) mbedtls: ssl_tls.c:6702 0x3ffc7138: 00b0:  eb 29 5e 9f 1d 6a 0d dc 65 fd 5e 5d 38 0c 1a c3

D (6301) mbedtls: ssl_tls.c:6702 0x3ffc7138: 00c0:  ae b7 b7 2f 66 23 82 80 ab 7d 69 7c 8f 95 ab e8

D (6301) mbedtls: ssl_tls.c:6702 0x3ffc7138: 00d0:  c0 4d 21 42 7d 78 c8 25 8b 60 f6 0d 87 c9 f4 df

D (6301) mbedtls: ssl_tls.c:6702 0x3ffc7138: 00e0:  36 bf 16 7c 59 16 d1 09 ec 17 67 cf 5d 9f 8f 78

D (6301) mbedtls: ssl_tls.c:6702 0x3ffc7138: 00f0:  8c 3d d0 02 18 d5 bc a7 19 f4 51 fe 1d b3 20 40

D (6301) mbedtls: ssl_tls.c:6702 0x3ffc7138: 0100:  67 7e 3a cc 30 f3 8d a0 ef 02 03 01 00 01      

D (6301) mbedtls: ssl_misc.h:1295 0x3ffc7138: handshake state: 3 (MBEDTLS_SSL_SERVER_CERTIFICATE) -> 4 (MBEDTLS_SSL_SERVER_KEY_EXCHANGE)

I (6301) mbedtls: ssl_msg.c:2494 0x3ffc7138: => write handshake message

I (6301) mbedtls: ssl_msg.c:2654 0x3ffc7138: => write record

D (6301) mbedtls: ssl_msg.c:2737 0x3ffc7138: output record: msgtype = 22, version = [3:3], msglen = 791

I (6301) mbedtls: ssl_msg.c:2063 0x3ffc7138: => flush output

I (6301) mbedtls: ssl_msg.c:2077 0x3ffc7138: message length: 796, out_left: 796

I (6301) mbedtls: ssl_msg.c:2084 0x3ffc7138: ssl->f_send() returned 796 (-0xfffffce4)

I (6301) mbedtls: ssl_msg.c:2111 0x3ffc7138: <= flush output

I (6301) mbedtls: ssl_msg.c:2790 0x3ffc7138: <= write record

I (6301) mbedtls: ssl_msg.c:2615 0x3ffc7138: <= write handshake message

I (6301) mbedtls: ssl_tls.c:6748 0x3ffc7138: <= write certificate

I (6301) mbedtls: ssl_msg.c:2063 0x3ffc7138: => flush output

I (6301) mbedtls: ssl_msg.c:2072 0x3ffc7138: <= flush output

I (6301) mbedtls: ssl_tls12_server.c:3429 0x3ffc7138: server state: 4

I (6301) mbedtls: ssl_tls12_server.c:2796 0x3ffc7138: => write server key exchange

I (6301) mbedtls: ssl_tls12_server.c:2558 0x3ffc7138: ECDHE curve: x25519

D (6301) mbedtls: ssl_tls12_server.c:2571 0x3ffc7138: Perform PSA-based ECDH computation.

I (6311) mbedtls: ssl_msg.c:2025 0x3ffc65b4: in_left: 0, nb_want: 5

I (6311) mbedtls: ssl_msg.c:2028 0x3ffc65b4: ssl->f_recv(_timeout)() returned 5 (-0xfffffffb)

I (6311) mbedtls: ssl_msg.c:2050 0x3ffc65b4: <= fetch input

D (6311) mbedtls: ssl_msg.c:3707 0x3ffc65b4: input record: msgtype = 22, version = [0x303], msglen = 791

I (6311) mbedtls: ssl_msg.c:1865 0x3ffc65b4: => fetch input

I (6311) mbedtls: ssl_msg.c:2005 0x3ffc65b4: in_left: 5, nb_want: 796

I (6311) mbedtls: ssl_msg.c:2025 0x3ffc65b4: in_left: 5, nb_want: 796

I (6311) mbedtls: ssl_msg.c:2028 0x3ffc65b4: ssl->f_recv(_timeout)() returned 791 (-0xfffffce9)

I (6311) mbedtls: ssl_msg.c:2050 0x3ffc65b4: <= fetch input

D (6311) mbedtls: ssl_msg.c:2948 0x3ffc65b4: handshake message: msglen = 791, type = 11, hslen = 791

D (6311) mbedtls: ssl_msg.c:3085 0x3ffc65b4: sole handshake fragment: 791, 0..791 of 791

I (6311) mbedtls: ssl_msg.c:4112 0x3ffc65b4: <= read record

D (6311) mbedtls: ssl_tls.c:6952 0x3ffc65b4: peer certificate #1:

D (6311) mbedtls: ssl_tls.c:6952 0x3ffc65b4: cert. version     : 3

D (6311) mbedtls: ssl_tls.c:6952 0x3ffc65b4: serial number     : 77:66:A5:9D:AF:14:9E:F2:03:F7:3C:2B:1A:5C:81:86:F8:A3:4E:52

D (6311) mbedtls: ssl_tls.c:6952 0x3ffc65b4: issuer name       : CN=localhost

D (6311) mbedtls: ssl_tls.c:6952 0x3ffc65b4: subject name      : CN=localhost

D (6311) mbedtls: ssl_tls.c:6952 0x3ffc65b4: issued  on        : 2026-08-26 20:20:30

D (6311) mbedtls: ssl_tls.c:6952 0x3ffc65b4: expires on        : 2026-09-25 20:20:30

D (6311) mbedtls: ssl_tls.c:6952 0x3ffc65b4: signed using      : RSA with SHA-256

D (6311) mbedtls: ssl_tls.c:6952 0x3ffc65b4: RSA key size      : 2048 bits

D (6311) mbedtls: ssl_tls.c:6952 0x3ffc65b4: basic constraints : CA=true

D (6311) mbedtls: ssl_tls.c:6952 0x3ffc65b4: dumping 'crt->PK' (270 bytes)

D (6311) mbedtls: ssl_tls.c:6952 0x3ffc65b4: 0000:  30 82 01 0a 02 82 01 01 00 dd 03 19 3e 8f 4a 05

D (6311) mbedtls: ssl_tls.c:6952 0x3ffc65b4: 0010:  9c d6 74 e1 46 bc 40 7a 7e af 78 09 38 f6 d0 1c

D (6311) mbedtls: ssl_tls.c:6952 0x3ffc65b4: 0020:  9d e4 2b 18 4c a1 87 f6 83 55 82 2d e0 21 fb b2

D (6311) mbedtls: ssl_tls.c:6952 0x3ffc65b4: 0030:  00 2f 9b 98 36 24 73 47 a2 11 bb 50 05 1c 9e 40

D (6311) mbedtls: ssl_tls.c:6952 0x3ffc65b4: 0040:  41 c9 de 81 7e a1 eb 82 48 35 d0 51 24 0d 22 bd

D (6311) mbedtls: ssl_tls.c:6952 0x3ffc65b4: 0050:  7e c7 0b 60 74 e2 60 3e 76 de c1 3d b5 9f e9 d2

D (6311) mbedtls: ssl_tls.c:6952 0x3ffc65b4: 0060:  ac 90 d3 84 2a 75 7c 41 8a 11 14 c8 bc 09 7b 9d

D (6311) mbedtls: ssl_tls.c:6952 0x3ffc65b4: 0070:  45 54 95 c1 50 05 be f1 34 c0 05 55 f5 a2 b3 a8

D (6311) mbedtls: ssl_tls.c:6952 0x3ffc65b4: 0080:  24 f6 ab 22 df 72 97 ef b5 8f e4 fe 49 be 4f c1

D (6311) mbedtls: ssl_tls.c:6952 0x3ffc65b4: 0090:  08 e0 39 7a cd ba 74 2e d1 20 74 ad 6b 59 ab 86

D (6311) mbedtls: ssl_tls.c:6952 0x3ffc65b4: 00a0:  5d 29 ab 81 f0 c1 22 3f 01 b9 0b a1 fb ee 70 9f

D (6311) mbedtls: ssl_tls.c:6952 0x3ffc65b4: 00b0:  eb 29 5e 9f 1d 6a 0d dc 65 fd 5e 5d 38 0c 1a c3

D (6311) mbedtls: ssl_tls.c:6952 0x3ffc65b4: 00c0:  ae b7 b7 2f 66 23 82 80 ab 7d 69 7c 8f 95 ab e8

D (6311) mbedtls: ssl_tls.c:6952 0x3ffc65b4: 00d0:  c0 4d 21 42 7d 78 c8 25 8b 60 f6 0d 87 c9 f4 df

D (6311) mbedtls: ssl_tls.c:6952 0x3ffc65b4: 00e0:  36 bf 16 7c 59 16 d1 09 ec 17 67 cf 5d 9f 8f 78

D (6311) mbedtls: ssl_tls.c:6952 0x3ffc65b4: 00f0:  8c 3d d0 02 18 d5 bc a7 19 f4 51 fe 1d b3 20 40

D (6311) mbedtls: ssl_tls.c:6952 0x3ffc65b4: 0100:  67 7e 3a cc 30 f3 8d a0 ef 02 03 01 00 01      

I (6321) mbedtls: ssl_tls.c:7191 0x3ffc65b4: <= parse certificate

D (6321) mbedtls: ssl_misc.h:1295 0x3ffc65b4: handshake state: 3 (MBEDTLS_SSL_SERVER_CERTIFICATE) -> 4 (MBEDTLS_SSL_SERVER_KEY_EXCHANGE)

I (6321) mbedtls: ssl_msg.c:2063 0x3ffc65b4: => flush output

I (6321) mbedtls: ssl_msg.c:2072 0x3ffc65b4: <= flush output

I (6321) mbedtls: ssl_tls.c:4201 0x3ffc65b4: client state: MBEDTLS_SSL_SERVER_KEY_EXCHANGE

I (6321) mbedtls: ssl_tls12_client.c:1831 0x3ffc65b4: => parse server key exchange

I (6321) mbedtls: ssl_msg.c:4040 0x3ffc65b4: => read record

I (6321) mbedtls: ssl_msg.c:1865 0x3ffc65b4: => fetch input

I (6321) mbedtls: ssl_msg.c:2005 0x3ffc65b4: in_left: 0, nb_want: 5

[mem-tick] t=    4566 ms phase=thr-setup    free=165928
D (6391) mbedtls: ssl_tls12_server.c:2694 0x3ffc7138: pick hash algorithm 11 for signing

D (6391) mbedtls: ssl_tls.c:8082 0x3ffc7138: Perform PSA-based computation of digest of ServerKeyExchange

D (6391) mbedtls: ssl_tls12_server.c:2712 0x3ffc7138: dumping 'parameters hash' (64 bytes)

D (6391) mbedtls: ssl_tls12_server.c:2712 0x3ffc7138: 0000:  23 c5 ef 78 34 05 f1 eb 09 05 52 9f c6 30 6a 5c  #..x4.....R..0j\

D (6391) mbedtls: ssl_tls12_server.c:2712 0x3ffc7138: 0010:  f8 f3 59 0f 18 b7 5a 02 e5 e3 b3 43 1a 46 27 48  ..Y...Z....C.F'H

D (6391) mbedtls: ssl_tls12_server.c:2712 0x3ffc7138: 0020:  93 e9 9d f1 e4 29 0d 67 e1 99 16 99 a5 10 a3 b0  .....).g........

D (6391) mbedtls: ssl_tls12_server.c:2712 0x3ffc7138: 0030:  bf 1b 8f 87 9c 64 a3 db ab de dd 96 70 55 d7 3d  .....d......pU.=

[mem-tick] t=    4666 ms phase=thr-setup    free=163280
[mem-tick] t=    4766 ms phase=thr-setup    free=162360
[mem-tick] t=    4867 ms phase=thr-setup    free=161960
D (6711) mbedtls: ssl_tls12_server.c:2844 0x3ffc7138: dumping 'my signature' (256 bytes)

D (6711) mbedtls: ssl_tls12_server.c:2844 0x3ffc7138: 0000:  69 9b 85 c5 9e d3 d2 be fb 01 5a 41 e3 7c 14 82  i.........ZA.|..

D (6711) mbedtls: ssl_tls12_server.c:2844 0x3ffc7138: 0010:  71 db 8d 90 64 3a 66 d1 7a 58 d0 4d 63 fa 9e 67  q...d:f.zX.Mc..g

D (6711) mbedtls: ssl_tls12_server.c:2844 0x3ffc7138: 0020:  b4 30 6a 75 94 35 02 2c ed 1e 0d b3 33 d4 dd 2f  .0ju.5.,....3../

D (6711) mbedtls: ssl_tls12_server.c:2844 0x3ffc7138: 0030:  37 f7 b1 d2 24 69 32 74 05 b9 11 21 f6 de 92 00  7...$i2t...!....

D (6711) mbedtls: ssl_tls12_server.c:2844 0x3ffc7138: 0040:  8b a6 98 3e 69 6f 47 ce 87 f0 6c a8 4b f4 28 67  ...>ioG...l.K.(g

D (6711) mbedtls: ssl_tls12_server.c:2844 0x3ffc7138: 0050:  c2 7f 4d fe 37 3f ac 68 9f 42 df 56 b7 f6 3d c2  ..M.7?.h.B.V..=.

D (6711) mbedtls: ssl_tls12_server.c:2844 0x3ffc7138: 0060:  6b 25 6c ff ed e8 52 32 95 f6 07 c1 96 8d 46 e4  k%l...R2......F.

D (6711) mbedtls: ssl_tls12_server.c:2844 0x3ffc7138: 0070:  d1 ea 71 db 69 be b7 39 44 13 f1 b0 b8 d5 c7 d3  ..q.i..9D.......

D (6711) mbedtls: ssl_tls12_server.c:2844 0x3ffc7138: 0080:  05 02 c4 c4 53 b8 42 9b 44 ef e8 d0 db 4d be 08  ....S.B.D....M..

D (6711) mbedtls: ssl_tls12_server.c:2844 0x3ffc7138: 0090:  92 92 2c 7f 13 13 03 b5 64 2e 95 81 15 06 34 8f  ..,.....d.....4.

D (6711) mbedtls: ssl_tls12_server.c:2844 0x3ffc7138: 00a0:  31 69 e8 a0 4e 0b 57 9c 29 7a 7d 6d 8b 5f 90 9a  1i..N.W.)z}m._..

D (6711) mbedtls: ssl_tls12_server.c:2844 0x3ffc7138: 00b0:  5e bb b4 cb 17 f5 55 7b 6e d9 50 b5 37 95 48 27  ^.....U{n.P.7.H'

D (6711) mbedtls: ssl_tls12_server.c:2844 0x3ffc7138: 00c0:  fd 58 92 08 ac 0d fc 39 c7 f1 b4 ff b9 c1 e8 31  .X.....9.......1

D (6711) mbedtls: ssl_tls12_server.c:2844 0x3ffc7138: 00d0:  dd ca ea d0 b0 aa e4 1a b5 7e da f6 fa d3 10 1f  .........~......

D (6711) mbedtls: ssl_tls12_server.c:2844 0x3ffc7138: 00e0:  a2 c5 29 18 6c 81 7e 56 87 d7 db ea 0d d4 2c 78  ..).l.~V......,x

D (6711) mbedtls: ssl_tls12_server.c:2844 0x3ffc7138: 00f0:  a8 a5 3a 25 ce b5 51 45 df ce 3f d8 12 4d 81 30  ..:%..QE..?..M.0

D (6711) mbedtls: ssl_misc.h:1295 0x3ffc7138: handshake state: 4 (MBEDTLS_SSL_SERVER_KEY_EXCHANGE) -> 5 (MBEDTLS_SSL_CERTIFICATE_REQUEST)

I (6711) mbedtls: ssl_msg.c:2494 0x3ffc7138: => write handshake message

I (6711) mbedtls: ssl_msg.c:2654 0x3ffc7138: => write record

D (6711) mbedtls: ssl_msg.c:2737 0x3ffc7138: output record: msgtype = 22, version = [3:3], msglen = 300

I (6711) mbedtls: ssl_msg.c:2063 0x3ffc7138: => flush output

I (6711) mbedtls: ssl_msg.c:2077 0x3ffc7138: message length: 305, out_left: 305

I (6711) mbedtls: ssl_msg.c:2084 0x3ffc7138: ssl->f_send() returned 305 (-0xfffffecf)

I (6711) mbedtls: ssl_msg.c:2111 0x3ffc7138: <= flush output

I (6711) mbedtls: ssl_msg.c:2025 0x3ffc65b4: in_left: 0, nb_want: 5

I (6711) mbedtls: ssl_msg.c:2028 0x3ffc65b4: ssl->f_recv(_timeout)() returned 5 (-0xfffffffb)

I (6711) mbedtls: ssl_msg.c:2050 0x3ffc65b4: <= fetch input

I (6711) mbedtls: ssl_msg.c:2790 0x3ffc7138: <= write record

D (6711) mbedtls: ssl_msg.c:3707 0x3ffc65b4: input record: msgtype = 22, version = [0x303], msglen = 300

I (6711) mbedtls: ssl_msg.c:1865 0x3ffc65b4: => fetch input

I (6711) mbedtls: ssl_msg.c:2005 0x3ffc65b4: in_left: 5, nb_want: 305

I (6711) mbedtls: ssl_msg.c:2025 0x3ffc65b4: in_left: 5, nb_want: 305

I (6711) mbedtls: ssl_msg.c:2028 0x3ffc65b4: ssl->f_recv(_timeout)() returned 300 (-0xfffffed4)

I (6711) mbedtls: ssl_msg.c:2050 0x3ffc65b4: <= fetch input

D (6711) mbedtls: ssl_msg.c:2948 0x3ffc65b4: handshake message: msglen = 300, type = 12, hslen = 300

D (6721) mbedtls: ssl_msg.c:3085 0x3ffc65b4: sole handshake fragment: 300, 0..300 of 300

I (6721) mbedtls: ssl_msg.c:4112 0x3ffc65b4: <= read record

D (6721) mbedtls: ssl_tls12_client.c:1885 0x3ffc65b4: dumping 'server key exchange' (296 bytes)

D (6721) mbedtls: ssl_tls12_client.c:1885 0x3ffc65b4: 0000:  03 00 1d 20 cd 02 02 30 f2 af 50 59 5c 0d 4a d3  ... ...0..PY\.J.

D (6721) mbedtls: ssl_tls12_client.c:1885 0x3ffc65b4: 0010:  ff fa f2 1d b1 9b d7 b9 05 75 d1 55 3e 59 00 91  .........u.U>Y..

D (6721) mbedtls: ssl_tls12_client.c:1885 0x3ffc65b4: 0020:  8c 32 db 34 06 01 01 00 69 9b 85 c5 9e d3 d2 be  .2.4....i.......

D (6721) mbedtls: ssl_tls12_client.c:1885 0x3ffc65b4: 0030:  fb 01 5a 41 e3 7c 14 82 71 db 8d 90 64 3a 66 d1  ..ZA.|..q...d:f.

D (6721) mbedtls: ssl_tls12_client.c:1885 0x3ffc65b4: 0040:  7a 58 d0 4d 63 fa 9e 67 b4 30 6a 75 94 35 02 2c  zX.Mc..g.0ju.5.,

I (6721) mbedtls: ssl_msg.c:2615 0x3ffc7138: <= write handshake message

D (6721) mbedtls: ssl_tls12_client.c:1885 0x3ffc65b4: 0050:  ed 1e 0d b3 33 d4 dd 2f 37 f7 b1 d2 24 69 32 74  ....3../7...$i2t

D (6721) mbedtls: ssl_tls12_client.c:1885 0x3ffc65b4: 0060:  05 b9 11 21 f6 de 92 00 8b a6 98 3e 69 6f 47 ce  ...!.......>ioG.

D (6721) mbedtls: ssl_tls12_client.c:1885 0x3ffc65b4: 0070:  87 f0 6c a8 4b f4 28 67 c2 7f 4d fe 37 3f ac 68  ..l.K.(g..M.7?.h

D (6721) mbedtls: ssl_tls12_client.c:1885 0x3ffc65b4: 0080:  9f 42 df 56 b7 f6 3d c2 6b 25 6c ff ed e8 52 32  .B.V..=.k%l...R2

D (6721) mbedtls: ssl_tls12_client.c:1885 0x3ffc65b4: 0090:  95 f6 07 c1 96 8d 46 e4 d1 ea 71 db 69 be b7 39  ......F...q.i..9

D (6721) mbedtls: ssl_tls12_client.c:1885 0x3ffc65b4: 00a0:  44 13 f1 b0 b8 d5 c7 d3 05 02 c4 c4 53 b8 42 9b  D...........S.B.

D (6721) mbedtls: ssl_tls12_client.c:1885 0x3ffc65b4: 00b0:  44 ef e8 d0 db 4d be 08 92 92 2c 7f 13 13 03 b5  D....M....,.....

D (6721) mbedtls: ssl_tls12_client.c:1885 0x3ffc65b4: 00c0:  64 2e 95 81 15 06 34 8f 31 69 e8 a0 4e 0b 57 9c  d.....4.1i..N.W.

D (6721) mbedtls: ssl_tls12_client.c:1885 0x3ffc65b4: 00d0:  29 7a 7d 6d 8b 5f 90 9a 5e bb b4 cb 17 f5 55 7b  )z}m._..^.....U{

D (6721) mbedtls: ssl_tls12_client.c:1885 0x3ffc65b4: 00e0:  6e d9 50 b5 37 95 48 27 fd 58 92 08 ac 0d fc 39  n.P.7.H'.X.....9

D (6721) mbedtls: ssl_tls12_client.c:1885 0x3ffc65b4: 00f0:  c7 f1 b4 ff b9 c1 e8 31 dd ca ea d0 b0 aa e4 1a  .......1........

D (6721) mbedtls: ssl_tls12_client.c:1885 0x3ffc65b4: 0100:  b5 7e da f6 fa d3 10 1f a2 c5 29 18 6c 81 7e 56  .~........).l.~V

D (6721) mbedtls: ssl_tls12_client.c:1885 0x3ffc65b4: 0110:  87 d7 db ea 0d d4 2c 78 a8 a5 3a 25 ce b5 51 45  ......,x..:%..QE

D (6721) mbedtls: ssl_tls12_client.c:1885 0x3ffc65b4: 0120:  df ce 3f d8 12 4d 81 30                          ..?..M.0

I (6721) mbedtls: ssl_tls12_client.c:1815 0x3ffc65b4: Server used the signature algorithm rsa_pkcs1_sha512

D (6721) mbedtls: ssl_tls12_client.c:2047 0x3ffc65b4: dumping 'signature' (256 bytes)

D (6721) mbedtls: ssl_tls12_client.c:2047 0x3ffc65b4: 0000:  69 9b 85 c5 9e d3 d2 be fb 01 5a 41 e3 7c 14 82  i.........ZA.|..

D (6721) mbedtls: ssl_tls12_client.c:2047 0x3ffc65b4: 0010:  71 db 8d 90 64 3a 66 d1 7a 58 d0 4d 63 fa 9e 67  q...d:f.zX.Mc..g

D (6721) mbedtls: ssl_tls12_client.c:2047 0x3ffc65b4: 0020:  b4 30 6a 75 94 35 02 2c ed 1e 0d b3 33 d4 dd 2f  .0ju.5.,....3../

D (6721) mbedtls: ssl_tls12_client.c:2047 0x3ffc65b4: 0030:  37 f7 b1 d2 24 69 32 74 05 b9 11 21 f6 de 92 00  7...$i2t...!....

D (6721) mbedtls: ssl_tls12_client.c:2047 0x3ffc65b4: 0040:  8b a6 98 3e 69 6f 47 ce 87 f0 6c a8 4b f4 28 67  ...>ioG...l.K.(g

D (6721) mbedtls: ssl_tls12_client.c:2047 0x3ffc65b4: 0050:  c2 7f 4d fe 37 3f ac 68 9f 42 df 56 b7 f6 3d c2  ..M.7?.h.B.V..=.

D (6721) mbedtls: ssl_tls12_client.c:2047 0x3ffc65b4: 0060:  6b 25 6c ff ed e8 52 32 95 f6 07 c1 96 8d 46 e4  k%l...R2......F.

D (6721) mbedtls: ssl_tls12_client.c:2047 0x3ffc65b4: 0070:  d1 ea 71 db 69 be b7 39 44 13 f1 b0 b8 d5 c7 d3  ..q.i..9D.......

D (6721) mbedtls: ssl_tls12_client.c:2047 0x3ffc65b4: 0080:  05 02 c4 c4 53 b8 42 9b 44 ef e8 d0 db 4d be 08  ....S.B.D....M..

D (6721) mbedtls: ssl_tls12_client.c:2047 0x3ffc65b4: 0090:  92 92 2c 7f 13 13 03 b5 64 2e 95 81 15 06 34 8f  ..,.....d.....4.

D (6721) mbedtls: ssl_tls12_client.c:2047 0x3ffc65b4: 00a0:  31 69 e8 a0 4e 0b 57 9c 29 7a 7d 6d 8b 5f 90 9a  1i..N.W.)z}m._..

D (6721) mbedtls: ssl_tls12_client.c:2047 0x3ffc65b4: 00b0:  5e bb b4 cb 17 f5 55 7b 6e d9 50 b5 37 95 48 27  ^.....U{n.P.7.H'

D (6731) mbedtls: ssl_tls12_client.c:2047 0x3ffc65b4: 00c0:  fd 58 92 08 ac 0d fc 39 c7 f1 b4 ff b9 c1 e8 31  .X.....9.......1

I (6731) mbedtls: ssl_tls12_server.c:2864 0x3ffc7138: <= write server key exchange

D (6731) mbedtls: ssl_tls12_client.c:2047 0x3ffc65b4: 00d0:  dd ca ea d0 b0 aa e4 1a b5 7e da f6 fa d3 10 1f  .........~......

D (6731) mbedtls: ssl_tls12_client.c:2047 0x3ffc65b4: 00e0:  a2 c5 29 18 6c 81 7e 56 87 d7 db ea 0d d4 2c 78  ..).l.~V......,x

D (6731) mbedtls: ssl_tls12_client.c:2047 0x3ffc65b4: 00f0:  a8 a5 3a 25 ce b5 51 45 df ce 3f d8 12 4d 81 30  ..:%..QE..?..M.0

D (6731) mbedtls: ssl_tls.c:8082 0x3ffc65b4: Perform PSA-based computation of digest of ServerKeyExchange

D (6731) mbedtls: ssl_tls12_client.c:2064 0x3ffc65b4: dumping 'parameters hash' (64 bytes)

D (6731) mbedtls: ssl_tls12_client.c:2064 0x3ffc65b4: 0000:  23 c5 ef 78 34 05 f1 eb 09 05 52 9f c6 30 6a 5c  #..x4.....R..0j\

I (6731) mbedtls: ssl_msg.c:2063 0x3ffc7138: => flush output

D (6731) mbedtls: ssl_tls12_client.c:2064 0x3ffc65b4: 0010:  f8 f3 59 0f 18 b7 5a 02 e5 e3 b3 43 1a 46 27 48  ..Y...Z....C.F'H

D (6731) mbedtls: ssl_tls12_client.c:2064 0x3ffc65b4: 0020:  93 e9 9d f1 e4 29 0d 67 e1 99 16 99 a5 10 a3 b0  .....).g........

D (6731) mbedtls: ssl_tls12_client.c:2064 0x3ffc65b4: 0030:  bf 1b 8f 87 9c 64 a3 db ab de dd 96 70 55 d7 3d  .....d......pU.=

I (6741) mbedtls: ssl_msg.c:2072 0x3ffc7138: <= flush output

I (6741) mbedtls: ssl_tls12_server.c:3429 0x3ffc7138: server state: 5

I (6741) mbedtls: ssl_tls12_server.c:2242 0x3ffc7138: => write certificate request

D (6741) mbedtls: ssl_misc.h:1295 0x3ffc7138: handshake state: 5 (MBEDTLS_SSL_CERTIFICATE_REQUEST) -> 6 (MBEDTLS_SSL_SERVER_HELLO_DONE)

I (6741) mbedtls: ssl_tls12_server.c:2255 0x3ffc7138: <= skip write certificate request

I (6741) mbedtls: ssl_msg.c:2063 0x3ffc7138: => flush output

I (6741) mbedtls: ssl_msg.c:2072 0x3ffc7138: <= flush output

I (6741) mbedtls: ssl_tls12_server.c:3429 0x3ffc7138: server state: 6

I (6741) mbedtls: ssl_tls12_server.c:2873 0x3ffc7138: => write server hello done

D (6741) mbedtls: ssl_misc.h:1295 0x3ffc7138: handshake state: 6 (MBEDTLS_SSL_SERVER_HELLO_DONE) -> 7 (MBEDTLS_SSL_CLIENT_CERTIFICATE)

I (6741) mbedtls: ssl_msg.c:2494 0x3ffc7138: => write handshake message

I (6741) mbedtls: ssl_msg.c:2654 0x3ffc7138: => write record

D (6741) mbedtls: ssl_msg.c:2737 0x3ffc7138: output record: msgtype = 22, version = [3:3], msglen = 4

I (6741) mbedtls: ssl_msg.c:2063 0x3ffc7138: => flush output

I (6741) mbedtls: ssl_msg.c:2077 0x3ffc7138: message length: 9, out_left: 9

I (6741) mbedtls: ssl_msg.c:2084 0x3ffc7138: ssl->f_send() returned 9 (-0xfffffff7)

I (6741) mbedtls: ssl_msg.c:2111 0x3ffc7138: <= flush output

I (6741) mbedtls: ssl_msg.c:2790 0x3ffc7138: <= write record

I (6741) mbedtls: ssl_msg.c:2615 0x3ffc7138: <= write handshake message

I (6741) mbedtls: ssl_tls12_server.c:2900 0x3ffc7138: <= write server hello done

I (6741) mbedtls: ssl_msg.c:2063 0x3ffc7138: => flush output

I (6741) mbedtls: ssl_msg.c:2072 0x3ffc7138: <= flush output

I (6741) mbedtls: ssl_tls12_server.c:3429 0x3ffc7138: server state: 7

I (6741) mbedtls: ssl_tls.c:7077 0x3ffc7138: => parse certificate

I (6741) mbedtls: ssl_tls.c:7081 0x3ffc7138: <= skip parse certificate

D (6741) mbedtls: ssl_misc.h:1295 0x3ffc7138: handshake state: 7 (MBEDTLS_SSL_CLIENT_CERTIFICATE) -> 8 (MBEDTLS_SSL_CLIENT_KEY_EXCHANGE)

I (6741) mbedtls: ssl_msg.c:2063 0x3ffc7138: => flush output

I (6741) mbedtls: ssl_msg.c:2072 0x3ffc7138: <= flush output

I (6741) mbedtls: ssl_tls12_server.c:3429 0x3ffc7138: server state: 8

I (6741) mbedtls: ssl_tls12_server.c:2969 0x3ffc7138: => parse client key exchange

I (6741) mbedtls: ssl_msg.c:4040 0x3ffc7138: => read record

I (6741) mbedtls: ssl_msg.c:1865 0x3ffc7138: => fetch input

I (6741) mbedtls: ssl_msg.c:2005 0x3ffc7138: in_left: 0, nb_want: 5

D (6741) mbedtls: ssl_misc.h:1295 0x3ffc65b4: handshake state: 4 (MBEDTLS_SSL_SERVER_KEY_EXCHANGE) -> 5 (MBEDTLS_SSL_CERTIFICATE_REQUEST)

I (6741) mbedtls: ssl_tls12_client.c:2118 0x3ffc65b4: <= parse server key exchange

I (6741) mbedtls: ssl_msg.c:2063 0x3ffc65b4: => flush output

I (6741) mbedtls: ssl_msg.c:2072 0x3ffc65b4: <= flush output

I (6741) mbedtls: ssl_tls.c:4201 0x3ffc65b4: client state: MBEDTLS_SSL_CERTIFICATE_REQUEST

I (6741) mbedtls: ssl_tls12_client.c:2157 0x3ffc65b4: => parse certificate request

I (6741) mbedtls: ssl_msg.c:4040 0x3ffc65b4: => read record

I (6741) mbedtls: ssl_msg.c:1865 0x3ffc65b4: => fetch input

I (6741) mbedtls: ssl_msg.c:2005 0x3ffc65b4: in_left: 0, nb_want: 5

[mem-tick] t=    4964 ms phase=thr-setup    free=165228
I (6811) mbedtls: ssl_msg.c:2025 0x3ffc65b4: in_left: 0, nb_want: 5

I (6811) mbedtls: ssl_msg.c:2028 0x3ffc65b4: ssl->f_recv(_timeout)() returned 5 (-0xfffffffb)

I (6811) mbedtls: ssl_msg.c:2050 0x3ffc65b4: <= fetch input

D (6811) mbedtls: ssl_msg.c:3707 0x3ffc65b4: input record: msgtype = 22, version = [0x303], msglen = 4

I (6811) mbedtls: ssl_msg.c:1865 0x3ffc65b4: => fetch input

I (6811) mbedtls: ssl_msg.c:2005 0x3ffc65b4: in_left: 5, nb_want: 9

I (6811) mbedtls: ssl_msg.c:2025 0x3ffc65b4: in_left: 5, nb_want: 9

I (6811) mbedtls: ssl_msg.c:2028 0x3ffc65b4: ssl->f_recv(_timeout)() returned 4 (-0xfffffffc)

I (6811) mbedtls: ssl_msg.c:2050 0x3ffc65b4: <= fetch input

D (6811) mbedtls: ssl_msg.c:2948 0x3ffc65b4: handshake message: msglen = 4, type = 14, hslen = 4

D (6811) mbedtls: ssl_msg.c:3085 0x3ffc65b4: sole handshake fragment: 4, 0..4 of 4

I (6811) mbedtls: ssl_msg.c:4112 0x3ffc65b4: <= read record

D (6811) mbedtls: ssl_misc.h:1295 0x3ffc65b4: handshake state: 5 (MBEDTLS_SSL_CERTIFICATE_REQUEST) -> 6 (MBEDTLS_SSL_SERVER_HELLO_DONE)

D (6811) mbedtls: ssl_tls12_client.c:2183 0x3ffc65b4: got no certificate request

I (6811) mbedtls: ssl_tls12_client.c:2319 0x3ffc65b4: <= parse certificate request

I (6811) mbedtls: ssl_msg.c:2063 0x3ffc65b4: => flush output

I (6811) mbedtls: ssl_msg.c:2072 0x3ffc65b4: <= flush output

I (6811) mbedtls: ssl_tls.c:4201 0x3ffc65b4: client state: MBEDTLS_SSL_SERVER_HELLO_DONE

I (6811) mbedtls: ssl_tls12_client.c:2330 0x3ffc65b4: => parse server hello done

I (6811) mbedtls: ssl_msg.c:4040 0x3ffc65b4: => read record

I (6811) mbedtls: ssl_msg.c:4108 0x3ffc65b4: reuse previously read message

I (6811) mbedtls: ssl_msg.c:4112 0x3ffc65b4: <= read record

D (6811) mbedtls: ssl_misc.h:1295 0x3ffc65b4: handshake state: 6 (MBEDTLS_SSL_SERVER_HELLO_DONE) -> 7 (MBEDTLS_SSL_CLIENT_CERTIFICATE)

I (6811) mbedtls: ssl_tls12_client.c:2358 0x3ffc65b4: <= parse server hello done

I (6811) mbedtls: ssl_msg.c:2063 0x3ffc65b4: => flush output

I (6811) mbedtls: ssl_msg.c:2072 0x3ffc65b4: <= flush output

I (6811) mbedtls: ssl_tls.c:4201 0x3ffc65b4: client state: MBEDTLS_SSL_CLIENT_CERTIFICATE

I (6811) mbedtls: ssl_tls.c:6675 0x3ffc65b4: => write certificate

I (6811) mbedtls: ssl_tls.c:6686 0x3ffc65b4: <= skip write certificate

D (6811) mbedtls: ssl_misc.h:1295 0x3ffc65b4: handshake state: 7 (MBEDTLS_SSL_CLIENT_CERTIFICATE) -> 8 (MBEDTLS_SSL_CLIENT_KEY_EXCHANGE)

I (6811) mbedtls: ssl_msg.c:2063 0x3ffc65b4: => flush output

I (6811) mbedtls: ssl_msg.c:2072 0x3ffc65b4: <= flush output

I (6811) mbedtls: ssl_tls.c:4201 0x3ffc65b4: client state: MBEDTLS_SSL_CLIENT_KEY_EXCHANGE

I (6811) mbedtls: ssl_tls12_client.c:2373 0x3ffc65b4: => write client key exchange

D (6811) mbedtls: ssl_tls12_client.c:2387 0x3ffc65b4: Perform PSA-based ECDH computation.

[mem-tick] t=    5066 ms phase=thr-setup    free=165836
D (6951) mbedtls: ssl_misc.h:1295 0x3ffc65b4: handshake state: 8 (MBEDTLS_SSL_CLIENT_KEY_EXCHANGE) -> 9 (MBEDTLS_SSL_CERTIFICATE_VERIFY)

I (6951) mbedtls: ssl_msg.c:2494 0x3ffc65b4: => write handshake message

I (6951) mbedtls: ssl_msg.c:2654 0x3ffc65b4: => write record

D (6951) mbedtls: ssl_msg.c:2737 0x3ffc65b4: output record: msgtype = 22, version = [3:3], msglen = 37

I (6951) mbedtls: ssl_msg.c:2063 0x3ffc65b4: => flush output

I (6951) mbedtls: ssl_msg.c:2077 0x3ffc65b4: message length: 42, out_left: 42

I (6951) mbedtls: ssl_msg.c:2084 0x3ffc65b4: ssl->f_send() returned 42 (-0xffffffd6)

I (6951) mbedtls: ssl_msg.c:2111 0x3ffc65b4: <= flush output

I (6951) mbedtls: ssl_msg.c:2790 0x3ffc65b4: <= write record

I (6951) mbedtls: ssl_msg.c:2615 0x3ffc65b4: <= write handshake message

I (6951) mbedtls: ssl_msg.c:2025 0x3ffc7138: in_left: 0, nb_want: 5

I (6951) mbedtls: ssl_tls12_client.c:2653 0x3ffc65b4: <= write client key exchange

I (6951) mbedtls: ssl_msg.c:2063 0x3ffc65b4: => flush output

I (6951) mbedtls: ssl_msg.c:2072 0x3ffc65b4: <= flush output

I (6951) mbedtls: ssl_tls.c:4201 0x3ffc65b4: client state: MBEDTLS_SSL_CERTIFICATE_VERIFY

I (6951) mbedtls: ssl_tls12_client.c:2701 0x3ffc65b4: => write certificate verify

I (6951) mbedtls: ssl_tls.c:6466 0x3ffc65b4: => derive keys

I (6951) mbedtls: ssl_tls.c:6557 0x3ffc65b4: => PSA calc verify

D (6951) mbedtls: ssl_tls.c:6568 0x3ffc65b4: dumping 'PSA calculated verify result' (48 bytes)

D (6951) mbedtls: ssl_tls.c:6568 0x3ffc65b4: 0000:  10 84 0f 2c 85 9e 02 0c 39 8a c8 44 1e 4b d4 45  ...,....9..D.K.E

D (6951) mbedtls: ssl_tls.c:6568 0x3ffc65b4: 0010:  e9 4a 4b d5 29 5a 45 18 bd 52 26 91 11 61 d2 4b  .JK.)ZE..R&..a.K

D (6951) mbedtls: ssl_tls.c:6568 0x3ffc65b4: 0020:  6f 3c 44 0f 66 62 a5 68 39 30 64 41 ad d1 9f 51  o<D.fb.h90dA...Q

I (6951) mbedtls: ssl_tls.c:6569 0x3ffc65b4: <= PSA calc verify

I (6961) mbedtls: ssl_msg.c:2028 0x3ffc7138: ssl->f_recv(_timeout)() returned 5 (-0xfffffffb)

D (6961) mbedtls: ssl_tls.c:6308 0x3ffc65b4: dumping 'session hash for extended master secret' (48 bytes)

I (6961) mbedtls: ssl_msg.c:2050 0x3ffc7138: <= fetch input

D (6961) mbedtls: ssl_tls.c:6308 0x3ffc65b4: 0000:  10 84 0f 2c 85 9e 02 0c 39 8a c8 44 1e 4b d4 45  ...,....9..D.K.E

D (6961) mbedtls: ssl_tls.c:6308 0x3ffc65b4: 0010:  e9 4a 4b d5 29 5a 45 18 bd 52 26 91 11 61 d2 4b  .JK.)ZE..R&..a.K

D (6961) mbedtls: ssl_msg.c:3707 0x3ffc7138: input record: msgtype = 22, version = [0x303], msglen = 37

D (6961) mbedtls: ssl_tls.c:6308 0x3ffc65b4: 0020:  6f 3c 44 0f 66 62 a5 68 39 30 64 41 ad d1 9f 51  o<D.fb.h90dA...Q

I (6961) mbedtls: ssl_msg.c:1865 0x3ffc7138: => fetch input

I (6961) mbedtls: ssl_msg.c:2005 0x3ffc7138: in_left: 5, nb_want: 42

I (6961) mbedtls: ssl_msg.c:2025 0x3ffc7138: in_left: 5, nb_want: 42

I (6961) mbedtls: ssl_msg.c:2028 0x3ffc7138: ssl->f_recv(_timeout)() returned 37 (-0xffffffdb)

D (6961) mbedtls: ssl_tls.c:6449 0x3ffc65b4: dumping 'premaster secret' (32 bytes)

I (6961) mbedtls: ssl_msg.c:2050 0x3ffc7138: <= fetch input

D (6961) mbedtls: ssl_tls.c:6449 0x3ffc65b4: 0000:  5f 62 c3 52 a3 b6 35 ae 8b 48 29 0c f0 e4 ee c9  _b.R..5..H).....

D (6961) mbedtls: ssl_tls.c:6449 0x3ffc65b4: 0010:  fd 18 d5 64 d7 dd b0 5c 2b af 9a 41 12 65 54 50  ...d...\+..A.eTP

[mem-tick] t=    5164 ms phase=thr-setup    free=166660
D (6961) mbedtls: ssl_msg.c:2948 0x3ffc7138: handshake message: msglen = 37, type = 16, hslen = 37

D (6961) mbedtls: ssl_msg.c:3085 0x3ffc7138: sole handshake fragment: 37, 0..37 of 37

I (6961) mbedtls: ssl_msg.c:4112 0x3ffc7138: <= read record

D (6961) mbedtls: ssl_tls12_server.c:2998 0x3ffc7138: Read the peer's public key.

D (6961) mbedtls: ssl_tls.c:7762 0x3ffc65b4: ciphersuite = TLS-ECDHE-RSA-WITH-AES-256-GCM-SHA384

D (6961) mbedtls: ssl_tls.c:7764 0x3ffc65b4: dumping 'master secret' (48 bytes)

D (6961) mbedtls: ssl_tls.c:7764 0x3ffc65b4: 0000:  69 89 13 f2 3b 9b a5 b8 1c c3 15 79 5c a2 c1 99  i...;......y\...

D (6961) mbedtls: ssl_tls.c:7764 0x3ffc65b4: 0010:  74 cd dd 82 d5 c3 e7 9a 90 50 2e eb a7 6f 0f 3f  t........P...o.?

D (6961) mbedtls: ssl_tls.c:7764 0x3ffc65b4: 0020:  f8 f6 8b d5 89 c5 70 31 87 0f 6d 6f 46 52 1d 8c  ......p1..moFR..

D (6961) mbedtls: ssl_tls.c:7855 0x3ffc65b4: keylen: 32, minlen: 24, ivlen: 12, maclen: 0

I (6961) mbedtls: ssl_tls.c:6517 0x3ffc65b4: <= derive keys

I (6961) mbedtls: ssl_tls12_client.c:2723 0x3ffc65b4: <= skip write certificate verify

D (6961) mbedtls: ssl_misc.h:1295 0x3ffc65b4: handshake state: 9 (MBEDTLS_SSL_CERTIFICATE_VERIFY) -> 10 (MBEDTLS_SSL_CLIENT_CHANGE_CIPHER_SPEC)

I (6961) mbedtls: ssl_msg.c:2063 0x3ffc65b4: => flush output

I (6961) mbedtls: ssl_msg.c:2072 0x3ffc65b4: <= flush output

I (6961) mbedtls: ssl_tls.c:4201 0x3ffc65b4: client state: MBEDTLS_SSL_CLIENT_CHANGE_CIPHER_SPEC

I (6961) mbedtls: ssl_msg.c:5087 0x3ffc65b4: => write change cipher spec

D (6961) mbedtls: ssl_misc.h:1295 0x3ffc65b4: handshake state: 10 (MBEDTLS_SSL_CLIENT_CHANGE_CIPHER_SPEC) -> 11 (MBEDTLS_SSL_CLIENT_FINISHED)

I (6961) mbedtls: ssl_msg.c:2494 0x3ffc65b4: => write handshake message

I (6961) mbedtls: ssl_msg.c:2654 0x3ffc65b4: => write record

D (6961) mbedtls: ssl_msg.c:2737 0x3ffc65b4: output record: msgtype = 20, version = [3:3], msglen = 1

I (6961) mbedtls: ssl_msg.c:2063 0x3ffc65b4: => flush output

I (6961) mbedtls: ssl_msg.c:2077 0x3ffc65b4: message length: 6, out_left: 6

I (6971) mbedtls: ssl_msg.c:2084 0x3ffc65b4: ssl->f_send() returned 6 (-0xfffffffa)

I (6971) mbedtls: ssl_msg.c:2111 0x3ffc65b4: <= flush output

I (6971) mbedtls: ssl_msg.c:2790 0x3ffc65b4: <= write record

I (6971) mbedtls: ssl_msg.c:2615 0x3ffc65b4: <= write handshake message

I (6971) mbedtls: ssl_msg.c:5100 0x3ffc65b4: <= write change cipher spec

I (6971) mbedtls: ssl_msg.c:2063 0x3ffc65b4: => flush output

I (6971) mbedtls: ssl_msg.c:2072 0x3ffc65b4: <= flush output

I (6971) mbedtls: ssl_tls.c:4201 0x3ffc65b4: client state: MBEDTLS_SSL_CLIENT_FINISHED

I (6971) mbedtls: ssl_tls.c:7384 0x3ffc65b4: => write finished

I (6971) mbedtls: ssl_tls.c:7235 0x3ffc65b4: => calc PSA finished tls

D (6971) mbedtls: ssl_tls.c:7246 0x3ffc65b4: dumping 'PSA calculated padbuf' (48 bytes)

D (6971) mbedtls: ssl_tls.c:7246 0x3ffc65b4: 0000:  10 84 0f 2c 85 9e 02 0c 39 8a c8 44 1e 4b d4 45  ...,....9..D.K.E

D (6971) mbedtls: ssl_tls.c:7246 0x3ffc65b4: 0010:  e9 4a 4b d5 29 5a 45 18 bd 52 26 91 11 61 d2 4b  .JK.)ZE..R&..a.K

D (6971) mbedtls: ssl_tls.c:7246 0x3ffc65b4: 0020:  6f 3c 44 0f 66 62 a5 68 39 30 64 41 ad d1 9f 51  o<D.fb.h90dA...Q

D (6971) mbedtls: ssl_tls.c:7258 0x3ffc65b4: dumping 'calc finished result' (12 bytes)

D (6971) mbedtls: ssl_tls.c:7258 0x3ffc65b4: 0000:  a6 e8 1a a4 44 59 3d 23 f7 0a 80 ed              ....DY=#....

I (6971) mbedtls: ssl_tls.c:7262 0x3ffc65b4: <= calc finished

D (6971) mbedtls: ssl_misc.h:1295 0x3ffc65b4: handshake state: 11 (MBEDTLS_SSL_CLIENT_FINISHED) -> 12 (MBEDTLS_SSL_SERVER_CHANGE_CIPHER_SPEC)

D (6971) mbedtls: ssl_tls.c:7434 0x3ffc65b4: switching to new transform spec for outbound data

I (6971) mbedtls: ssl_msg.c:2494 0x3ffc65b4: => write handshake message

I (6971) mbedtls: ssl_msg.c:2654 0x3ffc65b4: => write record

I (6971) mbedtls: ssl_msg.c:808 0x3ffc65b4: => encrypt buf

D (6971) mbedtls: ssl_msg.c:1036 0x3ffc65b4: before encrypt: msglen = 16, including 0 bytes of padding

I (6971) mbedtls: ssl_msg.c:1265 0x3ffc65b4: <= encrypt buf

D (6971) mbedtls: ssl_msg.c:2737 0x3ffc65b4: output record: msgtype = 22, version = [3:3], msglen = 40

I (6971) mbedtls: ssl_msg.c:2063 0x3ffc65b4: => flush output

I (6971) mbedtls: ssl_msg.c:2077 0x3ffc65b4: message length: 45, out_left: 45

I (6971) mbedtls: ssl_msg.c:2084 0x3ffc65b4: ssl->f_send() returned 45 (-0xffffffd3)

I (6971) mbedtls: ssl_msg.c:2111 0x3ffc65b4: <= flush output

I (6971) mbedtls: ssl_msg.c:2790 0x3ffc65b4: <= write record

I (6971) mbedtls: ssl_msg.c:2615 0x3ffc65b4: <= write handshake message

I (6971) mbedtls: ssl_tls.c:7487 0x3ffc65b4: <= write finished

I (6971) mbedtls: ssl_msg.c:2063 0x3ffc65b4: => flush output

I (6971) mbedtls: ssl_msg.c:2072 0x3ffc65b4: <= flush output

I (6971) mbedtls: ssl_tls.c:4201 0x3ffc65b4: client state: MBEDTLS_SSL_SERVER_CHANGE_CIPHER_SPEC

I (6971) mbedtls: ssl_msg.c:5109 0x3ffc65b4: => parse change cipher spec

I (6971) mbedtls: ssl_msg.c:4040 0x3ffc65b4: => read record

I (6971) mbedtls: ssl_msg.c:1865 0x3ffc65b4: => fetch input

I (6971) mbedtls: ssl_msg.c:2005 0x3ffc65b4: in_left: 0, nb_want: 5

I (7061) mbedtls: ssl_tls.c:6466 0x3ffc7138: => derive keys

I (7061) mbedtls: ssl_tls.c:6557 0x3ffc7138: => PSA calc verify

D (7061) mbedtls: ssl_tls.c:6568 0x3ffc7138: dumping 'PSA calculated verify result' (48 bytes)

D (7061) mbedtls: ssl_tls.c:6568 0x3ffc7138: 0000:  10 84 0f 2c 85 9e 02 0c 39 8a c8 44 1e 4b d4 45  ...,....9..D.K.E

D (7061) mbedtls: ssl_tls.c:6568 0x3ffc7138: 0010:  e9 4a 4b d5 29 5a 45 18 bd 52 26 91 11 61 d2 4b  .JK.)ZE..R&..a.K

D (7061) mbedtls: ssl_tls.c:6568 0x3ffc7138: 0020:  6f 3c 44 0f 66 62 a5 68 39 30 64 41 ad d1 9f 51  o<D.fb.h90dA...Q

I (7061) mbedtls: ssl_tls.c:6569 0x3ffc7138: <= PSA calc verify

D (7061) mbedtls: ssl_tls.c:6308 0x3ffc7138: dumping 'session hash for extended master secret' (48 bytes)

D (7061) mbedtls: ssl_tls.c:6308 0x3ffc7138: 0000:  10 84 0f 2c 85 9e 02 0c 39 8a c8 44 1e 4b d4 45  ...,....9..D.K.E

D (7061) mbedtls: ssl_tls.c:6308 0x3ffc7138: 0010:  e9 4a 4b d5 29 5a 45 18 bd 52 26 91 11 61 d2 4b  .JK.)ZE..R&..a.K

D (7061) mbedtls: ssl_tls.c:6308 0x3ffc7138: 0020:  6f 3c 44 0f 66 62 a5 68 39 30 64 41 ad d1 9f 51  o<D.fb.h90dA...Q

D (7061) mbedtls: ssl_tls.c:6449 0x3ffc7138: dumping 'premaster secret' (32 bytes)

D (7061) mbedtls: ssl_tls.c:6449 0x3ffc7138: 0000:  5f 62 c3 52 a3 b6 35 ae 8b 48 29 0c f0 e4 ee c9  _b.R..5..H).....

D (7061) mbedtls: ssl_tls.c:6449 0x3ffc7138: 0010:  fd 18 d5 64 d7 dd b0 5c 2b af 9a 41 12 65 54 50  ...d...\+..A.eTP

D (7061) mbedtls: ssl_tls.c:7762 0x3ffc7138: ciphersuite = TLS-ECDHE-RSA-WITH-AES-256-GCM-SHA384

D (7061) mbedtls: ssl_tls.c:7764 0x3ffc7138: dumping 'master secret' (48 bytes)

D (7061) mbedtls: ssl_tls.c:7764 0x3ffc7138: 0000:  69 89 13 f2 3b 9b a5 b8 1c c3 15 79 5c a2 c1 99  i...;......y\...

D (7061) mbedtls: ssl_tls.c:7764 0x3ffc7138: 0010:  74 cd dd 82 d5 c3 e7 9a 90 50 2e eb a7 6f 0f 3f  t........P...o.?

D (7061) mbedtls: ssl_tls.c:7764 0x3ffc7138: 0020:  f8 f6 8b d5 89 c5 70 31 87 0f 6d 6f 46 52 1d 8c  ......p1..moFR..

D (7061) mbedtls: ssl_tls.c:7855 0x3ffc7138: keylen: 32, minlen: 24, ivlen: 12, maclen: 0

I (7061) mbedtls: ssl_tls.c:6517 0x3ffc7138: <= derive keys

D (7061) mbedtls: ssl_misc.h:1295 0x3ffc7138: handshake state: 8 (MBEDTLS_SSL_CLIENT_KEY_EXCHANGE) -> 9 (MBEDTLS_SSL_CERTIFICATE_VERIFY)

I (7061) mbedtls: ssl_tls12_server.c:3180 0x3ffc7138: <= parse client key exchange

I (7061) mbedtls: ssl_msg.c:2063 0x3ffc7138: => flush output

I (7061) mbedtls: ssl_msg.c:2072 0x3ffc7138: <= flush output

I (7061) mbedtls: ssl_tls12_server.c:3429 0x3ffc7138: server state: 9

I (7061) mbedtls: ssl_tls12_server.c:3219 0x3ffc7138: => parse certificate verify

I (7061) mbedtls: ssl_tls12_server.c:3235 0x3ffc7138: <= skip parse certificate verify

D (7061) mbedtls: ssl_misc.h:1295 0x3ffc7138: handshake state: 9 (MBEDTLS_SSL_CERTIFICATE_VERIFY) -> 10 (MBEDTLS_SSL_CLIENT_CHANGE_CIPHER_SPEC)

I (7061) mbedtls: ssl_msg.c:2063 0x3ffc7138: => flush output

I (7061) mbedtls: ssl_msg.c:2072 0x3ffc7138: <= flush output

I (7061) mbedtls: ssl_tls12_server.c:3429 0x3ffc7138: server state: 10

I (7061) mbedtls: ssl_msg.c:5109 0x3ffc7138: => parse change cipher spec

I (7061) mbedtls: ssl_msg.c:4040 0x3ffc7138: => read record

I (7061) mbedtls: ssl_msg.c:1865 0x3ffc7138: => fetch input

I (7061) mbedtls: ssl_msg.c:2005 0x3ffc7138: in_left: 0, nb_want: 5

I (7061) mbedtls: ssl_msg.c:2025 0x3ffc7138: in_left: 0, nb_want: 5

I (7061) mbedtls: ssl_msg.c:2028 0x3ffc7138: ssl->f_recv(_timeout)() returned 5 (-0xfffffffb)

I (7061) mbedtls: ssl_msg.c:2050 0x3ffc7138: <= fetch input

D (7061) mbedtls: ssl_msg.c:3707 0x3ffc7138: input record: msgtype = 20, version = [0x303], msglen = 1

I (7061) mbedtls: ssl_msg.c:1865 0x3ffc7138: => fetch input

I (7061) mbedtls: ssl_msg.c:2005 0x3ffc7138: in_left: 5, nb_want: 6

[mem-tick] t=    5275 ms phase=thr-setup    free=166560
I (7071) mbedtls: ssl_msg.c:2025 0x3ffc7138: in_left: 5, nb_want: 6

I (7071) mbedtls: ssl_msg.c:2028 0x3ffc7138: ssl->f_recv(_timeout)() returned 1 (-0xffffffff)

I (7071) mbedtls: ssl_msg.c:2050 0x3ffc7138: <= fetch input

I (7071) mbedtls: ssl_msg.c:4112 0x3ffc7138: <= read record

D (7071) mbedtls: ssl_msg.c:5130 0x3ffc7138: switching to new transform spec for inbound data

D (7071) mbedtls: ssl_misc.h:1295 0x3ffc7138: handshake state: 10 (MBEDTLS_SSL_CLIENT_CHANGE_CIPHER_SPEC) -> 11 (MBEDTLS_SSL_CLIENT_FINISHED)

I (7071) mbedtls: ssl_msg.c:5157 0x3ffc7138: <= parse change cipher spec

I (7071) mbedtls: ssl_msg.c:2063 0x3ffc7138: => flush output

I (7071) mbedtls: ssl_msg.c:2072 0x3ffc7138: <= flush output

I (7071) mbedtls: ssl_tls12_server.c:3429 0x3ffc7138: server state: 11

I (7071) mbedtls: ssl_tls.c:7500 0x3ffc7138: => parse finished

I (7071) mbedtls: ssl_tls.c:7235 0x3ffc7138: => calc PSA finished tls

D (7071) mbedtls: ssl_tls.c:7246 0x3ffc7138: dumping 'PSA calculated padbuf' (48 bytes)

D (7071) mbedtls: ssl_tls.c:7246 0x3ffc7138: 0000:  10 84 0f 2c 85 9e 02 0c 39 8a c8 44 1e 4b d4 45  ...,....9..D.K.E

D (7071) mbedtls: ssl_tls.c:7246 0x3ffc7138: 0010:  e9 4a 4b d5 29 5a 45 18 bd 52 26 91 11 61 d2 4b  .JK.)ZE..R&..a.K

D (7071) mbedtls: ssl_tls.c:7246 0x3ffc7138: 0020:  6f 3c 44 0f 66 62 a5 68 39 30 64 41 ad d1 9f 51  o<D.fb.h90dA...Q

D (7071) mbedtls: ssl_tls.c:7258 0x3ffc7138: dumping 'calc finished result' (12 bytes)

D (7071) mbedtls: ssl_tls.c:7258 0x3ffc7138: 0000:  a6 e8 1a a4 44 59 3d 23 f7 0a 80 ed              ....DY=#....

I (7071) mbedtls: ssl_tls.c:7262 0x3ffc7138: <= calc finished

I (7071) mbedtls: ssl_msg.c:4040 0x3ffc7138: => read record

I (7071) mbedtls: ssl_msg.c:1865 0x3ffc7138: => fetch input

I (7071) mbedtls: ssl_msg.c:2005 0x3ffc7138: in_left: 0, nb_want: 5

I (7071) mbedtls: ssl_msg.c:2025 0x3ffc7138: in_left: 0, nb_want: 5

I (7071) mbedtls: ssl_msg.c:2028 0x3ffc7138: ssl->f_recv(_timeout)() returned 5 (-0xfffffffb)

I (7071) mbedtls: ssl_msg.c:2050 0x3ffc7138: <= fetch input

D (7071) mbedtls: ssl_msg.c:3707 0x3ffc7138: input record: msgtype = 22, version = [0x303], msglen = 40

I (7071) mbedtls: ssl_msg.c:1865 0x3ffc7138: => fetch input

I (7071) mbedtls: ssl_msg.c:2005 0x3ffc7138: in_left: 5, nb_want: 45

I (7071) mbedtls: ssl_msg.c:2025 0x3ffc7138: in_left: 5, nb_want: 45

I (7071) mbedtls: ssl_msg.c:2028 0x3ffc7138: ssl->f_recv(_timeout)() returned 40 (-0xffffffd8)

I (7071) mbedtls: ssl_msg.c:2050 0x3ffc7138: <= fetch input

I (7071) mbedtls: ssl_msg.c:1301 0x3ffc7138: => decrypt buf

I (7071) mbedtls: ssl_msg.c:1831 0x3ffc7138: <= decrypt buf

D (7071) mbedtls: ssl_msg.c:2948 0x3ffc7138: handshake message: msglen = 16, type = 20, hslen = 16

D (7071) mbedtls: ssl_msg.c:3085 0x3ffc7138: sole handshake fragment: 16, 0..16 of 16

I (7071) mbedtls: ssl_msg.c:4112 0x3ffc7138: <= read record

D (7071) mbedtls: ssl_misc.h:1295 0x3ffc7138: handshake state: 11 (MBEDTLS_SSL_CLIENT_FINISHED) -> 12 (MBEDTLS_SSL_SERVER_CHANGE_CIPHER_SPEC)

I (7071) mbedtls: ssl_tls.c:7571 0x3ffc7138: <= parse finished

I (7071) mbedtls: ssl_msg.c:2063 0x3ffc7138: => flush output

I (7071) mbedtls: ssl_msg.c:2072 0x3ffc7138: <= flush output

I (7071) mbedtls: ssl_tls12_server.c:3429 0x3ffc7138: server state: 12

I (7071) mbedtls: ssl_msg.c:5087 0x3ffc7138: => write change cipher spec

D (7071) mbedtls: ssl_misc.h:1295 0x3ffc7138: handshake state: 12 (MBEDTLS_SSL_SERVER_CHANGE_CIPHER_SPEC) -> 13 (MBEDTLS_SSL_SERVER_FINISHED)

I (7071) mbedtls: ssl_msg.c:2494 0x3ffc7138: => write handshake message

I (7071) mbedtls: ssl_msg.c:2654 0x3ffc7138: => write record

D (7071) mbedtls: ssl_msg.c:2737 0x3ffc7138: output record: msgtype = 20, version = [3:3], msglen = 1

I (7071) mbedtls: ssl_msg.c:2063 0x3ffc7138: => flush output

I (7071) mbedtls: ssl_msg.c:2077 0x3ffc7138: message length: 6, out_left: 6

I (7071) mbedtls: ssl_msg.c:2084 0x3ffc7138: ssl->f_send() returned 6 (-0xfffffffa)

I (7071) mbedtls: ssl_msg.c:2111 0x3ffc7138: <= flush output

I (7071) mbedtls: ssl_msg.c:2790 0x3ffc7138: <= write record

I (7071) mbedtls: ssl_msg.c:2025 0x3ffc65b4: in_left: 0, nb_want: 5

I (7071) mbedtls: ssl_msg.c:2028 0x3ffc65b4: ssl->f_recv(_timeout)() returned 5 (-0xfffffffb)

I (7071) mbedtls: ssl_msg.c:2050 0x3ffc65b4: <= fetch input

D (7071) mbedtls: ssl_msg.c:3707 0x3ffc65b4: input record: msgtype = 20, version = [0x303], msglen = 1

I (7071) mbedtls: ssl_msg.c:1865 0x3ffc65b4: => fetch input

I (7071) mbedtls: ssl_msg.c:2005 0x3ffc65b4: in_left: 5, nb_want: 6

I (7071) mbedtls: ssl_msg.c:2025 0x3ffc65b4: in_left: 5, nb_want: 6

I (7071) mbedtls: ssl_msg.c:2028 0x3ffc65b4: ssl->f_recv(_timeout)() returned 1 (-0xffffffff)

I (7071) mbedtls: ssl_msg.c:2050 0x3ffc65b4: <= fetch input

I (7071) mbedtls: ssl_msg.c:4112 0x3ffc65b4: <= read record

D (7071) mbedtls: ssl_msg.c:5130 0x3ffc65b4: switching to new transform spec for inbound data

D (7071) mbedtls: ssl_misc.h:1295 0x3ffc65b4: handshake state: 12 (MBEDTLS_SSL_SERVER_CHANGE_CIPHER_SPEC) -> 13 (MBEDTLS_SSL_SERVER_FINISHED)

I (7071) mbedtls: ssl_msg.c:5157 0x3ffc65b4: <= parse change cipher spec

I (7081) mbedtls: ssl_msg.c:2063 0x3ffc65b4: => flush output

I (7081) mbedtls: ssl_msg.c:2615 0x3ffc7138: <= write handshake message

I (7081) mbedtls: ssl_msg.c:2072 0x3ffc65b4: <= flush output

I (7081) mbedtls: ssl_tls.c:4201 0x3ffc65b4: client state: MBEDTLS_SSL_SERVER_FINISHED

I (7081) mbedtls: ssl_tls.c:7500 0x3ffc65b4: => parse finished

I (7081) mbedtls: ssl_tls.c:7235 0x3ffc65b4: => calc PSA finished tls

D (7081) mbedtls: ssl_tls.c:7246 0x3ffc65b4: dumping 'PSA calculated padbuf' (48 bytes)

D (7081) mbedtls: ssl_tls.c:7246 0x3ffc65b4: 0000:  9b a5 18 19 6b c6 5f d8 8c 6a d8 48 f7 69 c1 1c  ....k._..j.H.i..

D (7081) mbedtls: ssl_tls.c:7246 0x3ffc65b4: 0010:  04 92 87 7c 70 fd 95 27 bf da ea 29 a6 1c f9 a9  ...|p..'...)....

D (7081) mbedtls: ssl_tls.c:7246 0x3ffc65b4: 0020:  5a 97 ca 08 99 0e 4f d9 8c cf ca 29 c3 a2 c2 51  Z.....O....)...Q

I (7081) mbedtls: ssl_msg.c:5100 0x3ffc7138: <= write change cipher spec

D (7081) mbedtls: ssl_tls.c:7258 0x3ffc65b4: dumping 'calc finished result' (12 bytes)

D (7081) mbedtls: ssl_tls.c:7258 0x3ffc65b4: 0000:  8f 30 f8 b6 1d 33 59 be de a5 79 ee              .0...3Y...y.

I (7081) mbedtls: ssl_tls.c:7262 0x3ffc65b4: <= calc finished

I (7081) mbedtls: ssl_msg.c:4040 0x3ffc65b4: => read record

I (7081) mbedtls: ssl_msg.c:1865 0x3ffc65b4: => fetch input

I (7081) mbedtls: ssl_msg.c:2005 0x3ffc65b4: in_left: 0, nb_want: 5

I (7081) mbedtls: ssl_msg.c:2063 0x3ffc7138: => flush output

I (7081) mbedtls: ssl_msg.c:2072 0x3ffc7138: <= flush output

I (7081) mbedtls: ssl_tls12_server.c:3429 0x3ffc7138: server state: 13

I (7081) mbedtls: ssl_tls.c:7384 0x3ffc7138: => write finished

I (7081) mbedtls: ssl_tls.c:7235 0x3ffc7138: => calc PSA finished tls

D (7081) mbedtls: ssl_tls.c:7246 0x3ffc7138: dumping 'PSA calculated padbuf' (48 bytes)

D (7081) mbedtls: ssl_tls.c:7246 0x3ffc7138: 0000:  9b a5 18 19 6b c6 5f d8 8c 6a d8 48 f7 69 c1 1c  ....k._..j.H.i..

D (7081) mbedtls: ssl_tls.c:7246 0x3ffc7138: 0010:  04 92 87 7c 70 fd 95 27 bf da ea 29 a6 1c f9 a9  ...|p..'...)....

D (7081) mbedtls: ssl_tls.c:7246 0x3ffc7138: 0020:  5a 97 ca 08 99 0e 4f d9 8c cf ca 29 c3 a2 c2 51  Z.....O....)...Q

D (7081) mbedtls: ssl_tls.c:7258 0x3ffc7138: dumping 'calc finished result' (12 bytes)

D (7081) mbedtls: ssl_tls.c:7258 0x3ffc7138: 0000:  8f 30 f8 b6 1d 33 59 be de a5 79 ee              .0...3Y...y.

I (7081) mbedtls: ssl_tls.c:7262 0x3ffc7138: <= calc finished

D (7081) mbedtls: ssl_misc.h:1295 0x3ffc7138: handshake state: 13 (MBEDTLS_SSL_SERVER_FINISHED) -> 14 (MBEDTLS_SSL_FLUSH_BUFFERS)

D (7081) mbedtls: ssl_tls.c:7434 0x3ffc7138: switching to new transform spec for outbound data

I (7081) mbedtls: ssl_msg.c:2494 0x3ffc7138: => write handshake message

I (7081) mbedtls: ssl_msg.c:2654 0x3ffc7138: => write record

I (7081) mbedtls: ssl_msg.c:808 0x3ffc7138: => encrypt buf

D (7081) mbedtls: ssl_msg.c:1036 0x3ffc7138: before encrypt: msglen = 16, including 0 bytes of padding

I (7081) mbedtls: ssl_msg.c:1265 0x3ffc7138: <= encrypt buf

D (7081) mbedtls: ssl_msg.c:2737 0x3ffc7138: output record: msgtype = 22, version = [3:3], msglen = 40

I (7081) mbedtls: ssl_msg.c:2063 0x3ffc7138: => flush output

I (7081) mbedtls: ssl_msg.c:2077 0x3ffc7138: message length: 45, out_left: 45

I (7081) mbedtls: ssl_msg.c:2084 0x3ffc7138: ssl->f_send() returned 45 (-0xffffffd3)

I (7081) mbedtls: ssl_msg.c:2111 0x3ffc7138: <= flush output

I (7081) mbedtls: ssl_msg.c:2790 0x3ffc7138: <= write record

I (7081) mbedtls: ssl_msg.c:2615 0x3ffc7138: <= write handshake message

I (7081) mbedtls: ssl_tls.c:7487 0x3ffc7138: <= write finished

I (7081) mbedtls: ssl_msg.c:2063 0x3ffc7138: => flush output

I (7081) mbedtls: ssl_msg.c:2072 0x3ffc7138: <= flush output

I (7081) mbedtls: ssl_tls12_server.c:3429 0x3ffc7138: server state: 14

I (7081) mbedtls: ssl_tls12_server.c:3521 0x3ffc7138: handshake: done

D (7081) mbedtls: ssl_misc.h:1295 0x3ffc7138: handshake state: 14 (MBEDTLS_SSL_FLUSH_BUFFERS) -> 15 (MBEDTLS_SSL_HANDSHAKE_WRAPUP)

I (7081) mbedtls: ssl_msg.c:2063 0x3ffc7138: => flush output

I (7081) mbedtls: ssl_msg.c:2072 0x3ffc7138: <= flush output

I (7081) mbedtls: ssl_tls12_server.c:3429 0x3ffc7138: server state: 15

D (7081) mbedtls: ssl_tls.c:7322 0x3ffc7138: => handshake wrapup

D (7081) mbedtls: ssl_tls.c:7296 0x3ffc7138: => handshake wrapup: final free

D (7081) mbedtls: ssl_tls.c:7315 0x3ffc7138: <= handshake wrapup: final free

D (7081) mbedtls: ssl_misc.h:1295 0x3ffc7138: handshake state: 15 (MBEDTLS_SSL_HANDSHAKE_WRAPUP) -> 27 (MBEDTLS_SSL_HANDSHAKE_OVER)

D (7081) mbedtls: ssl_tls.c:7376 0x3ffc7138: <= handshake wrapup

I (7081) mbedtls: ssl_tls.c:4293 0x3ffc7138: <= handshake

[srv-tls] session established
I (7081) mbedtls: ssl_msg.c:5663 0x3ffc7138: => read

I (7081) mbedtls: ssl_msg.c:4040 0x3ffc7138: => read record

I (7081) mbedtls: ssl_msg.c:1865 0x3ffc7138: => fetch input

I (7081) mbedtls: ssl_msg.c:2005 0x3ffc7138: in_left: 0, nb_want: 5

[mem-tick] t=    5374 ms phase=thr-setup    free=167708
[mem-tick] t=    5474 ms phase=thr-setup    free=167708
I (7311) mbedtls: ssl_msg.c:2025 0x3ffc65b4: in_left: 0, nb_want: 5

I (7311) mbedtls: ssl_msg.c:2028 0x3ffc65b4: ssl->f_recv(_timeout)() returned 5 (-0xfffffffb)

I (7311) mbedtls: ssl_msg.c:2050 0x3ffc65b4: <= fetch input

D (7311) mbedtls: ssl_msg.c:3707 0x3ffc65b4: input record: msgtype = 22, version = [0x303], msglen = 40

I (7311) mbedtls: ssl_msg.c:1865 0x3ffc65b4: => fetch input

I (7311) mbedtls: ssl_msg.c:2005 0x3ffc65b4: in_left: 5, nb_want: 45

I (7311) mbedtls: ssl_msg.c:2025 0x3ffc65b4: in_left: 5, nb_want: 45

I (7311) mbedtls: ssl_msg.c:2028 0x3ffc65b4: ssl->f_recv(_timeout)() returned 40 (-0xffffffd8)

I (7311) mbedtls: ssl_msg.c:2050 0x3ffc65b4: <= fetch input

I (7311) mbedtls: ssl_msg.c:1301 0x3ffc65b4: => decrypt buf

I (7311) mbedtls: ssl_msg.c:1831 0x3ffc65b4: <= decrypt buf

D (7311) mbedtls: ssl_msg.c:2948 0x3ffc65b4: handshake message: msglen = 16, type = 20, hslen = 16

D (7311) mbedtls: ssl_msg.c:3085 0x3ffc65b4: sole handshake fragment: 16, 0..16 of 16

I (7311) mbedtls: ssl_msg.c:4112 0x3ffc65b4: <= read record

D (7311) mbedtls: ssl_misc.h:1295 0x3ffc65b4: handshake state: 13 (MBEDTLS_SSL_SERVER_FINISHED) -> 14 (MBEDTLS_SSL_FLUSH_BUFFERS)

I (7311) mbedtls: ssl_tls.c:7571 0x3ffc65b4: <= parse finished

I (7311) mbedtls: ssl_msg.c:2063 0x3ffc65b4: => flush output

I (7311) mbedtls: ssl_msg.c:2072 0x3ffc65b4: <= flush output

I (7311) mbedtls: ssl_tls.c:4201 0x3ffc65b4: client state: MBEDTLS_SSL_FLUSH_BUFFERS

I (7311) mbedtls: ssl_tls12_client.c:3031 0x3ffc65b4: handshake: done

D (7311) mbedtls: ssl_misc.h:1295 0x3ffc65b4: handshake state: 14 (MBEDTLS_SSL_FLUSH_BUFFERS) -> 15 (MBEDTLS_SSL_HANDSHAKE_WRAPUP)

I (7311) mbedtls: ssl_msg.c:2063 0x3ffc65b4: => flush output

I (7311) mbedtls: ssl_msg.c:2072 0x3ffc65b4: <= flush output

I (7311) mbedtls: ssl_tls.c:4201 0x3ffc65b4: client state: MBEDTLS_SSL_HANDSHAKE_WRAPUP

D (7311) mbedtls: ssl_tls.c:7322 0x3ffc65b4: => handshake wrapup

D (7311) mbedtls: ssl_tls.c:7296 0x3ffc65b4: => handshake wrapup: final free

D (7311) mbedtls: ssl_tls.c:7315 0x3ffc65b4: <= handshake wrapup: final free

D (7311) mbedtls: ssl_misc.h:1295 0x3ffc65b4: handshake state: 15 (MBEDTLS_SSL_HANDSHAKE_WRAPUP) -> 27 (MBEDTLS_SSL_HANDSHAKE_OVER)

D (7311) mbedtls: ssl_tls.c:7376 0x3ffc65b4: <= handshake wrapup

I (7311) mbedtls: ssl_tls.c:4293 0x3ffc65b4: <= handshake

[neg] version=TLSv1.2 suite=TLS-ECDHE-RSA-WITH-AES-256-GCM-SHA384 peer_cert=0 bytes
[mem-tick] t=    5574 ms phase=thr-p0       free=169132
[mem-tick] t=    5674 ms phase=thr-p0       free=170280
[mem-tick] t=    5774 ms phase=thr-p0       free=173408
[mem-tick] t=    5874 ms phase=thr-p0       free=171848
[mem-tick] t=    5974 ms phase=thr-p0       free=171848
[mem-tick] t=    6075 ms phase=thr-p0       free=170684
[mem-tick] t=    6174 ms phase=thr-p0       free=170680
[mem-tick] t=    6274 ms phase=thr-p0       free=173400
[mem-tick] t=    6374 ms phase=thr-p0       free=171840
[mem-tick] t=    6474 ms phase=thr-p0       free=170684
[mem-tick] t=    6574 ms phase=thr-p0       free=173376
[mem-tick] t=    6674 ms phase=thr-p0       free=171740
[mem-tick] t=    6774 ms phase=thr-p0       free=170680
[thr] round0 PLAIN 2097152 B in 1253702 us = 13.38 Mbit/s
I (8571) mbedtls: ssl_msg.c:5925 0x3ffc65b4: => write

I (8571) mbedtls: ssl_msg.c:2654 0x3ffc65b4: => write record

I (8571) mbedtls: ssl_msg.c:808 0x3ffc65b4: => encrypt buf

D (8571) mbedtls: ssl_msg.c:1036 0x3ffc65b4: before encrypt: msglen = 1024, including 0 bytes of padding

I (8571) mbedtls: ssl_msg.c:1265 0x3ffc65b4: <= encrypt buf

D (8571) mbedtls: ssl_msg.c:2737 0x3ffc65b4: output record: msgtype = 23, version = [3:3], msglen = 1048

I (8571) mbedtls: ssl_msg.c:2063 0x3ffc65b4: => flush output

I (8571) mbedtls: ssl_msg.c:2077 0x3ffc65b4: message length: 1053, out_left: 1053

I (8571) mbedtls: ssl_msg.c:2084 0x3ffc65b4: ssl->f_send() returned 1053 (-0xfffffbe3)

I (8571) mbedtls: ssl_msg.c:2111 0x3ffc65b4: <= flush output

I (8571) mbedtls: ssl_msg.c:2790 0x3ffc65b4: <= write record

I (8571) mbedtls: ssl_msg.c:5947 0x3ffc65b4: <= write

I (8571) mbedtls: ssl_msg.c:2025 0x3ffc7138: in_left: 0, nb_want: 5

I (8571) mbedtls: ssl_msg.c:5663 0x3ffc65b4: => read

I (8571) mbedtls: ssl_msg.c:4040 0x3ffc65b4: => read record

I (8571) mbedtls: ssl_msg.c:1865 0x3ffc65b4: => fetch input

I (8571) mbedtls: ssl_msg.c:2005 0x3ffc65b4: in_left: 0, nb_want: 5

I (8571) mbedtls: ssl_msg.c:2028 0x3ffc7138: ssl->f_recv(_timeout)() returned 5 (-0xfffffffb)

I (8571) mbedtls: ssl_msg.c:2050 0x3ffc7138: <= fetch input

D (8571) mbedtls: ssl_msg.c:3707 0x3ffc7138: input record: msgtype = 23, version = [0x303], msglen = 1048

I (8571) mbedtls: ssl_msg.c:1865 0x3ffc7138: => fetch input

I (8571) mbedtls: ssl_msg.c:2005 0x3ffc7138: in_left: 5, nb_want: 1053

I (8571) mbedtls: ssl_msg.c:2025 0x3ffc7138: in_left: 5, nb_want: 1053

I (8571) mbedtls: ssl_msg.c:2028 0x3ffc7138: ssl->f_recv(_timeout)() returned 1048 (-0xfffffbe8)

I (8571) mbedtls: ssl_msg.c:2050 0x3ffc7138: <= fetch input

I (8581) mbedtls: ssl_msg.c:1301 0x3ffc7138: => decrypt buf

I (8581) mbedtls: ssl_msg.c:1831 0x3ffc7138: <= decrypt buf

I (8581) mbedtls: ssl_msg.c:4112 0x3ffc7138: <= read record

I (8581) mbedtls: ssl_msg.c:5823 0x3ffc7138: <= read

I (8581) mbedtls: ssl_msg.c:5925 0x3ffc7138: => write

I (8581) mbedtls: ssl_msg.c:2654 0x3ffc7138: => write record

I (8581) mbedtls: ssl_msg.c:808 0x3ffc7138: => encrypt buf

D (8581) mbedtls: ssl_msg.c:1036 0x3ffc7138: before encrypt: msglen = 1024, including 0 bytes of padding

I (8581) mbedtls: ssl_msg.c:1265 0x3ffc7138: <= encrypt buf

D (8581) mbedtls: ssl_msg.c:2737 0x3ffc7138: output record: msgtype = 23, version = [3:3], msglen = 1048

I (8581) mbedtls: ssl_msg.c:2063 0x3ffc7138: => flush output

I (8581) mbedtls: ssl_msg.c:2077 0x3ffc7138: message length: 1053, out_left: 1053

I (8581) mbedtls: ssl_msg.c:2025 0x3ffc65b4: in_left: 0, nb_want: 5

I (8581) mbedtls: ssl_msg.c:2028 0x3ffc65b4: ssl->f_recv(_timeout)() returned 5 (-0xfffffffb)

I (8581) mbedtls: ssl_msg.c:2050 0x3ffc65b4: <= fetch input

D (8581) mbedtls: ssl_msg.c:3707 0x3ffc65b4: input record: msgtype = 23, version = [0x303], msglen = 1048

I (8581) mbedtls: ssl_msg.c:1865 0x3ffc65b4: => fetch input

I (8581) mbedtls: ssl_msg.c:2005 0x3ffc65b4: in_left: 5, nb_want: 1053

I (8581) mbedtls: ssl_msg.c:2084 0x3ffc7138: ssl->f_send() returned 1053 (-0xfffffbe3)

I (8581) mbedtls: ssl_msg.c:2111 0x3ffc7138: <= flush output

I (8581) mbedtls: ssl_msg.c:2025 0x3ffc65b4: in_left: 5, nb_want: 1053

I (8581) mbedtls: ssl_msg.c:2790 0x3ffc7138: <= write record

I (8581) mbedtls: ssl_msg.c:2028 0x3ffc65b4: ssl->f_recv(_timeout)() returned 1048 (-0xfffffbe8)

I (8581) mbedtls: ssl_msg.c:2050 0x3ffc65b4: <= fetch input

I (8591) mbedtls: ssl_msg.c:1301 0x3ffc65b4: => decrypt buf

I (8591) mbedtls: ssl_msg.c:1831 0x3ffc65b4: <= decrypt buf

I (8591) mbedtls: ssl_msg.c:5947 0x3ffc7138: <= write

I (8591) mbedtls: ssl_msg.c:5663 0x3ffc7138: => read

I (8591) mbedtls: ssl_msg.c:4112 0x3ffc65b4: <= read record

I (8591) mbedtls: ssl_msg.c:4040 0x3ffc7138: => read record

I (8591) mbedtls: ssl_msg.c:5823 0x3ffc65b4: <= read

I (8591) mbedtls: ssl_msg.c:5925 0x3ffc65b4: => write

I (8591) mbedtls: ssl_msg.c:2654 0x3ffc65b4: => write record

I (8591) mbedtls: ssl_msg.c:808 0x3ffc65b4: => encrypt buf

D (8591) mbedtls: ssl_msg.c:1036 0x3ffc65b4: before encrypt: msglen = 1024, including 0 bytes of padding

I (8591) mbedtls: ssl_msg.c:1265 0x3ffc65b4: <= encrypt buf

D (8591) mbedtls: ssl_msg.c:2737 0x3ffc65b4: output record: msgtype = 23, version = [3:3], msglen = 1048

I (8591) mbedtls: ssl_msg.c:2063 0x3ffc65b4: => flush output

I (8591) mbedtls: ssl_msg.c:2077 0x3ffc65b4: message length: 1053, out_left: 1053

I (8591) mbedtls: ssl_msg.c:2084 0x3ffc65b4: ssl->f_send() returned 1053 (-0xfffffbe3)

I (8591) mbedtls: ssl_msg.c:2111 0x3ffc65b4: <= flush output

I (8591) mbedtls: ssl_msg.c:2790 0x3ffc65b4: <= write record

I (8591) mbedtls: ssl_msg.c:5947 0x3ffc65b4: <= write

I (8591) mbedtls: ssl_msg.c:5663 0x3ffc65b4: => read

I (8591) mbedtls: ssl_msg.c:4040 0x3ffc65b4: => read record

I (8591) mbedtls: ssl_msg.c:1865 0x3ffc65b4: => fetch input

I (8591) mbedtls: ssl_msg.c:2005 0x3ffc65b4: in_left: 0, nb_want: 5

I (8591) mbedtls: ssl_msg.c:1865 0x3ffc7138: => fetch input

I (8591) mbedtls: ssl_msg.c:2005 0x3ffc7138: in_left: 0, nb_want: 5

I (8591) mbedtls: ssl_msg.c:2025 0x3ffc7138: in_left: 0, nb_want: 5

I (8591) mbedtls: ssl_msg.c:2028 0x3ffc7138: ssl->f_recv(_timeout)() returned 5 (-0xfffffffb)

I (8591) mbedtls: ssl_msg.c:2050 0x3ffc7138: <= fetch input

D (8591) mbedtls: ssl_msg.c:3707 0x3ffc7138: input record: msgtype = 23, version = [0x303], msglen = 1048

I (8591) mbedtls: ssl_msg.c:1865 0x3ffc7138: => fetch input

I (8591) mbedtls: ssl_msg.c:2005 0x3ffc7138: in_left: 5, nb_want: 1053

I (8591) mbedtls: ssl_msg.c:2025 0x3ffc7138: in_left: 5, nb_want: 1053

I (8591) mbedtls: ssl_msg.c:2028 0x3ffc7138: ssl->f_recv(_timeout)() returned 1048 (-0xfffffbe8)

I (8591) mbedtls: ssl_msg.c:2050 0x3ffc7138: <= fetch input

I (8601) mbedtls: ssl_msg.c:1301 0x3ffc7138: => decrypt buf

I (8601) mbedtls: ssl_msg.c:1831 0x3ffc7138: <= decrypt buf

I (8601) mbedtls: ssl_msg.c:4112 0x3ffc7138: <= read record

I (8601) mbedtls: ssl_msg.c:5823 0x3ffc7138: <= read

I (8601) mbedtls: ssl_msg.c:5925 0x3ffc7138: => write

I (8601) mbedtls: ssl_msg.c:2654 0x3ffc7138: => write record

I (8601) mbedtls: ssl_msg.c:808 0x3ffc7138: => encrypt buf

D (8601) mbedtls: ssl_msg.c:1036 0x3ffc7138: before encrypt: msglen = 1024, including 0 bytes of padding

I (8601) mbedtls: ssl_msg.c:1265 0x3ffc7138: <= encrypt buf

D (8601) mbedtls: ssl_msg.c:2737 0x3ffc7138: output record: msgtype = 23, version = [3:3], msglen = 1048

I (8601) mbedtls: ssl_msg.c:2063 0x3ffc7138: => flush output

I (8601) mbedtls: ssl_msg.c:2077 0x3ffc7138: message length: 1053, out_left: 1053

I (8601) mbedtls: ssl_msg.c:2025 0x3ffc65b4: in_left: 0, nb_want: 5

I (8601) mbedtls: ssl_msg.c:2028 0x3ffc65b4: ssl->f_recv(_timeout)() returned 5 (-0xfffffffb)

I (8601) mbedtls: ssl_msg.c:2050 0x3ffc65b4: <= fetch input

I (8601) mbedtls: ssl_msg.c:2084 0x3ffc7138: ssl->f_send() returned 1053 (-0xfffffbe3)

D (8601) mbedtls: ssl_msg.c:3707 0x3ffc65b4: input record: msgtype = 23, version = [0x303], msglen = 1048

I (8601) mbedtls: ssl_msg.c:1865 0x3ffc65b4: => fetch input

I (8601) mbedtls: ssl_msg.c:2005 0x3ffc65b4: in_left: 5, nb_want: 1053

I (8601) mbedtls: ssl_msg.c:2025 0x3ffc65b4: in_left: 5, nb_want: 1053

I (8601) mbedtls: ssl_msg.c:2028 0x3ffc65b4: ssl->f_recv(_timeout)() returned 1048 (-0xfffffbe8)

I (8601) mbedtls: ssl_msg.c:2050 0x3ffc65b4: <= fetch input

I (8611) mbedtls: ssl_msg.c:1301 0x3ffc65b4: => decrypt buf

I (8611) mbedtls: ssl_msg.c:1831 0x3ffc65b4: <= decrypt buf

I (8611) mbedtls: ssl_msg.c:2111 0x3ffc7138: <= flush output

I (8611) mbedtls: ssl_msg.c:2790 0x3ffc7138: <= write record

I (8611) mbedtls: ssl_msg.c:5947 0x3ffc7138: <= write

I (8611) mbedtls: ssl_msg.c:5663 0x3ffc7138: => read

I (8611) mbedtls: ssl_msg.c:4040 0x3ffc7138: => read record

I (8611) mbedtls: ssl_msg.c:1865 0x3ffc7138: => fetch input

I (8611) mbedtls: ssl_msg.c:2005 0x3ffc7138: in_left: 0, nb_want: 5

I (8611) mbedtls: ssl_msg.c:4112 0x3ffc65b4: <= read record

I (8611) mbedtls: ssl_msg.c:5823 0x3ffc65b4: <= read

I (8611) mbedtls: ssl_msg.c:5925 0x3ffc65b4: => write

I (8611) mbedtls: ssl_msg.c:2654 0x3ffc65b4: => write record

I (8611) mbedtls: ssl_msg.c:808 0x3ffc65b4: => encrypt buf

D (8611) mbedtls: ssl_msg.c:1036 0x3ffc65b4: before encrypt: msglen = 1024, including 0 bytes of padding

I (8611) mbedtls: ssl_msg.c:1265 0x3ffc65b4: <= encrypt buf

D (8611) mbedtls: ssl_msg.c:2737 0x3ffc65b4: output record: msgtype = 23, version = [3:3], msglen = 1048

I (8611) mbedtls: ssl_msg.c:2063 0x3ffc65b4: => flush output

I (8611) mbedtls: ssl_msg.c:2077 0x3ffc65b4: message length: 1053, out_left: 1053

I (8611) mbedtls: ssl_msg.c:2084 0x3ffc65b4: ssl->f_send() returned 1053 (-0xfffffbe3)

I (8611) mbedtls: ssl_msg.c:2111 0x3ffc65b4: <= flush output

I (8611) mbedtls: ssl_msg.c:2790 0x3ffc65b4: <= write record

I (8611) mbedtls: ssl_msg.c:5947 0x3ffc65b4: <= write

I (8611) mbedtls: ssl_msg.c:2025 0x3ffc7138: in_left: 0, nb_want: 5

I (8611) mbedtls: ssl_msg.c:5663 0x3ffc65b4: => read

I (8611) mbedtls: ssl_msg.c:4040 0x3ffc65b4: => read record

I (8611) mbedtls: ssl_msg.c:1865 0x3ffc65b4: => fetch input

I (8611) mbedtls: ssl_msg.c:2005 0x3ffc65b4: in_left: 0, nb_want: 5

I (8611) mbedtls: ssl_msg.c:2028 0x3ffc7138: ssl->f_recv(_timeout)() returned 5 (-0xfffffffb)

I (8611) mbedtls: ssl_msg.c:2050 0x3ffc7138: <= fetch input

D (8611) mbedtls: ssl_msg.c:3707 0x3ffc7138: input record: msgtype = 23, version = [0x303], msglen = 1048

I (8611) mbedtls: ssl_msg.c:1865 0x3ffc7138: => fetch input

I (8621) mbedtls: ssl_msg.c:2005 0x3ffc7138: in_left: 5, nb_want: 1053

I (8621) mbedtls: ssl_msg.c:2025 0x3ffc7138: in_left: 5, nb_want: 1053

I (8621) mbedtls: ssl_msg.c:2028 0x3ffc7138: ssl->f_recv(_timeout)() returned 1048 (-0xfffffbe8)

I (8621) mbedtls: ssl_msg.c:2050 0x3ffc7138: <= fetch input

I (8621) mbedtls: ssl_msg.c:1301 0x3ffc7138: => decrypt buf

I (8621) mbedtls: ssl_msg.c:1831 0x3ffc7138: <= decrypt buf

I (8621) mbedtls: ssl_msg.c:4112 0x3ffc7138: <= read record

I (8621) mbedtls: ssl_msg.c:5823 0x3ffc7138: <= read

I (8621) mbedtls: ssl_msg.c:5925 0x3ffc7138: => write

I (8621) mbedtls: ssl_msg.c:2654 0x3ffc7138: => write record

I (8621) mbedtls: ssl_msg.c:808 0x3ffc7138: => encrypt buf

D (8621) mbedtls: ssl_msg.c:1036 0x3ffc7138: before encrypt: msglen = 1024, including 0 bytes of padding

I (8621) mbedtls: ssl_msg.c:1265 0x3ffc7138: <= encrypt buf

D (8621) mbedtls: ssl_msg.c:2737 0x3ffc7138: output record: msgtype = 23, version = [3:3], msglen = 1048

I (8621) mbedtls: ssl_msg.c:2063 0x3ffc7138: => flush output

I (8621) mbedtls: ssl_msg.c:2077 0x3ffc7138: message length: 1053, out_left: 1053

I (8621) mbedtls: ssl_msg.c:2084 0x3ffc7138: ssl->f_send() returned 1053 (-0xfffffbe3)

I (8621) mbedtls: ssl_msg.c:2111 0x3ffc7138: <= flush output

I (8621) mbedtls: ssl_msg.c:2025 0x3ffc65b4: in_left: 0, nb_want: 5

I (8621) mbedtls: ssl_msg.c:2790 0x3ffc7138: <= write record

I (8621) mbedtls: ssl_msg.c:2028 0x3ffc65b4: ssl->f_recv(_timeout)() returned 5 (-0xfffffffb)

I (8621) mbedtls: ssl_msg.c:2050 0x3ffc65b4: <= fetch input

D (8621) mbedtls: ssl_msg.c:3707 0x3ffc65b4: input record: msgtype = 23, version = [0x303], msglen = 1048

I (8621) mbedtls: ssl_msg.c:1865 0x3ffc65b4: => fetch input

I (8621) mbedtls: ssl_msg.c:2005 0x3ffc65b4: in_left: 5, nb_want: 1053

I (8621) mbedtls: ssl_msg.c:2025 0x3ffc65b4: in_left: 5, nb_want: 1053

I (8621) mbedtls: ssl_msg.c:2028 0x3ffc65b4: ssl->f_recv(_timeout)() returned 1048 (-0xfffffbe8)

I (8621) mbedtls: ssl_msg.c:2050 0x3ffc65b4: <= fetch input

I (8631) mbedtls: ssl_msg.c:5947 0x3ffc7138: <= write

I (8631) mbedtls: ssl_msg.c:5663 0x3ffc7138: => read

I (8631) mbedtls: ssl_msg.c:4040 0x3ffc7138: => read record

I (8631) mbedtls: ssl_msg.c:1865 0x3ffc7138: => fetch input

I (8631) mbedtls: ssl_msg.c:2005 0x3ffc7138: in_left: 0, nb_want: 5

I (8631) mbedtls: ssl_msg.c:1301 0x3ffc65b4: => decrypt buf

I (8631) mbedtls: ssl_msg.c:1831 0x3ffc65b4: <= decrypt buf

I (8631) mbedtls: ssl_msg.c:4112 0x3ffc65b4: <= read record

I (8631) mbedtls: ssl_msg.c:5823 0x3ffc65b4: <= read

I (8631) mbedtls: ssl_msg.c:5925 0x3ffc65b4: => write

I (8631) mbedtls: ssl_msg.c:2654 0x3ffc65b4: => write record

I (8631) mbedtls: ssl_msg.c:808 0x3ffc65b4: => encrypt buf

D (8631) mbedtls: ssl_msg.c:1036 0x3ffc65b4: before encrypt: msglen = 1024, including 0 bytes of padding

I (8631) mbedtls: ssl_msg.c:1265 0x3ffc65b4: <= encrypt buf

D (8631) mbedtls: ssl_msg.c:2737 0x3ffc65b4: output record: msgtype = 23, version = [3:3], msglen = 1048

I (8631) mbedtls: ssl_msg.c:2063 0x3ffc65b4: => flush output

I (8631) mbedtls: ssl_msg.c:2077 0x3ffc65b4: message length: 1053, out_left: 1053

I (8631) mbedtls: ssl_msg.c:2084 0x3ffc65b4: ssl->f_send() returned 1053 (-0xfffffbe3)

I (8631) mbedtls: ssl_msg.c:2025 0x3ffc7138: in_left: 0, nb_want: 5

I (8631) mbedtls: ssl_msg.c:2111 0x3ffc65b4: <= flush output

I (8631) mbedtls: ssl_msg.c:2790 0x3ffc65b4: <= write record

I (8631) mbedtls: ssl_msg.c:5947 0x3ffc65b4: <= write

I (8631) mbedtls: ssl_msg.c:5663 0x3ffc65b4: => read

I (8631) mbedtls: ssl_msg.c:4040 0x3ffc65b4: => read record

I (8631) mbedtls: ssl_msg.c:1865 0x3ffc65b4: => fetch input

I (8631) mbedtls: ssl_msg.c:2005 0x3ffc65b4: in_left: 0, nb_want: 5

I (8631) mbedtls: ssl_msg.c:2028 0x3ffc7138: ssl->f_recv(_timeout)() returned 5 (-0xfffffffb)

I (8631) mbedtls: ssl_msg.c:2050 0x3ffc7138: <= fetch input

D (8631) mbedtls: ssl_msg.c:3707 0x3ffc7138: input record: msgtype = 23, version = [0x303], msglen = 1048

I (8631) mbedtls: ssl_msg.c:1865 0x3ffc7138: => fetch input

I (8631) mbedtls: ssl_msg.c:2005 0x3ffc7138: in_left: 5, nb_want: 1053

I (8631) mbedtls: ssl_msg.c:2025 0x3ffc7138: in_left: 5, nb_want: 1053

I (8631) mbedtls: ssl_msg.c:2028 0x3ffc7138: ssl->f_recv(_timeout)() returned 1048 (-0xfffffbe8)

I (8631) mbedtls: ssl_msg.c:2050 0x3ffc7138: <= fetch input

I (8641) mbedtls: ssl_msg.c:1301 0x3ffc7138: => decrypt buf

I (8641) mbedtls: ssl_msg.c:1831 0x3ffc7138: <= decrypt buf

I (8641) mbedtls: ssl_msg.c:4112 0x3ffc7138: <= read record

I (8641) mbedtls: ssl_msg.c:5823 0x3ffc7138: <= read

I (8641) mbedtls: ssl_msg.c:5925 0x3ffc7138: => write

I (8641) mbedtls: ssl_msg.c:2654 0x3ffc7138: => write record

I (8641) mbedtls: ssl_msg.c:808 0x3ffc7138: => encrypt buf

D (8641) mbedtls: ssl_msg.c:1036 0x3ffc7138: before encrypt: msglen = 1024, including 0 bytes of padding

I (8641) mbedtls: ssl_msg.c:1265 0x3ffc7138: <= encrypt buf

D (8641) mbedtls: ssl_msg.c:2737 0x3ffc7138: output record: msgtype = 23, version = [3:3], msglen = 1048

I (8641) mbedtls: ssl_msg.c:2063 0x3ffc7138: => flush output

I (8641) mbedtls: ssl_msg.c:2077 0x3ffc7138: message length: 1053, out_left: 1053

I (8641) mbedtls: ssl_msg.c:2084 0x3ffc7138: ssl->f_send() returned 1053 (-0xfffffbe3)

I (8641) mbedtls: ssl_msg.c:2111 0x3ffc7138: <= flush output

I (8641) mbedtls: ssl_msg.c:2025 0x3ffc65b4: in_left: 0, nb_want: 5

I (8641) mbedtls: ssl_msg.c:2790 0x3ffc7138: <= write record

I (8641) mbedtls: ssl_msg.c:2028 0x3ffc65b4: ssl->f_recv(_timeout)() returned 5 (-0xfffffffb)

I (8641) mbedtls: ssl_msg.c:5947 0x3ffc7138: <= write

I (8641) mbedtls: ssl_msg.c:2050 0x3ffc65b4: <= fetch input

D (8641) mbedtls: ssl_msg.c:3707 0x3ffc65b4: input record: msgtype = 23, version = [0x303], msglen = 1048

I (8641) mbedtls: ssl_msg.c:1865 0x3ffc65b4: => fetch input

I (8641) mbedtls: ssl_msg.c:2005 0x3ffc65b4: in_left: 5, nb_want: 1053

I (8641) mbedtls: ssl_msg.c:2025 0x3ffc65b4: in_left: 5, nb_want: 1053

I (8641) mbedtls: ssl_msg.c:2028 0x3ffc65b4: ssl->f_recv(_timeout)() returned 1048 (-0xfffffbe8)

I (8641) mbedtls: ssl_msg.c:2050 0x3ffc65b4: <= fetch input

I (8651) mbedtls: ssl_msg.c:5663 0x3ffc7138: => read

I (8651) mbedtls: ssl_msg.c:4040 0x3ffc7138: => read record

I (8651) mbedtls: ssl_msg.c:1865 0x3ffc7138: => fetch input

I (8651) mbedtls: ssl_msg.c:2005 0x3ffc7138: in_left: 0, nb_want: 5

I (8651) mbedtls: ssl_msg.c:1301 0x3ffc65b4: => decrypt buf

I (8651) mbedtls: ssl_msg.c:1831 0x3ffc65b4: <= decrypt buf

I (8651) mbedtls: ssl_msg.c:4112 0x3ffc65b4: <= read record

I (8651) mbedtls: ssl_msg.c:5823 0x3ffc65b4: <= read

I (8651) mbedtls: ssl_msg.c:5925 0x3ffc65b4: => write

I (8651) mbedtls: ssl_msg.c:2654 0x3ffc65b4: => write record

I (8651) mbedtls: ssl_msg.c:808 0x3ffc65b4: => encrypt buf

D (8651) mbedtls: ssl_msg.c:1036 0x3ffc65b4: before encrypt: msglen = 1024, including 0 bytes of padding

I (8651) mbedtls: ssl_msg.c:1265 0x3ffc65b4: <= encrypt buf

D (8651) mbedtls: ssl_msg.c:2737 0x3ffc65b4: output record: msgtype = 23, version = [3:3], msglen = 1048

I (8651) mbedtls: ssl_msg.c:2063 0x3ffc65b4: => flush output

I (8651) mbedtls: ssl_msg.c:2077 0x3ffc65b4: message length: 1053, out_left: 1053

I (8651) mbedtls: ssl_msg.c:2025 0x3ffc7138: in_left: 0, nb_want: 5

I (8651) mbedtls: ssl_msg.c:2084 0x3ffc65b4: ssl->f_send() returned 1053 (-0xfffffbe3)

I (8651) mbedtls: ssl_msg.c:2111 0x3ffc65b4: <= flush output

I (8651) mbedtls: ssl_msg.c:2790 0x3ffc65b4: <= write record

I (8651) mbedtls: ssl_msg.c:5947 0x3ffc65b4: <= write

I (8651) mbedtls: ssl_msg.c:5663 0x3ffc65b4: => read

I (8651) mbedtls: ssl_msg.c:4040 0x3ffc65b4: => read record

I (8651) mbedtls: ssl_msg.c:1865 0x3ffc65b4: => fetch input

I (8651) mbedtls: ssl_msg.c:2005 0x3ffc65b4: in_left: 0, nb_want: 5

I (8651) mbedtls: ssl_msg.c:2028 0x3ffc7138: ssl->f_recv(_timeout)() returned 5 (-0xfffffffb)

I (8651) mbedtls: ssl_msg.c:2050 0x3ffc7138: <= fetch input

D (8651) mbedtls: ssl_msg.c:3707 0x3ffc7138: input record: msgtype = 23, version = [0x303], msglen = 1048

I (8651) mbedtls: ssl_msg.c:1865 0x3ffc7138: => fetch input

I (8651) mbedtls: ssl_msg.c:2005 0x3ffc7138: in_left: 5, nb_want: 1053

I (8651) mbedtls: ssl_msg.c:2025 0x3ffc7138: in_left: 5, nb_want: 1053

I (8651) mbedtls: ssl_msg.c:2028 0x3ffc7138: ssl->f_recv(_timeout)() returned 1048 (-0xfffffbe8)

I (8651) mbedtls: ssl_msg.c:2050 0x3ffc7138: <= fetch input

I (8661) mbedtls: ssl_msg.c:1301 0x3ffc7138: => decrypt buf

I (8661) mbedtls: ssl_msg.c:1831 0x3ffc7138: <= decrypt buf

I (8661) mbedtls: ssl_msg.c:4112 0x3ffc7138: <= read record

I (8661) mbedtls: ssl_msg.c:5823 0x3ffc7138: <= read

I (8661) mbedtls: ssl_msg.c:5925 0x3ffc7138: => write

I (8661) mbedtls: ssl_msg.c:2654 0x3ffc7138: => write record

I (8661) mbedtls: ssl_msg.c:808 0x3ffc7138: => encrypt buf

D (8661) mbedtls: ssl_msg.c:1036 0x3ffc7138: before encrypt: msglen = 1024, including 0 bytes of padding

I (8661) mbedtls: ssl_msg.c:1265 0x3ffc7138: <= encrypt buf

D (8661) mbedtls: ssl_msg.c:2737 0x3ffc7138: output record: msgtype = 23, version = [3:3], msglen = 1048

I (8661) mbedtls: ssl_msg.c:2063 0x3ffc7138: => flush output

I (8661) mbedtls: ssl_msg.c:2077 0x3ffc7138: message length: 1053, out_left: 1053

I (8661) mbedtls: ssl_msg.c:2025 0x3ffc65b4: in_left: 0, nb_want: 5

I (8661) mbedtls: ssl_msg.c:2028 0x3ffc65b4: ssl->f_recv(_timeout)() returned 5 (-0xfffffffb)

I (8661) mbedtls: ssl_msg.c:2050 0x3ffc65b4: <= fetch input

I (8661) mbedtls: ssl_msg.c:2084 0x3ffc7138: ssl->f_send() returned 1053 (-0xfffffbe3)

D (8661) mbedtls: ssl_msg.c:3707 0x3ffc65b4: input record: msgtype = 23, version = [0x303], msglen = 1048

I (8661) mbedtls: ssl_msg.c:1865 0x3ffc65b4: => fetch input

I (8661) mbedtls: ssl_msg.c:2005 0x3ffc65b4: in_left: 5, nb_want: 1053

I (8661) mbedtls: ssl_msg.c:2025 0x3ffc65b4: in_left: 5, nb_want: 1053

I (8661) mbedtls: ssl_msg.c:2028 0x3ffc65b4: ssl->f_recv(_timeout)() returned 1048 (-0xfffffbe8)

I (8661) mbedtls: ssl_msg.c:2050 0x3ffc65b4: <= fetch input

I (8661) mbedtls: ssl_msg.c:1301 0x3ffc65b4: => decrypt buf

I (8671) mbedtls: ssl_msg.c:1831 0x3ffc65b4: <= decrypt buf

I (8671) mbedtls: ssl_msg.c:4112 0x3ffc65b4: <= read record

I (8671) mbedtls: ssl_msg.c:5823 0x3ffc65b4: <= read

I (8671) mbedtls: ssl_msg.c:2111 0x3ffc7138: <= flush output

I (8671) mbedtls: ssl_msg.c:5925 0x3ffc65b4: => write

I (8671) mbedtls: ssl_msg.c:2790 0x3ffc7138: <= write record

I (8671) mbedtls: ssl_msg.c:2654 0x3ffc65b4: => write record

I (8671) mbedtls: ssl_msg.c:5947 0x3ffc7138: <= write

I (8671) mbedtls: ssl_msg.c:808 0x3ffc65b4: => encrypt buf

I (8671) mbedtls: ssl_msg.c:5663 0x3ffc7138: => read

I (8671) mbedtls: ssl_msg.c:4040 0x3ffc7138: => read record

I (8671) mbedtls: ssl_msg.c:1865 0x3ffc7138: => fetch input

I (8671) mbedtls: ssl_msg.c:2005 0x3ffc7138: in_left: 0, nb_want: 5

[mem-tick] t=    6876 ms phase=thr-t0       free=173396
D (8671) mbedtls: ssl_msg.c:1036 0x3ffc65b4: before encrypt: msglen = 1024, including 0 bytes of padding

I (8671) mbedtls: ssl_msg.c:1265 0x3ffc65b4: <= encrypt buf

D (8671) mbedtls: ssl_msg.c:2737 0x3ffc65b4: output record: msgtype = 23, version = [3:3], msglen = 1048

I (8671) mbedtls: ssl_msg.c:2063 0x3ffc65b4: => flush output

I (8671) mbedtls: ssl_msg.c:2077 0x3ffc65b4: message length: 1053, out_left: 1053

I (8671) mbedtls: ssl_msg.c:2084 0x3ffc65b4: ssl->f_send() returned 1053 (-0xfffffbe3)

I (8671) mbedtls: ssl_msg.c:2025 0x3ffc7138: in_left: 0, nb_want: 5

I (8671) mbedtls: ssl_msg.c:2111 0x3ffc65b4: <= flush output

I (8671) mbedtls: ssl_msg.c:2790 0x3ffc65b4: <= write record

I (8671) mbedtls: ssl_msg.c:5947 0x3ffc65b4: <= write

I (8671) mbedtls: ssl_msg.c:5663 0x3ffc65b4: => read

I (8671) mbedtls: ssl_msg.c:4040 0x3ffc65b4: => read record

I (8671) mbedtls: ssl_msg.c:1865 0x3ffc65b4: => fetch input

I (8671) mbedtls: ssl_msg.c:2005 0x3ffc65b4: in_left: 0, nb_want: 5

I (8671) mbedtls: ssl_msg.c:2028 0x3ffc7138: ssl->f_recv(_timeout)() returned 5 (-0xfffffffb)

I (8671) mbedtls: ssl_msg.c:2050 0x3ffc7138: <= fetch input

D (8671) mbedtls: ssl_msg.c:3707 0x3ffc7138: input record: msgtype = 23, version = [0x303], msglen = 1048

I (8671) mbedtls: ssl_msg.c:1865 0x3ffc7138: => fetch input

I (8671) mbedtls: ssl_msg.c:2005 0x3ffc7138: in_left: 5, nb_want: 1053

I (8671) mbedtls: ssl_msg.c:2025 0x3ffc7138: in_left: 5, nb_want: 1053

I (8671) mbedtls: ssl_msg.c:2028 0x3ffc7138: ssl->f_recv(_timeout)() returned 1048 (-0xfffffbe8)

I (8671) mbedtls: ssl_msg.c:2050 0x3ffc7138: <= fetch input

[LOG TRUNCATED: 原始 721621 行 / 26M，关键证据行与末尾 500 行如下，完整日志可按工程 README/文章实验节复现]
[原文件 L718449] W (144461) mbedtls: ssl_tls.c:1204 0x3ffdf414: alloc(16717 bytes) failed

I (145521) mbedtls: ssl_msg.c:2050 0x3ffc662c: <= fetch input

I (145521) mbedtls: ssl_msg.c:4112 0x3ffc662c: <= read record

D (145521) mbedtls: ssl_msg.c:5130 0x3ffc662c: switching to new transform spec for inbound data

D (145521) mbedtls: ssl_misc.h:1295 0x3ffc662c: handshake state: 12 (MBEDTLS_SSL_SERVER_CHANGE_CIPHER_SPEC) -> 13 (MBEDTLS_SSL_SERVER_FINISHED)

I (145521) mbedtls: ssl_msg.c:5157 0x3ffc662c: <= parse change cipher spec

I (145521) mbedtls: ssl_msg.c:2063 0x3ffc662c: => flush output

I (145521) mbedtls: ssl_msg.c:2072 0x3ffc662c: <= flush output

I (145521) mbedtls: ssl_tls.c:4201 0x3ffc662c: client state: MBEDTLS_SSL_SERVER_FINISHED

I (145521) mbedtls: ssl_tls.c:7500 0x3ffc662c: => parse finished

I (145521) mbedtls: ssl_tls.c:7235 0x3ffc662c: => calc PSA finished tls

D (145521) mbedtls: ssl_tls.c:7246 0x3ffc662c: dumping 'PSA calculated padbuf' (48 bytes)

D (145521) mbedtls: ssl_tls.c:7246 0x3ffc662c: 0000:  06 24 29 b4 e3 5e 52 b6 91 3a 17 01 ff bd a4 b5  .$)..^R..:......

D (145521) mbedtls: ssl_tls.c:7246 0x3ffc662c: 0010:  ac 8d 28 2e 67 a1 88 40 73 f4 84 2c fb c5 49 83  ..(.g..@s..,..I.

D (145521) mbedtls: ssl_tls.c:7246 0x3ffc662c: 0020:  0f 01 74 8e 11 e4 47 6b e3 a3 18 58 28 57 25 30  ..t...Gk...X(W%0

D (145521) mbedtls: ssl_tls.c:7258 0x3ffc662c: dumping 'calc finished result' (12 bytes)

D (145521) mbedtls: ssl_tls.c:7258 0x3ffc662c: 0000:  82 75 23 4e 0c 6b 8a 15 fc bd 7a 32              .u#N.k....z2

I (145521) mbedtls: ssl_tls.c:7262 0x3ffc662c: <= calc finished

I (145521) mbedtls: ssl_msg.c:4040 0x3ffc662c: => read record

I (145521) mbedtls: ssl_msg.c:1865 0x3ffc662c: => fetch input

I (145521) mbedtls: ssl_msg.c:2005 0x3ffc662c: in_left: 0, nb_want: 5

I (145521) mbedtls: ssl_msg.c:2025 0x3ffc662c: in_left: 0, nb_want: 5

I (145521) mbedtls: ssl_msg.c:2028 0x3ffc662c: ssl->f_recv(_timeout)() returned 5 (-0xfffffffb)

I (145521) mbedtls: ssl_msg.c:2050 0x3ffc662c: <= fetch input

D (145521) mbedtls: ssl_msg.c:3707 0x3ffc662c: input record: msgtype = 22, version = [0x303], msglen = 40

I (145521) mbedtls: ssl_msg.c:1865 0x3ffc662c: => fetch input

I (145521) mbedtls: ssl_msg.c:2005 0x3ffc662c: in_left: 5, nb_want: 45

I (145521) mbedtls: ssl_msg.c:2025 0x3ffc662c: in_left: 5, nb_want: 45

I (145521) mbedtls: ssl_msg.c:2028 0x3ffc662c: ssl->f_recv(_timeout)() returned 40 (-0xffffffd8)

I (145521) mbedtls: ssl_msg.c:2050 0x3ffc662c: <= fetch input

I (145521) mbedtls: ssl_msg.c:1301 0x3ffc662c: => decrypt buf

I (145521) mbedtls: ssl_msg.c:1831 0x3ffc662c: <= decrypt buf

D (145521) mbedtls: ssl_msg.c:2948 0x3ffc662c: handshake message: msglen = 16, type = 20, hslen = 16

D (145521) mbedtls: ssl_msg.c:3085 0x3ffc662c: sole handshake fragment: 16, 0..16 of 16

I (145521) mbedtls: ssl_msg.c:4112 0x3ffc662c: <= read record

D (145521) mbedtls: ssl_misc.h:1295 0x3ffc662c: handshake state: 13 (MBEDTLS_SSL_SERVER_FINISHED) -> 14 (MBEDTLS_SSL_FLUSH_BUFFERS)

I (145521) mbedtls: ssl_tls.c:7571 0x3ffc662c: <= parse finished

I (145521) mbedtls: ssl_msg.c:2063 0x3ffc662c: => flush output

I (145521) mbedtls: ssl_msg.c:2072 0x3ffc662c: <= flush output

I (145521) mbedtls: ssl_tls.c:4201 0x3ffc662c: client state: MBEDTLS_SSL_FLUSH_BUFFERS

I (145521) mbedtls: ssl_tls12_client.c:3031 0x3ffc662c: handshake: done

D (145521) mbedtls: ssl_misc.h:1295 0x3ffc662c: handshake state: 14 (MBEDTLS_SSL_FLUSH_BUFFERS) -> 15 (MBEDTLS_SSL_HANDSHAKE_WRAPUP)

I (145521) mbedtls: ssl_msg.c:2063 0x3ffc662c: => flush output

I (145521) mbedtls: ssl_msg.c:2072 0x3ffc662c: <= flush output

I (145521) mbedtls: ssl_tls.c:4201 0x3ffc662c: client state: MBEDTLS_SSL_HANDSHAKE_WRAPUP

D (145521) mbedtls: ssl_tls.c:7322 0x3ffc662c: => handshake wrapup

D (145521) mbedtls: ssl_tls.c:7296 0x3ffc662c: => handshake wrapup: final free

D (145521) mbedtls: ssl_tls.c:7315 0x3ffc662c: <= handshake wrapup: final free

D (145521) mbedtls: ssl_misc.h:1295 0x3ffc662c: handshake state: 15 (MBEDTLS_SSL_HANDSHAKE_WRAPUP) -> 27 (MBEDTLS_SSL_HANDSHAKE_OVER)

D (145521) mbedtls: ssl_tls.c:7376 0x3ffc662c: <= handshake wrapup

I (145521) mbedtls: ssl_tls.c:4293 0x3ffc662c: <= handshake

[e1] connected with PINNED cert, handshake=247955 us
--- E2: pinned WRONG cert as CA => expect verify failure ---
D (145531) esp-tls: handshake in progress...
I (145531) mbedtls: ssl_tls.c:4282 0x3ffc6bb8: => handshake

I (145531) mbedtls: ssl_msg.c:2063 0x3ffc6bb8: => flush output

I (145531) mbedtls: ssl_msg.c:2072 0x3ffc6bb8: <= flush output

I (145531) mbedtls: ssl_tls.c:4201 0x3ffc6bb8: client state: MBEDTLS_SSL_HELLO_REQUEST

D (145531) mbedtls: ssl_misc.h:1295 0x3ffc6bb8: handshake state: 0 (MBEDTLS_SSL_HELLO_REQUEST) -> 1 (MBEDTLS_SSL_CLIENT_HELLO)

I (145531) mbedtls: ssl_msg.c:2063 0x3ffc6bb8: => flush output

I (145531) mbedtls: ssl_msg.c:2072 0x3ffc6bb8: <= flush output

I (145531) mbedtls: ssl_tls.c:4201 0x3ffc6bb8: client state: MBEDTLS_SSL_CLIENT_HELLO

I (145531) mbedtls: ssl_client.c:917 0x3ffc6bb8: => write client hello

D (145531) mbedtls: ssl_client.c:722 0x3ffc6bb8: client hello, current time: 143

D (145531) mbedtls: ssl_client.c:485 0x3ffc6bb8: dumping 'client hello, random bytes' (32 bytes)

D (145531) mbedtls: ssl_client.c:485 0x3ffc6bb8: 0000:  00 00 00 8f ca 54 d8 ea 39 47 b6 a8 53 2b 62 6b  .....T..9G..S+bk

D (145531) mbedtls: ssl_client.c:485 0x3ffc6bb8: 0010:  7d da 7d 38 98 d9 cf f5 55 7e 99 13 a0 45 36 4b  }.}8....U~...E6K

D (145531) mbedtls: ssl_client.c:510 0x3ffc6bb8: dumping 'session id' (0 bytes)

D (145531) mbedtls: ssl_client.c:368 0x3ffc6bb8: client hello, add ciphersuite: c02c, TLS-ECDHE-ECDSA-WITH-AES-256-GCM-SHA384

D (145531) mbedtls: ssl_client.c:368 0x3ffc6bb8: client hello, add ciphersuite: c030, TLS-ECDHE-RSA-WITH-AES-256-GCM-SHA384

D (145531) mbedtls: ssl_client.c:368 0x3ffc6bb8: client hello, add ciphersuite: c0ad, TLS-ECDHE-ECDSA-WITH-AES-256-CCM

D (145531) mbedtls: ssl_client.c:368 0x3ffc6bb8: client hello, add ciphersuite: c024, TLS-ECDHE-ECDSA-WITH-AES-256-CBC-SHA384

D (145531) mbedtls: ssl_client.c:368 0x3ffc6bb8: client hello, add ciphersuite: c028, TLS-ECDHE-RSA-WITH-AES-256-CBC-SHA384

D (145531) mbedtls: ssl_client.c:368 0x3ffc6bb8: client hello, add ciphersuite: c00a, TLS-ECDHE-ECDSA-WITH-AES-256-CBC-SHA

D (145531) mbedtls: ssl_client.c:368 0x3ffc6bb8: client hello, add ciphersuite: c014, TLS-ECDHE-RSA-WITH-AES-256-CBC-SHA

D (145531) mbedtls: ssl_client.c:368 0x3ffc6bb8: client hello, add ciphersuite: c0af, TLS-ECDHE-ECDSA-WITH-AES-256-CCM-8

D (145531) mbedtls: ssl_client.c:368 0x3ffc6bb8: client hello, add ciphersuite: c02b, TLS-ECDHE-ECDSA-WITH-AES-128-GCM-SHA256

D (145531) mbedtls: ssl_client.c:368 0x3ffc6bb8: client hello, add ciphersuite: c02f, TLS-ECDHE-RSA-WITH-AES-128-GCM-SHA256

D (145531) mbedtls: ssl_client.c:368 0x3ffc6bb8: client hello, add ciphersuite: c0ac, TLS-ECDHE-ECDSA-WITH-AES-128-CCM

D (145531) mbedtls: ssl_client.c:368 0x3ffc6bb8: client hello, add ciphersuite: c023, TLS-ECDHE-ECDSA-WITH-AES-128-CBC-SHA256

D (145531) mbedtls: ssl_client.c:368 0x3ffc6bb8: client hello, add ciphersuite: c027, TLS-ECDHE-RSA-WITH-AES-128-CBC-SHA256

D (145531) mbedtls: ssl_client.c:368 0x3ffc6bb8: client hello, add ciphersuite: c009, TLS-ECDHE-ECDSA-WITH-AES-128-CBC-SHA

D (145531) mbedtls: ssl_client.c:368 0x3ffc6bb8: client hello, add ciphersuite: c013, TLS-ECDHE-RSA-WITH-AES-128-CBC-SHA

D (145531) mbedtls: ssl_client.c:368 0x3ffc6bb8: client hello, add ciphersuite: c0ae, TLS-ECDHE-ECDSA-WITH-AES-128-CCM-8

D (145531) mbedtls: ssl_client.c:386 0x3ffc6bb8: adding EMPTY_RENEGOTIATION_INFO_SCSV

D (145531) mbedtls: ssl_client.c:395 0x3ffc6bb8: client hello, got 17 cipher suites

D (145531) mbedtls: ssl_client.c:39 0x3ffc6bb8: client hello, adding server name extension: localhost

D (145531) mbedtls: ssl_client.c:229 0x3ffc6bb8: client hello, adding supported_groups extension

D (145531) mbedtls: ssl_client.c:248 0x3ffc6bb8: got supported group(001d)

D (145531) mbedtls: ssl_client.c:280 0x3ffc6bb8: NamedGroup: x25519 ( 1d )

D (145531) mbedtls: ssl_client.c:248 0x3ffc6bb8: got supported group(0017)

D (145531) mbedtls: ssl_client.c:280 0x3ffc6bb8: NamedGroup: secp256r1 ( 17 )

D (145531) mbedtls: ssl_client.c:248 0x3ffc6bb8: got supported group(0018)

D (145531) mbedtls: ssl_client.c:280 0x3ffc6bb8: NamedGroup: secp384r1 ( 18 )

D (145531) mbedtls: ssl_client.c:248 0x3ffc6bb8: got supported group(001e)

D (145531) mbedtls: ssl_client.c:280 0x3ffc6bb8: NamedGroup: x448 ( 1e )

D (145531) mbedtls: ssl_client.c:248 0x3ffc6bb8: got supported group(0019)

D (145531) mbedtls: ssl_client.c:280 0x3ffc6bb8: NamedGroup: secp521r1 ( 19 )

D (145531) mbedtls: ssl_client.c:248 0x3ffc6bb8: got supported group(001a)

D (145531) mbedtls: ssl_client.c:280 0x3ffc6bb8: NamedGroup: bp256r1 ( 1a )

D (145531) mbedtls: ssl_client.c:248 0x3ffc6bb8: got supported group(001b)

D (145531) mbedtls: ssl_client.c:280 0x3ffc6bb8: NamedGroup: bp384r1 ( 1b )

D (145531) mbedtls: ssl_client.c:248 0x3ffc6bb8: got supported group(001c)

D (145531) mbedtls: ssl_client.c:280 0x3ffc6bb8: NamedGroup: bp512r1 ( 1c )

D (145531) mbedtls: ssl_client.c:248 0x3ffc6bb8: got supported group(0100)

D (145531) mbedtls: ssl_client.c:248 0x3ffc6bb8: got supported group(0101)

D (145531) mbedtls: ssl_client.c:248 0x3ffc6bb8: got supported group(0102)

D (145531) mbedtls: ssl_client.c:248 0x3ffc6bb8: got supported group(0103)

D (145531) mbedtls: ssl_client.c:248 0x3ffc6bb8: got supported group(0104)

D (145531) mbedtls: ssl_client.c:300 0x3ffc6bb8: dumping 'Supported groups extension' (18 bytes)

D (145531) mbedtls: ssl_client.c:300 0x3ffc6bb8: 0000:  00 10 00 1d 00 17 00 18 00 1e 00 19 00 1a 00 1b  ................

D (145541) mbedtls: ssl_client.c:300 0x3ffc6bb8: 0010:  00 1c                                            ..

D (145541) mbedtls: ssl_tls.c:8276 0x3ffc6bb8: adding signature_algorithms extension

D (145541) mbedtls: ssl_tls.c:8296 0x3ffc6bb8: got signature scheme [603] ecdsa_secp521r1_sha512

D (145541) mbedtls: ssl_tls.c:8305 0x3ffc6bb8: sent signature scheme [603] ecdsa_secp521r1_sha512

D (145541) mbedtls: ssl_tls.c:8296 0x3ffc6bb8: got signature scheme [806] rsa_pss_rsae_sha512

D (145541) mbedtls: ssl_tls.c:8296 0x3ffc6bb8: got signature scheme [601] rsa_pkcs1_sha512

D (145541) mbedtls: ssl_tls.c:8305 0x3ffc6bb8: sent signature scheme [601] rsa_pkcs1_sha512

D (145541) mbedtls: ssl_tls.c:8296 0x3ffc6bb8: got signature scheme [503] ecdsa_secp384r1_sha384

D (145541) mbedtls: ssl_tls.c:8305 0x3ffc6bb8: sent signature scheme [503] ecdsa_secp384r1_sha384

D (145541) mbedtls: ssl_tls.c:8296 0x3ffc6bb8: got signature scheme [805] rsa_pss_rsae_sha384

D (145541) mbedtls: ssl_tls.c:8296 0x3ffc6bb8: got signature scheme [501] rsa_pkcs1_sha384

D (145541) mbedtls: ssl_tls.c:8305 0x3ffc6bb8: sent signature scheme [501] rsa_pkcs1_sha384

D (145541) mbedtls: ssl_tls.c:8296 0x3ffc6bb8: got signature scheme [403] ecdsa_secp256r1_sha256

D (145541) mbedtls: ssl_tls.c:8305 0x3ffc6bb8: sent signature scheme [403] ecdsa_secp256r1_sha256

D (145541) mbedtls: ssl_tls.c:8296 0x3ffc6bb8: got signature scheme [804] rsa_pss_rsae_sha256

D (145541) mbedtls: ssl_tls.c:8296 0x3ffc6bb8: got signature scheme [401] rsa_pkcs1_sha256

D (145541) mbedtls: ssl_tls.c:8305 0x3ffc6bb8: sent signature scheme [401] rsa_pkcs1_sha256

D (145541) mbedtls: ssl_tls12_client.c:103 0x3ffc6bb8: client hello, adding supported_point_formats extension

D (145541) mbedtls: ssl_tls12_client.c:287 0x3ffc6bb8: client hello, adding encrypt_then_mac extension

D (145541) mbedtls: ssl_tls12_client.c:319 0x3ffc6bb8: client hello, adding extended_master_secret extension

D (145541) mbedtls: ssl_tls12_client.c:352 0x3ffc6bb8: client hello, adding session ticket extension

D (145541) mbedtls: ssl_client.c:687 0x3ffc6bb8: client hello, total extension length: 76

D (145541) mbedtls: ssl_client.c:689 0x3ffc6bb8: dumping 'client hello extensions' (76 bytes)

D (145541) mbedtls: ssl_client.c:689 0x3ffc6bb8: 0000:  00 4c 00 00 00 0e 00 0c 00 00 09 6c 6f 63 61 6c  .L.........local

D (145541) mbedtls: ssl_client.c:689 0x3ffc6bb8: 0010:  68 6f 73 74 00 0a 00 12 00 10 00 1d 00 17 00 18  host............

D (145541) mbedtls: ssl_client.c:689 0x3ffc6bb8: 0020:  00 1e 00 19 00 1a 00 1b 00 1c 00 0d 00 0e 00 0c  ................

D (145541) mbedtls: ssl_client.c:689 0x3ffc6bb8: 0030:  06 03 06 01 05 03 05 01 04 03 04 01 00 0b 00 02  ................

D (145541) mbedtls: ssl_client.c:689 0x3ffc6bb8: 0040:  01 00 00 16 00 00 00 17 00 00 00 23              ...........#

I (145541) mbedtls: ssl_msg.c:2494 0x3ffc6bb8: => write handshake message

I (145541) mbedtls: ssl_msg.c:2654 0x3ffc6bb8: => write record

D (145541) mbedtls: ssl_msg.c:2737 0x3ffc6bb8: output record: msgtype = 22, version = [3:3], msglen = 155

I (145541) mbedtls: ssl_msg.c:2790 0x3ffc6bb8: <= write record

I (145541) mbedtls: ssl_msg.c:2615 0x3ffc6bb8: <= write handshake message

D (145541) mbedtls: ssl_misc.h:1295 0x3ffc6bb8: handshake state: 1 (MBEDTLS_SSL_CLIENT_HELLO) -> 2 (MBEDTLS_SSL_SERVER_HELLO)

I (145541) mbedtls: ssl_client.c:1010 0x3ffc6bb8: <= write client hello

I (145541) mbedtls: ssl_msg.c:2063 0x3ffc6bb8: => flush output

I (145541) mbedtls: ssl_msg.c:2077 0x3ffc6bb8: message length: 160, out_left: 160

I (145541) mbedtls: ssl_msg.c:2084 0x3ffc6bb8: ssl->f_send() returned 160 (-0xffffff60)

I (145541) mbedtls: ssl_msg.c:2111 0x3ffc6bb8: <= flush output

I (145541) mbedtls: ssl_tls.c:4201 0x3ffc6bb8: client state: MBEDTLS_SSL_SERVER_HELLO

I (145541) mbedtls: ssl_tls12_client.c:1151 0x3ffc6bb8: => parse server hello

I (145541) mbedtls: ssl_msg.c:4040 0x3ffc6bb8: => read record

I (145541) mbedtls: ssl_msg.c:1865 0x3ffc6bb8: => fetch input

I (145541) mbedtls: ssl_msg.c:2005 0x3ffc6bb8: in_left: 0, nb_want: 5

I (145541) mbedtls: ssl_msg.c:2025 0x3ffc6bb8: in_left: 0, nb_want: 5

I (145541) mbedtls: ssl_msg.c:2028 0x3ffc6bb8: ssl->f_recv(_timeout)() returned 5 (-0xfffffffb)

I (145541) mbedtls: ssl_msg.c:2050 0x3ffc6bb8: <= fetch input

D (145541) mbedtls: ssl_msg.c:3707 0x3ffc6bb8: input record: msgtype = 22, version = [0x303], msglen = 65

I (145541) mbedtls: ssl_msg.c:1865 0x3ffc6bb8: => fetch input

I (145541) mbedtls: ssl_msg.c:2005 0x3ffc6bb8: in_left: 5, nb_want: 70

I (145541) mbedtls: ssl_msg.c:2025 0x3ffc6bb8: in_left: 5, nb_want: 70

I (145541) mbedtls: ssl_msg.c:2028 0x3ffc6bb8: ssl->f_recv(_timeout)() returned 65 (-0xffffffbf)

I (145541) mbedtls: ssl_msg.c:2050 0x3ffc6bb8: <= fetch input

D (145541) mbedtls: ssl_msg.c:2948 0x3ffc6bb8: handshake message: msglen = 65, type = 2, hslen = 65

D (145541) mbedtls: ssl_msg.c:3085 0x3ffc6bb8: sole handshake fragment: 65, 0..65 of 65

I (145541) mbedtls: ssl_msg.c:4112 0x3ffc6bb8: <= read record

D (145541) mbedtls: ssl_tls12_client.c:1225 0x3ffc6bb8: dumping 'server hello, version' (2 bytes)

D (145541) mbedtls: ssl_tls12_client.c:1225 0x3ffc6bb8: 0000:  03 03                                            ..

D (145541) mbedtls: ssl_tls12_client.c:1246 0x3ffc6bb8: server hello, current time: 745432186

D (145541) mbedtls: ssl_tls12_client.c:1256 0x3ffc6bb8: dumping 'server hello, random bytes' (32 bytes)

D (145541) mbedtls: ssl_tls12_client.c:1256 0x3ffc6bb8: 0000:  2c 6e 64 7a bf b2 05 54 56 dc b7 59 43 a4 a7 f6  ,ndz...TV..YC...

D (145541) mbedtls: ssl_tls12_client.c:1256 0x3ffc6bb8: 0010:  79 c5 b0 74 76 5c 84 55 a3 c0 3e 92 7d ef 6b 93  y..tv\.U..>.}.k.

D (145551) mbedtls: ssl_tls12_client.c:1318 0x3ffc6bb8: server hello, session id len.: 0

D (145551) mbedtls: ssl_tls12_client.c:1319 0x3ffc6bb8: dumping 'server hello, session id' (0 bytes)

D (145551) mbedtls: ssl_misc.h:1295 0x3ffc6bb8: handshake state: 2 (MBEDTLS_SSL_SERVER_HELLO) -> 3 (MBEDTLS_SSL_SERVER_CERTIFICATE)

D (145551) mbedtls: ssl_tls12_client.c:1343 0x3ffc6bb8: no session has been resumed

D (145551) mbedtls: ssl_tls12_client.c:1346 0x3ffc6bb8: server hello, chosen ciphersuite: c030

D (145551) mbedtls: ssl_tls12_client.c:1347 0x3ffc6bb8: server hello, compress alg.: 0

D (145551) mbedtls: ssl_tls12_client.c:1382 0x3ffc6bb8: server hello, chosen ciphersuite: TLS-ECDHE-RSA-WITH-AES-256-GCM-SHA384

I (145551) mbedtls: ssl_tls12_client.c:1403 0x3ffc6bb8: server hello, total extension length: 21

D (145551) mbedtls: ssl_tls12_client.c:1421 0x3ffc6bb8: found renegotiation extension

D (145551) mbedtls: ssl_tls12_client.c:1500 0x3ffc6bb8: found supported_point_formats extension

D (145551) mbedtls: ssl_tls12_client.c:1486 0x3ffc6bb8: found session_ticket extension

D (145551) mbedtls: ssl_tls12_client.c:1473 0x3ffc6bb8: found extended_master_secret extension

I (145551) mbedtls: ssl_tls12_client.c:1617 0x3ffc6bb8: <= parse server hello

I (145551) mbedtls: ssl_msg.c:2063 0x3ffc6bb8: => flush output

I (145551) mbedtls: ssl_msg.c:2072 0x3ffc6bb8: <= flush output

I (145551) mbedtls: ssl_tls.c:4201 0x3ffc6bb8: client state: MBEDTLS_SSL_SERVER_CERTIFICATE

I (145551) mbedtls: ssl_tls.c:7077 0x3ffc6bb8: => parse certificate

I (145551) mbedtls: ssl_msg.c:4040 0x3ffc6bb8: => read record

I (145551) mbedtls: ssl_msg.c:1865 0x3ffc6bb8: => fetch input

I (145551) mbedtls: ssl_msg.c:2005 0x3ffc6bb8: in_left: 0, nb_want: 5

I (145551) mbedtls: ssl_msg.c:2025 0x3ffc6bb8: in_left: 0, nb_want: 5

I (145551) mbedtls: ssl_msg.c:2028 0x3ffc6bb8: ssl->f_recv(_timeout)() returned 5 (-0xfffffffb)

I (145551) mbedtls: ssl_msg.c:2050 0x3ffc6bb8: <= fetch input

D (145551) mbedtls: ssl_msg.c:3707 0x3ffc6bb8: input record: msgtype = 22, version = [0x303], msglen = 791

I (145551) mbedtls: ssl_msg.c:1865 0x3ffc6bb8: => fetch input

I (145551) mbedtls: ssl_msg.c:2005 0x3ffc6bb8: in_left: 5, nb_want: 796

I (145551) mbedtls: ssl_msg.c:2025 0x3ffc6bb8: in_left: 5, nb_want: 796

I (145551) mbedtls: ssl_msg.c:2028 0x3ffc6bb8: ssl->f_recv(_timeout)() returned 791 (-0xfffffce9)

I (145551) mbedtls: ssl_msg.c:2050 0x3ffc6bb8: <= fetch input

D (145551) mbedtls: ssl_msg.c:2948 0x3ffc6bb8: handshake message: msglen = 791, type = 11, hslen = 791

D (145551) mbedtls: ssl_msg.c:3085 0x3ffc6bb8: sole handshake fragment: 791, 0..791 of 791

I (145551) mbedtls: ssl_msg.c:4112 0x3ffc6bb8: <= read record

D (145551) mbedtls: ssl_tls.c:6952 0x3ffc6bb8: peer certificate #1:

D (145551) mbedtls: ssl_tls.c:6952 0x3ffc6bb8: cert. version     : 3

D (145551) mbedtls: ssl_tls.c:6952 0x3ffc6bb8: serial number     : 77:66:A5:9D:AF:14:9E:F2:03:F7:3C:2B:1A:5C:81:86:F8:A3:4E:52

D (145551) mbedtls: ssl_tls.c:6952 0x3ffc6bb8: issuer name       : CN=localhost

D (145551) mbedtls: ssl_tls.c:6952 0x3ffc6bb8: subject name      : CN=localhost

D (145551) mbedtls: ssl_tls.c:6952 0x3ffc6bb8: issued  on        : 2026-08-26 20:20:30

D (145551) mbedtls: ssl_tls.c:6952 0x3ffc6bb8: expires on        : 2026-09-25 20:20:30

D (145551) mbedtls: ssl_tls.c:6952 0x3ffc6bb8: signed using      : RSA with SHA-256

D (145551) mbedtls: ssl_tls.c:6952 0x3ffc6bb8: RSA key size      : 2048 bits

D (145551) mbedtls: ssl_tls.c:6952 0x3ffc6bb8: basic constraints : CA=true

D (145551) mbedtls: ssl_tls.c:6952 0x3ffc6bb8: dumping 'crt->PK' (270 bytes)

D (145551) mbedtls: ssl_tls.c:6952 0x3ffc6bb8: 0000:  30 82 01 0a 02 82 01 01 00 dd 03 19 3e 8f 4a 05

D (145551) mbedtls: ssl_tls.c:6952 0x3ffc6bb8: 0010:  9c d6 74 e1 46 bc 40 7a 7e af 78 09 38 f6 d0 1c

D (145551) mbedtls: ssl_tls.c:6952 0x3ffc6bb8: 0020:  9d e4 2b 18 4c a1 87 f6 83 55 82 2d e0 21 fb b2

D (145551) mbedtls: ssl_tls.c:6952 0x3ffc6bb8: 0030:  00 2f 9b 98 36 24 73 47 a2 11 bb 50 05 1c 9e 40

D (145551) mbedtls: ssl_tls.c:6952 0x3ffc6bb8: 0040:  41 c9 de 81 7e a1 eb 82 48 35 d0 51 24 0d 22 bd

D (145551) mbedtls: ssl_tls.c:6952 0x3ffc6bb8: 0050:  7e c7 0b 60 74 e2 60 3e 76 de c1 3d b5 9f e9 d2

D (145551) mbedtls: ssl_tls.c:6952 0x3ffc6bb8: 0060:  ac 90 d3 84 2a 75 7c 41 8a 11 14 c8 bc 09 7b 9d

D (145551) mbedtls: ssl_tls.c:6952 0x3ffc6bb8: 0070:  45 54 95 c1 50 05 be f1 34 c0 05 55 f5 a2 b3 a8

D (145551) mbedtls: ssl_tls.c:6952 0x3ffc6bb8: 0080:  24 f6 ab 22 df 72 97 ef b5 8f e4 fe 49 be 4f c1

D (145551) mbedtls: ssl_tls.c:6952 0x3ffc6bb8: 0090:  08 e0 39 7a cd ba 74 2e d1 20 74 ad 6b 59 ab 86

D (145551) mbedtls: ssl_tls.c:6952 0x3ffc6bb8: 00a0:  5d 29 ab 81 f0 c1 22 3f 01 b9 0b a1 fb ee 70 9f

D (145551) mbedtls: ssl_tls.c:6952 0x3ffc6bb8: 00b0:  eb 29 5e 9f 1d 6a 0d dc 65 fd 5e 5d 38 0c 1a c3

D (145551) mbedtls: ssl_tls.c:6952 0x3ffc6bb8: 00c0:  ae b7 b7 2f 66 23 82 80 ab 7d 69 7c 8f 95 ab e8

D (145551) mbedtls: ssl_tls.c:6952 0x3ffc6bb8: 00d0:  c0 4d 21 42 7d 78 c8 25 8b 60 f6 0d 87 c9 f4 df

D (145561) mbedtls: ssl_tls.c:6952 0x3ffc6bb8: 00e0:  36 bf 16 7c 59 16 d1 09 ec 17 67 cf 5d 9f 8f 78

D (145561) mbedtls: ssl_tls.c:6952 0x3ffc6bb8: 00f0:  8c 3d d0 02 18 d5 bc a7 19 f4 51 fe 1d b3 20 40

D (145561) mbedtls: ssl_tls.c:6952 0x3ffc6bb8: 0100:  67 7e 3a cc 30 f3 8d a0 ef 02 03 01 00 01      

D (145561) mbedtls: ssl_tls.c:8721 0x3ffc6bb8: Use configuration-specific verification callback

W (145561) mbedtls: ssl_tls.c:8778 0x3ffc6bb8: x509_verify_cert() returned -9984 (-0x2700)

I (145561) mbedtls: ssl_msg.c:5058 0x3ffc6bb8: => send alert message

D (145561) mbedtls: ssl_msg.c:5059 0x3ffc6bb8: send alert level=2 message=48

I (145561) mbedtls: ssl_msg.c:2654 0x3ffc6bb8: => write record

D (145561) mbedtls: ssl_msg.c:2737 0x3ffc6bb8: output record: msgtype = 21, version = [3:3], msglen = 2

I (145561) mbedtls: ssl_msg.c:2063 0x3ffc6bb8: => flush output

I (145561) mbedtls: ssl_msg.c:2077 0x3ffc6bb8: message length: 7, out_left: 7

I (145561) mbedtls: ssl_msg.c:2084 0x3ffc6bb8: ssl->f_send() returned 7 (-0xfffffff9)

I (145561) mbedtls: ssl_msg.c:2111 0x3ffc6bb8: <= flush output

I (145561) mbedtls: ssl_msg.c:2790 0x3ffc6bb8: <= write record

I (145561) mbedtls: ssl_msg.c:5070 0x3ffc6bb8: <= send alert message

D (145561) mbedtls: ssl_tls.c:8878 0x3ffc6bb8: ! Certificate verification flags 00000008

I (145561) mbedtls: ssl_tls.c:4293 0x3ffc6bb8: <= handshake

E (145561) esp-tls-mbedtls: mbedtls_ssl_handshake returned -0x2700
I (145561) esp-tls-mbedtls: (FFFFD900): X509 - Certificate verification failed, e.g. CRL, CA or signature check failed
D (145561) esp-tls-mbedtls: Skipping certificate verification - no peer certificate received
E (145561) esp-tls: Failed to open new connection
[conn] TLS to 10.0.2.2:22443 FAILED after 33898 us
[err] handshake: last_esp_err=0x801a tls_code=-0xffffd900 cert_flags=0x0 (sys_errno=0 mb_code=-0x0000)
[e2] wrong-cert path captured above
[mem] final                  free=229916 largest=110592 min-ever=8436
== ch22 lab done ==
qemu-system-xtensa: terminating on signal 15 from pid 3561201 (timeout)
