Adding SPI flash device
ets Jul 29 2019 12:21:46

rst:0x1 (POWERON_RESET),boot:0x12 (SPI_FAST_FLASH_BOOT)
configsip: 0, SPIWP:0xee
clk_drv:0x00,q_drv:0x00,d_drv:0x00,cs0_drv:0x00,hd_drv:0x00,wp_drv:0x00
mode:DIO, clock div:2
load:0x3fff0040,len:6272
load:0x40078000,len:15820
load:0x40080400,len:3920
entry 0x40080644
I (684) boot: ESP-IDF v6.0.2 2nd stage bootloader
I (684) boot: compile time Aug 27 2026 04:28:50
I (684) boot: Multicore bootloader
I (724) boot: chip revision: v3.0
I (725) boot.esp32: SPI Speed      : 40MHz
I (725) boot.esp32: SPI Mode       : DIO
I (725) boot.esp32: SPI Flash Size : 2MB
I (730) boot: Enabling RNG early entropy source...
I (738) boot: Partition Table:
I (740) boot: ## Label            Usage          Type ST Offset   Length
I (740) boot:  0 nvs              WiFi data        01 02 00009000 00006000
I (741) boot:  1 phy_init         RF data          01 01 0000f000 00001000
I (741) boot:  2 factory          factory app      00 00 00010000 00100000
I (744) boot: End of partition table
I (782) esp_image: segment 0: paddr=00010020 vaddr=3f400020 size=1f424h (128036) map
I (803) esp_image: segment 1: paddr=0002f44c vaddr=3ffb0000 size=00bcch (  3020) load
I (815) esp_image: segment 2: paddr=00030020 vaddr=400d0020 size=53c74h (343156) map
I (849) esp_image: segment 3: paddr=00083c9c vaddr=3ffb0bcc size=0204ch (  8268) load
I (860) esp_image: segment 4: paddr=00085cf0 vaddr=40080000 size=0b2dch ( 45788) load
I (877) esp_image: segment 5: paddr=00090fd4 vaddr=50000000 size=00028h (    40) load
I (911) boot: Loaded app from partition at offset 0x10000
I (912) boot: Disabling RNG early entropy source...
I (922) cpu_start: Multicore app
D (922) cpu_start: Pro cpu up
D (923) cpu_start: Starting app cpu, entry point is 0x40081698
D (585) cpu_start: App cpu up
D (936) clk: RTC_SLOW_CLK calibration value: 3495245
I (1536) cpu_start: GPIO 3 and 1 are used as console UART I/O pins
D (1538) cpu_start: calling init function: 0x400d36a0 on core: 0
D (1538) cpu_start: calling init function: 0x400d4544 on core: 0
I (1538) cpu_start: Pro cpu start user code
I (1538) cpu_start: cpu freq: 160000000 Hz
D (1538) cpu_start: calling init function: 0x400d35e0 on core: 0
I (1538) app_init: Application information:
I (1538) app_init: Project name:     lwip_ch22_tls_esp_tls_mbedtls
I (1539) app_init: App version:      924d871
I (1539) app_init: Compile time:     Aug 27 2026 04:28:49
I (1539) app_init: ELF file SHA256:  35339294d...
I (1539) app_init: ESP-IDF:          v6.0.2
D (1539) cpu_start: calling init function: 0x400d36b4 on core: 0
I (1539) efuse_init: Min chip rev:     v0.0
I (1539) efuse_init: Max chip rev:     v3.99 
I (1539) efuse_init: Chip rev:         v3.0
D (1539) cpu_start: calling init function: 0x400d58e0 on core: 0
D (1540) memory_layout: Checking 9 reserved memory ranges:
D (1540) memory_layout: Reserved memory range 0x3ff82000 - 0x3ff82000
D (1540) memory_layout: Reserved memory range 0x3ffae000 - 0x3ffae6e0
D (1540) memory_layout: Reserved memory range 0x3ffb0000 - 0x3ffb50e0
D (1540) memory_layout: Reserved memory range 0x3ffe0000 - 0x3ffe0440
D (1540) memory_layout: Reserved memory range 0x3ffe3f20 - 0x3ffe4350
D (1541) memory_layout: Reserved memory range 0x40070000 - 0x40078000
D (1541) memory_layout: Reserved memory range 0x40078000 - 0x40080000
D (1541) memory_layout: Reserved memory range 0x40080000 - 0x4008b2dc
D (1541) memory_layout: Reserved memory range 0x50001fe8 - 0x50002000
D (1541) memory_layout: Building list of available memory regions:
D (1541) memory_layout: Available memory region 0x3ffae6e0 - 0x3ffb0000
D (1541) memory_layout: Available memory region 0x3ffb50e0 - 0x3ffb8000
D (1541) memory_layout: Available memory region 0x3ffb8000 - 0x3ffc0000
D (1541) memory_layout: Available memory region 0x3ffc0000 - 0x3ffc2000
D (1542) memory_layout: Available memory region 0x3ffc2000 - 0x3ffc4000
D (1542) memory_layout: Available memory region 0x3ffc4000 - 0x3ffc6000
D (1542) memory_layout: Available memory region 0x3ffc6000 - 0x3ffc8000
D (1542) memory_layout: Available memory region 0x3ffc8000 - 0x3ffca000
D (1542) memory_layout: Available memory region 0x3ffca000 - 0x3ffcc000
D (1542) memory_layout: Available memory region 0x3ffcc000 - 0x3ffce000
D (1542) memory_layout: Available memory region 0x3ffce000 - 0x3ffd0000
D (1542) memory_layout: Available memory region 0x3ffd0000 - 0x3ffd2000
D (1542) memory_layout: Available memory region 0x3ffd2000 - 0x3ffd4000
D (1543) memory_layout: Available memory region 0x3ffd4000 - 0x3ffd6000
D (1543) memory_layout: Available memory region 0x3ffd6000 - 0x3ffd8000
D (1543) memory_layout: Available memory region 0x3ffd8000 - 0x3ffda000
D (1543) memory_layout: Available memory region 0x3ffda000 - 0x3ffdc000
D (1543) memory_layout: Available memory region 0x3ffdc000 - 0x3ffde000
D (1543) memory_layout: Available memory region 0x3ffde000 - 0x3ffe0000
D (1543) memory_layout: Available memory region 0x3ffe0440 - 0x3ffe3f20
D (1543) memory_layout: Available memory region 0x3ffe4350 - 0x3ffe8000
D (1543) memory_layout: Available memory region 0x3ffe8000 - 0x3fff0000
D (1544) memory_layout: Available memory region 0x3fff0000 - 0x3fff8000
D (1544) memory_layout: Available memory region 0x3fff8000 - 0x3fffc000
D (1544) memory_layout: Available memory region 0x3fffc000 - 0x40000000
D (1544) memory_layout: Available memory region 0x4008b2dc - 0x4008c000
D (1544) memory_layout: Available memory region 0x4008c000 - 0x4008e000
D (1544) memory_layout: Available memory region 0x4008e000 - 0x40090000
D (1544) memory_layout: Available memory region 0x40090000 - 0x40092000
D (1544) memory_layout: Available memory region 0x40092000 - 0x40094000
D (1544) memory_layout: Available memory region 0x40094000 - 0x40096000
D (1544) memory_layout: Available memory region 0x40096000 - 0x40098000
D (1545) memory_layout: Available memory region 0x40098000 - 0x4009a000
D (1545) memory_layout: Available memory region 0x4009a000 - 0x4009c000
D (1545) memory_layout: Available memory region 0x4009c000 - 0x4009e000
D (1545) memory_layout: Available memory region 0x4009e000 - 0x400a0000
I (1545) heap_init: Initializing. RAM available for dynamic allocation:
D (1546) heap_init: New heap initialised at 0x3ffae6e0
I (1546) heap_init: At 3FFAE6E0 len 00001920 (6 KiB): DRAM
D (1546) heap_init: New heap initialised at 0x3ffb50e0
I (1546) heap_init: At 3FFB50E0 len 0002AF20 (171 KiB): DRAM
I (1546) heap_init: At 3FFE0440 len 00003AE0 (14 KiB): D/IRAM
I (1546) heap_init: At 3FFE4350 len 0001BCB0 (111 KiB): D/IRAM
D (1546) heap_init: New heap initialised at 0x4008b2dc
I (1546) heap_init: At 4008B2DC len 00014D24 (83 KiB): IRAM
D (1547) cpu_start: calling init function: 0x400d3b48 on core: 0
D (1547) cpu_start: calling init function: 0x400d6b54 on core: 0
D (1548) cpu_start: calling init function: 0x400d4588 on core: 0
D (1549) intr_alloc: Connected src 46 to int 1 (cpu 0)
D (1549) cpu_start: calling init function: 0x400d4598 on core: 0
D (1549) cpu_start: calling init function: 0x400d7e20 on core: 0
D (1550) cpu_start: calling init function: 0x400d9548 on core: 0
D (1550) cpu_start: calling init function: 0x400d3534 on core: 0
D (1550) cpu_start: calling init function: 0x400d6b60 on core: 0
D (1551) cpu_start: calling init function: 0x400d3ed8 on core: 0
D (1557) spi_flash: trying chip: issi
D (1560) spi_flash: trying chip: gd
I (1567) spi_flash: detected chip: gd
I (1571) spi_flash: flash io: dio
W (1574) spi_flash: Detected size(4096k) larger than the size in the binary image header(2048k). Using the size in the binary image header.
D (1574) cpu_start: calling init function: 0x400d3740 on core: 0
D (1575) cpu_start: calling init function: 0x400ddb40 on core: 0
D (1576) intr_alloc: Connected src 17 to int 2 (cpu 0)
D (1576) cpu_start: calling init function: 0x4011e124 on core: 0
D (1576) cpu_start: calling init function: 0x401019a0 on core: 0
D (1577) cpu_start: calling init function: 0x400d45a4 on core: 0
D (1578) intr_alloc: Connected src 24 to int 3 (cpu 0)
D (1578) app_start: Starting scheduler on CPU0
D (1580) intr_alloc: Connected src 25 to int 1I (cpu  (1581)
0) main_task: Started on CPU0
D (1580) app_start: Starting scheduler on CPU1
D (1580) heap_init: New heap initialised at 0x3ffe0440
D (1580) heap_init: New heap initialised at 0x3ffe4350
D (1580) intr_alloc: Connected src 16 to int 5 (cpu 0)
I (1580) main_task: Calling app_main()
I (1580) ch22lab: == ch22: tls/esp-tls/mbedtls over openeth ==
D (1580) esp_netif_lwip: LwIP stack has been initialized
D (1580) esp_netif_lwip: esp-netif has been successfully initialized
D (1580) event: running task for loop 0x3ffaffb8
D (1580) event: created task for loop 0x3ffaffb8
D (1580) event: created event loop 0x3ffaffb8
D (1580) esp_netif_objects: esp_netif_add_to_list_unsafe netif added successfully (total netifs: 1)
D (1580) intr_alloc: Connected src 38 to int 8 (cpu 0)
D (1580) opencores.emac: Using MAC address 52:54:00:12:34:56 set in QEMU
D (1580) eth_phy_802_3: Found PHY address: 1
D (1600) esp_eth: new ethernet driver @0x3ffbb07c
I (1600) esp_eth.netif.netif_glue: 52:54:00:12:34:56
I (1600) esp_eth.netif.netif_glue: ethernet attached to netif
D (1700) event: running post ETH_EVENT:0 with handler 0x400d95ac and context 0x3ffbb120 on loop 0x3ffaffb8
D (1700) event: running post ETH_EVENT:0 with handler 0x400dba9c and context 0x3ffbb1b8 on loop 0x3ffaffb8
D (1700) esp_eth.netif.netif_glue: eth_action_start: 0x3ffbb184, 0x3f405048, 0, 0x3ffbb288, 0x3ffbb07c
D (1700) esp_netif_handlers: esp_netif action has started with netif0x3ffb9d3c from event_id=0
I (1700) ch22lab: waiting for DHCP lease ...
D (1700) esp_netif_lwip: Multicast add filter IPv4: 224.0.0.1
D (1700) esp_eth.netif.netif_glue: Add filter MAC: 01:00:5e:00:00:01
E (1700) esp_eth: esp_eth_ioctl(533): add mac address to filter not supported
E (1700) esp_eth.netif.netif_glue: eth_set_mac_filter(56): failed to add mac filter
E (1700) esp_netif_lwip: Failed to add multicast filter for IPv4
D (1700) event: running post ETH_EVENT:2 with handler 0x400d95ac and context 0x3ffbb120 on loop 0x3ffaffb8
I (1700) ch22lab: ETH link up
D (1700) event: running post ETH_EVENT:2 with handler 0x400dba0c and context 0x3ffbb218 on loop 0x3ffaffb8
D (1700) esp_eth.netif.netif_glue: eth_action_connected: 0x3ffbb184, 0x3f405048, 2, 0x3ffbb298, 0x3ffbb07c
D (1700) esp_netif_handlers: esp_netif action connected with netif0x3ffb9d3c from event_id=2
D (1700) esp_netif_lwip: if0x3ffb9d3c start ip lost tmr: interval=120
D (1700) esp_netif_lwip: starting dhcp client
D (1700) event: no handlers have been registered for event IP_EVENT:9 posted to loop 0x3ffaffb8
D (2710) esp_netif_lwip: if0x3ffb9d3c ip changed=1
D (2710) event: running post IP_EVENT:4 with handler 0x400d9f98 and context 0x3ffbb164 on loop 0x3ffaffb8
I (2710) ch22lab: GOT_IP: 10.0.2.15
D (2710) event: running post IP_EVENT:4 with handler 0x400db99c and context 0x3ffbb268 on loop 0x3ffaffb8
D (2710) esp_eth.netif.netif_glue: eth_action_got_ip: 0x3ffbb184, 0x3f40bfa0, 4, 0x3ffbb288, 0x3ffb9d3c
D (2710) esp_netif_handlers: esp_netif action got_ip with netif0x3ffb9d3c from event_id=4
I (2710) esp_netif_handlers: eth ip: 10.0.2.15, mask: 255.255.255.0, gw: 10.0.2.2

== ch22 lab start ==
[info] sizeof(mbedtls_ssl_context)=264 sizeof(mbedtls_ssl_config)=136
[srv-create] plain=1 tls=1
[mem-tick] t=    1166 ms phase=idle         free=224404
I (2710) main_task: Returned from app_main()
[srv-p] accepting
[srv-ready] plain=1 tls=1
[mem] boot-baseline          free=228880 largest=110592 min-ever=224384

===== PHASE A/B [RSA] port=22443 =====
[mem-tick] t=    1262 ms phase=RSA-baseline free=228880
[mem-tick] t=    1362 ms phase=RSA-baseline free=228880
[mem-tick] t=    1461 ms phase=RSA-baseline free=228880
[mem] baseline               free=228880 largest=110592 min-ever=224384
[mem-tick] t=    1564 ms phase=handshake    free=226628
W (3120) esp-tls-mbedtls: skip_common_name=true: hostname matching and SNI disabled. This disables ALL server-name authentication (CN/SAN/SNI), not just CN. Only intended for loopback / debug clients.
D (3120) esp-tls: handshake in progress...
I (3120) mbedtls: ssl_tls.c:4282 0x3ffc64a8: => handshake

I (3120) mbedtls: ssl_msg.c:2063 0x3ffc64a8: => flush output

I (3120) mbedtls: ssl_msg.c:2072 0x3ffc64a8: <= flush output

I (3120) mbedtls: ssl_tls.c:4201 0x3ffc64a8: client state: MBEDTLS_SSL_HELLO_REQUEST

D (3120) mbedtls: ssl_misc.h:1295 0x3ffc64a8: handshake state: 0 (MBEDTLS_SSL_HELLO_REQUEST) -> 1 (MBEDTLS_SSL_CLIENT_HELLO)

I (3120) mbedtls: ssl_msg.c:2063 0x3ffc64a8: => flush output

I (3120) mbedtls: ssl_msg.c:2072 0x3ffc64a8: <= flush output

I (3120) mbedtls: ssl_tls.c:4201 0x3ffc64a8: client state: MBEDTLS_SSL_CLIENT_HELLO

I (3120) mbedtls: ssl_client.c:917 0x3ffc64a8: => write client hello

D (3120) mbedtls: ssl_client.c:722 0x3ffc64a8: client hello, current time: 1

D (3120) mbedtls: ssl_client.c:485 0x3ffc64a8: dumping 'client hello, random bytes' (32 bytes)

D (3120) mbedtls: ssl_client.c:485 0x3ffc64a8: 0000:  00 00 00 01 dd 1b d6 0e f7 e9 20 07 a1 fd 3a f1  .......... ...:.

D (3120) mbedtls: ssl_client.c:485 0x3ffc64a8: 0010:  62 6d b8 f8 0d 3b 7b 91 4e b2 f1 5f 75 f4 d1 76  bm...;{.N.._u..v

D (3120) mbedtls: ssl_client.c:510 0x3ffc64a8: dumping 'session id' (0 bytes)

D (3120) mbedtls: ssl_client.c:368 0x3ffc64a8: client hello, add ciphersuite: c02c, TLS-ECDHE-ECDSA-WITH-AES-256-GCM-SHA384

D (3120) mbedtls: ssl_client.c:368 0x3ffc64a8: client hello, add ciphersuite: c030, TLS-ECDHE-RSA-WITH-AES-256-GCM-SHA384

D (3120) mbedtls: ssl_client.c:368 0x3ffc64a8: client hello, add ciphersuite: c0ad, TLS-ECDHE-ECDSA-WITH-AES-256-CCM

D (3120) mbedtls: ssl_client.c:368 0x3ffc64a8: client hello, add ciphersuite: c024, TLS-ECDHE-ECDSA-WITH-AES-256-CBC-SHA384

D (3120) mbedtls: ssl_client.c:368 0x3ffc64a8: client hello, add ciphersuite: c028, TLS-ECDHE-RSA-WITH-AES-256-CBC-SHA384

D (3120) mbedtls: ssl_client.c:368 0x3ffc64a8: client hello, add ciphersuite: c00a, TLS-ECDHE-ECDSA-WITH-AES-256-CBC-SHA

D (3120) mbedtls: ssl_client.c:368 0x3ffc64a8: client hello, add ciphersuite: c014, TLS-ECDHE-RSA-WITH-AES-256-CBC-SHA

D (3120) mbedtls: ssl_client.c:368 0x3ffc64a8: client hello, add ciphersuite: c0af, TLS-ECDHE-ECDSA-WITH-AES-256-CCM-8

D (3130) mbedtls: ssl_client.c:368 0x3ffc64a8: client hello, add ciphersuite: c02b, TLS-ECDHE-ECDSA-WITH-AES-128-GCM-SHA256

D (3130) mbedtls: ssl_client.c:368 0x3ffc64a8: client hello, add ciphersuite: c02f, TLS-ECDHE-RSA-WITH-AES-128-GCM-SHA256

D (3130) mbedtls: ssl_client.c:368 0x3ffc64a8: client hello, add ciphersuite: c0ac, TLS-ECDHE-ECDSA-WITH-AES-128-CCM

D (3130) mbedtls: ssl_client.c:368 0x3ffc64a8: client hello, add ciphersuite: c023, TLS-ECDHE-ECDSA-WITH-AES-128-CBC-SHA256

D (3130) mbedtls: ssl_client.c:368 0x3ffc64a8: client hello, add ciphersuite: c027, TLS-ECDHE-RSA-WITH-AES-128-CBC-SHA256

D (3130) mbedtls: ssl_client.c:368 0x3ffc64a8: client hello, add ciphersuite: c009, TLS-ECDHE-ECDSA-WITH-AES-128-CBC-SHA

D (3130) mbedtls: ssl_client.c:368 0x3ffc64a8: client hello, add ciphersuite: c013, TLS-ECDHE-RSA-WITH-AES-128-CBC-SHA

D (3130) mbedtls: ssl_client.c:368 0x3ffc64a8: client hello, add ciphersuite: c0ae, TLS-ECDHE-ECDSA-WITH-AES-128-CCM-8

D (3130) mbedtls: ssl_client.c:386 0x3ffc64a8: adding EMPTY_RENEGOTIATION_INFO_SCSV

D (3130) mbedtls: ssl_client.c:395 0x3ffc64a8: client hello, got 17 cipher suites

D (3130) mbedtls: ssl_client.c:229 0x3ffc64a8: client hello, adding supported_groups extension

D (3130) mbedtls: ssl_client.c:248 0x3ffc64a8: got supported group(001d)

D (3130) mbedtls: ssl_client.c:280 0x3ffc64a8: NamedGroup: x25519 ( 1d )

D (3130) mbedtls: ssl_client.c:248 0x3ffc64a8: got supported group(0017)

D (3130) mbedtls: ssl_client.c:280 0x3ffc64a8: NamedGroup: secp256r1 ( 17 )

D (3130) mbedtls: ssl_client.c:248 0x3ffc64a8: got supported group(0018)

D (3130) mbedtls: ssl_client.c:280 0x3ffc64a8: NamedGroup: secp384r1 ( 18 )

D (3130) mbedtls: ssl_client.c:248 0x3ffc64a8: got supported group(001e)

D (3130) mbedtls: ssl_client.c:280 0x3ffc64a8: NamedGroup: x448 ( 1e )

D (3130) mbedtls: ssl_client.c:248 0x3ffc64a8: got supported group(0019)

D (3130) mbedtls: ssl_client.c:280 0x3ffc64a8: NamedGroup: secp521r1 ( 19 )

D (3130) mbedtls: ssl_client.c:248 0x3ffc64a8: got supported group(001a)

D (3130) mbedtls: ssl_client.c:280 0x3ffc64a8: NamedGroup: bp256r1 ( 1a )

D (3130) mbedtls: ssl_client.c:248 0x3ffc64a8: got supported group(001b)

D (3130) mbedtls: ssl_client.c:280 0x3ffc64a8: NamedGroup: bp384r1 ( 1b )

D (3130) mbedtls: ssl_client.c:248 0x3ffc64a8: got supported group(001c)

D (3130) mbedtls: ssl_client.c:280 0x3ffc64a8: NamedGroup: bp512r1 ( 1c )

D (3130) mbedtls: ssl_client.c:248 0x3ffc64a8: got supported group(0100)

D (3130) mbedtls: ssl_client.c:248 0x3ffc64a8: got supported group(0101)

D (3130) mbedtls: ssl_client.c:248 0x3ffc64a8: got supported group(0102)

D (3130) mbedtls: ssl_client.c:248 0x3ffc64a8: got supported group(0103)

D (3130) mbedtls: ssl_client.c:248 0x3ffc64a8: got supported group(0104)

D (3130) mbedtls: ssl_client.c:300 0x3ffc64a8: dumping 'Supported groups extension' (18 bytes)

D (3130) mbedtls: ssl_client.c:300 0x3ffc64a8: 0000:  00 10 00 1d 00 17 00 18 00 1e 00 19 00 1a 00 1b  ................

D (3130) mbedtls: ssl_client.c:300 0x3ffc64a8: 0010:  00 1c                                            ..

D (3130) mbedtls: ssl_tls.c:8276 0x3ffc64a8: adding signature_algorithms extension

D (3130) mbedtls: ssl_tls.c:8296 0x3ffc64a8: got signature scheme [603] ecdsa_secp521r1_sha512

D (3130) mbedtls: ssl_tls.c:8305 0x3ffc64a8: sent signature scheme [603] ecdsa_secp521r1_sha512

D (3130) mbedtls: ssl_tls.c:8296 0x3ffc64a8: got signature scheme [806] rsa_pss_rsae_sha512

D (3130) mbedtls: ssl_tls.c:8296 0x3ffc64a8: got signature scheme [601] rsa_pkcs1_sha512

D (3130) mbedtls: ssl_tls.c:8305 0x3ffc64a8: sent signature scheme [601] rsa_pkcs1_sha512

D (3130) mbedtls: ssl_tls.c:8296 0x3ffc64a8: got signature scheme [503] ecdsa_secp384r1_sha384

D (3130) mbedtls: ssl_tls.c:8305 0x3ffc64a8: sent signature scheme [503] ecdsa_secp384r1_sha384

D (3130) mbedtls: ssl_tls.c:8296 0x3ffc64a8: got signature scheme [805] rsa_pss_rsae_sha384

D (3130) mbedtls: ssl_tls.c:8296 0x3ffc64a8: got signature scheme [501] rsa_pkcs1_sha384

D (3140) mbedtls: ssl_tls.c:8305 0x3ffc64a8: sent signature scheme [501] rsa_pkcs1_sha384

D (3140) mbedtls: ssl_tls.c:8296 0x3ffc64a8: got signature scheme [403] ecdsa_secp256r1_sha256

D (3140) mbedtls: ssl_tls.c:8305 0x3ffc64a8: sent signature scheme [403] ecdsa_secp256r1_sha256

D (3140) mbedtls: ssl_tls.c:8296 0x3ffc64a8: got signature scheme [804] rsa_pss_rsae_sha256

D (3140) mbedtls: ssl_tls.c:8296 0x3ffc64a8: got signature scheme [401] rsa_pkcs1_sha256

D (3140) mbedtls: ssl_tls.c:8305 0x3ffc64a8: sent signature scheme [401] rsa_pkcs1_sha256

D (3140) mbedtls: ssl_tls12_client.c:103 0x3ffc64a8: client hello, adding supported_point_formats extension

D (3140) mbedtls: ssl_tls12_client.c:287 0x3ffc64a8: client hello, adding encrypt_then_mac extension

D (3140) mbedtls: ssl_tls12_client.c:319 0x3ffc64a8: client hello, adding extended_master_secret extension

D (3140) mbedtls: ssl_tls12_client.c:352 0x3ffc64a8: client hello, adding session ticket extension

D (3140) mbedtls: ssl_client.c:687 0x3ffc64a8: client hello, total extension length: 58

D (3140) mbedtls: ssl_client.c:689 0x3ffc64a8: dumping 'client hello extensions' (58 bytes)

D (3140) mbedtls: ssl_client.c:689 0x3ffc64a8: 0000:  00 3a 00 0a 00 12 00 10 00 1d 00 17 00 18 00 1e  .:..............

D (3140) mbedtls: ssl_client.c:689 0x3ffc64a8: 0010:  00 19 00 1a 00 1b 00 1c 00 0d 00 0e 00 0c 06 03  ................

D (3140) mbedtls: ssl_client.c:689 0x3ffc64a8: 0020:  06 01 05 03 05 01 04 03 04 01 00 0b 00 02 01 00  ................

D (3140) mbedtls: ssl_client.c:689 0x3ffc64a8: 0030:  00 16 00 00 00 17 00 00 00 23                    .........#

I (3140) mbedtls: ssl_msg.c:2494 0x3ffc64a8: => write handshake message

I (3140) mbedtls: ssl_msg.c:2654 0x3ffc64a8: => write record

D (3140) mbedtls: ssl_msg.c:2737 0x3ffc64a8: output record: msgtype = 22, version = [3:3], msglen = 137

I (3140) mbedtls: ssl_msg.c:2790 0x3ffc64a8: <= write record

I (3140) mbedtls: ssl_msg.c:2615 0x3ffc64a8: <= write handshake message

D (3140) mbedtls: ssl_misc.h:1295 0x3ffc64a8: handshake state: 1 (MBEDTLS_SSL_CLIENT_HELLO) -> 2 (MBEDTLS_SSL_SERVER_HELLO)

I (3140) mbedtls: ssl_client.c:1010 0x3ffc64a8: <= write client hello

I (3140) mbedtls: ssl_msg.c:2063 0x3ffc64a8: => flush output

I (3140) mbedtls: ssl_msg.c:2077 0x3ffc64a8: message length: 142, out_left: 142

I (3150) mbedtls: ssl_msg.c:2084 0x3ffc64a8: ssl->f_send() returned 142 (-0xffffff72)

I (3150) mbedtls: ssl_msg.c:2111 0x3ffc64a8: <= flush output

I (3150) mbedtls: ssl_tls.c:4201 0x3ffc64a8: client state: MBEDTLS_SSL_SERVER_HELLO

I (3150) mbedtls: ssl_tls12_client.c:1151 0x3ffc64a8: => parse server hello

I (3150) mbedtls: ssl_msg.c:4040 0x3ffc64a8: => read record

I (3150) mbedtls: ssl_msg.c:1865 0x3ffc64a8: => fetch input

I (3150) mbedtls: ssl_msg.c:2005 0x3ffc64a8: in_left: 0, nb_want: 5

I (3150) mbedtls: ssl_msg.c:2025 0x3ffc64a8: in_left: 0, nb_want: 5

I (3150) mbedtls: ssl_msg.c:2028 0x3ffc64a8: ssl->f_recv(_timeout)() returned 5 (-0xfffffffb)

I (3150) mbedtls: ssl_msg.c:2050 0x3ffc64a8: <= fetch input

D (3150) mbedtls: ssl_msg.c:3707 0x3ffc64a8: input record: msgtype = 22, version = [0x303], msglen = 65

I (3150) mbedtls: ssl_msg.c:1865 0x3ffc64a8: => fetch input

I (3150) mbedtls: ssl_msg.c:2005 0x3ffc64a8: in_left: 5, nb_want: 70

I (3150) mbedtls: ssl_msg.c:2025 0x3ffc64a8: in_left: 5, nb_want: 70

I (3150) mbedtls: ssl_msg.c:2028 0x3ffc64a8: ssl->f_recv(_timeout)() returned 65 (-0xffffffbf)

I (3150) mbedtls: ssl_msg.c:2050 0x3ffc64a8: <= fetch input

D (3150) mbedtls: ssl_msg.c:2948 0x3ffc64a8: handshake message: msglen = 65, type = 2, hslen = 65

D (3150) mbedtls: ssl_msg.c:3085 0x3ffc64a8: sole handshake fragment: 65, 0..65 of 65

I (3150) mbedtls: ssl_msg.c:4112 0x3ffc64a8: <= read record

D (3150) mbedtls: ssl_tls12_client.c:1225 0x3ffc64a8: dumping 'server hello, version' (2 bytes)

D (3150) mbedtls: ssl_tls12_client.c:1225 0x3ffc64a8: 0000:  03 03                                            ..

D (3150) mbedtls: ssl_tls12_client.c:1246 0x3ffc64a8: server hello, current time: 3238554692

D (3150) mbedtls: ssl_tls12_client.c:1256 0x3ffc64a8: dumping 'server hello, random bytes' (32 bytes)

D (3150) mbedtls: ssl_tls12_client.c:1256 0x3ffc64a8: 0000:  c1 08 6c 44 58 4c 20 b1 00 f8 99 47 08 65 a8 d5  ..lDXL ....G.e..

D (3150) mbedtls: ssl_tls12_client.c:1256 0x3ffc64a8: 0010:  25 37 e0 e7 da 08 4c f5 b0 df 00 45 2e a2 38 d2  %7....L....E..8.

D (3150) mbedtls: ssl_tls12_client.c:1318 0x3ffc64a8: server hello, session id len.: 0

D (3150) mbedtls: ssl_tls12_client.c:1319 0x3ffc64a8: dumping 'server hello, session id' (0 bytes)

D (3150) mbedtls: ssl_misc.h:1295 0x3ffc64a8: handshake state: 2 (MBEDTLS_SSL_SERVER_HELLO) -> 3 (MBEDTLS_SSL_SERVER_CERTIFICATE)

D (3150) mbedtls: ssl_tls12_client.c:1343 0x3ffc64a8: no session has been resumed

D (3150) mbedtls: ssl_tls12_client.c:1346 0x3ffc64a8: server hello, chosen ciphersuite: c030

D (3150) mbedtls: ssl_tls12_client.c:1347 0x3ffc64a8: server hello, compress alg.: 0

D (3150) mbedtls: ssl_tls12_client.c:1382 0x3ffc64a8: server hello, chosen ciphersuite: TLS-ECDHE-RSA-WITH-AES-256-GCM-SHA384

I (3150) mbedtls: ssl_tls12_client.c:1403 0x3ffc64a8: server hello, total extension length: 21

D (3150) mbedtls: ssl_tls12_client.c:1421 0x3ffc64a8: found renegotiation extension

D (3160) mbedtls: ssl_tls12_client.c:1500 0x3ffc64a8: found supported_point_formats extension

D (3160) mbedtls: ssl_tls12_client.c:1486 0x3ffc64a8: found session_ticket extension

D (3160) mbedtls: ssl_tls12_client.c:1473 0x3ffc64a8: found extended_master_secret extension

I (3160) mbedtls: ssl_tls12_client.c:1617 0x3ffc64a8: <= parse server hello

I (3160) mbedtls: ssl_msg.c:2063 0x3ffc64a8: => flush output

I (3160) mbedtls: ssl_msg.c:2072 0x3ffc64a8: <= flush output

I (3160) mbedtls: ssl_tls.c:4201 0x3ffc64a8: client state: MBEDTLS_SSL_SERVER_CERTIFICATE

I (3160) mbedtls: ssl_tls.c:7077 0x3ffc64a8: => parse certificate

I (3160) mbedtls: ssl_msg.c:4040 0x3ffc64a8: => read record

I (3160) mbedtls: ssl_msg.c:1865 0x3ffc64a8: => fetch input

I (3160) mbedtls: ssl_msg.c:2005 0x3ffc64a8: in_left: 0, nb_want: 5

I (3160) mbedtls: ssl_msg.c:2025 0x3ffc64a8: in_left: 0, nb_want: 5

I (3160) mbedtls: ssl_msg.c:2028 0x3ffc64a8: ssl->f_recv(_timeout)() returned 5 (-0xfffffffb)

I (3160) mbedtls: ssl_msg.c:2050 0x3ffc64a8: <= fetch input

D (3160) mbedtls: ssl_msg.c:3707 0x3ffc64a8: input record: msgtype = 22, version = [0x303], msglen = 791

I (3160) mbedtls: ssl_msg.c:1865 0x3ffc64a8: => fetch input

I (3160) mbedtls: ssl_msg.c:2005 0x3ffc64a8: in_left: 5, nb_want: 796

I (3160) mbedtls: ssl_msg.c:2025 0x3ffc64a8: in_left: 5, nb_want: 796

I (3160) mbedtls: ssl_msg.c:2028 0x3ffc64a8: ssl->f_recv(_timeout)() returned 791 (-0xfffffce9)

I (3160) mbedtls: ssl_msg.c:2050 0x3ffc64a8: <= fetch input

D (3160) mbedtls: ssl_msg.c:2948 0x3ffc64a8: handshake message: msglen = 791, type = 11, hslen = 791

D (3160) mbedtls: ssl_msg.c:3085 0x3ffc64a8: sole handshake fragment: 791, 0..791 of 791

I (3160) mbedtls: ssl_msg.c:4112 0x3ffc64a8: <= read record

D (3170) mbedtls: ssl_tls.c:6952 0x3ffc64a8: peer certificate #1:

D (3170) mbedtls: ssl_tls.c:6952 0x3ffc64a8: cert. version     : 3

D (3170) mbedtls: ssl_tls.c:6952 0x3ffc64a8: serial number     : 77:66:A5:9D:AF:14:9E:F2:03:F7:3C:2B:1A:5C:81:86:F8:A3:4E:52

D (3170) mbedtls: ssl_tls.c:6952 0x3ffc64a8: issuer name       : CN=localhost

D (3170) mbedtls: ssl_tls.c:6952 0x3ffc64a8: subject name      : CN=localhost

D (3170) mbedtls: ssl_tls.c:6952 0x3ffc64a8: issued  on        : 2026-08-26 20:20:30

D (3170) mbedtls: ssl_tls.c:6952 0x3ffc64a8: expires on        : 2026-09-25 20:20:30

D (3170) mbedtls: ssl_tls.c:6952 0x3ffc64a8: signed using      : RSA with SHA-256

D (3170) mbedtls: ssl_tls.c:6952 0x3ffc64a8: RSA key size      : 2048 bits

D (3170) mbedtls: ssl_tls.c:6952 0x3ffc64a8: basic constraints : CA=true

D (3170) mbedtls: ssl_tls.c:6952 0x3ffc64a8: dumping 'crt->PK' (270 bytes)

D (3170) mbedtls: ssl_tls.c:6952 0x3ffc64a8: 0000:  30 82 01 0a 02 82 01 01 00 dd 03 19 3e 8f 4a 05

D (3170) mbedtls: ssl_tls.c:6952 0x3ffc64a8: 0010:  9c d6 74 e1 46 bc 40 7a 7e af 78 09 38 f6 d0 1c

D (3170) mbedtls: ssl_tls.c:6952 0x3ffc64a8: 0020:  9d e4 2b 18 4c a1 87 f6 83 55 82 2d e0 21 fb b2

D (3170) mbedtls: ssl_tls.c:6952 0x3ffc64a8: 0030:  00 2f 9b 98 36 24 73 47 a2 11 bb 50 05 1c 9e 40

D (3170) mbedtls: ssl_tls.c:6952 0x3ffc64a8: 0040:  41 c9 de 81 7e a1 eb 82 48 35 d0 51 24 0d 22 bd

D (3170) mbedtls: ssl_tls.c:6952 0x3ffc64a8: 0050:  7e c7 0b 60 74 e2 60 3e 76 de c1 3d b5 9f e9 d2

D (3170) mbedtls: ssl_tls.c:6952 0x3ffc64a8: 0060:  ac 90 d3 84 2a 75 7c 41 8a 11 14 c8 bc 09 7b 9d

D (3170) mbedtls: ssl_tls.c:6952 0x3ffc64a8: 0070:  45 54 95 c1 50 05 be f1 34 c0 05 55 f5 a2 b3 a8

D (3170) mbedtls: ssl_tls.c:6952 0x3ffc64a8: 0080:  24 f6 ab 22 df 72 97 ef b5 8f e4 fe 49 be 4f c1

D (3170) mbedtls: ssl_tls.c:6952 0x3ffc64a8: 0090:  08 e0 39 7a cd ba 74 2e d1 20 74 ad 6b 59 ab 86

D (3170) mbedtls: ssl_tls.c:6952 0x3ffc64a8: 00a0:  5d 29 ab 81 f0 c1 22 3f 01 b9 0b a1 fb ee 70 9f

D (3170) mbedtls: ssl_tls.c:6952 0x3ffc64a8: 00b0:  eb 29 5e 9f 1d 6a 0d dc 65 fd 5e 5d 38 0c 1a c3

D (3170) mbedtls: ssl_tls.c:6952 0x3ffc64a8: 00c0:  ae b7 b7 2f 66 23 82 80 ab 7d 69 7c 8f 95 ab e8

D (3170) mbedtls: ssl_tls.c:6952 0x3ffc64a8: 00d0:  c0 4d 21 42 7d 78 c8 25 8b 60 f6 0d 87 c9 f4 df

D (3170) mbedtls: ssl_tls.c:6952 0x3ffc64a8: 00e0:  36 bf 16 7c 59 16 d1 09 ec 17 67 cf 5d 9f 8f 78

D (3170) mbedtls: ssl_tls.c:6952 0x3ffc64a8: 00f0:  8c 3d d0 02 18 d5 bc a7 19 f4 51 fe 1d b3 20 40

D (3170) mbedtls: ssl_tls.c:6952 0x3ffc64a8: 0100:  67 7e 3a cc 30 f3 8d a0 ef 02 03 01 00 01      

I (3170) mbedtls: ssl_tls.c:7191 0x3ffc64a8: <= parse certificate

D (3170) mbedtls: ssl_misc.h:1295 0x3ffc64a8: handshake state: 3 (MBEDTLS_SSL_SERVER_CERTIFICATE) -> 4 (MBEDTLS_SSL_SERVER_KEY_EXCHANGE)

I (3170) mbedtls: ssl_msg.c:2063 0x3ffc64a8: => flush output

I (3170) mbedtls: ssl_msg.c:2072 0x3ffc64a8: <= flush output

I (3170) mbedtls: ssl_tls.c:4201 0x3ffc64a8: client state: MBEDTLS_SSL_SERVER_KEY_EXCHANGE

I (3170) mbedtls: ssl_tls12_client.c:1831 0x3ffc64a8: => parse server key exchange

I (3170) mbedtls: ssl_msg.c:4040 0x3ffc64a8: => read record

I (3170) mbedtls: ssl_msg.c:1865 0x3ffc64a8: => fetch input

I (3170) mbedtls: ssl_msg.c:2005 0x3ffc64a8: in_left: 0, nb_want: 5

I (3180) mbedtls: ssl_msg.c:2025 0x3ffc64a8: in_left: 0, nb_want: 5

I (3180) mbedtls: ssl_msg.c:2028 0x3ffc64a8: ssl->f_recv(_timeout)() returned 5 (-0xfffffffb)

I (3180) mbedtls: ssl_msg.c:2050 0x3ffc64a8: <= fetch input

D (3180) mbedtls: ssl_msg.c:3707 0x3ffc64a8: input record: msgtype = 22, version = [0x303], msglen = 300

I (3180) mbedtls: ssl_msg.c:1865 0x3ffc64a8: => fetch input

I (3180) mbedtls: ssl_msg.c:2005 0x3ffc64a8: in_left: 5, nb_want: 305

I (3180) mbedtls: ssl_msg.c:2025 0x3ffc64a8: in_left: 5, nb_want: 305

I (3180) mbedtls: ssl_msg.c:2028 0x3ffc64a8: ssl->f_recv(_timeout)() returned 300 (-0xfffffed4)

I (3180) mbedtls: ssl_msg.c:2050 0x3ffc64a8: <= fetch input

D (3180) mbedtls: ssl_msg.c:2948 0x3ffc64a8: handshake message: msglen = 300, type = 12, hslen = 300

D (3180) mbedtls: ssl_msg.c:3085 0x3ffc64a8: sole handshake fragment: 300, 0..300 of 300

I (3180) mbedtls: ssl_msg.c:4112 0x3ffc64a8: <= read record

D (3180) mbedtls: ssl_tls12_client.c:1885 0x3ffc64a8: dumping 'server key exchange' (296 bytes)

D (3180) mbedtls: ssl_tls12_client.c:1885 0x3ffc64a8: 0000:  03 00 1d 20 c9 bd 7a 10 cc 41 50 79 72 7e f2 5f  ... ..z..APyr~._

D (3180) mbedtls: ssl_tls12_client.c:1885 0x3ffc64a8: 0010:  92 cf f9 17 d0 2b af 7e ec ac b9 82 d9 67 56 b7  .....+.~.....gV.

D (3180) mbedtls: ssl_tls12_client.c:1885 0x3ffc64a8: 0020:  82 4f 9c 12 06 01 01 00 8c 71 1e ab 65 f6 75 2c  .O.......q..e.u,

D (3180) mbedtls: ssl_tls12_client.c:1885 0x3ffc64a8: 0030:  43 c7 7c 94 9d 2e 2f 16 65 dc 5d 63 57 aa dc 4f  C.|.../.e.]cW..O

D (3180) mbedtls: ssl_tls12_client.c:1885 0x3ffc64a8: 0040:  ce 14 e8 51 76 f3 e5 3b 91 a8 2d cd 25 aa 9a e5  ...Qv..;..-.%...

D (3180) mbedtls: ssl_tls12_client.c:1885 0x3ffc64a8: 0050:  7e de d4 2a c5 76 ef 4a 98 75 03 51 79 86 fc b1  ~..*.v.J.u.Qy...

D (3180) mbedtls: ssl_tls12_client.c:1885 0x3ffc64a8: 0060:  dc c9 03 3d c6 13 db cc f1 c7 f7 50 82 e0 20 0c  ...=.......P.. .

D (3180) mbedtls: ssl_tls12_client.c:1885 0x3ffc64a8: 0070:  01 52 67 74 c4 92 32 e6 48 6b f3 76 d9 d8 eb f7  .Rgt..2.Hk.v....

D (3180) mbedtls: ssl_tls12_client.c:1885 0x3ffc64a8: 0080:  d2 4d 8a 7a 5f 04 98 9b 0f 37 72 32 dd a6 64 f8  .M.z_....7r2..d.

D (3180) mbedtls: ssl_tls12_client.c:1885 0x3ffc64a8: 0090:  cf e5 79 38 05 66 e0 19 3f fb 6e a5 71 76 b6 9d  ..y8.f..?.n.qv..

D (3180) mbedtls: ssl_tls12_client.c:1885 0x3ffc64a8: 00a0:  55 ff 55 a5 46 23 77 6c e7 74 89 57 8d fa 9b 41  U.U.F#wl.t.W...A

D (3180) mbedtls: ssl_tls12_client.c:1885 0x3ffc64a8: 00b0:  ad 43 43 0f bd 50 1b 16 fe bd 35 b6 8c d1 e2 05  .CC..P....5.....

D (3180) mbedtls: ssl_tls12_client.c:1885 0x3ffc64a8: 00c0:  20 49 5d 74 a8 19 32 36 b1 03 a4 a5 5c 39 ee 6c   I]t..26....\9.l

D (3180) mbedtls: ssl_tls12_client.c:1885 0x3ffc64a8: 00d0:  e5 94 b8 e6 3a 3f c3 7b f8 67 49 13 69 4a 39 50  ....:?.{.gI.iJ9P

D (3180) mbedtls: ssl_tls12_client.c:1885 0x3ffc64a8: 00e0:  d5 f5 e5 bc 3e 1f e9 ee 16 33 81 ec 9e 24 e3 4c  ....>....3...$.L

D (3180) mbedtls: ssl_tls12_client.c:1885 0x3ffc64a8: 00f0:  3b c0 23 e9 94 54 37 75 1a 8d 6f 3b 2c 51 54 16  ;.#..T7u..o;,QT.

D (3180) mbedtls: ssl_tls12_client.c:1885 0x3ffc64a8: 0100:  d2 49 e4 e7 da f1 38 ef d5 d3 5f 27 4a 38 33 86  .I....8..._'J83.

D (3180) mbedtls: ssl_tls12_client.c:1885 0x3ffc64a8: 0110:  fa 65 fd bd 33 fd fa 7c 1c 3d fd 12 6b c3 32 36  .e..3..|.=..k.26

D (3180) mbedtls: ssl_tls12_client.c:1885 0x3ffc64a8: 0120:  78 a3 0e 6f a5 1f 37 5c                          x..o..7\

I (3180) mbedtls: ssl_tls12_client.c:1815 0x3ffc64a8: Server used the signature algorithm rsa_pkcs1_sha512

D (3180) mbedtls: ssl_tls12_client.c:2047 0x3ffc64a8: dumping 'signature' (256 bytes)

D (3180) mbedtls: ssl_tls12_client.c:2047 0x3ffc64a8: 0000:  8c 71 1e ab 65 f6 75 2c 43 c7 7c 94 9d 2e 2f 16  .q..e.u,C.|.../.

D (3180) mbedtls: ssl_tls12_client.c:2047 0x3ffc64a8: 0010:  65 dc 5d 63 57 aa dc 4f ce 14 e8 51 76 f3 e5 3b  e.]cW..O...Qv..;

D (3190) mbedtls: ssl_tls12_client.c:2047 0x3ffc64a8: 0020:  91 a8 2d cd 25 aa 9a e5 7e de d4 2a c5 76 ef 4a  ..-.%...~..*.v.J

D (3190) mbedtls: ssl_tls12_client.c:2047 0x3ffc64a8: 0030:  98 75 03 51 79 86 fc b1 dc c9 03 3d c6 13 db cc  .u.Qy......=....

D (3190) mbedtls: ssl_tls12_client.c:2047 0x3ffc64a8: 0040:  f1 c7 f7 50 82 e0 20 0c 01 52 67 74 c4 92 32 e6  ...P.. ..Rgt..2.

D (3190) mbedtls: ssl_tls12_client.c:2047 0x3ffc64a8: 0050:  48 6b f3 76 d9 d8 eb f7 d2 4d 8a 7a 5f 04 98 9b  Hk.v.....M.z_...

D (3190) mbedtls: ssl_tls12_client.c:2047 0x3ffc64a8: 0060:  0f 37 72 32 dd a6 64 f8 cf e5 79 38 05 66 e0 19  .7r2..d...y8.f..

D (3190) mbedtls: ssl_tls12_client.c:2047 0x3ffc64a8: 0070:  3f fb 6e a5 71 76 b6 9d 55 ff 55 a5 46 23 77 6c  ?.n.qv..U.U.F#wl

D (3190) mbedtls: ssl_tls12_client.c:2047 0x3ffc64a8: 0080:  e7 74 89 57 8d fa 9b 41 ad 43 43 0f bd 50 1b 16  .t.W...A.CC..P..

D (3190) mbedtls: ssl_tls12_client.c:2047 0x3ffc64a8: 0090:  fe bd 35 b6 8c d1 e2 05 20 49 5d 74 a8 19 32 36  ..5..... I]t..26

D (3190) mbedtls: ssl_tls12_client.c:2047 0x3ffc64a8: 00a0:  b1 03 a4 a5 5c 39 ee 6c e5 94 b8 e6 3a 3f c3 7b  ....\9.l....:?.{

D (3190) mbedtls: ssl_tls12_client.c:2047 0x3ffc64a8: 00b0:  f8 67 49 13 69 4a 39 50 d5 f5 e5 bc 3e 1f e9 ee  .gI.iJ9P....>...

D (3190) mbedtls: ssl_tls12_client.c:2047 0x3ffc64a8: 00c0:  16 33 81 ec 9e 24 e3 4c 3b c0 23 e9 94 54 37 75  .3...$.L;.#..T7u

D (3190) mbedtls: ssl_tls12_client.c:2047 0x3ffc64a8: 00d0:  1a 8d 6f 3b 2c 51 54 16 d2 49 e4 e7 da f1 38 ef  ..o;,QT..I....8.

D (3190) mbedtls: ssl_tls12_client.c:2047 0x3ffc64a8: 00e0:  d5 d3 5f 27 4a 38 33 86 fa 65 fd bd 33 fd fa 7c  .._'J83..e..3..|

D (3190) mbedtls: ssl_tls12_client.c:2047 0x3ffc64a8: 00f0:  1c 3d fd 12 6b c3 32 36 78 a3 0e 6f a5 1f 37 5c  .=..k.26x..o..7\

D (3190) mbedtls: ssl_tls.c:8082 0x3ffc64a8: Perform PSA-based computation of digest of ServerKeyExchange

D (3190) mbedtls: ssl_tls12_client.c:2064 0x3ffc64a8: dumping 'parameters hash' (64 bytes)

D (3190) mbedtls: ssl_tls12_client.c:2064 0x3ffc64a8: 0000:  f7 0f 78 e2 9a 3e 0d bc 8c a4 3a 7a 37 ea 1a a1  ..x..>....:z7...

D (3190) mbedtls: ssl_tls12_client.c:2064 0x3ffc64a8: 0010:  1d 86 5c 72 f3 06 a7 69 14 11 eb 4d 88 7e c2 3b  ..\r...i...M.~.;

D (3190) mbedtls: ssl_tls12_client.c:2064 0x3ffc64a8: 0020:  91 8f 1b 00 9d 73 80 04 7f db 46 58 d1 23 9d 51  .....s....FX.#.Q

D (3190) mbedtls: ssl_tls12_client.c:2064 0x3ffc64a8: 0030:  f7 48 e3 a7 45 33 d3 29 24 b1 96 1e c7 d3 71 1c  .H..E3.)$.....q.

D (3200) mbedtls: ssl_misc.h:1295 0x3ffc64a8: handshake state: 4 (MBEDTLS_SSL_SERVER_KEY_EXCHANGE) -> 5 (MBEDTLS_SSL_CERTIFICATE_REQUEST)

I (3200) mbedtls: ssl_tls12_client.c:2118 0x3ffc64a8: <= parse server key exchange

I (3200) mbedtls: ssl_msg.c:2063 0x3ffc64a8: => flush output

I (3200) mbedtls: ssl_msg.c:2072 0x3ffc64a8: <= flush output

I (3200) mbedtls: ssl_tls.c:4201 0x3ffc64a8: client state: MBEDTLS_SSL_CERTIFICATE_REQUEST

I (3200) mbedtls: ssl_tls12_client.c:2157 0x3ffc64a8: => parse certificate request

I (3200) mbedtls: ssl_msg.c:4040 0x3ffc64a8: => read record

I (3200) mbedtls: ssl_msg.c:1865 0x3ffc64a8: => fetch input

I (3200) mbedtls: ssl_msg.c:2005 0x3ffc64a8: in_left: 0, nb_want: 5

I (3200) mbedtls: ssl_msg.c:2025 0x3ffc64a8: in_left: 0, nb_want: 5

I (3200) mbedtls: ssl_msg.c:2028 0x3ffc64a8: ssl->f_recv(_timeout)() returned 5 (-0xfffffffb)

I (3200) mbedtls: ssl_msg.c:2050 0x3ffc64a8: <= fetch input

D (3200) mbedtls: ssl_msg.c:3707 0x3ffc64a8: input record: msgtype = 22, version = [0x303], msglen = 4

I (3200) mbedtls: ssl_msg.c:1865 0x3ffc64a8: => fetch input

I (3200) mbedtls: ssl_msg.c:2005 0x3ffc64a8: in_left: 5, nb_want: 9

I (3200) mbedtls: ssl_msg.c:2025 0x3ffc64a8: in_left: 5, nb_want: 9

[mem-tick] t=    1662 ms phase=handshake    free=199476
I (3210) mbedtls: ssl_msg.c:2028 0x3ffc64a8: ssl->f_recv(_timeout)() returned 4 (-0xfffffffc)

I (3210) mbedtls: ssl_msg.c:2050 0x3ffc64a8: <= fetch input

D (3210) mbedtls: ssl_msg.c:2948 0x3ffc64a8: handshake message: msglen = 4, type = 14, hslen = 4

D (3210) mbedtls: ssl_msg.c:3085 0x3ffc64a8: sole handshake fragment: 4, 0..4 of 4

I (3210) mbedtls: ssl_msg.c:4112 0x3ffc64a8: <= read record

D (3210) mbedtls: ssl_misc.h:1295 0x3ffc64a8: handshake state: 5 (MBEDTLS_SSL_CERTIFICATE_REQUEST) -> 6 (MBEDTLS_SSL_SERVER_HELLO_DONE)

D (3210) mbedtls: ssl_tls12_client.c:2183 0x3ffc64a8: got no certificate request

I (3210) mbedtls: ssl_tls12_client.c:2319 0x3ffc64a8: <= parse certificate request

I (3210) mbedtls: ssl_msg.c:2063 0x3ffc64a8: => flush output

I (3210) mbedtls: ssl_msg.c:2072 0x3ffc64a8: <= flush output

I (3210) mbedtls: ssl_tls.c:4201 0x3ffc64a8: client state: MBEDTLS_SSL_SERVER_HELLO_DONE

I (3210) mbedtls: ssl_tls12_client.c:2330 0x3ffc64a8: => parse server hello done

I (3210) mbedtls: ssl_msg.c:4040 0x3ffc64a8: => read record

I (3210) mbedtls: ssl_msg.c:4108 0x3ffc64a8: reuse previously read message

I (3210) mbedtls: ssl_msg.c:4112 0x3ffc64a8: <= read record

D (3210) mbedtls: ssl_misc.h:1295 0x3ffc64a8: handshake state: 6 (MBEDTLS_SSL_SERVER_HELLO_DONE) -> 7 (MBEDTLS_SSL_CLIENT_CERTIFICATE)

I (3210) mbedtls: ssl_tls12_client.c:2358 0x3ffc64a8: <= parse server hello done

I (3210) mbedtls: ssl_msg.c:2063 0x3ffc64a8: => flush output

I (3210) mbedtls: ssl_msg.c:2072 0x3ffc64a8: <= flush output

I (3210) mbedtls: ssl_tls.c:4201 0x3ffc64a8: client state: MBEDTLS_SSL_CLIENT_CERTIFICATE

I (3210) mbedtls: ssl_tls.c:6675 0x3ffc64a8: => write certificate

I (3210) mbedtls: ssl_tls.c:6686 0x3ffc64a8: <= skip write certificate

D (3210) mbedtls: ssl_misc.h:1295 0x3ffc64a8: handshake state: 7 (MBEDTLS_SSL_CLIENT_CERTIFICATE) -> 8 (MBEDTLS_SSL_CLIENT_KEY_EXCHANGE)

I (3210) mbedtls: ssl_msg.c:2063 0x3ffc64a8: => flush output

I (3210) mbedtls: ssl_msg.c:2072 0x3ffc64a8: <= flush output

I (3210) mbedtls: ssl_tls.c:4201 0x3ffc64a8: client state: MBEDTLS_SSL_CLIENT_KEY_EXCHANGE

I (3210) mbedtls: ssl_tls12_client.c:2373 0x3ffc64a8: => write client key exchange

D (3210) mbedtls: ssl_tls12_client.c:2387 0x3ffc64a8: Perform PSA-based ECDH computation.

[mem-tick] t=    1764 ms phase=handshake    free=198256
D (3350) mbedtls: ssl_misc.h:1295 0x3ffc64a8: handshake state: 8 (MBEDTLS_SSL_CLIENT_KEY_EXCHANGE) -> 9 (MBEDTLS_SSL_CERTIFICATE_VERIFY)

I (3350) mbedtls: ssl_msg.c:2494 0x3ffc64a8: => write handshake message

I (3350) mbedtls: ssl_msg.c:2654 0x3ffc64a8: => write record

D (3350) mbedtls: ssl_msg.c:2737 0x3ffc64a8: output record: msgtype = 22, version = [3:3], msglen = 37

I (3350) mbedtls: ssl_msg.c:2063 0x3ffc64a8: => flush output

I (3350) mbedtls: ssl_msg.c:2077 0x3ffc64a8: message length: 42, out_left: 42

I (3350) mbedtls: ssl_msg.c:2084 0x3ffc64a8: ssl->f_send() returned 42 (-0xffffffd6)

I (3350) mbedtls: ssl_msg.c:2111 0x3ffc64a8: <= flush output

I (3350) mbedtls: ssl_msg.c:2790 0x3ffc64a8: <= write record

I (3350) mbedtls: ssl_msg.c:2615 0x3ffc64a8: <= write handshake message

I (3360) mbedtls: ssl_tls12_client.c:2653 0x3ffc64a8: <= write client key exchange

I (3360) mbedtls: ssl_msg.c:2063 0x3ffc64a8: => flush output

I (3360) mbedtls: ssl_msg.c:2072 0x3ffc64a8: <= flush output

I (3360) mbedtls: ssl_tls.c:4201 0x3ffc64a8: client state: MBEDTLS_SSL_CERTIFICATE_VERIFY

I (3360) mbedtls: ssl_tls12_client.c:2701 0x3ffc64a8: => write certificate verify

I (3360) mbedtls: ssl_tls.c:6466 0x3ffc64a8: => derive keys

I (3360) mbedtls: ssl_tls.c:6557 0x3ffc64a8: => PSA calc verify

D (3360) mbedtls: ssl_tls.c:6568 0x3ffc64a8: dumping 'PSA calculated verify result' (48 bytes)

D (3360) mbedtls: ssl_tls.c:6568 0x3ffc64a8: 0000:  8d 64 88 2e c3 3b aa a8 d3 3b 71 92 6d e4 4a 8e  .d...;...;q.m.J.

D (3360) mbedtls: ssl_tls.c:6568 0x3ffc64a8: 0010:  25 66 bb c5 04 a4 de 09 3e ce a7 21 52 13 1b 04  %f......>..!R...

D (3360) mbedtls: ssl_tls.c:6568 0x3ffc64a8: 0020:  e6 ba 35 3d 1f 22 10 7f ac 09 a8 60 0b 57 0e f9  ..5=.".....`.W..

I (3360) mbedtls: ssl_tls.c:6569 0x3ffc64a8: <= PSA calc verify

D (3360) mbedtls: ssl_tls.c:6308 0x3ffc64a8: dumping 'session hash for extended master secret' (48 bytes)

D (3360) mbedtls: ssl_tls.c:6308 0x3ffc64a8: 0000:  8d 64 88 2e c3 3b aa a8 d3 3b 71 92 6d e4 4a 8e  .d...;...;q.m.J.

D (3360) mbedtls: ssl_tls.c:6308 0x3ffc64a8: 0010:  25 66 bb c5 04 a4 de 09 3e ce a7 21 52 13 1b 04  %f......>..!R...

D (3360) mbedtls: ssl_tls.c:6308 0x3ffc64a8: 0020:  e6 ba 35 3d 1f 22 10 7f ac 09 a8 60 0b 57 0e f9  ..5=.".....`.W..

D (3360) mbedtls: ssl_tls.c:6449 0x3ffc64a8: dumping 'premaster secret' (32 bytes)

D (3360) mbedtls: ssl_tls.c:6449 0x3ffc64a8: 0000:  6f bc bb 1f 4e 84 db 2a eb 8c e6 83 9f 9b 61 58  o...N..*......aX

D (3360) mbedtls: ssl_tls.c:6449 0x3ffc64a8: 0010:  6f 95 86 69 7a eb 1d 21 32 89 6b 90 92 13 93 5a  o..iz..!2.k....Z

D (3360) mbedtls: ssl_tls.c:7762 0x3ffc64a8: ciphersuite = TLS-ECDHE-RSA-WITH-AES-256-GCM-SHA384

D (3360) mbedtls: ssl_tls.c:7764 0x3ffc64a8: dumping 'master secret' (48 bytes)

D (3360) mbedtls: ssl_tls.c:7764 0x3ffc64a8: 0000:  96 1a 31 81 82 f4 02 5a 16 bb a5 cf 84 ab 65 ed  ..1....Z......e.

D (3360) mbedtls: ssl_tls.c:7764 0x3ffc64a8: 0010:  a9 c9 83 4e 81 e2 15 8f 3a e0 9f 36 10 04 b7 aa  ...N....:..6....

D (3360) mbedtls: ssl_tls.c:7764 0x3ffc64a8: 0020:  a2 e3 d2 f5 41 23 8c 57 94 ed 55 5c 72 4a b9 a5  ....A#.W..U\rJ..

D (3360) mbedtls: ssl_tls.c:7855 0x3ffc64a8: keylen: 32, minlen: 24, ivlen: 12, maclen: 0

I (3360) mbedtls: ssl_tls.c:6517 0x3ffc64a8: <= derive keys

I (3360) mbedtls: ssl_tls12_client.c:2723 0x3ffc64a8: <= skip write certificate verify

D (3360) mbedtls: ssl_misc.h:1295 0x3ffc64a8: handshake state: 9 (MBEDTLS_SSL_CERTIFICATE_VERIFY) -> 10 (MBEDTLS_SSL_CLIENT_CHANGE_CIPHER_SPEC)

I (3370) mbedtls: ssl_msg.c:2063 0x3ffc64a8: => flush output

I (3370) mbedtls: ssl_msg.c:2072 0x3ffc64a8: <= flush output

I (3370) mbedtls: ssl_tls.c:4201 0x3ffc64a8: client state: MBEDTLS_SSL_CLIENT_CHANGE_CIPHER_SPEC

I (3370) mbedtls: ssl_msg.c:5087 0x3ffc64a8: => write change cipher spec

D (3370) mbedtls: ssl_misc.h:1295 0x3ffc64a8: handshake state: 10 (MBEDTLS_SSL_CLIENT_CHANGE_CIPHER_SPEC) -> 11 (MBEDTLS_SSL_CLIENT_FINISHED)

I (3370) mbedtls: ssl_msg.c:2494 0x3ffc64a8: => write handshake message

I (3370) mbedtls: ssl_msg.c:2654 0x3ffc64a8: => write record

D (3370) mbedtls: ssl_msg.c:2737 0x3ffc64a8: output record: msgtype = 20, version = [3:3], msglen = 1

I (3370) mbedtls: ssl_msg.c:2063 0x3ffc64a8: => flush output

I (3370) mbedtls: ssl_msg.c:2077 0x3ffc64a8: message length: 6, out_left: 6

I (3370) mbedtls: ssl_msg.c:2084 0x3ffc64a8: ssl->f_send() returned 6 (-0xfffffffa)

I (3370) mbedtls: ssl_msg.c:2111 0x3ffc64a8: <= flush output

I (3370) mbedtls: ssl_msg.c:2790 0x3ffc64a8: <= write record

I (3370) mbedtls: ssl_msg.c:2615 0x3ffc64a8: <= write handshake message

I (3370) mbedtls: ssl_msg.c:5100 0x3ffc64a8: <= write change cipher spec

I (3370) mbedtls: ssl_msg.c:2063 0x3ffc64a8: => flush output

I (3370) mbedtls: ssl_msg.c:2072 0x3ffc64a8: <= flush output

I (3370) mbedtls: ssl_tls.c:4201 0x3ffc64a8: client state: MBEDTLS_SSL_CLIENT_FINISHED

I (3370) mbedtls: ssl_tls.c:7384 0x3ffc64a8: => write finished

I (3370) mbedtls: ssl_tls.c:7235 0x3ffc64a8: => calc PSA finished tls

D (3370) mbedtls: ssl_tls.c:7246 0x3ffc64a8: dumping 'PSA calculated padbuf' (48 bytes)

D (3370) mbedtls: ssl_tls.c:7246 0x3ffc64a8: 0000:  8d 64 88 2e c3 3b aa a8 d3 3b 71 92 6d e4 4a 8e  .d...;...;q.m.J.

D (3370) mbedtls: ssl_tls.c:7246 0x3ffc64a8: 0010:  25 66 bb c5 04 a4 de 09 3e ce a7 21 52 13 1b 04  %f......>..!R...

D (3370) mbedtls: ssl_tls.c:7246 0x3ffc64a8: 0020:  e6 ba 35 3d 1f 22 10 7f ac 09 a8 60 0b 57 0e f9  ..5=.".....`.W..

D (3370) mbedtls: ssl_tls.c:7258 0x3ffc64a8: dumping 'calc finished result' (12 bytes)

D (3370) mbedtls: ssl_tls.c:7258 0x3ffc64a8: 0000:  2e 36 f5 69 3d 75 0e 0e 91 ea 70 83              .6.i=u....p.

I (3370) mbedtls: ssl_tls.c:7262 0x3ffc64a8: <= calc finished

D (3370) mbedtls: ssl_misc.h:1295 0x3ffc64a8: handshake state: 11 (MBEDTLS_SSL_CLIENT_FINISHED) -> 12 (MBEDTLS_SSL_SERVER_CHANGE_CIPHER_SPEC)

D (3370) mbedtls: ssl_tls.c:7434 0x3ffc64a8: switching to new transform spec for outbound data

I (3370) mbedtls: ssl_msg.c:2494 0x3ffc64a8: => write handshake message

I (3370) mbedtls: ssl_msg.c:2654 0x3ffc64a8: => write record

I (3370) mbedtls: ssl_msg.c:808 0x3ffc64a8: => encrypt buf

D (3370) mbedtls: ssl_msg.c:1036 0x3ffc64a8: before encrypt: msglen = 16, including 0 bytes of padding

I (3370) mbedtls: ssl_msg.c:1265 0x3ffc64a8: <= encrypt buf

D (3370) mbedtls: ssl_msg.c:2737 0x3ffc64a8: output record: msgtype = 22, version = [3:3], msglen = 40

I (3370) mbedtls: ssl_msg.c:2063 0x3ffc64a8: => flush output

I (3370) mbedtls: ssl_msg.c:2077 0x3ffc64a8: message length: 45, out_left: 45

I (3370) mbedtls: ssl_msg.c:2084 0x3ffc64a8: ssl->f_send() returned 45 (-0xffffffd3)

I (3370) mbedtls: ssl_msg.c:2111 0x3ffc64a8: <= flush output

I (3380) mbedtls: ssl_msg.c:2790 0x3ffc64a8: <= write record

I (3380) mbedtls: ssl_msg.c:2615 0x3ffc64a8: <= write handshake message

I (3380) mbedtls: ssl_tls.c:7487 0x3ffc64a8: <= write finished

I (3380) mbedtls: ssl_msg.c:2063 0x3ffc64a8: => flush output

I (3380) mbedtls: ssl_msg.c:2072 0x3ffc64a8: <= flush output

I (3380) mbedtls: ssl_tls.c:4201 0x3ffc64a8: client state: MBEDTLS_SSL_SERVER_CHANGE_CIPHER_SPEC

D (3380) mbedtls: ssl_misc.h:1295 0x3ffc64a8: handshake state: 12 (MBEDTLS_SSL_SERVER_CHANGE_CIPHER_SPEC) -> 16 (MBEDTLS_SSL_NEW_SESSION_TICKET)

I (3380) mbedtls: ssl_tls12_client.c:2829 0x3ffc64a8: => parse new session ticket

I (3380) mbedtls: ssl_msg.c:4040 0x3ffc64a8: => read record

I (3380) mbedtls: ssl_msg.c:1865 0x3ffc64a8: => fetch input

I (3380) mbedtls: ssl_msg.c:2005 0x3ffc64a8: in_left: 0, nb_want: 5

I (3380) mbedtls: ssl_msg.c:2025 0x3ffc64a8: in_left: 0, nb_want: 5

I (3380) mbedtls: ssl_msg.c:2028 0x3ffc64a8: ssl->f_recv(_timeout)() returned 5 (-0xfffffffb)

I (3380) mbedtls: ssl_msg.c:2050 0x3ffc64a8: <= fetch input

D (3380) mbedtls: ssl_msg.c:3707 0x3ffc64a8: input record: msgtype = 22, version = [0x303], msglen = 186

I (3380) mbedtls: ssl_msg.c:1865 0x3ffc64a8: => fetch input

I (3380) mbedtls: ssl_msg.c:2005 0x3ffc64a8: in_left: 5, nb_want: 191

I (3380) mbedtls: ssl_msg.c:2025 0x3ffc64a8: in_left: 5, nb_want: 191

I (3380) mbedtls: ssl_msg.c:2028 0x3ffc64a8: ssl->f_recv(_timeout)() returned 186 (-0xffffff46)

I (3380) mbedtls: ssl_msg.c:2050 0x3ffc64a8: <= fetch input

D (3380) mbedtls: ssl_msg.c:2948 0x3ffc64a8: handshake message: msglen = 186, type = 4, hslen = 186

D (3380) mbedtls: ssl_msg.c:3085 0x3ffc64a8: sole handshake fragment: 186, 0..186 of 186

I (3380) mbedtls: ssl_msg.c:4112 0x3ffc64a8: <= read record

D (3380) mbedtls: ssl_tls12_client.c:2876 0x3ffc64a8: ticket length: 176

D (3380) mbedtls: ssl_misc.h:1295 0x3ffc64a8: handshake state: 16 (MBEDTLS_SSL_NEW_SESSION_TICKET) -> 12 (MBEDTLS_SSL_SERVER_CHANGE_CIPHER_SPEC)

D (3380) mbedtls: ssl_tls12_client.c:2920 0x3ffc64a8: ticket in use, discarding session id

I (3380) mbedtls: ssl_tls12_client.c:2923 0x3ffc64a8: <= parse new session ticket

I (3380) mbedtls: ssl_msg.c:2063 0x3ffc64a8: => flush output

I (3380) mbedtls: ssl_msg.c:2072 0x3ffc64a8: <= flush output

I (3380) mbedtls: ssl_tls.c:4201 0x3ffc64a8: client state: MBEDTLS_SSL_SERVER_CHANGE_CIPHER_SPEC

I (3380) mbedtls: ssl_msg.c:5109 0x3ffc64a8: => parse change cipher spec

I (3380) mbedtls: ssl_msg.c:4040 0x3ffc64a8: => read record

I (3380) mbedtls: ssl_msg.c:1865 0x3ffc64a8: => fetch input

I (3380) mbedtls: ssl_msg.c:2005 0x3ffc64a8: in_left: 0, nb_want: 5

I (3380) mbedtls: ssl_msg.c:2025 0x3ffc64a8: in_left: 0, nb_want: 5

I (3380) mbedtls: ssl_msg.c:2028 0x3ffc64a8: ssl->f_recv(_timeout)() returned 5 (-0xfffffffb)

I (3380) mbedtls: ssl_msg.c:2050 0x3ffc64a8: <= fetch input

D (3380) mbedtls: ssl_msg.c:3707 0x3ffc64a8: input record: msgtype = 20, version = [0x303], msglen = 1

I (3380) mbedtls: ssl_msg.c:1865 0x3ffc64a8: => fetch input

I (3380) mbedtls: ssl_msg.c:2005 0x3ffc64a8: in_left: 5, nb_want: 6

I (3380) mbedtls: ssl_msg.c:2025 0x3ffc64a8: in_left: 5, nb_want: 6

I (3380) mbedtls: ssl_msg.c:2028 0x3ffc64a8: ssl->f_recv(_timeout)() returned 1 (-0xffffffff)

I (3380) mbedtls: ssl_msg.c:2050 0x3ffc64a8: <= fetch input

I (3380) mbedtls: ssl_msg.c:4112 0x3ffc64a8: <= read record

D (3380) mbedtls: ssl_msg.c:5130 0x3ffc64a8: switching to new transform spec for inbound data

D (3380) mbedtls: ssl_misc.h:1295 0x3ffc64a8: handshake state: 12 (MBEDTLS_SSL_SERVER_CHANGE_CIPHER_SPEC) -> 13 (MBEDTLS_SSL_SERVER_FINISHED)

I (3380) mbedtls: ssl_msg.c:5157 0x3ffc64a8: <= parse change cipher spec

I (3380) mbedtls: ssl_msg.c:2063 0x3ffc64a8: => flush output

I (3380) mbedtls: ssl_msg.c:2072 0x3ffc64a8: <= flush output

I (3380) mbedtls: ssl_tls.c:4201 0x3ffc64a8: client state: MBEDTLS_SSL_SERVER_FINISHED

I (3380) mbedtls: ssl_tls.c:7500 0x3ffc64a8: => parse finished

I (3380) mbedtls: ssl_tls.c:7235 0x3ffc64a8: => calc PSA finished tls

D (3380) mbedtls: ssl_tls.c:7246 0x3ffc64a8: dumping 'PSA calculated padbuf' (48 bytes)

D (3380) mbedtls: ssl_tls.c:7246 0x3ffc64a8: 0000:  5e 54 47 21 1a eb bd 7f 1a 6d 98 45 e2 c2 8f ac  ^TG!.....m.E....

D (3380) mbedtls: ssl_tls.c:7246 0x3ffc64a8: 0010:  70 99 6f 17 0d 2c f8 d8 f3 6e d6 d9 b7 94 b6 25  p.o..,...n.....%

D (3380) mbedtls: ssl_tls.c:7246 0x3ffc64a8: 0020:  89 5f a3 61 59 ed 6d a2 cc b3 0e 1d 8a c6 18 33  ._.aY.m........3

D (3380) mbedtls: ssl_tls.c:7258 0x3ffc64a8: dumping 'calc finished result' (12 bytes)

D (3380) mbedtls: ssl_tls.c:7258 0x3ffc64a8: 0000:  83 c3 47 03 42 4b e0 0c 68 71 64 b1              ..G.BK..hqd.

I (3380) mbedtls: ssl_tls.c:7262 0x3ffc64a8: <= calc finished

I (3380) mbedtls: ssl_msg.c:4040 0x3ffc64a8: => read record

I (3380) mbedtls: ssl_msg.c:1865 0x3ffc64a8: => fetch input

I (3380) mbedtls: ssl_msg.c:2005 0x3ffc64a8: in_left: 0, nb_want: 5

I (3380) mbedtls: ssl_msg.c:2025 0x3ffc64a8: in_left: 0, nb_want: 5

I (3390) mbedtls: ssl_msg.c:2028 0x3ffc64a8: ssl->f_recv(_timeout)() returned 5 (-0xfffffffb)

I (3390) mbedtls: ssl_msg.c:2050 0x3ffc64a8: <= fetch input

D (3390) mbedtls: ssl_msg.c:3707 0x3ffc64a8: input record: msgtype = 22, version = [0x303], msglen = 40

I (3390) mbedtls: ssl_msg.c:1865 0x3ffc64a8: => fetch input

I (3390) mbedtls: ssl_msg.c:2005 0x3ffc64a8: in_left: 5, nb_want: 45

I (3390) mbedtls: ssl_msg.c:2025 0x3ffc64a8: in_left: 5, nb_want: 45

I (3390) mbedtls: ssl_msg.c:2028 0x3ffc64a8: ssl->f_recv(_timeout)() returned 40 (-0xffffffd8)

I (3390) mbedtls: ssl_msg.c:2050 0x3ffc64a8: <= fetch input

I (3390) mbedtls: ssl_msg.c:1301 0x3ffc64a8: => decrypt buf

I (3390) mbedtls: ssl_msg.c:1831 0x3ffc64a8: <= decrypt buf

D (3390) mbedtls: ssl_msg.c:2948 0x3ffc64a8: handshake message: msglen = 16, type = 20, hslen = 16

D (3390) mbedtls: ssl_msg.c:3085 0x3ffc64a8: sole handshake fragment: 16, 0..16 of 16

I (3390) mbedtls: ssl_msg.c:4112 0x3ffc64a8: <= read record

D (3390) mbedtls: ssl_misc.h:1295 0x3ffc64a8: handshake state: 13 (MBEDTLS_SSL_SERVER_FINISHED) -> 14 (MBEDTLS_SSL_FLUSH_BUFFERS)

I (3390) mbedtls: ssl_tls.c:7571 0x3ffc64a8: <= parse finished

I (3390) mbedtls: ssl_msg.c:2063 0x3ffc64a8: => flush output

I (3390) mbedtls: ssl_msg.c:2072 0x3ffc64a8: <= flush output

I (3390) mbedtls: ssl_tls.c:4201 0x3ffc64a8: client state: MBEDTLS_SSL_FLUSH_BUFFERS

I (3390) mbedtls: ssl_tls12_client.c:3031 0x3ffc64a8: handshake: done

D (3390) mbedtls: ssl_misc.h:1295 0x3ffc64a8: handshake state: 14 (MBEDTLS_SSL_FLUSH_BUFFERS) -> 15 (MBEDTLS_SSL_HANDSHAKE_WRAPUP)

I (3390) mbedtls: ssl_msg.c:2063 0x3ffc64a8: => flush output

I (3390) mbedtls: ssl_msg.c:2072 0x3ffc64a8: <= flush output

I (3390) mbedtls: ssl_tls.c:4201 0x3ffc64a8: client state: MBEDTLS_SSL_HANDSHAKE_WRAPUP

D (3390) mbedtls: ssl_tls.c:7322 0x3ffc64a8: => handshake wrapup

D (3390) mbedtls: ssl_tls.c:7296 0x3ffc64a8: => handshake wrapup: final free

D (3390) mbedtls: ssl_tls.c:7315 0x3ffc64a8: <= handshake wrapup: final free

D (3390) mbedtls: ssl_misc.h:1295 0x3ffc64a8: handshake state: 15 (MBEDTLS_SSL_HANDSHAKE_WRAPUP) -> 27 (MBEDTLS_SSL_HANDSHAKE_OVER)

D (3390) mbedtls: ssl_tls.c:7376 0x3ffc64a8: <= handshake wrapup

I (3390) mbedtls: ssl_tls.c:4293 0x3ffc64a8: <= handshake

[phase-a] tcp_connect=9967 us | tls_handshake=273864 us | total=283831 us
[neg] version=TLSv1.2 suite=TLS-ECDHE-RSA-WITH-AES-256-GCM-SHA384 peer_cert=0 bytes
[mem] post-handshake         free=201788 largest=110592 min-ever=192068
[ledger] HANDSHAKE_PEAK_DELTA(RSA) = 32316 bytes (min-ever 224384 -> 192068)
I (3390) mbedtls: ssl_msg.c:5925 0x3ffc64a8: => write

I (3390) mbedtls: ssl_msg.c:2654 0x3ffc64a8: => write record

I (3390) mbedtls: ssl_msg.c:808 0x3ffc64a8: => encrypt buf

D (3390) mbedtls: ssl_msg.c:1036 0x3ffc64a8: before encrypt: msglen = 14, including 0 bytes of padding

I (3390) mbedtls: ssl_msg.c:1265 0x3ffc64a8: <= encrypt buf

D (3390) mbedtls: ssl_msg.c:2737 0x3ffc64a8: output record: msgtype = 23, version = [3:3], msglen = 38

I (3390) mbedtls: ssl_msg.c:2063 0x3ffc64a8: => flush output

I (3390) mbedtls: ssl_msg.c:2077 0x3ffc64a8: message length: 43, out_left: 43

I (3390) mbedtls: ssl_msg.c:2084 0x3ffc64a8: ssl->f_send() returned 43 (-0xffffffd5)

I (3390) mbedtls: ssl_msg.c:2111 0x3ffc64a8: <= flush output

I (3390) mbedtls: ssl_msg.c:2790 0x3ffc64a8: <= write record

I (3390) mbedtls: ssl_msg.c:5947 0x3ffc64a8: <= write

I (3390) mbedtls: ssl_msg.c:5663 0x3ffc64a8: => read

I (3390) mbedtls: ssl_msg.c:4040 0x3ffc64a8: => read record

I (3390) mbedtls: ssl_msg.c:1865 0x3ffc64a8: => fetch input

I (3390) mbedtls: ssl_msg.c:2005 0x3ffc64a8: in_left: 0, nb_want: 5

I (3390) mbedtls: ssl_msg.c:2025 0x3ffc64a8: in_left: 0, nb_want: 5

I (3390) mbedtls: ssl_msg.c:2028 0x3ffc64a8: ssl->f_recv(_timeout)() returned 5 (-0xfffffffb)

I (3390) mbedtls: ssl_msg.c:2050 0x3ffc64a8: <= fetch input

D (3390) mbedtls: ssl_msg.c:3707 0x3ffc64a8: input record: msgtype = 23, version = [0x303], msglen = 38

I (3390) mbedtls: ssl_msg.c:1865 0x3ffc64a8: => fetch input

I (3390) mbedtls: ssl_msg.c:2005 0x3ffc64a8: in_left: 5, nb_want: 43

I (3390) mbedtls: ssl_msg.c:2025 0x3ffc64a8: in_left: 5, nb_want: 43

I (3390) mbedtls: ssl_msg.c:2028 0x3ffc64a8: ssl->f_recv(_timeout)() returned 38 (-0xffffffda)

I (3390) mbedtls: ssl_msg.c:2050 0x3ffc64a8: <= fetch input

I (3390) mbedtls: ssl_msg.c:1301 0x3ffc64a8: => decrypt buf

I (3400) mbedtls: ssl_msg.c:1831 0x3ffc64a8: <= decrypt buf

I (3400) mbedtls: ssl_msg.c:4112 0x3ffc64a8: <= read record

I (3400) mbedtls: ssl_msg.c:5823 0x3ffc64a8: <= read

[phase-a] app-echo #0 rtt=5122 us payload=14 B
I (3400) mbedtls: ssl_msg.c:5925 0x3ffc64a8: => write

I (3400) mbedtls: ssl_msg.c:2654 0x3ffc64a8: => write record

I (3400) mbedtls: ssl_msg.c:808 0x3ffc64a8: => encrypt buf

D (3400) mbedtls: ssl_msg.c:1036 0x3ffc64a8: before encrypt: msglen = 14, including 0 bytes of padding

I (3400) mbedtls: ssl_msg.c:1265 0x3ffc64a8: <= encrypt buf

D (3400) mbedtls: ssl_msg.c:2737 0x3ffc64a8: output record: msgtype = 23, version = [3:3], msglen = 38

I (3400) mbedtls: ssl_msg.c:2063 0x3ffc64a8: => flush output

I (3400) mbedtls: ssl_msg.c:2077 0x3ffc64a8: message length: 43, out_left: 43

I (3400) mbedtls: ssl_msg.c:2084 0x3ffc64a8: ssl->f_send() returned 43 (-0xffffffd5)

I (3400) mbedtls: ssl_msg.c:2111 0x3ffc64a8: <= flush output

I (3400) mbedtls: ssl_msg.c:2790 0x3ffc64a8: <= write record

I (3400) mbedtls: ssl_msg.c:5947 0x3ffc64a8: <= write

I (3400) mbedtls: ssl_msg.c:5663 0x3ffc64a8: => read

I (3400) mbedtls: ssl_msg.c:4040 0x3ffc64a8: => read record

I (3400) mbedtls: ssl_msg.c:1865 0x3ffc64a8: => fetch input

I (3400) mbedtls: ssl_msg.c:2005 0x3ffc64a8: in_left: 0, nb_want: 5

I (3400) mbedtls: ssl_msg.c:2025 0x3ffc64a8: in_left: 0, nb_want: 5

I (3400) mbedtls: ssl_msg.c:2028 0x3ffc64a8: ssl->f_recv(_timeout)() returned 5 (-0xfffffffb)

I (3400) mbedtls: ssl_msg.c:2050 0x3ffc64a8: <= fetch input

D (3400) mbedtls: ssl_msg.c:3707 0x3ffc64a8: input record: msgtype = 23, version = [0x303], msglen = 38

I (3400) mbedtls: ssl_msg.c:1865 0x3ffc64a8: => fetch input

I (3400) mbedtls: ssl_msg.c:2005 0x3ffc64a8: in_left: 5, nb_want: 43

I (3400) mbedtls: ssl_msg.c:2025 0x3ffc64a8: in_left: 5, nb_want: 43

I (3400) mbedtls: ssl_msg.c:2028 0x3ffc64a8: ssl->f_recv(_timeout)() returned 38 (-0xffffffda)

I (3400) mbedtls: ssl_msg.c:2050 0x3ffc64a8: <= fetch input

I (3400) mbedtls: ssl_msg.c:1301 0x3ffc64a8: => decrypt buf

I (3400) mbedtls: ssl_msg.c:1831 0x3ffc64a8: <= decrypt buf

I (3400) mbedtls: ssl_msg.c:4112 0x3ffc64a8: <= read record

I (3400) mbedtls: ssl_msg.c:5823 0x3ffc64a8: <= read

[phase-a] app-echo #1 rtt=4258 us payload=14 B
I (3400) mbedtls: ssl_msg.c:5925 0x3ffc64a8: => write

I (3400) mbedtls: ssl_msg.c:2654 0x3ffc64a8: => write record

I (3400) mbedtls: ssl_msg.c:808 0x3ffc64a8: => encrypt buf

D (3400) mbedtls: ssl_msg.c:1036 0x3ffc64a8: before encrypt: msglen = 14, including 0 bytes of padding

I (3400) mbedtls: ssl_msg.c:1265 0x3ffc64a8: <= encrypt buf

D (3400) mbedtls: ssl_msg.c:2737 0x3ffc64a8: output record: msgtype = 23, version = [3:3], msglen = 38

I (3400) mbedtls: ssl_msg.c:2063 0x3ffc64a8: => flush output

I (3400) mbedtls: ssl_msg.c:2077 0x3ffc64a8: message length: 43, out_left: 43

I (3400) mbedtls: ssl_msg.c:2084 0x3ffc64a8: ssl->f_send() returned 43 (-0xffffffd5)

I (3400) mbedtls: ssl_msg.c:2111 0x3ffc64a8: <= flush output

I (3400) mbedtls: ssl_msg.c:2790 0x3ffc64a8: <= write record

I (3400) mbedtls: ssl_msg.c:5947 0x3ffc64a8: <= write

I (3400) mbedtls: ssl_msg.c:5663 0x3ffc64a8: => read

I (3400) mbedtls: ssl_msg.c:4040 0x3ffc64a8: => read record

I (3400) mbedtls: ssl_msg.c:1865 0x3ffc64a8: => fetch input

I (3400) mbedtls: ssl_msg.c:2005 0x3ffc64a8: in_left: 0, nb_want: 5

I (3400) mbedtls: ssl_msg.c:2025 0x3ffc64a8: in_left: 0, nb_want: 5

I (3400) mbedtls: ssl_msg.c:2028 0x3ffc64a8: ssl->f_recv(_timeout)() returned 5 (-0xfffffffb)

I (3400) mbedtls: ssl_msg.c:2050 0x3ffc64a8: <= fetch input

D (3400) mbedtls: ssl_msg.c:3707 0x3ffc64a8: input record: msgtype = 23, version = [0x303], msglen = 38

I (3400) mbedtls: ssl_msg.c:1865 0x3ffc64a8: => fetch input

I (3400) mbedtls: ssl_msg.c:2005 0x3ffc64a8: in_left: 5, nb_want: 43

I (3400) mbedtls: ssl_msg.c:2025 0x3ffc64a8: in_left: 5, nb_want: 43

I (3400) mbedtls: ssl_msg.c:2028 0x3ffc64a8: ssl->f_recv(_timeout)() returned 38 (-0xffffffda)

I (3400) mbedtls: ssl_msg.c:2050 0x3ffc64a8: <= fetch input

I (3400) mbedtls: ssl_msg.c:1301 0x3ffc64a8: => decrypt buf

I (3400) mbedtls: ssl_msg.c:1831 0x3ffc64a8: <= decrypt buf

I (3400) mbedtls: ssl_msg.c:4112 0x3ffc64a8: <= read record

I (3400) mbedtls: ssl_msg.c:5823 0x3ffc64a8: <= read

[phase-a] app-echo #2 rtt=4176 us payload=14 B
I (3400) mbedtls: ssl_msg.c:5925 0x3ffc64a8: => write

I (3400) mbedtls: ssl_msg.c:2654 0x3ffc64a8: => write record

I (3400) mbedtls: ssl_msg.c:808 0x3ffc64a8: => encrypt buf

D (3410) mbedtls: ssl_msg.c:1036 0x3ffc64a8: before encrypt: msglen = 14, including 0 bytes of padding

[mem-tick] t=    1861 ms phase=session      free=201788
I (3410) mbedtls: ssl_msg.c:1265 0x3ffc64a8: <= encrypt buf

D (3410) mbedtls: ssl_msg.c:2737 0x3ffc64a8: output record: msgtype = 23, version = [3:3], msglen = 38

I (3410) mbedtls: ssl_msg.c:2063 0x3ffc64a8: => flush output

I (3410) mbedtls: ssl_msg.c:2077 0x3ffc64a8: message length: 43, out_left: 43

I (3410) mbedtls: ssl_msg.c:2084 0x3ffc64a8: ssl->f_send() returned 43 (-0xffffffd5)

I (3410) mbedtls: ssl_msg.c:2111 0x3ffc64a8: <= flush output

I (3410) mbedtls: ssl_msg.c:2790 0x3ffc64a8: <= write record

I (3410) mbedtls: ssl_msg.c:5947 0x3ffc64a8: <= write

I (3410) mbedtls: ssl_msg.c:5663 0x3ffc64a8: => read

I (3410) mbedtls: ssl_msg.c:4040 0x3ffc64a8: => read record

I (3410) mbedtls: ssl_msg.c:1865 0x3ffc64a8: => fetch input

I (3410) mbedtls: ssl_msg.c:2005 0x3ffc64a8: in_left: 0, nb_want: 5

I (3410) mbedtls: ssl_msg.c:2025 0x3ffc64a8: in_left: 0, nb_want: 5

I (3410) mbedtls: ssl_msg.c:2028 0x3ffc64a8: ssl->f_recv(_timeout)() returned 5 (-0xfffffffb)

I (3410) mbedtls: ssl_msg.c:2050 0x3ffc64a8: <= fetch input

D (3410) mbedtls: ssl_msg.c:3707 0x3ffc64a8: input record: msgtype = 23, version = [0x303], msglen = 38

I (3410) mbedtls: ssl_msg.c:1865 0x3ffc64a8: => fetch input

I (3410) mbedtls: ssl_msg.c:2005 0x3ffc64a8: in_left: 5, nb_want: 43

I (3410) mbedtls: ssl_msg.c:2025 0x3ffc64a8: in_left: 5, nb_want: 43

I (3410) mbedtls: ssl_msg.c:2028 0x3ffc64a8: ssl->f_recv(_timeout)() returned 38 (-0xffffffda)

I (3410) mbedtls: ssl_msg.c:2050 0x3ffc64a8: <= fetch input

I (3410) mbedtls: ssl_msg.c:1301 0x3ffc64a8: => decrypt buf

I (3410) mbedtls: ssl_msg.c:1831 0x3ffc64a8: <= decrypt buf

I (3410) mbedtls: ssl_msg.c:4112 0x3ffc64a8: <= read record

I (3410) mbedtls: ssl_msg.c:5823 0x3ffc64a8: <= read

[phase-a] app-echo #3 rtt=4493 us payload=14 B
I (3410) mbedtls: ssl_msg.c:5925 0x3ffc64a8: => write

I (3410) mbedtls: ssl_msg.c:2654 0x3ffc64a8: => write record

I (3410) mbedtls: ssl_msg.c:808 0x3ffc64a8: => encrypt buf

D (3410) mbedtls: ssl_msg.c:1036 0x3ffc64a8: before encrypt: msglen = 14, including 0 bytes of padding

I (3410) mbedtls: ssl_msg.c:1265 0x3ffc64a8: <= encrypt buf

D (3410) mbedtls: ssl_msg.c:2737 0x3ffc64a8: output record: msgtype = 23, version = [3:3], msglen = 38

I (3410) mbedtls: ssl_msg.c:2063 0x3ffc64a8: => flush output

I (3410) mbedtls: ssl_msg.c:2077 0x3ffc64a8: message length: 43, out_left: 43

I (3410) mbedtls: ssl_msg.c:2084 0x3ffc64a8: ssl->f_send() returned 43 (-0xffffffd5)

I (3410) mbedtls: ssl_msg.c:2111 0x3ffc64a8: <= flush output

I (3410) mbedtls: ssl_msg.c:2790 0x3ffc64a8: <= write record

I (3410) mbedtls: ssl_msg.c:5947 0x3ffc64a8: <= write

I (3410) mbedtls: ssl_msg.c:5663 0x3ffc64a8: => read

I (3410) mbedtls: ssl_msg.c:4040 0x3ffc64a8: => read record

I (3410) mbedtls: ssl_msg.c:1865 0x3ffc64a8: => fetch input

I (3410) mbedtls: ssl_msg.c:2005 0x3ffc64a8: in_left: 0, nb_want: 5

I (3410) mbedtls: ssl_msg.c:2025 0x3ffc64a8: in_left: 0, nb_want: 5

I (3410) mbedtls: ssl_msg.c:2028 0x3ffc64a8: ssl->f_recv(_timeout)() returned 5 (-0xfffffffb)

I (3410) mbedtls: ssl_msg.c:2050 0x3ffc64a8: <= fetch input

D (3410) mbedtls: ssl_msg.c:3707 0x3ffc64a8: input record: msgtype = 23, version = [0x303], msglen = 38

I (3410) mbedtls: ssl_msg.c:1865 0x3ffc64a8: => fetch input

I (3410) mbedtls: ssl_msg.c:2005 0x3ffc64a8: in_left: 5, nb_want: 43

I (3410) mbedtls: ssl_msg.c:2025 0x3ffc64a8: in_left: 5, nb_want: 43

I (3410) mbedtls: ssl_msg.c:2028 0x3ffc64a8: ssl->f_recv(_timeout)() returned 38 (-0xffffffda)

I (3410) mbedtls: ssl_msg.c:2050 0x3ffc64a8: <= fetch input

I (3410) mbedtls: ssl_msg.c:1301 0x3ffc64a8: => decrypt buf

I (3410) mbedtls: ssl_msg.c:1831 0x3ffc64a8: <= decrypt buf

I (3410) mbedtls: ssl_msg.c:4112 0x3ffc64a8: <= read record

I (3410) mbedtls: ssl_msg.c:5823 0x3ffc64a8: <= read

[phase-a] app-echo #4 rtt=4160 us payload=14 B
[mem] post-session           free=201788 largest=110592 min-ever=192068
[mem-tick] t=    1961 ms phase=closing      free=227700
[mem-tick] t=    2061 ms phase=closing      free=227720
[mem-tick] t=    2161 ms phase=closing      free=227720
[mem-tick] t=    2261 ms phase=closing      free=227720
[mem-tick] t=    2361 ms phase=closing      free=227720
[ledger] CLOSED(RSA): free now=227720, before-this-phase=228880, retained=1160
[mem-tick] t=    2461 ms phase=RSA-settled  free=227720
[mem-tick] t=    2561 ms phase=RSA-settled  free=227720
[mem-tick] t=    2661 ms phase=RSA-settled  free=227720
[mem-tick] t=    2761 ms phase=RSA-settled  free=227720
[mem] settled                free=227720 largest=110592 min-ever=192068

===== PHASE A/B [EC] port=22444 =====
[mem-tick] t=    2861 ms phase=EC-baseline  free=227720
[mem-tick] t=    2961 ms phase=EC-baseline  free=227720
[mem-tick] t=    3061 ms phase=EC-baseline  free=227720
[mem] baseline               free=227720 largest=110592 min-ever=192068
W (4620) esp-tls-mbedtls: skip_common_name=true: hostname matching and SNI disabled. This disables ALL server-name authentication (CN/SAN/SNI), not just CN. Only intended for loopback / debug clients.
D (4620) esp-tls: handshake in progress...
I (4620) mbedtls: ssl_tls.c:4282 0x3ffb656c: => handshake

I (4620) mbedtls: ssl_msg.c:2063 0x3ffb656c: => flush output

I (4620) mbedtls: ssl_msg.c:2072 0x3ffb656c: <= flush output

I (4620) mbedtls: ssl_tls.c:4201 0x3ffb656c: client state: MBEDTLS_SSL_HELLO_REQUEST

D (4620) mbedtls: ssl_misc.h:1295 0x3ffb656c: handshake state: 0 (MBEDTLS_SSL_HELLO_REQUEST) -> 1 (MBEDTLS_SSL_CLIENT_HELLO)

I (4620) mbedtls: ssl_msg.c:2063 0x3ffb656c: => flush output

I (4620) mbedtls: ssl_msg.c:2072 0x3ffb656c: <= flush output

I (4620) mbedtls: ssl_tls.c:4201 0x3ffb656c: client state: MBEDTLS_SSL_CLIENT_HELLO

I (4620) mbedtls: ssl_client.c:917 0x3ffb656c: => write client hello

D (4620) mbedtls: ssl_client.c:722 0x3ffb656c: client hello, current time: 3

D (4620) mbedtls: ssl_client.c:485 0x3ffb656c: dumping 'client hello, random bytes' (32 bytes)

D (4620) mbedtls: ssl_client.c:485 0x3ffb656c: 0000:  00 00 00 03 14 b4 f7 6e 37 89 b1 fd 38 af 86 a2  .......n7...8...

D (4620) mbedtls: ssl_client.c:485 0x3ffb656c: 0010:  ba 9a 58 da 2a 73 37 01 83 0e 28 c0 10 d5 3b e4  ..X.*s7...(...;.

D (4620) mbedtls: ssl_client.c:510 0x3ffb656c: dumping 'session id' (0 bytes)

D (4620) mbedtls: ssl_client.c:368 0x3ffb656c: client hello, add ciphersuite: c02c, TLS-ECDHE-ECDSA-WITH-AES-256-GCM-SHA384

D (4620) mbedtls: ssl_client.c:368 0x3ffb656c: client hello, add ciphersuite: c030, TLS-ECDHE-RSA-WITH-AES-256-GCM-SHA384

D (4620) mbedtls: ssl_client.c:368 0x3ffb656c: client hello, add ciphersuite: c0ad, TLS-ECDHE-ECDSA-WITH-AES-256-CCM

D (4630) mbedtls: ssl_client.c:368 0x3ffb656c: client hello, add ciphersuite: c024, TLS-ECDHE-ECDSA-WITH-AES-256-CBC-SHA384

D (4630) mbedtls: ssl_client.c:368 0x3ffb656c: client hello, add ciphersuite: c028, TLS-ECDHE-RSA-WITH-AES-256-CBC-SHA384

D (4630) mbedtls: ssl_client.c:368 0x3ffb656c: client hello, add ciphersuite: c00a, TLS-ECDHE-ECDSA-WITH-AES-256-CBC-SHA

D (4630) mbedtls: ssl_client.c:368 0x3ffb656c: client hello, add ciphersuite: c014, TLS-ECDHE-RSA-WITH-AES-256-CBC-SHA

D (4630) mbedtls: ssl_client.c:368 0x3ffb656c: client hello, add ciphersuite: c0af, TLS-ECDHE-ECDSA-WITH-AES-256-CCM-8

D (4630) mbedtls: ssl_client.c:368 0x3ffb656c: client hello, add ciphersuite: c02b, TLS-ECDHE-ECDSA-WITH-AES-128-GCM-SHA256

D (4630) mbedtls: ssl_client.c:368 0x3ffb656c: client hello, add ciphersuite: c02f, TLS-ECDHE-RSA-WITH-AES-128-GCM-SHA256

D (4630) mbedtls: ssl_client.c:368 0x3ffb656c: client hello, add ciphersuite: c0ac, TLS-ECDHE-ECDSA-WITH-AES-128-CCM

D (4630) mbedtls: ssl_client.c:368 0x3ffb656c: client hello, add ciphersuite: c023, TLS-ECDHE-ECDSA-WITH-AES-128-CBC-SHA256

D (4630) mbedtls: ssl_client.c:368 0x3ffb656c: client hello, add ciphersuite: c027, TLS-ECDHE-RSA-WITH-AES-128-CBC-SHA256

D (4630) mbedtls: ssl_client.c:368 0x3ffb656c: client hello, add ciphersuite: c009, TLS-ECDHE-ECDSA-WITH-AES-128-CBC-SHA

D (4630) mbedtls: ssl_client.c:368 0x3ffb656c: client hello, add ciphersuite: c013, TLS-ECDHE-RSA-WITH-AES-128-CBC-SHA

D (4630) mbedtls: ssl_client.c:368 0x3ffb656c: client hello, add ciphersuite: c0ae, TLS-ECDHE-ECDSA-WITH-AES-128-CCM-8

D (4630) mbedtls: ssl_client.c:386 0x3ffb656c: adding EMPTY_RENEGOTIATION_INFO_SCSV

D (4630) mbedtls: ssl_client.c:395 0x3ffb656c: client hello, got 17 cipher suites

D (4630) mbedtls: ssl_client.c:229 0x3ffb656c: client hello, adding supported_groups extension

D (4630) mbedtls: ssl_client.c:248 0x3ffb656c: got supported group(001d)

D (4630) mbedtls: ssl_client.c:280 0x3ffb656c: NamedGroup: x25519 ( 1d )

D (4630) mbedtls: ssl_client.c:248 0x3ffb656c: got supported group(0017)

D (4630) mbedtls: ssl_client.c:280 0x3ffb656c: NamedGroup: secp256r1 ( 17 )

D (4630) mbedtls: ssl_client.c:248 0x3ffb656c: got supported group(0018)

D (4630) mbedtls: ssl_client.c:280 0x3ffb656c: NamedGroup: secp384r1 ( 18 )

D (4630) mbedtls: ssl_client.c:248 0x3ffb656c: got supported group(001e)

D (4630) mbedtls: ssl_client.c:280 0x3ffb656c: NamedGroup: x448 ( 1e )

D (4630) mbedtls: ssl_client.c:248 0x3ffb656c: got supported group(0019)

D (4630) mbedtls: ssl_client.c:280 0x3ffb656c: NamedGroup: secp521r1 ( 19 )

D (4630) mbedtls: ssl_client.c:248 0x3ffb656c: got supported group(001a)

D (4630) mbedtls: ssl_client.c:280 0x3ffb656c: NamedGroup: bp256r1 ( 1a )

D (4630) mbedtls: ssl_client.c:248 0x3ffb656c: got supported group(001b)

D (4630) mbedtls: ssl_client.c:280 0x3ffb656c: NamedGroup: bp384r1 ( 1b )

D (4630) mbedtls: ssl_client.c:248 0x3ffb656c: got supported group(001c)

D (4630) mbedtls: ssl_client.c:280 0x3ffb656c: NamedGroup: bp512r1 ( 1c )

D (4630) mbedtls: ssl_client.c:248 0x3ffb656c: got supported group(0100)

D (4630) mbedtls: ssl_client.c:248 0x3ffb656c: got supported group(0101)

D (4630) mbedtls: ssl_client.c:248 0x3ffb656c: got supported group(0102)

D (4630) mbedtls: ssl_client.c:248 0x3ffb656c: got supported group(0103)

D (4630) mbedtls: ssl_client.c:248 0x3ffb656c: got supported group(0104)

D (4630) mbedtls: ssl_client.c:300 0x3ffb656c: dumping 'Supported groups extension' (18 bytes)

D (4630) mbedtls: ssl_client.c:300 0x3ffb656c: 0000:  00 10 00 1d 00 17 00 18 00 1e 00 19 00 1a 00 1b  ................

D (4630) mbedtls: ssl_client.c:300 0x3ffb656c: 0010:  00 1c                                            ..

D (4630) mbedtls: ssl_tls.c:8276 0x3ffb656c: adding signature_algorithms extension

D (4630) mbedtls: ssl_tls.c:8296 0x3ffb656c: got signature scheme [603] ecdsa_secp521r1_sha512

D (4630) mbedtls: ssl_tls.c:8305 0x3ffb656c: sent signature scheme [603] ecdsa_secp521r1_sha512

D (4630) mbedtls: ssl_tls.c:8296 0x3ffb656c: got signature scheme [806] rsa_pss_rsae_sha512

D (4640) mbedtls: ssl_tls.c:8296 0x3ffb656c: got signature scheme [601] rsa_pkcs1_sha512

D (4640) mbedtls: ssl_tls.c:8305 0x3ffb656c: sent signature scheme [601] rsa_pkcs1_sha512

D (4640) mbedtls: ssl_tls.c:8296 0x3ffb656c: got signature scheme [503] ecdsa_secp384r1_sha384

D (4640) mbedtls: ssl_tls.c:8305 0x3ffb656c: sent signature scheme [503] ecdsa_secp384r1_sha384

D (4640) mbedtls: ssl_tls.c:8296 0x3ffb656c: got signature scheme [805] rsa_pss_rsae_sha384

D (4640) mbedtls: ssl_tls.c:8296 0x3ffb656c: got signature scheme [501] rsa_pkcs1_sha384

D (4640) mbedtls: ssl_tls.c:8305 0x3ffb656c: sent signature scheme [501] rsa_pkcs1_sha384

D (4640) mbedtls: ssl_tls.c:8296 0x3ffb656c: got signature scheme [403] ecdsa_secp256r1_sha256

D (4640) mbedtls: ssl_tls.c:8305 0x3ffb656c: sent signature scheme [403] ecdsa_secp256r1_sha256

D (4640) mbedtls: ssl_tls.c:8296 0x3ffb656c: got signature scheme [804] rsa_pss_rsae_sha256

D (4640) mbedtls: ssl_tls.c:8296 0x3ffb656c: got signature scheme [401] rsa_pkcs1_sha256

D (4640) mbedtls: ssl_tls.c:8305 0x3ffb656c: sent signature scheme [401] rsa_pkcs1_sha256

D (4640) mbedtls: ssl_tls12_client.c:103 0x3ffb656c: client hello, adding supported_point_formats extension

D (4640) mbedtls: ssl_tls12_client.c:287 0x3ffb656c: client hello, adding encrypt_then_mac extension

D (4640) mbedtls: ssl_tls12_client.c:319 0x3ffb656c: client hello, adding extended_master_secret extension

D (4640) mbedtls: ssl_tls12_client.c:352 0x3ffb656c: client hello, adding session ticket extension

D (4640) mbedtls: ssl_client.c:687 0x3ffb656c: client hello, total extension length: 58

D (4640) mbedtls: ssl_client.c:689 0x3ffb656c: dumping 'client hello extensions' (58 bytes)

D (4640) mbedtls: ssl_client.c:689 0x3ffb656c: 0000:  00 3a 00 0a 00 12 00 10 00 1d 00 17 00 18 00 1e  .:..............

D (4640) mbedtls: ssl_client.c:689 0x3ffb656c: 0010:  00 19 00 1a 00 1b 00 1c 00 0d 00 0e 00 0c 06 03  ................

D (4640) mbedtls: ssl_client.c:689 0x3ffb656c: 0020:  06 01 05 03 05 01 04 03 04 01 00 0b 00 02 01 00  ................

D (4640) mbedtls: ssl_client.c:689 0x3ffb656c: 0030:  00 16 00 00 00 17 00 00 00 23                    .........#

I (4640) mbedtls: ssl_msg.c:2494 0x3ffb656c: => write handshake message

I (4640) mbedtls: ssl_msg.c:2654 0x3ffb656c: => write record

D (4640) mbedtls: ssl_msg.c:2737 0x3ffb656c: output record: msgtype = 22, version = [3:3], msglen = 137

I (4640) mbedtls: ssl_msg.c:2790 0x3ffb656c: <= write record

I (4640) mbedtls: ssl_msg.c:2615 0x3ffb656c: <= write handshake message

D (4640) mbedtls: ssl_misc.h:1295 0x3ffb656c: handshake state: 1 (MBEDTLS_SSL_CLIENT_HELLO) -> 2 (MBEDTLS_SSL_SERVER_HELLO)

I (4640) mbedtls: ssl_client.c:1010 0x3ffb656c: <= write client hello

I (4640) mbedtls: ssl_msg.c:2063 0x3ffb656c: => flush output

I (4640) mbedtls: ssl_msg.c:2077 0x3ffb656c: message length: 142, out_left: 142

I (4640) mbedtls: ssl_msg.c:2084 0x3ffb656c: ssl->f_send() returned 142 (-0xffffff72)

I (4640) mbedtls: ssl_msg.c:2111 0x3ffb656c: <= flush output

I (4650) mbedtls: ssl_tls.c:4201 0x3ffb656c: client state: MBEDTLS_SSL_SERVER_HELLO

I (4650) mbedtls: ssl_tls12_client.c:1151 0x3ffb656c: => parse server hello

I (4650) mbedtls: ssl_msg.c:4040 0x3ffb656c: => read record

I (4650) mbedtls: ssl_msg.c:1865 0x3ffb656c: => fetch input

I (4650) mbedtls: ssl_msg.c:2005 0x3ffb656c: in_left: 0, nb_want: 5

I (4650) mbedtls: ssl_msg.c:2025 0x3ffb656c: in_left: 0, nb_want: 5

I (4650) mbedtls: ssl_msg.c:2028 0x3ffb656c: ssl->f_recv(_timeout)() returned 5 (-0xfffffffb)

I (4650) mbedtls: ssl_msg.c:2050 0x3ffb656c: <= fetch input

D (4650) mbedtls: ssl_msg.c:3707 0x3ffb656c: input record: msgtype = 22, version = [0x303], msglen = 65

I (4650) mbedtls: ssl_msg.c:1865 0x3ffb656c: => fetch input

I (4650) mbedtls: ssl_msg.c:2005 0x3ffb656c: in_left: 5, nb_want: 70

I (4650) mbedtls: ssl_msg.c:2025 0x3ffb656c: in_left: 5, nb_want: 70

I (4650) mbedtls: ssl_msg.c:2028 0x3ffb656c: ssl->f_recv(_timeout)() returned 65 (-0xffffffbf)

I (4650) mbedtls: ssl_msg.c:2050 0x3ffb656c: <= fetch input

D (4650) mbedtls: ssl_msg.c:2948 0x3ffb656c: handshake message: msglen = 65, type = 2, hslen = 65

D (4650) mbedtls: ssl_msg.c:3085 0x3ffb656c: sole handshake fragment: 65, 0..65 of 65

I (4650) mbedtls: ssl_msg.c:4112 0x3ffb656c: <= read record

D (4650) mbedtls: ssl_tls12_client.c:1225 0x3ffb656c: dumping 'server hello, version' (2 bytes)

D (4650) mbedtls: ssl_tls12_client.c:1225 0x3ffb656c: 0000:  03 03                                            ..

D (4650) mbedtls: ssl_tls12_client.c:1246 0x3ffb656c: server hello, current time: 3342742968

D (4650) mbedtls: ssl_tls12_client.c:1256 0x3ffb656c: dumping 'server hello, random bytes' (32 bytes)

D (4650) mbedtls: ssl_tls12_client.c:1256 0x3ffb656c: 0000:  c7 3e 35 b8 df 54 fd 1d ef 29 c8 03 8b d3 e9 b9  .>5..T...)......

D (4650) mbedtls: ssl_tls12_client.c:1256 0x3ffb656c: 0010:  c9 e8 d3 72 5d 24 a6 46 d5 bc 99 4b 61 b5 43 f0  ...r]$.F...Ka.C.

D (4650) mbedtls: ssl_tls12_client.c:1318 0x3ffb656c: server hello, session id len.: 0

D (4650) mbedtls: ssl_tls12_client.c:1319 0x3ffb656c: dumping 'server hello, session id' (0 bytes)

D (4650) mbedtls: ssl_misc.h:1295 0x3ffb656c: handshake state: 2 (MBEDTLS_SSL_SERVER_HELLO) -> 3 (MBEDTLS_SSL_SERVER_CERTIFICATE)

D (4650) mbedtls: ssl_tls12_client.c:1343 0x3ffb656c: no session has been resumed

D (4650) mbedtls: ssl_tls12_client.c:1346 0x3ffb656c: server hello, chosen ciphersuite: c02c

D (4650) mbedtls: ssl_tls12_client.c:1347 0x3ffb656c: server hello, compress alg.: 0

D (4650) mbedtls: ssl_tls12_client.c:1382 0x3ffb656c: server hello, chosen ciphersuite: TLS-ECDHE-ECDSA-WITH-AES-256-GCM-SHA384

I (4650) mbedtls: ssl_tls12_client.c:1403 0x3ffb656c: server hello, total extension length: 21

D (4650) mbedtls: ssl_tls12_client.c:1421 0x3ffb656c: found renegotiation extension

D (4650) mbedtls: ssl_tls12_client.c:1500 0x3ffb656c: found supported_point_formats extension

D (4650) mbedtls: ssl_tls12_client.c:1486 0x3ffb656c: found session_ticket extension

D (4650) mbedtls: ssl_tls12_client.c:1473 0x3ffb656c: found extended_master_secret extension

I (4650) mbedtls: ssl_tls12_client.c:1617 0x3ffb656c: <= parse server hello

I (4650) mbedtls: ssl_msg.c:2063 0x3ffb656c: => flush output

I (4650) mbedtls: ssl_msg.c:2072 0x3ffb656c: <= flush output

I (4650) mbedtls: ssl_tls.c:4201 0x3ffb656c: client state: MBEDTLS_SSL_SERVER_CERTIFICATE

I (4650) mbedtls: ssl_tls.c:7077 0x3ffb656c: => parse certificate

I (4650) mbedtls: ssl_msg.c:4040 0x3ffb656c: => read record

I (4650) mbedtls: ssl_msg.c:1865 0x3ffb656c: => fetch input

I (4660) mbedtls: ssl_msg.c:2005 0x3ffb656c: in_left: 0, nb_want: 5

I (4660) mbedtls: ssl_msg.c:2025 0x3ffb656c: in_left: 0, nb_want: 5

I (4660) mbedtls: ssl_msg.c:2028 0x3ffb656c: ssl->f_recv(_timeout)() returned 5 (-0xfffffffb)

I (4660) mbedtls: ssl_msg.c:2050 0x3ffb656c: <= fetch input

D (4660) mbedtls: ssl_msg.c:3707 0x3ffb656c: input record: msgtype = 22, version = [0x303], msglen = 394

I (4660) mbedtls: ssl_msg.c:1865 0x3ffb656c: => fetch input

I (4660) mbedtls: ssl_msg.c:2005 0x3ffb656c: in_left: 5, nb_want: 399

I (4660) mbedtls: ssl_msg.c:2025 0x3ffb656c: in_left: 5, nb_want: 399

I (4660) mbedtls: ssl_msg.c:2028 0x3ffb656c: ssl->f_recv(_timeout)() returned 394 (-0xfffffe76)

I (4660) mbedtls: ssl_msg.c:2050 0x3ffb656c: <= fetch input

D (4660) mbedtls: ssl_msg.c:2948 0x3ffb656c: handshake message: msglen = 394, type = 11, hslen = 394

D (4660) mbedtls: ssl_msg.c:3085 0x3ffb656c: sole handshake fragment: 394, 0..394 of 394

I (4660) mbedtls: ssl_msg.c:4112 0x3ffb656c: <= read record

D (4660) mbedtls: ssl_tls.c:6952 0x3ffb656c: peer certificate #1:

D (4660) mbedtls: ssl_tls.c:6952 0x3ffb656c: cert. version     : 3

D (4660) mbedtls: ssl_tls.c:6952 0x3ffb656c: serial number     : 37:09:43:D4:1C:61:C3:A2:0B:22:A6:A0:1B:48:94:F0:41:88:C9:23

D (4660) mbedtls: ssl_tls.c:6952 0x3ffb656c: issuer name       : CN=localhost

D (4660) mbedtls: ssl_tls.c:6952 0x3ffb656c: subject name      : CN=localhost

D (4660) mbedtls: ssl_tls.c:6952 0x3ffb656c: issued  on        : 2026-08-26 20:20:30

D (4660) mbedtls: ssl_tls.c:6952 0x3ffb656c: expires on        : 2026-09-25 20:20:30

D (4660) mbedtls: ssl_tls.c:6952 0x3ffb656c: signed using      : ECDSA with SHA256

D (4660) mbedtls: ssl_tls.c:6952 0x3ffb656c: EC key size       : 256 bits

D (4660) mbedtls: ssl_tls.c:6952 0x3ffb656c: basic constraints : CA=true

D (4660) mbedtls: ssl_tls.c:6952 0x3ffb656c: dumping 'crt->PK' (65 bytes)

D (4670) mbedtls: ssl_tls.c:6952 0x3ffb656c: 0000:  04 54 0e ba b5 7b 25 1b f2 9f 2d 96 f4 93 cd 8f

D (4670) mbedtls: ssl_tls.c:6952 0x3ffb656c: 0010:  49 17 f1 f8 43 fd ec ae 5d 41 e9 f4 92 ac 22 e6

D (4670) mbedtls: ssl_tls.c:6952 0x3ffb656c: 0020:  63 ac 57 44 3b f6 9e c0 c8 9f 49 85 41 d2 5d 63

D (4670) mbedtls: ssl_tls.c:6952 0x3ffb656c: 0030:  06 98 de f8 fb 38 a5 80 7e 23 61 62 87 90 79 d7

D (4670) mbedtls: ssl_tls.c:6952 0x3ffb656c: 0040:  84                                             

I (4670) mbedtls: ssl_tls.c:7191 0x3ffb656c: <= parse certificate

D (4670) mbedtls: ssl_misc.h:1295 0x3ffb656c: handshake state: 3 (MBEDTLS_SSL_SERVER_CERTIFICATE) -> 4 (MBEDTLS_SSL_SERVER_KEY_EXCHANGE)

I (4670) mbedtls: ssl_msg.c:2063 0x3ffb656c: => flush output

I (4670) mbedtls: ssl_msg.c:2072 0x3ffb656c: <= flush output

I (4670) mbedtls: ssl_tls.c:4201 0x3ffb656c: client state: MBEDTLS_SSL_SERVER_KEY_EXCHANGE

I (4670) mbedtls: ssl_tls12_client.c:1831 0x3ffb656c: => parse server key exchange

I (4670) mbedtls: ssl_msg.c:4040 0x3ffb656c: => read record

I (4670) mbedtls: ssl_msg.c:1865 0x3ffb656c: => fetch input

I (4670) mbedtls: ssl_msg.c:2005 0x3ffb656c: in_left: 0, nb_want: 5

I (4670) mbedtls: ssl_msg.c:2025 0x3ffb656c: in_left: 0, nb_want: 5

I (4670) mbedtls: ssl_msg.c:2028 0x3ffb656c: ssl->f_recv(_timeout)() returned 5 (-0xfffffffb)

I (4670) mbedtls: ssl_msg.c:2050 0x3ffb656c: <= fetch input

D (4670) mbedtls: ssl_msg.c:3707 0x3ffb656c: input record: msgtype = 22, version = [0x303], msglen = 114

I (4670) mbedtls: ssl_msg.c:1865 0x3ffb656c: => fetch input

I (4670) mbedtls: ssl_msg.c:2005 0x3ffb656c: in_left: 5, nb_want: 119

I (4670) mbedtls: ssl_msg.c:2025 0x3ffb656c: in_left: 5, nb_want: 119

I (4670) mbedtls: ssl_msg.c:2028 0x3ffb656c: ssl->f_recv(_timeout)() returned 114 (-0xffffff8e)

I (4670) mbedtls: ssl_msg.c:2050 0x3ffb656c: <= fetch input

D (4670) mbedtls: ssl_msg.c:2948 0x3ffb656c: handshake message: msglen = 114, type = 12, hslen = 114

D (4670) mbedtls: ssl_msg.c:3085 0x3ffb656c: sole handshake fragment: 114, 0..114 of 114

I (4670) mbedtls: ssl_msg.c:4112 0x3ffb656c: <= read record

D (4670) mbedtls: ssl_tls12_client.c:1885 0x3ffb656c: dumping 'server key exchange' (110 bytes)

D (4670) mbedtls: ssl_tls12_client.c:1885 0x3ffb656c: 0000:  03 00 1d 20 ca 4a 13 28 62 d4 91 3e b6 8d b2 b3  ... .J.(b..>....

D (4670) mbedtls: ssl_tls12_client.c:1885 0x3ffb656c: 0010:  1f bb 56 1b 98 4f 83 35 52 b5 59 4b 5f 85 5a a6  ..V..O.5R.YK_.Z.

D (4670) mbedtls: ssl_tls12_client.c:1885 0x3ffb656c: 0020:  16 4b 0f 3c 06 03 00 46 30 44 02 20 0f a6 ef d7  .K.<...F0D. ....

D (4670) mbedtls: ssl_tls12_client.c:1885 0x3ffb656c: 0030:  36 c3 5e 1f 9e 79 e0 4f 9b 4d 39 b5 97 61 f7 d7  6.^..y.O.M9..a..

D (4670) mbedtls: ssl_tls12_client.c:1885 0x3ffb656c: 0040:  c3 05 a9 c8 5b 94 3e 46 f7 46 27 bf 02 20 7e a0  ....[.>F.F'.. ~.

D (4670) mbedtls: ssl_tls12_client.c:1885 0x3ffb656c: 0050:  1e 2c d3 14 40 59 4e af b5 fd b3 18 b0 ff 8e 18  .,..@YN.........

D (4670) mbedtls: ssl_tls12_client.c:1885 0x3ffb656c: 0060:  de 6d a1 98 e3 bd 63 0d dc 23 71 fb 13 e3        .m....c..#q...

I (4670) mbedtls: ssl_tls12_client.c:1815 0x3ffb656c: Server used the signature algorithm ecdsa_secp521r1_sha512

D (4670) mbedtls: ssl_tls12_client.c:2047 0x3ffb656c: dumping 'signature' (70 bytes)

D (4670) mbedtls: ssl_tls12_client.c:2047 0x3ffb656c: 0000:  30 44 02 20 0f a6 ef d7 36 c3 5e 1f 9e 79 e0 4f  0D. ....6.^..y.O

D (4680) mbedtls: ssl_tls12_client.c:2047 0x3ffb656c: 0010:  9b 4d 39 b5 97 61 f7 d7 c3 05 a9 c8 5b 94 3e 46  .M9..a......[.>F

D (4680) mbedtls: ssl_tls12_client.c:2047 0x3ffb656c: 0020:  f7 46 27 bf 02 20 7e a0 1e 2c d3 14 40 59 4e af  .F'.. ~..,..@YN.

D (4680) mbedtls: ssl_tls12_client.c:2047 0x3ffb656c: 0030:  b5 fd b3 18 b0 ff 8e 18 de 6d a1 98 e3 bd 63 0d  .........m....c.

D (4680) mbedtls: ssl_tls12_client.c:2047 0x3ffb656c: 0040:  dc 23 71 fb 13 e3                                .#q...

D (4680) mbedtls: ssl_tls.c:8082 0x3ffb656c: Perform PSA-based computation of digest of ServerKeyExchange

D (4680) mbedtls: ssl_tls12_client.c:2064 0x3ffb656c: dumping 'parameters hash' (64 bytes)

D (4680) mbedtls: ssl_tls12_client.c:2064 0x3ffb656c: 0000:  36 6a 66 a8 f1 65 99 1e 1d 82 e3 34 06 80 c8 f5  6jf..e.....4....

D (4680) mbedtls: ssl_tls12_client.c:2064 0x3ffb656c: 0010:  8a e6 f9 03 ab 9f 2b 1c 76 11 71 81 b3 60 ce b2  ......+.v.q..`..

D (4680) mbedtls: ssl_tls12_client.c:2064 0x3ffb656c: 0020:  21 74 a1 5d ba 6a bf 9c 02 8d d4 d8 e7 b7 ba 6f  !t.].j.........o

D (4680) mbedtls: ssl_tls12_client.c:2064 0x3ffb656c: 0030:  11 c7 4d d7 0a 8c f8 12 ec ce 63 cd f2 cb 62 90  ..M.......c...b.

[mem-tick] t=    3164 ms phase=handshake    free=196052
D (4790) mbedtls: ssl_misc.h:1295 0x3ffb656c: handshake state: 4 (MBEDTLS_SSL_SERVER_KEY_EXCHANGE) -> 5 (MBEDTLS_SSL_CERTIFICATE_REQUEST)

I (4790) mbedtls: ssl_tls12_client.c:2118 0x3ffb656c: <= parse server key exchange

I (4790) mbedtls: ssl_msg.c:2063 0x3ffb656c: => flush output

I (4790) mbedtls: ssl_msg.c:2072 0x3ffb656c: <= flush output

I (4790) mbedtls: ssl_tls.c:4201 0x3ffb656c: client state: MBEDTLS_SSL_CERTIFICATE_REQUEST

I (4790) mbedtls: ssl_tls12_client.c:2157 0x3ffb656c: => parse certificate request

I (4790) mbedtls: ssl_msg.c:4040 0x3ffb656c: => read record

I (4790) mbedtls: ssl_msg.c:1865 0x3ffb656c: => fetch input

I (4790) mbedtls: ssl_msg.c:2005 0x3ffb656c: in_left: 0, nb_want: 5

I (4790) mbedtls: ssl_msg.c:2025 0x3ffb656c: in_left: 0, nb_want: 5

I (4790) mbedtls: ssl_msg.c:2028 0x3ffb656c: ssl->f_recv(_timeout)() returned 5 (-0xfffffffb)

I (4790) mbedtls: ssl_msg.c:2050 0x3ffb656c: <= fetch input

D (4790) mbedtls: ssl_msg.c:3707 0x3ffb656c: input record: msgtype = 22, version = [0x303], msglen = 4

I (4790) mbedtls: ssl_msg.c:1865 0x3ffb656c: => fetch input

I (4790) mbedtls: ssl_msg.c:2005 0x3ffb656c: in_left: 5, nb_want: 9

I (4790) mbedtls: ssl_msg.c:2025 0x3ffb656c: in_left: 5, nb_want: 9

I (4790) mbedtls: ssl_msg.c:2028 0x3ffb656c: ssl->f_recv(_timeout)() returned 4 (-0xfffffffc)

I (4790) mbedtls: ssl_msg.c:2050 0x3ffb656c: <= fetch input

D (4790) mbedtls: ssl_msg.c:2948 0x3ffb656c: handshake message: msglen = 4, type = 14, hslen = 4

D (4790) mbedtls: ssl_msg.c:3085 0x3ffb656c: sole handshake fragment: 4, 0..4 of 4

I (4790) mbedtls: ssl_msg.c:4112 0x3ffb656c: <= read record

D (4790) mbedtls: ssl_misc.h:1295 0x3ffb656c: handshake state: 5 (MBEDTLS_SSL_CERTIFICATE_REQUEST) -> 6 (MBEDTLS_SSL_SERVER_HELLO_DONE)

D (4790) mbedtls: ssl_tls12_client.c:2183 0x3ffb656c: got no certificate request

I (4790) mbedtls: ssl_tls12_client.c:2319 0x3ffb656c: <= parse certificate request

I (4790) mbedtls: ssl_msg.c:2063 0x3ffb656c: => flush output

I (4790) mbedtls: ssl_msg.c:2072 0x3ffb656c: <= flush output

I (4790) mbedtls: ssl_tls.c:4201 0x3ffb656c: client state: MBEDTLS_SSL_SERVER_HELLO_DONE

I (4790) mbedtls: ssl_tls12_client.c:2330 0x3ffb656c: => parse server hello done

I (4790) mbedtls: ssl_msg.c:4040 0x3ffb656c: => read record

I (4800) mbedtls: ssl_msg.c:4108 0x3ffb656c: reuse previously read message

I (4800) mbedtls: ssl_msg.c:4112 0x3ffb656c: <= read record

D (4800) mbedtls: ssl_misc.h:1295 0x3ffb656c: handshake state: 6 (MBEDTLS_SSL_SERVER_HELLO_DONE) -> 7 (MBEDTLS_SSL_CLIENT_CERTIFICATE)

I (4800) mbedtls: ssl_tls12_client.c:2358 0x3ffb656c: <= parse server hello done

I (4800) mbedtls: ssl_msg.c:2063 0x3ffb656c: => flush output

I (4800) mbedtls: ssl_msg.c:2072 0x3ffb656c: <= flush output

I (4800) mbedtls: ssl_tls.c:4201 0x3ffb656c: client state: MBEDTLS_SSL_CLIENT_CERTIFICATE

I (4800) mbedtls: ssl_tls.c:6675 0x3ffb656c: => write certificate

I (4800) mbedtls: ssl_tls.c:6686 0x3ffb656c: <= skip write certificate

D (4800) mbedtls: ssl_misc.h:1295 0x3ffb656c: handshake state: 7 (MBEDTLS_SSL_CLIENT_CERTIFICATE) -> 8 (MBEDTLS_SSL_CLIENT_KEY_EXCHANGE)

I (4800) mbedtls: ssl_msg.c:2063 0x3ffb656c: => flush output

I (4800) mbedtls: ssl_msg.c:2072 0x3ffb656c: <= flush output

I (4800) mbedtls: ssl_tls.c:4201 0x3ffb656c: client state: MBEDTLS_SSL_CLIENT_KEY_EXCHANGE

I (4800) mbedtls: ssl_tls12_client.c:2373 0x3ffb656c: => write client key exchange

D (4800) mbedtls: ssl_tls12_client.c:2387 0x3ffb656c: Perform PSA-based ECDH computation.

[mem-tick] t=    3264 ms phase=handshake    free=198584
[mem-tick] t=    3364 ms phase=handshake    free=198252
D (4930) mbedtls: ssl_misc.h:1295 0x3ffb656c: handshake state: 8 (MBEDTLS_SSL_CLIENT_KEY_EXCHANGE) -> 9 (MBEDTLS_SSL_CERTIFICATE_VERIFY)

I (4930) mbedtls: ssl_msg.c:2494 0x3ffb656c: => write handshake message

I (4930) mbedtls: ssl_msg.c:2654 0x3ffb656c: => write record

D (4930) mbedtls: ssl_msg.c:2737 0x3ffb656c: output record: msgtype = 22, version = [3:3], msglen = 37

I (4930) mbedtls: ssl_msg.c:2063 0x3ffb656c: => flush output

I (4930) mbedtls: ssl_msg.c:2077 0x3ffb656c: message length: 42, out_left: 42

I (4930) mbedtls: ssl_msg.c:2084 0x3ffb656c: ssl->f_send() returned 42 (-0xffffffd6)

I (4940) mbedtls: ssl_msg.c:2111 0x3ffb656c: <= flush output

I (4940) mbedtls: ssl_msg.c:2790 0x3ffb656c: <= write record

I (4940) mbedtls: ssl_msg.c:2615 0x3ffb656c: <= write handshake message

I (4940) mbedtls: ssl_tls12_client.c:2653 0x3ffb656c: <= write client key exchange

I (4940) mbedtls: ssl_msg.c:2063 0x3ffb656c: => flush output

I (4940) mbedtls: ssl_msg.c:2072 0x3ffb656c: <= flush output

I (4940) mbedtls: ssl_tls.c:4201 0x3ffb656c: client state: MBEDTLS_SSL_CERTIFICATE_VERIFY

I (4940) mbedtls: ssl_tls12_client.c:2701 0x3ffb656c: => write certificate verify

I (4940) mbedtls: ssl_tls.c:6466 0x3ffb656c: => derive keys

I (4940) mbedtls: ssl_tls.c:6557 0x3ffb656c: => PSA calc verify

D (4940) mbedtls: ssl_tls.c:6568 0x3ffb656c: dumping 'PSA calculated verify result' (48 bytes)

D (4940) mbedtls: ssl_tls.c:6568 0x3ffb656c: 0000:  6b f3 08 bb 5c c5 e7 d6 29 4b 74 ee c2 c9 a2 9c  k...\...)Kt.....

D (4940) mbedtls: ssl_tls.c:6568 0x3ffb656c: 0010:  d6 97 e8 9d c1 66 ec 5d 21 f7 21 a3 14 60 e0 41  .....f.]!.!..`.A

D (4940) mbedtls: ssl_tls.c:6568 0x3ffb656c: 0020:  2c 50 61 5d 9a 92 1d d1 e2 0c 6e 51 9d e9 70 0a  ,Pa]......nQ..p.

I (4940) mbedtls: ssl_tls.c:6569 0x3ffb656c: <= PSA calc verify

D (4940) mbedtls: ssl_tls.c:6308 0x3ffb656c: dumping 'session hash for extended master secret' (48 bytes)

D (4940) mbedtls: ssl_tls.c:6308 0x3ffb656c: 0000:  6b f3 08 bb 5c c5 e7 d6 29 4b 74 ee c2 c9 a2 9c  k...\...)Kt.....

D (4940) mbedtls: ssl_tls.c:6308 0x3ffb656c: 0010:  d6 97 e8 9d c1 66 ec 5d 21 f7 21 a3 14 60 e0 41  .....f.]!.!..`.A

D (4940) mbedtls: ssl_tls.c:6308 0x3ffb656c: 0020:  2c 50 61 5d 9a 92 1d d1 e2 0c 6e 51 9d e9 70 0a  ,Pa]......nQ..p.

D (4940) mbedtls: ssl_tls.c:6449 0x3ffb656c: dumping 'premaster secret' (32 bytes)

D (4940) mbedtls: ssl_tls.c:6449 0x3ffb656c: 0000:  d6 65 ec 0e ee 5d 0d ce c1 48 53 07 e6 9f 48 e2  .e...]...HS...H.

D (4940) mbedtls: ssl_tls.c:6449 0x3ffb656c: 0010:  f2 35 21 0d 79 be e8 9e 7c f1 a7 2a ad d4 9f 29  .5!.y...|..*...)

D (4940) mbedtls: ssl_tls.c:7762 0x3ffb656c: ciphersuite = TLS-ECDHE-ECDSA-WITH-AES-256-GCM-SHA384

D (4940) mbedtls: ssl_tls.c:7764 0x3ffb656c: dumping 'master secret' (48 bytes)

D (4940) mbedtls: ssl_tls.c:7764 0x3ffb656c: 0000:  ab 6d e1 60 13 c7 51 0b a7 37 59 c5 5e df 2f 62  .m.`..Q..7Y.^./b

D (4940) mbedtls: ssl_tls.c:7764 0x3ffb656c: 0010:  1c eb 66 97 2e a3 2e bc bd 00 e8 75 cb a8 1b 7b  ..f........u...{

D (4940) mbedtls: ssl_tls.c:7764 0x3ffb656c: 0020:  ad 26 d2 bb fc d5 a3 56 33 1e 11 df 8d 37 2b 10  .&.....V3....7+.

D (4940) mbedtls: ssl_tls.c:7855 0x3ffb656c: keylen: 32, minlen: 24, ivlen: 12, maclen: 0

I (4940) mbedtls: ssl_tls.c:6517 0x3ffb656c: <= derive keys

I (4940) mbedtls: ssl_tls12_client.c:2723 0x3ffb656c: <= skip write certificate verify

D (4940) mbedtls: ssl_misc.h:1295 0x3ffb656c: handshake state: 9 (MBEDTLS_SSL_CERTIFICATE_VERIFY) -> 10 (MBEDTLS_SSL_CLIENT_CHANGE_CIPHER_SPEC)

I (4940) mbedtls: ssl_msg.c:2063 0x3ffb656c: => flush output

I (4940) mbedtls: ssl_msg.c:2072 0x3ffb656c: <= flush output

I (4940) mbedtls: ssl_tls.c:4201 0x3ffb656c: client state: MBEDTLS_SSL_CLIENT_CHANGE_CIPHER_SPEC

I (4940) mbedtls: ssl_msg.c:5087 0x3ffb656c: => write change cipher spec

D (4940) mbedtls: ssl_misc.h:1295 0x3ffb656c: handshake state: 10 (MBEDTLS_SSL_CLIENT_CHANGE_CIPHER_SPEC) -> 11 (MBEDTLS_SSL_CLIENT_FINISHED)

I (4940) mbedtls: ssl_msg.c:2494 0x3ffb656c: => write handshake message

I (4940) mbedtls: ssl_msg.c:2654 0x3ffb656c: => write record

D (4940) mbedtls: ssl_msg.c:2737 0x3ffb656c: output record: msgtype = 20, version = [3:3], msglen = 1

I (4940) mbedtls: ssl_msg.c:2063 0x3ffb656c: => flush output

I (4940) mbedtls: ssl_msg.c:2077 0x3ffb656c: message length: 6, out_left: 6

I (4940) mbedtls: ssl_msg.c:2084 0x3ffb656c: ssl->f_send() returned 6 (-0xfffffffa)

I (4940) mbedtls: ssl_msg.c:2111 0x3ffb656c: <= flush output

I (4940) mbedtls: ssl_msg.c:2790 0x3ffb656c: <= write record

I (4940) mbedtls: ssl_msg.c:2615 0x3ffb656c: <= write handshake message

I (4940) mbedtls: ssl_msg.c:5100 0x3ffb656c: <= write change cipher spec

I (4940) mbedtls: ssl_msg.c:2063 0x3ffb656c: => flush output

I (4950) mbedtls: ssl_msg.c:2072 0x3ffb656c: <= flush output

I (4950) mbedtls: ssl_tls.c:4201 0x3ffb656c: client state: MBEDTLS_SSL_CLIENT_FINISHED

I (4950) mbedtls: ssl_tls.c:7384 0x3ffb656c: => write finished

I (4950) mbedtls: ssl_tls.c:7235 0x3ffb656c: => calc PSA finished tls

D (4950) mbedtls: ssl_tls.c:7246 0x3ffb656c: dumping 'PSA calculated padbuf' (48 bytes)

D (4950) mbedtls: ssl_tls.c:7246 0x3ffb656c: 0000:  6b f3 08 bb 5c c5 e7 d6 29 4b 74 ee c2 c9 a2 9c  k...\...)Kt.....

D (4950) mbedtls: ssl_tls.c:7246 0x3ffb656c: 0010:  d6 97 e8 9d c1 66 ec 5d 21 f7 21 a3 14 60 e0 41  .....f.]!.!..`.A

D (4950) mbedtls: ssl_tls.c:7246 0x3ffb656c: 0020:  2c 50 61 5d 9a 92 1d d1 e2 0c 6e 51 9d e9 70 0a  ,Pa]......nQ..p.

D (4950) mbedtls: ssl_tls.c:7258 0x3ffb656c: dumping 'calc finished result' (12 bytes)

D (4950) mbedtls: ssl_tls.c:7258 0x3ffb656c: 0000:  02 14 5a 3b 87 f3 bc 36 1a 2f 48 a8              ..Z;...6./H.

I (4950) mbedtls: ssl_tls.c:7262 0x3ffb656c: <= calc finished

D (4950) mbedtls: ssl_misc.h:1295 0x3ffb656c: handshake state: 11 (MBEDTLS_SSL_CLIENT_FINISHED) -> 12 (MBEDTLS_SSL_SERVER_CHANGE_CIPHER_SPEC)

D (4950) mbedtls: ssl_tls.c:7434 0x3ffb656c: switching to new transform spec for outbound data

I (4950) mbedtls: ssl_msg.c:2494 0x3ffb656c: => write handshake message

I (4950) mbedtls: ssl_msg.c:2654 0x3ffb656c: => write record

I (4950) mbedtls: ssl_msg.c:808 0x3ffb656c: => encrypt buf

D (4950) mbedtls: ssl_msg.c:1036 0x3ffb656c: before encrypt: msglen = 16, including 0 bytes of padding

I (4950) mbedtls: ssl_msg.c:1265 0x3ffb656c: <= encrypt buf

D (4950) mbedtls: ssl_msg.c:2737 0x3ffb656c: output record: msgtype = 22, version = [3:3], msglen = 40

I (4950) mbedtls: ssl_msg.c:2063 0x3ffb656c: => flush output

I (4950) mbedtls: ssl_msg.c:2077 0x3ffb656c: message length: 45, out_left: 45

I (4950) mbedtls: ssl_msg.c:2084 0x3ffb656c: ssl->f_send() returned 45 (-0xffffffd3)

I (4950) mbedtls: ssl_msg.c:2111 0x3ffb656c: <= flush output

I (4950) mbedtls: ssl_msg.c:2790 0x3ffb656c: <= write record

I (4950) mbedtls: ssl_msg.c:2615 0x3ffb656c: <= write handshake message

I (4960) mbedtls: ssl_tls.c:7487 0x3ffb656c: <= write finished

I (4960) mbedtls: ssl_msg.c:2063 0x3ffb656c: => flush output

I (4960) mbedtls: ssl_msg.c:2072 0x3ffb656c: <= flush output

I (4960) mbedtls: ssl_tls.c:4201 0x3ffb656c: client state: MBEDTLS_SSL_SERVER_CHANGE_CIPHER_SPEC

D (4960) mbedtls: ssl_misc.h:1295 0x3ffb656c: handshake state: 12 (MBEDTLS_SSL_SERVER_CHANGE_CIPHER_SPEC) -> 16 (MBEDTLS_SSL_NEW_SESSION_TICKET)

I (4960) mbedtls: ssl_tls12_client.c:2829 0x3ffb656c: => parse new session ticket

I (4960) mbedtls: ssl_msg.c:4040 0x3ffb656c: => read record

I (4960) mbedtls: ssl_msg.c:1865 0x3ffb656c: => fetch input

I (4960) mbedtls: ssl_msg.c:2005 0x3ffb656c: in_left: 0, nb_want: 5

I (4960) mbedtls: ssl_msg.c:2025 0x3ffb656c: in_left: 0, nb_want: 5

I (4960) mbedtls: ssl_msg.c:2028 0x3ffb656c: ssl->f_recv(_timeout)() returned 5 (-0xfffffffb)

I (4960) mbedtls: ssl_msg.c:2050 0x3ffb656c: <= fetch input

D (4960) mbedtls: ssl_msg.c:3707 0x3ffb656c: input record: msgtype = 22, version = [0x303], msglen = 186

I (4960) mbedtls: ssl_msg.c:1865 0x3ffb656c: => fetch input

I (4960) mbedtls: ssl_msg.c:2005 0x3ffb656c: in_left: 5, nb_want: 191

I (4960) mbedtls: ssl_msg.c:2025 0x3ffb656c: in_left: 5, nb_want: 191

I (4960) mbedtls: ssl_msg.c:2028 0x3ffb656c: ssl->f_recv(_timeout)() returned 186 (-0xffffff46)

I (4960) mbedtls: ssl_msg.c:2050 0x3ffb656c: <= fetch input

D (4960) mbedtls: ssl_msg.c:2948 0x3ffb656c: handshake message: msglen = 186, type = 4, hslen = 186

D (4960) mbedtls: ssl_msg.c:3085 0x3ffb656c: sole handshake fragment: 186, 0..186 of 186

I (4970) mbedtls: ssl_msg.c:4112 0x3ffb656c: <= read record

D (4970) mbedtls: ssl_tls12_client.c:2876 0x3ffb656c: ticket length: 176

D (4970) mbedtls: ssl_misc.h:1295 0x3ffb656c: handshake state: 16 (MBEDTLS_SSL_NEW_SESSION_TICKET) -> 12 (MBEDTLS_SSL_SERVER_CHANGE_CIPHER_SPEC)

D (4970) mbedtls: ssl_tls12_client.c:2920 0x3ffb656c: ticket in use, discarding session id

I (4970) mbedtls: ssl_tls12_client.c:2923 0x3ffb656c: <= parse new session ticket

I (4970) mbedtls: ssl_msg.c:2063 0x3ffb656c: => flush output

I (4970) mbedtls: ssl_msg.c:2072 0x3ffb656c: <= flush output

I (4970) mbedtls: ssl_tls.c:4201 0x3ffb656c: client state: MBEDTLS_SSL_SERVER_CHANGE_CIPHER_SPEC

I (4970) mbedtls: ssl_msg.c:5109 0x3ffb656c: => parse change cipher spec

I (4970) mbedtls: ssl_msg.c:4040 0x3ffb656c: => read record

I (4970) mbedtls: ssl_msg.c:1865 0x3ffb656c: => fetch input

I (4970) mbedtls: ssl_msg.c:2005 0x3ffb656c: in_left: 0, nb_want: 5

I (4970) mbedtls: ssl_msg.c:2025 0x3ffb656c: in_left: 0, nb_want: 5

I (4970) mbedtls: ssl_msg.c:2028 0x3ffb656c: ssl->f_recv(_timeout)() returned 5 (-0xfffffffb)

I (4970) mbedtls: ssl_msg.c:2050 0x3ffb656c: <= fetch input

D (4970) mbedtls: ssl_msg.c:3707 0x3ffb656c: input record: msgtype = 20, version = [0x303], msglen = 1

I (4970) mbedtls: ssl_msg.c:1865 0x3ffb656c: => fetch input

I (4970) mbedtls: ssl_msg.c:2005 0x3ffb656c: in_left: 5, nb_want: 6

I (4980) mbedtls: ssl_msg.c:2025 0x3ffb656c: in_left: 5, nb_want: 6

I (4980) mbedtls: ssl_msg.c:2028 0x3ffb656c: ssl->f_recv(_timeout)() returned 1 (-0xffffffff)

I (4980) mbedtls: ssl_msg.c:2050 0x3ffb656c: <= fetch input

I (4980) mbedtls: ssl_msg.c:4112 0x3ffb656c: <= read record

D (4980) mbedtls: ssl_msg.c:5130 0x3ffb656c: switching to new transform spec for inbound data

D (4980) mbedtls: ssl_misc.h:1295 0x3ffb656c: handshake state: 12 (MBEDTLS_SSL_SERVER_CHANGE_CIPHER_SPEC) -> 13 (MBEDTLS_SSL_SERVER_FINISHED)

I (4980) mbedtls: ssl_msg.c:5157 0x3ffb656c: <= parse change cipher spec

I (4980) mbedtls: ssl_msg.c:2063 0x3ffb656c: => flush output

I (4980) mbedtls: ssl_msg.c:2072 0x3ffb656c: <= flush output

I (4980) mbedtls: ssl_tls.c:4201 0x3ffb656c: client state: MBEDTLS_SSL_SERVER_FINISHED

I (4980) mbedtls: ssl_tls.c:7500 0x3ffb656c: => parse finished

I (4980) mbedtls: ssl_tls.c:7235 0x3ffb656c: => calc PSA finished tls

D (4980) mbedtls: ssl_tls.c:7246 0x3ffb656c: dumping 'PSA calculated padbuf' (48 bytes)

D (4980) mbedtls: ssl_tls.c:7246 0x3ffb656c: 0000:  e4 32 ec f4 f8 b9 82 e0 23 40 ce 3d b6 7c b3 eb  .2......#@.=.|..

D (4980) mbedtls: ssl_tls.c:7246 0x3ffb656c: 0010:  70 de 5f ef 81 5e 02 f1 1f 5e 15 e0 1c cf e3 64  p._..^...^.....d

D (4980) mbedtls: ssl_tls.c:7246 0x3ffb656c: 0020:  37 94 49 2e 3d 4a 9c 5f cb b4 c8 94 f0 fb 65 99  7.I.=J._......e.

D (4980) mbedtls: ssl_tls.c:7258 0x3ffb656c: dumping 'calc finished result' (12 bytes)

D (4980) mbedtls: ssl_tls.c:7258 0x3ffb656c: 0000:  5f 7e af 43 a4 cb a2 fc 3c 7c 37 1c              _~.C....<|7.

I (4990) mbedtls: ssl_tls.c:7262 0x3ffb656c: <= calc finished

I (4990) mbedtls: ssl_msg.c:4040 0x3ffb656c: => read record

I (4990) mbedtls: ssl_msg.c:1865 0x3ffb656c: => fetch input

I (4990) mbedtls: ssl_msg.c:2005 0x3ffb656c: in_left: 0, nb_want: 5

I (4990) mbedtls: ssl_msg.c:2025 0x3ffb656c: in_left: 0, nb_want: 5

I (4990) mbedtls: ssl_msg.c:2028 0x3ffb656c: ssl->f_recv(_timeout)() returned 5 (-0xfffffffb)

I (4990) mbedtls: ssl_msg.c:2050 0x3ffb656c: <= fetch input

D (4990) mbedtls: ssl_msg.c:3707 0x3ffb656c: input record: msgtype = 22, version = [0x303], msglen = 40

I (4990) mbedtls: ssl_msg.c:1865 0x3ffb656c: => fetch input

I (4990) mbedtls: ssl_msg.c:2005 0x3ffb656c: in_left: 5, nb_want: 45

I (4990) mbedtls: ssl_msg.c:2025 0x3ffb656c: in_left: 5, nb_want: 45

I (4990) mbedtls: ssl_msg.c:2028 0x3ffb656c: ssl->f_recv(_timeout)() returned 40 (-0xffffffd8)

I (4990) mbedtls: ssl_msg.c:2050 0x3ffb656c: <= fetch input

I (4990) mbedtls: ssl_msg.c:1301 0x3ffb656c: => decrypt buf

I (4990) mbedtls: ssl_msg.c:1831 0x3ffb656c: <= decrypt buf

D (4990) mbedtls: ssl_msg.c:2948 0x3ffb656c: handshake message: msglen = 16, type = 20, hslen = 16

D (4990) mbedtls: ssl_msg.c:3085 0x3ffb656c: sole handshake fragment: 16, 0..16 of 16

I (4990) mbedtls: ssl_msg.c:4112 0x3ffb656c: <= read record

D (4990) mbedtls: ssl_misc.h:1295 0x3ffb656c: handshake state: 13 (MBEDTLS_SSL_SERVER_FINISHED) -> 14 (MBEDTLS_SSL_FLUSH_BUFFERS)

I (5000) mbedtls: ssl_tls.c:7571 0x3ffb656c: <= parse finished

I (5000) mbedtls: ssl_msg.c:2063 0x3ffb656c: => flush output

I (5000) mbedtls: ssl_msg.c:2072 0x3ffb656c: <= flush output

I (5000) mbedtls: ssl_tls.c:4201 0x3ffb656c: client state: MBEDTLS_SSL_FLUSH_BUFFERS

I (5000) mbedtls: ssl_tls12_client.c:3031 0x3ffb656c: handshake: done

D (5000) mbedtls: ssl_misc.h:1295 0x3ffb656c: handshake state: 14 (MBEDTLS_SSL_FLUSH_BUFFERS) -> 15 (MBEDTLS_SSL_HANDSHAKE_WRAPUP)

I (5000) mbedtls: ssl_msg.c:2063 0x3ffb656c: => flush output

I (5000) mbedtls: ssl_msg.c:2072 0x3ffb656c: <= flush output

I (5000) mbedtls: ssl_tls.c:4201 0x3ffb656c: client state: MBEDTLS_SSL_HANDSHAKE_WRAPUP

D (5000) mbedtls: ssl_tls.c:7322 0x3ffb656c: => handshake wrapup

D (5000) mbedtls: ssl_tls.c:7296 0x3ffb656c: => handshake wrapup: final free

D (5000) mbedtls: ssl_tls.c:7315 0x3ffb656c: <= handshake wrapup: final free

D (5000) mbedtls: ssl_misc.h:1295 0x3ffb656c: handshake state: 15 (MBEDTLS_SSL_HANDSHAKE_WRAPUP) -> 27 (MBEDTLS_SSL_HANDSHAKE_OVER)

D (5000) mbedtls: ssl_tls.c:7376 0x3ffb656c: <= handshake wrapup

I (5000) mbedtls: ssl_tls.c:4293 0x3ffb656c: <= handshake

[phase-a] tcp_connect=2358 us | tls_handshake=384009 us | total=386367 us
[neg] version=TLSv1.2 suite=TLS-ECDHE-ECDSA-WITH-AES-256-GCM-SHA384 peer_cert=0 bytes
[mem] post-handshake         free=201788 largest=110592 min-ever=192068
[ledger] HANDSHAKE_PEAK_DELTA(EC) = 0 bytes (min-ever 192068 -> 192068)
I (5000) mbedtls: ssl_msg.c:5925 0x3ffb656c: => write

I (5000) mbedtls: ssl_msg.c:2654 0x3ffb656c: => write record

I (5000) mbedtls: ssl_msg.c:808 0x3ffb656c: => encrypt buf

[mem-tick] t=    3462 ms phase=session      free=201788
D (5010) mbedtls: ssl_msg.c:1036 0x3ffb656c: before encrypt: msglen = 14, including 0 bytes of padding

I (5010) mbedtls: ssl_msg.c:1265 0x3ffb656c: <= encrypt buf

D (5010) mbedtls: ssl_msg.c:2737 0x3ffb656c: output record: msgtype = 23, version = [3:3], msglen = 38

I (5010) mbedtls: ssl_msg.c:2063 0x3ffb656c: => flush output

I (5010) mbedtls: ssl_msg.c:2077 0x3ffb656c: message length: 43, out_left: 43

I (5010) mbedtls: ssl_msg.c:2084 0x3ffb656c: ssl->f_send() returned 43 (-0xffffffd5)

I (5010) mbedtls: ssl_msg.c:2111 0x3ffb656c: <= flush output

I (5010) mbedtls: ssl_msg.c:2790 0x3ffb656c: <= write record

I (5010) mbedtls: ssl_msg.c:5947 0x3ffb656c: <= write

I (5010) mbedtls: ssl_msg.c:5663 0x3ffb656c: => read

I (5010) mbedtls: ssl_msg.c:4040 0x3ffb656c: => read record

I (5010) mbedtls: ssl_msg.c:1865 0x3ffb656c: => fetch input

I (5010) mbedtls: ssl_msg.c:2005 0x3ffb656c: in_left: 0, nb_want: 5

I (5010) mbedtls: ssl_msg.c:2025 0x3ffb656c: in_left: 0, nb_want: 5

I (5010) mbedtls: ssl_msg.c:2028 0x3ffb656c: ssl->f_recv(_timeout)() returned 5 (-0xfffffffb)

I (5010) mbedtls: ssl_msg.c:2050 0x3ffb656c: <= fetch input

D (5010) mbedtls: ssl_msg.c:3707 0x3ffb656c: input record: msgtype = 23, version = [0x303], msglen = 38

I (5010) mbedtls: ssl_msg.c:1865 0x3ffb656c: => fetch input

I (5010) mbedtls: ssl_msg.c:2005 0x3ffb656c: in_left: 5, nb_want: 43

I (5010) mbedtls: ssl_msg.c:2025 0x3ffb656c: in_left: 5, nb_want: 43

I (5010) mbedtls: ssl_msg.c:2028 0x3ffb656c: ssl->f_recv(_timeout)() returned 38 (-0xffffffda)

I (5010) mbedtls: ssl_msg.c:2050 0x3ffb656c: <= fetch input

I (5010) mbedtls: ssl_msg.c:1301 0x3ffb656c: => decrypt buf

I (5010) mbedtls: ssl_msg.c:1831 0x3ffb656c: <= decrypt buf

I (5010) mbedtls: ssl_msg.c:4112 0x3ffb656c: <= read record

I (5010) mbedtls: ssl_msg.c:5823 0x3ffb656c: <= read

[phase-a] app-echo #0 rtt=7826 us payload=14 B
I (5010) mbedtls: ssl_msg.c:5925 0x3ffb656c: => write

I (5010) mbedtls: ssl_msg.c:2654 0x3ffb656c: => write record

I (5010) mbedtls: ssl_msg.c:808 0x3ffb656c: => encrypt buf

D (5010) mbedtls: ssl_msg.c:1036 0x3ffb656c: before encrypt: msglen = 14, including 0 bytes of padding

I (5010) mbedtls: ssl_msg.c:1265 0x3ffb656c: <= encrypt buf

D (5010) mbedtls: ssl_msg.c:2737 0x3ffb656c: output record: msgtype = 23, version = [3:3], msglen = 38

I (5010) mbedtls: ssl_msg.c:2063 0x3ffb656c: => flush output

I (5010) mbedtls: ssl_msg.c:2077 0x3ffb656c: message length: 43, out_left: 43

I (5010) mbedtls: ssl_msg.c:2084 0x3ffb656c: ssl->f_send() returned 43 (-0xffffffd5)

I (5010) mbedtls: ssl_msg.c:2111 0x3ffb656c: <= flush output

I (5010) mbedtls: ssl_msg.c:2790 0x3ffb656c: <= write record

I (5010) mbedtls: ssl_msg.c:5947 0x3ffb656c: <= write

I (5010) mbedtls: ssl_msg.c:5663 0x3ffb656c: => read

I (5010) mbedtls: ssl_msg.c:4040 0x3ffb656c: => read record

I (5010) mbedtls: ssl_msg.c:1865 0x3ffb656c: => fetch input

I (5010) mbedtls: ssl_msg.c:2005 0x3ffb656c: in_left: 0, nb_want: 5

I (5010) mbedtls: ssl_msg.c:2025 0x3ffb656c: in_left: 0, nb_want: 5

I (5010) mbedtls: ssl_msg.c:2028 0x3ffb656c: ssl->f_recv(_timeout)() returned 5 (-0xfffffffb)

I (5010) mbedtls: ssl_msg.c:2050 0x3ffb656c: <= fetch input

D (5010) mbedtls: ssl_msg.c:3707 0x3ffb656c: input record: msgtype = 23, version = [0x303], msglen = 38

I (5020) mbedtls: ssl_msg.c:1865 0x3ffb656c: => fetch input

I (5020) mbedtls: ssl_msg.c:2005 0x3ffb656c: in_left: 5, nb_want: 43

I (5020) mbedtls: ssl_msg.c:2025 0x3ffb656c: in_left: 5, nb_want: 43

I (5020) mbedtls: ssl_msg.c:2028 0x3ffb656c: ssl->f_recv(_timeout)() returned 38 (-0xffffffda)

I (5020) mbedtls: ssl_msg.c:2050 0x3ffb656c: <= fetch input

I (5020) mbedtls: ssl_msg.c:1301 0x3ffb656c: => decrypt buf

I (5020) mbedtls: ssl_msg.c:1831 0x3ffb656c: <= decrypt buf

I (5020) mbedtls: ssl_msg.c:4112 0x3ffb656c: <= read record

I (5020) mbedtls: ssl_msg.c:5823 0x3ffb656c: <= read

[phase-a] app-echo #1 rtt=4412 us payload=14 B
I (5020) mbedtls: ssl_msg.c:5925 0x3ffb656c: => write

I (5020) mbedtls: ssl_msg.c:2654 0x3ffb656c: => write record

I (5020) mbedtls: ssl_msg.c:808 0x3ffb656c: => encrypt buf

D (5020) mbedtls: ssl_msg.c:1036 0x3ffb656c: before encrypt: msglen = 14, including 0 bytes of padding

I (5020) mbedtls: ssl_msg.c:1265 0x3ffb656c: <= encrypt buf

D (5020) mbedtls: ssl_msg.c:2737 0x3ffb656c: output record: msgtype = 23, version = [3:3], msglen = 38

I (5020) mbedtls: ssl_msg.c:2063 0x3ffb656c: => flush output

I (5020) mbedtls: ssl_msg.c:2077 0x3ffb656c: message length: 43, out_left: 43

I (5020) mbedtls: ssl_msg.c:2084 0x3ffb656c: ssl->f_send() returned 43 (-0xffffffd5)

I (5020) mbedtls: ssl_msg.c:2111 0x3ffb656c: <= flush output

I (5020) mbedtls: ssl_msg.c:2790 0x3ffb656c: <= write record

I (5020) mbedtls: ssl_msg.c:5947 0x3ffb656c: <= write

I (5020) mbedtls: ssl_msg.c:5663 0x3ffb656c: => read

I (5020) mbedtls: ssl_msg.c:4040 0x3ffb656c: => read record

I (5020) mbedtls: ssl_msg.c:1865 0x3ffb656c: => fetch input

I (5020) mbedtls: ssl_msg.c:2005 0x3ffb656c: in_left: 0, nb_want: 5

I (5020) mbedtls: ssl_msg.c:2025 0x3ffb656c: in_left: 0, nb_want: 5

I (5020) mbedtls: ssl_msg.c:2028 0x3ffb656c: ssl->f_recv(_timeout)() returned 5 (-0xfffffffb)

I (5020) mbedtls: ssl_msg.c:2050 0x3ffb656c: <= fetch input

D (5020) mbedtls: ssl_msg.c:3707 0x3ffb656c: input record: msgtype = 23, version = [0x303], msglen = 38

I (5020) mbedtls: ssl_msg.c:1865 0x3ffb656c: => fetch input

I (5020) mbedtls: ssl_msg.c:2005 0x3ffb656c: in_left: 5, nb_want: 43

I (5020) mbedtls: ssl_msg.c:2025 0x3ffb656c: in_left: 5, nb_want: 43

I (5020) mbedtls: ssl_msg.c:2028 0x3ffb656c: ssl->f_recv(_timeout)() returned 38 (-0xffffffda)

I (5020) mbedtls: ssl_msg.c:2050 0x3ffb656c: <= fetch input

I (5020) mbedtls: ssl_msg.c:1301 0x3ffb656c: => decrypt buf

I (5020) mbedtls: ssl_msg.c:1831 0x3ffb656c: <= decrypt buf

I (5020) mbedtls: ssl_msg.c:4112 0x3ffb656c: <= read record

I (5020) mbedtls: ssl_msg.c:5823 0x3ffb656c: <= read

[phase-a] app-echo #2 rtt=4362 us payload=14 B
I (5020) mbedtls: ssl_msg.c:5925 0x3ffb656c: => write

I (5020) mbedtls: ssl_msg.c:2654 0x3ffb656c: => write record

I (5020) mbedtls: ssl_msg.c:808 0x3ffb656c: => encrypt buf

D (5020) mbedtls: ssl_msg.c:1036 0x3ffb656c: before encrypt: msglen = 14, including 0 bytes of padding

I (5020) mbedtls: ssl_msg.c:1265 0x3ffb656c: <= encrypt buf

D (5020) mbedtls: ssl_msg.c:2737 0x3ffb656c: output record: msgtype = 23, version = [3:3], msglen = 38

I (5020) mbedtls: ssl_msg.c:2063 0x3ffb656c: => flush output

I (5020) mbedtls: ssl_msg.c:2077 0x3ffb656c: message length: 43, out_left: 43

I (5020) mbedtls: ssl_msg.c:2084 0x3ffb656c: ssl->f_send() returned 43 (-0xffffffd5)

I (5020) mbedtls: ssl_msg.c:2111 0x3ffb656c: <= flush output

I (5020) mbedtls: ssl_msg.c:2790 0x3ffb656c: <= write record

I (5020) mbedtls: ssl_msg.c:5947 0x3ffb656c: <= write

I (5020) mbedtls: ssl_msg.c:5663 0x3ffb656c: => read

I (5020) mbedtls: ssl_msg.c:4040 0x3ffb656c: => read record

I (5020) mbedtls: ssl_msg.c:1865 0x3ffb656c: => fetch input

I (5020) mbedtls: ssl_msg.c:2005 0x3ffb656c: in_left: 0, nb_want: 5

I (5020) mbedtls: ssl_msg.c:2025 0x3ffb656c: in_left: 0, nb_want: 5

I (5020) mbedtls: ssl_msg.c:2028 0x3ffb656c: ssl->f_recv(_timeout)() returned 5 (-0xfffffffb)

I (5020) mbedtls: ssl_msg.c:2050 0x3ffb656c: <= fetch input

D (5020) mbedtls: ssl_msg.c:3707 0x3ffb656c: input record: msgtype = 23, version = [0x303], msglen = 38

I (5020) mbedtls: ssl_msg.c:1865 0x3ffb656c: => fetch input

I (5020) mbedtls: ssl_msg.c:2005 0x3ffb656c: in_left: 5, nb_want: 43

I (5020) mbedtls: ssl_msg.c:2025 0x3ffb656c: in_left: 5, nb_want: 43

I (5020) mbedtls: ssl_msg.c:2028 0x3ffb656c: ssl->f_recv(_timeout)() returned 38 (-0xffffffda)

I (5020) mbedtls: ssl_msg.c:2050 0x3ffb656c: <= fetch input

I (5020) mbedtls: ssl_msg.c:1301 0x3ffb656c: => decrypt buf

I (5020) mbedtls: ssl_msg.c:1831 0x3ffb656c: <= decrypt buf

I (5030) mbedtls: ssl_msg.c:4112 0x3ffb656c: <= read record

I (5030) mbedtls: ssl_msg.c:5823 0x3ffb656c: <= read

[phase-a] app-echo #3 rtt=4341 us payload=14 B
I (5030) mbedtls: ssl_msg.c:5925 0x3ffb656c: => write

I (5030) mbedtls: ssl_msg.c:2654 0x3ffb656c: => write record

I (5030) mbedtls: ssl_msg.c:808 0x3ffb656c: => encrypt buf

D (5030) mbedtls: ssl_msg.c:1036 0x3ffb656c: before encrypt: msglen = 14, including 0 bytes of padding

I (5030) mbedtls: ssl_msg.c:1265 0x3ffb656c: <= encrypt buf

D (5030) mbedtls: ssl_msg.c:2737 0x3ffb656c: output record: msgtype = 23, version = [3:3], msglen = 38

I (5030) mbedtls: ssl_msg.c:2063 0x3ffb656c: => flush output

I (5030) mbedtls: ssl_msg.c:2077 0x3ffb656c: message length: 43, out_left: 43

I (5030) mbedtls: ssl_msg.c:2084 0x3ffb656c: ssl->f_send() returned 43 (-0xffffffd5)

I (5030) mbedtls: ssl_msg.c:2111 0x3ffb656c: <= flush output

I (5030) mbedtls: ssl_msg.c:2790 0x3ffb656c: <= write record

I (5030) mbedtls: ssl_msg.c:5947 0x3ffb656c: <= write

I (5030) mbedtls: ssl_msg.c:5663 0x3ffb656c: => read

I (5030) mbedtls: ssl_msg.c:4040 0x3ffb656c: => read record

I (5030) mbedtls: ssl_msg.c:1865 0x3ffb656c: => fetch input

I (5030) mbedtls: ssl_msg.c:2005 0x3ffb656c: in_left: 0, nb_want: 5

I (5030) mbedtls: ssl_msg.c:2025 0x3ffb656c: in_left: 0, nb_want: 5

I (5030) mbedtls: ssl_msg.c:2028 0x3ffb656c: ssl->f_recv(_timeout)() returned 5 (-0xfffffffb)

I (5030) mbedtls: ssl_msg.c:2050 0x3ffb656c: <= fetch input

D (5030) mbedtls: ssl_msg.c:3707 0x3ffb656c: input record: msgtype = 23, version = [0x303], msglen = 38

I (5030) mbedtls: ssl_msg.c:1865 0x3ffb656c: => fetch input

I (5030) mbedtls: ssl_msg.c:2005 0x3ffb656c: in_left: 5, nb_want: 43

I (5030) mbedtls: ssl_msg.c:2025 0x3ffb656c: in_left: 5, nb_want: 43

I (5030) mbedtls: ssl_msg.c:2028 0x3ffb656c: ssl->f_recv(_timeout)() returned 38 (-0xffffffda)

I (5030) mbedtls: ssl_msg.c:2050 0x3ffb656c: <= fetch input

I (5030) mbedtls: ssl_msg.c:1301 0x3ffb656c: => decrypt buf

I (5030) mbedtls: ssl_msg.c:1831 0x3ffb656c: <= decrypt buf

I (5030) mbedtls: ssl_msg.c:4112 0x3ffb656c: <= read record

I (5030) mbedtls: ssl_msg.c:5823 0x3ffb656c: <= read

[phase-a] app-echo #4 rtt=4251 us payload=14 B
[mem] post-session           free=201788 largest=110592 min-ever=192068
[mem-tick] t=    3561 ms phase=closing      free=227700
[mem-tick] t=    3661 ms phase=closing      free=227720
[mem-tick] t=    3761 ms phase=closing      free=227720
[mem-tick] t=    3861 ms phase=closing      free=227720
[mem-tick] t=    3961 ms phase=closing      free=227720
[ledger] CLOSED(EC): free now=227720, before-this-phase=227720, retained=0
[mem-tick] t=    4061 ms phase=EC-settled   free=227720
[mem-tick] t=    4161 ms phase=EC-settled   free=227720
[mem-tick] t=    4261 ms phase=EC-settled   free=227720
[mem-tick] t=    4361 ms phase=EC-settled   free=227720
[mem] settled                free=227720 largest=110592 min-ever=192068

===== PHASE D: throughput plain-vs-tls (3 rounds interleaved, 1024B x 2048 msgs each) =====
W (5930) esp-tls-mbedtls: skip_common_name=true: hostname matching and SNI disabled. This disables ALL server-name authentication (CN/SAN/SNI), not just CN. Only intended for loopback / debug clients.
D (5930) esp-tls: handshake in progress...
I (5930) mbedtls: ssl_tls.c:4282 0x3ffc64a8: => handshake

I (5930) mbedtls: ssl_msg.c:2063 0x3ffc64a8: => flush output

I (5930) mbedtls: ssl_msg.c:2072 0x3ffc64a8: <= flush output

I (5930) mbedtls: ssl_tls.c:4201 0x3ffc64a8: client state: MBEDTLS_SSL_HELLO_REQUEST

D (5930) mbedtls: ssl_misc.h:1295 0x3ffc64a8: handshake state: 0 (MBEDTLS_SSL_HELLO_REQUEST) -> 1 (MBEDTLS_SSL_CLIENT_HELLO)

I (5930) mbedtls: ssl_msg.c:2063 0x3ffc64a8: => flush output

I (5940) mbedtls: ssl_msg.c:2072 0x3ffc64a8: <= flush output

I (5940) mbedtls: ssl_tls.c:4201 0x3ffc64a8: client state: MBEDTLS_SSL_CLIENT_HELLO

I (5940) mbedtls: ssl_client.c:917 0x3ffc64a8: => write client hello

D (5940) mbedtls: ssl_client.c:722 0x3ffc64a8: client hello, current time: 4

D (5940) mbedtls: ssl_client.c:485 0x3ffc64a8: dumping 'client hello, random bytes' (32 bytes)

D (5940) mbedtls: ssl_client.c:485 0x3ffc64a8: 0000:  00 00 00 04 72 63 14 a4 a2 5f e1 f1 7f 57 4b 3f  ....rc..._...WK?

D (5940) mbedtls: ssl_client.c:485 0x3ffc64a8: 0010:  24 69 a7 03 f3 1c cf bf d6 16 55 b1 04 4c ea cd  $i........U..L..

D (5950) mbedtls: ssl_client.c:510 0x3ffc64a8: dumping 'session id' (0 bytes)

D (5950) mbedtls: ssl_client.c:368 0x3ffc64a8: client hello, add ciphersuite: c02c, TLS-ECDHE-ECDSA-WITH-AES-256-GCM-SHA384

D (5950) mbedtls: ssl_client.c:368 0x3ffc64a8: client hello, add ciphersuite: c030, TLS-ECDHE-RSA-WITH-AES-256-GCM-SHA384

D (5950) mbedtls: ssl_client.c:368 0x3ffc64a8: client hello, add ciphersuite: c0ad, TLS-ECDHE-ECDSA-WITH-AES-256-CCM

D (5950) mbedtls: ssl_client.c:368 0x3ffc64a8: client hello, add ciphersuite: c024, TLS-ECDHE-ECDSA-WITH-AES-256-CBC-SHA384

D (5950) mbedtls: ssl_client.c:368 0x3ffc64a8: client hello, add ciphersuite: c028, TLS-ECDHE-RSA-WITH-AES-256-CBC-SHA384

D (5950) mbedtls: ssl_client.c:368 0x3ffc64a8: client hello, add ciphersuite: c00a, TLS-ECDHE-ECDSA-WITH-AES-256-CBC-SHA

D (5960) mbedtls: ssl_client.c:368 0x3ffc64a8: client hello, add ciphersuite: c014, TLS-ECDHE-RSA-WITH-AES-256-CBC-SHA

D (5960) mbedtls: ssl_client.c:368 0x3ffc64a8: client hello, add ciphersuite: c0af, TLS-ECDHE-ECDSA-WITH-AES-256-CCM-8

D (5960) mbedtls: ssl_client.c:368 0x3ffc64a8: client hello, add ciphersuite: c02b, TLS-ECDHE-ECDSA-WITH-AES-128-GCM-SHA256

D (5960) mbedtls: ssl_client.c:368 0x3ffc64a8: client hello, add ciphersuite: c02f, TLS-ECDHE-RSA-WITH-AES-128-GCM-SHA256

D (5960) mbedtls: ssl_client.c:368 0x3ffc64a8: client hello, add ciphersuite: c0ac, TLS-ECDHE-ECDSA-WITH-AES-128-CCM

D (5960) mbedtls: ssl_client.c:368 0x3ffc64a8: client hello, add ciphersuite: c023, TLS-ECDHE-ECDSA-WITH-AES-128-CBC-SHA256

D (5960) mbedtls: ssl_client.c:368 0x3ffc64a8: client hello, add ciphersuite: c027, TLS-ECDHE-RSA-WITH-AES-128-CBC-SHA256

D (5970) mbedtls: ssl_client.c:368 0x3ffc64a8: client hello, add ciphersuite: c009, TLS-ECDHE-ECDSA-WITH-AES-128-CBC-SHA

D (5970) mbedtls: ssl_client.c:368 0x3ffc64a8: client hello, add ciphersuite: c013, TLS-ECDHE-RSA-WITH-AES-128-CBC-SHA

D (5980) mbedtls: ssl_client.c:368 0x3ffc64a8: client hello, add ciphersuite: c0ae, TLS-ECDHE-ECDSA-WITH-AES-128-CCM-8

D (5980) mbedtls: ssl_client.c:386 0x3ffc64a8: adding EMPTY_RENEGOTIATION_INFO_SCSV

D (5980) mbedtls: ssl_client.c:395 0x3ffc64a8: client hello, got 17 cipher suites

D (5990) mbedtls: ssl_client.c:229 0x3ffc64a8: client hello, adding supported_groups extension

D (6000) mbedtls: ssl_client.c:248 0x3ffc64a8: got supported group(001d)

D (6000) mbedtls: ssl_client.c:280 0x3ffc64a8: NamedGroup: x25519 ( 1d )

D (6000) mbedtls: ssl_client.c:248 0x3ffc64a8: got supported group(0017)

D (6010) mbedtls: ssl_client.c:280 0x3ffc64a8: NamedGroup: secp256r1 ( 17 )

D (6010) mbedtls: ssl_client.c:248 0x3ffc64a8: got supported group(0018)

D (6020) mbedtls: ssl_client.c:280 0x3ffc64a8: NamedGroup: secp384r1 ( 18 )

D (6020) mbedtls: ssl_client.c:248 0x3ffc64a8: got supported group(001e)

D (6020) mbedtls: ssl_client.c:280 0x3ffc64a8: NamedGroup: x448 ( 1e )

D (6020) mbedtls: ssl_client.c:248 0x3ffc64a8: got supported group(0019)

D (6020) mbedtls: ssl_client.c:280 0x3ffc64a8: NamedGroup: secp521r1 ( 19 )

D (6020) mbedtls: ssl_client.c:248 0x3ffc64a8: got supported group(001a)

D (6020) mbedtls: ssl_client.c:280 0x3ffc64a8: NamedGroup: bp256r1 ( 1a )

D (6020) mbedtls: ssl_client.c:248 0x3ffc64a8: got supported group(001b)

D (6020) mbedtls: ssl_client.c:280 0x3ffc64a8: NamedGroup: bp384r1 ( 1b )

D (6020) esp-tls-mbedtls: No custom cipher suites provided - using default
D (6020) mbedtls: ssl_client.c:248 0x3ffc64a8: got supported group(001c)

D (6020) mbedtls: ssl_client.c:280 0x3ffc64a8: NamedGroup: bp512r1 ( 1c )

D (6020) mbedtls: ssl_client.c:248 0x3ffc64a8: got supported group(0100)

D (6020) mbedtls: ssl_client.c:248 0x3ffc64a8: got supported group(0101)

D (6020) mbedtls: ssl_client.c:248 0x3ffc64a8: got supported group(0102)

D (6020) mbedtls: ssl_client.c:248 0x3ffc64a8: got supported group(0103)

D (6020) mbedtls: ssl_client.c:248 0x3ffc64a8: got supported group(0104)

D (6020) mbedtls: ssl_client.c:300 0x3ffc64a8: dumping 'Supported groups extension' (18 bytes)

I (6020) mbedtls: ssl_tls.c:4282 0x3ffcd2c0: => handshake

D (6020) mbedtls: ssl_client.c:300 0x3ffc64a8: 0000:  00 10 00 1d 00 17 00 18 00 1e 00 19 00 1a 00 1b  ................

I (6020) mbedtls: ssl_msg.c:2063 0x3ffcd2c0: => flush output

D (6020) mbedtls: ssl_client.c:300 0x3ffc64a8: 0010:  00 1c                                            ..

D (6020) mbedtls: ssl_tls.c:8276 0x3ffc64a8: adding signature_algorithms extension

I (6020) mbedtls: ssl_msg.c:2072 0x3ffcd2c0: <= flush output

D (6020) mbedtls: ssl_tls.c:8296 0x3ffc64a8: got signature scheme [603] ecdsa_secp521r1_sha512

D (6020) mbedtls: ssl_tls.c:8305 0x3ffc64a8: sent signature scheme [603] ecdsa_secp521r1_sha512

I (6020) mbedtls: ssl_tls12_server.c:3429 0x3ffcd2c0: server state: 0

D (6020) mbedtls: ssl_tls.c:8296 0x3ffc64a8: got signature scheme [806] rsa_pss_rsae_sha512

D (6020) mbedtls: ssl_tls.c:8296 0x3ffc64a8: got signature scheme [601] rsa_pkcs1_sha512

D (6020) mbedtls: ssl_misc.h:1295 0x3ffcd2c0: handshake state: 0 (MBEDTLS_SSL_HELLO_REQUEST) -> 1 (MBEDTLS_SSL_CLIENT_HELLO)

D (6020) mbedtls: ssl_tls.c:8305 0x3ffc64a8: sent signature scheme [601] rsa_pkcs1_sha512

D (6020) mbedtls: ssl_tls.c:8296 0x3ffc64a8: got signature scheme [503] ecdsa_secp384r1_sha384

I (6020) mbedtls: ssl_msg.c:2063 0x3ffcd2c0: => flush output

D (6020) mbedtls: ssl_tls.c:8305 0x3ffc64a8: sent signature scheme [503] ecdsa_secp384r1_sha384

D (6020) mbedtls: ssl_tls.c:8296 0x3ffc64a8: got signature scheme [805] rsa_pss_rsae_sha384

I (6020) mbedtls: ssl_msg.c:2072 0x3ffcd2c0: <= flush output

D (6020) mbedtls: ssl_tls.c:8296 0x3ffc64a8: got signature scheme [501] rsa_pkcs1_sha384

D (6020) mbedtls: ssl_tls.c:8305 0x3ffc64a8: sent signature scheme [501] rsa_pkcs1_sha384

I (6020) mbedtls: ssl_tls12_server.c:3429 0x3ffcd2c0: server state: 1

D (6020) mbedtls: ssl_tls.c:8296 0x3ffc64a8: got signature scheme [403] ecdsa_secp256r1_sha256

D (6020) mbedtls: ssl_tls.c:8305 0x3ffc64a8: sent signature scheme [403] ecdsa_secp256r1_sha256

I (6020) mbedtls: ssl_tls12_server.c:870 0x3ffcd2c0: => parse client hello

D (6020) mbedtls: ssl_tls.c:8296 0x3ffc64a8: got signature scheme [804] rsa_pss_rsae_sha256

D (6020) mbedtls: ssl_tls.c:8296 0x3ffc64a8: got signature scheme [401] rsa_pkcs1_sha256

I (6020) mbedtls: ssl_msg.c:4040 0x3ffcd2c0: => read record

D (6020) mbedtls: ssl_tls.c:8305 0x3ffc64a8: sent signature scheme [401] rsa_pkcs1_sha256

I (6020) mbedtls: ssl_msg.c:1865 0x3ffcd2c0: => fetch input

D (6020) mbedtls: ssl_tls12_client.c:103 0x3ffc64a8: client hello, adding supported_point_formats extension

D (6020) mbedtls: ssl_tls12_client.c:287 0x3ffc64a8: client hello, adding encrypt_then_mac extension

I (6020) mbedtls: ssl_msg.c:2005 0x3ffcd2c0: in_left: 0, nb_want: 5

D (6020) mbedtls: ssl_tls12_client.c:319 0x3ffc64a8: client hello, adding extended_master_secret extension

D (6020) mbedtls: ssl_tls12_client.c:352 0x3ffc64a8: client hello, adding session ticket extension

[mem-tick] t=    4473 ms phase=thr-setup    free=194104
D (6020) mbedtls: ssl_client.c:687 0x3ffc64a8: client hello, total extension length: 58

D (6030) mbedtls: ssl_client.c:689 0x3ffc64a8: dumping 'client hello extensions' (58 bytes)

D (6030) mbedtls: ssl_client.c:689 0x3ffc64a8: 0000:  00 3a 00 0a 00 12 00 10 00 1d 00 17 00 18 00 1e  .:..............

D (6030) mbedtls: ssl_client.c:689 0x3ffc64a8: 0010:  00 19 00 1a 00 1b 00 1c 00 0d 00 0e 00 0c 06 03  ................

D (6030) mbedtls: ssl_client.c:689 0x3ffc64a8: 0020:  06 01 05 03 05 01 04 03 04 01 00 0b 00 02 01 00  ................

D (6030) mbedtls: ssl_client.c:689 0x3ffc64a8: 0030:  00 16 00 00 00 17 00 00 00 23                    .........#

I (6030) mbedtls: ssl_msg.c:2494 0x3ffc64a8: => write handshake message

I (6030) mbedtls: ssl_msg.c:2654 0x3ffc64a8: => write record

D (6030) mbedtls: ssl_msg.c:2737 0x3ffc64a8: output record: msgtype = 22, version = [3:3], msglen = 137

I (6030) mbedtls: ssl_msg.c:2790 0x3ffc64a8: <= write record

I (6030) mbedtls: ssl_msg.c:2615 0x3ffc64a8: <= write handshake message

D (6030) mbedtls: ssl_misc.h:1295 0x3ffc64a8: handshake state: 1 (MBEDTLS_SSL_CLIENT_HELLO) -> 2 (MBEDTLS_SSL_SERVER_HELLO)

I (6030) mbedtls: ssl_client.c:1010 0x3ffc64a8: <= write client hello

I (6030) mbedtls: ssl_msg.c:2063 0x3ffc64a8: => flush output

I (6030) mbedtls: ssl_msg.c:2077 0x3ffc64a8: message length: 142, out_left: 142

I (6030) mbedtls: ssl_msg.c:2084 0x3ffc64a8: ssl->f_send() returned 142 (-0xffffff72)

I (6030) mbedtls: ssl_msg.c:2025 0x3ffcd2c0: in_left: 0, nb_want: 5

I (6030) mbedtls: ssl_msg.c:2111 0x3ffc64a8: <= flush output

I (6030) mbedtls: ssl_tls.c:4201 0x3ffc64a8: client state: MBEDTLS_SSL_SERVER_HELLO

I (6030) mbedtls: ssl_tls12_client.c:1151 0x3ffc64a8: => parse server hello

I (6030) mbedtls: ssl_msg.c:4040 0x3ffc64a8: => read record

I (6030) mbedtls: ssl_msg.c:1865 0x3ffc64a8: => fetch input

I (6030) mbedtls: ssl_msg.c:2005 0x3ffc64a8: in_left: 0, nb_want: 5

I (6030) mbedtls: ssl_msg.c:2028 0x3ffcd2c0: ssl->f_recv(_timeout)() returned 5 (-0xfffffffb)

I (6030) mbedtls: ssl_msg.c:2050 0x3ffcd2c0: <= fetch input

D (6030) mbedtls: ssl_msg.c:3707 0x3ffcd2c0: input record: msgtype = 22, version = [0x303], msglen = 137

I (6030) mbedtls: ssl_msg.c:1865 0x3ffcd2c0: => fetch input

I (6030) mbedtls: ssl_msg.c:2005 0x3ffcd2c0: in_left: 5, nb_want: 142

I (6030) mbedtls: ssl_msg.c:2025 0x3ffcd2c0: in_left: 5, nb_want: 142

I (6030) mbedtls: ssl_msg.c:2028 0x3ffcd2c0: ssl->f_recv(_timeout)() returned 137 (-0xffffff77)

I (6030) mbedtls: ssl_msg.c:2050 0x3ffcd2c0: <= fetch input

D (6030) mbedtls: ssl_msg.c:2948 0x3ffcd2c0: handshake message: msglen = 137, type = 1, hslen = 137

D (6030) mbedtls: ssl_msg.c:3085 0x3ffcd2c0: sole handshake fragment: 137, 0..137 of 137

I (6030) mbedtls: ssl_msg.c:4112 0x3ffcd2c0: <= read record

D (6030) mbedtls: ssl_tls12_server.c:981 0x3ffcd2c0: dumping 'client hello, version' (2 bytes)

D (6030) mbedtls: ssl_tls12_server.c:981 0x3ffcd2c0: 0000:  03 03                                            ..

D (6030) mbedtls: ssl_tls12_server.c:998 0x3ffcd2c0: dumping 'client hello, random bytes' (32 bytes)

D (6030) mbedtls: ssl_tls12_server.c:998 0x3ffcd2c0: 0000:  00 00 00 04 72 63 14 a4 a2 5f e1 f1 7f 57 4b 3f  ....rc..._...WK?

D (6030) mbedtls: ssl_tls12_server.c:998 0x3ffcd2c0: 0010:  24 69 a7 03 f3 1c cf bf d6 16 55 b1 04 4c ea cd  $i........U..L..

D (6030) mbedtls: ssl_tls12_server.c:1015 0x3ffcd2c0: dumping 'client hello, session id' (0 bytes)

D (6030) mbedtls: ssl_tls12_server.c:1088 0x3ffcd2c0: dumping 'client hello, ciphersuitelist' (34 bytes)

D (6030) mbedtls: ssl_tls12_server.c:1088 0x3ffcd2c0: 0000:  c0 2c c0 30 c0 ad c0 24 c0 28 c0 0a c0 14 c0 af  .,.0...$.(......

D (6030) mbedtls: ssl_tls12_server.c:1088 0x3ffcd2c0: 0010:  c0 2b c0 2f c0 ac c0 23 c0 27 c0 09 c0 13 c0 ae  .+./...#.'......

D (6030) mbedtls: ssl_tls12_server.c:1088 0x3ffcd2c0: 0020:  00 ff                                            ..

D (6030) mbedtls: ssl_tls12_server.c:1110 0x3ffcd2c0: dumping 'client hello, compression' (1 bytes)

D (6030) mbedtls: ssl_tls12_server.c:1110 0x3ffcd2c0: 0000:  00                                               .

D (6030) mbedtls: ssl_tls12_server.c:1138 0x3ffcd2c0: dumping 'client hello extensions' (58 bytes)

D (6030) mbedtls: ssl_tls12_server.c:1138 0x3ffcd2c0: 0000:  00 0a 00 12 00 10 00 1d 00 17 00 18 00 1e 00 19  ................

D (6030) mbedtls: ssl_tls12_server.c:1138 0x3ffcd2c0: 0010:  00 1a 00 1b 00 1c 00 0d 00 0e 00 0c 06 03 06 01  ................

D (6030) mbedtls: ssl_tls12_server.c:1138 0x3ffcd2c0: 0020:  05 03 05 01 04 03 04 01 00 0b 00 02 01 00 00 16  ................

D (6030) mbedtls: ssl_tls12_server.c:1138 0x3ffcd2c0: 0030:  00 00 00 17 00 00 00 23 00 00                    .......#..

D (6030) mbedtls: ssl_tls12_server.c:1199 0x3ffcd2c0: found supported elliptic curves extension

D (6030) mbedtls: ssl_tls12_server.c:1184 0x3ffcd2c0: found signature_algorithms extension

D (6030) mbedtls: ssl_tls12_server.c:1208 0x3ffcd2c0: found supported point formats extension

D (6030) mbedtls: ssl_tls12_server.c:1255 0x3ffcd2c0: found encrypt then mac extension

D (6030) mbedtls: ssl_tls12_server.c:1266 0x3ffcd2c0: found extended master secret extension

D (6040) mbedtls: ssl_tls12_server.c:1277 0x3ffcd2c0: found session ticket extension

D (6040) mbedtls: ssl_tls12_server.c:1356 0x3ffcd2c0: received TLS_EMPTY_RENEGOTIATION_INFO 

D (6040) mbedtls: ssl_tls12_server.c:768 0x3ffcd2c0: trying ciphersuite: 0xc02c (TLS-ECDHE-ECDSA-WITH-AES-256-GCM-SHA384)

D (6040) mbedtls: ssl_tls12_server.c:677 0x3ffcd2c0: ciphersuite requires certificate

D (6040) mbedtls: ssl_tls12_server.c:686 0x3ffcd2c0: candidate certificate chain, certificate #1:

D (6040) mbedtls: ssl_tls12_server.c:686 0x3ffcd2c0: cert. version     : 3

D (6040) mbedtls: ssl_tls12_server.c:686 0x3ffcd2c0: serial number     : 77:66:A5:9D:AF:14:9E:F2:03:F7:3C:2B:1A:5C:81:86:F8:A3:4E:52

D (6040) mbedtls: ssl_tls12_server.c:686 0x3ffcd2c0: issuer name       : CN=localhost

D (6040) mbedtls: ssl_tls12_server.c:686 0x3ffcd2c0: subject name      : CN=localhost

D (6040) mbedtls: ssl_tls12_server.c:686 0x3ffcd2c0: issued  on        : 2026-08-26 20:20:30

D (6040) mbedtls: ssl_tls12_server.c:686 0x3ffcd2c0: expires on        : 2026-09-25 20:20:30

D (6040) mbedtls: ssl_tls12_server.c:686 0x3ffcd2c0: signed using      : RSA with SHA-256

D (6040) mbedtls: ssl_tls12_server.c:686 0x3ffcd2c0: RSA key size      : 2048 bits

D (6040) mbedtls: ssl_tls12_server.c:686 0x3ffcd2c0: basic constraints : CA=true

D (6040) mbedtls: ssl_tls12_server.c:686 0x3ffcd2c0: dumping 'crt->PK' (270 bytes)

D (6040) mbedtls: ssl_tls12_server.c:686 0x3ffcd2c0: 0000:  30 82 01 0a 02 82 01 01 00 dd 03 19 3e 8f 4a 05

D (6040) mbedtls: ssl_tls12_server.c:686 0x3ffcd2c0: 0010:  9c d6 74 e1 46 bc 40 7a 7e af 78 09 38 f6 d0 1c

D (6040) mbedtls: ssl_tls12_server.c:686 0x3ffcd2c0: 0020:  9d e4 2b 18 4c a1 87 f6 83 55 82 2d e0 21 fb b2

D (6040) mbedtls: ssl_tls12_server.c:686 0x3ffcd2c0: 0030:  00 2f 9b 98 36 24 73 47 a2 11 bb 50 05 1c 9e 40

D (6040) mbedtls: ssl_tls12_server.c:686 0x3ffcd2c0: 0040:  41 c9 de 81 7e a1 eb 82 48 35 d0 51 24 0d 22 bd

D (6040) mbedtls: ssl_tls12_server.c:686 0x3ffcd2c0: 0050:  7e c7 0b 60 74 e2 60 3e 76 de c1 3d b5 9f e9 d2

D (6040) mbedtls: ssl_tls12_server.c:686 0x3ffcd2c0: 0060:  ac 90 d3 84 2a 75 7c 41 8a 11 14 c8 bc 09 7b 9d

D (6040) mbedtls: ssl_tls12_server.c:686 0x3ffcd2c0: 0070:  45 54 95 c1 50 05 be f1 34 c0 05 55 f5 a2 b3 a8

D (6040) mbedtls: ssl_tls12_server.c:686 0x3ffcd2c0: 0080:  24 f6 ab 22 df 72 97 ef b5 8f e4 fe 49 be 4f c1

D (6040) mbedtls: ssl_tls12_server.c:686 0x3ffcd2c0: 0090:  08 e0 39 7a cd ba 74 2e d1 20 74 ad 6b 59 ab 86

D (6040) mbedtls: ssl_tls12_server.c:686 0x3ffcd2c0: 00a0:  5d 29 ab 81 f0 c1 22 3f 01 b9 0b a1 fb ee 70 9f

D (6040) mbedtls: ssl_tls12_server.c:686 0x3ffcd2c0: 00b0:  eb 29 5e 9f 1d 6a 0d dc 65 fd 5e 5d 38 0c 1a c3

D (6040) mbedtls: ssl_tls12_server.c:686 0x3ffcd2c0: 00c0:  ae b7 b7 2f 66 23 82 80 ab 7d 69 7c 8f 95 ab e8

D (6040) mbedtls: ssl_tls12_server.c:686 0x3ffcd2c0: 00d0:  c0 4d 21 42 7d 78 c8 25 8b 60 f6 0d 87 c9 f4 df

D (6040) mbedtls: ssl_tls12_server.c:686 0x3ffcd2c0: 00e0:  36 bf 16 7c 59 16 d1 09 ec 17 67 cf 5d 9f 8f 78

D (6040) mbedtls: ssl_tls12_server.c:686 0x3ffcd2c0: 00f0:  8c 3d d0 02 18 d5 bc a7 19 f4 51 fe 1d b3 20 40

D (6040) mbedtls: ssl_tls12_server.c:686 0x3ffcd2c0: 0100:  67 7e 3a cc 30 f3 8d a0 ef 02 03 01 00 01      

D (6040) mbedtls: ssl_tls12_server.c:700 0x3ffcd2c0: certificate mismatch: key type

D (6040) mbedtls: ssl_tls12_server.c:819 0x3ffcd2c0: ciphersuite mismatch: no suitable certificate

D (6040) mbedtls: ssl_tls12_server.c:768 0x3ffcd2c0: trying ciphersuite: 0xc030 (TLS-ECDHE-RSA-WITH-AES-256-GCM-SHA384)

D (6040) mbedtls: ssl_tls12_server.c:677 0x3ffcd2c0: ciphersuite requires certificate

D (6040) mbedtls: ssl_tls12_server.c:686 0x3ffcd2c0: candidate certificate chain, certificate #1:

D (6040) mbedtls: ssl_tls12_server.c:686 0x3ffcd2c0: cert. version     : 3

D (6040) mbedtls: ssl_tls12_server.c:686 0x3ffcd2c0: serial number     : 77:66:A5:9D:AF:14:9E:F2:03:F7:3C:2B:1A:5C:81:86:F8:A3:4E:52

D (6040) mbedtls: ssl_tls12_server.c:686 0x3ffcd2c0: issuer name       : CN=localhost

D (6040) mbedtls: ssl_tls12_server.c:686 0x3ffcd2c0: subject name      : CN=localhost

D (6040) mbedtls: ssl_tls12_server.c:686 0x3ffcd2c0: issued  on        : 2026-08-26 20:20:30

D (6040) mbedtls: ssl_tls12_server.c:686 0x3ffcd2c0: expires on        : 2026-09-25 20:20:30

D (6040) mbedtls: ssl_tls12_server.c:686 0x3ffcd2c0: signed using      : RSA with SHA-256

D (6040) mbedtls: ssl_tls12_server.c:686 0x3ffcd2c0: RSA key size      : 2048 bits

D (6040) mbedtls: ssl_tls12_server.c:686 0x3ffcd2c0: basic constraints : CA=true

D (6040) mbedtls: ssl_tls12_server.c:686 0x3ffcd2c0: dumping 'crt->PK' (270 bytes)

D (6040) mbedtls: ssl_tls12_server.c:686 0x3ffcd2c0: 0000:  30 82 01 0a 02 82 01 01 00 dd 03 19 3e 8f 4a 05

D (6040) mbedtls: ssl_tls12_server.c:686 0x3ffcd2c0: 0010:  9c d6 74 e1 46 bc 40 7a 7e af 78 09 38 f6 d0 1c

D (6040) mbedtls: ssl_tls12_server.c:686 0x3ffcd2c0: 0020:  9d e4 2b 18 4c a1 87 f6 83 55 82 2d e0 21 fb b2

D (6040) mbedtls: ssl_tls12_server.c:686 0x3ffcd2c0: 0030:  00 2f 9b 98 36 24 73 47 a2 11 bb 50 05 1c 9e 40

D (6040) mbedtls: ssl_tls12_server.c:686 0x3ffcd2c0: 0040:  41 c9 de 81 7e a1 eb 82 48 35 d0 51 24 0d 22 bd

D (6040) mbedtls: ssl_tls12_server.c:686 0x3ffcd2c0: 0050:  7e c7 0b 60 74 e2 60 3e 76 de c1 3d b5 9f e9 d2

D (6040) mbedtls: ssl_tls12_server.c:686 0x3ffcd2c0: 0060:  ac 90 d3 84 2a 75 7c 41 8a 11 14 c8 bc 09 7b 9d

D (6040) mbedtls: ssl_tls12_server.c:686 0x3ffcd2c0: 0070:  45 54 95 c1 50 05 be f1 34 c0 05 55 f5 a2 b3 a8

D (6040) mbedtls: ssl_tls12_server.c:686 0x3ffcd2c0: 0080:  24 f6 ab 22 df 72 97 ef b5 8f e4 fe 49 be 4f c1

D (6040) mbedtls: ssl_tls12_server.c:686 0x3ffcd2c0: 0090:  08 e0 39 7a cd ba 74 2e d1 20 74 ad 6b 59 ab 86

D (6040) mbedtls: ssl_tls12_server.c:686 0x3ffcd2c0: 00a0:  5d 29 ab 81 f0 c1 22 3f 01 b9 0b a1 fb ee 70 9f

D (6040) mbedtls: ssl_tls12_server.c:686 0x3ffcd2c0: 00b0:  eb 29 5e 9f 1d 6a 0d dc 65 fd 5e 5d 38 0c 1a c3

D (6040) mbedtls: ssl_tls12_server.c:686 0x3ffcd2c0: 00c0:  ae b7 b7 2f 66 23 82 80 ab 7d 69 7c 8f 95 ab e8

D (6040) mbedtls: ssl_tls12_server.c:686 0x3ffcd2c0: 00d0:  c0 4d 21 42 7d 78 c8 25 8b 60 f6 0d 87 c9 f4 df

D (6040) mbedtls: ssl_tls12_server.c:686 0x3ffcd2c0: 00e0:  36 bf 16 7c 59 16 d1 09 ec 17 67 cf 5d 9f 8f 78

D (6040) mbedtls: ssl_tls12_server.c:686 0x3ffcd2c0: 00f0:  8c 3d d0 02 18 d5 bc a7 19 f4 51 fe 1d b3 20 40

D (6040) mbedtls: ssl_tls12_server.c:686 0x3ffcd2c0: 0100:  67 7e 3a cc 30 f3 8d a0 ef 02 03 01 00 01      

D (6050) mbedtls: ssl_tls12_server.c:737 0x3ffcd2c0: selected certificate chain, certificate #1:

D (6050) mbedtls: ssl_tls12_server.c:737 0x3ffcd2c0: cert. version     : 3

D (6050) mbedtls: ssl_tls12_server.c:737 0x3ffcd2c0: serial number     : 77:66:A5:9D:AF:14:9E:F2:03:F7:3C:2B:1A:5C:81:86:F8:A3:4E:52

D (6050) mbedtls: ssl_tls12_server.c:737 0x3ffcd2c0: issuer name       : CN=localhost

D (6050) mbedtls: ssl_tls12_server.c:737 0x3ffcd2c0: subject name      : CN=localhost

D (6050) mbedtls: ssl_tls12_server.c:737 0x3ffcd2c0: issued  on        : 2026-08-26 20:20:30

D (6050) mbedtls: ssl_tls12_server.c:737 0x3ffcd2c0: expires on        : 2026-09-25 20:20:30

D (6050) mbedtls: ssl_tls12_server.c:737 0x3ffcd2c0: signed using      : RSA with SHA-256

D (6050) mbedtls: ssl_tls12_server.c:737 0x3ffcd2c0: RSA key size      : 2048 bits

D (6050) mbedtls: ssl_tls12_server.c:737 0x3ffcd2c0: basic constraints : CA=true

D (6050) mbedtls: ssl_tls12_server.c:737 0x3ffcd2c0: dumping 'crt->PK' (270 bytes)

D (6050) mbedtls: ssl_tls12_server.c:737 0x3ffcd2c0: 0000:  30 82 01 0a 02 82 01 01 00 dd 03 19 3e 8f 4a 05

D (6050) mbedtls: ssl_tls12_server.c:737 0x3ffcd2c0: 0010:  9c d6 74 e1 46 bc 40 7a 7e af 78 09 38 f6 d0 1c

D (6050) mbedtls: ssl_tls12_server.c:737 0x3ffcd2c0: 0020:  9d e4 2b 18 4c a1 87 f6 83 55 82 2d e0 21 fb b2

D (6050) mbedtls: ssl_tls12_server.c:737 0x3ffcd2c0: 0030:  00 2f 9b 98 36 24 73 47 a2 11 bb 50 05 1c 9e 40

D (6050) mbedtls: ssl_tls12_server.c:737 0x3ffcd2c0: 0040:  41 c9 de 81 7e a1 eb 82 48 35 d0 51 24 0d 22 bd

D (6050) mbedtls: ssl_tls12_server.c:737 0x3ffcd2c0: 0050:  7e c7 0b 60 74 e2 60 3e 76 de c1 3d b5 9f e9 d2

D (6050) mbedtls: ssl_tls12_server.c:737 0x3ffcd2c0: 0060:  ac 90 d3 84 2a 75 7c 41 8a 11 14 c8 bc 09 7b 9d

D (6050) mbedtls: ssl_tls12_server.c:737 0x3ffcd2c0: 0070:  45 54 95 c1 50 05 be f1 34 c0 05 55 f5 a2 b3 a8

D (6050) mbedtls: ssl_tls12_server.c:737 0x3ffcd2c0: 0080:  24 f6 ab 22 df 72 97 ef b5 8f e4 fe 49 be 4f c1

D (6050) mbedtls: ssl_tls12_server.c:737 0x3ffcd2c0: 0090:  08 e0 39 7a cd ba 74 2e d1 20 74 ad 6b 59 ab 86

D (6050) mbedtls: ssl_tls12_server.c:737 0x3ffcd2c0: 00a0:  5d 29 ab 81 f0 c1 22 3f 01 b9 0b a1 fb ee 70 9f

D (6050) mbedtls: ssl_tls12_server.c:737 0x3ffcd2c0: 00b0:  eb 29 5e 9f 1d 6a 0d dc 65 fd 5e 5d 38 0c 1a c3

D (6050) mbedtls: ssl_tls12_server.c:737 0x3ffcd2c0: 00c0:  ae b7 b7 2f 66 23 82 80 ab 7d 69 7c 8f 95 ab e8

D (6050) mbedtls: ssl_tls12_server.c:737 0x3ffcd2c0: 00d0:  c0 4d 21 42 7d 78 c8 25 8b 60 f6 0d 87 c9 f4 df

D (6050) mbedtls: ssl_tls12_server.c:737 0x3ffcd2c0: 00e0:  36 bf 16 7c 59 16 d1 09 ec 17 67 cf 5d 9f 8f 78

D (6050) mbedtls: ssl_tls12_server.c:737 0x3ffcd2c0: 00f0:  8c 3d d0 02 18 d5 bc a7 19 f4 51 fe 1d b3 20 40

D (6050) mbedtls: ssl_tls12_server.c:737 0x3ffcd2c0: 0100:  67 7e 3a cc 30 f3 8d a0 ef 02 03 01 00 01      

I (6050) mbedtls: ssl_tls12_server.c:1480 0x3ffcd2c0: selected ciphersuite: TLS-ECDHE-RSA-WITH-AES-256-GCM-SHA384

D (6050) mbedtls: ssl_misc.h:1295 0x3ffcd2c0: handshake state: 1 (MBEDTLS_SSL_CLIENT_HELLO) -> 2 (MBEDTLS_SSL_SERVER_HELLO)

D (6050) mbedtls: ssl_tls12_server.c:1500 0x3ffcd2c0: client hello v3, signature_algorithm ext: 6

I (6050) mbedtls: ssl_tls12_server.c:1508 0x3ffcd2c0: <= parse client hello

I (6050) mbedtls: ssl_msg.c:2063 0x3ffcd2c0: => flush output

I (6050) mbedtls: ssl_msg.c:2072 0x3ffcd2c0: <= flush output

I (6050) mbedtls: ssl_tls12_server.c:3429 0x3ffcd2c0: server state: 2

I (6050) mbedtls: ssl_tls12_server.c:1985 0x3ffcd2c0: => write server hello

D (6050) mbedtls: ssl_tls12_server.c:2010 0x3ffcd2c0: server hello, chosen version: [3:3]

D (6050) mbedtls: ssl_tls12_server.c:2018 0x3ffcd2c0: server hello, current time: 4

D (6050) mbedtls: ssl_tls12_server.c:2062 0x3ffcd2c0: dumping 'server hello, random bytes' (32 bytes)

D (6050) mbedtls: ssl_tls12_server.c:2062 0x3ffcd2c0: 0000:  00 00 00 04 34 33 a4 9c f4 79 d9 f8 05 ff c7 40  ....43...y.....@

D (6050) mbedtls: ssl_tls12_server.c:2062 0x3ffcd2c0: 0010:  cd da bd 56 aa fd 0f 55 d3 e7 ae 5a a9 c1 bd d6  ...V...U...Z....

D (6050) mbedtls: ssl_misc.h:1295 0x3ffcd2c0: handshake state: 2 (MBEDTLS_SSL_SERVER_HELLO) -> 3 (MBEDTLS_SSL_SERVER_CERTIFICATE)

D (6050) mbedtls: ssl_tls12_server.c:2115 0x3ffcd2c0: server hello, session id len.: 32

D (6050) mbedtls: ssl_tls12_server.c:2116 0x3ffcd2c0: dumping 'server hello, session id' (32 bytes)

D (6050) mbedtls: ssl_tls12_server.c:2116 0x3ffcd2c0: 0000:  37 80 cf a1 7d 7a 01 3f a1 69 f3 81 45 73 74 59  7...}z.?.i..EstY

D (6050) mbedtls: ssl_tls12_server.c:2116 0x3ffcd2c0: 0010:  af 8c dd fa 5e 45 bc f1 08 11 ae 3a 88 25 c8 a3  ....^E.....:.%..

D (6050) mbedtls: ssl_tls12_server.c:2117 0x3ffcd2c0: no session has been resumed

D (6050) mbedtls: ssl_tls12_server.c:2124 0x3ffcd2c0: server hello, chosen ciphersuite: TLS-ECDHE-RSA-WITH-AES-256-GCM-SHA384

D (6050) mbedtls: ssl_tls12_server.c:2126 0x3ffcd2c0: server hello, compress alg.: 0x00

D (6050) mbedtls: ssl_tls12_server.c:1663 0x3ffcd2c0: server hello, secure renegotiation extension

D (6050) mbedtls: ssl_tls12_server.c:1615 0x3ffcd2c0: server hello, adding extended master secret extension

D (6050) mbedtls: ssl_tls12_server.c:1731 0x3ffcd2c0: server hello, supported_point_formats extension

D (6050) mbedtls: ssl_tls12_server.c:2191 0x3ffcd2c0: server hello, total extension length: 15

I (6050) mbedtls: ssl_msg.c:2494 0x3ffcd2c0: => write handshake message

I (6050) mbedtls: ssl_msg.c:2654 0x3ffcd2c0: => write record

D (6050) mbedtls: ssl_msg.c:2737 0x3ffcd2c0: output record: msgtype = 22, version = [3:3], msglen = 91

I (6050) mbedtls: ssl_msg.c:2063 0x3ffcd2c0: => flush output

I (6050) mbedtls: ssl_msg.c:2077 0x3ffcd2c0: message length: 96, out_left: 96

I (6060) mbedtls: ssl_msg.c:2025 0x3ffc64a8: in_left: 0, nb_want: 5

I (6060) mbedtls: ssl_msg.c:2028 0x3ffc64a8: ssl->f_recv(_timeout)() returned 5 (-0xfffffffb)

I (6060) mbedtls: ssl_msg.c:2084 0x3ffcd2c0: ssl->f_send() returned 96 (-0xffffffa0)

I (6060) mbedtls: ssl_msg.c:2050 0x3ffc64a8: <= fetch input

D (6060) mbedtls: ssl_msg.c:3707 0x3ffc64a8: input record: msgtype = 22, version = [0x303], msglen = 91

I (6060) mbedtls: ssl_msg.c:1865 0x3ffc64a8: => fetch input

I (6060) mbedtls: ssl_msg.c:2005 0x3ffc64a8: in_left: 5, nb_want: 96

I (6060) mbedtls: ssl_msg.c:2025 0x3ffc64a8: in_left: 5, nb_want: 96

I (6060) mbedtls: ssl_msg.c:2028 0x3ffc64a8: ssl->f_recv(_timeout)() returned 91 (-0xffffffa5)

I (6060) mbedtls: ssl_msg.c:2050 0x3ffc64a8: <= fetch input

D (6060) mbedtls: ssl_msg.c:2948 0x3ffc64a8: handshake message: msglen = 91, type = 2, hslen = 91

D (6060) mbedtls: ssl_msg.c:3085 0x3ffc64a8: sole handshake fragment: 91, 0..91 of 91

I (6060) mbedtls: ssl_msg.c:4112 0x3ffc64a8: <= read record

D (6060) mbedtls: ssl_tls12_client.c:1225 0x3ffc64a8: dumping 'server hello, version' (2 bytes)

D (6060) mbedtls: ssl_tls12_client.c:1225 0x3ffc64a8: 0000:  03 03                                            ..

D (6060) mbedtls: ssl_tls12_client.c:1246 0x3ffc64a8: server hello, current time: 4

D (6060) mbedtls: ssl_tls12_client.c:1256 0x3ffc64a8: dumping 'server hello, random bytes' (32 bytes)

D (6060) mbedtls: ssl_tls12_client.c:1256 0x3ffc64a8: 0000:  00 00 00 04 34 33 a4 9c f4 79 d9 f8 05 ff c7 40  ....43...y.....@

D (6060) mbedtls: ssl_tls12_client.c:1256 0x3ffc64a8: 0010:  cd da bd 56 aa fd 0f 55 d3 e7 ae 5a a9 c1 bd d6  ...V...U...Z....

D (6060) mbedtls: ssl_tls12_client.c:1318 0x3ffc64a8: server hello, session id len.: 32

D (6060) mbedtls: ssl_tls12_client.c:1319 0x3ffc64a8: dumping 'server hello, session id' (32 bytes)

D (6060) mbedtls: ssl_tls12_client.c:1319 0x3ffc64a8: 0000:  37 80 cf a1 7d 7a 01 3f a1 69 f3 81 45 73 74 59  7...}z.?.i..EstY

D (6060) mbedtls: ssl_tls12_client.c:1319 0x3ffc64a8: 0010:  af 8c dd fa 5e 45 bc f1 08 11 ae 3a 88 25 c8 a3  ....^E.....:.%..

D (6060) mbedtls: ssl_misc.h:1295 0x3ffc64a8: handshake state: 2 (MBEDTLS_SSL_SERVER_HELLO) -> 3 (MBEDTLS_SSL_SERVER_CERTIFICATE)

D (6060) mbedtls: ssl_tls12_client.c:1343 0x3ffc64a8: no session has been resumed

D (6060) mbedtls: ssl_tls12_client.c:1346 0x3ffc64a8: server hello, chosen ciphersuite: c030

D (6060) mbedtls: ssl_tls12_client.c:1347 0x3ffc64a8: server hello, compress alg.: 0

D (6060) mbedtls: ssl_tls12_client.c:1382 0x3ffc64a8: server hello, chosen ciphersuite: TLS-ECDHE-RSA-WITH-AES-256-GCM-SHA384

I (6060) mbedtls: ssl_tls12_client.c:1403 0x3ffc64a8: server hello, total extension length: 15

D (6060) mbedtls: ssl_tls12_client.c:1421 0x3ffc64a8: found renegotiation extension

D (6060) mbedtls: ssl_tls12_client.c:1473 0x3ffc64a8: found extended_master_secret extension

D (6060) mbedtls: ssl_tls12_client.c:1500 0x3ffc64a8: found supported_point_formats extension

I (6060) mbedtls: ssl_tls12_client.c:1617 0x3ffc64a8: <= parse server hello

I (6060) mbedtls: ssl_msg.c:2063 0x3ffc64a8: => flush output

I (6060) mbedtls: ssl_msg.c:2072 0x3ffc64a8: <= flush output

I (6060) mbedtls: ssl_tls.c:4201 0x3ffc64a8: client state: MBEDTLS_SSL_SERVER_CERTIFICATE

I (6060) mbedtls: ssl_tls.c:7077 0x3ffc64a8: => parse certificate

I (6060) mbedtls: ssl_msg.c:4040 0x3ffc64a8: => read record

I (6060) mbedtls: ssl_msg.c:1865 0x3ffc64a8: => fetch input

I (6060) mbedtls: ssl_msg.c:2005 0x3ffc64a8: in_left: 0, nb_want: 5

I (6060) mbedtls: ssl_msg.c:2111 0x3ffcd2c0: <= flush output

I (6060) mbedtls: ssl_msg.c:2790 0x3ffcd2c0: <= write record

I (6060) mbedtls: ssl_msg.c:2615 0x3ffcd2c0: <= write handshake message

I (6060) mbedtls: ssl_tls12_server.c:2205 0x3ffcd2c0: <= write server hello

I (6060) mbedtls: ssl_msg.c:2063 0x3ffcd2c0: => flush output

I (6060) mbedtls: ssl_msg.c:2072 0x3ffcd2c0: <= flush output

I (6060) mbedtls: ssl_tls12_server.c:3429 0x3ffcd2c0: server state: 3

I (6060) mbedtls: ssl_tls.c:6675 0x3ffcd2c0: => write certificate

D (6060) mbedtls: ssl_tls.c:6702 0x3ffcd2c0: own certificate #1:

D (6060) mbedtls: ssl_tls.c:6702 0x3ffcd2c0: cert. version     : 3

D (6060) mbedtls: ssl_tls.c:6702 0x3ffcd2c0: serial number     : 77:66:A5:9D:AF:14:9E:F2:03:F7:3C:2B:1A:5C:81:86:F8:A3:4E:52

D (6060) mbedtls: ssl_tls.c:6702 0x3ffcd2c0: issuer name       : CN=localhost

D (6060) mbedtls: ssl_tls.c:6702 0x3ffcd2c0: subject name      : CN=localhost

D (6060) mbedtls: ssl_tls.c:6702 0x3ffcd2c0: issued  on        : 2026-08-26 20:20:30

D (6060) mbedtls: ssl_tls.c:6702 0x3ffcd2c0: expires on        : 2026-09-25 20:20:30

D (6060) mbedtls: ssl_tls.c:6702 0x3ffcd2c0: signed using      : RSA with SHA-256

D (6060) mbedtls: ssl_tls.c:6702 0x3ffcd2c0: RSA key size      : 2048 bits

D (6060) mbedtls: ssl_tls.c:6702 0x3ffcd2c0: basic constraints : CA=true

D (6060) mbedtls: ssl_tls.c:6702 0x3ffcd2c0: dumping 'crt->PK' (270 bytes)

D (6060) mbedtls: ssl_tls.c:6702 0x3ffcd2c0: 0000:  30 82 01 0a 02 82 01 01 00 dd 03 19 3e 8f 4a 05

D (6060) mbedtls: ssl_tls.c:6702 0x3ffcd2c0: 0010:  9c d6 74 e1 46 bc 40 7a 7e af 78 09 38 f6 d0 1c

D (6060) mbedtls: ssl_tls.c:6702 0x3ffcd2c0: 0020:  9d e4 2b 18 4c a1 87 f6 83 55 82 2d e0 21 fb b2

D (6060) mbedtls: ssl_tls.c:6702 0x3ffcd2c0: 0030:  00 2f 9b 98 36 24 73 47 a2 11 bb 50 05 1c 9e 40

D (6060) mbedtls: ssl_tls.c:6702 0x3ffcd2c0: 0040:  41 c9 de 81 7e a1 eb 82 48 35 d0 51 24 0d 22 bd

D (6060) mbedtls: ssl_tls.c:6702 0x3ffcd2c0: 0050:  7e c7 0b 60 74 e2 60 3e 76 de c1 3d b5 9f e9 d2

D (6060) mbedtls: ssl_tls.c:6702 0x3ffcd2c0: 0060:  ac 90 d3 84 2a 75 7c 41 8a 11 14 c8 bc 09 7b 9d

D (6070) mbedtls: ssl_tls.c:6702 0x3ffcd2c0: 0070:  45 54 95 c1 50 05 be f1 34 c0 05 55 f5 a2 b3 a8

D (6070) mbedtls: ssl_tls.c:6702 0x3ffcd2c0: 0080:  24 f6 ab 22 df 72 97 ef b5 8f e4 fe 49 be 4f c1

D (6070) mbedtls: ssl_tls.c:6702 0x3ffcd2c0: 0090:  08 e0 39 7a cd ba 74 2e d1 20 74 ad 6b 59 ab 86

D (6070) mbedtls: ssl_tls.c:6702 0x3ffcd2c0: 00a0:  5d 29 ab 81 f0 c1 22 3f 01 b9 0b a1 fb ee 70 9f

D (6070) mbedtls: ssl_tls.c:6702 0x3ffcd2c0: 00b0:  eb 29 5e 9f 1d 6a 0d dc 65 fd 5e 5d 38 0c 1a c3

D (6070) mbedtls: ssl_tls.c:6702 0x3ffcd2c0: 00c0:  ae b7 b7 2f 66 23 82 80 ab 7d 69 7c 8f 95 ab e8

D (6070) mbedtls: ssl_tls.c:6702 0x3ffcd2c0: 00d0:  c0 4d 21 42 7d 78 c8 25 8b 60 f6 0d 87 c9 f4 df

D (6070) mbedtls: ssl_tls.c:6702 0x3ffcd2c0: 00e0:  36 bf 16 7c 59 16 d1 09 ec 17 67 cf 5d 9f 8f 78

D (6070) mbedtls: ssl_tls.c:6702 0x3ffcd2c0: 00f0:  8c 3d d0 02 18 d5 bc a7 19 f4 51 fe 1d b3 20 40

D (6070) mbedtls: ssl_tls.c:6702 0x3ffcd2c0: 0100:  67 7e 3a cc 30 f3 8d a0 ef 02 03 01 00 01      

D (6070) mbedtls: ssl_misc.h:1295 0x3ffcd2c0: handshake state: 3 (MBEDTLS_SSL_SERVER_CERTIFICATE) -> 4 (MBEDTLS_SSL_SERVER_KEY_EXCHANGE)

I (6070) mbedtls: ssl_msg.c:2494 0x3ffcd2c0: => write handshake message

I (6070) mbedtls: ssl_msg.c:2654 0x3ffcd2c0: => write record

D (6070) mbedtls: ssl_msg.c:2737 0x3ffcd2c0: output record: msgtype = 22, version = [3:3], msglen = 791

I (6070) mbedtls: ssl_msg.c:2063 0x3ffcd2c0: => flush output

I (6070) mbedtls: ssl_msg.c:2077 0x3ffcd2c0: message length: 796, out_left: 796

I (6070) mbedtls: ssl_msg.c:2084 0x3ffcd2c0: ssl->f_send() returned 796 (-0xfffffce4)

I (6070) mbedtls: ssl_msg.c:2111 0x3ffcd2c0: <= flush output

I (6070) mbedtls: ssl_msg.c:2790 0x3ffcd2c0: <= write record

I (6070) mbedtls: ssl_msg.c:2615 0x3ffcd2c0: <= write handshake message

I (6070) mbedtls: ssl_tls.c:6748 0x3ffcd2c0: <= write certificate

I (6070) mbedtls: ssl_msg.c:2063 0x3ffcd2c0: => flush output

I (6070) mbedtls: ssl_msg.c:2072 0x3ffcd2c0: <= flush output

I (6070) mbedtls: ssl_tls12_server.c:3429 0x3ffcd2c0: server state: 4

I (6070) mbedtls: ssl_tls12_server.c:2796 0x3ffcd2c0: => write server key exchange

I (6070) mbedtls: ssl_tls12_server.c:2558 0x3ffcd2c0: ECDHE curve: x25519

D (6070) mbedtls: ssl_tls12_server.c:2571 0x3ffcd2c0: Perform PSA-based ECDH computation.

[mem-tick] t=    4581 ms phase=thr-setup    free=165212
D (6140) mbedtls: ssl_tls12_server.c:2694 0x3ffcd2c0: pick hash algorithm 11 for signing

D (6140) mbedtls: ssl_tls.c:8082 0x3ffcd2c0: Perform PSA-based computation of digest of ServerKeyExchange

D (6140) mbedtls: ssl_tls12_server.c:2712 0x3ffcd2c0: dumping 'parameters hash' (64 bytes)

D (6140) mbedtls: ssl_tls12_server.c:2712 0x3ffcd2c0: 0000:  4b 3b 1a 25 18 79 ae c3 ab 2e bb 72 6e fe 1a 76  K;.%.y.....rn..v

D (6140) mbedtls: ssl_tls12_server.c:2712 0x3ffcd2c0: 0010:  e1 ae 96 73 09 29 cb 94 1c b1 0b 37 7a 04 11 24  ...s.).....7z..$

D (6140) mbedtls: ssl_tls12_server.c:2712 0x3ffcd2c0: 0020:  ea ff 35 c0 ad 87 c6 74 1d ed 7f 93 f6 82 dd d7  ..5....t........

D (6140) mbedtls: ssl_tls12_server.c:2712 0x3ffcd2c0: 0030:  2a cc b3 cb 69 06 3a b5 ce 30 0f ed 49 91 d5 52  *...i.:..0..I..R

I (6180) mbedtls: ssl_msg.c:2025 0x3ffc64a8: in_left: 0, nb_want: 5

I (6180) mbedtls: ssl_msg.c:2028 0x3ffc64a8: ssl->f_recv(_timeout)() returned 5 (-0xfffffffb)

I (6180) mbedtls: ssl_msg.c:2050 0x3ffc64a8: <= fetch input

D (6180) mbedtls: ssl_msg.c:3707 0x3ffc64a8: input record: msgtype = 22, version = [0x303], msglen = 791

I (6180) mbedtls: ssl_msg.c:1865 0x3ffc64a8: => fetch input

I (6180) mbedtls: ssl_msg.c:2005 0x3ffc64a8: in_left: 5, nb_want: 796

I (6180) mbedtls: ssl_msg.c:2025 0x3ffc64a8: in_left: 5, nb_want: 796

I (6180) mbedtls: ssl_msg.c:2028 0x3ffc64a8: ssl->f_recv(_timeout)() returned 791 (-0xfffffce9)

I (6180) mbedtls: ssl_msg.c:2050 0x3ffc64a8: <= fetch input

D (6180) mbedtls: ssl_msg.c:2948 0x3ffc64a8: handshake message: msglen = 791, type = 11, hslen = 791

D (6180) mbedtls: ssl_msg.c:3085 0x3ffc64a8: sole handshake fragment: 791, 0..791 of 791

I (6180) mbedtls: ssl_msg.c:4112 0x3ffc64a8: <= read record

D (6180) mbedtls: ssl_tls.c:6952 0x3ffc64a8: peer certificate #1:

D (6180) mbedtls: ssl_tls.c:6952 0x3ffc64a8: cert. version     : 3

D (6180) mbedtls: ssl_tls.c:6952 0x3ffc64a8: serial number     : 77:66:A5:9D:AF:14:9E:F2:03:F7:3C:2B:1A:5C:81:86:F8:A3:4E:52

D (6180) mbedtls: ssl_tls.c:6952 0x3ffc64a8: issuer name       : CN=localhost

D (6180) mbedtls: ssl_tls.c:6952 0x3ffc64a8: subject name      : CN=localhost

D (6180) mbedtls: ssl_tls.c:6952 0x3ffc64a8: issued  on        : 2026-08-26 20:20:30

D (6180) mbedtls: ssl_tls.c:6952 0x3ffc64a8: expires on        : 2026-09-25 20:20:30

D (6180) mbedtls: ssl_tls.c:6952 0x3ffc64a8: signed using      : RSA with SHA-256

D (6180) mbedtls: ssl_tls.c:6952 0x3ffc64a8: RSA key size      : 2048 bits

D (6180) mbedtls: ssl_tls.c:6952 0x3ffc64a8: basic constraints : CA=true

D (6180) mbedtls: ssl_tls.c:6952 0x3ffc64a8: dumping 'crt->PK' (270 bytes)

D (6180) mbedtls: ssl_tls.c:6952 0x3ffc64a8: 0000:  30 82 01 0a 02 82 01 01 00 dd 03 19 3e 8f 4a 05

D (6180) mbedtls: ssl_tls.c:6952 0x3ffc64a8: 0010:  9c d6 74 e1 46 bc 40 7a 7e af 78 09 38 f6 d0 1c

D (6180) mbedtls: ssl_tls.c:6952 0x3ffc64a8: 0020:  9d e4 2b 18 4c a1 87 f6 83 55 82 2d e0 21 fb b2

D (6180) mbedtls: ssl_tls.c:6952 0x3ffc64a8: 0030:  00 2f 9b 98 36 24 73 47 a2 11 bb 50 05 1c 9e 40

D (6180) mbedtls: ssl_tls.c:6952 0x3ffc64a8: 0040:  41 c9 de 81 7e a1 eb 82 48 35 d0 51 24 0d 22 bd

D (6180) mbedtls: ssl_tls.c:6952 0x3ffc64a8: 0050:  7e c7 0b 60 74 e2 60 3e 76 de c1 3d b5 9f e9 d2

D (6180) mbedtls: ssl_tls.c:6952 0x3ffc64a8: 0060:  ac 90 d3 84 2a 75 7c 41 8a 11 14 c8 bc 09 7b 9d

D (6180) mbedtls: ssl_tls.c:6952 0x3ffc64a8: 0070:  45 54 95 c1 50 05 be f1 34 c0 05 55 f5 a2 b3 a8

D (6180) mbedtls: ssl_tls.c:6952 0x3ffc64a8: 0080:  24 f6 ab 22 df 72 97 ef b5 8f e4 fe 49 be 4f c1

D (6180) mbedtls: ssl_tls.c:6952 0x3ffc64a8: 0090:  08 e0 39 7a cd ba 74 2e d1 20 74 ad 6b 59 ab 86

D (6180) mbedtls: ssl_tls.c:6952 0x3ffc64a8: 00a0:  5d 29 ab 81 f0 c1 22 3f 01 b9 0b a1 fb ee 70 9f

D (6180) mbedtls: ssl_tls.c:6952 0x3ffc64a8: 00b0:  eb 29 5e 9f 1d 6a 0d dc 65 fd 5e 5d 38 0c 1a c3

D (6180) mbedtls: ssl_tls.c:6952 0x3ffc64a8: 00c0:  ae b7 b7 2f 66 23 82 80 ab 7d 69 7c 8f 95 ab e8

D (6180) mbedtls: ssl_tls.c:6952 0x3ffc64a8: 00d0:  c0 4d 21 42 7d 78 c8 25 8b 60 f6 0d 87 c9 f4 df

D (6180) mbedtls: ssl_tls.c:6952 0x3ffc64a8: 00e0:  36 bf 16 7c 59 16 d1 09 ec 17 67 cf 5d 9f 8f 78

D (6180) mbedtls: ssl_tls.c:6952 0x3ffc64a8: 00f0:  8c 3d d0 02 18 d5 bc a7 19 f4 51 fe 1d b3 20 40

D (6180) mbedtls: ssl_tls.c:6952 0x3ffc64a8: 0100:  67 7e 3a cc 30 f3 8d a0 ef 02 03 01 00 01      

I (6180) mbedtls: ssl_tls.c:7191 0x3ffc64a8: <= parse certificate

D (6180) mbedtls: ssl_misc.h:1295 0x3ffc64a8: handshake state: 3 (MBEDTLS_SSL_SERVER_CERTIFICATE) -> 4 (MBEDTLS_SSL_SERVER_KEY_EXCHANGE)

I (6180) mbedtls: ssl_msg.c:2063 0x3ffc64a8: => flush output

I (6180) mbedtls: ssl_msg.c:2072 0x3ffc64a8: <= flush output

I (6180) mbedtls: ssl_tls.c:4201 0x3ffc64a8: client state: MBEDTLS_SSL_SERVER_KEY_EXCHANGE

I (6180) mbedtls: ssl_tls12_client.c:1831 0x3ffc64a8: => parse server key exchange

I (6180) mbedtls: ssl_msg.c:4040 0x3ffc64a8: => read record

I (6190) mbedtls: ssl_msg.c:1865 0x3ffc64a8: => fetch input

I (6190) mbedtls: ssl_msg.c:2005 0x3ffc64a8: in_left: 0, nb_want: 5

[mem-tick] t=    4684 ms phase=thr-setup    free=164092
[mem-tick] t=    4784 ms phase=thr-setup    free=161624
[mem-tick] t=    4884 ms phase=thr-setup    free=162784
D (6460) mbedtls: ssl_tls12_server.c:2844 0x3ffcd2c0: dumping 'my signature' (256 bytes)

D (6460) mbedtls: ssl_tls12_server.c:2844 0x3ffcd2c0: 0000:  4b b1 1e 36 ed 49 84 82 45 03 f1 f2 e6 01 f9 d6  K..6.I..E.......

D (6460) mbedtls: ssl_tls12_server.c:2844 0x3ffcd2c0: 0010:  57 14 4b f3 30 0f 6b 35 d5 2e 5f f1 70 c5 99 43  W.K.0.k5.._.p..C

D (6460) mbedtls: ssl_tls12_server.c:2844 0x3ffcd2c0: 0020:  ef 50 a2 91 fb 90 2a 1b 88 d6 a2 17 a4 2c 3d 48  .P....*......,=H

D (6460) mbedtls: ssl_tls12_server.c:2844 0x3ffcd2c0: 0030:  88 0e 66 cf 86 00 bf ee eb 81 7a 05 1a b8 3a e8  ..f.......z...:.

D (6460) mbedtls: ssl_tls12_server.c:2844 0x3ffcd2c0: 0040:  0d 7d ea a7 a0 92 09 ab 7e fc ad 56 0f 1c 4f 02  .}......~..V..O.

D (6460) mbedtls: ssl_tls12_server.c:2844 0x3ffcd2c0: 0050:  29 ea 95 5e c9 b9 9e b8 42 41 bb dd 97 b5 8c 50  )..^....BA.....P

D (6460) mbedtls: ssl_tls12_server.c:2844 0x3ffcd2c0: 0060:  ac 2d d4 5a 99 38 0c c5 8a df 80 f6 18 46 70 dd  .-.Z.8.......Fp.

D (6460) mbedtls: ssl_tls12_server.c:2844 0x3ffcd2c0: 0070:  37 5e 72 f2 ff 6a ab 2e 8d 6d bd ac e0 8e 1e 36  7^r..j...m.....6

D (6460) mbedtls: ssl_tls12_server.c:2844 0x3ffcd2c0: 0080:  e2 bd a4 40 fd 59 24 06 5a 11 15 16 b3 11 11 08  ...@.Y$.Z.......

D (6460) mbedtls: ssl_tls12_server.c:2844 0x3ffcd2c0: 0090:  48 8e 44 da 27 56 4a 0f 85 4b f8 52 97 f2 9e f4  H.D.'VJ..K.R....

D (6460) mbedtls: ssl_tls12_server.c:2844 0x3ffcd2c0: 00a0:  45 49 53 3b b2 08 e9 2e 24 a9 80 9f 33 e2 66 6c  EIS;....$...3.fl

D (6460) mbedtls: ssl_tls12_server.c:2844 0x3ffcd2c0: 00b0:  5e e2 b1 0a d0 29 de 8c af 2d bb bd 5a 66 48 fc  ^....)...-..ZfH.

D (6460) mbedtls: ssl_tls12_server.c:2844 0x3ffcd2c0: 00c0:  ce 2d 2f a4 ee 37 2a d8 5d c6 28 83 b5 b9 f0 0f  .-/..7*.].(.....

D (6460) mbedtls: ssl_tls12_server.c:2844 0x3ffcd2c0: 00d0:  96 6a 95 66 05 3c 81 53 9e d0 91 62 dc 1e 8e 84  .j.f.<.S...b....

D (6460) mbedtls: ssl_tls12_server.c:2844 0x3ffcd2c0: 00e0:  ac 7c a5 1f 9d 02 b4 84 ba f7 77 76 56 d6 2c 37  .|........wvV.,7

D (6460) mbedtls: ssl_tls12_server.c:2844 0x3ffcd2c0: 00f0:  de f3 fe 9e be 40 7a 12 9d b9 2c 73 0d 82 b0 86  .....@z...,s....

D (6460) mbedtls: ssl_misc.h:1295 0x3ffcd2c0: handshake state: 4 (MBEDTLS_SSL_SERVER_KEY_EXCHANGE) -> 5 (MBEDTLS_SSL_CERTIFICATE_REQUEST)

I (6460) mbedtls: ssl_msg.c:2494 0x3ffcd2c0: => write handshake message

I (6460) mbedtls: ssl_msg.c:2654 0x3ffcd2c0: => write record

D (6470) mbedtls: ssl_msg.c:2737 0x3ffcd2c0: output record: msgtype = 22, version = [3:3], msglen = 300

I (6470) mbedtls: ssl_msg.c:2063 0x3ffcd2c0: => flush output

I (6470) mbedtls: ssl_msg.c:2077 0x3ffcd2c0: message length: 305, out_left: 305

I (6470) mbedtls: ssl_msg.c:2025 0x3ffc64a8: in_left: 0, nb_want: 5

I (6470) mbedtls: ssl_msg.c:2084 0x3ffcd2c0: ssl->f_send() returned 305 (-0xfffffecf)

I (6470) mbedtls: ssl_msg.c:2028 0x3ffc64a8: ssl->f_recv(_timeout)() returned 5 (-0xfffffffb)

I (6470) mbedtls: ssl_msg.c:2050 0x3ffc64a8: <= fetch input

D (6470) mbedtls: ssl_msg.c:3707 0x3ffc64a8: input record: msgtype = 22, version = [0x303], msglen = 300

I (6470) mbedtls: ssl_msg.c:1865 0x3ffc64a8: => fetch input

I (6470) mbedtls: ssl_msg.c:2005 0x3ffc64a8: in_left: 5, nb_want: 305

I (6470) mbedtls: ssl_msg.c:2025 0x3ffc64a8: in_left: 5, nb_want: 305

I (6470) mbedtls: ssl_msg.c:2028 0x3ffc64a8: ssl->f_recv(_timeout)() returned 300 (-0xfffffed4)

I (6470) mbedtls: ssl_msg.c:2050 0x3ffc64a8: <= fetch input

D (6470) mbedtls: ssl_msg.c:2948 0x3ffc64a8: handshake message: msglen = 300, type = 12, hslen = 300

D (6470) mbedtls: ssl_msg.c:3085 0x3ffc64a8: sole handshake fragment: 300, 0..300 of 300

I (6470) mbedtls: ssl_msg.c:4112 0x3ffc64a8: <= read record

D (6470) mbedtls: ssl_tls12_client.c:1885 0x3ffc64a8: dumping 'server key exchange' (296 bytes)

D (6470) mbedtls: ssl_tls12_client.c:1885 0x3ffc64a8: 0000:  03 00 1d 20 cd 3e e7 99 d8 1b d6 70 e0 80 c9 a6  ... .>.....p....

D (6470) mbedtls: ssl_tls12_client.c:1885 0x3ffc64a8: 0010:  e8 7f ec 1a 07 98 42 84 da 51 31 3b 29 8f 7c c7  ......B..Q1;).|.

D (6470) mbedtls: ssl_tls12_client.c:1885 0x3ffc64a8: 0020:  43 ac fb 7c 06 01 01 00 4b b1 1e 36 ed 49 84 82  C..|....K..6.I..

D (6470) mbedtls: ssl_tls12_client.c:1885 0x3ffc64a8: 0030:  45 03 f1 f2 e6 01 f9 d6 57 14 4b f3 30 0f 6b 35  E.......W.K.0.k5

D (6470) mbedtls: ssl_tls12_client.c:1885 0x3ffc64a8: 0040:  d5 2e 5f f1 70 c5 99 43 ef 50 a2 91 fb 90 2a 1b  .._.p..C.P....*.

D (6470) mbedtls: ssl_tls12_client.c:1885 0x3ffc64a8: 0050:  88 d6 a2 17 a4 2c 3d 48 88 0e 66 cf 86 00 bf ee  .....,=H..f.....

D (6470) mbedtls: ssl_tls12_client.c:1885 0x3ffc64a8: 0060:  eb 81 7a 05 1a b8 3a e8 0d 7d ea a7 a0 92 09 ab  ..z...:..}......

D (6470) mbedtls: ssl_tls12_client.c:1885 0x3ffc64a8: 0070:  7e fc ad 56 0f 1c 4f 02 29 ea 95 5e c9 b9 9e b8  ~..V..O.)..^....

D (6470) mbedtls: ssl_tls12_client.c:1885 0x3ffc64a8: 0080:  42 41 bb dd 97 b5 8c 50 ac 2d d4 5a 99 38 0c c5  BA.....P.-.Z.8..

D (6470) mbedtls: ssl_tls12_client.c:1885 0x3ffc64a8: 0090:  8a df 80 f6 18 46 70 dd 37 5e 72 f2 ff 6a ab 2e  .....Fp.7^r..j..

D (6470) mbedtls: ssl_tls12_client.c:1885 0x3ffc64a8: 00a0:  8d 6d bd ac e0 8e 1e 36 e2 bd a4 40 fd 59 24 06  .m.....6...@.Y$.

D (6470) mbedtls: ssl_tls12_client.c:1885 0x3ffc64a8: 00b0:  5a 11 15 16 b3 11 11 08 48 8e 44 da 27 56 4a 0f  Z.......H.D.'VJ.

D (6470) mbedtls: ssl_tls12_client.c:1885 0x3ffc64a8: 00c0:  85 4b f8 52 97 f2 9e f4 45 49 53 3b b2 08 e9 2e  .K.R....EIS;....

D (6470) mbedtls: ssl_tls12_client.c:1885 0x3ffc64a8: 00d0:  24 a9 80 9f 33 e2 66 6c 5e e2 b1 0a d0 29 de 8c  $...3.fl^....)..

D (6470) mbedtls: ssl_tls12_client.c:1885 0x3ffc64a8: 00e0:  af 2d bb bd 5a 66 48 fc ce 2d 2f a4 ee 37 2a d8  .-..ZfH..-/..7*.

D (6470) mbedtls: ssl_tls12_client.c:1885 0x3ffc64a8: 00f0:  5d c6 28 83 b5 b9 f0 0f 96 6a 95 66 05 3c 81 53  ].(......j.f.<.S

D (6470) mbedtls: ssl_tls12_client.c:1885 0x3ffc64a8: 0100:  9e d0 91 62 dc 1e 8e 84 ac 7c a5 1f 9d 02 b4 84  ...b.....|......

D (6480) mbedtls: ssl_tls12_client.c:1885 0x3ffc64a8: 0110:  ba f7 77 76 56 d6 2c 37 de f3 fe 9e be 40 7a 12  ..wvV.,7.....@z.

I (6480) mbedtls: ssl_msg.c:2111 0x3ffcd2c0: <= flush output

D (6480) mbedtls: ssl_tls12_client.c:1885 0x3ffc64a8: 0120:  9d b9 2c 73 0d 82 b0 86                          ..,s....

I (6480) mbedtls: ssl_msg.c:2790 0x3ffcd2c0: <= write record

I (6480) mbedtls: ssl_tls12_client.c:1815 0x3ffc64a8: Server used the signature algorithm rsa_pkcs1_sha512

I (6480) mbedtls: ssl_msg.c:2615 0x3ffcd2c0: <= write handshake message

D (6480) mbedtls: ssl_tls12_client.c:2047 0x3ffc64a8: dumping 'signature' (256 bytes)

D (6480) mbedtls: ssl_tls12_client.c:2047 0x3ffc64a8: 0000:  4b b1 1e 36 ed 49 84 82 45 03 f1 f2 e6 01 f9 d6  K..6.I..E.......

D (6480) mbedtls: ssl_tls12_client.c:2047 0x3ffc64a8: 0010:  57 14 4b f3 30 0f 6b 35 d5 2e 5f f1 70 c5 99 43  W.K.0.k5.._.p..C

D (6480) mbedtls: ssl_tls12_client.c:2047 0x3ffc64a8: 0020:  ef 50 a2 91 fb 90 2a 1b 88 d6 a2 17 a4 2c 3d 48  .P....*......,=H

D (6480) mbedtls: ssl_tls12_client.c:2047 0x3ffc64a8: 0030:  88 0e 66 cf 86 00 bf ee eb 81 7a 05 1a b8 3a e8  ..f.......z...:.

I (6480) mbedtls: ssl_tls12_server.c:2864 0x3ffcd2c0: <= write server key exchange

D (6480) mbedtls: ssl_tls12_client.c:2047 0x3ffc64a8: 0040:  0d 7d ea a7 a0 92 09 ab 7e fc ad 56 0f 1c 4f 02  .}......~..V..O.

D (6480) mbedtls: ssl_tls12_client.c:2047 0x3ffc64a8: 0050:  29 ea 95 5e c9 b9 9e b8 42 41 bb dd 97 b5 8c 50  )..^....BA.....P

D (6480) mbedtls: ssl_tls12_client.c:2047 0x3ffc64a8: 0060:  ac 2d d4 5a 99 38 0c c5 8a df 80 f6 18 46 70 dd  .-.Z.8.......Fp.

D (6480) mbedtls: ssl_tls12_client.c:2047 0x3ffc64a8: 0070:  37 5e 72 f2 ff 6a ab 2e 8d 6d bd ac e0 8e 1e 36  7^r..j...m.....6

D (6480) mbedtls: ssl_tls12_client.c:2047 0x3ffc64a8: 0080:  e2 bd a4 40 fd 59 24 06 5a 11 15 16 b3 11 11 08  ...@.Y$.Z.......

D (6480) mbedtls: ssl_tls12_client.c:2047 0x3ffc64a8: 0090:  48 8e 44 da 27 56 4a 0f 85 4b f8 52 97 f2 9e f4  H.D.'VJ..K.R....

D (6480) mbedtls: ssl_tls12_client.c:2047 0x3ffc64a8: 00a0:  45 49 53 3b b2 08 e9 2e 24 a9 80 9f 33 e2 66 6c  EIS;....$...3.fl

D (6480) mbedtls: ssl_tls12_client.c:2047 0x3ffc64a8: 00b0:  5e e2 b1 0a d0 29 de 8c af 2d bb bd 5a 66 48 fc  ^....)...-..ZfH.

D (6480) mbedtls: ssl_tls12_client.c:2047 0x3ffc64a8: 00c0:  ce 2d 2f a4 ee 37 2a d8 5d c6 28 83 b5 b9 f0 0f  .-/..7*.].(.....

D (6480) mbedtls: ssl_tls12_client.c:2047 0x3ffc64a8: 00d0:  96 6a 95 66 05 3c 81 53 9e d0 91 62 dc 1e 8e 84  .j.f.<.S...b....

D (6480) mbedtls: ssl_tls12_client.c:2047 0x3ffc64a8: 00e0:  ac 7c a5 1f 9d 02 b4 84 ba f7 77 76 56 d6 2c 37  .|........wvV.,7

D (6480) mbedtls: ssl_tls12_client.c:2047 0x3ffc64a8: 00f0:  de f3 fe 9e be 40 7a 12 9d b9 2c 73 0d 82 b0 86  .....@z...,s....

D (6480) mbedtls: ssl_tls.c:8082 0x3ffc64a8: Perform PSA-based computation of digest of ServerKeyExchange

D (6480) mbedtls: ssl_tls12_client.c:2064 0x3ffc64a8: dumping 'parameters hash' (64 bytes)

D (6480) mbedtls: ssl_tls12_client.c:2064 0x3ffc64a8: 0000:  4b 3b 1a 25 18 79 ae c3 ab 2e bb 72 6e fe 1a 76  K;.%.y.....rn..v

D (6480) mbedtls: ssl_tls12_client.c:2064 0x3ffc64a8: 0010:  e1 ae 96 73 09 29 cb 94 1c b1 0b 37 7a 04 11 24  ...s.).....7z..$

D (6480) mbedtls: ssl_tls12_client.c:2064 0x3ffc64a8: 0020:  ea ff 35 c0 ad 87 c6 74 1d ed 7f 93 f6 82 dd d7  ..5....t........

D (6480) mbedtls: ssl_tls12_client.c:2064 0x3ffc64a8: 0030:  2a cc b3 cb 69 06 3a b5 ce 30 0f ed 49 91 d5 52  *...i.:..0..I..R

I (6490) mbedtls: ssl_msg.c:2063 0x3ffcd2c0: => flush output

I (6490) mbedtls: ssl_msg.c:2072 0x3ffcd2c0: <= flush output

I (6490) mbedtls: ssl_tls12_server.c:3429 0x3ffcd2c0: server state: 5

I (6490) mbedtls: ssl_tls12_server.c:2242 0x3ffcd2c0: => write certificate request

D (6490) mbedtls: ssl_misc.h:1295 0x3ffcd2c0: handshake state: 5 (MBEDTLS_SSL_CERTIFICATE_REQUEST) -> 6 (MBEDTLS_SSL_SERVER_HELLO_DONE)

I (6490) mbedtls: ssl_tls12_server.c:2255 0x3ffcd2c0: <= skip write certificate request

I (6490) mbedtls: ssl_msg.c:2063 0x3ffcd2c0: => flush output

I (6490) mbedtls: ssl_msg.c:2072 0x3ffcd2c0: <= flush output

I (6490) mbedtls: ssl_tls12_server.c:3429 0x3ffcd2c0: server state: 6

I (6490) mbedtls: ssl_tls12_server.c:2873 0x3ffcd2c0: => write server hello done

D (6490) mbedtls: ssl_misc.h:1295 0x3ffcd2c0: handshake state: 6 (MBEDTLS_SSL_SERVER_HELLO_DONE) -> 7 (MBEDTLS_SSL_CLIENT_CERTIFICATE)

I (6490) mbedtls: ssl_msg.c:2494 0x3ffcd2c0: => write handshake message

I (6490) mbedtls: ssl_msg.c:2654 0x3ffcd2c0: => write record

D (6490) mbedtls: ssl_msg.c:2737 0x3ffcd2c0: output record: msgtype = 22, version = [3:3], msglen = 4

I (6490) mbedtls: ssl_msg.c:2063 0x3ffcd2c0: => flush output

I (6490) mbedtls: ssl_msg.c:2077 0x3ffcd2c0: message length: 9, out_left: 9

I (6490) mbedtls: ssl_msg.c:2084 0x3ffcd2c0: ssl->f_send() returned 9 (-0xfffffff7)

I (6490) mbedtls: ssl_msg.c:2111 0x3ffcd2c0: <= flush output

I (6490) mbedtls: ssl_msg.c:2790 0x3ffcd2c0: <= write record

I (6490) mbedtls: ssl_msg.c:2615 0x3ffcd2c0: <= write handshake message

I (6490) mbedtls: ssl_tls12_server.c:2900 0x3ffcd2c0: <= write server hello done

I (6490) mbedtls: ssl_msg.c:2063 0x3ffcd2c0: => flush output

I (6490) mbedtls: ssl_msg.c:2072 0x3ffcd2c0: <= flush output

I (6490) mbedtls: ssl_tls12_server.c:3429 0x3ffcd2c0: server state: 7

I (6490) mbedtls: ssl_tls.c:7077 0x3ffcd2c0: => parse certificate

I (6490) mbedtls: ssl_tls.c:7081 0x3ffcd2c0: <= skip parse certificate

D (6490) mbedtls: ssl_misc.h:1295 0x3ffcd2c0: handshake state: 7 (MBEDTLS_SSL_CLIENT_CERTIFICATE) -> 8 (MBEDTLS_SSL_CLIENT_KEY_EXCHANGE)

I (6490) mbedtls: ssl_msg.c:2063 0x3ffcd2c0: => flush output

I (6490) mbedtls: ssl_msg.c:2072 0x3ffcd2c0: <= flush output

I (6490) mbedtls: ssl_tls12_server.c:3429 0x3ffcd2c0: server state: 8

I (6490) mbedtls: ssl_tls12_server.c:2969 0x3ffcd2c0: => parse client key exchange

I (6490) mbedtls: ssl_msg.c:4040 0x3ffcd2c0: => read record

I (6490) mbedtls: ssl_msg.c:1865 0x3ffcd2c0: => fetch input

I (6490) mbedtls: ssl_msg.c:2005 0x3ffcd2c0: in_left: 0, nb_want: 5

D (6490) mbedtls: ssl_misc.h:1295 0x3ffc64a8: handshake state: 4 (MBEDTLS_SSL_SERVER_KEY_EXCHANGE) -> 5 (MBEDTLS_SSL_CERTIFICATE_REQUEST)

I (6490) mbedtls: ssl_tls12_client.c:2118 0x3ffc64a8: <= parse server key exchange

I (6490) mbedtls: ssl_msg.c:2063 0x3ffc64a8: => flush output

I (6490) mbedtls: ssl_msg.c:2072 0x3ffc64a8: <= flush output

I (6490) mbedtls: ssl_tls.c:4201 0x3ffc64a8: client state: MBEDTLS_SSL_CERTIFICATE_REQUEST

I (6490) mbedtls: ssl_tls12_client.c:2157 0x3ffc64a8: => parse certificate request

I (6490) mbedtls: ssl_msg.c:4040 0x3ffc64a8: => read record

I (6490) mbedtls: ssl_msg.c:1865 0x3ffc64a8: => fetch input

I (6490) mbedtls: ssl_msg.c:2005 0x3ffc64a8: in_left: 0, nb_want: 5

[mem-tick] t=    4981 ms phase=thr-setup    free=166044
[mem-tick] t=    5081 ms phase=thr-setup    free=166044
I (6680) mbedtls: ssl_msg.c:2025 0x3ffc64a8: in_left: 0, nb_want: 5

I (6680) mbedtls: ssl_msg.c:2028 0x3ffc64a8: ssl->f_recv(_timeout)() returned 5 (-0xfffffffb)

I (6680) mbedtls: ssl_msg.c:2050 0x3ffc64a8: <= fetch input

D (6680) mbedtls: ssl_msg.c:3707 0x3ffc64a8: input record: msgtype = 22, version = [0x303], msglen = 4

I (6680) mbedtls: ssl_msg.c:1865 0x3ffc64a8: => fetch input

I (6680) mbedtls: ssl_msg.c:2005 0x3ffc64a8: in_left: 5, nb_want: 9

I (6680) mbedtls: ssl_msg.c:2025 0x3ffc64a8: in_left: 5, nb_want: 9

I (6680) mbedtls: ssl_msg.c:2028 0x3ffc64a8: ssl->f_recv(_timeout)() returned 4 (-0xfffffffc)

I (6680) mbedtls: ssl_msg.c:2050 0x3ffc64a8: <= fetch input

D (6680) mbedtls: ssl_msg.c:2948 0x3ffc64a8: handshake message: msglen = 4, type = 14, hslen = 4

D (6680) mbedtls: ssl_msg.c:3085 0x3ffc64a8: sole handshake fragment: 4, 0..4 of 4

I (6680) mbedtls: ssl_msg.c:4112 0x3ffc64a8: <= read record

D (6680) mbedtls: ssl_misc.h:1295 0x3ffc64a8: handshake state: 5 (MBEDTLS_SSL_CERTIFICATE_REQUEST) -> 6 (MBEDTLS_SSL_SERVER_HELLO_DONE)

D (6680) mbedtls: ssl_tls12_client.c:2183 0x3ffc64a8: got no certificate request

I (6680) mbedtls: ssl_tls12_client.c:2319 0x3ffc64a8: <= parse certificate request

I (6680) mbedtls: ssl_msg.c:2063 0x3ffc64a8: => flush output

I (6680) mbedtls: ssl_msg.c:2072 0x3ffc64a8: <= flush output

I (6680) mbedtls: ssl_tls.c:4201 0x3ffc64a8: client state: MBEDTLS_SSL_SERVER_HELLO_DONE

I (6680) mbedtls: ssl_tls12_client.c:2330 0x3ffc64a8: => parse server hello done

I (6680) mbedtls: ssl_msg.c:4040 0x3ffc64a8: => read record

I (6680) mbedtls: ssl_msg.c:4108 0x3ffc64a8: reuse previously read message

I (6680) mbedtls: ssl_msg.c:4112 0x3ffc64a8: <= read record

D (6680) mbedtls: ssl_misc.h:1295 0x3ffc64a8: handshake state: 6 (MBEDTLS_SSL_SERVER_HELLO_DONE) -> 7 (MBEDTLS_SSL_CLIENT_CERTIFICATE)

I (6680) mbedtls: ssl_tls12_client.c:2358 0x3ffc64a8: <= parse server hello done

I (6680) mbedtls: ssl_msg.c:2063 0x3ffc64a8: => flush output

I (6680) mbedtls: ssl_msg.c:2072 0x3ffc64a8: <= flush output

I (6680) mbedtls: ssl_tls.c:4201 0x3ffc64a8: client state: MBEDTLS_SSL_CLIENT_CERTIFICATE

I (6680) mbedtls: ssl_tls.c:6675 0x3ffc64a8: => write certificate

I (6680) mbedtls: ssl_tls.c:6686 0x3ffc64a8: <= skip write certificate

D (6680) mbedtls: ssl_misc.h:1295 0x3ffc64a8: handshake state: 7 (MBEDTLS_SSL_CLIENT_CERTIFICATE) -> 8 (MBEDTLS_SSL_CLIENT_KEY_EXCHANGE)

I (6680) mbedtls: ssl_msg.c:2063 0x3ffc64a8: => flush output

I (6680) mbedtls: ssl_msg.c:2072 0x3ffc64a8: <= flush output

I (6680) mbedtls: ssl_tls.c:4201 0x3ffc64a8: client state: MBEDTLS_SSL_CLIENT_KEY_EXCHANGE

I (6680) mbedtls: ssl_tls12_client.c:2373 0x3ffc64a8: => write client key exchange

D (6680) mbedtls: ssl_tls12_client.c:2387 0x3ffc64a8: Perform PSA-based ECDH computation.

[mem-tick] t=    5181 ms phase=thr-setup    free=166656
[mem-tick] t=    5281 ms phase=thr-setup    free=166372
D (6840) mbedtls: ssl_misc.h:1295 0x3ffc64a8: handshake state: 8 (MBEDTLS_SSL_CLIENT_KEY_EXCHANGE) -> 9 (MBEDTLS_SSL_CERTIFICATE_VERIFY)

I (6840) mbedtls: ssl_msg.c:2494 0x3ffc64a8: => write handshake message

I (6840) mbedtls: ssl_msg.c:2654 0x3ffc64a8: => write record

D (6840) mbedtls: ssl_msg.c:2737 0x3ffc64a8: output record: msgtype = 22, version = [3:3], msglen = 37

I (6840) mbedtls: ssl_msg.c:2063 0x3ffc64a8: => flush output

I (6840) mbedtls: ssl_msg.c:2077 0x3ffc64a8: message length: 42, out_left: 42

I (6840) mbedtls: ssl_msg.c:2084 0x3ffc64a8: ssl->f_send() returned 42 (-0xffffffd6)

I (6840) mbedtls: ssl_msg.c:2025 0x3ffcd2c0: in_left: 0, nb_want: 5

I (6840) mbedtls: ssl_msg.c:2111 0x3ffc64a8: <= flush output

I (6840) mbedtls: ssl_msg.c:2790 0x3ffc64a8: <= write record

I (6840) mbedtls: ssl_msg.c:2615 0x3ffc64a8: <= write handshake message

I (6840) mbedtls: ssl_tls12_client.c:2653 0x3ffc64a8: <= write client key exchange

I (6840) mbedtls: ssl_msg.c:2063 0x3ffc64a8: => flush output

I (6840) mbedtls: ssl_msg.c:2072 0x3ffc64a8: <= flush output

I (6840) mbedtls: ssl_tls.c:4201 0x3ffc64a8: client state: MBEDTLS_SSL_CERTIFICATE_VERIFY

I (6840) mbedtls: ssl_tls12_client.c:2701 0x3ffc64a8: => write certificate verify

I (6840) mbedtls: ssl_tls.c:6466 0x3ffc64a8: => derive keys

I (6840) mbedtls: ssl_tls.c:6557 0x3ffc64a8: => PSA calc verify

D (6840) mbedtls: ssl_tls.c:6568 0x3ffc64a8: dumping 'PSA calculated verify result' (48 bytes)

D (6840) mbedtls: ssl_tls.c:6568 0x3ffc64a8: 0000:  7d 4b 8e 9f 54 51 d6 a7 3c 94 70 23 3b 2a d5 f8  }K..TQ..<.p#;*..

D (6840) mbedtls: ssl_tls.c:6568 0x3ffc64a8: 0010:  27 bf 85 5f 3d 19 9d 0c ee 3e 38 ca 95 38 84 7a  '.._=....>8..8.z

D (6840) mbedtls: ssl_tls.c:6568 0x3ffc64a8: 0020:  49 38 6e 62 6a 67 e4 1b 89 b3 db 96 7c d5 1a 05  I8nbjg......|...

I (6840) mbedtls: ssl_tls.c:6569 0x3ffc64a8: <= PSA calc verify

D (6840) mbedtls: ssl_tls.c:6308 0x3ffc64a8: dumping 'session hash for extended master secret' (48 bytes)

D (6840) mbedtls: ssl_tls.c:6308 0x3ffc64a8: 0000:  7d 4b 8e 9f 54 51 d6 a7 3c 94 70 23 3b 2a d5 f8  }K..TQ..<.p#;*..

D (6840) mbedtls: ssl_tls.c:6308 0x3ffc64a8: 0010:  27 bf 85 5f 3d 19 9d 0c ee 3e 38 ca 95 38 84 7a  '.._=....>8..8.z

D (6840) mbedtls: ssl_tls.c:6308 0x3ffc64a8: 0020:  49 38 6e 62 6a 67 e4 1b 89 b3 db 96 7c d5 1a 05  I8nbjg......|...

D (6840) mbedtls: ssl_tls.c:6449 0x3ffc64a8: dumping 'premaster secret' (32 bytes)

D (6840) mbedtls: ssl_tls.c:6449 0x3ffc64a8: 0000:  17 69 f1 8f d4 17 85 b8 98 f7 3b c4 d7 98 f5 12  .i........;.....

I (6850) mbedtls: ssl_msg.c:2028 0x3ffcd2c0: ssl->f_recv(_timeout)() returned 5 (-0xfffffffb)

D (6850) mbedtls: ssl_tls.c:6449 0x3ffc64a8: 0010:  19 0f 82 13 7b 2d b8 cc 7e 28 71 8b 0c 44 e9 09  ....{-..~(q..D..

D (6850) mbedtls: ssl_tls.c:7762 0x3ffc64a8: ciphersuite = TLS-ECDHE-RSA-WITH-AES-256-GCM-SHA384

D (6850) mbedtls: ssl_tls.c:7764 0x3ffc64a8: dumping 'master secret' (48 bytes)

D (6850) mbedtls: ssl_tls.c:7764 0x3ffc64a8: 0000:  8b d7 9f 90 69 b6 52 aa 2b 46 96 8e a6 bc 27 e2  ....i.R.+F....'.

I (6850) mbedtls: ssl_msg.c:2050 0x3ffcd2c0: <= fetch input

D (6850) mbedtls: ssl_tls.c:7764 0x3ffc64a8: 0010:  57 b5 94 59 b5 5e bc 54 8f 9e a0 a2 f3 c6 1a d4  W..Y.^.T........

D (6850) mbedtls: ssl_msg.c:3707 0x3ffcd2c0: input record: msgtype = 22, version = [0x303], msglen = 37

D (6850) mbedtls: ssl_tls.c:7764 0x3ffc64a8: 0020:  32 94 36 5b 55 01 ed ac 61 e4 5d af 1a 2c b5 6b  2.6[U...a.]..,.k

D (6850) mbedtls: ssl_tls.c:7855 0x3ffc64a8: keylen: 32, minlen: 24, ivlen: 12, maclen: 0

I (6850) mbedtls: ssl_tls.c:6517 0x3ffc64a8: <= derive keys

I (6850) mbedtls: ssl_tls12_client.c:2723 0x3ffc64a8: <= skip write certificate verify

D (6850) mbedtls: ssl_misc.h:1295 0x3ffc64a8: handshake state: 9 (MBEDTLS_SSL_CERTIFICATE_VERIFY) -> 10 (MBEDTLS_SSL_CLIENT_CHANGE_CIPHER_SPEC)

I (6850) mbedtls: ssl_msg.c:2063 0x3ffc64a8: => flush output

I (6850) mbedtls: ssl_msg.c:2072 0x3ffc64a8: <= flush output

I (6850) mbedtls: ssl_tls.c:4201 0x3ffc64a8: client state: MBEDTLS_SSL_CLIENT_CHANGE_CIPHER_SPEC

I (6850) mbedtls: ssl_msg.c:5087 0x3ffc64a8: => write change cipher spec

D (6850) mbedtls: ssl_misc.h:1295 0x3ffc64a8: handshake state: 10 (MBEDTLS_SSL_CLIENT_CHANGE_CIPHER_SPEC) -> 11 (MBEDTLS_SSL_CLIENT_FINISHED)

I (6850) mbedtls: ssl_msg.c:2494 0x3ffc64a8: => write handshake message

I (6850) mbedtls: ssl_msg.c:2654 0x3ffc64a8: => write record

D (6850) mbedtls: ssl_msg.c:2737 0x3ffc64a8: output record: msgtype = 20, version = [3:3], msglen = 1

I (6850) mbedtls: ssl_msg.c:2063 0x3ffc64a8: => flush output

I (6850) mbedtls: ssl_msg.c:2077 0x3ffc64a8: message length: 6, out_left: 6

I (6850) mbedtls: ssl_msg.c:2084 0x3ffc64a8: ssl->f_send() returned 6 (-0xfffffffa)

I (6850) mbedtls: ssl_msg.c:2111 0x3ffc64a8: <= flush output

I (6850) mbedtls: ssl_msg.c:2790 0x3ffc64a8: <= write record

I (6850) mbedtls: ssl_msg.c:2615 0x3ffc64a8: <= write handshake message

I (6850) mbedtls: ssl_msg.c:5100 0x3ffc64a8: <= write change cipher spec

I (6850) mbedtls: ssl_msg.c:2063 0x3ffc64a8: => flush output

I (6850) mbedtls: ssl_msg.c:2072 0x3ffc64a8: <= flush output

I (6850) mbedtls: ssl_tls.c:4201 0x3ffc64a8: client state: MBEDTLS_SSL_CLIENT_FINISHED

I (6850) mbedtls: ssl_tls.c:7384 0x3ffc64a8: => write finished

I (6850) mbedtls: ssl_tls.c:7235 0x3ffc64a8: => calc PSA finished tls

D (6850) mbedtls: ssl_tls.c:7246 0x3ffc64a8: dumping 'PSA calculated padbuf' (48 bytes)

D (6850) mbedtls: ssl_tls.c:7246 0x3ffc64a8: 0000:  7d 4b 8e 9f 54 51 d6 a7 3c 94 70 23 3b 2a d5 f8  }K..TQ..<.p#;*..

D (6850) mbedtls: ssl_tls.c:7246 0x3ffc64a8: 0010:  27 bf 85 5f 3d 19 9d 0c ee 3e 38 ca 95 38 84 7a  '.._=....>8..8.z

D (6850) mbedtls: ssl_tls.c:7246 0x3ffc64a8: 0020:  49 38 6e 62 6a 67 e4 1b 89 b3 db 96 7c d5 1a 05  I8nbjg......|...

D (6850) mbedtls: ssl_tls.c:7258 0x3ffc64a8: dumping 'calc finished result' (12 bytes)

D (6850) mbedtls: ssl_tls.c:7258 0x3ffc64a8: 0000:  36 0e 3b 5a 1f 31 c9 2e 8b 3f 19 d7              6.;Z.1...?..

I (6850) mbedtls: ssl_tls.c:7262 0x3ffc64a8: <= calc finished

D (6850) mbedtls: ssl_misc.h:1295 0x3ffc64a8: handshake state: 11 (MBEDTLS_SSL_CLIENT_FINISHED) -> 12 (MBEDTLS_SSL_SERVER_CHANGE_CIPHER_SPEC)

D (6850) mbedtls: ssl_tls.c:7434 0x3ffc64a8: switching to new transform spec for outbound data

I (6850) mbedtls: ssl_msg.c:2494 0x3ffc64a8: => write handshake message

I (6850) mbedtls: ssl_msg.c:2654 0x3ffc64a8: => write record

I (6860) mbedtls: ssl_msg.c:1865 0x3ffcd2c0: => fetch input

I (6860) mbedtls: ssl_msg.c:808 0x3ffc64a8: => encrypt buf

D (6860) mbedtls: ssl_msg.c:1036 0x3ffc64a8: before encrypt: msglen = 16, including 0 bytes of padding

I (6860) mbedtls: ssl_msg.c:1265 0x3ffc64a8: <= encrypt buf

D (6860) mbedtls: ssl_msg.c:2737 0x3ffc64a8: output record: msgtype = 22, version = [3:3], msglen = 40

I (6860) mbedtls: ssl_msg.c:2063 0x3ffc64a8: => flush output

I (6860) mbedtls: ssl_msg.c:2077 0x3ffc64a8: message length: 45, out_left: 45

I (6860) mbedtls: ssl_msg.c:2084 0x3ffc64a8: ssl->f_send() returned 45 (-0xffffffd3)

I (6860) mbedtls: ssl_msg.c:2111 0x3ffc64a8: <= flush output

I (6860) mbedtls: ssl_msg.c:2790 0x3ffc64a8: <= write record

I (6860) mbedtls: ssl_msg.c:2615 0x3ffc64a8: <= write handshake message

I (6860) mbedtls: ssl_msg.c:2005 0x3ffcd2c0: in_left: 5, nb_want: 42

I (6860) mbedtls: ssl_tls.c:7487 0x3ffc64a8: <= write finished

I (6860) mbedtls: ssl_msg.c:2063 0x3ffc64a8: => flush output

I (6860) mbedtls: ssl_msg.c:2072 0x3ffc64a8: <= flush output

I (6860) mbedtls: ssl_tls.c:4201 0x3ffc64a8: client state: MBEDTLS_SSL_SERVER_CHANGE_CIPHER_SPEC

I (6860) mbedtls: ssl_msg.c:5109 0x3ffc64a8: => parse change cipher spec

I (6860) mbedtls: ssl_msg.c:4040 0x3ffc64a8: => read record

I (6860) mbedtls: ssl_msg.c:1865 0x3ffc64a8: => fetch input

I (6860) mbedtls: ssl_msg.c:2005 0x3ffc64a8: in_left: 0, nb_want: 5

I (6860) mbedtls: ssl_msg.c:2025 0x3ffcd2c0: in_left: 5, nb_want: 42

I (6860) mbedtls: ssl_msg.c:2028 0x3ffcd2c0: ssl->f_recv(_timeout)() returned 37 (-0xffffffdb)

I (6860) mbedtls: ssl_msg.c:2050 0x3ffcd2c0: <= fetch input

D (6860) mbedtls: ssl_msg.c:2948 0x3ffcd2c0: handshake message: msglen = 37, type = 16, hslen = 37

D (6860) mbedtls: ssl_msg.c:3085 0x3ffcd2c0: sole handshake fragment: 37, 0..37 of 37

I (6860) mbedtls: ssl_msg.c:4112 0x3ffcd2c0: <= read record

D (6860) mbedtls: ssl_tls12_server.c:2998 0x3ffcd2c0: Read the peer's public key.

[mem-tick] t=    5382 ms phase=thr-setup    free=166168
I (6930) mbedtls: ssl_tls.c:6466 0x3ffcd2c0: => derive keys

I (6930) mbedtls: ssl_tls.c:6557 0x3ffcd2c0: => PSA calc verify

D (6930) mbedtls: ssl_tls.c:6568 0x3ffcd2c0: dumping 'PSA calculated verify result' (48 bytes)

D (6930) mbedtls: ssl_tls.c:6568 0x3ffcd2c0: 0000:  7d 4b 8e 9f 54 51 d6 a7 3c 94 70 23 3b 2a d5 f8  }K..TQ..<.p#;*..

D (6930) mbedtls: ssl_tls.c:6568 0x3ffcd2c0: 0010:  27 bf 85 5f 3d 19 9d 0c ee 3e 38 ca 95 38 84 7a  '.._=....>8..8.z

D (6930) mbedtls: ssl_tls.c:6568 0x3ffcd2c0: 0020:  49 38 6e 62 6a 67 e4 1b 89 b3 db 96 7c d5 1a 05  I8nbjg......|...

I (6930) mbedtls: ssl_tls.c:6569 0x3ffcd2c0: <= PSA calc verify

D (6930) mbedtls: ssl_tls.c:6308 0x3ffcd2c0: dumping 'session hash for extended master secret' (48 bytes)

D (6930) mbedtls: ssl_tls.c:6308 0x3ffcd2c0: 0000:  7d 4b 8e 9f 54 51 d6 a7 3c 94 70 23 3b 2a d5 f8  }K..TQ..<.p#;*..

D (6930) mbedtls: ssl_tls.c:6308 0x3ffcd2c0: 0010:  27 bf 85 5f 3d 19 9d 0c ee 3e 38 ca 95 38 84 7a  '.._=....>8..8.z

D (6930) mbedtls: ssl_tls.c:6308 0x3ffcd2c0: 0020:  49 38 6e 62 6a 67 e4 1b 89 b3 db 96 7c d5 1a 05  I8nbjg......|...

D (6930) mbedtls: ssl_tls.c:6449 0x3ffcd2c0: dumping 'premaster secret' (32 bytes)

D (6930) mbedtls: ssl_tls.c:6449 0x3ffcd2c0: 0000:  17 69 f1 8f d4 17 85 b8 98 f7 3b c4 d7 98 f5 12  .i........;.....

D (6930) mbedtls: ssl_tls.c:6449 0x3ffcd2c0: 0010:  19 0f 82 13 7b 2d b8 cc 7e 28 71 8b 0c 44 e9 09  ....{-..~(q..D..

D (6930) mbedtls: ssl_tls.c:7762 0x3ffcd2c0: ciphersuite = TLS-ECDHE-RSA-WITH-AES-256-GCM-SHA384

D (6940) mbedtls: ssl_tls.c:7764 0x3ffcd2c0: dumping 'master secret' (48 bytes)

D (6940) mbedtls: ssl_tls.c:7764 0x3ffcd2c0: 0000:  8b d7 9f 90 69 b6 52 aa 2b 46 96 8e a6 bc 27 e2  ....i.R.+F....'.

D (6940) mbedtls: ssl_tls.c:7764 0x3ffcd2c0: 0010:  57 b5 94 59 b5 5e bc 54 8f 9e a0 a2 f3 c6 1a d4  W..Y.^.T........

D (6940) mbedtls: ssl_tls.c:7764 0x3ffcd2c0: 0020:  32 94 36 5b 55 01 ed ac 61 e4 5d af 1a 2c b5 6b  2.6[U...a.]..,.k

D (6940) mbedtls: ssl_tls.c:7855 0x3ffcd2c0: keylen: 32, minlen: 24, ivlen: 12, maclen: 0

I (6940) mbedtls: ssl_tls.c:6517 0x3ffcd2c0: <= derive keys

D (6940) mbedtls: ssl_misc.h:1295 0x3ffcd2c0: handshake state: 8 (MBEDTLS_SSL_CLIENT_KEY_EXCHANGE) -> 9 (MBEDTLS_SSL_CERTIFICATE_VERIFY)

I (6940) mbedtls: ssl_tls12_server.c:3180 0x3ffcd2c0: <= parse client key exchange

I (6940) mbedtls: ssl_msg.c:2063 0x3ffcd2c0: => flush output

I (6940) mbedtls: ssl_msg.c:2072 0x3ffcd2c0: <= flush output

I (6940) mbedtls: ssl_tls12_server.c:3429 0x3ffcd2c0: server state: 9

I (6940) mbedtls: ssl_tls12_server.c:3219 0x3ffcd2c0: => parse certificate verify

I (6940) mbedtls: ssl_tls12_server.c:3235 0x3ffcd2c0: <= skip parse certificate verify

D (6940) mbedtls: ssl_misc.h:1295 0x3ffcd2c0: handshake state: 9 (MBEDTLS_SSL_CERTIFICATE_VERIFY) -> 10 (MBEDTLS_SSL_CLIENT_CHANGE_CIPHER_SPEC)

I (6940) mbedtls: ssl_msg.c:2063 0x3ffcd2c0: => flush output

I (6940) mbedtls: ssl_msg.c:2072 0x3ffcd2c0: <= flush output

I (6940) mbedtls: ssl_tls12_server.c:3429 0x3ffcd2c0: server state: 10

I (6940) mbedtls: ssl_msg.c:5109 0x3ffcd2c0: => parse change cipher spec

I (6940) mbedtls: ssl_msg.c:4040 0x3ffcd2c0: => read record

I (6940) mbedtls: ssl_msg.c:1865 0x3ffcd2c0: => fetch input

I (6940) mbedtls: ssl_msg.c:2005 0x3ffcd2c0: in_left: 0, nb_want: 5

I (6940) mbedtls: ssl_msg.c:2025 0x3ffcd2c0: in_left: 0, nb_want: 5

I (6940) mbedtls: ssl_msg.c:2028 0x3ffcd2c0: ssl->f_recv(_timeout)() returned 5 (-0xfffffffb)

I (6940) mbedtls: ssl_msg.c:2050 0x3ffcd2c0: <= fetch input

D (6940) mbedtls: ssl_msg.c:3707 0x3ffcd2c0: input record: msgtype = 20, version = [0x303], msglen = 1

I (6940) mbedtls: ssl_msg.c:1865 0x3ffcd2c0: => fetch input

I (6940) mbedtls: ssl_msg.c:2005 0x3ffcd2c0: in_left: 5, nb_want: 6

I (6940) mbedtls: ssl_msg.c:2025 0x3ffcd2c0: in_left: 5, nb_want: 6

I (6940) mbedtls: ssl_msg.c:2028 0x3ffcd2c0: ssl->f_recv(_timeout)() returned 1 (-0xffffffff)

I (6940) mbedtls: ssl_msg.c:2050 0x3ffcd2c0: <= fetch input

I (6940) mbedtls: ssl_msg.c:4112 0x3ffcd2c0: <= read record

D (6940) mbedtls: ssl_msg.c:5130 0x3ffcd2c0: switching to new transform spec for inbound data

D (6940) mbedtls: ssl_misc.h:1295 0x3ffcd2c0: handshake state: 10 (MBEDTLS_SSL_CLIENT_CHANGE_CIPHER_SPEC) -> 11 (MBEDTLS_SSL_CLIENT_FINISHED)

I (6940) mbedtls: ssl_msg.c:5157 0x3ffcd2c0: <= parse change cipher spec

I (6940) mbedtls: ssl_msg.c:2063 0x3ffcd2c0: => flush output

I (6940) mbedtls: ssl_msg.c:2072 0x3ffcd2c0: <= flush output

I (6940) mbedtls: ssl_tls12_server.c:3429 0x3ffcd2c0: server state: 11

I (6940) mbedtls: ssl_tls.c:7500 0x3ffcd2c0: => parse finished

I (6940) mbedtls: ssl_tls.c:7235 0x3ffcd2c0: => calc PSA finished tls

D (6940) mbedtls: ssl_tls.c:7246 0x3ffcd2c0: dumping 'PSA calculated padbuf' (48 bytes)

D (6940) mbedtls: ssl_tls.c:7246 0x3ffcd2c0: 0000:  7d 4b 8e 9f 54 51 d6 a7 3c 94 70 23 3b 2a d5 f8  }K..TQ..<.p#;*..

D (6940) mbedtls: ssl_tls.c:7246 0x3ffcd2c0: 0010:  27 bf 85 5f 3d 19 9d 0c ee 3e 38 ca 95 38 84 7a  '.._=....>8..8.z

D (6940) mbedtls: ssl_tls.c:7246 0x3ffcd2c0: 0020:  49 38 6e 62 6a 67 e4 1b 89 b3 db 96 7c d5 1a 05  I8nbjg......|...

D (6940) mbedtls: ssl_tls.c:7258 0x3ffcd2c0: dumping 'calc finished result' (12 bytes)

D (6940) mbedtls: ssl_tls.c:7258 0x3ffcd2c0: 0000:  36 0e 3b 5a 1f 31 c9 2e 8b 3f 19 d7              6.;Z.1...?..

I (6940) mbedtls: ssl_tls.c:7262 0x3ffcd2c0: <= calc finished

I (6940) mbedtls: ssl_msg.c:4040 0x3ffcd2c0: => read record

I (6940) mbedtls: ssl_msg.c:1865 0x3ffcd2c0: => fetch input

I (6940) mbedtls: ssl_msg.c:2005 0x3ffcd2c0: in_left: 0, nb_want: 5

I (6940) mbedtls: ssl_msg.c:2025 0x3ffcd2c0: in_left: 0, nb_want: 5

I (6940) mbedtls: ssl_msg.c:2028 0x3ffcd2c0: ssl->f_recv(_timeout)() returned 5 (-0xfffffffb)

I (6940) mbedtls: ssl_msg.c:2050 0x3ffcd2c0: <= fetch input

D (6940) mbedtls: ssl_msg.c:3707 0x3ffcd2c0: input record: msgtype = 22, version = [0x303], msglen = 40

I (6940) mbedtls: ssl_msg.c:1865 0x3ffcd2c0: => fetch input

I (6940) mbedtls: ssl_msg.c:2005 0x3ffcd2c0: in_left: 5, nb_want: 45

I (6940) mbedtls: ssl_msg.c:2025 0x3ffcd2c0: in_left: 5, nb_want: 45

I (6940) mbedtls: ssl_msg.c:2028 0x3ffcd2c0: ssl->f_recv(_timeout)() returned 40 (-0xffffffd8)

I (6940) mbedtls: ssl_msg.c:2050 0x3ffcd2c0: <= fetch input

I (6940) mbedtls: ssl_msg.c:1301 0x3ffcd2c0: => decrypt buf

I (6940) mbedtls: ssl_msg.c:1831 0x3ffcd2c0: <= decrypt buf

D (6940) mbedtls: ssl_msg.c:2948 0x3ffcd2c0: handshake message: msglen = 16, type = 20, hslen = 16

D (6940) mbedtls: ssl_msg.c:3085 0x3ffcd2c0: sole handshake fragment: 16, 0..16 of 16

I (6940) mbedtls: ssl_msg.c:4112 0x3ffcd2c0: <= read record

D (6940) mbedtls: ssl_misc.h:1295 0x3ffcd2c0: handshake state: 11 (MBEDTLS_SSL_CLIENT_FINISHED) -> 12 (MBEDTLS_SSL_SERVER_CHANGE_CIPHER_SPEC)

I (6940) mbedtls: ssl_tls.c:7571 0x3ffcd2c0: <= parse finished

I (6950) mbedtls: ssl_msg.c:2063 0x3ffcd2c0: => flush output

I (6950) mbedtls: ssl_msg.c:2072 0x3ffcd2c0: <= flush output

I (6950) mbedtls: ssl_tls12_server.c:3429 0x3ffcd2c0: server state: 12

I (6950) mbedtls: ssl_msg.c:5087 0x3ffcd2c0: => write change cipher spec

D (6950) mbedtls: ssl_misc.h:1295 0x3ffcd2c0: handshake state: 12 (MBEDTLS_SSL_SERVER_CHANGE_CIPHER_SPEC) -> 13 (MBEDTLS_SSL_SERVER_FINISHED)

I (6950) mbedtls: ssl_msg.c:2494 0x3ffcd2c0: => write handshake message

I (6950) mbedtls: ssl_msg.c:2654 0x3ffcd2c0: => write record

D (6950) mbedtls: ssl_msg.c:2737 0x3ffcd2c0: output record: msgtype = 20, version = [3:3], msglen = 1

I (6950) mbedtls: ssl_msg.c:2063 0x3ffcd2c0: => flush output

I (6950) mbedtls: ssl_msg.c:2077 0x3ffcd2c0: message length: 6, out_left: 6

I (6950) mbedtls: ssl_msg.c:2025 0x3ffc64a8: in_left: 0, nb_want: 5

I (6950) mbedtls: ssl_msg.c:2084 0x3ffcd2c0: ssl->f_send() returned 6 (-0xfffffffa)

I (6950) mbedtls: ssl_msg.c:2028 0x3ffc64a8: ssl->f_recv(_timeout)() returned 5 (-0xfffffffb)

I (6950) mbedtls: ssl_msg.c:2050 0x3ffc64a8: <= fetch input

I (6950) mbedtls: ssl_msg.c:2111 0x3ffcd2c0: <= flush output

D (6950) mbedtls: ssl_msg.c:3707 0x3ffc64a8: input record: msgtype = 20, version = [0x303], msglen = 1

I (6950) mbedtls: ssl_msg.c:2790 0x3ffcd2c0: <= write record

I (6950) mbedtls: ssl_msg.c:1865 0x3ffc64a8: => fetch input

I (6950) mbedtls: ssl_msg.c:2005 0x3ffc64a8: in_left: 5, nb_want: 6

I (6950) mbedtls: ssl_msg.c:2025 0x3ffc64a8: in_left: 5, nb_want: 6

I (6950) mbedtls: ssl_msg.c:2028 0x3ffc64a8: ssl->f_recv(_timeout)() returned 1 (-0xffffffff)

I (6950) mbedtls: ssl_msg.c:2050 0x3ffc64a8: <= fetch input

I (6950) mbedtls: ssl_msg.c:4112 0x3ffc64a8: <= read record

D (6950) mbedtls: ssl_msg.c:5130 0x3ffc64a8: switching to new transform spec for inbound data

D (6950) mbedtls: ssl_misc.h:1295 0x3ffc64a8: handshake state: 12 (MBEDTLS_SSL_SERVER_CHANGE_CIPHER_SPEC) -> 13 (MBEDTLS_SSL_SERVER_FINISHED)

I (6950) mbedtls: ssl_msg.c:5157 0x3ffc64a8: <= parse change cipher spec

I (6950) mbedtls: ssl_msg.c:2063 0x3ffc64a8: => flush output

I (6950) mbedtls: ssl_msg.c:2072 0x3ffc64a8: <= flush output

I (6950) mbedtls: ssl_tls.c:4201 0x3ffc64a8: client state: MBEDTLS_SSL_SERVER_FINISHED

I (6950) mbedtls: ssl_tls.c:7500 0x3ffc64a8: => parse finished

I (6950) mbedtls: ssl_tls.c:7235 0x3ffc64a8: => calc PSA finished tls

D (6950) mbedtls: ssl_tls.c:7246 0x3ffc64a8: dumping 'PSA calculated padbuf' (48 bytes)

D (6950) mbedtls: ssl_tls.c:7246 0x3ffc64a8: 0000:  8f 7a c0 0c 8a aa 3b 12 21 2b e1 2f eb 48 dc 1f  .z....;.!+./.H..

D (6950) mbedtls: ssl_tls.c:7246 0x3ffc64a8: 0010:  30 b3 d9 16 85 69 5b bf bb 93 94 84 6a b4 00 0a  0....i[.....j...

D (6950) mbedtls: ssl_tls.c:7246 0x3ffc64a8: 0020:  73 8b 28 b7 d6 90 d1 b0 7f 7f 4c 61 52 77 ff c5  s.(.......LaRw..

D (6950) mbedtls: ssl_tls.c:7258 0x3ffc64a8: dumping 'calc finished result' (12 bytes)

D (6950) mbedtls: ssl_tls.c:7258 0x3ffc64a8: 0000:  be 26 84 56 c9 3f dd 61 36 2c 86 d4              .&.V.?.a6,..

I (6950) mbedtls: ssl_tls.c:7262 0x3ffc64a8: <= calc finished

I (6950) mbedtls: ssl_msg.c:4040 0x3ffc64a8: => read record

I (6950) mbedtls: ssl_msg.c:1865 0x3ffc64a8: => fetch input

I (6950) mbedtls: ssl_msg.c:2005 0x3ffc64a8: in_left: 0, nb_want: 5

I (6950) mbedtls: ssl_msg.c:2615 0x3ffcd2c0: <= write handshake message

I (6950) mbedtls: ssl_msg.c:5100 0x3ffcd2c0: <= write change cipher spec

I (6950) mbedtls: ssl_msg.c:2063 0x3ffcd2c0: => flush output

I (6950) mbedtls: ssl_msg.c:2072 0x3ffcd2c0: <= flush output

I (6950) mbedtls: ssl_tls12_server.c:3429 0x3ffcd2c0: server state: 13

I (6950) mbedtls: ssl_tls.c:7384 0x3ffcd2c0: => write finished

I (6950) mbedtls: ssl_tls.c:7235 0x3ffcd2c0: => calc PSA finished tls

D (6950) mbedtls: ssl_tls.c:7246 0x3ffcd2c0: dumping 'PSA calculated padbuf' (48 bytes)

D (6950) mbedtls: ssl_tls.c:7246 0x3ffcd2c0: 0000:  8f 7a c0 0c 8a aa 3b 12 21 2b e1 2f eb 48 dc 1f  .z....;.!+./.H..

D (6950) mbedtls: ssl_tls.c:7246 0x3ffcd2c0: 0010:  30 b3 d9 16 85 69 5b bf bb 93 94 84 6a b4 00 0a  0....i[.....j...

D (6950) mbedtls: ssl_tls.c:7246 0x3ffcd2c0: 0020:  73 8b 28 b7 d6 90 d1 b0 7f 7f 4c 61 52 77 ff c5  s.(.......LaRw..

D (6950) mbedtls: ssl_tls.c:7258 0x3ffcd2c0: dumping 'calc finished result' (12 bytes)

D (6950) mbedtls: ssl_tls.c:7258 0x3ffcd2c0: 0000:  be 26 84 56 c9 3f dd 61 36 2c 86 d4              .&.V.?.a6,..

I (6950) mbedtls: ssl_tls.c:7262 0x3ffcd2c0: <= calc finished

D (6950) mbedtls: ssl_misc.h:1295 0x3ffcd2c0: handshake state: 13 (MBEDTLS_SSL_SERVER_FINISHED) -> 14 (MBEDTLS_SSL_FLUSH_BUFFERS)

D (6950) mbedtls: ssl_tls.c:7434 0x3ffcd2c0: switching to new transform spec for outbound data

I (6950) mbedtls: ssl_msg.c:2494 0x3ffcd2c0: => write handshake message

I (6950) mbedtls: ssl_msg.c:2654 0x3ffcd2c0: => write record

I (6950) mbedtls: ssl_msg.c:808 0x3ffcd2c0: => encrypt buf

D (6950) mbedtls: ssl_msg.c:1036 0x3ffcd2c0: before encrypt: msglen = 16, including 0 bytes of padding

I (6950) mbedtls: ssl_msg.c:1265 0x3ffcd2c0: <= encrypt buf

D (6950) mbedtls: ssl_msg.c:2737 0x3ffcd2c0: output record: msgtype = 22, version = [3:3], msglen = 40

I (6960) mbedtls: ssl_msg.c:2063 0x3ffcd2c0: => flush output

I (6960) mbedtls: ssl_msg.c:2077 0x3ffcd2c0: message length: 45, out_left: 45

I (6960) mbedtls: ssl_msg.c:2084 0x3ffcd2c0: ssl->f_send() returned 45 (-0xffffffd3)

I (6960) mbedtls: ssl_msg.c:2111 0x3ffcd2c0: <= flush output

I (6960) mbedtls: ssl_msg.c:2790 0x3ffcd2c0: <= write record

I (6960) mbedtls: ssl_msg.c:2615 0x3ffcd2c0: <= write handshake message

I (6960) mbedtls: ssl_tls.c:7487 0x3ffcd2c0: <= write finished

I (6960) mbedtls: ssl_msg.c:2063 0x3ffcd2c0: => flush output

I (6960) mbedtls: ssl_msg.c:2072 0x3ffcd2c0: <= flush output

I (6960) mbedtls: ssl_tls12_server.c:3429 0x3ffcd2c0: server state: 14

I (6960) mbedtls: ssl_tls12_server.c:3521 0x3ffcd2c0: handshake: done

D (6960) mbedtls: ssl_misc.h:1295 0x3ffcd2c0: handshake state: 14 (MBEDTLS_SSL_FLUSH_BUFFERS) -> 15 (MBEDTLS_SSL_HANDSHAKE_WRAPUP)

I (6960) mbedtls: ssl_msg.c:2063 0x3ffcd2c0: => flush output

I (6960) mbedtls: ssl_msg.c:2072 0x3ffcd2c0: <= flush output

I (6960) mbedtls: ssl_tls12_server.c:3429 0x3ffcd2c0: server state: 15

D (6960) mbedtls: ssl_tls.c:7322 0x3ffcd2c0: => handshake wrapup

D (6960) mbedtls: ssl_tls.c:7296 0x3ffcd2c0: => handshake wrapup: final free

D (6960) mbedtls: ssl_tls.c:7315 0x3ffcd2c0: <= handshake wrapup: final free

D (6960) mbedtls: ssl_misc.h:1295 0x3ffcd2c0: handshake state: 15 (MBEDTLS_SSL_HANDSHAKE_WRAPUP) -> 27 (MBEDTLS_SSL_HANDSHAKE_OVER)

D (6960) mbedtls: ssl_tls.c:7376 0x3ffcd2c0: <= handshake wrapup

I (6960) mbedtls: ssl_tls.c:4293 0x3ffcd2c0: <= handshake

[srv-tls] session established
I (6960) mbedtls: ssl_msg.c:5663 0x3ffcd2c0: => read

I (6960) mbedtls: ssl_msg.c:4040 0x3ffcd2c0: => read record

I (6960) mbedtls: ssl_msg.c:1865 0x3ffcd2c0: => fetch input

I (6960) mbedtls: ssl_msg.c:2005 0x3ffcd2c0: in_left: 0, nb_want: 5

[mem-tick] t=    5481 ms phase=thr-setup    free=168536
[mem-tick] t=    5581 ms phase=thr-setup    free=168536
I (7180) mbedtls: ssl_msg.c:2025 0x3ffc64a8: in_left: 0, nb_want: 5

I (7180) mbedtls: ssl_msg.c:2028 0x3ffc64a8: ssl->f_recv(_timeout)() returned 5 (-0xfffffffb)

I (7180) mbedtls: ssl_msg.c:2050 0x3ffc64a8: <= fetch input

D (7180) mbedtls: ssl_msg.c:3707 0x3ffc64a8: input record: msgtype = 22, version = [0x303], msglen = 40

I (7180) mbedtls: ssl_msg.c:1865 0x3ffc64a8: => fetch input

I (7180) mbedtls: ssl_msg.c:2005 0x3ffc64a8: in_left: 5, nb_want: 45

I (7180) mbedtls: ssl_msg.c:2025 0x3ffc64a8: in_left: 5, nb_want: 45

I (7180) mbedtls: ssl_msg.c:2028 0x3ffc64a8: ssl->f_recv(_timeout)() returned 40 (-0xffffffd8)

I (7180) mbedtls: ssl_msg.c:2050 0x3ffc64a8: <= fetch input

I (7180) mbedtls: ssl_msg.c:1301 0x3ffc64a8: => decrypt buf

I (7180) mbedtls: ssl_msg.c:1831 0x3ffc64a8: <= decrypt buf

D (7180) mbedtls: ssl_msg.c:2948 0x3ffc64a8: handshake message: msglen = 16, type = 20, hslen = 16

D (7180) mbedtls: ssl_msg.c:3085 0x3ffc64a8: sole handshake fragment: 16, 0..16 of 16

I (7180) mbedtls: ssl_msg.c:4112 0x3ffc64a8: <= read record

D (7180) mbedtls: ssl_misc.h:1295 0x3ffc64a8: handshake state: 13 (MBEDTLS_SSL_SERVER_FINISHED) -> 14 (MBEDTLS_SSL_FLUSH_BUFFERS)

I (7180) mbedtls: ssl_tls.c:7571 0x3ffc64a8: <= parse finished

I (7180) mbedtls: ssl_msg.c:2063 0x3ffc64a8: => flush output

I (7180) mbedtls: ssl_msg.c:2072 0x3ffc64a8: <= flush output

I (7180) mbedtls: ssl_tls.c:4201 0x3ffc64a8: client state: MBEDTLS_SSL_FLUSH_BUFFERS

I (7180) mbedtls: ssl_tls12_client.c:3031 0x3ffc64a8: handshake: done

D (7180) mbedtls: ssl_misc.h:1295 0x3ffc64a8: handshake state: 14 (MBEDTLS_SSL_FLUSH_BUFFERS) -> 15 (MBEDTLS_SSL_HANDSHAKE_WRAPUP)

I (7180) mbedtls: ssl_msg.c:2063 0x3ffc64a8: => flush output

I (7180) mbedtls: ssl_msg.c:2072 0x3ffc64a8: <= flush output

I (7180) mbedtls: ssl_tls.c:4201 0x3ffc64a8: client state: MBEDTLS_SSL_HANDSHAKE_WRAPUP

D (7180) mbedtls: ssl_tls.c:7322 0x3ffc64a8: => handshake wrapup

D (7180) mbedtls: ssl_tls.c:7296 0x3ffc64a8: => handshake wrapup: final free

D (7180) mbedtls: ssl_tls.c:7315 0x3ffc64a8: <= handshake wrapup: final free

D (7180) mbedtls: ssl_misc.h:1295 0x3ffc64a8: handshake state: 15 (MBEDTLS_SSL_HANDSHAKE_WRAPUP) -> 27 (MBEDTLS_SSL_HANDSHAKE_OVER)

D (7180) mbedtls: ssl_tls.c:7376 0x3ffc64a8: <= handshake wrapup

I (7180) mbedtls: ssl_tls.c:4293 0x3ffc64a8: <= handshake

[neg] version=TLSv1.2 suite=TLS-ECDHE-RSA-WITH-AES-256-GCM-SHA384 peer_cert=0 bytes
[st] socket=58
[st] connect=0 errno=0
[st] send=8
[st] recv=8 data=hello-st
[thr-p] connect failed errno=104
[thr] round0 PLAIN failed
I (7200) mbedtls: ssl_msg.c:5925 0x3ffc64a8: => write

I (7200) mbedtls: ssl_msg.c:2654 0x3ffc64a8: => write record

I (7200) mbedtls: ssl_msg.c:808 0x3ffc64a8: => encrypt buf

D (7200) mbedtls: ssl_msg.c:1036 0x3ffc64a8: before encrypt: msglen = 1024, including 0 bytes of padding

I (7200) mbedtls: ssl_msg.c:1265 0x3ffc64a8: <= encrypt buf

D (7200) mbedtls: ssl_msg.c:2737 0x3ffc64a8: output record: msgtype = 23, version = [3:3], msglen = 1048

I (7200) mbedtls: ssl_msg.c:2063 0x3ffc64a8: => flush output

I (7200) mbedtls: ssl_msg.c:2077 0x3ffc64a8: message length: 1053, out_left: 1053

I (7200) mbedtls: ssl_msg.c:2084 0x3ffc64a8: ssl->f_send() returned 1053 (-0xfffffbe3)

I (7200) mbedtls: ssl_msg.c:2111 0x3ffc64a8: <= flush output

I (7200) mbedtls: ssl_msg.c:2790 0x3ffc64a8: <= write record

I (7200) mbedtls: ssl_msg.c:5947 0x3ffc64a8: <= write

I (7200) mbedtls: ssl_msg.c:2025 0x3ffcd2c0: in_left: 0, nb_want: 5

I (7200) mbedtls: ssl_msg.c:5663 0x3ffc64a8: => read

I (7200) mbedtls: ssl_msg.c:2028 0x3ffcd2c0: ssl->f_recv(_timeout)() returned 5 (-0xfffffffb)

I (7200) mbedtls: ssl_msg.c:4040 0x3ffc64a8: => read record

I (7200) mbedtls: ssl_msg.c:1865 0x3ffc64a8: => fetch input

I (7200) mbedtls: ssl_msg.c:2005 0x3ffc64a8: in_left: 0, nb_want: 5

I (7200) mbedtls: ssl_msg.c:2050 0x3ffcd2c0: <= fetch input

D (7200) mbedtls: ssl_msg.c:3707 0x3ffcd2c0: input record: msgtype = 23, version = [0x303], msglen = 1048

I (7200) mbedtls: ssl_msg.c:1865 0x3ffcd2c0: => fetch input

I (7200) mbedtls: ssl_msg.c:2005 0x3ffcd2c0: in_left: 5, nb_want: 1053

I (7200) mbedtls: ssl_msg.c:2025 0x3ffcd2c0: in_left: 5, nb_want: 1053

I (7200) mbedtls: ssl_msg.c:2028 0x3ffcd2c0: ssl->f_recv(_timeout)() returned 1048 (-0xfffffbe8)

I (7200) mbedtls: ssl_msg.c:2050 0x3ffcd2c0: <= fetch input

I (7210) mbedtls: ssl_msg.c:1301 0x3ffcd2c0: => decrypt buf

I (7210) mbedtls: ssl_msg.c:1831 0x3ffcd2c0: <= decrypt buf

I (7210) mbedtls: ssl_msg.c:4112 0x3ffcd2c0: <= read record

I (7210) mbedtls: ssl_msg.c:5823 0x3ffcd2c0: <= read

I (7210) mbedtls: ssl_msg.c:5925 0x3ffcd2c0: => write

I (7210) mbedtls: ssl_msg.c:2654 0x3ffcd2c0: => write record

I (7210) mbedtls: ssl_msg.c:808 0x3ffcd2c0: => encrypt buf

D (7210) mbedtls: ssl_msg.c:1036 0x3ffcd2c0: before encrypt: msglen = 1024, including 0 bytes of padding

I (7210) mbedtls: ssl_msg.c:1265 0x3ffcd2c0: <= encrypt buf

D (7210) mbedtls: ssl_msg.c:2737 0x3ffcd2c0: output record: msgtype = 23, version = [3:3], msglen = 1048

I (7210) mbedtls: ssl_msg.c:2063 0x3ffcd2c0: => flush output

I (7210) mbedtls: ssl_msg.c:2077 0x3ffcd2c0: message length: 1053, out_left: 1053

I (7210) mbedtls: ssl_msg.c:2025 0x3ffc64a8: in_left: 0, nb_want: 5

I (7210) mbedtls: ssl_msg.c:2028 0x3ffc64a8: ssl->f_recv(_timeout)() returned 5 (-0xfffffffb)

I (7210) mbedtls: ssl_msg.c:2084 0x3ffcd2c0: ssl->f_send() returned 1053 (-0xfffffbe3)

I (7210) mbedtls: ssl_msg.c:2050 0x3ffc64a8: <= fetch input

D (7210) mbedtls: ssl_msg.c:3707 0x3ffc64a8: input record: msgtype = 23, version = [0x303], msglen = 1048

I (7210) mbedtls: ssl_msg.c:1865 0x3ffc64a8: => fetch input

I (7210) mbedtls: ssl_msg.c:2005 0x3ffc64a8: in_left: 5, nb_want: 1053

I (7210) mbedtls: ssl_msg.c:2025 0x3ffc64a8: in_left: 5, nb_want: 1053

I (7210) mbedtls: ssl_msg.c:2028 0x3ffc64a8: ssl->f_recv(_timeout)() returned 1048 (-0xfffffbe8)

I (7210) mbedtls: ssl_msg.c:2050 0x3ffc64a8: <= fetch input

I (7220) mbedtls: ssl_msg.c:2111 0x3ffcd2c0: <= flush output

I (7220) mbedtls: ssl_msg.c:2790 0x3ffcd2c0: <= write record

I (7220) mbedtls: ssl_msg.c:5947 0x3ffcd2c0: <= write

I (7220) mbedtls: ssl_msg.c:5663 0x3ffcd2c0: => read

I (7220) mbedtls: ssl_msg.c:4040 0x3ffcd2c0: => read record

I (7220) mbedtls: ssl_msg.c:1865 0x3ffcd2c0: => fetch input

I (7220) mbedtls: ssl_msg.c:2005 0x3ffcd2c0: in_left: 0, nb_want: 5

I (7220) mbedtls: ssl_msg.c:1301 0x3ffc64a8: => decrypt buf

I (7220) mbedtls: ssl_msg.c:1831 0x3ffc64a8: <= decrypt buf

I (7220) mbedtls: ssl_msg.c:4112 0x3ffc64a8: <= read record

I (7220) mbedtls: ssl_msg.c:5823 0x3ffc64a8: <= read

I (7220) mbedtls: ssl_msg.c:5925 0x3ffc64a8: => write

I (7220) mbedtls: ssl_msg.c:2654 0x3ffc64a8: => write record

I (7220) mbedtls: ssl_msg.c:808 0x3ffc64a8: => encrypt buf

D (7220) mbedtls: ssl_msg.c:1036 0x3ffc64a8: before encrypt: msglen = 1024, including 0 bytes of padding

I (7220) mbedtls: ssl_msg.c:1265 0x3ffc64a8: <= encrypt buf

D (7220) mbedtls: ssl_msg.c:2737 0x3ffc64a8: output record: msgtype = 23, version = [3:3], msglen = 1048

I (7220) mbedtls: ssl_msg.c:2063 0x3ffc64a8: => flush output

I (7220) mbedtls: ssl_msg.c:2077 0x3ffc64a8: message length: 1053, out_left: 1053

I (7220) mbedtls: ssl_msg.c:2084 0x3ffc64a8: ssl->f_send() returned 1053 (-0xfffffbe3)

I (7220) mbedtls: ssl_msg.c:2111 0x3ffc64a8: <= flush output

I (7220) mbedtls: ssl_msg.c:2790 0x3ffc64a8: <= write record

I (7220) mbedtls: ssl_msg.c:5947 0x3ffc64a8: <= write

I (7220) mbedtls: ssl_msg.c:2025 0x3ffcd2c0: in_left: 0, nb_want: 5

I (7220) mbedtls: ssl_msg.c:5663 0x3ffc64a8: => read

I (7220) mbedtls: ssl_msg.c:4040 0x3ffc64a8: => read record

I (7220) mbedtls: ssl_msg.c:1865 0x3ffc64a8: => fetch input

I (7220) mbedtls: ssl_msg.c:2005 0x3ffc64a8: in_left: 0, nb_want: 5

I (7220) mbedtls: ssl_msg.c:2028 0x3ffcd2c0: ssl->f_recv(_timeout)() returned 5 (-0xfffffffb)

I (7230) mbedtls: ssl_msg.c:2050 0x3ffcd2c0: <= fetch input

D (7230) mbedtls: ssl_msg.c:3707 0x3ffcd2c0: input record: msgtype = 23, version = [0x303], msglen = 1048

I (7230) mbedtls: ssl_msg.c:1865 0x3ffcd2c0: => fetch input

I (7230) mbedtls: ssl_msg.c:2005 0x3ffcd2c0: in_left: 5, nb_want: 1053

I (7230) mbedtls: ssl_msg.c:2025 0x3ffcd2c0: in_left: 5, nb_want: 1053

I (7230) mbedtls: ssl_msg.c:2028 0x3ffcd2c0: ssl->f_recv(_timeout)() returned 1048 (-0xfffffbe8)

I (7230) mbedtls: ssl_msg.c:2050 0x3ffcd2c0: <= fetch input

[mem-tick] t=    5684 ms phase=thr-t0       free=174008
I (7230) mbedtls: ssl_msg.c:1301 0x3ffcd2c0: => decrypt buf

I (7230) mbedtls: ssl_msg.c:1831 0x3ffcd2c0: <= decrypt buf

I (7230) mbedtls: ssl_msg.c:4112 0x3ffcd2c0: <= read record

I (7230) mbedtls: ssl_msg.c:5823 0x3ffcd2c0: <= read

I (7230) mbedtls: ssl_msg.c:5925 0x3ffcd2c0: => write

I (7230) mbedtls: ssl_msg.c:2654 0x3ffcd2c0: => write record

I (7230) mbedtls: ssl_msg.c:808 0x3ffcd2c0: => encrypt buf

D (7230) mbedtls: ssl_msg.c:1036 0x3ffcd2c0: before encrypt: msglen = 1024, including 0 bytes of padding

I (7230) mbedtls: ssl_msg.c:1265 0x3ffcd2c0: <= encrypt buf

D (7230) mbedtls: ssl_msg.c:2737 0x3ffcd2c0: output record: msgtype = 23, version = [3:3], msglen = 1048

I (7240) mbedtls: ssl_msg.c:2063 0x3ffcd2c0: => flush output

I (7240) mbedtls: ssl_msg.c:2077 0x3ffcd2c0: message length: 1053, out_left: 1053

I (7240) mbedtls: ssl_msg.c:2025 0x3ffc64a8: in_left: 0, nb_want: 5

I (7240) mbedtls: ssl_msg.c:2028 0x3ffc64a8: ssl->f_recv(_timeout)() returned 5 (-0xfffffffb)

I (7240) mbedtls: ssl_msg.c:2084 0x3ffcd2c0: ssl->f_send() returned 1053 (-0xfffffbe3)

I (7240) mbedtls: ssl_msg.c:2050 0x3ffc64a8: <= fetch input

D (7240) mbedtls: ssl_msg.c:3707 0x3ffc64a8: input record: msgtype = 23, version = [0x303], msglen = 1048

I (7240) mbedtls: ssl_msg.c:1865 0x3ffc64a8: => fetch input

I (7240) mbedtls: ssl_msg.c:2005 0x3ffc64a8: in_left: 5, nb_want: 1053

I (7240) mbedtls: ssl_msg.c:2025 0x3ffc64a8: in_left: 5, nb_want: 1053

I (7240) mbedtls: ssl_msg.c:2028 0x3ffc64a8: ssl->f_recv(_timeout)() returned 1048 (-0xfffffbe8)

I (7240) mbedtls: ssl_msg.c:2050 0x3ffc64a8: <= fetch input

I (7240) mbedtls: ssl_msg.c:1301 0x3ffc64a8: => decrypt buf

I (7240) mbedtls: ssl_msg.c:1831 0x3ffc64a8: <= decrypt buf

I (7240) mbedtls: ssl_msg.c:4112 0x3ffc64a8: <= read record

I (7240) mbedtls: ssl_msg.c:5823 0x3ffc64a8: <= read

I (7240) mbedtls: ssl_msg.c:5925 0x3ffc64a8: => write

I (7240) mbedtls: ssl_msg.c:2654 0x3ffc64a8: => write record

I (7240) mbedtls: ssl_msg.c:808 0x3ffc64a8: => encrypt buf

D (7240) mbedtls: ssl_msg.c:1036 0x3ffc64a8: before encrypt: msglen = 1024, including 0 bytes of padding

I (7240) mbedtls: ssl_msg.c:1265 0x3ffc64a8: <= encrypt buf

D (7240) mbedtls: ssl_msg.c:2737 0x3ffc64a8: output record: msgtype = 23, version = [3:3], msglen = 1048

I (7240) mbedtls: ssl_msg.c:2063 0x3ffc64a8: => flush output

I (7240) mbedtls: ssl_msg.c:2077 0x3ffc64a8: message length: 1053, out_left: 1053

I (7250) mbedtls: ssl_msg.c:2111 0x3ffcd2c0: <= flush output

I (7250) mbedtls: ssl_msg.c:2084 0x3ffc64a8: ssl->f_send() returned 1053 (-0xfffffbe3)

I (7250) mbedtls: ssl_msg.c:2111 0x3ffc64a8: <= flush output

I (7250) mbedtls: ssl_msg.c:2790 0x3ffc64a8: <= write record

I (7250) mbedtls: ssl_msg.c:5947 0x3ffc64a8: <= write

I (7250) mbedtls: ssl_msg.c:5663 0x3ffc64a8: => read

I (7250) mbedtls: ssl_msg.c:4040 0x3ffc64a8: => read record

I (7250) mbedtls: ssl_msg.c:1865 0x3ffc64a8: => fetch input

I (7250) mbedtls: ssl_msg.c:2005 0x3ffc64a8: in_left: 0, nb_want: 5

I (7250) mbedtls: ssl_msg.c:2790 0x3ffcd2c0: <= write record

I (7250) mbedtls: ssl_msg.c:5947 0x3ffcd2c0: <= write

I (7250) mbedtls: ssl_msg.c:5663 0x3ffcd2c0: => read

I (7250) mbedtls: ssl_msg.c:4040 0x3ffcd2c0: => read record

I (7250) mbedtls: ssl_msg.c:1865 0x3ffcd2c0: => fetch input

I (7250) mbedtls: ssl_msg.c:2005 0x3ffcd2c0: in_left: 0, nb_want: 5

I (7250) mbedtls: ssl_msg.c:2025 0x3ffcd2c0: in_left: 0, nb_want: 5

I (7250) mbedtls: ssl_msg.c:2028 0x3ffcd2c0: ssl->f_recv(_timeout)() returned 5 (-0xfffffffb)

I (7250) mbedtls: ssl_msg.c:2050 0x3ffcd2c0: <= fetch input

D (7250) mbedtls: ssl_msg.c:3707 0x3ffcd2c0: input record: msgtype = 23, version = [0x303], msglen = 1048

I (7250) mbedtls: ssl_msg.c:1865 0x3ffcd2c0: => fetch input

I (7250) mbedtls: ssl_msg.c:2005 0x3ffcd2c0: in_left: 5, nb_want: 1053

I (7250) mbedtls: ssl_msg.c:2025 0x3ffcd2c0: in_left: 5, nb_want: 1053

I (7250) mbedtls: ssl_msg.c:2028 0x3ffcd2c0: ssl->f_recv(_timeout)() returned 1048 (-0xfffffbe8)

I (7250) mbedtls: ssl_msg.c:2050 0x3ffcd2c0: <= fetch input

I (7250) mbedtls: ssl_msg.c:1301 0x3ffcd2c0: => decrypt buf

I (7250) mbedtls: ssl_msg.c:1831 0x3ffcd2c0: <= decrypt buf

I (7250) mbedtls: ssl_msg.c:4112 0x3ffcd2c0: <= read record

I (7250) mbedtls: ssl_msg.c:5823 0x3ffcd2c0: <= read

I (7250) mbedtls: ssl_msg.c:5925 0x3ffcd2c0: => write

I (7250) mbedtls: ssl_msg.c:2654 0x3ffcd2c0: => write record

I (7250) mbedtls: ssl_msg.c:808 0x3ffcd2c0: => encrypt buf

D (7250) mbedtls: ssl_msg.c:1036 0x3ffcd2c0: before encrypt: msglen = 1024, including 0 bytes of padding

I (7250) mbedtls: ssl_msg.c:1265 0x3ffcd2c0: <= encrypt buf

D (7250) mbedtls: ssl_msg.c:2737 0x3ffcd2c0: output record: msgtype = 23, version = [3:3], msglen = 1048

I (7250) mbedtls: ssl_msg.c:2063 0x3ffcd2c0: => flush output

I (7260) mbedtls: ssl_msg.c:2077 0x3ffcd2c0: message length: 1053, out_left: 1053

I (7260) mbedtls: ssl_msg.c:2025 0x3ffc64a8: in_left: 0, nb_want: 5

I (7260) mbedtls: ssl_msg.c:2028 0x3ffc64a8: ssl->f_recv(_timeout)() returned 5 (-0xfffffffb)

I (7260) mbedtls: ssl_msg.c:2084 0x3ffcd2c0: ssl->f_send() returned 1053 (-0xfffffbe3)

I (7260) mbedtls: ssl_msg.c:2050 0x3ffc64a8: <= fetch input

D (7260) mbedtls: ssl_msg.c:3707 0x3ffc64a8: input record: msgtype = 23, version = [0x303], msglen = 1048

I (7260) mbedtls: ssl_msg.c:1865 0x3ffc64a8: => fetch input

I (7260) mbedtls: ssl_msg.c:2005 0x3ffc64a8: in_left: 5, nb_want: 1053

I (7260) mbedtls: ssl_msg.c:2025 0x3ffc64a8: in_left: 5, nb_want: 1053

I (7260) mbedtls: ssl_msg.c:2028 0x3ffc64a8: ssl->f_recv(_timeout)() returned 1048 (-0xfffffbe8)

I (7260) mbedtls: ssl_msg.c:2050 0x3ffc64a8: <= fetch input

I (7260) mbedtls: ssl_msg.c:2111 0x3ffcd2c0: <= flush output

I (7260) mbedtls: ssl_msg.c:2790 0x3ffcd2c0: <= write record

I (7260) mbedtls: ssl_msg.c:5947 0x3ffcd2c0: <= write

I (7260) mbedtls: ssl_msg.c:5663 0x3ffcd2c0: => read

I (7260) mbedtls: ssl_msg.c:4040 0x3ffcd2c0: => read record

I (7260) mbedtls: ssl_msg.c:1865 0x3ffcd2c0: => fetch input

I (7260) mbedtls: ssl_msg.c:2005 0x3ffcd2c0: in_left: 0, nb_want: 5

I (7260) mbedtls: ssl_msg.c:1301 0x3ffc64a8: => decrypt buf

I (7260) mbedtls: ssl_msg.c:1831 0x3ffc64a8: <= decrypt buf

I (7260) mbedtls: ssl_msg.c:4112 0x3ffc64a8: <= read record

I (7260) mbedtls: ssl_msg.c:5823 0x3ffc64a8: <= read

I (7260) mbedtls: ssl_msg.c:5925 0x3ffc64a8: => write

I (7260) mbedtls: ssl_msg.c:2654 0x3ffc64a8: => write record

I (7260) mbedtls: ssl_msg.c:808 0x3ffc64a8: => encrypt buf

D (7260) mbedtls: ssl_msg.c:1036 0x3ffc64a8: before encrypt: msglen = 1024, including 0 bytes of padding

I (7260) mbedtls: ssl_msg.c:1265 0x3ffc64a8: <= encrypt buf

D (7260) mbedtls: ssl_msg.c:2737 0x3ffc64a8: output record: msgtype = 23, version = [3:3], msglen = 1048

I (7260) mbedtls: ssl_msg.c:2063 0x3ffc64a8: => flush output

I (7270) mbedtls: ssl_msg.c:2077 0x3ffc64a8: message length: 1053, out_left: 1053

I (7270) mbedtls: ssl_msg.c:2084 0x3ffc64a8: ssl->f_send() returned 1053 (-0xfffffbe3)

I (7270) mbedtls: ssl_msg.c:2025 0x3ffcd2c0: in_left: 0, nb_want: 5

I (7270) mbedtls: ssl_msg.c:2111 0x3ffc64a8: <= flush output

I (7270) mbedtls: ssl_msg.c:2790 0x3ffc64a8: <= write record

I (7270) mbedtls: ssl_msg.c:5947 0x3ffc64a8: <= write

I (7270) mbedtls: ssl_msg.c:5663 0x3ffc64a8: => read

I (7270) mbedtls: ssl_msg.c:4040 0x3ffc64a8: => read record

I (7270) mbedtls: ssl_msg.c:1865 0x3ffc64a8: => fetch input

I (7270) mbedtls: ssl_msg.c:2005 0x3ffc64a8: in_left: 0, nb_want: 5

I (7270) mbedtls: ssl_msg.c:2028 0x3ffcd2c0: ssl->f_recv(_timeout)() returned 5 (-0xfffffffb)

I (7270) mbedtls: ssl_msg.c:2050 0x3ffcd2c0: <= fetch input

D (7270) mbedtls: ssl_msg.c:3707 0x3ffcd2c0: input record: msgtype = 23, version = [0x303], msglen = 1048

I (7270) mbedtls: ssl_msg.c:1865 0x3ffcd2c0: => fetch input

I (7270) mbedtls: ssl_msg.c:2005 0x3ffcd2c0: in_left: 5, nb_want: 1053

I (7270) mbedtls: ssl_msg.c:2025 0x3ffcd2c0: in_left: 5, nb_want: 1053

I (7270) mbedtls: ssl_msg.c:2028 0x3ffcd2c0: ssl->f_recv(_timeout)() returned 1048 (-0xfffffbe8)

I (7270) mbedtls: ssl_msg.c:2050 0x3ffcd2c0: <= fetch input

I (7270) mbedtls: ssl_msg.c:1301 0x3ffcd2c0: => decrypt buf

I (7270) mbedtls: ssl_msg.c:1831 0x3ffcd2c0: <= decrypt buf

I (7270) mbedtls: ssl_msg.c:4112 0x3ffcd2c0: <= read record

I (7270) mbedtls: ssl_msg.c:5823 0x3ffcd2c0: <= read

I (7270) mbedtls: ssl_msg.c:5925 0x3ffcd2c0: => write

I (7270) mbedtls: ssl_msg.c:2654 0x3ffcd2c0: => write record

I (7270) mbedtls: ssl_msg.c:808 0x3ffcd2c0: => encrypt buf

D (7270) mbedtls: ssl_msg.c:1036 0x3ffcd2c0: before encrypt: msglen = 1024, including 0 bytes of padding

I (7270) mbedtls: ssl_msg.c:1265 0x3ffcd2c0: <= encrypt buf

D (7270) mbedtls: ssl_msg.c:2737 0x3ffcd2c0: output record: msgtype = 23, version = [3:3], msglen = 1048

I (7270) mbedtls: ssl_msg.c:2063 0x3ffcd2c0: => flush output

I (7280) mbedtls: ssl_msg.c:2077 0x3ffcd2c0: message length: 1053, out_left: 1053

I (7280) mbedtls: ssl_msg.c:2084 0x3ffcd2c0: ssl->f_send() returned 1053 (-0xfffffbe3)

I (7280) mbedtls: ssl_msg.c:2111 0x3ffcd2c0: <= flush output

I (7280) mbedtls: ssl_msg.c:2025 0x3ffc64a8: in_left: 0, nb_want: 5

I (7280) mbedtls: ssl_msg.c:2028 0x3ffc64a8: ssl->f_recv(_timeout)() returned 5 (-0xfffffffb)

I (7280) mbedtls: ssl_msg.c:2050 0x3ffc64a8: <= fetch input

D (7280) mbedtls: ssl_msg.c:3707 0x3ffc64a8: input record: msgtype = 23, version = [0x303], msglen = 1048

I (7280) mbedtls: ssl_msg.c:1865 0x3ffc64a8: => fetch input

I (7280) mbedtls: ssl_msg.c:2005 0x3ffc64a8: in_left: 5, nb_want: 1053

I (7280) mbedtls: ssl_msg.c:2025 0x3ffc64a8: in_left: 5, nb_want: 1053

I (7280) mbedtls: ssl_msg.c:2028 0x3ffc64a8: ssl->f_recv(_timeout)() returned 1048 (-0xfffffbe8)

I (7280) mbedtls: ssl_msg.c:2050 0x3ffc64a8: <= fetch input

I (7280) mbedtls: ssl_msg.c:2790 0x3ffcd2c0: <= write record

I (7280) mbedtls: ssl_msg.c:5947 0x3ffcd2c0: <= write

I (7280) mbedtls: ssl_msg.c:5663 0x3ffcd2c0: => read

I (7280) mbedtls: ssl_msg.c:4040 0x3ffcd2c0: => read record

I (7280) mbedtls: ssl_msg.c:1865 0x3ffcd2c0: => fetch input

I (7280) mbedtls: ssl_msg.c:2005 0x3ffcd2c0: in_left: 0, nb_want: 5

I (7280) mbedtls: ssl_msg.c:1301 0x3ffc64a8: => decrypt buf

I (7280) mbedtls: ssl_msg.c:1831 0x3ffc64a8: <= decrypt buf

I (7280) mbedtls: ssl_msg.c:4112 0x3ffc64a8: <= read record

I (7280) mbedtls: ssl_msg.c:5823 0x3ffc64a8: <= read

I (7280) mbedtls: ssl_msg.c:5925 0x3ffc64a8: => write

I (7280) mbedtls: ssl_msg.c:2654 0x3ffc64a8: => write record

I (7280) mbedtls: ssl_msg.c:808 0x3ffc64a8: => encrypt buf

D (7280) mbedtls: ssl_msg.c:1036 0x3ffc64a8: before encrypt: msglen = 1024, including 0 bytes of padding

I (7280) mbedtls: ssl_msg.c:1265 0x3ffc64a8: <= encrypt buf

D (7280) mbedtls: ssl_msg.c:2737 0x3ffc64a8: output record: msgtype = 23, version = [3:3], msglen = 1048

I (7280) mbedtls: ssl_msg.c:2063 0x3ffc64a8: => flush output

I (7280) mbedtls: ssl_msg.c:2077 0x3ffc64a8: message length: 1053, out_left: 1053

I (7280) mbedtls: ssl_msg.c:2084 0x3ffc64a8: ssl->f_send() returned 1053 (-0xfffffbe3)

I (7280) mbedtls: ssl_msg.c:2111 0x3ffc64a8: <= flush output

I (7290) mbedtls: ssl_msg.c:2790 0x3ffc64a8: <= write record

I (7290) mbedtls: ssl_msg.c:2025 0x3ffcd2c0: in_left: 0, nb_want: 5

I (7290) mbedtls: ssl_msg.c:5947 0x3ffc64a8: <= write

I (7290) mbedtls: ssl_msg.c:5663 0x3ffc64a8: => read

I (7290) mbedtls: ssl_msg.c:4040 0x3ffc64a8: => read record

I (7290) mbedtls: ssl_msg.c:1865 0x3ffc64a8: => fetch input

I (7290) mbedtls: ssl_msg.c:2005 0x3ffc64a8: in_left: 0, nb_want: 5

I (7290) mbedtls: ssl_msg.c:2028 0x3ffcd2c0: ssl->f_recv(_timeout)() returned 5 (-0xfffffffb)

I (7290) mbedtls: ssl_msg.c:2050 0x3ffcd2c0: <= fetch input

D (7290) mbedtls: ssl_msg.c:3707 0x3ffcd2c0: input record: msgtype = 23, version = [0x303], msglen = 1048

I (7290) mbedtls: ssl_msg.c:1865 0x3ffcd2c0: => fetch input

I (7290) mbedtls: ssl_msg.c:2005 0x3ffcd2c0: in_left: 5, nb_want: 1053

I (7290) mbedtls: ssl_msg.c:2025 0x3ffcd2c0: in_left: 5, nb_want: 1053

I (7290) mbedtls: ssl_msg.c:2028 0x3ffcd2c0: ssl->f_recv(_timeout)() returned 1048 (-0xfffffbe8)

I (7290) mbedtls: ssl_msg.c:2050 0x3ffcd2c0: <= fetch input

I (7290) mbedtls: ssl_msg.c:1301 0x3ffcd2c0: => decrypt buf

I (7290) mbedtls: ssl_msg.c:1831 0x3ffcd2c0: <= decrypt buf

I (7290) mbedtls: ssl_msg.c:4112 0x3ffcd2c0: <= read record

I (7290) mbedtls: ssl_msg.c:5823 0x3ffcd2c0: <= read

I (7290) mbedtls: ssl_msg.c:5925 0x3ffcd2c0: => write

I (7290) mbedtls: ssl_msg.c:2654 0x3ffcd2c0: => write record

I (7290) mbedtls: ssl_msg.c:808 0x3ffcd2c0: => encrypt buf

D (7290) mbedtls: ssl_msg.c:1036 0x3ffcd2c0: before encrypt: msglen = 1024, including 0 bytes of padding

I (7290) mbedtls: ssl_msg.c:1265 0x3ffcd2c0: <= encrypt buf

D (7290) mbedtls: ssl_msg.c:2737 0x3ffcd2c0: output record: msgtype = 23, version = [3:3], msglen = 1048

I (7290) mbedtls: ssl_msg.c:2063 0x3ffcd2c0: => flush output

I (7290) mbedtls: ssl_msg.c:2077 0x3ffcd2c0: message length: 1053, out_left: 1053

I (7300) mbedtls: ssl_msg.c:2025 0x3ffc64a8: in_left: 0, nb_want: 5

I (7300) mbedtls: ssl_msg.c:2084 0x3ffcd2c0: ssl->f_send() returned 1053 (-0xfffffbe3)

I (7300) mbedtls: ssl_msg.c:2028 0x3ffc64a8: ssl->f_recv(_timeout)() returned 5 (-0xfffffffb)

I (7300) mbedtls: ssl_msg.c:2050 0x3ffc64a8: <= fetch input

D (7300) mbedtls: ssl_msg.c:3707 0x3ffc64a8: input record: msgtype = 23, version = [0x303], msglen = 1048

I (7300) mbedtls: ssl_msg.c:1865 0x3ffc64a8: => fetch input

I (7300) mbedtls: ssl_msg.c:2005 0x3ffc64a8: in_left: 5, nb_want: 1053

I (7300) mbedtls: ssl_msg.c:2025 0x3ffc64a8: in_left: 5, nb_want: 1053

I (7300) mbedtls: ssl_msg.c:2028 0x3ffc64a8: ssl->f_recv(_timeout)() returned 1048 (-0xfffffbe8)

I (7300) mbedtls: ssl_msg.c:2050 0x3ffc64a8: <= fetch input

I (7300) mbedtls: ssl_msg.c:2111 0x3ffcd2c0: <= flush output

I (7300) mbedtls: ssl_msg.c:2790 0x3ffcd2c0: <= write record

I (7300) mbedtls: ssl_msg.c:5947 0x3ffcd2c0: <= write

I (7300) mbedtls: ssl_msg.c:5663 0x3ffcd2c0: => read

I (7300) mbedtls: ssl_msg.c:4040 0x3ffcd2c0: => read record

I (7300) mbedtls: ssl_msg.c:1301 0x3ffc64a8: => decrypt buf

I (7300) mbedtls: ssl_msg.c:1831 0x3ffc64a8: <= decrypt buf

I (7300) mbedtls: ssl_msg.c:4112 0x3ffc64a8: <= read record

I (7300) mbedtls: ssl_msg.c:5823 0x3ffc64a8: <= read

I (7300) mbedtls: ssl_msg.c:5925 0x3ffc64a8: => write

I (7300) mbedtls: ssl_msg.c:2654 0x3ffc64a8: => write record

I (7300) mbedtls: ssl_msg.c:808 0x3ffc64a8: => encrypt buf

D (7300) mbedtls: ssl_msg.c:1036 0x3ffc64a8: before encrypt: msglen = 1024, including 0 bytes of padding

I (7300) mbedtls: ssl_msg.c:1265 0x3ffc64a8: <= encrypt buf

D (7300) mbedtls: ssl_msg.c:2737 0x3ffc64a8: output record: msgtype = 23, version = [3:3], msglen = 1048

I (7300) mbedtls: ssl_msg.c:2063 0x3ffc64a8: => flush output

I (7300) mbedtls: ssl_msg.c:2077 0x3ffc64a8: message length: 1053, out_left: 1053

I (7300) mbedtls: ssl_msg.c:2084 0x3ffc64a8: ssl->f_send() returned 1053 (-0xfffffbe3)

I (7300) mbedtls: ssl_msg.c:2111 0x3ffc64a8: <= flush output

I (7300) mbedtls: ssl_msg.c:2790 0x3ffc64a8: <= write record

I (7300) mbedtls: ssl_msg.c:5947 0x3ffc64a8: <= write

I (7300) mbedtls: ssl_msg.c:5663 0x3ffc64a8: => read

I (7310) mbedtls: ssl_msg.c:1865 0x3ffcd2c0: => fetch input

I (7310) mbedtls: ssl_msg.c:4040 0x3ffc64a8: => read record

I (7310) mbedtls: ssl_msg.c:1865 0x3ffc64a8: => fetch input

I (7310) mbedtls: ssl_msg.c:2005 0x3ffc64a8: in_left: 0, nb_want: 5

I (7310) mbedtls: ssl_msg.c:2005 0x3ffcd2c0: in_left: 0, nb_want: 5

I (7310) mbedtls: ssl_msg.c:2025 0x3ffcd2c0: in_left: 0, nb_want: 5

I (7310) mbedtls: ssl_msg.c:2028 0x3ffcd2c0: ssl->f_recv(_timeout)() returned 5 (-0xfffffffb)

I (7310) mbedtls: ssl_msg.c:2050 0x3ffcd2c0: <= fetch input

D (7310) mbedtls: ssl_msg.c:3707 0x3ffcd2c0: input record: msgtype = 23, version = [0x303], msglen = 1048

I (7310) mbedtls: ssl_msg.c:1865 0x3ffcd2c0: => fetch input

I (7310) mbedtls: ssl_msg.c:2005 0x3ffcd2c0: in_left: 5, nb_want: 1053

I (7310) mbedtls: ssl_msg.c:2025 0x3ffcd2c0: in_left: 5, nb_want: 1053

I (7310) mbedtls: ssl_msg.c:2028 0x3ffcd2c0: ssl->f_recv(_timeout)() returned 1048 (-0xfffffbe8)

I (7310) mbedtls: ssl_msg.c:2050 0x3ffcd2c0: <= fetch input

I (7310) mbedtls: ssl_msg.c:1301 0x3ffcd2c0: => decrypt buf

I (7310) mbedtls: ssl_msg.c:1831 0x3ffcd2c0: <= decrypt buf

I (7310) mbedtls: ssl_msg.c:4112 0x3ffcd2c0: <= read record

I (7310) mbedtls: ssl_msg.c:5823 0x3ffcd2c0: <= read

[LOG TRUNCATED: 原始 294499 行 / 11M，关键证据行与末尾 500 行如下，完整日志可按工程 README/文章实验节复现]
I (60800) mbedtls: ssl_msg.c:2050 0x3ffcd2c0: <= fetch input

D (60800) mbedtls: ssl_msg.c:3707 0x3ffcd2c0: input record: msgtype = 23, version = [0x303], msglen = 1048

I (60800) mbedtls: ssl_msg.c:1865 0x3ffcd2c0: => fetch input

I (60800) mbedtls: ssl_msg.c:2005 0x3ffcd2c0: in_left: 5, nb_want: 1053

I (60810) mbedtls: ssl_msg.c:2025 0x3ffcd2c0: in_left: 5, nb_want: 1053

I (60810) mbedtls: ssl_msg.c:2028 0x3ffcd2c0: ssl->f_recv(_timeout)() returned 1048 (-0xfffffbe8)

I (60810) mbedtls: ssl_msg.c:2050 0x3ffcd2c0: <= fetch input

I (60810) mbedtls: ssl_msg.c:1301 0x3ffcd2c0: => decrypt buf

I (60810) mbedtls: ssl_msg.c:1831 0x3ffcd2c0: <= decrypt buf

I (60810) mbedtls: ssl_msg.c:4112 0x3ffcd2c0: <= read record

I (60810) mbedtls: ssl_msg.c:5823 0x3ffcd2c0: <= read

I (60810) mbedtls: ssl_msg.c:5925 0x3ffcd2c0: => write

I (60810) mbedtls: ssl_msg.c:2654 0x3ffcd2c0: => write record

I (60810) mbedtls: ssl_msg.c:808 0x3ffcd2c0: => encrypt buf

D (60810) mbedtls: ssl_msg.c:1036 0x3ffcd2c0: before encrypt: msglen = 1024, including 0 bytes of padding

I (60810) mbedtls: ssl_msg.c:1265 0x3ffcd2c0: <= encrypt buf

D (60810) mbedtls: ssl_msg.c:2737 0x3ffcd2c0: output record: msgtype = 23, version = [3:3], msglen = 1048

I (60810) mbedtls: ssl_msg.c:2063 0x3ffcd2c0: => flush output

I (60810) mbedtls: ssl_msg.c:2077 0x3ffcd2c0: message length: 1053, out_left: 1053

I (60810) mbedtls: ssl_msg.c:2084 0x3ffcd2c0: ssl->f_send() returned 1053 (-0xfffffbe3)

I (60810) mbedtls: ssl_msg.c:2111 0x3ffcd2c0: <= flush output

I (60810) mbedtls: ssl_msg.c:2025 0x3ffc64a8: in_left: 0, nb_want: 5

I (60810) mbedtls: ssl_msg.c:2790 0x3ffcd2c0: <= write record

I (60810) mbedtls: ssl_msg.c:2028 0x3ffc64a8: ssl->f_recv(_timeout)() returned 5 (-0xfffffffb)

I (60810) mbedtls: ssl_msg.c:2050 0x3ffc64a8: <= fetch input

D (60810) mbedtls: ssl_msg.c:3707 0x3ffc64a8: input record: msgtype = 23, version = [0x303], msglen = 1048

I (60810) mbedtls: ssl_msg.c:1865 0x3ffc64a8: => fetch input

I (60810) mbedtls: ssl_msg.c:2005 0x3ffc64a8: in_left: 5, nb_want: 1053

I (60810) mbedtls: ssl_msg.c:2025 0x3ffc64a8: in_left: 5, nb_want: 1053

I (60810) mbedtls: ssl_msg.c:2028 0x3ffc64a8: ssl->f_recv(_timeout)() returned 1048 (-0xfffffbe8)

I (60810) mbedtls: ssl_msg.c:2050 0x3ffc64a8: <= fetch input

I (60820) mbedtls: ssl_msg.c:5947 0x3ffcd2c0: <= write

I (60820) mbedtls: ssl_msg.c:5663 0x3ffcd2c0: => read

I (60820) mbedtls: ssl_msg.c:4040 0x3ffcd2c0: => read record

I (60820) mbedtls: ssl_msg.c:1865 0x3ffcd2c0: => fetch input

I (60820) mbedtls: ssl_msg.c:2005 0x3ffcd2c0: in_left: 0, nb_want: 5

[mem-tick] t=   59272 ms phase=thr-t1       free=174008
I (60820) mbedtls: ssl_msg.c:1301 0x3ffc64a8: => decrypt buf

I (60820) mbedtls: ssl_msg.c:1831 0x3ffc64a8: <= decrypt buf

I (60820) mbedtls: ssl_msg.c:4112 0x3ffc64a8: <= read record

I (60820) mbedtls: ssl_msg.c:5823 0x3ffc64a8: <= read

I (60820) mbedtls: ssl_msg.c:5925 0x3ffc64a8: => write

I (60820) mbedtls: ssl_msg.c:2654 0x3ffc64a8: => write record

I (60820) mbedtls: ssl_msg.c:808 0x3ffc64a8: => encrypt buf

D (60820) mbedtls: ssl_msg.c:1036 0x3ffc64a8: before encrypt: msglen = 1024, including 0 bytes of padding

I (60820) mbedtls: ssl_msg.c:1265 0x3ffc64a8: <= encrypt buf

D (60820) mbedtls: ssl_msg.c:2737 0x3ffc64a8: output record: msgtype = 23, version = [3:3], msglen = 1048

I (60820) mbedtls: ssl_msg.c:2063 0x3ffc64a8: => flush output

I (60820) mbedtls: ssl_msg.c:2077 0x3ffc64a8: message length: 1053, out_left: 1053

I (60820) mbedtls: ssl_msg.c:2084 0x3ffc64a8: ssl->f_send() returned 1053 (-0xfffffbe3)

I (60820) mbedtls: ssl_msg.c:2111 0x3ffc64a8: <= flush output

I (60820) mbedtls: ssl_msg.c:2790 0x3ffc64a8: <= write record

I (60820) mbedtls: ssl_msg.c:2025 0x3ffcd2c0: in_left: 0, nb_want: 5

I (60820) mbedtls: ssl_msg.c:5947 0x3ffc64a8: <= write

I (60820) mbedtls: ssl_msg.c:5663 0x3ffc64a8: => read

I (60820) mbedtls: ssl_msg.c:4040 0x3ffc64a8: => read record

I (60820) mbedtls: ssl_msg.c:1865 0x3ffc64a8: => fetch input

I (60820) mbedtls: ssl_msg.c:2005 0x3ffc64a8: in_left: 0, nb_want: 5

I (60820) mbedtls: ssl_msg.c:2028 0x3ffcd2c0: ssl->f_recv(_timeout)() returned 5 (-0xfffffffb)

I (60820) mbedtls: ssl_msg.c:2050 0x3ffcd2c0: <= fetch input

D (60820) mbedtls: ssl_msg.c:3707 0x3ffcd2c0: input record: msgtype = 23, version = [0x303], msglen = 1048

I (60820) mbedtls: ssl_msg.c:1865 0x3ffcd2c0: => fetch input

I (60820) mbedtls: ssl_msg.c:2005 0x3ffcd2c0: in_left: 5, nb_want: 1053

I (60820) mbedtls: ssl_msg.c:2025 0x3ffcd2c0: in_left: 5, nb_want: 1053

I (60830) mbedtls: ssl_msg.c:2028 0x3ffcd2c0: ssl->f_recv(_timeout)() returned 1048 (-0xfffffbe8)

I (60830) mbedtls: ssl_msg.c:2050 0x3ffcd2c0: <= fetch input

I (60830) mbedtls: ssl_msg.c:1301 0x3ffcd2c0: => decrypt buf

I (60830) mbedtls: ssl_msg.c:1831 0x3ffcd2c0: <= decrypt buf

I (60830) mbedtls: ssl_msg.c:4112 0x3ffcd2c0: <= read record

I (60830) mbedtls: ssl_msg.c:5823 0x3ffcd2c0: <= read

I (60830) mbedtls: ssl_msg.c:5925 0x3ffcd2c0: => write

I (60830) mbedtls: ssl_msg.c:2654 0x3ffcd2c0: => write record

I (60830) mbedtls: ssl_msg.c:808 0x3ffcd2c0: => encrypt buf

D (60830) mbedtls: ssl_msg.c:1036 0x3ffcd2c0: before encrypt: msglen = 1024, including 0 bytes of padding

I (60830) mbedtls: ssl_msg.c:1265 0x3ffcd2c0: <= encrypt buf

D (60830) mbedtls: ssl_msg.c:2737 0x3ffcd2c0: output record: msgtype = 23, version = [3:3], msglen = 1048

I (60830) mbedtls: ssl_msg.c:2063 0x3ffcd2c0: => flush output

I (60830) mbedtls: ssl_msg.c:2077 0x3ffcd2c0: message length: 1053, out_left: 1053

I (60830) mbedtls: ssl_msg.c:2025 0x3ffc64a8: in_left: 0, nb_want: 5

I (60830) mbedtls: ssl_msg.c:2028 0x3ffc64a8: ssl->f_recv(_timeout)() returned 5 (-0xfffffffb)

I (60830) mbedtls: ssl_msg.c:2050 0x3ffc64a8: <= fetch input

I (60830) mbedtls: ssl_msg.c:2084 0x3ffcd2c0: ssl->f_send() returned 1053 (-0xfffffbe3)

D (60830) mbedtls: ssl_msg.c:3707 0x3ffc64a8: input record: msgtype = 23, version = [0x303], msglen = 1048

I (60830) mbedtls: ssl_msg.c:1865 0x3ffc64a8: => fetch input

I (60830) mbedtls: ssl_msg.c:2005 0x3ffc64a8: in_left: 5, nb_want: 1053

I (60830) mbedtls: ssl_msg.c:2025 0x3ffc64a8: in_left: 5, nb_want: 1053

I (60830) mbedtls: ssl_msg.c:2028 0x3ffc64a8: ssl->f_recv(_timeout)() returned 1048 (-0xfffffbe8)

I (60830) mbedtls: ssl_msg.c:2050 0x3ffc64a8: <= fetch input

I (60840) mbedtls: ssl_msg.c:2111 0x3ffcd2c0: <= flush output

I (60840) mbedtls: ssl_msg.c:2790 0x3ffcd2c0: <= write record

I (60840) mbedtls: ssl_msg.c:5947 0x3ffcd2c0: <= write

I (60840) mbedtls: ssl_msg.c:5663 0x3ffcd2c0: => read

I (60840) mbedtls: ssl_msg.c:4040 0x3ffcd2c0: => read record

I (60840) mbedtls: ssl_msg.c:1865 0x3ffcd2c0: => fetch input

I (60840) mbedtls: ssl_msg.c:2005 0x3ffcd2c0: in_left: 0, nb_want: 5

I (60840) mbedtls: ssl_msg.c:1301 0x3ffc64a8: => decrypt buf

I (60840) mbedtls: ssl_msg.c:1831 0x3ffc64a8: <= decrypt buf

I (60840) mbedtls: ssl_msg.c:4112 0x3ffc64a8: <= read record

I (60840) mbedtls: ssl_msg.c:5823 0x3ffc64a8: <= read

I (60840) mbedtls: ssl_msg.c:5925 0x3ffc64a8: => write

I (60840) mbedtls: ssl_msg.c:2654 0x3ffc64a8: => write record

I (60840) mbedtls: ssl_msg.c:808 0x3ffc64a8: => encrypt buf

D (60840) mbedtls: ssl_msg.c:1036 0x3ffc64a8: before encrypt: msglen = 1024, including 0 bytes of padding

I (60840) mbedtls: ssl_msg.c:1265 0x3ffc64a8: <= encrypt buf

D (60840) mbedtls: ssl_msg.c:2737 0x3ffc64a8: output record: msgtype = 23, version = [3:3], msglen = 1048

I (60840) mbedtls: ssl_msg.c:2063 0x3ffc64a8: => flush output

I (60840) mbedtls: ssl_msg.c:2077 0x3ffc64a8: message length: 1053, out_left: 1053

I (60840) mbedtls: ssl_msg.c:2084 0x3ffc64a8: ssl->f_send() returned 1053 (-0xfffffbe3)

I (60840) mbedtls: ssl_msg.c:2111 0x3ffc64a8: <= flush output

I (60840) mbedtls: ssl_msg.c:2790 0x3ffc64a8: <= write record

I (60840) mbedtls: ssl_msg.c:5947 0x3ffc64a8: <= write

I (60840) mbedtls: ssl_msg.c:2025 0x3ffcd2c0: in_left: 0, nb_want: 5

I (60840) mbedtls: ssl_msg.c:5663 0x3ffc64a8: => read

I (60840) mbedtls: ssl_msg.c:4040 0x3ffc64a8: => read record

I (60840) mbedtls: ssl_msg.c:1865 0x3ffc64a8: => fetch input

I (60840) mbedtls: ssl_msg.c:2005 0x3ffc64a8: in_left: 0, nb_want: 5

I (60840) mbedtls: ssl_msg.c:2028 0x3ffcd2c0: ssl->f_recv(_timeout)() returned 5 (-0xfffffffb)

I (60840) mbedtls: ssl_msg.c:2050 0x3ffcd2c0: <= fetch input

D (60840) mbedtls: ssl_msg.c:3707 0x3ffcd2c0: input record: msgtype = 23, version = [0x303], msglen = 1048

I (60840) mbedtls: ssl_msg.c:1865 0x3ffcd2c0: => fetch input

I (60840) mbedtls: ssl_msg.c:2005 0x3ffcd2c0: in_left: 5, nb_want: 1053

I (60840) mbedtls: ssl_msg.c:2025 0x3ffcd2c0: in_left: 5, nb_want: 1053

I (60840) mbedtls: ssl_msg.c:2028 0x3ffcd2c0: ssl->f_recv(_timeout)() returned 1048 (-0xfffffbe8)

I (60840) mbedtls: ssl_msg.c:2050 0x3ffcd2c0: <= fetch input

I (60850) mbedtls: ssl_msg.c:1301 0x3ffcd2c0: => decrypt buf

I (60850) mbedtls: ssl_msg.c:1831 0x3ffcd2c0: <= decrypt buf

I (60850) mbedtls: ssl_msg.c:4112 0x3ffcd2c0: <= read record

I (60850) mbedtls: ssl_msg.c:5823 0x3ffcd2c0: <= read

I (60850) mbedtls: ssl_msg.c:5925 0x3ffcd2c0: => write

I (60850) mbedtls: ssl_msg.c:2654 0x3ffcd2c0: => write record

I (60850) mbedtls: ssl_msg.c:808 0x3ffcd2c0: => encrypt buf

D (60850) mbedtls: ssl_msg.c:1036 0x3ffcd2c0: before encrypt: msglen = 1024, including 0 bytes of padding

I (60850) mbedtls: ssl_msg.c:1265 0x3ffcd2c0: <= encrypt buf

D (60850) mbedtls: ssl_msg.c:2737 0x3ffcd2c0: output record: msgtype = 23, version = [3:3], msglen = 1048

I (60850) mbedtls: ssl_msg.c:2063 0x3ffcd2c0: => flush output

I (60850) mbedtls: ssl_msg.c:2077 0x3ffcd2c0: message length: 1053, out_left: 1053

I (60850) mbedtls: ssl_msg.c:2025 0x3ffc64a8: in_left: 0, nb_want: 5

I (60850) mbedtls: ssl_msg.c:2028 0x3ffc64a8: ssl->f_recv(_timeout)() returned 5 (-0xfffffffb)

I (60850) mbedtls: ssl_msg.c:2084 0x3ffcd2c0: ssl->f_send() returned 1053 (-0xfffffbe3)

I (60850) mbedtls: ssl_msg.c:2050 0x3ffc64a8: <= fetch input

D (60850) mbedtls: ssl_msg.c:3707 0x3ffc64a8: input record: msgtype = 23, version = [0x303], msglen = 1048

I (60850) mbedtls: ssl_msg.c:1865 0x3ffc64a8: => fetch input

I (60850) mbedtls: ssl_msg.c:2005 0x3ffc64a8: in_left: 5, nb_want: 1053

I (60850) mbedtls: ssl_msg.c:2025 0x3ffc64a8: in_left: 5, nb_want: 1053

I (60850) mbedtls: ssl_msg.c:2028 0x3ffc64a8: ssl->f_recv(_timeout)() returned 1048 (-0xfffffbe8)

I (60850) mbedtls: ssl_msg.c:2050 0x3ffc64a8: <= fetch input

I (60850) mbedtls: ssl_msg.c:1301 0x3ffc64a8: => decrypt buf

I (60860) mbedtls: ssl_msg.c:2111 0x3ffcd2c0: <= flush output

I (60860) mbedtls: ssl_msg.c:2790 0x3ffcd2c0: <= write record

I (60860) mbedtls: ssl_msg.c:5947 0x3ffcd2c0: <= write

I (60860) mbedtls: ssl_msg.c:5663 0x3ffcd2c0: => read

I (60860) mbedtls: ssl_msg.c:1831 0x3ffc64a8: <= decrypt buf

I (60860) mbedtls: ssl_msg.c:4040 0x3ffcd2c0: => read record

I (60860) mbedtls: ssl_msg.c:4112 0x3ffc64a8: <= read record

I (60860) mbedtls: ssl_msg.c:5823 0x3ffc64a8: <= read

I (60860) mbedtls: ssl_msg.c:5925 0x3ffc64a8: => write

I (60860) mbedtls: ssl_msg.c:2654 0x3ffc64a8: => write record

I (60860) mbedtls: ssl_msg.c:808 0x3ffc64a8: => encrypt buf

D (60860) mbedtls: ssl_msg.c:1036 0x3ffc64a8: before encrypt: msglen = 1024, including 0 bytes of padding

I (60860) mbedtls: ssl_msg.c:1265 0x3ffc64a8: <= encrypt buf

D (60860) mbedtls: ssl_msg.c:2737 0x3ffc64a8: output record: msgtype = 23, version = [3:3], msglen = 1048

I (60860) mbedtls: ssl_msg.c:2063 0x3ffc64a8: => flush output

I (60860) mbedtls: ssl_msg.c:2077 0x3ffc64a8: message length: 1053, out_left: 1053

I (60860) mbedtls: ssl_msg.c:2084 0x3ffc64a8: ssl->f_send() returned 1053 (-0xfffffbe3)

I (60860) mbedtls: ssl_msg.c:2111 0x3ffc64a8: <= flush output

I (60860) mbedtls: ssl_msg.c:2790 0x3ffc64a8: <= write record

I (60860) mbedtls: ssl_msg.c:5947 0x3ffc64a8: <= write

I (60860) mbedtls: ssl_msg.c:5663 0x3ffc64a8: => read

I (60860) mbedtls: ssl_msg.c:4040 0x3ffc64a8: => read record

I (60860) mbedtls: ssl_msg.c:1865 0x3ffc64a8: => fetch input

I (60860) mbedtls: ssl_msg.c:2005 0x3ffc64a8: in_left: 0, nb_want: 5

I (60860) mbedtls: ssl_msg.c:1865 0x3ffcd2c0: => fetch input

I (60860) mbedtls: ssl_msg.c:2005 0x3ffcd2c0: in_left: 0, nb_want: 5

I (60860) mbedtls: ssl_msg.c:2025 0x3ffcd2c0: in_left: 0, nb_want: 5

I (60860) mbedtls: ssl_msg.c:2028 0x3ffcd2c0: ssl->f_recv(_timeout)() returned 5 (-0xfffffffb)

I (60860) mbedtls: ssl_msg.c:2050 0x3ffcd2c0: <= fetch input

D (60860) mbedtls: ssl_msg.c:3707 0x3ffcd2c0: input record: msgtype = 23, version = [0x303], msglen = 1048

I (60860) mbedtls: ssl_msg.c:1865 0x3ffcd2c0: => fetch input

I (60860) mbedtls: ssl_msg.c:2005 0x3ffcd2c0: in_left: 5, nb_want: 1053

I (60860) mbedtls: ssl_msg.c:2025 0x3ffcd2c0: in_left: 5, nb_want: 1053

I (60860) mbedtls: ssl_msg.c:2028 0x3ffcd2c0: ssl->f_recv(_timeout)() returned 1048 (-0xfffffbe8)

I (60860) mbedtls: ssl_msg.c:2050 0x3ffcd2c0: <= fetch input

I (60870) mbedtls: ssl_msg.c:1301 0x3ffcd2c0: => decrypt buf

I (60870) mbedtls: ssl_msg.c:1831 0x3ffcd2c0: <= decrypt buf

I (60870) mbedtls: ssl_msg.c:4112 0x3ffcd2c0: <= read record

I (60870) mbedtls: ssl_msg.c:5823 0x3ffcd2c0: <= read

I (60870) mbedtls: ssl_msg.c:5925 0x3ffcd2c0: => write

I (60870) mbedtls: ssl_msg.c:2654 0x3ffcd2c0: => write record

I (60870) mbedtls: ssl_msg.c:808 0x3ffcd2c0: => encrypt buf

D (60870) mbedtls: ssl_msg.c:1036 0x3ffcd2c0: before encrypt: msglen = 1024, including 0 bytes of padding

I (60870) mbedtls: ssl_msg.c:1265 0x3ffcd2c0: <= encrypt buf

D (60870) mbedtls: ssl_msg.c:2737 0x3ffcd2c0: output record: msgtype = 23, version = [3:3], msglen = 1048

I (60870) mbedtls: ssl_msg.c:2063 0x3ffcd2c0: => flush output

I (60870) mbedtls: ssl_msg.c:2077 0x3ffcd2c0: message length: 1053, out_left: 1053

I (60870) mbedtls: ssl_msg.c:2025 0x3ffc64a8: in_left: 0, nb_want: 5

I (60870) mbedtls: ssl_msg.c:2028 0x3ffc64a8: ssl->f_recv(_timeout)() returned 5 (-0xfffffffb)

I (60870) mbedtls: ssl_msg.c:2084 0x3ffcd2c0: ssl->f_send() returned 1053 (-0xfffffbe3)

I (60870) mbedtls: ssl_msg.c:2050 0x3ffc64a8: <= fetch input

D (60870) mbedtls: ssl_msg.c:3707 0x3ffc64a8: input record: msgtype = 23, version = [0x303], msglen = 1048

I (60870) mbedtls: ssl_msg.c:1865 0x3ffc64a8: => fetch input

I (60870) mbedtls: ssl_msg.c:2005 0x3ffc64a8: in_left: 5, nb_want: 1053

I (60870) mbedtls: ssl_msg.c:2025 0x3ffc64a8: in_left: 5, nb_want: 1053

I (60870) mbedtls: ssl_msg.c:2028 0x3ffc64a8: ssl->f_recv(_timeout)() returned 1048 (-0xfffffbe8)

I (60870) mbedtls: ssl_msg.c:2050 0x3ffc64a8: <= fetch input

I (60870) mbedtls: ssl_msg.c:1301 0x3ffc64a8: => decrypt buf

I (60880) mbedtls: ssl_msg.c:1831 0x3ffc64a8: <= decrypt buf

I (60880) mbedtls: ssl_msg.c:4112 0x3ffc64a8: <= read record

I (60880) mbedtls: ssl_msg.c:5823 0x3ffc64a8: <= read

I (60880) mbedtls: ssl_msg.c:5925 0x3ffc64a8: => write

I (60880) mbedtls: ssl_msg.c:2654 0x3ffc64a8: => write record

I (60880) mbedtls: ssl_msg.c:808 0x3ffc64a8: => encrypt buf

I (60880) mbedtls: ssl_msg.c:2111 0x3ffcd2c0: <= flush output

I (60880) mbedtls: ssl_msg.c:2790 0x3ffcd2c0: <= write record

I (60880) mbedtls: ssl_msg.c:5947 0x3ffcd2c0: <= write

I (60880) mbedtls: ssl_msg.c:5663 0x3ffcd2c0: => read

I (60880) mbedtls: ssl_msg.c:4040 0x3ffcd2c0: => read record

I (60880) mbedtls: ssl_msg.c:1865 0x3ffcd2c0: => fetch input

I (60880) mbedtls: ssl_msg.c:2005 0x3ffcd2c0: in_left: 0, nb_want: 5

D (60880) mbedtls: ssl_msg.c:1036 0x3ffc64a8: before encrypt: msglen = 1024, including 0 bytes of padding

I (60880) mbedtls: ssl_msg.c:1265 0x3ffc64a8: <= encrypt buf

D (60880) mbedtls: ssl_msg.c:2737 0x3ffc64a8: output record: msgtype = 23, version = [3:3], msglen = 1048

I (60880) mbedtls: ssl_msg.c:2063 0x3ffc64a8: => flush output

I (60880) mbedtls: ssl_msg.c:2077 0x3ffc64a8: message length: 1053, out_left: 1053

I (60880) mbedtls: ssl_msg.c:2084 0x3ffc64a8: ssl->f_send() returned 1053 (-0xfffffbe3)

I (60880) mbedtls: ssl_msg.c:2111 0x3ffc64a8: <= flush output

I (60880) mbedtls: ssl_msg.c:2790 0x3ffc64a8: <= write record

I (60880) mbedtls: ssl_msg.c:2025 0x3ffcd2c0: in_left: 0, nb_want: 5

I (60880) mbedtls: ssl_msg.c:5947 0x3ffc64a8: <= write

I (60880) mbedtls: ssl_msg.c:5663 0x3ffc64a8: => read

I (60880) mbedtls: ssl_msg.c:4040 0x3ffc64a8: => read record

I (60880) mbedtls: ssl_msg.c:1865 0x3ffc64a8: => fetch input

I (60880) mbedtls: ssl_msg.c:2005 0x3ffc64a8: in_left: 0, nb_want: 5

I (60880) mbedtls: ssl_msg.c:2028 0x3ffcd2c0: ssl->f_recv(_timeout)() returned 5 (-0xfffffffb)

I (60880) mbedtls: ssl_msg.c:2050 0x3ffcd2c0: <= fetch input

D (60880) mbedtls: ssl_msg.c:3707 0x3ffcd2c0: input record: msgtype = 23, version = [0x303], msglen = 1048

I (60880) mbedtls: ssl_msg.c:1865 0x3ffcd2c0: => fetch input

I (60880) mbedtls: ssl_msg.c:2005 0x3ffcd2c0: in_left: 5, nb_want: 1053

I (60880) mbedtls: ssl_msg.c:2025 0x3ffcd2c0: in_left: 5, nb_want: 1053

I (60880) mbedtls: ssl_msg.c:2028 0x3ffcd2c0: ssl->f_recv(_timeout)() returned 1048 (-0xfffffbe8)

I (60880) mbedtls: ssl_msg.c:2050 0x3ffcd2c0: <= fetch input

I (60880) mbedtls: ssl_msg.c:1301 0x3ffcd2c0: => decrypt buf

I (60880) mbedtls: ssl_msg.c:1831 0x3ffcd2c0: <= decrypt buf

I (60890) mbedtls: ssl_msg.c:4112 0x3ffcd2c0: <= read record

I (60890) mbedtls: ssl_msg.c:5823 0x3ffcd2c0: <= read

I (60890) mbedtls: ssl_msg.c:5925 0x3ffcd2c0: => write

I (60890) mbedtls: ssl_msg.c:2654 0x3ffcd2c0: => write record

I (60890) mbedtls: ssl_msg.c:808 0x3ffcd2c0: => encrypt buf

D (60890) mbedtls: ssl_msg.c:1036 0x3ffcd2c0: before encrypt: msglen = 1024, including 0 bytes of padding

I (60890) mbedtls: ssl_msg.c:1265 0x3ffcd2c0: <= encrypt buf

D (60890) mbedtls: ssl_msg.c:2737 0x3ffcd2c0: output record: msgtype = 23, version = [3:3], msglen = 1048

Iqemu-system-xtensa: terminating on signal 15 from pid 3547667 (timeout)
