Adding SPI flash device
ets Jul 29 2019 12:21:46

rst:0x1 (POWERON_RESET),boot:0x12 (SPI_FAST_FLASH_BOOT)
configsip: 0, SPIWP:0xee
clk_drv:0x00,q_drv:0x00,d_drv:0x00,cs0_drv:0x00,hd_drv:0x00,wp_drv:0x00
mode:DIO, clock div:2
load:0x3fff0040,len:6272
load:0x40078000,len:15820
load:0x40080400,len:3920
entry 0x40080644
I (667) boot: ESP-IDF v6.0.2 2nd stage bootloader
I (668) boot: compile time Aug 27 2026 04:28:50
I (668) boot: Multicore bootloader
I (702) boot: chip revision: v3.0
I (704) boot.esp32: SPI Speed      : 40MHz
I (704) boot.esp32: SPI Mode       : DIO
I (704) boot.esp32: SPI Flash Size : 2MB
I (709) boot: Enabling RNG early entropy source...
I (721) boot: Partition Table:
I (721) boot: ## Label            Usage          Type ST Offset   Length
I (721) boot:  0 nvs              WiFi data        01 02 00009000 00006000
I (722) boot:  1 phy_init         RF data          01 01 0000f000 00001000
I (722) boot:  2 factory          factory app      00 00 00010000 00100000
I (725) boot: End of partition table
I (773) esp_image: segment 0: paddr=00010020 vaddr=3f400020 size=1f3f4h (127988) map
I (802) esp_image: segment 1: paddr=0002f41c vaddr=3ffb0000 size=00bfch (  3068) load
I (826) esp_image: segment 2: paddr=00030020 vaddr=400d0020 size=53bfch (343036) map
I (857) esp_image: segment 3: paddr=00083c24 vaddr=3ffb0bfc size=0201ch (  8220) load
I (874) esp_image: segment 4: paddr=00085c48 vaddr=40080000 size=0b2dch ( 45788) load
I (889) esp_image: segment 5: paddr=00090f2c vaddr=50000000 size=00028h (    40) load
I (950) boot: Loaded app from partition at offset 0x10000
I (950) boot: Disabling RNG early entropy source...
I (963) cpu_start: Multicore app
D (963) cpu_start: Pro cpu up
D (964) cpu_start: Starting app cpu, entry point is 0x40081698
D (635) cpu_start: App cpu up
D (977) clk: RTC_SLOW_CLK calibration value: 3495245
I (1625) cpu_start: GPIO 3 and 1 are used as console UART I/O pins
D (1626) cpu_start: calling init function: 0x400d36ac on core: 0
D (1626) cpu_start: calling init function: 0x400d4550 on core: 0
I (1627) cpu_start: Pro cpu start user code
I (1627) cpu_start: cpu freq: 160000000 Hz
D (1627) cpu_start: calling init function: 0x400d35ec on core: 0
I (1627) app_init: Application information:
I (1627) app_init: Project name:     lwip_ch22_tls_esp_tls_mbedtls
I (1627) app_init: App version:      924d871
I (1627) app_init: Compile time:     Aug 27 2026 04:28:49
I (1627) app_init: ELF file SHA256:  956e099a6...
I (1627) app_init: ESP-IDF:          v6.0.2
D (1627) cpu_start: calling init function: 0x400d36c0 on core: 0
I (1628) efuse_init: Min chip rev:     v0.0
I (1628) efuse_init: Max chip rev:     v3.99 
I (1628) efuse_init: Chip rev:         v3.0
D (1628) cpu_start: calling init function: 0x400d58ec on core: 0
D (1628) memory_layout: Checking 9 reserved memory ranges:
D (1628) memory_layout: Reserved memory range 0x3ff82000 - 0x3ff82000
D (1629) memory_layout: Reserved memory range 0x3ffae000 - 0x3ffae6e0
D (1629) memory_layout: Reserved memory range 0x3ffb0000 - 0x3ffb50d8
D (1629) memory_layout: Reserved memory range 0x3ffe0000 - 0x3ffe0440
D (1629) memory_layout: Reserved memory range 0x3ffe3f20 - 0x3ffe4350
D (1629) memory_layout: Reserved memory range 0x40070000 - 0x40078000
D (1629) memory_layout: Reserved memory range 0x40078000 - 0x40080000
D (1629) memory_layout: Reserved memory range 0x40080000 - 0x4008b2dc
D (1629) memory_layout: Reserved memory range 0x50001fe8 - 0x50002000
D (1629) memory_layout: Building list of available memory regions:
D (1629) memory_layout: Available memory region 0x3ffae6e0 - 0x3ffb0000
D (1630) memory_layout: Available memory region 0x3ffb50d8 - 0x3ffb8000
D (1630) memory_layout: Available memory region 0x3ffb8000 - 0x3ffc0000
D (1630) memory_layout: Available memory region 0x3ffc0000 - 0x3ffc2000
D (1630) memory_layout: Available memory region 0x3ffc2000 - 0x3ffc4000
D (1630) memory_layout: Available memory region 0x3ffc4000 - 0x3ffc6000
D (1630) memory_layout: Available memory region 0x3ffc6000 - 0x3ffc8000
D (1630) memory_layout: Available memory region 0x3ffc8000 - 0x3ffca000
D (1630) memory_layout: Available memory region 0x3ffca000 - 0x3ffcc000
D (1630) memory_layout: Available memory region 0x3ffcc000 - 0x3ffce000
D (1631) memory_layout: Available memory region 0x3ffce000 - 0x3ffd0000
D (1631) memory_layout: Available memory region 0x3ffd0000 - 0x3ffd2000
D (1631) memory_layout: Available memory region 0x3ffd2000 - 0x3ffd4000
D (1631) memory_layout: Available memory region 0x3ffd4000 - 0x3ffd6000
D (1631) memory_layout: Available memory region 0x3ffd6000 - 0x3ffd8000
D (1631) memory_layout: Available memory region 0x3ffd8000 - 0x3ffda000
D (1631) memory_layout: Available memory region 0x3ffda000 - 0x3ffdc000
D (1631) memory_layout: Available memory region 0x3ffdc000 - 0x3ffde000
D (1631) memory_layout: Available memory region 0x3ffde000 - 0x3ffe0000
D (1631) memory_layout: Available memory region 0x3ffe0440 - 0x3ffe3f20
D (1632) memory_layout: Available memory region 0x3ffe4350 - 0x3ffe8000
D (1632) memory_layout: Available memory region 0x3ffe8000 - 0x3fff0000
D (1632) memory_layout: Available memory region 0x3fff0000 - 0x3fff8000
D (1632) memory_layout: Available memory region 0x3fff8000 - 0x3fffc000
D (1632) memory_layout: Available memory region 0x3fffc000 - 0x40000000
D (1632) memory_layout: Available memory region 0x4008b2dc - 0x4008c000
D (1632) memory_layout: Available memory region 0x4008c000 - 0x4008e000
D (1632) memory_layout: Available memory region 0x4008e000 - 0x40090000
D (1632) memory_layout: Available memory region 0x40090000 - 0x40092000
D (1632) memory_layout: Available memory region 0x40092000 - 0x40094000
D (1633) memory_layout: Available memory region 0x40094000 - 0x40096000
D (1633) memory_layout: Available memory region 0x40096000 - 0x40098000
D (1633) memory_layout: Available memory region 0x40098000 - 0x4009a000
D (1633) memory_layout: Available memory region 0x4009a000 - 0x4009c000
D (1633) memory_layout: Available memory region 0x4009c000 - 0x4009e000
D (1633) memory_layout: Available memory region 0x4009e000 - 0x400a0000
I (1633) heap_init: Initializing. RAM available for dynamic allocation:
D (1634) heap_init: New heap initialised at 0x3ffae6e0
I (1634) heap_init: At 3FFAE6E0 len 00001920 (6 KiB): DRAM
D (1634) heap_init: New heap initialised at 0x3ffb50d8
I (1634) heap_init: At 3FFB50D8 len 0002AF28 (171 KiB): DRAM
I (1634) heap_init: At 3FFE0440 len 00003AE0 (14 KiB): D/IRAM
I (1634) heap_init: At 3FFE4350 len 0001BCB0 (111 KiB): D/IRAM
D (1634) heap_init: New heap initialised at 0x4008b2dc
I (1634) heap_init: At 4008B2DC len 00014D24 (83 KiB): IRAM
D (1635) cpu_start: calling init function: 0x400d3b54 on core: 0
D (1636) cpu_start: calling init function: 0x400d6b60 on core: 0
D (1636) cpu_start: calling init function: 0x400d4594 on core: 0
D (1637) intr_alloc: Connected src 46 to int 1 (cpu 0)
D (1637) cpu_start: calling init function: 0x400d45a4 on core: 0
D (1637) cpu_start: calling init function: 0x400d7e2c on core: 0
D (1638) cpu_start: calling init function: 0x400d9554 on core: 0
D (1638) cpu_start: calling init function: 0x400d3540 on core: 0
D (1638) cpu_start: calling init function: 0x400d6b6c on core: 0
D (1639) cpu_start: calling init function: 0x400d3ee4 on core: 0
D (1645) spi_flash: trying chip: issi
D (1650) spi_flash: trying chip: gd
I (1654) spi_flash: detected chip: gd
I (1658) spi_flash: flash io: dio
W (1663) spi_flash: Detected size(4096k) larger than the size in the binary image header(2048k). Using the size in the binary image header.
D (1663) cpu_start: calling init function: 0x400d374c on core: 0
D (1664) cpu_start: calling init function: 0x400ddad4 on core: 0
D (1665) intr_alloc: Connected src 17 to int 2 (cpu 0)
D (1665) cpu_start: calling init function: 0x4011e0ac on core: 0
D (1665) cpu_start: calling init function: 0x40101934 on core: 0
D (1666) cpu_start: calling init function: 0x400d45b0 on core: 0
D (1667) intr_alloc: Connected src 24 to int 3 (cpu 0)
D (1668) app_start: Starting scheduler on CPU0
D (1669) intr_alloc: Connected src 25 to int 1 (cpu 1)
I (1669) main_task: Started onD C (PU01669) app_start: Sta
rting scheduler on CPU1
D (1669) heap_init: New heap initialised at 0x3ffe0440
D (1669) heap_init: New heap initialised at 0x3ffe4350
D (1669) intr_alloc: Connected src 16 to int 5 (cpu 0)
I (1669) main_task: Calling app_main()
I (1669) ch22lab: == ch22: tls/esp-tls/mbedtls over openeth ==
D (1669) esp_netif_lwip: LwIP stack has been initialized
D (1669) esp_netif_lwip: esp-netif has been successfully initialized
D (1669) event: running task for loop 0x3ffaffb8
D (1669) event: created task for loop 0x3ffaffb8
D (1669) event: created event loop 0x3ffaffb8
D (1669) esp_netif_objects: esp_netif_add_to_list_unsafe netif added successfully (total netifs: 1)
D (1669) intr_alloc: Connected src 38 to int 8 (cpu 0)
D (1669) opencores.emac: Using MAC address 52:54:00:12:34:56 set in QEMU
D (1669) eth_phy_802_3: Found PHY address: 1
D (1689) esp_eth: new ethernet driver @0x3ffbb074
I (1689) esp_eth.netif.netif_glue: 52:54:00:12:34:56
I (1689) esp_eth.netif.netif_glue: ethernet attached to netif
D (1789) event: running post ETH_EVENT:0 with handler 0x400d95b8 and context 0x3ffbb118 on loop 0x3ffaffb8
D (1789) event: running post ETH_EVENT:0 with handler 0x400dba30 and context 0x3ffbb1b0 on loop 0x3ffaffb8
D (1789) esp_eth.netif.netif_glue: eth_action_start: 0x3ffbb17c, 0x3f40500c, 0, 0x3ffbb280, 0x3ffbb074
D (1789) esp_netif_handlers: esp_netif action has started with netif0x3ffb9d34 from event_id=0
D (1789) esp_netif_lwip: Multicast add filter IPv4: 224.0.0.1
D (1789) esp_eth.netif.netif_glue: Add filter MAC: 01:00:5e:00:00:01
E (1789) esp_eth: esp_eth_ioctl(533): add mac address to filter not supported
E (1789) esp_eth.netif.netif_glue: eth_set_mac_filter(56): failed to add mac filter
E (1789) esp_netif_lwip: Failed to add multicast filter for IPv4
D (1789) event: running post ETH_EVENT:2 with handler 0x400d95b8 and context 0x3ffbb118 on loop 0x3ffaffb8
I (1789) ch22lab: ETH link up
D (1789) event: running post ETH_EVENT:2 with handler 0x400db9a0 and context 0x3ffbb210 on loop 0x3ffaffb8
D (1789) esp_eth.netif.netif_glue: eth_action_connected: 0x3ffbb17c, 0x3f40500c, 2, 0x3ffbb280, 0x3ffbb074
D (1789) esp_netif_handlers: esp_netif action connected with netif0x3ffb9d34 from event_id=2
D (1789) esp_netif_lwip: if0x3ffb9d34 start ip lost tmr: interval=120
D (1789) esp_netif_lwip: starting dhcp client
D (1789) event: no handlers have been registered for event IP_EVENT:9 posted to loop 0x3ffaffb8
I (1789) ch22lab: waiting for DHCP lease ...
D (2799) esp_netif_lwip: if0x3ffb9d34 ip changed=1
D (2799) event: running post IP_EVENT:4 with handler 0x400da56c and context 0x3ffbb15c on loop 0x3ffaffb8
I (2799) ch22lab: GOT_IP: 10.0.2.15
D (2799) event: running post IP_EVENT:4 with handler 0x400db930 and context 0x3ffbb260 on loop 0x3ffaffb8
D (2799) esp_eth.netif.netif_glue: eth_action_got_ip: 0x3ffbb17c, 0x3f40bf64, 4, 0x3ffbb3cc, 0x3ffb9d34
D (2799) esp_netif_handlers: esp_netif action got_ip with netif0x3ffb9d34 from event_id=4
I (2799) esp_netif_handlers: eth ip: 10.0.2.15, mask: 255.255.255.0, gw: 10.0.2.2

== ch22 lab start ==
[info] sizeof(mbedtls_ssl_context)=264 sizeof(mbedtls_ssl_config)=136
[srv-create] plain=1 tls=1
[mem-tick] t=    1167 ms phase=idle         free=224408
I (2799) main_task: Returned from app_main()
[srv-p] accepting
[srv-ready] plain=1 tls=1
[mem-tick] t=    1265 ms phase=idle         free=228112
[plain-conn] persistent OK
[mem] boot-baseline          free=226384 largest=110592 min-ever=224328

===== PHASE A/B [RSA] port=22443 =====
[mem-tick] t=    1362 ms phase=RSA-baseline free=226384
[mem-tick] t=    1462 ms phase=RSA-baseline free=226384
[mem] baseline               free=227952 largest=110592 min-ever=224328
[mem-tick] t=    1564 ms phase=handshake    free=225816
W (3199) esp-tls-mbedtls: skip_common_name=true: hostname matching and SNI disabled. This disables ALL server-name authentication (CN/SAN/SNI), not just CN. Only intended for loopback / debug clients.
D (3199) esp-tls: handshake in progress...
I (3199) mbedtls: ssl_tls.c:4282 0x3ffb68d4: => handshake

I (3199) mbedtls: ssl_msg.c:2063 0x3ffb68d4: => flush output

I (3199) mbedtls: ssl_msg.c:2072 0x3ffb68d4: <= flush output

I (3199) mbedtls: ssl_tls.c:4201 0x3ffb68d4: client state: MBEDTLS_SSL_HELLO_REQUEST

D (3199) mbedtls: ssl_misc.h:1295 0x3ffb68d4: handshake state: 0 (MBEDTLS_SSL_HELLO_REQUEST) -> 1 (MBEDTLS_SSL_CLIENT_HELLO)

I (3199) mbedtls: ssl_msg.c:2063 0x3ffb68d4: => flush output

I (3199) mbedtls: ssl_msg.c:2072 0x3ffb68d4: <= flush output

I (3199) mbedtls: ssl_tls.c:4201 0x3ffb68d4: client state: MBEDTLS_SSL_CLIENT_HELLO

I (3199) mbedtls: ssl_client.c:917 0x3ffb68d4: => write client hello

D (3199) mbedtls: ssl_client.c:722 0x3ffb68d4: client hello, current time: 1

D (3199) mbedtls: ssl_client.c:485 0x3ffb68d4: dumping 'client hello, random bytes' (32 bytes)

D (3199) mbedtls: ssl_client.c:485 0x3ffb68d4: 0000:  00 00 00 01 4d 1b 4d 1a 2b 0a 94 4c 99 90 e4 64  ....M.M.+..L...d

D (3199) mbedtls: ssl_client.c:485 0x3ffb68d4: 0010:  d0 60 f7 1e c8 0f aa 2d ef 0c 55 d4 eb 3c cf 8d  .`.....-..U..<..

D (3199) mbedtls: ssl_client.c:510 0x3ffb68d4: dumping 'session id' (0 bytes)

D (3199) mbedtls: ssl_client.c:368 0x3ffb68d4: client hello, add ciphersuite: c02c, TLS-ECDHE-ECDSA-WITH-AES-256-GCM-SHA384

D (3209) mbedtls: ssl_client.c:368 0x3ffb68d4: client hello, add ciphersuite: c030, TLS-ECDHE-RSA-WITH-AES-256-GCM-SHA384

D (3209) mbedtls: ssl_client.c:368 0x3ffb68d4: client hello, add ciphersuite: c0ad, TLS-ECDHE-ECDSA-WITH-AES-256-CCM

D (3209) mbedtls: ssl_client.c:368 0x3ffb68d4: client hello, add ciphersuite: c024, TLS-ECDHE-ECDSA-WITH-AES-256-CBC-SHA384

D (3209) mbedtls: ssl_client.c:368 0x3ffb68d4: client hello, add ciphersuite: c028, TLS-ECDHE-RSA-WITH-AES-256-CBC-SHA384

D (3209) mbedtls: ssl_client.c:368 0x3ffb68d4: client hello, add ciphersuite: c00a, TLS-ECDHE-ECDSA-WITH-AES-256-CBC-SHA

D (3209) mbedtls: ssl_client.c:368 0x3ffb68d4: client hello, add ciphersuite: c014, TLS-ECDHE-RSA-WITH-AES-256-CBC-SHA

D (3209) mbedtls: ssl_client.c:368 0x3ffb68d4: client hello, add ciphersuite: c0af, TLS-ECDHE-ECDSA-WITH-AES-256-CCM-8

D (3209) mbedtls: ssl_client.c:368 0x3ffb68d4: client hello, add ciphersuite: c02b, TLS-ECDHE-ECDSA-WITH-AES-128-GCM-SHA256

D (3209) mbedtls: ssl_client.c:368 0x3ffb68d4: client hello, add ciphersuite: c02f, TLS-ECDHE-RSA-WITH-AES-128-GCM-SHA256

D (3209) mbedtls: ssl_client.c:368 0x3ffb68d4: client hello, add ciphersuite: c0ac, TLS-ECDHE-ECDSA-WITH-AES-128-CCM

D (3209) mbedtls: ssl_client.c:368 0x3ffb68d4: client hello, add ciphersuite: c023, TLS-ECDHE-ECDSA-WITH-AES-128-CBC-SHA256

D (3209) mbedtls: ssl_client.c:368 0x3ffb68d4: client hello, add ciphersuite: c027, TLS-ECDHE-RSA-WITH-AES-128-CBC-SHA256

D (3209) mbedtls: ssl_client.c:368 0x3ffb68d4: client hello, add ciphersuite: c009, TLS-ECDHE-ECDSA-WITH-AES-128-CBC-SHA

D (3209) mbedtls: ssl_client.c:368 0x3ffb68d4: client hello, add ciphersuite: c013, TLS-ECDHE-RSA-WITH-AES-128-CBC-SHA

D (3209) mbedtls: ssl_client.c:368 0x3ffb68d4: client hello, add ciphersuite: c0ae, TLS-ECDHE-ECDSA-WITH-AES-128-CCM-8

D (3209) mbedtls: ssl_client.c:386 0x3ffb68d4: adding EMPTY_RENEGOTIATION_INFO_SCSV

D (3209) mbedtls: ssl_client.c:395 0x3ffb68d4: client hello, got 17 cipher suites

D (3209) mbedtls: ssl_client.c:229 0x3ffb68d4: client hello, adding supported_groups extension

D (3209) mbedtls: ssl_client.c:248 0x3ffb68d4: got supported group(001d)

D (3209) mbedtls: ssl_client.c:280 0x3ffb68d4: NamedGroup: x25519 ( 1d )

D (3209) mbedtls: ssl_client.c:248 0x3ffb68d4: got supported group(0017)

D (3209) mbedtls: ssl_client.c:280 0x3ffb68d4: NamedGroup: secp256r1 ( 17 )

D (3209) mbedtls: ssl_client.c:248 0x3ffb68d4: got supported group(0018)

D (3209) mbedtls: ssl_client.c:280 0x3ffb68d4: NamedGroup: secp384r1 ( 18 )

D (3209) mbedtls: ssl_client.c:248 0x3ffb68d4: got supported group(001e)

D (3209) mbedtls: ssl_client.c:280 0x3ffb68d4: NamedGroup: x448 ( 1e )

D (3209) mbedtls: ssl_client.c:248 0x3ffb68d4: got supported group(0019)

D (3209) mbedtls: ssl_client.c:280 0x3ffb68d4: NamedGroup: secp521r1 ( 19 )

D (3209) mbedtls: ssl_client.c:248 0x3ffb68d4: got supported group(001a)

D (3209) mbedtls: ssl_client.c:280 0x3ffb68d4: NamedGroup: bp256r1 ( 1a )

D (3209) mbedtls: ssl_client.c:248 0x3ffb68d4: got supported group(001b)

D (3209) mbedtls: ssl_client.c:280 0x3ffb68d4: NamedGroup: bp384r1 ( 1b )

D (3209) mbedtls: ssl_client.c:248 0x3ffb68d4: got supported group(001c)

D (3209) mbedtls: ssl_client.c:280 0x3ffb68d4: NamedGroup: bp512r1 ( 1c )

D (3209) mbedtls: ssl_client.c:248 0x3ffb68d4: got supported group(0100)

D (3209) mbedtls: ssl_client.c:248 0x3ffb68d4: got supported group(0101)

D (3209) mbedtls: ssl_client.c:248 0x3ffb68d4: got supported group(0102)

D (3209) mbedtls: ssl_client.c:248 0x3ffb68d4: got supported group(0103)

D (3209) mbedtls: ssl_client.c:248 0x3ffb68d4: got supported group(0104)

D (3209) mbedtls: ssl_client.c:300 0x3ffb68d4: dumping 'Supported groups extension' (18 bytes)

D (3209) mbedtls: ssl_client.c:300 0x3ffb68d4: 0000:  00 10 00 1d 00 17 00 18 00 1e 00 19 00 1a 00 1b  ................

D (3219) mbedtls: ssl_client.c:300 0x3ffb68d4: 0010:  00 1c                                            ..

D (3219) mbedtls: ssl_tls.c:8276 0x3ffb68d4: adding signature_algorithms extension

D (3219) mbedtls: ssl_tls.c:8296 0x3ffb68d4: got signature scheme [603] ecdsa_secp521r1_sha512

D (3219) mbedtls: ssl_tls.c:8305 0x3ffb68d4: sent signature scheme [603] ecdsa_secp521r1_sha512

D (3219) mbedtls: ssl_tls.c:8296 0x3ffb68d4: got signature scheme [806] rsa_pss_rsae_sha512

D (3219) mbedtls: ssl_tls.c:8296 0x3ffb68d4: got signature scheme [601] rsa_pkcs1_sha512

D (3219) mbedtls: ssl_tls.c:8305 0x3ffb68d4: sent signature scheme [601] rsa_pkcs1_sha512

D (3219) mbedtls: ssl_tls.c:8296 0x3ffb68d4: got signature scheme [503] ecdsa_secp384r1_sha384

D (3219) mbedtls: ssl_tls.c:8305 0x3ffb68d4: sent signature scheme [503] ecdsa_secp384r1_sha384

D (3219) mbedtls: ssl_tls.c:8296 0x3ffb68d4: got signature scheme [805] rsa_pss_rsae_sha384

D (3219) mbedtls: ssl_tls.c:8296 0x3ffb68d4: got signature scheme [501] rsa_pkcs1_sha384

D (3219) mbedtls: ssl_tls.c:8305 0x3ffb68d4: sent signature scheme [501] rsa_pkcs1_sha384

D (3219) mbedtls: ssl_tls.c:8296 0x3ffb68d4: got signature scheme [403] ecdsa_secp256r1_sha256

D (3219) mbedtls: ssl_tls.c:8305 0x3ffb68d4: sent signature scheme [403] ecdsa_secp256r1_sha256

D (3219) mbedtls: ssl_tls.c:8296 0x3ffb68d4: got signature scheme [804] rsa_pss_rsae_sha256

D (3219) mbedtls: ssl_tls.c:8296 0x3ffb68d4: got signature scheme [401] rsa_pkcs1_sha256

D (3219) mbedtls: ssl_tls.c:8305 0x3ffb68d4: sent signature scheme [401] rsa_pkcs1_sha256

D (3219) mbedtls: ssl_tls12_client.c:103 0x3ffb68d4: client hello, adding supported_point_formats extension

D (3219) mbedtls: ssl_tls12_client.c:287 0x3ffb68d4: client hello, adding encrypt_then_mac extension

D (3219) mbedtls: ssl_tls12_client.c:319 0x3ffb68d4: client hello, adding extended_master_secret extension

D (3219) mbedtls: ssl_tls12_client.c:352 0x3ffb68d4: client hello, adding session ticket extension

D (3219) mbedtls: ssl_client.c:687 0x3ffb68d4: client hello, total extension length: 58

D (3219) mbedtls: ssl_client.c:689 0x3ffb68d4: dumping 'client hello extensions' (58 bytes)

D (3219) mbedtls: ssl_client.c:689 0x3ffb68d4: 0000:  00 3a 00 0a 00 12 00 10 00 1d 00 17 00 18 00 1e  .:..............

D (3219) mbedtls: ssl_client.c:689 0x3ffb68d4: 0010:  00 19 00 1a 00 1b 00 1c 00 0d 00 0e 00 0c 06 03  ................

D (3219) mbedtls: ssl_client.c:689 0x3ffb68d4: 0020:  06 01 05 03 05 01 04 03 04 01 00 0b 00 02 01 00  ................

D (3219) mbedtls: ssl_client.c:689 0x3ffb68d4: 0030:  00 16 00 00 00 17 00 00 00 23                    .........#

I (3229) mbedtls: ssl_msg.c:2494 0x3ffb68d4: => write handshake message

I (3229) mbedtls: ssl_msg.c:2654 0x3ffb68d4: => write record

D (3229) mbedtls: ssl_msg.c:2737 0x3ffb68d4: output record: msgtype = 22, version = [3:3], msglen = 137

I (3229) mbedtls: ssl_msg.c:2790 0x3ffb68d4: <= write record

I (3229) mbedtls: ssl_msg.c:2615 0x3ffb68d4: <= write handshake message

D (3229) mbedtls: ssl_misc.h:1295 0x3ffb68d4: handshake state: 1 (MBEDTLS_SSL_CLIENT_HELLO) -> 2 (MBEDTLS_SSL_SERVER_HELLO)

I (3229) mbedtls: ssl_client.c:1010 0x3ffb68d4: <= write client hello

I (3229) mbedtls: ssl_msg.c:2063 0x3ffb68d4: => flush output

I (3229) mbedtls: ssl_msg.c:2077 0x3ffb68d4: message length: 142, out_left: 142

I (3229) mbedtls: ssl_msg.c:2084 0x3ffb68d4: ssl->f_send() returned 142 (-0xffffff72)

I (3229) mbedtls: ssl_msg.c:2111 0x3ffb68d4: <= flush output

I (3229) mbedtls: ssl_tls.c:4201 0x3ffb68d4: client state: MBEDTLS_SSL_SERVER_HELLO

I (3229) mbedtls: ssl_tls12_client.c:1151 0x3ffb68d4: => parse server hello

I (3229) mbedtls: ssl_msg.c:4040 0x3ffb68d4: => read record

I (3229) mbedtls: ssl_msg.c:1865 0x3ffb68d4: => fetch input

I (3229) mbedtls: ssl_msg.c:2005 0x3ffb68d4: in_left: 0, nb_want: 5

I (3229) mbedtls: ssl_msg.c:2025 0x3ffb68d4: in_left: 0, nb_want: 5

I (3229) mbedtls: ssl_msg.c:2028 0x3ffb68d4: ssl->f_recv(_timeout)() returned 5 (-0xfffffffb)

I (3229) mbedtls: ssl_msg.c:2050 0x3ffb68d4: <= fetch input

D (3229) mbedtls: ssl_msg.c:3707 0x3ffb68d4: input record: msgtype = 22, version = [0x303], msglen = 65

I (3229) mbedtls: ssl_msg.c:1865 0x3ffb68d4: => fetch input

I (3229) mbedtls: ssl_msg.c:2005 0x3ffb68d4: in_left: 5, nb_want: 70

I (3229) mbedtls: ssl_msg.c:2025 0x3ffb68d4: in_left: 5, nb_want: 70

I (3229) mbedtls: ssl_msg.c:2028 0x3ffb68d4: ssl->f_recv(_timeout)() returned 65 (-0xffffffbf)

I (3229) mbedtls: ssl_msg.c:2050 0x3ffb68d4: <= fetch input

D (3229) mbedtls: ssl_msg.c:2948 0x3ffb68d4: handshake message: msglen = 65, type = 2, hslen = 65

D (3229) mbedtls: ssl_msg.c:3085 0x3ffb68d4: sole handshake fragment: 65, 0..65 of 65

I (3229) mbedtls: ssl_msg.c:4112 0x3ffb68d4: <= read record

D (3229) mbedtls: ssl_tls12_client.c:1225 0x3ffb68d4: dumping 'server hello, version' (2 bytes)

D (3229) mbedtls: ssl_tls12_client.c:1225 0x3ffb68d4: 0000:  03 03                                            ..

D (3229) mbedtls: ssl_tls12_client.c:1246 0x3ffb68d4: server hello, current time: 2838893636

D (3239) mbedtls: ssl_tls12_client.c:1256 0x3ffb68d4: dumping 'server hello, random bytes' (32 bytes)

D (3239) mbedtls: ssl_tls12_client.c:1256 0x3ffb68d4: 0000:  a9 36 14 44 5f 59 c0 15 34 6b 84 58 ef cc 83 a8  .6.D_Y..4k.X....

D (3239) mbedtls: ssl_tls12_client.c:1256 0x3ffb68d4: 0010:  77 b9 40 20 26 ed ce 14 6b b9 bf 62 94 5c 63 4d  w.@ &...k..b.\cM

D (3239) mbedtls: ssl_tls12_client.c:1318 0x3ffb68d4: server hello, session id len.: 0

D (3239) mbedtls: ssl_tls12_client.c:1319 0x3ffb68d4: dumping 'server hello, session id' (0 bytes)

D (3239) mbedtls: ssl_misc.h:1295 0x3ffb68d4: handshake state: 2 (MBEDTLS_SSL_SERVER_HELLO) -> 3 (MBEDTLS_SSL_SERVER_CERTIFICATE)

D (3239) mbedtls: ssl_tls12_client.c:1343 0x3ffb68d4: no session has been resumed

D (3239) mbedtls: ssl_tls12_client.c:1346 0x3ffb68d4: server hello, chosen ciphersuite: c030

D (3239) mbedtls: ssl_tls12_client.c:1347 0x3ffb68d4: server hello, compress alg.: 0

D (3239) mbedtls: ssl_tls12_client.c:1382 0x3ffb68d4: server hello, chosen ciphersuite: TLS-ECDHE-RSA-WITH-AES-256-GCM-SHA384

I (3239) mbedtls: ssl_tls12_client.c:1403 0x3ffb68d4: server hello, total extension length: 21

D (3239) mbedtls: ssl_tls12_client.c:1421 0x3ffb68d4: found renegotiation extension

D (3239) mbedtls: ssl_tls12_client.c:1500 0x3ffb68d4: found supported_point_formats extension

D (3239) mbedtls: ssl_tls12_client.c:1486 0x3ffb68d4: found session_ticket extension

D (3239) mbedtls: ssl_tls12_client.c:1473 0x3ffb68d4: found extended_master_secret extension

I (3239) mbedtls: ssl_tls12_client.c:1617 0x3ffb68d4: <= parse server hello

I (3239) mbedtls: ssl_msg.c:2063 0x3ffb68d4: => flush output

I (3239) mbedtls: ssl_msg.c:2072 0x3ffb68d4: <= flush output

I (3239) mbedtls: ssl_tls.c:4201 0x3ffb68d4: client state: MBEDTLS_SSL_SERVER_CERTIFICATE

I (3239) mbedtls: ssl_tls.c:7077 0x3ffb68d4: => parse certificate

I (3239) mbedtls: ssl_msg.c:4040 0x3ffb68d4: => read record

I (3239) mbedtls: ssl_msg.c:1865 0x3ffb68d4: => fetch input

I (3239) mbedtls: ssl_msg.c:2005 0x3ffb68d4: in_left: 0, nb_want: 5

I (3239) mbedtls: ssl_msg.c:2025 0x3ffb68d4: in_left: 0, nb_want: 5

I (3239) mbedtls: ssl_msg.c:2028 0x3ffb68d4: ssl->f_recv(_timeout)() returned 5 (-0xfffffffb)

I (3239) mbedtls: ssl_msg.c:2050 0x3ffb68d4: <= fetch input

D (3239) mbedtls: ssl_msg.c:3707 0x3ffb68d4: input record: msgtype = 22, version = [0x303], msglen = 791

I (3239) mbedtls: ssl_msg.c:1865 0x3ffb68d4: => fetch input

I (3239) mbedtls: ssl_msg.c:2005 0x3ffb68d4: in_left: 5, nb_want: 796

I (3239) mbedtls: ssl_msg.c:2025 0x3ffb68d4: in_left: 5, nb_want: 796

I (3239) mbedtls: ssl_msg.c:2028 0x3ffb68d4: ssl->f_recv(_timeout)() returned 791 (-0xfffffce9)

I (3239) mbedtls: ssl_msg.c:2050 0x3ffb68d4: <= fetch input

D (3239) mbedtls: ssl_msg.c:2948 0x3ffb68d4: handshake message: msglen = 791, type = 11, hslen = 791

D (3239) mbedtls: ssl_msg.c:3085 0x3ffb68d4: sole handshake fragment: 791, 0..791 of 791

I (3249) mbedtls: ssl_msg.c:4112 0x3ffb68d4: <= read record

D (3249) mbedtls: ssl_tls.c:6952 0x3ffb68d4: peer certificate #1:

D (3249) mbedtls: ssl_tls.c:6952 0x3ffb68d4: cert. version     : 3

D (3249) mbedtls: ssl_tls.c:6952 0x3ffb68d4: serial number     : 77:66:A5:9D:AF:14:9E:F2:03:F7:3C:2B:1A:5C:81:86:F8:A3:4E:52

D (3249) mbedtls: ssl_tls.c:6952 0x3ffb68d4: issuer name       : CN=localhost

D (3249) mbedtls: ssl_tls.c:6952 0x3ffb68d4: subject name      : CN=localhost

D (3249) mbedtls: ssl_tls.c:6952 0x3ffb68d4: issued  on        : 2026-08-26 20:20:30

D (3249) mbedtls: ssl_tls.c:6952 0x3ffb68d4: expires on        : 2026-09-25 20:20:30

D (3249) mbedtls: ssl_tls.c:6952 0x3ffb68d4: signed using      : RSA with SHA-256

D (3249) mbedtls: ssl_tls.c:6952 0x3ffb68d4: RSA key size      : 2048 bits

D (3249) mbedtls: ssl_tls.c:6952 0x3ffb68d4: basic constraints : CA=true

D (3249) mbedtls: ssl_tls.c:6952 0x3ffb68d4: dumping 'crt->PK' (270 bytes)

D (3249) mbedtls: ssl_tls.c:6952 0x3ffb68d4: 0000:  30 82 01 0a 02 82 01 01 00 dd 03 19 3e 8f 4a 05

D (3249) mbedtls: ssl_tls.c:6952 0x3ffb68d4: 0010:  9c d6 74 e1 46 bc 40 7a 7e af 78 09 38 f6 d0 1c

D (3249) mbedtls: ssl_tls.c:6952 0x3ffb68d4: 0020:  9d e4 2b 18 4c a1 87 f6 83 55 82 2d e0 21 fb b2

D (3249) mbedtls: ssl_tls.c:6952 0x3ffb68d4: 0030:  00 2f 9b 98 36 24 73 47 a2 11 bb 50 05 1c 9e 40

D (3249) mbedtls: ssl_tls.c:6952 0x3ffb68d4: 0040:  41 c9 de 81 7e a1 eb 82 48 35 d0 51 24 0d 22 bd

D (3249) mbedtls: ssl_tls.c:6952 0x3ffb68d4: 0050:  7e c7 0b 60 74 e2 60 3e 76 de c1 3d b5 9f e9 d2

D (3249) mbedtls: ssl_tls.c:6952 0x3ffb68d4: 0060:  ac 90 d3 84 2a 75 7c 41 8a 11 14 c8 bc 09 7b 9d

D (3249) mbedtls: ssl_tls.c:6952 0x3ffb68d4: 0070:  45 54 95 c1 50 05 be f1 34 c0 05 55 f5 a2 b3 a8

D (3249) mbedtls: ssl_tls.c:6952 0x3ffb68d4: 0080:  24 f6 ab 22 df 72 97 ef b5 8f e4 fe 49 be 4f c1

D (3249) mbedtls: ssl_tls.c:6952 0x3ffb68d4: 0090:  08 e0 39 7a cd ba 74 2e d1 20 74 ad 6b 59 ab 86

D (3249) mbedtls: ssl_tls.c:6952 0x3ffb68d4: 00a0:  5d 29 ab 81 f0 c1 22 3f 01 b9 0b a1 fb ee 70 9f

D (3249) mbedtls: ssl_tls.c:6952 0x3ffb68d4: 00b0:  eb 29 5e 9f 1d 6a 0d dc 65 fd 5e 5d 38 0c 1a c3

D (3259) mbedtls: ssl_tls.c:6952 0x3ffb68d4: 00c0:  ae b7 b7 2f 66 23 82 80 ab 7d 69 7c 8f 95 ab e8

D (3259) mbedtls: ssl_tls.c:6952 0x3ffb68d4: 00d0:  c0 4d 21 42 7d 78 c8 25 8b 60 f6 0d 87 c9 f4 df

D (3259) mbedtls: ssl_tls.c:6952 0x3ffb68d4: 00e0:  36 bf 16 7c 59 16 d1 09 ec 17 67 cf 5d 9f 8f 78

D (3259) mbedtls: ssl_tls.c:6952 0x3ffb68d4: 00f0:  8c 3d d0 02 18 d5 bc a7 19 f4 51 fe 1d b3 20 40

D (3259) mbedtls: ssl_tls.c:6952 0x3ffb68d4: 0100:  67 7e 3a cc 30 f3 8d a0 ef 02 03 01 00 01      

I (3259) mbedtls: ssl_tls.c:7191 0x3ffb68d4: <= parse certificate

D (3259) mbedtls: ssl_misc.h:1295 0x3ffb68d4: handshake state: 3 (MBEDTLS_SSL_SERVER_CERTIFICATE) -> 4 (MBEDTLS_SSL_SERVER_KEY_EXCHANGE)

I (3259) mbedtls: ssl_msg.c:2063 0x3ffb68d4: => flush output

I (3259) mbedtls: ssl_msg.c:2072 0x3ffb68d4: <= flush output

I (3259) mbedtls: ssl_tls.c:4201 0x3ffb68d4: client state: MBEDTLS_SSL_SERVER_KEY_EXCHANGE

I (3259) mbedtls: ssl_tls12_client.c:1831 0x3ffb68d4: => parse server key exchange

I (3259) mbedtls: ssl_msg.c:4040 0x3ffb68d4: => read record

I (3259) mbedtls: ssl_msg.c:1865 0x3ffb68d4: => fetch input

I (3259) mbedtls: ssl_msg.c:2005 0x3ffb68d4: in_left: 0, nb_want: 5

I (3259) mbedtls: ssl_msg.c:2025 0x3ffb68d4: in_left: 0, nb_want: 5

I (3259) mbedtls: ssl_msg.c:2028 0x3ffb68d4: ssl->f_recv(_timeout)() returned 5 (-0xfffffffb)

I (3259) mbedtls: ssl_msg.c:2050 0x3ffb68d4: <= fetch input

D (3259) mbedtls: ssl_msg.c:3707 0x3ffb68d4: input record: msgtype = 22, version = [0x303], msglen = 300

I (3259) mbedtls: ssl_msg.c:1865 0x3ffb68d4: => fetch input

I (3259) mbedtls: ssl_msg.c:2005 0x3ffb68d4: in_left: 5, nb_want: 305

I (3259) mbedtls: ssl_msg.c:2025 0x3ffb68d4: in_left: 5, nb_want: 305

I (3259) mbedtls: ssl_msg.c:2028 0x3ffb68d4: ssl->f_recv(_timeout)() returned 300 (-0xfffffed4)

I (3259) mbedtls: ssl_msg.c:2050 0x3ffb68d4: <= fetch input

D (3259) mbedtls: ssl_msg.c:2948 0x3ffb68d4: handshake message: msglen = 300, type = 12, hslen = 300

D (3259) mbedtls: ssl_msg.c:3085 0x3ffb68d4: sole handshake fragment: 300, 0..300 of 300

I (3259) mbedtls: ssl_msg.c:4112 0x3ffb68d4: <= read record

D (3259) mbedtls: ssl_tls12_client.c:1885 0x3ffb68d4: dumping 'server key exchange' (296 bytes)

D (3259) mbedtls: ssl_tls12_client.c:1885 0x3ffb68d4: 0000:  03 00 1d 20 e1 71 1a 2d a8 7a 5c fa cd fe 63 f0  ... .q.-.z\...c.

D (3259) mbedtls: ssl_tls12_client.c:1885 0x3ffb68d4: 0010:  04 21 2c 66 93 e1 4c c1 b9 cf ca 1b 9a 85 66 64  .!,f..L.......fd

D (3259) mbedtls: ssl_tls12_client.c:1885 0x3ffb68d4: 0020:  2c ea 97 4e 06 01 01 00 b3 94 1a 9c 8f 69 b6 28  ,..N.........i.(

D (3259) mbedtls: ssl_tls12_client.c:1885 0x3ffb68d4: 0030:  e9 e9 b0 8b 7c 21 3a 9a b2 27 55 44 91 d4 32 4f  ....|!:..'UD..2O

D (3259) mbedtls: ssl_tls12_client.c:1885 0x3ffb68d4: 0040:  03 91 c9 64 46 48 c1 b4 58 c1 da c4 7a ac 69 18  ...dFH..X...z.i.

D (3259) mbedtls: ssl_tls12_client.c:1885 0x3ffb68d4: 0050:  33 71 0f d6 3f 42 cb bc e4 06 22 e3 f3 ca 96 72  3q..?B...."....r

D (3259) mbedtls: ssl_tls12_client.c:1885 0x3ffb68d4: 0060:  4d 12 fa 05 76 cb 4b c2 e5 3e ca c5 5c 37 b5 7d  M...v.K..>..\7.}

D (3259) mbedtls: ssl_tls12_client.c:1885 0x3ffb68d4: 0070:  1c c0 6b 2e d2 75 be 34 2d b7 75 a8 2f d9 c9 59  ..k..u.4-.u./..Y

D (3259) mbedtls: ssl_tls12_client.c:1885 0x3ffb68d4: 0080:  52 03 f2 51 28 0e 0c 99 93 3d e8 8a 36 c2 d2 c9  R..Q(....=..6...

D (3259) mbedtls: ssl_tls12_client.c:1885 0x3ffb68d4: 0090:  20 5c 59 1a ab 19 26 49 bd bb 9f 27 6d 51 43 bf   \Y...&I...'mQC.

D (3259) mbedtls: ssl_tls12_client.c:1885 0x3ffb68d4: 00a0:  ba b7 da 44 bc 69 7e dc 0b af fe 7f 7f 17 27 25  ...D.i~.......'%

D (3269) mbedtls: ssl_tls12_client.c:1885 0x3ffb68d4: 00b0:  3d 5b 34 74 5e 68 8a a9 58 8f fe 4d 95 20 01 fc  =[4t^h..X..M. ..

D (3269) mbedtls: ssl_tls12_client.c:1885 0x3ffb68d4: 00c0:  6a b5 ba 1d 2d 37 cc 10 6a 37 93 ad 2c 01 18 34  j...-7..j7..,..4

D (3269) mbedtls: ssl_tls12_client.c:1885 0x3ffb68d4: 00d0:  59 52 b8 89 53 98 ed c6 e2 37 a1 88 d3 e8 89 1c  YR..S....7......

D (3269) mbedtls: ssl_tls12_client.c:1885 0x3ffb68d4: 00e0:  ab 53 e4 9a f6 28 0d 6f 1c 97 3f 82 a6 a3 56 93  .S...(.o..?...V.

D (3269) mbedtls: ssl_tls12_client.c:1885 0x3ffb68d4: 00f0:  80 2c 8f f0 54 69 d4 a9 8b 4a b6 70 38 54 53 b8  .,..Ti...J.p8TS.

D (3269) mbedtls: ssl_tls12_client.c:1885 0x3ffb68d4: 0100:  bc b2 6e c0 13 ec 67 05 18 2f 91 15 c2 b6 76 1f  ..n...g../....v.

D (3269) mbedtls: ssl_tls12_client.c:1885 0x3ffb68d4: 0110:  6e b8 3f fb 26 92 57 5e ea 7b fe 4e 71 2c c1 07  n.?.&.W^.{.Nq,..

D (3269) mbedtls: ssl_tls12_client.c:1885 0x3ffb68d4: 0120:  d5 34 f1 50 68 06 13 d6                          .4.Ph...

I (3269) mbedtls: ssl_tls12_client.c:1815 0x3ffb68d4: Server used the signature algorithm rsa_pkcs1_sha512

D (3269) mbedtls: ssl_tls12_client.c:2047 0x3ffb68d4: dumping 'signature' (256 bytes)

D (3269) mbedtls: ssl_tls12_client.c:2047 0x3ffb68d4: 0000:  b3 94 1a 9c 8f 69 b6 28 e9 e9 b0 8b 7c 21 3a 9a  .....i.(....|!:.

D (3269) mbedtls: ssl_tls12_client.c:2047 0x3ffb68d4: 0010:  b2 27 55 44 91 d4 32 4f 03 91 c9 64 46 48 c1 b4  .'UD..2O...dFH..

D (3269) mbedtls: ssl_tls12_client.c:2047 0x3ffb68d4: 0020:  58 c1 da c4 7a ac 69 18 33 71 0f d6 3f 42 cb bc  X...z.i.3q..?B..

D (3269) mbedtls: ssl_tls12_client.c:2047 0x3ffb68d4: 0030:  e4 06 22 e3 f3 ca 96 72 4d 12 fa 05 76 cb 4b c2  .."....rM...v.K.

D (3269) mbedtls: ssl_tls12_client.c:2047 0x3ffb68d4: 0040:  e5 3e ca c5 5c 37 b5 7d 1c c0 6b 2e d2 75 be 34  .>..\7.}..k..u.4

D (3269) mbedtls: ssl_tls12_client.c:2047 0x3ffb68d4: 0050:  2d b7 75 a8 2f d9 c9 59 52 03 f2 51 28 0e 0c 99  -.u./..YR..Q(...

D (3269) mbedtls: ssl_tls12_client.c:2047 0x3ffb68d4: 0060:  93 3d e8 8a 36 c2 d2 c9 20 5c 59 1a ab 19 26 49  .=..6... \Y...&I

D (3269) mbedtls: ssl_tls12_client.c:2047 0x3ffb68d4: 0070:  bd bb 9f 27 6d 51 43 bf ba b7 da 44 bc 69 7e dc  ...'mQC....D.i~.

D (3269) mbedtls: ssl_tls12_client.c:2047 0x3ffb68d4: 0080:  0b af fe 7f 7f 17 27 25 3d 5b 34 74 5e 68 8a a9  ......'%=[4t^h..

D (3269) mbedtls: ssl_tls12_client.c:2047 0x3ffb68d4: 0090:  58 8f fe 4d 95 20 01 fc 6a b5 ba 1d 2d 37 cc 10  X..M. ..j...-7..

D (3269) mbedtls: ssl_tls12_client.c:2047 0x3ffb68d4: 00a0:  6a 37 93 ad 2c 01 18 34 59 52 b8 89 53 98 ed c6  j7..,..4YR..S...

D (3269) mbedtls: ssl_tls12_client.c:2047 0x3ffb68d4: 00b0:  e2 37 a1 88 d3 e8 89 1c ab 53 e4 9a f6 28 0d 6f  .7.......S...(.o

D (3269) mbedtls: ssl_tls12_client.c:2047 0x3ffb68d4: 00c0:  1c 97 3f 82 a6 a3 56 93 80 2c 8f f0 54 69 d4 a9  ..?...V..,..Ti..

D (3269) mbedtls: ssl_tls12_client.c:2047 0x3ffb68d4: 00d0:  8b 4a b6 70 38 54 53 b8 bc b2 6e c0 13 ec 67 05  .J.p8TS...n...g.

D (3269) mbedtls: ssl_tls12_client.c:2047 0x3ffb68d4: 00e0:  18 2f 91 15 c2 b6 76 1f 6e b8 3f fb 26 92 57 5e  ./....v.n.?.&.W^

D (3269) mbedtls: ssl_tls12_client.c:2047 0x3ffb68d4: 00f0:  ea 7b fe 4e 71 2c c1 07 d5 34 f1 50 68 06 13 d6  .{.Nq,...4.Ph...

D (3269) mbedtls: ssl_tls.c:8082 0x3ffb68d4: Perform PSA-based computation of digest of ServerKeyExchange

D (3269) mbedtls: ssl_tls12_client.c:2064 0x3ffb68d4: dumping 'parameters hash' (64 bytes)

D (3269) mbedtls: ssl_tls12_client.c:2064 0x3ffb68d4: 0000:  7e 6d 07 f1 e2 10 fd fe 30 24 f2 23 3d 97 4b d8  ~m......0$.#=.K.

D (3269) mbedtls: ssl_tls12_client.c:2064 0x3ffb68d4: 0010:  23 72 55 c8 74 6e c0 c9 67 1d ad 35 31 c4 e8 0d  #rU.tn..g..51...

D (3269) mbedtls: ssl_tls12_client.c:2064 0x3ffb68d4: 0020:  84 3f 2c 4a 95 74 32 15 80 91 53 0b d5 9b 49 be  .?,J.t2...S...I.

D (3269) mbedtls: ssl_tls12_client.c:2064 0x3ffb68d4: 0030:  53 50 36 3d 8c d4 70 4e 60 e1 d9 9b 25 a0 d4 a8  SP6=..pN`...%...

D (3289) mbedtls: ssl_misc.h:1295 0x3ffb68d4: handshake state: 4 (MBEDTLS_SSL_SERVER_KEY_EXCHANGE) -> 5 (MBEDTLS_SSL_CERTIFICATE_REQUEST)

I (3289) mbedtls: ssl_tls12_client.c:2118 0x3ffb68d4: <= parse server key exchange

I (3289) mbedtls: ssl_msg.c:2063 0x3ffb68d4: => flush output

I (3289) mbedtls: ssl_msg.c:2072 0x3ffb68d4: <= flush output

I (3289) mbedtls: ssl_tls.c:4201 0x3ffb68d4: client state: MBEDTLS_SSL_CERTIFICATE_REQUEST

I (3289) mbedtls: ssl_tls12_client.c:2157 0x3ffb68d4: => parse certificate request

I (3289) mbedtls: ssl_msg.c:4040 0x3ffb68d4: => read record

I (3289) mbedtls: ssl_msg.c:1865 0x3ffb68d4: => fetch input

I (3289) mbedtls: ssl_msg.c:2005 0x3ffb68d4: in_left: 0, nb_want: 5

I (3289) mbedtls: ssl_msg.c:2025 0x3ffb68d4: in_left: 0, nb_want: 5

I (3289) mbedtls: ssl_msg.c:2028 0x3ffb68d4: ssl->f_recv(_timeout)() returned 5 (-0xfffffffb)

I (3289) mbedtls: ssl_msg.c:2050 0x3ffb68d4: <= fetch input

D (3289) mbedtls: ssl_msg.c:3707 0x3ffb68d4: input record: msgtype = 22, version = [0x303], msglen = 4

I (3289) mbedtls: ssl_msg.c:1865 0x3ffb68d4: => fetch input

I (3289) mbedtls: ssl_msg.c:2005 0x3ffb68d4: in_left: 5, nb_want: 9

I (3289) mbedtls: ssl_msg.c:2025 0x3ffb68d4: in_left: 5, nb_want: 9

I (3289) mbedtls: ssl_msg.c:2028 0x3ffb68d4: ssl->f_recv(_timeout)() returned 4 (-0xfffffffc)

I (3289) mbedtls: ssl_msg.c:2050 0x3ffb68d4: <= fetch input

D (3289) mbedtls: ssl_msg.c:2948 0x3ffb68d4: handshake message: msglen = 4, type = 14, hslen = 4

D (3289) mbedtls: ssl_msg.c:3085 0x3ffb68d4: sole handshake fragment: 4, 0..4 of 4

I (3289) mbedtls: ssl_msg.c:4112 0x3ffb68d4: <= read record

D (3289) mbedtls: ssl_misc.h:1295 0x3ffb68d4: handshake state: 5 (MBEDTLS_SSL_CERTIFICATE_REQUEST) -> 6 (MBEDTLS_SSL_SERVER_HELLO_DONE)

D (3289) mbedtls: ssl_tls12_client.c:2183 0x3ffb68d4: got no certificate request

I (3289) mbedtls: ssl_tls12_client.c:2319 0x3ffb68d4: <= parse certificate request

I (3289) mbedtls: ssl_msg.c:2063 0x3ffb68d4: => flush output

I (3289) mbedtls: ssl_msg.c:2072 0x3ffb68d4: <= flush output

I (3289) mbedtls: ssl_tls.c:4201 0x3ffb68d4: client state: MBEDTLS_SSL_SERVER_HELLO_DONE

I (3289) mbedtls: ssl_tls12_client.c:2330 0x3ffb68d4: => parse server hello done

I (3289) mbedtls: ssl_msg.c:4040 0x3ffb68d4: => read record

I (3289) mbedtls: ssl_msg.c:4108 0x3ffb68d4: reuse previously read message

I (3289) mbedtls: ssl_msg.c:4112 0x3ffb68d4: <= read record

D (3289) mbedtls: ssl_misc.h:1295 0x3ffb68d4: handshake state: 6 (MBEDTLS_SSL_SERVER_HELLO_DONE) -> 7 (MBEDTLS_SSL_CLIENT_CERTIFICATE)

I (3289) mbedtls: ssl_tls12_client.c:2358 0x3ffb68d4: <= parse server hello done

I (3289) mbedtls: ssl_msg.c:2063 0x3ffb68d4: => flush output

I (3289) mbedtls: ssl_msg.c:2072 0x3ffb68d4: <= flush output

I (3289) mbedtls: ssl_tls.c:4201 0x3ffb68d4: client state: MBEDTLS_SSL_CLIENT_CERTIFICATE

I (3289) mbedtls: ssl_tls.c:6675 0x3ffb68d4: => write certificate

I (3289) mbedtls: ssl_tls.c:6686 0x3ffb68d4: <= skip write certificate

D (3289) mbedtls: ssl_misc.h:1295 0x3ffb68d4: handshake state: 7 (MBEDTLS_SSL_CLIENT_CERTIFICATE) -> 8 (MBEDTLS_SSL_CLIENT_KEY_EXCHANGE)

I (3289) mbedtls: ssl_msg.c:2063 0x3ffb68d4: => flush output

I (3289) mbedtls: ssl_msg.c:2072 0x3ffb68d4: <= flush output

I (3289) mbedtls: ssl_tls.c:4201 0x3ffb68d4: client state: MBEDTLS_SSL_CLIENT_KEY_EXCHANGE

I (3289) mbedtls: ssl_tls12_client.c:2373 0x3ffb68d4: => write client key exchange

D (3289) mbedtls: ssl_tls12_client.c:2387 0x3ffb68d4: Perform PSA-based ECDH computation.

[mem-tick] t=    1665 ms phase=handshake    free=197768
[mem-tick] t=    1765 ms phase=handshake    free=197436
D (3439) mbedtls: ssl_misc.h:1295 0x3ffb68d4: handshake state: 8 (MBEDTLS_SSL_CLIENT_KEY_EXCHANGE) -> 9 (MBEDTLS_SSL_CERTIFICATE_VERIFY)

I (3439) mbedtls: ssl_msg.c:2494 0x3ffb68d4: => write handshake message

I (3439) mbedtls: ssl_msg.c:2654 0x3ffb68d4: => write record

D (3439) mbedtls: ssl_msg.c:2737 0x3ffb68d4: output record: msgtype = 22, version = [3:3], msglen = 37

I (3439) mbedtls: ssl_msg.c:2063 0x3ffb68d4: => flush output

I (3439) mbedtls: ssl_msg.c:2077 0x3ffb68d4: message length: 42, out_left: 42

I (3439) mbedtls: ssl_msg.c:2084 0x3ffb68d4: ssl->f_send() returned 42 (-0xffffffd6)

I (3439) mbedtls: ssl_msg.c:2111 0x3ffb68d4: <= flush output

I (3439) mbedtls: ssl_msg.c:2790 0x3ffb68d4: <= write record

I (3439) mbedtls: ssl_msg.c:2615 0x3ffb68d4: <= write handshake message

I (3439) mbedtls: ssl_tls12_client.c:2653 0x3ffb68d4: <= write client key exchange

I (3439) mbedtls: ssl_msg.c:2063 0x3ffb68d4: => flush output

I (3439) mbedtls: ssl_msg.c:2072 0x3ffb68d4: <= flush output

I (3439) mbedtls: ssl_tls.c:4201 0x3ffb68d4: client state: MBEDTLS_SSL_CERTIFICATE_VERIFY

I (3439) mbedtls: ssl_tls12_client.c:2701 0x3ffb68d4: => write certificate verify

I (3439) mbedtls: ssl_tls.c:6466 0x3ffb68d4: => derive keys

I (3439) mbedtls: ssl_tls.c:6557 0x3ffb68d4: => PSA calc verify

D (3439) mbedtls: ssl_tls.c:6568 0x3ffb68d4: dumping 'PSA calculated verify result' (48 bytes)

D (3439) mbedtls: ssl_tls.c:6568 0x3ffb68d4: 0000:  69 1b 3c ea d3 51 15 d4 af 1a d3 3a 60 14 00 ef  i.<..Q.....:`...

D (3439) mbedtls: ssl_tls.c:6568 0x3ffb68d4: 0010:  83 41 bb da 80 55 f1 51 4f 0e 30 82 62 87 40 f5  .A...U.QO.0.b.@.

D (3439) mbedtls: ssl_tls.c:6568 0x3ffb68d4: 0020:  8c 6a 0f 9d 5b 08 d3 60 3b d7 ec a7 e8 7f cb cc  .j..[..`;.......

I (3439) mbedtls: ssl_tls.c:6569 0x3ffb68d4: <= PSA calc verify

D (3439) mbedtls: ssl_tls.c:6308 0x3ffb68d4: dumping 'session hash for extended master secret' (48 bytes)

D (3439) mbedtls: ssl_tls.c:6308 0x3ffb68d4: 0000:  69 1b 3c ea d3 51 15 d4 af 1a d3 3a 60 14 00 ef  i.<..Q.....:`...

D (3439) mbedtls: ssl_tls.c:6308 0x3ffb68d4: 0010:  83 41 bb da 80 55 f1 51 4f 0e 30 82 62 87 40 f5  .A...U.QO.0.b.@.

D (3439) mbedtls: ssl_tls.c:6308 0x3ffb68d4: 0020:  8c 6a 0f 9d 5b 08 d3 60 3b d7 ec a7 e8 7f cb cc  .j..[..`;.......

D (3439) mbedtls: ssl_tls.c:6449 0x3ffb68d4: dumping 'premaster secret' (32 bytes)

D (3439) mbedtls: ssl_tls.c:6449 0x3ffb68d4: 0000:  70 0f f7 70 db a8 53 1e ff ba 31 88 cd a4 7b d4  p..p..S...1...{.

D (3439) mbedtls: ssl_tls.c:6449 0x3ffb68d4: 0010:  05 e7 19 ba 77 77 86 f6 8f f5 96 75 b2 9e 44 7b  ....ww.....u..D{

D (3439) mbedtls: ssl_tls.c:7762 0x3ffb68d4: ciphersuite = TLS-ECDHE-RSA-WITH-AES-256-GCM-SHA384

D (3439) mbedtls: ssl_tls.c:7764 0x3ffb68d4: dumping 'master secret' (48 bytes)

D (3439) mbedtls: ssl_tls.c:7764 0x3ffb68d4: 0000:  a0 9c bc 70 e5 ed 9d 63 4c fe 74 a5 16 6f 2b 95  ...p...cL.t..o+.

D (3449) mbedtls: ssl_tls.c:7764 0x3ffb68d4: 0010:  ed ea 64 eb 80 fb 5d a4 a2 da 3b 0d e9 06 fd cd  ..d...]...;.....

D (3449) mbedtls: ssl_tls.c:7764 0x3ffb68d4: 0020:  9b a8 31 80 65 bf 88 9c 5a 78 2f 85 58 1c e2 6c  ..1.e...Zx/.X..l

D (3449) mbedtls: ssl_tls.c:7855 0x3ffb68d4: keylen: 32, minlen: 24, ivlen: 12, maclen: 0

I (3449) mbedtls: ssl_tls.c:6517 0x3ffb68d4: <= derive keys

I (3449) mbedtls: ssl_tls12_client.c:2723 0x3ffb68d4: <= skip write certificate verify

D (3449) mbedtls: ssl_misc.h:1295 0x3ffb68d4: handshake state: 9 (MBEDTLS_SSL_CERTIFICATE_VERIFY) -> 10 (MBEDTLS_SSL_CLIENT_CHANGE_CIPHER_SPEC)

I (3449) mbedtls: ssl_msg.c:2063 0x3ffb68d4: => flush output

I (3449) mbedtls: ssl_msg.c:2072 0x3ffb68d4: <= flush output

I (3449) mbedtls: ssl_tls.c:4201 0x3ffb68d4: client state: MBEDTLS_SSL_CLIENT_CHANGE_CIPHER_SPEC

I (3449) mbedtls: ssl_msg.c:5087 0x3ffb68d4: => write change cipher spec

D (3449) mbedtls: ssl_misc.h:1295 0x3ffb68d4: handshake state: 10 (MBEDTLS_SSL_CLIENT_CHANGE_CIPHER_SPEC) -> 11 (MBEDTLS_SSL_CLIENT_FINISHED)

I (3449) mbedtls: ssl_msg.c:2494 0x3ffb68d4: => write handshake message

I (3449) mbedtls: ssl_msg.c:2654 0x3ffb68d4: => write record

D (3449) mbedtls: ssl_msg.c:2737 0x3ffb68d4: output record: msgtype = 20, version = [3:3], msglen = 1

I (3449) mbedtls: ssl_msg.c:2063 0x3ffb68d4: => flush output

I (3449) mbedtls: ssl_msg.c:2077 0x3ffb68d4: message length: 6, out_left: 6

I (3449) mbedtls: ssl_msg.c:2084 0x3ffb68d4: ssl->f_send() returned 6 (-0xfffffffa)

I (3449) mbedtls: ssl_msg.c:2111 0x3ffb68d4: <= flush output

I (3449) mbedtls: ssl_msg.c:2790 0x3ffb68d4: <= write record

I (3449) mbedtls: ssl_msg.c:2615 0x3ffb68d4: <= write handshake message

I (3449) mbedtls: ssl_msg.c:5100 0x3ffb68d4: <= write change cipher spec

I (3449) mbedtls: ssl_msg.c:2063 0x3ffb68d4: => flush output

I (3449) mbedtls: ssl_msg.c:2072 0x3ffb68d4: <= flush output

I (3449) mbedtls: ssl_tls.c:4201 0x3ffb68d4: client state: MBEDTLS_SSL_CLIENT_FINISHED

I (3449) mbedtls: ssl_tls.c:7384 0x3ffb68d4: => write finished

I (3449) mbedtls: ssl_tls.c:7235 0x3ffb68d4: => calc PSA finished tls

D (3449) mbedtls: ssl_tls.c:7246 0x3ffb68d4: dumping 'PSA calculated padbuf' (48 bytes)

D (3449) mbedtls: ssl_tls.c:7246 0x3ffb68d4: 0000:  69 1b 3c ea d3 51 15 d4 af 1a d3 3a 60 14 00 ef  i.<..Q.....:`...

D (3449) mbedtls: ssl_tls.c:7246 0x3ffb68d4: 0010:  83 41 bb da 80 55 f1 51 4f 0e 30 82 62 87 40 f5  .A...U.QO.0.b.@.

D (3449) mbedtls: ssl_tls.c:7246 0x3ffb68d4: 0020:  8c 6a 0f 9d 5b 08 d3 60 3b d7 ec a7 e8 7f cb cc  .j..[..`;.......

D (3449) mbedtls: ssl_tls.c:7258 0x3ffb68d4: dumping 'calc finished result' (12 bytes)

D (3449) mbedtls: ssl_tls.c:7258 0x3ffb68d4: 0000:  ca f3 78 a9 1e 0d e7 65 e1 bf 98 11              ..x....e....

I (3449) mbedtls: ssl_tls.c:7262 0x3ffb68d4: <= calc finished

D (3449) mbedtls: ssl_misc.h:1295 0x3ffb68d4: handshake state: 11 (MBEDTLS_SSL_CLIENT_FINISHED) -> 12 (MBEDTLS_SSL_SERVER_CHANGE_CIPHER_SPEC)

D (3449) mbedtls: ssl_tls.c:7434 0x3ffb68d4: switching to new transform spec for outbound data

I (3449) mbedtls: ssl_msg.c:2494 0x3ffb68d4: => write handshake message

I (3449) mbedtls: ssl_msg.c:2654 0x3ffb68d4: => write record

I (3449) mbedtls: ssl_msg.c:808 0x3ffb68d4: => encrypt buf

D (3449) mbedtls: ssl_msg.c:1036 0x3ffb68d4: before encrypt: msglen = 16, including 0 bytes of padding

I (3449) mbedtls: ssl_msg.c:1265 0x3ffb68d4: <= encrypt buf

D (3449) mbedtls: ssl_msg.c:2737 0x3ffb68d4: output record: msgtype = 22, version = [3:3], msglen = 40

I (3449) mbedtls: ssl_msg.c:2063 0x3ffb68d4: => flush output

I (3449) mbedtls: ssl_msg.c:2077 0x3ffb68d4: message length: 45, out_left: 45

I (3449) mbedtls: ssl_msg.c:2084 0x3ffb68d4: ssl->f_send() returned 45 (-0xffffffd3)

I (3449) mbedtls: ssl_msg.c:2111 0x3ffb68d4: <= flush output

I (3449) mbedtls: ssl_msg.c:2790 0x3ffb68d4: <= write record

I (3459) mbedtls: ssl_msg.c:2615 0x3ffb68d4: <= write handshake message

I (3459) mbedtls: ssl_tls.c:7487 0x3ffb68d4: <= write finished

I (3459) mbedtls: ssl_msg.c:2063 0x3ffb68d4: => flush output

I (3459) mbedtls: ssl_msg.c:2072 0x3ffb68d4: <= flush output

I (3459) mbedtls: ssl_tls.c:4201 0x3ffb68d4: client state: MBEDTLS_SSL_SERVER_CHANGE_CIPHER_SPEC

D (3459) mbedtls: ssl_misc.h:1295 0x3ffb68d4: handshake state: 12 (MBEDTLS_SSL_SERVER_CHANGE_CIPHER_SPEC) -> 16 (MBEDTLS_SSL_NEW_SESSION_TICKET)

I (3459) mbedtls: ssl_tls12_client.c:2829 0x3ffb68d4: => parse new session ticket

I (3459) mbedtls: ssl_msg.c:4040 0x3ffb68d4: => read record

I (3459) mbedtls: ssl_msg.c:1865 0x3ffb68d4: => fetch input

I (3459) mbedtls: ssl_msg.c:2005 0x3ffb68d4: in_left: 0, nb_want: 5

I (3459) mbedtls: ssl_msg.c:2025 0x3ffb68d4: in_left: 0, nb_want: 5

I (3459) mbedtls: ssl_msg.c:2028 0x3ffb68d4: ssl->f_recv(_timeout)() returned 5 (-0xfffffffb)

I (3459) mbedtls: ssl_msg.c:2050 0x3ffb68d4: <= fetch input

D (3459) mbedtls: ssl_msg.c:3707 0x3ffb68d4: input record: msgtype = 22, version = [0x303], msglen = 186

I (3459) mbedtls: ssl_msg.c:1865 0x3ffb68d4: => fetch input

I (3459) mbedtls: ssl_msg.c:2005 0x3ffb68d4: in_left: 5, nb_want: 191

I (3459) mbedtls: ssl_msg.c:2025 0x3ffb68d4: in_left: 5, nb_want: 191

I (3459) mbedtls: ssl_msg.c:2028 0x3ffb68d4: ssl->f_recv(_timeout)() returned 186 (-0xffffff46)

I (3459) mbedtls: ssl_msg.c:2050 0x3ffb68d4: <= fetch input

D (3459) mbedtls: ssl_msg.c:2948 0x3ffb68d4: handshake message: msglen = 186, type = 4, hslen = 186

D (3459) mbedtls: ssl_msg.c:3085 0x3ffb68d4: sole handshake fragment: 186, 0..186 of 186

I (3459) mbedtls: ssl_msg.c:4112 0x3ffb68d4: <= read record

D (3459) mbedtls: ssl_tls12_client.c:2876 0x3ffb68d4: ticket length: 176

D (3459) mbedtls: ssl_misc.h:1295 0x3ffb68d4: handshake state: 16 (MBEDTLS_SSL_NEW_SESSION_TICKET) -> 12 (MBEDTLS_SSL_SERVER_CHANGE_CIPHER_SPEC)

D (3459) mbedtls: ssl_tls12_client.c:2920 0x3ffb68d4: ticket in use, discarding session id

I (3459) mbedtls: ssl_tls12_client.c:2923 0x3ffb68d4: <= parse new session ticket

I (3459) mbedtls: ssl_msg.c:2063 0x3ffb68d4: => flush output

I (3459) mbedtls: ssl_msg.c:2072 0x3ffb68d4: <= flush output

I (3459) mbedtls: ssl_tls.c:4201 0x3ffb68d4: client state: MBEDTLS_SSL_SERVER_CHANGE_CIPHER_SPEC

I (3459) mbedtls: ssl_msg.c:5109 0x3ffb68d4: => parse change cipher spec

I (3459) mbedtls: ssl_msg.c:4040 0x3ffb68d4: => read record

I (3459) mbedtls: ssl_msg.c:1865 0x3ffb68d4: => fetch input

I (3459) mbedtls: ssl_msg.c:2005 0x3ffb68d4: in_left: 0, nb_want: 5

I (3459) mbedtls: ssl_msg.c:2025 0x3ffb68d4: in_left: 0, nb_want: 5

I (3459) mbedtls: ssl_msg.c:2028 0x3ffb68d4: ssl->f_recv(_timeout)() returned 5 (-0xfffffffb)

I (3459) mbedtls: ssl_msg.c:2050 0x3ffb68d4: <= fetch input

D (3459) mbedtls: ssl_msg.c:3707 0x3ffb68d4: input record: msgtype = 20, version = [0x303], msglen = 1

I (3459) mbedtls: ssl_msg.c:1865 0x3ffb68d4: => fetch input

I (3459) mbedtls: ssl_msg.c:2005 0x3ffb68d4: in_left: 5, nb_want: 6

I (3459) mbedtls: ssl_msg.c:2025 0x3ffb68d4: in_left: 5, nb_want: 6

I (3459) mbedtls: ssl_msg.c:2028 0x3ffb68d4: ssl->f_recv(_timeout)() returned 1 (-0xffffffff)

I (3459) mbedtls: ssl_msg.c:2050 0x3ffb68d4: <= fetch input

I (3459) mbedtls: ssl_msg.c:4112 0x3ffb68d4: <= read record

D (3459) mbedtls: ssl_msg.c:5130 0x3ffb68d4: switching to new transform spec for inbound data

D (3459) mbedtls: ssl_misc.h:1295 0x3ffb68d4: handshake state: 12 (MBEDTLS_SSL_SERVER_CHANGE_CIPHER_SPEC) -> 13 (MBEDTLS_SSL_SERVER_FINISHED)

I (3459) mbedtls: ssl_msg.c:5157 0x3ffb68d4: <= parse change cipher spec

I (3459) mbedtls: ssl_msg.c:2063 0x3ffb68d4: => flush output

I (3459) mbedtls: ssl_msg.c:2072 0x3ffb68d4: <= flush output

I (3459) mbedtls: ssl_tls.c:4201 0x3ffb68d4: client state: MBEDTLS_SSL_SERVER_FINISHED

I (3459) mbedtls: ssl_tls.c:7500 0x3ffb68d4: => parse finished

I (3459) mbedtls: ssl_tls.c:7235 0x3ffb68d4: => calc PSA finished tls

D (3459) mbedtls: ssl_tls.c:7246 0x3ffb68d4: dumping 'PSA calculated padbuf' (48 bytes)

D (3459) mbedtls: ssl_tls.c:7246 0x3ffb68d4: 0000:  c6 aa b3 1f f5 39 86 e0 ee fc cd 6e a8 3e 35 15  .....9.....n.>5.

D (3459) mbedtls: ssl_tls.c:7246 0x3ffb68d4: 0010:  c3 38 c9 38 00 ec d7 0c 8e d8 51 eb 50 b7 43 b4  .8.8......Q.P.C.

D (3459) mbedtls: ssl_tls.c:7246 0x3ffb68d4: 0020:  89 12 83 e1 ec 8e 90 9d 26 0d b2 9b 14 1e d0 e5  ........&.......

D (3459) mbedtls: ssl_tls.c:7258 0x3ffb68d4: dumping 'calc finished result' (12 bytes)

D (3459) mbedtls: ssl_tls.c:7258 0x3ffb68d4: 0000:  eb 4a 19 8a 39 b8 65 b2 b4 fd 8a 79              .J..9.e....y

I (3459) mbedtls: ssl_tls.c:7262 0x3ffb68d4: <= calc finished

I (3459) mbedtls: ssl_msg.c:4040 0x3ffb68d4: => read record

I (3459) mbedtls: ssl_msg.c:1865 0x3ffb68d4: => fetch input

I (3459) mbedtls: ssl_msg.c:2005 0x3ffb68d4: in_left: 0, nb_want: 5

I (3459) mbedtls: ssl_msg.c:2025 0x3ffb68d4: in_left: 0, nb_want: 5

I (3459) mbedtls: ssl_msg.c:2028 0x3ffb68d4: ssl->f_recv(_timeout)() returned 5 (-0xfffffffb)

I (3459) mbedtls: ssl_msg.c:2050 0x3ffb68d4: <= fetch input

D (3459) mbedtls: ssl_msg.c:3707 0x3ffb68d4: input record: msgtype = 22, version = [0x303], msglen = 40

I (3469) mbedtls: ssl_msg.c:1865 0x3ffb68d4: => fetch input

I (3469) mbedtls: ssl_msg.c:2005 0x3ffb68d4: in_left: 5, nb_want: 45

I (3469) mbedtls: ssl_msg.c:2025 0x3ffb68d4: in_left: 5, nb_want: 45

I (3469) mbedtls: ssl_msg.c:2028 0x3ffb68d4: ssl->f_recv(_timeout)() returned 40 (-0xffffffd8)

I (3469) mbedtls: ssl_msg.c:2050 0x3ffb68d4: <= fetch input

I (3469) mbedtls: ssl_msg.c:1301 0x3ffb68d4: => decrypt buf

I (3469) mbedtls: ssl_msg.c:1831 0x3ffb68d4: <= decrypt buf

D (3469) mbedtls: ssl_msg.c:2948 0x3ffb68d4: handshake message: msglen = 16, type = 20, hslen = 16

D (3469) mbedtls: ssl_msg.c:3085 0x3ffb68d4: sole handshake fragment: 16, 0..16 of 16

I (3469) mbedtls: ssl_msg.c:4112 0x3ffb68d4: <= read record

D (3469) mbedtls: ssl_misc.h:1295 0x3ffb68d4: handshake state: 13 (MBEDTLS_SSL_SERVER_FINISHED) -> 14 (MBEDTLS_SSL_FLUSH_BUFFERS)

I (3469) mbedtls: ssl_tls.c:7571 0x3ffb68d4: <= parse finished

I (3469) mbedtls: ssl_msg.c:2063 0x3ffb68d4: => flush output

I (3469) mbedtls: ssl_msg.c:2072 0x3ffb68d4: <= flush output

I (3469) mbedtls: ssl_tls.c:4201 0x3ffb68d4: client state: MBEDTLS_SSL_FLUSH_BUFFERS

I (3469) mbedtls: ssl_tls12_client.c:3031 0x3ffb68d4: handshake: done

D (3469) mbedtls: ssl_misc.h:1295 0x3ffb68d4: handshake state: 14 (MBEDTLS_SSL_FLUSH_BUFFERS) -> 15 (MBEDTLS_SSL_HANDSHAKE_WRAPUP)

I (3469) mbedtls: ssl_msg.c:2063 0x3ffb68d4: => flush output

I (3469) mbedtls: ssl_msg.c:2072 0x3ffb68d4: <= flush output

I (3469) mbedtls: ssl_tls.c:4201 0x3ffb68d4: client state: MBEDTLS_SSL_HANDSHAKE_WRAPUP

D (3469) mbedtls: ssl_tls.c:7322 0x3ffb68d4: => handshake wrapup

D (3469) mbedtls: ssl_tls.c:7296 0x3ffb68d4: => handshake wrapup: final free

D (3469) mbedtls: ssl_tls.c:7315 0x3ffb68d4: <= handshake wrapup: final free

D (3469) mbedtls: ssl_misc.h:1295 0x3ffb68d4: handshake state: 15 (MBEDTLS_SSL_HANDSHAKE_WRAPUP) -> 27 (MBEDTLS_SSL_HANDSHAKE_OVER)

D (3469) mbedtls: ssl_tls.c:7376 0x3ffb68d4: <= handshake wrapup

I (3469) mbedtls: ssl_tls.c:4293 0x3ffb68d4: <= handshake

[phase-a] tcp_connect=1693 us | tls_handshake=271637 us | total=273330 us
[neg] version=TLSv1.2 suite=TLS-ECDHE-RSA-WITH-AES-256-GCM-SHA384 peer_cert=0 bytes
[mem] post-handshake         free=200984 largest=110592 min-ever=191260
[ledger] HANDSHAKE_PEAK_DELTA(RSA) = 33068 bytes (min-ever 224328 -> 191260)
I (3469) mbedtls: ssl_msg.c:5925 0x3ffb68d4: => write

I (3469) mbedtls: ssl_msg.c:2654 0x3ffb68d4: => write record

I (3469) mbedtls: ssl_msg.c:808 0x3ffb68d4: => encrypt buf

D (3469) mbedtls: ssl_msg.c:1036 0x3ffb68d4: before encrypt: msglen = 14, including 0 bytes of padding

I (3469) mbedtls: ssl_msg.c:1265 0x3ffb68d4: <= encrypt buf

D (3469) mbedtls: ssl_msg.c:2737 0x3ffb68d4: output record: msgtype = 23, version = [3:3], msglen = 38

I (3469) mbedtls: ssl_msg.c:2063 0x3ffb68d4: => flush output

I (3469) mbedtls: ssl_msg.c:2077 0x3ffb68d4: message length: 43, out_left: 43

I (3469) mbedtls: ssl_msg.c:2084 0x3ffb68d4: ssl->f_send() returned 43 (-0xffffffd5)

I (3469) mbedtls: ssl_msg.c:2111 0x3ffb68d4: <= flush output

I (3469) mbedtls: ssl_msg.c:2790 0x3ffb68d4: <= write record

I (3469) mbedtls: ssl_msg.c:5947 0x3ffb68d4: <= write

I (3469) mbedtls: ssl_msg.c:5663 0x3ffb68d4: => read

I (3469) mbedtls: ssl_msg.c:4040 0x3ffb68d4: => read record

I (3469) mbedtls: ssl_msg.c:1865 0x3ffb68d4: => fetch input

I (3469) mbedtls: ssl_msg.c:2005 0x3ffb68d4: in_left: 0, nb_want: 5

I (3469) mbedtls: ssl_msg.c:2025 0x3ffb68d4: in_left: 0, nb_want: 5

I (3469) mbedtls: ssl_msg.c:2028 0x3ffb68d4: ssl->f_recv(_timeout)() returned 5 (-0xfffffffb)

I (3469) mbedtls: ssl_msg.c:2050 0x3ffb68d4: <= fetch input

D (3469) mbedtls: ssl_msg.c:3707 0x3ffb68d4: input record: msgtype = 23, version = [0x303], msglen = 38

I (3469) mbedtls: ssl_msg.c:1865 0x3ffb68d4: => fetch input

I (3469) mbedtls: ssl_msg.c:2005 0x3ffb68d4: in_left: 5, nb_want: 43

I (3469) mbedtls: ssl_msg.c:2025 0x3ffb68d4: in_left: 5, nb_want: 43

I (3469) mbedtls: ssl_msg.c:2028 0x3ffb68d4: ssl->f_recv(_timeout)() returned 38 (-0xffffffda)

I (3469) mbedtls: ssl_msg.c:2050 0x3ffb68d4: <= fetch input

I (3469) mbedtls: ssl_msg.c:1301 0x3ffb68d4: => decrypt buf

I (3479) mbedtls: ssl_msg.c:1831 0x3ffb68d4: <= decrypt buf

I (3479) mbedtls: ssl_msg.c:4112 0x3ffb68d4: <= read record

I (3479) mbedtls: ssl_msg.c:5823 0x3ffb68d4: <= read

[phase-a] app-echo #0 rtt=5202 us payload=14 B
I (3479) mbedtls: ssl_msg.c:5925 0x3ffb68d4: => write

I (3479) mbedtls: ssl_msg.c:2654 0x3ffb68d4: => write record

I (3479) mbedtls: ssl_msg.c:808 0x3ffb68d4: => encrypt buf

D (3479) mbedtls: ssl_msg.c:1036 0x3ffb68d4: before encrypt: msglen = 14, including 0 bytes of padding

I (3479) mbedtls: ssl_msg.c:1265 0x3ffb68d4: <= encrypt buf

D (3479) mbedtls: ssl_msg.c:2737 0x3ffb68d4: output record: msgtype = 23, version = [3:3], msglen = 38

I (3479) mbedtls: ssl_msg.c:2063 0x3ffb68d4: => flush output

I (3479) mbedtls: ssl_msg.c:2077 0x3ffb68d4: message length: 43, out_left: 43

I (3479) mbedtls: ssl_msg.c:2084 0x3ffb68d4: ssl->f_send() returned 43 (-0xffffffd5)

I (3479) mbedtls: ssl_msg.c:2111 0x3ffb68d4: <= flush output

I (3479) mbedtls: ssl_msg.c:2790 0x3ffb68d4: <= write record

I (3479) mbedtls: ssl_msg.c:5947 0x3ffb68d4: <= write

I (3479) mbedtls: ssl_msg.c:5663 0x3ffb68d4: => read

I (3479) mbedtls: ssl_msg.c:4040 0x3ffb68d4: => read record

I (3479) mbedtls: ssl_msg.c:1865 0x3ffb68d4: => fetch input

I (3479) mbedtls: ssl_msg.c:2005 0x3ffb68d4: in_left: 0, nb_want: 5

I (3479) mbedtls: ssl_msg.c:2025 0x3ffb68d4: in_left: 0, nb_want: 5

I (3479) mbedtls: ssl_msg.c:2028 0x3ffb68d4: ssl->f_recv(_timeout)() returned 5 (-0xfffffffb)

I (3479) mbedtls: ssl_msg.c:2050 0x3ffb68d4: <= fetch input

D (3479) mbedtls: ssl_msg.c:3707 0x3ffb68d4: input record: msgtype = 23, version = [0x303], msglen = 38

I (3479) mbedtls: ssl_msg.c:1865 0x3ffb68d4: => fetch input

I (3479) mbedtls: ssl_msg.c:2005 0x3ffb68d4: in_left: 5, nb_want: 43

I (3479) mbedtls: ssl_msg.c:2025 0x3ffb68d4: in_left: 5, nb_want: 43

I (3479) mbedtls: ssl_msg.c:2028 0x3ffb68d4: ssl->f_recv(_timeout)() returned 38 (-0xffffffda)

I (3479) mbedtls: ssl_msg.c:2050 0x3ffb68d4: <= fetch input

I (3479) mbedtls: ssl_msg.c:1301 0x3ffb68d4: => decrypt buf

I (3479) mbedtls: ssl_msg.c:1831 0x3ffb68d4: <= decrypt buf

I (3479) mbedtls: ssl_msg.c:4112 0x3ffb68d4: <= read record

I (3489) mbedtls: ssl_msg.c:5823 0x3ffb68d4: <= read

[phase-a] app-echo #1 rtt=10009 us payload=14 B
I (3489) mbedtls: ssl_msg.c:5925 0x3ffb68d4: => write

I (3489) mbedtls: ssl_msg.c:2654 0x3ffb68d4: => write record

I (3489) mbedtls: ssl_msg.c:808 0x3ffb68d4: => encrypt buf

D (3489) mbedtls: ssl_msg.c:1036 0x3ffb68d4: before encrypt: msglen = 14, including 0 bytes of padding

I (3489) mbedtls: ssl_msg.c:1265 0x3ffb68d4: <= encrypt buf

D (3489) mbedtls: ssl_msg.c:2737 0x3ffb68d4: output record: msgtype = 23, version = [3:3], msglen = 38

I (3489) mbedtls: ssl_msg.c:2063 0x3ffb68d4: => flush output

I (3489) mbedtls: ssl_msg.c:2077 0x3ffb68d4: message length: 43, out_left: 43

I (3489) mbedtls: ssl_msg.c:2084 0x3ffb68d4: ssl->f_send() returned 43 (-0xffffffd5)

I (3489) mbedtls: ssl_msg.c:2111 0x3ffb68d4: <= flush output

I (3489) mbedtls: ssl_msg.c:2790 0x3ffb68d4: <= write record

I (3489) mbedtls: ssl_msg.c:5947 0x3ffb68d4: <= write

I (3489) mbedtls: ssl_msg.c:5663 0x3ffb68d4: => read

I (3489) mbedtls: ssl_msg.c:4040 0x3ffb68d4: => read record

I (3489) mbedtls: ssl_msg.c:1865 0x3ffb68d4: => fetch input

I (3489) mbedtls: ssl_msg.c:2005 0x3ffb68d4: in_left: 0, nb_want: 5

I (3489) mbedtls: ssl_msg.c:2025 0x3ffb68d4: in_left: 0, nb_want: 5

I (3489) mbedtls: ssl_msg.c:2028 0x3ffb68d4: ssl->f_recv(_timeout)() returned 5 (-0xfffffffb)

I (3489) mbedtls: ssl_msg.c:2050 0x3ffb68d4: <= fetch input

D (3489) mbedtls: ssl_msg.c:3707 0x3ffb68d4: input record: msgtype = 23, version = [0x303], msglen = 38

I (3489) mbedtls: ssl_msg.c:1865 0x3ffb68d4: => fetch input

I (3489) mbedtls: ssl_msg.c:2005 0x3ffb68d4: in_left: 5, nb_want: 43

I (3489) mbedtls: ssl_msg.c:2025 0x3ffb68d4: in_left: 5, nb_want: 43

I (3489) mbedtls: ssl_msg.c:2028 0x3ffb68d4: ssl->f_recv(_timeout)() returned 38 (-0xffffffda)

I (3489) mbedtls: ssl_msg.c:2050 0x3ffb68d4: <= fetch input

I (3489) mbedtls: ssl_msg.c:1301 0x3ffb68d4: => decrypt buf

I (3489) mbedtls: ssl_msg.c:1831 0x3ffb68d4: <= decrypt buf

I (3489) mbedtls: ssl_msg.c:4112 0x3ffb68d4: <= read record

I (3489) mbedtls: ssl_msg.c:5823 0x3ffb68d4: <= read

[phase-a] app-echo #2 rtt=6939 us payload=14 B
I (3489) mbedtls: ssl_msg.c:5925 0x3ffb68d4: => write

I (3489) mbedtls: ssl_msg.c:2654 0x3ffb68d4: => write record

I (3489) mbedtls: ssl_msg.c:808 0x3ffb68d4: => encrypt buf

D (3489) mbedtls: ssl_msg.c:1036 0x3ffb68d4: before encrypt: msglen = 14, including 0 bytes of padding

I (3489) mbedtls: ssl_msg.c:1265 0x3ffb68d4: <= encrypt buf

D (3489) mbedtls: ssl_msg.c:2737 0x3ffb68d4: output record: msgtype = 23, version = [3:3], msglen = 38

I (3489) mbedtls: ssl_msg.c:2063 0x3ffb68d4: => flush output

I (3489) mbedtls: ssl_msg.c:2077 0x3ffb68d4: message length: 43, out_left: 43

I (3489) mbedtls: ssl_msg.c:2084 0x3ffb68d4: ssl->f_send() returned 43 (-0xffffffd5)

I (3489) mbedtls: ssl_msg.c:2111 0x3ffb68d4: <= flush output

I (3499) mbedtls: ssl_msg.c:2790 0x3ffb68d4: <= write record

I (3499) mbedtls: ssl_msg.c:5947 0x3ffb68d4: <= write

[mem-tick] t=    1863 ms phase=session      free=199412
I (3499) mbedtls: ssl_msg.c:5663 0x3ffb68d4: => read

I (3499) mbedtls: ssl_msg.c:4040 0x3ffb68d4: => read record

I (3499) mbedtls: ssl_msg.c:1865 0x3ffb68d4: => fetch input

I (3499) mbedtls: ssl_msg.c:2005 0x3ffb68d4: in_left: 0, nb_want: 5

I (3499) mbedtls: ssl_msg.c:2025 0x3ffb68d4: in_left: 0, nb_want: 5

I (3499) mbedtls: ssl_msg.c:2028 0x3ffb68d4: ssl->f_recv(_timeout)() returned 5 (-0xfffffffb)

I (3499) mbedtls: ssl_msg.c:2050 0x3ffb68d4: <= fetch input

D (3499) mbedtls: ssl_msg.c:3707 0x3ffb68d4: input record: msgtype = 23, version = [0x303], msglen = 38

I (3499) mbedtls: ssl_msg.c:1865 0x3ffb68d4: => fetch input

I (3499) mbedtls: ssl_msg.c:2005 0x3ffb68d4: in_left: 5, nb_want: 43

I (3499) mbedtls: ssl_msg.c:2025 0x3ffb68d4: in_left: 5, nb_want: 43

I (3499) mbedtls: ssl_msg.c:2028 0x3ffb68d4: ssl->f_recv(_timeout)() returned 38 (-0xffffffda)

I (3499) mbedtls: ssl_msg.c:2050 0x3ffb68d4: <= fetch input

I (3499) mbedtls: ssl_msg.c:1301 0x3ffb68d4: => decrypt buf

I (3499) mbedtls: ssl_msg.c:1831 0x3ffb68d4: <= decrypt buf

I (3499) mbedtls: ssl_msg.c:4112 0x3ffb68d4: <= read record

I (3499) mbedtls: ssl_msg.c:5823 0x3ffb68d4: <= read

[phase-a] app-echo #3 rtt=5002 us payload=14 B
I (3499) mbedtls: ssl_msg.c:5925 0x3ffb68d4: => write

I (3499) mbedtls: ssl_msg.c:2654 0x3ffb68d4: => write record

I (3499) mbedtls: ssl_msg.c:808 0x3ffb68d4: => encrypt buf

D (3499) mbedtls: ssl_msg.c:1036 0x3ffb68d4: before encrypt: msglen = 14, including 0 bytes of padding

I (3499) mbedtls: ssl_msg.c:1265 0x3ffb68d4: <= encrypt buf

D (3499) mbedtls: ssl_msg.c:2737 0x3ffb68d4: output record: msgtype = 23, version = [3:3], msglen = 38

I (3499) mbedtls: ssl_msg.c:2063 0x3ffb68d4: => flush output

I (3499) mbedtls: ssl_msg.c:2077 0x3ffb68d4: message length: 43, out_left: 43

I (3499) mbedtls: ssl_msg.c:2084 0x3ffb68d4: ssl->f_send() returned 43 (-0xffffffd5)

I (3499) mbedtls: ssl_msg.c:2111 0x3ffb68d4: <= flush output

I (3499) mbedtls: ssl_msg.c:2790 0x3ffb68d4: <= write record

I (3499) mbedtls: ssl_msg.c:5947 0x3ffb68d4: <= write

I (3499) mbedtls: ssl_msg.c:5663 0x3ffb68d4: => read

I (3499) mbedtls: ssl_msg.c:4040 0x3ffb68d4: => read record

I (3499) mbedtls: ssl_msg.c:1865 0x3ffb68d4: => fetch input

I (3499) mbedtls: ssl_msg.c:2005 0x3ffb68d4: in_left: 0, nb_want: 5

I (3499) mbedtls: ssl_msg.c:2025 0x3ffb68d4: in_left: 0, nb_want: 5

I (3499) mbedtls: ssl_msg.c:2028 0x3ffb68d4: ssl->f_recv(_timeout)() returned 5 (-0xfffffffb)

I (3499) mbedtls: ssl_msg.c:2050 0x3ffb68d4: <= fetch input

D (3499) mbedtls: ssl_msg.c:3707 0x3ffb68d4: input record: msgtype = 23, version = [0x303], msglen = 38

I (3499) mbedtls: ssl_msg.c:1865 0x3ffb68d4: => fetch input

I (3499) mbedtls: ssl_msg.c:2005 0x3ffb68d4: in_left: 5, nb_want: 43

I (3499) mbedtls: ssl_msg.c:2025 0x3ffb68d4: in_left: 5, nb_want: 43

I (3499) mbedtls: ssl_msg.c:2028 0x3ffb68d4: ssl->f_recv(_timeout)() returned 38 (-0xffffffda)

I (3499) mbedtls: ssl_msg.c:2050 0x3ffb68d4: <= fetch input

I (3499) mbedtls: ssl_msg.c:1301 0x3ffb68d4: => decrypt buf

I (3499) mbedtls: ssl_msg.c:1831 0x3ffb68d4: <= decrypt buf

I (3499) mbedtls: ssl_msg.c:4112 0x3ffb68d4: <= read record

I (3499) mbedtls: ssl_msg.c:5823 0x3ffb68d4: <= read

[phase-a] app-echo #4 rtt=4287 us payload=14 B
[mem] post-session           free=200984 largest=110592 min-ever=191260
[mem-tick] t=    1962 ms phase=closing      free=226912
[mem-tick] t=    2062 ms phase=closing      free=226904
[mem-tick] t=    2162 ms phase=closing      free=226904
[mem-tick] t=    2262 ms phase=closing      free=226904
[ledger] CLOSED(RSA): free now=226904, before-this-phase=227952, retained=1048
[mem-tick] t=    2363 ms phase=RSA-settled  free=226904
[mem-tick] t=    2462 ms phase=RSA-settled  free=226904
[mem-tick] t=    2562 ms phase=RSA-settled  free=226904
[mem-tick] t=    2662 ms phase=RSA-settled  free=226904
[mem] settled                free=226904 largest=110592 min-ever=191260

===== PHASE A/B [EC] port=22444 =====
[mem-tick] t=    2763 ms phase=EC-baseline  free=226904
[mem-tick] t=    2862 ms phase=EC-baseline  free=226904
[mem-tick] t=    2962 ms phase=EC-baseline  free=226904
[mem] baseline               free=226904 largest=110592 min-ever=191260
[mem-tick] t=    3063 ms phase=handshake    free=226396
W (4699) esp-tls-mbedtls: skip_common_name=true: hostname matching and SNI disabled. This disables ALL server-name authentication (CN/SAN/SNI), not just CN. Only intended for loopback / debug clients.
D (4699) esp-tls: handshake in progress...
I (4699) mbedtls: ssl_tls.c:4282 0x3ffb6800: => handshake

I (4699) mbedtls: ssl_msg.c:2063 0x3ffb6800: => flush output

I (4699) mbedtls: ssl_msg.c:2072 0x3ffb6800: <= flush output

I (4699) mbedtls: ssl_tls.c:4201 0x3ffb6800: client state: MBEDTLS_SSL_HELLO_REQUEST

D (4699) mbedtls: ssl_misc.h:1295 0x3ffb6800: handshake state: 0 (MBEDTLS_SSL_HELLO_REQUEST) -> 1 (MBEDTLS_SSL_CLIENT_HELLO)

I (4699) mbedtls: ssl_msg.c:2063 0x3ffb6800: => flush output

I (4699) mbedtls: ssl_msg.c:2072 0x3ffb6800: <= flush output

I (4699) mbedtls: ssl_tls.c:4201 0x3ffb6800: client state: MBEDTLS_SSL_CLIENT_HELLO

I (4699) mbedtls: ssl_client.c:917 0x3ffb6800: => write client hello

D (4699) mbedtls: ssl_client.c:722 0x3ffb6800: client hello, current time: 3

D (4699) mbedtls: ssl_client.c:485 0x3ffb6800: dumping 'client hello, random bytes' (32 bytes)

D (4699) mbedtls: ssl_client.c:485 0x3ffb6800: 0000:  00 00 00 03 71 3b 94 78 60 90 f4 50 0a 61 9e 4c  ....q;.x`..P.a.L

D (4699) mbedtls: ssl_client.c:485 0x3ffb6800: 0010:  c1 1b 9e fe 88 c6 58 aa 5c 98 65 23 54 2a a1 e7  ......X.\.e#T*..

D (4699) mbedtls: ssl_client.c:510 0x3ffb6800: dumping 'session id' (0 bytes)

D (4699) mbedtls: ssl_client.c:368 0x3ffb6800: client hello, add ciphersuite: c02c, TLS-ECDHE-ECDSA-WITH-AES-256-GCM-SHA384

D (4699) mbedtls: ssl_client.c:368 0x3ffb6800: client hello, add ciphersuite: c030, TLS-ECDHE-RSA-WITH-AES-256-GCM-SHA384

D (4699) mbedtls: ssl_client.c:368 0x3ffb6800: client hello, add ciphersuite: c0ad, TLS-ECDHE-ECDSA-WITH-AES-256-CCM

D (4699) mbedtls: ssl_client.c:368 0x3ffb6800: client hello, add ciphersuite: c024, TLS-ECDHE-ECDSA-WITH-AES-256-CBC-SHA384

D (4699) mbedtls: ssl_client.c:368 0x3ffb6800: client hello, add ciphersuite: c028, TLS-ECDHE-RSA-WITH-AES-256-CBC-SHA384

D (4699) mbedtls: ssl_client.c:368 0x3ffb6800: client hello, add ciphersuite: c00a, TLS-ECDHE-ECDSA-WITH-AES-256-CBC-SHA

D (4699) mbedtls: ssl_client.c:368 0x3ffb6800: client hello, add ciphersuite: c014, TLS-ECDHE-RSA-WITH-AES-256-CBC-SHA

D (4699) mbedtls: ssl_client.c:368 0x3ffb6800: client hello, add ciphersuite: c0af, TLS-ECDHE-ECDSA-WITH-AES-256-CCM-8

D (4699) mbedtls: ssl_client.c:368 0x3ffb6800: client hello, add ciphersuite: c02b, TLS-ECDHE-ECDSA-WITH-AES-128-GCM-SHA256

D (4699) mbedtls: ssl_client.c:368 0x3ffb6800: client hello, add ciphersuite: c02f, TLS-ECDHE-RSA-WITH-AES-128-GCM-SHA256

D (4699) mbedtls: ssl_client.c:368 0x3ffb6800: client hello, add ciphersuite: c0ac, TLS-ECDHE-ECDSA-WITH-AES-128-CCM

D (4699) mbedtls: ssl_client.c:368 0x3ffb6800: client hello, add ciphersuite: c023, TLS-ECDHE-ECDSA-WITH-AES-128-CBC-SHA256

D (4709) mbedtls: ssl_client.c:368 0x3ffb6800: client hello, add ciphersuite: c027, TLS-ECDHE-RSA-WITH-AES-128-CBC-SHA256

D (4709) mbedtls: ssl_client.c:368 0x3ffb6800: client hello, add ciphersuite: c009, TLS-ECDHE-ECDSA-WITH-AES-128-CBC-SHA

D (4709) mbedtls: ssl_client.c:368 0x3ffb6800: client hello, add ciphersuite: c013, TLS-ECDHE-RSA-WITH-AES-128-CBC-SHA

D (4709) mbedtls: ssl_client.c:368 0x3ffb6800: client hello, add ciphersuite: c0ae, TLS-ECDHE-ECDSA-WITH-AES-128-CCM-8

D (4709) mbedtls: ssl_client.c:386 0x3ffb6800: adding EMPTY_RENEGOTIATION_INFO_SCSV

D (4709) mbedtls: ssl_client.c:395 0x3ffb6800: client hello, got 17 cipher suites

D (4709) mbedtls: ssl_client.c:229 0x3ffb6800: client hello, adding supported_groups extension

D (4709) mbedtls: ssl_client.c:248 0x3ffb6800: got supported group(001d)

D (4709) mbedtls: ssl_client.c:280 0x3ffb6800: NamedGroup: x25519 ( 1d )

D (4709) mbedtls: ssl_client.c:248 0x3ffb6800: got supported group(0017)

D (4709) mbedtls: ssl_client.c:280 0x3ffb6800: NamedGroup: secp256r1 ( 17 )

D (4709) mbedtls: ssl_client.c:248 0x3ffb6800: got supported group(0018)

D (4709) mbedtls: ssl_client.c:280 0x3ffb6800: NamedGroup: secp384r1 ( 18 )

D (4709) mbedtls: ssl_client.c:248 0x3ffb6800: got supported group(001e)

D (4709) mbedtls: ssl_client.c:280 0x3ffb6800: NamedGroup: x448 ( 1e )

D (4709) mbedtls: ssl_client.c:248 0x3ffb6800: got supported group(0019)

D (4709) mbedtls: ssl_client.c:280 0x3ffb6800: NamedGroup: secp521r1 ( 19 )

D (4709) mbedtls: ssl_client.c:248 0x3ffb6800: got supported group(001a)

D (4709) mbedtls: ssl_client.c:280 0x3ffb6800: NamedGroup: bp256r1 ( 1a )

D (4709) mbedtls: ssl_client.c:248 0x3ffb6800: got supported group(001b)

D (4709) mbedtls: ssl_client.c:280 0x3ffb6800: NamedGroup: bp384r1 ( 1b )

D (4709) mbedtls: ssl_client.c:248 0x3ffb6800: got supported group(001c)

D (4709) mbedtls: ssl_client.c:280 0x3ffb6800: NamedGroup: bp512r1 ( 1c )

D (4709) mbedtls: ssl_client.c:248 0x3ffb6800: got supported group(0100)

D (4709) mbedtls: ssl_client.c:248 0x3ffb6800: got supported group(0101)

D (4709) mbedtls: ssl_client.c:248 0x3ffb6800: got supported group(0102)

D (4709) mbedtls: ssl_client.c:248 0x3ffb6800: got supported group(0103)

D (4709) mbedtls: ssl_client.c:248 0x3ffb6800: got supported group(0104)

D (4709) mbedtls: ssl_client.c:300 0x3ffb6800: dumping 'Supported groups extension' (18 bytes)

D (4709) mbedtls: ssl_client.c:300 0x3ffb6800: 0000:  00 10 00 1d 00 17 00 18 00 1e 00 19 00 1a 00 1b  ................

D (4709) mbedtls: ssl_client.c:300 0x3ffb6800: 0010:  00 1c                                            ..

D (4709) mbedtls: ssl_tls.c:8276 0x3ffb6800: adding signature_algorithms extension

D (4709) mbedtls: ssl_tls.c:8296 0x3ffb6800: got signature scheme [603] ecdsa_secp521r1_sha512

D (4709) mbedtls: ssl_tls.c:8305 0x3ffb6800: sent signature scheme [603] ecdsa_secp521r1_sha512

D (4709) mbedtls: ssl_tls.c:8296 0x3ffb6800: got signature scheme [806] rsa_pss_rsae_sha512

D (4709) mbedtls: ssl_tls.c:8296 0x3ffb6800: got signature scheme [601] rsa_pkcs1_sha512

D (4709) mbedtls: ssl_tls.c:8305 0x3ffb6800: sent signature scheme [601] rsa_pkcs1_sha512

D (4709) mbedtls: ssl_tls.c:8296 0x3ffb6800: got signature scheme [503] ecdsa_secp384r1_sha384

D (4709) mbedtls: ssl_tls.c:8305 0x3ffb6800: sent signature scheme [503] ecdsa_secp384r1_sha384

D (4709) mbedtls: ssl_tls.c:8296 0x3ffb6800: got signature scheme [805] rsa_pss_rsae_sha384

D (4709) mbedtls: ssl_tls.c:8296 0x3ffb6800: got signature scheme [501] rsa_pkcs1_sha384

D (4709) mbedtls: ssl_tls.c:8305 0x3ffb6800: sent signature scheme [501] rsa_pkcs1_sha384

D (4709) mbedtls: ssl_tls.c:8296 0x3ffb6800: got signature scheme [403] ecdsa_secp256r1_sha256

D (4709) mbedtls: ssl_tls.c:8305 0x3ffb6800: sent signature scheme [403] ecdsa_secp256r1_sha256

D (4709) mbedtls: ssl_tls.c:8296 0x3ffb6800: got signature scheme [804] rsa_pss_rsae_sha256

D (4709) mbedtls: ssl_tls.c:8296 0x3ffb6800: got signature scheme [401] rsa_pkcs1_sha256

D (4709) mbedtls: ssl_tls.c:8305 0x3ffb6800: sent signature scheme [401] rsa_pkcs1_sha256

D (4709) mbedtls: ssl_tls12_client.c:103 0x3ffb6800: client hello, adding supported_point_formats extension

D (4709) mbedtls: ssl_tls12_client.c:287 0x3ffb6800: client hello, adding encrypt_then_mac extension

D (4709) mbedtls: ssl_tls12_client.c:319 0x3ffb6800: client hello, adding extended_master_secret extension

D (4709) mbedtls: ssl_tls12_client.c:352 0x3ffb6800: client hello, adding session ticket extension

D (4719) mbedtls: ssl_client.c:687 0x3ffb6800: client hello, total extension length: 58

D (4719) mbedtls: ssl_client.c:689 0x3ffb6800: dumping 'client hello extensions' (58 bytes)

D (4719) mbedtls: ssl_client.c:689 0x3ffb6800: 0000:  00 3a 00 0a 00 12 00 10 00 1d 00 17 00 18 00 1e  .:..............

D (4719) mbedtls: ssl_client.c:689 0x3ffb6800: 0010:  00 19 00 1a 00 1b 00 1c 00 0d 00 0e 00 0c 06 03  ................

D (4719) mbedtls: ssl_client.c:689 0x3ffb6800: 0020:  06 01 05 03 05 01 04 03 04 01 00 0b 00 02 01 00  ................

D (4719) mbedtls: ssl_client.c:689 0x3ffb6800: 0030:  00 16 00 00 00 17 00 00 00 23                    .........#

I (4719) mbedtls: ssl_msg.c:2494 0x3ffb6800: => write handshake message

I (4719) mbedtls: ssl_msg.c:2654 0x3ffb6800: => write record

D (4719) mbedtls: ssl_msg.c:2737 0x3ffb6800: output record: msgtype = 22, version = [3:3], msglen = 137

I (4719) mbedtls: ssl_msg.c:2790 0x3ffb6800: <= write record

I (4719) mbedtls: ssl_msg.c:2615 0x3ffb6800: <= write handshake message

D (4719) mbedtls: ssl_misc.h:1295 0x3ffb6800: handshake state: 1 (MBEDTLS_SSL_CLIENT_HELLO) -> 2 (MBEDTLS_SSL_SERVER_HELLO)

I (4719) mbedtls: ssl_client.c:1010 0x3ffb6800: <= write client hello

I (4719) mbedtls: ssl_msg.c:2063 0x3ffb6800: => flush output

I (4719) mbedtls: ssl_msg.c:2077 0x3ffb6800: message length: 142, out_left: 142

I (4719) mbedtls: ssl_msg.c:2084 0x3ffb6800: ssl->f_send() returned 142 (-0xffffff72)

I (4719) mbedtls: ssl_msg.c:2111 0x3ffb6800: <= flush output

I (4719) mbedtls: ssl_tls.c:4201 0x3ffb6800: client state: MBEDTLS_SSL_SERVER_HELLO

I (4719) mbedtls: ssl_tls12_client.c:1151 0x3ffb6800: => parse server hello

I (4719) mbedtls: ssl_msg.c:4040 0x3ffb6800: => read record

I (4719) mbedtls: ssl_msg.c:1865 0x3ffb6800: => fetch input

I (4719) mbedtls: ssl_msg.c:2005 0x3ffb6800: in_left: 0, nb_want: 5

I (4719) mbedtls: ssl_msg.c:2025 0x3ffb6800: in_left: 0, nb_want: 5

I (4719) mbedtls: ssl_msg.c:2028 0x3ffb6800: ssl->f_recv(_timeout)() returned 5 (-0xfffffffb)

I (4719) mbedtls: ssl_msg.c:2050 0x3ffb6800: <= fetch input

D (4719) mbedtls: ssl_msg.c:3707 0x3ffb6800: input record: msgtype = 22, version = [0x303], msglen = 65

I (4719) mbedtls: ssl_msg.c:1865 0x3ffb6800: => fetch input

I (4719) mbedtls: ssl_msg.c:2005 0x3ffb6800: in_left: 5, nb_want: 70

I (4719) mbedtls: ssl_msg.c:2025 0x3ffb6800: in_left: 5, nb_want: 70

I (4719) mbedtls: ssl_msg.c:2028 0x3ffb6800: ssl->f_recv(_timeout)() returned 65 (-0xffffffbf)

I (4719) mbedtls: ssl_msg.c:2050 0x3ffb6800: <= fetch input

D (4719) mbedtls: ssl_msg.c:2948 0x3ffb6800: handshake message: msglen = 65, type = 2, hslen = 65

D (4719) mbedtls: ssl_msg.c:3085 0x3ffb6800: sole handshake fragment: 65, 0..65 of 65

I (4719) mbedtls: ssl_msg.c:4112 0x3ffb6800: <= read record

D (4719) mbedtls: ssl_tls12_client.c:1225 0x3ffb6800: dumping 'server hello, version' (2 bytes)

D (4719) mbedtls: ssl_tls12_client.c:1225 0x3ffb6800: 0000:  03 03                                            ..

D (4719) mbedtls: ssl_tls12_client.c:1246 0x3ffb6800: server hello, current time: 2033656552

D (4719) mbedtls: ssl_tls12_client.c:1256 0x3ffb6800: dumping 'server hello, random bytes' (32 bytes)

D (4719) mbedtls: ssl_tls12_client.c:1256 0x3ffb6800: 0000:  79 37 22 e8 55 fb f6 8a 87 ab fe a9 97 18 ba a8  y7".U...........

D (4719) mbedtls: ssl_tls12_client.c:1256 0x3ffb6800: 0010:  89 59 47 2c 90 c5 23 86 93 1b 6c d2 af 34 fe f4  .YG,..#...l..4..

D (4719) mbedtls: ssl_tls12_client.c:1318 0x3ffb6800: server hello, session id len.: 0

D (4719) mbedtls: ssl_tls12_client.c:1319 0x3ffb6800: dumping 'server hello, session id' (0 bytes)

D (4719) mbedtls: ssl_misc.h:1295 0x3ffb6800: handshake state: 2 (MBEDTLS_SSL_SERVER_HELLO) -> 3 (MBEDTLS_SSL_SERVER_CERTIFICATE)

D (4729) mbedtls: ssl_tls12_client.c:1343 0x3ffb6800: no session has been resumed

D (4729) mbedtls: ssl_tls12_client.c:1346 0x3ffb6800: server hello, chosen ciphersuite: c02c

D (4729) mbedtls: ssl_tls12_client.c:1347 0x3ffb6800: server hello, compress alg.: 0

D (4729) mbedtls: ssl_tls12_client.c:1382 0x3ffb6800: server hello, chosen ciphersuite: TLS-ECDHE-ECDSA-WITH-AES-256-GCM-SHA384

I (4729) mbedtls: ssl_tls12_client.c:1403 0x3ffb6800: server hello, total extension length: 21

D (4729) mbedtls: ssl_tls12_client.c:1421 0x3ffb6800: found renegotiation extension

D (4729) mbedtls: ssl_tls12_client.c:1500 0x3ffb6800: found supported_point_formats extension

D (4729) mbedtls: ssl_tls12_client.c:1486 0x3ffb6800: found session_ticket extension

D (4729) mbedtls: ssl_tls12_client.c:1473 0x3ffb6800: found extended_master_secret extension

I (4729) mbedtls: ssl_tls12_client.c:1617 0x3ffb6800: <= parse server hello

I (4729) mbedtls: ssl_msg.c:2063 0x3ffb6800: => flush output

I (4729) mbedtls: ssl_msg.c:2072 0x3ffb6800: <= flush output

I (4729) mbedtls: ssl_tls.c:4201 0x3ffb6800: client state: MBEDTLS_SSL_SERVER_CERTIFICATE

I (4729) mbedtls: ssl_tls.c:7077 0x3ffb6800: => parse certificate

I (4729) mbedtls: ssl_msg.c:4040 0x3ffb6800: => read record

I (4729) mbedtls: ssl_msg.c:1865 0x3ffb6800: => fetch input

I (4729) mbedtls: ssl_msg.c:2005 0x3ffb6800: in_left: 0, nb_want: 5

I (4729) mbedtls: ssl_msg.c:2025 0x3ffb6800: in_left: 0, nb_want: 5

I (4729) mbedtls: ssl_msg.c:2028 0x3ffb6800: ssl->f_recv(_timeout)() returned 5 (-0xfffffffb)

I (4729) mbedtls: ssl_msg.c:2050 0x3ffb6800: <= fetch input

D (4729) mbedtls: ssl_msg.c:3707 0x3ffb6800: input record: msgtype = 22, version = [0x303], msglen = 394

I (4729) mbedtls: ssl_msg.c:1865 0x3ffb6800: => fetch input

I (4729) mbedtls: ssl_msg.c:2005 0x3ffb6800: in_left: 5, nb_want: 399

I (4729) mbedtls: ssl_msg.c:2025 0x3ffb6800: in_left: 5, nb_want: 399

I (4729) mbedtls: ssl_msg.c:2028 0x3ffb6800: ssl->f_recv(_timeout)() returned 394 (-0xfffffe76)

I (4729) mbedtls: ssl_msg.c:2050 0x3ffb6800: <= fetch input

D (4729) mbedtls: ssl_msg.c:2948 0x3ffb6800: handshake message: msglen = 394, type = 11, hslen = 394

D (4729) mbedtls: ssl_msg.c:3085 0x3ffb6800: sole handshake fragment: 394, 0..394 of 394

I (4729) mbedtls: ssl_msg.c:4112 0x3ffb6800: <= read record

D (4729) mbedtls: ssl_tls.c:6952 0x3ffb6800: peer certificate #1:

D (4729) mbedtls: ssl_tls.c:6952 0x3ffb6800: cert. version     : 3

D (4729) mbedtls: ssl_tls.c:6952 0x3ffb6800: serial number     : 37:09:43:D4:1C:61:C3:A2:0B:22:A6:A0:1B:48:94:F0:41:88:C9:23

D (4729) mbedtls: ssl_tls.c:6952 0x3ffb6800: issuer name       : CN=localhost

D (4729) mbedtls: ssl_tls.c:6952 0x3ffb6800: subject name      : CN=localhost

D (4729) mbedtls: ssl_tls.c:6952 0x3ffb6800: issued  on        : 2026-08-26 20:20:30

D (4729) mbedtls: ssl_tls.c:6952 0x3ffb6800: expires on        : 2026-09-25 20:20:30

D (4729) mbedtls: ssl_tls.c:6952 0x3ffb6800: signed using      : ECDSA with SHA256

D (4729) mbedtls: ssl_tls.c:6952 0x3ffb6800: EC key size       : 256 bits

D (4739) mbedtls: ssl_tls.c:6952 0x3ffb6800: basic constraints : CA=true

D (4739) mbedtls: ssl_tls.c:6952 0x3ffb6800: dumping 'crt->PK' (65 bytes)

D (4739) mbedtls: ssl_tls.c:6952 0x3ffb6800: 0000:  04 54 0e ba b5 7b 25 1b f2 9f 2d 96 f4 93 cd 8f

D (4739) mbedtls: ssl_tls.c:6952 0x3ffb6800: 0010:  49 17 f1 f8 43 fd ec ae 5d 41 e9 f4 92 ac 22 e6

D (4739) mbedtls: ssl_tls.c:6952 0x3ffb6800: 0020:  63 ac 57 44 3b f6 9e c0 c8 9f 49 85 41 d2 5d 63

D (4739) mbedtls: ssl_tls.c:6952 0x3ffb6800: 0030:  06 98 de f8 fb 38 a5 80 7e 23 61 62 87 90 79 d7

D (4739) mbedtls: ssl_tls.c:6952 0x3ffb6800: 0040:  84                                             

I (4739) mbedtls: ssl_tls.c:7191 0x3ffb6800: <= parse certificate

D (4739) mbedtls: ssl_misc.h:1295 0x3ffb6800: handshake state: 3 (MBEDTLS_SSL_SERVER_CERTIFICATE) -> 4 (MBEDTLS_SSL_SERVER_KEY_EXCHANGE)

I (4739) mbedtls: ssl_msg.c:2063 0x3ffb6800: => flush output

I (4739) mbedtls: ssl_msg.c:2072 0x3ffb6800: <= flush output

I (4739) mbedtls: ssl_tls.c:4201 0x3ffb6800: client state: MBEDTLS_SSL_SERVER_KEY_EXCHANGE

I (4739) mbedtls: ssl_tls12_client.c:1831 0x3ffb6800: => parse server key exchange

I (4739) mbedtls: ssl_msg.c:4040 0x3ffb6800: => read record

I (4739) mbedtls: ssl_msg.c:1865 0x3ffb6800: => fetch input

I (4739) mbedtls: ssl_msg.c:2005 0x3ffb6800: in_left: 0, nb_want: 5

I (4739) mbedtls: ssl_msg.c:2025 0x3ffb6800: in_left: 0, nb_want: 5

I (4739) mbedtls: ssl_msg.c:2028 0x3ffb6800: ssl->f_recv(_timeout)() returned 5 (-0xfffffffb)

I (4739) mbedtls: ssl_msg.c:2050 0x3ffb6800: <= fetch input

D (4739) mbedtls: ssl_msg.c:3707 0x3ffb6800: input record: msgtype = 22, version = [0x303], msglen = 115

I (4739) mbedtls: ssl_msg.c:1865 0x3ffb6800: => fetch input

I (4739) mbedtls: ssl_msg.c:2005 0x3ffb6800: in_left: 5, nb_want: 120

I (4739) mbedtls: ssl_msg.c:2025 0x3ffb6800: in_left: 5, nb_want: 120

I (4739) mbedtls: ssl_msg.c:2028 0x3ffb6800: ssl->f_recv(_timeout)() returned 115 (-0xffffff8d)

I (4739) mbedtls: ssl_msg.c:2050 0x3ffb6800: <= fetch input

D (4739) mbedtls: ssl_msg.c:2948 0x3ffb6800: handshake message: msglen = 115, type = 12, hslen = 115

D (4739) mbedtls: ssl_msg.c:3085 0x3ffb6800: sole handshake fragment: 115, 0..115 of 115

I (4739) mbedtls: ssl_msg.c:4112 0x3ffb6800: <= read record

D (4739) mbedtls: ssl_tls12_client.c:1885 0x3ffb6800: dumping 'server key exchange' (111 bytes)

D (4739) mbedtls: ssl_tls12_client.c:1885 0x3ffb6800: 0000:  03 00 1d 20 87 59 ce f9 a9 41 9e b6 84 f2 5a f5  ... .Y...A....Z.

D (4739) mbedtls: ssl_tls12_client.c:1885 0x3ffb6800: 0010:  26 69 c8 52 8b 3a bb 01 65 6e 61 93 e7 7c f8 03  &i.R.:..ena..|..

D (4739) mbedtls: ssl_tls12_client.c:1885 0x3ffb6800: 0020:  7d 89 1b 20 06 03 00 47 30 45 02 20 24 2b 67 55  }.. ...G0E. $+gU

D (4739) mbedtls: ssl_tls12_client.c:1885 0x3ffb6800: 0030:  19 d8 c1 16 e1 c2 95 bc 0d 48 dd f6 97 c1 d8 0f  .........H......

D (4739) mbedtls: ssl_tls12_client.c:1885 0x3ffb6800: 0040:  5b 77 55 e9 5c c0 a9 df ef 26 05 08 02 21 00 a8  [wU.\....&...!..

D (4739) mbedtls: ssl_tls12_client.c:1885 0x3ffb6800: 0050:  a2 e1 25 8b 59 5e fd de b9 b1 8c 88 04 16 4f 25  ..%.Y^........O%

D (4739) mbedtls: ssl_tls12_client.c:1885 0x3ffb6800: 0060:  6d 3e a8 35 da 27 c6 be e4 eb 55 82 ac 28 f3     m>.5.'....U..(.

I (4739) mbedtls: ssl_tls12_client.c:1815 0x3ffb6800: Server used the signature algorithm ecdsa_secp521r1_sha512

D (4739) mbedtls: ssl_tls12_client.c:2047 0x3ffb6800: dumping 'signature' (71 bytes)

D (4739) mbedtls: ssl_tls12_client.c:2047 0x3ffb6800: 0000:  30 45 02 20 24 2b 67 55 19 d8 c1 16 e1 c2 95 bc  0E. $+gU........

D (4739) mbedtls: ssl_tls12_client.c:2047 0x3ffb6800: 0010:  0d 48 dd f6 97 c1 d8 0f 5b 77 55 e9 5c c0 a9 df  .H......[wU.\...

D (4739) mbedtls: ssl_tls12_client.c:2047 0x3ffb6800: 0020:  ef 26 05 08 02 21 00 a8 a2 e1 25 8b 59 5e fd de  .&...!....%.Y^..

D (4739) mbedtls: ssl_tls12_client.c:2047 0x3ffb6800: 0030:  b9 b1 8c 88 04 16 4f 25 6d 3e a8 35 da 27 c6 be  ......O%m>.5.'..

D (4739) mbedtls: ssl_tls12_client.c:2047 0x3ffb6800: 0040:  e4 eb 55 82 ac 28 f3                             ..U..(.

D (4739) mbedtls: ssl_tls.c:8082 0x3ffb6800: Perform PSA-based computation of digest of ServerKeyExchange

D (4749) mbedtls: ssl_tls12_client.c:2064 0x3ffb6800: dumping 'parameters hash' (64 bytes)

D (4749) mbedtls: ssl_tls12_client.c:2064 0x3ffb6800: 0000:  da de 2e 65 b7 23 ee 08 d2 2f 6a 21 1f 20 bd fb  ...e.#.../j!. ..

D (4749) mbedtls: ssl_tls12_client.c:2064 0x3ffb6800: 0010:  f3 93 3b 66 f6 d6 f4 79 2a 92 e3 85 0d 2b c0 17  ..;f...y*....+..

D (4749) mbedtls: ssl_tls12_client.c:2064 0x3ffb6800: 0020:  7b 4c 28 c2 4e 8c 54 88 6c 7f 1d a2 fe cf cf 27  {L(.N.T.l......'

D (4749) mbedtls: ssl_tls12_client.c:2064 0x3ffb6800: 0030:  d8 71 f4 44 20 27 44 b7 56 2b 60 4a e3 08 df 2a  .q.D 'D.V+`J...*

[mem-tick] t=    3165 ms phase=handshake    free=195128
D (4859) mbedtls: ssl_misc.h:1295 0x3ffb6800: handshake state: 4 (MBEDTLS_SSL_SERVER_KEY_EXCHANGE) -> 5 (MBEDTLS_SSL_CERTIFICATE_REQUEST)

I (4859) mbedtls: ssl_tls12_client.c:2118 0x3ffb6800: <= parse server key exchange

I (4859) mbedtls: ssl_msg.c:2063 0x3ffb6800: => flush output

I (4859) mbedtls: ssl_msg.c:2072 0x3ffb6800: <= flush output

I (4859) mbedtls: ssl_tls.c:4201 0x3ffb6800: client state: MBEDTLS_SSL_CERTIFICATE_REQUEST

I (4859) mbedtls: ssl_tls12_client.c:2157 0x3ffb6800: => parse certificate request

I (4859) mbedtls: ssl_msg.c:4040 0x3ffb6800: => read record

I (4859) mbedtls: ssl_msg.c:1865 0x3ffb6800: => fetch input

I (4859) mbedtls: ssl_msg.c:2005 0x3ffb6800: in_left: 0, nb_want: 5

I (4859) mbedtls: ssl_msg.c:2025 0x3ffb6800: in_left: 0, nb_want: 5

I (4859) mbedtls: ssl_msg.c:2028 0x3ffb6800: ssl->f_recv(_timeout)() returned 5 (-0xfffffffb)

I (4859) mbedtls: ssl_msg.c:2050 0x3ffb6800: <= fetch input

D (4859) mbedtls: ssl_msg.c:3707 0x3ffb6800: input record: msgtype = 22, version = [0x303], msglen = 4

I (4859) mbedtls: ssl_msg.c:1865 0x3ffb6800: => fetch input

I (4859) mbedtls: ssl_msg.c:2005 0x3ffb6800: in_left: 5, nb_want: 9

I (4859) mbedtls: ssl_msg.c:2025 0x3ffb6800: in_left: 5, nb_want: 9

I (4859) mbedtls: ssl_msg.c:2028 0x3ffb6800: ssl->f_recv(_timeout)() returned 4 (-0xfffffffc)

I (4859) mbedtls: ssl_msg.c:2050 0x3ffb6800: <= fetch input

D (4859) mbedtls: ssl_msg.c:2948 0x3ffb6800: handshake message: msglen = 4, type = 14, hslen = 4

D (4859) mbedtls: ssl_msg.c:3085 0x3ffb6800: sole handshake fragment: 4, 0..4 of 4

I (4859) mbedtls: ssl_msg.c:4112 0x3ffb6800: <= read record

D (4859) mbedtls: ssl_misc.h:1295 0x3ffb6800: handshake state: 5 (MBEDTLS_SSL_CERTIFICATE_REQUEST) -> 6 (MBEDTLS_SSL_SERVER_HELLO_DONE)

D (4859) mbedtls: ssl_tls12_client.c:2183 0x3ffb6800: got no certificate request

I (4859) mbedtls: ssl_tls12_client.c:2319 0x3ffb6800: <= parse certificate request

I (4859) mbedtls: ssl_msg.c:2063 0x3ffb6800: => flush output

I (4859) mbedtls: ssl_msg.c:2072 0x3ffb6800: <= flush output

I (4859) mbedtls: ssl_tls.c:4201 0x3ffb6800: client state: MBEDTLS_SSL_SERVER_HELLO_DONE

I (4859) mbedtls: ssl_tls12_client.c:2330 0x3ffb6800: => parse server hello done

I (4859) mbedtls: ssl_msg.c:4040 0x3ffb6800: => read record

I (4859) mbedtls: ssl_msg.c:4108 0x3ffb6800: reuse previously read message

I (4859) mbedtls: ssl_msg.c:4112 0x3ffb6800: <= read record

D (4859) mbedtls: ssl_misc.h:1295 0x3ffb6800: handshake state: 6 (MBEDTLS_SSL_SERVER_HELLO_DONE) -> 7 (MBEDTLS_SSL_CLIENT_CERTIFICATE)

I (4859) mbedtls: ssl_tls12_client.c:2358 0x3ffb6800: <= parse server hello done

I (4859) mbedtls: ssl_msg.c:2063 0x3ffb6800: => flush output

I (4869) mbedtls: ssl_msg.c:2072 0x3ffb6800: <= flush output

I (4869) mbedtls: ssl_tls.c:4201 0x3ffb6800: client state: MBEDTLS_SSL_CLIENT_CERTIFICATE

I (4869) mbedtls: ssl_tls.c:6675 0x3ffb6800: => write certificate

I (4869) mbedtls: ssl_tls.c:6686 0x3ffb6800: <= skip write certificate

D (4869) mbedtls: ssl_misc.h:1295 0x3ffb6800: handshake state: 7 (MBEDTLS_SSL_CLIENT_CERTIFICATE) -> 8 (MBEDTLS_SSL_CLIENT_KEY_EXCHANGE)

I (4869) mbedtls: ssl_msg.c:2063 0x3ffb6800: => flush output

I (4869) mbedtls: ssl_msg.c:2072 0x3ffb6800: <= flush output

I (4869) mbedtls: ssl_tls.c:4201 0x3ffb6800: client state: MBEDTLS_SSL_CLIENT_KEY_EXCHANGE

I (4869) mbedtls: ssl_tls12_client.c:2373 0x3ffb6800: => write client key exchange

D (4869) mbedtls: ssl_tls12_client.c:2387 0x3ffb6800: Perform PSA-based ECDH computation.

[mem-tick] t=    3265 ms phase=handshake    free=197724
[mem-tick] t=    3365 ms phase=handshake    free=197428
D (5009) mbedtls: ssl_misc.h:1295 0x3ffb6800: handshake state: 8 (MBEDTLS_SSL_CLIENT_KEY_EXCHANGE) -> 9 (MBEDTLS_SSL_CERTIFICATE_VERIFY)

I (5009) mbedtls: ssl_msg.c:2494 0x3ffb6800: => write handshake message

I (5009) mbedtls: ssl_msg.c:2654 0x3ffb6800: => write record

D (5009) mbedtls: ssl_msg.c:2737 0x3ffb6800: output record: msgtype = 22, version = [3:3], msglen = 37

I (5009) mbedtls: ssl_msg.c:2063 0x3ffb6800: => flush output

I (5009) mbedtls: ssl_msg.c:2077 0x3ffb6800: message length: 42, out_left: 42

I (5009) mbedtls: ssl_msg.c:2084 0x3ffb6800: ssl->f_send() returned 42 (-0xffffffd6)

I (5009) mbedtls: ssl_msg.c:2111 0x3ffb6800: <= flush output

I (5009) mbedtls: ssl_msg.c:2790 0x3ffb6800: <= write record

I (5009) mbedtls: ssl_msg.c:2615 0x3ffb6800: <= write handshake message

I (5009) mbedtls: ssl_tls12_client.c:2653 0x3ffb6800: <= write client key exchange

I (5009) mbedtls: ssl_msg.c:2063 0x3ffb6800: => flush output

I (5009) mbedtls: ssl_msg.c:2072 0x3ffb6800: <= flush output

I (5009) mbedtls: ssl_tls.c:4201 0x3ffb6800: client state: MBEDTLS_SSL_CERTIFICATE_VERIFY

I (5009) mbedtls: ssl_tls12_client.c:2701 0x3ffb6800: => write certificate verify

I (5009) mbedtls: ssl_tls.c:6466 0x3ffb6800: => derive keys

I (5009) mbedtls: ssl_tls.c:6557 0x3ffb6800: => PSA calc verify

D (5009) mbedtls: ssl_tls.c:6568 0x3ffb6800: dumping 'PSA calculated verify result' (48 bytes)

D (5009) mbedtls: ssl_tls.c:6568 0x3ffb6800: 0000:  df 1d f2 6e 01 ac 3f 71 e0 43 b0 af 4d 04 4f 8d  ...n..?q.C..M.O.

D (5009) mbedtls: ssl_tls.c:6568 0x3ffb6800: 0010:  ab 22 c4 ab 94 08 2d 25 b1 60 06 27 18 d6 db 03  ."....-%.`.'....

D (5009) mbedtls: ssl_tls.c:6568 0x3ffb6800: 0020:  65 9e 6d 6e bc 47 72 70 98 73 41 35 2b 23 6b 77  e.mn.Grp.sA5+#kw

I (5009) mbedtls: ssl_tls.c:6569 0x3ffb6800: <= PSA calc verify

D (5009) mbedtls: ssl_tls.c:6308 0x3ffb6800: dumping 'session hash for extended master secret' (48 bytes)

D (5009) mbedtls: ssl_tls.c:6308 0x3ffb6800: 0000:  df 1d f2 6e 01 ac 3f 71 e0 43 b0 af 4d 04 4f 8d  ...n..?q.C..M.O.

D (5009) mbedtls: ssl_tls.c:6308 0x3ffb6800: 0010:  ab 22 c4 ab 94 08 2d 25 b1 60 06 27 18 d6 db 03  ."....-%.`.'....

D (5009) mbedtls: ssl_tls.c:6308 0x3ffb6800: 0020:  65 9e 6d 6e bc 47 72 70 98 73 41 35 2b 23 6b 77  e.mn.Grp.sA5+#kw

D (5009) mbedtls: ssl_tls.c:6449 0x3ffb6800: dumping 'premaster secret' (32 bytes)

D (5009) mbedtls: ssl_tls.c:6449 0x3ffb6800: 0000:  81 23 aa d2 d7 37 b7 ad a4 b3 a4 f4 1e 08 6f e8  .#...7........o.

D (5009) mbedtls: ssl_tls.c:6449 0x3ffb6800: 0010:  01 3a b8 4b 12 57 af d1 88 33 50 84 25 ab af 11  .:.K.W...3P.%...

D (5009) mbedtls: ssl_tls.c:7762 0x3ffb6800: ciphersuite = TLS-ECDHE-ECDSA-WITH-AES-256-GCM-SHA384

D (5009) mbedtls: ssl_tls.c:7764 0x3ffb6800: dumping 'master secret' (48 bytes)

D (5009) mbedtls: ssl_tls.c:7764 0x3ffb6800: 0000:  05 49 17 24 01 95 0f 65 ad da 40 ea c7 82 dc ac  .I.$...e..@.....

D (5009) mbedtls: ssl_tls.c:7764 0x3ffb6800: 0010:  55 54 d4 cc 76 8f 2e 5d 5f ce 7b 91 ef 31 94 3b  UT..v..]_.{..1.;

D (5009) mbedtls: ssl_tls.c:7764 0x3ffb6800: 0020:  ed 7e 36 ef ce 07 3a c7 fd 04 48 0c a7 f3 58 9c  .~6...:...H...X.

D (5009) mbedtls: ssl_tls.c:7855 0x3ffb6800: keylen: 32, minlen: 24, ivlen: 12, maclen: 0

I (5009) mbedtls: ssl_tls.c:6517 0x3ffb6800: <= derive keys

I (5009) mbedtls: ssl_tls12_client.c:2723 0x3ffb6800: <= skip write certificate verify

D (5009) mbedtls: ssl_misc.h:1295 0x3ffb6800: handshake state: 9 (MBEDTLS_SSL_CERTIFICATE_VERIFY) -> 10 (MBEDTLS_SSL_CLIENT_CHANGE_CIPHER_SPEC)

I (5009) mbedtls: ssl_msg.c:2063 0x3ffb6800: => flush output

I (5009) mbedtls: ssl_msg.c:2072 0x3ffb6800: <= flush output

I (5009) mbedtls: ssl_tls.c:4201 0x3ffb6800: client state: MBEDTLS_SSL_CLIENT_CHANGE_CIPHER_SPEC

I (5009) mbedtls: ssl_msg.c:5087 0x3ffb6800: => write change cipher spec

D (5019) mbedtls: ssl_misc.h:1295 0x3ffb6800: handshake state: 10 (MBEDTLS_SSL_CLIENT_CHANGE_CIPHER_SPEC) -> 11 (MBEDTLS_SSL_CLIENT_FINISHED)

I (5019) mbedtls: ssl_msg.c:2494 0x3ffb6800: => write handshake message

I (5019) mbedtls: ssl_msg.c:2654 0x3ffb6800: => write record

D (5019) mbedtls: ssl_msg.c:2737 0x3ffb6800: output record: msgtype = 20, version = [3:3], msglen = 1

I (5019) mbedtls: ssl_msg.c:2063 0x3ffb6800: => flush output

I (5019) mbedtls: ssl_msg.c:2077 0x3ffb6800: message length: 6, out_left: 6

I (5019) mbedtls: ssl_msg.c:2084 0x3ffb6800: ssl->f_send() returned 6 (-0xfffffffa)

I (5019) mbedtls: ssl_msg.c:2111 0x3ffb6800: <= flush output

I (5019) mbedtls: ssl_msg.c:2790 0x3ffb6800: <= write record

I (5019) mbedtls: ssl_msg.c:2615 0x3ffb6800: <= write handshake message

I (5019) mbedtls: ssl_msg.c:5100 0x3ffb6800: <= write change cipher spec

I (5019) mbedtls: ssl_msg.c:2063 0x3ffb6800: => flush output

I (5019) mbedtls: ssl_msg.c:2072 0x3ffb6800: <= flush output

I (5019) mbedtls: ssl_tls.c:4201 0x3ffb6800: client state: MBEDTLS_SSL_CLIENT_FINISHED

I (5019) mbedtls: ssl_tls.c:7384 0x3ffb6800: => write finished

I (5019) mbedtls: ssl_tls.c:7235 0x3ffb6800: => calc PSA finished tls

D (5019) mbedtls: ssl_tls.c:7246 0x3ffb6800: dumping 'PSA calculated padbuf' (48 bytes)

D (5019) mbedtls: ssl_tls.c:7246 0x3ffb6800: 0000:  df 1d f2 6e 01 ac 3f 71 e0 43 b0 af 4d 04 4f 8d  ...n..?q.C..M.O.

D (5019) mbedtls: ssl_tls.c:7246 0x3ffb6800: 0010:  ab 22 c4 ab 94 08 2d 25 b1 60 06 27 18 d6 db 03  ."....-%.`.'....

D (5019) mbedtls: ssl_tls.c:7246 0x3ffb6800: 0020:  65 9e 6d 6e bc 47 72 70 98 73 41 35 2b 23 6b 77  e.mn.Grp.sA5+#kw

D (5019) mbedtls: ssl_tls.c:7258 0x3ffb6800: dumping 'calc finished result' (12 bytes)

D (5019) mbedtls: ssl_tls.c:7258 0x3ffb6800: 0000:  34 f9 31 bc 9d 4d 7a 98 3b e0 b1 b3              4.1..Mz.;...

I (5019) mbedtls: ssl_tls.c:7262 0x3ffb6800: <= calc finished

D (5019) mbedtls: ssl_misc.h:1295 0x3ffb6800: handshake state: 11 (MBEDTLS_SSL_CLIENT_FINISHED) -> 12 (MBEDTLS_SSL_SERVER_CHANGE_CIPHER_SPEC)

D (5019) mbedtls: ssl_tls.c:7434 0x3ffb6800: switching to new transform spec for outbound data

I (5019) mbedtls: ssl_msg.c:2494 0x3ffb6800: => write handshake message

I (5019) mbedtls: ssl_msg.c:2654 0x3ffb6800: => write record

I (5019) mbedtls: ssl_msg.c:808 0x3ffb6800: => encrypt buf

D (5019) mbedtls: ssl_msg.c:1036 0x3ffb6800: before encrypt: msglen = 16, including 0 bytes of padding

I (5019) mbedtls: ssl_msg.c:1265 0x3ffb6800: <= encrypt buf

D (5019) mbedtls: ssl_msg.c:2737 0x3ffb6800: output record: msgtype = 22, version = [3:3], msglen = 40

I (5019) mbedtls: ssl_msg.c:2063 0x3ffb6800: => flush output

I (5019) mbedtls: ssl_msg.c:2077 0x3ffb6800: message length: 45, out_left: 45

I (5019) mbedtls: ssl_msg.c:2084 0x3ffb6800: ssl->f_send() returned 45 (-0xffffffd3)

I (5019) mbedtls: ssl_msg.c:2111 0x3ffb6800: <= flush output

I (5019) mbedtls: ssl_msg.c:2790 0x3ffb6800: <= write record

I (5019) mbedtls: ssl_msg.c:2615 0x3ffb6800: <= write handshake message

I (5019) mbedtls: ssl_tls.c:7487 0x3ffb6800: <= write finished

I (5019) mbedtls: ssl_msg.c:2063 0x3ffb6800: => flush output

I (5019) mbedtls: ssl_msg.c:2072 0x3ffb6800: <= flush output

I (5019) mbedtls: ssl_tls.c:4201 0x3ffb6800: client state: MBEDTLS_SSL_SERVER_CHANGE_CIPHER_SPEC

D (5019) mbedtls: ssl_misc.h:1295 0x3ffb6800: handshake state: 12 (MBEDTLS_SSL_SERVER_CHANGE_CIPHER_SPEC) -> 16 (MBEDTLS_SSL_NEW_SESSION_TICKET)

I (5019) mbedtls: ssl_tls12_client.c:2829 0x3ffb6800: => parse new session ticket

I (5019) mbedtls: ssl_msg.c:4040 0x3ffb6800: => read record

I (5019) mbedtls: ssl_msg.c:1865 0x3ffb6800: => fetch input

I (5019) mbedtls: ssl_msg.c:2005 0x3ffb6800: in_left: 0, nb_want: 5

I (5019) mbedtls: ssl_msg.c:2025 0x3ffb6800: in_left: 0, nb_want: 5

I (5019) mbedtls: ssl_msg.c:2028 0x3ffb6800: ssl->f_recv(_timeout)() returned 5 (-0xfffffffb)

I (5019) mbedtls: ssl_msg.c:2050 0x3ffb6800: <= fetch input

D (5019) mbedtls: ssl_msg.c:3707 0x3ffb6800: input record: msgtype = 22, version = [0x303], msglen = 186

I (5019) mbedtls: ssl_msg.c:1865 0x3ffb6800: => fetch input

I (5019) mbedtls: ssl_msg.c:2005 0x3ffb6800: in_left: 5, nb_want: 191

I (5019) mbedtls: ssl_msg.c:2025 0x3ffb6800: in_left: 5, nb_want: 191

I (5019) mbedtls: ssl_msg.c:2028 0x3ffb6800: ssl->f_recv(_timeout)() returned 186 (-0xffffff46)

I (5019) mbedtls: ssl_msg.c:2050 0x3ffb6800: <= fetch input

D (5019) mbedtls: ssl_msg.c:2948 0x3ffb6800: handshake message: msglen = 186, type = 4, hslen = 186

D (5019) mbedtls: ssl_msg.c:3085 0x3ffb6800: sole handshake fragment: 186, 0..186 of 186

I (5019) mbedtls: ssl_msg.c:4112 0x3ffb6800: <= read record

D (5019) mbedtls: ssl_tls12_client.c:2876 0x3ffb6800: ticket length: 176

D (5019) mbedtls: ssl_misc.h:1295 0x3ffb6800: handshake state: 16 (MBEDTLS_SSL_NEW_SESSION_TICKET) -> 12 (MBEDTLS_SSL_SERVER_CHANGE_CIPHER_SPEC)

D (5019) mbedtls: ssl_tls12_client.c:2920 0x3ffb6800: ticket in use, discarding session id

I (5019) mbedtls: ssl_tls12_client.c:2923 0x3ffb6800: <= parse new session ticket

I (5019) mbedtls: ssl_msg.c:2063 0x3ffb6800: => flush output

I (5029) mbedtls: ssl_msg.c:2072 0x3ffb6800: <= flush output

I (5029) mbedtls: ssl_tls.c:4201 0x3ffb6800: client state: MBEDTLS_SSL_SERVER_CHANGE_CIPHER_SPEC

I (5029) mbedtls: ssl_msg.c:5109 0x3ffb6800: => parse change cipher spec

I (5029) mbedtls: ssl_msg.c:4040 0x3ffb6800: => read record

I (5029) mbedtls: ssl_msg.c:1865 0x3ffb6800: => fetch input

I (5029) mbedtls: ssl_msg.c:2005 0x3ffb6800: in_left: 0, nb_want: 5

I (5029) mbedtls: ssl_msg.c:2025 0x3ffb6800: in_left: 0, nb_want: 5

I (5029) mbedtls: ssl_msg.c:2028 0x3ffb6800: ssl->f_recv(_timeout)() returned 5 (-0xfffffffb)

I (5029) mbedtls: ssl_msg.c:2050 0x3ffb6800: <= fetch input

D (5029) mbedtls: ssl_msg.c:3707 0x3ffb6800: input record: msgtype = 20, version = [0x303], msglen = 1

I (5029) mbedtls: ssl_msg.c:1865 0x3ffb6800: => fetch input

I (5029) mbedtls: ssl_msg.c:2005 0x3ffb6800: in_left: 5, nb_want: 6

I (5029) mbedtls: ssl_msg.c:2025 0x3ffb6800: in_left: 5, nb_want: 6

I (5029) mbedtls: ssl_msg.c:2028 0x3ffb6800: ssl->f_recv(_timeout)() returned 1 (-0xffffffff)

I (5029) mbedtls: ssl_msg.c:2050 0x3ffb6800: <= fetch input

I (5029) mbedtls: ssl_msg.c:4112 0x3ffb6800: <= read record

D (5029) mbedtls: ssl_msg.c:5130 0x3ffb6800: switching to new transform spec for inbound data

D (5029) mbedtls: ssl_misc.h:1295 0x3ffb6800: handshake state: 12 (MBEDTLS_SSL_SERVER_CHANGE_CIPHER_SPEC) -> 13 (MBEDTLS_SSL_SERVER_FINISHED)

I (5029) mbedtls: ssl_msg.c:5157 0x3ffb6800: <= parse change cipher spec

I (5029) mbedtls: ssl_msg.c:2063 0x3ffb6800: => flush output

I (5029) mbedtls: ssl_msg.c:2072 0x3ffb6800: <= flush output

I (5029) mbedtls: ssl_tls.c:4201 0x3ffb6800: client state: MBEDTLS_SSL_SERVER_FINISHED

I (5029) mbedtls: ssl_tls.c:7500 0x3ffb6800: => parse finished

I (5029) mbedtls: ssl_tls.c:7235 0x3ffb6800: => calc PSA finished tls

D (5029) mbedtls: ssl_tls.c:7246 0x3ffb6800: dumping 'PSA calculated padbuf' (48 bytes)

D (5029) mbedtls: ssl_tls.c:7246 0x3ffb6800: 0000:  ba 21 68 8a 05 d6 e4 0f 8a cb ea dc 41 1d de e6  .!h.........A...

D (5029) mbedtls: ssl_tls.c:7246 0x3ffb6800: 0010:  dd ff f2 1c 76 c5 62 81 db 5f 1f 2b 84 f8 ce 4e  ....v.b.._.+...N

D (5029) mbedtls: ssl_tls.c:7246 0x3ffb6800: 0020:  1d fe c3 e6 9d ef 69 f8 78 49 f6 2f b5 51 81 d5  ......i.xI./.Q..

D (5029) mbedtls: ssl_tls.c:7258 0x3ffb6800: dumping 'calc finished result' (12 bytes)

D (5029) mbedtls: ssl_tls.c:7258 0x3ffb6800: 0000:  fd 13 58 a2 26 6a c8 4b 12 09 de 5c              ..X.&j.K...\

I (5029) mbedtls: ssl_tls.c:7262 0x3ffb6800: <= calc finished

I (5029) mbedtls: ssl_msg.c:4040 0x3ffb6800: => read record

I (5029) mbedtls: ssl_msg.c:1865 0x3ffb6800: => fetch input

I (5029) mbedtls: ssl_msg.c:2005 0x3ffb6800: in_left: 0, nb_want: 5

I (5029) mbedtls: ssl_msg.c:2025 0x3ffb6800: in_left: 0, nb_want: 5

I (5029) mbedtls: ssl_msg.c:2028 0x3ffb6800: ssl->f_recv(_timeout)() returned 5 (-0xfffffffb)

I (5029) mbedtls: ssl_msg.c:2050 0x3ffb6800: <= fetch input

D (5029) mbedtls: ssl_msg.c:3707 0x3ffb6800: input record: msgtype = 22, version = [0x303], msglen = 40

I (5029) mbedtls: ssl_msg.c:1865 0x3ffb6800: => fetch input

I (5029) mbedtls: ssl_msg.c:2005 0x3ffb6800: in_left: 5, nb_want: 45

I (5029) mbedtls: ssl_msg.c:2025 0x3ffb6800: in_left: 5, nb_want: 45

I (5029) mbedtls: ssl_msg.c:2028 0x3ffb6800: ssl->f_recv(_timeout)() returned 40 (-0xffffffd8)

I (5029) mbedtls: ssl_msg.c:2050 0x3ffb6800: <= fetch input

I (5029) mbedtls: ssl_msg.c:1301 0x3ffb6800: => decrypt buf

I (5029) mbedtls: ssl_msg.c:1831 0x3ffb6800: <= decrypt buf

D (5029) mbedtls: ssl_msg.c:2948 0x3ffb6800: handshake message: msglen = 16, type = 20, hslen = 16

D (5029) mbedtls: ssl_msg.c:3085 0x3ffb6800: sole handshake fragment: 16, 0..16 of 16

I (5029) mbedtls: ssl_msg.c:4112 0x3ffb6800: <= read record

D (5029) mbedtls: ssl_misc.h:1295 0x3ffb6800: handshake state: 13 (MBEDTLS_SSL_SERVER_FINISHED) -> 14 (MBEDTLS_SSL_FLUSH_BUFFERS)

I (5029) mbedtls: ssl_tls.c:7571 0x3ffb6800: <= parse finished

I (5029) mbedtls: ssl_msg.c:2063 0x3ffb6800: => flush output

I (5029) mbedtls: ssl_msg.c:2072 0x3ffb6800: <= flush output

I (5029) mbedtls: ssl_tls.c:4201 0x3ffb6800: client state: MBEDTLS_SSL_FLUSH_BUFFERS

I (5029) mbedtls: ssl_tls12_client.c:3031 0x3ffb6800: handshake: done

D (5029) mbedtls: ssl_misc.h:1295 0x3ffb6800: handshake state: 14 (MBEDTLS_SSL_FLUSH_BUFFERS) -> 15 (MBEDTLS_SSL_HANDSHAKE_WRAPUP)

I (5029) mbedtls: ssl_msg.c:2063 0x3ffb6800: => flush output

I (5029) mbedtls: ssl_msg.c:2072 0x3ffb6800: <= flush output

I (5029) mbedtls: ssl_tls.c:4201 0x3ffb6800: client state: MBEDTLS_SSL_HANDSHAKE_WRAPUP

D (5029) mbedtls: ssl_tls.c:7322 0x3ffb6800: => handshake wrapup

D (5029) mbedtls: ssl_tls.c:7296 0x3ffb6800: => handshake wrapup: final free

D (5029) mbedtls: ssl_tls.c:7315 0x3ffb6800: <= handshake wrapup: final free

D (5029) mbedtls: ssl_misc.h:1295 0x3ffb6800: handshake state: 15 (MBEDTLS_SSL_HANDSHAKE_WRAPUP) -> 27 (MBEDTLS_SSL_HANDSHAKE_OVER)

D (5029) mbedtls: ssl_tls.c:7376 0x3ffb6800: <= handshake wrapup

I (5029) mbedtls: ssl_tls.c:4293 0x3ffb6800: <= handshake

[phase-a] tcp_connect=2284 us | tls_handshake=335869 us | total=338153 us
[neg] version=TLSv1.2 suite=TLS-ECDHE-ECDSA-WITH-AES-256-GCM-SHA384 peer_cert=0 bytes
[mem] post-handshake         free=200984 largest=110592 min-ever=191260
[ledger] HANDSHAKE_PEAK_DELTA(EC) = 0 bytes (min-ever 191260 -> 191260)
I (5029) mbedtls: ssl_msg.c:5925 0x3ffb6800: => write

I (5029) mbedtls: ssl_msg.c:2654 0x3ffb6800: => write record

I (5029) mbedtls: ssl_msg.c:808 0x3ffb6800: => encrypt buf

D (5029) mbedtls: ssl_msg.c:1036 0x3ffb6800: before encrypt: msglen = 14, including 0 bytes of padding

I (5029) mbedtls: ssl_msg.c:1265 0x3ffb6800: <= encrypt buf

D (5039) mbedtls: ssl_msg.c:2737 0x3ffb6800: output record: msgtype = 23, version = [3:3], msglen = 38

I (5039) mbedtls: ssl_msg.c:2063 0x3ffb6800: => flush output

I (5039) mbedtls: ssl_msg.c:2077 0x3ffb6800: message length: 43, out_left: 43

I (5039) mbedtls: ssl_msg.c:2084 0x3ffb6800: ssl->f_send() returned 43 (-0xffffffd5)

I (5039) mbedtls: ssl_msg.c:2111 0x3ffb6800: <= flush output

I (5039) mbedtls: ssl_msg.c:2790 0x3ffb6800: <= write record

I (5039) mbedtls: ssl_msg.c:5947 0x3ffb6800: <= write

I (5039) mbedtls: ssl_msg.c:5663 0x3ffb6800: => read

I (5039) mbedtls: ssl_msg.c:4040 0x3ffb6800: => read record

I (5039) mbedtls: ssl_msg.c:1865 0x3ffb6800: => fetch input

I (5039) mbedtls: ssl_msg.c:2005 0x3ffb6800: in_left: 0, nb_want: 5

I (5039) mbedtls: ssl_msg.c:2025 0x3ffb6800: in_left: 0, nb_want: 5

I (5039) mbedtls: ssl_msg.c:2028 0x3ffb6800: ssl->f_recv(_timeout)() returned 5 (-0xfffffffb)

I (5039) mbedtls: ssl_msg.c:2050 0x3ffb6800: <= fetch input

D (5039) mbedtls: ssl_msg.c:3707 0x3ffb6800: input record: msgtype = 23, version = [0x303], msglen = 38

I (5039) mbedtls: ssl_msg.c:1865 0x3ffb6800: => fetch input

I (5039) mbedtls: ssl_msg.c:2005 0x3ffb6800: in_left: 5, nb_want: 43

I (5039) mbedtls: ssl_msg.c:2025 0x3ffb6800: in_left: 5, nb_want: 43

I (5039) mbedtls: ssl_msg.c:2028 0x3ffb6800: ssl->f_recv(_timeout)() returned 38 (-0xffffffda)

I (5039) mbedtls: ssl_msg.c:2050 0x3ffb6800: <= fetch input

I (5039) mbedtls: ssl_msg.c:1301 0x3ffb6800: => decrypt buf

I (5039) mbedtls: ssl_msg.c:1831 0x3ffb6800: <= decrypt buf

I (5039) mbedtls: ssl_msg.c:4112 0x3ffb6800: <= read record

I (5039) mbedtls: ssl_msg.c:5823 0x3ffb6800: <= read

[phase-a] app-echo #0 rtt=4214 us payload=14 B
I (5039) mbedtls: ssl_msg.c:5925 0x3ffb6800: => write

I (5039) mbedtls: ssl_msg.c:2654 0x3ffb6800: => write record

I (5039) mbedtls: ssl_msg.c:808 0x3ffb6800: => encrypt buf

D (5039) mbedtls: ssl_msg.c:1036 0x3ffb6800: before encrypt: msglen = 14, including 0 bytes of padding

I (5039) mbedtls: ssl_msg.c:1265 0x3ffb6800: <= encrypt buf

D (5039) mbedtls: ssl_msg.c:2737 0x3ffb6800: output record: msgtype = 23, version = [3:3], msglen = 38

I (5039) mbedtls: ssl_msg.c:2063 0x3ffb6800: => flush output

I (5039) mbedtls: ssl_msg.c:2077 0x3ffb6800: message length: 43, out_left: 43

I (5039) mbedtls: ssl_msg.c:2084 0x3ffb6800: ssl->f_send() returned 43 (-0xffffffd5)

I (5039) mbedtls: ssl_msg.c:2111 0x3ffb6800: <= flush output

I (5039) mbedtls: ssl_msg.c:2790 0x3ffb6800: <= write record

I (5039) mbedtls: ssl_msg.c:5947 0x3ffb6800: <= write

I (5039) mbedtls: ssl_msg.c:5663 0x3ffb6800: => read

I (5039) mbedtls: ssl_msg.c:4040 0x3ffb6800: => read record

I (5039) mbedtls: ssl_msg.c:1865 0x3ffb6800: => fetch input

I (5039) mbedtls: ssl_msg.c:2005 0x3ffb6800: in_left: 0, nb_want: 5

I (5039) mbedtls: ssl_msg.c:2025 0x3ffb6800: in_left: 0, nb_want: 5

I (5039) mbedtls: ssl_msg.c:2028 0x3ffb6800: ssl->f_recv(_timeout)() returned 5 (-0xfffffffb)

I (5039) mbedtls: ssl_msg.c:2050 0x3ffb6800: <= fetch input

D (5039) mbedtls: ssl_msg.c:3707 0x3ffb6800: input record: msgtype = 23, version = [0x303], msglen = 38

I (5039) mbedtls: ssl_msg.c:1865 0x3ffb6800: => fetch input

I (5039) mbedtls: ssl_msg.c:2005 0x3ffb6800: in_left: 5, nb_want: 43

I (5039) mbedtls: ssl_msg.c:2025 0x3ffb6800: in_left: 5, nb_want: 43

I (5039) mbedtls: ssl_msg.c:2028 0x3ffb6800: ssl->f_recv(_timeout)() returned 38 (-0xffffffda)

I (5039) mbedtls: ssl_msg.c:2050 0x3ffb6800: <= fetch input

I (5039) mbedtls: ssl_msg.c:1301 0x3ffb6800: => decrypt buf

I (5039) mbedtls: ssl_msg.c:1831 0x3ffb6800: <= decrypt buf

I (5039) mbedtls: ssl_msg.c:4112 0x3ffb6800: <= read record

I (5039) mbedtls: ssl_msg.c:5823 0x3ffb6800: <= read

[phase-a] app-echo #1 rtt=4007 us payload=14 B
I (5039) mbedtls: ssl_msg.c:5925 0x3ffb6800: => write

I (5039) mbedtls: ssl_msg.c:2654 0x3ffb6800: => write record

I (5039) mbedtls: ssl_msg.c:808 0x3ffb6800: => encrypt buf

D (5039) mbedtls: ssl_msg.c:1036 0x3ffb6800: before encrypt: msglen = 14, including 0 bytes of padding

I (5039) mbedtls: ssl_msg.c:1265 0x3ffb6800: <= encrypt buf

D (5039) mbedtls: ssl_msg.c:2737 0x3ffb6800: output record: msgtype = 23, version = [3:3], msglen = 38

I (5039) mbedtls: ssl_msg.c:2063 0x3ffb6800: => flush output

I (5039) mbedtls: ssl_msg.c:2077 0x3ffb6800: message length: 43, out_left: 43

I (5039) mbedtls: ssl_msg.c:2084 0x3ffb6800: ssl->f_send() returned 43 (-0xffffffd5)

I (5039) mbedtls: ssl_msg.c:2111 0x3ffb6800: <= flush output

I (5039) mbedtls: ssl_msg.c:2790 0x3ffb6800: <= write record

I (5039) mbedtls: ssl_msg.c:5947 0x3ffb6800: <= write

I (5039) mbedtls: ssl_msg.c:5663 0x3ffb6800: => read

I (5039) mbedtls: ssl_msg.c:4040 0x3ffb6800: => read record

I (5039) mbedtls: ssl_msg.c:1865 0x3ffb6800: => fetch input

I (5039) mbedtls: ssl_msg.c:2005 0x3ffb6800: in_left: 0, nb_want: 5

I (5049) mbedtls: ssl_msg.c:2025 0x3ffb6800: in_left: 0, nb_want: 5

I (5049) mbedtls: ssl_msg.c:2028 0x3ffb6800: ssl->f_recv(_timeout)() returned 5 (-0xfffffffb)

I (5049) mbedtls: ssl_msg.c:2050 0x3ffb6800: <= fetch input

D (5049) mbedtls: ssl_msg.c:3707 0x3ffb6800: input record: msgtype = 23, version = [0x303], msglen = 38

I (5049) mbedtls: ssl_msg.c:1865 0x3ffb6800: => fetch input

I (5049) mbedtls: ssl_msg.c:2005 0x3ffb6800: in_left: 5, nb_want: 43

I (5049) mbedtls: ssl_msg.c:2025 0x3ffb6800: in_left: 5, nb_want: 43

I (5049) mbedtls: ssl_msg.c:2028 0x3ffb6800: ssl->f_recv(_timeout)() returned 38 (-0xffffffda)

I (5049) mbedtls: ssl_msg.c:2050 0x3ffb6800: <= fetch input

I (5049) mbedtls: ssl_msg.c:1301 0x3ffb6800: => decrypt buf

I (5049) mbedtls: ssl_msg.c:1831 0x3ffb6800: <= decrypt buf

I (5049) mbedtls: ssl_msg.c:4112 0x3ffb6800: <= read record

I (5049) mbedtls: ssl_msg.c:5823 0x3ffb6800: <= read

[phase-a] app-echo #2 rtt=4208 us payload=14 B
I (5049) mbedtls: ssl_msg.c:5925 0x3ffb6800: => write

I (5049) mbedtls: ssl_msg.c:2654 0x3ffb6800: => write record

I (5049) mbedtls: ssl_msg.c:808 0x3ffb6800: => encrypt buf

D (5049) mbedtls: ssl_msg.c:1036 0x3ffb6800: before encrypt: msglen = 14, including 0 bytes of padding

I (5049) mbedtls: ssl_msg.c:1265 0x3ffb6800: <= encrypt buf

D (5049) mbedtls: ssl_msg.c:2737 0x3ffb6800: output record: msgtype = 23, version = [3:3], msglen = 38

I (5049) mbedtls: ssl_msg.c:2063 0x3ffb6800: => flush output

I (5049) mbedtls: ssl_msg.c:2077 0x3ffb6800: message length: 43, out_left: 43

I (5049) mbedtls: ssl_msg.c:2084 0x3ffb6800: ssl->f_send() returned 43 (-0xffffffd5)

I (5049) mbedtls: ssl_msg.c:2111 0x3ffb6800: <= flush output

I (5049) mbedtls: ssl_msg.c:2790 0x3ffb6800: <= write record

I (5049) mbedtls: ssl_msg.c:5947 0x3ffb6800: <= write

I (5049) mbedtls: ssl_msg.c:5663 0x3ffb6800: => read

I (5049) mbedtls: ssl_msg.c:4040 0x3ffb6800: => read record

I (5049) mbedtls: ssl_msg.c:1865 0x3ffb6800: => fetch input

I (5049) mbedtls: ssl_msg.c:2005 0x3ffb6800: in_left: 0, nb_want: 5

I (5049) mbedtls: ssl_msg.c:2025 0x3ffb6800: in_left: 0, nb_want: 5

I (5049) mbedtls: ssl_msg.c:2028 0x3ffb6800: ssl->f_recv(_timeout)() returned 5 (-0xfffffffb)

I (5049) mbedtls: ssl_msg.c:2050 0x3ffb6800: <= fetch input

D (5049) mbedtls: ssl_msg.c:3707 0x3ffb6800: input record: msgtype = 23, version = [0x303], msglen = 38

I (5049) mbedtls: ssl_msg.c:1865 0x3ffb6800: => fetch input

I (5049) mbedtls: ssl_msg.c:2005 0x3ffb6800: in_left: 5, nb_want: 43

I (5049) mbedtls: ssl_msg.c:2025 0x3ffb6800: in_left: 5, nb_want: 43

I (5049) mbedtls: ssl_msg.c:2028 0x3ffb6800: ssl->f_recv(_timeout)() returned 38 (-0xffffffda)

I (5049) mbedtls: ssl_msg.c:2050 0x3ffb6800: <= fetch input

I (5049) mbedtls: ssl_msg.c:1301 0x3ffb6800: => decrypt buf

I (5049) mbedtls: ssl_msg.c:1831 0x3ffb6800: <= decrypt buf

I (5049) mbedtls: ssl_msg.c:4112 0x3ffb6800: <= read record

I (5049) mbedtls: ssl_msg.c:5823 0x3ffb6800: <= read

[phase-a] app-echo #3 rtt=4141 us payload=14 B
I (5049) mbedtls: ssl_msg.c:5925 0x3ffb6800: => write

I (5049) mbedtls: ssl_msg.c:2654 0x3ffb6800: => write record

I (5049) mbedtls: ssl_msg.c:808 0x3ffb6800: => encrypt buf

D (5049) mbedtls: ssl_msg.c:1036 0x3ffb6800: before encrypt: msglen = 14, including 0 bytes of padding

I (5049) mbedtls: ssl_msg.c:1265 0x3ffb6800: <= encrypt buf

D (5049) mbedtls: ssl_msg.c:2737 0x3ffb6800: output record: msgtype = 23, version = [3:3], msglen = 38

I (5049) mbedtls: ssl_msg.c:2063 0x3ffb6800: => flush output

I (5049) mbedtls: ssl_msg.c:2077 0x3ffb6800: message length: 43, out_left: 43

I (5049) mbedtls: ssl_msg.c:2084 0x3ffb6800: ssl->f_send() returned 43 (-0xffffffd5)

I (5049) mbedtls: ssl_msg.c:2111 0x3ffb6800: <= flush output

I (5049) mbedtls: ssl_msg.c:2790 0x3ffb6800: <= write record

I (5049) mbedtls: ssl_msg.c:5947 0x3ffb6800: <= write

I (5049) mbedtls: ssl_msg.c:5663 0x3ffb6800: => read

I (5049) mbedtls: ssl_msg.c:4040 0x3ffb6800: => read record

I (5049) mbedtls: ssl_msg.c:1865 0x3ffb6800: => fetch input

I (5049) mbedtls: ssl_msg.c:2005 0x3ffb6800: in_left: 0, nb_want: 5

I (5049) mbedtls: ssl_msg.c:2025 0x3ffb6800: in_left: 0, nb_want: 5

I (5049) mbedtls: ssl_msg.c:2028 0x3ffb6800: ssl->f_recv(_timeout)() returned 5 (-0xfffffffb)

I (5049) mbedtls: ssl_msg.c:2050 0x3ffb6800: <= fetch input

D (5049) mbedtls: ssl_msg.c:3707 0x3ffb6800: input record: msgtype = 23, version = [0x303], msglen = 38

I (5049) mbedtls: ssl_msg.c:1865 0x3ffb6800: => fetch input

I (5049) mbedtls: ssl_msg.c:2005 0x3ffb6800: in_left: 5, nb_want: 43

I (5049) mbedtls: ssl_msg.c:2025 0x3ffb6800: in_left: 5, nb_want: 43

I (5049) mbedtls: ssl_msg.c:2028 0x3ffb6800: ssl->f_recv(_timeout)() returned 38 (-0xffffffda)

I (5049) mbedtls: ssl_msg.c:2050 0x3ffb6800: <= fetch input

I (5049) mbedtls: ssl_msg.c:1301 0x3ffb6800: => decrypt buf

I (5049) mbedtls: ssl_msg.c:1831 0x3ffb6800: <= decrypt buf

I (5059) mbedtls: ssl_msg.c:4112 0x3ffb6800: <= read record

I (5059) mbedtls: ssl_msg.c:5823 0x3ffb6800: <= read

[phase-a] app-echo #4 rtt=4169 us payload=14 B
[mem] post-session           free=200984 largest=110592 min-ever=191260
[mem-tick] t=    3462 ms phase=closing      free=226904
[mem-tick] t=    3562 ms phase=closing      free=226904
[mem-tick] t=    3663 ms phase=closing      free=226904
[mem-tick] t=    3762 ms phase=closing      free=226904
[mem-tick] t=    3862 ms phase=closing      free=226904
[ledger] CLOSED(EC): free now=226904, before-this-phase=226904, retained=0
[mem-tick] t=    3962 ms phase=EC-settled   free=226904
[mem-tick] t=    4062 ms phase=EC-settled   free=226904
[mem-tick] t=    4162 ms phase=EC-settled   free=226904
[mem-tick] t=    4263 ms phase=EC-settled   free=226904
[mem] settled                free=226904 largest=110592 min-ever=191260

===== PHASE D: throughput plain-vs-tls (3 rounds interleaved, 1024B x 2048 msgs each) =====
W (5959) esp-tls-mbedtls: skip_common_name=true: hostname matching and SNI disabled. This disables ALL server-name authentication (CN/SAN/SNI), not just CN. Only intended for loopback / debug clients.
D (5959) esp-tls: handshake in progress...
I (5959) mbedtls: ssl_tls.c:4282 0x3ffb6800: => handshake

I (5969) mbedtls: ssl_msg.c:2063 0x3ffb6800: => flush output

I (5969) mbedtls: ssl_msg.c:2072 0x3ffb6800: <= flush output

I (5969) mbedtls: ssl_tls.c:4201 0x3ffb6800: client state: MBEDTLS_SSL_HELLO_REQUEST

D (5969) mbedtls: ssl_misc.h:1295 0x3ffb6800: handshake state: 0 (MBEDTLS_SSL_HELLO_REQUEST) -> 1 (MBEDTLS_SSL_CLIENT_HELLO)

I (5969) mbedtls: ssl_msg.c:2063 0x3ffb6800: => flush output

I (5969) mbedtls: ssl_msg.c:2072 0x3ffb6800: <= flush output

I (5969) mbedtls: ssl_tls.c:4201 0x3ffb6800: client state: MBEDTLS_SSL_CLIENT_HELLO

I (5969) mbedtls: ssl_client.c:917 0x3ffb6800: => write client hello

D (5979) mbedtls: ssl_client.c:722 0x3ffb6800: client hello, current time: 4

D (5979) mbedtls: ssl_client.c:485 0x3ffb6800: dumping 'client hello, random bytes' (32 bytes)

D (5979) mbedtls: ssl_client.c:485 0x3ffb6800: 0000:  00 00 00 04 c5 63 37 bc 81 de 61 b7 2d bd 60 fa  .....c7...a.-.`.

D (5979) mbedtls: ssl_client.c:485 0x3ffb6800: 0010:  cf c2 fe 27 d1 1c aa ac 01 ba 89 e1 90 1c 6e 8c  ...'..........n.

D (5979) mbedtls: ssl_client.c:510 0x3ffb6800: dumping 'session id' (0 bytes)

D (5979) mbedtls: ssl_client.c:368 0x3ffb6800: client hello, add ciphersuite: c02c, TLS-ECDHE-ECDSA-WITH-AES-256-GCM-SHA384

D (5989) mbedtls: ssl_client.c:368 0x3ffb6800: client hello, add ciphersuite: c030, TLS-ECDHE-RSA-WITH-AES-256-GCM-SHA384

D (5989) mbedtls: ssl_client.c:368 0x3ffb6800: client hello, add ciphersuite: c0ad, TLS-ECDHE-ECDSA-WITH-AES-256-CCM

D (5989) mbedtls: ssl_client.c:368 0x3ffb6800: client hello, add ciphersuite: c024, TLS-ECDHE-ECDSA-WITH-AES-256-CBC-SHA384

D (5989) mbedtls: ssl_client.c:368 0x3ffb6800: client hello, add ciphersuite: c028, TLS-ECDHE-RSA-WITH-AES-256-CBC-SHA384

D (5989) mbedtls: ssl_client.c:368 0x3ffb6800: client hello, add ciphersuite: c00a, TLS-ECDHE-ECDSA-WITH-AES-256-CBC-SHA

D (5989) mbedtls: ssl_client.c:368 0x3ffb6800: client hello, add ciphersuite: c014, TLS-ECDHE-RSA-WITH-AES-256-CBC-SHA

D (5989) mbedtls: ssl_client.c:368 0x3ffb6800: client hello, add ciphersuite: c0af, TLS-ECDHE-ECDSA-WITH-AES-256-CCM-8

D (5989) mbedtls: ssl_client.c:368 0x3ffb6800: client hello, add ciphersuite: c02b, TLS-ECDHE-ECDSA-WITH-AES-128-GCM-SHA256

D (5999) mbedtls: ssl_client.c:368 0x3ffb6800: client hello, add ciphersuite: c02f, TLS-ECDHE-RSA-WITH-AES-128-GCM-SHA256

D (5999) mbedtls: ssl_client.c:368 0x3ffb6800: client hello, add ciphersuite: c0ac, TLS-ECDHE-ECDSA-WITH-AES-128-CCM

D (5999) mbedtls: ssl_client.c:368 0x3ffb6800: client hello, add ciphersuite: c023, TLS-ECDHE-ECDSA-WITH-AES-128-CBC-SHA256

D (5999) mbedtls: ssl_client.c:368 0x3ffb6800: client hello, add ciphersuite: c027, TLS-ECDHE-RSA-WITH-AES-128-CBC-SHA256

D (5999) mbedtls: ssl_client.c:368 0x3ffb6800: client hello, add ciphersuite: c009, TLS-ECDHE-ECDSA-WITH-AES-128-CBC-SHA

D (5999) mbedtls: ssl_client.c:368 0x3ffb6800: client hello, add ciphersuite: c013, TLS-ECDHE-RSA-WITH-AES-128-CBC-SHA

D (5999) mbedtls: ssl_client.c:368 0x3ffb6800: client hello, add ciphersuite: c0ae, TLS-ECDHE-ECDSA-WITH-AES-128-CCM-8

D (6009) mbedtls: ssl_client.c:386 0x3ffb6800: adding EMPTY_RENEGOTIATION_INFO_SCSV

D (6009) mbedtls: ssl_client.c:395 0x3ffb6800: client hello, got 17 cipher suites

D (6009) mbedtls: ssl_client.c:229 0x3ffb6800: client hello, adding supported_groups extension

D (6009) mbedtls: ssl_client.c:248 0x3ffb6800: got supported group(001d)

D (6009) mbedtls: ssl_client.c:280 0x3ffb6800: NamedGroup: x25519 ( 1d )

D (6009) mbedtls: ssl_client.c:248 0x3ffb6800: got supported group(0017)

D (6009) mbedtls: ssl_client.c:280 0x3ffb6800: NamedGroup: secp256r1 ( 17 )

D (6009) mbedtls: ssl_client.c:248 0x3ffb6800: got supported group(0018)

D (6009) mbedtls: ssl_client.c:280 0x3ffb6800: NamedGroup: secp384r1 ( 18 )

D (6009) mbedtls: ssl_client.c:248 0x3ffb6800: got supported group(001e)

D (6019) mbedtls: ssl_client.c:280 0x3ffb6800: NamedGroup: x448 ( 1e )

D (6019) mbedtls: ssl_client.c:248 0x3ffb6800: got supported group(0019)

D (6019) mbedtls: ssl_client.c:280 0x3ffb6800: NamedGroup: secp521r1 ( 19 )

D (6019) mbedtls: ssl_client.c:248 0x3ffb6800: got supported group(001a)

D (6019) mbedtls: ssl_client.c:280 0x3ffb6800: NamedGroup: bp256r1 ( 1a )

D (6019) mbedtls: ssl_client.c:248 0x3ffb6800: got supported group(001b)

D (6019) mbedtls: ssl_client.c:280 0x3ffb6800: NamedGroup: bp384r1 ( 1b )

[mem-tick] t=    4390 ms phase=thr-setup    free=193300
D (6019) mbedtls: ssl_client.c:248 0x3ffb6800: got supported group(001c)

D (6019) esp-tls-mbedtls: No custom cipher suites provided - using default
D (6019) mbedtls: ssl_client.c:280 0x3ffb6800: NamedGroup: bp512r1 ( 1c )

D (6029) mbedtls: ssl_client.c:248 0x3ffb6800: got supported group(0100)

I (6029) mbedtls: ssl_tls.c:4282 0x3ffc65b4: => handshake

D (6029) mbedtls: ssl_client.c:248 0x3ffb6800: got supported group(0101)

I (6029) mbedtls: ssl_msg.c:2063 0x3ffc65b4: => flush output

I (6029) mbedtls: ssl_msg.c:2072 0x3ffc65b4: <= flush output

D (6029) mbedtls: ssl_client.c:248 0x3ffb6800: got supported group(0102)

I (6029) mbedtls: ssl_tls12_server.c:3429 0x3ffc65b4: server state: 0

D (6029) mbedtls: ssl_client.c:248 0x3ffb6800: got supported group(0103)

D (6029) mbedtls: ssl_misc.h:1295 0x3ffc65b4: handshake state: 0 (MBEDTLS_SSL_HELLO_REQUEST) -> 1 (MBEDTLS_SSL_CLIENT_HELLO)

D (6029) mbedtls: ssl_client.c:248 0x3ffb6800: got supported group(0104)

I (6029) mbedtls: ssl_msg.c:2063 0x3ffc65b4: => flush output

I (6029) mbedtls: ssl_msg.c:2072 0x3ffc65b4: <= flush output

D (6029) mbedtls: ssl_client.c:300 0x3ffb6800: dumping 'Supported groups extension' (18 bytes)

D (6029) mbedtls: ssl_client.c:300 0x3ffb6800: 0000:  00 10 00 1d 00 17 00 18 00 1e 00 19 00 1a 00 1b  ................

D (6039) mbedtls: ssl_client.c:300 0x3ffb6800: 0010:  00 1c                                            ..

I (6039) mbedtls: ssl_tls12_server.c:3429 0x3ffc65b4: server state: 1

D (6039) mbedtls: ssl_tls.c:8276 0x3ffb6800: adding signature_algorithms extension

D (6039) mbedtls: ssl_tls.c:8296 0x3ffb6800: got signature scheme [603] ecdsa_secp521r1_sha512

D (6039) mbedtls: ssl_tls.c:8305 0x3ffb6800: sent signature scheme [603] ecdsa_secp521r1_sha512

D (6039) mbedtls: ssl_tls.c:8296 0x3ffb6800: got signature scheme [806] rsa_pss_rsae_sha512

D (6039) mbedtls: ssl_tls.c:8296 0x3ffb6800: got signature scheme [601] rsa_pkcs1_sha512

D (6039) mbedtls: ssl_tls.c:8305 0x3ffb6800: sent signature scheme [601] rsa_pkcs1_sha512

D (6039) mbedtls: ssl_tls.c:8296 0x3ffb6800: got signature scheme [503] ecdsa_secp384r1_sha384

D (6039) mbedtls: ssl_tls.c:8305 0x3ffb6800: sent signature scheme [503] ecdsa_secp384r1_sha384

D (6039) mbedtls: ssl_tls.c:8296 0x3ffb6800: got signature scheme [805] rsa_pss_rsae_sha384

D (6039) mbedtls: ssl_tls.c:8296 0x3ffb6800: got signature scheme [501] rsa_pkcs1_sha384

D (6039) mbedtls: ssl_tls.c:8305 0x3ffb6800: sent signature scheme [501] rsa_pkcs1_sha384

D (6039) mbedtls: ssl_tls.c:8296 0x3ffb6800: got signature scheme [403] ecdsa_secp256r1_sha256

D (6039) mbedtls: ssl_tls.c:8305 0x3ffb6800: sent signature scheme [403] ecdsa_secp256r1_sha256

D (6039) mbedtls: ssl_tls.c:8296 0x3ffb6800: got signature scheme [804] rsa_pss_rsae_sha256

D (6039) mbedtls: ssl_tls.c:8296 0x3ffb6800: got signature scheme [401] rsa_pkcs1_sha256

D (6039) mbedtls: ssl_tls.c:8305 0x3ffb6800: sent signature scheme [401] rsa_pkcs1_sha256

D (6039) mbedtls: ssl_tls12_client.c:103 0x3ffb6800: client hello, adding supported_point_formats extension

D (6039) mbedtls: ssl_tls12_client.c:287 0x3ffb6800: client hello, adding encrypt_then_mac extension

D (6039) mbedtls: ssl_tls12_client.c:319 0x3ffb6800: client hello, adding extended_master_secret extension

D (6039) mbedtls: ssl_tls12_client.c:352 0x3ffb6800: client hello, adding session ticket extension

D (6039) mbedtls: ssl_client.c:687 0x3ffb6800: client hello, total extension length: 58

D (6039) mbedtls: ssl_client.c:689 0x3ffb6800: dumping 'client hello extensions' (58 bytes)

D (6039) mbedtls: ssl_client.c:689 0x3ffb6800: 0000:  00 3a 00 0a 00 12 00 10 00 1d 00 17 00 18 00 1e  .:..............

D (6039) mbedtls: ssl_client.c:689 0x3ffb6800: 0010:  00 19 00 1a 00 1b 00 1c 00 0d 00 0e 00 0c 06 03  ................

D (6039) mbedtls: ssl_client.c:689 0x3ffb6800: 0020:  06 01 05 03 05 01 04 03 04 01 00 0b 00 02 01 00  ................

D (6039) mbedtls: ssl_client.c:689 0x3ffb6800: 0030:  00 16 00 00 00 17 00 00 00 23                    .........#

I (6039) mbedtls: ssl_msg.c:2494 0x3ffb6800: => write handshake message

I (6039) mbedtls: ssl_msg.c:2654 0x3ffb6800: => write record

D (6039) mbedtls: ssl_msg.c:2737 0x3ffb6800: output record: msgtype = 22, version = [3:3], msglen = 137

I (6039) mbedtls: ssl_msg.c:2790 0x3ffb6800: <= write record

I (6039) mbedtls: ssl_msg.c:2615 0x3ffb6800: <= write handshake message

D (6039) mbedtls: ssl_misc.h:1295 0x3ffb6800: handshake state: 1 (MBEDTLS_SSL_CLIENT_HELLO) -> 2 (MBEDTLS_SSL_SERVER_HELLO)

I (6049) mbedtls: ssl_client.c:1010 0x3ffb6800: <= write client hello

I (6049) mbedtls: ssl_msg.c:2063 0x3ffb6800: => flush output

I (6049) mbedtls: ssl_msg.c:2077 0x3ffb6800: message length: 142, out_left: 142

I (6049) mbedtls: ssl_msg.c:2084 0x3ffb6800: ssl->f_send() returned 142 (-0xffffff72)

I (6049) mbedtls: ssl_msg.c:2111 0x3ffb6800: <= flush output

I (6049) mbedtls: ssl_tls.c:4201 0x3ffb6800: client state: MBEDTLS_SSL_SERVER_HELLO

I (6049) mbedtls: ssl_tls12_client.c:1151 0x3ffb6800: => parse server hello

I (6049) mbedtls: ssl_msg.c:4040 0x3ffb6800: => read record

I (6049) mbedtls: ssl_msg.c:1865 0x3ffb6800: => fetch input

I (6049) mbedtls: ssl_msg.c:2005 0x3ffb6800: in_left: 0, nb_want: 5

I (6049) mbedtls: ssl_tls12_server.c:870 0x3ffc65b4: => parse client hello

I (6049) mbedtls: ssl_msg.c:4040 0x3ffc65b4: => read record

I (6049) mbedtls: ssl_msg.c:1865 0x3ffc65b4: => fetch input

I (6049) mbedtls: ssl_msg.c:2005 0x3ffc65b4: in_left: 0, nb_want: 5

I (6049) mbedtls: ssl_msg.c:2025 0x3ffc65b4: in_left: 0, nb_want: 5

I (6049) mbedtls: ssl_msg.c:2028 0x3ffc65b4: ssl->f_recv(_timeout)() returned 5 (-0xfffffffb)

I (6049) mbedtls: ssl_msg.c:2050 0x3ffc65b4: <= fetch input

D (6049) mbedtls: ssl_msg.c:3707 0x3ffc65b4: input record: msgtype = 22, version = [0x303], msglen = 137

I (6049) mbedtls: ssl_msg.c:1865 0x3ffc65b4: => fetch input

I (6049) mbedtls: ssl_msg.c:2005 0x3ffc65b4: in_left: 5, nb_want: 142

I (6049) mbedtls: ssl_msg.c:2025 0x3ffc65b4: in_left: 5, nb_want: 142

I (6049) mbedtls: ssl_msg.c:2028 0x3ffc65b4: ssl->f_recv(_timeout)() returned 137 (-0xffffff77)

I (6049) mbedtls: ssl_msg.c:2050 0x3ffc65b4: <= fetch input

D (6049) mbedtls: ssl_msg.c:2948 0x3ffc65b4: handshake message: msglen = 137, type = 1, hslen = 137

D (6049) mbedtls: ssl_msg.c:3085 0x3ffc65b4: sole handshake fragment: 137, 0..137 of 137

I (6049) mbedtls: ssl_msg.c:4112 0x3ffc65b4: <= read record

D (6049) mbedtls: ssl_tls12_server.c:981 0x3ffc65b4: dumping 'client hello, version' (2 bytes)

D (6049) mbedtls: ssl_tls12_server.c:981 0x3ffc65b4: 0000:  03 03                                            ..

D (6049) mbedtls: ssl_tls12_server.c:998 0x3ffc65b4: dumping 'client hello, random bytes' (32 bytes)

D (6049) mbedtls: ssl_tls12_server.c:998 0x3ffc65b4: 0000:  00 00 00 04 c5 63 37 bc 81 de 61 b7 2d bd 60 fa  .....c7...a.-.`.

D (6049) mbedtls: ssl_tls12_server.c:998 0x3ffc65b4: 0010:  cf c2 fe 27 d1 1c aa ac 01 ba 89 e1 90 1c 6e 8c  ...'..........n.

D (6049) mbedtls: ssl_tls12_server.c:1015 0x3ffc65b4: dumping 'client hello, session id' (0 bytes)

D (6049) mbedtls: ssl_tls12_server.c:1088 0x3ffc65b4: dumping 'client hello, ciphersuitelist' (34 bytes)

D (6049) mbedtls: ssl_tls12_server.c:1088 0x3ffc65b4: 0000:  c0 2c c0 30 c0 ad c0 24 c0 28 c0 0a c0 14 c0 af  .,.0...$.(......

D (6049) mbedtls: ssl_tls12_server.c:1088 0x3ffc65b4: 0010:  c0 2b c0 2f c0 ac c0 23 c0 27 c0 09 c0 13 c0 ae  .+./...#.'......

D (6049) mbedtls: ssl_tls12_server.c:1088 0x3ffc65b4: 0020:  00 ff                                            ..

D (6049) mbedtls: ssl_tls12_server.c:1110 0x3ffc65b4: dumping 'client hello, compression' (1 bytes)

D (6049) mbedtls: ssl_tls12_server.c:1110 0x3ffc65b4: 0000:  00                                               .

D (6049) mbedtls: ssl_tls12_server.c:1138 0x3ffc65b4: dumping 'client hello extensions' (58 bytes)

D (6049) mbedtls: ssl_tls12_server.c:1138 0x3ffc65b4: 0000:  00 0a 00 12 00 10 00 1d 00 17 00 18 00 1e 00 19  ................

D (6049) mbedtls: ssl_tls12_server.c:1138 0x3ffc65b4: 0010:  00 1a 00 1b 00 1c 00 0d 00 0e 00 0c 06 03 06 01  ................

D (6049) mbedtls: ssl_tls12_server.c:1138 0x3ffc65b4: 0020:  05 03 05 01 04 03 04 01 00 0b 00 02 01 00 00 16  ................

D (6049) mbedtls: ssl_tls12_server.c:1138 0x3ffc65b4: 0030:  00 00 00 17 00 00 00 23 00 00                    .......#..

D (6049) mbedtls: ssl_tls12_server.c:1199 0x3ffc65b4: found supported elliptic curves extension

D (6049) mbedtls: ssl_tls12_server.c:1184 0x3ffc65b4: found signature_algorithms extension

D (6059) mbedtls: ssl_tls12_server.c:1208 0x3ffc65b4: found supported point formats extension

D (6059) mbedtls: ssl_tls12_server.c:1255 0x3ffc65b4: found encrypt then mac extension

D (6059) mbedtls: ssl_tls12_server.c:1266 0x3ffc65b4: found extended master secret extension

D (6059) mbedtls: ssl_tls12_server.c:1277 0x3ffc65b4: found session ticket extension

D (6059) mbedtls: ssl_tls12_server.c:1356 0x3ffc65b4: received TLS_EMPTY_RENEGOTIATION_INFO 

D (6059) mbedtls: ssl_tls12_server.c:768 0x3ffc65b4: trying ciphersuite: 0xc02c (TLS-ECDHE-ECDSA-WITH-AES-256-GCM-SHA384)

D (6059) mbedtls: ssl_tls12_server.c:677 0x3ffc65b4: ciphersuite requires certificate

D (6059) mbedtls: ssl_tls12_server.c:686 0x3ffc65b4: candidate certificate chain, certificate #1:

D (6059) mbedtls: ssl_tls12_server.c:686 0x3ffc65b4: cert. version     : 3

D (6059) mbedtls: ssl_tls12_server.c:686 0x3ffc65b4: serial number     : 77:66:A5:9D:AF:14:9E:F2:03:F7:3C:2B:1A:5C:81:86:F8:A3:4E:52

D (6059) mbedtls: ssl_tls12_server.c:686 0x3ffc65b4: issuer name       : CN=localhost

D (6059) mbedtls: ssl_tls12_server.c:686 0x3ffc65b4: subject name      : CN=localhost

D (6059) mbedtls: ssl_tls12_server.c:686 0x3ffc65b4: issued  on        : 2026-08-26 20:20:30

D (6059) mbedtls: ssl_tls12_server.c:686 0x3ffc65b4: expires on        : 2026-09-25 20:20:30

D (6059) mbedtls: ssl_tls12_server.c:686 0x3ffc65b4: signed using      : RSA with SHA-256

D (6059) mbedtls: ssl_tls12_server.c:686 0x3ffc65b4: RSA key size      : 2048 bits

D (6059) mbedtls: ssl_tls12_server.c:686 0x3ffc65b4: basic constraints : CA=true

D (6059) mbedtls: ssl_tls12_server.c:686 0x3ffc65b4: dumping 'crt->PK' (270 bytes)

D (6059) mbedtls: ssl_tls12_server.c:686 0x3ffc65b4: 0000:  30 82 01 0a 02 82 01 01 00 dd 03 19 3e 8f 4a 05

D (6059) mbedtls: ssl_tls12_server.c:686 0x3ffc65b4: 0010:  9c d6 74 e1 46 bc 40 7a 7e af 78 09 38 f6 d0 1c

D (6059) mbedtls: ssl_tls12_server.c:686 0x3ffc65b4: 0020:  9d e4 2b 18 4c a1 87 f6 83 55 82 2d e0 21 fb b2

D (6059) mbedtls: ssl_tls12_server.c:686 0x3ffc65b4: 0030:  00 2f 9b 98 36 24 73 47 a2 11 bb 50 05 1c 9e 40

D (6059) mbedtls: ssl_tls12_server.c:686 0x3ffc65b4: 0040:  41 c9 de 81 7e a1 eb 82 48 35 d0 51 24 0d 22 bd

D (6059) mbedtls: ssl_tls12_server.c:686 0x3ffc65b4: 0050:  7e c7 0b 60 74 e2 60 3e 76 de c1 3d b5 9f e9 d2

D (6059) mbedtls: ssl_tls12_server.c:686 0x3ffc65b4: 0060:  ac 90 d3 84 2a 75 7c 41 8a 11 14 c8 bc 09 7b 9d

D (6059) mbedtls: ssl_tls12_server.c:686 0x3ffc65b4: 0070:  45 54 95 c1 50 05 be f1 34 c0 05 55 f5 a2 b3 a8

D (6059) mbedtls: ssl_tls12_server.c:686 0x3ffc65b4: 0080:  24 f6 ab 22 df 72 97 ef b5 8f e4 fe 49 be 4f c1

D (6059) mbedtls: ssl_tls12_server.c:686 0x3ffc65b4: 0090:  08 e0 39 7a cd ba 74 2e d1 20 74 ad 6b 59 ab 86

D (6059) mbedtls: ssl_tls12_server.c:686 0x3ffc65b4: 00a0:  5d 29 ab 81 f0 c1 22 3f 01 b9 0b a1 fb ee 70 9f

D (6059) mbedtls: ssl_tls12_server.c:686 0x3ffc65b4: 00b0:  eb 29 5e 9f 1d 6a 0d dc 65 fd 5e 5d 38 0c 1a c3

D (6059) mbedtls: ssl_tls12_server.c:686 0x3ffc65b4: 00c0:  ae b7 b7 2f 66 23 82 80 ab 7d 69 7c 8f 95 ab e8

D (6059) mbedtls: ssl_tls12_server.c:686 0x3ffc65b4: 00d0:  c0 4d 21 42 7d 78 c8 25 8b 60 f6 0d 87 c9 f4 df

D (6059) mbedtls: ssl_tls12_server.c:686 0x3ffc65b4: 00e0:  36 bf 16 7c 59 16 d1 09 ec 17 67 cf 5d 9f 8f 78

D (6059) mbedtls: ssl_tls12_server.c:686 0x3ffc65b4: 00f0:  8c 3d d0 02 18 d5 bc a7 19 f4 51 fe 1d b3 20 40

D (6059) mbedtls: ssl_tls12_server.c:686 0x3ffc65b4: 0100:  67 7e 3a cc 30 f3 8d a0 ef 02 03 01 00 01      

D (6059) mbedtls: ssl_tls12_server.c:700 0x3ffc65b4: certificate mismatch: key type

D (6059) mbedtls: ssl_tls12_server.c:819 0x3ffc65b4: ciphersuite mismatch: no suitable certificate

D (6059) mbedtls: ssl_tls12_server.c:768 0x3ffc65b4: trying ciphersuite: 0xc030 (TLS-ECDHE-RSA-WITH-AES-256-GCM-SHA384)

D (6059) mbedtls: ssl_tls12_server.c:677 0x3ffc65b4: ciphersuite requires certificate

D (6059) mbedtls: ssl_tls12_server.c:686 0x3ffc65b4: candidate certificate chain, certificate #1:

D (6059) mbedtls: ssl_tls12_server.c:686 0x3ffc65b4: cert. version     : 3

D (6059) mbedtls: ssl_tls12_server.c:686 0x3ffc65b4: serial number     : 77:66:A5:9D:AF:14:9E:F2:03:F7:3C:2B:1A:5C:81:86:F8:A3:4E:52

D (6059) mbedtls: ssl_tls12_server.c:686 0x3ffc65b4: issuer name       : CN=localhost

D (6059) mbedtls: ssl_tls12_server.c:686 0x3ffc65b4: subject name      : CN=localhost

D (6069) mbedtls: ssl_tls12_server.c:686 0x3ffc65b4: issued  on        : 2026-08-26 20:20:30

D (6069) mbedtls: ssl_tls12_server.c:686 0x3ffc65b4: expires on        : 2026-09-25 20:20:30

D (6069) mbedtls: ssl_tls12_server.c:686 0x3ffc65b4: signed using      : RSA with SHA-256

D (6069) mbedtls: ssl_tls12_server.c:686 0x3ffc65b4: RSA key size      : 2048 bits

D (6069) mbedtls: ssl_tls12_server.c:686 0x3ffc65b4: basic constraints : CA=true

D (6069) mbedtls: ssl_tls12_server.c:686 0x3ffc65b4: dumping 'crt->PK' (270 bytes)

D (6069) mbedtls: ssl_tls12_server.c:686 0x3ffc65b4: 0000:  30 82 01 0a 02 82 01 01 00 dd 03 19 3e 8f 4a 05

D (6069) mbedtls: ssl_tls12_server.c:686 0x3ffc65b4: 0010:  9c d6 74 e1 46 bc 40 7a 7e af 78 09 38 f6 d0 1c

D (6069) mbedtls: ssl_tls12_server.c:686 0x3ffc65b4: 0020:  9d e4 2b 18 4c a1 87 f6 83 55 82 2d e0 21 fb b2

D (6069) mbedtls: ssl_tls12_server.c:686 0x3ffc65b4: 0030:  00 2f 9b 98 36 24 73 47 a2 11 bb 50 05 1c 9e 40

D (6069) mbedtls: ssl_tls12_server.c:686 0x3ffc65b4: 0040:  41 c9 de 81 7e a1 eb 82 48 35 d0 51 24 0d 22 bd

D (6069) mbedtls: ssl_tls12_server.c:686 0x3ffc65b4: 0050:  7e c7 0b 60 74 e2 60 3e 76 de c1 3d b5 9f e9 d2

D (6069) mbedtls: ssl_tls12_server.c:686 0x3ffc65b4: 0060:  ac 90 d3 84 2a 75 7c 41 8a 11 14 c8 bc 09 7b 9d

D (6069) mbedtls: ssl_tls12_server.c:686 0x3ffc65b4: 0070:  45 54 95 c1 50 05 be f1 34 c0 05 55 f5 a2 b3 a8

D (6069) mbedtls: ssl_tls12_server.c:686 0x3ffc65b4: 0080:  24 f6 ab 22 df 72 97 ef b5 8f e4 fe 49 be 4f c1

D (6069) mbedtls: ssl_tls12_server.c:686 0x3ffc65b4: 0090:  08 e0 39 7a cd ba 74 2e d1 20 74 ad 6b 59 ab 86

D (6069) mbedtls: ssl_tls12_server.c:686 0x3ffc65b4: 00a0:  5d 29 ab 81 f0 c1 22 3f 01 b9 0b a1 fb ee 70 9f

D (6069) mbedtls: ssl_tls12_server.c:686 0x3ffc65b4: 00b0:  eb 29 5e 9f 1d 6a 0d dc 65 fd 5e 5d 38 0c 1a c3

D (6069) mbedtls: ssl_tls12_server.c:686 0x3ffc65b4: 00c0:  ae b7 b7 2f 66 23 82 80 ab 7d 69 7c 8f 95 ab e8

D (6069) mbedtls: ssl_tls12_server.c:686 0x3ffc65b4: 00d0:  c0 4d 21 42 7d 78 c8 25 8b 60 f6 0d 87 c9 f4 df

D (6069) mbedtls: ssl_tls12_server.c:686 0x3ffc65b4: 00e0:  36 bf 16 7c 59 16 d1 09 ec 17 67 cf 5d 9f 8f 78

D (6069) mbedtls: ssl_tls12_server.c:686 0x3ffc65b4: 00f0:  8c 3d d0 02 18 d5 bc a7 19 f4 51 fe 1d b3 20 40

D (6069) mbedtls: ssl_tls12_server.c:686 0x3ffc65b4: 0100:  67 7e 3a cc 30 f3 8d a0 ef 02 03 01 00 01      

D (6069) mbedtls: ssl_tls12_server.c:737 0x3ffc65b4: selected certificate chain, certificate #1:

D (6069) mbedtls: ssl_tls12_server.c:737 0x3ffc65b4: cert. version     : 3

D (6069) mbedtls: ssl_tls12_server.c:737 0x3ffc65b4: serial number     : 77:66:A5:9D:AF:14:9E:F2:03:F7:3C:2B:1A:5C:81:86:F8:A3:4E:52

D (6069) mbedtls: ssl_tls12_server.c:737 0x3ffc65b4: issuer name       : CN=localhost

D (6069) mbedtls: ssl_tls12_server.c:737 0x3ffc65b4: subject name      : CN=localhost

D (6069) mbedtls: ssl_tls12_server.c:737 0x3ffc65b4: issued  on        : 2026-08-26 20:20:30

D (6069) mbedtls: ssl_tls12_server.c:737 0x3ffc65b4: expires on        : 2026-09-25 20:20:30

D (6069) mbedtls: ssl_tls12_server.c:737 0x3ffc65b4: signed using      : RSA with SHA-256

D (6069) mbedtls: ssl_tls12_server.c:737 0x3ffc65b4: RSA key size      : 2048 bits

D (6069) mbedtls: ssl_tls12_server.c:737 0x3ffc65b4: basic constraints : CA=true

D (6069) mbedtls: ssl_tls12_server.c:737 0x3ffc65b4: dumping 'crt->PK' (270 bytes)

D (6069) mbedtls: ssl_tls12_server.c:737 0x3ffc65b4: 0000:  30 82 01 0a 02 82 01 01 00 dd 03 19 3e 8f 4a 05

D (6069) mbedtls: ssl_tls12_server.c:737 0x3ffc65b4: 0010:  9c d6 74 e1 46 bc 40 7a 7e af 78 09 38 f6 d0 1c

D (6069) mbedtls: ssl_tls12_server.c:737 0x3ffc65b4: 0020:  9d e4 2b 18 4c a1 87 f6 83 55 82 2d e0 21 fb b2

D (6069) mbedtls: ssl_tls12_server.c:737 0x3ffc65b4: 0030:  00 2f 9b 98 36 24 73 47 a2 11 bb 50 05 1c 9e 40

D (6069) mbedtls: ssl_tls12_server.c:737 0x3ffc65b4: 0040:  41 c9 de 81 7e a1 eb 82 48 35 d0 51 24 0d 22 bd

D (6069) mbedtls: ssl_tls12_server.c:737 0x3ffc65b4: 0050:  7e c7 0b 60 74 e2 60 3e 76 de c1 3d b5 9f e9 d2

D (6069) mbedtls: ssl_tls12_server.c:737 0x3ffc65b4: 0060:  ac 90 d3 84 2a 75 7c 41 8a 11 14 c8 bc 09 7b 9d

D (6069) mbedtls: ssl_tls12_server.c:737 0x3ffc65b4: 0070:  45 54 95 c1 50 05 be f1 34 c0 05 55 f5 a2 b3 a8

D (6069) mbedtls: ssl_tls12_server.c:737 0x3ffc65b4: 0080:  24 f6 ab 22 df 72 97 ef b5 8f e4 fe 49 be 4f c1

D (6069) mbedtls: ssl_tls12_server.c:737 0x3ffc65b4: 0090:  08 e0 39 7a cd ba 74 2e d1 20 74 ad 6b 59 ab 86

D (6069) mbedtls: ssl_tls12_server.c:737 0x3ffc65b4: 00a0:  5d 29 ab 81 f0 c1 22 3f 01 b9 0b a1 fb ee 70 9f

D (6069) mbedtls: ssl_tls12_server.c:737 0x3ffc65b4: 00b0:  eb 29 5e 9f 1d 6a 0d dc 65 fd 5e 5d 38 0c 1a c3

D (6069) mbedtls: ssl_tls12_server.c:737 0x3ffc65b4: 00c0:  ae b7 b7 2f 66 23 82 80 ab 7d 69 7c 8f 95 ab e8

D (6069) mbedtls: ssl_tls12_server.c:737 0x3ffc65b4: 00d0:  c0 4d 21 42 7d 78 c8 25 8b 60 f6 0d 87 c9 f4 df

D (6069) mbedtls: ssl_tls12_server.c:737 0x3ffc65b4: 00e0:  36 bf 16 7c 59 16 d1 09 ec 17 67 cf 5d 9f 8f 78

D (6069) mbedtls: ssl_tls12_server.c:737 0x3ffc65b4: 00f0:  8c 3d d0 02 18 d5 bc a7 19 f4 51 fe 1d b3 20 40

D (6069) mbedtls: ssl_tls12_server.c:737 0x3ffc65b4: 0100:  67 7e 3a cc 30 f3 8d a0 ef 02 03 01 00 01      

I (6069) mbedtls: ssl_tls12_server.c:1480 0x3ffc65b4: selected ciphersuite: TLS-ECDHE-RSA-WITH-AES-256-GCM-SHA384

D (6069) mbedtls: ssl_misc.h:1295 0x3ffc65b4: handshake state: 1 (MBEDTLS_SSL_CLIENT_HELLO) -> 2 (MBEDTLS_SSL_SERVER_HELLO)

D (6069) mbedtls: ssl_tls12_server.c:1500 0x3ffc65b4: client hello v3, signature_algorithm ext: 6

I (6069) mbedtls: ssl_tls12_server.c:1508 0x3ffc65b4: <= parse client hello

I (6069) mbedtls: ssl_msg.c:2063 0x3ffc65b4: => flush output

I (6069) mbedtls: ssl_msg.c:2072 0x3ffc65b4: <= flush output

I (6069) mbedtls: ssl_tls12_server.c:3429 0x3ffc65b4: server state: 2

I (6069) mbedtls: ssl_tls12_server.c:1985 0x3ffc65b4: => write server hello

D (6069) mbedtls: ssl_tls12_server.c:2010 0x3ffc65b4: server hello, chosen version: [3:3]

D (6069) mbedtls: ssl_tls12_server.c:2018 0x3ffc65b4: server hello, current time: 4

D (6079) mbedtls: ssl_tls12_server.c:2062 0x3ffc65b4: dumping 'server hello, random bytes' (32 bytes)

D (6079) mbedtls: ssl_tls12_server.c:2062 0x3ffc65b4: 0000:  00 00 00 04 4d cf ee 16 22 07 62 75 af 7a 3f f6  ....M...".bu.z?.

D (6079) mbedtls: ssl_tls12_server.c:2062 0x3ffc65b4: 0010:  7e a0 ca 7d e8 e2 b4 ae eb c9 f7 74 57 d9 9e fc  ~..}.......tW...

D (6079) mbedtls: ssl_misc.h:1295 0x3ffc65b4: handshake state: 2 (MBEDTLS_SSL_SERVER_HELLO) -> 3 (MBEDTLS_SSL_SERVER_CERTIFICATE)

D (6079) mbedtls: ssl_tls12_server.c:2115 0x3ffc65b4: server hello, session id len.: 32

D (6079) mbedtls: ssl_tls12_server.c:2116 0x3ffc65b4: dumping 'server hello, session id' (32 bytes)

D (6079) mbedtls: ssl_tls12_server.c:2116 0x3ffc65b4: 0000:  01 82 b2 62 1e 2d e6 6a 75 82 35 1e 14 5b c7 98  ...b.-.ju.5..[..

D (6079) mbedtls: ssl_tls12_server.c:2116 0x3ffc65b4: 0010:  30 b7 63 49 c3 f5 9f b9 21 19 21 76 14 be c4 c3  0.cI....!.!v....

D (6079) mbedtls: ssl_tls12_server.c:2117 0x3ffc65b4: no session has been resumed

D (6079) mbedtls: ssl_tls12_server.c:2124 0x3ffc65b4: server hello, chosen ciphersuite: TLS-ECDHE-RSA-WITH-AES-256-GCM-SHA384

D (6079) mbedtls: ssl_tls12_server.c:2126 0x3ffc65b4: server hello, compress alg.: 0x00

D (6079) mbedtls: ssl_tls12_server.c:1663 0x3ffc65b4: server hello, secure renegotiation extension

D (6079) mbedtls: ssl_tls12_server.c:1615 0x3ffc65b4: server hello, adding extended master secret extension

D (6079) mbedtls: ssl_tls12_server.c:1731 0x3ffc65b4: server hello, supported_point_formats extension

D (6079) mbedtls: ssl_tls12_server.c:2191 0x3ffc65b4: server hello, total extension length: 15

I (6079) mbedtls: ssl_msg.c:2494 0x3ffc65b4: => write handshake message

I (6079) mbedtls: ssl_msg.c:2654 0x3ffc65b4: => write record

D (6079) mbedtls: ssl_msg.c:2737 0x3ffc65b4: output record: msgtype = 22, version = [3:3], msglen = 91

I (6079) mbedtls: ssl_msg.c:2063 0x3ffc65b4: => flush output

I (6079) mbedtls: ssl_msg.c:2077 0x3ffc65b4: message length: 96, out_left: 96

I (6079) mbedtls: ssl_msg.c:2025 0x3ffb6800: in_left: 0, nb_want: 5

I (6079) mbedtls: ssl_msg.c:2028 0x3ffb6800: ssl->f_recv(_timeout)() returned 5 (-0xfffffffb)

I (6079) mbedtls: ssl_msg.c:2050 0x3ffb6800: <= fetch input

D (6079) mbedtls: ssl_msg.c:3707 0x3ffb6800: input record: msgtype = 22, version = [0x303], msglen = 91

I (6079) mbedtls: ssl_msg.c:2084 0x3ffc65b4: ssl->f_send() returned 96 (-0xffffffa0)

I (6079) mbedtls: ssl_msg.c:1865 0x3ffb6800: => fetch input

I (6079) mbedtls: ssl_msg.c:2111 0x3ffc65b4: <= flush output

I (6079) mbedtls: ssl_msg.c:2005 0x3ffb6800: in_left: 5, nb_want: 96

I (6079) mbedtls: ssl_msg.c:2025 0x3ffb6800: in_left: 5, nb_want: 96

I (6079) mbedtls: ssl_msg.c:2790 0x3ffc65b4: <= write record

I (6079) mbedtls: ssl_msg.c:2028 0x3ffb6800: ssl->f_recv(_timeout)() returned 91 (-0xffffffa5)

I (6089) mbedtls: ssl_msg.c:2615 0x3ffc65b4: <= write handshake message

I (6089) mbedtls: ssl_msg.c:2050 0x3ffb6800: <= fetch input

I (6089) mbedtls: ssl_tls12_server.c:2205 0x3ffc65b4: <= write server hello

D (6089) mbedtls: ssl_msg.c:2948 0x3ffb6800: handshake message: msglen = 91, type = 2, hslen = 91

I (6089) mbedtls: ssl_msg.c:2063 0x3ffc65b4: => flush output

D (6089) mbedtls: ssl_msg.c:3085 0x3ffb6800: sole handshake fragment: 91, 0..91 of 91

I (6089) mbedtls: ssl_msg.c:2072 0x3ffc65b4: <= flush output

I (6089) mbedtls: ssl_tls12_server.c:3429 0x3ffc65b4: server state: 3

I (6089) mbedtls: ssl_msg.c:4112 0x3ffb6800: <= read record

I (6089) mbedtls: ssl_tls.c:6675 0x3ffc65b4: => write certificate

D (6089) mbedtls: ssl_tls12_client.c:1225 0x3ffb6800: dumping 'server hello, version' (2 bytes)

D (6089) mbedtls: ssl_tls12_client.c:1225 0x3ffb6800: 0000:  03 03                                            ..

D (6089) mbedtls: ssl_tls.c:6702 0x3ffc65b4: own certificate #1:

D (6089) mbedtls: ssl_tls12_client.c:1246 0x3ffb6800: server hello, current time: 4

D (6089) mbedtls: ssl_tls12_client.c:1256 0x3ffb6800: dumping 'server hello, random bytes' (32 bytes)

D (6089) mbedtls: ssl_tls12_client.c:1256 0x3ffb6800: 0000:  00 00 00 04 4d cf ee 16 22 07 62 75 af 7a 3f f6  ....M...".bu.z?.

D (6089) mbedtls: ssl_tls12_client.c:1256 0x3ffb6800: 0010:  7e a0 ca 7d e8 e2 b4 ae eb c9 f7 74 57 d9 9e fc  ~..}.......tW...

D (6089) mbedtls: ssl_tls12_client.c:1318 0x3ffb6800: server hello, session id len.: 32

D (6099) mbedtls: ssl_tls12_client.c:1319 0x3ffb6800: dumping 'server hello, session id' (32 bytes)

D (6099) mbedtls: ssl_tls12_client.c:1319 0x3ffb6800: 0000:  01 82 b2 62 1e 2d e6 6a 75 82 35 1e 14 5b c7 98  ...b.-.ju.5..[..

D (6099) mbedtls: ssl_tls12_client.c:1319 0x3ffb6800: 0010:  30 b7 63 49 c3 f5 9f b9 21 19 21 76 14 be c4 c3  0.cI....!.!v....

D (6099) mbedtls: ssl_misc.h:1295 0x3ffb6800: handshake state: 2 (MBEDTLS_SSL_SERVER_HELLO) -> 3 (MBEDTLS_SSL_SERVER_CERTIFICATE)

D (6099) mbedtls: ssl_tls.c:6702 0x3ffc65b4: cert. version     : 3

D (6099) mbedtls: ssl_tls12_client.c:1343 0x3ffb6800: no session has been resumed

D (6099) mbedtls: ssl_tls.c:6702 0x3ffc65b4: serial number     : 77:66:A5:9D:AF:14:9E:F2:03:F7:3C:2B:1A:5C:81:86:F8:A3:4E:52

D (6099) mbedtls: ssl_tls12_client.c:1346 0x3ffb6800: server hello, chosen ciphersuite: c030

D (6099) mbedtls: ssl_tls.c:6702 0x3ffc65b4: issuer name       : CN=localhost

D (6099) mbedtls: ssl_tls.c:6702 0x3ffc65b4: subject name      : CN=localhost

D (6099) mbedtls: ssl_tls12_client.c:1347 0x3ffb6800: server hello, compress alg.: 0

D (6099) mbedtls: ssl_tls12_client.c:1382 0x3ffb6800: server hello, chosen ciphersuite: TLS-ECDHE-RSA-WITH-AES-256-GCM-SHA384

I (6099) mbedtls: ssl_tls12_client.c:1403 0x3ffb6800: server hello, total extension length: 15

D (6099) mbedtls: ssl_tls12_client.c:1421 0x3ffb6800: found renegotiation extension

D (6099) mbedtls: ssl_tls12_client.c:1473 0x3ffb6800: found extended_master_secret extension

D (6099) mbedtls: ssl_tls12_client.c:1500 0x3ffb6800: found supported_point_formats extension

I (6099) mbedtls: ssl_tls12_client.c:1617 0x3ffb6800: <= parse server hello

I (6099) mbedtls: ssl_msg.c:2063 0x3ffb6800: => flush output

I (6109) mbedtls: ssl_msg.c:2072 0x3ffb6800: <= flush output

D (6109) mbedtls: ssl_tls.c:6702 0x3ffc65b4: issued  on        : 2026-08-26 20:20:30

I (6109) mbedtls: ssl_tls.c:4201 0x3ffb6800: client state: MBEDTLS_SSL_SERVER_CERTIFICATE

D (6109) mbedtls: ssl_tls.c:6702 0x3ffc65b4: expires on        : 2026-09-25 20:20:30

D (6109) mbedtls: ssl_tls.c:6702 0x3ffc65b4: signed using      : RSA with SHA-256

I (6109) mbedtls: ssl_tls.c:7077 0x3ffb6800: => parse certificate

I (6109) mbedtls: ssl_msg.c:4040 0x3ffb6800: => read record

I (6109) mbedtls: ssl_msg.c:1865 0x3ffb6800: => fetch input

I (6109) mbedtls: ssl_msg.c:2005 0x3ffb6800: in_left: 0, nb_want: 5

D (6109) mbedtls: ssl_tls.c:6702 0x3ffc65b4: RSA key size      : 2048 bits

D (6109) mbedtls: ssl_tls.c:6702 0x3ffc65b4: basic constraints : CA=true

D (6109) mbedtls: ssl_tls.c:6702 0x3ffc65b4: dumping 'crt->PK' (270 bytes)

D (6109) mbedtls: ssl_tls.c:6702 0x3ffc65b4: 0000:  30 82 01 0a 02 82 01 01 00 dd 03 19 3e 8f 4a 05

D (6109) mbedtls: ssl_tls.c:6702 0x3ffc65b4: 0010:  9c d6 74 e1 46 bc 40 7a 7e af 78 09 38 f6 d0 1c

D (6109) mbedtls: ssl_tls.c:6702 0x3ffc65b4: 0020:  9d e4 2b 18 4c a1 87 f6 83 55 82 2d e0 21 fb b2

D (6109) mbedtls: ssl_tls.c:6702 0x3ffc65b4: 0030:  00 2f 9b 98 36 24 73 47 a2 11 bb 50 05 1c 9e 40

D (6109) mbedtls: ssl_tls.c:6702 0x3ffc65b4: 0040:  41 c9 de 81 7e a1 eb 82 48 35 d0 51 24 0d 22 bd

D (6119) mbedtls: ssl_tls.c:6702 0x3ffc65b4: 0050:  7e c7 0b 60 74 e2 60 3e 76 de c1 3d b5 9f e9 d2

[mem-tick] t=    4483 ms phase=thr-setup    free=166884
D (6119) mbedtls: ssl_tls.c:6702 0x3ffc65b4: 0060:  ac 90 d3 84 2a 75 7c 41 8a 11 14 c8 bc 09 7b 9d

D (6119) mbedtls: ssl_tls.c:6702 0x3ffc65b4: 0070:  45 54 95 c1 50 05 be f1 34 c0 05 55 f5 a2 b3 a8

D (6119) mbedtls: ssl_tls.c:6702 0x3ffc65b4: 0080:  24 f6 ab 22 df 72 97 ef b5 8f e4 fe 49 be 4f c1

D (6119) mbedtls: ssl_tls.c:6702 0x3ffc65b4: 0090:  08 e0 39 7a cd ba 74 2e d1 20 74 ad 6b 59 ab 86

D (6119) mbedtls: ssl_tls.c:6702 0x3ffc65b4: 00a0:  5d 29 ab 81 f0 c1 22 3f 01 b9 0b a1 fb ee 70 9f

D (6119) mbedtls: ssl_tls.c:6702 0x3ffc65b4: 00b0:  eb 29 5e 9f 1d 6a 0d dc 65 fd 5e 5d 38 0c 1a c3

D (6119) mbedtls: ssl_tls.c:6702 0x3ffc65b4: 00c0:  ae b7 b7 2f 66 23 82 80 ab 7d 69 7c 8f 95 ab e8

D (6119) mbedtls: ssl_tls.c:6702 0x3ffc65b4: 00d0:  c0 4d 21 42 7d 78 c8 25 8b 60 f6 0d 87 c9 f4 df

D (6119) mbedtls: ssl_tls.c:6702 0x3ffc65b4: 00e0:  36 bf 16 7c 59 16 d1 09 ec 17 67 cf 5d 9f 8f 78

D (6119) mbedtls: ssl_tls.c:6702 0x3ffc65b4: 00f0:  8c 3d d0 02 18 d5 bc a7 19 f4 51 fe 1d b3 20 40

D (6119) mbedtls: ssl_tls.c:6702 0x3ffc65b4: 0100:  67 7e 3a cc 30 f3 8d a0 ef 02 03 01 00 01      

D (6119) mbedtls: ssl_misc.h:1295 0x3ffc65b4: handshake state: 3 (MBEDTLS_SSL_SERVER_CERTIFICATE) -> 4 (MBEDTLS_SSL_SERVER_KEY_EXCHANGE)

I (6119) mbedtls: ssl_msg.c:2494 0x3ffc65b4: => write handshake message

I (6119) mbedtls: ssl_msg.c:2654 0x3ffc65b4: => write record

D (6119) mbedtls: ssl_msg.c:2737 0x3ffc65b4: output record: msgtype = 22, version = [3:3], msglen = 791

I (6119) mbedtls: ssl_msg.c:2063 0x3ffc65b4: => flush output

I (6119) mbedtls: ssl_msg.c:2077 0x3ffc65b4: message length: 796, out_left: 796

I (6119) mbedtls: ssl_msg.c:2084 0x3ffc65b4: ssl->f_send() returned 796 (-0xfffffce4)

I (6119) mbedtls: ssl_msg.c:2111 0x3ffc65b4: <= flush output

I (6119) mbedtls: ssl_msg.c:2790 0x3ffc65b4: <= write record

I (6119) mbedtls: ssl_msg.c:2615 0x3ffc65b4: <= write handshake message

I (6119) mbedtls: ssl_tls.c:6748 0x3ffc65b4: <= write certificate

I (6119) mbedtls: ssl_msg.c:2063 0x3ffc65b4: => flush output

I (6119) mbedtls: ssl_msg.c:2072 0x3ffc65b4: <= flush output

I (6119) mbedtls: ssl_tls12_server.c:3429 0x3ffc65b4: server state: 4

I (6119) mbedtls: ssl_tls12_server.c:2796 0x3ffc65b4: => write server key exchange

I (6119) mbedtls: ssl_tls12_server.c:2558 0x3ffc65b4: ECDHE curve: x25519

D (6119) mbedtls: ssl_tls12_server.c:2571 0x3ffc65b4: Perform PSA-based ECDH computation.

I (6149) mbedtls: ssl_msg.c:2025 0x3ffb6800: in_left: 0, nb_want: 5

I (6149) mbedtls: ssl_msg.c:2028 0x3ffb6800: ssl->f_recv(_timeout)() returned 5 (-0xfffffffb)

I (6149) mbedtls: ssl_msg.c:2050 0x3ffb6800: <= fetch input

D (6149) mbedtls: ssl_msg.c:3707 0x3ffb6800: input record: msgtype = 22, version = [0x303], msglen = 791

I (6149) mbedtls: ssl_msg.c:1865 0x3ffb6800: => fetch input

I (6149) mbedtls: ssl_msg.c:2005 0x3ffb6800: in_left: 5, nb_want: 796

I (6149) mbedtls: ssl_msg.c:2025 0x3ffb6800: in_left: 5, nb_want: 796

I (6149) mbedtls: ssl_msg.c:2028 0x3ffb6800: ssl->f_recv(_timeout)() returned 791 (-0xfffffce9)

I (6159) mbedtls: ssl_msg.c:2050 0x3ffb6800: <= fetch input

D (6169) mbedtls: ssl_msg.c:2948 0x3ffb6800: handshake message: msglen = 791, type = 11, hslen = 791

D (6169) mbedtls: ssl_msg.c:3085 0x3ffb6800: sole handshake fragment: 791, 0..791 of 791

I (6179) mbedtls: ssl_msg.c:4112 0x3ffb6800: <= read record

D (6189) mbedtls: ssl_tls.c:6952 0x3ffb6800: peer certificate #1:

D (6189) mbedtls: ssl_tls.c:6952 0x3ffb6800: cert. version     : 3

D (6189) mbedtls: ssl_tls.c:6952 0x3ffb6800: serial number     : 77:66:A5:9D:AF:14:9E:F2:03:F7:3C:2B:1A:5C:81:86:F8:A3:4E:52

D (6189) mbedtls: ssl_tls.c:6952 0x3ffb6800: issuer name       : CN=localhost

D (6189) mbedtls: ssl_tls.c:6952 0x3ffb6800: subject name      : CN=localhost

D (6189) mbedtls: ssl_tls.c:6952 0x3ffb6800: issued  on        : 2026-08-26 20:20:30

D (6189) mbedtls: ssl_tls.c:6952 0x3ffb6800: expires on        : 2026-09-25 20:20:30

D (6189) mbedtls: ssl_tls.c:6952 0x3ffb6800: signed using      : RSA with SHA-256

D (6189) mbedtls: ssl_tls.c:6952 0x3ffb6800: RSA key size      : 2048 bits

D (6189) mbedtls: ssl_tls.c:6952 0x3ffb6800: basic constraints : CA=true

D (6189) mbedtls: ssl_tls.c:6952 0x3ffb6800: dumping 'crt->PK' (270 bytes)

D (6189) mbedtls: ssl_tls.c:6952 0x3ffb6800: 0000:  30 82 01 0a 02 82 01 01 00 dd 03 19 3e 8f 4a 05

D (6189) mbedtls: ssl_tls.c:6952 0x3ffb6800: 0010:  9c d6 74 e1 46 bc 40 7a 7e af 78 09 38 f6 d0 1c

D (6189) mbedtls: ssl_tls.c:6952 0x3ffb6800: 0020:  9d e4 2b 18 4c a1 87 f6 83 55 82 2d e0 21 fb b2

D (6189) mbedtls: ssl_tls.c:6952 0x3ffb6800: 0030:  00 2f 9b 98 36 24 73 47 a2 11 bb 50 05 1c 9e 40

D (6189) mbedtls: ssl_tls.c:6952 0x3ffb6800: 0040:  41 c9 de 81 7e a1 eb 82 48 35 d0 51 24 0d 22 bd

D (6189) mbedtls: ssl_tls.c:6952 0x3ffb6800: 0050:  7e c7 0b 60 74 e2 60 3e 76 de c1 3d b5 9f e9 d2

D (6189) mbedtls: ssl_tls.c:6952 0x3ffb6800: 0060:  ac 90 d3 84 2a 75 7c 41 8a 11 14 c8 bc 09 7b 9d

D (6189) mbedtls: ssl_tls.c:6952 0x3ffb6800: 0070:  45 54 95 c1 50 05 be f1 34 c0 05 55 f5 a2 b3 a8

D (6189) mbedtls: ssl_tls.c:6952 0x3ffb6800: 0080:  24 f6 ab 22 df 72 97 ef b5 8f e4 fe 49 be 4f c1

D (6189) mbedtls: ssl_tls.c:6952 0x3ffb6800: 0090:  08 e0 39 7a cd ba 74 2e d1 20 74 ad 6b 59 ab 86

D (6189) mbedtls: ssl_tls.c:6952 0x3ffb6800: 00a0:  5d 29 ab 81 f0 c1 22 3f 01 b9 0b a1 fb ee 70 9f

D (6189) mbedtls: ssl_tls.c:6952 0x3ffb6800: 00b0:  eb 29 5e 9f 1d 6a 0d dc 65 fd 5e 5d 38 0c 1a c3

D (6189) mbedtls: ssl_tls.c:6952 0x3ffb6800: 00c0:  ae b7 b7 2f 66 23 82 80 ab 7d 69 7c 8f 95 ab e8

D (6189) mbedtls: ssl_tls.c:6952 0x3ffb6800: 00d0:  c0 4d 21 42 7d 78 c8 25 8b 60 f6 0d 87 c9 f4 df

D (6189) mbedtls: ssl_tls.c:6952 0x3ffb6800: 00e0:  36 bf 16 7c 59 16 d1 09 ec 17 67 cf 5d 9f 8f 78

D (6189) mbedtls: ssl_tls.c:6952 0x3ffb6800: 00f0:  8c 3d d0 02 18 d5 bc a7 19 f4 51 fe 1d b3 20 40

D (6189) mbedtls: ssl_tls.c:6952 0x3ffb6800: 0100:  67 7e 3a cc 30 f3 8d a0 ef 02 03 01 00 01      

I (6189) mbedtls: ssl_tls.c:7191 0x3ffb6800: <= parse certificate

D (6199) mbedtls: ssl_misc.h:1295 0x3ffb6800: handshake state: 3 (MBEDTLS_SSL_SERVER_CERTIFICATE) -> 4 (MBEDTLS_SSL_SERVER_KEY_EXCHANGE)

I (6199) mbedtls: ssl_msg.c:2063 0x3ffb6800: => flush output

I (6199) mbedtls: ssl_msg.c:2072 0x3ffb6800: <= flush output

I (6199) mbedtls: ssl_tls.c:4201 0x3ffb6800: client state: MBEDTLS_SSL_SERVER_KEY_EXCHANGE

I (6199) mbedtls: ssl_tls12_client.c:1831 0x3ffb6800: => parse server key exchange

I (6199) mbedtls: ssl_msg.c:4040 0x3ffb6800: => read record

I (6199) mbedtls: ssl_msg.c:1865 0x3ffb6800: => fetch input

I (6199) mbedtls: ssl_msg.c:2005 0x3ffb6800: in_left: 0, nb_want: 5

[mem-tick] t=    4595 ms phase=thr-setup    free=165860
D (6229) mbedtls: ssl_tls12_server.c:2694 0x3ffc65b4: pick hash algorithm 11 for signing

D (6229) mbedtls: ssl_tls.c:8082 0x3ffc65b4: Perform PSA-based computation of digest of ServerKeyExchange

D (6229) mbedtls: ssl_tls12_server.c:2712 0x3ffc65b4: dumping 'parameters hash' (64 bytes)

D (6239) mbedtls: ssl_tls12_server.c:2712 0x3ffc65b4: 0000:  15 de c8 85 9c df 11 98 14 93 78 94 f5 95 74 b5  ..........x...t.

D (6239) mbedtls: ssl_tls12_server.c:2712 0x3ffc65b4: 0010:  a9 cd 18 1e 7e f0 79 bf 91 0b 82 7c d4 f8 ce d7  ....~.y....|....

D (6239) mbedtls: ssl_tls12_server.c:2712 0x3ffc65b4: 0020:  25 39 27 d0 70 71 c4 7a 50 c1 29 d3 b3 c4 b5 cf  %9'.pq.zP.).....

D (6239) mbedtls: ssl_tls12_server.c:2712 0x3ffc65b4: 0030:  2f 42 4f df 79 50 a3 1c e5 bc 07 39 5e 2b 2c 47  /BO.yP.....9^+,G

[mem-tick] t=    4695 ms phase=thr-setup    free=163292
[mem-tick] t=    4795 ms phase=thr-setup    free=162364
[mem-tick] t=    4895 ms phase=thr-setup    free=161964
D (6549) mbedtls: ssl_tls12_server.c:2844 0x3ffc65b4: dumping 'my signature' (256 bytes)

D (6549) mbedtls: ssl_tls12_server.c:2844 0x3ffc65b4: 0000:  52 89 be 12 18 3a ca fa 52 fe 26 b6 d8 bd f8 c7  R....:..R.&.....

D (6549) mbedtls: ssl_tls12_server.c:2844 0x3ffc65b4: 0010:  db d9 c9 7a 3a e9 26 27 a3 a5 de d7 25 63 b1 22  ...z:.&'....%c."

D (6549) mbedtls: ssl_tls12_server.c:2844 0x3ffc65b4: 0020:  65 ea 73 7f 1b 61 a3 e5 cc d2 86 2d 75 b6 29 73  e.s..a.....-u.)s

D (6549) mbedtls: ssl_tls12_server.c:2844 0x3ffc65b4: 0030:  0e f8 2d e0 71 b8 47 77 21 ae 99 05 cf 67 59 33  ..-.q.Gw!....gY3

D (6549) mbedtls: ssl_tls12_server.c:2844 0x3ffc65b4: 0040:  e5 11 1d d7 39 2b 5a 08 0f 06 78 67 91 1c f6 42  ....9+Z...xg...B

D (6549) mbedtls: ssl_tls12_server.c:2844 0x3ffc65b4: 0050:  a0 b6 13 f5 37 78 8d f6 c5 06 44 3f 1e aa fe 3e  ....7x....D?...>

D (6549) mbedtls: ssl_tls12_server.c:2844 0x3ffc65b4: 0060:  c1 06 9c e2 c4 0e ca c1 d5 2b 7c b3 a5 81 4c e9  .........+|...L.

D (6549) mbedtls: ssl_tls12_server.c:2844 0x3ffc65b4: 0070:  b5 f2 b7 c6 e2 ad a0 b7 2a 98 92 44 53 29 9e 7e  ........*..DS).~

D (6549) mbedtls: ssl_tls12_server.c:2844 0x3ffc65b4: 0080:  cb ce be 1b 0a 8e 8b a4 2d fe e2 dc 8b c9 9e e9  ........-.......

D (6549) mbedtls: ssl_tls12_server.c:2844 0x3ffc65b4: 0090:  02 f9 2e ab c5 b1 ef 11 77 78 f0 0f ab 02 20 9a  ........wx.... .

D (6549) mbedtls: ssl_tls12_server.c:2844 0x3ffc65b4: 00a0:  64 30 92 e0 bc fc 03 48 5e 91 09 94 79 22 72 f9  d0.....H^...y"r.

D (6549) mbedtls: ssl_tls12_server.c:2844 0x3ffc65b4: 00b0:  3f ec 4e 69 61 b3 50 21 02 f0 e7 ac 61 30 84 03  ?.Nia.P!....a0..

D (6549) mbedtls: ssl_tls12_server.c:2844 0x3ffc65b4: 00c0:  30 7d 8d c0 a2 d9 39 d7 07 eb 09 8b e8 18 1c c9  0}....9.........

D (6559) mbedtls: ssl_tls12_server.c:2844 0x3ffc65b4: 00d0:  b7 30 44 53 25 13 c3 14 88 a4 74 6c 3e 6b 32 62  .0DS%.....tl>k2b

D (6559) mbedtls: ssl_tls12_server.c:2844 0x3ffc65b4: 00e0:  19 f5 82 39 00 8e 3e 19 39 de ff 27 b5 ee 9b 39  ...9..>.9..'...9

D (6559) mbedtls: ssl_tls12_server.c:2844 0x3ffc65b4: 00f0:  21 12 c6 05 e7 e2 6d 04 4b af e8 33 bf 0a 66 2c  !.....m.K..3..f,

D (6559) mbedtls: ssl_misc.h:1295 0x3ffc65b4: handshake state: 4 (MBEDTLS_SSL_SERVER_KEY_EXCHANGE) -> 5 (MBEDTLS_SSL_CERTIFICATE_REQUEST)

I (6559) mbedtls: ssl_msg.c:2494 0x3ffc65b4: => write handshake message

I (6559) mbedtls: ssl_msg.c:2654 0x3ffc65b4: => write record

D (6559) mbedtls: ssl_msg.c:2737 0x3ffc65b4: output record: msgtype = 22, version = [3:3], msglen = 300

I (6559) mbedtls: ssl_msg.c:2063 0x3ffc65b4: => flush output

I (6559) mbedtls: ssl_msg.c:2077 0x3ffc65b4: message length: 305, out_left: 305

I (6559) mbedtls: ssl_msg.c:2025 0x3ffb6800: in_left: 0, nb_want: 5

I (6559) mbedtls: ssl_msg.c:2028 0x3ffb6800: ssl->f_recv(_timeout)() returned 5 (-0xfffffffb)

I (6559) mbedtls: ssl_msg.c:2050 0x3ffb6800: <= fetch input

D (6559) mbedtls: ssl_msg.c:3707 0x3ffb6800: input record: msgtype = 22, version = [0x303], msglen = 300

I (6559) mbedtls: ssl_msg.c:2084 0x3ffc65b4: ssl->f_send() returned 305 (-0xfffffecf)

I (6559) mbedtls: ssl_msg.c:1865 0x3ffb6800: => fetch input

I (6559) mbedtls: ssl_msg.c:2005 0x3ffb6800: in_left: 5, nb_want: 305

I (6559) mbedtls: ssl_msg.c:2025 0x3ffb6800: in_left: 5, nb_want: 305

I (6559) mbedtls: ssl_msg.c:2028 0x3ffb6800: ssl->f_recv(_timeout)() returned 300 (-0xfffffed4)

I (6559) mbedtls: ssl_msg.c:2050 0x3ffb6800: <= fetch input

D (6559) mbedtls: ssl_msg.c:2948 0x3ffb6800: handshake message: msglen = 300, type = 12, hslen = 300

D (6559) mbedtls: ssl_msg.c:3085 0x3ffb6800: sole handshake fragment: 300, 0..300 of 300

I (6559) mbedtls: ssl_msg.c:4112 0x3ffb6800: <= read record

D (6559) mbedtls: ssl_tls12_client.c:1885 0x3ffb6800: dumping 'server key exchange' (296 bytes)

D (6559) mbedtls: ssl_tls12_client.c:1885 0x3ffb6800: 0000:  03 00 1d 20 89 1e 04 49 de 94 a4 b6 de d9 92 e7  ... ...I........

D (6559) mbedtls: ssl_tls12_client.c:1885 0x3ffb6800: 0010:  45 60 bc fe 1a e2 2d fe ea 78 08 e9 0a a7 fb 86  E`....-..x......

D (6559) mbedtls: ssl_tls12_client.c:1885 0x3ffb6800: 0020:  e9 4e 6a 28 06 01 01 00 52 89 be 12 18 3a ca fa  .Nj(....R....:..

D (6559) mbedtls: ssl_tls12_client.c:1885 0x3ffb6800: 0030:  52 fe 26 b6 d8 bd f8 c7 db d9 c9 7a 3a e9 26 27  R.&........z:.&'

D (6559) mbedtls: ssl_tls12_client.c:1885 0x3ffb6800: 0040:  a3 a5 de d7 25 63 b1 22 65 ea 73 7f 1b 61 a3 e5  ....%c."e.s..a..

D (6559) mbedtls: ssl_tls12_client.c:1885 0x3ffb6800: 0050:  cc d2 86 2d 75 b6 29 73 0e f8 2d e0 71 b8 47 77  ...-u.)s..-.q.Gw

D (6559) mbedtls: ssl_tls12_client.c:1885 0x3ffb6800: 0060:  21 ae 99 05 cf 67 59 33 e5 11 1d d7 39 2b 5a 08  !....gY3....9+Z.

D (6559) mbedtls: ssl_tls12_client.c:1885 0x3ffb6800: 0070:  0f 06 78 67 91 1c f6 42 a0 b6 13 f5 37 78 8d f6  ..xg...B....7x..

D (6559) mbedtls: ssl_tls12_client.c:1885 0x3ffb6800: 0080:  c5 06 44 3f 1e aa fe 3e c1 06 9c e2 c4 0e ca c1  ..D?...>........

D (6559) mbedtls: ssl_tls12_client.c:1885 0x3ffb6800: 0090:  d5 2b 7c b3 a5 81 4c e9 b5 f2 b7 c6 e2 ad a0 b7  .+|...L.........

D (6559) mbedtls: ssl_tls12_client.c:1885 0x3ffb6800: 00a0:  2a 98 92 44 53 29 9e 7e cb ce be 1b 0a 8e 8b a4  *..DS).~........

D (6559) mbedtls: ssl_tls12_client.c:1885 0x3ffb6800: 00b0:  2d fe e2 dc 8b c9 9e e9 02 f9 2e ab c5 b1 ef 11  -...............

D (6559) mbedtls: ssl_tls12_client.c:1885 0x3ffb6800: 00c0:  77 78 f0 0f ab 02 20 9a 64 30 92 e0 bc fc 03 48  wx.... .d0.....H

D (6559) mbedtls: ssl_tls12_client.c:1885 0x3ffb6800: 00d0:  5e 91 09 94 79 22 72 f9 3f ec 4e 69 61 b3 50 21  ^...y"r.?.Nia.P!

D (6559) mbedtls: ssl_tls12_client.c:1885 0x3ffb6800: 00e0:  02 f0 e7 ac 61 30 84 03 30 7d 8d c0 a2 d9 39 d7  ....a0..0}....9.

D (6559) mbedtls: ssl_tls12_client.c:1885 0x3ffb6800: 00f0:  07 eb 09 8b e8 18 1c c9 b7 30 44 53 25 13 c3 14  .........0DS%...

D (6559) mbedtls: ssl_tls12_client.c:1885 0x3ffb6800: 0100:  88 a4 74 6c 3e 6b 32 62 19 f5 82 39 00 8e 3e 19  ..tl>k2b...9..>.

D (6559) mbedtls: ssl_tls12_client.c:1885 0x3ffb6800: 0110:  39 de ff 27 b5 ee 9b 39 21 12 c6 05 e7 e2 6d 04  9..'...9!.....m.

D (6559) mbedtls: ssl_tls12_client.c:1885 0x3ffb6800: 0120:  4b af e8 33 bf 0a 66 2c                          K..3..f,

I (6569) mbedtls: ssl_msg.c:2111 0x3ffc65b4: <= flush output

I (6569) mbedtls: ssl_tls12_client.c:1815 0x3ffb6800: Server used the signature algorithm rsa_pkcs1_sha512

D (6569) mbedtls: ssl_tls12_client.c:2047 0x3ffb6800: dumping 'signature' (256 bytes)

D (6569) mbedtls: ssl_tls12_client.c:2047 0x3ffb6800: 0000:  52 89 be 12 18 3a ca fa 52 fe 26 b6 d8 bd f8 c7  R....:..R.&.....

D (6569) mbedtls: ssl_tls12_client.c:2047 0x3ffb6800: 0010:  db d9 c9 7a 3a e9 26 27 a3 a5 de d7 25 63 b1 22  ...z:.&'....%c."

D (6569) mbedtls: ssl_tls12_client.c:2047 0x3ffb6800: 0020:  65 ea 73 7f 1b 61 a3 e5 cc d2 86 2d 75 b6 29 73  e.s..a.....-u.)s

D (6569) mbedtls: ssl_tls12_client.c:2047 0x3ffb6800: 0030:  0e f8 2d e0 71 b8 47 77 21 ae 99 05 cf 67 59 33  ..-.q.Gw!....gY3

D (6569) mbedtls: ssl_tls12_client.c:2047 0x3ffb6800: 0040:  e5 11 1d d7 39 2b 5a 08 0f 06 78 67 91 1c f6 42  ....9+Z...xg...B

D (6569) mbedtls: ssl_tls12_client.c:2047 0x3ffb6800: 0050:  a0 b6 13 f5 37 78 8d f6 c5 06 44 3f 1e aa fe 3e  ....7x....D?...>

D (6569) mbedtls: ssl_tls12_client.c:2047 0x3ffb6800: 0060:  c1 06 9c e2 c4 0e ca c1 d5 2b 7c b3 a5 81 4c e9  .........+|...L.

D (6569) mbedtls: ssl_tls12_client.c:2047 0x3ffb6800: 0070:  b5 f2 b7 c6 e2 ad a0 b7 2a 98 92 44 53 29 9e 7e  ........*..DS).~

D (6569) mbedtls: ssl_tls12_client.c:2047 0x3ffb6800: 0080:  cb ce be 1b 0a 8e 8b a4 2d fe e2 dc 8b c9 9e e9  ........-.......

I (6569) mbedtls: ssl_msg.c:2790 0x3ffc65b4: <= write record

D (6569) mbedtls: ssl_tls12_client.c:2047 0x3ffb6800: 0090:  02 f9 2e ab c5 b1 ef 11 77 78 f0 0f ab 02 20 9a  ........wx.... .

I (6569) mbedtls: ssl_msg.c:2615 0x3ffc65b4: <= write handshake message

D (6569) mbedtls: ssl_tls12_client.c:2047 0x3ffb6800: 00a0:  64 30 92 e0 bc fc 03 48 5e 91 09 94 79 22 72 f9  d0.....H^...y"r.

D (6569) mbedtls: ssl_tls12_client.c:2047 0x3ffb6800: 00b0:  3f ec 4e 69 61 b3 50 21 02 f0 e7 ac 61 30 84 03  ?.Nia.P!....a0..

D (6569) mbedtls: ssl_tls12_client.c:2047 0x3ffb6800: 00c0:  30 7d 8d c0 a2 d9 39 d7 07 eb 09 8b e8 18 1c c9  0}....9.........

D (6569) mbedtls: ssl_tls12_client.c:2047 0x3ffb6800: 00d0:  b7 30 44 53 25 13 c3 14 88 a4 74 6c 3e 6b 32 62  .0DS%.....tl>k2b

D (6569) mbedtls: ssl_tls12_client.c:2047 0x3ffb6800: 00e0:  19 f5 82 39 00 8e 3e 19 39 de ff 27 b5 ee 9b 39  ...9..>.9..'...9

D (6569) mbedtls: ssl_tls12_client.c:2047 0x3ffb6800: 00f0:  21 12 c6 05 e7 e2 6d 04 4b af e8 33 bf 0a 66 2c  !.....m.K..3..f,

D (6569) mbedtls: ssl_tls.c:8082 0x3ffb6800: Perform PSA-based computation of digest of ServerKeyExchange

D (6569) mbedtls: ssl_tls12_client.c:2064 0x3ffb6800: dumping 'parameters hash' (64 bytes)

D (6569) mbedtls: ssl_tls12_client.c:2064 0x3ffb6800: 0000:  15 de c8 85 9c df 11 98 14 93 78 94 f5 95 74 b5  ..........x...t.

D (6569) mbedtls: ssl_tls12_client.c:2064 0x3ffb6800: 0010:  a9 cd 18 1e 7e f0 79 bf 91 0b 82 7c d4 f8 ce d7  ....~.y....|....

D (6569) mbedtls: ssl_tls12_client.c:2064 0x3ffb6800: 0020:  25 39 27 d0 70 71 c4 7a 50 c1 29 d3 b3 c4 b5 cf  %9'.pq.zP.).....

D (6569) mbedtls: ssl_tls12_client.c:2064 0x3ffb6800: 0030:  2f 42 4f df 79 50 a3 1c e5 bc 07 39 5e 2b 2c 47  /BO.yP.....9^+,G

I (6579) mbedtls: ssl_tls12_server.c:2864 0x3ffc65b4: <= write server key exchange

I (6579) mbedtls: ssl_msg.c:2063 0x3ffc65b4: => flush output

I (6579) mbedtls: ssl_msg.c:2072 0x3ffc65b4: <= flush output

I (6579) mbedtls: ssl_tls12_server.c:3429 0x3ffc65b4: server state: 5

I (6579) mbedtls: ssl_tls12_server.c:2242 0x3ffc65b4: => write certificate request

D (6579) mbedtls: ssl_misc.h:1295 0x3ffc65b4: handshake state: 5 (MBEDTLS_SSL_CERTIFICATE_REQUEST) -> 6 (MBEDTLS_SSL_SERVER_HELLO_DONE)

I (6579) mbedtls: ssl_tls12_server.c:2255 0x3ffc65b4: <= skip write certificate request

I (6579) mbedtls: ssl_msg.c:2063 0x3ffc65b4: => flush output

I (6579) mbedtls: ssl_msg.c:2072 0x3ffc65b4: <= flush output

I (6579) mbedtls: ssl_tls12_server.c:3429 0x3ffc65b4: server state: 6

I (6579) mbedtls: ssl_tls12_server.c:2873 0x3ffc65b4: => write server hello done

D (6579) mbedtls: ssl_misc.h:1295 0x3ffc65b4: handshake state: 6 (MBEDTLS_SSL_SERVER_HELLO_DONE) -> 7 (MBEDTLS_SSL_CLIENT_CERTIFICATE)

I (6579) mbedtls: ssl_msg.c:2494 0x3ffc65b4: => write handshake message

I (6579) mbedtls: ssl_msg.c:2654 0x3ffc65b4: => write record

D (6579) mbedtls: ssl_msg.c:2737 0x3ffc65b4: output record: msgtype = 22, version = [3:3], msglen = 4

I (6579) mbedtls: ssl_msg.c:2063 0x3ffc65b4: => flush output

I (6579) mbedtls: ssl_msg.c:2077 0x3ffc65b4: message length: 9, out_left: 9

I (6579) mbedtls: ssl_msg.c:2084 0x3ffc65b4: ssl->f_send() returned 9 (-0xfffffff7)

I (6579) mbedtls: ssl_msg.c:2111 0x3ffc65b4: <= flush output

I (6579) mbedtls: ssl_msg.c:2790 0x3ffc65b4: <= write record

I (6579) mbedtls: ssl_msg.c:2615 0x3ffc65b4: <= write handshake message

I (6579) mbedtls: ssl_tls12_server.c:2900 0x3ffc65b4: <= write server hello done

I (6579) mbedtls: ssl_msg.c:2063 0x3ffc65b4: => flush output

I (6579) mbedtls: ssl_msg.c:2072 0x3ffc65b4: <= flush output

I (6579) mbedtls: ssl_tls12_server.c:3429 0x3ffc65b4: server state: 7

I (6579) mbedtls: ssl_tls.c:7077 0x3ffc65b4: => parse certificate

I (6579) mbedtls: ssl_tls.c:7081 0x3ffc65b4: <= skip parse certificate

D (6579) mbedtls: ssl_misc.h:1295 0x3ffc65b4: handshake state: 7 (MBEDTLS_SSL_CLIENT_CERTIFICATE) -> 8 (MBEDTLS_SSL_CLIENT_KEY_EXCHANGE)

I (6579) mbedtls: ssl_msg.c:2063 0x3ffc65b4: => flush output

I (6579) mbedtls: ssl_msg.c:2072 0x3ffc65b4: <= flush output

I (6579) mbedtls: ssl_tls12_server.c:3429 0x3ffc65b4: server state: 8

I (6579) mbedtls: ssl_tls12_server.c:2969 0x3ffc65b4: => parse client key exchange

I (6579) mbedtls: ssl_msg.c:4040 0x3ffc65b4: => read record

I (6579) mbedtls: ssl_msg.c:1865 0x3ffc65b4: => fetch input

I (6579) mbedtls: ssl_msg.c:2005 0x3ffc65b4: in_left: 0, nb_want: 5

D (6579) mbedtls: ssl_misc.h:1295 0x3ffb6800: handshake state: 4 (MBEDTLS_SSL_SERVER_KEY_EXCHANGE) -> 5 (MBEDTLS_SSL_CERTIFICATE_REQUEST)

I (6579) mbedtls: ssl_tls12_client.c:2118 0x3ffb6800: <= parse server key exchange

I (6579) mbedtls: ssl_msg.c:2063 0x3ffb6800: => flush output

I (6579) mbedtls: ssl_msg.c:2072 0x3ffb6800: <= flush output

I (6579) mbedtls: ssl_tls.c:4201 0x3ffb6800: client state: MBEDTLS_SSL_CERTIFICATE_REQUEST

I (6579) mbedtls: ssl_tls12_client.c:2157 0x3ffb6800: => parse certificate request

I (6579) mbedtls: ssl_msg.c:4040 0x3ffb6800: => read record

I (6579) mbedtls: ssl_msg.c:1865 0x3ffb6800: => fetch input

I (6579) mbedtls: ssl_msg.c:2005 0x3ffb6800: in_left: 0, nb_want: 5

[mem-tick] t=    4992 ms phase=thr-setup    free=165248
I (6649) mbedtls: ssl_msg.c:2025 0x3ffb6800: in_left: 0, nb_want: 5

I (6649) mbedtls: ssl_msg.c:2028 0x3ffb6800: ssl->f_recv(_timeout)() returned 5 (-0xfffffffb)

I (6649) mbedtls: ssl_msg.c:2050 0x3ffb6800: <= fetch input

D (6649) mbedtls: ssl_msg.c:3707 0x3ffb6800: input record: msgtype = 22, version = [0x303], msglen = 4

I (6649) mbedtls: ssl_msg.c:1865 0x3ffb6800: => fetch input

I (6649) mbedtls: ssl_msg.c:2005 0x3ffb6800: in_left: 5, nb_want: 9

I (6649) mbedtls: ssl_msg.c:2025 0x3ffb6800: in_left: 5, nb_want: 9

I (6649) mbedtls: ssl_msg.c:2028 0x3ffb6800: ssl->f_recv(_timeout)() returned 4 (-0xfffffffc)

I (6649) mbedtls: ssl_msg.c:2050 0x3ffb6800: <= fetch input

D (6649) mbedtls: ssl_msg.c:2948 0x3ffb6800: handshake message: msglen = 4, type = 14, hslen = 4

D (6649) mbedtls: ssl_msg.c:3085 0x3ffb6800: sole handshake fragment: 4, 0..4 of 4

I (6649) mbedtls: ssl_msg.c:4112 0x3ffb6800: <= read record

D (6649) mbedtls: ssl_misc.h:1295 0x3ffb6800: handshake state: 5 (MBEDTLS_SSL_CERTIFICATE_REQUEST) -> 6 (MBEDTLS_SSL_SERVER_HELLO_DONE)

D (6649) mbedtls: ssl_tls12_client.c:2183 0x3ffb6800: got no certificate request

I (6649) mbedtls: ssl_tls12_client.c:2319 0x3ffb6800: <= parse certificate request

I (6649) mbedtls: ssl_msg.c:2063 0x3ffb6800: => flush output

I (6649) mbedtls: ssl_msg.c:2072 0x3ffb6800: <= flush output

I (6649) mbedtls: ssl_tls.c:4201 0x3ffb6800: client state: MBEDTLS_SSL_SERVER_HELLO_DONE

I (6649) mbedtls: ssl_tls12_client.c:2330 0x3ffb6800: => parse server hello done

I (6649) mbedtls: ssl_msg.c:4040 0x3ffb6800: => read record

I (6649) mbedtls: ssl_msg.c:4108 0x3ffb6800: reuse previously read message

I (6649) mbedtls: ssl_msg.c:4112 0x3ffb6800: <= read record

D (6649) mbedtls: ssl_misc.h:1295 0x3ffb6800: handshake state: 6 (MBEDTLS_SSL_SERVER_HELLO_DONE) -> 7 (MBEDTLS_SSL_CLIENT_CERTIFICATE)

I (6649) mbedtls: ssl_tls12_client.c:2358 0x3ffb6800: <= parse server hello done

I (6649) mbedtls: ssl_msg.c:2063 0x3ffb6800: => flush output

I (6649) mbedtls: ssl_msg.c:2072 0x3ffb6800: <= flush output

I (6649) mbedtls: ssl_tls.c:4201 0x3ffb6800: client state: MBEDTLS_SSL_CLIENT_CERTIFICATE

I (6649) mbedtls: ssl_tls.c:6675 0x3ffb6800: => write certificate

I (6649) mbedtls: ssl_tls.c:6686 0x3ffb6800: <= skip write certificate

D (6649) mbedtls: ssl_misc.h:1295 0x3ffb6800: handshake state: 7 (MBEDTLS_SSL_CLIENT_CERTIFICATE) -> 8 (MBEDTLS_SSL_CLIENT_KEY_EXCHANGE)

I (6649) mbedtls: ssl_msg.c:2063 0x3ffb6800: => flush output

I (6649) mbedtls: ssl_msg.c:2072 0x3ffb6800: <= flush output

I (6649) mbedtls: ssl_tls.c:4201 0x3ffb6800: client state: MBEDTLS_SSL_CLIENT_KEY_EXCHANGE

I (6649) mbedtls: ssl_tls12_client.c:2373 0x3ffb6800: => write client key exchange

D (6649) mbedtls: ssl_tls12_client.c:2387 0x3ffb6800: Perform PSA-based ECDH computation.

[mem-tick] t=    5093 ms phase=thr-setup    free=165552
D (6789) mbedtls: ssl_misc.h:1295 0x3ffb6800: handshake state: 8 (MBEDTLS_SSL_CLIENT_KEY_EXCHANGE) -> 9 (MBEDTLS_SSL_CERTIFICATE_VERIFY)

I (6789) mbedtls: ssl_msg.c:2494 0x3ffb6800: => write handshake message

I (6789) mbedtls: ssl_msg.c:2654 0x3ffb6800: => write record

D (6789) mbedtls: ssl_msg.c:2737 0x3ffb6800: output record: msgtype = 22, version = [3:3], msglen = 37

I (6789) mbedtls: ssl_msg.c:2063 0x3ffb6800: => flush output

I (6789) mbedtls: ssl_msg.c:2077 0x3ffb6800: message length: 42, out_left: 42

I (6789) mbedtls: ssl_msg.c:2084 0x3ffb6800: ssl->f_send() returned 42 (-0xffffffd6)

I (6789) mbedtls: ssl_msg.c:2025 0x3ffc65b4: in_left: 0, nb_want: 5

I (6789) mbedtls: ssl_msg.c:2111 0x3ffb6800: <= flush output

I (6789) mbedtls: ssl_msg.c:2790 0x3ffb6800: <= write record

I (6789) mbedtls: ssl_msg.c:2615 0x3ffb6800: <= write handshake message

I (6789) mbedtls: ssl_tls12_client.c:2653 0x3ffb6800: <= write client key exchange

I (6789) mbedtls: ssl_msg.c:2063 0x3ffb6800: => flush output

I (6789) mbedtls: ssl_msg.c:2072 0x3ffb6800: <= flush output

I (6789) mbedtls: ssl_tls.c:4201 0x3ffb6800: client state: MBEDTLS_SSL_CERTIFICATE_VERIFY

I (6789) mbedtls: ssl_tls12_client.c:2701 0x3ffb6800: => write certificate verify

I (6789) mbedtls: ssl_tls.c:6466 0x3ffb6800: => derive keys

I (6789) mbedtls: ssl_tls.c:6557 0x3ffb6800: => PSA calc verify

D (6789) mbedtls: ssl_tls.c:6568 0x3ffb6800: dumping 'PSA calculated verify result' (48 bytes)

D (6789) mbedtls: ssl_tls.c:6568 0x3ffb6800: 0000:  6e 3a 5c 25 59 43 c4 ab 95 14 a7 83 d9 cb e1 06  n:\%YC..........

D (6789) mbedtls: ssl_tls.c:6568 0x3ffb6800: 0010:  cb df c9 56 61 35 fb 26 77 ff dd 6f 5c bb ea 2b  ...Va5.&w..o\..+

D (6789) mbedtls: ssl_tls.c:6568 0x3ffb6800: 0020:  d0 e1 0b 3b ff 52 a0 49 79 28 5f 04 7c 92 c2 26  ...;.R.Iy(_.|..&

I (6789) mbedtls: ssl_tls.c:6569 0x3ffb6800: <= PSA calc verify

D (6789) mbedtls: ssl_tls.c:6308 0x3ffb6800: dumping 'session hash for extended master secret' (48 bytes)

D (6789) mbedtls: ssl_tls.c:6308 0x3ffb6800: 0000:  6e 3a 5c 25 59 43 c4 ab 95 14 a7 83 d9 cb e1 06  n:\%YC..........

D (6789) mbedtls: ssl_tls.c:6308 0x3ffb6800: 0010:  cb df c9 56 61 35 fb 26 77 ff dd 6f 5c bb ea 2b  ...Va5.&w..o\..+

D (6789) mbedtls: ssl_tls.c:6308 0x3ffb6800: 0020:  d0 e1 0b 3b ff 52 a0 49 79 28 5f 04 7c 92 c2 26  ...;.R.Iy(_.|..&

I (6799) mbedtls: ssl_msg.c:2028 0x3ffc65b4: ssl->f_recv(_timeout)() returned 5 (-0xfffffffb)

I (6799) mbedtls: ssl_msg.c:2050 0x3ffc65b4: <= fetch input

D (6799) mbedtls: ssl_msg.c:3707 0x3ffc65b4: input record: msgtype = 22, version = [0x303], msglen = 37

I (6799) mbedtls: ssl_msg.c:1865 0x3ffc65b4: => fetch input

I (6799) mbedtls: ssl_msg.c:2005 0x3ffc65b4: in_left: 5, nb_want: 42

I (6799) mbedtls: ssl_msg.c:2025 0x3ffc65b4: in_left: 5, nb_want: 42

I (6799) mbedtls: ssl_msg.c:2028 0x3ffc65b4: ssl->f_recv(_timeout)() returned 37 (-0xffffffdb)

I (6799) mbedtls: ssl_msg.c:2050 0x3ffc65b4: <= fetch input

D (6799) mbedtls: ssl_tls.c:6449 0x3ffb6800: dumping 'premaster secret' (32 bytes)

D (6799) mbedtls: ssl_msg.c:2948 0x3ffc65b4: handshake message: msglen = 37, type = 16, hslen = 37

D (6799) mbedtls: ssl_tls.c:6449 0x3ffb6800: 0000:  ad 16 e1 1b 11 6a d7 4b 44 95 e1 bb 87 19 58 80  .....j.KD.....X.

D (6799) mbedtls: ssl_msg.c:3085 0x3ffc65b4: sole handshake fragment: 37, 0..37 of 37

D (6799) mbedtls: ssl_tls.c:6449 0x3ffb6800: 0010:  74 5d 4d 5e 7a c0 55 0b f7 83 98 57 2b 92 44 0e  t]M^z.U....W+.D.

D (6799) mbedtls: ssl_tls.c:7762 0x3ffb6800: ciphersuite = TLS-ECDHE-RSA-WITH-AES-256-GCM-SHA384

D (6799) mbedtls: ssl_tls.c:7764 0x3ffb6800: dumping 'master secret' (48 bytes)

D (6799) mbedtls: ssl_tls.c:7764 0x3ffb6800: 0000:  7a fb dd d1 d4 10 5c 11 62 0f ab 8f d8 87 30 3e  z.....\.b.....0>

D (6799) mbedtls: ssl_tls.c:7764 0x3ffb6800: 0010:  85 e4 5a 9d 2e 39 9c e4 f3 d6 e9 17 2d fa 48 ce  ..Z..9......-.H.

D (6799) mbedtls: ssl_tls.c:7764 0x3ffb6800: 0020:  87 dd 13 ae d0 7c c6 fa e8 b0 4c a8 09 4d 8d d5  .....|....L..M..

D (6799) mbedtls: ssl_tls.c:7855 0x3ffb6800: keylen: 32, minlen: 24, ivlen: 12, maclen: 0

I (6799) mbedtls: ssl_tls.c:6517 0x3ffb6800: <= derive keys

I (6799) mbedtls: ssl_tls12_client.c:2723 0x3ffb6800: <= skip write certificate verify

D (6799) mbedtls: ssl_misc.h:1295 0x3ffb6800: handshake state: 9 (MBEDTLS_SSL_CERTIFICATE_VERIFY) -> 10 (MBEDTLS_SSL_CLIENT_CHANGE_CIPHER_SPEC)

I (6799) mbedtls: ssl_msg.c:2063 0x3ffb6800: => flush output

I (6799) mbedtls: ssl_msg.c:2072 0x3ffb6800: <= flush output

I (6799) mbedtls: ssl_tls.c:4201 0x3ffb6800: client state: MBEDTLS_SSL_CLIENT_CHANGE_CIPHER_SPEC

I (6799) mbedtls: ssl_msg.c:5087 0x3ffb6800: => write change cipher spec

D (6799) mbedtls: ssl_misc.h:1295 0x3ffb6800: handshake state: 10 (MBEDTLS_SSL_CLIENT_CHANGE_CIPHER_SPEC) -> 11 (MBEDTLS_SSL_CLIENT_FINISHED)

I (6799) mbedtls: ssl_msg.c:2494 0x3ffb6800: => write handshake message

I (6799) mbedtls: ssl_msg.c:2654 0x3ffb6800: => write record

D (6799) mbedtls: ssl_msg.c:2737 0x3ffb6800: output record: msgtype = 20, version = [3:3], msglen = 1

I (6799) mbedtls: ssl_msg.c:2063 0x3ffb6800: => flush output

I (6799) mbedtls: ssl_msg.c:2077 0x3ffb6800: message length: 6, out_left: 6

I (6799) mbedtls: ssl_msg.c:2084 0x3ffb6800: ssl->f_send() returned 6 (-0xfffffffa)

I (6799) mbedtls: ssl_msg.c:2111 0x3ffb6800: <= flush output

I (6799) mbedtls: ssl_msg.c:2790 0x3ffb6800: <= write record

I (6799) mbedtls: ssl_msg.c:2615 0x3ffb6800: <= write handshake message

I (6799) mbedtls: ssl_msg.c:5100 0x3ffb6800: <= write change cipher spec

I (6799) mbedtls: ssl_msg.c:2063 0x3ffb6800: => flush output

I (6799) mbedtls: ssl_msg.c:2072 0x3ffb6800: <= flush output

I (6799) mbedtls: ssl_tls.c:4201 0x3ffb6800: client state: MBEDTLS_SSL_CLIENT_FINISHED

I (6799) mbedtls: ssl_tls.c:7384 0x3ffb6800: => write finished

I (6809) mbedtls: ssl_tls.c:7235 0x3ffb6800: => calc PSA finished tls

D (6809) mbedtls: ssl_tls.c:7246 0x3ffb6800: dumping 'PSA calculated padbuf' (48 bytes)

D (6809) mbedtls: ssl_tls.c:7246 0x3ffb6800: 0000:  6e 3a 5c 25 59 43 c4 ab 95 14 a7 83 d9 cb e1 06  n:\%YC..........

D (6809) mbedtls: ssl_tls.c:7246 0x3ffb6800: 0010:  cb df c9 56 61 35 fb 26 77 ff dd 6f 5c bb ea 2b  ...Va5.&w..o\..+

D (6809) mbedtls: ssl_tls.c:7246 0x3ffb6800: 0020:  d0 e1 0b 3b ff 52 a0 49 79 28 5f 04 7c 92 c2 26  ...;.R.Iy(_.|..&

D (6809) mbedtls: ssl_tls.c:7258 0x3ffb6800: dumping 'calc finished result' (12 bytes)

D (6809) mbedtls: ssl_tls.c:7258 0x3ffb6800: 0000:  48 5c cb 1b 7f fc cf ef d8 ac 9c 80              H\..........

I (6809) mbedtls: ssl_tls.c:7262 0x3ffb6800: <= calc finished

D (6809) mbedtls: ssl_misc.h:1295 0x3ffb6800: handshake state: 11 (MBEDTLS_SSL_CLIENT_FINISHED) -> 12 (MBEDTLS_SSL_SERVER_CHANGE_CIPHER_SPEC)

D (6809) mbedtls: ssl_tls.c:7434 0x3ffb6800: switching to new transform spec for outbound data

I (6809) mbedtls: ssl_msg.c:2494 0x3ffb6800: => write handshake message

I (6809) mbedtls: ssl_msg.c:2654 0x3ffb6800: => write record

I (6809) mbedtls: ssl_msg.c:4112 0x3ffc65b4: <= read record

I (6809) mbedtls: ssl_msg.c:808 0x3ffb6800: => encrypt buf

D (6809) mbedtls: ssl_msg.c:1036 0x3ffb6800: before encrypt: msglen = 16, including 0 bytes of padding

I (6809) mbedtls: ssl_msg.c:1265 0x3ffb6800: <= encrypt buf

D (6809) mbedtls: ssl_msg.c:2737 0x3ffb6800: output record: msgtype = 22, version = [3:3], msglen = 40

I (6809) mbedtls: ssl_msg.c:2063 0x3ffb6800: => flush output

I (6809) mbedtls: ssl_msg.c:2077 0x3ffb6800: message length: 45, out_left: 45

I (6809) mbedtls: ssl_msg.c:2084 0x3ffb6800: ssl->f_send() returned 45 (-0xffffffd3)

I (6809) mbedtls: ssl_msg.c:2111 0x3ffb6800: <= flush output

I (6809) mbedtls: ssl_msg.c:2790 0x3ffb6800: <= write record

I (6809) mbedtls: ssl_msg.c:2615 0x3ffb6800: <= write handshake message

I (6809) mbedtls: ssl_tls.c:7487 0x3ffb6800: <= write finished

I (6809) mbedtls: ssl_msg.c:2063 0x3ffb6800: => flush output

I (6809) mbedtls: ssl_msg.c:2072 0x3ffb6800: <= flush output

I (6809) mbedtls: ssl_tls.c:4201 0x3ffb6800: client state: MBEDTLS_SSL_SERVER_CHANGE_CIPHER_SPEC

I (6809) mbedtls: ssl_msg.c:5109 0x3ffb6800: => parse change cipher spec

I (6809) mbedtls: ssl_msg.c:4040 0x3ffb6800: => read record

I (6809) mbedtls: ssl_msg.c:1865 0x3ffb6800: => fetch input

I (6809) mbedtls: ssl_msg.c:2005 0x3ffb6800: in_left: 0, nb_want: 5

D (6809) mbedtls: ssl_tls12_server.c:2998 0x3ffc65b4: Read the peer's public key.

[mem-tick] t=    5192 ms phase=thr-setup    free=163940
I (6879) mbedtls: ssl_tls.c:6466 0x3ffc65b4: => derive keys

I (6879) mbedtls: ssl_tls.c:6557 0x3ffc65b4: => PSA calc verify

D (6879) mbedtls: ssl_tls.c:6568 0x3ffc65b4: dumping 'PSA calculated verify result' (48 bytes)

D (6879) mbedtls: ssl_tls.c:6568 0x3ffc65b4: 0000:  6e 3a 5c 25 59 43 c4 ab 95 14 a7 83 d9 cb e1 06  n:\%YC..........

D (6879) mbedtls: ssl_tls.c:6568 0x3ffc65b4: 0010:  cb df c9 56 61 35 fb 26 77 ff dd 6f 5c bb ea 2b  ...Va5.&w..o\..+

D (6879) mbedtls: ssl_tls.c:6568 0x3ffc65b4: 0020:  d0 e1 0b 3b ff 52 a0 49 79 28 5f 04 7c 92 c2 26  ...;.R.Iy(_.|..&

I (6879) mbedtls: ssl_tls.c:6569 0x3ffc65b4: <= PSA calc verify

D (6879) mbedtls: ssl_tls.c:6308 0x3ffc65b4: dumping 'session hash for extended master secret' (48 bytes)

D (6879) mbedtls: ssl_tls.c:6308 0x3ffc65b4: 0000:  6e 3a 5c 25 59 43 c4 ab 95 14 a7 83 d9 cb e1 06  n:\%YC..........

D (6879) mbedtls: ssl_tls.c:6308 0x3ffc65b4: 0010:  cb df c9 56 61 35 fb 26 77 ff dd 6f 5c bb ea 2b  ...Va5.&w..o\..+

D (6879) mbedtls: ssl_tls.c:6308 0x3ffc65b4: 0020:  d0 e1 0b 3b ff 52 a0 49 79 28 5f 04 7c 92 c2 26  ...;.R.Iy(_.|..&

D (6879) mbedtls: ssl_tls.c:6449 0x3ffc65b4: dumping 'premaster secret' (32 bytes)

D (6879) mbedtls: ssl_tls.c:6449 0x3ffc65b4: 0000:  ad 16 e1 1b 11 6a d7 4b 44 95 e1 bb 87 19 58 80  .....j.KD.....X.

D (6879) mbedtls: ssl_tls.c:6449 0x3ffc65b4: 0010:  74 5d 4d 5e 7a c0 55 0b f7 83 98 57 2b 92 44 0e  t]M^z.U....W+.D.

D (6879) mbedtls: ssl_tls.c:7762 0x3ffc65b4: ciphersuite = TLS-ECDHE-RSA-WITH-AES-256-GCM-SHA384

D (6879) mbedtls: ssl_tls.c:7764 0x3ffc65b4: dumping 'master secret' (48 bytes)

D (6879) mbedtls: ssl_tls.c:7764 0x3ffc65b4: 0000:  7a fb dd d1 d4 10 5c 11 62 0f ab 8f d8 87 30 3e  z.....\.b.....0>

D (6879) mbedtls: ssl_tls.c:7764 0x3ffc65b4: 0010:  85 e4 5a 9d 2e 39 9c e4 f3 d6 e9 17 2d fa 48 ce  ..Z..9......-.H.

D (6879) mbedtls: ssl_tls.c:7764 0x3ffc65b4: 0020:  87 dd 13 ae d0 7c c6 fa e8 b0 4c a8 09 4d 8d d5  .....|....L..M..

D (6879) mbedtls: ssl_tls.c:7855 0x3ffc65b4: keylen: 32, minlen: 24, ivlen: 12, maclen: 0

I (6879) mbedtls: ssl_tls.c:6517 0x3ffc65b4: <= derive keys

D (6879) mbedtls: ssl_misc.h:1295 0x3ffc65b4: handshake state: 8 (MBEDTLS_SSL_CLIENT_KEY_EXCHANGE) -> 9 (MBEDTLS_SSL_CERTIFICATE_VERIFY)

I (6879) mbedtls: ssl_tls12_server.c:3180 0x3ffc65b4: <= parse client key exchange

I (6879) mbedtls: ssl_msg.c:2063 0x3ffc65b4: => flush output

I (6879) mbedtls: ssl_msg.c:2072 0x3ffc65b4: <= flush output

I (6879) mbedtls: ssl_tls12_server.c:3429 0x3ffc65b4: server state: 9

I (6879) mbedtls: ssl_tls12_server.c:3219 0x3ffc65b4: => parse certificate verify

I (6889) mbedtls: ssl_tls12_server.c:3235 0x3ffc65b4: <= skip parse certificate verify

D (6889) mbedtls: ssl_misc.h:1295 0x3ffc65b4: handshake state: 9 (MBEDTLS_SSL_CERTIFICATE_VERIFY) -> 10 (MBEDTLS_SSL_CLIENT_CHANGE_CIPHER_SPEC)

I (6889) mbedtls: ssl_msg.c:2063 0x3ffc65b4: => flush output

I (6889) mbedtls: ssl_msg.c:2072 0x3ffc65b4: <= flush output

I (6889) mbedtls: ssl_tls12_server.c:3429 0x3ffc65b4: server state: 10

I (6889) mbedtls: ssl_msg.c:5109 0x3ffc65b4: => parse change cipher spec

I (6889) mbedtls: ssl_msg.c:4040 0x3ffc65b4: => read record

I (6889) mbedtls: ssl_msg.c:1865 0x3ffc65b4: => fetch input

I (6889) mbedtls: ssl_msg.c:2005 0x3ffc65b4: in_left: 0, nb_want: 5

I (6899) mbedtls: ssl_msg.c:2025 0x3ffc65b4: in_left: 0, nb_want: 5

I (6899) mbedtls: ssl_msg.c:2028 0x3ffc65b4: ssl->f_recv(_timeout)() returned 5 (-0xfffffffb)

I (6899) mbedtls: ssl_msg.c:2050 0x3ffc65b4: <= fetch input

D (6899) mbedtls: ssl_msg.c:3707 0x3ffc65b4: input record: msgtype = 20, version = [0x303], msglen = 1

I (6899) mbedtls: ssl_msg.c:1865 0x3ffc65b4: => fetch input

I (6899) mbedtls: ssl_msg.c:2005 0x3ffc65b4: in_left: 5, nb_want: 6

I (6899) mbedtls: ssl_msg.c:2025 0x3ffc65b4: in_left: 5, nb_want: 6

I (6899) mbedtls: ssl_msg.c:2028 0x3ffc65b4: ssl->f_recv(_timeout)() returned 1 (-0xffffffff)

I (6899) mbedtls: ssl_msg.c:2050 0x3ffc65b4: <= fetch input

I (6899) mbedtls: ssl_msg.c:4112 0x3ffc65b4: <= read record

D (6899) mbedtls: ssl_msg.c:5130 0x3ffc65b4: switching to new transform spec for inbound data

D (6899) mbedtls: ssl_misc.h:1295 0x3ffc65b4: handshake state: 10 (MBEDTLS_SSL_CLIENT_CHANGE_CIPHER_SPEC) -> 11 (MBEDTLS_SSL_CLIENT_FINISHED)

I (6899) mbedtls: ssl_msg.c:5157 0x3ffc65b4: <= parse change cipher spec

I (6899) mbedtls: ssl_msg.c:2063 0x3ffc65b4: => flush output

I (6899) mbedtls: ssl_msg.c:2072 0x3ffc65b4: <= flush output

I (6899) mbedtls: ssl_tls12_server.c:3429 0x3ffc65b4: server state: 11

I (6899) mbedtls: ssl_tls.c:7500 0x3ffc65b4: => parse finished

I (6899) mbedtls: ssl_tls.c:7235 0x3ffc65b4: => calc PSA finished tls

D (6899) mbedtls: ssl_tls.c:7246 0x3ffc65b4: dumping 'PSA calculated padbuf' (48 bytes)

D (6899) mbedtls: ssl_tls.c:7246 0x3ffc65b4: 0000:  6e 3a 5c 25 59 43 c4 ab 95 14 a7 83 d9 cb e1 06  n:\%YC..........

D (6899) mbedtls: ssl_tls.c:7246 0x3ffc65b4: 0010:  cb df c9 56 61 35 fb 26 77 ff dd 6f 5c bb ea 2b  ...Va5.&w..o\..+

D (6899) mbedtls: ssl_tls.c:7246 0x3ffc65b4: 0020:  d0 e1 0b 3b ff 52 a0 49 79 28 5f 04 7c 92 c2 26  ...;.R.Iy(_.|..&

D (6899) mbedtls: ssl_tls.c:7258 0x3ffc65b4: dumping 'calc finished result' (12 bytes)

D (6899) mbedtls: ssl_tls.c:7258 0x3ffc65b4: 0000:  48 5c cb 1b 7f fc cf ef d8 ac 9c 80              H\..........

I (6899) mbedtls: ssl_tls.c:7262 0x3ffc65b4: <= calc finished

I (6899) mbedtls: ssl_msg.c:4040 0x3ffc65b4: => read record

I (6899) mbedtls: ssl_msg.c:1865 0x3ffc65b4: => fetch input

I (6899) mbedtls: ssl_msg.c:2005 0x3ffc65b4: in_left: 0, nb_want: 5

I (6899) mbedtls: ssl_msg.c:2025 0x3ffc65b4: in_left: 0, nb_want: 5

I (6899) mbedtls: ssl_msg.c:2028 0x3ffc65b4: ssl->f_recv(_timeout)() returned 5 (-0xfffffffb)

I (6899) mbedtls: ssl_msg.c:2050 0x3ffc65b4: <= fetch input

D (6899) mbedtls: ssl_msg.c:3707 0x3ffc65b4: input record: msgtype = 22, version = [0x303], msglen = 40

I (6899) mbedtls: ssl_msg.c:1865 0x3ffc65b4: => fetch input

I (6899) mbedtls: ssl_msg.c:2005 0x3ffc65b4: in_left: 5, nb_want: 45

I (6899) mbedtls: ssl_msg.c:2025 0x3ffc65b4: in_left: 5, nb_want: 45

I (6899) mbedtls: ssl_msg.c:2028 0x3ffc65b4: ssl->f_recv(_timeout)() returned 40 (-0xffffffd8)

I (6899) mbedtls: ssl_msg.c:2050 0x3ffc65b4: <= fetch input

I (6899) mbedtls: ssl_msg.c:1301 0x3ffc65b4: => decrypt buf

I (6899) mbedtls: ssl_msg.c:1831 0x3ffc65b4: <= decrypt buf

D (6899) mbedtls: ssl_msg.c:2948 0x3ffc65b4: handshake message: msglen = 16, type = 20, hslen = 16

D (6899) mbedtls: ssl_msg.c:3085 0x3ffc65b4: sole handshake fragment: 16, 0..16 of 16

I (6899) mbedtls: ssl_msg.c:4112 0x3ffc65b4: <= read record

D (6899) mbedtls: ssl_misc.h:1295 0x3ffc65b4: handshake state: 11 (MBEDTLS_SSL_CLIENT_FINISHED) -> 12 (MBEDTLS_SSL_SERVER_CHANGE_CIPHER_SPEC)

I (6899) mbedtls: ssl_tls.c:7571 0x3ffc65b4: <= parse finished

I (6899) mbedtls: ssl_msg.c:2063 0x3ffc65b4: => flush output

I (6899) mbedtls: ssl_msg.c:2072 0x3ffc65b4: <= flush output

I (6899) mbedtls: ssl_tls12_server.c:3429 0x3ffc65b4: server state: 12

I (6899) mbedtls: ssl_msg.c:5087 0x3ffc65b4: => write change cipher spec

D (6899) mbedtls: ssl_misc.h:1295 0x3ffc65b4: handshake state: 12 (MBEDTLS_SSL_SERVER_CHANGE_CIPHER_SPEC) -> 13 (MBEDTLS_SSL_SERVER_FINISHED)

I (6899) mbedtls: ssl_msg.c:2494 0x3ffc65b4: => write handshake message

I (6899) mbedtls: ssl_msg.c:2654 0x3ffc65b4: => write record

D (6899) mbedtls: ssl_msg.c:2737 0x3ffc65b4: output record: msgtype = 20, version = [3:3], msglen = 1

I (6899) mbedtls: ssl_msg.c:2063 0x3ffc65b4: => flush output

I (6899) mbedtls: ssl_msg.c:2077 0x3ffc65b4: message length: 6, out_left: 6

I (6899) mbedtls: ssl_msg.c:2025 0x3ffb6800: in_left: 0, nb_want: 5

I (6899) mbedtls: ssl_msg.c:2084 0x3ffc65b4: ssl->f_send() returned 6 (-0xfffffffa)

I (6899) mbedtls: ssl_msg.c:2028 0x3ffb6800: ssl->f_recv(_timeout)() returned 5 (-0xfffffffb)

I (6899) mbedtls: ssl_msg.c:2050 0x3ffb6800: <= fetch input

D (6899) mbedtls: ssl_msg.c:3707 0x3ffb6800: input record: msgtype = 20, version = [0x303], msglen = 1

I (6899) mbedtls: ssl_msg.c:1865 0x3ffb6800: => fetch input

I (6899) mbedtls: ssl_msg.c:2005 0x3ffb6800: in_left: 5, nb_want: 6

I (6899) mbedtls: ssl_msg.c:2025 0x3ffb6800: in_left: 5, nb_want: 6

I (6909) mbedtls: ssl_msg.c:2028 0x3ffb6800: ssl->f_recv(_timeout)() returned 1 (-0xffffffff)

I (6909) mbedtls: ssl_msg.c:2050 0x3ffb6800: <= fetch input

I (6909) mbedtls: ssl_msg.c:4112 0x3ffb6800: <= read record

D (6909) mbedtls: ssl_msg.c:5130 0x3ffb6800: switching to new transform spec for inbound data

D (6909) mbedtls: ssl_misc.h:1295 0x3ffb6800: handshake state: 12 (MBEDTLS_SSL_SERVER_CHANGE_CIPHER_SPEC) -> 13 (MBEDTLS_SSL_SERVER_FINISHED)

I (6909) mbedtls: ssl_msg.c:5157 0x3ffb6800: <= parse change cipher spec

I (6909) mbedtls: ssl_msg.c:2063 0x3ffb6800: => flush output

I (6909) mbedtls: ssl_msg.c:2072 0x3ffb6800: <= flush output

I (6909) mbedtls: ssl_tls.c:4201 0x3ffb6800: client state: MBEDTLS_SSL_SERVER_FINISHED

I (6909) mbedtls: ssl_tls.c:7500 0x3ffb6800: => parse finished

I (6909) mbedtls: ssl_tls.c:7235 0x3ffb6800: => calc PSA finished tls

D (6909) mbedtls: ssl_tls.c:7246 0x3ffb6800: dumping 'PSA calculated padbuf' (48 bytes)

D (6909) mbedtls: ssl_tls.c:7246 0x3ffb6800: 0000:  d5 76 7f 60 3e 70 0b 0d cb 82 aa e0 dc 79 2a 0c  .v.`>p.......y*.

I (6909) mbedtls: ssl_msg.c:2111 0x3ffc65b4: <= flush output

D (6909) mbedtls: ssl_tls.c:7246 0x3ffb6800: 0010:  4b aa 3d 70 47 b4 a7 95 18 56 78 ad a1 58 85 c9  K.=pG....Vx..X..

D (6909) mbedtls: ssl_tls.c:7246 0x3ffb6800: 0020:  fe 6f f1 ef 97 14 12 a2 51 a0 88 87 a1 6a 92 72  .o......Q....j.r

D (6909) mbedtls: ssl_tls.c:7258 0x3ffb6800: dumping 'calc finished result' (12 bytes)

D (6909) mbedtls: ssl_tls.c:7258 0x3ffb6800: 0000:  5d 29 b0 73 48 53 e0 f3 e3 13 c5 f7              ]).sHS......

I (6909) mbedtls: ssl_tls.c:7262 0x3ffb6800: <= calc finished

I (6909) mbedtls: ssl_msg.c:4040 0x3ffb6800: => read record

I (6909) mbedtls: ssl_msg.c:1865 0x3ffb6800: => fetch input

I (6909) mbedtls: ssl_msg.c:2005 0x3ffb6800: in_left: 0, nb_want: 5

I (6909) mbedtls: ssl_msg.c:2790 0x3ffc65b4: <= write record

I (6909) mbedtls: ssl_msg.c:2615 0x3ffc65b4: <= write handshake message

I (6909) mbedtls: ssl_msg.c:5100 0x3ffc65b4: <= write change cipher spec

I (6909) mbedtls: ssl_msg.c:2063 0x3ffc65b4: => flush output

I (6909) mbedtls: ssl_msg.c:2072 0x3ffc65b4: <= flush output

I (6909) mbedtls: ssl_tls12_server.c:3429 0x3ffc65b4: server state: 13

I (6909) mbedtls: ssl_tls.c:7384 0x3ffc65b4: => write finished

I (6909) mbedtls: ssl_tls.c:7235 0x3ffc65b4: => calc PSA finished tls

D (6909) mbedtls: ssl_tls.c:7246 0x3ffc65b4: dumping 'PSA calculated padbuf' (48 bytes)

D (6909) mbedtls: ssl_tls.c:7246 0x3ffc65b4: 0000:  d5 76 7f 60 3e 70 0b 0d cb 82 aa e0 dc 79 2a 0c  .v.`>p.......y*.

D (6909) mbedtls: ssl_tls.c:7246 0x3ffc65b4: 0010:  4b aa 3d 70 47 b4 a7 95 18 56 78 ad a1 58 85 c9  K.=pG....Vx..X..

D (6909) mbedtls: ssl_tls.c:7246 0x3ffc65b4: 0020:  fe 6f f1 ef 97 14 12 a2 51 a0 88 87 a1 6a 92 72  .o......Q....j.r

D (6909) mbedtls: ssl_tls.c:7258 0x3ffc65b4: dumping 'calc finished result' (12 bytes)

D (6909) mbedtls: ssl_tls.c:7258 0x3ffc65b4: 0000:  5d 29 b0 73 48 53 e0 f3 e3 13 c5 f7              ]).sHS......

I (6909) mbedtls: ssl_tls.c:7262 0x3ffc65b4: <= calc finished

D (6909) mbedtls: ssl_misc.h:1295 0x3ffc65b4: handshake state: 13 (MBEDTLS_SSL_SERVER_FINISHED) -> 14 (MBEDTLS_SSL_FLUSH_BUFFERS)

D (6909) mbedtls: ssl_tls.c:7434 0x3ffc65b4: switching to new transform spec for outbound data

I (6909) mbedtls: ssl_msg.c:2494 0x3ffc65b4: => write handshake message

I (6909) mbedtls: ssl_msg.c:2654 0x3ffc65b4: => write record

I (6909) mbedtls: ssl_msg.c:808 0x3ffc65b4: => encrypt buf

D (6909) mbedtls: ssl_msg.c:1036 0x3ffc65b4: before encrypt: msglen = 16, including 0 bytes of padding

I (6909) mbedtls: ssl_msg.c:1265 0x3ffc65b4: <= encrypt buf

D (6909) mbedtls: ssl_msg.c:2737 0x3ffc65b4: output record: msgtype = 22, version = [3:3], msglen = 40

I (6909) mbedtls: ssl_msg.c:2063 0x3ffc65b4: => flush output

I (6909) mbedtls: ssl_msg.c:2077 0x3ffc65b4: message length: 45, out_left: 45

I (6909) mbedtls: ssl_msg.c:2084 0x3ffc65b4: ssl->f_send() returned 45 (-0xffffffd3)

I (6909) mbedtls: ssl_msg.c:2111 0x3ffc65b4: <= flush output

I (6909) mbedtls: ssl_msg.c:2790 0x3ffc65b4: <= write record

I (6909) mbedtls: ssl_msg.c:2615 0x3ffc65b4: <= write handshake message

I (6909) mbedtls: ssl_tls.c:7487 0x3ffc65b4: <= write finished

I (6909) mbedtls: ssl_msg.c:2063 0x3ffc65b4: => flush output

I (6909) mbedtls: ssl_msg.c:2072 0x3ffc65b4: <= flush output

I (6909) mbedtls: ssl_tls12_server.c:3429 0x3ffc65b4: server state: 14

I (6909) mbedtls: ssl_tls12_server.c:3521 0x3ffc65b4: handshake: done

D (6909) mbedtls: ssl_misc.h:1295 0x3ffc65b4: handshake state: 14 (MBEDTLS_SSL_FLUSH_BUFFERS) -> 15 (MBEDTLS_SSL_HANDSHAKE_WRAPUP)

I (6909) mbedtls: ssl_msg.c:2063 0x3ffc65b4: => flush output

I (6909) mbedtls: ssl_msg.c:2072 0x3ffc65b4: <= flush output

I (6909) mbedtls: ssl_tls12_server.c:3429 0x3ffc65b4: server state: 15

D (6909) mbedtls: ssl_tls.c:7322 0x3ffc65b4: => handshake wrapup

D (6909) mbedtls: ssl_tls.c:7296 0x3ffc65b4: => handshake wrapup: final free

D (6909) mbedtls: ssl_tls.c:7315 0x3ffc65b4: <= handshake wrapup: final free

D (6909) mbedtls: ssl_misc.h:1295 0x3ffc65b4: handshake state: 15 (MBEDTLS_SSL_HANDSHAKE_WRAPUP) -> 27 (MBEDTLS_SSL_HANDSHAKE_OVER)

D (6919) mbedtls: ssl_tls.c:7376 0x3ffc65b4: <= handshake wrapup

I (6919) mbedtls: ssl_tls.c:4293 0x3ffc65b4: <= handshake

[srv-tls] session established
I (6919) mbedtls: ssl_msg.c:5663 0x3ffc65b4: => read

I (6919) mbedtls: ssl_msg.c:4040 0x3ffc65b4: => read record

I (6919) mbedtls: ssl_msg.c:1865 0x3ffc65b4: => fetch input

I (6919) mbedtls: ssl_msg.c:2005 0x3ffc65b4: in_left: 0, nb_want: 5

[mem-tick] t=    5292 ms phase=thr-setup    free=167720
[mem-tick] t=    5392 ms phase=thr-setup    free=167720
[mem-tick] t=    5492 ms phase=thr-setup    free=167720
I (7149) mbedtls: ssl_msg.c:2025 0x3ffb6800: in_left: 0, nb_want: 5

I (7149) mbedtls: ssl_msg.c:2028 0x3ffb6800: ssl->f_recv(_timeout)() returned 5 (-0xfffffffb)

I (7149) mbedtls: ssl_msg.c:2050 0x3ffb6800: <= fetch input

D (7149) mbedtls: ssl_msg.c:3707 0x3ffb6800: input record: msgtype = 22, version = [0x303], msglen = 40

I (7149) mbedtls: ssl_msg.c:1865 0x3ffb6800: => fetch input

I (7149) mbedtls: ssl_msg.c:2005 0x3ffb6800: in_left: 5, nb_want: 45

I (7149) mbedtls: ssl_msg.c:2025 0x3ffb6800: in_left: 5, nb_want: 45

I (7149) mbedtls: ssl_msg.c:2028 0x3ffb6800: ssl->f_recv(_timeout)() returned 40 (-0xffffffd8)

I (7149) mbedtls: ssl_msg.c:2050 0x3ffb6800: <= fetch input

I (7149) mbedtls: ssl_msg.c:1301 0x3ffb6800: => decrypt buf

I (7149) mbedtls: ssl_msg.c:1831 0x3ffb6800: <= decrypt buf

D (7149) mbedtls: ssl_msg.c:2948 0x3ffb6800: handshake message: msglen = 16, type = 20, hslen = 16

D (7149) mbedtls: ssl_msg.c:3085 0x3ffb6800: sole handshake fragment: 16, 0..16 of 16

I (7149) mbedtls: ssl_msg.c:4112 0x3ffb6800: <= read record

D (7149) mbedtls: ssl_misc.h:1295 0x3ffb6800: handshake state: 13 (MBEDTLS_SSL_SERVER_FINISHED) -> 14 (MBEDTLS_SSL_FLUSH_BUFFERS)

I (7149) mbedtls: ssl_tls.c:7571 0x3ffb6800: <= parse finished

I (7149) mbedtls: ssl_msg.c:2063 0x3ffb6800: => flush output

I (7149) mbedtls: ssl_msg.c:2072 0x3ffb6800: <= flush output

I (7149) mbedtls: ssl_tls.c:4201 0x3ffb6800: client state: MBEDTLS_SSL_FLUSH_BUFFERS

I (7149) mbedtls: ssl_tls12_client.c:3031 0x3ffb6800: handshake: done

D (7149) mbedtls: ssl_misc.h:1295 0x3ffb6800: handshake state: 14 (MBEDTLS_SSL_FLUSH_BUFFERS) -> 15 (MBEDTLS_SSL_HANDSHAKE_WRAPUP)

I (7149) mbedtls: ssl_msg.c:2063 0x3ffb6800: => flush output

I (7149) mbedtls: ssl_msg.c:2072 0x3ffb6800: <= flush output

I (7149) mbedtls: ssl_tls.c:4201 0x3ffb6800: client state: MBEDTLS_SSL_HANDSHAKE_WRAPUP

D (7149) mbedtls: ssl_tls.c:7322 0x3ffb6800: => handshake wrapup

D (7149) mbedtls: ssl_tls.c:7296 0x3ffb6800: => handshake wrapup: final free

D (7149) mbedtls: ssl_tls.c:7315 0x3ffb6800: <= handshake wrapup: final free

D (7149) mbedtls: ssl_misc.h:1295 0x3ffb6800: handshake state: 15 (MBEDTLS_SSL_HANDSHAKE_WRAPUP) -> 27 (MBEDTLS_SSL_HANDSHAKE_OVER)

D (7149) mbedtls: ssl_tls.c:7376 0x3ffb6800: <= handshake wrapup

I (7149) mbedtls: ssl_tls.c:4293 0x3ffb6800: <= handshake

[neg] version=TLSv1.2 suite=TLS-ECDHE-RSA-WITH-AES-256-GCM-SHA384 peer_cert=0 bytes
[mem-tick] t=    5592 ms phase=thr-p0       free=170280
[mem-tick] t=    5693 ms phase=thr-p0       free=169132
[mem-tick] t=    5792 ms phase=thr-p0       free=173384
[mem-tick] t=    5892 ms phase=thr-p0       free=171644
[mem-tick] t=    5992 ms phase=thr-p0       free=170684
[mem-tick] t=    6092 ms phase=thr-p0       free=170692
[mem-tick] t=    6192 ms phase=thr-p0       free=171652
[mem-tick] t=    6292 ms phase=thr-p0       free=169132
[mem-tick] t=    6392 ms phase=thr-p0       free=169136
[mem-tick] t=    6492 ms phase=thr-p0       free=170692
[mem-tick] t=    6592 ms phase=thr-p0       free=171752
[thr] round0 PLAIN 2097152 B in 1097937 us = 15.28 Mbit/s
I (8249) mbedtls: ssl_msg.c:5925 0x3ffb6800: => write

I (8249) mbedtls: ssl_msg.c:2654 0x3ffb6800: => write record

I (8249) mbedtls: ssl_msg.c:808 0x3ffb6800: => encrypt buf

D (8249) mbedtls: ssl_msg.c:1036 0x3ffb6800: before encrypt: msglen = 1024, including 0 bytes of padding

I (8249) mbedtls: ssl_msg.c:1265 0x3ffb6800: <= encrypt buf

D (8249) mbedtls: ssl_msg.c:2737 0x3ffb6800: output record: msgtype = 23, version = [3:3], msglen = 1048

I (8259) mbedtls: ssl_msg.c:2063 0x3ffb6800: => flush output

I (8259) mbedtls: ssl_msg.c:2077 0x3ffb6800: message length: 1053, out_left: 1053

I (8259) mbedtls: ssl_msg.c:2084 0x3ffb6800: ssl->f_send() returned 1053 (-0xfffffbe3)

I (8259) mbedtls: ssl_msg.c:2111 0x3ffb6800: <= flush output

I (8259) mbedtls: ssl_msg.c:2025 0x3ffc65b4: in_left: 0, nb_want: 5

I (8259) mbedtls: ssl_msg.c:2790 0x3ffb6800: <= write record

I (8259) mbedtls: ssl_msg.c:5947 0x3ffb6800: <= write

I (8259) mbedtls: ssl_msg.c:5663 0x3ffb6800: => read

I (8259) mbedtls: ssl_msg.c:4040 0x3ffb6800: => read record

I (8259) mbedtls: ssl_msg.c:1865 0x3ffb6800: => fetch input

I (8259) mbedtls: ssl_msg.c:2005 0x3ffb6800: in_left: 0, nb_want: 5

I (8259) mbedtls: ssl_msg.c:2028 0x3ffc65b4: ssl->f_recv(_timeout)() returned 5 (-0xfffffffb)

I (8259) mbedtls: ssl_msg.c:2050 0x3ffc65b4: <= fetch input

D (8259) mbedtls: ssl_msg.c:3707 0x3ffc65b4: input record: msgtype = 23, version = [0x303], msglen = 1048

I (8259) mbedtls: ssl_msg.c:1865 0x3ffc65b4: => fetch input

I (8259) mbedtls: ssl_msg.c:2005 0x3ffc65b4: in_left: 5, nb_want: 1053

I (8259) mbedtls: ssl_msg.c:2025 0x3ffc65b4: in_left: 5, nb_want: 1053

I (8259) mbedtls: ssl_msg.c:2028 0x3ffc65b4: ssl->f_recv(_timeout)() returned 1048 (-0xfffffbe8)

I (8259) mbedtls: ssl_msg.c:2050 0x3ffc65b4: <= fetch input

I (8259) mbedtls: ssl_msg.c:1301 0x3ffc65b4: => decrypt buf

I (8259) mbedtls: ssl_msg.c:1831 0x3ffc65b4: <= decrypt buf

I (8259) mbedtls: ssl_msg.c:4112 0x3ffc65b4: <= read record

I (8259) mbedtls: ssl_msg.c:5823 0x3ffc65b4: <= read

I (8259) mbedtls: ssl_msg.c:5925 0x3ffc65b4: => write

I (8259) mbedtls: ssl_msg.c:2654 0x3ffc65b4: => write record

I (8259) mbedtls: ssl_msg.c:808 0x3ffc65b4: => encrypt buf

D (8259) mbedtls: ssl_msg.c:1036 0x3ffc65b4: before encrypt: msglen = 1024, including 0 bytes of padding

I (8259) mbedtls: ssl_msg.c:1265 0x3ffc65b4: <= encrypt buf

D (8259) mbedtls: ssl_msg.c:2737 0x3ffc65b4: output record: msgtype = 23, version = [3:3], msglen = 1048

I (8259) mbedtls: ssl_msg.c:2063 0x3ffc65b4: => flush output

I (8259) mbedtls: ssl_msg.c:2077 0x3ffc65b4: message length: 1053, out_left: 1053

I (8269) mbedtls: ssl_msg.c:2025 0x3ffb6800: in_left: 0, nb_want: 5

I (8269) mbedtls: ssl_msg.c:2028 0x3ffb6800: ssl->f_recv(_timeout)() returned 5 (-0xfffffffb)

I (8269) mbedtls: ssl_msg.c:2084 0x3ffc65b4: ssl->f_send() returned 1053 (-0xfffffbe3)

I (8269) mbedtls: ssl_msg.c:2050 0x3ffb6800: <= fetch input

D (8269) mbedtls: ssl_msg.c:3707 0x3ffb6800: input record: msgtype = 23, version = [0x303], msglen = 1048

I (8269) mbedtls: ssl_msg.c:1865 0x3ffb6800: => fetch input

I (8269) mbedtls: ssl_msg.c:2005 0x3ffb6800: in_left: 5, nb_want: 1053

I (8269) mbedtls: ssl_msg.c:2025 0x3ffb6800: in_left: 5, nb_want: 1053

I (8269) mbedtls: ssl_msg.c:2028 0x3ffb6800: ssl->f_recv(_timeout)() returned 1048 (-0xfffffbe8)

I (8269) mbedtls: ssl_msg.c:2050 0x3ffb6800: <= fetch input

I (8269) mbedtls: ssl_msg.c:2111 0x3ffc65b4: <= flush output

I (8269) mbedtls: ssl_msg.c:2790 0x3ffc65b4: <= write record

I (8269) mbedtls: ssl_msg.c:5947 0x3ffc65b4: <= write

I (8269) mbedtls: ssl_msg.c:5663 0x3ffc65b4: => read

I (8269) mbedtls: ssl_msg.c:4040 0x3ffc65b4: => read record

I (8269) mbedtls: ssl_msg.c:1865 0x3ffc65b4: => fetch input

I (8269) mbedtls: ssl_msg.c:2005 0x3ffc65b4: in_left: 0, nb_want: 5

I (8269) mbedtls: ssl_msg.c:1301 0x3ffb6800: => decrypt buf

I (8269) mbedtls: ssl_msg.c:1831 0x3ffb6800: <= decrypt buf

I (8269) mbedtls: ssl_msg.c:4112 0x3ffb6800: <= read record

I (8269) mbedtls: ssl_msg.c:5823 0x3ffb6800: <= read

I (8269) mbedtls: ssl_msg.c:5925 0x3ffb6800: => write

I (8269) mbedtls: ssl_msg.c:2654 0x3ffb6800: => write record

I (8269) mbedtls: ssl_msg.c:808 0x3ffb6800: => encrypt buf

D (8269) mbedtls: ssl_msg.c:1036 0x3ffb6800: before encrypt: msglen = 1024, including 0 bytes of padding

I (8269) mbedtls: ssl_msg.c:1265 0x3ffb6800: <= encrypt buf

D (8269) mbedtls: ssl_msg.c:2737 0x3ffb6800: output record: msgtype = 23, version = [3:3], msglen = 1048

I (8269) mbedtls: ssl_msg.c:2063 0x3ffb6800: => flush output

I (8269) mbedtls: ssl_msg.c:2077 0x3ffb6800: message length: 1053, out_left: 1053

I (8279) mbedtls: ssl_msg.c:2084 0x3ffb6800: ssl->f_send() returned 1053 (-0xfffffbe3)

I (8279) mbedtls: ssl_msg.c:2111 0x3ffb6800: <= flush output

I (8279) mbedtls: ssl_msg.c:2790 0x3ffb6800: <= write record

I (8279) mbedtls: ssl_msg.c:2025 0x3ffc65b4: in_left: 0, nb_want: 5

I (8279) mbedtls: ssl_msg.c:5947 0x3ffb6800: <= write

I (8279) mbedtls: ssl_msg.c:5663 0x3ffb6800: => read

I (8279) mbedtls: ssl_msg.c:4040 0x3ffb6800: => read record

I (8279) mbedtls: ssl_msg.c:1865 0x3ffb6800: => fetch input

I (8279) mbedtls: ssl_msg.c:2005 0x3ffb6800: in_left: 0, nb_want: 5

I (8279) mbedtls: ssl_msg.c:2028 0x3ffc65b4: ssl->f_recv(_timeout)() returned 5 (-0xfffffffb)

I (8279) mbedtls: ssl_msg.c:2050 0x3ffc65b4: <= fetch input

D (8279) mbedtls: ssl_msg.c:3707 0x3ffc65b4: input record: msgtype = 23, version = [0x303], msglen = 1048

I (8279) mbedtls: ssl_msg.c:1865 0x3ffc65b4: => fetch input

I (8279) mbedtls: ssl_msg.c:2005 0x3ffc65b4: in_left: 5, nb_want: 1053

I (8279) mbedtls: ssl_msg.c:2025 0x3ffc65b4: in_left: 5, nb_want: 1053

I (8279) mbedtls: ssl_msg.c:2028 0x3ffc65b4: ssl->f_recv(_timeout)() returned 1048 (-0xfffffbe8)

I (8279) mbedtls: ssl_msg.c:2050 0x3ffc65b4: <= fetch input

I (8279) mbedtls: ssl_msg.c:1301 0x3ffc65b4: => decrypt buf

I (8279) mbedtls: ssl_msg.c:1831 0x3ffc65b4: <= decrypt buf

I (8279) mbedtls: ssl_msg.c:4112 0x3ffc65b4: <= read record

I (8279) mbedtls: ssl_msg.c:5823 0x3ffc65b4: <= read

I (8279) mbedtls: ssl_msg.c:5925 0x3ffc65b4: => write

I (8279) mbedtls: ssl_msg.c:2654 0x3ffc65b4: => write record

I (8279) mbedtls: ssl_msg.c:808 0x3ffc65b4: => encrypt buf

D (8279) mbedtls: ssl_msg.c:1036 0x3ffc65b4: before encrypt: msglen = 1024, including 0 bytes of padding

I (8279) mbedtls: ssl_msg.c:1265 0x3ffc65b4: <= encrypt buf

D (8279) mbedtls: ssl_msg.c:2737 0x3ffc65b4: output record: msgtype = 23, version = [3:3], msglen = 1048

I (8279) mbedtls: ssl_msg.c:2063 0x3ffc65b4: => flush output

I (8279) mbedtls: ssl_msg.c:2077 0x3ffc65b4: message length: 1053, out_left: 1053

I (8279) mbedtls: ssl_msg.c:2025 0x3ffb6800: in_left: 0, nb_want: 5

I (8279) mbedtls: ssl_msg.c:2028 0x3ffb6800: ssl->f_recv(_timeout)() returned 5 (-0xfffffffb)

I (8279) mbedtls: ssl_msg.c:2084 0x3ffc65b4: ssl->f_send() returned 1053 (-0xfffffbe3)

I (8289) mbedtls: ssl_msg.c:2050 0x3ffb6800: <= fetch input

D (8289) mbedtls: ssl_msg.c:3707 0x3ffb6800: input record: msgtype = 23, version = [0x303], msglen = 1048

I (8289) mbedtls: ssl_msg.c:1865 0x3ffb6800: => fetch input

I (8289) mbedtls: ssl_msg.c:2005 0x3ffb6800: in_left: 5, nb_want: 1053

I (8289) mbedtls: ssl_msg.c:2025 0x3ffb6800: in_left: 5, nb_want: 1053

I (8289) mbedtls: ssl_msg.c:2028 0x3ffb6800: ssl->f_recv(_timeout)() returned 1048 (-0xfffffbe8)

I (8289) mbedtls: ssl_msg.c:2050 0x3ffb6800: <= fetch input

I (8289) mbedtls: ssl_msg.c:2111 0x3ffc65b4: <= flush output

I (8289) mbedtls: ssl_msg.c:2790 0x3ffc65b4: <= write record

I (8289) mbedtls: ssl_msg.c:1301 0x3ffb6800: => decrypt buf

I (8289) mbedtls: ssl_msg.c:5947 0x3ffc65b4: <= write

I (8289) mbedtls: ssl_msg.c:5663 0x3ffc65b4: => read

I (8289) mbedtls: ssl_msg.c:4040 0x3ffc65b4: => read record

I (8289) mbedtls: ssl_msg.c:1865 0x3ffc65b4: => fetch input

I (8289) mbedtls: ssl_msg.c:1831 0x3ffb6800: <= decrypt buf

I (8289) mbedtls: ssl_msg.c:2005 0x3ffc65b4: in_left: 0, nb_want: 5

I (8289) mbedtls: ssl_msg.c:4112 0x3ffb6800: <= read record

I (8289) mbedtls: ssl_msg.c:5823 0x3ffb6800: <= read

I (8289) mbedtls: ssl_msg.c:5925 0x3ffb6800: => write

I (8289) mbedtls: ssl_msg.c:2654 0x3ffb6800: => write record

I (8289) mbedtls: ssl_msg.c:808 0x3ffb6800: => encrypt buf

D (8289) mbedtls: ssl_msg.c:1036 0x3ffb6800: before encrypt: msglen = 1024, including 0 bytes of padding

I (8289) mbedtls: ssl_msg.c:1265 0x3ffb6800: <= encrypt buf

D (8289) mbedtls: ssl_msg.c:2737 0x3ffb6800: output record: msgtype = 23, version = [3:3], msglen = 1048

I (8289) mbedtls: ssl_msg.c:2063 0x3ffb6800: => flush output

I (8289) mbedtls: ssl_msg.c:2077 0x3ffb6800: message length: 1053, out_left: 1053

I (8289) mbedtls: ssl_msg.c:2084 0x3ffb6800: ssl->f_send() returned 1053 (-0xfffffbe3)

I (8289) mbedtls: ssl_msg.c:2111 0x3ffb6800: <= flush output

I (8289) mbedtls: ssl_msg.c:2025 0x3ffc65b4: in_left: 0, nb_want: 5

I (8289) mbedtls: ssl_msg.c:2790 0x3ffb6800: <= write record

I (8289) mbedtls: ssl_msg.c:5947 0x3ffb6800: <= write

I (8289) mbedtls: ssl_msg.c:5663 0x3ffb6800: => read

I (8289) mbedtls: ssl_msg.c:4040 0x3ffb6800: => read record

I (8289) mbedtls: ssl_msg.c:1865 0x3ffb6800: => fetch input

I (8289) mbedtls: ssl_msg.c:2005 0x3ffb6800: in_left: 0, nb_want: 5

I (8299) mbedtls: ssl_msg.c:2028 0x3ffc65b4: ssl->f_recv(_timeout)() returned 5 (-0xfffffffb)

I (8299) mbedtls: ssl_msg.c:2050 0x3ffc65b4: <= fetch input

D (8299) mbedtls: ssl_msg.c:3707 0x3ffc65b4: input record: msgtype = 23, version = [0x303], msglen = 1048

I (8299) mbedtls: ssl_msg.c:1865 0x3ffc65b4: => fetch input

I (8299) mbedtls: ssl_msg.c:2005 0x3ffc65b4: in_left: 5, nb_want: 1053

I (8299) mbedtls: ssl_msg.c:2025 0x3ffc65b4: in_left: 5, nb_want: 1053

I (8299) mbedtls: ssl_msg.c:2028 0x3ffc65b4: ssl->f_recv(_timeout)() returned 1048 (-0xfffffbe8)

I (8299) mbedtls: ssl_msg.c:2050 0x3ffc65b4: <= fetch input

I (8299) mbedtls: ssl_msg.c:1301 0x3ffc65b4: => decrypt buf

I (8299) mbedtls: ssl_msg.c:1831 0x3ffc65b4: <= decrypt buf

I (8299) mbedtls: ssl_msg.c:4112 0x3ffc65b4: <= read record

I (8299) mbedtls: ssl_msg.c:5823 0x3ffc65b4: <= read

I (8299) mbedtls: ssl_msg.c:5925 0x3ffc65b4: => write

I (8299) mbedtls: ssl_msg.c:2654 0x3ffc65b4: => write record

I (8299) mbedtls: ssl_msg.c:808 0x3ffc65b4: => encrypt buf

D (8299) mbedtls: ssl_msg.c:1036 0x3ffc65b4: before encrypt: msglen = 1024, including 0 bytes of padding

I (8299) mbedtls: ssl_msg.c:1265 0x3ffc65b4: <= encrypt buf

D (8299) mbedtls: ssl_msg.c:2737 0x3ffc65b4: output record: msgtype = 23, version = [3:3], msglen = 1048

I (8299) mbedtls: ssl_msg.c:2063 0x3ffc65b4: => flush output

I (8299) mbedtls: ssl_msg.c:2077 0x3ffc65b4: message length: 1053, out_left: 1053

I (8299) mbedtls: ssl_msg.c:2084 0x3ffc65b4: ssl->f_send() returned 1053 (-0xfffffbe3)

I (8299) mbedtls: ssl_msg.c:2111 0x3ffc65b4: <= flush output

I (8299) mbedtls: ssl_msg.c:2025 0x3ffb6800: in_left: 0, nb_want: 5

I (8299) mbedtls: ssl_msg.c:2790 0x3ffc65b4: <= write record

I (8299) mbedtls: ssl_msg.c:2028 0x3ffb6800: ssl->f_recv(_timeout)() returned 5 (-0xfffffffb)

I (8299) mbedtls: ssl_msg.c:2050 0x3ffb6800: <= fetch input

D (8299) mbedtls: ssl_msg.c:3707 0x3ffb6800: input record: msgtype = 23, version = [0x303], msglen = 1048

I (8299) mbedtls: ssl_msg.c:1865 0x3ffb6800: => fetch input

I (8299) mbedtls: ssl_msg.c:2005 0x3ffb6800: in_left: 5, nb_want: 1053

I (8299) mbedtls: ssl_msg.c:2025 0x3ffb6800: in_left: 5, nb_want: 1053

I (8299) mbedtls: ssl_msg.c:2028 0x3ffb6800: ssl->f_recv(_timeout)() returned 1048 (-0xfffffbe8)

I (8299) mbedtls: ssl_msg.c:2050 0x3ffb6800: <= fetch input

I (8309) mbedtls: ssl_msg.c:1301 0x3ffb6800: => decrypt buf

I (8309) mbedtls: ssl_msg.c:1831 0x3ffb6800: <= decrypt buf

I (8309) mbedtls: ssl_msg.c:5947 0x3ffc65b4: <= write

I (8309) mbedtls: ssl_msg.c:5663 0x3ffc65b4: => read

I (8309) mbedtls: ssl_msg.c:4040 0x3ffc65b4: => read record

I (8309) mbedtls: ssl_msg.c:1865 0x3ffc65b4: => fetch input

I (8309) mbedtls: ssl_msg.c:2005 0x3ffc65b4: in_left: 0, nb_want: 5

I (8309) mbedtls: ssl_msg.c:4112 0x3ffb6800: <= read record

I (8309) mbedtls: ssl_msg.c:5823 0x3ffb6800: <= read

I (8309) mbedtls: ssl_msg.c:5925 0x3ffb6800: => write

I (8309) mbedtls: ssl_msg.c:2654 0x3ffb6800: => write record

I (8309) mbedtls: ssl_msg.c:808 0x3ffb6800: => encrypt buf

D (8309) mbedtls: ssl_msg.c:1036 0x3ffb6800: before encrypt: msglen = 1024, including 0 bytes of padding

I (8309) mbedtls: ssl_msg.c:1265 0x3ffb6800: <= encrypt buf

D (8309) mbedtls: ssl_msg.c:2737 0x3ffb6800: output record: msgtype = 23, version = [3:3], msglen = 1048

I (8309) mbedtls: ssl_msg.c:2063 0x3ffb6800: => flush output

I (8309) mbedtls: ssl_msg.c:2077 0x3ffb6800: message length: 1053, out_left: 1053

I (8309) mbedtls: ssl_msg.c:2084 0x3ffb6800: ssl->f_send() returned 1053 (-0xfffffbe3)

I (8309) mbedtls: ssl_msg.c:2111 0x3ffb6800: <= flush output

I (8309) mbedtls: ssl_msg.c:2790 0x3ffb6800: <= write record

I (8309) mbedtls: ssl_msg.c:2025 0x3ffc65b4: in_left: 0, nb_want: 5

I (8309) mbedtls: ssl_msg.c:5947 0x3ffb6800: <= write

I (8309) mbedtls: ssl_msg.c:5663 0x3ffb6800: => read

I (8309) mbedtls: ssl_msg.c:4040 0x3ffb6800: => read record

I (8309) mbedtls: ssl_msg.c:1865 0x3ffb6800: => fetch input

I (8309) mbedtls: ssl_msg.c:2005 0x3ffb6800: in_left: 0, nb_want: 5

I (8309) mbedtls: ssl_msg.c:2028 0x3ffc65b4: ssl->f_recv(_timeout)() returned 5 (-0xfffffffb)

I (8309) mbedtls: ssl_msg.c:2050 0x3ffc65b4: <= fetch input

D (8309) mbedtls: ssl_msg.c:3707 0x3ffc65b4: input record: msgtype = 23, version = [0x303], msglen = 1048

I (8309) mbedtls: ssl_msg.c:1865 0x3ffc65b4: => fetch input

I (8309) mbedtls: ssl_msg.c:2005 0x3ffc65b4: in_left: 5, nb_want: 1053

I (8309) mbedtls: ssl_msg.c:2025 0x3ffc65b4: in_left: 5, nb_want: 1053

I (8309) mbedtls: ssl_msg.c:2028 0x3ffc65b4: ssl->f_recv(_timeout)() returned 1048 (-0xfffffbe8)

I (8309) mbedtls: ssl_msg.c:2050 0x3ffc65b4: <= fetch input

I (8319) mbedtls: ssl_msg.c:1301 0x3ffc65b4: => decrypt buf

I (8319) mbedtls: ssl_msg.c:1831 0x3ffc65b4: <= decrypt buf

I (8319) mbedtls: ssl_msg.c:4112 0x3ffc65b4: <= read record

I (8319) mbedtls: ssl_msg.c:5823 0x3ffc65b4: <= read

I (8319) mbedtls: ssl_msg.c:5925 0x3ffc65b4: => write

I (8319) mbedtls: ssl_msg.c:2654 0x3ffc65b4: => write record

I (8319) mbedtls: ssl_msg.c:808 0x3ffc65b4: => encrypt buf

D (8319) mbedtls: ssl_msg.c:1036 0x3ffc65b4: before encrypt: msglen = 1024, including 0 bytes of padding

I (8319) mbedtls: ssl_msg.c:1265 0x3ffc65b4: <= encrypt buf

D (8319) mbedtls: ssl_msg.c:2737 0x3ffc65b4: output record: msgtype = 23, version = [3:3], msglen = 1048

I (8319) mbedtls: ssl_msg.c:2063 0x3ffc65b4: => flush output

I (8319) mbedtls: ssl_msg.c:2077 0x3ffc65b4: message length: 1053, out_left: 1053

I (8319) mbedtls: ssl_msg.c:2025 0x3ffb6800: in_left: 0, nb_want: 5

I (8319) mbedtls: ssl_msg.c:2028 0x3ffb6800: ssl->f_recv(_timeout)() returned 5 (-0xfffffffb)

I (8319) mbedtls: ssl_msg.c:2084 0x3ffc65b4: ssl->f_send() returned 1053 (-0xfffffbe3)

I (8319) mbedtls: ssl_msg.c:2050 0x3ffb6800: <= fetch input

D (8319) mbedtls: ssl_msg.c:3707 0x3ffb6800: input record: msgtype = 23, version = [0x303], msglen = 1048

I (8319) mbedtls: ssl_msg.c:1865 0x3ffb6800: => fetch input

I (8319) mbedtls: ssl_msg.c:2005 0x3ffb6800: in_left: 5, nb_want: 1053

I (8319) mbedtls: ssl_msg.c:2025 0x3ffb6800: in_left: 5, nb_want: 1053

I (8319) mbedtls: ssl_msg.c:2028 0x3ffb6800: ssl->f_recv(_timeout)() returned 1048 (-0xfffffbe8)

I (8319) mbedtls: ssl_msg.c:2050 0x3ffb6800: <= fetch input

I (8319) mbedtls: ssl_msg.c:1301 0x3ffb6800: => decrypt buf

I (8329) mbedtls: ssl_msg.c:1831 0x3ffb6800: <= decrypt buf

I (8329) mbedtls: ssl_msg.c:4112 0x3ffb6800: <= read record

I (8329) mbedtls: ssl_msg.c:5823 0x3ffb6800: <= read

I (8329) mbedtls: ssl_msg.c:5925 0x3ffb6800: => write

I (8329) mbedtls: ssl_msg.c:2654 0x3ffb6800: => write record

I (8329) mbedtls: ssl_msg.c:808 0x3ffb6800: => encrypt buf

I (8329) mbedtls: ssl_msg.c:2111 0x3ffc65b4: <= flush output

I (8329) mbedtls: ssl_msg.c:2790 0x3ffc65b4: <= write record

I (8329) mbedtls: ssl_msg.c:5947 0x3ffc65b4: <= write

I (8329) mbedtls: ssl_msg.c:5663 0x3ffc65b4: => read

I (8329) mbedtls: ssl_msg.c:4040 0x3ffc65b4: => read record

I (8329) mbedtls: ssl_msg.c:1865 0x3ffc65b4: => fetch input

I (8329) mbedtls: ssl_msg.c:2005 0x3ffc65b4: in_left: 0, nb_want: 5

[mem-tick] t=    6695 ms phase=thr-t0       free=171848
D (8329) mbedtls: ssl_msg.c:1036 0x3ffb6800: before encrypt: msglen = 1024, including 0 bytes of padding

I (8329) mbedtls: ssl_msg.c:1265 0x3ffb6800: <= encrypt buf

D (8329) mbedtls: ssl_msg.c:2737 0x3ffb6800: output record: msgtype = 23, version = [3:3], msglen = 1048

I (8329) mbedtls: ssl_msg.c:2063 0x3ffb6800: => flush output

I (8329) mbedtls: ssl_msg.c:2077 0x3ffb6800: message length: 1053, out_left: 1053

I (8329) mbedtls: ssl_msg.c:2084 0x3ffb6800: ssl->f_send() returned 1053 (-0xfffffbe3)

I (8329) mbedtls: ssl_msg.c:2111 0x3ffb6800: <= flush output

I (8329) mbedtls: ssl_msg.c:2790 0x3ffb6800: <= write record

I (8329) mbedtls: ssl_msg.c:5947 0x3ffb6800: <= write

I (8329) mbedtls: ssl_msg.c:2025 0x3ffc65b4: in_left: 0, nb_want: 5

I (8329) mbedtls: ssl_msg.c:5663 0x3ffb6800: => read

I (8329) mbedtls: ssl_msg.c:4040 0x3ffb6800: => read record

I (8329) mbedtls: ssl_msg.c:1865 0x3ffb6800: => fetch input

I (8329) mbedtls: ssl_msg.c:2005 0x3ffb6800: in_left: 0, nb_want: 5

I (8329) mbedtls: ssl_msg.c:2028 0x3ffc65b4: ssl->f_recv(_timeout)() returned 5 (-0xfffffffb)

I (8329) mbedtls: ssl_msg.c:2050 0x3ffc65b4: <= fetch input

D (8329) mbedtls: ssl_msg.c:3707 0x3ffc65b4: input record: msgtype = 23, version = [0x303], msglen = 1048

I (8329) mbedtls: ssl_msg.c:1865 0x3ffc65b4: => fetch input

I (8329) mbedtls: ssl_msg.c:2005 0x3ffc65b4: in_left: 5, nb_want: 1053

I (8329) mbedtls: ssl_msg.c:2025 0x3ffc65b4: in_left: 5, nb_want: 1053

I (8329) mbedtls: ssl_msg.c:2028 0x3ffc65b4: ssl->f_recv(_timeout)() returned 1048 (-0xfffffbe8)

I (8329) mbedtls: ssl_msg.c:2050 0x3ffc65b4: <= fetch input

I (8329) mbedtls: ssl_msg.c:1301 0x3ffc65b4: => decrypt buf

I (8339) mbedtls: ssl_msg.c:1831 0x3ffc65b4: <= decrypt buf

I (8339) mbedtls: ssl_msg.c:4112 0x3ffc65b4: <= read record

I (8339) mbedtls: ssl_msg.c:5823 0x3ffc65b4: <= read

I (8339) mbedtls: ssl_msg.c:5925 0x3ffc65b4: => write

I (8339) mbedtls: ssl_msg.c:2654 0x3ffc65b4: => write record

I (8339) mbedtls: ssl_msg.c:808 0x3ffc65b4: => encrypt buf

D (8339) mbedtls: ssl_msg.c:1036 0x3ffc65b4: before encrypt: msglen = 1024, including 0 bytes of padding

I (8339) mbedtls: ssl_msg.c:1265 0x3ffc65b4: <= encrypt buf

D (8339) mbedtls: ssl_msg.c:2737 0x3ffc65b4: output record: msgtype = 23, version = [3:3], msglen = 1048

I (8339) mbedtls: ssl_msg.c:2063 0x3ffc65b4: => flush output

I (8339) mbedtls: ssl_msg.c:2077 0x3ffc65b4: message length: 1053, out_left: 1053

I (8339) mbedtls: ssl_msg.c:2025 0x3ffb6800: in_left: 0, nb_want: 5

I (8339) mbedtls: ssl_msg.c:2028 0x3ffb6800: ssl->f_recv(_timeout)() returned 5 (-0xfffffffb)

I (8339) mbedtls: ssl_msg.c:2084 0x3ffc65b4: ssl->f_send() returned 1053 (-0xfffffbe3)

I (8339) mbedtls: ssl_msg.c:2050 0x3ffb6800: <= fetch input

D (8339) mbedtls: ssl_msg.c:3707 0x3ffb6800: input record: msgtype = 23, version = [0x303], msglen = 1048

I (8339) mbedtls: ssl_msg.c:1865 0x3ffb6800: => fetch input

I (8339) mbedtls: ssl_msg.c:2005 0x3ffb6800: in_left: 5, nb_want: 1053

I (8339) mbedtls: ssl_msg.c:2025 0x3ffb6800: in_left: 5, nb_want: 1053

I (8339) mbedtls: ssl_msg.c:2028 0x3ffb6800: ssl->f_recv(_timeout)() returned 1048 (-0xfffffbe8)

I (8339) mbedtls: ssl_msg.c:2050 0x3ffb6800: <= fetch input

I (8339) mbedtls: ssl_msg.c:1301 0x3ffb6800: => decrypt buf

I (8339) mbedtls: ssl_msg.c:1831 0x3ffb6800: <= decrypt buf

I (8349) mbedtls: ssl_msg.c:4112 0x3ffb6800: <= read record

I (8349) mbedtls: ssl_msg.c:5823 0x3ffb6800: <= read

I (8349) mbedtls: ssl_msg.c:5925 0x3ffb6800: => write

I (8349) mbedtls: ssl_msg.c:2654 0x3ffb6800: => write record

I (8349) mbedtls: ssl_msg.c:808 0x3ffb6800: => encrypt buf

D (8349) mbedtls: ssl_msg.c:1036 0x3ffb6800: before encrypt: msglen = 1024, including 0 bytes of padding

I (8349) mbedtls: ssl_msg.c:2111 0x3ffc65b4: <= flush output

I (8349) mbedtls: ssl_msg.c:2790 0x3ffc65b4: <= write record

I (8349) mbedtls: ssl_msg.c:5947 0x3ffc65b4: <= write

I (8349) mbedtls: ssl_msg.c:1265 0x3ffb6800: <= encrypt buf

I (8349) mbedtls: ssl_msg.c:5663 0x3ffc65b4: => read

D (8349) mbedtls: ssl_msg.c:2737 0x3ffb6800: output record: msgtype = 23, version = [3:3], msglen = 1048

I (8349) mbedtls: ssl_msg.c:2063 0x3ffb6800: => flush output

I (8349) mbedtls: ssl_msg.c:2077 0x3ffb6800: message length: 1053, out_left: 1053

I (8349) mbedtls: ssl_msg.c:2084 0x3ffb6800: ssl->f_send() returned 1053 (-0xfffffbe3)

I (8349) mbedtls: ssl_msg.c:2111 0x3ffb6800: <= flush output

I (8349) mbedtls: ssl_msg.c:2790 0x3ffb6800: <= write record

I (8349) mbedtls: ssl_msg.c:5947 0x3ffb6800: <= write

I (8349) mbedtls: ssl_msg.c:5663 0x3ffb6800: => read

I (8349) mbedtls: ssl_msg.c:4040 0x3ffb6800: => read record

I (8349) mbedtls: ssl_msg.c:1865 0x3ffb6800: => fetch input

I (8349) mbedtls: ssl_msg.c:2005 0x3ffb6800: in_left: 0, nb_want: 5

I (8349) mbedtls: ssl_msg.c:4040 0x3ffc65b4: => read record

I (8349) mbedtls: ssl_msg.c:1865 0x3ffc65b4: => fetch input

I (8349) mbedtls: ssl_msg.c:2005 0x3ffc65b4: in_left: 0, nb_want: 5

I (8349) mbedtls: ssl_msg.c:2025 0x3ffc65b4: in_left: 0, nb_want: 5

I (8349) mbedtls: ssl_msg.c:2028 0x3ffc65b4: ssl->f_recv(_timeout)() returned 5 (-0xfffffffb)

I (8349) mbedtls: ssl_msg.c:2050 0x3ffc65b4: <= fetch input

D (8349) mbedtls: ssl_msg.c:3707 0x3ffc65b4: input record: msgtype = 23, version = [0x303], msglen = 1048

I (8349) mbedtls: ssl_msg.c:1865 0x3ffc65b4: => fetch input

I (8349) mbedtls: ssl_msg.c:2005 0x3ffc65b4: in_left: 5, nb_want: 1053

I (8349) mbedtls: ssl_msg.c:2025 0x3ffc65b4: in_left: 5, nb_want: 1053

I (8349) mbedtls: ssl_msg.c:2028 0x3ffc65b4: ssl->f_recv(_timeout)() returned 1048 (-0xfffffbe8)

I (8349) mbedtls: ssl_msg.c:2050 0x3ffc65b4: <= fetch input

I (8349) mbedtls: ssl_msg.c:1301 0x3ffc65b4: => decrypt buf

[LOG TRUNCATED: 原始 718476 行 / 26M，关键证据行与末尾 500 行如下，完整日志可按工程 README/文章实验节复现]
[原文件 L718415] W (140449) mbedtls: ssl_tls.c:1204 0x3ffdf450: alloc(16717 bytes) failed
[原文件 L718431] W (140749) mbedtls: ssl_tls.c:1204 0x3ffdf450: alloc(16717 bytes) failed
[原文件 L718444] W (140759) mbedtls: ssl_tls.c:1204 0x3ffdf450: alloc(16717 bytes) failed
[原文件 L718454] W (140769) mbedtls: ssl_tls.c:1204 0x3ffdf450: alloc(16717 bytes) failed
[原文件 L718465] W (140779) mbedtls: ssl_tls.c:1204 0x3ffdf450: alloc(16717 bytes) failed
I (140159) mbedtls: ssl_msg.c:1831 0x3ffc65b4: <= decrypt buf

I (140159) mbedtls: ssl_msg.c:4112 0x3ffc65b4: <= read record

I (140159) mbedtls: ssl_msg.c:5823 0x3ffc65b4: <= read

I (140159) mbedtls: ssl_msg.c:5925 0x3ffc65b4: => write

I (140159) mbedtls: ssl_msg.c:2654 0x3ffc65b4: => write record

I (140159) mbedtls: ssl_msg.c:808 0x3ffc65b4: => encrypt buf

D (140169) mbedtls: ssl_msg.c:1036 0x3ffc65b4: before encrypt: msglen = 1024, including 0 bytes of padding

I (140169) mbedtls: ssl_msg.c:1265 0x3ffc65b4: <= encrypt buf

D (140169) mbedtls: ssl_msg.c:2737 0x3ffc65b4: output record: msgtype = 23, version = [3:3], msglen = 1048

I (140169) mbedtls: ssl_msg.c:2063 0x3ffc65b4: => flush output

I (140169) mbedtls: ssl_msg.c:2077 0x3ffc65b4: message length: 1053, out_left: 1053

I (140169) mbedtls: ssl_msg.c:2025 0x3ffb6800: in_left: 0, nb_want: 5

I (140169) mbedtls: ssl_msg.c:2028 0x3ffb6800: ssl->f_recv(_timeout)() returned 5 (-0xfffffffb)

I (140169) mbedtls: ssl_msg.c:2084 0x3ffc65b4: ssl->f_send() returned 1053 (-0xfffffbe3)

I (140169) mbedtls: ssl_msg.c:2050 0x3ffb6800: <= fetch input

D (140169) mbedtls: ssl_msg.c:3707 0x3ffb6800: input record: msgtype = 23, version = [0x303], msglen = 1048

I (140169) mbedtls: ssl_msg.c:1865 0x3ffb6800: => fetch input

I (140169) mbedtls: ssl_msg.c:2005 0x3ffb6800: in_left: 5, nb_want: 1053

I (140169) mbedtls: ssl_msg.c:2025 0x3ffb6800: in_left: 5, nb_want: 1053

I (140169) mbedtls: ssl_msg.c:2028 0x3ffb6800: ssl->f_recv(_timeout)() returned 1048 (-0xfffffbe8)

I (140169) mbedtls: ssl_msg.c:2050 0x3ffb6800: <= fetch input

I (140169) mbedtls: ssl_msg.c:1301 0x3ffb6800: => decrypt buf

I (140169) mbedtls: ssl_msg.c:1831 0x3ffb6800: <= decrypt buf

I (140169) mbedtls: ssl_msg.c:4112 0x3ffb6800: <= read record

I (140169) mbedtls: ssl_msg.c:5823 0x3ffb6800: <= read

I (140169) mbedtls: ssl_msg.c:5925 0x3ffb6800: => write

I (140169) mbedtls: ssl_msg.c:2654 0x3ffb6800: => write record

I (140179) mbedtls: ssl_msg.c:808 0x3ffb6800: => encrypt buf

D (140179) mbedtls: ssl_msg.c:1036 0x3ffb6800: before encrypt: msglen = 1024, including 0 bytes of padding

I (140179) mbedtls: ssl_msg.c:1265 0x3ffb6800: <= encrypt buf

D (140179) mbedtls: ssl_msg.c:2737 0x3ffb6800: output record: msgtype = 23, version = [3:3], msglen = 1048

I (140179) mbedtls: ssl_msg.c:2111 0x3ffc65b4: <= flush output

I (140179) mbedtls: ssl_msg.c:2790 0x3ffc65b4: <= write record

I (140179) mbedtls: ssl_msg.c:5947 0x3ffc65b4: <= write

I (140179) mbedtls: ssl_msg.c:5663 0x3ffc65b4: => read

I (140179) mbedtls: ssl_msg.c:4040 0x3ffc65b4: => read record

I (140179) mbedtls: ssl_msg.c:1865 0x3ffc65b4: => fetch input

I (140179) mbedtls: ssl_msg.c:2005 0x3ffc65b4: in_left: 0, nb_want: 5

[mem-tick] t=  138545 ms phase=thr-t2       free=173432
I (140179) mbedtls: ssl_msg.c:2063 0x3ffb6800: => flush output

I (140179) mbedtls: ssl_msg.c:2077 0x3ffb6800: message length: 1053, out_left: 1053

I (140179) mbedtls: ssl_msg.c:2084 0x3ffb6800: ssl->f_send() returned 1053 (-0xfffffbe3)

I (140179) mbedtls: ssl_msg.c:2111 0x3ffb6800: <= flush output

I (140179) mbedtls: ssl_msg.c:2025 0x3ffc65b4: in_left: 0, nb_want: 5

I (140179) mbedtls: ssl_msg.c:2790 0x3ffb6800: <= write record

I (140179) mbedtls: ssl_msg.c:5947 0x3ffb6800: <= write

I (140179) mbedtls: ssl_msg.c:5663 0x3ffb6800: => read

I (140179) mbedtls: ssl_msg.c:4040 0x3ffb6800: => read record

I (140179) mbedtls: ssl_msg.c:1865 0x3ffb6800: => fetch input

I (140179) mbedtls: ssl_msg.c:2005 0x3ffb6800: in_left: 0, nb_want: 5

I (140179) mbedtls: ssl_msg.c:2028 0x3ffc65b4: ssl->f_recv(_timeout)() returned 5 (-0xfffffffb)

I (140179) mbedtls: ssl_msg.c:2050 0x3ffc65b4: <= fetch input

D (140179) mbedtls: ssl_msg.c:3707 0x3ffc65b4: input record: msgtype = 23, version = [0x303], msglen = 1048

I (140179) mbedtls: ssl_msg.c:1865 0x3ffc65b4: => fetch input

I (140179) mbedtls: ssl_msg.c:2005 0x3ffc65b4: in_left: 5, nb_want: 1053

I (140179) mbedtls: ssl_msg.c:2025 0x3ffc65b4: in_left: 5, nb_want: 1053

I (140179) mbedtls: ssl_msg.c:2028 0x3ffc65b4: ssl->f_recv(_timeout)() returned 1048 (-0xfffffbe8)

I (140179) mbedtls: ssl_msg.c:2050 0x3ffc65b4: <= fetch input

I (140189) mbedtls: ssl_msg.c:1301 0x3ffc65b4: => decrypt buf

I (140189) mbedtls: ssl_msg.c:1831 0x3ffc65b4: <= decrypt buf

I (140189) mbedtls: ssl_msg.c:4112 0x3ffc65b4: <= read record

I (140189) mbedtls: ssl_msg.c:5823 0x3ffc65b4: <= read

I (140189) mbedtls: ssl_msg.c:5925 0x3ffc65b4: => write

I (140189) mbedtls: ssl_msg.c:2654 0x3ffc65b4: => write record

I (140189) mbedtls: ssl_msg.c:808 0x3ffc65b4: => encrypt buf

D (140189) mbedtls: ssl_msg.c:1036 0x3ffc65b4: before encrypt: msglen = 1024, including 0 bytes of padding

I (140189) mbedtls: ssl_msg.c:1265 0x3ffc65b4: <= encrypt buf

D (140189) mbedtls: ssl_msg.c:2737 0x3ffc65b4: output record: msgtype = 23, version = [3:3], msglen = 1048

I (140189) mbedtls: ssl_msg.c:2063 0x3ffc65b4: => flush output

I (140189) mbedtls: ssl_msg.c:2077 0x3ffc65b4: message length: 1053, out_left: 1053

I (140189) mbedtls: ssl_msg.c:2025 0x3ffb6800: in_left: 0, nb_want: 5

I (140189) mbedtls: ssl_msg.c:2028 0x3ffb6800: ssl->f_recv(_timeout)() returned 5 (-0xfffffffb)

I (140189) mbedtls: ssl_msg.c:2050 0x3ffb6800: <= fetch input

D (140189) mbedtls: ssl_msg.c:3707 0x3ffb6800: input record: msgtype = 23, version = [0x303], msglen = 1048

I (140189) mbedtls: ssl_msg.c:1865 0x3ffb6800: => fetch input

I (140189) mbedtls: ssl_msg.c:2005 0x3ffb6800: in_left: 5, nb_want: 1053

I (140189) mbedtls: ssl_msg.c:2025 0x3ffb6800: in_left: 5, nb_want: 1053

I (140189) mbedtls: ssl_msg.c:2028 0x3ffb6800: ssl->f_recv(_timeout)() returned 1048 (-0xfffffbe8)

I (140189) mbedtls: ssl_msg.c:2050 0x3ffb6800: <= fetch input

I (140199) mbedtls: ssl_msg.c:1301 0x3ffb6800: => decrypt buf

I (140199) mbedtls: ssl_msg.c:1831 0x3ffb6800: <= decrypt buf

I (140199) mbedtls: ssl_msg.c:2084 0x3ffc65b4: ssl->f_send() returned 1053 (-0xfffffbe3)

I (140199) mbedtls: ssl_msg.c:2111 0x3ffc65b4: <= flush output

I (140199) mbedtls: ssl_msg.c:2790 0x3ffc65b4: <= write record

I (140199) mbedtls: ssl_msg.c:5947 0x3ffc65b4: <= write

I (140199) mbedtls: ssl_msg.c:5663 0x3ffc65b4: => read

I (140199) mbedtls: ssl_msg.c:4040 0x3ffc65b4: => read record

I (140199) mbedtls: ssl_msg.c:1865 0x3ffc65b4: => fetch input

I (140199) mbedtls: ssl_msg.c:2005 0x3ffc65b4: in_left: 0, nb_want: 5

I (140199) mbedtls: ssl_msg.c:4112 0x3ffb6800: <= read record

I (140199) mbedtls: ssl_msg.c:5823 0x3ffb6800: <= read

I (140199) mbedtls: ssl_msg.c:5925 0x3ffb6800: => write

I (140199) mbedtls: ssl_msg.c:2654 0x3ffb6800: => write record

I (140199) mbedtls: ssl_msg.c:808 0x3ffb6800: => encrypt buf

D (140199) mbedtls: ssl_msg.c:1036 0x3ffb6800: before encrypt: msglen = 1024, including 0 bytes of padding

I (140199) mbedtls: ssl_msg.c:1265 0x3ffb6800: <= encrypt buf

D (140199) mbedtls: ssl_msg.c:2737 0x3ffb6800: output record: msgtype = 23, version = [3:3], msglen = 1048

I (140199) mbedtls: ssl_msg.c:2063 0x3ffb6800: => flush output

I (140199) mbedtls: ssl_msg.c:2077 0x3ffb6800: message length: 1053, out_left: 1053

I (140199) mbedtls: ssl_msg.c:2084 0x3ffb6800: ssl->f_send() returned 1053 (-0xfffffbe3)

I (140209) mbedtls: ssl_msg.c:2111 0x3ffb6800: <= flush output

I (140209) mbedtls: ssl_msg.c:2025 0x3ffc65b4: in_left: 0, nb_want: 5

I (140209) mbedtls: ssl_msg.c:2790 0x3ffb6800: <= write record

I (140209) mbedtls: ssl_msg.c:5947 0x3ffb6800: <= write

I (140209) mbedtls: ssl_msg.c:5663 0x3ffb6800: => read

I (140209) mbedtls: ssl_msg.c:4040 0x3ffb6800: => read record

I (140209) mbedtls: ssl_msg.c:1865 0x3ffb6800: => fetch input

I (140209) mbedtls: ssl_msg.c:2005 0x3ffb6800: in_left: 0, nb_want: 5

I (140209) mbedtls: ssl_msg.c:2028 0x3ffc65b4: ssl->f_recv(_timeout)() returned 5 (-0xfffffffb)

I (140209) mbedtls: ssl_msg.c:2050 0x3ffc65b4: <= fetch input

D (140209) mbedtls: ssl_msg.c:3707 0x3ffc65b4: input record: msgtype = 23, version = [0x303], msglen = 1048

I (140209) mbedtls: ssl_msg.c:1865 0x3ffc65b4: => fetch input

I (140209) mbedtls: ssl_msg.c:2005 0x3ffc65b4: in_left: 5, nb_want: 1053

I (140209) mbedtls: ssl_msg.c:2025 0x3ffc65b4: in_left: 5, nb_want: 1053

I (140209) mbedtls: ssl_msg.c:2028 0x3ffc65b4: ssl->f_recv(_timeout)() returned 1048 (-0xfffffbe8)

I (140209) mbedtls: ssl_msg.c:2050 0x3ffc65b4: <= fetch input

I (140209) mbedtls: ssl_msg.c:1301 0x3ffc65b4: => decrypt buf

I (140209) mbedtls: ssl_msg.c:1831 0x3ffc65b4: <= decrypt buf

I (140209) mbedtls: ssl_msg.c:4112 0x3ffc65b4: <= read record

I (140209) mbedtls: ssl_msg.c:5823 0x3ffc65b4: <= read

I (140209) mbedtls: ssl_msg.c:5925 0x3ffc65b4: => write

I (140209) mbedtls: ssl_msg.c:2654 0x3ffc65b4: => write record

I (140209) mbedtls: ssl_msg.c:808 0x3ffc65b4: => encrypt buf

D (140209) mbedtls: ssl_msg.c:1036 0x3ffc65b4: before encrypt: msglen = 1024, including 0 bytes of padding

I (140209) mbedtls: ssl_msg.c:1265 0x3ffc65b4: <= encrypt buf

D (140209) mbedtls: ssl_msg.c:2737 0x3ffc65b4: output record: msgtype = 23, version = [3:3], msglen = 1048

I (140209) mbedtls: ssl_msg.c:2063 0x3ffc65b4: => flush output

I (140209) mbedtls: ssl_msg.c:2077 0x3ffc65b4: message length: 1053, out_left: 1053

I (140209) mbedtls: ssl_msg.c:2025 0x3ffb6800: in_left: 0, nb_want: 5

I (140209) mbedtls: ssl_msg.c:2028 0x3ffb6800: ssl->f_recv(_timeout)() returned 5 (-0xfffffffb)

I (140209) mbedtls: ssl_msg.c:2084 0x3ffc65b4: ssl->f_send() returned 1053 (-0xfffffbe3)

I (140219) mbedtls: ssl_msg.c:2050 0x3ffb6800: <= fetch input

D (140219) mbedtls: ssl_msg.c:3707 0x3ffb6800: input record: msgtype = 23, version = [0x303], msglen = 1048

I (140219) mbedtls: ssl_msg.c:1865 0x3ffb6800: => fetch input

I (140219) mbedtls: ssl_msg.c:2005 0x3ffb6800: in_left: 5, nb_want: 1053

I (140219) mbedtls: ssl_msg.c:2025 0x3ffb6800: in_left: 5, nb_want: 1053

I (140219) mbedtls: ssl_msg.c:2028 0x3ffb6800: ssl->f_recv(_timeout)() returned 1048 (-0xfffffbe8)

I (140219) mbedtls: ssl_msg.c:2050 0x3ffb6800: <= fetch input

I (140219) mbedtls: ssl_msg.c:2111 0x3ffc65b4: <= flush output

I (140219) mbedtls: ssl_msg.c:2790 0x3ffc65b4: <= write record

I (140219) mbedtls: ssl_msg.c:5947 0x3ffc65b4: <= write

I (140219) mbedtls: ssl_msg.c:5663 0x3ffc65b4: => read

I (140219) mbedtls: ssl_msg.c:4040 0x3ffc65b4: => read record

I (140219) mbedtls: ssl_msg.c:1865 0x3ffc65b4: => fetch input

I (140219) mbedtls: ssl_msg.c:2005 0x3ffc65b4: in_left: 0, nb_want: 5

I (140219) mbedtls: ssl_msg.c:1301 0x3ffb6800: => decrypt buf

I (140219) mbedtls: ssl_msg.c:1831 0x3ffb6800: <= decrypt buf

I (140219) mbedtls: ssl_msg.c:4112 0x3ffb6800: <= read record

I (140219) mbedtls: ssl_msg.c:5823 0x3ffb6800: <= read

I (140219) mbedtls: ssl_msg.c:5925 0x3ffb6800: => write

I (140219) mbedtls: ssl_msg.c:2654 0x3ffb6800: => write record

I (140219) mbedtls: ssl_msg.c:808 0x3ffb6800: => encrypt buf

D (140219) mbedtls: ssl_msg.c:1036 0x3ffb6800: before encrypt: msglen = 1024, including 0 bytes of padding

I (140219) mbedtls: ssl_msg.c:1265 0x3ffb6800: <= encrypt buf

D (140219) mbedtls: ssl_msg.c:2737 0x3ffb6800: output record: msgtype = 23, version = [3:3], msglen = 1048

I (140229) mbedtls: ssl_msg.c:2063 0x3ffb6800: => flush output

I (140229) mbedtls: ssl_msg.c:2077 0x3ffb6800: message length: 1053, out_left: 1053

I (140229) mbedtls: ssl_msg.c:2084 0x3ffb6800: ssl->f_send() returned 1053 (-0xfffffbe3)

I (140229) mbedtls: ssl_msg.c:2111 0x3ffb6800: <= flush output

I (140229) mbedtls: ssl_msg.c:2025 0x3ffc65b4: in_left: 0, nb_want: 5

I (140229) mbedtls: ssl_msg.c:2790 0x3ffb6800: <= write record

I (140229) mbedtls: ssl_msg.c:5947 0x3ffb6800: <= write

I (140229) mbedtls: ssl_msg.c:5663 0x3ffb6800: => read

I (140229) mbedtls: ssl_msg.c:4040 0x3ffb6800: => read record

I (140229) mbedtls: ssl_msg.c:1865 0x3ffb6800: => fetch input

I (140229) mbedtls: ssl_msg.c:2005 0x3ffb6800: in_left: 0, nb_want: 5

I (140229) mbedtls: ssl_msg.c:2028 0x3ffc65b4: ssl->f_recv(_timeout)() returned 5 (-0xfffffffb)

I (140229) mbedtls: ssl_msg.c:2050 0x3ffc65b4: <= fetch input

D (140229) mbedtls: ssl_msg.c:3707 0x3ffc65b4: input record: msgtype = 23, version = [0x303], msglen = 1048

I (140229) mbedtls: ssl_msg.c:1865 0x3ffc65b4: => fetch input

I (140229) mbedtls: ssl_msg.c:2005 0x3ffc65b4: in_left: 5, nb_want: 1053

I (140229) mbedtls: ssl_msg.c:2025 0x3ffc65b4: in_left: 5, nb_want: 1053

I (140229) mbedtls: ssl_msg.c:2028 0x3ffc65b4: ssl->f_recv(_timeout)() returned 1048 (-0xfffffbe8)

I (140229) mbedtls: ssl_msg.c:2050 0x3ffc65b4: <= fetch input

I (140229) mbedtls: ssl_msg.c:1301 0x3ffc65b4: => decrypt buf

I (140229) mbedtls: ssl_msg.c:1831 0x3ffc65b4: <= decrypt buf

I (140229) mbedtls: ssl_msg.c:4112 0x3ffc65b4: <= read record

I (140229) mbedtls: ssl_msg.c:5823 0x3ffc65b4: <= read

I (140229) mbedtls: ssl_msg.c:5925 0x3ffc65b4: => write

I (140229) mbedtls: ssl_msg.c:2654 0x3ffc65b4: => write record

I (140229) mbedtls: ssl_msg.c:808 0x3ffc65b4: => encrypt buf

D (140229) mbedtls: ssl_msg.c:1036 0x3ffc65b4: before encrypt: msglen = 1024, including 0 bytes of padding

I (140229) mbedtls: ssl_msg.c:1265 0x3ffc65b4: <= encrypt buf

D (140229) mbedtls: ssl_msg.c:2737 0x3ffc65b4: output record: msgtype = 23, version = [3:3], msglen = 1048

I (140239) mbedtls: ssl_msg.c:2063 0x3ffc65b4: => flush output

I (140239) mbedtls: ssl_msg.c:2077 0x3ffc65b4: message length: 1053, out_left: 1053

I (140239) mbedtls: ssl_msg.c:2025 0x3ffb6800: in_left: 0, nb_want: 5

I (140239) mbedtls: ssl_msg.c:2084 0x3ffc65b4: ssl->f_send() returned 1053 (-0xfffffbe3)

I (140239) mbedtls: ssl_msg.c:2028 0x3ffb6800: ssl->f_recv(_timeout)() returned 5 (-0xfffffffb)

I (140239) mbedtls: ssl_msg.c:2050 0x3ffb6800: <= fetch input

D (140239) mbedtls: ssl_msg.c:3707 0x3ffb6800: input record: msgtype = 23, version = [0x303], msglen = 1048

I (140239) mbedtls: ssl_msg.c:1865 0x3ffb6800: => fetch input

I (140239) mbedtls: ssl_msg.c:2005 0x3ffb6800: in_left: 5, nb_want: 1053

I (140239) mbedtls: ssl_msg.c:2025 0x3ffb6800: in_left: 5, nb_want: 1053

I (140239) mbedtls: ssl_msg.c:2028 0x3ffb6800: ssl->f_recv(_timeout)() returned 1048 (-0xfffffbe8)

I (140239) mbedtls: ssl_msg.c:2050 0x3ffb6800: <= fetch input

I (140239) mbedtls: ssl_msg.c:1301 0x3ffb6800: => decrypt buf

I (140239) mbedtls: ssl_msg.c:1831 0x3ffb6800: <= decrypt buf

I (140239) mbedtls: ssl_msg.c:4112 0x3ffb6800: <= read record

I (140239) mbedtls: ssl_msg.c:5823 0x3ffb6800: <= read

[thr] round2 TLS   2097152 B in 44286847 us = 0.38 Mbit/s
[thr] MEAN plain=14.99 Mbit/s tls=0.39 Mbit/s tax=97.4%
[mem] after-thr-close        free=198964 largest=110592 min-ever=159556

===== PHASE C: handshake under memory pressure =====
I (140239) mbedtls: ssl_msg.c:2111 0x3ffc65b4: <= flush output

I (140239) mbedtls: ssl_msg.c:2790 0x3ffc65b4: <= write record

I (140239) mbedtls: ssl_msg.c:5947 0x3ffc65b4: <= write

I (140239) mbedtls: ssl_msg.c:5663 0x3ffc65b4: => read

I (140239) mbedtls: ssl_msg.c:4040 0x3ffc65b4: => read record

I (140239) mbedtls: ssl_msg.c:1865 0x3ffc65b4: => fetch input

I (140239) mbedtls: ssl_msg.c:2005 0x3ffc65b4: in_left: 0, nb_want: 5

I (140239) mbedtls: ssl_msg.c:2025 0x3ffc65b4: in_left: 0, nb_want: 5

I (140239) mbedtls: ssl_msg.c:2028 0x3ffc65b4: ssl->f_recv(_timeout)() returned 0 (-0x0000)

W (140239) mbedtls: ssl_msg.c:4723 0x3ffc65b4: mbedtls_ssl_fetch_input() returned -29312 (-0x7280)

W (140239) mbedtls: ssl_msg.c:4071 0x3ffc65b4: ssl_get_next_record() returned -29312 (-0x7280)

[srv-tls] session closed
[mem-tick] t=  138642 ms phase=starving     free=226712
[mem-tick] t=  138742 ms phase=starving     free=226712
[mem] pre-starve             free=226712 largest=110592 min-ever=159556
[starve] grabbed=52 held=212992B free=13512 largest=3200
[starve] grabbed=0 held=0B free=13512 largest=3200
[starve] grabbed=0 held=0B free=13512 largest=3200
[starve] grabbed=0 held=0B free=13512 largest=3200
[starve] grabbed=0 held=0B free=13512 largest=3200
[mem] starved-floor          free=13512 largest=3200 min-ever=13512
[phase-c] attempting TLS handshake with only 13512 bytes free ...
W (140449) esp-tls-mbedtls: skip_common_name=true: hostname matching and SNI disabled. This disables ALL server-name authentication (CN/SAN/SNI), not just CN. Only intended for loopback / debug clients.
W (140449) mbedtls: ssl_tls.c:1204 0x3ffdf450: alloc(16717 bytes) failed

E (140449) esp-tls-mbedtls: mbedtls_ssl_setup returned -0x008D
I (140449) esp-tls-mbedtls: (FFFFFF73): UNKNOWN ERROR CODE (0080) : UNKNOWN ERROR CODE (000D)
E (140449) esp-tls: create_ssl_handle failed
E (140449) esp-tls: Failed to open new connection
[conn] TLS to 10.0.2.2:22443 FAILED after 1952 us
[err] handshake: last_esp_err=0x8017 tls_code=-0xffffff73 cert_flags=0x0 (sys_errno=0 mb_code=-0x0000)
[phase-c] FAIL captured (see [err]/mbedtls lines above)
[starve] released, free-now=11592
[mem-tick] t=  138842 ms phase=release      free=13512
[mem-tick] t=  138942 ms phase=release      free=13512
[mem-tick] t=  139043 ms phase=release      free=13512
[mem] after-release          free=13512 largest=3200 min-ever=5376
[phase-c] retrying same handshake after release ...
W (140749) esp-tls-mbedtls: skip_common_name=true: hostname matching and SNI disabled. This disables ALL server-name authentication (CN/SAN/SNI), not just CN. Only intended for loopback / debug clients.
W (140749) mbedtls: ssl_tls.c:1204 0x3ffdf450: alloc(16717 bytes) failed

E (140749) esp-tls-mbedtls: mbedtls_ssl_setup returned -0x008D
I (140749) esp-tls-mbedtls: (FFFFFF73): UNKNOWN ERROR CODE (0080) : UNKNOWN ERROR CODE (000D)
E (140749) esp-tls: create_ssl_handle failed
E (140749) esp-tls: Failed to open new connection
[conn] TLS to 10.0.2.2:22443 FAILED after 1774 us
[err] handshake: last_esp_err=0x8017 tls_code=-0xffffff73 cert_flags=0x0 (sys_errno=0 mb_code=-0x0000)
[phase-c] still failing after release

===== PHASE E: cert verification postures =====
--- E0: no verification option given (skip compiled in) ---
W (140759) esp-tls-mbedtls: skip_common_name=true: hostname matching and SNI disabled. This disables ALL server-name authentication (CN/SAN/SNI), not just CN. Only intended for loopback / debug clients.
W (140759) mbedtls: ssl_tls.c:1204 0x3ffdf450: alloc(16717 bytes) failed

E (140759) esp-tls-mbedtls: mbedtls_ssl_setup returned -0x008D
I (140759) esp-tls-mbedtls: (FFFFFF73): UNKNOWN ERROR CODE (0080) : UNKNOWN ERROR CODE (000D)
E (140759) esp-tls: create_ssl_handle failed
E (140759) esp-tls: Failed to open new connection
[conn] TLS to 10.0.2.2:22443 FAILED after 1575 us
[err] handshake: last_esp_err=0x8017 tls_code=-0xffffff73 cert_flags=0x0 (sys_errno=0 mb_code=-0x0000)
[e0] unexpected failure
--- E1: pinned correct self-signed cert as CA, common_name=localhost ---
W (140769) mbedtls: ssl_tls.c:1204 0x3ffdf450: alloc(16717 bytes) failed

E (140769) esp-tls-mbedtls: mbedtls_ssl_setup returned -0x008D
I (140769) esp-tls-mbedtls: (FFFFFF73): UNKNOWN ERROR CODE (0080) : UNKNOWN ERROR CODE (000D)
E (140769) esp-tls: create_ssl_handle failed
E (140769) esp-tls: Failed to open new connection
[conn] TLS to 10.0.2.2:22443 FAILED after 3346 us
[err] handshake: last_esp_err=0x8017 tls_code=-0xffffff73 cert_flags=0x0 (sys_errno=0 mb_code=-0x0000)
[e1] pinned-correct FAILED
--- E2: pinned WRONG cert as CA => expect verify failure ---
[mem-tick] t=  139142 ms phase=e2           free=10136
W (140779) mbedtls: ssl_tls.c:1204 0x3ffdf450: alloc(16717 bytes) failed

E (140779) esp-tls-mbedtls: mbedtls_ssl_setup returned -0x008D
I (140779) esp-tls-mbedtls: (FFFFFF73): UNKNOWN ERROR CODE (0080) : UNKNOWN ERROR CODE (000D)
E (140779) esp-tls: create_ssl_handle failed
E (140779) esp-tls: Failed to open new connection
[conn] TLS to 10.0.2.2:22443 FAILED after 2204 us
[err] handshake: last_esp_err=0x8017 tls_code=-0xffffff73 cert_flags=0x0 (sys_errno=0 mb_code=-0x0000)
[e2] wrong-cert path captured above
[mem] final                  free=16700 largest=3200 min-ever=5376
== ch22 lab done ==
qemu-system-xtensa: terminating on signal 15 from pid 3557890 (timeout)
