Adding SPI flash device
ets Jul 29 2019 12:21:46

rst:0x1 (POWERON_RESET),boot:0x12 (SPI_FAST_FLASH_BOOT)
configsip: 0, SPIWP:0xee
clk_drv:0x00,q_drv:0x00,d_drv:0x00,cs0_drv:0x00,hd_drv:0x00,wp_drv:0x00
mode:DIO, clock div:2
load:0x3fff0040,len:6272
load:0x40078000,len:15820
load:0x40080400,len:3920
entry 0x40080644
I (674) boot: ESP-IDF v6.0.2 2nd stage bootloader
I (674) boot: compile time Aug 27 2026 04:28:50
I (674) boot: Multicore bootloader
I (713) boot: chip revision: v3.0
I (717) boot.esp32: SPI Speed      : 40MHz
I (717) boot.esp32: SPI Mode       : DIO
I (717) boot.esp32: SPI Flash Size : 2MB
I (724) boot: Enabling RNG early entropy source...
I (731) boot: Partition Table:
I (731) boot: ## Label            Usage          Type ST Offset   Length
I (731) boot:  0 nvs              WiFi data        01 02 00009000 00006000
I (731) boot:  1 phy_init         RF data          01 01 0000f000 00001000
I (732) boot:  2 factory          factory app      00 00 00010000 00100000
I (739) boot: End of partition table
I (768) esp_image: segment 0: paddr=00010020 vaddr=3f400020 size=1f3f4h (127988) map
I (796) esp_image: segment 1: paddr=0002f41c vaddr=3ffb0000 size=00bfch (  3068) load
I (808) esp_image: segment 2: paddr=00030020 vaddr=400d0020 size=53c1ch (343068) map
I (844) esp_image: segment 3: paddr=00083c44 vaddr=3ffb0bfc size=0201ch (  8220) load
I (862) esp_image: segment 4: paddr=00085c68 vaddr=40080000 size=0b2dch ( 45788) load
I (882) esp_image: segment 5: paddr=00090f4c vaddr=50000000 size=00028h (    40) load
I (920) boot: Loaded app from partition at offset 0x10000
I (921) boot: Disabling RNG early entropy source...
I (935) cpu_start: Multicore app
D (935) cpu_start: Pro cpu up
D (935) cpu_start: Starting app cpu, entry point is 0x40081698
D (603) cpu_start: App cpu up
D (948) clk: RTC_SLOW_CLK calibration value: 3495245
I (1563) cpu_start: GPIO 3 and 1 are used as console UART I/O pins
D (1565) cpu_start: calling init function: 0x400d36a8 on core: 0
D (1565) cpu_start: calling init function: 0x400d454c on core: 0
I (1565) cpu_start: Pro cpu start user code
I (1565) cpu_start: cpu freq: 160000000 Hz
D (1565) cpu_start: calling init function: 0x400d35e8 on core: 0
I (1565) app_init: Application information:
I (1565) app_init: Project name:     lwip_ch22_tls_esp_tls_mbedtls
I (1565) app_init: App version:      924d871
I (1565) app_init: Compile time:     Aug 27 2026 04:28:49
I (1566) app_init: ELF file SHA256:  7d1d22172...
I (1566) app_init: ESP-IDF:          v6.0.2
D (1566) cpu_start: calling init function: 0x400d36bc on core: 0
I (1566) efuse_init: Min chip rev:     v0.0
I (1566) efuse_init: Max chip rev:     v3.99 
I (1566) efuse_init: Chip rev:         v3.0
D (1566) cpu_start: calling init function: 0x400d58e8 on core: 0
D (1567) memory_layout: Checking 9 reserved memory ranges:
D (1567) memory_layout: Reserved memory range 0x3ff82000 - 0x3ff82000
D (1567) memory_layout: Reserved memory range 0x3ffae000 - 0x3ffae6e0
D (1567) memory_layout: Reserved memory range 0x3ffb0000 - 0x3ffb50e0
D (1567) memory_layout: Reserved memory range 0x3ffe0000 - 0x3ffe0440
D (1567) memory_layout: Reserved memory range 0x3ffe3f20 - 0x3ffe4350
D (1567) memory_layout: Reserved memory range 0x40070000 - 0x40078000
D (1567) memory_layout: Reserved memory range 0x40078000 - 0x40080000
D (1567) memory_layout: Reserved memory range 0x40080000 - 0x4008b2dc
D (1568) memory_layout: Reserved memory range 0x50001fe8 - 0x50002000
D (1568) memory_layout: Building list of available memory regions:
D (1568) memory_layout: Available memory region 0x3ffae6e0 - 0x3ffb0000
D (1568) memory_layout: Available memory region 0x3ffb50e0 - 0x3ffb8000
D (1568) memory_layout: Available memory region 0x3ffb8000 - 0x3ffc0000
D (1568) memory_layout: Available memory region 0x3ffc0000 - 0x3ffc2000
D (1568) memory_layout: Available memory region 0x3ffc2000 - 0x3ffc4000
D (1568) memory_layout: Available memory region 0x3ffc4000 - 0x3ffc6000
D (1568) memory_layout: Available memory region 0x3ffc6000 - 0x3ffc8000
D (1569) memory_layout: Available memory region 0x3ffc8000 - 0x3ffca000
D (1569) memory_layout: Available memory region 0x3ffca000 - 0x3ffcc000
D (1569) memory_layout: Available memory region 0x3ffcc000 - 0x3ffce000
D (1569) memory_layout: Available memory region 0x3ffce000 - 0x3ffd0000
D (1569) memory_layout: Available memory region 0x3ffd0000 - 0x3ffd2000
D (1569) memory_layout: Available memory region 0x3ffd2000 - 0x3ffd4000
D (1569) memory_layout: Available memory region 0x3ffd4000 - 0x3ffd6000
D (1569) memory_layout: Available memory region 0x3ffd6000 - 0x3ffd8000
D (1569) memory_layout: Available memory region 0x3ffd8000 - 0x3ffda000
D (1570) memory_layout: Available memory region 0x3ffda000 - 0x3ffdc000
D (1570) memory_layout: Available memory region 0x3ffdc000 - 0x3ffde000
D (1570) memory_layout: Available memory region 0x3ffde000 - 0x3ffe0000
D (1570) memory_layout: Available memory region 0x3ffe0440 - 0x3ffe3f20
D (1570) memory_layout: Available memory region 0x3ffe4350 - 0x3ffe8000
D (1570) memory_layout: Available memory region 0x3ffe8000 - 0x3fff0000
D (1570) memory_layout: Available memory region 0x3fff0000 - 0x3fff8000
D (1570) memory_layout: Available memory region 0x3fff8000 - 0x3fffc000
D (1570) memory_layout: Available memory region 0x3fffc000 - 0x40000000
D (1570) memory_layout: Available memory region 0x4008b2dc - 0x4008c000
D (1571) memory_layout: Available memory region 0x4008c000 - 0x4008e000
D (1571) memory_layout: Available memory region 0x4008e000 - 0x40090000
D (1571) memory_layout: Available memory region 0x40090000 - 0x40092000
D (1571) memory_layout: Available memory region 0x40092000 - 0x40094000
D (1571) memory_layout: Available memory region 0x40094000 - 0x40096000
D (1571) memory_layout: Available memory region 0x40096000 - 0x40098000
D (1571) memory_layout: Available memory region 0x40098000 - 0x4009a000
D (1571) memory_layout: Available memory region 0x4009a000 - 0x4009c000
D (1571) memory_layout: Available memory region 0x4009c000 - 0x4009e000
D (1571) memory_layout: Available memory region 0x4009e000 - 0x400a0000
I (1572) heap_init: Initializing. RAM available for dynamic allocation:
D (1572) heap_init: New heap initialised at 0x3ffae6e0
I (1572) heap_init: At 3FFAE6E0 len 00001920 (6 KiB): DRAM
D (1572) heap_init: New heap initialised at 0x3ffb50e0
I (1572) heap_init: At 3FFB50E0 len 0002AF20 (171 KiB): DRAM
I (1573) heap_init: At 3FFE0440 len 00003AE0 (14 KiB): D/IRAM
I (1573) heap_init: At 3FFE4350 len 0001BCB0 (111 KiB): D/IRAM
D (1573) heap_init: New heap initialised at 0x4008b2dc
I (1573) heap_init: At 4008B2DC len 00014D24 (83 KiB): IRAM
D (1573) cpu_start: calling init function: 0x400d3b50 on core: 0
D (1574) cpu_start: calling init function: 0x400d6b5c on core: 0
D (1575) cpu_start: calling init function: 0x400d4590 on core: 0
D (1575) intr_alloc: Connected src 46 to int 1 (cpu 0)
D (1576) cpu_start: calling init function: 0x400d45a0 on core: 0
D (1576) cpu_start: calling init function: 0x400d7e28 on core: 0
D (1576) cpu_start: calling init function: 0x400d9550 on core: 0
D (1576) cpu_start: calling init function: 0x400d353c on core: 0
D (1576) cpu_start: calling init function: 0x400d6b68 on core: 0
D (1577) cpu_start: calling init function: 0x400d3ee0 on core: 0
D (1583) spi_flash: trying chip: issi
D (1586) spi_flash: trying chip: gd
I (1592) spi_flash: detected chip: gd
I (1596) spi_flash: flash io: dio
W (1599) spi_flash: Detected size(4096k) larger than the size in the binary image header(2048k). Using the size in the binary image header.
D (1599) cpu_start: calling init function: 0x400d3748 on core: 0
D (1600) cpu_start: calling init function: 0x400ddaf4 on core: 0
D (1601) intr_alloc: Connected src 17 to int 2 (cpu 0)
D (1601) cpu_start: calling init function: 0x4011e0cc on core: 0
D (1601) cpu_start: calling init function: 0x40101954 on core: 0
D (1602) cpu_start: calling init function: 0x400d45ac on core: 0
D (1603) intr_alloc: Connected src 24 to int 3 (cpu 0)
D (1603) app_start: Starting scheduler on CPU0
D (1605) intr_alloc: Connected src 25 to int 1 (cpu 1)
I (1605) main_task: Started on CPU0
D (1605) app_start: Starting scheduler on CPU1
D (1605) heap_init: New heap initialised at 0x3ffe0440
D (1605) heap_init: New heap initialised at 0x3ffe4350
D (1605) intr_alloc: Connected src 16 to int 5 (cpu 0)
I (1605) main_task: Calling app_main()
I (1605) ch22lab: == ch22: tls/esp-tls/mbedtls over openeth ==
D (1605) esp_netif_lwip: LwIP stack has been initialized
D (1605) esp_netif_lwip: esp-netif has been successfully initialized
D (1605) event: running task for loop 0x3ffaffb8
D (1605) event: created task for loop 0x3ffaffb8
D (1605) event: created event loop 0x3ffaffb8
D (1605) esp_netif_objects: esp_netif_add_to_list_unsafe netif added successfully (total netifs: 1)
D (1605) intr_alloc: Connected src 38 to int 8 (cpu 0)
D (1605) opencores.emac: Using MAC address 52:54:00:12:34:56 set in QEMU
D (1605) eth_phy_802_3: Found PHY address: 1
D (1625) esp_eth: new ethernet driver @0x3ffbb07c
I (1625) esp_eth.netif.netif_glue: 52:54:00:12:34:56
I (1625) esp_eth.netif.netif_glue: ethernet attached to netif
D (1725) event: running post ETH_EVENT:0 with handler 0x400d95b4 and context 0x3ffbb120 on loop 0x3ffaffb8
D (1725) event: running post ETH_EVENT:0 with handler 0x400dba50 and context 0x3ffbb1b8 on loop 0x3ffaffb8
D (1725) esp_eth.netif.netif_glue: eth_action_start: 0x3ffbb184, 0x3f405010, 0, 0x3ffbb288, 0x3ffbb07c
D (1725) esp_netif_handlers: esp_netif action has started with netif0x3ffb9d3c from event_id=0
D (1725) esp_netif_lwip: Multicast add filter IPv4: 224.0.0.1
D (1725) esp_eth.netif.netif_glue: Add filter MAC: 01:00:5e:00:00:01
E (1725) esp_eth: esp_eth_ioctl(533): add mac address to filter not supported
E (1725) esp_eth.netif.netif_glue: eth_set_mac_filter(56): failed to add mac filter
E (1725) esp_netif_lwip: Failed to add multicast filter for IPv4
D (1725) event: running post ETH_EVENT:2 with handler 0x400d95b4 and context 0x3ffbb120 on loop 0x3ffaffb8
I (1725) ch22lab: ETH link up
D (1725) event: running post ETH_EVENT:2 with handler 0x400db9c0 and context 0x3ffbb218 on loop 0x3ffaffb8
D (1725) esp_eth.netif.netif_glue: eth_action_connected: 0x3ffbb184, 0x3f405010, 2, 0x3ffbb288, 0x3ffbb07c
D (1725) esp_netif_handlers: esp_netif action connected with netif0x3ffb9d3c from event_id=2
I (1725) ch22lab: waiting for DHCP lease ...
D (1725) esp_netif_lwip: if0x3ffb9d3c start ip lost tmr: interval=120
D (1725) esp_netif_lwip: starting dhcp client
D (1725) event: no handlers have been registered for event IP_EVENT:9 posted to loop 0x3ffaffb8
D (2735) esp_netif_lwip: if0x3ffb9d3c ip changed=1
D (2735) event: running post IP_EVENT:4 with handler 0x400d9f38 and context 0x3ffbb164 on loop 0x3ffaffb8
I (2735) ch22lab: GOT_IP: 10.0.2.15
D (2735) event: running post IP_EVENT:4 with handler 0x400db950 and context 0x3ffbb268 on loop 0x3ffaffb8
D (2735) esp_eth.netif.netif_glue: eth_action_got_ip: 0x3ffbb184, 0x3f40bf68, 4, 0x3ffbb3d4, 0x3ffb9d3c
D (2735) esp_netif_handlers: esp_netif action got_ip with netif0x3ffb9d3c from event_id=4
I (2735) esp_netif_handlers: eth ip: 10.0.2.15, mask: 255.255.255.0, gw: 10.0.2.2

== ch22 lab start ==
[info] sizeof(mbedtls_ssl_context)=264 sizeof(mbedtls_ssl_config)=136
[srv-create] plain=1 tls=1
[mem-tick] t=    1171 ms phase=idle         free=224360
I (2745) main_task: Returned from app_main()
[srv-p] accepting
[srv-ready] plain=1 tls=1
[mem-tick] t=    1270 ms phase=idle         free=227800
[plain-conn] persistent OK
[mem] boot-baseline          free=226380 largest=110592 min-ever=224320

===== PHASE A/B [RSA] port=22443 =====
[mem-tick] t=    1370 ms phase=RSA-baseline free=226380
[mem-tick] t=    1470 ms phase=RSA-baseline free=226380
[mem] baseline               free=227952 largest=110592 min-ever=224320
[mem-tick] t=    1571 ms phase=handshake    free=225804
W (3145) esp-tls-mbedtls: skip_common_name=true: hostname matching and SNI disabled. This disables ALL server-name authentication (CN/SAN/SNI), not just CN. Only intended for loopback / debug clients.
D (3145) esp-tls: handshake in progress...
I (3145) mbedtls: ssl_tls.c:4282 0x3ffc65bc: => handshake

I (3145) mbedtls: ssl_msg.c:2063 0x3ffc65bc: => flush output

I (3145) mbedtls: ssl_msg.c:2072 0x3ffc65bc: <= flush output

I (3145) mbedtls: ssl_tls.c:4201 0x3ffc65bc: client state: MBEDTLS_SSL_HELLO_REQUEST

D (3145) mbedtls: ssl_misc.h:1295 0x3ffc65bc: handshake state: 0 (MBEDTLS_SSL_HELLO_REQUEST) -> 1 (MBEDTLS_SSL_CLIENT_HELLO)

I (3145) mbedtls: ssl_msg.c:2063 0x3ffc65bc: => flush output

I (3145) mbedtls: ssl_msg.c:2072 0x3ffc65bc: <= flush output

I (3145) mbedtls: ssl_tls.c:4201 0x3ffc65bc: client state: MBEDTLS_SSL_CLIENT_HELLO

I (3145) mbedtls: ssl_client.c:917 0x3ffc65bc: => write client hello

D (3145) mbedtls: ssl_client.c:722 0x3ffc65bc: client hello, current time: 1

D (3145) mbedtls: ssl_client.c:485 0x3ffc65bc: dumping 'client hello, random bytes' (32 bytes)

D (3145) mbedtls: ssl_client.c:485 0x3ffc65bc: 0000:  00 00 00 01 1f 9b 60 7c 50 b2 33 23 a4 4a 23 a1  ......`|P.3#.J#.

D (3145) mbedtls: ssl_client.c:485 0x3ffc65bc: 0010:  9d 93 86 24 e9 cb b0 1d 97 75 a7 69 1a 70 20 5e  ...$.....u.i.p ^

D (3145) mbedtls: ssl_client.c:510 0x3ffc65bc: dumping 'session id' (0 bytes)

D (3155) mbedtls: ssl_client.c:368 0x3ffc65bc: client hello, add ciphersuite: c02c, TLS-ECDHE-ECDSA-WITH-AES-256-GCM-SHA384

D (3155) mbedtls: ssl_client.c:368 0x3ffc65bc: client hello, add ciphersuite: c030, TLS-ECDHE-RSA-WITH-AES-256-GCM-SHA384

D (3155) mbedtls: ssl_client.c:368 0x3ffc65bc: client hello, add ciphersuite: c0ad, TLS-ECDHE-ECDSA-WITH-AES-256-CCM

D (3155) mbedtls: ssl_client.c:368 0x3ffc65bc: client hello, add ciphersuite: c024, TLS-ECDHE-ECDSA-WITH-AES-256-CBC-SHA384

D (3155) mbedtls: ssl_client.c:368 0x3ffc65bc: client hello, add ciphersuite: c028, TLS-ECDHE-RSA-WITH-AES-256-CBC-SHA384

D (3155) mbedtls: ssl_client.c:368 0x3ffc65bc: client hello, add ciphersuite: c00a, TLS-ECDHE-ECDSA-WITH-AES-256-CBC-SHA

D (3155) mbedtls: ssl_client.c:368 0x3ffc65bc: client hello, add ciphersuite: c014, TLS-ECDHE-RSA-WITH-AES-256-CBC-SHA

D (3155) mbedtls: ssl_client.c:368 0x3ffc65bc: client hello, add ciphersuite: c0af, TLS-ECDHE-ECDSA-WITH-AES-256-CCM-8

D (3155) mbedtls: ssl_client.c:368 0x3ffc65bc: client hello, add ciphersuite: c02b, TLS-ECDHE-ECDSA-WITH-AES-128-GCM-SHA256

D (3155) mbedtls: ssl_client.c:368 0x3ffc65bc: client hello, add ciphersuite: c02f, TLS-ECDHE-RSA-WITH-AES-128-GCM-SHA256

D (3155) mbedtls: ssl_client.c:368 0x3ffc65bc: client hello, add ciphersuite: c0ac, TLS-ECDHE-ECDSA-WITH-AES-128-CCM

D (3155) mbedtls: ssl_client.c:368 0x3ffc65bc: client hello, add ciphersuite: c023, TLS-ECDHE-ECDSA-WITH-AES-128-CBC-SHA256

D (3155) mbedtls: ssl_client.c:368 0x3ffc65bc: client hello, add ciphersuite: c027, TLS-ECDHE-RSA-WITH-AES-128-CBC-SHA256

D (3155) mbedtls: ssl_client.c:368 0x3ffc65bc: client hello, add ciphersuite: c009, TLS-ECDHE-ECDSA-WITH-AES-128-CBC-SHA

D (3155) mbedtls: ssl_client.c:368 0x3ffc65bc: client hello, add ciphersuite: c013, TLS-ECDHE-RSA-WITH-AES-128-CBC-SHA

D (3155) mbedtls: ssl_client.c:368 0x3ffc65bc: client hello, add ciphersuite: c0ae, TLS-ECDHE-ECDSA-WITH-AES-128-CCM-8

D (3155) mbedtls: ssl_client.c:386 0x3ffc65bc: adding EMPTY_RENEGOTIATION_INFO_SCSV

D (3155) mbedtls: ssl_client.c:395 0x3ffc65bc: client hello, got 17 cipher suites

D (3155) mbedtls: ssl_client.c:229 0x3ffc65bc: client hello, adding supported_groups extension

D (3155) mbedtls: ssl_client.c:248 0x3ffc65bc: got supported group(001d)

D (3155) mbedtls: ssl_client.c:280 0x3ffc65bc: NamedGroup: x25519 ( 1d )

D (3155) mbedtls: ssl_client.c:248 0x3ffc65bc: got supported group(0017)

D (3155) mbedtls: ssl_client.c:280 0x3ffc65bc: NamedGroup: secp256r1 ( 17 )

D (3155) mbedtls: ssl_client.c:248 0x3ffc65bc: got supported group(0018)

D (3155) mbedtls: ssl_client.c:280 0x3ffc65bc: NamedGroup: secp384r1 ( 18 )

D (3155) mbedtls: ssl_client.c:248 0x3ffc65bc: got supported group(001e)

D (3155) mbedtls: ssl_client.c:280 0x3ffc65bc: NamedGroup: x448 ( 1e )

D (3155) mbedtls: ssl_client.c:248 0x3ffc65bc: got supported group(0019)

D (3155) mbedtls: ssl_client.c:280 0x3ffc65bc: NamedGroup: secp521r1 ( 19 )

D (3155) mbedtls: ssl_client.c:248 0x3ffc65bc: got supported group(001a)

D (3155) mbedtls: ssl_client.c:280 0x3ffc65bc: NamedGroup: bp256r1 ( 1a )

D (3155) mbedtls: ssl_client.c:248 0x3ffc65bc: got supported group(001b)

D (3155) mbedtls: ssl_client.c:280 0x3ffc65bc: NamedGroup: bp384r1 ( 1b )

D (3155) mbedtls: ssl_client.c:248 0x3ffc65bc: got supported group(001c)

D (3155) mbedtls: ssl_client.c:280 0x3ffc65bc: NamedGroup: bp512r1 ( 1c )

D (3155) mbedtls: ssl_client.c:248 0x3ffc65bc: got supported group(0100)

D (3155) mbedtls: ssl_client.c:248 0x3ffc65bc: got supported group(0101)

D (3155) mbedtls: ssl_client.c:248 0x3ffc65bc: got supported group(0102)

D (3155) mbedtls: ssl_client.c:248 0x3ffc65bc: got supported group(0103)

D (3155) mbedtls: ssl_client.c:248 0x3ffc65bc: got supported group(0104)

D (3155) mbedtls: ssl_client.c:300 0x3ffc65bc: dumping 'Supported groups extension' (18 bytes)

D (3155) mbedtls: ssl_client.c:300 0x3ffc65bc: 0000:  00 10 00 1d 00 17 00 18 00 1e 00 19 00 1a 00 1b  ................

D (3155) mbedtls: ssl_client.c:300 0x3ffc65bc: 0010:  00 1c                                            ..

D (3155) mbedtls: ssl_tls.c:8276 0x3ffc65bc: adding signature_algorithms extension

D (3155) mbedtls: ssl_tls.c:8296 0x3ffc65bc: got signature scheme [603] ecdsa_secp521r1_sha512

D (3155) mbedtls: ssl_tls.c:8305 0x3ffc65bc: sent signature scheme [603] ecdsa_secp521r1_sha512

D (3155) mbedtls: ssl_tls.c:8296 0x3ffc65bc: got signature scheme [806] rsa_pss_rsae_sha512

D (3165) mbedtls: ssl_tls.c:8296 0x3ffc65bc: got signature scheme [601] rsa_pkcs1_sha512

D (3165) mbedtls: ssl_tls.c:8305 0x3ffc65bc: sent signature scheme [601] rsa_pkcs1_sha512

D (3165) mbedtls: ssl_tls.c:8296 0x3ffc65bc: got signature scheme [503] ecdsa_secp384r1_sha384

D (3165) mbedtls: ssl_tls.c:8305 0x3ffc65bc: sent signature scheme [503] ecdsa_secp384r1_sha384

D (3165) mbedtls: ssl_tls.c:8296 0x3ffc65bc: got signature scheme [805] rsa_pss_rsae_sha384

D (3165) mbedtls: ssl_tls.c:8296 0x3ffc65bc: got signature scheme [501] rsa_pkcs1_sha384

D (3165) mbedtls: ssl_tls.c:8305 0x3ffc65bc: sent signature scheme [501] rsa_pkcs1_sha384

D (3165) mbedtls: ssl_tls.c:8296 0x3ffc65bc: got signature scheme [403] ecdsa_secp256r1_sha256

D (3165) mbedtls: ssl_tls.c:8305 0x3ffc65bc: sent signature scheme [403] ecdsa_secp256r1_sha256

D (3165) mbedtls: ssl_tls.c:8296 0x3ffc65bc: got signature scheme [804] rsa_pss_rsae_sha256

D (3165) mbedtls: ssl_tls.c:8296 0x3ffc65bc: got signature scheme [401] rsa_pkcs1_sha256

D (3165) mbedtls: ssl_tls.c:8305 0x3ffc65bc: sent signature scheme [401] rsa_pkcs1_sha256

D (3165) mbedtls: ssl_tls12_client.c:103 0x3ffc65bc: client hello, adding supported_point_formats extension

D (3165) mbedtls: ssl_tls12_client.c:287 0x3ffc65bc: client hello, adding encrypt_then_mac extension

D (3165) mbedtls: ssl_tls12_client.c:319 0x3ffc65bc: client hello, adding extended_master_secret extension

D (3165) mbedtls: ssl_tls12_client.c:352 0x3ffc65bc: client hello, adding session ticket extension

D (3165) mbedtls: ssl_client.c:687 0x3ffc65bc: client hello, total extension length: 58

D (3165) mbedtls: ssl_client.c:689 0x3ffc65bc: dumping 'client hello extensions' (58 bytes)

D (3165) mbedtls: ssl_client.c:689 0x3ffc65bc: 0000:  00 3a 00 0a 00 12 00 10 00 1d 00 17 00 18 00 1e  .:..............

D (3165) mbedtls: ssl_client.c:689 0x3ffc65bc: 0010:  00 19 00 1a 00 1b 00 1c 00 0d 00 0e 00 0c 06 03  ................

D (3165) mbedtls: ssl_client.c:689 0x3ffc65bc: 0020:  06 01 05 03 05 01 04 03 04 01 00 0b 00 02 01 00  ................

D (3165) mbedtls: ssl_client.c:689 0x3ffc65bc: 0030:  00 16 00 00 00 17 00 00 00 23                    .........#

I (3165) mbedtls: ssl_msg.c:2494 0x3ffc65bc: => write handshake message

I (3165) mbedtls: ssl_msg.c:2654 0x3ffc65bc: => write record

D (3165) mbedtls: ssl_msg.c:2737 0x3ffc65bc: output record: msgtype = 22, version = [3:3], msglen = 137

I (3165) mbedtls: ssl_msg.c:2790 0x3ffc65bc: <= write record

I (3165) mbedtls: ssl_msg.c:2615 0x3ffc65bc: <= write handshake message

D (3165) mbedtls: ssl_misc.h:1295 0x3ffc65bc: handshake state: 1 (MBEDTLS_SSL_CLIENT_HELLO) -> 2 (MBEDTLS_SSL_SERVER_HELLO)

I (3165) mbedtls: ssl_client.c:1010 0x3ffc65bc: <= write client hello

I (3165) mbedtls: ssl_msg.c:2063 0x3ffc65bc: => flush output

I (3165) mbedtls: ssl_msg.c:2077 0x3ffc65bc: message length: 142, out_left: 142

I (3175) mbedtls: ssl_msg.c:2084 0x3ffc65bc: ssl->f_send() returned 142 (-0xffffff72)

I (3175) mbedtls: ssl_msg.c:2111 0x3ffc65bc: <= flush output

I (3175) mbedtls: ssl_tls.c:4201 0x3ffc65bc: client state: MBEDTLS_SSL_SERVER_HELLO

I (3175) mbedtls: ssl_tls12_client.c:1151 0x3ffc65bc: => parse server hello

I (3175) mbedtls: ssl_msg.c:4040 0x3ffc65bc: => read record

I (3175) mbedtls: ssl_msg.c:1865 0x3ffc65bc: => fetch input

I (3175) mbedtls: ssl_msg.c:2005 0x3ffc65bc: in_left: 0, nb_want: 5

I (3175) mbedtls: ssl_msg.c:2025 0x3ffc65bc: in_left: 0, nb_want: 5

I (3175) mbedtls: ssl_msg.c:2028 0x3ffc65bc: ssl->f_recv(_timeout)() returned 5 (-0xfffffffb)

I (3175) mbedtls: ssl_msg.c:2050 0x3ffc65bc: <= fetch input

D (3175) mbedtls: ssl_msg.c:3707 0x3ffc65bc: input record: msgtype = 22, version = [0x303], msglen = 65

I (3175) mbedtls: ssl_msg.c:1865 0x3ffc65bc: => fetch input

I (3175) mbedtls: ssl_msg.c:2005 0x3ffc65bc: in_left: 5, nb_want: 70

I (3175) mbedtls: ssl_msg.c:2025 0x3ffc65bc: in_left: 5, nb_want: 70

I (3175) mbedtls: ssl_msg.c:2028 0x3ffc65bc: ssl->f_recv(_timeout)() returned 65 (-0xffffffbf)

I (3175) mbedtls: ssl_msg.c:2050 0x3ffc65bc: <= fetch input

D (3175) mbedtls: ssl_msg.c:2948 0x3ffc65bc: handshake message: msglen = 65, type = 2, hslen = 65

D (3175) mbedtls: ssl_msg.c:3085 0x3ffc65bc: sole handshake fragment: 65, 0..65 of 65

I (3175) mbedtls: ssl_msg.c:4112 0x3ffc65bc: <= read record

D (3175) mbedtls: ssl_tls12_client.c:1225 0x3ffc65bc: dumping 'server hello, version' (2 bytes)

D (3175) mbedtls: ssl_tls12_client.c:1225 0x3ffc65bc: 0000:  03 03                                            ..

D (3175) mbedtls: ssl_tls12_client.c:1246 0x3ffc65bc: server hello, current time: 3839004754

D (3175) mbedtls: ssl_tls12_client.c:1256 0x3ffc65bc: dumping 'server hello, random bytes' (32 bytes)

D (3175) mbedtls: ssl_tls12_client.c:1256 0x3ffc65bc: 0000:  e4 d2 90 52 65 94 07 d7 f5 86 81 7f 3e 10 79 61  ...Re.......>.ya

D (3175) mbedtls: ssl_tls12_client.c:1256 0x3ffc65bc: 0010:  d1 b2 6e 1e 57 8d 89 6d 50 bb 5e d9 e5 54 88 df  ..n.W..mP.^..T..

D (3175) mbedtls: ssl_tls12_client.c:1318 0x3ffc65bc: server hello, session id len.: 0

D (3175) mbedtls: ssl_tls12_client.c:1319 0x3ffc65bc: dumping 'server hello, session id' (0 bytes)

D (3175) mbedtls: ssl_misc.h:1295 0x3ffc65bc: handshake state: 2 (MBEDTLS_SSL_SERVER_HELLO) -> 3 (MBEDTLS_SSL_SERVER_CERTIFICATE)

D (3175) mbedtls: ssl_tls12_client.c:1343 0x3ffc65bc: no session has been resumed

D (3175) mbedtls: ssl_tls12_client.c:1346 0x3ffc65bc: server hello, chosen ciphersuite: c030

D (3175) mbedtls: ssl_tls12_client.c:1347 0x3ffc65bc: server hello, compress alg.: 0

D (3185) mbedtls: ssl_tls12_client.c:1382 0x3ffc65bc: server hello, chosen ciphersuite: TLS-ECDHE-RSA-WITH-AES-256-GCM-SHA384

I (3185) mbedtls: ssl_tls12_client.c:1403 0x3ffc65bc: server hello, total extension length: 21

D (3185) mbedtls: ssl_tls12_client.c:1421 0x3ffc65bc: found renegotiation extension

D (3185) mbedtls: ssl_tls12_client.c:1500 0x3ffc65bc: found supported_point_formats extension

D (3185) mbedtls: ssl_tls12_client.c:1486 0x3ffc65bc: found session_ticket extension

D (3185) mbedtls: ssl_tls12_client.c:1473 0x3ffc65bc: found extended_master_secret extension

I (3185) mbedtls: ssl_tls12_client.c:1617 0x3ffc65bc: <= parse server hello

I (3185) mbedtls: ssl_msg.c:2063 0x3ffc65bc: => flush output

I (3185) mbedtls: ssl_msg.c:2072 0x3ffc65bc: <= flush output

I (3185) mbedtls: ssl_tls.c:4201 0x3ffc65bc: client state: MBEDTLS_SSL_SERVER_CERTIFICATE

I (3185) mbedtls: ssl_tls.c:7077 0x3ffc65bc: => parse certificate

I (3185) mbedtls: ssl_msg.c:4040 0x3ffc65bc: => read record

I (3185) mbedtls: ssl_msg.c:1865 0x3ffc65bc: => fetch input

I (3185) mbedtls: ssl_msg.c:2005 0x3ffc65bc: in_left: 0, nb_want: 5

I (3185) mbedtls: ssl_msg.c:2025 0x3ffc65bc: in_left: 0, nb_want: 5

I (3185) mbedtls: ssl_msg.c:2028 0x3ffc65bc: ssl->f_recv(_timeout)() returned 5 (-0xfffffffb)

I (3185) mbedtls: ssl_msg.c:2050 0x3ffc65bc: <= fetch input

D (3185) mbedtls: ssl_msg.c:3707 0x3ffc65bc: input record: msgtype = 22, version = [0x303], msglen = 791

I (3185) mbedtls: ssl_msg.c:1865 0x3ffc65bc: => fetch input

I (3185) mbedtls: ssl_msg.c:2005 0x3ffc65bc: in_left: 5, nb_want: 796

I (3185) mbedtls: ssl_msg.c:2025 0x3ffc65bc: in_left: 5, nb_want: 796

I (3185) mbedtls: ssl_msg.c:2028 0x3ffc65bc: ssl->f_recv(_timeout)() returned 791 (-0xfffffce9)

I (3185) mbedtls: ssl_msg.c:2050 0x3ffc65bc: <= fetch input

D (3185) mbedtls: ssl_msg.c:2948 0x3ffc65bc: handshake message: msglen = 791, type = 11, hslen = 791

D (3185) mbedtls: ssl_msg.c:3085 0x3ffc65bc: sole handshake fragment: 791, 0..791 of 791

I (3185) mbedtls: ssl_msg.c:4112 0x3ffc65bc: <= read record

D (3195) mbedtls: ssl_tls.c:6952 0x3ffc65bc: peer certificate #1:

D (3195) mbedtls: ssl_tls.c:6952 0x3ffc65bc: cert. version     : 3

D (3195) mbedtls: ssl_tls.c:6952 0x3ffc65bc: serial number     : 77:66:A5:9D:AF:14:9E:F2:03:F7:3C:2B:1A:5C:81:86:F8:A3:4E:52

D (3195) mbedtls: ssl_tls.c:6952 0x3ffc65bc: issuer name       : CN=localhost

D (3195) mbedtls: ssl_tls.c:6952 0x3ffc65bc: subject name      : CN=localhost

D (3195) mbedtls: ssl_tls.c:6952 0x3ffc65bc: issued  on        : 2026-08-26 20:20:30

D (3195) mbedtls: ssl_tls.c:6952 0x3ffc65bc: expires on        : 2026-09-25 20:20:30

D (3195) mbedtls: ssl_tls.c:6952 0x3ffc65bc: signed using      : RSA with SHA-256

D (3195) mbedtls: ssl_tls.c:6952 0x3ffc65bc: RSA key size      : 2048 bits

D (3195) mbedtls: ssl_tls.c:6952 0x3ffc65bc: basic constraints : CA=true

D (3195) mbedtls: ssl_tls.c:6952 0x3ffc65bc: dumping 'crt->PK' (270 bytes)

D (3195) mbedtls: ssl_tls.c:6952 0x3ffc65bc: 0000:  30 82 01 0a 02 82 01 01 00 dd 03 19 3e 8f 4a 05

D (3195) mbedtls: ssl_tls.c:6952 0x3ffc65bc: 0010:  9c d6 74 e1 46 bc 40 7a 7e af 78 09 38 f6 d0 1c

D (3195) mbedtls: ssl_tls.c:6952 0x3ffc65bc: 0020:  9d e4 2b 18 4c a1 87 f6 83 55 82 2d e0 21 fb b2

D (3195) mbedtls: ssl_tls.c:6952 0x3ffc65bc: 0030:  00 2f 9b 98 36 24 73 47 a2 11 bb 50 05 1c 9e 40

D (3195) mbedtls: ssl_tls.c:6952 0x3ffc65bc: 0040:  41 c9 de 81 7e a1 eb 82 48 35 d0 51 24 0d 22 bd

D (3195) mbedtls: ssl_tls.c:6952 0x3ffc65bc: 0050:  7e c7 0b 60 74 e2 60 3e 76 de c1 3d b5 9f e9 d2

D (3195) mbedtls: ssl_tls.c:6952 0x3ffc65bc: 0060:  ac 90 d3 84 2a 75 7c 41 8a 11 14 c8 bc 09 7b 9d

D (3195) mbedtls: ssl_tls.c:6952 0x3ffc65bc: 0070:  45 54 95 c1 50 05 be f1 34 c0 05 55 f5 a2 b3 a8

D (3195) mbedtls: ssl_tls.c:6952 0x3ffc65bc: 0080:  24 f6 ab 22 df 72 97 ef b5 8f e4 fe 49 be 4f c1

D (3195) mbedtls: ssl_tls.c:6952 0x3ffc65bc: 0090:  08 e0 39 7a cd ba 74 2e d1 20 74 ad 6b 59 ab 86

D (3195) mbedtls: ssl_tls.c:6952 0x3ffc65bc: 00a0:  5d 29 ab 81 f0 c1 22 3f 01 b9 0b a1 fb ee 70 9f

D (3195) mbedtls: ssl_tls.c:6952 0x3ffc65bc: 00b0:  eb 29 5e 9f 1d 6a 0d dc 65 fd 5e 5d 38 0c 1a c3

D (3195) mbedtls: ssl_tls.c:6952 0x3ffc65bc: 00c0:  ae b7 b7 2f 66 23 82 80 ab 7d 69 7c 8f 95 ab e8

D (3195) mbedtls: ssl_tls.c:6952 0x3ffc65bc: 00d0:  c0 4d 21 42 7d 78 c8 25 8b 60 f6 0d 87 c9 f4 df

D (3195) mbedtls: ssl_tls.c:6952 0x3ffc65bc: 00e0:  36 bf 16 7c 59 16 d1 09 ec 17 67 cf 5d 9f 8f 78

D (3195) mbedtls: ssl_tls.c:6952 0x3ffc65bc: 00f0:  8c 3d d0 02 18 d5 bc a7 19 f4 51 fe 1d b3 20 40

D (3195) mbedtls: ssl_tls.c:6952 0x3ffc65bc: 0100:  67 7e 3a cc 30 f3 8d a0 ef 02 03 01 00 01      

I (3195) mbedtls: ssl_tls.c:7191 0x3ffc65bc: <= parse certificate

D (3195) mbedtls: ssl_misc.h:1295 0x3ffc65bc: handshake state: 3 (MBEDTLS_SSL_SERVER_CERTIFICATE) -> 4 (MBEDTLS_SSL_SERVER_KEY_EXCHANGE)

I (3195) mbedtls: ssl_msg.c:2063 0x3ffc65bc: => flush output

I (3195) mbedtls: ssl_msg.c:2072 0x3ffc65bc: <= flush output

I (3195) mbedtls: ssl_tls.c:4201 0x3ffc65bc: client state: MBEDTLS_SSL_SERVER_KEY_EXCHANGE

I (3195) mbedtls: ssl_tls12_client.c:1831 0x3ffc65bc: => parse server key exchange

I (3195) mbedtls: ssl_msg.c:4040 0x3ffc65bc: => read record

I (3195) mbedtls: ssl_msg.c:1865 0x3ffc65bc: => fetch input

I (3205) mbedtls: ssl_msg.c:2005 0x3ffc65bc: in_left: 0, nb_want: 5

I (3205) mbedtls: ssl_msg.c:2025 0x3ffc65bc: in_left: 0, nb_want: 5

I (3205) mbedtls: ssl_msg.c:2028 0x3ffc65bc: ssl->f_recv(_timeout)() returned 5 (-0xfffffffb)

I (3205) mbedtls: ssl_msg.c:2050 0x3ffc65bc: <= fetch input

D (3205) mbedtls: ssl_msg.c:3707 0x3ffc65bc: input record: msgtype = 22, version = [0x303], msglen = 300

I (3205) mbedtls: ssl_msg.c:1865 0x3ffc65bc: => fetch input

I (3205) mbedtls: ssl_msg.c:2005 0x3ffc65bc: in_left: 5, nb_want: 305

I (3205) mbedtls: ssl_msg.c:2025 0x3ffc65bc: in_left: 5, nb_want: 305

I (3205) mbedtls: ssl_msg.c:2028 0x3ffc65bc: ssl->f_recv(_timeout)() returned 300 (-0xfffffed4)

I (3205) mbedtls: ssl_msg.c:2050 0x3ffc65bc: <= fetch input

D (3205) mbedtls: ssl_msg.c:2948 0x3ffc65bc: handshake message: msglen = 300, type = 12, hslen = 300

D (3205) mbedtls: ssl_msg.c:3085 0x3ffc65bc: sole handshake fragment: 300, 0..300 of 300

I (3205) mbedtls: ssl_msg.c:4112 0x3ffc65bc: <= read record

D (3205) mbedtls: ssl_tls12_client.c:1885 0x3ffc65bc: dumping 'server key exchange' (296 bytes)

D (3205) mbedtls: ssl_tls12_client.c:1885 0x3ffc65bc: 0000:  03 00 1d 20 3c 2d 9b 47 9b cd 56 8d 27 d0 6c 89  ... <-.G..V.'.l.

D (3205) mbedtls: ssl_tls12_client.c:1885 0x3ffc65bc: 0010:  5c e7 06 58 e0 fd d0 38 ad f7 ef 8c db 68 d0 66  \..X...8.....h.f

D (3205) mbedtls: ssl_tls12_client.c:1885 0x3ffc65bc: 0020:  d2 0d 74 5a 06 01 01 00 1f 03 ee 7d ab 08 e5 df  ..tZ.......}....

D (3205) mbedtls: ssl_tls12_client.c:1885 0x3ffc65bc: 0030:  d6 78 9d a8 b3 50 24 89 bb 43 91 8c fe 4f c7 45  .x...P$..C...O.E

D (3205) mbedtls: ssl_tls12_client.c:1885 0x3ffc65bc: 0040:  35 e9 d8 6c 79 ac 05 5c 0b 4c 35 59 ea 7b 3d 42  5..ly..\.L5Y.{=B

D (3205) mbedtls: ssl_tls12_client.c:1885 0x3ffc65bc: 0050:  06 bc d2 0b 16 27 4a 3d 87 d8 51 73 75 63 5d ef  .....'J=..Qsuc].

D (3205) mbedtls: ssl_tls12_client.c:1885 0x3ffc65bc: 0060:  65 79 5c 3d a9 a4 53 b6 4a 5f fe 1a 74 f3 a7 25  ey\=..S.J_..t..%

D (3205) mbedtls: ssl_tls12_client.c:1885 0x3ffc65bc: 0070:  41 a4 63 fc 68 5a e8 f4 7b 66 d0 87 c7 23 3f f9  A.c.hZ..{f...#?.

D (3205) mbedtls: ssl_tls12_client.c:1885 0x3ffc65bc: 0080:  5e e6 10 84 cd ae 30 66 f8 02 dd e1 bc 91 d1 d4  ^.....0f........

D (3205) mbedtls: ssl_tls12_client.c:1885 0x3ffc65bc: 0090:  01 ca 4f a9 19 65 7c ca 5a 51 86 33 3f 0b 70 f5  ..O..e|.ZQ.3?.p.

D (3205) mbedtls: ssl_tls12_client.c:1885 0x3ffc65bc: 00a0:  b8 7c ec 34 24 00 88 71 cf 41 db 59 9c 3e 33 a6  .|.4$..q.A.Y.>3.

D (3205) mbedtls: ssl_tls12_client.c:1885 0x3ffc65bc: 00b0:  f1 65 a0 7f 5e 4c d7 ca ab a0 88 4e e9 ab 25 12  .e..^L.....N..%.

D (3205) mbedtls: ssl_tls12_client.c:1885 0x3ffc65bc: 00c0:  59 08 1e 5c 71 4d 8e cd 7e 1a 6b d4 5f 42 38 d3  Y..\qM..~.k._B8.

D (3205) mbedtls: ssl_tls12_client.c:1885 0x3ffc65bc: 00d0:  5b d0 93 60 32 2a d9 52 cf 60 50 b2 44 14 44 5d  [..`2*.R.`P.D.D]

D (3205) mbedtls: ssl_tls12_client.c:1885 0x3ffc65bc: 00e0:  35 b9 59 19 a8 f7 29 51 fe 5a 5e 48 73 fc 38 6b  5.Y...)Q.Z^Hs.8k

D (3205) mbedtls: ssl_tls12_client.c:1885 0x3ffc65bc: 00f0:  78 37 ee c1 a8 78 73 bc 4d c0 79 45 53 5a f7 0d  x7...xs.M.yESZ..

D (3205) mbedtls: ssl_tls12_client.c:1885 0x3ffc65bc: 0100:  fa 54 0b d7 a5 75 fa 29 1a f3 0f 50 7e 67 29 6c  .T...u.)...P~g)l

D (3205) mbedtls: ssl_tls12_client.c:1885 0x3ffc65bc: 0110:  9f e7 27 25 d2 30 ba af f8 30 62 86 d2 b0 84 05  ..'%.0...0b.....

D (3205) mbedtls: ssl_tls12_client.c:1885 0x3ffc65bc: 0120:  7d 92 e0 25 c7 11 e8 bc                          }..%....

I (3205) mbedtls: ssl_tls12_client.c:1815 0x3ffc65bc: Server used the signature algorithm rsa_pkcs1_sha512

D (3205) mbedtls: ssl_tls12_client.c:2047 0x3ffc65bc: dumping 'signature' (256 bytes)

D (3205) mbedtls: ssl_tls12_client.c:2047 0x3ffc65bc: 0000:  1f 03 ee 7d ab 08 e5 df d6 78 9d a8 b3 50 24 89  ...}.....x...P$.

D (3205) mbedtls: ssl_tls12_client.c:2047 0x3ffc65bc: 0010:  bb 43 91 8c fe 4f c7 45 35 e9 d8 6c 79 ac 05 5c  .C...O.E5..ly..\

D (3205) mbedtls: ssl_tls12_client.c:2047 0x3ffc65bc: 0020:  0b 4c 35 59 ea 7b 3d 42 06 bc d2 0b 16 27 4a 3d  .L5Y.{=B.....'J=

D (3215) mbedtls: ssl_tls12_client.c:2047 0x3ffc65bc: 0030:  87 d8 51 73 75 63 5d ef 65 79 5c 3d a9 a4 53 b6  ..Qsuc].ey\=..S.

D (3215) mbedtls: ssl_tls12_client.c:2047 0x3ffc65bc: 0040:  4a 5f fe 1a 74 f3 a7 25 41 a4 63 fc 68 5a e8 f4  J_..t..%A.c.hZ..

D (3215) mbedtls: ssl_tls12_client.c:2047 0x3ffc65bc: 0050:  7b 66 d0 87 c7 23 3f f9 5e e6 10 84 cd ae 30 66  {f...#?.^.....0f

D (3215) mbedtls: ssl_tls12_client.c:2047 0x3ffc65bc: 0060:  f8 02 dd e1 bc 91 d1 d4 01 ca 4f a9 19 65 7c ca  ..........O..e|.

D (3215) mbedtls: ssl_tls12_client.c:2047 0x3ffc65bc: 0070:  5a 51 86 33 3f 0b 70 f5 b8 7c ec 34 24 00 88 71  ZQ.3?.p..|.4$..q

D (3215) mbedtls: ssl_tls12_client.c:2047 0x3ffc65bc: 0080:  cf 41 db 59 9c 3e 33 a6 f1 65 a0 7f 5e 4c d7 ca  .A.Y.>3..e..^L..

D (3215) mbedtls: ssl_tls12_client.c:2047 0x3ffc65bc: 0090:  ab a0 88 4e e9 ab 25 12 59 08 1e 5c 71 4d 8e cd  ...N..%.Y..\qM..

D (3215) mbedtls: ssl_tls12_client.c:2047 0x3ffc65bc: 00a0:  7e 1a 6b d4 5f 42 38 d3 5b d0 93 60 32 2a d9 52  ~.k._B8.[..`2*.R

D (3215) mbedtls: ssl_tls12_client.c:2047 0x3ffc65bc: 00b0:  cf 60 50 b2 44 14 44 5d 35 b9 59 19 a8 f7 29 51  .`P.D.D]5.Y...)Q

D (3215) mbedtls: ssl_tls12_client.c:2047 0x3ffc65bc: 00c0:  fe 5a 5e 48 73 fc 38 6b 78 37 ee c1 a8 78 73 bc  .Z^Hs.8kx7...xs.

D (3215) mbedtls: ssl_tls12_client.c:2047 0x3ffc65bc: 00d0:  4d c0 79 45 53 5a f7 0d fa 54 0b d7 a5 75 fa 29  M.yESZ...T...u.)

D (3215) mbedtls: ssl_tls12_client.c:2047 0x3ffc65bc: 00e0:  1a f3 0f 50 7e 67 29 6c 9f e7 27 25 d2 30 ba af  ...P~g)l..'%.0..

D (3215) mbedtls: ssl_tls12_client.c:2047 0x3ffc65bc: 00f0:  f8 30 62 86 d2 b0 84 05 7d 92 e0 25 c7 11 e8 bc  .0b.....}..%....

D (3215) mbedtls: ssl_tls.c:8082 0x3ffc65bc: Perform PSA-based computation of digest of ServerKeyExchange

D (3215) mbedtls: ssl_tls12_client.c:2064 0x3ffc65bc: dumping 'parameters hash' (64 bytes)

D (3215) mbedtls: ssl_tls12_client.c:2064 0x3ffc65bc: 0000:  e9 41 5a 08 85 e5 c1 de a3 55 e6 97 db 7f 50 58  .AZ......U....PX

D (3215) mbedtls: ssl_tls12_client.c:2064 0x3ffc65bc: 0010:  74 24 a1 29 6c 6f c9 ba c0 5e dc e8 b6 b0 5f 1d  t$.)lo...^...._.

D (3215) mbedtls: ssl_tls12_client.c:2064 0x3ffc65bc: 0020:  5a 50 38 d1 32 29 a4 89 23 a7 7f 3e cd 03 65 1e  ZP8.2)..#..>..e.

D (3215) mbedtls: ssl_tls12_client.c:2064 0x3ffc65bc: 0030:  26 67 6d 70 47 95 ad a4 79 ad 45 ca 25 8c 1f 46  &gmpG...y.E.%..F

D (3225) mbedtls: ssl_misc.h:1295 0x3ffc65bc: handshake state: 4 (MBEDTLS_SSL_SERVER_KEY_EXCHANGE) -> 5 (MBEDTLS_SSL_CERTIFICATE_REQUEST)

I (3225) mbedtls: ssl_tls12_client.c:2118 0x3ffc65bc: <= parse server key exchange

I (3225) mbedtls: ssl_msg.c:2063 0x3ffc65bc: => flush output

I (3225) mbedtls: ssl_msg.c:2072 0x3ffc65bc: <= flush output

I (3225) mbedtls: ssl_tls.c:4201 0x3ffc65bc: client state: MBEDTLS_SSL_CERTIFICATE_REQUEST

I (3225) mbedtls: ssl_tls12_client.c:2157 0x3ffc65bc: => parse certificate request

I (3225) mbedtls: ssl_msg.c:4040 0x3ffc65bc: => read record

I (3225) mbedtls: ssl_msg.c:1865 0x3ffc65bc: => fetch input

I (3225) mbedtls: ssl_msg.c:2005 0x3ffc65bc: in_left: 0, nb_want: 5

I (3225) mbedtls: ssl_msg.c:2025 0x3ffc65bc: in_left: 0, nb_want: 5

I (3225) mbedtls: ssl_msg.c:2028 0x3ffc65bc: ssl->f_recv(_timeout)() returned 5 (-0xfffffffb)

I (3235) mbedtls: ssl_msg.c:2050 0x3ffc65bc: <= fetch input

D (3235) mbedtls: ssl_msg.c:3707 0x3ffc65bc: input record: msgtype = 22, version = [0x303], msglen = 4

I (3235) mbedtls: ssl_msg.c:1865 0x3ffc65bc: => fetch input

I (3235) mbedtls: ssl_msg.c:2005 0x3ffc65bc: in_left: 5, nb_want: 9

I (3235) mbedtls: ssl_msg.c:2025 0x3ffc65bc: in_left: 5, nb_want: 9

I (3235) mbedtls: ssl_msg.c:2028 0x3ffc65bc: ssl->f_recv(_timeout)() returned 4 (-0xfffffffc)

I (3235) mbedtls: ssl_msg.c:2050 0x3ffc65bc: <= fetch input

D (3235) mbedtls: ssl_msg.c:2948 0x3ffc65bc: handshake message: msglen = 4, type = 14, hslen = 4

D (3235) mbedtls: ssl_msg.c:3085 0x3ffc65bc: sole handshake fragment: 4, 0..4 of 4

I (3235) mbedtls: ssl_msg.c:4112 0x3ffc65bc: <= read record

D (3235) mbedtls: ssl_misc.h:1295 0x3ffc65bc: handshake state: 5 (MBEDTLS_SSL_CERTIFICATE_REQUEST) -> 6 (MBEDTLS_SSL_SERVER_HELLO_DONE)

D (3235) mbedtls: ssl_tls12_client.c:2183 0x3ffc65bc: got no certificate request

I (3235) mbedtls: ssl_tls12_client.c:2319 0x3ffc65bc: <= parse certificate request

I (3235) mbedtls: ssl_msg.c:2063 0x3ffc65bc: => flush output

I (3235) mbedtls: ssl_msg.c:2072 0x3ffc65bc: <= flush output

I (3235) mbedtls: ssl_tls.c:4201 0x3ffc65bc: client state: MBEDTLS_SSL_SERVER_HELLO_DONE

I (3235) mbedtls: ssl_tls12_client.c:2330 0x3ffc65bc: => parse server hello done

I (3235) mbedtls: ssl_msg.c:4040 0x3ffc65bc: => read record

I (3235) mbedtls: ssl_msg.c:4108 0x3ffc65bc: reuse previously read message

I (3235) mbedtls: ssl_msg.c:4112 0x3ffc65bc: <= read record

D (3235) mbedtls: ssl_misc.h:1295 0x3ffc65bc: handshake state: 6 (MBEDTLS_SSL_SERVER_HELLO_DONE) -> 7 (MBEDTLS_SSL_CLIENT_CERTIFICATE)

I (3235) mbedtls: ssl_tls12_client.c:2358 0x3ffc65bc: <= parse server hello done

I (3235) mbedtls: ssl_msg.c:2063 0x3ffc65bc: => flush output

I (3235) mbedtls: ssl_msg.c:2072 0x3ffc65bc: <= flush output

I (3235) mbedtls: ssl_tls.c:4201 0x3ffc65bc: client state: MBEDTLS_SSL_CLIENT_CERTIFICATE

I (3235) mbedtls: ssl_tls.c:6675 0x3ffc65bc: => write certificate

I (3235) mbedtls: ssl_tls.c:6686 0x3ffc65bc: <= skip write certificate

D (3235) mbedtls: ssl_misc.h:1295 0x3ffc65bc: handshake state: 7 (MBEDTLS_SSL_CLIENT_CERTIFICATE) -> 8 (MBEDTLS_SSL_CLIENT_KEY_EXCHANGE)

I (3235) mbedtls: ssl_msg.c:2063 0x3ffc65bc: => flush output

I (3235) mbedtls: ssl_msg.c:2072 0x3ffc65bc: <= flush output

I (3235) mbedtls: ssl_tls.c:4201 0x3ffc65bc: client state: MBEDTLS_SSL_CLIENT_KEY_EXCHANGE

I (3235) mbedtls: ssl_tls12_client.c:2373 0x3ffc65bc: => write client key exchange

D (3235) mbedtls: ssl_tls12_client.c:2387 0x3ffc65bc: Perform PSA-based ECDH computation.

[mem-tick] t=    1670 ms phase=handshake    free=197752
[mem-tick] t=    1770 ms phase=handshake    free=197432
D (3375) mbedtls: ssl_misc.h:1295 0x3ffc65bc: handshake state: 8 (MBEDTLS_SSL_CLIENT_KEY_EXCHANGE) -> 9 (MBEDTLS_SSL_CERTIFICATE_VERIFY)

I (3375) mbedtls: ssl_msg.c:2494 0x3ffc65bc: => write handshake message

I (3375) mbedtls: ssl_msg.c:2654 0x3ffc65bc: => write record

D (3375) mbedtls: ssl_msg.c:2737 0x3ffc65bc: output record: msgtype = 22, version = [3:3], msglen = 37

I (3375) mbedtls: ssl_msg.c:2063 0x3ffc65bc: => flush output

I (3375) mbedtls: ssl_msg.c:2077 0x3ffc65bc: message length: 42, out_left: 42

I (3375) mbedtls: ssl_msg.c:2084 0x3ffc65bc: ssl->f_send() returned 42 (-0xffffffd6)

I (3375) mbedtls: ssl_msg.c:2111 0x3ffc65bc: <= flush output

I (3375) mbedtls: ssl_msg.c:2790 0x3ffc65bc: <= write record

I (3375) mbedtls: ssl_msg.c:2615 0x3ffc65bc: <= write handshake message

I (3375) mbedtls: ssl_tls12_client.c:2653 0x3ffc65bc: <= write client key exchange

I (3375) mbedtls: ssl_msg.c:2063 0x3ffc65bc: => flush output

I (3375) mbedtls: ssl_msg.c:2072 0x3ffc65bc: <= flush output

I (3375) mbedtls: ssl_tls.c:4201 0x3ffc65bc: client state: MBEDTLS_SSL_CERTIFICATE_VERIFY

I (3375) mbedtls: ssl_tls12_client.c:2701 0x3ffc65bc: => write certificate verify

I (3375) mbedtls: ssl_tls.c:6466 0x3ffc65bc: => derive keys

I (3375) mbedtls: ssl_tls.c:6557 0x3ffc65bc: => PSA calc verify

D (3375) mbedtls: ssl_tls.c:6568 0x3ffc65bc: dumping 'PSA calculated verify result' (48 bytes)

D (3375) mbedtls: ssl_tls.c:6568 0x3ffc65bc: 0000:  9f 7e 82 36 65 bb b0 ac 3a 75 30 ea 0e 62 01 8e  .~.6e...:u0..b..

D (3375) mbedtls: ssl_tls.c:6568 0x3ffc65bc: 0010:  15 0f cf 8b 71 ae 66 bc 98 8a 6e 8e 83 34 12 85  ....q.f...n..4..

D (3375) mbedtls: ssl_tls.c:6568 0x3ffc65bc: 0020:  fd 3c a7 e9 c4 16 42 b8 ce 7a 60 3a f7 32 1b df  .<....B..z`:.2..

I (3375) mbedtls: ssl_tls.c:6569 0x3ffc65bc: <= PSA calc verify

D (3375) mbedtls: ssl_tls.c:6308 0x3ffc65bc: dumping 'session hash for extended master secret' (48 bytes)

D (3375) mbedtls: ssl_tls.c:6308 0x3ffc65bc: 0000:  9f 7e 82 36 65 bb b0 ac 3a 75 30 ea 0e 62 01 8e  .~.6e...:u0..b..

D (3375) mbedtls: ssl_tls.c:6308 0x3ffc65bc: 0010:  15 0f cf 8b 71 ae 66 bc 98 8a 6e 8e 83 34 12 85  ....q.f...n..4..

D (3375) mbedtls: ssl_tls.c:6308 0x3ffc65bc: 0020:  fd 3c a7 e9 c4 16 42 b8 ce 7a 60 3a f7 32 1b df  .<....B..z`:.2..

D (3375) mbedtls: ssl_tls.c:6449 0x3ffc65bc: dumping 'premaster secret' (32 bytes)

D (3375) mbedtls: ssl_tls.c:6449 0x3ffc65bc: 0000:  93 be 65 b5 88 1d 88 9a 10 44 2a be 6b 6d e7 5c  ..e......D*.km.\

D (3375) mbedtls: ssl_tls.c:6449 0x3ffc65bc: 0010:  9d bc 1b 28 24 7e 8d e1 75 66 77 f5 ed 5b 5f 6b  ...($~..ufw..[_k

D (3375) mbedtls: ssl_tls.c:7762 0x3ffc65bc: ciphersuite = TLS-ECDHE-RSA-WITH-AES-256-GCM-SHA384

D (3375) mbedtls: ssl_tls.c:7764 0x3ffc65bc: dumping 'master secret' (48 bytes)

D (3375) mbedtls: ssl_tls.c:7764 0x3ffc65bc: 0000:  72 8c 78 37 80 f7 64 6b c1 be f3 a2 0f d8 b1 27  r.x7..dk.......'

D (3375) mbedtls: ssl_tls.c:7764 0x3ffc65bc: 0010:  c1 08 9c 9c 30 1d 72 7e b8 72 78 07 5c ad ed 43  ....0.r~.rx.\..C

D (3375) mbedtls: ssl_tls.c:7764 0x3ffc65bc: 0020:  63 fd ff ca ed f2 20 78 98 c8 f7 6e 29 1c bb 85  c..... x...n)...

D (3375) mbedtls: ssl_tls.c:7855 0x3ffc65bc: keylen: 32, minlen: 24, ivlen: 12, maclen: 0

I (3385) mbedtls: ssl_tls.c:6517 0x3ffc65bc: <= derive keys

I (3385) mbedtls: ssl_tls12_client.c:2723 0x3ffc65bc: <= skip write certificate verify

D (3385) mbedtls: ssl_misc.h:1295 0x3ffc65bc: handshake state: 9 (MBEDTLS_SSL_CERTIFICATE_VERIFY) -> 10 (MBEDTLS_SSL_CLIENT_CHANGE_CIPHER_SPEC)

I (3385) mbedtls: ssl_msg.c:2063 0x3ffc65bc: => flush output

I (3385) mbedtls: ssl_msg.c:2072 0x3ffc65bc: <= flush output

I (3385) mbedtls: ssl_tls.c:4201 0x3ffc65bc: client state: MBEDTLS_SSL_CLIENT_CHANGE_CIPHER_SPEC

I (3385) mbedtls: ssl_msg.c:5087 0x3ffc65bc: => write change cipher spec

D (3385) mbedtls: ssl_misc.h:1295 0x3ffc65bc: handshake state: 10 (MBEDTLS_SSL_CLIENT_CHANGE_CIPHER_SPEC) -> 11 (MBEDTLS_SSL_CLIENT_FINISHED)

I (3385) mbedtls: ssl_msg.c:2494 0x3ffc65bc: => write handshake message

I (3385) mbedtls: ssl_msg.c:2654 0x3ffc65bc: => write record

D (3385) mbedtls: ssl_msg.c:2737 0x3ffc65bc: output record: msgtype = 20, version = [3:3], msglen = 1

I (3385) mbedtls: ssl_msg.c:2063 0x3ffc65bc: => flush output

I (3385) mbedtls: ssl_msg.c:2077 0x3ffc65bc: message length: 6, out_left: 6

I (3385) mbedtls: ssl_msg.c:2084 0x3ffc65bc: ssl->f_send() returned 6 (-0xfffffffa)

I (3385) mbedtls: ssl_msg.c:2111 0x3ffc65bc: <= flush output

I (3385) mbedtls: ssl_msg.c:2790 0x3ffc65bc: <= write record

I (3385) mbedtls: ssl_msg.c:2615 0x3ffc65bc: <= write handshake message

I (3385) mbedtls: ssl_msg.c:5100 0x3ffc65bc: <= write change cipher spec

I (3385) mbedtls: ssl_msg.c:2063 0x3ffc65bc: => flush output

I (3385) mbedtls: ssl_msg.c:2072 0x3ffc65bc: <= flush output

I (3385) mbedtls: ssl_tls.c:4201 0x3ffc65bc: client state: MBEDTLS_SSL_CLIENT_FINISHED

I (3385) mbedtls: ssl_tls.c:7384 0x3ffc65bc: => write finished

I (3385) mbedtls: ssl_tls.c:7235 0x3ffc65bc: => calc PSA finished tls

D (3385) mbedtls: ssl_tls.c:7246 0x3ffc65bc: dumping 'PSA calculated padbuf' (48 bytes)

D (3385) mbedtls: ssl_tls.c:7246 0x3ffc65bc: 0000:  9f 7e 82 36 65 bb b0 ac 3a 75 30 ea 0e 62 01 8e  .~.6e...:u0..b..

D (3385) mbedtls: ssl_tls.c:7246 0x3ffc65bc: 0010:  15 0f cf 8b 71 ae 66 bc 98 8a 6e 8e 83 34 12 85  ....q.f...n..4..

D (3385) mbedtls: ssl_tls.c:7246 0x3ffc65bc: 0020:  fd 3c a7 e9 c4 16 42 b8 ce 7a 60 3a f7 32 1b df  .<....B..z`:.2..

D (3385) mbedtls: ssl_tls.c:7258 0x3ffc65bc: dumping 'calc finished result' (12 bytes)

D (3385) mbedtls: ssl_tls.c:7258 0x3ffc65bc: 0000:  8c 6e 12 92 1a f4 b5 62 e9 b9 e7 f6              .n.....b....

I (3385) mbedtls: ssl_tls.c:7262 0x3ffc65bc: <= calc finished

D (3385) mbedtls: ssl_misc.h:1295 0x3ffc65bc: handshake state: 11 (MBEDTLS_SSL_CLIENT_FINISHED) -> 12 (MBEDTLS_SSL_SERVER_CHANGE_CIPHER_SPEC)

D (3385) mbedtls: ssl_tls.c:7434 0x3ffc65bc: switching to new transform spec for outbound data

I (3385) mbedtls: ssl_msg.c:2494 0x3ffc65bc: => write handshake message

I (3385) mbedtls: ssl_msg.c:2654 0x3ffc65bc: => write record

I (3385) mbedtls: ssl_msg.c:808 0x3ffc65bc: => encrypt buf

D (3385) mbedtls: ssl_msg.c:1036 0x3ffc65bc: before encrypt: msglen = 16, including 0 bytes of padding

I (3385) mbedtls: ssl_msg.c:1265 0x3ffc65bc: <= encrypt buf

D (3385) mbedtls: ssl_msg.c:2737 0x3ffc65bc: output record: msgtype = 22, version = [3:3], msglen = 40

I (3385) mbedtls: ssl_msg.c:2063 0x3ffc65bc: => flush output

I (3385) mbedtls: ssl_msg.c:2077 0x3ffc65bc: message length: 45, out_left: 45

I (3385) mbedtls: ssl_msg.c:2084 0x3ffc65bc: ssl->f_send() returned 45 (-0xffffffd3)

I (3385) mbedtls: ssl_msg.c:2111 0x3ffc65bc: <= flush output

I (3385) mbedtls: ssl_msg.c:2790 0x3ffc65bc: <= write record

I (3385) mbedtls: ssl_msg.c:2615 0x3ffc65bc: <= write handshake message

I (3385) mbedtls: ssl_tls.c:7487 0x3ffc65bc: <= write finished

I (3385) mbedtls: ssl_msg.c:2063 0x3ffc65bc: => flush output

I (3395) mbedtls: ssl_msg.c:2072 0x3ffc65bc: <= flush output

I (3395) mbedtls: ssl_tls.c:4201 0x3ffc65bc: client state: MBEDTLS_SSL_SERVER_CHANGE_CIPHER_SPEC

D (3395) mbedtls: ssl_misc.h:1295 0x3ffc65bc: handshake state: 12 (MBEDTLS_SSL_SERVER_CHANGE_CIPHER_SPEC) -> 16 (MBEDTLS_SSL_NEW_SESSION_TICKET)

I (3395) mbedtls: ssl_tls12_client.c:2829 0x3ffc65bc: => parse new session ticket

I (3395) mbedtls: ssl_msg.c:4040 0x3ffc65bc: => read record

I (3395) mbedtls: ssl_msg.c:1865 0x3ffc65bc: => fetch input

I (3395) mbedtls: ssl_msg.c:2005 0x3ffc65bc: in_left: 0, nb_want: 5

I (3395) mbedtls: ssl_msg.c:2025 0x3ffc65bc: in_left: 0, nb_want: 5

I (3395) mbedtls: ssl_msg.c:2028 0x3ffc65bc: ssl->f_recv(_timeout)() returned 5 (-0xfffffffb)

I (3395) mbedtls: ssl_msg.c:2050 0x3ffc65bc: <= fetch input

D (3395) mbedtls: ssl_msg.c:3707 0x3ffc65bc: input record: msgtype = 22, version = [0x303], msglen = 186

I (3395) mbedtls: ssl_msg.c:1865 0x3ffc65bc: => fetch input

I (3395) mbedtls: ssl_msg.c:2005 0x3ffc65bc: in_left: 5, nb_want: 191

I (3395) mbedtls: ssl_msg.c:2025 0x3ffc65bc: in_left: 5, nb_want: 191

I (3395) mbedtls: ssl_msg.c:2028 0x3ffc65bc: ssl->f_recv(_timeout)() returned 186 (-0xffffff46)

I (3395) mbedtls: ssl_msg.c:2050 0x3ffc65bc: <= fetch input

D (3395) mbedtls: ssl_msg.c:2948 0x3ffc65bc: handshake message: msglen = 186, type = 4, hslen = 186

D (3395) mbedtls: ssl_msg.c:3085 0x3ffc65bc: sole handshake fragment: 186, 0..186 of 186

I (3395) mbedtls: ssl_msg.c:4112 0x3ffc65bc: <= read record

D (3395) mbedtls: ssl_tls12_client.c:2876 0x3ffc65bc: ticket length: 176

D (3395) mbedtls: ssl_misc.h:1295 0x3ffc65bc: handshake state: 16 (MBEDTLS_SSL_NEW_SESSION_TICKET) -> 12 (MBEDTLS_SSL_SERVER_CHANGE_CIPHER_SPEC)

D (3395) mbedtls: ssl_tls12_client.c:2920 0x3ffc65bc: ticket in use, discarding session id

I (3395) mbedtls: ssl_tls12_client.c:2923 0x3ffc65bc: <= parse new session ticket

I (3395) mbedtls: ssl_msg.c:2063 0x3ffc65bc: => flush output

I (3395) mbedtls: ssl_msg.c:2072 0x3ffc65bc: <= flush output

I (3395) mbedtls: ssl_tls.c:4201 0x3ffc65bc: client state: MBEDTLS_SSL_SERVER_CHANGE_CIPHER_SPEC

I (3395) mbedtls: ssl_msg.c:5109 0x3ffc65bc: => parse change cipher spec

I (3395) mbedtls: ssl_msg.c:4040 0x3ffc65bc: => read record

I (3395) mbedtls: ssl_msg.c:1865 0x3ffc65bc: => fetch input

I (3395) mbedtls: ssl_msg.c:2005 0x3ffc65bc: in_left: 0, nb_want: 5

I (3395) mbedtls: ssl_msg.c:2025 0x3ffc65bc: in_left: 0, nb_want: 5

I (3395) mbedtls: ssl_msg.c:2028 0x3ffc65bc: ssl->f_recv(_timeout)() returned 5 (-0xfffffffb)

I (3395) mbedtls: ssl_msg.c:2050 0x3ffc65bc: <= fetch input

D (3395) mbedtls: ssl_msg.c:3707 0x3ffc65bc: input record: msgtype = 20, version = [0x303], msglen = 1

I (3395) mbedtls: ssl_msg.c:1865 0x3ffc65bc: => fetch input

I (3395) mbedtls: ssl_msg.c:2005 0x3ffc65bc: in_left: 5, nb_want: 6

I (3395) mbedtls: ssl_msg.c:2025 0x3ffc65bc: in_left: 5, nb_want: 6

I (3395) mbedtls: ssl_msg.c:2028 0x3ffc65bc: ssl->f_recv(_timeout)() returned 1 (-0xffffffff)

I (3395) mbedtls: ssl_msg.c:2050 0x3ffc65bc: <= fetch input

I (3395) mbedtls: ssl_msg.c:4112 0x3ffc65bc: <= read record

D (3395) mbedtls: ssl_msg.c:5130 0x3ffc65bc: switching to new transform spec for inbound data

D (3395) mbedtls: ssl_misc.h:1295 0x3ffc65bc: handshake state: 12 (MBEDTLS_SSL_SERVER_CHANGE_CIPHER_SPEC) -> 13 (MBEDTLS_SSL_SERVER_FINISHED)

I (3395) mbedtls: ssl_msg.c:5157 0x3ffc65bc: <= parse change cipher spec

I (3395) mbedtls: ssl_msg.c:2063 0x3ffc65bc: => flush output

I (3395) mbedtls: ssl_msg.c:2072 0x3ffc65bc: <= flush output

I (3395) mbedtls: ssl_tls.c:4201 0x3ffc65bc: client state: MBEDTLS_SSL_SERVER_FINISHED

I (3395) mbedtls: ssl_tls.c:7500 0x3ffc65bc: => parse finished

I (3395) mbedtls: ssl_tls.c:7235 0x3ffc65bc: => calc PSA finished tls

D (3395) mbedtls: ssl_tls.c:7246 0x3ffc65bc: dumping 'PSA calculated padbuf' (48 bytes)

D (3395) mbedtls: ssl_tls.c:7246 0x3ffc65bc: 0000:  ad d5 2f 94 70 60 ea 5b b0 7e 13 67 7a a6 68 79  ../.p`.[.~.gz.hy

D (3395) mbedtls: ssl_tls.c:7246 0x3ffc65bc: 0010:  eb f4 d8 8e c7 d3 cd 0f c5 e3 0a f2 ad b9 c9 5b  ...............[

D (3395) mbedtls: ssl_tls.c:7246 0x3ffc65bc: 0020:  36 17 38 b8 16 b1 e4 b1 0b 5e 95 e2 8e b1 aa 35  6.8......^.....5

D (3395) mbedtls: ssl_tls.c:7258 0x3ffc65bc: dumping 'calc finished result' (12 bytes)

D (3395) mbedtls: ssl_tls.c:7258 0x3ffc65bc: 0000:  e5 43 40 de 34 ec b6 56 c0 85 5c 42              .C@.4..V..\B

I (3395) mbedtls: ssl_tls.c:7262 0x3ffc65bc: <= calc finished

I (3395) mbedtls: ssl_msg.c:4040 0x3ffc65bc: => read record

I (3395) mbedtls: ssl_msg.c:1865 0x3ffc65bc: => fetch input

I (3395) mbedtls: ssl_msg.c:2005 0x3ffc65bc: in_left: 0, nb_want: 5

I (3395) mbedtls: ssl_msg.c:2025 0x3ffc65bc: in_left: 0, nb_want: 5

I (3395) mbedtls: ssl_msg.c:2028 0x3ffc65bc: ssl->f_recv(_timeout)() returned 5 (-0xfffffffb)

I (3395) mbedtls: ssl_msg.c:2050 0x3ffc65bc: <= fetch input

D (3395) mbedtls: ssl_msg.c:3707 0x3ffc65bc: input record: msgtype = 22, version = [0x303], msglen = 40

I (3395) mbedtls: ssl_msg.c:1865 0x3ffc65bc: => fetch input

I (3395) mbedtls: ssl_msg.c:2005 0x3ffc65bc: in_left: 5, nb_want: 45

I (3395) mbedtls: ssl_msg.c:2025 0x3ffc65bc: in_left: 5, nb_want: 45

I (3395) mbedtls: ssl_msg.c:2028 0x3ffc65bc: ssl->f_recv(_timeout)() returned 40 (-0xffffffd8)

I (3395) mbedtls: ssl_msg.c:2050 0x3ffc65bc: <= fetch input

I (3395) mbedtls: ssl_msg.c:1301 0x3ffc65bc: => decrypt buf

I (3405) mbedtls: ssl_msg.c:1831 0x3ffc65bc: <= decrypt buf

D (3405) mbedtls: ssl_msg.c:2948 0x3ffc65bc: handshake message: msglen = 16, type = 20, hslen = 16

D (3405) mbedtls: ssl_msg.c:3085 0x3ffc65bc: sole handshake fragment: 16, 0..16 of 16

I (3405) mbedtls: ssl_msg.c:4112 0x3ffc65bc: <= read record

D (3405) mbedtls: ssl_misc.h:1295 0x3ffc65bc: handshake state: 13 (MBEDTLS_SSL_SERVER_FINISHED) -> 14 (MBEDTLS_SSL_FLUSH_BUFFERS)

I (3405) mbedtls: ssl_tls.c:7571 0x3ffc65bc: <= parse finished

I (3405) mbedtls: ssl_msg.c:2063 0x3ffc65bc: => flush output

I (3405) mbedtls: ssl_msg.c:2072 0x3ffc65bc: <= flush output

I (3405) mbedtls: ssl_tls.c:4201 0x3ffc65bc: client state: MBEDTLS_SSL_FLUSH_BUFFERS

I (3405) mbedtls: ssl_tls12_client.c:3031 0x3ffc65bc: handshake: done

D (3405) mbedtls: ssl_misc.h:1295 0x3ffc65bc: handshake state: 14 (MBEDTLS_SSL_FLUSH_BUFFERS) -> 15 (MBEDTLS_SSL_HANDSHAKE_WRAPUP)

I (3405) mbedtls: ssl_msg.c:2063 0x3ffc65bc: => flush output

I (3405) mbedtls: ssl_msg.c:2072 0x3ffc65bc: <= flush output

I (3405) mbedtls: ssl_tls.c:4201 0x3ffc65bc: client state: MBEDTLS_SSL_HANDSHAKE_WRAPUP

D (3405) mbedtls: ssl_tls.c:7322 0x3ffc65bc: => handshake wrapup

D (3405) mbedtls: ssl_tls.c:7296 0x3ffc65bc: => handshake wrapup: final free

D (3405) mbedtls: ssl_tls.c:7315 0x3ffc65bc: <= handshake wrapup: final free

D (3405) mbedtls: ssl_misc.h:1295 0x3ffc65bc: handshake state: 15 (MBEDTLS_SSL_HANDSHAKE_WRAPUP) -> 27 (MBEDTLS_SSL_HANDSHAKE_OVER)

D (3405) mbedtls: ssl_tls.c:7376 0x3ffc65bc: <= handshake wrapup

I (3405) mbedtls: ssl_tls.c:4293 0x3ffc65bc: <= handshake

[phase-a] tcp_connect=1642 us | tls_handshake=260802 us | total=262444 us
[neg] version=TLSv1.2 suite=TLS-ECDHE-RSA-WITH-AES-256-GCM-SHA384 peer_cert=0 bytes
[mem] post-handshake         free=200968 largest=110592 min-ever=191248
[ledger] HANDSHAKE_PEAK_DELTA(RSA) = 33072 bytes (min-ever 224320 -> 191248)
I (3405) mbedtls: ssl_msg.c:5925 0x3ffc65bc: => write

I (3405) mbedtls: ssl_msg.c:2654 0x3ffc65bc: => write record

I (3405) mbedtls: ssl_msg.c:808 0x3ffc65bc: => encrypt buf

D (3405) mbedtls: ssl_msg.c:1036 0x3ffc65bc: before encrypt: msglen = 14, including 0 bytes of padding

I (3405) mbedtls: ssl_msg.c:1265 0x3ffc65bc: <= encrypt buf

D (3405) mbedtls: ssl_msg.c:2737 0x3ffc65bc: output record: msgtype = 23, version = [3:3], msglen = 38

I (3405) mbedtls: ssl_msg.c:2063 0x3ffc65bc: => flush output

I (3405) mbedtls: ssl_msg.c:2077 0x3ffc65bc: message length: 43, out_left: 43

I (3405) mbedtls: ssl_msg.c:2084 0x3ffc65bc: ssl->f_send() returned 43 (-0xffffffd5)

I (3405) mbedtls: ssl_msg.c:2111 0x3ffc65bc: <= flush output

I (3405) mbedtls: ssl_msg.c:2790 0x3ffc65bc: <= write record

I (3405) mbedtls: ssl_msg.c:5947 0x3ffc65bc: <= write

I (3405) mbedtls: ssl_msg.c:5663 0x3ffc65bc: => read

I (3405) mbedtls: ssl_msg.c:4040 0x3ffc65bc: => read record

I (3405) mbedtls: ssl_msg.c:1865 0x3ffc65bc: => fetch input

I (3405) mbedtls: ssl_msg.c:2005 0x3ffc65bc: in_left: 0, nb_want: 5

I (3405) mbedtls: ssl_msg.c:2025 0x3ffc65bc: in_left: 0, nb_want: 5

I (3405) mbedtls: ssl_msg.c:2028 0x3ffc65bc: ssl->f_recv(_timeout)() returned 5 (-0xfffffffb)

I (3405) mbedtls: ssl_msg.c:2050 0x3ffc65bc: <= fetch input

D (3405) mbedtls: ssl_msg.c:3707 0x3ffc65bc: input record: msgtype = 23, version = [0x303], msglen = 38

I (3405) mbedtls: ssl_msg.c:1865 0x3ffc65bc: => fetch input

I (3405) mbedtls: ssl_msg.c:2005 0x3ffc65bc: in_left: 5, nb_want: 43

I (3405) mbedtls: ssl_msg.c:2025 0x3ffc65bc: in_left: 5, nb_want: 43

I (3405) mbedtls: ssl_msg.c:2028 0x3ffc65bc: ssl->f_recv(_timeout)() returned 38 (-0xffffffda)

I (3405) mbedtls: ssl_msg.c:2050 0x3ffc65bc: <= fetch input

I (3405) mbedtls: ssl_msg.c:1301 0x3ffc65bc: => decrypt buf

I (3405) mbedtls: ssl_msg.c:1831 0x3ffc65bc: <= decrypt buf

I (3405) mbedtls: ssl_msg.c:4112 0x3ffc65bc: <= read record

I (3405) mbedtls: ssl_msg.c:5823 0x3ffc65bc: <= read

[phase-a] app-echo #0 rtt=5408 us payload=14 B
I (3405) mbedtls: ssl_msg.c:5925 0x3ffc65bc: => write

I (3415) mbedtls: ssl_msg.c:2654 0x3ffc65bc: => write record

I (3415) mbedtls: ssl_msg.c:808 0x3ffc65bc: => encrypt buf

D (3415) mbedtls: ssl_msg.c:1036 0x3ffc65bc: before encrypt: msglen = 14, including 0 bytes of padding

I (3415) mbedtls: ssl_msg.c:1265 0x3ffc65bc: <= encrypt buf

D (3415) mbedtls: ssl_msg.c:2737 0x3ffc65bc: output record: msgtype = 23, version = [3:3], msglen = 38

I (3415) mbedtls: ssl_msg.c:2063 0x3ffc65bc: => flush output

I (3415) mbedtls: ssl_msg.c:2077 0x3ffc65bc: message length: 43, out_left: 43

I (3415) mbedtls: ssl_msg.c:2084 0x3ffc65bc: ssl->f_send() returned 43 (-0xffffffd5)

I (3415) mbedtls: ssl_msg.c:2111 0x3ffc65bc: <= flush output

I (3415) mbedtls: ssl_msg.c:2790 0x3ffc65bc: <= write record

I (3415) mbedtls: ssl_msg.c:5947 0x3ffc65bc: <= write

I (3415) mbedtls: ssl_msg.c:5663 0x3ffc65bc: => read

I (3415) mbedtls: ssl_msg.c:4040 0x3ffc65bc: => read record

I (3415) mbedtls: ssl_msg.c:1865 0x3ffc65bc: => fetch input

I (3415) mbedtls: ssl_msg.c:2005 0x3ffc65bc: in_left: 0, nb_want: 5

I (3415) mbedtls: ssl_msg.c:2025 0x3ffc65bc: in_left: 0, nb_want: 5

I (3415) mbedtls: ssl_msg.c:2028 0x3ffc65bc: ssl->f_recv(_timeout)() returned 5 (-0xfffffffb)

I (3415) mbedtls: ssl_msg.c:2050 0x3ffc65bc: <= fetch input

D (3415) mbedtls: ssl_msg.c:3707 0x3ffc65bc: input record: msgtype = 23, version = [0x303], msglen = 38

I (3415) mbedtls: ssl_msg.c:1865 0x3ffc65bc: => fetch input

I (3415) mbedtls: ssl_msg.c:2005 0x3ffc65bc: in_left: 5, nb_want: 43

I (3415) mbedtls: ssl_msg.c:2025 0x3ffc65bc: in_left: 5, nb_want: 43

I (3415) mbedtls: ssl_msg.c:2028 0x3ffc65bc: ssl->f_recv(_timeout)() returned 38 (-0xffffffda)

I (3415) mbedtls: ssl_msg.c:2050 0x3ffc65bc: <= fetch input

I (3415) mbedtls: ssl_msg.c:1301 0x3ffc65bc: => decrypt buf

I (3415) mbedtls: ssl_msg.c:1831 0x3ffc65bc: <= decrypt buf

I (3415) mbedtls: ssl_msg.c:4112 0x3ffc65bc: <= read record

I (3415) mbedtls: ssl_msg.c:5823 0x3ffc65bc: <= read

[phase-a] app-echo #1 rtt=4453 us payload=14 B
I (3415) mbedtls: ssl_msg.c:5925 0x3ffc65bc: => write

I (3415) mbedtls: ssl_msg.c:2654 0x3ffc65bc: => write record

I (3415) mbedtls: ssl_msg.c:808 0x3ffc65bc: => encrypt buf

D (3415) mbedtls: ssl_msg.c:1036 0x3ffc65bc: before encrypt: msglen = 14, including 0 bytes of padding

I (3415) mbedtls: ssl_msg.c:1265 0x3ffc65bc: <= encrypt buf

D (3415) mbedtls: ssl_msg.c:2737 0x3ffc65bc: output record: msgtype = 23, version = [3:3], msglen = 38

I (3415) mbedtls: ssl_msg.c:2063 0x3ffc65bc: => flush output

I (3415) mbedtls: ssl_msg.c:2077 0x3ffc65bc: message length: 43, out_left: 43

I (3415) mbedtls: ssl_msg.c:2084 0x3ffc65bc: ssl->f_send() returned 43 (-0xffffffd5)

I (3415) mbedtls: ssl_msg.c:2111 0x3ffc65bc: <= flush output

I (3415) mbedtls: ssl_msg.c:2790 0x3ffc65bc: <= write record

I (3415) mbedtls: ssl_msg.c:5947 0x3ffc65bc: <= write

I (3415) mbedtls: ssl_msg.c:5663 0x3ffc65bc: => read

I (3415) mbedtls: ssl_msg.c:4040 0x3ffc65bc: => read record

I (3415) mbedtls: ssl_msg.c:1865 0x3ffc65bc: => fetch input

I (3415) mbedtls: ssl_msg.c:2005 0x3ffc65bc: in_left: 0, nb_want: 5

I (3415) mbedtls: ssl_msg.c:2025 0x3ffc65bc: in_left: 0, nb_want: 5

I (3415) mbedtls: ssl_msg.c:2028 0x3ffc65bc: ssl->f_recv(_timeout)() returned 5 (-0xfffffffb)

I (3415) mbedtls: ssl_msg.c:2050 0x3ffc65bc: <= fetch input

D (3415) mbedtls: ssl_msg.c:3707 0x3ffc65bc: input record: msgtype = 23, version = [0x303], msglen = 38

I (3415) mbedtls: ssl_msg.c:1865 0x3ffc65bc: => fetch input

I (3415) mbedtls: ssl_msg.c:2005 0x3ffc65bc: in_left: 5, nb_want: 43

I (3415) mbedtls: ssl_msg.c:2025 0x3ffc65bc: in_left: 5, nb_want: 43

I (3415) mbedtls: ssl_msg.c:2028 0x3ffc65bc: ssl->f_recv(_timeout)() returned 38 (-0xffffffda)

I (3415) mbedtls: ssl_msg.c:2050 0x3ffc65bc: <= fetch input

I (3415) mbedtls: ssl_msg.c:1301 0x3ffc65bc: => decrypt buf

I (3415) mbedtls: ssl_msg.c:1831 0x3ffc65bc: <= decrypt buf

I (3415) mbedtls: ssl_msg.c:4112 0x3ffc65bc: <= read record

I (3415) mbedtls: ssl_msg.c:5823 0x3ffc65bc: <= read

[phase-a] app-echo #2 rtt=4184 us payload=14 B
I (3415) mbedtls: ssl_msg.c:5925 0x3ffc65bc: => write

I (3415) mbedtls: ssl_msg.c:2654 0x3ffc65bc: => write record

I (3415) mbedtls: ssl_msg.c:808 0x3ffc65bc: => encrypt buf

D (3415) mbedtls: ssl_msg.c:1036 0x3ffc65bc: before encrypt: msglen = 14, including 0 bytes of padding

I (3415) mbedtls: ssl_msg.c:1265 0x3ffc65bc: <= encrypt buf

D (3415) mbedtls: ssl_msg.c:2737 0x3ffc65bc: output record: msgtype = 23, version = [3:3], msglen = 38

I (3415) mbedtls: ssl_msg.c:2063 0x3ffc65bc: => flush output

I (3415) mbedtls: ssl_msg.c:2077 0x3ffc65bc: message length: 43, out_left: 43

I (3425) mbedtls: ssl_msg.c:2084 0x3ffc65bc: ssl->f_send() returned 43 (-0xffffffd5)

I (3425) mbedtls: ssl_msg.c:2111 0x3ffc65bc: <= flush output

I (3425) mbedtls: ssl_msg.c:2790 0x3ffc65bc: <= write record

I (3425) mbedtls: ssl_msg.c:5947 0x3ffc65bc: <= write

I (3425) mbedtls: ssl_msg.c:5663 0x3ffc65bc: => read

I (3425) mbedtls: ssl_msg.c:4040 0x3ffc65bc: => read record

I (3425) mbedtls: ssl_msg.c:1865 0x3ffc65bc: => fetch input

I (3425) mbedtls: ssl_msg.c:2005 0x3ffc65bc: in_left: 0, nb_want: 5

I (3425) mbedtls: ssl_msg.c:2025 0x3ffc65bc: in_left: 0, nb_want: 5

I (3425) mbedtls: ssl_msg.c:2028 0x3ffc65bc: ssl->f_recv(_timeout)() returned 5 (-0xfffffffb)

I (3425) mbedtls: ssl_msg.c:2050 0x3ffc65bc: <= fetch input

D (3425) mbedtls: ssl_msg.c:3707 0x3ffc65bc: input record: msgtype = 23, version = [0x303], msglen = 38

I (3425) mbedtls: ssl_msg.c:1865 0x3ffc65bc: => fetch input

I (3425) mbedtls: ssl_msg.c:2005 0x3ffc65bc: in_left: 5, nb_want: 43

I (3425) mbedtls: ssl_msg.c:2025 0x3ffc65bc: in_left: 5, nb_want: 43

I (3425) mbedtls: ssl_msg.c:2028 0x3ffc65bc: ssl->f_recv(_timeout)() returned 38 (-0xffffffda)

I (3425) mbedtls: ssl_msg.c:2050 0x3ffc65bc: <= fetch input

I (3425) mbedtls: ssl_msg.c:1301 0x3ffc65bc: => decrypt buf

I (3425) mbedtls: ssl_msg.c:1831 0x3ffc65bc: <= decrypt buf

I (3425) mbedtls: ssl_msg.c:4112 0x3ffc65bc: <= read record

I (3425) mbedtls: ssl_msg.c:5823 0x3ffc65bc: <= read

[phase-a] app-echo #3 rtt=4320 us payload=14 B
I (3425) mbedtls: ssl_msg.c:5925 0x3ffc65bc: => write

I (3425) mbedtls: ssl_msg.c:2654 0x3ffc65bc: => write record

I (3425) mbedtls: ssl_msg.c:808 0x3ffc65bc: => encrypt buf

D (3425) mbedtls: ssl_msg.c:1036 0x3ffc65bc: before encrypt: msglen = 14, including 0 bytes of padding

I (3425) mbedtls: ssl_msg.c:1265 0x3ffc65bc: <= encrypt buf

D (3425) mbedtls: ssl_msg.c:2737 0x3ffc65bc: output record: msgtype = 23, version = [3:3], msglen = 38

I (3425) mbedtls: ssl_msg.c:2063 0x3ffc65bc: => flush output

I (3425) mbedtls: ssl_msg.c:2077 0x3ffc65bc: message length: 43, out_left: 43

I (3425) mbedtls: ssl_msg.c:2084 0x3ffc65bc: ssl->f_send() returned 43 (-0xffffffd5)

I (3425) mbedtls: ssl_msg.c:2111 0x3ffc65bc: <= flush output

I (3425) mbedtls: ssl_msg.c:2790 0x3ffc65bc: <= write record

I (3425) mbedtls: ssl_msg.c:5947 0x3ffc65bc: <= write

I (3425) mbedtls: ssl_msg.c:5663 0x3ffc65bc: => read

I (3425) mbedtls: ssl_msg.c:4040 0x3ffc65bc: => read record

I (3425) mbedtls: ssl_msg.c:1865 0x3ffc65bc: => fetch input

I (3425) mbedtls: ssl_msg.c:2005 0x3ffc65bc: in_left: 0, nb_want: 5

I (3425) mbedtls: ssl_msg.c:2025 0x3ffc65bc: in_left: 0, nb_want: 5

I (3425) mbedtls: ssl_msg.c:2028 0x3ffc65bc: ssl->f_recv(_timeout)() returned 5 (-0xfffffffb)

I (3425) mbedtls: ssl_msg.c:2050 0x3ffc65bc: <= fetch input

D (3425) mbedtls: ssl_msg.c:3707 0x3ffc65bc: input record: msgtype = 23, version = [0x303], msglen = 38

I (3425) mbedtls: ssl_msg.c:1865 0x3ffc65bc: => fetch input

I (3425) mbedtls: ssl_msg.c:2005 0x3ffc65bc: in_left: 5, nb_want: 43

I (3425) mbedtls: ssl_msg.c:2025 0x3ffc65bc: in_left: 5, nb_want: 43

I (3425) mbedtls: ssl_msg.c:2028 0x3ffc65bc: ssl->f_recv(_timeout)() returned 38 (-0xffffffda)

I (3425) mbedtls: ssl_msg.c:2050 0x3ffc65bc: <= fetch input

I (3425) mbedtls: ssl_msg.c:1301 0x3ffc65bc: => decrypt buf

I (3425) mbedtls: ssl_msg.c:1831 0x3ffc65bc: <= decrypt buf

I (3425) mbedtls: ssl_msg.c:4112 0x3ffc65bc: <= read record

I (3425) mbedtls: ssl_msg.c:5823 0x3ffc65bc: <= read

[phase-a] app-echo #4 rtt=4051 us payload=14 B
[mem] post-session           free=200968 largest=110592 min-ever=191248
[mem-tick] t=    1870 ms phase=closing      free=226916
[mem-tick] t=    1970 ms phase=closing      free=226916
[mem-tick] t=    2070 ms phase=closing      free=226912
[mem-tick] t=    2170 ms phase=closing      free=226912
[mem-tick] t=    2270 ms phase=closing      free=226912
[ledger] CLOSED(RSA): free now=226912, before-this-phase=227952, retained=1040
[mem-tick] t=    2370 ms phase=RSA-settled  free=226912
[mem-tick] t=    2470 ms phase=RSA-settled  free=226912
[mem-tick] t=    2570 ms phase=RSA-settled  free=226912
[mem-tick] t=    2670 ms phase=RSA-settled  free=226912
[mem] settled                free=226912 largest=110592 min-ever=191248

===== PHASE A/B [EC] port=22444 =====
[mem-tick] t=    2770 ms phase=EC-baseline  free=226912
[mem-tick] t=    2870 ms phase=EC-baseline  free=226912
[mem-tick] t=    2970 ms phase=EC-baseline  free=226912
[mem] baseline               free=226912 largest=110592 min-ever=191248
W (4625) esp-tls-mbedtls: skip_common_name=true: hostname matching and SNI disabled. This disables ALL server-name authentication (CN/SAN/SNI), not just CN. Only intended for loopback / debug clients.
D (4625) esp-tls: handshake in progress...
I (4625) mbedtls: ssl_tls.c:4282 0x3ffc65bc: => handshake

I (4625) mbedtls: ssl_msg.c:2063 0x3ffc65bc: => flush output

I (4625) mbedtls: ssl_msg.c:2072 0x3ffc65bc: <= flush output

I (4625) mbedtls: ssl_tls.c:4201 0x3ffc65bc: client state: MBEDTLS_SSL_HELLO_REQUEST

D (4625) mbedtls: ssl_misc.h:1295 0x3ffc65bc: handshake state: 0 (MBEDTLS_SSL_HELLO_REQUEST) -> 1 (MBEDTLS_SSL_CLIENT_HELLO)

I (4625) mbedtls: ssl_msg.c:2063 0x3ffc65bc: => flush output

I (4625) mbedtls: ssl_msg.c:2072 0x3ffc65bc: <= flush output

I (4625) mbedtls: ssl_tls.c:4201 0x3ffc65bc: client state: MBEDTLS_SSL_CLIENT_HELLO

I (4625) mbedtls: ssl_client.c:917 0x3ffc65bc: => write client hello

D (4625) mbedtls: ssl_client.c:722 0x3ffc65bc: client hello, current time: 3

D (4625) mbedtls: ssl_client.c:485 0x3ffc65bc: dumping 'client hello, random bytes' (32 bytes)

D (4625) mbedtls: ssl_client.c:485 0x3ffc65bc: 0000:  00 00 00 03 f3 b3 8b 89 01 0e c9 51 77 b3 f1 68  ...........Qw..h

D (4625) mbedtls: ssl_client.c:485 0x3ffc65bc: 0010:  2a 6b c9 5b f8 d7 32 b2 26 74 c7 0d f0 74 fe 35  *k.[..2.&t...t.5

D (4625) mbedtls: ssl_client.c:510 0x3ffc65bc: dumping 'session id' (0 bytes)

D (4625) mbedtls: ssl_client.c:368 0x3ffc65bc: client hello, add ciphersuite: c02c, TLS-ECDHE-ECDSA-WITH-AES-256-GCM-SHA384

D (4625) mbedtls: ssl_client.c:368 0x3ffc65bc: client hello, add ciphersuite: c030, TLS-ECDHE-RSA-WITH-AES-256-GCM-SHA384

D (4625) mbedtls: ssl_client.c:368 0x3ffc65bc: client hello, add ciphersuite: c0ad, TLS-ECDHE-ECDSA-WITH-AES-256-CCM

D (4625) mbedtls: ssl_client.c:368 0x3ffc65bc: client hello, add ciphersuite: c024, TLS-ECDHE-ECDSA-WITH-AES-256-CBC-SHA384

D (4625) mbedtls: ssl_client.c:368 0x3ffc65bc: client hello, add ciphersuite: c028, TLS-ECDHE-RSA-WITH-AES-256-CBC-SHA384

D (4625) mbedtls: ssl_client.c:368 0x3ffc65bc: client hello, add ciphersuite: c00a, TLS-ECDHE-ECDSA-WITH-AES-256-CBC-SHA

D (4625) mbedtls: ssl_client.c:368 0x3ffc65bc: client hello, add ciphersuite: c014, TLS-ECDHE-RSA-WITH-AES-256-CBC-SHA

D (4625) mbedtls: ssl_client.c:368 0x3ffc65bc: client hello, add ciphersuite: c0af, TLS-ECDHE-ECDSA-WITH-AES-256-CCM-8

D (4625) mbedtls: ssl_client.c:368 0x3ffc65bc: client hello, add ciphersuite: c02b, TLS-ECDHE-ECDSA-WITH-AES-128-GCM-SHA256

D (4625) mbedtls: ssl_client.c:368 0x3ffc65bc: client hello, add ciphersuite: c02f, TLS-ECDHE-RSA-WITH-AES-128-GCM-SHA256

D (4625) mbedtls: ssl_client.c:368 0x3ffc65bc: client hello, add ciphersuite: c0ac, TLS-ECDHE-ECDSA-WITH-AES-128-CCM

D (4625) mbedtls: ssl_client.c:368 0x3ffc65bc: client hello, add ciphersuite: c023, TLS-ECDHE-ECDSA-WITH-AES-128-CBC-SHA256

D (4625) mbedtls: ssl_client.c:368 0x3ffc65bc: client hello, add ciphersuite: c027, TLS-ECDHE-RSA-WITH-AES-128-CBC-SHA256

D (4625) mbedtls: ssl_client.c:368 0x3ffc65bc: client hello, add ciphersuite: c009, TLS-ECDHE-ECDSA-WITH-AES-128-CBC-SHA

D (4625) mbedtls: ssl_client.c:368 0x3ffc65bc: client hello, add ciphersuite: c013, TLS-ECDHE-RSA-WITH-AES-128-CBC-SHA

D (4635) mbedtls: ssl_client.c:368 0x3ffc65bc: client hello, add ciphersuite: c0ae, TLS-ECDHE-ECDSA-WITH-AES-128-CCM-8

D (4635) mbedtls: ssl_client.c:386 0x3ffc65bc: adding EMPTY_RENEGOTIATION_INFO_SCSV

D (4635) mbedtls: ssl_client.c:395 0x3ffc65bc: client hello, got 17 cipher suites

D (4635) mbedtls: ssl_client.c:229 0x3ffc65bc: client hello, adding supported_groups extension

D (4635) mbedtls: ssl_client.c:248 0x3ffc65bc: got supported group(001d)

D (4635) mbedtls: ssl_client.c:280 0x3ffc65bc: NamedGroup: x25519 ( 1d )

D (4635) mbedtls: ssl_client.c:248 0x3ffc65bc: got supported group(0017)

D (4635) mbedtls: ssl_client.c:280 0x3ffc65bc: NamedGroup: secp256r1 ( 17 )

D (4635) mbedtls: ssl_client.c:248 0x3ffc65bc: got supported group(0018)

D (4635) mbedtls: ssl_client.c:280 0x3ffc65bc: NamedGroup: secp384r1 ( 18 )

D (4635) mbedtls: ssl_client.c:248 0x3ffc65bc: got supported group(001e)

D (4635) mbedtls: ssl_client.c:280 0x3ffc65bc: NamedGroup: x448 ( 1e )

D (4635) mbedtls: ssl_client.c:248 0x3ffc65bc: got supported group(0019)

D (4635) mbedtls: ssl_client.c:280 0x3ffc65bc: NamedGroup: secp521r1 ( 19 )

D (4635) mbedtls: ssl_client.c:248 0x3ffc65bc: got supported group(001a)

D (4635) mbedtls: ssl_client.c:280 0x3ffc65bc: NamedGroup: bp256r1 ( 1a )

D (4635) mbedtls: ssl_client.c:248 0x3ffc65bc: got supported group(001b)

D (4635) mbedtls: ssl_client.c:280 0x3ffc65bc: NamedGroup: bp384r1 ( 1b )

D (4635) mbedtls: ssl_client.c:248 0x3ffc65bc: got supported group(001c)

D (4635) mbedtls: ssl_client.c:280 0x3ffc65bc: NamedGroup: bp512r1 ( 1c )

D (4635) mbedtls: ssl_client.c:248 0x3ffc65bc: got supported group(0100)

D (4635) mbedtls: ssl_client.c:248 0x3ffc65bc: got supported group(0101)

D (4635) mbedtls: ssl_client.c:248 0x3ffc65bc: got supported group(0102)

D (4635) mbedtls: ssl_client.c:248 0x3ffc65bc: got supported group(0103)

D (4635) mbedtls: ssl_client.c:248 0x3ffc65bc: got supported group(0104)

D (4635) mbedtls: ssl_client.c:300 0x3ffc65bc: dumping 'Supported groups extension' (18 bytes)

D (4635) mbedtls: ssl_client.c:300 0x3ffc65bc: 0000:  00 10 00 1d 00 17 00 18 00 1e 00 19 00 1a 00 1b  ................

D (4635) mbedtls: ssl_client.c:300 0x3ffc65bc: 0010:  00 1c                                            ..

D (4635) mbedtls: ssl_tls.c:8276 0x3ffc65bc: adding signature_algorithms extension

D (4635) mbedtls: ssl_tls.c:8296 0x3ffc65bc: got signature scheme [603] ecdsa_secp521r1_sha512

D (4635) mbedtls: ssl_tls.c:8305 0x3ffc65bc: sent signature scheme [603] ecdsa_secp521r1_sha512

D (4635) mbedtls: ssl_tls.c:8296 0x3ffc65bc: got signature scheme [806] rsa_pss_rsae_sha512

D (4635) mbedtls: ssl_tls.c:8296 0x3ffc65bc: got signature scheme [601] rsa_pkcs1_sha512

D (4635) mbedtls: ssl_tls.c:8305 0x3ffc65bc: sent signature scheme [601] rsa_pkcs1_sha512

D (4635) mbedtls: ssl_tls.c:8296 0x3ffc65bc: got signature scheme [503] ecdsa_secp384r1_sha384

D (4635) mbedtls: ssl_tls.c:8305 0x3ffc65bc: sent signature scheme [503] ecdsa_secp384r1_sha384

D (4635) mbedtls: ssl_tls.c:8296 0x3ffc65bc: got signature scheme [805] rsa_pss_rsae_sha384

D (4635) mbedtls: ssl_tls.c:8296 0x3ffc65bc: got signature scheme [501] rsa_pkcs1_sha384

D (4635) mbedtls: ssl_tls.c:8305 0x3ffc65bc: sent signature scheme [501] rsa_pkcs1_sha384

D (4635) mbedtls: ssl_tls.c:8296 0x3ffc65bc: got signature scheme [403] ecdsa_secp256r1_sha256

D (4635) mbedtls: ssl_tls.c:8305 0x3ffc65bc: sent signature scheme [403] ecdsa_secp256r1_sha256

D (4635) mbedtls: ssl_tls.c:8296 0x3ffc65bc: got signature scheme [804] rsa_pss_rsae_sha256

D (4635) mbedtls: ssl_tls.c:8296 0x3ffc65bc: got signature scheme [401] rsa_pkcs1_sha256

D (4635) mbedtls: ssl_tls.c:8305 0x3ffc65bc: sent signature scheme [401] rsa_pkcs1_sha256

D (4635) mbedtls: ssl_tls12_client.c:103 0x3ffc65bc: client hello, adding supported_point_formats extension

D (4635) mbedtls: ssl_tls12_client.c:287 0x3ffc65bc: client hello, adding encrypt_then_mac extension

D (4635) mbedtls: ssl_tls12_client.c:319 0x3ffc65bc: client hello, adding extended_master_secret extension

D (4635) mbedtls: ssl_tls12_client.c:352 0x3ffc65bc: client hello, adding session ticket extension

D (4635) mbedtls: ssl_client.c:687 0x3ffc65bc: client hello, total extension length: 58

D (4635) mbedtls: ssl_client.c:689 0x3ffc65bc: dumping 'client hello extensions' (58 bytes)

D (4635) mbedtls: ssl_client.c:689 0x3ffc65bc: 0000:  00 3a 00 0a 00 12 00 10 00 1d 00 17 00 18 00 1e  .:..............

D (4645) mbedtls: ssl_client.c:689 0x3ffc65bc: 0010:  00 19 00 1a 00 1b 00 1c 00 0d 00 0e 00 0c 06 03  ................

[mem-tick] t=    3070 ms phase=handshake    free=198700
D (4645) mbedtls: ssl_client.c:689 0x3ffc65bc: 0020:  06 01 05 03 05 01 04 03 04 01 00 0b 00 02 01 00  ................

D (4645) mbedtls: ssl_client.c:689 0x3ffc65bc: 0030:  00 16 00 00 00 17 00 00 00 23                    .........#

I (4645) mbedtls: ssl_msg.c:2494 0x3ffc65bc: => write handshake message

I (4645) mbedtls: ssl_msg.c:2654 0x3ffc65bc: => write record

D (4645) mbedtls: ssl_msg.c:2737 0x3ffc65bc: output record: msgtype = 22, version = [3:3], msglen = 137

I (4645) mbedtls: ssl_msg.c:2790 0x3ffc65bc: <= write record

I (4645) mbedtls: ssl_msg.c:2615 0x3ffc65bc: <= write handshake message

D (4645) mbedtls: ssl_misc.h:1295 0x3ffc65bc: handshake state: 1 (MBEDTLS_SSL_CLIENT_HELLO) -> 2 (MBEDTLS_SSL_SERVER_HELLO)

I (4645) mbedtls: ssl_client.c:1010 0x3ffc65bc: <= write client hello

I (4645) mbedtls: ssl_msg.c:2063 0x3ffc65bc: => flush output

I (4645) mbedtls: ssl_msg.c:2077 0x3ffc65bc: message length: 142, out_left: 142

I (4645) mbedtls: ssl_msg.c:2084 0x3ffc65bc: ssl->f_send() returned 142 (-0xffffff72)

I (4645) mbedtls: ssl_msg.c:2111 0x3ffc65bc: <= flush output

I (4645) mbedtls: ssl_tls.c:4201 0x3ffc65bc: client state: MBEDTLS_SSL_SERVER_HELLO

I (4645) mbedtls: ssl_tls12_client.c:1151 0x3ffc65bc: => parse server hello

I (4645) mbedtls: ssl_msg.c:4040 0x3ffc65bc: => read record

I (4645) mbedtls: ssl_msg.c:1865 0x3ffc65bc: => fetch input

I (4645) mbedtls: ssl_msg.c:2005 0x3ffc65bc: in_left: 0, nb_want: 5

I (4645) mbedtls: ssl_msg.c:2025 0x3ffc65bc: in_left: 0, nb_want: 5

I (4645) mbedtls: ssl_msg.c:2028 0x3ffc65bc: ssl->f_recv(_timeout)() returned 5 (-0xfffffffb)

I (4645) mbedtls: ssl_msg.c:2050 0x3ffc65bc: <= fetch input

D (4645) mbedtls: ssl_msg.c:3707 0x3ffc65bc: input record: msgtype = 22, version = [0x303], msglen = 65

I (4645) mbedtls: ssl_msg.c:1865 0x3ffc65bc: => fetch input

I (4645) mbedtls: ssl_msg.c:2005 0x3ffc65bc: in_left: 5, nb_want: 70

I (4655) mbedtls: ssl_msg.c:2025 0x3ffc65bc: in_left: 5, nb_want: 70

I (4655) mbedtls: ssl_msg.c:2028 0x3ffc65bc: ssl->f_recv(_timeout)() returned 65 (-0xffffffbf)

I (4655) mbedtls: ssl_msg.c:2050 0x3ffc65bc: <= fetch input

D (4655) mbedtls: ssl_msg.c:2948 0x3ffc65bc: handshake message: msglen = 65, type = 2, hslen = 65

D (4655) mbedtls: ssl_msg.c:3085 0x3ffc65bc: sole handshake fragment: 65, 0..65 of 65

I (4655) mbedtls: ssl_msg.c:4112 0x3ffc65bc: <= read record

D (4655) mbedtls: ssl_tls12_client.c:1225 0x3ffc65bc: dumping 'server hello, version' (2 bytes)

D (4655) mbedtls: ssl_tls12_client.c:1225 0x3ffc65bc: 0000:  03 03                                            ..

D (4655) mbedtls: ssl_tls12_client.c:1246 0x3ffc65bc: server hello, current time: 4147911281

D (4655) mbedtls: ssl_tls12_client.c:1256 0x3ffc65bc: dumping 'server hello, random bytes' (32 bytes)

D (4655) mbedtls: ssl_tls12_client.c:1256 0x3ffc65bc: 0000:  f7 3c 1a 71 d4 6a 39 5c a5 ff c2 52 82 22 bd bf  .<.q.j9\...R."..

D (4655) mbedtls: ssl_tls12_client.c:1256 0x3ffc65bc: 0010:  e9 62 a7 a3 69 3c 15 72 6c fc 91 9d 36 e6 35 54  .b..i<.rl...6.5T

D (4655) mbedtls: ssl_tls12_client.c:1318 0x3ffc65bc: server hello, session id len.: 0

D (4655) mbedtls: ssl_tls12_client.c:1319 0x3ffc65bc: dumping 'server hello, session id' (0 bytes)

D (4655) mbedtls: ssl_misc.h:1295 0x3ffc65bc: handshake state: 2 (MBEDTLS_SSL_SERVER_HELLO) -> 3 (MBEDTLS_SSL_SERVER_CERTIFICATE)

D (4655) mbedtls: ssl_tls12_client.c:1343 0x3ffc65bc: no session has been resumed

D (4655) mbedtls: ssl_tls12_client.c:1346 0x3ffc65bc: server hello, chosen ciphersuite: c02c

D (4655) mbedtls: ssl_tls12_client.c:1347 0x3ffc65bc: server hello, compress alg.: 0

D (4655) mbedtls: ssl_tls12_client.c:1382 0x3ffc65bc: server hello, chosen ciphersuite: TLS-ECDHE-ECDSA-WITH-AES-256-GCM-SHA384

I (4655) mbedtls: ssl_tls12_client.c:1403 0x3ffc65bc: server hello, total extension length: 21

D (4655) mbedtls: ssl_tls12_client.c:1421 0x3ffc65bc: found renegotiation extension

D (4655) mbedtls: ssl_tls12_client.c:1500 0x3ffc65bc: found supported_point_formats extension

D (4655) mbedtls: ssl_tls12_client.c:1486 0x3ffc65bc: found session_ticket extension

D (4655) mbedtls: ssl_tls12_client.c:1473 0x3ffc65bc: found extended_master_secret extension

I (4655) mbedtls: ssl_tls12_client.c:1617 0x3ffc65bc: <= parse server hello

I (4655) mbedtls: ssl_msg.c:2063 0x3ffc65bc: => flush output

I (4655) mbedtls: ssl_msg.c:2072 0x3ffc65bc: <= flush output

I (4655) mbedtls: ssl_tls.c:4201 0x3ffc65bc: client state: MBEDTLS_SSL_SERVER_CERTIFICATE

I (4655) mbedtls: ssl_tls.c:7077 0x3ffc65bc: => parse certificate

I (4655) mbedtls: ssl_msg.c:4040 0x3ffc65bc: => read record

I (4655) mbedtls: ssl_msg.c:1865 0x3ffc65bc: => fetch input

I (4655) mbedtls: ssl_msg.c:2005 0x3ffc65bc: in_left: 0, nb_want: 5

I (4655) mbedtls: ssl_msg.c:2025 0x3ffc65bc: in_left: 0, nb_want: 5

I (4655) mbedtls: ssl_msg.c:2028 0x3ffc65bc: ssl->f_recv(_timeout)() returned 5 (-0xfffffffb)

I (4655) mbedtls: ssl_msg.c:2050 0x3ffc65bc: <= fetch input

D (4655) mbedtls: ssl_msg.c:3707 0x3ffc65bc: input record: msgtype = 22, version = [0x303], msglen = 394

I (4655) mbedtls: ssl_msg.c:1865 0x3ffc65bc: => fetch input

I (4655) mbedtls: ssl_msg.c:2005 0x3ffc65bc: in_left: 5, nb_want: 399

I (4655) mbedtls: ssl_msg.c:2025 0x3ffc65bc: in_left: 5, nb_want: 399

I (4655) mbedtls: ssl_msg.c:2028 0x3ffc65bc: ssl->f_recv(_timeout)() returned 394 (-0xfffffe76)

I (4655) mbedtls: ssl_msg.c:2050 0x3ffc65bc: <= fetch input

D (4655) mbedtls: ssl_msg.c:2948 0x3ffc65bc: handshake message: msglen = 394, type = 11, hslen = 394

D (4655) mbedtls: ssl_msg.c:3085 0x3ffc65bc: sole handshake fragment: 394, 0..394 of 394

I (4665) mbedtls: ssl_msg.c:4112 0x3ffc65bc: <= read record

D (4665) mbedtls: ssl_tls.c:6952 0x3ffc65bc: peer certificate #1:

D (4665) mbedtls: ssl_tls.c:6952 0x3ffc65bc: cert. version     : 3

D (4665) mbedtls: ssl_tls.c:6952 0x3ffc65bc: serial number     : 37:09:43:D4:1C:61:C3:A2:0B:22:A6:A0:1B:48:94:F0:41:88:C9:23

D (4665) mbedtls: ssl_tls.c:6952 0x3ffc65bc: issuer name       : CN=localhost

D (4665) mbedtls: ssl_tls.c:6952 0x3ffc65bc: subject name      : CN=localhost

D (4665) mbedtls: ssl_tls.c:6952 0x3ffc65bc: issued  on        : 2026-08-26 20:20:30

D (4665) mbedtls: ssl_tls.c:6952 0x3ffc65bc: expires on        : 2026-09-25 20:20:30

D (4665) mbedtls: ssl_tls.c:6952 0x3ffc65bc: signed using      : ECDSA with SHA256

D (4665) mbedtls: ssl_tls.c:6952 0x3ffc65bc: EC key size       : 256 bits

D (4665) mbedtls: ssl_tls.c:6952 0x3ffc65bc: basic constraints : CA=true

D (4675) mbedtls: ssl_tls.c:6952 0x3ffc65bc: dumping 'crt->PK' (65 bytes)

D (4675) mbedtls: ssl_tls.c:6952 0x3ffc65bc: 0000:  04 54 0e ba b5 7b 25 1b f2 9f 2d 96 f4 93 cd 8f

D (4675) mbedtls: ssl_tls.c:6952 0x3ffc65bc: 0010:  49 17 f1 f8 43 fd ec ae 5d 41 e9 f4 92 ac 22 e6

D (4675) mbedtls: ssl_tls.c:6952 0x3ffc65bc: 0020:  63 ac 57 44 3b f6 9e c0 c8 9f 49 85 41 d2 5d 63

D (4675) mbedtls: ssl_tls.c:6952 0x3ffc65bc: 0030:  06 98 de f8 fb 38 a5 80 7e 23 61 62 87 90 79 d7

D (4675) mbedtls: ssl_tls.c:6952 0x3ffc65bc: 0040:  84                                             

I (4675) mbedtls: ssl_tls.c:7191 0x3ffc65bc: <= parse certificate

D (4675) mbedtls: ssl_misc.h:1295 0x3ffc65bc: handshake state: 3 (MBEDTLS_SSL_SERVER_CERTIFICATE) -> 4 (MBEDTLS_SSL_SERVER_KEY_EXCHANGE)

I (4675) mbedtls: ssl_msg.c:2063 0x3ffc65bc: => flush output

I (4675) mbedtls: ssl_msg.c:2072 0x3ffc65bc: <= flush output

I (4675) mbedtls: ssl_tls.c:4201 0x3ffc65bc: client state: MBEDTLS_SSL_SERVER_KEY_EXCHANGE

I (4675) mbedtls: ssl_tls12_client.c:1831 0x3ffc65bc: => parse server key exchange

I (4675) mbedtls: ssl_msg.c:4040 0x3ffc65bc: => read record

I (4675) mbedtls: ssl_msg.c:1865 0x3ffc65bc: => fetch input

I (4675) mbedtls: ssl_msg.c:2005 0x3ffc65bc: in_left: 0, nb_want: 5

I (4675) mbedtls: ssl_msg.c:2025 0x3ffc65bc: in_left: 0, nb_want: 5

I (4675) mbedtls: ssl_msg.c:2028 0x3ffc65bc: ssl->f_recv(_timeout)() returned 5 (-0xfffffffb)

I (4675) mbedtls: ssl_msg.c:2050 0x3ffc65bc: <= fetch input

D (4675) mbedtls: ssl_msg.c:3707 0x3ffc65bc: input record: msgtype = 22, version = [0x303], msglen = 116

I (4675) mbedtls: ssl_msg.c:1865 0x3ffc65bc: => fetch input

I (4675) mbedtls: ssl_msg.c:2005 0x3ffc65bc: in_left: 5, nb_want: 121

I (4675) mbedtls: ssl_msg.c:2025 0x3ffc65bc: in_left: 5, nb_want: 121

I (4675) mbedtls: ssl_msg.c:2028 0x3ffc65bc: ssl->f_recv(_timeout)() returned 116 (-0xffffff8c)

I (4675) mbedtls: ssl_msg.c:2050 0x3ffc65bc: <= fetch input

D (4675) mbedtls: ssl_msg.c:2948 0x3ffc65bc: handshake message: msglen = 116, type = 12, hslen = 116

D (4675) mbedtls: ssl_msg.c:3085 0x3ffc65bc: sole handshake fragment: 116, 0..116 of 116

I (4675) mbedtls: ssl_msg.c:4112 0x3ffc65bc: <= read record

D (4675) mbedtls: ssl_tls12_client.c:1885 0x3ffc65bc: dumping 'server key exchange' (112 bytes)

D (4675) mbedtls: ssl_tls12_client.c:1885 0x3ffc65bc: 0000:  03 00 1d 20 b0 c9 c0 51 47 49 64 5d c8 f9 b6 cb  ... ...QGId]....

D (4675) mbedtls: ssl_tls12_client.c:1885 0x3ffc65bc: 0010:  76 e9 60 ee 97 b6 22 53 36 3a f0 ce b0 c8 9b 6d  v.`..."S6:.....m

D (4675) mbedtls: ssl_tls12_client.c:1885 0x3ffc65bc: 0020:  6c a8 2e 49 06 03 00 48 30 46 02 21 00 8f 2a b6  l..I...H0F.!..*.

D (4675) mbedtls: ssl_tls12_client.c:1885 0x3ffc65bc: 0030:  14 74 14 6d 1f 68 77 99 c5 c2 68 6b 4a f7 5b 5e  .t.m.hw...hkJ.[^

D (4675) mbedtls: ssl_tls12_client.c:1885 0x3ffc65bc: 0040:  d4 8f 3a a7 e4 47 49 aa 1e a4 85 9e 34 02 21 00  ..:..GI.....4.!.

D (4675) mbedtls: ssl_tls12_client.c:1885 0x3ffc65bc: 0050:  a2 f3 31 56 28 7f d7 0c b5 49 2a 8b e0 19 32 56  ..1V(....I*...2V

D (4675) mbedtls: ssl_tls12_client.c:1885 0x3ffc65bc: 0060:  30 fe ec 69 b7 c9 a6 5e 59 e7 65 fa ee bd ea 55  0..i...^Y.e....U

I (4675) mbedtls: ssl_tls12_client.c:1815 0x3ffc65bc: Server used the signature algorithm ecdsa_secp521r1_sha512

D (4675) mbedtls: ssl_tls12_client.c:2047 0x3ffc65bc: dumping 'signature' (72 bytes)

D (4675) mbedtls: ssl_tls12_client.c:2047 0x3ffc65bc: 0000:  30 46 02 21 00 8f 2a b6 14 74 14 6d 1f 68 77 99  0F.!..*..t.m.hw.

D (4675) mbedtls: ssl_tls12_client.c:2047 0x3ffc65bc: 0010:  c5 c2 68 6b 4a f7 5b 5e d4 8f 3a a7 e4 47 49 aa  ..hkJ.[^..:..GI.

D (4675) mbedtls: ssl_tls12_client.c:2047 0x3ffc65bc: 0020:  1e a4 85 9e 34 02 21 00 a2 f3 31 56 28 7f d7 0c  ....4.!...1V(...

D (4685) mbedtls: ssl_tls12_client.c:2047 0x3ffc65bc: 0030:  b5 49 2a 8b e0 19 32 56 30 fe ec 69 b7 c9 a6 5e  .I*...2V0..i...^

D (4685) mbedtls: ssl_tls12_client.c:2047 0x3ffc65bc: 0040:  59 e7 65 fa ee bd ea 55                          Y.e....U

D (4685) mbedtls: ssl_tls.c:8082 0x3ffc65bc: Perform PSA-based computation of digest of ServerKeyExchange

D (4685) mbedtls: ssl_tls12_client.c:2064 0x3ffc65bc: dumping 'parameters hash' (64 bytes)

D (4685) mbedtls: ssl_tls12_client.c:2064 0x3ffc65bc: 0000:  bb c6 18 ad 30 28 21 7b 8a 40 1b e0 43 95 b8 49  ....0(!{.@..C..I

D (4685) mbedtls: ssl_tls12_client.c:2064 0x3ffc65bc: 0010:  71 b1 54 4b a7 70 b6 5e 33 e9 aa 94 ef 6c 67 50  q.TK.p.^3....lgP

D (4685) mbedtls: ssl_tls12_client.c:2064 0x3ffc65bc: 0020:  15 43 55 87 89 b6 f8 e9 9b 26 10 60 31 fa 8e 40  .CU......&.`1..@

D (4685) mbedtls: ssl_tls12_client.c:2064 0x3ffc65bc: 0030:  0a e2 04 9f 18 2d 85 9d f5 4c ed 35 62 bc 1e 1f  .....-...L.5b...

[mem-tick] t=    3172 ms phase=handshake    free=195288
D (4795) mbedtls: ssl_misc.h:1295 0x3ffc65bc: handshake state: 4 (MBEDTLS_SSL_SERVER_KEY_EXCHANGE) -> 5 (MBEDTLS_SSL_CERTIFICATE_REQUEST)

I (4795) mbedtls: ssl_tls12_client.c:2118 0x3ffc65bc: <= parse server key exchange

I (4795) mbedtls: ssl_msg.c:2063 0x3ffc65bc: => flush output

I (4795) mbedtls: ssl_msg.c:2072 0x3ffc65bc: <= flush output

I (4795) mbedtls: ssl_tls.c:4201 0x3ffc65bc: client state: MBEDTLS_SSL_CERTIFICATE_REQUEST

I (4795) mbedtls: ssl_tls12_client.c:2157 0x3ffc65bc: => parse certificate request

I (4795) mbedtls: ssl_msg.c:4040 0x3ffc65bc: => read record

I (4795) mbedtls: ssl_msg.c:1865 0x3ffc65bc: => fetch input

I (4795) mbedtls: ssl_msg.c:2005 0x3ffc65bc: in_left: 0, nb_want: 5

I (4795) mbedtls: ssl_msg.c:2025 0x3ffc65bc: in_left: 0, nb_want: 5

I (4795) mbedtls: ssl_msg.c:2028 0x3ffc65bc: ssl->f_recv(_timeout)() returned 5 (-0xfffffffb)

I (4795) mbedtls: ssl_msg.c:2050 0x3ffc65bc: <= fetch input

D (4795) mbedtls: ssl_msg.c:3707 0x3ffc65bc: input record: msgtype = 22, version = [0x303], msglen = 4

I (4795) mbedtls: ssl_msg.c:1865 0x3ffc65bc: => fetch input

I (4795) mbedtls: ssl_msg.c:2005 0x3ffc65bc: in_left: 5, nb_want: 9

I (4795) mbedtls: ssl_msg.c:2025 0x3ffc65bc: in_left: 5, nb_want: 9

I (4795) mbedtls: ssl_msg.c:2028 0x3ffc65bc: ssl->f_recv(_timeout)() returned 4 (-0xfffffffc)

I (4795) mbedtls: ssl_msg.c:2050 0x3ffc65bc: <= fetch input

D (4795) mbedtls: ssl_msg.c:2948 0x3ffc65bc: handshake message: msglen = 4, type = 14, hslen = 4

D (4805) mbedtls: ssl_msg.c:3085 0x3ffc65bc: sole handshake fragment: 4, 0..4 of 4

I (4805) mbedtls: ssl_msg.c:4112 0x3ffc65bc: <= read record

D (4805) mbedtls: ssl_misc.h:1295 0x3ffc65bc: handshake state: 5 (MBEDTLS_SSL_CERTIFICATE_REQUEST) -> 6 (MBEDTLS_SSL_SERVER_HELLO_DONE)

D (4805) mbedtls: ssl_tls12_client.c:2183 0x3ffc65bc: got no certificate request

I (4805) mbedtls: ssl_tls12_client.c:2319 0x3ffc65bc: <= parse certificate request

I (4805) mbedtls: ssl_msg.c:2063 0x3ffc65bc: => flush output

I (4805) mbedtls: ssl_msg.c:2072 0x3ffc65bc: <= flush output

I (4805) mbedtls: ssl_tls.c:4201 0x3ffc65bc: client state: MBEDTLS_SSL_SERVER_HELLO_DONE

I (4805) mbedtls: ssl_tls12_client.c:2330 0x3ffc65bc: => parse server hello done

I (4805) mbedtls: ssl_msg.c:4040 0x3ffc65bc: => read record

I (4805) mbedtls: ssl_msg.c:4108 0x3ffc65bc: reuse previously read message

I (4805) mbedtls: ssl_msg.c:4112 0x3ffc65bc: <= read record

D (4805) mbedtls: ssl_misc.h:1295 0x3ffc65bc: handshake state: 6 (MBEDTLS_SSL_SERVER_HELLO_DONE) -> 7 (MBEDTLS_SSL_CLIENT_CERTIFICATE)

I (4805) mbedtls: ssl_tls12_client.c:2358 0x3ffc65bc: <= parse server hello done

I (4805) mbedtls: ssl_msg.c:2063 0x3ffc65bc: => flush output

I (4805) mbedtls: ssl_msg.c:2072 0x3ffc65bc: <= flush output

I (4805) mbedtls: ssl_tls.c:4201 0x3ffc65bc: client state: MBEDTLS_SSL_CLIENT_CERTIFICATE

I (4805) mbedtls: ssl_tls.c:6675 0x3ffc65bc: => write certificate

I (4805) mbedtls: ssl_tls.c:6686 0x3ffc65bc: <= skip write certificate

D (4805) mbedtls: ssl_misc.h:1295 0x3ffc65bc: handshake state: 7 (MBEDTLS_SSL_CLIENT_CERTIFICATE) -> 8 (MBEDTLS_SSL_CLIENT_KEY_EXCHANGE)

I (4805) mbedtls: ssl_msg.c:2063 0x3ffc65bc: => flush output

I (4805) mbedtls: ssl_msg.c:2072 0x3ffc65bc: <= flush output

I (4805) mbedtls: ssl_tls.c:4201 0x3ffc65bc: client state: MBEDTLS_SSL_CLIENT_KEY_EXCHANGE

I (4805) mbedtls: ssl_tls12_client.c:2373 0x3ffc65bc: => write client key exchange

D (4805) mbedtls: ssl_tls12_client.c:2387 0x3ffc65bc: Perform PSA-based ECDH computation.

[mem-tick] t=    3272 ms phase=handshake    free=197668
[mem-tick] t=    3372 ms phase=handshake    free=197216
D (4945) mbedtls: ssl_misc.h:1295 0x3ffc65bc: handshake state: 8 (MBEDTLS_SSL_CLIENT_KEY_EXCHANGE) -> 9 (MBEDTLS_SSL_CERTIFICATE_VERIFY)

I (4945) mbedtls: ssl_msg.c:2494 0x3ffc65bc: => write handshake message

I (4945) mbedtls: ssl_msg.c:2654 0x3ffc65bc: => write record

D (4945) mbedtls: ssl_msg.c:2737 0x3ffc65bc: output record: msgtype = 22, version = [3:3], msglen = 37

I (4945) mbedtls: ssl_msg.c:2063 0x3ffc65bc: => flush output

I (4945) mbedtls: ssl_msg.c:2077 0x3ffc65bc: message length: 42, out_left: 42

I (4945) mbedtls: ssl_msg.c:2084 0x3ffc65bc: ssl->f_send() returned 42 (-0xffffffd6)

I (4945) mbedtls: ssl_msg.c:2111 0x3ffc65bc: <= flush output

I (4945) mbedtls: ssl_msg.c:2790 0x3ffc65bc: <= write record

I (4945) mbedtls: ssl_msg.c:2615 0x3ffc65bc: <= write handshake message

I (4945) mbedtls: ssl_tls12_client.c:2653 0x3ffc65bc: <= write client key exchange

I (4945) mbedtls: ssl_msg.c:2063 0x3ffc65bc: => flush output

I (4945) mbedtls: ssl_msg.c:2072 0x3ffc65bc: <= flush output

I (4945) mbedtls: ssl_tls.c:4201 0x3ffc65bc: client state: MBEDTLS_SSL_CERTIFICATE_VERIFY

I (4945) mbedtls: ssl_tls12_client.c:2701 0x3ffc65bc: => write certificate verify

I (4945) mbedtls: ssl_tls.c:6466 0x3ffc65bc: => derive keys

I (4945) mbedtls: ssl_tls.c:6557 0x3ffc65bc: => PSA calc verify

D (4945) mbedtls: ssl_tls.c:6568 0x3ffc65bc: dumping 'PSA calculated verify result' (48 bytes)

D (4945) mbedtls: ssl_tls.c:6568 0x3ffc65bc: 0000:  e0 81 cf 42 cb c9 01 99 49 48 d4 8f cc ce 31 63  ...B....IH....1c

D (4945) mbedtls: ssl_tls.c:6568 0x3ffc65bc: 0010:  0e 34 40 89 29 2e f1 77 50 ad 28 4b 3b f5 e1 a3  .4@.)..wP.(K;...

D (4945) mbedtls: ssl_tls.c:6568 0x3ffc65bc: 0020:  b8 db 3f 89 da 66 8d 7f 07 e7 c7 50 e4 6c 22 c2  ..?..f.....P.l".

I (4945) mbedtls: ssl_tls.c:6569 0x3ffc65bc: <= PSA calc verify

D (4945) mbedtls: ssl_tls.c:6308 0x3ffc65bc: dumping 'session hash for extended master secret' (48 bytes)

D (4945) mbedtls: ssl_tls.c:6308 0x3ffc65bc: 0000:  e0 81 cf 42 cb c9 01 99 49 48 d4 8f cc ce 31 63  ...B....IH....1c

D (4945) mbedtls: ssl_tls.c:6308 0x3ffc65bc: 0010:  0e 34 40 89 29 2e f1 77 50 ad 28 4b 3b f5 e1 a3  .4@.)..wP.(K;...

D (4945) mbedtls: ssl_tls.c:6308 0x3ffc65bc: 0020:  b8 db 3f 89 da 66 8d 7f 07 e7 c7 50 e4 6c 22 c2  ..?..f.....P.l".

D (4945) mbedtls: ssl_tls.c:6449 0x3ffc65bc: dumping 'premaster secret' (32 bytes)

D (4955) mbedtls: ssl_tls.c:6449 0x3ffc65bc: 0000:  74 53 53 f5 9a 45 7a 3f 8c f7 c9 6f 52 94 24 93  tSS..Ez?...oR.$.

D (4955) mbedtls: ssl_tls.c:6449 0x3ffc65bc: 0010:  4d 18 1f 0b c6 70 30 28 26 0f c8 77 6d 7d c3 29  M....p0(&..wm}.)

D (4955) mbedtls: ssl_tls.c:7762 0x3ffc65bc: ciphersuite = TLS-ECDHE-ECDSA-WITH-AES-256-GCM-SHA384

D (4955) mbedtls: ssl_tls.c:7764 0x3ffc65bc: dumping 'master secret' (48 bytes)

D (4955) mbedtls: ssl_tls.c:7764 0x3ffc65bc: 0000:  f3 56 fb b8 20 b0 4c 8b 61 49 2f c7 63 0b 96 bc  .V.. .L.aI/.c...

D (4955) mbedtls: ssl_tls.c:7764 0x3ffc65bc: 0010:  2b e5 12 06 9e 39 14 f8 3c 72 1c 24 e6 d2 41 69  +....9..<r.$..Ai

D (4955) mbedtls: ssl_tls.c:7764 0x3ffc65bc: 0020:  41 f8 53 e4 3b 5f 41 48 ab e6 ec 2f db af 87 c7  A.S.;_AH.../....

D (4955) mbedtls: ssl_tls.c:7855 0x3ffc65bc: keylen: 32, minlen: 24, ivlen: 12, maclen: 0

I (4955) mbedtls: ssl_tls.c:6517 0x3ffc65bc: <= derive keys

I (4955) mbedtls: ssl_tls12_client.c:2723 0x3ffc65bc: <= skip write certificate verify

D (4955) mbedtls: ssl_misc.h:1295 0x3ffc65bc: handshake state: 9 (MBEDTLS_SSL_CERTIFICATE_VERIFY) -> 10 (MBEDTLS_SSL_CLIENT_CHANGE_CIPHER_SPEC)

I (4955) mbedtls: ssl_msg.c:2063 0x3ffc65bc: => flush output

I (4955) mbedtls: ssl_msg.c:2072 0x3ffc65bc: <= flush output

I (4955) mbedtls: ssl_tls.c:4201 0x3ffc65bc: client state: MBEDTLS_SSL_CLIENT_CHANGE_CIPHER_SPEC

I (4955) mbedtls: ssl_msg.c:5087 0x3ffc65bc: => write change cipher spec

D (4955) mbedtls: ssl_misc.h:1295 0x3ffc65bc: handshake state: 10 (MBEDTLS_SSL_CLIENT_CHANGE_CIPHER_SPEC) -> 11 (MBEDTLS_SSL_CLIENT_FINISHED)

I (4955) mbedtls: ssl_msg.c:2494 0x3ffc65bc: => write handshake message

I (4955) mbedtls: ssl_msg.c:2654 0x3ffc65bc: => write record

D (4955) mbedtls: ssl_msg.c:2737 0x3ffc65bc: output record: msgtype = 20, version = [3:3], msglen = 1

I (4955) mbedtls: ssl_msg.c:2063 0x3ffc65bc: => flush output

I (4955) mbedtls: ssl_msg.c:2077 0x3ffc65bc: message length: 6, out_left: 6

I (4955) mbedtls: ssl_msg.c:2084 0x3ffc65bc: ssl->f_send() returned 6 (-0xfffffffa)

I (4955) mbedtls: ssl_msg.c:2111 0x3ffc65bc: <= flush output

I (4955) mbedtls: ssl_msg.c:2790 0x3ffc65bc: <= write record

I (4955) mbedtls: ssl_msg.c:2615 0x3ffc65bc: <= write handshake message

I (4955) mbedtls: ssl_msg.c:5100 0x3ffc65bc: <= write change cipher spec

I (4955) mbedtls: ssl_msg.c:2063 0x3ffc65bc: => flush output

I (4955) mbedtls: ssl_msg.c:2072 0x3ffc65bc: <= flush output

I (4955) mbedtls: ssl_tls.c:4201 0x3ffc65bc: client state: MBEDTLS_SSL_CLIENT_FINISHED

I (4955) mbedtls: ssl_tls.c:7384 0x3ffc65bc: => write finished

I (4955) mbedtls: ssl_tls.c:7235 0x3ffc65bc: => calc PSA finished tls

D (4955) mbedtls: ssl_tls.c:7246 0x3ffc65bc: dumping 'PSA calculated padbuf' (48 bytes)

D (4955) mbedtls: ssl_tls.c:7246 0x3ffc65bc: 0000:  e0 81 cf 42 cb c9 01 99 49 48 d4 8f cc ce 31 63  ...B....IH....1c

D (4955) mbedtls: ssl_tls.c:7246 0x3ffc65bc: 0010:  0e 34 40 89 29 2e f1 77 50 ad 28 4b 3b f5 e1 a3  .4@.)..wP.(K;...

D (4955) mbedtls: ssl_tls.c:7246 0x3ffc65bc: 0020:  b8 db 3f 89 da 66 8d 7f 07 e7 c7 50 e4 6c 22 c2  ..?..f.....P.l".

D (4955) mbedtls: ssl_tls.c:7258 0x3ffc65bc: dumping 'calc finished result' (12 bytes)

D (4955) mbedtls: ssl_tls.c:7258 0x3ffc65bc: 0000:  2d 2a fb f9 5b 3f c1 51 d8 70 7d c4              -*..[?.Q.p}.

I (4965) mbedtls: ssl_tls.c:7262 0x3ffc65bc: <= calc finished

D (4965) mbedtls: ssl_misc.h:1295 0x3ffc65bc: handshake state: 11 (MBEDTLS_SSL_CLIENT_FINISHED) -> 12 (MBEDTLS_SSL_SERVER_CHANGE_CIPHER_SPEC)

D (4965) mbedtls: ssl_tls.c:7434 0x3ffc65bc: switching to new transform spec for outbound data

I (4965) mbedtls: ssl_msg.c:2494 0x3ffc65bc: => write handshake message

I (4965) mbedtls: ssl_msg.c:2654 0x3ffc65bc: => write record

I (4965) mbedtls: ssl_msg.c:808 0x3ffc65bc: => encrypt buf

D (4965) mbedtls: ssl_msg.c:1036 0x3ffc65bc: before encrypt: msglen = 16, including 0 bytes of padding

I (4965) mbedtls: ssl_msg.c:1265 0x3ffc65bc: <= encrypt buf

D (4965) mbedtls: ssl_msg.c:2737 0x3ffc65bc: output record: msgtype = 22, version = [3:3], msglen = 40

I (4965) mbedtls: ssl_msg.c:2063 0x3ffc65bc: => flush output

I (4965) mbedtls: ssl_msg.c:2077 0x3ffc65bc: message length: 45, out_left: 45

I (4965) mbedtls: ssl_msg.c:2084 0x3ffc65bc: ssl->f_send() returned 45 (-0xffffffd3)

I (4965) mbedtls: ssl_msg.c:2111 0x3ffc65bc: <= flush output

I (4965) mbedtls: ssl_msg.c:2790 0x3ffc65bc: <= write record

I (4965) mbedtls: ssl_msg.c:2615 0x3ffc65bc: <= write handshake message

I (4965) mbedtls: ssl_tls.c:7487 0x3ffc65bc: <= write finished

I (4965) mbedtls: ssl_msg.c:2063 0x3ffc65bc: => flush output

I (4965) mbedtls: ssl_msg.c:2072 0x3ffc65bc: <= flush output

I (4965) mbedtls: ssl_tls.c:4201 0x3ffc65bc: client state: MBEDTLS_SSL_SERVER_CHANGE_CIPHER_SPEC

D (4965) mbedtls: ssl_misc.h:1295 0x3ffc65bc: handshake state: 12 (MBEDTLS_SSL_SERVER_CHANGE_CIPHER_SPEC) -> 16 (MBEDTLS_SSL_NEW_SESSION_TICKET)

I (4965) mbedtls: ssl_tls12_client.c:2829 0x3ffc65bc: => parse new session ticket

I (4965) mbedtls: ssl_msg.c:4040 0x3ffc65bc: => read record

I (4965) mbedtls: ssl_msg.c:1865 0x3ffc65bc: => fetch input

I (4965) mbedtls: ssl_msg.c:2005 0x3ffc65bc: in_left: 0, nb_want: 5

I (4965) mbedtls: ssl_msg.c:2025 0x3ffc65bc: in_left: 0, nb_want: 5

I (4965) mbedtls: ssl_msg.c:2028 0x3ffc65bc: ssl->f_recv(_timeout)() returned 5 (-0xfffffffb)

I (4965) mbedtls: ssl_msg.c:2050 0x3ffc65bc: <= fetch input

D (4965) mbedtls: ssl_msg.c:3707 0x3ffc65bc: input record: msgtype = 22, version = [0x303], msglen = 186

I (4965) mbedtls: ssl_msg.c:1865 0x3ffc65bc: => fetch input

I (4965) mbedtls: ssl_msg.c:2005 0x3ffc65bc: in_left: 5, nb_want: 191

I (4965) mbedtls: ssl_msg.c:2025 0x3ffc65bc: in_left: 5, nb_want: 191

I (4965) mbedtls: ssl_msg.c:2028 0x3ffc65bc: ssl->f_recv(_timeout)() returned 186 (-0xffffff46)

I (4965) mbedtls: ssl_msg.c:2050 0x3ffc65bc: <= fetch input

D (4965) mbedtls: ssl_msg.c:2948 0x3ffc65bc: handshake message: msglen = 186, type = 4, hslen = 186

D (4965) mbedtls: ssl_msg.c:3085 0x3ffc65bc: sole handshake fragment: 186, 0..186 of 186

I (4965) mbedtls: ssl_msg.c:4112 0x3ffc65bc: <= read record

D (4965) mbedtls: ssl_tls12_client.c:2876 0x3ffc65bc: ticket length: 176

D (4965) mbedtls: ssl_misc.h:1295 0x3ffc65bc: handshake state: 16 (MBEDTLS_SSL_NEW_SESSION_TICKET) -> 12 (MBEDTLS_SSL_SERVER_CHANGE_CIPHER_SPEC)

D (4965) mbedtls: ssl_tls12_client.c:2920 0x3ffc65bc: ticket in use, discarding session id

I (4965) mbedtls: ssl_tls12_client.c:2923 0x3ffc65bc: <= parse new session ticket

I (4965) mbedtls: ssl_msg.c:2063 0x3ffc65bc: => flush output

I (4965) mbedtls: ssl_msg.c:2072 0x3ffc65bc: <= flush output

I (4965) mbedtls: ssl_tls.c:4201 0x3ffc65bc: client state: MBEDTLS_SSL_SERVER_CHANGE_CIPHER_SPEC

I (4965) mbedtls: ssl_msg.c:5109 0x3ffc65bc: => parse change cipher spec

I (4965) mbedtls: ssl_msg.c:4040 0x3ffc65bc: => read record

I (4965) mbedtls: ssl_msg.c:1865 0x3ffc65bc: => fetch input

I (4965) mbedtls: ssl_msg.c:2005 0x3ffc65bc: in_left: 0, nb_want: 5

I (4965) mbedtls: ssl_msg.c:2025 0x3ffc65bc: in_left: 0, nb_want: 5

I (4965) mbedtls: ssl_msg.c:2028 0x3ffc65bc: ssl->f_recv(_timeout)() returned 5 (-0xfffffffb)

I (4965) mbedtls: ssl_msg.c:2050 0x3ffc65bc: <= fetch input

D (4975) mbedtls: ssl_msg.c:3707 0x3ffc65bc: input record: msgtype = 20, version = [0x303], msglen = 1

I (4975) mbedtls: ssl_msg.c:1865 0x3ffc65bc: => fetch input

I (4975) mbedtls: ssl_msg.c:2005 0x3ffc65bc: in_left: 5, nb_want: 6

I (4975) mbedtls: ssl_msg.c:2025 0x3ffc65bc: in_left: 5, nb_want: 6

I (4975) mbedtls: ssl_msg.c:2028 0x3ffc65bc: ssl->f_recv(_timeout)() returned 1 (-0xffffffff)

I (4975) mbedtls: ssl_msg.c:2050 0x3ffc65bc: <= fetch input

I (4975) mbedtls: ssl_msg.c:4112 0x3ffc65bc: <= read record

D (4975) mbedtls: ssl_msg.c:5130 0x3ffc65bc: switching to new transform spec for inbound data

D (4975) mbedtls: ssl_misc.h:1295 0x3ffc65bc: handshake state: 12 (MBEDTLS_SSL_SERVER_CHANGE_CIPHER_SPEC) -> 13 (MBEDTLS_SSL_SERVER_FINISHED)

I (4975) mbedtls: ssl_msg.c:5157 0x3ffc65bc: <= parse change cipher spec

I (4975) mbedtls: ssl_msg.c:2063 0x3ffc65bc: => flush output

I (4975) mbedtls: ssl_msg.c:2072 0x3ffc65bc: <= flush output

I (4975) mbedtls: ssl_tls.c:4201 0x3ffc65bc: client state: MBEDTLS_SSL_SERVER_FINISHED

I (4975) mbedtls: ssl_tls.c:7500 0x3ffc65bc: => parse finished

I (4975) mbedtls: ssl_tls.c:7235 0x3ffc65bc: => calc PSA finished tls

D (4975) mbedtls: ssl_tls.c:7246 0x3ffc65bc: dumping 'PSA calculated padbuf' (48 bytes)

D (4975) mbedtls: ssl_tls.c:7246 0x3ffc65bc: 0000:  bf 76 ee f3 54 d3 33 2e f6 46 4e 19 26 29 73 96  .v..T.3..FN.&)s.

D (4975) mbedtls: ssl_tls.c:7246 0x3ffc65bc: 0010:  94 3d c4 c6 a8 a0 5f 00 bf 31 1d d2 26 14 1f 8e  .=...._..1..&...

D (4975) mbedtls: ssl_tls.c:7246 0x3ffc65bc: 0020:  44 a4 ee 1e 39 41 0b b1 24 c2 f8 ce db 45 9f 99  D...9A..$....E..

D (4975) mbedtls: ssl_tls.c:7258 0x3ffc65bc: dumping 'calc finished result' (12 bytes)

D (4975) mbedtls: ssl_tls.c:7258 0x3ffc65bc: 0000:  27 21 4c 9e da fa 1e 6c 0c a4 b7 07              '!L....l....

I (4975) mbedtls: ssl_tls.c:7262 0x3ffc65bc: <= calc finished

I (4975) mbedtls: ssl_msg.c:4040 0x3ffc65bc: => read record

I (4975) mbedtls: ssl_msg.c:1865 0x3ffc65bc: => fetch input

I (4975) mbedtls: ssl_msg.c:2005 0x3ffc65bc: in_left: 0, nb_want: 5

I (4975) mbedtls: ssl_msg.c:2025 0x3ffc65bc: in_left: 0, nb_want: 5

I (4975) mbedtls: ssl_msg.c:2028 0x3ffc65bc: ssl->f_recv(_timeout)() returned 5 (-0xfffffffb)

I (4975) mbedtls: ssl_msg.c:2050 0x3ffc65bc: <= fetch input

D (4975) mbedtls: ssl_msg.c:3707 0x3ffc65bc: input record: msgtype = 22, version = [0x303], msglen = 40

I (4975) mbedtls: ssl_msg.c:1865 0x3ffc65bc: => fetch input

I (4975) mbedtls: ssl_msg.c:2005 0x3ffc65bc: in_left: 5, nb_want: 45

I (4975) mbedtls: ssl_msg.c:2025 0x3ffc65bc: in_left: 5, nb_want: 45

I (4975) mbedtls: ssl_msg.c:2028 0x3ffc65bc: ssl->f_recv(_timeout)() returned 40 (-0xffffffd8)

I (4975) mbedtls: ssl_msg.c:2050 0x3ffc65bc: <= fetch input

I (4975) mbedtls: ssl_msg.c:1301 0x3ffc65bc: => decrypt buf

I (4975) mbedtls: ssl_msg.c:1831 0x3ffc65bc: <= decrypt buf

D (4975) mbedtls: ssl_msg.c:2948 0x3ffc65bc: handshake message: msglen = 16, type = 20, hslen = 16

D (4975) mbedtls: ssl_msg.c:3085 0x3ffc65bc: sole handshake fragment: 16, 0..16 of 16

I (4975) mbedtls: ssl_msg.c:4112 0x3ffc65bc: <= read record

D (4975) mbedtls: ssl_misc.h:1295 0x3ffc65bc: handshake state: 13 (MBEDTLS_SSL_SERVER_FINISHED) -> 14 (MBEDTLS_SSL_FLUSH_BUFFERS)

I (4975) mbedtls: ssl_tls.c:7571 0x3ffc65bc: <= parse finished

I (4975) mbedtls: ssl_msg.c:2063 0x3ffc65bc: => flush output

I (4975) mbedtls: ssl_msg.c:2072 0x3ffc65bc: <= flush output

I (4975) mbedtls: ssl_tls.c:4201 0x3ffc65bc: client state: MBEDTLS_SSL_FLUSH_BUFFERS

I (4975) mbedtls: ssl_tls12_client.c:3031 0x3ffc65bc: handshake: done

D (4975) mbedtls: ssl_misc.h:1295 0x3ffc65bc: handshake state: 14 (MBEDTLS_SSL_FLUSH_BUFFERS) -> 15 (MBEDTLS_SSL_HANDSHAKE_WRAPUP)

I (4975) mbedtls: ssl_msg.c:2063 0x3ffc65bc: => flush output

I (4975) mbedtls: ssl_msg.c:2072 0x3ffc65bc: <= flush output

I (4975) mbedtls: ssl_tls.c:4201 0x3ffc65bc: client state: MBEDTLS_SSL_HANDSHAKE_WRAPUP

D (4975) mbedtls: ssl_tls.c:7322 0x3ffc65bc: => handshake wrapup

D (4975) mbedtls: ssl_tls.c:7296 0x3ffc65bc: => handshake wrapup: final free

D (4975) mbedtls: ssl_tls.c:7315 0x3ffc65bc: <= handshake wrapup: final free

D (4985) mbedtls: ssl_misc.h:1295 0x3ffc65bc: handshake state: 15 (MBEDTLS_SSL_HANDSHAKE_WRAPUP) -> 27 (MBEDTLS_SSL_HANDSHAKE_OVER)

D (4985) mbedtls: ssl_tls.c:7376 0x3ffc65bc: <= handshake wrapup

I (4985) mbedtls: ssl_tls.c:4293 0x3ffc65bc: <= handshake

[phase-a] tcp_connect=1988 us | tls_handshake=357955 us | total=359943 us
[neg] version=TLSv1.2 suite=TLS-ECDHE-ECDSA-WITH-AES-256-GCM-SHA384 peer_cert=0 bytes
[mem] post-handshake         free=200968 largest=110592 min-ever=191248
[ledger] HANDSHAKE_PEAK_DELTA(EC) = 0 bytes (min-ever 191248 -> 191248)
I (4985) mbedtls: ssl_msg.c:5925 0x3ffc65bc: => write

I (4985) mbedtls: ssl_msg.c:2654 0x3ffc65bc: => write record

I (4985) mbedtls: ssl_msg.c:808 0x3ffc65bc: => encrypt buf

D (4985) mbedtls: ssl_msg.c:1036 0x3ffc65bc: before encrypt: msglen = 14, including 0 bytes of padding

I (4985) mbedtls: ssl_msg.c:1265 0x3ffc65bc: <= encrypt buf

D (4985) mbedtls: ssl_msg.c:2737 0x3ffc65bc: output record: msgtype = 23, version = [3:3], msglen = 38

I (4985) mbedtls: ssl_msg.c:2063 0x3ffc65bc: => flush output

I (4985) mbedtls: ssl_msg.c:2077 0x3ffc65bc: message length: 43, out_left: 43

I (4985) mbedtls: ssl_msg.c:2084 0x3ffc65bc: ssl->f_send() returned 43 (-0xffffffd5)

I (4985) mbedtls: ssl_msg.c:2111 0x3ffc65bc: <= flush output

I (4985) mbedtls: ssl_msg.c:2790 0x3ffc65bc: <= write record

I (4985) mbedtls: ssl_msg.c:5947 0x3ffc65bc: <= write

I (4985) mbedtls: ssl_msg.c:5663 0x3ffc65bc: => read

I (4985) mbedtls: ssl_msg.c:4040 0x3ffc65bc: => read record

I (4985) mbedtls: ssl_msg.c:1865 0x3ffc65bc: => fetch input

I (4985) mbedtls: ssl_msg.c:2005 0x3ffc65bc: in_left: 0, nb_want: 5

I (4985) mbedtls: ssl_msg.c:2025 0x3ffc65bc: in_left: 0, nb_want: 5

I (4985) mbedtls: ssl_msg.c:2028 0x3ffc65bc: ssl->f_recv(_timeout)() returned 5 (-0xfffffffb)

I (4985) mbedtls: ssl_msg.c:2050 0x3ffc65bc: <= fetch input

D (4985) mbedtls: ssl_msg.c:3707 0x3ffc65bc: input record: msgtype = 23, version = [0x303], msglen = 38

I (4985) mbedtls: ssl_msg.c:1865 0x3ffc65bc: => fetch input

I (4985) mbedtls: ssl_msg.c:2005 0x3ffc65bc: in_left: 5, nb_want: 43

I (4985) mbedtls: ssl_msg.c:2025 0x3ffc65bc: in_left: 5, nb_want: 43

I (4985) mbedtls: ssl_msg.c:2028 0x3ffc65bc: ssl->f_recv(_timeout)() returned 38 (-0xffffffda)

I (4985) mbedtls: ssl_msg.c:2050 0x3ffc65bc: <= fetch input

I (4985) mbedtls: ssl_msg.c:1301 0x3ffc65bc: => decrypt buf

I (4985) mbedtls: ssl_msg.c:1831 0x3ffc65bc: <= decrypt buf

I (4985) mbedtls: ssl_msg.c:4112 0x3ffc65bc: <= read record

I (4985) mbedtls: ssl_msg.c:5823 0x3ffc65bc: <= read

[phase-a] app-echo #0 rtt=5813 us payload=14 B
I (4985) mbedtls: ssl_msg.c:5925 0x3ffc65bc: => write

I (4985) mbedtls: ssl_msg.c:2654 0x3ffc65bc: => write record

I (4985) mbedtls: ssl_msg.c:808 0x3ffc65bc: => encrypt buf

D (4985) mbedtls: ssl_msg.c:1036 0x3ffc65bc: before encrypt: msglen = 14, including 0 bytes of padding

I (4985) mbedtls: ssl_msg.c:1265 0x3ffc65bc: <= encrypt buf

D (4985) mbedtls: ssl_msg.c:2737 0x3ffc65bc: output record: msgtype = 23, version = [3:3], msglen = 38

I (4985) mbedtls: ssl_msg.c:2063 0x3ffc65bc: => flush output

I (4985) mbedtls: ssl_msg.c:2077 0x3ffc65bc: message length: 43, out_left: 43

I (4985) mbedtls: ssl_msg.c:2084 0x3ffc65bc: ssl->f_send() returned 43 (-0xffffffd5)

I (4985) mbedtls: ssl_msg.c:2111 0x3ffc65bc: <= flush output

I (4985) mbedtls: ssl_msg.c:2790 0x3ffc65bc: <= write record

I (4985) mbedtls: ssl_msg.c:5947 0x3ffc65bc: <= write

I (4995) mbedtls: ssl_msg.c:5663 0x3ffc65bc: => read

I (4995) mbedtls: ssl_msg.c:4040 0x3ffc65bc: => read record

I (4995) mbedtls: ssl_msg.c:1865 0x3ffc65bc: => fetch input

I (4995) mbedtls: ssl_msg.c:2005 0x3ffc65bc: in_left: 0, nb_want: 5

I (4995) mbedtls: ssl_msg.c:2025 0x3ffc65bc: in_left: 0, nb_want: 5

I (4995) mbedtls: ssl_msg.c:2028 0x3ffc65bc: ssl->f_recv(_timeout)() returned 5 (-0xfffffffb)

I (4995) mbedtls: ssl_msg.c:2050 0x3ffc65bc: <= fetch input

D (4995) mbedtls: ssl_msg.c:3707 0x3ffc65bc: input record: msgtype = 23, version = [0x303], msglen = 38

I (4995) mbedtls: ssl_msg.c:1865 0x3ffc65bc: => fetch input

I (4995) mbedtls: ssl_msg.c:2005 0x3ffc65bc: in_left: 5, nb_want: 43

I (4995) mbedtls: ssl_msg.c:2025 0x3ffc65bc: in_left: 5, nb_want: 43

I (4995) mbedtls: ssl_msg.c:2028 0x3ffc65bc: ssl->f_recv(_timeout)() returned 38 (-0xffffffda)

I (4995) mbedtls: ssl_msg.c:2050 0x3ffc65bc: <= fetch input

I (4995) mbedtls: ssl_msg.c:1301 0x3ffc65bc: => decrypt buf

I (4995) mbedtls: ssl_msg.c:1831 0x3ffc65bc: <= decrypt buf

I (4995) mbedtls: ssl_msg.c:4112 0x3ffc65bc: <= read record

I (4995) mbedtls: ssl_msg.c:5823 0x3ffc65bc: <= read

[phase-a] app-echo #1 rtt=5782 us payload=14 B
I (4995) mbedtls: ssl_msg.c:5925 0x3ffc65bc: => write

I (4995) mbedtls: ssl_msg.c:2654 0x3ffc65bc: => write record

I (4995) mbedtls: ssl_msg.c:808 0x3ffc65bc: => encrypt buf

D (4995) mbedtls: ssl_msg.c:1036 0x3ffc65bc: before encrypt: msglen = 14, including 0 bytes of padding

I (4995) mbedtls: ssl_msg.c:1265 0x3ffc65bc: <= encrypt buf

D (4995) mbedtls: ssl_msg.c:2737 0x3ffc65bc: output record: msgtype = 23, version = [3:3], msglen = 38

I (4995) mbedtls: ssl_msg.c:2063 0x3ffc65bc: => flush output

I (4995) mbedtls: ssl_msg.c:2077 0x3ffc65bc: message length: 43, out_left: 43

I (4995) mbedtls: ssl_msg.c:2084 0x3ffc65bc: ssl->f_send() returned 43 (-0xffffffd5)

I (4995) mbedtls: ssl_msg.c:2111 0x3ffc65bc: <= flush output

I (4995) mbedtls: ssl_msg.c:2790 0x3ffc65bc: <= write record

I (4995) mbedtls: ssl_msg.c:5947 0x3ffc65bc: <= write

I (4995) mbedtls: ssl_msg.c:5663 0x3ffc65bc: => read

I (4995) mbedtls: ssl_msg.c:4040 0x3ffc65bc: => read record

I (4995) mbedtls: ssl_msg.c:1865 0x3ffc65bc: => fetch input

I (4995) mbedtls: ssl_msg.c:2005 0x3ffc65bc: in_left: 0, nb_want: 5

I (4995) mbedtls: ssl_msg.c:2025 0x3ffc65bc: in_left: 0, nb_want: 5

I (4995) mbedtls: ssl_msg.c:2028 0x3ffc65bc: ssl->f_recv(_timeout)() returned 5 (-0xfffffffb)

I (4995) mbedtls: ssl_msg.c:2050 0x3ffc65bc: <= fetch input

D (4995) mbedtls: ssl_msg.c:3707 0x3ffc65bc: input record: msgtype = 23, version = [0x303], msglen = 38

I (4995) mbedtls: ssl_msg.c:1865 0x3ffc65bc: => fetch input

I (4995) mbedtls: ssl_msg.c:2005 0x3ffc65bc: in_left: 5, nb_want: 43

I (4995) mbedtls: ssl_msg.c:2025 0x3ffc65bc: in_left: 5, nb_want: 43

I (4995) mbedtls: ssl_msg.c:2028 0x3ffc65bc: ssl->f_recv(_timeout)() returned 38 (-0xffffffda)

I (4995) mbedtls: ssl_msg.c:2050 0x3ffc65bc: <= fetch input

I (4995) mbedtls: ssl_msg.c:1301 0x3ffc65bc: => decrypt buf

I (4995) mbedtls: ssl_msg.c:1831 0x3ffc65bc: <= decrypt buf

I (4995) mbedtls: ssl_msg.c:4112 0x3ffc65bc: <= read record

I (4995) mbedtls: ssl_msg.c:5823 0x3ffc65bc: <= read

[phase-a] app-echo #2 rtt=5410 us payload=14 B
I (4995) mbedtls: ssl_msg.c:5925 0x3ffc65bc: => write

I (4995) mbedtls: ssl_msg.c:2654 0x3ffc65bc: => write record

I (4995) mbedtls: ssl_msg.c:808 0x3ffc65bc: => encrypt buf

D (4995) mbedtls: ssl_msg.c:1036 0x3ffc65bc: before encrypt: msglen = 14, including 0 bytes of padding

I (4995) mbedtls: ssl_msg.c:1265 0x3ffc65bc: <= encrypt buf

D (4995) mbedtls: ssl_msg.c:2737 0x3ffc65bc: output record: msgtype = 23, version = [3:3], msglen = 38

I (4995) mbedtls: ssl_msg.c:2063 0x3ffc65bc: => flush output

I (5005) mbedtls: ssl_msg.c:2077 0x3ffc65bc: message length: 43, out_left: 43

I (5005) mbedtls: ssl_msg.c:2084 0x3ffc65bc: ssl->f_send() returned 43 (-0xffffffd5)

I (5005) mbedtls: ssl_msg.c:2111 0x3ffc65bc: <= flush output

I (5005) mbedtls: ssl_msg.c:2790 0x3ffc65bc: <= write record

I (5005) mbedtls: ssl_msg.c:5947 0x3ffc65bc: <= write

I (5005) mbedtls: ssl_msg.c:5663 0x3ffc65bc: => read

I (5005) mbedtls: ssl_msg.c:4040 0x3ffc65bc: => read record

I (5005) mbedtls: ssl_msg.c:1865 0x3ffc65bc: => fetch input

I (5005) mbedtls: ssl_msg.c:2005 0x3ffc65bc: in_left: 0, nb_want: 5

I (5005) mbedtls: ssl_msg.c:2025 0x3ffc65bc: in_left: 0, nb_want: 5

I (5005) mbedtls: ssl_msg.c:2028 0x3ffc65bc: ssl->f_recv(_timeout)() returned 5 (-0xfffffffb)

I (5005) mbedtls: ssl_msg.c:2050 0x3ffc65bc: <= fetch input

D (5005) mbedtls: ssl_msg.c:3707 0x3ffc65bc: input record: msgtype = 23, version = [0x303], msglen = 38

I (5005) mbedtls: ssl_msg.c:1865 0x3ffc65bc: => fetch input

I (5005) mbedtls: ssl_msg.c:2005 0x3ffc65bc: in_left: 5, nb_want: 43

I (5005) mbedtls: ssl_msg.c:2025 0x3ffc65bc: in_left: 5, nb_want: 43

I (5005) mbedtls: ssl_msg.c:2028 0x3ffc65bc: ssl->f_recv(_timeout)() returned 38 (-0xffffffda)

I (5005) mbedtls: ssl_msg.c:2050 0x3ffc65bc: <= fetch input

I (5005) mbedtls: ssl_msg.c:1301 0x3ffc65bc: => decrypt buf

I (5005) mbedtls: ssl_msg.c:1831 0x3ffc65bc: <= decrypt buf

I (5005) mbedtls: ssl_msg.c:4112 0x3ffc65bc: <= read record

I (5005) mbedtls: ssl_msg.c:5823 0x3ffc65bc: <= read

[phase-a] app-echo #3 rtt=5604 us payload=14 B
I (5005) mbedtls: ssl_msg.c:5925 0x3ffc65bc: => write

I (5005) mbedtls: ssl_msg.c:2654 0x3ffc65bc: => write record

I (5005) mbedtls: ssl_msg.c:808 0x3ffc65bc: => encrypt buf

D (5005) mbedtls: ssl_msg.c:1036 0x3ffc65bc: before encrypt: msglen = 14, including 0 bytes of padding

I (5005) mbedtls: ssl_msg.c:1265 0x3ffc65bc: <= encrypt buf

D (5005) mbedtls: ssl_msg.c:2737 0x3ffc65bc: output record: msgtype = 23, version = [3:3], msglen = 38

I (5005) mbedtls: ssl_msg.c:2063 0x3ffc65bc: => flush output

I (5005) mbedtls: ssl_msg.c:2077 0x3ffc65bc: message length: 43, out_left: 43

I (5005) mbedtls: ssl_msg.c:2084 0x3ffc65bc: ssl->f_send() returned 43 (-0xffffffd5)

I (5005) mbedtls: ssl_msg.c:2111 0x3ffc65bc: <= flush output

I (5005) mbedtls: ssl_msg.c:2790 0x3ffc65bc: <= write record

I (5005) mbedtls: ssl_msg.c:5947 0x3ffc65bc: <= write

I (5005) mbedtls: ssl_msg.c:5663 0x3ffc65bc: => read

I (5005) mbedtls: ssl_msg.c:4040 0x3ffc65bc: => read record

I (5005) mbedtls: ssl_msg.c:1865 0x3ffc65bc: => fetch input

I (5005) mbedtls: ssl_msg.c:2005 0x3ffc65bc: in_left: 0, nb_want: 5

I (5005) mbedtls: ssl_msg.c:2025 0x3ffc65bc: in_left: 0, nb_want: 5

I (5005) mbedtls: ssl_msg.c:2028 0x3ffc65bc: ssl->f_recv(_timeout)() returned 5 (-0xfffffffb)

I (5005) mbedtls: ssl_msg.c:2050 0x3ffc65bc: <= fetch input

D (5005) mbedtls: ssl_msg.c:3707 0x3ffc65bc: input record: msgtype = 23, version = [0x303], msglen = 38

I (5005) mbedtls: ssl_msg.c:1865 0x3ffc65bc: => fetch input

I (5005) mbedtls: ssl_msg.c:2005 0x3ffc65bc: in_left: 5, nb_want: 43

I (5005) mbedtls: ssl_msg.c:2025 0x3ffc65bc: in_left: 5, nb_want: 43

I (5005) mbedtls: ssl_msg.c:2028 0x3ffc65bc: ssl->f_recv(_timeout)() returned 38 (-0xffffffda)

I (5005) mbedtls: ssl_msg.c:2050 0x3ffc65bc: <= fetch input

I (5005) mbedtls: ssl_msg.c:1301 0x3ffc65bc: => decrypt buf

I (5005) mbedtls: ssl_msg.c:1831 0x3ffc65bc: <= decrypt buf

I (5005) mbedtls: ssl_msg.c:4112 0x3ffc65bc: <= read record

I (5005) mbedtls: ssl_msg.c:5823 0x3ffc65bc: <= read

[phase-a] app-echo #4 rtt=5915 us payload=14 B
[mem] post-session           free=200968 largest=110592 min-ever=191248
[mem-tick] t=    3470 ms phase=closing      free=226912
[mem-tick] t=    3570 ms phase=closing      free=226912
[mem-tick] t=    3670 ms phase=closing      free=226912
[mem-tick] t=    3770 ms phase=closing      free=226912
[mem-tick] t=    3870 ms phase=closing      free=226912
[ledger] CLOSED(EC): free now=226912, before-this-phase=226912, retained=0
[mem-tick] t=    3970 ms phase=EC-settled   free=226912
[mem-tick] t=    4070 ms phase=EC-settled   free=226912
[mem-tick] t=    4170 ms phase=EC-settled   free=226912
[mem-tick] t=    4270 ms phase=EC-settled   free=226912
[mem] settled                free=226912 largest=110592 min-ever=191248

===== PHASE D: throughput plain-vs-tls (3 rounds interleaved, 1024B x 2048 msgs each) =====
W (5915) esp-tls-mbedtls: skip_common_name=true: hostname matching and SNI disabled. This disables ALL server-name authentication (CN/SAN/SNI), not just CN. Only intended for loopback / debug clients.
D (5915) esp-tls: handshake in progress...
I (5915) mbedtls: ssl_tls.c:4282 0x3ffc65bc: => handshake

I (5915) mbedtls: ssl_msg.c:2063 0x3ffc65bc: => flush output

I (5915) mbedtls: ssl_msg.c:2072 0x3ffc65bc: <= flush output

I (5915) mbedtls: ssl_tls.c:4201 0x3ffc65bc: client state: MBEDTLS_SSL_HELLO_REQUEST

D (5915) mbedtls: ssl_misc.h:1295 0x3ffc65bc: handshake state: 0 (MBEDTLS_SSL_HELLO_REQUEST) -> 1 (MBEDTLS_SSL_CLIENT_HELLO)

I (5915) mbedtls: ssl_msg.c:2063 0x3ffc65bc: => flush output

I (5915) mbedtls: ssl_msg.c:2072 0x3ffc65bc: <= flush output

I (5915) mbedtls: ssl_tls.c:4201 0x3ffc65bc: client state: MBEDTLS_SSL_CLIENT_HELLO

I (5915) mbedtls: ssl_client.c:917 0x3ffc65bc: => write client hello

D (5915) mbedtls: ssl_client.c:722 0x3ffc65bc: client hello, current time: 4

D (5915) mbedtls: ssl_client.c:485 0x3ffc65bc: dumping 'client hello, random bytes' (32 bytes)

D (5915) mbedtls: ssl_client.c:485 0x3ffc65bc: 0000:  00 00 00 04 d7 23 b1 11 2d c0 41 f9 db 3f c6 1c  .....#..-.A..?..

D (5915) mbedtls: ssl_client.c:485 0x3ffc65bc: 0010:  45 ed d9 0f 31 d4 ff 13 8a ea 0f f6 4c 1d 08 39  E...1.......L..9

D (5915) mbedtls: ssl_client.c:510 0x3ffc65bc: dumping 'session id' (0 bytes)

D (5915) mbedtls: ssl_client.c:368 0x3ffc65bc: client hello, add ciphersuite: c02c, TLS-ECDHE-ECDSA-WITH-AES-256-GCM-SHA384

D (5915) mbedtls: ssl_client.c:368 0x3ffc65bc: client hello, add ciphersuite: c030, TLS-ECDHE-RSA-WITH-AES-256-GCM-SHA384

D (5915) mbedtls: ssl_client.c:368 0x3ffc65bc: client hello, add ciphersuite: c0ad, TLS-ECDHE-ECDSA-WITH-AES-256-CCM

D (5915) mbedtls: ssl_client.c:368 0x3ffc65bc: client hello, add ciphersuite: c024, TLS-ECDHE-ECDSA-WITH-AES-256-CBC-SHA384

D (5915) mbedtls: ssl_client.c:368 0x3ffc65bc: client hello, add ciphersuite: c028, TLS-ECDHE-RSA-WITH-AES-256-CBC-SHA384

D (5915) mbedtls: ssl_client.c:368 0x3ffc65bc: client hello, add ciphersuite: c00a, TLS-ECDHE-ECDSA-WITH-AES-256-CBC-SHA

D (5915) mbedtls: ssl_client.c:368 0x3ffc65bc: client hello, add ciphersuite: c014, TLS-ECDHE-RSA-WITH-AES-256-CBC-SHA

D (5915) mbedtls: ssl_client.c:368 0x3ffc65bc: client hello, add ciphersuite: c0af, TLS-ECDHE-ECDSA-WITH-AES-256-CCM-8

D (5915) mbedtls: ssl_client.c:368 0x3ffc65bc: client hello, add ciphersuite: c02b, TLS-ECDHE-ECDSA-WITH-AES-128-GCM-SHA256

D (5915) mbedtls: ssl_client.c:368 0x3ffc65bc: client hello, add ciphersuite: c02f, TLS-ECDHE-RSA-WITH-AES-128-GCM-SHA256

D (5915) mbedtls: ssl_client.c:368 0x3ffc65bc: client hello, add ciphersuite: c0ac, TLS-ECDHE-ECDSA-WITH-AES-128-CCM

D (5915) mbedtls: ssl_client.c:368 0x3ffc65bc: client hello, add ciphersuite: c023, TLS-ECDHE-ECDSA-WITH-AES-128-CBC-SHA256

D (5915) mbedtls: ssl_client.c:368 0x3ffc65bc: client hello, add ciphersuite: c027, TLS-ECDHE-RSA-WITH-AES-128-CBC-SHA256

D (5915) mbedtls: ssl_client.c:368 0x3ffc65bc: client hello, add ciphersuite: c009, TLS-ECDHE-ECDSA-WITH-AES-128-CBC-SHA

D (5915) mbedtls: ssl_client.c:368 0x3ffc65bc: client hello, add ciphersuite: c013, TLS-ECDHE-RSA-WITH-AES-128-CBC-SHA

D (5925) mbedtls: ssl_client.c:368 0x3ffc65bc: client hello, add ciphersuite: c0ae, TLS-ECDHE-ECDSA-WITH-AES-128-CCM-8

D (5925) mbedtls: ssl_client.c:386 0x3ffc65bc: adding EMPTY_RENEGOTIATION_INFO_SCSV

D (5925) mbedtls: ssl_client.c:395 0x3ffc65bc: client hello, got 17 cipher suites

D (5925) mbedtls: ssl_client.c:229 0x3ffc65bc: client hello, adding supported_groups extension

D (5925) mbedtls: ssl_client.c:248 0x3ffc65bc: got supported group(001d)

D (5925) mbedtls: ssl_client.c:280 0x3ffc65bc: NamedGroup: x25519 ( 1d )

D (5925) mbedtls: ssl_client.c:248 0x3ffc65bc: got supported group(0017)

D (5925) mbedtls: ssl_client.c:280 0x3ffc65bc: NamedGroup: secp256r1 ( 17 )

D (5925) mbedtls: ssl_client.c:248 0x3ffc65bc: got supported group(0018)

D (5925) mbedtls: ssl_client.c:280 0x3ffc65bc: NamedGroup: secp384r1 ( 18 )

D (5925) mbedtls: ssl_client.c:248 0x3ffc65bc: got supported group(001e)

D (5925) mbedtls: ssl_client.c:280 0x3ffc65bc: NamedGroup: x448 ( 1e )

D (5925) mbedtls: ssl_client.c:248 0x3ffc65bc: got supported group(0019)

D (5925) mbedtls: ssl_client.c:280 0x3ffc65bc: NamedGroup: secp521r1 ( 19 )

D (5925) mbedtls: ssl_client.c:248 0x3ffc65bc: got supported group(001a)

D (5925) mbedtls: ssl_client.c:280 0x3ffc65bc: NamedGroup: bp256r1 ( 1a )

D (5925) mbedtls: ssl_client.c:248 0x3ffc65bc: got supported group(001b)

D (5925) mbedtls: ssl_client.c:280 0x3ffc65bc: NamedGroup: bp384r1 ( 1b )

D (5925) mbedtls: ssl_client.c:248 0x3ffc65bc: got supported group(001c)

D (5925) mbedtls: ssl_client.c:280 0x3ffc65bc: NamedGroup: bp512r1 ( 1c )

D (5925) mbedtls: ssl_client.c:248 0x3ffc65bc: got supported group(0100)

D (5925) mbedtls: ssl_client.c:248 0x3ffc65bc: got supported group(0101)

D (5925) mbedtls: ssl_client.c:248 0x3ffc65bc: got supported group(0102)

D (5925) mbedtls: ssl_client.c:248 0x3ffc65bc: got supported group(0103)

D (5925) mbedtls: ssl_client.c:248 0x3ffc65bc: got supported group(0104)

D (5925) mbedtls: ssl_client.c:300 0x3ffc65bc: dumping 'Supported groups extension' (18 bytes)

D (5925) mbedtls: ssl_client.c:300 0x3ffc65bc: 0000:  00 10 00 1d 00 17 00 18 00 1e 00 19 00 1a 00 1b  ................

D (5925) mbedtls: ssl_client.c:300 0x3ffc65bc: 0010:  00 1c                                            ..

D (5925) mbedtls: ssl_tls.c:8276 0x3ffc65bc: adding signature_algorithms extension

D (5925) mbedtls: ssl_tls.c:8296 0x3ffc65bc: got signature scheme [603] ecdsa_secp521r1_sha512

D (5925) mbedtls: ssl_tls.c:8305 0x3ffc65bc: sent signature scheme [603] ecdsa_secp521r1_sha512

D (5925) mbedtls: ssl_tls.c:8296 0x3ffc65bc: got signature scheme [806] rsa_pss_rsae_sha512

D (5925) mbedtls: ssl_tls.c:8296 0x3ffc65bc: got signature scheme [601] rsa_pkcs1_sha512

D (5925) mbedtls: ssl_tls.c:8305 0x3ffc65bc: sent signature scheme [601] rsa_pkcs1_sha512

D (5925) mbedtls: ssl_tls.c:8296 0x3ffc65bc: got signature scheme [503] ecdsa_secp384r1_sha384

D (5925) mbedtls: ssl_tls.c:8305 0x3ffc65bc: sent signature scheme [503] ecdsa_secp384r1_sha384

D (5925) mbedtls: ssl_tls.c:8296 0x3ffc65bc: got signature scheme [805] rsa_pss_rsae_sha384

D (5925) mbedtls: ssl_tls.c:8296 0x3ffc65bc: got signature scheme [501] rsa_pkcs1_sha384

D (5925) mbedtls: ssl_tls.c:8305 0x3ffc65bc: sent signature scheme [501] rsa_pkcs1_sha384

D (5925) mbedtls: ssl_tls.c:8296 0x3ffc65bc: got signature scheme [403] ecdsa_secp256r1_sha256

D (5925) mbedtls: ssl_tls.c:8305 0x3ffc65bc: sent signature scheme [403] ecdsa_secp256r1_sha256

D (5925) mbedtls: ssl_tls.c:8296 0x3ffc65bc: got signature scheme [804] rsa_pss_rsae_sha256

D (5925) mbedtls: ssl_tls.c:8296 0x3ffc65bc: got signature scheme [401] rsa_pkcs1_sha256

D (5935) mbedtls: ssl_tls.c:8305 0x3ffc65bc: sent signature scheme [401] rsa_pkcs1_sha256

D (5945) mbedtls: ssl_tls12_client.c:103 0x3ffc65bc: client hello, adding supported_point_formats extension

D (5945) mbedtls: ssl_tls12_client.c:287 0x3ffc65bc: client hello, adding encrypt_then_mac extension

D (5945) mbedtls: ssl_tls12_client.c:319 0x3ffc65bc: client hello, adding extended_master_secret extension

D (5945) mbedtls: ssl_tls12_client.c:352 0x3ffc65bc: client hello, adding session ticket extension

D (5945) esp-tls-mbedtls: No custom cipher suites provided - using default
D (5945) mbedtls: ssl_client.c:687 0x3ffc65bc: client hello, total extension length: 58

[mem-tick] t=    4377 ms phase=thr-setup    free=193304
D (5945) mbedtls: ssl_client.c:689 0x3ffc65bc: dumping 'client hello extensions' (58 bytes)

D (5955) mbedtls: ssl_client.c:689 0x3ffc65bc: 0000:  00 3a 00 0a 00 12 00 10 00 1d 00 17 00 18 00 1e  .:..............

D (5955) mbedtls: ssl_client.c:689 0x3ffc65bc: 0010:  00 19 00 1a 00 1b 00 1c 00 0d 00 0e 00 0c 06 03  ................

D (5955) mbedtls: ssl_client.c:689 0x3ffc65bc: 0020:  06 01 05 03 05 01 04 03 04 01 00 0b 00 02 01 00  ................

D (5955) mbedtls: ssl_client.c:689 0x3ffc65bc: 0030:  00 16 00 00 00 17 00 00 00 23                    .........#

I (5955) mbedtls: ssl_msg.c:2494 0x3ffc65bc: => write handshake message

I (5955) mbedtls: ssl_msg.c:2654 0x3ffc65bc: => write record

D (5955) mbedtls: ssl_msg.c:2737 0x3ffc65bc: output record: msgtype = 22, version = [3:3], msglen = 137

I (5955) mbedtls: ssl_tls.c:4282 0x3ffc7140: => handshake

I (5955) mbedtls: ssl_msg.c:2790 0x3ffc65bc: <= write record

I (5955) mbedtls: ssl_msg.c:2615 0x3ffc65bc: <= write handshake message

D (5955) mbedtls: ssl_misc.h:1295 0x3ffc65bc: handshake state: 1 (MBEDTLS_SSL_CLIENT_HELLO) -> 2 (MBEDTLS_SSL_SERVER_HELLO)

I (5955) mbedtls: ssl_client.c:1010 0x3ffc65bc: <= write client hello

I (5955) mbedtls: ssl_msg.c:2063 0x3ffc65bc: => flush output

I (5955) mbedtls: ssl_msg.c:2077 0x3ffc65bc: message length: 142, out_left: 142

I (5965) mbedtls: ssl_msg.c:2084 0x3ffc65bc: ssl->f_send() returned 142 (-0xffffff72)

I (5965) mbedtls: ssl_msg.c:2111 0x3ffc65bc: <= flush output

I (5965) mbedtls: ssl_tls.c:4201 0x3ffc65bc: client state: MBEDTLS_SSL_SERVER_HELLO

I (5965) mbedtls: ssl_tls12_client.c:1151 0x3ffc65bc: => parse server hello

I (5965) mbedtls: ssl_msg.c:4040 0x3ffc65bc: => read record

I (5965) mbedtls: ssl_msg.c:1865 0x3ffc65bc: => fetch input

I (5965) mbedtls: ssl_msg.c:2005 0x3ffc65bc: in_left: 0, nb_want: 5

I (5965) mbedtls: ssl_msg.c:2063 0x3ffc7140: => flush output

I (5965) mbedtls: ssl_msg.c:2072 0x3ffc7140: <= flush output

I (5965) mbedtls: ssl_tls12_server.c:3429 0x3ffc7140: server state: 0

D (5965) mbedtls: ssl_misc.h:1295 0x3ffc7140: handshake state: 0 (MBEDTLS_SSL_HELLO_REQUEST) -> 1 (MBEDTLS_SSL_CLIENT_HELLO)

I (5965) mbedtls: ssl_msg.c:2063 0x3ffc7140: => flush output

I (5965) mbedtls: ssl_msg.c:2072 0x3ffc7140: <= flush output

I (5965) mbedtls: ssl_tls12_server.c:3429 0x3ffc7140: server state: 1

I (5965) mbedtls: ssl_tls12_server.c:870 0x3ffc7140: => parse client hello

I (5965) mbedtls: ssl_msg.c:4040 0x3ffc7140: => read record

I (5965) mbedtls: ssl_msg.c:1865 0x3ffc7140: => fetch input

I (5965) mbedtls: ssl_msg.c:2005 0x3ffc7140: in_left: 0, nb_want: 5

I (5965) mbedtls: ssl_msg.c:2025 0x3ffc7140: in_left: 0, nb_want: 5

I (5965) mbedtls: ssl_msg.c:2028 0x3ffc7140: ssl->f_recv(_timeout)() returned 5 (-0xfffffffb)

I (5965) mbedtls: ssl_msg.c:2050 0x3ffc7140: <= fetch input

D (5965) mbedtls: ssl_msg.c:3707 0x3ffc7140: input record: msgtype = 22, version = [0x303], msglen = 137

I (5965) mbedtls: ssl_msg.c:1865 0x3ffc7140: => fetch input

I (5965) mbedtls: ssl_msg.c:2005 0x3ffc7140: in_left: 5, nb_want: 142

I (5965) mbedtls: ssl_msg.c:2025 0x3ffc7140: in_left: 5, nb_want: 142

I (5965) mbedtls: ssl_msg.c:2028 0x3ffc7140: ssl->f_recv(_timeout)() returned 137 (-0xffffff77)

I (5965) mbedtls: ssl_msg.c:2050 0x3ffc7140: <= fetch input

D (5965) mbedtls: ssl_msg.c:2948 0x3ffc7140: handshake message: msglen = 137, type = 1, hslen = 137

D (5975) mbedtls: ssl_msg.c:3085 0x3ffc7140: sole handshake fragment: 137, 0..137 of 137

I (5975) mbedtls: ssl_msg.c:4112 0x3ffc7140: <= read record

D (5975) mbedtls: ssl_tls12_server.c:981 0x3ffc7140: dumping 'client hello, version' (2 bytes)

D (5975) mbedtls: ssl_tls12_server.c:981 0x3ffc7140: 0000:  03 03                                            ..

D (5975) mbedtls: ssl_tls12_server.c:998 0x3ffc7140: dumping 'client hello, random bytes' (32 bytes)

D (5975) mbedtls: ssl_tls12_server.c:998 0x3ffc7140: 0000:  00 00 00 04 d7 23 b1 11 2d c0 41 f9 db 3f c6 1c  .....#..-.A..?..

D (5975) mbedtls: ssl_tls12_server.c:998 0x3ffc7140: 0010:  45 ed d9 0f 31 d4 ff 13 8a ea 0f f6 4c 1d 08 39  E...1.......L..9

D (5975) mbedtls: ssl_tls12_server.c:1015 0x3ffc7140: dumping 'client hello, session id' (0 bytes)

D (5975) mbedtls: ssl_tls12_server.c:1088 0x3ffc7140: dumping 'client hello, ciphersuitelist' (34 bytes)

D (5975) mbedtls: ssl_tls12_server.c:1088 0x3ffc7140: 0000:  c0 2c c0 30 c0 ad c0 24 c0 28 c0 0a c0 14 c0 af  .,.0...$.(......

D (5975) mbedtls: ssl_tls12_server.c:1088 0x3ffc7140: 0010:  c0 2b c0 2f c0 ac c0 23 c0 27 c0 09 c0 13 c0 ae  .+./...#.'......

D (5975) mbedtls: ssl_tls12_server.c:1088 0x3ffc7140: 0020:  00 ff                                            ..

D (5975) mbedtls: ssl_tls12_server.c:1110 0x3ffc7140: dumping 'client hello, compression' (1 bytes)

D (5975) mbedtls: ssl_tls12_server.c:1110 0x3ffc7140: 0000:  00                                               .

D (5975) mbedtls: ssl_tls12_server.c:1138 0x3ffc7140: dumping 'client hello extensions' (58 bytes)

D (5975) mbedtls: ssl_tls12_server.c:1138 0x3ffc7140: 0000:  00 0a 00 12 00 10 00 1d 00 17 00 18 00 1e 00 19  ................

D (5975) mbedtls: ssl_tls12_server.c:1138 0x3ffc7140: 0010:  00 1a 00 1b 00 1c 00 0d 00 0e 00 0c 06 03 06 01  ................

D (5975) mbedtls: ssl_tls12_server.c:1138 0x3ffc7140: 0020:  05 03 05 01 04 03 04 01 00 0b 00 02 01 00 00 16  ................

D (5975) mbedtls: ssl_tls12_server.c:1138 0x3ffc7140: 0030:  00 00 00 17 00 00 00 23 00 00                    .......#..

D (5975) mbedtls: ssl_tls12_server.c:1199 0x3ffc7140: found supported elliptic curves extension

D (5975) mbedtls: ssl_tls12_server.c:1184 0x3ffc7140: found signature_algorithms extension

D (5975) mbedtls: ssl_tls12_server.c:1208 0x3ffc7140: found supported point formats extension

D (5975) mbedtls: ssl_tls12_server.c:1255 0x3ffc7140: found encrypt then mac extension

D (5975) mbedtls: ssl_tls12_server.c:1266 0x3ffc7140: found extended master secret extension

D (5975) mbedtls: ssl_tls12_server.c:1277 0x3ffc7140: found session ticket extension

D (5975) mbedtls: ssl_tls12_server.c:1356 0x3ffc7140: received TLS_EMPTY_RENEGOTIATION_INFO 

D (5975) mbedtls: ssl_tls12_server.c:768 0x3ffc7140: trying ciphersuite: 0xc02c (TLS-ECDHE-ECDSA-WITH-AES-256-GCM-SHA384)

D (5975) mbedtls: ssl_tls12_server.c:677 0x3ffc7140: ciphersuite requires certificate

D (5975) mbedtls: ssl_tls12_server.c:686 0x3ffc7140: candidate certificate chain, certificate #1:

D (5975) mbedtls: ssl_tls12_server.c:686 0x3ffc7140: cert. version     : 3

D (5975) mbedtls: ssl_tls12_server.c:686 0x3ffc7140: serial number     : 77:66:A5:9D:AF:14:9E:F2:03:F7:3C:2B:1A:5C:81:86:F8:A3:4E:52

D (5975) mbedtls: ssl_tls12_server.c:686 0x3ffc7140: issuer name       : CN=localhost

D (5975) mbedtls: ssl_tls12_server.c:686 0x3ffc7140: subject name      : CN=localhost

D (5975) mbedtls: ssl_tls12_server.c:686 0x3ffc7140: issued  on        : 2026-08-26 20:20:30

D (5975) mbedtls: ssl_tls12_server.c:686 0x3ffc7140: expires on        : 2026-09-25 20:20:30

D (5975) mbedtls: ssl_tls12_server.c:686 0x3ffc7140: signed using      : RSA with SHA-256

D (5975) mbedtls: ssl_tls12_server.c:686 0x3ffc7140: RSA key size      : 2048 bits

D (5975) mbedtls: ssl_tls12_server.c:686 0x3ffc7140: basic constraints : CA=true

D (5975) mbedtls: ssl_tls12_server.c:686 0x3ffc7140: dumping 'crt->PK' (270 bytes)

D (5975) mbedtls: ssl_tls12_server.c:686 0x3ffc7140: 0000:  30 82 01 0a 02 82 01 01 00 dd 03 19 3e 8f 4a 05

D (5975) mbedtls: ssl_tls12_server.c:686 0x3ffc7140: 0010:  9c d6 74 e1 46 bc 40 7a 7e af 78 09 38 f6 d0 1c

D (5985) mbedtls: ssl_tls12_server.c:686 0x3ffc7140: 0020:  9d e4 2b 18 4c a1 87 f6 83 55 82 2d e0 21 fb b2

D (5985) mbedtls: ssl_tls12_server.c:686 0x3ffc7140: 0030:  00 2f 9b 98 36 24 73 47 a2 11 bb 50 05 1c 9e 40

D (5985) mbedtls: ssl_tls12_server.c:686 0x3ffc7140: 0040:  41 c9 de 81 7e a1 eb 82 48 35 d0 51 24 0d 22 bd

D (5985) mbedtls: ssl_tls12_server.c:686 0x3ffc7140: 0050:  7e c7 0b 60 74 e2 60 3e 76 de c1 3d b5 9f e9 d2

D (5985) mbedtls: ssl_tls12_server.c:686 0x3ffc7140: 0060:  ac 90 d3 84 2a 75 7c 41 8a 11 14 c8 bc 09 7b 9d

D (5985) mbedtls: ssl_tls12_server.c:686 0x3ffc7140: 0070:  45 54 95 c1 50 05 be f1 34 c0 05 55 f5 a2 b3 a8

D (5985) mbedtls: ssl_tls12_server.c:686 0x3ffc7140: 0080:  24 f6 ab 22 df 72 97 ef b5 8f e4 fe 49 be 4f c1

D (5985) mbedtls: ssl_tls12_server.c:686 0x3ffc7140: 0090:  08 e0 39 7a cd ba 74 2e d1 20 74 ad 6b 59 ab 86

D (5985) mbedtls: ssl_tls12_server.c:686 0x3ffc7140: 00a0:  5d 29 ab 81 f0 c1 22 3f 01 b9 0b a1 fb ee 70 9f

D (5985) mbedtls: ssl_tls12_server.c:686 0x3ffc7140: 00b0:  eb 29 5e 9f 1d 6a 0d dc 65 fd 5e 5d 38 0c 1a c3

D (5985) mbedtls: ssl_tls12_server.c:686 0x3ffc7140: 00c0:  ae b7 b7 2f 66 23 82 80 ab 7d 69 7c 8f 95 ab e8

D (5985) mbedtls: ssl_tls12_server.c:686 0x3ffc7140: 00d0:  c0 4d 21 42 7d 78 c8 25 8b 60 f6 0d 87 c9 f4 df

D (5985) mbedtls: ssl_tls12_server.c:686 0x3ffc7140: 00e0:  36 bf 16 7c 59 16 d1 09 ec 17 67 cf 5d 9f 8f 78

D (5985) mbedtls: ssl_tls12_server.c:686 0x3ffc7140: 00f0:  8c 3d d0 02 18 d5 bc a7 19 f4 51 fe 1d b3 20 40

D (5985) mbedtls: ssl_tls12_server.c:686 0x3ffc7140: 0100:  67 7e 3a cc 30 f3 8d a0 ef 02 03 01 00 01      

D (5985) mbedtls: ssl_tls12_server.c:700 0x3ffc7140: certificate mismatch: key type

D (5985) mbedtls: ssl_tls12_server.c:819 0x3ffc7140: ciphersuite mismatch: no suitable certificate

D (5985) mbedtls: ssl_tls12_server.c:768 0x3ffc7140: trying ciphersuite: 0xc030 (TLS-ECDHE-RSA-WITH-AES-256-GCM-SHA384)

D (5985) mbedtls: ssl_tls12_server.c:677 0x3ffc7140: ciphersuite requires certificate

D (5985) mbedtls: ssl_tls12_server.c:686 0x3ffc7140: candidate certificate chain, certificate #1:

D (5985) mbedtls: ssl_tls12_server.c:686 0x3ffc7140: cert. version     : 3

D (5985) mbedtls: ssl_tls12_server.c:686 0x3ffc7140: serial number     : 77:66:A5:9D:AF:14:9E:F2:03:F7:3C:2B:1A:5C:81:86:F8:A3:4E:52

D (5985) mbedtls: ssl_tls12_server.c:686 0x3ffc7140: issuer name       : CN=localhost

D (5985) mbedtls: ssl_tls12_server.c:686 0x3ffc7140: subject name      : CN=localhost

D (5985) mbedtls: ssl_tls12_server.c:686 0x3ffc7140: issued  on        : 2026-08-26 20:20:30

D (5985) mbedtls: ssl_tls12_server.c:686 0x3ffc7140: expires on        : 2026-09-25 20:20:30

D (5985) mbedtls: ssl_tls12_server.c:686 0x3ffc7140: signed using      : RSA with SHA-256

D (5985) mbedtls: ssl_tls12_server.c:686 0x3ffc7140: RSA key size      : 2048 bits

D (5985) mbedtls: ssl_tls12_server.c:686 0x3ffc7140: basic constraints : CA=true

D (5985) mbedtls: ssl_tls12_server.c:686 0x3ffc7140: dumping 'crt->PK' (270 bytes)

D (5985) mbedtls: ssl_tls12_server.c:686 0x3ffc7140: 0000:  30 82 01 0a 02 82 01 01 00 dd 03 19 3e 8f 4a 05

D (5985) mbedtls: ssl_tls12_server.c:686 0x3ffc7140: 0010:  9c d6 74 e1 46 bc 40 7a 7e af 78 09 38 f6 d0 1c

D (5985) mbedtls: ssl_tls12_server.c:686 0x3ffc7140: 0020:  9d e4 2b 18 4c a1 87 f6 83 55 82 2d e0 21 fb b2

D (5985) mbedtls: ssl_tls12_server.c:686 0x3ffc7140: 0030:  00 2f 9b 98 36 24 73 47 a2 11 bb 50 05 1c 9e 40

D (5985) mbedtls: ssl_tls12_server.c:686 0x3ffc7140: 0040:  41 c9 de 81 7e a1 eb 82 48 35 d0 51 24 0d 22 bd

D (5985) mbedtls: ssl_tls12_server.c:686 0x3ffc7140: 0050:  7e c7 0b 60 74 e2 60 3e 76 de c1 3d b5 9f e9 d2

D (5985) mbedtls: ssl_tls12_server.c:686 0x3ffc7140: 0060:  ac 90 d3 84 2a 75 7c 41 8a 11 14 c8 bc 09 7b 9d

D (5985) mbedtls: ssl_tls12_server.c:686 0x3ffc7140: 0070:  45 54 95 c1 50 05 be f1 34 c0 05 55 f5 a2 b3 a8

D (5985) mbedtls: ssl_tls12_server.c:686 0x3ffc7140: 0080:  24 f6 ab 22 df 72 97 ef b5 8f e4 fe 49 be 4f c1

D (5985) mbedtls: ssl_tls12_server.c:686 0x3ffc7140: 0090:  08 e0 39 7a cd ba 74 2e d1 20 74 ad 6b 59 ab 86

D (5985) mbedtls: ssl_tls12_server.c:686 0x3ffc7140: 00a0:  5d 29 ab 81 f0 c1 22 3f 01 b9 0b a1 fb ee 70 9f

D (5985) mbedtls: ssl_tls12_server.c:686 0x3ffc7140: 00b0:  eb 29 5e 9f 1d 6a 0d dc 65 fd 5e 5d 38 0c 1a c3

D (5985) mbedtls: ssl_tls12_server.c:686 0x3ffc7140: 00c0:  ae b7 b7 2f 66 23 82 80 ab 7d 69 7c 8f 95 ab e8

D (5985) mbedtls: ssl_tls12_server.c:686 0x3ffc7140: 00d0:  c0 4d 21 42 7d 78 c8 25 8b 60 f6 0d 87 c9 f4 df

D (5985) mbedtls: ssl_tls12_server.c:686 0x3ffc7140: 00e0:  36 bf 16 7c 59 16 d1 09 ec 17 67 cf 5d 9f 8f 78

D (5985) mbedtls: ssl_tls12_server.c:686 0x3ffc7140: 00f0:  8c 3d d0 02 18 d5 bc a7 19 f4 51 fe 1d b3 20 40

D (5995) mbedtls: ssl_tls12_server.c:686 0x3ffc7140: 0100:  67 7e 3a cc 30 f3 8d a0 ef 02 03 01 00 01      

D (5995) mbedtls: ssl_tls12_server.c:737 0x3ffc7140: selected certificate chain, certificate #1:

D (5995) mbedtls: ssl_tls12_server.c:737 0x3ffc7140: cert. version     : 3

D (5995) mbedtls: ssl_tls12_server.c:737 0x3ffc7140: serial number     : 77:66:A5:9D:AF:14:9E:F2:03:F7:3C:2B:1A:5C:81:86:F8:A3:4E:52

D (5995) mbedtls: ssl_tls12_server.c:737 0x3ffc7140: issuer name       : CN=localhost

D (5995) mbedtls: ssl_tls12_server.c:737 0x3ffc7140: subject name      : CN=localhost

D (5995) mbedtls: ssl_tls12_server.c:737 0x3ffc7140: issued  on        : 2026-08-26 20:20:30

D (5995) mbedtls: ssl_tls12_server.c:737 0x3ffc7140: expires on        : 2026-09-25 20:20:30

D (5995) mbedtls: ssl_tls12_server.c:737 0x3ffc7140: signed using      : RSA with SHA-256

D (5995) mbedtls: ssl_tls12_server.c:737 0x3ffc7140: RSA key size      : 2048 bits

D (5995) mbedtls: ssl_tls12_server.c:737 0x3ffc7140: basic constraints : CA=true

D (5995) mbedtls: ssl_tls12_server.c:737 0x3ffc7140: dumping 'crt->PK' (270 bytes)

D (5995) mbedtls: ssl_tls12_server.c:737 0x3ffc7140: 0000:  30 82 01 0a 02 82 01 01 00 dd 03 19 3e 8f 4a 05

D (5995) mbedtls: ssl_tls12_server.c:737 0x3ffc7140: 0010:  9c d6 74 e1 46 bc 40 7a 7e af 78 09 38 f6 d0 1c

D (5995) mbedtls: ssl_tls12_server.c:737 0x3ffc7140: 0020:  9d e4 2b 18 4c a1 87 f6 83 55 82 2d e0 21 fb b2

D (5995) mbedtls: ssl_tls12_server.c:737 0x3ffc7140: 0030:  00 2f 9b 98 36 24 73 47 a2 11 bb 50 05 1c 9e 40

D (5995) mbedtls: ssl_tls12_server.c:737 0x3ffc7140: 0040:  41 c9 de 81 7e a1 eb 82 48 35 d0 51 24 0d 22 bd

D (5995) mbedtls: ssl_tls12_server.c:737 0x3ffc7140: 0050:  7e c7 0b 60 74 e2 60 3e 76 de c1 3d b5 9f e9 d2

D (5995) mbedtls: ssl_tls12_server.c:737 0x3ffc7140: 0060:  ac 90 d3 84 2a 75 7c 41 8a 11 14 c8 bc 09 7b 9d

D (5995) mbedtls: ssl_tls12_server.c:737 0x3ffc7140: 0070:  45 54 95 c1 50 05 be f1 34 c0 05 55 f5 a2 b3 a8

D (5995) mbedtls: ssl_tls12_server.c:737 0x3ffc7140: 0080:  24 f6 ab 22 df 72 97 ef b5 8f e4 fe 49 be 4f c1

D (5995) mbedtls: ssl_tls12_server.c:737 0x3ffc7140: 0090:  08 e0 39 7a cd ba 74 2e d1 20 74 ad 6b 59 ab 86

D (5995) mbedtls: ssl_tls12_server.c:737 0x3ffc7140: 00a0:  5d 29 ab 81 f0 c1 22 3f 01 b9 0b a1 fb ee 70 9f

D (5995) mbedtls: ssl_tls12_server.c:737 0x3ffc7140: 00b0:  eb 29 5e 9f 1d 6a 0d dc 65 fd 5e 5d 38 0c 1a c3

D (5995) mbedtls: ssl_tls12_server.c:737 0x3ffc7140: 00c0:  ae b7 b7 2f 66 23 82 80 ab 7d 69 7c 8f 95 ab e8

D (5995) mbedtls: ssl_tls12_server.c:737 0x3ffc7140: 00d0:  c0 4d 21 42 7d 78 c8 25 8b 60 f6 0d 87 c9 f4 df

D (5995) mbedtls: ssl_tls12_server.c:737 0x3ffc7140: 00e0:  36 bf 16 7c 59 16 d1 09 ec 17 67 cf 5d 9f 8f 78

D (5995) mbedtls: ssl_tls12_server.c:737 0x3ffc7140: 00f0:  8c 3d d0 02 18 d5 bc a7 19 f4 51 fe 1d b3 20 40

D (5995) mbedtls: ssl_tls12_server.c:737 0x3ffc7140: 0100:  67 7e 3a cc 30 f3 8d a0 ef 02 03 01 00 01      

I (5995) mbedtls: ssl_tls12_server.c:1480 0x3ffc7140: selected ciphersuite: TLS-ECDHE-RSA-WITH-AES-256-GCM-SHA384

D (5995) mbedtls: ssl_misc.h:1295 0x3ffc7140: handshake state: 1 (MBEDTLS_SSL_CLIENT_HELLO) -> 2 (MBEDTLS_SSL_SERVER_HELLO)

D (5995) mbedtls: ssl_tls12_server.c:1500 0x3ffc7140: client hello v3, signature_algorithm ext: 6

I (5995) mbedtls: ssl_tls12_server.c:1508 0x3ffc7140: <= parse client hello

I (5995) mbedtls: ssl_msg.c:2063 0x3ffc7140: => flush output

I (5995) mbedtls: ssl_msg.c:2072 0x3ffc7140: <= flush output

I (5995) mbedtls: ssl_tls12_server.c:3429 0x3ffc7140: server state: 2

I (5995) mbedtls: ssl_tls12_server.c:1985 0x3ffc7140: => write server hello

D (5995) mbedtls: ssl_tls12_server.c:2010 0x3ffc7140: server hello, chosen version: [3:3]

D (5995) mbedtls: ssl_tls12_server.c:2018 0x3ffc7140: server hello, current time: 4

D (5995) mbedtls: ssl_tls12_server.c:2062 0x3ffc7140: dumping 'server hello, random bytes' (32 bytes)

D (5995) mbedtls: ssl_tls12_server.c:2062 0x3ffc7140: 0000:  00 00 00 04 04 36 c8 40 07 2d f2 15 de c7 47 68  .....6.@.-....Gh

D (5995) mbedtls: ssl_tls12_server.c:2062 0x3ffc7140: 0010:  07 24 70 ba 0a 4b 6b a0 eb 61 8f 4f 8f bd 3d 4b  .$p..Kk..a.O..=K

D (6005) mbedtls: ssl_misc.h:1295 0x3ffc7140: handshake state: 2 (MBEDTLS_SSL_SERVER_HELLO) -> 3 (MBEDTLS_SSL_SERVER_CERTIFICATE)

D (6005) mbedtls: ssl_tls12_server.c:2115 0x3ffc7140: server hello, session id len.: 32

D (6005) mbedtls: ssl_tls12_server.c:2116 0x3ffc7140: dumping 'server hello, session id' (32 bytes)

D (6005) mbedtls: ssl_tls12_server.c:2116 0x3ffc7140: 0000:  93 2e d2 52 45 79 f9 48 7c 0e b4 64 85 c1 e9 62  ...REy.H|..d...b

D (6005) mbedtls: ssl_tls12_server.c:2116 0x3ffc7140: 0010:  ec 46 1d f6 ab c3 88 f9 0b d7 8e 27 45 1f 30 72  .F.........'E.0r

D (6005) mbedtls: ssl_tls12_server.c:2117 0x3ffc7140: no session has been resumed

D (6005) mbedtls: ssl_tls12_server.c:2124 0x3ffc7140: server hello, chosen ciphersuite: TLS-ECDHE-RSA-WITH-AES-256-GCM-SHA384

D (6005) mbedtls: ssl_tls12_server.c:2126 0x3ffc7140: server hello, compress alg.: 0x00

D (6005) mbedtls: ssl_tls12_server.c:1663 0x3ffc7140: server hello, secure renegotiation extension

D (6005) mbedtls: ssl_tls12_server.c:1615 0x3ffc7140: server hello, adding extended master secret extension

D (6005) mbedtls: ssl_tls12_server.c:1731 0x3ffc7140: server hello, supported_point_formats extension

D (6005) mbedtls: ssl_tls12_server.c:2191 0x3ffc7140: server hello, total extension length: 15

I (6005) mbedtls: ssl_msg.c:2494 0x3ffc7140: => write handshake message

I (6005) mbedtls: ssl_msg.c:2654 0x3ffc7140: => write record

D (6005) mbedtls: ssl_msg.c:2737 0x3ffc7140: output record: msgtype = 22, version = [3:3], msglen = 91

I (6005) mbedtls: ssl_msg.c:2063 0x3ffc7140: => flush output

I (6005) mbedtls: ssl_msg.c:2077 0x3ffc7140: message length: 96, out_left: 96

I (6005) mbedtls: ssl_msg.c:2025 0x3ffc65bc: in_left: 0, nb_want: 5

I (6005) mbedtls: ssl_msg.c:2028 0x3ffc65bc: ssl->f_recv(_timeout)() returned 5 (-0xfffffffb)

I (6005) mbedtls: ssl_msg.c:2050 0x3ffc65bc: <= fetch input

I (6005) mbedtls: ssl_msg.c:2084 0x3ffc7140: ssl->f_send() returned 96 (-0xffffffa0)

D (6015) mbedtls: ssl_msg.c:3707 0x3ffc65bc: input record: msgtype = 22, version = [0x303], msglen = 91

I (6015) mbedtls: ssl_msg.c:1865 0x3ffc65bc: => fetch input

I (6015) mbedtls: ssl_msg.c:2005 0x3ffc65bc: in_left: 5, nb_want: 96

I (6015) mbedtls: ssl_msg.c:2025 0x3ffc65bc: in_left: 5, nb_want: 96

I (6015) mbedtls: ssl_msg.c:2028 0x3ffc65bc: ssl->f_recv(_timeout)() returned 91 (-0xffffffa5)

I (6015) mbedtls: ssl_msg.c:2050 0x3ffc65bc: <= fetch input

D (6015) mbedtls: ssl_msg.c:2948 0x3ffc65bc: handshake message: msglen = 91, type = 2, hslen = 91

D (6015) mbedtls: ssl_msg.c:3085 0x3ffc65bc: sole handshake fragment: 91, 0..91 of 91

I (6015) mbedtls: ssl_msg.c:4112 0x3ffc65bc: <= read record

D (6015) mbedtls: ssl_tls12_client.c:1225 0x3ffc65bc: dumping 'server hello, version' (2 bytes)

D (6015) mbedtls: ssl_tls12_client.c:1225 0x3ffc65bc: 0000:  03 03                                            ..

D (6015) mbedtls: ssl_tls12_client.c:1246 0x3ffc65bc: server hello, current time: 4

D (6015) mbedtls: ssl_tls12_client.c:1256 0x3ffc65bc: dumping 'server hello, random bytes' (32 bytes)

D (6015) mbedtls: ssl_tls12_client.c:1256 0x3ffc65bc: 0000:  00 00 00 04 04 36 c8 40 07 2d f2 15 de c7 47 68  .....6.@.-....Gh

D (6015) mbedtls: ssl_tls12_client.c:1256 0x3ffc65bc: 0010:  07 24 70 ba 0a 4b 6b a0 eb 61 8f 4f 8f bd 3d 4b  .$p..Kk..a.O..=K

D (6015) mbedtls: ssl_tls12_client.c:1318 0x3ffc65bc: server hello, session id len.: 32

D (6015) mbedtls: ssl_tls12_client.c:1319 0x3ffc65bc: dumping 'server hello, session id' (32 bytes)

D (6015) mbedtls: ssl_tls12_client.c:1319 0x3ffc65bc: 0000:  93 2e d2 52 45 79 f9 48 7c 0e b4 64 85 c1 e9 62  ...REy.H|..d...b

D (6015) mbedtls: ssl_tls12_client.c:1319 0x3ffc65bc: 0010:  ec 46 1d f6 ab c3 88 f9 0b d7 8e 27 45 1f 30 72  .F.........'E.0r

D (6015) mbedtls: ssl_misc.h:1295 0x3ffc65bc: handshake state: 2 (MBEDTLS_SSL_SERVER_HELLO) -> 3 (MBEDTLS_SSL_SERVER_CERTIFICATE)

D (6015) mbedtls: ssl_tls12_client.c:1343 0x3ffc65bc: no session has been resumed

D (6015) mbedtls: ssl_tls12_client.c:1346 0x3ffc65bc: server hello, chosen ciphersuite: c030

D (6015) mbedtls: ssl_tls12_client.c:1347 0x3ffc65bc: server hello, compress alg.: 0

D (6015) mbedtls: ssl_tls12_client.c:1382 0x3ffc65bc: server hello, chosen ciphersuite: TLS-ECDHE-RSA-WITH-AES-256-GCM-SHA384

I (6015) mbedtls: ssl_tls12_client.c:1403 0x3ffc65bc: server hello, total extension length: 15

D (6015) mbedtls: ssl_tls12_client.c:1421 0x3ffc65bc: found renegotiation extension

D (6015) mbedtls: ssl_tls12_client.c:1473 0x3ffc65bc: found extended_master_secret extension

D (6015) mbedtls: ssl_tls12_client.c:1500 0x3ffc65bc: found supported_point_formats extension

I (6015) mbedtls: ssl_tls12_client.c:1617 0x3ffc65bc: <= parse server hello

I (6015) mbedtls: ssl_msg.c:2063 0x3ffc65bc: => flush output

I (6015) mbedtls: ssl_msg.c:2072 0x3ffc65bc: <= flush output

I (6015) mbedtls: ssl_tls.c:4201 0x3ffc65bc: client state: MBEDTLS_SSL_SERVER_CERTIFICATE

I (6015) mbedtls: ssl_tls.c:7077 0x3ffc65bc: => parse certificate

I (6015) mbedtls: ssl_msg.c:4040 0x3ffc65bc: => read record

I (6015) mbedtls: ssl_msg.c:1865 0x3ffc65bc: => fetch input

I (6015) mbedtls: ssl_msg.c:2005 0x3ffc65bc: in_left: 0, nb_want: 5

I (6015) mbedtls: ssl_msg.c:2111 0x3ffc7140: <= flush output

I (6015) mbedtls: ssl_msg.c:2790 0x3ffc7140: <= write record

I (6015) mbedtls: ssl_msg.c:2615 0x3ffc7140: <= write handshake message

I (6015) mbedtls: ssl_tls12_server.c:2205 0x3ffc7140: <= write server hello

I (6015) mbedtls: ssl_msg.c:2063 0x3ffc7140: => flush output

I (6015) mbedtls: ssl_msg.c:2072 0x3ffc7140: <= flush output

I (6015) mbedtls: ssl_tls12_server.c:3429 0x3ffc7140: server state: 3

I (6015) mbedtls: ssl_tls.c:6675 0x3ffc7140: => write certificate

D (6015) mbedtls: ssl_tls.c:6702 0x3ffc7140: own certificate #1:

D (6015) mbedtls: ssl_tls.c:6702 0x3ffc7140: cert. version     : 3

D (6015) mbedtls: ssl_tls.c:6702 0x3ffc7140: serial number     : 77:66:A5:9D:AF:14:9E:F2:03:F7:3C:2B:1A:5C:81:86:F8:A3:4E:52

D (6015) mbedtls: ssl_tls.c:6702 0x3ffc7140: issuer name       : CN=localhost

D (6015) mbedtls: ssl_tls.c:6702 0x3ffc7140: subject name      : CN=localhost

D (6015) mbedtls: ssl_tls.c:6702 0x3ffc7140: issued  on        : 2026-08-26 20:20:30

D (6015) mbedtls: ssl_tls.c:6702 0x3ffc7140: expires on        : 2026-09-25 20:20:30

D (6015) mbedtls: ssl_tls.c:6702 0x3ffc7140: signed using      : RSA with SHA-256

D (6015) mbedtls: ssl_tls.c:6702 0x3ffc7140: RSA key size      : 2048 bits

D (6015) mbedtls: ssl_tls.c:6702 0x3ffc7140: basic constraints : CA=true

D (6025) mbedtls: ssl_tls.c:6702 0x3ffc7140: dumping 'crt->PK' (270 bytes)

D (6025) mbedtls: ssl_tls.c:6702 0x3ffc7140: 0000:  30 82 01 0a 02 82 01 01 00 dd 03 19 3e 8f 4a 05

D (6025) mbedtls: ssl_tls.c:6702 0x3ffc7140: 0010:  9c d6 74 e1 46 bc 40 7a 7e af 78 09 38 f6 d0 1c

D (6025) mbedtls: ssl_tls.c:6702 0x3ffc7140: 0020:  9d e4 2b 18 4c a1 87 f6 83 55 82 2d e0 21 fb b2

D (6025) mbedtls: ssl_tls.c:6702 0x3ffc7140: 0030:  00 2f 9b 98 36 24 73 47 a2 11 bb 50 05 1c 9e 40

D (6025) mbedtls: ssl_tls.c:6702 0x3ffc7140: 0040:  41 c9 de 81 7e a1 eb 82 48 35 d0 51 24 0d 22 bd

D (6025) mbedtls: ssl_tls.c:6702 0x3ffc7140: 0050:  7e c7 0b 60 74 e2 60 3e 76 de c1 3d b5 9f e9 d2

D (6025) mbedtls: ssl_tls.c:6702 0x3ffc7140: 0060:  ac 90 d3 84 2a 75 7c 41 8a 11 14 c8 bc 09 7b 9d

D (6025) mbedtls: ssl_tls.c:6702 0x3ffc7140: 0070:  45 54 95 c1 50 05 be f1 34 c0 05 55 f5 a2 b3 a8

D (6025) mbedtls: ssl_tls.c:6702 0x3ffc7140: 0080:  24 f6 ab 22 df 72 97 ef b5 8f e4 fe 49 be 4f c1

D (6025) mbedtls: ssl_tls.c:6702 0x3ffc7140: 0090:  08 e0 39 7a cd ba 74 2e d1 20 74 ad 6b 59 ab 86

D (6025) mbedtls: ssl_tls.c:6702 0x3ffc7140: 00a0:  5d 29 ab 81 f0 c1 22 3f 01 b9 0b a1 fb ee 70 9f

D (6025) mbedtls: ssl_tls.c:6702 0x3ffc7140: 00b0:  eb 29 5e 9f 1d 6a 0d dc 65 fd 5e 5d 38 0c 1a c3

D (6025) mbedtls: ssl_tls.c:6702 0x3ffc7140: 00c0:  ae b7 b7 2f 66 23 82 80 ab 7d 69 7c 8f 95 ab e8

D (6025) mbedtls: ssl_tls.c:6702 0x3ffc7140: 00d0:  c0 4d 21 42 7d 78 c8 25 8b 60 f6 0d 87 c9 f4 df

D (6025) mbedtls: ssl_tls.c:6702 0x3ffc7140: 00e0:  36 bf 16 7c 59 16 d1 09 ec 17 67 cf 5d 9f 8f 78

D (6025) mbedtls: ssl_tls.c:6702 0x3ffc7140: 00f0:  8c 3d d0 02 18 d5 bc a7 19 f4 51 fe 1d b3 20 40

D (6025) mbedtls: ssl_tls.c:6702 0x3ffc7140: 0100:  67 7e 3a cc 30 f3 8d a0 ef 02 03 01 00 01      

D (6025) mbedtls: ssl_misc.h:1295 0x3ffc7140: handshake state: 3 (MBEDTLS_SSL_SERVER_CERTIFICATE) -> 4 (MBEDTLS_SSL_SERVER_KEY_EXCHANGE)

I (6025) mbedtls: ssl_msg.c:2494 0x3ffc7140: => write handshake message

I (6025) mbedtls: ssl_msg.c:2654 0x3ffc7140: => write record

D (6025) mbedtls: ssl_msg.c:2737 0x3ffc7140: output record: msgtype = 22, version = [3:3], msglen = 791

I (6025) mbedtls: ssl_msg.c:2063 0x3ffc7140: => flush output

I (6025) mbedtls: ssl_msg.c:2077 0x3ffc7140: message length: 796, out_left: 796

I (6025) mbedtls: ssl_msg.c:2084 0x3ffc7140: ssl->f_send() returned 796 (-0xfffffce4)

I (6025) mbedtls: ssl_msg.c:2111 0x3ffc7140: <= flush output

I (6025) mbedtls: ssl_msg.c:2790 0x3ffc7140: <= write record

I (6025) mbedtls: ssl_msg.c:2615 0x3ffc7140: <= write handshake message

I (6025) mbedtls: ssl_tls.c:6748 0x3ffc7140: <= write certificate

I (6025) mbedtls: ssl_msg.c:2063 0x3ffc7140: => flush output

I (6025) mbedtls: ssl_msg.c:2072 0x3ffc7140: <= flush output

I (6025) mbedtls: ssl_tls12_server.c:3429 0x3ffc7140: server state: 4

I (6025) mbedtls: ssl_tls12_server.c:2796 0x3ffc7140: => write server key exchange

I (6025) mbedtls: ssl_tls12_server.c:2558 0x3ffc7140: ECDHE curve: x25519

D (6025) mbedtls: ssl_tls12_server.c:2571 0x3ffc7140: Perform PSA-based ECDH computation.

[mem-tick] t=    4470 ms phase=thr-setup    free=164400
I (6085) mbedtls: ssl_msg.c:2025 0x3ffc65bc: in_left: 0, nb_want: 5

I (6085) mbedtls: ssl_msg.c:2028 0x3ffc65bc: ssl->f_recv(_timeout)() returned 5 (-0xfffffffb)

I (6085) mbedtls: ssl_msg.c:2050 0x3ffc65bc: <= fetch input

D (6095) mbedtls: ssl_msg.c:3707 0x3ffc65bc: input record: msgtype = 22, version = [0x303], msglen = 791

I (6095) mbedtls: ssl_msg.c:1865 0x3ffc65bc: => fetch input

I (6095) mbedtls: ssl_msg.c:2005 0x3ffc65bc: in_left: 5, nb_want: 796

I (6105) mbedtls: ssl_msg.c:2025 0x3ffc65bc: in_left: 5, nb_want: 796

I (6105) mbedtls: ssl_msg.c:2028 0x3ffc65bc: ssl->f_recv(_timeout)() returned 791 (-0xfffffce9)

I (6105) mbedtls: ssl_msg.c:2050 0x3ffc65bc: <= fetch input

D (6145) mbedtls: ssl_msg.c:2948 0x3ffc65bc: handshake message: msglen = 791, type = 11, hslen = 791

D (6145) mbedtls: ssl_msg.c:3085 0x3ffc65bc: sole handshake fragment: 791, 0..791 of 791

I (6165) mbedtls: ssl_msg.c:4112 0x3ffc65bc: <= read record

D (6165) mbedtls: ssl_tls.c:6952 0x3ffc65bc: peer certificate #1:

D (6165) mbedtls: ssl_tls.c:6952 0x3ffc65bc: cert. version     : 3

D (6165) mbedtls: ssl_tls.c:6952 0x3ffc65bc: serial number     : 77:66:A5:9D:AF:14:9E:F2:03:F7:3C:2B:1A:5C:81:86:F8:A3:4E:52

D (6165) mbedtls: ssl_tls.c:6952 0x3ffc65bc: issuer name       : CN=localhost

D (6165) mbedtls: ssl_tls.c:6952 0x3ffc65bc: subject name      : CN=localhost

D (6165) mbedtls: ssl_tls.c:6952 0x3ffc65bc: issued  on        : 2026-08-26 20:20:30

D (6165) mbedtls: ssl_tls.c:6952 0x3ffc65bc: expires on        : 2026-09-25 20:20:30

D (6165) mbedtls: ssl_tls.c:6952 0x3ffc65bc: signed using      : RSA with SHA-256

D (6165) mbedtls: ssl_tls.c:6952 0x3ffc65bc: RSA key size      : 2048 bits

D (6165) mbedtls: ssl_tls.c:6952 0x3ffc65bc: basic constraints : CA=true

D (6165) mbedtls: ssl_tls.c:6952 0x3ffc65bc: dumping 'crt->PK' (270 bytes)

D (6165) mbedtls: ssl_tls.c:6952 0x3ffc65bc: 0000:  30 82 01 0a 02 82 01 01 00 dd 03 19 3e 8f 4a 05

D (6165) mbedtls: ssl_tls.c:6952 0x3ffc65bc: 0010:  9c d6 74 e1 46 bc 40 7a 7e af 78 09 38 f6 d0 1c

D (6165) mbedtls: ssl_tls.c:6952 0x3ffc65bc: 0020:  9d e4 2b 18 4c a1 87 f6 83 55 82 2d e0 21 fb b2

D (6165) mbedtls: ssl_tls.c:6952 0x3ffc65bc: 0030:  00 2f 9b 98 36 24 73 47 a2 11 bb 50 05 1c 9e 40

D (6165) mbedtls: ssl_tls.c:6952 0x3ffc65bc: 0040:  41 c9 de 81 7e a1 eb 82 48 35 d0 51 24 0d 22 bd

D (6165) mbedtls: ssl_tls.c:6952 0x3ffc65bc: 0050:  7e c7 0b 60 74 e2 60 3e 76 de c1 3d b5 9f e9 d2

D (6165) mbedtls: ssl_tls.c:6952 0x3ffc65bc: 0060:  ac 90 d3 84 2a 75 7c 41 8a 11 14 c8 bc 09 7b 9d

D (6165) mbedtls: ssl_tls.c:6952 0x3ffc65bc: 0070:  45 54 95 c1 50 05 be f1 34 c0 05 55 f5 a2 b3 a8

D (6165) mbedtls: ssl_tls.c:6952 0x3ffc65bc: 0080:  24 f6 ab 22 df 72 97 ef b5 8f e4 fe 49 be 4f c1

D (6165) mbedtls: ssl_tls.c:6952 0x3ffc65bc: 0090:  08 e0 39 7a cd ba 74 2e d1 20 74 ad 6b 59 ab 86

D (6165) mbedtls: ssl_tls12_server.c:2694 0x3ffc7140: pick hash algorithm 11 for signing

D (6165) mbedtls: ssl_tls.c:6952 0x3ffc65bc: 00a0:  5d 29 ab 81 f0 c1 22 3f 01 b9 0b a1 fb ee 70 9f

D (6165) mbedtls: ssl_tls.c:6952 0x3ffc65bc: 00b0:  eb 29 5e 9f 1d 6a 0d dc 65 fd 5e 5d 38 0c 1a c3

D (6165) mbedtls: ssl_tls.c:8082 0x3ffc7140: Perform PSA-based computation of digest of ServerKeyExchange

D (6165) mbedtls: ssl_tls.c:6952 0x3ffc65bc: 00c0:  ae b7 b7 2f 66 23 82 80 ab 7d 69 7c 8f 95 ab e8

D (6165) mbedtls: ssl_tls.c:6952 0x3ffc65bc: 00d0:  c0 4d 21 42 7d 78 c8 25 8b 60 f6 0d 87 c9 f4 df

[mem-tick] t=    4594 ms phase=thr-setup    free=165876
D (6165) mbedtls: ssl_tls.c:6952 0x3ffc65bc: 00e0:  36 bf 16 7c 59 16 d1 09 ec 17 67 cf 5d 9f 8f 78

D (6165) mbedtls: ssl_tls12_server.c:2712 0x3ffc7140: dumping 'parameters hash' (64 bytes)

D (6165) mbedtls: ssl_tls.c:6952 0x3ffc65bc: 00f0:  8c 3d d0 02 18 d5 bc a7 19 f4 51 fe 1d b3 20 40

D (6165) mbedtls: ssl_tls12_server.c:2712 0x3ffc7140: 0000:  ad b1 65 03 15 a8 65 86 9a eb 2b ef d9 7e f2 0f  ..e...e...+..~..

D (6165) mbedtls: ssl_tls.c:6952 0x3ffc65bc: 0100:  67 7e 3a cc 30 f3 8d a0 ef 02 03 01 00 01      

I (6165) mbedtls: ssl_tls.c:7191 0x3ffc65bc: <= parse certificate

D (6165) mbedtls: ssl_misc.h:1295 0x3ffc65bc: handshake state: 3 (MBEDTLS_SSL_SERVER_CERTIFICATE) -> 4 (MBEDTLS_SSL_SERVER_KEY_EXCHANGE)

I (6165) mbedtls: ssl_msg.c:2063 0x3ffc65bc: => flush output

I (6165) mbedtls: ssl_msg.c:2072 0x3ffc65bc: <= flush output

I (6165) mbedtls: ssl_tls.c:4201 0x3ffc65bc: client state: MBEDTLS_SSL_SERVER_KEY_EXCHANGE

I (6165) mbedtls: ssl_tls12_client.c:1831 0x3ffc65bc: => parse server key exchange

I (6165) mbedtls: ssl_msg.c:4040 0x3ffc65bc: => read record

I (6165) mbedtls: ssl_msg.c:1865 0x3ffc65bc: => fetch input

I (6165) mbedtls: ssl_msg.c:2005 0x3ffc65bc: in_left: 0, nb_want: 5

D (6165) mbedtls: ssl_tls12_server.c:2712 0x3ffc7140: 0010:  52 8a ba c7 22 c3 bb 80 8c b3 f8 70 7b ec 02 5d  R..."......p{..]

D (6165) mbedtls: ssl_tls12_server.c:2712 0x3ffc7140: 0020:  54 30 4d c3 31 e0 ef a6 06 39 95 c5 ae ab 5c 34  T0M.1....9....\4

D (6165) mbedtls: ssl_tls12_server.c:2712 0x3ffc7140: 0030:  47 0a ae 48 70 25 2e 2b d6 f5 aa b9 5b 68 8e dd  G..Hp%.+....[h..

[mem-tick] t=    4690 ms phase=thr-setup    free=163280
[mem-tick] t=    4790 ms phase=thr-setup    free=162356
[mem-tick] t=    4890 ms phase=thr-setup    free=161956
D (6485) mbedtls: ssl_tls12_server.c:2844 0x3ffc7140: dumping 'my signature' (256 bytes)

D (6485) mbedtls: ssl_tls12_server.c:2844 0x3ffc7140: 0000:  17 24 f4 f3 82 34 fd f0 c6 50 ee fe 0b 3d 80 ee  .$...4...P...=..

D (6485) mbedtls: ssl_tls12_server.c:2844 0x3ffc7140: 0010:  16 d0 bf c8 f8 19 a2 4c a8 cf d5 7c 3b 31 60 52  .......L...|;1`R

D (6485) mbedtls: ssl_tls12_server.c:2844 0x3ffc7140: 0020:  74 64 2c c6 3c 99 ac a3 97 c5 8c e7 88 11 e1 8e  td,.<...........

D (6485) mbedtls: ssl_tls12_server.c:2844 0x3ffc7140: 0030:  0f 10 61 4f 7d ab 4d 67 92 ab e5 ed 19 39 9e d2  ..aO}.Mg.....9..

D (6485) mbedtls: ssl_tls12_server.c:2844 0x3ffc7140: 0040:  f6 6c 87 01 92 0e 91 3e b8 9f 45 19 46 19 b3 fa  .l.....>..E.F...

D (6485) mbedtls: ssl_tls12_server.c:2844 0x3ffc7140: 0050:  77 08 e5 82 d7 50 d8 c7 7f 1f da 4d 88 21 40 a1  w....P.....M.!@.

D (6485) mbedtls: ssl_tls12_server.c:2844 0x3ffc7140: 0060:  cb 6c d8 3f 5a a4 6d f8 6d 03 01 4b 9c c1 04 af  .l.?Z.m.m..K....

D (6485) mbedtls: ssl_tls12_server.c:2844 0x3ffc7140: 0070:  fe 3e 85 8a 41 27 d0 0f 2c 80 09 01 51 6e 5c f4  .>..A'..,...Qn\.

D (6485) mbedtls: ssl_tls12_server.c:2844 0x3ffc7140: 0080:  ba 51 64 a2 7a d8 0e 30 89 39 db 3f 34 b5 c6 67  .Qd.z..0.9.?4..g

D (6485) mbedtls: ssl_tls12_server.c:2844 0x3ffc7140: 0090:  34 35 91 9e ef 9a cd ab 84 c0 a5 34 b7 5d 12 49  45.........4.].I

D (6485) mbedtls: ssl_tls12_server.c:2844 0x3ffc7140: 00a0:  a9 2e 56 b8 b3 ce f9 39 2a 95 d4 de 51 d6 8e 82  ..V....9*...Q...

D (6485) mbedtls: ssl_tls12_server.c:2844 0x3ffc7140: 00b0:  09 11 f8 e3 8f 10 7a aa ee 32 ae 15 98 b0 26 1b  ......z..2....&.

D (6485) mbedtls: ssl_tls12_server.c:2844 0x3ffc7140: 00c0:  d2 81 71 f2 ed 34 01 90 f3 61 79 c1 08 27 18 dc  ..q..4...ay..'..

D (6485) mbedtls: ssl_tls12_server.c:2844 0x3ffc7140: 00d0:  a0 08 5d 6f 38 19 fc f0 c8 1b d3 1b 84 a4 dd 86  ..]o8...........

D (6485) mbedtls: ssl_tls12_server.c:2844 0x3ffc7140: 00e0:  d3 ea c8 e8 43 fb 80 8d bf 8c c2 20 34 ac 63 b9  ....C...... 4.c.

D (6485) mbedtls: ssl_tls12_server.c:2844 0x3ffc7140: 00f0:  6b 8f 98 87 34 23 6c d2 12 13 f7 ed 45 87 b0 bc  k...4#l.....E...

D (6485) mbedtls: ssl_misc.h:1295 0x3ffc7140: handshake state: 4 (MBEDTLS_SSL_SERVER_KEY_EXCHANGE) -> 5 (MBEDTLS_SSL_CERTIFICATE_REQUEST)

I (6485) mbedtls: ssl_msg.c:2494 0x3ffc7140: => write handshake message

I (6495) mbedtls: ssl_msg.c:2654 0x3ffc7140: => write record

D (6495) mbedtls: ssl_msg.c:2737 0x3ffc7140: output record: msgtype = 22, version = [3:3], msglen = 300

I (6495) mbedtls: ssl_msg.c:2063 0x3ffc7140: => flush output

I (6495) mbedtls: ssl_msg.c:2077 0x3ffc7140: message length: 305, out_left: 305

I (6495) mbedtls: ssl_msg.c:2025 0x3ffc65bc: in_left: 0, nb_want: 5

I (6495) mbedtls: ssl_msg.c:2028 0x3ffc65bc: ssl->f_recv(_timeout)() returned 5 (-0xfffffffb)

I (6495) mbedtls: ssl_msg.c:2050 0x3ffc65bc: <= fetch input

I (6495) mbedtls: ssl_msg.c:2084 0x3ffc7140: ssl->f_send() returned 305 (-0xfffffecf)

D (6495) mbedtls: ssl_msg.c:3707 0x3ffc65bc: input record: msgtype = 22, version = [0x303], msglen = 300

I (6495) mbedtls: ssl_msg.c:1865 0x3ffc65bc: => fetch input

I (6495) mbedtls: ssl_msg.c:2005 0x3ffc65bc: in_left: 5, nb_want: 305

I (6495) mbedtls: ssl_msg.c:2025 0x3ffc65bc: in_left: 5, nb_want: 305

I (6495) mbedtls: ssl_msg.c:2028 0x3ffc65bc: ssl->f_recv(_timeout)() returned 300 (-0xfffffed4)

I (6495) mbedtls: ssl_msg.c:2050 0x3ffc65bc: <= fetch input

I (6495) mbedtls: ssl_msg.c:2111 0x3ffc7140: <= flush output

I (6495) mbedtls: ssl_msg.c:2790 0x3ffc7140: <= write record

I (6495) mbedtls: ssl_msg.c:2615 0x3ffc7140: <= write handshake message

I (6495) mbedtls: ssl_tls12_server.c:2864 0x3ffc7140: <= write server key exchange

D (6495) mbedtls: ssl_msg.c:2948 0x3ffc65bc: handshake message: msglen = 300, type = 12, hslen = 300

D (6495) mbedtls: ssl_msg.c:3085 0x3ffc65bc: sole handshake fragment: 300, 0..300 of 300

I (6495) mbedtls: ssl_msg.c:4112 0x3ffc65bc: <= read record

D (6495) mbedtls: ssl_tls12_client.c:1885 0x3ffc65bc: dumping 'server key exchange' (296 bytes)

D (6495) mbedtls: ssl_tls12_client.c:1885 0x3ffc65bc: 0000:  03 00 1d 20 70 a8 cf f8 34 0b 9e 9c 24 75 47 96  ... p...4...$uG.

D (6495) mbedtls: ssl_tls12_client.c:1885 0x3ffc65bc: 0010:  1e 30 98 13 ce 7f 68 d0 4f 32 0c 8e 70 35 5e d0  .0....h.O2..p5^.

D (6495) mbedtls: ssl_tls12_client.c:1885 0x3ffc65bc: 0020:  80 3a db 55 06 01 01 00 17 24 f4 f3 82 34 fd f0  .:.U.....$...4..

D (6495) mbedtls: ssl_tls12_client.c:1885 0x3ffc65bc: 0030:  c6 50 ee fe 0b 3d 80 ee 16 d0 bf c8 f8 19 a2 4c  .P...=.........L

D (6495) mbedtls: ssl_tls12_client.c:1885 0x3ffc65bc: 0040:  a8 cf d5 7c 3b 31 60 52 74 64 2c c6 3c 99 ac a3  ...|;1`Rtd,.<...

D (6495) mbedtls: ssl_tls12_client.c:1885 0x3ffc65bc: 0050:  97 c5 8c e7 88 11 e1 8e 0f 10 61 4f 7d ab 4d 67  ..........aO}.Mg

D (6495) mbedtls: ssl_tls12_client.c:1885 0x3ffc65bc: 0060:  92 ab e5 ed 19 39 9e d2 f6 6c 87 01 92 0e 91 3e  .....9...l.....>

D (6495) mbedtls: ssl_tls12_client.c:1885 0x3ffc65bc: 0070:  b8 9f 45 19 46 19 b3 fa 77 08 e5 82 d7 50 d8 c7  ..E.F...w....P..

D (6495) mbedtls: ssl_tls12_client.c:1885 0x3ffc65bc: 0080:  7f 1f da 4d 88 21 40 a1 cb 6c d8 3f 5a a4 6d f8  ...M.!@..l.?Z.m.

D (6495) mbedtls: ssl_tls12_client.c:1885 0x3ffc65bc: 0090:  6d 03 01 4b 9c c1 04 af fe 3e 85 8a 41 27 d0 0f  m..K.....>..A'..

D (6495) mbedtls: ssl_tls12_client.c:1885 0x3ffc65bc: 00a0:  2c 80 09 01 51 6e 5c f4 ba 51 64 a2 7a d8 0e 30  ,...Qn\..Qd.z..0

D (6495) mbedtls: ssl_tls12_client.c:1885 0x3ffc65bc: 00b0:  89 39 db 3f 34 b5 c6 67 34 35 91 9e ef 9a cd ab  .9.?4..g45......

D (6495) mbedtls: ssl_tls12_client.c:1885 0x3ffc65bc: 00c0:  84 c0 a5 34 b7 5d 12 49 a9 2e 56 b8 b3 ce f9 39  ...4.].I..V....9

D (6495) mbedtls: ssl_tls12_client.c:1885 0x3ffc65bc: 00d0:  2a 95 d4 de 51 d6 8e 82 09 11 f8 e3 8f 10 7a aa  *...Q.........z.

D (6495) mbedtls: ssl_tls12_client.c:1885 0x3ffc65bc: 00e0:  ee 32 ae 15 98 b0 26 1b d2 81 71 f2 ed 34 01 90  .2....&...q..4..

D (6495) mbedtls: ssl_tls12_client.c:1885 0x3ffc65bc: 00f0:  f3 61 79 c1 08 27 18 dc a0 08 5d 6f 38 19 fc f0  .ay..'....]o8...

D (6495) mbedtls: ssl_tls12_client.c:1885 0x3ffc65bc: 0100:  c8 1b d3 1b 84 a4 dd 86 d3 ea c8 e8 43 fb 80 8d  ............C...

D (6495) mbedtls: ssl_tls12_client.c:1885 0x3ffc65bc: 0110:  bf 8c c2 20 34 ac 63 b9 6b 8f 98 87 34 23 6c d2  ... 4.c.k...4#l.

D (6495) mbedtls: ssl_tls12_client.c:1885 0x3ffc65bc: 0120:  12 13 f7 ed 45 87 b0 bc                          ....E...

I (6495) mbedtls: ssl_tls12_client.c:1815 0x3ffc65bc: Server used the signature algorithm rsa_pkcs1_sha512

D (6495) mbedtls: ssl_tls12_client.c:2047 0x3ffc65bc: dumping 'signature' (256 bytes)

D (6495) mbedtls: ssl_tls12_client.c:2047 0x3ffc65bc: 0000:  17 24 f4 f3 82 34 fd f0 c6 50 ee fe 0b 3d 80 ee  .$...4...P...=..

D (6495) mbedtls: ssl_tls12_client.c:2047 0x3ffc65bc: 0010:  16 d0 bf c8 f8 19 a2 4c a8 cf d5 7c 3b 31 60 52  .......L...|;1`R

D (6495) mbedtls: ssl_tls12_client.c:2047 0x3ffc65bc: 0020:  74 64 2c c6 3c 99 ac a3 97 c5 8c e7 88 11 e1 8e  td,.<...........

D (6495) mbedtls: ssl_tls12_client.c:2047 0x3ffc65bc: 0030:  0f 10 61 4f 7d ab 4d 67 92 ab e5 ed 19 39 9e d2  ..aO}.Mg.....9..

D (6495) mbedtls: ssl_tls12_client.c:2047 0x3ffc65bc: 0040:  f6 6c 87 01 92 0e 91 3e b8 9f 45 19 46 19 b3 fa  .l.....>..E.F...

D (6495) mbedtls: ssl_tls12_client.c:2047 0x3ffc65bc: 0050:  77 08 e5 82 d7 50 d8 c7 7f 1f da 4d 88 21 40 a1  w....P.....M.!@.

D (6495) mbedtls: ssl_tls12_client.c:2047 0x3ffc65bc: 0060:  cb 6c d8 3f 5a a4 6d f8 6d 03 01 4b 9c c1 04 af  .l.?Z.m.m..K....

D (6495) mbedtls: ssl_tls12_client.c:2047 0x3ffc65bc: 0070:  fe 3e 85 8a 41 27 d0 0f 2c 80 09 01 51 6e 5c f4  .>..A'..,...Qn\.

D (6505) mbedtls: ssl_tls12_client.c:2047 0x3ffc65bc: 0080:  ba 51 64 a2 7a d8 0e 30 89 39 db 3f 34 b5 c6 67  .Qd.z..0.9.?4..g

D (6505) mbedtls: ssl_tls12_client.c:2047 0x3ffc65bc: 0090:  34 35 91 9e ef 9a cd ab 84 c0 a5 34 b7 5d 12 49  45.........4.].I

I (6505) mbedtls: ssl_msg.c:2063 0x3ffc7140: => flush output

D (6505) mbedtls: ssl_tls12_client.c:2047 0x3ffc65bc: 00a0:  a9 2e 56 b8 b3 ce f9 39 2a 95 d4 de 51 d6 8e 82  ..V....9*...Q...

D (6505) mbedtls: ssl_tls12_client.c:2047 0x3ffc65bc: 00b0:  09 11 f8 e3 8f 10 7a aa ee 32 ae 15 98 b0 26 1b  ......z..2....&.

D (6505) mbedtls: ssl_tls12_client.c:2047 0x3ffc65bc: 00c0:  d2 81 71 f2 ed 34 01 90 f3 61 79 c1 08 27 18 dc  ..q..4...ay..'..

D (6505) mbedtls: ssl_tls12_client.c:2047 0x3ffc65bc: 00d0:  a0 08 5d 6f 38 19 fc f0 c8 1b d3 1b 84 a4 dd 86  ..]o8...........

D (6505) mbedtls: ssl_tls12_client.c:2047 0x3ffc65bc: 00e0:  d3 ea c8 e8 43 fb 80 8d bf 8c c2 20 34 ac 63 b9  ....C...... 4.c.

I (6505) mbedtls: ssl_msg.c:2072 0x3ffc7140: <= flush output

D (6505) mbedtls: ssl_tls12_client.c:2047 0x3ffc65bc: 00f0:  6b 8f 98 87 34 23 6c d2 12 13 f7 ed 45 87 b0 bc  k...4#l.....E...

D (6505) mbedtls: ssl_tls.c:8082 0x3ffc65bc: Perform PSA-based computation of digest of ServerKeyExchange

D (6505) mbedtls: ssl_tls12_client.c:2064 0x3ffc65bc: dumping 'parameters hash' (64 bytes)

D (6505) mbedtls: ssl_tls12_client.c:2064 0x3ffc65bc: 0000:  ad b1 65 03 15 a8 65 86 9a eb 2b ef d9 7e f2 0f  ..e...e...+..~..

D (6505) mbedtls: ssl_tls12_client.c:2064 0x3ffc65bc: 0010:  52 8a ba c7 22 c3 bb 80 8c b3 f8 70 7b ec 02 5d  R..."......p{..]

D (6505) mbedtls: ssl_tls12_client.c:2064 0x3ffc65bc: 0020:  54 30 4d c3 31 e0 ef a6 06 39 95 c5 ae ab 5c 34  T0M.1....9....\4

D (6505) mbedtls: ssl_tls12_client.c:2064 0x3ffc65bc: 0030:  47 0a ae 48 70 25 2e 2b d6 f5 aa b9 5b 68 8e dd  G..Hp%.+....[h..

I (6515) mbedtls: ssl_tls12_server.c:3429 0x3ffc7140: server state: 5

I (6515) mbedtls: ssl_tls12_server.c:2242 0x3ffc7140: => write certificate request

D (6515) mbedtls: ssl_misc.h:1295 0x3ffc7140: handshake state: 5 (MBEDTLS_SSL_CERTIFICATE_REQUEST) -> 6 (MBEDTLS_SSL_SERVER_HELLO_DONE)

I (6515) mbedtls: ssl_tls12_server.c:2255 0x3ffc7140: <= skip write certificate request

I (6515) mbedtls: ssl_msg.c:2063 0x3ffc7140: => flush output

I (6515) mbedtls: ssl_msg.c:2072 0x3ffc7140: <= flush output

I (6515) mbedtls: ssl_tls12_server.c:3429 0x3ffc7140: server state: 6

I (6515) mbedtls: ssl_tls12_server.c:2873 0x3ffc7140: => write server hello done

D (6515) mbedtls: ssl_misc.h:1295 0x3ffc7140: handshake state: 6 (MBEDTLS_SSL_SERVER_HELLO_DONE) -> 7 (MBEDTLS_SSL_CLIENT_CERTIFICATE)

I (6515) mbedtls: ssl_msg.c:2494 0x3ffc7140: => write handshake message

I (6515) mbedtls: ssl_msg.c:2654 0x3ffc7140: => write record

D (6515) mbedtls: ssl_msg.c:2737 0x3ffc7140: output record: msgtype = 22, version = [3:3], msglen = 4

I (6515) mbedtls: ssl_msg.c:2063 0x3ffc7140: => flush output

I (6515) mbedtls: ssl_msg.c:2077 0x3ffc7140: message length: 9, out_left: 9

D (6515) mbedtls: ssl_misc.h:1295 0x3ffc65bc: handshake state: 4 (MBEDTLS_SSL_SERVER_KEY_EXCHANGE) -> 5 (MBEDTLS_SSL_CERTIFICATE_REQUEST)

I (6515) mbedtls: ssl_tls12_client.c:2118 0x3ffc65bc: <= parse server key exchange

I (6515) mbedtls: ssl_msg.c:2063 0x3ffc65bc: => flush output

I (6515) mbedtls: ssl_msg.c:2072 0x3ffc65bc: <= flush output

I (6515) mbedtls: ssl_msg.c:2084 0x3ffc7140: ssl->f_send() returned 9 (-0xfffffff7)

I (6515) mbedtls: ssl_tls.c:4201 0x3ffc65bc: client state: MBEDTLS_SSL_CERTIFICATE_REQUEST

I (6515) mbedtls: ssl_tls12_client.c:2157 0x3ffc65bc: => parse certificate request

I (6515) mbedtls: ssl_msg.c:4040 0x3ffc65bc: => read record

I (6515) mbedtls: ssl_msg.c:1865 0x3ffc65bc: => fetch input

I (6515) mbedtls: ssl_msg.c:2005 0x3ffc65bc: in_left: 0, nb_want: 5

I (6515) mbedtls: ssl_msg.c:2111 0x3ffc7140: <= flush output

I (6515) mbedtls: ssl_msg.c:2790 0x3ffc7140: <= write record

I (6515) mbedtls: ssl_msg.c:2615 0x3ffc7140: <= write handshake message

I (6515) mbedtls: ssl_tls12_server.c:2900 0x3ffc7140: <= write server hello done

I (6515) mbedtls: ssl_msg.c:2063 0x3ffc7140: => flush output

I (6515) mbedtls: ssl_msg.c:2072 0x3ffc7140: <= flush output

I (6515) mbedtls: ssl_tls12_server.c:3429 0x3ffc7140: server state: 7

I (6515) mbedtls: ssl_tls.c:7077 0x3ffc7140: => parse certificate

I (6515) mbedtls: ssl_tls.c:7081 0x3ffc7140: <= skip parse certificate

D (6515) mbedtls: ssl_misc.h:1295 0x3ffc7140: handshake state: 7 (MBEDTLS_SSL_CLIENT_CERTIFICATE) -> 8 (MBEDTLS_SSL_CLIENT_KEY_EXCHANGE)

I (6515) mbedtls: ssl_msg.c:2063 0x3ffc7140: => flush output

I (6515) mbedtls: ssl_msg.c:2072 0x3ffc7140: <= flush output

I (6515) mbedtls: ssl_tls12_server.c:3429 0x3ffc7140: server state: 8

I (6515) mbedtls: ssl_tls12_server.c:2969 0x3ffc7140: => parse client key exchange

I (6515) mbedtls: ssl_msg.c:4040 0x3ffc7140: => read record

I (6515) mbedtls: ssl_msg.c:1865 0x3ffc7140: => fetch input

I (6515) mbedtls: ssl_msg.c:2005 0x3ffc7140: in_left: 0, nb_want: 5

[mem-tick] t=    4990 ms phase=thr-setup    free=165240
I (6585) mbedtls: ssl_msg.c:2025 0x3ffc65bc: in_left: 0, nb_want: 5

I (6585) mbedtls: ssl_msg.c:2028 0x3ffc65bc: ssl->f_recv(_timeout)() returned 5 (-0xfffffffb)

I (6585) mbedtls: ssl_msg.c:2050 0x3ffc65bc: <= fetch input

D (6585) mbedtls: ssl_msg.c:3707 0x3ffc65bc: input record: msgtype = 22, version = [0x303], msglen = 4

I (6585) mbedtls: ssl_msg.c:1865 0x3ffc65bc: => fetch input

I (6585) mbedtls: ssl_msg.c:2005 0x3ffc65bc: in_left: 5, nb_want: 9

I (6585) mbedtls: ssl_msg.c:2025 0x3ffc65bc: in_left: 5, nb_want: 9

I (6585) mbedtls: ssl_msg.c:2028 0x3ffc65bc: ssl->f_recv(_timeout)() returned 4 (-0xfffffffc)

I (6585) mbedtls: ssl_msg.c:2050 0x3ffc65bc: <= fetch input

D (6585) mbedtls: ssl_msg.c:2948 0x3ffc65bc: handshake message: msglen = 4, type = 14, hslen = 4

D (6585) mbedtls: ssl_msg.c:3085 0x3ffc65bc: sole handshake fragment: 4, 0..4 of 4

I (6585) mbedtls: ssl_msg.c:4112 0x3ffc65bc: <= read record

D (6585) mbedtls: ssl_misc.h:1295 0x3ffc65bc: handshake state: 5 (MBEDTLS_SSL_CERTIFICATE_REQUEST) -> 6 (MBEDTLS_SSL_SERVER_HELLO_DONE)

D (6585) mbedtls: ssl_tls12_client.c:2183 0x3ffc65bc: got no certificate request

I (6585) mbedtls: ssl_tls12_client.c:2319 0x3ffc65bc: <= parse certificate request

I (6585) mbedtls: ssl_msg.c:2063 0x3ffc65bc: => flush output

I (6585) mbedtls: ssl_msg.c:2072 0x3ffc65bc: <= flush output

I (6585) mbedtls: ssl_tls.c:4201 0x3ffc65bc: client state: MBEDTLS_SSL_SERVER_HELLO_DONE

I (6585) mbedtls: ssl_tls12_client.c:2330 0x3ffc65bc: => parse server hello done

I (6585) mbedtls: ssl_msg.c:4040 0x3ffc65bc: => read record

I (6585) mbedtls: ssl_msg.c:4108 0x3ffc65bc: reuse previously read message

I (6585) mbedtls: ssl_msg.c:4112 0x3ffc65bc: <= read record

D (6585) mbedtls: ssl_misc.h:1295 0x3ffc65bc: handshake state: 6 (MBEDTLS_SSL_SERVER_HELLO_DONE) -> 7 (MBEDTLS_SSL_CLIENT_CERTIFICATE)

I (6585) mbedtls: ssl_tls12_client.c:2358 0x3ffc65bc: <= parse server hello done

I (6585) mbedtls: ssl_msg.c:2063 0x3ffc65bc: => flush output

I (6585) mbedtls: ssl_msg.c:2072 0x3ffc65bc: <= flush output

I (6585) mbedtls: ssl_tls.c:4201 0x3ffc65bc: client state: MBEDTLS_SSL_CLIENT_CERTIFICATE

I (6585) mbedtls: ssl_tls.c:6675 0x3ffc65bc: => write certificate

I (6585) mbedtls: ssl_tls.c:6686 0x3ffc65bc: <= skip write certificate

D (6585) mbedtls: ssl_misc.h:1295 0x3ffc65bc: handshake state: 7 (MBEDTLS_SSL_CLIENT_CERTIFICATE) -> 8 (MBEDTLS_SSL_CLIENT_KEY_EXCHANGE)

I (6585) mbedtls: ssl_msg.c:2063 0x3ffc65bc: => flush output

I (6585) mbedtls: ssl_msg.c:2072 0x3ffc65bc: <= flush output

I (6585) mbedtls: ssl_tls.c:4201 0x3ffc65bc: client state: MBEDTLS_SSL_CLIENT_KEY_EXCHANGE

I (6585) mbedtls: ssl_tls12_client.c:2373 0x3ffc65bc: => write client key exchange

D (6585) mbedtls: ssl_tls12_client.c:2387 0x3ffc65bc: Perform PSA-based ECDH computation.

[mem-tick] t=    5092 ms phase=thr-setup    free=165880
D (6745) mbedtls: ssl_misc.h:1295 0x3ffc65bc: handshake state: 8 (MBEDTLS_SSL_CLIENT_KEY_EXCHANGE) -> 9 (MBEDTLS_SSL_CERTIFICATE_VERIFY)

I (6745) mbedtls: ssl_msg.c:2494 0x3ffc65bc: => write handshake message

I (6745) mbedtls: ssl_msg.c:2654 0x3ffc65bc: => write record

D (6745) mbedtls: ssl_msg.c:2737 0x3ffc65bc: output record: msgtype = 22, version = [3:3], msglen = 37

I (6745) mbedtls: ssl_msg.c:2063 0x3ffc65bc: => flush output

I (6745) mbedtls: ssl_msg.c:2077 0x3ffc65bc: message length: 42, out_left: 42

I (6745) mbedtls: ssl_msg.c:2025 0x3ffc7140: in_left: 0, nb_want: 5

I (6745) mbedtls: ssl_msg.c:2084 0x3ffc65bc: ssl->f_send() returned 42 (-0xffffffd6)

I (6745) mbedtls: ssl_msg.c:2111 0x3ffc65bc: <= flush output

I (6745) mbedtls: ssl_msg.c:2790 0x3ffc65bc: <= write record

I (6745) mbedtls: ssl_msg.c:2615 0x3ffc65bc: <= write handshake message

I (6745) mbedtls: ssl_tls12_client.c:2653 0x3ffc65bc: <= write client key exchange

I (6745) mbedtls: ssl_msg.c:2063 0x3ffc65bc: => flush output

I (6745) mbedtls: ssl_msg.c:2072 0x3ffc65bc: <= flush output

I (6745) mbedtls: ssl_tls.c:4201 0x3ffc65bc: client state: MBEDTLS_SSL_CERTIFICATE_VERIFY

I (6745) mbedtls: ssl_tls12_client.c:2701 0x3ffc65bc: => write certificate verify

I (6745) mbedtls: ssl_tls.c:6466 0x3ffc65bc: => derive keys

I (6745) mbedtls: ssl_tls.c:6557 0x3ffc65bc: => PSA calc verify

D (6745) mbedtls: ssl_tls.c:6568 0x3ffc65bc: dumping 'PSA calculated verify result' (48 bytes)

D (6745) mbedtls: ssl_tls.c:6568 0x3ffc65bc: 0000:  e0 7a 56 dd 42 c0 80 89 d0 8d 3b 18 f0 a7 65 c6  .zV.B.....;...e.

D (6745) mbedtls: ssl_tls.c:6568 0x3ffc65bc: 0010:  b6 60 d5 c3 8c b0 62 d4 c7 b8 3c e7 40 a9 e6 1f  .`....b...<.@...

D (6745) mbedtls: ssl_tls.c:6568 0x3ffc65bc: 0020:  18 f7 2c 2f 4e 7e 72 0c 74 86 02 25 07 12 74 92  ..,/N~r.t..%..t.

I (6745) mbedtls: ssl_tls.c:6569 0x3ffc65bc: <= PSA calc verify

D (6745) mbedtls: ssl_tls.c:6308 0x3ffc65bc: dumping 'session hash for extended master secret' (48 bytes)

D (6745) mbedtls: ssl_tls.c:6308 0x3ffc65bc: 0000:  e0 7a 56 dd 42 c0 80 89 d0 8d 3b 18 f0 a7 65 c6  .zV.B.....;...e.

D (6745) mbedtls: ssl_tls.c:6308 0x3ffc65bc: 0010:  b6 60 d5 c3 8c b0 62 d4 c7 b8 3c e7 40 a9 e6 1f  .`....b...<.@...

D (6745) mbedtls: ssl_tls.c:6308 0x3ffc65bc: 0020:  18 f7 2c 2f 4e 7e 72 0c 74 86 02 25 07 12 74 92  ..,/N~r.t..%..t.

D (6755) mbedtls: ssl_tls.c:6449 0x3ffc65bc: dumping 'premaster secret' (32 bytes)

D (6755) mbedtls: ssl_tls.c:6449 0x3ffc65bc: 0000:  a5 0e e8 75 3f e0 c8 28 a4 44 96 47 4e 71 b7 a6  ...u?..(.D.GNq..

D (6755) mbedtls: ssl_tls.c:6449 0x3ffc65bc: 0010:  c6 c3 eb 42 3b e9 01 98 ec c8 8b b8 2a 29 b8 3d  ...B;.......*).=

D (6755) mbedtls: ssl_tls.c:7762 0x3ffc65bc: ciphersuite = TLS-ECDHE-RSA-WITH-AES-256-GCM-SHA384

D (6755) mbedtls: ssl_tls.c:7764 0x3ffc65bc: dumping 'master secret' (48 bytes)

I (6755) mbedtls: ssl_msg.c:2028 0x3ffc7140: ssl->f_recv(_timeout)() returned 5 (-0xfffffffb)

D (6755) mbedtls: ssl_tls.c:7764 0x3ffc65bc: 0000:  c4 0e 1b ad 1f b9 1f 38 ab 39 99 47 6c 91 e9 12  .......8.9.Gl...

D (6755) mbedtls: ssl_tls.c:7764 0x3ffc65bc: 0010:  6c 22 27 81 e3 df c4 28 9e 89 fd a8 1f ee 83 9c  l"'....(........

D (6755) mbedtls: ssl_tls.c:7764 0x3ffc65bc: 0020:  3d cb 6b eb 7c 3c 61 a7 ca 10 38 f4 91 3a 2e dc  =.k.|<a...8..:..

D (6755) mbedtls: ssl_tls.c:7855 0x3ffc65bc: keylen: 32, minlen: 24, ivlen: 12, maclen: 0

I (6755) mbedtls: ssl_tls.c:6517 0x3ffc65bc: <= derive keys

I (6755) mbedtls: ssl_tls12_client.c:2723 0x3ffc65bc: <= skip write certificate verify

D (6755) mbedtls: ssl_misc.h:1295 0x3ffc65bc: handshake state: 9 (MBEDTLS_SSL_CERTIFICATE_VERIFY) -> 10 (MBEDTLS_SSL_CLIENT_CHANGE_CIPHER_SPEC)

I (6755) mbedtls: ssl_msg.c:2063 0x3ffc65bc: => flush output

I (6755) mbedtls: ssl_msg.c:2072 0x3ffc65bc: <= flush output

I (6755) mbedtls: ssl_tls.c:4201 0x3ffc65bc: client state: MBEDTLS_SSL_CLIENT_CHANGE_CIPHER_SPEC

I (6755) mbedtls: ssl_msg.c:5087 0x3ffc65bc: => write change cipher spec

D (6755) mbedtls: ssl_misc.h:1295 0x3ffc65bc: handshake state: 10 (MBEDTLS_SSL_CLIENT_CHANGE_CIPHER_SPEC) -> 11 (MBEDTLS_SSL_CLIENT_FINISHED)

I (6755) mbedtls: ssl_msg.c:2494 0x3ffc65bc: => write handshake message

I (6755) mbedtls: ssl_msg.c:2654 0x3ffc65bc: => write record

D (6755) mbedtls: ssl_msg.c:2737 0x3ffc65bc: output record: msgtype = 20, version = [3:3], msglen = 1

I (6755) mbedtls: ssl_msg.c:2063 0x3ffc65bc: => flush output

I (6755) mbedtls: ssl_msg.c:2077 0x3ffc65bc: message length: 6, out_left: 6

I (6755) mbedtls: ssl_msg.c:2084 0x3ffc65bc: ssl->f_send() returned 6 (-0xfffffffa)

I (6755) mbedtls: ssl_msg.c:2111 0x3ffc65bc: <= flush output

I (6755) mbedtls: ssl_msg.c:2790 0x3ffc65bc: <= write record

I (6755) mbedtls: ssl_msg.c:2615 0x3ffc65bc: <= write handshake message

I (6755) mbedtls: ssl_msg.c:5100 0x3ffc65bc: <= write change cipher spec

I (6755) mbedtls: ssl_msg.c:2063 0x3ffc65bc: => flush output

I (6755) mbedtls: ssl_msg.c:2072 0x3ffc65bc: <= flush output

I (6755) mbedtls: ssl_tls.c:4201 0x3ffc65bc: client state: MBEDTLS_SSL_CLIENT_FINISHED

I (6755) mbedtls: ssl_tls.c:7384 0x3ffc65bc: => write finished

I (6755) mbedtls: ssl_tls.c:7235 0x3ffc65bc: => calc PSA finished tls

D (6755) mbedtls: ssl_tls.c:7246 0x3ffc65bc: dumping 'PSA calculated padbuf' (48 bytes)

D (6755) mbedtls: ssl_tls.c:7246 0x3ffc65bc: 0000:  e0 7a 56 dd 42 c0 80 89 d0 8d 3b 18 f0 a7 65 c6  .zV.B.....;...e.

D (6755) mbedtls: ssl_tls.c:7246 0x3ffc65bc: 0010:  b6 60 d5 c3 8c b0 62 d4 c7 b8 3c e7 40 a9 e6 1f  .`....b...<.@...

D (6755) mbedtls: ssl_tls.c:7246 0x3ffc65bc: 0020:  18 f7 2c 2f 4e 7e 72 0c 74 86 02 25 07 12 74 92  ..,/N~r.t..%..t.

I (6765) mbedtls: ssl_msg.c:2050 0x3ffc7140: <= fetch input

D (6765) mbedtls: ssl_msg.c:3707 0x3ffc7140: input record: msgtype = 22, version = [0x303], msglen = 37

D (6765) mbedtls: ssl_tls.c:7258 0x3ffc65bc: dumping 'calc finished result' (12 bytes)

I (6765) mbedtls: ssl_msg.c:1865 0x3ffc7140: => fetch input

D (6765) mbedtls: ssl_tls.c:7258 0x3ffc65bc: 0000:  10 80 b2 7d 44 08 d3 72 91 86 40 90              ...}D..r..@.

I (6765) mbedtls: ssl_tls.c:7262 0x3ffc65bc: <= calc finished

I (6765) mbedtls: ssl_msg.c:2005 0x3ffc7140: in_left: 5, nb_want: 42

D (6765) mbedtls: ssl_misc.h:1295 0x3ffc65bc: handshake state: 11 (MBEDTLS_SSL_CLIENT_FINISHED) -> 12 (MBEDTLS_SSL_SERVER_CHANGE_CIPHER_SPEC)

D (6765) mbedtls: ssl_tls.c:7434 0x3ffc65bc: switching to new transform spec for outbound data

I (6765) mbedtls: ssl_msg.c:2494 0x3ffc65bc: => write handshake message

I (6765) mbedtls: ssl_msg.c:2025 0x3ffc7140: in_left: 5, nb_want: 42

I (6765) mbedtls: ssl_msg.c:2654 0x3ffc65bc: => write record

I (6765) mbedtls: ssl_msg.c:808 0x3ffc65bc: => encrypt buf

I (6765) mbedtls: ssl_msg.c:2028 0x3ffc7140: ssl->f_recv(_timeout)() returned 37 (-0xffffffdb)

I (6765) mbedtls: ssl_msg.c:2050 0x3ffc7140: <= fetch input

[mem-tick] t=    5190 ms phase=thr-setup    free=165036
D (6765) mbedtls: ssl_msg.c:1036 0x3ffc65bc: before encrypt: msglen = 16, including 0 bytes of padding

D (6765) mbedtls: ssl_msg.c:2948 0x3ffc7140: handshake message: msglen = 37, type = 16, hslen = 37

D (6765) mbedtls: ssl_msg.c:3085 0x3ffc7140: sole handshake fragment: 37, 0..37 of 37

I (6765) mbedtls: ssl_msg.c:1265 0x3ffc65bc: <= encrypt buf

D (6765) mbedtls: ssl_msg.c:2737 0x3ffc65bc: output record: msgtype = 22, version = [3:3], msglen = 40

I (6765) mbedtls: ssl_msg.c:4112 0x3ffc7140: <= read record

I (6765) mbedtls: ssl_msg.c:2063 0x3ffc65bc: => flush output

D (6765) mbedtls: ssl_tls12_server.c:2998 0x3ffc7140: Read the peer's public key.

I (6765) mbedtls: ssl_msg.c:2077 0x3ffc65bc: message length: 45, out_left: 45

I (6765) mbedtls: ssl_msg.c:2084 0x3ffc65bc: ssl->f_send() returned 45 (-0xffffffd3)

I (6765) mbedtls: ssl_msg.c:2111 0x3ffc65bc: <= flush output

I (6765) mbedtls: ssl_msg.c:2790 0x3ffc65bc: <= write record

I (6765) mbedtls: ssl_msg.c:2615 0x3ffc65bc: <= write handshake message

I (6765) mbedtls: ssl_tls.c:7487 0x3ffc65bc: <= write finished

I (6765) mbedtls: ssl_msg.c:2063 0x3ffc65bc: => flush output

I (6765) mbedtls: ssl_msg.c:2072 0x3ffc65bc: <= flush output

I (6765) mbedtls: ssl_tls.c:4201 0x3ffc65bc: client state: MBEDTLS_SSL_SERVER_CHANGE_CIPHER_SPEC

I (6765) mbedtls: ssl_msg.c:5109 0x3ffc65bc: => parse change cipher spec

I (6765) mbedtls: ssl_msg.c:4040 0x3ffc65bc: => read record

I (6765) mbedtls: ssl_msg.c:1865 0x3ffc65bc: => fetch input

I (6765) mbedtls: ssl_msg.c:2005 0x3ffc65bc: in_left: 0, nb_want: 5

I (6835) mbedtls: ssl_tls.c:6466 0x3ffc7140: => derive keys

I (6835) mbedtls: ssl_tls.c:6557 0x3ffc7140: => PSA calc verify

D (6835) mbedtls: ssl_tls.c:6568 0x3ffc7140: dumping 'PSA calculated verify result' (48 bytes)

D (6835) mbedtls: ssl_tls.c:6568 0x3ffc7140: 0000:  e0 7a 56 dd 42 c0 80 89 d0 8d 3b 18 f0 a7 65 c6  .zV.B.....;...e.

D (6835) mbedtls: ssl_tls.c:6568 0x3ffc7140: 0010:  b6 60 d5 c3 8c b0 62 d4 c7 b8 3c e7 40 a9 e6 1f  .`....b...<.@...

D (6835) mbedtls: ssl_tls.c:6568 0x3ffc7140: 0020:  18 f7 2c 2f 4e 7e 72 0c 74 86 02 25 07 12 74 92  ..,/N~r.t..%..t.

I (6835) mbedtls: ssl_tls.c:6569 0x3ffc7140: <= PSA calc verify

D (6835) mbedtls: ssl_tls.c:6308 0x3ffc7140: dumping 'session hash for extended master secret' (48 bytes)

D (6845) mbedtls: ssl_tls.c:6308 0x3ffc7140: 0000:  e0 7a 56 dd 42 c0 80 89 d0 8d 3b 18 f0 a7 65 c6  .zV.B.....;...e.

D (6845) mbedtls: ssl_tls.c:6308 0x3ffc7140: 0010:  b6 60 d5 c3 8c b0 62 d4 c7 b8 3c e7 40 a9 e6 1f  .`....b...<.@...

D (6845) mbedtls: ssl_tls.c:6308 0x3ffc7140: 0020:  18 f7 2c 2f 4e 7e 72 0c 74 86 02 25 07 12 74 92  ..,/N~r.t..%..t.

D (6845) mbedtls: ssl_tls.c:6449 0x3ffc7140: dumping 'premaster secret' (32 bytes)

D (6845) mbedtls: ssl_tls.c:6449 0x3ffc7140: 0000:  a5 0e e8 75 3f e0 c8 28 a4 44 96 47 4e 71 b7 a6  ...u?..(.D.GNq..

D (6845) mbedtls: ssl_tls.c:6449 0x3ffc7140: 0010:  c6 c3 eb 42 3b e9 01 98 ec c8 8b b8 2a 29 b8 3d  ...B;.......*).=

D (6845) mbedtls: ssl_tls.c:7762 0x3ffc7140: ciphersuite = TLS-ECDHE-RSA-WITH-AES-256-GCM-SHA384

D (6845) mbedtls: ssl_tls.c:7764 0x3ffc7140: dumping 'master secret' (48 bytes)

D (6845) mbedtls: ssl_tls.c:7764 0x3ffc7140: 0000:  c4 0e 1b ad 1f b9 1f 38 ab 39 99 47 6c 91 e9 12  .......8.9.Gl...

D (6845) mbedtls: ssl_tls.c:7764 0x3ffc7140: 0010:  6c 22 27 81 e3 df c4 28 9e 89 fd a8 1f ee 83 9c  l"'....(........

D (6845) mbedtls: ssl_tls.c:7764 0x3ffc7140: 0020:  3d cb 6b eb 7c 3c 61 a7 ca 10 38 f4 91 3a 2e dc  =.k.|<a...8..:..

D (6845) mbedtls: ssl_tls.c:7855 0x3ffc7140: keylen: 32, minlen: 24, ivlen: 12, maclen: 0

I (6845) mbedtls: ssl_tls.c:6517 0x3ffc7140: <= derive keys

D (6845) mbedtls: ssl_misc.h:1295 0x3ffc7140: handshake state: 8 (MBEDTLS_SSL_CLIENT_KEY_EXCHANGE) -> 9 (MBEDTLS_SSL_CERTIFICATE_VERIFY)

I (6845) mbedtls: ssl_tls12_server.c:3180 0x3ffc7140: <= parse client key exchange

I (6845) mbedtls: ssl_msg.c:2063 0x3ffc7140: => flush output

I (6845) mbedtls: ssl_msg.c:2072 0x3ffc7140: <= flush output

I (6845) mbedtls: ssl_tls12_server.c:3429 0x3ffc7140: server state: 9

I (6845) mbedtls: ssl_tls12_server.c:3219 0x3ffc7140: => parse certificate verify

I (6845) mbedtls: ssl_tls12_server.c:3235 0x3ffc7140: <= skip parse certificate verify

D (6845) mbedtls: ssl_misc.h:1295 0x3ffc7140: handshake state: 9 (MBEDTLS_SSL_CERTIFICATE_VERIFY) -> 10 (MBEDTLS_SSL_CLIENT_CHANGE_CIPHER_SPEC)

I (6845) mbedtls: ssl_msg.c:2063 0x3ffc7140: => flush output

I (6845) mbedtls: ssl_msg.c:2072 0x3ffc7140: <= flush output

I (6845) mbedtls: ssl_tls12_server.c:3429 0x3ffc7140: server state: 10

I (6845) mbedtls: ssl_msg.c:5109 0x3ffc7140: => parse change cipher spec

I (6845) mbedtls: ssl_msg.c:4040 0x3ffc7140: => read record

I (6845) mbedtls: ssl_msg.c:1865 0x3ffc7140: => fetch input

I (6845) mbedtls: ssl_msg.c:2005 0x3ffc7140: in_left: 0, nb_want: 5

I (6845) mbedtls: ssl_msg.c:2025 0x3ffc7140: in_left: 0, nb_want: 5

I (6845) mbedtls: ssl_msg.c:2028 0x3ffc7140: ssl->f_recv(_timeout)() returned 5 (-0xfffffffb)

I (6845) mbedtls: ssl_msg.c:2050 0x3ffc7140: <= fetch input

D (6845) mbedtls: ssl_msg.c:3707 0x3ffc7140: input record: msgtype = 20, version = [0x303], msglen = 1

I (6845) mbedtls: ssl_msg.c:1865 0x3ffc7140: => fetch input

I (6845) mbedtls: ssl_msg.c:2005 0x3ffc7140: in_left: 5, nb_want: 6

I (6845) mbedtls: ssl_msg.c:2025 0x3ffc7140: in_left: 5, nb_want: 6

I (6845) mbedtls: ssl_msg.c:2028 0x3ffc7140: ssl->f_recv(_timeout)() returned 1 (-0xffffffff)

I (6845) mbedtls: ssl_msg.c:2050 0x3ffc7140: <= fetch input

I (6845) mbedtls: ssl_msg.c:4112 0x3ffc7140: <= read record

D (6845) mbedtls: ssl_msg.c:5130 0x3ffc7140: switching to new transform spec for inbound data

D (6845) mbedtls: ssl_misc.h:1295 0x3ffc7140: handshake state: 10 (MBEDTLS_SSL_CLIENT_CHANGE_CIPHER_SPEC) -> 11 (MBEDTLS_SSL_CLIENT_FINISHED)

I (6845) mbedtls: ssl_msg.c:5157 0x3ffc7140: <= parse change cipher spec

I (6845) mbedtls: ssl_msg.c:2063 0x3ffc7140: => flush output

I (6845) mbedtls: ssl_msg.c:2072 0x3ffc7140: <= flush output

I (6845) mbedtls: ssl_tls12_server.c:3429 0x3ffc7140: server state: 11

I (6845) mbedtls: ssl_tls.c:7500 0x3ffc7140: => parse finished

I (6845) mbedtls: ssl_tls.c:7235 0x3ffc7140: => calc PSA finished tls

D (6845) mbedtls: ssl_tls.c:7246 0x3ffc7140: dumping 'PSA calculated padbuf' (48 bytes)

D (6845) mbedtls: ssl_tls.c:7246 0x3ffc7140: 0000:  e0 7a 56 dd 42 c0 80 89 d0 8d 3b 18 f0 a7 65 c6  .zV.B.....;...e.

D (6845) mbedtls: ssl_tls.c:7246 0x3ffc7140: 0010:  b6 60 d5 c3 8c b0 62 d4 c7 b8 3c e7 40 a9 e6 1f  .`....b...<.@...

D (6845) mbedtls: ssl_tls.c:7246 0x3ffc7140: 0020:  18 f7 2c 2f 4e 7e 72 0c 74 86 02 25 07 12 74 92  ..,/N~r.t..%..t.

D (6845) mbedtls: ssl_tls.c:7258 0x3ffc7140: dumping 'calc finished result' (12 bytes)

D (6845) mbedtls: ssl_tls.c:7258 0x3ffc7140: 0000:  10 80 b2 7d 44 08 d3 72 91 86 40 90              ...}D..r..@.

I (6845) mbedtls: ssl_tls.c:7262 0x3ffc7140: <= calc finished

I (6845) mbedtls: ssl_msg.c:4040 0x3ffc7140: => read record

I (6845) mbedtls: ssl_msg.c:1865 0x3ffc7140: => fetch input

I (6845) mbedtls: ssl_msg.c:2005 0x3ffc7140: in_left: 0, nb_want: 5

I (6845) mbedtls: ssl_msg.c:2025 0x3ffc7140: in_left: 0, nb_want: 5

I (6845) mbedtls: ssl_msg.c:2028 0x3ffc7140: ssl->f_recv(_timeout)() returned 5 (-0xfffffffb)

I (6845) mbedtls: ssl_msg.c:2050 0x3ffc7140: <= fetch input

D (6855) mbedtls: ssl_msg.c:3707 0x3ffc7140: input record: msgtype = 22, version = [0x303], msglen = 40

I (6855) mbedtls: ssl_msg.c:1865 0x3ffc7140: => fetch input

I (6855) mbedtls: ssl_msg.c:2005 0x3ffc7140: in_left: 5, nb_want: 45

I (6855) mbedtls: ssl_msg.c:2025 0x3ffc7140: in_left: 5, nb_want: 45

I (6855) mbedtls: ssl_msg.c:2028 0x3ffc7140: ssl->f_recv(_timeout)() returned 40 (-0xffffffd8)

I (6855) mbedtls: ssl_msg.c:2050 0x3ffc7140: <= fetch input

I (6855) mbedtls: ssl_msg.c:1301 0x3ffc7140: => decrypt buf

I (6855) mbedtls: ssl_msg.c:1831 0x3ffc7140: <= decrypt buf

D (6855) mbedtls: ssl_msg.c:2948 0x3ffc7140: handshake message: msglen = 16, type = 20, hslen = 16

D (6855) mbedtls: ssl_msg.c:3085 0x3ffc7140: sole handshake fragment: 16, 0..16 of 16

I (6855) mbedtls: ssl_msg.c:4112 0x3ffc7140: <= read record

D (6855) mbedtls: ssl_misc.h:1295 0x3ffc7140: handshake state: 11 (MBEDTLS_SSL_CLIENT_FINISHED) -> 12 (MBEDTLS_SSL_SERVER_CHANGE_CIPHER_SPEC)

I (6855) mbedtls: ssl_tls.c:7571 0x3ffc7140: <= parse finished

I (6855) mbedtls: ssl_msg.c:2063 0x3ffc7140: => flush output

I (6855) mbedtls: ssl_msg.c:2072 0x3ffc7140: <= flush output

I (6855) mbedtls: ssl_tls12_server.c:3429 0x3ffc7140: server state: 12

I (6855) mbedtls: ssl_msg.c:5087 0x3ffc7140: => write change cipher spec

D (6855) mbedtls: ssl_misc.h:1295 0x3ffc7140: handshake state: 12 (MBEDTLS_SSL_SERVER_CHANGE_CIPHER_SPEC) -> 13 (MBEDTLS_SSL_SERVER_FINISHED)

I (6855) mbedtls: ssl_msg.c:2494 0x3ffc7140: => write handshake message

I (6855) mbedtls: ssl_msg.c:2654 0x3ffc7140: => write record

D (6855) mbedtls: ssl_msg.c:2737 0x3ffc7140: output record: msgtype = 20, version = [3:3], msglen = 1

I (6855) mbedtls: ssl_msg.c:2063 0x3ffc7140: => flush output

I (6855) mbedtls: ssl_msg.c:2077 0x3ffc7140: message length: 6, out_left: 6

I (6855) mbedtls: ssl_msg.c:2084 0x3ffc7140: ssl->f_send() returned 6 (-0xfffffffa)

I (6855) mbedtls: ssl_msg.c:2111 0x3ffc7140: <= flush output

I (6855) mbedtls: ssl_msg.c:2790 0x3ffc7140: <= write record

I (6855) mbedtls: ssl_msg.c:2615 0x3ffc7140: <= write handshake message

I (6855) mbedtls: ssl_msg.c:5100 0x3ffc7140: <= write change cipher spec

I (6855) mbedtls: ssl_msg.c:2063 0x3ffc7140: => flush output

I (6855) mbedtls: ssl_msg.c:2072 0x3ffc7140: <= flush output

I (6855) mbedtls: ssl_tls12_server.c:3429 0x3ffc7140: server state: 13

I (6855) mbedtls: ssl_msg.c:2025 0x3ffc65bc: in_left: 0, nb_want: 5

I (6855) mbedtls: ssl_tls.c:7384 0x3ffc7140: => write finished

I (6855) mbedtls: ssl_msg.c:2028 0x3ffc65bc: ssl->f_recv(_timeout)() returned 5 (-0xfffffffb)

I (6855) mbedtls: ssl_tls.c:7235 0x3ffc7140: => calc PSA finished tls

I (6855) mbedtls: ssl_msg.c:2050 0x3ffc65bc: <= fetch input

D (6855) mbedtls: ssl_tls.c:7246 0x3ffc7140: dumping 'PSA calculated padbuf' (48 bytes)

D (6855) mbedtls: ssl_msg.c:3707 0x3ffc65bc: input record: msgtype = 20, version = [0x303], msglen = 1

D (6855) mbedtls: ssl_tls.c:7246 0x3ffc7140: 0000:  01 85 08 e5 45 9f da e0 af 4c 41 ad 27 6d 9b da  ....E....LA.'m..

I (6855) mbedtls: ssl_msg.c:1865 0x3ffc65bc: => fetch input

I (6855) mbedtls: ssl_msg.c:2005 0x3ffc65bc: in_left: 5, nb_want: 6

I (6855) mbedtls: ssl_msg.c:2025 0x3ffc65bc: in_left: 5, nb_want: 6

I (6855) mbedtls: ssl_msg.c:2028 0x3ffc65bc: ssl->f_recv(_timeout)() returned 1 (-0xffffffff)

I (6855) mbedtls: ssl_msg.c:2050 0x3ffc65bc: <= fetch input

I (6855) mbedtls: ssl_msg.c:4112 0x3ffc65bc: <= read record

D (6855) mbedtls: ssl_msg.c:5130 0x3ffc65bc: switching to new transform spec for inbound data

D (6855) mbedtls: ssl_misc.h:1295 0x3ffc65bc: handshake state: 12 (MBEDTLS_SSL_SERVER_CHANGE_CIPHER_SPEC) -> 13 (MBEDTLS_SSL_SERVER_FINISHED)

I (6855) mbedtls: ssl_msg.c:5157 0x3ffc65bc: <= parse change cipher spec

I (6855) mbedtls: ssl_msg.c:2063 0x3ffc65bc: => flush output

I (6855) mbedtls: ssl_msg.c:2072 0x3ffc65bc: <= flush output

I (6855) mbedtls: ssl_tls.c:4201 0x3ffc65bc: client state: MBEDTLS_SSL_SERVER_FINISHED

I (6855) mbedtls: ssl_tls.c:7500 0x3ffc65bc: => parse finished

I (6855) mbedtls: ssl_tls.c:7235 0x3ffc65bc: => calc PSA finished tls

D (6855) mbedtls: ssl_tls.c:7246 0x3ffc65bc: dumping 'PSA calculated padbuf' (48 bytes)

D (6855) mbedtls: ssl_tls.c:7246 0x3ffc65bc: 0000:  01 85 08 e5 45 9f da e0 af 4c 41 ad 27 6d 9b da  ....E....LA.'m..

D (6855) mbedtls: ssl_tls.c:7246 0x3ffc65bc: 0010:  5d 23 4d f3 9a 5f d4 7e 73 6e 39 a9 5b 12 f5 3b  ]#M.._.~sn9.[..;

D (6865) mbedtls: ssl_tls.c:7246 0x3ffc65bc: 0020:  f2 f0 b9 9d 78 21 65 8b 10 f1 b9 5e 41 4a b1 22  ....x!e....^AJ."

D (6865) mbedtls: ssl_tls.c:7258 0x3ffc65bc: dumping 'calc finished result' (12 bytes)

D (6865) mbedtls: ssl_tls.c:7258 0x3ffc65bc: 0000:  8a 5f 8c 11 24 a1 17 4e 1b 80 47 29              ._..$..N..G)

I (6865) mbedtls: ssl_tls.c:7262 0x3ffc65bc: <= calc finished

I (6865) mbedtls: ssl_msg.c:4040 0x3ffc65bc: => read record

I (6865) mbedtls: ssl_msg.c:1865 0x3ffc65bc: => fetch input

I (6865) mbedtls: ssl_msg.c:2005 0x3ffc65bc: in_left: 0, nb_want: 5

D (6865) mbedtls: ssl_tls.c:7246 0x3ffc7140: 0010:  5d 23 4d f3 9a 5f d4 7e 73 6e 39 a9 5b 12 f5 3b  ]#M.._.~sn9.[..;

D (6865) mbedtls: ssl_tls.c:7246 0x3ffc7140: 0020:  f2 f0 b9 9d 78 21 65 8b 10 f1 b9 5e 41 4a b1 22  ....x!e....^AJ."

D (6865) mbedtls: ssl_tls.c:7258 0x3ffc7140: dumping 'calc finished result' (12 bytes)

D (6865) mbedtls: ssl_tls.c:7258 0x3ffc7140: 0000:  8a 5f 8c 11 24 a1 17 4e 1b 80 47 29              ._..$..N..G)

I (6865) mbedtls: ssl_tls.c:7262 0x3ffc7140: <= calc finished

D (6865) mbedtls: ssl_misc.h:1295 0x3ffc7140: handshake state: 13 (MBEDTLS_SSL_SERVER_FINISHED) -> 14 (MBEDTLS_SSL_FLUSH_BUFFERS)

[mem-tick] t=    5292 ms phase=thr-setup    free=166688
D (6865) mbedtls: ssl_tls.c:7434 0x3ffc7140: switching to new transform spec for outbound data

I (6865) mbedtls: ssl_msg.c:2494 0x3ffc7140: => write handshake message

I (6865) mbedtls: ssl_msg.c:2654 0x3ffc7140: => write record

I (6865) mbedtls: ssl_msg.c:808 0x3ffc7140: => encrypt buf

D (6865) mbedtls: ssl_msg.c:1036 0x3ffc7140: before encrypt: msglen = 16, including 0 bytes of padding

I (6865) mbedtls: ssl_msg.c:1265 0x3ffc7140: <= encrypt buf

D (6865) mbedtls: ssl_msg.c:2737 0x3ffc7140: output record: msgtype = 22, version = [3:3], msglen = 40

I (6865) mbedtls: ssl_msg.c:2063 0x3ffc7140: => flush output

I (6865) mbedtls: ssl_msg.c:2077 0x3ffc7140: message length: 45, out_left: 45

I (6865) mbedtls: ssl_msg.c:2084 0x3ffc7140: ssl->f_send() returned 45 (-0xffffffd3)

I (6865) mbedtls: ssl_msg.c:2111 0x3ffc7140: <= flush output

I (6865) mbedtls: ssl_msg.c:2790 0x3ffc7140: <= write record

I (6865) mbedtls: ssl_msg.c:2615 0x3ffc7140: <= write handshake message

I (6865) mbedtls: ssl_tls.c:7487 0x3ffc7140: <= write finished

I (6865) mbedtls: ssl_msg.c:2063 0x3ffc7140: => flush output

I (6865) mbedtls: ssl_msg.c:2072 0x3ffc7140: <= flush output

I (6865) mbedtls: ssl_tls12_server.c:3429 0x3ffc7140: server state: 14

I (6865) mbedtls: ssl_tls12_server.c:3521 0x3ffc7140: handshake: done

D (6865) mbedtls: ssl_misc.h:1295 0x3ffc7140: handshake state: 14 (MBEDTLS_SSL_FLUSH_BUFFERS) -> 15 (MBEDTLS_SSL_HANDSHAKE_WRAPUP)

I (6865) mbedtls: ssl_msg.c:2063 0x3ffc7140: => flush output

I (6865) mbedtls: ssl_msg.c:2072 0x3ffc7140: <= flush output

I (6865) mbedtls: ssl_tls12_server.c:3429 0x3ffc7140: server state: 15

D (6865) mbedtls: ssl_tls.c:7322 0x3ffc7140: => handshake wrapup

D (6865) mbedtls: ssl_tls.c:7296 0x3ffc7140: => handshake wrapup: final free

D (6865) mbedtls: ssl_tls.c:7315 0x3ffc7140: <= handshake wrapup: final free

D (6865) mbedtls: ssl_misc.h:1295 0x3ffc7140: handshake state: 15 (MBEDTLS_SSL_HANDSHAKE_WRAPUP) -> 27 (MBEDTLS_SSL_HANDSHAKE_OVER)

D (6865) mbedtls: ssl_tls.c:7376 0x3ffc7140: <= handshake wrapup

I (6865) mbedtls: ssl_tls.c:4293 0x3ffc7140: <= handshake

[srv-tls] session established
I (6865) mbedtls: ssl_msg.c:5663 0x3ffc7140: => read

I (6865) mbedtls: ssl_msg.c:4040 0x3ffc7140: => read record

I (6865) mbedtls: ssl_msg.c:1865 0x3ffc7140: => fetch input

I (6865) mbedtls: ssl_msg.c:2005 0x3ffc7140: in_left: 0, nb_want: 5

[mem-tick] t=    5390 ms phase=thr-setup    free=167716
[mem-tick] t=    5490 ms phase=thr-setup    free=167716
I (7085) mbedtls: ssl_msg.c:2025 0x3ffc65bc: in_left: 0, nb_want: 5

I (7085) mbedtls: ssl_msg.c:2028 0x3ffc65bc: ssl->f_recv(_timeout)() returned 5 (-0xfffffffb)

I (7085) mbedtls: ssl_msg.c:2050 0x3ffc65bc: <= fetch input

D (7085) mbedtls: ssl_msg.c:3707 0x3ffc65bc: input record: msgtype = 22, version = [0x303], msglen = 40

I (7085) mbedtls: ssl_msg.c:1865 0x3ffc65bc: => fetch input

I (7085) mbedtls: ssl_msg.c:2005 0x3ffc65bc: in_left: 5, nb_want: 45

I (7085) mbedtls: ssl_msg.c:2025 0x3ffc65bc: in_left: 5, nb_want: 45

I (7085) mbedtls: ssl_msg.c:2028 0x3ffc65bc: ssl->f_recv(_timeout)() returned 40 (-0xffffffd8)

I (7085) mbedtls: ssl_msg.c:2050 0x3ffc65bc: <= fetch input

I (7085) mbedtls: ssl_msg.c:1301 0x3ffc65bc: => decrypt buf

I (7085) mbedtls: ssl_msg.c:1831 0x3ffc65bc: <= decrypt buf

D (7085) mbedtls: ssl_msg.c:2948 0x3ffc65bc: handshake message: msglen = 16, type = 20, hslen = 16

D (7085) mbedtls: ssl_msg.c:3085 0x3ffc65bc: sole handshake fragment: 16, 0..16 of 16

I (7085) mbedtls: ssl_msg.c:4112 0x3ffc65bc: <= read record

D (7085) mbedtls: ssl_misc.h:1295 0x3ffc65bc: handshake state: 13 (MBEDTLS_SSL_SERVER_FINISHED) -> 14 (MBEDTLS_SSL_FLUSH_BUFFERS)

I (7085) mbedtls: ssl_tls.c:7571 0x3ffc65bc: <= parse finished

I (7085) mbedtls: ssl_msg.c:2063 0x3ffc65bc: => flush output

I (7085) mbedtls: ssl_msg.c:2072 0x3ffc65bc: <= flush output

I (7085) mbedtls: ssl_tls.c:4201 0x3ffc65bc: client state: MBEDTLS_SSL_FLUSH_BUFFERS

I (7085) mbedtls: ssl_tls12_client.c:3031 0x3ffc65bc: handshake: done

D (7085) mbedtls: ssl_misc.h:1295 0x3ffc65bc: handshake state: 14 (MBEDTLS_SSL_FLUSH_BUFFERS) -> 15 (MBEDTLS_SSL_HANDSHAKE_WRAPUP)

I (7085) mbedtls: ssl_msg.c:2063 0x3ffc65bc: => flush output

I (7085) mbedtls: ssl_msg.c:2072 0x3ffc65bc: <= flush output

I (7085) mbedtls: ssl_tls.c:4201 0x3ffc65bc: client state: MBEDTLS_SSL_HANDSHAKE_WRAPUP

D (7085) mbedtls: ssl_tls.c:7322 0x3ffc65bc: => handshake wrapup

D (7085) mbedtls: ssl_tls.c:7296 0x3ffc65bc: => handshake wrapup: final free

D (7085) mbedtls: ssl_tls.c:7315 0x3ffc65bc: <= handshake wrapup: final free

D (7085) mbedtls: ssl_misc.h:1295 0x3ffc65bc: handshake state: 15 (MBEDTLS_SSL_HANDSHAKE_WRAPUP) -> 27 (MBEDTLS_SSL_HANDSHAKE_OVER)

D (7085) mbedtls: ssl_tls.c:7376 0x3ffc65bc: <= handshake wrapup

I (7085) mbedtls: ssl_tls.c:4293 0x3ffc65bc: <= handshake

[neg] version=TLSv1.2 suite=TLS-ECDHE-RSA-WITH-AES-256-GCM-SHA384 peer_cert=0 bytes
[mem-tick] t=    5590 ms phase=thr-p0       free=170276
[mem-tick] t=    5690 ms phase=thr-p0       free=169120
[mem-tick] t=    5790 ms phase=thr-p0       free=170680
[mem-tick] t=    5890 ms phase=thr-p0       free=173300
[mem-tick] t=    5990 ms phase=thr-p0       free=171844
[mem-tick] t=    6090 ms phase=thr-p0       free=170636
[mem-tick] t=    6190 ms phase=thr-p0       free=170300
[mem-tick] t=    6290 ms phase=thr-p0       free=171836
[mem-tick] t=    6390 ms phase=thr-p0       free=170680
[mem-tick] t=    6490 ms phase=thr-p0       free=171656
[mem-tick] t=    6590 ms phase=thr-p0       free=171840
[thr] round0 PLAIN 2097152 B in 1133034 us = 14.81 Mbit/s
I (8225) mbedtls: ssl_msg.c:5925 0x3ffc65bc: => write

I (8225) mbedtls: ssl_msg.c:2654 0x3ffc65bc: => write record

I (8225) mbedtls: ssl_msg.c:808 0x3ffc65bc: => encrypt buf

D (8225) mbedtls: ssl_msg.c:1036 0x3ffc65bc: before encrypt: msglen = 1024, including 0 bytes of padding

I (8225) mbedtls: ssl_msg.c:1265 0x3ffc65bc: <= encrypt buf

D (8225) mbedtls: ssl_msg.c:2737 0x3ffc65bc: output record: msgtype = 23, version = [3:3], msglen = 1048

I (8225) mbedtls: ssl_msg.c:2063 0x3ffc65bc: => flush output

I (8225) mbedtls: ssl_msg.c:2077 0x3ffc65bc: message length: 1053, out_left: 1053

I (8225) mbedtls: ssl_msg.c:2084 0x3ffc65bc: ssl->f_send() returned 1053 (-0xfffffbe3)

I (8225) mbedtls: ssl_msg.c:2025 0x3ffc7140: in_left: 0, nb_want: 5

I (8225) mbedtls: ssl_msg.c:2111 0x3ffc65bc: <= flush output

I (8225) mbedtls: ssl_msg.c:2028 0x3ffc7140: ssl->f_recv(_timeout)() returned 5 (-0xfffffffb)

I (8225) mbedtls: ssl_msg.c:2790 0x3ffc65bc: <= write record

I (8225) mbedtls: ssl_msg.c:5947 0x3ffc65bc: <= write

I (8225) mbedtls: ssl_msg.c:5663 0x3ffc65bc: => read

I (8225) mbedtls: ssl_msg.c:4040 0x3ffc65bc: => read record

I (8225) mbedtls: ssl_msg.c:1865 0x3ffc65bc: => fetch input

I (8225) mbedtls: ssl_msg.c:2005 0x3ffc65bc: in_left: 0, nb_want: 5

I (8225) mbedtls: ssl_msg.c:2050 0x3ffc7140: <= fetch input

D (8225) mbedtls: ssl_msg.c:3707 0x3ffc7140: input record: msgtype = 23, version = [0x303], msglen = 1048

I (8225) mbedtls: ssl_msg.c:1865 0x3ffc7140: => fetch input

I (8225) mbedtls: ssl_msg.c:2005 0x3ffc7140: in_left: 5, nb_want: 1053

I (8225) mbedtls: ssl_msg.c:2025 0x3ffc7140: in_left: 5, nb_want: 1053

I (8225) mbedtls: ssl_msg.c:2028 0x3ffc7140: ssl->f_recv(_timeout)() returned 1048 (-0xfffffbe8)

I (8225) mbedtls: ssl_msg.c:2050 0x3ffc7140: <= fetch input

I (8225) mbedtls: ssl_msg.c:1301 0x3ffc7140: => decrypt buf

I (8235) mbedtls: ssl_msg.c:1831 0x3ffc7140: <= decrypt buf

I (8235) mbedtls: ssl_msg.c:4112 0x3ffc7140: <= read record

I (8235) mbedtls: ssl_msg.c:5823 0x3ffc7140: <= read

I (8235) mbedtls: ssl_msg.c:5925 0x3ffc7140: => write

I (8235) mbedtls: ssl_msg.c:2654 0x3ffc7140: => write record

I (8235) mbedtls: ssl_msg.c:808 0x3ffc7140: => encrypt buf

D (8235) mbedtls: ssl_msg.c:1036 0x3ffc7140: before encrypt: msglen = 1024, including 0 bytes of padding

I (8235) mbedtls: ssl_msg.c:1265 0x3ffc7140: <= encrypt buf

D (8235) mbedtls: ssl_msg.c:2737 0x3ffc7140: output record: msgtype = 23, version = [3:3], msglen = 1048

I (8235) mbedtls: ssl_msg.c:2063 0x3ffc7140: => flush output

I (8235) mbedtls: ssl_msg.c:2077 0x3ffc7140: message length: 1053, out_left: 1053

I (8235) mbedtls: ssl_msg.c:2084 0x3ffc7140: ssl->f_send() returned 1053 (-0xfffffbe3)

I (8235) mbedtls: ssl_msg.c:2111 0x3ffc7140: <= flush output

I (8235) mbedtls: ssl_msg.c:2025 0x3ffc65bc: in_left: 0, nb_want: 5

I (8235) mbedtls: ssl_msg.c:2028 0x3ffc65bc: ssl->f_recv(_timeout)() returned 5 (-0xfffffffb)

I (8235) mbedtls: ssl_msg.c:2050 0x3ffc65bc: <= fetch input

D (8235) mbedtls: ssl_msg.c:3707 0x3ffc65bc: input record: msgtype = 23, version = [0x303], msglen = 1048

I (8235) mbedtls: ssl_msg.c:1865 0x3ffc65bc: => fetch input

I (8235) mbedtls: ssl_msg.c:2005 0x3ffc65bc: in_left: 5, nb_want: 1053

I (8235) mbedtls: ssl_msg.c:2025 0x3ffc65bc: in_left: 5, nb_want: 1053

I (8235) mbedtls: ssl_msg.c:2028 0x3ffc65bc: ssl->f_recv(_timeout)() returned 1048 (-0xfffffbe8)

I (8235) mbedtls: ssl_msg.c:2050 0x3ffc65bc: <= fetch input

I (8235) mbedtls: ssl_msg.c:1301 0x3ffc65bc: => decrypt buf

I (8235) mbedtls: ssl_msg.c:1831 0x3ffc65bc: <= decrypt buf

I (8245) mbedtls: ssl_msg.c:2790 0x3ffc7140: <= write record

I (8245) mbedtls: ssl_msg.c:5947 0x3ffc7140: <= write

I (8245) mbedtls: ssl_msg.c:4112 0x3ffc65bc: <= read record

I (8245) mbedtls: ssl_msg.c:5663 0x3ffc7140: => read

I (8245) mbedtls: ssl_msg.c:5823 0x3ffc65bc: <= read

I (8245) mbedtls: ssl_msg.c:5925 0x3ffc65bc: => write

I (8245) mbedtls: ssl_msg.c:2654 0x3ffc65bc: => write record

I (8245) mbedtls: ssl_msg.c:808 0x3ffc65bc: => encrypt buf

I (8245) mbedtls: ssl_msg.c:4040 0x3ffc7140: => read record

I (8245) mbedtls: ssl_msg.c:1865 0x3ffc7140: => fetch input

I (8245) mbedtls: ssl_msg.c:2005 0x3ffc7140: in_left: 0, nb_want: 5

D (8245) mbedtls: ssl_msg.c:1036 0x3ffc65bc: before encrypt: msglen = 1024, including 0 bytes of padding

I (8245) mbedtls: ssl_msg.c:1265 0x3ffc65bc: <= encrypt buf

D (8245) mbedtls: ssl_msg.c:2737 0x3ffc65bc: output record: msgtype = 23, version = [3:3], msglen = 1048

I (8245) mbedtls: ssl_msg.c:2063 0x3ffc65bc: => flush output

I (8245) mbedtls: ssl_msg.c:2077 0x3ffc65bc: message length: 1053, out_left: 1053

I (8245) mbedtls: ssl_msg.c:2084 0x3ffc65bc: ssl->f_send() returned 1053 (-0xfffffbe3)

I (8245) mbedtls: ssl_msg.c:2111 0x3ffc65bc: <= flush output

I (8245) mbedtls: ssl_msg.c:2025 0x3ffc7140: in_left: 0, nb_want: 5

I (8245) mbedtls: ssl_msg.c:2790 0x3ffc65bc: <= write record

I (8245) mbedtls: ssl_msg.c:5947 0x3ffc65bc: <= write

I (8245) mbedtls: ssl_msg.c:5663 0x3ffc65bc: => read

I (8245) mbedtls: ssl_msg.c:4040 0x3ffc65bc: => read record

I (8245) mbedtls: ssl_msg.c:1865 0x3ffc65bc: => fetch input

I (8245) mbedtls: ssl_msg.c:2005 0x3ffc65bc: in_left: 0, nb_want: 5

I (8245) mbedtls: ssl_msg.c:2028 0x3ffc7140: ssl->f_recv(_timeout)() returned 5 (-0xfffffffb)

I (8245) mbedtls: ssl_msg.c:2050 0x3ffc7140: <= fetch input

D (8245) mbedtls: ssl_msg.c:3707 0x3ffc7140: input record: msgtype = 23, version = [0x303], msglen = 1048

I (8245) mbedtls: ssl_msg.c:1865 0x3ffc7140: => fetch input

I (8245) mbedtls: ssl_msg.c:2005 0x3ffc7140: in_left: 5, nb_want: 1053

I (8245) mbedtls: ssl_msg.c:2025 0x3ffc7140: in_left: 5, nb_want: 1053

I (8245) mbedtls: ssl_msg.c:2028 0x3ffc7140: ssl->f_recv(_timeout)() returned 1048 (-0xfffffbe8)

I (8245) mbedtls: ssl_msg.c:2050 0x3ffc7140: <= fetch input

I (8255) mbedtls: ssl_msg.c:1301 0x3ffc7140: => decrypt buf

I (8255) mbedtls: ssl_msg.c:1831 0x3ffc7140: <= decrypt buf

I (8255) mbedtls: ssl_msg.c:4112 0x3ffc7140: <= read record

I (8255) mbedtls: ssl_msg.c:5823 0x3ffc7140: <= read

I (8255) mbedtls: ssl_msg.c:5925 0x3ffc7140: => write

I (8255) mbedtls: ssl_msg.c:2654 0x3ffc7140: => write record

I (8255) mbedtls: ssl_msg.c:808 0x3ffc7140: => encrypt buf

D (8255) mbedtls: ssl_msg.c:1036 0x3ffc7140: before encrypt: msglen = 1024, including 0 bytes of padding

I (8255) mbedtls: ssl_msg.c:1265 0x3ffc7140: <= encrypt buf

D (8255) mbedtls: ssl_msg.c:2737 0x3ffc7140: output record: msgtype = 23, version = [3:3], msglen = 1048

I (8255) mbedtls: ssl_msg.c:2063 0x3ffc7140: => flush output

I (8255) mbedtls: ssl_msg.c:2077 0x3ffc7140: message length: 1053, out_left: 1053

I (8255) mbedtls: ssl_msg.c:2084 0x3ffc7140: ssl->f_send() returned 1053 (-0xfffffbe3)

I (8255) mbedtls: ssl_msg.c:2111 0x3ffc7140: <= flush output

I (8255) mbedtls: ssl_msg.c:2025 0x3ffc65bc: in_left: 0, nb_want: 5

I (8255) mbedtls: ssl_msg.c:2028 0x3ffc65bc: ssl->f_recv(_timeout)() returned 5 (-0xfffffffb)

I (8255) mbedtls: ssl_msg.c:2050 0x3ffc65bc: <= fetch input

D (8255) mbedtls: ssl_msg.c:3707 0x3ffc65bc: input record: msgtype = 23, version = [0x303], msglen = 1048

I (8255) mbedtls: ssl_msg.c:1865 0x3ffc65bc: => fetch input

I (8255) mbedtls: ssl_msg.c:2005 0x3ffc65bc: in_left: 5, nb_want: 1053

I (8255) mbedtls: ssl_msg.c:2025 0x3ffc65bc: in_left: 5, nb_want: 1053

I (8255) mbedtls: ssl_msg.c:2028 0x3ffc65bc: ssl->f_recv(_timeout)() returned 1048 (-0xfffffbe8)

I (8255) mbedtls: ssl_msg.c:2050 0x3ffc65bc: <= fetch input

I (8255) mbedtls: ssl_msg.c:1301 0x3ffc65bc: => decrypt buf

I (8265) mbedtls: ssl_msg.c:1831 0x3ffc65bc: <= decrypt buf

I (8265) mbedtls: ssl_msg.c:4112 0x3ffc65bc: <= read record

I (8265) mbedtls: ssl_msg.c:5823 0x3ffc65bc: <= read

I (8265) mbedtls: ssl_msg.c:5925 0x3ffc65bc: => write

I (8265) mbedtls: ssl_msg.c:2654 0x3ffc65bc: => write record

I (8265) mbedtls: ssl_msg.c:808 0x3ffc65bc: => encrypt buf

I (8265) mbedtls: ssl_msg.c:2790 0x3ffc7140: <= write record

I (8265) mbedtls: ssl_msg.c:5947 0x3ffc7140: <= write

I (8265) mbedtls: ssl_msg.c:5663 0x3ffc7140: => read

I (8265) mbedtls: ssl_msg.c:4040 0x3ffc7140: => read record

I (8265) mbedtls: ssl_msg.c:1865 0x3ffc7140: => fetch input

I (8265) mbedtls: ssl_msg.c:2005 0x3ffc7140: in_left: 0, nb_want: 5

[mem-tick] t=    6693 ms phase=thr-t0       free=171840
D (8265) mbedtls: ssl_msg.c:1036 0x3ffc65bc: before encrypt: msglen = 1024, including 0 bytes of padding

I (8265) mbedtls: ssl_msg.c:1265 0x3ffc65bc: <= encrypt buf

D (8265) mbedtls: ssl_msg.c:2737 0x3ffc65bc: output record: msgtype = 23, version = [3:3], msglen = 1048

I (8265) mbedtls: ssl_msg.c:2063 0x3ffc65bc: => flush output

I (8265) mbedtls: ssl_msg.c:2077 0x3ffc65bc: message length: 1053, out_left: 1053

I (8265) mbedtls: ssl_msg.c:2084 0x3ffc65bc: ssl->f_send() returned 1053 (-0xfffffbe3)

I (8265) mbedtls: ssl_msg.c:2111 0x3ffc65bc: <= flush output

I (8265) mbedtls: ssl_msg.c:2790 0x3ffc65bc: <= write record

I (8265) mbedtls: ssl_msg.c:5947 0x3ffc65bc: <= write

I (8265) mbedtls: ssl_msg.c:2025 0x3ffc7140: in_left: 0, nb_want: 5

I (8265) mbedtls: ssl_msg.c:5663 0x3ffc65bc: => read

I (8265) mbedtls: ssl_msg.c:4040 0x3ffc65bc: => read record

I (8265) mbedtls: ssl_msg.c:1865 0x3ffc65bc: => fetch input

I (8265) mbedtls: ssl_msg.c:2005 0x3ffc65bc: in_left: 0, nb_want: 5

I (8265) mbedtls: ssl_msg.c:2028 0x3ffc7140: ssl->f_recv(_timeout)() returned 5 (-0xfffffffb)

I (8265) mbedtls: ssl_msg.c:2050 0x3ffc7140: <= fetch input

D (8265) mbedtls: ssl_msg.c:3707 0x3ffc7140: input record: msgtype = 23, version = [0x303], msglen = 1048

I (8265) mbedtls: ssl_msg.c:1865 0x3ffc7140: => fetch input

I (8265) mbedtls: ssl_msg.c:2005 0x3ffc7140: in_left: 5, nb_want: 1053

I (8265) mbedtls: ssl_msg.c:2025 0x3ffc7140: in_left: 5, nb_want: 1053

I (8265) mbedtls: ssl_msg.c:2028 0x3ffc7140: ssl->f_recv(_timeout)() returned 1048 (-0xfffffbe8)

I (8265) mbedtls: ssl_msg.c:2050 0x3ffc7140: <= fetch input

I (8275) mbedtls: ssl_msg.c:1301 0x3ffc7140: => decrypt buf

I (8275) mbedtls: ssl_msg.c:1831 0x3ffc7140: <= decrypt buf

I (8275) mbedtls: ssl_msg.c:4112 0x3ffc7140: <= read record

I (8275) mbedtls: ssl_msg.c:5823 0x3ffc7140: <= read

I (8275) mbedtls: ssl_msg.c:5925 0x3ffc7140: => write

I (8275) mbedtls: ssl_msg.c:2654 0x3ffc7140: => write record

I (8275) mbedtls: ssl_msg.c:808 0x3ffc7140: => encrypt buf

D (8275) mbedtls: ssl_msg.c:1036 0x3ffc7140: before encrypt: msglen = 1024, including 0 bytes of padding

I (8275) mbedtls: ssl_msg.c:1265 0x3ffc7140: <= encrypt buf

D (8275) mbedtls: ssl_msg.c:2737 0x3ffc7140: output record: msgtype = 23, version = [3:3], msglen = 1048

I (8275) mbedtls: ssl_msg.c:2063 0x3ffc7140: => flush output

I (8275) mbedtls: ssl_msg.c:2077 0x3ffc7140: message length: 1053, out_left: 1053

I (8275) mbedtls: ssl_msg.c:2084 0x3ffc7140: ssl->f_send() returned 1053 (-0xfffffbe3)

I (8275) mbedtls: ssl_msg.c:2111 0x3ffc7140: <= flush output

I (8275) mbedtls: ssl_msg.c:2025 0x3ffc65bc: in_left: 0, nb_want: 5

I (8275) mbedtls: ssl_msg.c:2028 0x3ffc65bc: ssl->f_recv(_timeout)() returned 5 (-0xfffffffb)

I (8275) mbedtls: ssl_msg.c:2050 0x3ffc65bc: <= fetch input

D (8275) mbedtls: ssl_msg.c:3707 0x3ffc65bc: input record: msgtype = 23, version = [0x303], msglen = 1048

I (8275) mbedtls: ssl_msg.c:1865 0x3ffc65bc: => fetch input

I (8275) mbedtls: ssl_msg.c:2005 0x3ffc65bc: in_left: 5, nb_want: 1053

I (8275) mbedtls: ssl_msg.c:2025 0x3ffc65bc: in_left: 5, nb_want: 1053

I (8275) mbedtls: ssl_msg.c:2028 0x3ffc65bc: ssl->f_recv(_timeout)() returned 1048 (-0xfffffbe8)

I (8275) mbedtls: ssl_msg.c:2050 0x3ffc65bc: <= fetch input

I (8275) mbedtls: ssl_msg.c:1301 0x3ffc65bc: => decrypt buf

I (8285) mbedtls: ssl_msg.c:2790 0x3ffc7140: <= write record

I (8285) mbedtls: ssl_msg.c:1831 0x3ffc65bc: <= decrypt buf

I (8285) mbedtls: ssl_msg.c:5947 0x3ffc7140: <= write

I (8285) mbedtls: ssl_msg.c:5663 0x3ffc7140: => read

I (8285) mbedtls: ssl_msg.c:4040 0x3ffc7140: => read record

I (8285) mbedtls: ssl_msg.c:1865 0x3ffc7140: => fetch input

I (8285) mbedtls: ssl_msg.c:2005 0x3ffc7140: in_left: 0, nb_want: 5

I (8285) mbedtls: ssl_msg.c:4112 0x3ffc65bc: <= read record

I (8285) mbedtls: ssl_msg.c:5823 0x3ffc65bc: <= read

I (8285) mbedtls: ssl_msg.c:5925 0x3ffc65bc: => write

I (8285) mbedtls: ssl_msg.c:2654 0x3ffc65bc: => write record

I (8285) mbedtls: ssl_msg.c:808 0x3ffc65bc: => encrypt buf

D (8285) mbedtls: ssl_msg.c:1036 0x3ffc65bc: before encrypt: msglen = 1024, including 0 bytes of padding

I (8285) mbedtls: ssl_msg.c:1265 0x3ffc65bc: <= encrypt buf

D (8285) mbedtls: ssl_msg.c:2737 0x3ffc65bc: output record: msgtype = 23, version = [3:3], msglen = 1048

I (8285) mbedtls: ssl_msg.c:2063 0x3ffc65bc: => flush output

I (8285) mbedtls: ssl_msg.c:2077 0x3ffc65bc: message length: 1053, out_left: 1053

I (8285) mbedtls: ssl_msg.c:2025 0x3ffc7140: in_left: 0, nb_want: 5

I (8285) mbedtls: ssl_msg.c:2084 0x3ffc65bc: ssl->f_send() returned 1053 (-0xfffffbe3)

I (8285) mbedtls: ssl_msg.c:2028 0x3ffc7140: ssl->f_recv(_timeout)() returned 5 (-0xfffffffb)

I (8285) mbedtls: ssl_msg.c:2111 0x3ffc65bc: <= flush output

I (8285) mbedtls: ssl_msg.c:2790 0x3ffc65bc: <= write record

I (8285) mbedtls: ssl_msg.c:5947 0x3ffc65bc: <= write

I (8285) mbedtls: ssl_msg.c:5663 0x3ffc65bc: => read

I (8285) mbedtls: ssl_msg.c:4040 0x3ffc65bc: => read record

I (8285) mbedtls: ssl_msg.c:1865 0x3ffc65bc: => fetch input

I (8285) mbedtls: ssl_msg.c:2005 0x3ffc65bc: in_left: 0, nb_want: 5

I (8285) mbedtls: ssl_msg.c:2050 0x3ffc7140: <= fetch input

D (8285) mbedtls: ssl_msg.c:3707 0x3ffc7140: input record: msgtype = 23, version = [0x303], msglen = 1048

I (8285) mbedtls: ssl_msg.c:1865 0x3ffc7140: => fetch input

I (8285) mbedtls: ssl_msg.c:2005 0x3ffc7140: in_left: 5, nb_want: 1053

I (8285) mbedtls: ssl_msg.c:2025 0x3ffc7140: in_left: 5, nb_want: 1053

I (8285) mbedtls: ssl_msg.c:2028 0x3ffc7140: ssl->f_recv(_timeout)() returned 1048 (-0xfffffbe8)

I (8285) mbedtls: ssl_msg.c:2050 0x3ffc7140: <= fetch input

I (8295) mbedtls: ssl_msg.c:1301 0x3ffc7140: => decrypt buf

I (8295) mbedtls: ssl_msg.c:1831 0x3ffc7140: <= decrypt buf

I (8295) mbedtls: ssl_msg.c:4112 0x3ffc7140: <= read record

I (8295) mbedtls: ssl_msg.c:5823 0x3ffc7140: <= read

I (8295) mbedtls: ssl_msg.c:5925 0x3ffc7140: => write

I (8295) mbedtls: ssl_msg.c:2654 0x3ffc7140: => write record

I (8295) mbedtls: ssl_msg.c:808 0x3ffc7140: => encrypt buf

D (8295) mbedtls: ssl_msg.c:1036 0x3ffc7140: before encrypt: msglen = 1024, including 0 bytes of padding

I (8295) mbedtls: ssl_msg.c:1265 0x3ffc7140: <= encrypt buf

D (8295) mbedtls: ssl_msg.c:2737 0x3ffc7140: output record: msgtype = 23, version = [3:3], msglen = 1048

I (8295) mbedtls: ssl_msg.c:2063 0x3ffc7140: => flush output

I (8295) mbedtls: ssl_msg.c:2077 0x3ffc7140: message length: 1053, out_left: 1053

I (8295) mbedtls: ssl_msg.c:2025 0x3ffc65bc: in_left: 0, nb_want: 5

I (8295) mbedtls: ssl_msg.c:2028 0x3ffc65bc: ssl->f_recv(_timeout)() returned 5 (-0xfffffffb)

I (8295) mbedtls: ssl_msg.c:2050 0x3ffc65bc: <= fetch input

I (8295) mbedtls: ssl_msg.c:2084 0x3ffc7140: ssl->f_send() returned 1053 (-0xfffffbe3)

D (8295) mbedtls: ssl_msg.c:3707 0x3ffc65bc: input record: msgtype = 23, version = [0x303], msglen = 1048

I (8295) mbedtls: ssl_msg.c:1865 0x3ffc65bc: => fetch input

I (8295) mbedtls: ssl_msg.c:2005 0x3ffc65bc: in_left: 5, nb_want: 1053

I (8295) mbedtls: ssl_msg.c:2025 0x3ffc65bc: in_left: 5, nb_want: 1053

I (8295) mbedtls: ssl_msg.c:2028 0x3ffc65bc: ssl->f_recv(_timeout)() returned 1048 (-0xfffffbe8)

I (8295) mbedtls: ssl_msg.c:2050 0x3ffc65bc: <= fetch input

I (8305) mbedtls: ssl_msg.c:1301 0x3ffc65bc: => decrypt buf

I (8305) mbedtls: ssl_msg.c:1831 0x3ffc65bc: <= decrypt buf

I (8305) mbedtls: ssl_msg.c:4112 0x3ffc65bc: <= read record

I (8305) mbedtls: ssl_msg.c:5823 0x3ffc65bc: <= read

I (8305) mbedtls: ssl_msg.c:2111 0x3ffc7140: <= flush output

I (8305) mbedtls: ssl_msg.c:5925 0x3ffc65bc: => write

I (8305) mbedtls: ssl_msg.c:2654 0x3ffc65bc: => write record

I (8305) mbedtls: ssl_msg.c:808 0x3ffc65bc: => encrypt buf

D (8305) mbedtls: ssl_msg.c:1036 0x3ffc65bc: before encrypt: msglen = 1024, including 0 bytes of padding

I (8305) mbedtls: ssl_msg.c:1265 0x3ffc65bc: <= encrypt buf

D (8305) mbedtls: ssl_msg.c:2737 0x3ffc65bc: output record: msgtype = 23, version = [3:3], msglen = 1048

I (8305) mbedtls: ssl_msg.c:2063 0x3ffc65bc: => flush output

I (8305) mbedtls: ssl_msg.c:2077 0x3ffc65bc: message length: 1053, out_left: 1053

I (8305) mbedtls: ssl_msg.c:2084 0x3ffc65bc: ssl->f_send() returned 1053 (-0xfffffbe3)

I (8305) mbedtls: ssl_msg.c:2111 0x3ffc65bc: <= flush output

I (8305) mbedtls: ssl_msg.c:2790 0x3ffc65bc: <= write record

I (8305) mbedtls: ssl_msg.c:5947 0x3ffc65bc: <= write

I (8305) mbedtls: ssl_msg.c:5663 0x3ffc65bc: => read

I (8305) mbedtls: ssl_msg.c:4040 0x3ffc65bc: => read record

I (8305) mbedtls: ssl_msg.c:1865 0x3ffc65bc: => fetch input

I (8305) mbedtls: ssl_msg.c:2005 0x3ffc65bc: in_left: 0, nb_want: 5

I (8305) mbedtls: ssl_msg.c:2790 0x3ffc7140: <= write record

I (8305) mbedtls: ssl_msg.c:5947 0x3ffc7140: <= write

I (8305) mbedtls: ssl_msg.c:5663 0x3ffc7140: => read

I (8305) mbedtls: ssl_msg.c:4040 0x3ffc7140: => read record

I (8305) mbedtls: ssl_msg.c:1865 0x3ffc7140: => fetch input

I (8305) mbedtls: ssl_msg.c:2005 0x3ffc7140: in_left: 0, nb_want: 5

I (8305) mbedtls: ssl_msg.c:2025 0x3ffc7140: in_left: 0, nb_want: 5

I (8305) mbedtls: ssl_msg.c:2028 0x3ffc7140: ssl->f_recv(_timeout)() returned 5 (-0xfffffffb)

I (8305) mbedtls: ssl_msg.c:2050 0x3ffc7140: <= fetch input

D (8305) mbedtls: ssl_msg.c:3707 0x3ffc7140: input record: msgtype = 23, version = [0x303], msglen = 1048

I (8305) mbedtls: ssl_msg.c:1865 0x3ffc7140: => fetch input

I (8305) mbedtls: ssl_msg.c:2005 0x3ffc7140: in_left: 5, nb_want: 1053

I (8305) mbedtls: ssl_msg.c:2025 0x3ffc7140: in_left: 5, nb_want: 1053

I (8305) mbedtls: ssl_msg.c:2028 0x3ffc7140: ssl->f_recv(_timeout)() returned 1048 (-0xfffffbe8)

I (8305) mbedtls: ssl_msg.c:2050 0x3ffc7140: <= fetch input

I (8315) mbedtls: ssl_msg.c:1301 0x3ffc7140: => decrypt buf

I (8315) mbedtls: ssl_msg.c:1831 0x3ffc7140: <= decrypt buf

I (8315) mbedtls: ssl_msg.c:4112 0x3ffc7140: <= read record

I (8315) mbedtls: ssl_msg.c:5823 0x3ffc7140: <= read

I (8315) mbedtls: ssl_msg.c:5925 0x3ffc7140: => write

I (8315) mbedtls: ssl_msg.c:2654 0x3ffc7140: => write record

I (8315) mbedtls: ssl_msg.c:808 0x3ffc7140: => encrypt buf

D (8315) mbedtls: ssl_msg.c:1036 0x3ffc7140: before encrypt: msglen = 1024, including 0 bytes of padding

I (8315) mbedtls: ssl_msg.c:1265 0x3ffc7140: <= encrypt buf

D (8315) mbedtls: ssl_msg.c:2737 0x3ffc7140: output record: msgtype = 23, version = [3:3], msglen = 1048

I (8315) mbedtls: ssl_msg.c:2063 0x3ffc7140: => flush output

I (8315) mbedtls: ssl_msg.c:2077 0x3ffc7140: message length: 1053, out_left: 1053

I (8315) mbedtls: ssl_msg.c:2025 0x3ffc65bc: in_left: 0, nb_want: 5

I (8315) mbedtls: ssl_msg.c:2028 0x3ffc65bc: ssl->f_recv(_timeout)() returned 5 (-0xfffffffb)

I (8315) mbedtls: ssl_msg.c:2050 0x3ffc65bc: <= fetch input

I (8315) mbedtls: ssl_msg.c:2084 0x3ffc7140: ssl->f_send() returned 1053 (-0xfffffbe3)

D (8315) mbedtls: ssl_msg.c:3707 0x3ffc65bc: input record: msgtype = 23, version = [0x303], msglen = 1048

I (8315) mbedtls: ssl_msg.c:1865 0x3ffc65bc: => fetch input

I (8315) mbedtls: ssl_msg.c:2005 0x3ffc65bc: in_left: 5, nb_want: 1053

I (8315) mbedtls: ssl_msg.c:2025 0x3ffc65bc: in_left: 5, nb_want: 1053

I (8315) mbedtls: ssl_msg.c:2028 0x3ffc65bc: ssl->f_recv(_timeout)() returned 1048 (-0xfffffbe8)

I (8315) mbedtls: ssl_msg.c:2050 0x3ffc65bc: <= fetch input

I (8325) mbedtls: ssl_msg.c:1301 0x3ffc65bc: => decrypt buf

I (8325) mbedtls: ssl_msg.c:1831 0x3ffc65bc: <= decrypt buf

I (8325) mbedtls: ssl_msg.c:4112 0x3ffc65bc: <= read record

I (8325) mbedtls: ssl_msg.c:5823 0x3ffc65bc: <= read

I (8325) mbedtls: ssl_msg.c:5925 0x3ffc65bc: => write

I (8325) mbedtls: ssl_msg.c:2654 0x3ffc65bc: => write record

I (8325) mbedtls: ssl_msg.c:2111 0x3ffc7140: <= flush output

I (8325) mbedtls: ssl_msg.c:808 0x3ffc65bc: => encrypt buf

D (8325) mbedtls: ssl_msg.c:1036 0x3ffc65bc: before encrypt: msglen = 1024, including 0 bytes of padding

I (8325) mbedtls: ssl_msg.c:1265 0x3ffc65bc: <= encrypt buf

D (8325) mbedtls: ssl_msg.c:2737 0x3ffc65bc: output record: msgtype = 23, version = [3:3], msglen = 1048

I (8325) mbedtls: ssl_msg.c:2063 0x3ffc65bc: => flush output

I (8325) mbedtls: ssl_msg.c:2077 0x3ffc65bc: message length: 1053, out_left: 1053

I (8325) mbedtls: ssl_msg.c:2084 0x3ffc65bc: ssl->f_send() returned 1053 (-0xfffffbe3)

I (8325) mbedtls: ssl_msg.c:2111 0x3ffc65bc: <= flush output

I (8325) mbedtls: ssl_msg.c:2790 0x3ffc65bc: <= write record

I (8325) mbedtls: ssl_msg.c:5947 0x3ffc65bc: <= write

I (8325) mbedtls: ssl_msg.c:5663 0x3ffc65bc: => read

I (8325) mbedtls: ssl_msg.c:4040 0x3ffc65bc: => read record

I (8325) mbedtls: ssl_msg.c:1865 0x3ffc65bc: => fetch input

I (8325) mbedtls: ssl_msg.c:2005 0x3ffc65bc: in_left: 0, nb_want: 5

I (8325) mbedtls: ssl_msg.c:2790 0x3ffc7140: <= write record

I (8325) mbedtls: ssl_msg.c:5947 0x3ffc7140: <= write

I (8325) mbedtls: ssl_msg.c:5663 0x3ffc7140: => read

I (8325) mbedtls: ssl_msg.c:4040 0x3ffc7140: => read record

I (8325) mbedtls: ssl_msg.c:1865 0x3ffc7140: => fetch input

I (8325) mbedtls: ssl_msg.c:2005 0x3ffc7140: in_left: 0, nb_want: 5

I (8325) mbedtls: ssl_msg.c:2025 0x3ffc7140: in_left: 0, nb_want: 5

I (8325) mbedtls: ssl_msg.c:2028 0x3ffc7140: ssl->f_recv(_timeout)() returned 5 (-0xfffffffb)

I (8325) mbedtls: ssl_msg.c:2050 0x3ffc7140: <= fetch input

D (8325) mbedtls: ssl_msg.c:3707 0x3ffc7140: input record: msgtype = 23, version = [0x303], msglen = 1048

I (8325) mbedtls: ssl_msg.c:1865 0x3ffc7140: => fetch input

I (8325) mbedtls: ssl_msg.c:2005 0x3ffc7140: in_left: 5, nb_want: 1053

I (8325) mbedtls: ssl_msg.c:2025 0x3ffc7140: in_left: 5, nb_want: 1053

I (8325) mbedtls: ssl_msg.c:2028 0x3ffc7140: ssl->f_recv(_timeout)() returned 1048 (-0xfffffbe8)

I (8325) mbedtls: ssl_msg.c:2050 0x3ffc7140: <= fetch input

I (8335) mbedtls: ssl_msg.c:1301 0x3ffc7140: => decrypt buf

[LOG TRUNCATED: 原始 722544 行 / 26M，关键证据行与末尾 500 行如下，完整日志可按工程 README/文章实验节复现]

I (147625) mbedtls: ssl_msg.c:2050 0x3ffc65bc: <= fetch input

I (147625) mbedtls: ssl_msg.c:4112 0x3ffc65bc: <= read record

D (147625) mbedtls: ssl_msg.c:5130 0x3ffc65bc: switching to new transform spec for inbound data

D (147625) mbedtls: ssl_misc.h:1295 0x3ffc65bc: handshake state: 12 (MBEDTLS_SSL_SERVER_CHANGE_CIPHER_SPEC) -> 13 (MBEDTLS_SSL_SERVER_FINISHED)

I (147625) mbedtls: ssl_msg.c:5157 0x3ffc65bc: <= parse change cipher spec

I (147625) mbedtls: ssl_msg.c:2063 0x3ffc65bc: => flush output

I (147625) mbedtls: ssl_msg.c:2072 0x3ffc65bc: <= flush output

I (147625) mbedtls: ssl_tls.c:4201 0x3ffc65bc: client state: MBEDTLS_SSL_SERVER_FINISHED

I (147625) mbedtls: ssl_tls.c:7500 0x3ffc65bc: => parse finished

I (147625) mbedtls: ssl_tls.c:7235 0x3ffc65bc: => calc PSA finished tls

D (147625) mbedtls: ssl_tls.c:7246 0x3ffc65bc: dumping 'PSA calculated padbuf' (48 bytes)

D (147625) mbedtls: ssl_tls.c:7246 0x3ffc65bc: 0000:  77 a8 c5 6e 11 06 39 dc 6d a8 99 59 9d 43 63 68  w..n..9.m..Y.Cch

D (147625) mbedtls: ssl_tls.c:7246 0x3ffc65bc: 0010:  34 9b 9f 96 95 09 61 46 74 1e 4c de f7 17 9e db  4.....aFt.L.....

D (147625) mbedtls: ssl_tls.c:7246 0x3ffc65bc: 0020:  33 fa 1b 6c d3 0b e6 8c 58 ec 1d 56 c7 87 2a 9e  3..l....X..V..*.

D (147625) mbedtls: ssl_tls.c:7258 0x3ffc65bc: dumping 'calc finished result' (12 bytes)

D (147625) mbedtls: ssl_tls.c:7258 0x3ffc65bc: 0000:  34 3a c0 de ec cf 4a 3a 71 a1 d0 89              4:....J:q...

I (147625) mbedtls: ssl_tls.c:7262 0x3ffc65bc: <= calc finished

I (147625) mbedtls: ssl_msg.c:4040 0x3ffc65bc: => read record

I (147625) mbedtls: ssl_msg.c:1865 0x3ffc65bc: => fetch input

I (147625) mbedtls: ssl_msg.c:2005 0x3ffc65bc: in_left: 0, nb_want: 5

I (147625) mbedtls: ssl_msg.c:2025 0x3ffc65bc: in_left: 0, nb_want: 5

I (147625) mbedtls: ssl_msg.c:2028 0x3ffc65bc: ssl->f_recv(_timeout)() returned 5 (-0xfffffffb)

I (147625) mbedtls: ssl_msg.c:2050 0x3ffc65bc: <= fetch input

D (147625) mbedtls: ssl_msg.c:3707 0x3ffc65bc: input record: msgtype = 22, version = [0x303], msglen = 40

I (147625) mbedtls: ssl_msg.c:1865 0x3ffc65bc: => fetch input

I (147625) mbedtls: ssl_msg.c:2005 0x3ffc65bc: in_left: 5, nb_want: 45

I (147625) mbedtls: ssl_msg.c:2025 0x3ffc65bc: in_left: 5, nb_want: 45

I (147625) mbedtls: ssl_msg.c:2028 0x3ffc65bc: ssl->f_recv(_timeout)() returned 40 (-0xffffffd8)

I (147625) mbedtls: ssl_msg.c:2050 0x3ffc65bc: <= fetch input

I (147635) mbedtls: ssl_msg.c:1301 0x3ffc65bc: => decrypt buf

I (147635) mbedtls: ssl_msg.c:1831 0x3ffc65bc: <= decrypt buf

D (147635) mbedtls: ssl_msg.c:2948 0x3ffc65bc: handshake message: msglen = 16, type = 20, hslen = 16

D (147635) mbedtls: ssl_msg.c:3085 0x3ffc65bc: sole handshake fragment: 16, 0..16 of 16

I (147635) mbedtls: ssl_msg.c:4112 0x3ffc65bc: <= read record

D (147635) mbedtls: ssl_misc.h:1295 0x3ffc65bc: handshake state: 13 (MBEDTLS_SSL_SERVER_FINISHED) -> 14 (MBEDTLS_SSL_FLUSH_BUFFERS)

I (147635) mbedtls: ssl_tls.c:7571 0x3ffc65bc: <= parse finished

I (147635) mbedtls: ssl_msg.c:2063 0x3ffc65bc: => flush output

I (147635) mbedtls: ssl_msg.c:2072 0x3ffc65bc: <= flush output

I (147635) mbedtls: ssl_tls.c:4201 0x3ffc65bc: client state: MBEDTLS_SSL_FLUSH_BUFFERS

I (147635) mbedtls: ssl_tls12_client.c:3031 0x3ffc65bc: handshake: done

D (147635) mbedtls: ssl_misc.h:1295 0x3ffc65bc: handshake state: 14 (MBEDTLS_SSL_FLUSH_BUFFERS) -> 15 (MBEDTLS_SSL_HANDSHAKE_WRAPUP)

I (147635) mbedtls: ssl_msg.c:2063 0x3ffc65bc: => flush output

I (147635) mbedtls: ssl_msg.c:2072 0x3ffc65bc: <= flush output

I (147635) mbedtls: ssl_tls.c:4201 0x3ffc65bc: client state: MBEDTLS_SSL_HANDSHAKE_WRAPUP

D (147635) mbedtls: ssl_tls.c:7322 0x3ffc65bc: => handshake wrapup

D (147635) mbedtls: ssl_tls.c:7296 0x3ffc65bc: => handshake wrapup: final free

D (147635) mbedtls: ssl_tls.c:7315 0x3ffc65bc: <= handshake wrapup: final free

D (147635) mbedtls: ssl_misc.h:1295 0x3ffc65bc: handshake state: 15 (MBEDTLS_SSL_HANDSHAKE_WRAPUP) -> 27 (MBEDTLS_SSL_HANDSHAKE_OVER)

D (147635) mbedtls: ssl_tls.c:7376 0x3ffc65bc: <= handshake wrapup

I (147635) mbedtls: ssl_tls.c:4293 0x3ffc65bc: <= handshake

[e1] connected with PINNED cert, handshake=349955 us
--- E2: pinned WRONG cert as CA => expect verify failure ---
D (147645) esp-tls: handshake in progress...
I (147645) mbedtls: ssl_tls.c:4282 0x3ffc65bc: => handshake

I (147645) mbedtls: ssl_msg.c:2063 0x3ffc65bc: => flush output

I (147645) mbedtls: ssl_msg.c:2072 0x3ffc65bc: <= flush output

I (147645) mbedtls: ssl_tls.c:4201 0x3ffc65bc: client state: MBEDTLS_SSL_HELLO_REQUEST

D (147645) mbedtls: ssl_misc.h:1295 0x3ffc65bc: handshake state: 0 (MBEDTLS_SSL_HELLO_REQUEST) -> 1 (MBEDTLS_SSL_CLIENT_HELLO)

I (147645) mbedtls: ssl_msg.c:2063 0x3ffc65bc: => flush output

I (147645) mbedtls: ssl_msg.c:2072 0x3ffc65bc: <= flush output

I (147645) mbedtls: ssl_tls.c:4201 0x3ffc65bc: client state: MBEDTLS_SSL_CLIENT_HELLO

I (147645) mbedtls: ssl_client.c:917 0x3ffc65bc: => write client hello

D (147645) mbedtls: ssl_client.c:722 0x3ffc65bc: client hello, current time: 146

D (147645) mbedtls: ssl_client.c:485 0x3ffc65bc: dumping 'client hello, random bytes' (32 bytes)

D (147645) mbedtls: ssl_client.c:485 0x3ffc65bc: 0000:  00 00 00 92 08 51 f1 7b ad eb 0f fd 85 ce bc 5a  .....Q.{.......Z

D (147645) mbedtls: ssl_client.c:485 0x3ffc65bc: 0010:  fa 9b 88 39 a2 89 bd 4d 9a 99 20 86 5b cb 6b 72  ...9...M.. .[.kr

D (147645) mbedtls: ssl_client.c:510 0x3ffc65bc: dumping 'session id' (0 bytes)

D (147645) mbedtls: ssl_client.c:368 0x3ffc65bc: client hello, add ciphersuite: c02c, TLS-ECDHE-ECDSA-WITH-AES-256-GCM-SHA384

D (147645) mbedtls: ssl_client.c:368 0x3ffc65bc: client hello, add ciphersuite: c030, TLS-ECDHE-RSA-WITH-AES-256-GCM-SHA384

D (147645) mbedtls: ssl_client.c:368 0x3ffc65bc: client hello, add ciphersuite: c0ad, TLS-ECDHE-ECDSA-WITH-AES-256-CCM

D (147645) mbedtls: ssl_client.c:368 0x3ffc65bc: client hello, add ciphersuite: c024, TLS-ECDHE-ECDSA-WITH-AES-256-CBC-SHA384

D (147645) mbedtls: ssl_client.c:368 0x3ffc65bc: client hello, add ciphersuite: c028, TLS-ECDHE-RSA-WITH-AES-256-CBC-SHA384

D (147645) mbedtls: ssl_client.c:368 0x3ffc65bc: client hello, add ciphersuite: c00a, TLS-ECDHE-ECDSA-WITH-AES-256-CBC-SHA

D (147645) mbedtls: ssl_client.c:368 0x3ffc65bc: client hello, add ciphersuite: c014, TLS-ECDHE-RSA-WITH-AES-256-CBC-SHA

D (147645) mbedtls: ssl_client.c:368 0x3ffc65bc: client hello, add ciphersuite: c0af, TLS-ECDHE-ECDSA-WITH-AES-256-CCM-8

D (147645) mbedtls: ssl_client.c:368 0x3ffc65bc: client hello, add ciphersuite: c02b, TLS-ECDHE-ECDSA-WITH-AES-128-GCM-SHA256

D (147645) mbedtls: ssl_client.c:368 0x3ffc65bc: client hello, add ciphersuite: c02f, TLS-ECDHE-RSA-WITH-AES-128-GCM-SHA256

D (147645) mbedtls: ssl_client.c:368 0x3ffc65bc: client hello, add ciphersuite: c0ac, TLS-ECDHE-ECDSA-WITH-AES-128-CCM

D (147645) mbedtls: ssl_client.c:368 0x3ffc65bc: client hello, add ciphersuite: c023, TLS-ECDHE-ECDSA-WITH-AES-128-CBC-SHA256

D (147645) mbedtls: ssl_client.c:368 0x3ffc65bc: client hello, add ciphersuite: c027, TLS-ECDHE-RSA-WITH-AES-128-CBC-SHA256

D (147645) mbedtls: ssl_client.c:368 0x3ffc65bc: client hello, add ciphersuite: c009, TLS-ECDHE-ECDSA-WITH-AES-128-CBC-SHA

D (147645) mbedtls: ssl_client.c:368 0x3ffc65bc: client hello, add ciphersuite: c013, TLS-ECDHE-RSA-WITH-AES-128-CBC-SHA

D (147645) mbedtls: ssl_client.c:368 0x3ffc65bc: client hello, add ciphersuite: c0ae, TLS-ECDHE-ECDSA-WITH-AES-128-CCM-8

D (147645) mbedtls: ssl_client.c:386 0x3ffc65bc: adding EMPTY_RENEGOTIATION_INFO_SCSV

D (147645) mbedtls: ssl_client.c:395 0x3ffc65bc: client hello, got 17 cipher suites

D (147645) mbedtls: ssl_client.c:39 0x3ffc65bc: client hello, adding server name extension: localhost

D (147645) mbedtls: ssl_client.c:229 0x3ffc65bc: client hello, adding supported_groups extension

D (147645) mbedtls: ssl_client.c:248 0x3ffc65bc: got supported group(001d)

D (147645) mbedtls: ssl_client.c:280 0x3ffc65bc: NamedGroup: x25519 ( 1d )

D (147645) mbedtls: ssl_client.c:248 0x3ffc65bc: got supported group(0017)

D (147645) mbedtls: ssl_client.c:280 0x3ffc65bc: NamedGroup: secp256r1 ( 17 )

D (147645) mbedtls: ssl_client.c:248 0x3ffc65bc: got supported group(0018)

D (147645) mbedtls: ssl_client.c:280 0x3ffc65bc: NamedGroup: secp384r1 ( 18 )

D (147645) mbedtls: ssl_client.c:248 0x3ffc65bc: got supported group(001e)

D (147645) mbedtls: ssl_client.c:280 0x3ffc65bc: NamedGroup: x448 ( 1e )

D (147645) mbedtls: ssl_client.c:248 0x3ffc65bc: got supported group(0019)

D (147645) mbedtls: ssl_client.c:280 0x3ffc65bc: NamedGroup: secp521r1 ( 19 )

D (147645) mbedtls: ssl_client.c:248 0x3ffc65bc: got supported group(001a)

D (147645) mbedtls: ssl_client.c:280 0x3ffc65bc: NamedGroup: bp256r1 ( 1a )

D (147645) mbedtls: ssl_client.c:248 0x3ffc65bc: got supported group(001b)

D (147645) mbedtls: ssl_client.c:280 0x3ffc65bc: NamedGroup: bp384r1 ( 1b )

D (147645) mbedtls: ssl_client.c:248 0x3ffc65bc: got supported group(001c)

D (147655) mbedtls: ssl_client.c:280 0x3ffc65bc: NamedGroup: bp512r1 ( 1c )

D (147655) mbedtls: ssl_client.c:248 0x3ffc65bc: got supported group(0100)

D (147655) mbedtls: ssl_client.c:248 0x3ffc65bc: got supported group(0101)

D (147655) mbedtls: ssl_client.c:248 0x3ffc65bc: got supported group(0102)

D (147655) mbedtls: ssl_client.c:248 0x3ffc65bc: got supported group(0103)

D (147655) mbedtls: ssl_client.c:248 0x3ffc65bc: got supported group(0104)

D (147655) mbedtls: ssl_client.c:300 0x3ffc65bc: dumping 'Supported groups extension' (18 bytes)

D (147655) mbedtls: ssl_client.c:300 0x3ffc65bc: 0000:  00 10 00 1d 00 17 00 18 00 1e 00 19 00 1a 00 1b  ................

D (147655) mbedtls: ssl_client.c:300 0x3ffc65bc: 0010:  00 1c                                            ..

D (147655) mbedtls: ssl_tls.c:8276 0x3ffc65bc: adding signature_algorithms extension

D (147655) mbedtls: ssl_tls.c:8296 0x3ffc65bc: got signature scheme [603] ecdsa_secp521r1_sha512

D (147655) mbedtls: ssl_tls.c:8305 0x3ffc65bc: sent signature scheme [603] ecdsa_secp521r1_sha512

D (147655) mbedtls: ssl_tls.c:8296 0x3ffc65bc: got signature scheme [806] rsa_pss_rsae_sha512

D (147655) mbedtls: ssl_tls.c:8296 0x3ffc65bc: got signature scheme [601] rsa_pkcs1_sha512

D (147655) mbedtls: ssl_tls.c:8305 0x3ffc65bc: sent signature scheme [601] rsa_pkcs1_sha512

D (147655) mbedtls: ssl_tls.c:8296 0x3ffc65bc: got signature scheme [503] ecdsa_secp384r1_sha384

D (147655) mbedtls: ssl_tls.c:8305 0x3ffc65bc: sent signature scheme [503] ecdsa_secp384r1_sha384

D (147655) mbedtls: ssl_tls.c:8296 0x3ffc65bc: got signature scheme [805] rsa_pss_rsae_sha384

D (147655) mbedtls: ssl_tls.c:8296 0x3ffc65bc: got signature scheme [501] rsa_pkcs1_sha384

D (147655) mbedtls: ssl_tls.c:8305 0x3ffc65bc: sent signature scheme [501] rsa_pkcs1_sha384

D (147655) mbedtls: ssl_tls.c:8296 0x3ffc65bc: got signature scheme [403] ecdsa_secp256r1_sha256

D (147655) mbedtls: ssl_tls.c:8305 0x3ffc65bc: sent signature scheme [403] ecdsa_secp256r1_sha256

D (147655) mbedtls: ssl_tls.c:8296 0x3ffc65bc: got signature scheme [804] rsa_pss_rsae_sha256

D (147655) mbedtls: ssl_tls.c:8296 0x3ffc65bc: got signature scheme [401] rsa_pkcs1_sha256

D (147655) mbedtls: ssl_tls.c:8305 0x3ffc65bc: sent signature scheme [401] rsa_pkcs1_sha256

D (147655) mbedtls: ssl_tls12_client.c:103 0x3ffc65bc: client hello, adding supported_point_formats extension

D (147655) mbedtls: ssl_tls12_client.c:287 0x3ffc65bc: client hello, adding encrypt_then_mac extension

D (147655) mbedtls: ssl_tls12_client.c:319 0x3ffc65bc: client hello, adding extended_master_secret extension

D (147655) mbedtls: ssl_tls12_client.c:352 0x3ffc65bc: client hello, adding session ticket extension

D (147655) mbedtls: ssl_client.c:687 0x3ffc65bc: client hello, total extension length: 76

D (147655) mbedtls: ssl_client.c:689 0x3ffc65bc: dumping 'client hello extensions' (76 bytes)

D (147655) mbedtls: ssl_client.c:689 0x3ffc65bc: 0000:  00 4c 00 00 00 0e 00 0c 00 00 09 6c 6f 63 61 6c  .L.........local

D (147655) mbedtls: ssl_client.c:689 0x3ffc65bc: 0010:  68 6f 73 74 00 0a 00 12 00 10 00 1d 00 17 00 18  host............

D (147655) mbedtls: ssl_client.c:689 0x3ffc65bc: 0020:  00 1e 00 19 00 1a 00 1b 00 1c 00 0d 00 0e 00 0c  ................

D (147655) mbedtls: ssl_client.c:689 0x3ffc65bc: 0030:  06 03 06 01 05 03 05 01 04 03 04 01 00 0b 00 02  ................

D (147655) mbedtls: ssl_client.c:689 0x3ffc65bc: 0040:  01 00 00 16 00 00 00 17 00 00 00 23              ...........#

I (147655) mbedtls: ssl_msg.c:2494 0x3ffc65bc: => write handshake message

I (147655) mbedtls: ssl_msg.c:2654 0x3ffc65bc: => write record

D (147655) mbedtls: ssl_msg.c:2737 0x3ffc65bc: output record: msgtype = 22, version = [3:3], msglen = 155

I (147655) mbedtls: ssl_msg.c:2790 0x3ffc65bc: <= write record

I (147655) mbedtls: ssl_msg.c:2615 0x3ffc65bc: <= write handshake message

D (147655) mbedtls: ssl_misc.h:1295 0x3ffc65bc: handshake state: 1 (MBEDTLS_SSL_CLIENT_HELLO) -> 2 (MBEDTLS_SSL_SERVER_HELLO)

I (147655) mbedtls: ssl_client.c:1010 0x3ffc65bc: <= write client hello

I (147655) mbedtls: ssl_msg.c:2063 0x3ffc65bc: => flush output

I (147655) mbedtls: ssl_msg.c:2077 0x3ffc65bc: message length: 160, out_left: 160

I (147655) mbedtls: ssl_msg.c:2084 0x3ffc65bc: ssl->f_send() returned 160 (-0xffffff60)

I (147655) mbedtls: ssl_msg.c:2111 0x3ffc65bc: <= flush output

I (147655) mbedtls: ssl_tls.c:4201 0x3ffc65bc: client state: MBEDTLS_SSL_SERVER_HELLO

I (147655) mbedtls: ssl_tls12_client.c:1151 0x3ffc65bc: => parse server hello

I (147655) mbedtls: ssl_msg.c:4040 0x3ffc65bc: => read record

I (147655) mbedtls: ssl_msg.c:1865 0x3ffc65bc: => fetch input

I (147655) mbedtls: ssl_msg.c:2005 0x3ffc65bc: in_left: 0, nb_want: 5

I (147655) mbedtls: ssl_msg.c:2025 0x3ffc65bc: in_left: 0, nb_want: 5

I (147655) mbedtls: ssl_msg.c:2028 0x3ffc65bc: ssl->f_recv(_timeout)() returned 5 (-0xfffffffb)

I (147655) mbedtls: ssl_msg.c:2050 0x3ffc65bc: <= fetch input

D (147655) mbedtls: ssl_msg.c:3707 0x3ffc65bc: input record: msgtype = 22, version = [0x303], msglen = 65

I (147655) mbedtls: ssl_msg.c:1865 0x3ffc65bc: => fetch input

I (147655) mbedtls: ssl_msg.c:2005 0x3ffc65bc: in_left: 5, nb_want: 70

I (147665) mbedtls: ssl_msg.c:2025 0x3ffc65bc: in_left: 5, nb_want: 70

I (147665) mbedtls: ssl_msg.c:2028 0x3ffc65bc: ssl->f_recv(_timeout)() returned 65 (-0xffffffbf)

I (147665) mbedtls: ssl_msg.c:2050 0x3ffc65bc: <= fetch input

D (147665) mbedtls: ssl_msg.c:2948 0x3ffc65bc: handshake message: msglen = 65, type = 2, hslen = 65

D (147665) mbedtls: ssl_msg.c:3085 0x3ffc65bc: sole handshake fragment: 65, 0..65 of 65

I (147665) mbedtls: ssl_msg.c:4112 0x3ffc65bc: <= read record

D (147665) mbedtls: ssl_tls12_client.c:1225 0x3ffc65bc: dumping 'server hello, version' (2 bytes)

D (147665) mbedtls: ssl_tls12_client.c:1225 0x3ffc65bc: 0000:  03 03                                            ..

D (147665) mbedtls: ssl_tls12_client.c:1246 0x3ffc65bc: server hello, current time: 3018084362

D (147665) mbedtls: ssl_tls12_client.c:1256 0x3ffc65bc: dumping 'server hello, random bytes' (32 bytes)

D (147665) mbedtls: ssl_tls12_client.c:1256 0x3ffc65bc: 0000:  b3 e4 50 0a 4a 65 1c a9 c4 0b e1 34 75 de 39 9e  ..P.Je.....4u.9.

D (147665) mbedtls: ssl_tls12_client.c:1256 0x3ffc65bc: 0010:  4d 5d 0c 22 57 c0 ea b4 13 f4 0c e2 be de c6 9f  M]."W...........

D (147665) mbedtls: ssl_tls12_client.c:1318 0x3ffc65bc: server hello, session id len.: 0

D (147665) mbedtls: ssl_tls12_client.c:1319 0x3ffc65bc: dumping 'server hello, session id' (0 bytes)

D (147665) mbedtls: ssl_misc.h:1295 0x3ffc65bc: handshake state: 2 (MBEDTLS_SSL_SERVER_HELLO) -> 3 (MBEDTLS_SSL_SERVER_CERTIFICATE)

D (147665) mbedtls: ssl_tls12_client.c:1343 0x3ffc65bc: no session has been resumed

D (147665) mbedtls: ssl_tls12_client.c:1346 0x3ffc65bc: server hello, chosen ciphersuite: c030

D (147665) mbedtls: ssl_tls12_client.c:1347 0x3ffc65bc: server hello, compress alg.: 0

D (147665) mbedtls: ssl_tls12_client.c:1382 0x3ffc65bc: server hello, chosen ciphersuite: TLS-ECDHE-RSA-WITH-AES-256-GCM-SHA384

I (147665) mbedtls: ssl_tls12_client.c:1403 0x3ffc65bc: server hello, total extension length: 21

D (147665) mbedtls: ssl_tls12_client.c:1421 0x3ffc65bc: found renegotiation extension

D (147665) mbedtls: ssl_tls12_client.c:1500 0x3ffc65bc: found supported_point_formats extension

D (147665) mbedtls: ssl_tls12_client.c:1486 0x3ffc65bc: found session_ticket extension

D (147665) mbedtls: ssl_tls12_client.c:1473 0x3ffc65bc: found extended_master_secret extension

I (147665) mbedtls: ssl_tls12_client.c:1617 0x3ffc65bc: <= parse server hello

I (147665) mbedtls: ssl_msg.c:2063 0x3ffc65bc: => flush output

I (147665) mbedtls: ssl_msg.c:2072 0x3ffc65bc: <= flush output

I (147665) mbedtls: ssl_tls.c:4201 0x3ffc65bc: client state: MBEDTLS_SSL_SERVER_CERTIFICATE

I (147665) mbedtls: ssl_tls.c:7077 0x3ffc65bc: => parse certificate

I (147665) mbedtls: ssl_msg.c:4040 0x3ffc65bc: => read record

I (147665) mbedtls: ssl_msg.c:1865 0x3ffc65bc: => fetch input

I (147665) mbedtls: ssl_msg.c:2005 0x3ffc65bc: in_left: 0, nb_want: 5

I (147665) mbedtls: ssl_msg.c:2025 0x3ffc65bc: in_left: 0, nb_want: 5

I (147665) mbedtls: ssl_msg.c:2028 0x3ffc65bc: ssl->f_recv(_timeout)() returned 5 (-0xfffffffb)

I (147665) mbedtls: ssl_msg.c:2050 0x3ffc65bc: <= fetch input

D (147665) mbedtls: ssl_msg.c:3707 0x3ffc65bc: input record: msgtype = 22, version = [0x303], msglen = 791

I (147665) mbedtls: ssl_msg.c:1865 0x3ffc65bc: => fetch input

I (147665) mbedtls: ssl_msg.c:2005 0x3ffc65bc: in_left: 5, nb_want: 796

I (147665) mbedtls: ssl_msg.c:2025 0x3ffc65bc: in_left: 5, nb_want: 796

I (147665) mbedtls: ssl_msg.c:2028 0x3ffc65bc: ssl->f_recv(_timeout)() returned 791 (-0xfffffce9)

I (147665) mbedtls: ssl_msg.c:2050 0x3ffc65bc: <= fetch input

D (147665) mbedtls: ssl_msg.c:2948 0x3ffc65bc: handshake message: msglen = 791, type = 11, hslen = 791

D (147665) mbedtls: ssl_msg.c:3085 0x3ffc65bc: sole handshake fragment: 791, 0..791 of 791

I (147665) mbedtls: ssl_msg.c:4112 0x3ffc65bc: <= read record

D (147665) mbedtls: ssl_tls.c:6952 0x3ffc65bc: peer certificate #1:

D (147665) mbedtls: ssl_tls.c:6952 0x3ffc65bc: cert. version     : 3

D (147665) mbedtls: ssl_tls.c:6952 0x3ffc65bc: serial number     : 77:66:A5:9D:AF:14:9E:F2:03:F7:3C:2B:1A:5C:81:86:F8:A3:4E:52

D (147665) mbedtls: ssl_tls.c:6952 0x3ffc65bc: issuer name       : CN=localhost

D (147665) mbedtls: ssl_tls.c:6952 0x3ffc65bc: subject name      : CN=localhost

D (147665) mbedtls: ssl_tls.c:6952 0x3ffc65bc: issued  on        : 2026-08-26 20:20:30

D (147675) mbedtls: ssl_tls.c:6952 0x3ffc65bc: expires on        : 2026-09-25 20:20:30

D (147675) mbedtls: ssl_tls.c:6952 0x3ffc65bc: signed using      : RSA with SHA-256

D (147675) mbedtls: ssl_tls.c:6952 0x3ffc65bc: RSA key size      : 2048 bits

D (147675) mbedtls: ssl_tls.c:6952 0x3ffc65bc: basic constraints : CA=true

D (147675) mbedtls: ssl_tls.c:6952 0x3ffc65bc: dumping 'crt->PK' (270 bytes)

D (147675) mbedtls: ssl_tls.c:6952 0x3ffc65bc: 0000:  30 82 01 0a 02 82 01 01 00 dd 03 19 3e 8f 4a 05

D (147675) mbedtls: ssl_tls.c:6952 0x3ffc65bc: 0010:  9c d6 74 e1 46 bc 40 7a 7e af 78 09 38 f6 d0 1c

D (147675) mbedtls: ssl_tls.c:6952 0x3ffc65bc: 0020:  9d e4 2b 18 4c a1 87 f6 83 55 82 2d e0 21 fb b2

D (147675) mbedtls: ssl_tls.c:6952 0x3ffc65bc: 0030:  00 2f 9b 98 36 24 73 47 a2 11 bb 50 05 1c 9e 40

D (147675) mbedtls: ssl_tls.c:6952 0x3ffc65bc: 0040:  41 c9 de 81 7e a1 eb 82 48 35 d0 51 24 0d 22 bd

D (147675) mbedtls: ssl_tls.c:6952 0x3ffc65bc: 0050:  7e c7 0b 60 74 e2 60 3e 76 de c1 3d b5 9f e9 d2

D (147675) mbedtls: ssl_tls.c:6952 0x3ffc65bc: 0060:  ac 90 d3 84 2a 75 7c 41 8a 11 14 c8 bc 09 7b 9d

D (147675) mbedtls: ssl_tls.c:6952 0x3ffc65bc: 0070:  45 54 95 c1 50 05 be f1 34 c0 05 55 f5 a2 b3 a8

D (147675) mbedtls: ssl_tls.c:6952 0x3ffc65bc: 0080:  24 f6 ab 22 df 72 97 ef b5 8f e4 fe 49 be 4f c1

D (147675) mbedtls: ssl_tls.c:6952 0x3ffc65bc: 0090:  08 e0 39 7a cd ba 74 2e d1 20 74 ad 6b 59 ab 86

D (147675) mbedtls: ssl_tls.c:6952 0x3ffc65bc: 00a0:  5d 29 ab 81 f0 c1 22 3f 01 b9 0b a1 fb ee 70 9f

D (147675) mbedtls: ssl_tls.c:6952 0x3ffc65bc: 00b0:  eb 29 5e 9f 1d 6a 0d dc 65 fd 5e 5d 38 0c 1a c3

D (147675) mbedtls: ssl_tls.c:6952 0x3ffc65bc: 00c0:  ae b7 b7 2f 66 23 82 80 ab 7d 69 7c 8f 95 ab e8

D (147675) mbedtls: ssl_tls.c:6952 0x3ffc65bc: 00d0:  c0 4d 21 42 7d 78 c8 25 8b 60 f6 0d 87 c9 f4 df

D (147675) mbedtls: ssl_tls.c:6952 0x3ffc65bc: 00e0:  36 bf 16 7c 59 16 d1 09 ec 17 67 cf 5d 9f 8f 78

D (147675) mbedtls: ssl_tls.c:6952 0x3ffc65bc: 00f0:  8c 3d d0 02 18 d5 bc a7 19 f4 51 fe 1d b3 20 40

D (147675) mbedtls: ssl_tls.c:6952 0x3ffc65bc: 0100:  67 7e 3a cc 30 f3 8d a0 ef 02 03 01 00 01      

D (147675) mbedtls: ssl_tls.c:8721 0x3ffc65bc: Use configuration-specific verification callback

W (147675) mbedtls: ssl_tls.c:8778 0x3ffc65bc: x509_verify_cert() returned -9984 (-0x2700)

I (147675) mbedtls: ssl_msg.c:5058 0x3ffc65bc: => send alert message

D (147675) mbedtls: ssl_msg.c:5059 0x3ffc65bc: send alert level=2 message=48

I (147675) mbedtls: ssl_msg.c:2654 0x3ffc65bc: => write record

D (147675) mbedtls: ssl_msg.c:2737 0x3ffc65bc: output record: msgtype = 21, version = [3:3], msglen = 2

I (147675) mbedtls: ssl_msg.c:2063 0x3ffc65bc: => flush output

I (147675) mbedtls: ssl_msg.c:2077 0x3ffc65bc: message length: 7, out_left: 7

I (147675) mbedtls: ssl_msg.c:2084 0x3ffc65bc: ssl->f_send() returned 7 (-0xfffffff9)

I (147675) mbedtls: ssl_msg.c:2111 0x3ffc65bc: <= flush output

I (147675) mbedtls: ssl_msg.c:2790 0x3ffc65bc: <= write record

I (147675) mbedtls: ssl_msg.c:5070 0x3ffc65bc: <= send alert message

D (147675) mbedtls: ssl_tls.c:8878 0x3ffc65bc: ! Certificate verification flags 00000008

I (147675) mbedtls: ssl_tls.c:4293 0x3ffc65bc: <= handshake

E (147675) esp-tls-mbedtls: mbedtls_ssl_handshake returned -0x2700
I (147675) esp-tls-mbedtls: (FFFFD900): X509 - Certificate verification failed, e.g. CRL, CA or signature check failed
D (147675) esp-tls-mbedtls: Skipping certificate verification - no peer certificate received
E (147675) esp-tls: Failed to open new connection
[conn] TLS to 10.0.2.2:22443 FAILED after 37082 us
[err] handshake: last_esp_err=0x801a tls_code=-0xffffd900 cert_flags=0x0 (sys_errno=0 mb_code=-0x0000)
[e2] wrong-cert path captured above
[mem] final                  free=229712 largest=110592 min-ever=11388
== ch22 lab done ==
qemu-system-xtensa: terminating on signal 15 from pid 3552885 (timeout)
