Adding SPI flash device
ets Jul 29 2019 12:21:46

rst:0x1 (POWERON_RESET),boot:0x12 (SPI_FAST_FLASH_BOOT)
configsip: 0, SPIWP:0xee
clk_drv:0x00,q_drv:0x00,d_drv:0x00,cs0_drv:0x00,hd_drv:0x00,wp_drv:0x00
mode:DIO, clock div:2
load:0x3fff0040,len:6272
load:0x40078000,len:15820
load:0x40080400,len:3920
entry 0x40080644
I (671) boot: ESP-IDF v6.0.2 2nd stage bootloader
I (671) boot: compile time Aug 27 2026 04:28:50
I (671) boot: Multicore bootloader
I (724) boot: chip revision: v3.0
I (726) boot.esp32: SPI Speed      : 40MHz
I (726) boot.esp32: SPI Mode       : DIO
I (726) boot.esp32: SPI Flash Size : 2MB
I (737) boot: Enabling RNG early entropy source...
I (743) boot: Partition Table:
I (744) boot: ## Label            Usage          Type ST Offset   Length
I (744) boot:  0 nvs              WiFi data        01 02 00009000 00006000
I (744) boot:  1 phy_init         RF data          01 01 0000f000 00001000
I (745) boot:  2 factory          factory app      00 00 00010000 00100000
I (748) boot: End of partition table
I (781) esp_image: segment 0: paddr=00010020 vaddr=3f400020 size=1e974h (125300) map
I (803) esp_image: segment 1: paddr=0002e99c vaddr=3ffb0000 size=0167ch (  5756) load
I (816) esp_image: segment 2: paddr=00030020 vaddr=400d0020 size=525a4h (337316) map
I (846) esp_image: segment 3: paddr=000825cc vaddr=3ffb167c size=0159ch (  5532) load
I (858) esp_image: segment 4: paddr=00083b70 vaddr=40080000 size=0b2dch ( 45788) load
I (878) esp_image: segment 5: paddr=0008ee54 vaddr=50000000 size=00028h (    40) load
I (920) boot: Loaded app from partition at offset 0x10000
I (920) boot: Disabling RNG early entropy source...
I (937) cpu_start: Multicore app
D (937) cpu_start: Pro cpu up
D (938) cpu_start: Starting app cpu, entry point is 0x40081698
D (606) cpu_start: App cpu up
D (950) clk: RTC_SLOW_CLK calibration value: 3495245
I (1569) cpu_start: GPIO 3 and 1 are used as console UART I/O pins
D (1570) cpu_start: calling init function: 0x400d35ac on core: 0
D (1570) cpu_start: calling init function: 0x400d4450 on core: 0
I (1571) cpu_start: Pro cpu start user code
I (1571) cpu_start: cpu freq: 160000000 Hz
D (1571) cpu_start: calling init function: 0x400d34ec on core: 0
I (1571) app_init: Application information:
I (1571) app_init: Project name:     lwip_ch22_tls_esp_tls_mbedtls
I (1571) app_init: App version:      924d871
I (1571) app_init: Compile time:     Aug 27 2026 04:28:49
I (1571) app_init: ELF file SHA256:  fe139f3f1...
I (1571) app_init: ESP-IDF:          v6.0.2
D (1571) cpu_start: calling init function: 0x400d35c0 on core: 0
I (1572) efuse_init: Min chip rev:     v0.0
I (1572) efuse_init: Max chip rev:     v3.99 
I (1572) efuse_init: Chip rev:         v3.0
D (1572) cpu_start: calling init function: 0x400d57ec on core: 0
D (1572) memory_layout: Checking 9 reserved memory ranges:
D (1572) memory_layout: Reserved memory range 0x3ff82000 - 0x3ff82000
D (1573) memory_layout: Reserved memory range 0x3ffae000 - 0x3ffae6e0
D (1573) memory_layout: Reserved memory range 0x3ffb0000 - 0x3ffb4c98
D (1573) memory_layout: Reserved memory range 0x3ffe0000 - 0x3ffe0440
D (1573) memory_layout: Reserved memory range 0x3ffe3f20 - 0x3ffe4350
D (1573) memory_layout: Reserved memory range 0x40070000 - 0x40078000
D (1573) memory_layout: Reserved memory range 0x40078000 - 0x40080000
D (1573) memory_layout: Reserved memory range 0x40080000 - 0x4008b2dc
D (1573) memory_layout: Reserved memory range 0x50001fe8 - 0x50002000
D (1573) memory_layout: Building list of available memory regions:
D (1574) memory_layout: Available memory region 0x3ffae6e0 - 0x3ffb0000
D (1574) memory_layout: Available memory region 0x3ffb4c98 - 0x3ffb8000
D (1574) memory_layout: Available memory region 0x3ffb8000 - 0x3ffc0000
D (1574) memory_layout: Available memory region 0x3ffc0000 - 0x3ffc2000
D (1574) memory_layout: Available memory region 0x3ffc2000 - 0x3ffc4000
D (1574) memory_layout: Available memory region 0x3ffc4000 - 0x3ffc6000
D (1574) memory_layout: Available memory region 0x3ffc6000 - 0x3ffc8000
D (1575) memory_layout: Available memory region 0x3ffc8000 - 0x3ffca000
D (1575) memory_layout: Available memory region 0x3ffca000 - 0x3ffcc000
D (1575) memory_layout: Available memory region 0x3ffcc000 - 0x3ffce000
D (1575) memory_layout: Available memory region 0x3ffce000 - 0x3ffd0000
D (1575) memory_layout: Available memory region 0x3ffd0000 - 0x3ffd2000
D (1575) memory_layout: Available memory region 0x3ffd2000 - 0x3ffd4000
D (1575) memory_layout: Available memory region 0x3ffd4000 - 0x3ffd6000
D (1575) memory_layout: Available memory region 0x3ffd6000 - 0x3ffd8000
D (1576) memory_layout: Available memory region 0x3ffd8000 - 0x3ffda000
D (1576) memory_layout: Available memory region 0x3ffda000 - 0x3ffdc000
D (1576) memory_layout: Available memory region 0x3ffdc000 - 0x3ffde000
D (1576) memory_layout: Available memory region 0x3ffde000 - 0x3ffe0000
D (1576) memory_layout: Available memory region 0x3ffe0440 - 0x3ffe3f20
D (1576) memory_layout: Available memory region 0x3ffe4350 - 0x3ffe8000
D (1576) memory_layout: Available memory region 0x3ffe8000 - 0x3fff0000
D (1576) memory_layout: Available memory region 0x3fff0000 - 0x3fff8000
D (1577) memory_layout: Available memory region 0x3fff8000 - 0x3fffc000
D (1577) memory_layout: Available memory region 0x3fffc000 - 0x40000000
D (1577) memory_layout: Available memory region 0x4008b2dc - 0x4008c000
D (1577) memory_layout: Available memory region 0x4008c000 - 0x4008e000
D (1577) memory_layout: Available memory region 0x4008e000 - 0x40090000
D (1577) memory_layout: Available memory region 0x40090000 - 0x40092000
D (1577) memory_layout: Available memory region 0x40092000 - 0x40094000
D (1577) memory_layout: Available memory region 0x40094000 - 0x40096000
D (1578) memory_layout: Available memory region 0x40096000 - 0x40098000
D (1578) memory_layout: Available memory region 0x40098000 - 0x4009a000
D (1578) memory_layout: Available memory region 0x4009a000 - 0x4009c000
D (1578) memory_layout: Available memory region 0x4009c000 - 0x4009e000
D (1578) memory_layout: Available memory region 0x4009e000 - 0x400a0000
I (1578) heap_init: Initializing. RAM available for dynamic allocation:
D (1579) heap_init: New heap initialised at 0x3ffae6e0
I (1579) heap_init: At 3FFAE6E0 len 00001920 (6 KiB): DRAM
D (1579) heap_init: New heap initialised at 0x3ffb4c98
I (1579) heap_init: At 3FFB4C98 len 0002B368 (172 KiB): DRAM
I (1579) heap_init: At 3FFE0440 len 00003AE0 (14 KiB): D/IRAM
I (1579) heap_init: At 3FFE4350 len 0001BCB0 (111 KiB): D/IRAM
D (1580) heap_init: New heap initialised at 0x4008b2dc
I (1580) heap_init: At 4008B2DC len 00014D24 (83 KiB): IRAM
D (1580) cpu_start: calling init function: 0x400d3a54 on core: 0
D (1581) cpu_start: calling init function: 0x400d6a60 on core: 0
D (1581) cpu_start: calling init function: 0x400d4494 on core: 0
D (1582) intr_alloc: Connected src 46 to int 1 (cpu 0)
D (1583) cpu_start: calling init function: 0x400d44a4 on core: 0
D (1583) cpu_start: calling init function: 0x400d7d2c on core: 0
D (1583) cpu_start: calling init function: 0x400d9454 on core: 0
D (1583) cpu_start: calling init function: 0x400d3440 on core: 0
D (1583) cpu_start: calling init function: 0x400d6a6c on core: 0
D (1584) cpu_start: calling init function: 0x400d3de4 on core: 0
D (1590) spi_flash: trying chip: issi
D (1594) spi_flash: trying chip: gd
D (1597) spi_flash: trying chip: mxic
D (1601) spi_flash: trying chip: winbond
I (1604) spi_flash: detected chip: winbond
I (1609) spi_flash: flash io: dio
D (1615) cpu_start: calling init function: 0x400d364c on core: 0
D (1616) cpu_start: calling init function: 0x400dd614 on core: 0
D (1616) intr_alloc: Connected src 17 to int 2 (cpu 0)
D (1617) cpu_start: calling init function: 0x4011ca50 on core: 0
D (1617) cpu_start: calling init function: 0x401002f8 on core: 0
D (1617) cpu_start: calling init function: 0x400d44b0 on core: 0
D (1619) intr_alloc: Connected src 24 to int 3 (cpu 0)
D (1619) app_start: Starting scheduler on CPU0
D (1620) intr_alloc: Connected src 25 to int 1 (cpu 1)
D (1620) app_start: Starting scheduler on CPU1
I (1620) main_task: Started on CPU0
D (1620) heap_init: New heap initialised at 0x3ffe0440
D (1620) heap_init: New heap initialised at 0x3ffe4350
D (1620) intr_alloc: Connected src 16 to int 5 (cpu 0)
I (1620) main_task: Calling app_main()
I (1620) ch22lab: == ch22: tls/esp-tls/mbedtls over openeth ==
D (1620) esp_netif_lwip: LwIP stack has been initialized
D (1620) esp_netif_lwip: esp-netif has been successfully initialized
D (1620) event: running task for loop 0x3ffaffb8
D (1620) event: created task for loop 0x3ffaffb8
D (1620) event: created event loop 0x3ffaffb8
D (1620) esp_netif_objects: esp_netif_add_to_list_unsafe netif added successfully (total netifs: 1)
D (1620) intr_alloc: Connected src 38 to int 8 (cpu 0)
D (1620) opencores.emac: Using MAC address 52:54:00:12:34:56 set in QEMU
D (1620) eth_phy_802_3: Found PHY address: 1
D (1640) esp_eth: new ethernet driver @0x3ffbac34
I (1640) esp_eth.netif.netif_glue: 52:54:00:12:34:56
I (1640) esp_eth.netif.netif_glue: ethernet attached to netif
D (1740) event: running post ETH_EVENT:0 with handler 0x400d94b8 and context 0x3ffbacd8 on loop 0x3ffaffb8
D (1740) event: running post ETH_EVENT:0 with handler 0x400db570 and context 0x3ffbad70 on loop 0x3ffaffb8
D (1740) esp_eth.netif.netif_glue: eth_action_start: 0x3ffbad3c, 0x3f404e00, 0, 0x3ffbae40, 0x3ffbac34
D (1740) esp_netif_handlers: esp_netif action has started with netif0x3ffb98f4 from event_id=0
D (1740) esp_netif_lwip: Multicast add filter IPv4: 224.0.0.1
D (1740) esp_eth.netif.netif_glue: Add filter MAC: 01:00:5e:00:00:01
E (1740) esp_eth: esp_eth_ioctl(533): add mac address to filter not supported
E (1740) esp_eth.netif.netif_glue: eth_set_mac_filter(56): failed to add mac filter
E (1740) esp_netif_lwip: Failed to add multicast filter for IPv4
D (1740) event: running post ETH_EVENT:2 with handler 0x400d94b8 and context 0x3ffbacd8 on loop 0x3ffaffb8
I (1740) ch22lab: ETH link up
D (1740) event: running post ETH_EVENT:2 with handler 0x400db4e0 and context 0x3ffbadd0 on loop 0x3ffaffb8
D (1740) esp_eth.netif.netif_glue: eth_action_connected: 0x3ffbad3c, 0x3f404e00, 2, 0x3ffbae40, 0x3ffbac34
D (1740) esp_netif_handlers: esp_netif action connected with netif0x3ffb98f4 from event_id=2
D (1740) esp_netif_lwip: if0x3ffb98f4 start ip lost tmr: interval=120
D (1740) esp_netif_lwip: starting dhcp client
D (1740) event: no handlers have been registered for event IP_EVENT:9 posted to loop 0x3ffaffb8
I (1740) ch22lab: waiting for DHCP lease ...
D (2750) esp_netif_lwip: if0x3ffb98f4 ip changed=1
D (2750) event: running post IP_EVENT:4 with handler 0x400d9b0c and context 0x3ffbad1c on loop 0x3ffaffb8
I (2750) ch22lab: GOT_IP: 10.0.2.15
D (2750) event: running post IP_EVENT:4 with handler 0x400db470 and context 0x3ffbae20 on loop 0x3ffaffb8
D (2750) esp_eth.netif.netif_glue: eth_action_got_ip: 0x3ffbad3c, 0x3f40bcb8, 4, 0x3ffbaf8c, 0x3ffb98f4
D (2750) esp_netif_handlers: esp_netif action got_ip with netif0x3ffb98f4 from event_id=4
I (2750) esp_netif_handlers: eth ip: 10.0.2.15, mask: 255.255.255.0, gw: 10.0.2.2

== ch22 lab start ==
[info] sizeof(mbedtls_ssl_context)=264 sizeof(mbedtls_ssl_config)=136
[mem] boot-baseline          free=243152 largest=122880 min-ever=243132
[mem-tick] t=    1171 ms phase=idle         free=243152

===== PHASE A/B [RSA] port=22443 =====
I (2750) main_task: Returned from app_main()
[mem-tick] t=    1269 ms phase=RSA-baseline free=247368
[mem-tick] t=    1369 ms phase=RSA-baseline free=247368
[mem] baseline               free=247368 largest=122880 min-ever=243132
[mem-tick] t=    1471 ms phase=handshake    free=246848
W (3060) esp-tls-mbedtls: skip_common_name=true: hostname matching and SNI disabled. This disables ALL server-name authentication (CN/SAN/SNI), not just CN. Only intended for loopback / debug clients.
D (3060) esp-tls: handshake in progress...
I (3060) mbedtls: ssl_tls.c:4282 0x3ffc1c74: => handshake

I (3060) mbedtls: ssl_msg.c:2063 0x3ffc1c74: => flush output

I (3060) mbedtls: ssl_msg.c:2072 0x3ffc1c74: <= flush output

I (3060) mbedtls: ssl_tls.c:4201 0x3ffc1c74: client state: MBEDTLS_SSL_HELLO_REQUEST

D (3060) mbedtls: ssl_misc.h:1295 0x3ffc1c74: handshake state: 0 (MBEDTLS_SSL_HELLO_REQUEST) -> 1 (MBEDTLS_SSL_CLIENT_HELLO)

I (3060) mbedtls: ssl_msg.c:2063 0x3ffc1c74: => flush output

I (3060) mbedtls: ssl_msg.c:2072 0x3ffc1c74: <= flush output

I (3060) mbedtls: ssl_tls.c:4201 0x3ffc1c74: client state: MBEDTLS_SSL_CLIENT_HELLO

I (3060) mbedtls: ssl_client.c:917 0x3ffc1c74: => write client hello

D (3060) mbedtls: ssl_client.c:722 0x3ffc1c74: client hello, current time: 1

D (3060) mbedtls: ssl_client.c:485 0x3ffc1c74: dumping 'client hello, random bytes' (32 bytes)

D (3060) mbedtls: ssl_client.c:485 0x3ffc1c74: 0000:  00 00 00 01 48 b0 c2 d4 61 4f 7f ab 5b 57 37 82  ....H...aO..[W7.

D (3060) mbedtls: ssl_client.c:485 0x3ffc1c74: 0010:  6e ab 11 0d 42 fc 6d 08 cc f9 35 2d 51 20 de 14  n...B.m...5-Q ..

D (3060) mbedtls: ssl_client.c:510 0x3ffc1c74: dumping 'session id' (0 bytes)

D (3060) mbedtls: ssl_client.c:368 0x3ffc1c74: client hello, add ciphersuite: c02c, TLS-ECDHE-ECDSA-WITH-AES-256-GCM-SHA384

D (3060) mbedtls: ssl_client.c:368 0x3ffc1c74: client hello, add ciphersuite: c030, TLS-ECDHE-RSA-WITH-AES-256-GCM-SHA384

D (3060) mbedtls: ssl_client.c:368 0x3ffc1c74: client hello, add ciphersuite: c0ad, TLS-ECDHE-ECDSA-WITH-AES-256-CCM

D (3060) mbedtls: ssl_client.c:368 0x3ffc1c74: client hello, add ciphersuite: c024, TLS-ECDHE-ECDSA-WITH-AES-256-CBC-SHA384

D (3070) mbedtls: ssl_client.c:368 0x3ffc1c74: client hello, add ciphersuite: c028, TLS-ECDHE-RSA-WITH-AES-256-CBC-SHA384

D (3070) mbedtls: ssl_client.c:368 0x3ffc1c74: client hello, add ciphersuite: c00a, TLS-ECDHE-ECDSA-WITH-AES-256-CBC-SHA

D (3070) mbedtls: ssl_client.c:368 0x3ffc1c74: client hello, add ciphersuite: c014, TLS-ECDHE-RSA-WITH-AES-256-CBC-SHA

D (3070) mbedtls: ssl_client.c:368 0x3ffc1c74: client hello, add ciphersuite: c0af, TLS-ECDHE-ECDSA-WITH-AES-256-CCM-8

D (3070) mbedtls: ssl_client.c:368 0x3ffc1c74: client hello, add ciphersuite: c02b, TLS-ECDHE-ECDSA-WITH-AES-128-GCM-SHA256

D (3070) mbedtls: ssl_client.c:368 0x3ffc1c74: client hello, add ciphersuite: c02f, TLS-ECDHE-RSA-WITH-AES-128-GCM-SHA256

D (3070) mbedtls: ssl_client.c:368 0x3ffc1c74: client hello, add ciphersuite: c0ac, TLS-ECDHE-ECDSA-WITH-AES-128-CCM

D (3070) mbedtls: ssl_client.c:368 0x3ffc1c74: client hello, add ciphersuite: c023, TLS-ECDHE-ECDSA-WITH-AES-128-CBC-SHA256

D (3070) mbedtls: ssl_client.c:368 0x3ffc1c74: client hello, add ciphersuite: c027, TLS-ECDHE-RSA-WITH-AES-128-CBC-SHA256

D (3070) mbedtls: ssl_client.c:368 0x3ffc1c74: client hello, add ciphersuite: c009, TLS-ECDHE-ECDSA-WITH-AES-128-CBC-SHA

D (3070) mbedtls: ssl_client.c:368 0x3ffc1c74: client hello, add ciphersuite: c013, TLS-ECDHE-RSA-WITH-AES-128-CBC-SHA

D (3070) mbedtls: ssl_client.c:368 0x3ffc1c74: client hello, add ciphersuite: c0ae, TLS-ECDHE-ECDSA-WITH-AES-128-CCM-8

D (3070) mbedtls: ssl_client.c:386 0x3ffc1c74: adding EMPTY_RENEGOTIATION_INFO_SCSV

D (3070) mbedtls: ssl_client.c:395 0x3ffc1c74: client hello, got 17 cipher suites

D (3070) mbedtls: ssl_client.c:229 0x3ffc1c74: client hello, adding supported_groups extension

D (3070) mbedtls: ssl_client.c:248 0x3ffc1c74: got supported group(001d)

D (3070) mbedtls: ssl_client.c:280 0x3ffc1c74: NamedGroup: x25519 ( 1d )

D (3070) mbedtls: ssl_client.c:248 0x3ffc1c74: got supported group(0017)

D (3070) mbedtls: ssl_client.c:280 0x3ffc1c74: NamedGroup: secp256r1 ( 17 )

D (3070) mbedtls: ssl_client.c:248 0x3ffc1c74: got supported group(0018)

D (3070) mbedtls: ssl_client.c:280 0x3ffc1c74: NamedGroup: secp384r1 ( 18 )

D (3070) mbedtls: ssl_client.c:248 0x3ffc1c74: got supported group(001e)

D (3070) mbedtls: ssl_client.c:280 0x3ffc1c74: NamedGroup: x448 ( 1e )

D (3070) mbedtls: ssl_client.c:248 0x3ffc1c74: got supported group(0019)

D (3070) mbedtls: ssl_client.c:280 0x3ffc1c74: NamedGroup: secp521r1 ( 19 )

D (3070) mbedtls: ssl_client.c:248 0x3ffc1c74: got supported group(001a)

D (3070) mbedtls: ssl_client.c:280 0x3ffc1c74: NamedGroup: bp256r1 ( 1a )

D (3070) mbedtls: ssl_client.c:248 0x3ffc1c74: got supported group(001b)

D (3070) mbedtls: ssl_client.c:280 0x3ffc1c74: NamedGroup: bp384r1 ( 1b )

D (3070) mbedtls: ssl_client.c:248 0x3ffc1c74: got supported group(001c)

D (3070) mbedtls: ssl_client.c:280 0x3ffc1c74: NamedGroup: bp512r1 ( 1c )

D (3070) mbedtls: ssl_client.c:248 0x3ffc1c74: got supported group(0100)

D (3070) mbedtls: ssl_client.c:248 0x3ffc1c74: got supported group(0101)

D (3070) mbedtls: ssl_client.c:248 0x3ffc1c74: got supported group(0102)

D (3070) mbedtls: ssl_client.c:248 0x3ffc1c74: got supported group(0103)

D (3070) mbedtls: ssl_client.c:248 0x3ffc1c74: got supported group(0104)

D (3070) mbedtls: ssl_client.c:300 0x3ffc1c74: dumping 'Supported groups extension' (18 bytes)

D (3070) mbedtls: ssl_client.c:300 0x3ffc1c74: 0000:  00 10 00 1d 00 17 00 18 00 1e 00 19 00 1a 00 1b  ................

D (3070) mbedtls: ssl_client.c:300 0x3ffc1c74: 0010:  00 1c                                            ..

D (3070) mbedtls: ssl_tls.c:8276 0x3ffc1c74: adding signature_algorithms extension

D (3070) mbedtls: ssl_tls.c:8296 0x3ffc1c74: got signature scheme [603] ecdsa_secp521r1_sha512

D (3070) mbedtls: ssl_tls.c:8305 0x3ffc1c74: sent signature scheme [603] ecdsa_secp521r1_sha512

D (3070) mbedtls: ssl_tls.c:8296 0x3ffc1c74: got signature scheme [806] rsa_pss_rsae_sha512

D (3070) mbedtls: ssl_tls.c:8296 0x3ffc1c74: got signature scheme [601] rsa_pkcs1_sha512

D (3070) mbedtls: ssl_tls.c:8305 0x3ffc1c74: sent signature scheme [601] rsa_pkcs1_sha512

D (3080) mbedtls: ssl_tls.c:8296 0x3ffc1c74: got signature scheme [503] ecdsa_secp384r1_sha384

D (3080) mbedtls: ssl_tls.c:8305 0x3ffc1c74: sent signature scheme [503] ecdsa_secp384r1_sha384

D (3080) mbedtls: ssl_tls.c:8296 0x3ffc1c74: got signature scheme [805] rsa_pss_rsae_sha384

D (3080) mbedtls: ssl_tls.c:8296 0x3ffc1c74: got signature scheme [501] rsa_pkcs1_sha384

D (3080) mbedtls: ssl_tls.c:8305 0x3ffc1c74: sent signature scheme [501] rsa_pkcs1_sha384

D (3080) mbedtls: ssl_tls.c:8296 0x3ffc1c74: got signature scheme [403] ecdsa_secp256r1_sha256

D (3080) mbedtls: ssl_tls.c:8305 0x3ffc1c74: sent signature scheme [403] ecdsa_secp256r1_sha256

D (3080) mbedtls: ssl_tls.c:8296 0x3ffc1c74: got signature scheme [804] rsa_pss_rsae_sha256

D (3080) mbedtls: ssl_tls.c:8296 0x3ffc1c74: got signature scheme [401] rsa_pkcs1_sha256

D (3080) mbedtls: ssl_tls.c:8305 0x3ffc1c74: sent signature scheme [401] rsa_pkcs1_sha256

D (3080) mbedtls: ssl_tls12_client.c:103 0x3ffc1c74: client hello, adding supported_point_formats extension

D (3080) mbedtls: ssl_tls12_client.c:287 0x3ffc1c74: client hello, adding encrypt_then_mac extension

D (3080) mbedtls: ssl_tls12_client.c:319 0x3ffc1c74: client hello, adding extended_master_secret extension

D (3080) mbedtls: ssl_tls12_client.c:352 0x3ffc1c74: client hello, adding session ticket extension

D (3080) mbedtls: ssl_client.c:687 0x3ffc1c74: client hello, total extension length: 58

D (3080) mbedtls: ssl_client.c:689 0x3ffc1c74: dumping 'client hello extensions' (58 bytes)

D (3080) mbedtls: ssl_client.c:689 0x3ffc1c74: 0000:  00 3a 00 0a 00 12 00 10 00 1d 00 17 00 18 00 1e  .:..............

D (3080) mbedtls: ssl_client.c:689 0x3ffc1c74: 0010:  00 19 00 1a 00 1b 00 1c 00 0d 00 0e 00 0c 06 03  ................

D (3080) mbedtls: ssl_client.c:689 0x3ffc1c74: 0020:  06 01 05 03 05 01 04 03 04 01 00 0b 00 02 01 00  ................

D (3080) mbedtls: ssl_client.c:689 0x3ffc1c74: 0030:  00 16 00 00 00 17 00 00 00 23                    .........#

I (3080) mbedtls: ssl_msg.c:2494 0x3ffc1c74: => write handshake message

I (3080) mbedtls: ssl_msg.c:2654 0x3ffc1c74: => write record

D (3080) mbedtls: ssl_msg.c:2737 0x3ffc1c74: output record: msgtype = 22, version = [3:3], msglen = 137

I (3080) mbedtls: ssl_msg.c:2790 0x3ffc1c74: <= write record

I (3080) mbedtls: ssl_msg.c:2615 0x3ffc1c74: <= write handshake message

D (3080) mbedtls: ssl_misc.h:1295 0x3ffc1c74: handshake state: 1 (MBEDTLS_SSL_CLIENT_HELLO) -> 2 (MBEDTLS_SSL_SERVER_HELLO)

I (3080) mbedtls: ssl_client.c:1010 0x3ffc1c74: <= write client hello

I (3080) mbedtls: ssl_msg.c:2063 0x3ffc1c74: => flush output

I (3080) mbedtls: ssl_msg.c:2077 0x3ffc1c74: message length: 142, out_left: 142

I (3090) mbedtls: ssl_msg.c:2084 0x3ffc1c74: ssl->f_send() returned 142 (-0xffffff72)

I (3090) mbedtls: ssl_msg.c:2111 0x3ffc1c74: <= flush output

I (3090) mbedtls: ssl_tls.c:4201 0x3ffc1c74: client state: MBEDTLS_SSL_SERVER_HELLO

I (3090) mbedtls: ssl_tls12_client.c:1151 0x3ffc1c74: => parse server hello

I (3090) mbedtls: ssl_msg.c:4040 0x3ffc1c74: => read record

I (3090) mbedtls: ssl_msg.c:1865 0x3ffc1c74: => fetch input

I (3090) mbedtls: ssl_msg.c:2005 0x3ffc1c74: in_left: 0, nb_want: 5

I (3090) mbedtls: ssl_msg.c:2025 0x3ffc1c74: in_left: 0, nb_want: 5

I (3090) mbedtls: ssl_msg.c:2028 0x3ffc1c74: ssl->f_recv(_timeout)() returned 5 (-0xfffffffb)

I (3090) mbedtls: ssl_msg.c:2050 0x3ffc1c74: <= fetch input

D (3090) mbedtls: ssl_msg.c:3707 0x3ffc1c74: input record: msgtype = 22, version = [0x303], msglen = 65

I (3090) mbedtls: ssl_msg.c:1865 0x3ffc1c74: => fetch input

I (3090) mbedtls: ssl_msg.c:2005 0x3ffc1c74: in_left: 5, nb_want: 70

I (3090) mbedtls: ssl_msg.c:2025 0x3ffc1c74: in_left: 5, nb_want: 70

I (3090) mbedtls: ssl_msg.c:2028 0x3ffc1c74: ssl->f_recv(_timeout)() returned 65 (-0xffffffbf)

I (3090) mbedtls: ssl_msg.c:2050 0x3ffc1c74: <= fetch input

D (3090) mbedtls: ssl_msg.c:2948 0x3ffc1c74: handshake message: msglen = 65, type = 2, hslen = 65

D (3090) mbedtls: ssl_msg.c:3085 0x3ffc1c74: sole handshake fragment: 65, 0..65 of 65

I (3090) mbedtls: ssl_msg.c:4112 0x3ffc1c74: <= read record

D (3090) mbedtls: ssl_tls12_client.c:1225 0x3ffc1c74: dumping 'server hello, version' (2 bytes)

D (3090) mbedtls: ssl_tls12_client.c:1225 0x3ffc1c74: 0000:  03 03                                            ..

D (3090) mbedtls: ssl_tls12_client.c:1246 0x3ffc1c74: server hello, current time: 726596734

D (3090) mbedtls: ssl_tls12_client.c:1256 0x3ffc1c74: dumping 'server hello, random bytes' (32 bytes)

D (3090) mbedtls: ssl_tls12_client.c:1256 0x3ffc1c74: 0000:  2b 4e fc 7e af 8e ee 64 de 7c ca f3 86 9e 5f d2  +N.~...d.|...._.

D (3100) mbedtls: ssl_tls12_client.c:1256 0x3ffc1c74: 0010:  e9 b1 73 a4 6e be 33 47 a2 7f 18 1a b9 58 88 01  ..s.n.3G.....X..

D (3100) mbedtls: ssl_tls12_client.c:1318 0x3ffc1c74: server hello, session id len.: 0

D (3100) mbedtls: ssl_tls12_client.c:1319 0x3ffc1c74: dumping 'server hello, session id' (0 bytes)

D (3100) mbedtls: ssl_misc.h:1295 0x3ffc1c74: handshake state: 2 (MBEDTLS_SSL_SERVER_HELLO) -> 3 (MBEDTLS_SSL_SERVER_CERTIFICATE)

D (3100) mbedtls: ssl_tls12_client.c:1343 0x3ffc1c74: no session has been resumed

D (3100) mbedtls: ssl_tls12_client.c:1346 0x3ffc1c74: server hello, chosen ciphersuite: c030

D (3100) mbedtls: ssl_tls12_client.c:1347 0x3ffc1c74: server hello, compress alg.: 0

D (3100) mbedtls: ssl_tls12_client.c:1382 0x3ffc1c74: server hello, chosen ciphersuite: TLS-ECDHE-RSA-WITH-AES-256-GCM-SHA384

I (3100) mbedtls: ssl_tls12_client.c:1403 0x3ffc1c74: server hello, total extension length: 21

D (3100) mbedtls: ssl_tls12_client.c:1421 0x3ffc1c74: found renegotiation extension

D (3100) mbedtls: ssl_tls12_client.c:1500 0x3ffc1c74: found supported_point_formats extension

D (3100) mbedtls: ssl_tls12_client.c:1486 0x3ffc1c74: found session_ticket extension

D (3100) mbedtls: ssl_tls12_client.c:1473 0x3ffc1c74: found extended_master_secret extension

I (3100) mbedtls: ssl_tls12_client.c:1617 0x3ffc1c74: <= parse server hello

I (3100) mbedtls: ssl_msg.c:2063 0x3ffc1c74: => flush output

I (3100) mbedtls: ssl_msg.c:2072 0x3ffc1c74: <= flush output

I (3100) mbedtls: ssl_tls.c:4201 0x3ffc1c74: client state: MBEDTLS_SSL_SERVER_CERTIFICATE

I (3100) mbedtls: ssl_tls.c:7077 0x3ffc1c74: => parse certificate

I (3100) mbedtls: ssl_msg.c:4040 0x3ffc1c74: => read record

I (3100) mbedtls: ssl_msg.c:1865 0x3ffc1c74: => fetch input

I (3100) mbedtls: ssl_msg.c:2005 0x3ffc1c74: in_left: 0, nb_want: 5

I (3100) mbedtls: ssl_msg.c:2025 0x3ffc1c74: in_left: 0, nb_want: 5

I (3100) mbedtls: ssl_msg.c:2028 0x3ffc1c74: ssl->f_recv(_timeout)() returned 5 (-0xfffffffb)

I (3100) mbedtls: ssl_msg.c:2050 0x3ffc1c74: <= fetch input

D (3100) mbedtls: ssl_msg.c:3707 0x3ffc1c74: input record: msgtype = 22, version = [0x303], msglen = 791

I (3100) mbedtls: ssl_msg.c:1865 0x3ffc1c74: => fetch input

I (3100) mbedtls: ssl_msg.c:2005 0x3ffc1c74: in_left: 5, nb_want: 796

I (3100) mbedtls: ssl_msg.c:2025 0x3ffc1c74: in_left: 5, nb_want: 796

I (3100) mbedtls: ssl_msg.c:2028 0x3ffc1c74: ssl->f_recv(_timeout)() returned 791 (-0xfffffce9)

I (3100) mbedtls: ssl_msg.c:2050 0x3ffc1c74: <= fetch input

D (3100) mbedtls: ssl_msg.c:2948 0x3ffc1c74: handshake message: msglen = 791, type = 11, hslen = 791

D (3100) mbedtls: ssl_msg.c:3085 0x3ffc1c74: sole handshake fragment: 791, 0..791 of 791

I (3110) mbedtls: ssl_msg.c:4112 0x3ffc1c74: <= read record

D (3110) mbedtls: ssl_tls.c:6952 0x3ffc1c74: peer certificate #1:

D (3110) mbedtls: ssl_tls.c:6952 0x3ffc1c74: cert. version     : 3

D (3110) mbedtls: ssl_tls.c:6952 0x3ffc1c74: serial number     : 77:66:A5:9D:AF:14:9E:F2:03:F7:3C:2B:1A:5C:81:86:F8:A3:4E:52

D (3110) mbedtls: ssl_tls.c:6952 0x3ffc1c74: issuer name       : CN=localhost

D (3110) mbedtls: ssl_tls.c:6952 0x3ffc1c74: subject name      : CN=localhost

D (3110) mbedtls: ssl_tls.c:6952 0x3ffc1c74: issued  on        : 2026-08-26 20:20:30

D (3110) mbedtls: ssl_tls.c:6952 0x3ffc1c74: expires on        : 2026-09-25 20:20:30

D (3110) mbedtls: ssl_tls.c:6952 0x3ffc1c74: signed using      : RSA with SHA-256

D (3110) mbedtls: ssl_tls.c:6952 0x3ffc1c74: RSA key size      : 2048 bits

D (3110) mbedtls: ssl_tls.c:6952 0x3ffc1c74: basic constraints : CA=true

D (3110) mbedtls: ssl_tls.c:6952 0x3ffc1c74: dumping 'crt->PK' (270 bytes)

D (3110) mbedtls: ssl_tls.c:6952 0x3ffc1c74: 0000:  30 82 01 0a 02 82 01 01 00 dd 03 19 3e 8f 4a 05

D (3110) mbedtls: ssl_tls.c:6952 0x3ffc1c74: 0010:  9c d6 74 e1 46 bc 40 7a 7e af 78 09 38 f6 d0 1c

D (3110) mbedtls: ssl_tls.c:6952 0x3ffc1c74: 0020:  9d e4 2b 18 4c a1 87 f6 83 55 82 2d e0 21 fb b2

D (3110) mbedtls: ssl_tls.c:6952 0x3ffc1c74: 0030:  00 2f 9b 98 36 24 73 47 a2 11 bb 50 05 1c 9e 40

D (3110) mbedtls: ssl_tls.c:6952 0x3ffc1c74: 0040:  41 c9 de 81 7e a1 eb 82 48 35 d0 51 24 0d 22 bd

D (3110) mbedtls: ssl_tls.c:6952 0x3ffc1c74: 0050:  7e c7 0b 60 74 e2 60 3e 76 de c1 3d b5 9f e9 d2

D (3110) mbedtls: ssl_tls.c:6952 0x3ffc1c74: 0060:  ac 90 d3 84 2a 75 7c 41 8a 11 14 c8 bc 09 7b 9d

D (3110) mbedtls: ssl_tls.c:6952 0x3ffc1c74: 0070:  45 54 95 c1 50 05 be f1 34 c0 05 55 f5 a2 b3 a8

D (3110) mbedtls: ssl_tls.c:6952 0x3ffc1c74: 0080:  24 f6 ab 22 df 72 97 ef b5 8f e4 fe 49 be 4f c1

D (3110) mbedtls: ssl_tls.c:6952 0x3ffc1c74: 0090:  08 e0 39 7a cd ba 74 2e d1 20 74 ad 6b 59 ab 86

D (3110) mbedtls: ssl_tls.c:6952 0x3ffc1c74: 00a0:  5d 29 ab 81 f0 c1 22 3f 01 b9 0b a1 fb ee 70 9f

D (3120) mbedtls: ssl_tls.c:6952 0x3ffc1c74: 00b0:  eb 29 5e 9f 1d 6a 0d dc 65 fd 5e 5d 38 0c 1a c3

D (3120) mbedtls: ssl_tls.c:6952 0x3ffc1c74: 00c0:  ae b7 b7 2f 66 23 82 80 ab 7d 69 7c 8f 95 ab e8

D (3120) mbedtls: ssl_tls.c:6952 0x3ffc1c74: 00d0:  c0 4d 21 42 7d 78 c8 25 8b 60 f6 0d 87 c9 f4 df

D (3120) mbedtls: ssl_tls.c:6952 0x3ffc1c74: 00e0:  36 bf 16 7c 59 16 d1 09 ec 17 67 cf 5d 9f 8f 78

D (3120) mbedtls: ssl_tls.c:6952 0x3ffc1c74: 00f0:  8c 3d d0 02 18 d5 bc a7 19 f4 51 fe 1d b3 20 40

D (3120) mbedtls: ssl_tls.c:6952 0x3ffc1c74: 0100:  67 7e 3a cc 30 f3 8d a0 ef 02 03 01 00 01      

I (3120) mbedtls: ssl_tls.c:7191 0x3ffc1c74: <= parse certificate

D (3120) mbedtls: ssl_misc.h:1295 0x3ffc1c74: handshake state: 3 (MBEDTLS_SSL_SERVER_CERTIFICATE) -> 4 (MBEDTLS_SSL_SERVER_KEY_EXCHANGE)

I (3120) mbedtls: ssl_msg.c:2063 0x3ffc1c74: => flush output

I (3120) mbedtls: ssl_msg.c:2072 0x3ffc1c74: <= flush output

I (3120) mbedtls: ssl_tls.c:4201 0x3ffc1c74: client state: MBEDTLS_SSL_SERVER_KEY_EXCHANGE

I (3120) mbedtls: ssl_tls12_client.c:1831 0x3ffc1c74: => parse server key exchange

I (3120) mbedtls: ssl_msg.c:4040 0x3ffc1c74: => read record

I (3120) mbedtls: ssl_msg.c:1865 0x3ffc1c74: => fetch input

I (3120) mbedtls: ssl_msg.c:2005 0x3ffc1c74: in_left: 0, nb_want: 5

I (3120) mbedtls: ssl_msg.c:2025 0x3ffc1c74: in_left: 0, nb_want: 5

I (3120) mbedtls: ssl_msg.c:2028 0x3ffc1c74: ssl->f_recv(_timeout)() returned 5 (-0xfffffffb)

I (3120) mbedtls: ssl_msg.c:2050 0x3ffc1c74: <= fetch input

D (3120) mbedtls: ssl_msg.c:3707 0x3ffc1c74: input record: msgtype = 22, version = [0x303], msglen = 300

I (3120) mbedtls: ssl_msg.c:1865 0x3ffc1c74: => fetch input

I (3120) mbedtls: ssl_msg.c:2005 0x3ffc1c74: in_left: 5, nb_want: 305

I (3120) mbedtls: ssl_msg.c:2025 0x3ffc1c74: in_left: 5, nb_want: 305

I (3120) mbedtls: ssl_msg.c:2028 0x3ffc1c74: ssl->f_recv(_timeout)() returned 300 (-0xfffffed4)

I (3120) mbedtls: ssl_msg.c:2050 0x3ffc1c74: <= fetch input

D (3120) mbedtls: ssl_msg.c:2948 0x3ffc1c74: handshake message: msglen = 300, type = 12, hslen = 300

D (3120) mbedtls: ssl_msg.c:3085 0x3ffc1c74: sole handshake fragment: 300, 0..300 of 300

I (3120) mbedtls: ssl_msg.c:4112 0x3ffc1c74: <= read record

D (3120) mbedtls: ssl_tls12_client.c:1885 0x3ffc1c74: dumping 'server key exchange' (296 bytes)

D (3120) mbedtls: ssl_tls12_client.c:1885 0x3ffc1c74: 0000:  03 00 1d 20 a7 cc 1a 7c f6 c5 5c dd dc 62 7f e8  ... ...|..\..b..

D (3120) mbedtls: ssl_tls12_client.c:1885 0x3ffc1c74: 0010:  ae 82 5a 45 0d 85 a9 89 f8 a9 31 4d ee 09 58 12  ..ZE......1M..X.

D (3120) mbedtls: ssl_tls12_client.c:1885 0x3ffc1c74: 0020:  46 75 93 0e 06 01 01 00 9e 92 c3 b2 e1 f4 58 16  Fu............X.

D (3120) mbedtls: ssl_tls12_client.c:1885 0x3ffc1c74: 0030:  f4 83 fc 8b 96 1c 63 40 b3 84 32 0e f1 a7 bf 28  ......c@..2....(

D (3120) mbedtls: ssl_tls12_client.c:1885 0x3ffc1c74: 0040:  77 84 f0 39 da 06 d5 dc ed 0e 4b ce 8d 69 d2 16  w..9......K..i..

D (3120) mbedtls: ssl_tls12_client.c:1885 0x3ffc1c74: 0050:  49 0b 9a f8 f2 e9 0a 70 62 6b cf 31 93 fa 36 e4  I......pbk.1..6.

D (3120) mbedtls: ssl_tls12_client.c:1885 0x3ffc1c74: 0060:  8b e9 94 a3 d7 b6 98 2e 4d f2 fe 47 af d6 ae 33  ........M..G...3

D (3120) mbedtls: ssl_tls12_client.c:1885 0x3ffc1c74: 0070:  87 e6 ab b3 9b a2 bc 7d 48 7a fe e0 bd fb b1 2d  .......}Hz.....-

D (3120) mbedtls: ssl_tls12_client.c:1885 0x3ffc1c74: 0080:  b2 b4 de a4 53 0a 79 c2 ba 7f 94 0a 58 31 42 ae  ....S.y.....X1B.

D (3120) mbedtls: ssl_tls12_client.c:1885 0x3ffc1c74: 0090:  2c e5 89 66 c6 e9 fc 29 19 03 0d 54 c5 c9 11 df  ,..f...)...T....

D (3130) mbedtls: ssl_tls12_client.c:1885 0x3ffc1c74: 00a0:  76 a4 94 f6 8d 0b c7 49 98 ac 57 b1 52 be 73 af  v......I..W.R.s.

D (3130) mbedtls: ssl_tls12_client.c:1885 0x3ffc1c74: 00b0:  c4 02 54 03 bb 3e 05 1e 0a 69 ec 06 8d af 3b 33  ..T..>...i....;3

D (3130) mbedtls: ssl_tls12_client.c:1885 0x3ffc1c74: 00c0:  db 56 0b 2c 49 e2 52 b1 7a 1e e8 9f 5a 52 e5 33  .V.,I.R.z...ZR.3

D (3130) mbedtls: ssl_tls12_client.c:1885 0x3ffc1c74: 00d0:  4d 48 17 67 be 60 93 c6 92 0f 1e 9d 66 7c f8 7e  MH.g.`......f|.~

D (3130) mbedtls: ssl_tls12_client.c:1885 0x3ffc1c74: 00e0:  8f 5e 06 7b 66 d3 9b 54 5b 6c 2d 9a b4 e2 9a 7e  .^.{f..T[l-....~

D (3130) mbedtls: ssl_tls12_client.c:1885 0x3ffc1c74: 00f0:  8a 2f 3a ca ff aa 7f b8 f5 4a 7e 0f 30 95 fb a8  ./:......J~.0...

D (3130) mbedtls: ssl_tls12_client.c:1885 0x3ffc1c74: 0100:  0d e0 24 b5 12 f9 71 2b 06 09 c2 10 6e f9 af 5e  ..$...q+....n..^

D (3130) mbedtls: ssl_tls12_client.c:1885 0x3ffc1c74: 0110:  63 29 e3 6f 3b f9 85 69 f6 4d 56 a8 99 86 af cb  c).o;..i.MV.....

D (3130) mbedtls: ssl_tls12_client.c:1885 0x3ffc1c74: 0120:  7f b8 4a 36 71 3d 92 31                          ..J6q=.1

I (3130) mbedtls: ssl_tls12_client.c:1815 0x3ffc1c74: Server used the signature algorithm rsa_pkcs1_sha512

D (3130) mbedtls: ssl_tls12_client.c:2047 0x3ffc1c74: dumping 'signature' (256 bytes)

D (3130) mbedtls: ssl_tls12_client.c:2047 0x3ffc1c74: 0000:  9e 92 c3 b2 e1 f4 58 16 f4 83 fc 8b 96 1c 63 40  ......X.......c@

D (3130) mbedtls: ssl_tls12_client.c:2047 0x3ffc1c74: 0010:  b3 84 32 0e f1 a7 bf 28 77 84 f0 39 da 06 d5 dc  ..2....(w..9....

D (3130) mbedtls: ssl_tls12_client.c:2047 0x3ffc1c74: 0020:  ed 0e 4b ce 8d 69 d2 16 49 0b 9a f8 f2 e9 0a 70  ..K..i..I......p

D (3130) mbedtls: ssl_tls12_client.c:2047 0x3ffc1c74: 0030:  62 6b cf 31 93 fa 36 e4 8b e9 94 a3 d7 b6 98 2e  bk.1..6.........

D (3130) mbedtls: ssl_tls12_client.c:2047 0x3ffc1c74: 0040:  4d f2 fe 47 af d6 ae 33 87 e6 ab b3 9b a2 bc 7d  M..G...3.......}

D (3130) mbedtls: ssl_tls12_client.c:2047 0x3ffc1c74: 0050:  48 7a fe e0 bd fb b1 2d b2 b4 de a4 53 0a 79 c2  Hz.....-....S.y.

D (3130) mbedtls: ssl_tls12_client.c:2047 0x3ffc1c74: 0060:  ba 7f 94 0a 58 31 42 ae 2c e5 89 66 c6 e9 fc 29  ....X1B.,..f...)

D (3130) mbedtls: ssl_tls12_client.c:2047 0x3ffc1c74: 0070:  19 03 0d 54 c5 c9 11 df 76 a4 94 f6 8d 0b c7 49  ...T....v......I

D (3130) mbedtls: ssl_tls12_client.c:2047 0x3ffc1c74: 0080:  98 ac 57 b1 52 be 73 af c4 02 54 03 bb 3e 05 1e  ..W.R.s...T..>..

D (3130) mbedtls: ssl_tls12_client.c:2047 0x3ffc1c74: 0090:  0a 69 ec 06 8d af 3b 33 db 56 0b 2c 49 e2 52 b1  .i....;3.V.,I.R.

D (3130) mbedtls: ssl_tls12_client.c:2047 0x3ffc1c74: 00a0:  7a 1e e8 9f 5a 52 e5 33 4d 48 17 67 be 60 93 c6  z...ZR.3MH.g.`..

D (3130) mbedtls: ssl_tls12_client.c:2047 0x3ffc1c74: 00b0:  92 0f 1e 9d 66 7c f8 7e 8f 5e 06 7b 66 d3 9b 54  ....f|.~.^.{f..T

D (3130) mbedtls: ssl_tls12_client.c:2047 0x3ffc1c74: 00c0:  5b 6c 2d 9a b4 e2 9a 7e 8a 2f 3a ca ff aa 7f b8  [l-....~./:.....

D (3130) mbedtls: ssl_tls12_client.c:2047 0x3ffc1c74: 00d0:  f5 4a 7e 0f 30 95 fb a8 0d e0 24 b5 12 f9 71 2b  .J~.0.....$...q+

D (3130) mbedtls: ssl_tls12_client.c:2047 0x3ffc1c74: 00e0:  06 09 c2 10 6e f9 af 5e 63 29 e3 6f 3b f9 85 69  ....n..^c).o;..i

D (3130) mbedtls: ssl_tls12_client.c:2047 0x3ffc1c74: 00f0:  f6 4d 56 a8 99 86 af cb 7f b8 4a 36 71 3d 92 31  .MV.......J6q=.1

D (3130) mbedtls: ssl_tls.c:8082 0x3ffc1c74: Perform PSA-based computation of digest of ServerKeyExchange

D (3130) mbedtls: ssl_tls12_client.c:2064 0x3ffc1c74: dumping 'parameters hash' (64 bytes)

D (3130) mbedtls: ssl_tls12_client.c:2064 0x3ffc1c74: 0000:  63 66 ca 36 c6 26 1b ae f4 39 7c 06 b7 c5 da 86  cf.6.&...9|.....

D (3130) mbedtls: ssl_tls12_client.c:2064 0x3ffc1c74: 0010:  6f e0 07 30 bb 87 7e 77 64 f5 82 a7 33 e4 e2 e1  o..0..~wd...3...

D (3130) mbedtls: ssl_tls12_client.c:2064 0x3ffc1c74: 0020:  6b 3c 4b 91 86 2e f3 f5 1c 3f c6 14 20 13 9d 4a  k<K......?.. ..J

D (3130) mbedtls: ssl_tls12_client.c:2064 0x3ffc1c74: 0030:  79 3b 1b 94 b5 a6 d0 1c d3 bc 84 60 63 b9 4c 13  y;.........`c.L.

[mem-tick] t=    1571 ms phase=handshake    free=213276
D (3150) mbedtls: ssl_misc.h:1295 0x3ffc1c74: handshake state: 4 (MBEDTLS_SSL_SERVER_KEY_EXCHANGE) -> 5 (MBEDTLS_SSL_CERTIFICATE_REQUEST)

I (3150) mbedtls: ssl_tls12_client.c:2118 0x3ffc1c74: <= parse server key exchange

I (3150) mbedtls: ssl_msg.c:2063 0x3ffc1c74: => flush output

I (3150) mbedtls: ssl_msg.c:2072 0x3ffc1c74: <= flush output

I (3150) mbedtls: ssl_tls.c:4201 0x3ffc1c74: client state: MBEDTLS_SSL_CERTIFICATE_REQUEST

I (3150) mbedtls: ssl_tls12_client.c:2157 0x3ffc1c74: => parse certificate request

I (3150) mbedtls: ssl_msg.c:4040 0x3ffc1c74: => read record

I (3150) mbedtls: ssl_msg.c:1865 0x3ffc1c74: => fetch input

I (3150) mbedtls: ssl_msg.c:2005 0x3ffc1c74: in_left: 0, nb_want: 5

I (3150) mbedtls: ssl_msg.c:2025 0x3ffc1c74: in_left: 0, nb_want: 5

I (3150) mbedtls: ssl_msg.c:2028 0x3ffc1c74: ssl->f_recv(_timeout)() returned 5 (-0xfffffffb)

I (3150) mbedtls: ssl_msg.c:2050 0x3ffc1c74: <= fetch input

D (3150) mbedtls: ssl_msg.c:3707 0x3ffc1c74: input record: msgtype = 22, version = [0x303], msglen = 4

I (3150) mbedtls: ssl_msg.c:1865 0x3ffc1c74: => fetch input

I (3150) mbedtls: ssl_msg.c:2005 0x3ffc1c74: in_left: 5, nb_want: 9

I (3150) mbedtls: ssl_msg.c:2025 0x3ffc1c74: in_left: 5, nb_want: 9

I (3150) mbedtls: ssl_msg.c:2028 0x3ffc1c74: ssl->f_recv(_timeout)() returned 4 (-0xfffffffc)

I (3150) mbedtls: ssl_msg.c:2050 0x3ffc1c74: <= fetch input

D (3150) mbedtls: ssl_msg.c:2948 0x3ffc1c74: handshake message: msglen = 4, type = 14, hslen = 4

D (3150) mbedtls: ssl_msg.c:3085 0x3ffc1c74: sole handshake fragment: 4, 0..4 of 4

I (3150) mbedtls: ssl_msg.c:4112 0x3ffc1c74: <= read record

D (3150) mbedtls: ssl_misc.h:1295 0x3ffc1c74: handshake state: 5 (MBEDTLS_SSL_CERTIFICATE_REQUEST) -> 6 (MBEDTLS_SSL_SERVER_HELLO_DONE)

D (3150) mbedtls: ssl_tls12_client.c:2183 0x3ffc1c74: got no certificate request

I (3150) mbedtls: ssl_tls12_client.c:2319 0x3ffc1c74: <= parse certificate request

I (3150) mbedtls: ssl_msg.c:2063 0x3ffc1c74: => flush output

I (3150) mbedtls: ssl_msg.c:2072 0x3ffc1c74: <= flush output

I (3150) mbedtls: ssl_tls.c:4201 0x3ffc1c74: client state: MBEDTLS_SSL_SERVER_HELLO_DONE

I (3150) mbedtls: ssl_tls12_client.c:2330 0x3ffc1c74: => parse server hello done

I (3150) mbedtls: ssl_msg.c:4040 0x3ffc1c74: => read record

I (3160) mbedtls: ssl_msg.c:4108 0x3ffc1c74: reuse previously read message

I (3160) mbedtls: ssl_msg.c:4112 0x3ffc1c74: <= read record

D (3160) mbedtls: ssl_misc.h:1295 0x3ffc1c74: handshake state: 6 (MBEDTLS_SSL_SERVER_HELLO_DONE) -> 7 (MBEDTLS_SSL_CLIENT_CERTIFICATE)

I (3160) mbedtls: ssl_tls12_client.c:2358 0x3ffc1c74: <= parse server hello done

I (3160) mbedtls: ssl_msg.c:2063 0x3ffc1c74: => flush output

I (3160) mbedtls: ssl_msg.c:2072 0x3ffc1c74: <= flush output

I (3160) mbedtls: ssl_tls.c:4201 0x3ffc1c74: client state: MBEDTLS_SSL_CLIENT_CERTIFICATE

I (3160) mbedtls: ssl_tls.c:6675 0x3ffc1c74: => write certificate

I (3160) mbedtls: ssl_tls.c:6686 0x3ffc1c74: <= skip write certificate

D (3160) mbedtls: ssl_misc.h:1295 0x3ffc1c74: handshake state: 7 (MBEDTLS_SSL_CLIENT_CERTIFICATE) -> 8 (MBEDTLS_SSL_CLIENT_KEY_EXCHANGE)

I (3160) mbedtls: ssl_msg.c:2063 0x3ffc1c74: => flush output

I (3160) mbedtls: ssl_msg.c:2072 0x3ffc1c74: <= flush output

I (3160) mbedtls: ssl_tls.c:4201 0x3ffc1c74: client state: MBEDTLS_SSL_CLIENT_KEY_EXCHANGE

I (3160) mbedtls: ssl_tls12_client.c:2373 0x3ffc1c74: => write client key exchange

D (3160) mbedtls: ssl_tls12_client.c:2387 0x3ffc1c74: Perform PSA-based ECDH computation.

[mem-tick] t=    1671 ms phase=handshake    free=216704
D (3300) mbedtls: ssl_misc.h:1295 0x3ffc1c74: handshake state: 8 (MBEDTLS_SSL_CLIENT_KEY_EXCHANGE) -> 9 (MBEDTLS_SSL_CERTIFICATE_VERIFY)

I (3300) mbedtls: ssl_msg.c:2494 0x3ffc1c74: => write handshake message

I (3300) mbedtls: ssl_msg.c:2654 0x3ffc1c74: => write record

D (3300) mbedtls: ssl_msg.c:2737 0x3ffc1c74: output record: msgtype = 22, version = [3:3], msglen = 37

I (3300) mbedtls: ssl_msg.c:2063 0x3ffc1c74: => flush output

I (3300) mbedtls: ssl_msg.c:2077 0x3ffc1c74: message length: 42, out_left: 42

I (3300) mbedtls: ssl_msg.c:2084 0x3ffc1c74: ssl->f_send() returned 42 (-0xffffffd6)

I (3300) mbedtls: ssl_msg.c:2111 0x3ffc1c74: <= flush output

I (3300) mbedtls: ssl_msg.c:2790 0x3ffc1c74: <= write record

I (3300) mbedtls: ssl_msg.c:2615 0x3ffc1c74: <= write handshake message

I (3300) mbedtls: ssl_tls12_client.c:2653 0x3ffc1c74: <= write client key exchange

I (3300) mbedtls: ssl_msg.c:2063 0x3ffc1c74: => flush output

I (3300) mbedtls: ssl_msg.c:2072 0x3ffc1c74: <= flush output

I (3300) mbedtls: ssl_tls.c:4201 0x3ffc1c74: client state: MBEDTLS_SSL_CERTIFICATE_VERIFY

I (3300) mbedtls: ssl_tls12_client.c:2701 0x3ffc1c74: => write certificate verify

I (3300) mbedtls: ssl_tls.c:6466 0x3ffc1c74: => derive keys

I (3300) mbedtls: ssl_tls.c:6557 0x3ffc1c74: => PSA calc verify

D (3310) mbedtls: ssl_tls.c:6568 0x3ffc1c74: dumping 'PSA calculated verify result' (48 bytes)

D (3310) mbedtls: ssl_tls.c:6568 0x3ffc1c74: 0000:  26 0a 71 26 db c3 df 9a 54 08 e5 dc 01 83 82 45  &.q&....T......E

D (3310) mbedtls: ssl_tls.c:6568 0x3ffc1c74: 0010:  d2 23 f5 b8 aa 4a 84 59 10 26 bb 97 55 47 df 8b  .#...J.Y.&..UG..

D (3310) mbedtls: ssl_tls.c:6568 0x3ffc1c74: 0020:  5d b4 d0 76 23 00 dc d8 e6 bf f7 24 0a c7 22 39  ]..v#......$.."9

I (3310) mbedtls: ssl_tls.c:6569 0x3ffc1c74: <= PSA calc verify

D (3310) mbedtls: ssl_tls.c:6308 0x3ffc1c74: dumping 'session hash for extended master secret' (48 bytes)

D (3310) mbedtls: ssl_tls.c:6308 0x3ffc1c74: 0000:  26 0a 71 26 db c3 df 9a 54 08 e5 dc 01 83 82 45  &.q&....T......E

D (3310) mbedtls: ssl_tls.c:6308 0x3ffc1c74: 0010:  d2 23 f5 b8 aa 4a 84 59 10 26 bb 97 55 47 df 8b  .#...J.Y.&..UG..

D (3310) mbedtls: ssl_tls.c:6308 0x3ffc1c74: 0020:  5d b4 d0 76 23 00 dc d8 e6 bf f7 24 0a c7 22 39  ]..v#......$.."9

D (3310) mbedtls: ssl_tls.c:6449 0x3ffc1c74: dumping 'premaster secret' (32 bytes)

D (3310) mbedtls: ssl_tls.c:6449 0x3ffc1c74: 0000:  a6 d1 3f 57 84 48 d6 90 ea 2c ef d7 4a 93 65 6d  ..?W.H...,..J.em

D (3310) mbedtls: ssl_tls.c:6449 0x3ffc1c74: 0010:  8c 07 b0 87 a0 ff 3a 10 ee 7f 1b f0 37 f9 41 35  ......:.....7.A5

D (3310) mbedtls: ssl_tls.c:7762 0x3ffc1c74: ciphersuite = TLS-ECDHE-RSA-WITH-AES-256-GCM-SHA384

D (3310) mbedtls: ssl_tls.c:7764 0x3ffc1c74: dumping 'master secret' (48 bytes)

D (3310) mbedtls: ssl_tls.c:7764 0x3ffc1c74: 0000:  5a f5 b1 37 2c 0d 67 08 e5 96 20 82 61 bd f7 09  Z..7,.g... .a...

D (3310) mbedtls: ssl_tls.c:7764 0x3ffc1c74: 0010:  dc f1 ce 36 84 31 d5 ab af 48 e1 cb 1e 28 db 0d  ...6.1...H...(..

D (3310) mbedtls: ssl_tls.c:7764 0x3ffc1c74: 0020:  74 03 07 c8 21 76 b2 47 52 b5 34 f5 f6 e3 2c a3  t...!v.GR.4...,.

D (3310) mbedtls: ssl_tls.c:7855 0x3ffc1c74: keylen: 32, minlen: 24, ivlen: 12, maclen: 0

I (3310) mbedtls: ssl_tls.c:6517 0x3ffc1c74: <= derive keys

I (3310) mbedtls: ssl_tls12_client.c:2723 0x3ffc1c74: <= skip write certificate verify

D (3320) mbedtls: ssl_misc.h:1295 0x3ffc1c74: handshake state: 9 (MBEDTLS_SSL_CERTIFICATE_VERIFY) -> 10 (MBEDTLS_SSL_CLIENT_CHANGE_CIPHER_SPEC)

I (3320) mbedtls: ssl_msg.c:2063 0x3ffc1c74: => flush output

I (3320) mbedtls: ssl_msg.c:2072 0x3ffc1c74: <= flush output

I (3320) mbedtls: ssl_tls.c:4201 0x3ffc1c74: client state: MBEDTLS_SSL_CLIENT_CHANGE_CIPHER_SPEC

I (3320) mbedtls: ssl_msg.c:5087 0x3ffc1c74: => write change cipher spec

D (3320) mbedtls: ssl_misc.h:1295 0x3ffc1c74: handshake state: 10 (MBEDTLS_SSL_CLIENT_CHANGE_CIPHER_SPEC) -> 11 (MBEDTLS_SSL_CLIENT_FINISHED)

I (3320) mbedtls: ssl_msg.c:2494 0x3ffc1c74: => write handshake message

I (3320) mbedtls: ssl_msg.c:2654 0x3ffc1c74: => write record

D (3320) mbedtls: ssl_msg.c:2737 0x3ffc1c74: output record: msgtype = 20, version = [3:3], msglen = 1

I (3320) mbedtls: ssl_msg.c:2063 0x3ffc1c74: => flush output

I (3320) mbedtls: ssl_msg.c:2077 0x3ffc1c74: message length: 6, out_left: 6

I (3320) mbedtls: ssl_msg.c:2084 0x3ffc1c74: ssl->f_send() returned 6 (-0xfffffffa)

I (3320) mbedtls: ssl_msg.c:2111 0x3ffc1c74: <= flush output

I (3320) mbedtls: ssl_msg.c:2790 0x3ffc1c74: <= write record

I (3320) mbedtls: ssl_msg.c:2615 0x3ffc1c74: <= write handshake message

I (3320) mbedtls: ssl_msg.c:5100 0x3ffc1c74: <= write change cipher spec

I (3320) mbedtls: ssl_msg.c:2063 0x3ffc1c74: => flush output

I (3320) mbedtls: ssl_msg.c:2072 0x3ffc1c74: <= flush output

I (3320) mbedtls: ssl_tls.c:4201 0x3ffc1c74: client state: MBEDTLS_SSL_CLIENT_FINISHED

I (3320) mbedtls: ssl_tls.c:7384 0x3ffc1c74: => write finished

I (3320) mbedtls: ssl_tls.c:7235 0x3ffc1c74: => calc PSA finished tls

D (3320) mbedtls: ssl_tls.c:7246 0x3ffc1c74: dumping 'PSA calculated padbuf' (48 bytes)

D (3320) mbedtls: ssl_tls.c:7246 0x3ffc1c74: 0000:  26 0a 71 26 db c3 df 9a 54 08 e5 dc 01 83 82 45  &.q&....T......E

D (3320) mbedtls: ssl_tls.c:7246 0x3ffc1c74: 0010:  d2 23 f5 b8 aa 4a 84 59 10 26 bb 97 55 47 df 8b  .#...J.Y.&..UG..

D (3320) mbedtls: ssl_tls.c:7246 0x3ffc1c74: 0020:  5d b4 d0 76 23 00 dc d8 e6 bf f7 24 0a c7 22 39  ]..v#......$.."9

D (3320) mbedtls: ssl_tls.c:7258 0x3ffc1c74: dumping 'calc finished result' (12 bytes)

D (3320) mbedtls: ssl_tls.c:7258 0x3ffc1c74: 0000:  86 80 07 af a3 f9 22 3c c7 be 15 4c              ......"<...L

I (3320) mbedtls: ssl_tls.c:7262 0x3ffc1c74: <= calc finished

D (3320) mbedtls: ssl_misc.h:1295 0x3ffc1c74: handshake state: 11 (MBEDTLS_SSL_CLIENT_FINISHED) -> 12 (MBEDTLS_SSL_SERVER_CHANGE_CIPHER_SPEC)

D (3320) mbedtls: ssl_tls.c:7434 0x3ffc1c74: switching to new transform spec for outbound data

I (3320) mbedtls: ssl_msg.c:2494 0x3ffc1c74: => write handshake message

I (3320) mbedtls: ssl_msg.c:2654 0x3ffc1c74: => write record

I (3320) mbedtls: ssl_msg.c:808 0x3ffc1c74: => encrypt buf

D (3320) mbedtls: ssl_msg.c:1036 0x3ffc1c74: before encrypt: msglen = 16, including 0 bytes of padding

I (3330) mbedtls: ssl_msg.c:1265 0x3ffc1c74: <= encrypt buf

D (3330) mbedtls: ssl_msg.c:2737 0x3ffc1c74: output record: msgtype = 22, version = [3:3], msglen = 40

I (3330) mbedtls: ssl_msg.c:2063 0x3ffc1c74: => flush output

I (3330) mbedtls: ssl_msg.c:2077 0x3ffc1c74: message length: 45, out_left: 45

I (3330) mbedtls: ssl_msg.c:2084 0x3ffc1c74: ssl->f_send() returned 45 (-0xffffffd3)

I (3330) mbedtls: ssl_msg.c:2111 0x3ffc1c74: <= flush output

I (3330) mbedtls: ssl_msg.c:2790 0x3ffc1c74: <= write record

I (3330) mbedtls: ssl_msg.c:2615 0x3ffc1c74: <= write handshake message

I (3330) mbedtls: ssl_tls.c:7487 0x3ffc1c74: <= write finished

I (3330) mbedtls: ssl_msg.c:2063 0x3ffc1c74: => flush output

I (3330) mbedtls: ssl_msg.c:2072 0x3ffc1c74: <= flush output

I (3330) mbedtls: ssl_tls.c:4201 0x3ffc1c74: client state: MBEDTLS_SSL_SERVER_CHANGE_CIPHER_SPEC

D (3330) mbedtls: ssl_misc.h:1295 0x3ffc1c74: handshake state: 12 (MBEDTLS_SSL_SERVER_CHANGE_CIPHER_SPEC) -> 16 (MBEDTLS_SSL_NEW_SESSION_TICKET)

I (3330) mbedtls: ssl_tls12_client.c:2829 0x3ffc1c74: => parse new session ticket

I (3330) mbedtls: ssl_msg.c:4040 0x3ffc1c74: => read record

I (3330) mbedtls: ssl_msg.c:1865 0x3ffc1c74: => fetch input

I (3330) mbedtls: ssl_msg.c:2005 0x3ffc1c74: in_left: 0, nb_want: 5

I (3330) mbedtls: ssl_msg.c:2025 0x3ffc1c74: in_left: 0, nb_want: 5

I (3330) mbedtls: ssl_msg.c:2028 0x3ffc1c74: ssl->f_recv(_timeout)() returned 5 (-0xfffffffb)

I (3330) mbedtls: ssl_msg.c:2050 0x3ffc1c74: <= fetch input

D (3330) mbedtls: ssl_msg.c:3707 0x3ffc1c74: input record: msgtype = 22, version = [0x303], msglen = 186

I (3330) mbedtls: ssl_msg.c:1865 0x3ffc1c74: => fetch input

I (3330) mbedtls: ssl_msg.c:2005 0x3ffc1c74: in_left: 5, nb_want: 191

I (3330) mbedtls: ssl_msg.c:2025 0x3ffc1c74: in_left: 5, nb_want: 191

I (3330) mbedtls: ssl_msg.c:2028 0x3ffc1c74: ssl->f_recv(_timeout)() returned 186 (-0xffffff46)

I (3330) mbedtls: ssl_msg.c:2050 0x3ffc1c74: <= fetch input

D (3330) mbedtls: ssl_msg.c:2948 0x3ffc1c74: handshake message: msglen = 186, type = 4, hslen = 186

D (3330) mbedtls: ssl_msg.c:3085 0x3ffc1c74: sole handshake fragment: 186, 0..186 of 186

I (3330) mbedtls: ssl_msg.c:4112 0x3ffc1c74: <= read record

D (3330) mbedtls: ssl_tls12_client.c:2876 0x3ffc1c74: ticket length: 176

D (3330) mbedtls: ssl_misc.h:1295 0x3ffc1c74: handshake state: 16 (MBEDTLS_SSL_NEW_SESSION_TICKET) -> 12 (MBEDTLS_SSL_SERVER_CHANGE_CIPHER_SPEC)

D (3330) mbedtls: ssl_tls12_client.c:2920 0x3ffc1c74: ticket in use, discarding session id

I (3330) mbedtls: ssl_tls12_client.c:2923 0x3ffc1c74: <= parse new session ticket

I (3330) mbedtls: ssl_msg.c:2063 0x3ffc1c74: => flush output

I (3330) mbedtls: ssl_msg.c:2072 0x3ffc1c74: <= flush output

I (3330) mbedtls: ssl_tls.c:4201 0x3ffc1c74: client state: MBEDTLS_SSL_SERVER_CHANGE_CIPHER_SPEC

I (3330) mbedtls: ssl_msg.c:5109 0x3ffc1c74: => parse change cipher spec

I (3330) mbedtls: ssl_msg.c:4040 0x3ffc1c74: => read record

I (3330) mbedtls: ssl_msg.c:1865 0x3ffc1c74: => fetch input

I (3330) mbedtls: ssl_msg.c:2005 0x3ffc1c74: in_left: 0, nb_want: 5

I (3330) mbedtls: ssl_msg.c:2025 0x3ffc1c74: in_left: 0, nb_want: 5

I (3330) mbedtls: ssl_msg.c:2028 0x3ffc1c74: ssl->f_recv(_timeout)() returned 5 (-0xfffffffb)

I (3330) mbedtls: ssl_msg.c:2050 0x3ffc1c74: <= fetch input

D (3330) mbedtls: ssl_msg.c:3707 0x3ffc1c74: input record: msgtype = 20, version = [0x303], msglen = 1

I (3330) mbedtls: ssl_msg.c:1865 0x3ffc1c74: => fetch input

I (3330) mbedtls: ssl_msg.c:2005 0x3ffc1c74: in_left: 5, nb_want: 6

I (3330) mbedtls: ssl_msg.c:2025 0x3ffc1c74: in_left: 5, nb_want: 6

I (3330) mbedtls: ssl_msg.c:2028 0x3ffc1c74: ssl->f_recv(_timeout)() returned 1 (-0xffffffff)

I (3330) mbedtls: ssl_msg.c:2050 0x3ffc1c74: <= fetch input

I (3330) mbedtls: ssl_msg.c:4112 0x3ffc1c74: <= read record

D (3330) mbedtls: ssl_msg.c:5130 0x3ffc1c74: switching to new transform spec for inbound data

D (3330) mbedtls: ssl_misc.h:1295 0x3ffc1c74: handshake state: 12 (MBEDTLS_SSL_SERVER_CHANGE_CIPHER_SPEC) -> 13 (MBEDTLS_SSL_SERVER_FINISHED)

I (3330) mbedtls: ssl_msg.c:5157 0x3ffc1c74: <= parse change cipher spec

I (3330) mbedtls: ssl_msg.c:2063 0x3ffc1c74: => flush output

I (3330) mbedtls: ssl_msg.c:2072 0x3ffc1c74: <= flush output

I (3340) mbedtls: ssl_tls.c:4201 0x3ffc1c74: client state: MBEDTLS_SSL_SERVER_FINISHED

I (3340) mbedtls: ssl_tls.c:7500 0x3ffc1c74: => parse finished

I (3340) mbedtls: ssl_tls.c:7235 0x3ffc1c74: => calc PSA finished tls

D (3340) mbedtls: ssl_tls.c:7246 0x3ffc1c74: dumping 'PSA calculated padbuf' (48 bytes)

D (3340) mbedtls: ssl_tls.c:7246 0x3ffc1c74: 0000:  6a 5f 71 62 79 d9 ec 72 aa 72 46 58 31 e8 bf f7  j_qby..r.rFX1...

D (3340) mbedtls: ssl_tls.c:7246 0x3ffc1c74: 0010:  6d dd 01 ed 36 90 b4 35 bc 2c 14 e9 fa 2a 99 e6  m...6..5.,...*..

D (3340) mbedtls: ssl_tls.c:7246 0x3ffc1c74: 0020:  48 02 48 ea 7e 8a 4d d8 98 5f de fa c3 09 0b 07  H.H.~.M.._......

D (3340) mbedtls: ssl_tls.c:7258 0x3ffc1c74: dumping 'calc finished result' (12 bytes)

D (3340) mbedtls: ssl_tls.c:7258 0x3ffc1c74: 0000:  ee a9 15 ab 4c 53 46 5b fa ea 34 a0              ....LSF[..4.

I (3340) mbedtls: ssl_tls.c:7262 0x3ffc1c74: <= calc finished

I (3340) mbedtls: ssl_msg.c:4040 0x3ffc1c74: => read record

I (3340) mbedtls: ssl_msg.c:1865 0x3ffc1c74: => fetch input

I (3340) mbedtls: ssl_msg.c:2005 0x3ffc1c74: in_left: 0, nb_want: 5

I (3340) mbedtls: ssl_msg.c:2025 0x3ffc1c74: in_left: 0, nb_want: 5

I (3340) mbedtls: ssl_msg.c:2028 0x3ffc1c74: ssl->f_recv(_timeout)() returned 5 (-0xfffffffb)

I (3340) mbedtls: ssl_msg.c:2050 0x3ffc1c74: <= fetch input

D (3340) mbedtls: ssl_msg.c:3707 0x3ffc1c74: input record: msgtype = 22, version = [0x303], msglen = 40

I (3340) mbedtls: ssl_msg.c:1865 0x3ffc1c74: => fetch input

I (3340) mbedtls: ssl_msg.c:2005 0x3ffc1c74: in_left: 5, nb_want: 45

I (3340) mbedtls: ssl_msg.c:2025 0x3ffc1c74: in_left: 5, nb_want: 45

I (3340) mbedtls: ssl_msg.c:2028 0x3ffc1c74: ssl->f_recv(_timeout)() returned 40 (-0xffffffd8)

I (3340) mbedtls: ssl_msg.c:2050 0x3ffc1c74: <= fetch input

I (3340) mbedtls: ssl_msg.c:1301 0x3ffc1c74: => decrypt buf

I (3340) mbedtls: ssl_msg.c:1831 0x3ffc1c74: <= decrypt buf

D (3340) mbedtls: ssl_msg.c:2948 0x3ffc1c74: handshake message: msglen = 16, type = 20, hslen = 16

D (3340) mbedtls: ssl_msg.c:3085 0x3ffc1c74: sole handshake fragment: 16, 0..16 of 16

I (3340) mbedtls: ssl_msg.c:4112 0x3ffc1c74: <= read record

D (3340) mbedtls: ssl_misc.h:1295 0x3ffc1c74: handshake state: 13 (MBEDTLS_SSL_SERVER_FINISHED) -> 14 (MBEDTLS_SSL_FLUSH_BUFFERS)

I (3340) mbedtls: ssl_tls.c:7571 0x3ffc1c74: <= parse finished

I (3340) mbedtls: ssl_msg.c:2063 0x3ffc1c74: => flush output

I (3340) mbedtls: ssl_msg.c:2072 0x3ffc1c74: <= flush output

I (3340) mbedtls: ssl_tls.c:4201 0x3ffc1c74: client state: MBEDTLS_SSL_FLUSH_BUFFERS

I (3340) mbedtls: ssl_tls12_client.c:3031 0x3ffc1c74: handshake: done

D (3340) mbedtls: ssl_misc.h:1295 0x3ffc1c74: handshake state: 14 (MBEDTLS_SSL_FLUSH_BUFFERS) -> 15 (MBEDTLS_SSL_HANDSHAKE_WRAPUP)

I (3340) mbedtls: ssl_msg.c:2063 0x3ffc1c74: => flush output

I (3340) mbedtls: ssl_msg.c:2072 0x3ffc1c74: <= flush output

I (3340) mbedtls: ssl_tls.c:4201 0x3ffc1c74: client state: MBEDTLS_SSL_HANDSHAKE_WRAPUP

D (3340) mbedtls: ssl_tls.c:7322 0x3ffc1c74: => handshake wrapup

D (3340) mbedtls: ssl_tls.c:7296 0x3ffc1c74: => handshake wrapup: final free

D (3340) mbedtls: ssl_tls.c:7315 0x3ffc1c74: <= handshake wrapup: final free

D (3340) mbedtls: ssl_misc.h:1295 0x3ffc1c74: handshake state: 15 (MBEDTLS_SSL_HANDSHAKE_WRAPUP) -> 27 (MBEDTLS_SSL_HANDSHAKE_OVER)

D (3340) mbedtls: ssl_tls.c:7376 0x3ffc1c74: <= handshake wrapup

I (3340) mbedtls: ssl_tls.c:4293 0x3ffc1c74: <= handshake

[phase-a] tcp_connect=9053 us | tls_handshake=285842 us | total=294895 us
[neg] version=TLSv1.2 suite=TLS-ECDHE-RSA-WITH-AES-256-GCM-SHA384 peer_cert=0 bytes
[mem] post-handshake         free=220268 largest=110592 min-ever=210552
[ledger] HANDSHAKE_PEAK_DELTA(RSA) = 32580 bytes (min-ever 243132 -> 210552)
I (3340) mbedtls: ssl_msg.c:5925 0x3ffc1c74: => write

I (3350) mbedtls: ssl_msg.c:2654 0x3ffc1c74: => write record

I (3350) mbedtls: ssl_msg.c:808 0x3ffc1c74: => encrypt buf

D (3350) mbedtls: ssl_msg.c:1036 0x3ffc1c74: before encrypt: msglen = 13, including 0 bytes of padding

I (3350) mbedtls: ssl_msg.c:1265 0x3ffc1c74: <= encrypt buf

D (3350) mbedtls: ssl_msg.c:2737 0x3ffc1c74: output record: msgtype = 23, version = [3:3], msglen = 37

[mem-tick] t=    1771 ms phase=session      free=220268
I (3350) mbedtls: ssl_msg.c:2063 0x3ffc1c74: => flush output

I (3350) mbedtls: ssl_msg.c:2077 0x3ffc1c74: message length: 42, out_left: 42

I (3350) mbedtls: ssl_msg.c:2084 0x3ffc1c74: ssl->f_send() returned 42 (-0xffffffd6)

I (3350) mbedtls: ssl_msg.c:2111 0x3ffc1c74: <= flush output

I (3350) mbedtls: ssl_msg.c:2790 0x3ffc1c74: <= write record

I (3350) mbedtls: ssl_msg.c:5947 0x3ffc1c74: <= write

I (3350) mbedtls: ssl_msg.c:5663 0x3ffc1c74: => read

I (3350) mbedtls: ssl_msg.c:4040 0x3ffc1c74: => read record

I (3350) mbedtls: ssl_msg.c:1865 0x3ffc1c74: => fetch input

I (3350) mbedtls: ssl_msg.c:2005 0x3ffc1c74: in_left: 0, nb_want: 5

[mem-tick] t=    1869 ms phase=session      free=220268
[mem-tick] t=    1969 ms phase=session      free=220268
[mem-tick] t=    2069 ms phase=session      free=220268
[mem-tick] t=    2169 ms phase=session      free=220268
[mem-tick] t=    2269 ms phase=session      free=220268
[mem-tick] t=    2369 ms phase=session      free=220268
[mem-tick] t=    2469 ms phase=session      free=220268
[mem-tick] t=    2569 ms phase=session      free=220268
[mem-tick] t=    2669 ms phase=session      free=220268
[mem-tick] t=    2769 ms phase=session      free=220268
[mem-tick] t=    2869 ms phase=session      free=220268
[mem-tick] t=    2969 ms phase=session      free=220268
[mem-tick] t=    3069 ms phase=session      free=220268
[mem-tick] t=    3169 ms phase=session      free=220268
[mem-tick] t=    3269 ms phase=session      free=220268
[mem-tick] t=    3369 ms phase=session      free=220268
[mem-tick] t=    3469 ms phase=session      free=220268
[mem-tick] t=    3569 ms phase=session      free=220268
[mem-tick] t=    3669 ms phase=session      free=220268
[mem-tick] t=    3769 ms phase=session      free=220268
[mem-tick] t=    3869 ms phase=session      free=220268
[mem-tick] t=    3969 ms phase=session      free=220268
[mem-tick] t=    4069 ms phase=session      free=220268
[mem-tick] t=    4169 ms phase=session      free=220268
[mem-tick] t=    4269 ms phase=session      free=220268
[mem-tick] t=    4369 ms phase=session      free=220268
[mem-tick] t=    4469 ms phase=session      free=220268
[mem-tick] t=    4569 ms phase=session      free=220268
[mem-tick] t=    4669 ms phase=session      free=220268
[mem-tick] t=    4769 ms phase=session      free=220268
[mem-tick] t=    4868 ms phase=session      free=220268
[mem-tick] t=    4969 ms phase=session      free=220268
[mem-tick] t=    5069 ms phase=session      free=220256
[mem-tick] t=    5169 ms phase=session      free=220256
[mem-tick] t=    5269 ms phase=session      free=220256
[mem-tick] t=    5369 ms phase=session      free=220256
[mem-tick] t=    5469 ms phase=session      free=220256
[mem-tick] t=    5569 ms phase=session      free=220256
[mem-tick] t=    5669 ms phase=session      free=220256
[mem-tick] t=    5769 ms phase=session      free=220256
[mem-tick] t=    5869 ms phase=session      free=220256
[mem-tick] t=    5969 ms phase=session      free=220256
[mem-tick] t=    6069 ms phase=session      free=220268
[mem-tick] t=    6169 ms phase=session      free=220268
[mem-tick] t=    6269 ms phase=session      free=220268
[mem-tick] t=    6369 ms phase=session      free=220268
[mem-tick] t=    6469 ms phase=session      free=220268
[mem-tick] t=    6569 ms phase=session      free=220268
[mem-tick] t=    6669 ms phase=session      free=220268
[mem-tick] t=    6769 ms phase=session      free=220268
[mem-tick] t=    6869 ms phase=session      free=220268
[mem-tick] t=    6969 ms phase=session      free=220268
[mem-tick] t=    7069 ms phase=session      free=220268
[mem-tick] t=    7169 ms phase=session      free=220268
[mem-tick] t=    7269 ms phase=session      free=220268
[mem-tick] t=    7369 ms phase=session      free=220268
[mem-tick] t=    7469 ms phase=session      free=220268
[mem-tick] t=    7569 ms phase=session      free=220268
[mem-tick] t=    7669 ms phase=session      free=220268
[mem-tick] t=    7769 ms phase=session      free=220268
[mem-tick] t=    7868 ms phase=session      free=220268
[mem-tick] t=    7969 ms phase=session      free=220268
[mem-tick] t=    8069 ms phase=session      free=220268
[mem-tick] t=    8169 ms phase=session      free=220268
[mem-tick] t=    8269 ms phase=session      free=220268
[mem-tick] t=    8369 ms phase=session      free=220268
[mem-tick] t=    8469 ms phase=session      free=220268
[mem-tick] t=    8569 ms phase=session      free=220268
[mem-tick] t=    8669 ms phase=session      free=220268
[mem-tick] t=    8769 ms phase=session      free=220268
[mem-tick] t=    8869 ms phase=session      free=220268
[mem-tick] t=    8969 ms phase=session      free=220268
[mem-tick] t=    9069 ms phase=session      free=220256
[mem-tick] t=    9169 ms phase=session      free=220256
[mem-tick] t=    9269 ms phase=session      free=220256
[mem-tick] t=    9369 ms phase=session      free=220256
[mem-tick] t=    9469 ms phase=session      free=220256
[mem-tick] t=    9569 ms phase=session      free=220256
[mem-tick] t=    9669 ms phase=session      free=220256
[mem-tick] t=    9769 ms phase=session      free=220256
[mem-tick] t=    9869 ms phase=session      free=220256
[mem-tick] t=    9969 ms phase=session      free=220256
[mem-tick] t=   10069 ms phase=session      free=220268
[mem-tick] t=   10169 ms phase=session      free=220268
[mem-tick] t=   10269 ms phase=session      free=220268
[mem-tick] t=   10369 ms phase=session      free=220268
[mem-tick] t=   10469 ms phase=session      free=220268
[mem-tick] t=   10569 ms phase=session      free=220268
[mem-tick] t=   10669 ms phase=session      free=220268
[mem-tick] t=   10769 ms phase=session      free=220268
[mem-tick] t=   10869 ms phase=session      free=220268
[mem-tick] t=   10969 ms phase=session      free=220268
[mem-tick] t=   11069 ms phase=session      free=220268
[mem-tick] t=   11169 ms phase=session      free=220268
[mem-tick] t=   11269 ms phase=session      free=220268
[mem-tick] t=   11369 ms phase=session      free=220268
[mem-tick] t=   11469 ms phase=session      free=220268
[mem-tick] t=   11569 ms phase=session      free=220268
[mem-tick] t=   11669 ms phase=session      free=220268
I (13350) mbedtls: ssl_msg.c:2025 0x3ffc1c74: in_left: 0, nb_want: 5

[echo] read r=-26880
[mem] post-session           free=220268 largest=110592 min-ever=210552
[mem-tick] t=   11771 ms phase=closing      free=244356
[mem-tick] t=   11869 ms phase=closing      free=246180
[mem-tick] t=   11969 ms phase=closing      free=246204
[mem-tick] t=   12069 ms phase=closing      free=246204
[mem-tick] t=   12169 ms phase=closing      free=246204
[ledger] CLOSED(RSA): free now=246204, before-this-phase=247368, retained=1164
[mem-tick] t=   12269 ms phase=RSA-settled  free=246204
[mem-tick] t=   12369 ms phase=RSA-settled  free=246204
[mem-tick] t=   12469 ms phase=RSA-settled  free=246204
[mem-tick] t=   12569 ms phase=RSA-settled  free=246204
[mem] settled                free=246204 largest=110592 min-ever=210552

===== PHASE A/B [EC] port=22444 =====
[mem-tick] t=   12669 ms phase=EC-baseline  free=246204
[mem-tick] t=   12769 ms phase=EC-baseline  free=246204
[mem-tick] t=   12869 ms phase=EC-baseline  free=246204
[mem] baseline               free=246204 largest=110592 min-ever=210552
[mem-tick] t=   12971 ms phase=handshake    free=245668
W (14560) esp-tls-mbedtls: skip_common_name=true: hostname matching and SNI disabled. This disables ALL server-name authentication (CN/SAN/SNI), not just CN. Only intended for loopback / debug clients.
D (14560) esp-tls: handshake in progress...
I (14560) mbedtls: ssl_tls.c:4282 0x3ffb6124: => handshake

I (14560) mbedtls: ssl_msg.c:2063 0x3ffb6124: => flush output

I (14560) mbedtls: ssl_msg.c:2072 0x3ffb6124: <= flush output

I (14560) mbedtls: ssl_tls.c:4201 0x3ffb6124: client state: MBEDTLS_SSL_HELLO_REQUEST

D (14560) mbedtls: ssl_misc.h:1295 0x3ffb6124: handshake state: 0 (MBEDTLS_SSL_HELLO_REQUEST) -> 1 (MBEDTLS_SSL_CLIENT_HELLO)

I (14560) mbedtls: ssl_msg.c:2063 0x3ffb6124: => flush output

I (14560) mbedtls: ssl_msg.c:2072 0x3ffb6124: <= flush output

I (14560) mbedtls: ssl_tls.c:4201 0x3ffb6124: client state: MBEDTLS_SSL_CLIENT_HELLO

I (14560) mbedtls: ssl_client.c:917 0x3ffb6124: => write client hello

D (14560) mbedtls: ssl_client.c:722 0x3ffb6124: client hello, current time: 12

D (14560) mbedtls: ssl_client.c:485 0x3ffb6124: dumping 'client hello, random bytes' (32 bytes)

D (14560) mbedtls: ssl_client.c:485 0x3ffb6124: 0000:  00 00 00 0c 14 d1 a2 db 67 c2 35 8d 83 b0 8e 55  ........g.5....U

D (14560) mbedtls: ssl_client.c:485 0x3ffb6124: 0010:  8c f6 cc af 95 55 f0 8d 71 02 d7 13 a7 1b 9d a2  .....U..q.......

D (14560) mbedtls: ssl_client.c:510 0x3ffb6124: dumping 'session id' (0 bytes)

D (14560) mbedtls: ssl_client.c:368 0x3ffb6124: client hello, add ciphersuite: c02c, TLS-ECDHE-ECDSA-WITH-AES-256-GCM-SHA384

D (14560) mbedtls: ssl_client.c:368 0x3ffb6124: client hello, add ciphersuite: c030, TLS-ECDHE-RSA-WITH-AES-256-GCM-SHA384

D (14560) mbedtls: ssl_client.c:368 0x3ffb6124: client hello, add ciphersuite: c0ad, TLS-ECDHE-ECDSA-WITH-AES-256-CCM

D (14560) mbedtls: ssl_client.c:368 0x3ffb6124: client hello, add ciphersuite: c024, TLS-ECDHE-ECDSA-WITH-AES-256-CBC-SHA384

D (14560) mbedtls: ssl_client.c:368 0x3ffb6124: client hello, add ciphersuite: c028, TLS-ECDHE-RSA-WITH-AES-256-CBC-SHA384

D (14560) mbedtls: ssl_client.c:368 0x3ffb6124: client hello, add ciphersuite: c00a, TLS-ECDHE-ECDSA-WITH-AES-256-CBC-SHA

D (14560) mbedtls: ssl_client.c:368 0x3ffb6124: client hello, add ciphersuite: c014, TLS-ECDHE-RSA-WITH-AES-256-CBC-SHA

D (14560) mbedtls: ssl_client.c:368 0x3ffb6124: client hello, add ciphersuite: c0af, TLS-ECDHE-ECDSA-WITH-AES-256-CCM-8

D (14560) mbedtls: ssl_client.c:368 0x3ffb6124: client hello, add ciphersuite: c02b, TLS-ECDHE-ECDSA-WITH-AES-128-GCM-SHA256

D (14560) mbedtls: ssl_client.c:368 0x3ffb6124: client hello, add ciphersuite: c02f, TLS-ECDHE-RSA-WITH-AES-128-GCM-SHA256

D (14560) mbedtls: ssl_client.c:368 0x3ffb6124: client hello, add ciphersuite: c0ac, TLS-ECDHE-ECDSA-WITH-AES-128-CCM

D (14560) mbedtls: ssl_client.c:368 0x3ffb6124: client hello, add ciphersuite: c023, TLS-ECDHE-ECDSA-WITH-AES-128-CBC-SHA256

D (14560) mbedtls: ssl_client.c:368 0x3ffb6124: client hello, add ciphersuite: c027, TLS-ECDHE-RSA-WITH-AES-128-CBC-SHA256

D (14560) mbedtls: ssl_client.c:368 0x3ffb6124: client hello, add ciphersuite: c009, TLS-ECDHE-ECDSA-WITH-AES-128-CBC-SHA

D (14560) mbedtls: ssl_client.c:368 0x3ffb6124: client hello, add ciphersuite: c013, TLS-ECDHE-RSA-WITH-AES-128-CBC-SHA

D (14560) mbedtls: ssl_client.c:368 0x3ffb6124: client hello, add ciphersuite: c0ae, TLS-ECDHE-ECDSA-WITH-AES-128-CCM-8

D (14560) mbedtls: ssl_client.c:386 0x3ffb6124: adding EMPTY_RENEGOTIATION_INFO_SCSV

D (14560) mbedtls: ssl_client.c:395 0x3ffb6124: client hello, got 17 cipher suites

D (14560) mbedtls: ssl_client.c:229 0x3ffb6124: client hello, adding supported_groups extension

D (14560) mbedtls: ssl_client.c:248 0x3ffb6124: got supported group(001d)

D (14560) mbedtls: ssl_client.c:280 0x3ffb6124: NamedGroup: x25519 ( 1d )

D (14560) mbedtls: ssl_client.c:248 0x3ffb6124: got supported group(0017)

D (14560) mbedtls: ssl_client.c:280 0x3ffb6124: NamedGroup: secp256r1 ( 17 )

D (14560) mbedtls: ssl_client.c:248 0x3ffb6124: got supported group(0018)

D (14560) mbedtls: ssl_client.c:280 0x3ffb6124: NamedGroup: secp384r1 ( 18 )

D (14560) mbedtls: ssl_client.c:248 0x3ffb6124: got supported group(001e)

D (14560) mbedtls: ssl_client.c:280 0x3ffb6124: NamedGroup: x448 ( 1e )

D (14560) mbedtls: ssl_client.c:248 0x3ffb6124: got supported group(0019)

D (14560) mbedtls: ssl_client.c:280 0x3ffb6124: NamedGroup: secp521r1 ( 19 )

D (14560) mbedtls: ssl_client.c:248 0x3ffb6124: got supported group(001a)

D (14560) mbedtls: ssl_client.c:280 0x3ffb6124: NamedGroup: bp256r1 ( 1a )

D (14560) mbedtls: ssl_client.c:248 0x3ffb6124: got supported group(001b)

D (14560) mbedtls: ssl_client.c:280 0x3ffb6124: NamedGroup: bp384r1 ( 1b )

D (14560) mbedtls: ssl_client.c:248 0x3ffb6124: got supported group(001c)

D (14560) mbedtls: ssl_client.c:280 0x3ffb6124: NamedGroup: bp512r1 ( 1c )

D (14560) mbedtls: ssl_client.c:248 0x3ffb6124: got supported group(0100)

D (14560) mbedtls: ssl_client.c:248 0x3ffb6124: got supported group(0101)

D (14560) mbedtls: ssl_client.c:248 0x3ffb6124: got supported group(0102)

D (14560) mbedtls: ssl_client.c:248 0x3ffb6124: got supported group(0103)

D (14560) mbedtls: ssl_client.c:248 0x3ffb6124: got supported group(0104)

D (14560) mbedtls: ssl_client.c:300 0x3ffb6124: dumping 'Supported groups extension' (18 bytes)

D (14560) mbedtls: ssl_client.c:300 0x3ffb6124: 0000:  00 10 00 1d 00 17 00 18 00 1e 00 19 00 1a 00 1b  ................

D (14560) mbedtls: ssl_client.c:300 0x3ffb6124: 0010:  00 1c                                            ..

D (14560) mbedtls: ssl_tls.c:8276 0x3ffb6124: adding signature_algorithms extension

D (14560) mbedtls: ssl_tls.c:8296 0x3ffb6124: got signature scheme [603] ecdsa_secp521r1_sha512

D (14560) mbedtls: ssl_tls.c:8305 0x3ffb6124: sent signature scheme [603] ecdsa_secp521r1_sha512

D (14560) mbedtls: ssl_tls.c:8296 0x3ffb6124: got signature scheme [806] rsa_pss_rsae_sha512

D (14560) mbedtls: ssl_tls.c:8296 0x3ffb6124: got signature scheme [601] rsa_pkcs1_sha512

D (14570) mbedtls: ssl_tls.c:8305 0x3ffb6124: sent signature scheme [601] rsa_pkcs1_sha512

D (14570) mbedtls: ssl_tls.c:8296 0x3ffb6124: got signature scheme [503] ecdsa_secp384r1_sha384

D (14570) mbedtls: ssl_tls.c:8305 0x3ffb6124: sent signature scheme [503] ecdsa_secp384r1_sha384

D (14570) mbedtls: ssl_tls.c:8296 0x3ffb6124: got signature scheme [805] rsa_pss_rsae_sha384

D (14570) mbedtls: ssl_tls.c:8296 0x3ffb6124: got signature scheme [501] rsa_pkcs1_sha384

D (14570) mbedtls: ssl_tls.c:8305 0x3ffb6124: sent signature scheme [501] rsa_pkcs1_sha384

D (14570) mbedtls: ssl_tls.c:8296 0x3ffb6124: got signature scheme [403] ecdsa_secp256r1_sha256

D (14570) mbedtls: ssl_tls.c:8305 0x3ffb6124: sent signature scheme [403] ecdsa_secp256r1_sha256

D (14570) mbedtls: ssl_tls.c:8296 0x3ffb6124: got signature scheme [804] rsa_pss_rsae_sha256

D (14570) mbedtls: ssl_tls.c:8296 0x3ffb6124: got signature scheme [401] rsa_pkcs1_sha256

D (14570) mbedtls: ssl_tls.c:8305 0x3ffb6124: sent signature scheme [401] rsa_pkcs1_sha256

D (14570) mbedtls: ssl_tls12_client.c:103 0x3ffb6124: client hello, adding supported_point_formats extension

D (14570) mbedtls: ssl_tls12_client.c:287 0x3ffb6124: client hello, adding encrypt_then_mac extension

D (14570) mbedtls: ssl_tls12_client.c:319 0x3ffb6124: client hello, adding extended_master_secret extension

D (14570) mbedtls: ssl_tls12_client.c:352 0x3ffb6124: client hello, adding session ticket extension

D (14570) mbedtls: ssl_client.c:687 0x3ffb6124: client hello, total extension length: 58

D (14570) mbedtls: ssl_client.c:689 0x3ffb6124: dumping 'client hello extensions' (58 bytes)

D (14570) mbedtls: ssl_client.c:689 0x3ffb6124: 0000:  00 3a 00 0a 00 12 00 10 00 1d 00 17 00 18 00 1e  .:..............

D (14570) mbedtls: ssl_client.c:689 0x3ffb6124: 0010:  00 19 00 1a 00 1b 00 1c 00 0d 00 0e 00 0c 06 03  ................

D (14570) mbedtls: ssl_client.c:689 0x3ffb6124: 0020:  06 01 05 03 05 01 04 03 04 01 00 0b 00 02 01 00  ................

D (14570) mbedtls: ssl_client.c:689 0x3ffb6124: 0030:  00 16 00 00 00 17 00 00 00 23                    .........#

I (14570) mbedtls: ssl_msg.c:2494 0x3ffb6124: => write handshake message

I (14570) mbedtls: ssl_msg.c:2654 0x3ffb6124: => write record

D (14570) mbedtls: ssl_msg.c:2737 0x3ffb6124: output record: msgtype = 22, version = [3:3], msglen = 137

I (14570) mbedtls: ssl_msg.c:2790 0x3ffb6124: <= write record

I (14570) mbedtls: ssl_msg.c:2615 0x3ffb6124: <= write handshake message

D (14570) mbedtls: ssl_misc.h:1295 0x3ffb6124: handshake state: 1 (MBEDTLS_SSL_CLIENT_HELLO) -> 2 (MBEDTLS_SSL_SERVER_HELLO)

I (14570) mbedtls: ssl_client.c:1010 0x3ffb6124: <= write client hello

I (14570) mbedtls: ssl_msg.c:2063 0x3ffb6124: => flush output

I (14570) mbedtls: ssl_msg.c:2077 0x3ffb6124: message length: 142, out_left: 142

I (14570) mbedtls: ssl_msg.c:2084 0x3ffb6124: ssl->f_send() returned 142 (-0xffffff72)

I (14570) mbedtls: ssl_msg.c:2111 0x3ffb6124: <= flush output

I (14570) mbedtls: ssl_tls.c:4201 0x3ffb6124: client state: MBEDTLS_SSL_SERVER_HELLO

I (14570) mbedtls: ssl_tls12_client.c:1151 0x3ffb6124: => parse server hello

I (14570) mbedtls: ssl_msg.c:4040 0x3ffb6124: => read record

I (14570) mbedtls: ssl_msg.c:1865 0x3ffb6124: => fetch input

I (14570) mbedtls: ssl_msg.c:2005 0x3ffb6124: in_left: 0, nb_want: 5

I (14570) mbedtls: ssl_msg.c:2025 0x3ffb6124: in_left: 0, nb_want: 5

I (14570) mbedtls: ssl_msg.c:2028 0x3ffb6124: ssl->f_recv(_timeout)() returned 5 (-0xfffffffb)

I (14570) mbedtls: ssl_msg.c:2050 0x3ffb6124: <= fetch input

D (14570) mbedtls: ssl_msg.c:3707 0x3ffb6124: input record: msgtype = 22, version = [0x303], msglen = 65

I (14570) mbedtls: ssl_msg.c:1865 0x3ffb6124: => fetch input

I (14570) mbedtls: ssl_msg.c:2005 0x3ffb6124: in_left: 5, nb_want: 70

I (14570) mbedtls: ssl_msg.c:2025 0x3ffb6124: in_left: 5, nb_want: 70

I (14570) mbedtls: ssl_msg.c:2028 0x3ffb6124: ssl->f_recv(_timeout)() returned 65 (-0xffffffbf)

I (14570) mbedtls: ssl_msg.c:2050 0x3ffb6124: <= fetch input

D (14570) mbedtls: ssl_msg.c:2948 0x3ffb6124: handshake message: msglen = 65, type = 2, hslen = 65

D (14570) mbedtls: ssl_msg.c:3085 0x3ffb6124: sole handshake fragment: 65, 0..65 of 65

I (14570) mbedtls: ssl_msg.c:4112 0x3ffb6124: <= read record

D (14570) mbedtls: ssl_tls12_client.c:1225 0x3ffb6124: dumping 'server hello, version' (2 bytes)

D (14570) mbedtls: ssl_tls12_client.c:1225 0x3ffb6124: 0000:  03 03                                            ..

D (14570) mbedtls: ssl_tls12_client.c:1246 0x3ffb6124: server hello, current time: 1008620840

D (14570) mbedtls: ssl_tls12_client.c:1256 0x3ffb6124: dumping 'server hello, random bytes' (32 bytes)

D (14570) mbedtls: ssl_tls12_client.c:1256 0x3ffb6124: 0000:  3c 1e 55 28 6b 4f cf 30 55 3f 33 33 ad 17 af ac  <.U(kO.0U?33....

D (14570) mbedtls: ssl_tls12_client.c:1256 0x3ffb6124: 0010:  77 43 e6 d7 ad f4 05 87 2f 02 7a 7a 58 84 3c 0b  wC....../.zzX.<.

D (14580) mbedtls: ssl_tls12_client.c:1318 0x3ffb6124: server hello, session id len.: 0

D (14580) mbedtls: ssl_tls12_client.c:1319 0x3ffb6124: dumping 'server hello, session id' (0 bytes)

D (14580) mbedtls: ssl_misc.h:1295 0x3ffb6124: handshake state: 2 (MBEDTLS_SSL_SERVER_HELLO) -> 3 (MBEDTLS_SSL_SERVER_CERTIFICATE)

D (14580) mbedtls: ssl_tls12_client.c:1343 0x3ffb6124: no session has been resumed

D (14580) mbedtls: ssl_tls12_client.c:1346 0x3ffb6124: server hello, chosen ciphersuite: c02c

D (14580) mbedtls: ssl_tls12_client.c:1347 0x3ffb6124: server hello, compress alg.: 0

D (14580) mbedtls: ssl_tls12_client.c:1382 0x3ffb6124: server hello, chosen ciphersuite: TLS-ECDHE-ECDSA-WITH-AES-256-GCM-SHA384

I (14580) mbedtls: ssl_tls12_client.c:1403 0x3ffb6124: server hello, total extension length: 21

D (14580) mbedtls: ssl_tls12_client.c:1421 0x3ffb6124: found renegotiation extension

D (14580) mbedtls: ssl_tls12_client.c:1500 0x3ffb6124: found supported_point_formats extension

D (14580) mbedtls: ssl_tls12_client.c:1486 0x3ffb6124: found session_ticket extension

D (14580) mbedtls: ssl_tls12_client.c:1473 0x3ffb6124: found extended_master_secret extension

I (14580) mbedtls: ssl_tls12_client.c:1617 0x3ffb6124: <= parse server hello

I (14580) mbedtls: ssl_msg.c:2063 0x3ffb6124: => flush output

I (14580) mbedtls: ssl_msg.c:2072 0x3ffb6124: <= flush output

I (14580) mbedtls: ssl_tls.c:4201 0x3ffb6124: client state: MBEDTLS_SSL_SERVER_CERTIFICATE

I (14580) mbedtls: ssl_tls.c:7077 0x3ffb6124: => parse certificate

I (14580) mbedtls: ssl_msg.c:4040 0x3ffb6124: => read record

I (14580) mbedtls: ssl_msg.c:1865 0x3ffb6124: => fetch input

I (14580) mbedtls: ssl_msg.c:2005 0x3ffb6124: in_left: 0, nb_want: 5

I (14580) mbedtls: ssl_msg.c:2025 0x3ffb6124: in_left: 0, nb_want: 5

I (14580) mbedtls: ssl_msg.c:2028 0x3ffb6124: ssl->f_recv(_timeout)() returned 5 (-0xfffffffb)

I (14580) mbedtls: ssl_msg.c:2050 0x3ffb6124: <= fetch input

D (14580) mbedtls: ssl_msg.c:3707 0x3ffb6124: input record: msgtype = 22, version = [0x303], msglen = 394

I (14580) mbedtls: ssl_msg.c:1865 0x3ffb6124: => fetch input

I (14580) mbedtls: ssl_msg.c:2005 0x3ffb6124: in_left: 5, nb_want: 399

I (14580) mbedtls: ssl_msg.c:2025 0x3ffb6124: in_left: 5, nb_want: 399

I (14580) mbedtls: ssl_msg.c:2028 0x3ffb6124: ssl->f_recv(_timeout)() returned 394 (-0xfffffe76)

I (14580) mbedtls: ssl_msg.c:2050 0x3ffb6124: <= fetch input

D (14580) mbedtls: ssl_msg.c:2948 0x3ffb6124: handshake message: msglen = 394, type = 11, hslen = 394

D (14580) mbedtls: ssl_msg.c:3085 0x3ffb6124: sole handshake fragment: 394, 0..394 of 394

I (14580) mbedtls: ssl_msg.c:4112 0x3ffb6124: <= read record

D (14590) mbedtls: ssl_tls.c:6952 0x3ffb6124: peer certificate #1:

D (14590) mbedtls: ssl_tls.c:6952 0x3ffb6124: cert. version     : 3

D (14590) mbedtls: ssl_tls.c:6952 0x3ffb6124: serial number     : 37:09:43:D4:1C:61:C3:A2:0B:22:A6:A0:1B:48:94:F0:41:88:C9:23

D (14590) mbedtls: ssl_tls.c:6952 0x3ffb6124: issuer name       : CN=localhost

D (14590) mbedtls: ssl_tls.c:6952 0x3ffb6124: subject name      : CN=localhost

D (14590) mbedtls: ssl_tls.c:6952 0x3ffb6124: issued  on        : 2026-08-26 20:20:30

D (14590) mbedtls: ssl_tls.c:6952 0x3ffb6124: expires on        : 2026-09-25 20:20:30

D (14590) mbedtls: ssl_tls.c:6952 0x3ffb6124: signed using      : ECDSA with SHA256

D (14590) mbedtls: ssl_tls.c:6952 0x3ffb6124: EC key size       : 256 bits

D (14590) mbedtls: ssl_tls.c:6952 0x3ffb6124: basic constraints : CA=true

D (14590) mbedtls: ssl_tls.c:6952 0x3ffb6124: dumping 'crt->PK' (65 bytes)

D (14590) mbedtls: ssl_tls.c:6952 0x3ffb6124: 0000:  04 54 0e ba b5 7b 25 1b f2 9f 2d 96 f4 93 cd 8f

D (14590) mbedtls: ssl_tls.c:6952 0x3ffb6124: 0010:  49 17 f1 f8 43 fd ec ae 5d 41 e9 f4 92 ac 22 e6

D (14590) mbedtls: ssl_tls.c:6952 0x3ffb6124: 0020:  63 ac 57 44 3b f6 9e c0 c8 9f 49 85 41 d2 5d 63

D (14590) mbedtls: ssl_tls.c:6952 0x3ffb6124: 0030:  06 98 de f8 fb 38 a5 80 7e 23 61 62 87 90 79 d7

D (14590) mbedtls: ssl_tls.c:6952 0x3ffb6124: 0040:  84                                             

I (14590) mbedtls: ssl_tls.c:7191 0x3ffb6124: <= parse certificate

D (14590) mbedtls: ssl_misc.h:1295 0x3ffb6124: handshake state: 3 (MBEDTLS_SSL_SERVER_CERTIFICATE) -> 4 (MBEDTLS_SSL_SERVER_KEY_EXCHANGE)

I (14590) mbedtls: ssl_msg.c:2063 0x3ffb6124: => flush output

I (14590) mbedtls: ssl_msg.c:2072 0x3ffb6124: <= flush output

I (14590) mbedtls: ssl_tls.c:4201 0x3ffb6124: client state: MBEDTLS_SSL_SERVER_KEY_EXCHANGE

I (14590) mbedtls: ssl_tls12_client.c:1831 0x3ffb6124: => parse server key exchange

I (14590) mbedtls: ssl_msg.c:4040 0x3ffb6124: => read record

I (14590) mbedtls: ssl_msg.c:1865 0x3ffb6124: => fetch input

I (14590) mbedtls: ssl_msg.c:2005 0x3ffb6124: in_left: 0, nb_want: 5

I (14590) mbedtls: ssl_msg.c:2025 0x3ffb6124: in_left: 0, nb_want: 5

I (14590) mbedtls: ssl_msg.c:2028 0x3ffb6124: ssl->f_recv(_timeout)() returned 5 (-0xfffffffb)

I (14590) mbedtls: ssl_msg.c:2050 0x3ffb6124: <= fetch input

D (14590) mbedtls: ssl_msg.c:3707 0x3ffb6124: input record: msgtype = 22, version = [0x303], msglen = 115

I (14590) mbedtls: ssl_msg.c:1865 0x3ffb6124: => fetch input

I (14590) mbedtls: ssl_msg.c:2005 0x3ffb6124: in_left: 5, nb_want: 120

I (14590) mbedtls: ssl_msg.c:2025 0x3ffb6124: in_left: 5, nb_want: 120

I (14590) mbedtls: ssl_msg.c:2028 0x3ffb6124: ssl->f_recv(_timeout)() returned 115 (-0xffffff8d)

I (14590) mbedtls: ssl_msg.c:2050 0x3ffb6124: <= fetch input

D (14590) mbedtls: ssl_msg.c:2948 0x3ffb6124: handshake message: msglen = 115, type = 12, hslen = 115

D (14590) mbedtls: ssl_msg.c:3085 0x3ffb6124: sole handshake fragment: 115, 0..115 of 115

I (14590) mbedtls: ssl_msg.c:4112 0x3ffb6124: <= read record

D (14590) mbedtls: ssl_tls12_client.c:1885 0x3ffb6124: dumping 'server key exchange' (111 bytes)

D (14590) mbedtls: ssl_tls12_client.c:1885 0x3ffb6124: 0000:  03 00 1d 20 01 88 e4 8a f8 66 47 50 9d d0 08 f3  ... .....fGP....

D (14590) mbedtls: ssl_tls12_client.c:1885 0x3ffb6124: 0010:  fd a0 44 a3 40 a6 ff a9 97 a1 20 9a d7 ed 12 a4  ..D.@..... .....

D (14590) mbedtls: ssl_tls12_client.c:1885 0x3ffb6124: 0020:  c5 2b 58 5c 06 03 00 47 30 45 02 20 74 12 c8 d5  .+X\...G0E. t...

D (14590) mbedtls: ssl_tls12_client.c:1885 0x3ffb6124: 0030:  69 f7 ce 61 26 3f b6 d0 eb af 7a da be 9d dc 02  i..a&?....z.....

D (14590) mbedtls: ssl_tls12_client.c:1885 0x3ffb6124: 0040:  cd fe a5 45 37 4b 5e 8d 12 49 7c d9 02 21 00 d4  ...E7K^..I|..!..

D (14590) mbedtls: ssl_tls12_client.c:1885 0x3ffb6124: 0050:  e9 9f 34 31 55 bf cf 3b 28 e7 f7 cd 51 10 23 2d  ..41U..;(...Q.#-

D (14590) mbedtls: ssl_tls12_client.c:1885 0x3ffb6124: 0060:  3c d0 1a cc 90 ea be 2d 3f ed a6 2a 5f e1 5b     <......-?..*_.[

I (14590) mbedtls: ssl_tls12_client.c:1815 0x3ffb6124: Server used the signature algorithm ecdsa_secp521r1_sha512

D (14590) mbedtls: ssl_tls12_client.c:2047 0x3ffb6124: dumping 'signature' (71 bytes)

D (14590) mbedtls: ssl_tls12_client.c:2047 0x3ffb6124: 0000:  30 45 02 20 74 12 c8 d5 69 f7 ce 61 26 3f b6 d0  0E. t...i..a&?..

D (14590) mbedtls: ssl_tls12_client.c:2047 0x3ffb6124: 0010:  eb af 7a da be 9d dc 02 cd fe a5 45 37 4b 5e 8d  ..z........E7K^.

D (14590) mbedtls: ssl_tls12_client.c:2047 0x3ffb6124: 0020:  12 49 7c d9 02 21 00 d4 e9 9f 34 31 55 bf cf 3b  .I|..!....41U..;

D (14590) mbedtls: ssl_tls12_client.c:2047 0x3ffb6124: 0030:  28 e7 f7 cd 51 10 23 2d 3c d0 1a cc 90 ea be 2d  (...Q.#-<......-

D (14590) mbedtls: ssl_tls12_client.c:2047 0x3ffb6124: 0040:  3f ed a6 2a 5f e1 5b                             ?..*_.[

D (14590) mbedtls: ssl_tls.c:8082 0x3ffb6124: Perform PSA-based computation of digest of ServerKeyExchange

D (14600) mbedtls: ssl_tls12_client.c:2064 0x3ffb6124: dumping 'parameters hash' (64 bytes)

D (14600) mbedtls: ssl_tls12_client.c:2064 0x3ffb6124: 0000:  ba 9f b0 9e 4f 83 82 44 52 23 9a c9 32 f7 c9 98  ....O..DR#..2...

D (14600) mbedtls: ssl_tls12_client.c:2064 0x3ffb6124: 0010:  03 92 9b 5a 6e 5b c5 4a 71 36 b6 38 0f 9a 36 af  ...Zn[.Jq6.8..6.

D (14600) mbedtls: ssl_tls12_client.c:2064 0x3ffb6124: 0020:  2b 21 4e 87 a1 cc ce 70 ce 63 fa a9 d5 90 59 3d  +!N....p.c....Y=

D (14600) mbedtls: ssl_tls12_client.c:2064 0x3ffb6124: 0030:  4b 95 b4 28 3d 35 55 e4 3e 72 85 f2 e9 65 0d 0b  K..(=5U.>r...e..

[mem-tick] t=   13069 ms phase=handshake    free=214444
D (14710) mbedtls: ssl_misc.h:1295 0x3ffb6124: handshake state: 4 (MBEDTLS_SSL_SERVER_KEY_EXCHANGE) -> 5 (MBEDTLS_SSL_CERTIFICATE_REQUEST)

I (14710) mbedtls: ssl_tls12_client.c:2118 0x3ffb6124: <= parse server key exchange

I (14710) mbedtls: ssl_msg.c:2063 0x3ffb6124: => flush output

I (14710) mbedtls: ssl_msg.c:2072 0x3ffb6124: <= flush output

I (14710) mbedtls: ssl_tls.c:4201 0x3ffb6124: client state: MBEDTLS_SSL_CERTIFICATE_REQUEST

I (14710) mbedtls: ssl_tls12_client.c:2157 0x3ffb6124: => parse certificate request

I (14710) mbedtls: ssl_msg.c:4040 0x3ffb6124: => read record

I (14710) mbedtls: ssl_msg.c:1865 0x3ffb6124: => fetch input

I (14710) mbedtls: ssl_msg.c:2005 0x3ffb6124: in_left: 0, nb_want: 5

I (14710) mbedtls: ssl_msg.c:2025 0x3ffb6124: in_left: 0, nb_want: 5

I (14710) mbedtls: ssl_msg.c:2028 0x3ffb6124: ssl->f_recv(_timeout)() returned 5 (-0xfffffffb)

I (14710) mbedtls: ssl_msg.c:2050 0x3ffb6124: <= fetch input

D (14710) mbedtls: ssl_msg.c:3707 0x3ffb6124: input record: msgtype = 22, version = [0x303], msglen = 4

I (14710) mbedtls: ssl_msg.c:1865 0x3ffb6124: => fetch input

I (14710) mbedtls: ssl_msg.c:2005 0x3ffb6124: in_left: 5, nb_want: 9

I (14710) mbedtls: ssl_msg.c:2025 0x3ffb6124: in_left: 5, nb_want: 9

I (14710) mbedtls: ssl_msg.c:2028 0x3ffb6124: ssl->f_recv(_timeout)() returned 4 (-0xfffffffc)

I (14710) mbedtls: ssl_msg.c:2050 0x3ffb6124: <= fetch input

D (14710) mbedtls: ssl_msg.c:2948 0x3ffb6124: handshake message: msglen = 4, type = 14, hslen = 4

D (14710) mbedtls: ssl_msg.c:3085 0x3ffb6124: sole handshake fragment: 4, 0..4 of 4

I (14710) mbedtls: ssl_msg.c:4112 0x3ffb6124: <= read record

D (14710) mbedtls: ssl_misc.h:1295 0x3ffb6124: handshake state: 5 (MBEDTLS_SSL_CERTIFICATE_REQUEST) -> 6 (MBEDTLS_SSL_SERVER_HELLO_DONE)

D (14710) mbedtls: ssl_tls12_client.c:2183 0x3ffb6124: got no certificate request

I (14710) mbedtls: ssl_tls12_client.c:2319 0x3ffb6124: <= parse certificate request

I (14710) mbedtls: ssl_msg.c:2063 0x3ffb6124: => flush output

I (14710) mbedtls: ssl_msg.c:2072 0x3ffb6124: <= flush output

I (14710) mbedtls: ssl_tls.c:4201 0x3ffb6124: client state: MBEDTLS_SSL_SERVER_HELLO_DONE

I (14710) mbedtls: ssl_tls12_client.c:2330 0x3ffb6124: => parse server hello done

I (14710) mbedtls: ssl_msg.c:4040 0x3ffb6124: => read record

I (14710) mbedtls: ssl_msg.c:4108 0x3ffb6124: reuse previously read message

I (14710) mbedtls: ssl_msg.c:4112 0x3ffb6124: <= read record

D (14710) mbedtls: ssl_misc.h:1295 0x3ffb6124: handshake state: 6 (MBEDTLS_SSL_SERVER_HELLO_DONE) -> 7 (MBEDTLS_SSL_CLIENT_CERTIFICATE)

I (14710) mbedtls: ssl_tls12_client.c:2358 0x3ffb6124: <= parse server hello done

I (14710) mbedtls: ssl_msg.c:2063 0x3ffb6124: => flush output

I (14710) mbedtls: ssl_msg.c:2072 0x3ffb6124: <= flush output

I (14710) mbedtls: ssl_tls.c:4201 0x3ffb6124: client state: MBEDTLS_SSL_CLIENT_CERTIFICATE

I (14710) mbedtls: ssl_tls.c:6675 0x3ffb6124: => write certificate

I (14710) mbedtls: ssl_tls.c:6686 0x3ffb6124: <= skip write certificate

D (14710) mbedtls: ssl_misc.h:1295 0x3ffb6124: handshake state: 7 (MBEDTLS_SSL_CLIENT_CERTIFICATE) -> 8 (MBEDTLS_SSL_CLIENT_KEY_EXCHANGE)

I (14710) mbedtls: ssl_msg.c:2063 0x3ffb6124: => flush output

I (14710) mbedtls: ssl_msg.c:2072 0x3ffb6124: <= flush output

I (14710) mbedtls: ssl_tls.c:4201 0x3ffb6124: client state: MBEDTLS_SSL_CLIENT_KEY_EXCHANGE

I (14710) mbedtls: ssl_tls12_client.c:2373 0x3ffb6124: => write client key exchange

D (14710) mbedtls: ssl_tls12_client.c:2387 0x3ffb6124: Perform PSA-based ECDH computation.

[mem-tick] t=   13169 ms phase=handshake    free=217016
[mem-tick] t=   13269 ms phase=handshake    free=216532
D (14850) mbedtls: ssl_misc.h:1295 0x3ffb6124: handshake state: 8 (MBEDTLS_SSL_CLIENT_KEY_EXCHANGE) -> 9 (MBEDTLS_SSL_CERTIFICATE_VERIFY)

I (14850) mbedtls: ssl_msg.c:2494 0x3ffb6124: => write handshake message

I (14850) mbedtls: ssl_msg.c:2654 0x3ffb6124: => write record

D (14850) mbedtls: ssl_msg.c:2737 0x3ffb6124: output record: msgtype = 22, version = [3:3], msglen = 37

I (14850) mbedtls: ssl_msg.c:2063 0x3ffb6124: => flush output

I (14850) mbedtls: ssl_msg.c:2077 0x3ffb6124: message length: 42, out_left: 42

I (14850) mbedtls: ssl_msg.c:2084 0x3ffb6124: ssl->f_send() returned 42 (-0xffffffd6)

I (14850) mbedtls: ssl_msg.c:2111 0x3ffb6124: <= flush output

I (14850) mbedtls: ssl_msg.c:2790 0x3ffb6124: <= write record

I (14850) mbedtls: ssl_msg.c:2615 0x3ffb6124: <= write handshake message

I (14850) mbedtls: ssl_tls12_client.c:2653 0x3ffb6124: <= write client key exchange

I (14850) mbedtls: ssl_msg.c:2063 0x3ffb6124: => flush output

I (14850) mbedtls: ssl_msg.c:2072 0x3ffb6124: <= flush output

I (14850) mbedtls: ssl_tls.c:4201 0x3ffb6124: client state: MBEDTLS_SSL_CERTIFICATE_VERIFY

I (14850) mbedtls: ssl_tls12_client.c:2701 0x3ffb6124: => write certificate verify

I (14850) mbedtls: ssl_tls.c:6466 0x3ffb6124: => derive keys

I (14850) mbedtls: ssl_tls.c:6557 0x3ffb6124: => PSA calc verify

D (14850) mbedtls: ssl_tls.c:6568 0x3ffb6124: dumping 'PSA calculated verify result' (48 bytes)

D (14850) mbedtls: ssl_tls.c:6568 0x3ffb6124: 0000:  6e 33 01 a1 0c 6d 86 c5 da 6c 5a 6f 31 af 28 6e  n3...m...lZo1.(n

D (14850) mbedtls: ssl_tls.c:6568 0x3ffb6124: 0010:  44 2a 76 d0 2f f5 47 07 d9 84 25 a3 46 f4 3f 70  D*v./.G...%.F.?p

D (14850) mbedtls: ssl_tls.c:6568 0x3ffb6124: 0020:  0b fd 0b 5d af cc 2b 2e ae 90 ba 20 a2 b9 04 45  ...]..+.... ...E

I (14850) mbedtls: ssl_tls.c:6569 0x3ffb6124: <= PSA calc verify

D (14850) mbedtls: ssl_tls.c:6308 0x3ffb6124: dumping 'session hash for extended master secret' (48 bytes)

D (14850) mbedtls: ssl_tls.c:6308 0x3ffb6124: 0000:  6e 33 01 a1 0c 6d 86 c5 da 6c 5a 6f 31 af 28 6e  n3...m...lZo1.(n

D (14850) mbedtls: ssl_tls.c:6308 0x3ffb6124: 0010:  44 2a 76 d0 2f f5 47 07 d9 84 25 a3 46 f4 3f 70  D*v./.G...%.F.?p

D (14850) mbedtls: ssl_tls.c:6308 0x3ffb6124: 0020:  0b fd 0b 5d af cc 2b 2e ae 90 ba 20 a2 b9 04 45  ...]..+.... ...E

D (14850) mbedtls: ssl_tls.c:6449 0x3ffb6124: dumping 'premaster secret' (32 bytes)

D (14850) mbedtls: ssl_tls.c:6449 0x3ffb6124: 0000:  cc d2 88 8d 94 de 0e 95 8b 05 73 a2 72 cd f3 40  ..........s.r..@

D (14850) mbedtls: ssl_tls.c:6449 0x3ffb6124: 0010:  5c 0d 39 11 3b b1 5b e2 ea 4b 5b 70 90 39 ff 79  \.9.;.[..K[p.9.y

D (14850) mbedtls: ssl_tls.c:7762 0x3ffb6124: ciphersuite = TLS-ECDHE-ECDSA-WITH-AES-256-GCM-SHA384

D (14850) mbedtls: ssl_tls.c:7764 0x3ffb6124: dumping 'master secret' (48 bytes)

D (14850) mbedtls: ssl_tls.c:7764 0x3ffb6124: 0000:  db 92 0b 82 18 10 28 55 19 9d c1 21 83 b6 70 cf  ......(U...!..p.

D (14850) mbedtls: ssl_tls.c:7764 0x3ffb6124: 0010:  37 29 c4 b9 dc b5 c4 c1 37 71 47 ff 8c 22 57 d6  7)......7qG.."W.

D (14860) mbedtls: ssl_tls.c:7764 0x3ffb6124: 0020:  18 75 dc a2 9c 2d 58 36 5e 98 8c 2d 65 25 e2 97  .u...-X6^..-e%..

D (14860) mbedtls: ssl_tls.c:7855 0x3ffb6124: keylen: 32, minlen: 24, ivlen: 12, maclen: 0

I (14860) mbedtls: ssl_tls.c:6517 0x3ffb6124: <= derive keys

I (14860) mbedtls: ssl_tls12_client.c:2723 0x3ffb6124: <= skip write certificate verify

D (14860) mbedtls: ssl_misc.h:1295 0x3ffb6124: handshake state: 9 (MBEDTLS_SSL_CERTIFICATE_VERIFY) -> 10 (MBEDTLS_SSL_CLIENT_CHANGE_CIPHER_SPEC)

I (14860) mbedtls: ssl_msg.c:2063 0x3ffb6124: => flush output

I (14860) mbedtls: ssl_msg.c:2072 0x3ffb6124: <= flush output

I (14860) mbedtls: ssl_tls.c:4201 0x3ffb6124: client state: MBEDTLS_SSL_CLIENT_CHANGE_CIPHER_SPEC

I (14860) mbedtls: ssl_msg.c:5087 0x3ffb6124: => write change cipher spec

D (14860) mbedtls: ssl_misc.h:1295 0x3ffb6124: handshake state: 10 (MBEDTLS_SSL_CLIENT_CHANGE_CIPHER_SPEC) -> 11 (MBEDTLS_SSL_CLIENT_FINISHED)

I (14860) mbedtls: ssl_msg.c:2494 0x3ffb6124: => write handshake message

I (14860) mbedtls: ssl_msg.c:2654 0x3ffb6124: => write record

D (14860) mbedtls: ssl_msg.c:2737 0x3ffb6124: output record: msgtype = 20, version = [3:3], msglen = 1

I (14860) mbedtls: ssl_msg.c:2063 0x3ffb6124: => flush output

I (14860) mbedtls: ssl_msg.c:2077 0x3ffb6124: message length: 6, out_left: 6

I (14860) mbedtls: ssl_msg.c:2084 0x3ffb6124: ssl->f_send() returned 6 (-0xfffffffa)

I (14860) mbedtls: ssl_msg.c:2111 0x3ffb6124: <= flush output

I (14860) mbedtls: ssl_msg.c:2790 0x3ffb6124: <= write record

I (14860) mbedtls: ssl_msg.c:2615 0x3ffb6124: <= write handshake message

I (14860) mbedtls: ssl_msg.c:5100 0x3ffb6124: <= write change cipher spec

I (14860) mbedtls: ssl_msg.c:2063 0x3ffb6124: => flush output

I (14860) mbedtls: ssl_msg.c:2072 0x3ffb6124: <= flush output

I (14860) mbedtls: ssl_tls.c:4201 0x3ffb6124: client state: MBEDTLS_SSL_CLIENT_FINISHED

I (14860) mbedtls: ssl_tls.c:7384 0x3ffb6124: => write finished

I (14860) mbedtls: ssl_tls.c:7235 0x3ffb6124: => calc PSA finished tls

D (14860) mbedtls: ssl_tls.c:7246 0x3ffb6124: dumping 'PSA calculated padbuf' (48 bytes)

D (14860) mbedtls: ssl_tls.c:7246 0x3ffb6124: 0000:  6e 33 01 a1 0c 6d 86 c5 da 6c 5a 6f 31 af 28 6e  n3...m...lZo1.(n

D (14860) mbedtls: ssl_tls.c:7246 0x3ffb6124: 0010:  44 2a 76 d0 2f f5 47 07 d9 84 25 a3 46 f4 3f 70  D*v./.G...%.F.?p

D (14860) mbedtls: ssl_tls.c:7246 0x3ffb6124: 0020:  0b fd 0b 5d af cc 2b 2e ae 90 ba 20 a2 b9 04 45  ...]..+.... ...E

D (14860) mbedtls: ssl_tls.c:7258 0x3ffb6124: dumping 'calc finished result' (12 bytes)

D (14860) mbedtls: ssl_tls.c:7258 0x3ffb6124: 0000:  7a ec 1d 26 e9 31 03 81 34 30 24 a5              z..&.1..40$.

I (14860) mbedtls: ssl_tls.c:7262 0x3ffb6124: <= calc finished

D (14860) mbedtls: ssl_misc.h:1295 0x3ffb6124: handshake state: 11 (MBEDTLS_SSL_CLIENT_FINISHED) -> 12 (MBEDTLS_SSL_SERVER_CHANGE_CIPHER_SPEC)

D (14860) mbedtls: ssl_tls.c:7434 0x3ffb6124: switching to new transform spec for outbound data

I (14860) mbedtls: ssl_msg.c:2494 0x3ffb6124: => write handshake message

I (14860) mbedtls: ssl_msg.c:2654 0x3ffb6124: => write record

I (14860) mbedtls: ssl_msg.c:808 0x3ffb6124: => encrypt buf

D (14860) mbedtls: ssl_msg.c:1036 0x3ffb6124: before encrypt: msglen = 16, including 0 bytes of padding

I (14860) mbedtls: ssl_msg.c:1265 0x3ffb6124: <= encrypt buf

D (14860) mbedtls: ssl_msg.c:2737 0x3ffb6124: output record: msgtype = 22, version = [3:3], msglen = 40

I (14860) mbedtls: ssl_msg.c:2063 0x3ffb6124: => flush output

I (14860) mbedtls: ssl_msg.c:2077 0x3ffb6124: message length: 45, out_left: 45

I (14860) mbedtls: ssl_msg.c:2084 0x3ffb6124: ssl->f_send() returned 45 (-0xffffffd3)

I (14870) mbedtls: ssl_msg.c:2111 0x3ffb6124: <= flush output

I (14870) mbedtls: ssl_msg.c:2790 0x3ffb6124: <= write record

I (14870) mbedtls: ssl_msg.c:2615 0x3ffb6124: <= write handshake message

I (14870) mbedtls: ssl_tls.c:7487 0x3ffb6124: <= write finished

I (14870) mbedtls: ssl_msg.c:2063 0x3ffb6124: => flush output

I (14870) mbedtls: ssl_msg.c:2072 0x3ffb6124: <= flush output

I (14870) mbedtls: ssl_tls.c:4201 0x3ffb6124: client state: MBEDTLS_SSL_SERVER_CHANGE_CIPHER_SPEC

D (14870) mbedtls: ssl_misc.h:1295 0x3ffb6124: handshake state: 12 (MBEDTLS_SSL_SERVER_CHANGE_CIPHER_SPEC) -> 16 (MBEDTLS_SSL_NEW_SESSION_TICKET)

I (14870) mbedtls: ssl_tls12_client.c:2829 0x3ffb6124: => parse new session ticket

I (14870) mbedtls: ssl_msg.c:4040 0x3ffb6124: => read record

I (14870) mbedtls: ssl_msg.c:1865 0x3ffb6124: => fetch input

I (14870) mbedtls: ssl_msg.c:2005 0x3ffb6124: in_left: 0, nb_want: 5

I (14870) mbedtls: ssl_msg.c:2025 0x3ffb6124: in_left: 0, nb_want: 5

I (14870) mbedtls: ssl_msg.c:2028 0x3ffb6124: ssl->f_recv(_timeout)() returned 5 (-0xfffffffb)

I (14870) mbedtls: ssl_msg.c:2050 0x3ffb6124: <= fetch input

D (14870) mbedtls: ssl_msg.c:3707 0x3ffb6124: input record: msgtype = 22, version = [0x303], msglen = 186

I (14870) mbedtls: ssl_msg.c:1865 0x3ffb6124: => fetch input

I (14870) mbedtls: ssl_msg.c:2005 0x3ffb6124: in_left: 5, nb_want: 191

I (14870) mbedtls: ssl_msg.c:2025 0x3ffb6124: in_left: 5, nb_want: 191

I (14870) mbedtls: ssl_msg.c:2028 0x3ffb6124: ssl->f_recv(_timeout)() returned 186 (-0xffffff46)

I (14870) mbedtls: ssl_msg.c:2050 0x3ffb6124: <= fetch input

D (14870) mbedtls: ssl_msg.c:2948 0x3ffb6124: handshake message: msglen = 186, type = 4, hslen = 186

D (14870) mbedtls: ssl_msg.c:3085 0x3ffb6124: sole handshake fragment: 186, 0..186 of 186

I (14870) mbedtls: ssl_msg.c:4112 0x3ffb6124: <= read record

D (14870) mbedtls: ssl_tls12_client.c:2876 0x3ffb6124: ticket length: 176

D (14870) mbedtls: ssl_misc.h:1295 0x3ffb6124: handshake state: 16 (MBEDTLS_SSL_NEW_SESSION_TICKET) -> 12 (MBEDTLS_SSL_SERVER_CHANGE_CIPHER_SPEC)

D (14870) mbedtls: ssl_tls12_client.c:2920 0x3ffb6124: ticket in use, discarding session id

I (14870) mbedtls: ssl_tls12_client.c:2923 0x3ffb6124: <= parse new session ticket

I (14870) mbedtls: ssl_msg.c:2063 0x3ffb6124: => flush output

I (14870) mbedtls: ssl_msg.c:2072 0x3ffb6124: <= flush output

I (14870) mbedtls: ssl_tls.c:4201 0x3ffb6124: client state: MBEDTLS_SSL_SERVER_CHANGE_CIPHER_SPEC

I (14870) mbedtls: ssl_msg.c:5109 0x3ffb6124: => parse change cipher spec

I (14870) mbedtls: ssl_msg.c:4040 0x3ffb6124: => read record

I (14870) mbedtls: ssl_msg.c:1865 0x3ffb6124: => fetch input

I (14870) mbedtls: ssl_msg.c:2005 0x3ffb6124: in_left: 0, nb_want: 5

I (14870) mbedtls: ssl_msg.c:2025 0x3ffb6124: in_left: 0, nb_want: 5

I (14870) mbedtls: ssl_msg.c:2028 0x3ffb6124: ssl->f_recv(_timeout)() returned 5 (-0xfffffffb)

I (14870) mbedtls: ssl_msg.c:2050 0x3ffb6124: <= fetch input

D (14870) mbedtls: ssl_msg.c:3707 0x3ffb6124: input record: msgtype = 20, version = [0x303], msglen = 1

I (14870) mbedtls: ssl_msg.c:1865 0x3ffb6124: => fetch input

I (14870) mbedtls: ssl_msg.c:2005 0x3ffb6124: in_left: 5, nb_want: 6

I (14870) mbedtls: ssl_msg.c:2025 0x3ffb6124: in_left: 5, nb_want: 6

I (14870) mbedtls: ssl_msg.c:2028 0x3ffb6124: ssl->f_recv(_timeout)() returned 1 (-0xffffffff)

I (14870) mbedtls: ssl_msg.c:2050 0x3ffb6124: <= fetch input

I (14870) mbedtls: ssl_msg.c:4112 0x3ffb6124: <= read record

D (14870) mbedtls: ssl_msg.c:5130 0x3ffb6124: switching to new transform spec for inbound data

D (14870) mbedtls: ssl_misc.h:1295 0x3ffb6124: handshake state: 12 (MBEDTLS_SSL_SERVER_CHANGE_CIPHER_SPEC) -> 13 (MBEDTLS_SSL_SERVER_FINISHED)

I (14880) mbedtls: ssl_msg.c:5157 0x3ffb6124: <= parse change cipher spec

I (14880) mbedtls: ssl_msg.c:2063 0x3ffb6124: => flush output

I (14880) mbedtls: ssl_msg.c:2072 0x3ffb6124: <= flush output

I (14880) mbedtls: ssl_tls.c:4201 0x3ffb6124: client state: MBEDTLS_SSL_SERVER_FINISHED

I (14880) mbedtls: ssl_tls.c:7500 0x3ffb6124: => parse finished

I (14880) mbedtls: ssl_tls.c:7235 0x3ffb6124: => calc PSA finished tls

D (14880) mbedtls: ssl_tls.c:7246 0x3ffb6124: dumping 'PSA calculated padbuf' (48 bytes)

D (14880) mbedtls: ssl_tls.c:7246 0x3ffb6124: 0000:  ba a9 09 52 34 eb 17 be 02 61 2f 1d 45 9a 89 c6  ...R4....a/.E...

D (14880) mbedtls: ssl_tls.c:7246 0x3ffb6124: 0010:  a5 0d d8 b5 1b f3 00 84 47 dd 89 09 7c bc 5a 64  ........G...|.Zd

D (14880) mbedtls: ssl_tls.c:7246 0x3ffb6124: 0020:  69 51 12 93 fc 00 26 d0 46 c6 3f 64 f7 98 37 1d  iQ....&.F.?d..7.

D (14880) mbedtls: ssl_tls.c:7258 0x3ffb6124: dumping 'calc finished result' (12 bytes)

D (14880) mbedtls: ssl_tls.c:7258 0x3ffb6124: 0000:  70 90 a9 c7 23 41 89 29 e9 d6 6c 23              p...#A.)..l#

I (14880) mbedtls: ssl_tls.c:7262 0x3ffb6124: <= calc finished

I (14880) mbedtls: ssl_msg.c:4040 0x3ffb6124: => read record

I (14880) mbedtls: ssl_msg.c:1865 0x3ffb6124: => fetch input

I (14880) mbedtls: ssl_msg.c:2005 0x3ffb6124: in_left: 0, nb_want: 5

I (14880) mbedtls: ssl_msg.c:2025 0x3ffb6124: in_left: 0, nb_want: 5

I (14880) mbedtls: ssl_msg.c:2028 0x3ffb6124: ssl->f_recv(_timeout)() returned 5 (-0xfffffffb)

I (14880) mbedtls: ssl_msg.c:2050 0x3ffb6124: <= fetch input

D (14880) mbedtls: ssl_msg.c:3707 0x3ffb6124: input record: msgtype = 22, version = [0x303], msglen = 40

I (14880) mbedtls: ssl_msg.c:1865 0x3ffb6124: => fetch input

I (14880) mbedtls: ssl_msg.c:2005 0x3ffb6124: in_left: 5, nb_want: 45

I (14880) mbedtls: ssl_msg.c:2025 0x3ffb6124: in_left: 5, nb_want: 45

I (14880) mbedtls: ssl_msg.c:2028 0x3ffb6124: ssl->f_recv(_timeout)() returned 40 (-0xffffffd8)

I (14880) mbedtls: ssl_msg.c:2050 0x3ffb6124: <= fetch input

I (14880) mbedtls: ssl_msg.c:1301 0x3ffb6124: => decrypt buf

I (14880) mbedtls: ssl_msg.c:1831 0x3ffb6124: <= decrypt buf

D (14880) mbedtls: ssl_msg.c:2948 0x3ffb6124: handshake message: msglen = 16, type = 20, hslen = 16

D (14880) mbedtls: ssl_msg.c:3085 0x3ffb6124: sole handshake fragment: 16, 0..16 of 16

I (14880) mbedtls: ssl_msg.c:4112 0x3ffb6124: <= read record

D (14880) mbedtls: ssl_misc.h:1295 0x3ffb6124: handshake state: 13 (MBEDTLS_SSL_SERVER_FINISHED) -> 14 (MBEDTLS_SSL_FLUSH_BUFFERS)

I (14880) mbedtls: ssl_tls.c:7571 0x3ffb6124: <= parse finished

I (14880) mbedtls: ssl_msg.c:2063 0x3ffb6124: => flush output

I (14880) mbedtls: ssl_msg.c:2072 0x3ffb6124: <= flush output

I (14880) mbedtls: ssl_tls.c:4201 0x3ffb6124: client state: MBEDTLS_SSL_FLUSH_BUFFERS

I (14880) mbedtls: ssl_tls12_client.c:3031 0x3ffb6124: handshake: done

D (14880) mbedtls: ssl_misc.h:1295 0x3ffb6124: handshake state: 14 (MBEDTLS_SSL_FLUSH_BUFFERS) -> 15 (MBEDTLS_SSL_HANDSHAKE_WRAPUP)

I (14880) mbedtls: ssl_msg.c:2063 0x3ffb6124: => flush output

I (14880) mbedtls: ssl_msg.c:2072 0x3ffb6124: <= flush output

I (14880) mbedtls: ssl_tls.c:4201 0x3ffb6124: client state: MBEDTLS_SSL_HANDSHAKE_WRAPUP

D (14880) mbedtls: ssl_tls.c:7322 0x3ffb6124: => handshake wrapup

D (14880) mbedtls: ssl_tls.c:7296 0x3ffb6124: => handshake wrapup: final free

D (14880) mbedtls: ssl_tls.c:7315 0x3ffb6124: <= handshake wrapup: final free

D (14880) mbedtls: ssl_misc.h:1295 0x3ffb6124: handshake state: 15 (MBEDTLS_SSL_HANDSHAKE_WRAPUP) -> 27 (MBEDTLS_SSL_HANDSHAKE_OVER)

D (14880) mbedtls: ssl_tls.c:7376 0x3ffb6124: <= handshake wrapup

I (14880) mbedtls: ssl_tls.c:4293 0x3ffb6124: <= handshake

[phase-a] tcp_connect=9780 us | tls_handshake=328945 us | total=338725 us
[neg] version=TLSv1.2 suite=TLS-ECDHE-ECDSA-WITH-AES-256-GCM-SHA384 peer_cert=0 bytes
[mem] post-handshake         free=220264 largest=110592 min-ever=210552
[ledger] HANDSHAKE_PEAK_DELTA(EC) = 0 bytes (min-ever 210552 -> 210552)
I (14890) mbedtls: ssl_msg.c:5925 0x3ffb6124: => write

I (14890) mbedtls: ssl_msg.c:2654 0x3ffb6124: => write record

I (14890) mbedtls: ssl_msg.c:808 0x3ffb6124: => encrypt buf

D (14890) mbedtls: ssl_msg.c:1036 0x3ffb6124: before encrypt: msglen = 13, including 0 bytes of padding

I (14890) mbedtls: ssl_msg.c:1265 0x3ffb6124: <= encrypt buf

D (14890) mbedtls: ssl_msg.c:2737 0x3ffb6124: output record: msgtype = 23, version = [3:3], msglen = 37

I (14890) mbedtls: ssl_msg.c:2063 0x3ffb6124: => flush output

I (14890) mbedtls: ssl_msg.c:2077 0x3ffb6124: message length: 42, out_left: 42

I (14890) mbedtls: ssl_msg.c:2084 0x3ffb6124: ssl->f_send() returned 42 (-0xffffffd6)

I (14890) mbedtls: ssl_msg.c:2111 0x3ffb6124: <= flush output

I (14890) mbedtls: ssl_msg.c:2790 0x3ffb6124: <= write record

I (14890) mbedtls: ssl_msg.c:5947 0x3ffb6124: <= write

I (14890) mbedtls: ssl_msg.c:5663 0x3ffb6124: => read

I (14890) mbedtls: ssl_msg.c:4040 0x3ffb6124: => read record

I (14890) mbedtls: ssl_msg.c:1865 0x3ffb6124: => fetch input

I (14890) mbedtls: ssl_msg.c:2005 0x3ffb6124: in_left: 0, nb_want: 5

[mem-tick] t=   13369 ms phase=session      free=220264
[mem-tick] t=   13469 ms phase=session      free=220264
[mem-tick] t=   13569 ms phase=session      free=220264
[mem-tick] t=   13669 ms phase=session      free=220264
[mem-tick] t=   13769 ms phase=session      free=220264
[mem-tick] t=   13869 ms phase=session      free=220264
[mem-tick] t=   13969 ms phase=session      free=220264
[mem-tick] t=   14069 ms phase=session      free=220264
[mem-tick] t=   14169 ms phase=session      free=220264
[mem-tick] t=   14269 ms phase=session      free=220264
[mem-tick] t=   14369 ms phase=session      free=220264
[mem-tick] t=   14469 ms phase=session      free=220264
[mem-tick] t=   14569 ms phase=session      free=220264
[mem-tick] t=   14669 ms phase=session      free=220264
[mem-tick] t=   14769 ms phase=session      free=220264
[mem-tick] t=   14869 ms phase=session      free=220264
[mem-tick] t=   14969 ms phase=session      free=220264
[mem-tick] t=   15069 ms phase=session      free=220264
[mem-tick] t=   15169 ms phase=session      free=220264
[mem-tick] t=   15269 ms phase=session      free=220264
[mem-tick] t=   15369 ms phase=session      free=220264
[mem-tick] t=   15469 ms phase=session      free=220264
[mem-tick] t=   15569 ms phase=session      free=220264
[mem-tick] t=   15669 ms phase=session      free=220264
[mem-tick] t=   15769 ms phase=session      free=220264
[mem-tick] t=   15869 ms phase=session      free=220264
[mem-tick] t=   15969 ms phase=session      free=220264
[mem-tick] t=   16069 ms phase=session      free=220264
[mem-tick] t=   16169 ms phase=session      free=220264
[mem-tick] t=   16269 ms phase=session      free=220264
[mem-tick] t=   16369 ms phase=session      free=220264
[mem-tick] t=   16469 ms phase=session      free=220264
[mem-tick] t=   16569 ms phase=session      free=220264
[mem-tick] t=   16669 ms phase=session      free=220264
[mem-tick] t=   16769 ms phase=session      free=220264
[mem-tick] t=   16869 ms phase=session      free=220264
[mem-tick] t=   16969 ms phase=session      free=220264
[mem-tick] t=   17069 ms phase=session      free=220264
[mem-tick] t=   17169 ms phase=session      free=220264
[mem-tick] t=   17269 ms phase=session      free=220264
[mem-tick] t=   17369 ms phase=session      free=220264
[mem-tick] t=   17469 ms phase=session      free=220264
[mem-tick] t=   17569 ms phase=session      free=220264
[mem-tick] t=   17669 ms phase=session      free=220264
[mem-tick] t=   17769 ms phase=session      free=220264
[mem-tick] t=   17869 ms phase=session      free=220264
[mem-tick] t=   17969 ms phase=session      free=220264
[mem-tick] t=   18069 ms phase=session      free=220264
[mem-tick] t=   18169 ms phase=session      free=220264
[mem-tick] t=   18269 ms phase=session      free=220264
[mem-tick] t=   18369 ms phase=session      free=220264
[mem-tick] t=   18469 ms phase=session      free=220264
[mem-tick] t=   18569 ms phase=session      free=220264
[mem-tick] t=   18669 ms phase=session      free=220264
[mem-tick] t=   18769 ms phase=session      free=220264
[mem-tick] t=   18869 ms phase=session      free=220264
[mem-tick] t=   18969 ms phase=session      free=220264
[mem-tick] t=   19069 ms phase=session      free=220264
[mem-tick] t=   19169 ms phase=session      free=220264
[mem-tick] t=   19269 ms phase=session      free=220264
[mem-tick] t=   19369 ms phase=session      free=220264
[mem-tick] t=   19469 ms phase=session      free=220264
[mem-tick] t=   19569 ms phase=session      free=220264
[mem-tick] t=   19669 ms phase=session      free=220264
[mem-tick] t=   19769 ms phase=session      free=220264
[mem-tick] t=   19869 ms phase=session      free=220264
[mem-tick] t=   19969 ms phase=session      free=220264
[mem-tick] t=   20069 ms phase=session      free=220264
[mem-tick] t=   20169 ms phase=session      free=220264
[mem-tick] t=   20269 ms phase=session      free=220264
[mem-tick] t=   20369 ms phase=session      free=220264
[mem-tick] t=   20469 ms phase=session      free=220264
[mem-tick] t=   20569 ms phase=session      free=220264
[mem-tick] t=   20669 ms phase=session      free=220264
[mem-tick] t=   20769 ms phase=session      free=220264
[mem-tick] t=   20869 ms phase=session      free=220264
[mem-tick] t=   20969 ms phase=session      free=220264
[mem-tick] t=   21069 ms phase=session      free=220264
[mem-tick] t=   21169 ms phase=session      free=220264
[mem-tick] t=   21269 ms phase=session      free=220264
[mem-tick] t=   21369 ms phase=session      free=220264
[mem-tick] t=   21469 ms phase=session      free=220264
[mem-tick] t=   21569 ms phase=session      free=220264
[mem-tick] t=   21669 ms phase=session      free=220264
[mem-tick] t=   21769 ms phase=session      free=220264
[mem-tick] t=   21869 ms phase=session      free=220264
[mem-tick] t=   21969 ms phase=session      free=220264
[mem-tick] t=   22069 ms phase=session      free=220264
[mem-tick] t=   22169 ms phase=session      free=220264
[mem-tick] t=   22269 ms phase=session      free=220264
[mem-tick] t=   22369 ms phase=session      free=220264
[mem-tick] t=   22469 ms phase=session      free=220264
[mem-tick] t=   22569 ms phase=session      free=220264
[mem-tick] t=   22669 ms phase=session      free=220264
[mem-tick] t=   22769 ms phase=session      free=220264
[mem-tick] t=   22869 ms phase=session      free=220264
[mem-tick] t=   22969 ms phase=session      free=220264
[mem-tick] t=   23069 ms phase=session      free=220264
[mem-tick] t=   23169 ms phase=session      free=220264
[mem-tick] t=   23269 ms phase=session      free=220264
I (24890) mbedtls: ssl_msg.c:2025 0x3ffb6124: in_left: 0, nb_want: 5

[echo] read r=-26880
[mem] post-session           free=220264 largest=110592 min-ever=210552
[mem-tick] t=   23369 ms phase=closing      free=246184
[mem-tick] t=   23469 ms phase=closing      free=246204
[mem-tick] t=   23569 ms phase=closing      free=246204
[mem-tick] t=   23669 ms phase=closing      free=246204
[mem-tick] t=   23769 ms phase=closing      free=246204
[ledger] CLOSED(EC): free now=246204, before-this-phase=246204, retained=0
[mem-tick] t=   23869 ms phase=EC-settled   free=246204
[mem-tick] t=   23969 ms phase=EC-settled   free=246204
[mem-tick] t=   24069 ms phase=EC-settled   free=246204
[mem-tick] t=   24169 ms phase=EC-settled   free=246204
[mem] settled                free=246204 largest=110592 min-ever=210552

===== PHASE D: throughput plain-vs-tls (3 rounds interleaved, 1024B x 2048 msgs each) =====
W (25790) esp-tls-mbedtls: skip_common_name=true: hostname matching and SNI disabled. This disables ALL server-name authentication (CN/SAN/SNI), not just CN. Only intended for loopback / debug clients.
D (25790) esp-tls: handshake in progress...
I (25790) mbedtls: ssl_tls.c:4282 0x3ffb6124: => handshake

I (25790) mbedtls: ssl_msg.c:2063 0x3ffb6124: => flush output

I (25790) mbedtls: ssl_msg.c:2072 0x3ffb6124: <= flush output

I (25790) mbedtls: ssl_tls.c:4201 0x3ffb6124: client state: MBEDTLS_SSL_HELLO_REQUEST

D (25790) mbedtls: ssl_misc.h:1295 0x3ffb6124: handshake state: 0 (MBEDTLS_SSL_HELLO_REQUEST) -> 1 (MBEDTLS_SSL_CLIENT_HELLO)

I (25790) mbedtls: ssl_msg.c:2063 0x3ffb6124: => flush output

I (25790) mbedtls: ssl_msg.c:2072 0x3ffb6124: <= flush output

I (25790) mbedtls: ssl_tls.c:4201 0x3ffb6124: client state: MBEDTLS_SSL_CLIENT_HELLO

I (25790) mbedtls: ssl_client.c:917 0x3ffb6124: => write client hello

D (25790) mbedtls: ssl_client.c:722 0x3ffb6124: client hello, current time: 24

D (25790) mbedtls: ssl_client.c:485 0x3ffb6124: dumping 'client hello, random bytes' (32 bytes)

D (25790) mbedtls: ssl_client.c:485 0x3ffb6124: 0000:  00 00 00 18 52 92 1c ba ec 8e cd 18 cc fc b7 f5  ....R...........

D (25790) mbedtls: ssl_client.c:485 0x3ffb6124: 0010:  88 98 7f f7 d2 e7 21 e7 76 bf f2 20 e0 28 24 36  ......!.v.. .($6

D (25790) mbedtls: ssl_client.c:510 0x3ffb6124: dumping 'session id' (0 bytes)

D (25790) mbedtls: ssl_client.c:368 0x3ffb6124: client hello, add ciphersuite: c02c, TLS-ECDHE-ECDSA-WITH-AES-256-GCM-SHA384

D (25790) mbedtls: ssl_client.c:368 0x3ffb6124: client hello, add ciphersuite: c030, TLS-ECDHE-RSA-WITH-AES-256-GCM-SHA384

D (25790) mbedtls: ssl_client.c:368 0x3ffb6124: client hello, add ciphersuite: c0ad, TLS-ECDHE-ECDSA-WITH-AES-256-CCM

D (25790) mbedtls: ssl_client.c:368 0x3ffb6124: client hello, add ciphersuite: c024, TLS-ECDHE-ECDSA-WITH-AES-256-CBC-SHA384

D (25790) mbedtls: ssl_client.c:368 0x3ffb6124: client hello, add ciphersuite: c028, TLS-ECDHE-RSA-WITH-AES-256-CBC-SHA384

D (25790) mbedtls: ssl_client.c:368 0x3ffb6124: client hello, add ciphersuite: c00a, TLS-ECDHE-ECDSA-WITH-AES-256-CBC-SHA

D (25790) mbedtls: ssl_client.c:368 0x3ffb6124: client hello, add ciphersuite: c014, TLS-ECDHE-RSA-WITH-AES-256-CBC-SHA

D (25790) mbedtls: ssl_client.c:368 0x3ffb6124: client hello, add ciphersuite: c0af, TLS-ECDHE-ECDSA-WITH-AES-256-CCM-8

D (25790) mbedtls: ssl_client.c:368 0x3ffb6124: client hello, add ciphersuite: c02b, TLS-ECDHE-ECDSA-WITH-AES-128-GCM-SHA256

D (25790) mbedtls: ssl_client.c:368 0x3ffb6124: client hello, add ciphersuite: c02f, TLS-ECDHE-RSA-WITH-AES-128-GCM-SHA256

D (25790) mbedtls: ssl_client.c:368 0x3ffb6124: client hello, add ciphersuite: c0ac, TLS-ECDHE-ECDSA-WITH-AES-128-CCM

D (25790) mbedtls: ssl_client.c:368 0x3ffb6124: client hello, add ciphersuite: c023, TLS-ECDHE-ECDSA-WITH-AES-128-CBC-SHA256

D (25790) mbedtls: ssl_client.c:368 0x3ffb6124: client hello, add ciphersuite: c027, TLS-ECDHE-RSA-WITH-AES-128-CBC-SHA256

D (25790) mbedtls: ssl_client.c:368 0x3ffb6124: client hello, add ciphersuite: c009, TLS-ECDHE-ECDSA-WITH-AES-128-CBC-SHA

D (25790) mbedtls: ssl_client.c:368 0x3ffb6124: client hello, add ciphersuite: c013, TLS-ECDHE-RSA-WITH-AES-128-CBC-SHA

D (25790) mbedtls: ssl_client.c:368 0x3ffb6124: client hello, add ciphersuite: c0ae, TLS-ECDHE-ECDSA-WITH-AES-128-CCM-8

D (25790) mbedtls: ssl_client.c:386 0x3ffb6124: adding EMPTY_RENEGOTIATION_INFO_SCSV

D (25790) mbedtls: ssl_client.c:395 0x3ffb6124: client hello, got 17 cipher suites

D (25790) mbedtls: ssl_client.c:229 0x3ffb6124: client hello, adding supported_groups extension

D (25790) mbedtls: ssl_client.c:248 0x3ffb6124: got supported group(001d)

D (25800) mbedtls: ssl_client.c:280 0x3ffb6124: NamedGroup: x25519 ( 1d )

D (25800) mbedtls: ssl_client.c:248 0x3ffb6124: got supported group(0017)

D (25800) mbedtls: ssl_client.c:280 0x3ffb6124: NamedGroup: secp256r1 ( 17 )

D (25800) mbedtls: ssl_client.c:248 0x3ffb6124: got supported group(0018)

D (25800) mbedtls: ssl_client.c:280 0x3ffb6124: NamedGroup: secp384r1 ( 18 )

D (25800) mbedtls: ssl_client.c:248 0x3ffb6124: got supported group(001e)

D (25800) mbedtls: ssl_client.c:280 0x3ffb6124: NamedGroup: x448 ( 1e )

D (25800) mbedtls: ssl_client.c:248 0x3ffb6124: got supported group(0019)

D (25800) mbedtls: ssl_client.c:280 0x3ffb6124: NamedGroup: secp521r1 ( 19 )

D (25800) mbedtls: ssl_client.c:248 0x3ffb6124: got supported group(001a)

D (25800) mbedtls: ssl_client.c:280 0x3ffb6124: NamedGroup: bp256r1 ( 1a )

D (25800) mbedtls: ssl_client.c:248 0x3ffb6124: got supported group(001b)

D (25800) mbedtls: ssl_client.c:280 0x3ffb6124: NamedGroup: bp384r1 ( 1b )

D (25800) mbedtls: ssl_client.c:248 0x3ffb6124: got supported group(001c)

D (25800) mbedtls: ssl_client.c:280 0x3ffb6124: NamedGroup: bp512r1 ( 1c )

D (25800) mbedtls: ssl_client.c:248 0x3ffb6124: got supported group(0100)

D (25800) mbedtls: ssl_client.c:248 0x3ffb6124: got supported group(0101)

D (25800) mbedtls: ssl_client.c:248 0x3ffb6124: got supported group(0102)

D (25800) mbedtls: ssl_client.c:248 0x3ffb6124: got supported group(0103)

D (25800) mbedtls: ssl_client.c:248 0x3ffb6124: got supported group(0104)

D (25800) mbedtls: ssl_client.c:300 0x3ffb6124: dumping 'Supported groups extension' (18 bytes)

D (25800) mbedtls: ssl_client.c:300 0x3ffb6124: 0000:  00 10 00 1d 00 17 00 18 00 1e 00 19 00 1a 00 1b  ................

D (25800) mbedtls: ssl_client.c:300 0x3ffb6124: 0010:  00 1c                                            ..

D (25800) mbedtls: ssl_tls.c:8276 0x3ffb6124: adding signature_algorithms extension

D (25800) mbedtls: ssl_tls.c:8296 0x3ffb6124: got signature scheme [603] ecdsa_secp521r1_sha512

D (25800) mbedtls: ssl_tls.c:8305 0x3ffb6124: sent signature scheme [603] ecdsa_secp521r1_sha512

D (25800) mbedtls: ssl_tls.c:8296 0x3ffb6124: got signature scheme [806] rsa_pss_rsae_sha512

D (25800) mbedtls: ssl_tls.c:8296 0x3ffb6124: got signature scheme [601] rsa_pkcs1_sha512

D (25800) mbedtls: ssl_tls.c:8305 0x3ffb6124: sent signature scheme [601] rsa_pkcs1_sha512

D (25800) mbedtls: ssl_tls.c:8296 0x3ffb6124: got signature scheme [503] ecdsa_secp384r1_sha384

D (25800) mbedtls: ssl_tls.c:8305 0x3ffb6124: sent signature scheme [503] ecdsa_secp384r1_sha384

D (25800) mbedtls: ssl_tls.c:8296 0x3ffb6124: got signature scheme [805] rsa_pss_rsae_sha384

D (25800) mbedtls: ssl_tls.c:8296 0x3ffb6124: got signature scheme [501] rsa_pkcs1_sha384

D (25800) mbedtls: ssl_tls.c:8305 0x3ffb6124: sent signature scheme [501] rsa_pkcs1_sha384

D (25800) mbedtls: ssl_tls.c:8296 0x3ffb6124: got signature scheme [403] ecdsa_secp256r1_sha256

D (25800) mbedtls: ssl_tls.c:8305 0x3ffb6124: sent signature scheme [403] ecdsa_secp256r1_sha256

D (25800) mbedtls: ssl_tls.c:8296 0x3ffb6124: got signature scheme [804] rsa_pss_rsae_sha256

D (25800) mbedtls: ssl_tls.c:8296 0x3ffb6124: got signature scheme [401] rsa_pkcs1_sha256

D (25800) mbedtls: ssl_tls.c:8305 0x3ffb6124: sent signature scheme [401] rsa_pkcs1_sha256

D (25800) mbedtls: ssl_tls12_client.c:103 0x3ffb6124: client hello, adding supported_point_formats extension

D (25800) mbedtls: ssl_tls12_client.c:287 0x3ffb6124: client hello, adding encrypt_then_mac extension

D (25800) mbedtls: ssl_tls12_client.c:319 0x3ffb6124: client hello, adding extended_master_secret extension

D (25800) mbedtls: ssl_tls12_client.c:352 0x3ffb6124: client hello, adding session ticket extension

D (25800) mbedtls: ssl_client.c:687 0x3ffb6124: client hello, total extension length: 58

D (25800) mbedtls: ssl_client.c:689 0x3ffb6124: dumping 'client hello extensions' (58 bytes)

D (25800) mbedtls: ssl_client.c:689 0x3ffb6124: 0000:  00 3a 00 0a 00 12 00 10 00 1d 00 17 00 18 00 1e  .:..............

D (25800) mbedtls: ssl_client.c:689 0x3ffb6124: 0010:  00 19 00 1a 00 1b 00 1c 00 0d 00 0e 00 0c 06 03  ................

D (25800) mbedtls: ssl_client.c:689 0x3ffb6124: 0020:  06 01 05 03 05 01 04 03 04 01 00 0b 00 02 01 00  ................

D (25800) mbedtls: ssl_client.c:689 0x3ffb6124: 0030:  00 16 00 00 00 17 00 00 00 23                    .........#

I (25800) mbedtls: ssl_msg.c:2494 0x3ffb6124: => write handshake message

I (25800) mbedtls: ssl_msg.c:2654 0x3ffb6124: => write record

D (25800) mbedtls: ssl_msg.c:2737 0x3ffb6124: output record: msgtype = 22, version = [3:3], msglen = 137

I (25800) mbedtls: ssl_msg.c:2790 0x3ffb6124: <= write record

I (25800) mbedtls: ssl_msg.c:2615 0x3ffb6124: <= write handshake message

D (25800) mbedtls: ssl_misc.h:1295 0x3ffb6124: handshake state: 1 (MBEDTLS_SSL_CLIENT_HELLO) -> 2 (MBEDTLS_SSL_SERVER_HELLO)

I (25800) mbedtls: ssl_client.c:1010 0x3ffb6124: <= write client hello

I (25800) mbedtls: ssl_msg.c:2063 0x3ffb6124: => flush output

I (25800) mbedtls: ssl_msg.c:2077 0x3ffb6124: message length: 142, out_left: 142

I (25800) mbedtls: ssl_msg.c:2084 0x3ffb6124: ssl->f_send() returned 142 (-0xffffff72)

I (25800) mbedtls: ssl_msg.c:2111 0x3ffb6124: <= flush output

I (25800) mbedtls: ssl_tls.c:4201 0x3ffb6124: client state: MBEDTLS_SSL_SERVER_HELLO

I (25800) mbedtls: ssl_tls12_client.c:1151 0x3ffb6124: => parse server hello

I (25800) mbedtls: ssl_msg.c:4040 0x3ffb6124: => read record

I (25810) mbedtls: ssl_msg.c:1865 0x3ffb6124: => fetch input

I (25810) mbedtls: ssl_msg.c:2005 0x3ffb6124: in_left: 0, nb_want: 5

I (25810) mbedtls: ssl_msg.c:2025 0x3ffb6124: in_left: 0, nb_want: 5

I (25810) mbedtls: ssl_msg.c:2028 0x3ffb6124: ssl->f_recv(_timeout)() returned 5 (-0xfffffffb)

I (25810) mbedtls: ssl_msg.c:2050 0x3ffb6124: <= fetch input

D (25810) mbedtls: ssl_msg.c:3707 0x3ffb6124: input record: msgtype = 22, version = [0x303], msglen = 65

I (25810) mbedtls: ssl_msg.c:1865 0x3ffb6124: => fetch input

I (25810) mbedtls: ssl_msg.c:2005 0x3ffb6124: in_left: 5, nb_want: 70

I (25810) mbedtls: ssl_msg.c:2025 0x3ffb6124: in_left: 5, nb_want: 70

I (25810) mbedtls: ssl_msg.c:2028 0x3ffb6124: ssl->f_recv(_timeout)() returned 65 (-0xffffffbf)

I (25810) mbedtls: ssl_msg.c:2050 0x3ffb6124: <= fetch input

D (25810) mbedtls: ssl_msg.c:2948 0x3ffb6124: handshake message: msglen = 65, type = 2, hslen = 65

D (25810) mbedtls: ssl_msg.c:3085 0x3ffb6124: sole handshake fragment: 65, 0..65 of 65

I (25810) mbedtls: ssl_msg.c:4112 0x3ffb6124: <= read record

D (25810) mbedtls: ssl_tls12_client.c:1225 0x3ffb6124: dumping 'server hello, version' (2 bytes)

D (25810) mbedtls: ssl_tls12_client.c:1225 0x3ffb6124: 0000:  03 03                                            ..

D (25810) mbedtls: ssl_tls12_client.c:1246 0x3ffb6124: server hello, current time: 1535982497

D (25810) mbedtls: ssl_tls12_client.c:1256 0x3ffb6124: dumping 'server hello, random bytes' (32 bytes)

D (25810) mbedtls: ssl_tls12_client.c:1256 0x3ffb6124: 0000:  5b 8d 3b a1 b5 48 0c 31 bb b1 11 a8 74 ba 85 5c  [.;..H.1....t..\

D (25810) mbedtls: ssl_tls12_client.c:1256 0x3ffb6124: 0010:  ec 67 c2 c2 68 cf b2 50 a2 fe 71 f0 d6 71 8f bd  .g..h..P..q..q..

D (25810) mbedtls: ssl_tls12_client.c:1318 0x3ffb6124: server hello, session id len.: 0

D (25810) mbedtls: ssl_tls12_client.c:1319 0x3ffb6124: dumping 'server hello, session id' (0 bytes)

D (25810) mbedtls: ssl_misc.h:1295 0x3ffb6124: handshake state: 2 (MBEDTLS_SSL_SERVER_HELLO) -> 3 (MBEDTLS_SSL_SERVER_CERTIFICATE)

D (25810) mbedtls: ssl_tls12_client.c:1343 0x3ffb6124: no session has been resumed

D (25810) mbedtls: ssl_tls12_client.c:1346 0x3ffb6124: server hello, chosen ciphersuite: c030

D (25810) mbedtls: ssl_tls12_client.c:1347 0x3ffb6124: server hello, compress alg.: 0

D (25810) mbedtls: ssl_tls12_client.c:1382 0x3ffb6124: server hello, chosen ciphersuite: TLS-ECDHE-RSA-WITH-AES-256-GCM-SHA384

I (25810) mbedtls: ssl_tls12_client.c:1403 0x3ffb6124: server hello, total extension length: 21

D (25810) mbedtls: ssl_tls12_client.c:1421 0x3ffb6124: found renegotiation extension

D (25810) mbedtls: ssl_tls12_client.c:1500 0x3ffb6124: found supported_point_formats extension

D (25810) mbedtls: ssl_tls12_client.c:1486 0x3ffb6124: found session_ticket extension

D (25810) mbedtls: ssl_tls12_client.c:1473 0x3ffb6124: found extended_master_secret extension

I (25810) mbedtls: ssl_tls12_client.c:1617 0x3ffb6124: <= parse server hello

I (25810) mbedtls: ssl_msg.c:2063 0x3ffb6124: => flush output

I (25810) mbedtls: ssl_msg.c:2072 0x3ffb6124: <= flush output

I (25810) mbedtls: ssl_tls.c:4201 0x3ffb6124: client state: MBEDTLS_SSL_SERVER_CERTIFICATE

I (25810) mbedtls: ssl_tls.c:7077 0x3ffb6124: => parse certificate

I (25810) mbedtls: ssl_msg.c:4040 0x3ffb6124: => read record

I (25810) mbedtls: ssl_msg.c:1865 0x3ffb6124: => fetch input

I (25810) mbedtls: ssl_msg.c:2005 0x3ffb6124: in_left: 0, nb_want: 5

I (25810) mbedtls: ssl_msg.c:2025 0x3ffb6124: in_left: 0, nb_want: 5

I (25810) mbedtls: ssl_msg.c:2028 0x3ffb6124: ssl->f_recv(_timeout)() returned 5 (-0xfffffffb)

I (25810) mbedtls: ssl_msg.c:2050 0x3ffb6124: <= fetch input

D (25810) mbedtls: ssl_msg.c:3707 0x3ffb6124: input record: msgtype = 22, version = [0x303], msglen = 791

I (25810) mbedtls: ssl_msg.c:1865 0x3ffb6124: => fetch input

I (25810) mbedtls: ssl_msg.c:2005 0x3ffb6124: in_left: 5, nb_want: 796

I (25810) mbedtls: ssl_msg.c:2025 0x3ffb6124: in_left: 5, nb_want: 796

I (25810) mbedtls: ssl_msg.c:2028 0x3ffb6124: ssl->f_recv(_timeout)() returned 791 (-0xfffffce9)

I (25810) mbedtls: ssl_msg.c:2050 0x3ffb6124: <= fetch input

D (25810) mbedtls: ssl_msg.c:2948 0x3ffb6124: handshake message: msglen = 791, type = 11, hslen = 791

D (25810) mbedtls: ssl_msg.c:3085 0x3ffb6124: sole handshake fragment: 791, 0..791 of 791

I (25810) mbedtls: ssl_msg.c:4112 0x3ffb6124: <= read record

D (25810) mbedtls: ssl_tls.c:6952 0x3ffb6124: peer certificate #1:

D (25810) mbedtls: ssl_tls.c:6952 0x3ffb6124: cert. version     : 3

D (25810) mbedtls: ssl_tls.c:6952 0x3ffb6124: serial number     : 77:66:A5:9D:AF:14:9E:F2:03:F7:3C:2B:1A:5C:81:86:F8:A3:4E:52

D (25810) mbedtls: ssl_tls.c:6952 0x3ffb6124: issuer name       : CN=localhost

D (25820) mbedtls: ssl_tls.c:6952 0x3ffb6124: subject name      : CN=localhost

D (25820) mbedtls: ssl_tls.c:6952 0x3ffb6124: issued  on        : 2026-08-26 20:20:30

D (25820) mbedtls: ssl_tls.c:6952 0x3ffb6124: expires on        : 2026-09-25 20:20:30

D (25820) mbedtls: ssl_tls.c:6952 0x3ffb6124: signed using      : RSA with SHA-256

D (25820) mbedtls: ssl_tls.c:6952 0x3ffb6124: RSA key size      : 2048 bits

D (25820) mbedtls: ssl_tls.c:6952 0x3ffb6124: basic constraints : CA=true

D (25820) mbedtls: ssl_tls.c:6952 0x3ffb6124: dumping 'crt->PK' (270 bytes)

D (25820) mbedtls: ssl_tls.c:6952 0x3ffb6124: 0000:  30 82 01 0a 02 82 01 01 00 dd 03 19 3e 8f 4a 05

D (25820) mbedtls: ssl_tls.c:6952 0x3ffb6124: 0010:  9c d6 74 e1 46 bc 40 7a 7e af 78 09 38 f6 d0 1c

D (25820) mbedtls: ssl_tls.c:6952 0x3ffb6124: 0020:  9d e4 2b 18 4c a1 87 f6 83 55 82 2d e0 21 fb b2

D (25820) mbedtls: ssl_tls.c:6952 0x3ffb6124: 0030:  00 2f 9b 98 36 24 73 47 a2 11 bb 50 05 1c 9e 40

D (25820) mbedtls: ssl_tls.c:6952 0x3ffb6124: 0040:  41 c9 de 81 7e a1 eb 82 48 35 d0 51 24 0d 22 bd

D (25820) mbedtls: ssl_tls.c:6952 0x3ffb6124: 0050:  7e c7 0b 60 74 e2 60 3e 76 de c1 3d b5 9f e9 d2

D (25820) mbedtls: ssl_tls.c:6952 0x3ffb6124: 0060:  ac 90 d3 84 2a 75 7c 41 8a 11 14 c8 bc 09 7b 9d

D (25820) mbedtls: ssl_tls.c:6952 0x3ffb6124: 0070:  45 54 95 c1 50 05 be f1 34 c0 05 55 f5 a2 b3 a8

D (25820) mbedtls: ssl_tls.c:6952 0x3ffb6124: 0080:  24 f6 ab 22 df 72 97 ef b5 8f e4 fe 49 be 4f c1

D (25820) mbedtls: ssl_tls.c:6952 0x3ffb6124: 0090:  08 e0 39 7a cd ba 74 2e d1 20 74 ad 6b 59 ab 86

D (25820) mbedtls: ssl_tls.c:6952 0x3ffb6124: 00a0:  5d 29 ab 81 f0 c1 22 3f 01 b9 0b a1 fb ee 70 9f

D (25820) mbedtls: ssl_tls.c:6952 0x3ffb6124: 00b0:  eb 29 5e 9f 1d 6a 0d dc 65 fd 5e 5d 38 0c 1a c3

D (25820) mbedtls: ssl_tls.c:6952 0x3ffb6124: 00c0:  ae b7 b7 2f 66 23 82 80 ab 7d 69 7c 8f 95 ab e8

D (25820) mbedtls: ssl_tls.c:6952 0x3ffb6124: 00d0:  c0 4d 21 42 7d 78 c8 25 8b 60 f6 0d 87 c9 f4 df

D (25820) mbedtls: ssl_tls.c:6952 0x3ffb6124: 00e0:  36 bf 16 7c 59 16 d1 09 ec 17 67 cf 5d 9f 8f 78

D (25820) mbedtls: ssl_tls.c:6952 0x3ffb6124: 00f0:  8c 3d d0 02 18 d5 bc a7 19 f4 51 fe 1d b3 20 40

D (25820) mbedtls: ssl_tls.c:6952 0x3ffb6124: 0100:  67 7e 3a cc 30 f3 8d a0 ef 02 03 01 00 01      

I (25820) mbedtls: ssl_tls.c:7191 0x3ffb6124: <= parse certificate

D (25820) mbedtls: ssl_misc.h:1295 0x3ffb6124: handshake state: 3 (MBEDTLS_SSL_SERVER_CERTIFICATE) -> 4 (MBEDTLS_SSL_SERVER_KEY_EXCHANGE)

I (25820) mbedtls: ssl_msg.c:2063 0x3ffb6124: => flush output

I (25820) mbedtls: ssl_msg.c:2072 0x3ffb6124: <= flush output

I (25820) mbedtls: ssl_tls.c:4201 0x3ffb6124: client state: MBEDTLS_SSL_SERVER_KEY_EXCHANGE

I (25820) mbedtls: ssl_tls12_client.c:1831 0x3ffb6124: => parse server key exchange

I (25820) mbedtls: ssl_msg.c:4040 0x3ffb6124: => read record

I (25820) mbedtls: ssl_msg.c:1865 0x3ffb6124: => fetch input

I (25820) mbedtls: ssl_msg.c:2005 0x3ffb6124: in_left: 0, nb_want: 5

I (25820) mbedtls: ssl_msg.c:2025 0x3ffb6124: in_left: 0, nb_want: 5

I (25820) mbedtls: ssl_msg.c:2028 0x3ffb6124: ssl->f_recv(_timeout)() returned 5 (-0xfffffffb)

I (25820) mbedtls: ssl_msg.c:2050 0x3ffb6124: <= fetch input

D (25820) mbedtls: ssl_msg.c:3707 0x3ffb6124: input record: msgtype = 22, version = [0x303], msglen = 300

I (25820) mbedtls: ssl_msg.c:1865 0x3ffb6124: => fetch input

I (25820) mbedtls: ssl_msg.c:2005 0x3ffb6124: in_left: 5, nb_want: 305

I (25820) mbedtls: ssl_msg.c:2025 0x3ffb6124: in_left: 5, nb_want: 305

I (25820) mbedtls: ssl_msg.c:2028 0x3ffb6124: ssl->f_recv(_timeout)() returned 300 (-0xfffffed4)

I (25820) mbedtls: ssl_msg.c:2050 0x3ffb6124: <= fetch input

D (25820) mbedtls: ssl_msg.c:2948 0x3ffb6124: handshake message: msglen = 300, type = 12, hslen = 300

D (25820) mbedtls: ssl_msg.c:3085 0x3ffb6124: sole handshake fragment: 300, 0..300 of 300

I (25820) mbedtls: ssl_msg.c:4112 0x3ffb6124: <= read record

D (25820) mbedtls: ssl_tls12_client.c:1885 0x3ffb6124: dumping 'server key exchange' (296 bytes)

D (25820) mbedtls: ssl_tls12_client.c:1885 0x3ffb6124: 0000:  03 00 1d 20 f2 34 8e 2c 07 9a fe 3f 76 10 6e 53  ... .4.,...?v.nS

D (25820) mbedtls: ssl_tls12_client.c:1885 0x3ffb6124: 0010:  74 fd ff 69 e9 f6 4f 6a 14 30 c2 7a 16 6a c3 60  t..i..Oj.0.z.j.`

D (25820) mbedtls: ssl_tls12_client.c:1885 0x3ffb6124: 0020:  6b 42 db 14 06 01 01 00 d3 84 e7 55 ad 79 92 fe  kB.........U.y..

D (25830) mbedtls: ssl_tls12_client.c:1885 0x3ffb6124: 0030:  de 6a 17 b4 15 13 81 32 57 0f 29 58 b2 a7 f2 00  .j.....2W.)X....

D (25830) mbedtls: ssl_tls12_client.c:1885 0x3ffb6124: 0040:  ff 0f 2e fb 95 3f c0 e6 d6 a7 2b 22 b3 58 32 37  .....?....+".X27

D (25830) mbedtls: ssl_tls12_client.c:1885 0x3ffb6124: 0050:  08 bd fc 9d 3d 49 29 cd 06 23 9b c7 a2 67 b3 43  ....=I)..#...g.C

D (25830) mbedtls: ssl_tls12_client.c:1885 0x3ffb6124: 0060:  d6 3b 72 77 a1 f9 f6 6f 49 28 21 c0 9f ac d1 fa  .;rw...oI(!.....

D (25830) mbedtls: ssl_tls12_client.c:1885 0x3ffb6124: 0070:  b7 76 6e 8b 0e 48 20 14 0f dc 20 33 9d 88 a5 ed  .vn..H ... 3....

D (25830) mbedtls: ssl_tls12_client.c:1885 0x3ffb6124: 0080:  d5 83 ef 76 3d 2e e8 2a e1 1e 1d d1 c8 f7 1a ae  ...v=..*........

D (25830) mbedtls: ssl_tls12_client.c:1885 0x3ffb6124: 0090:  4c 59 04 2d 95 19 02 88 5b 3d d2 d3 25 6f 2d 29  LY.-....[=..%o-)

D (25830) mbedtls: ssl_tls12_client.c:1885 0x3ffb6124: 00a0:  89 5e c8 91 b4 7f 6b 48 4a 53 86 d6 fc 03 29 7f  .^....kHJS....).

D (25830) mbedtls: ssl_tls12_client.c:1885 0x3ffb6124: 00b0:  9e 90 ed 68 49 04 f8 c7 e7 03 6b 48 58 a6 11 b2  ...hI.....kHX...

D (25830) mbedtls: ssl_tls12_client.c:1885 0x3ffb6124: 00c0:  e7 fa ad 7e 79 96 4c 72 2c 26 17 08 b1 3c 70 46  ...~y.Lr,&...<pF

D (25830) mbedtls: ssl_tls12_client.c:1885 0x3ffb6124: 00d0:  f0 b7 ee 0e 11 52 bd 19 8f 85 d3 38 3e 50 bf 6b  .....R.....8>P.k

D (25830) mbedtls: ssl_tls12_client.c:1885 0x3ffb6124: 00e0:  88 7d 84 16 b1 2d 67 87 08 2b e5 85 29 d1 f3 7f  .}...-g..+..)...

D (25830) mbedtls: ssl_tls12_client.c:1885 0x3ffb6124: 00f0:  ec 8d 5d 3d 0a 6c ad d6 e9 3e b8 08 d5 e8 9a 36  ..]=.l...>.....6

D (25830) mbedtls: ssl_tls12_client.c:1885 0x3ffb6124: 0100:  cf 59 28 10 b5 0a 2c 25 1d 3a ad 5c 5e 4d 63 a9  .Y(...,%.:.\^Mc.

D (25830) mbedtls: ssl_tls12_client.c:1885 0x3ffb6124: 0110:  c9 97 a8 9f 11 0c 01 c5 b2 53 a3 44 17 ab b3 a7  .........S.D....

D (25830) mbedtls: ssl_tls12_client.c:1885 0x3ffb6124: 0120:  08 09 78 a3 7e b2 23 62                          ..x.~.#b

I (25830) mbedtls: ssl_tls12_client.c:1815 0x3ffb6124: Server used the signature algorithm rsa_pkcs1_sha512

D (25830) mbedtls: ssl_tls12_client.c:2047 0x3ffb6124: dumping 'signature' (256 bytes)

D (25830) mbedtls: ssl_tls12_client.c:2047 0x3ffb6124: 0000:  d3 84 e7 55 ad 79 92 fe de 6a 17 b4 15 13 81 32  ...U.y...j.....2

D (25830) mbedtls: ssl_tls12_client.c:2047 0x3ffb6124: 0010:  57 0f 29 58 b2 a7 f2 00 ff 0f 2e fb 95 3f c0 e6  W.)X.........?..

D (25830) mbedtls: ssl_tls12_client.c:2047 0x3ffb6124: 0020:  d6 a7 2b 22 b3 58 32 37 08 bd fc 9d 3d 49 29 cd  ..+".X27....=I).

D (25830) mbedtls: ssl_tls12_client.c:2047 0x3ffb6124: 0030:  06 23 9b c7 a2 67 b3 43 d6 3b 72 77 a1 f9 f6 6f  .#...g.C.;rw...o

D (25830) mbedtls: ssl_tls12_client.c:2047 0x3ffb6124: 0040:  49 28 21 c0 9f ac d1 fa b7 76 6e 8b 0e 48 20 14  I(!......vn..H .

D (25830) mbedtls: ssl_tls12_client.c:2047 0x3ffb6124: 0050:  0f dc 20 33 9d 88 a5 ed d5 83 ef 76 3d 2e e8 2a  .. 3.......v=..*

D (25830) mbedtls: ssl_tls12_client.c:2047 0x3ffb6124: 0060:  e1 1e 1d d1 c8 f7 1a ae 4c 59 04 2d 95 19 02 88  ........LY.-....

D (25830) mbedtls: ssl_tls12_client.c:2047 0x3ffb6124: 0070:  5b 3d d2 d3 25 6f 2d 29 89 5e c8 91 b4 7f 6b 48  [=..%o-).^....kH

D (25830) mbedtls: ssl_tls12_client.c:2047 0x3ffb6124: 0080:  4a 53 86 d6 fc 03 29 7f 9e 90 ed 68 49 04 f8 c7  JS....)....hI...

D (25830) mbedtls: ssl_tls12_client.c:2047 0x3ffb6124: 0090:  e7 03 6b 48 58 a6 11 b2 e7 fa ad 7e 79 96 4c 72  ..kHX......~y.Lr

D (25830) mbedtls: ssl_tls12_client.c:2047 0x3ffb6124: 00a0:  2c 26 17 08 b1 3c 70 46 f0 b7 ee 0e 11 52 bd 19  ,&...<pF.....R..

D (25830) mbedtls: ssl_tls12_client.c:2047 0x3ffb6124: 00b0:  8f 85 d3 38 3e 50 bf 6b 88 7d 84 16 b1 2d 67 87  ...8>P.k.}...-g.

D (25830) mbedtls: ssl_tls12_client.c:2047 0x3ffb6124: 00c0:  08 2b e5 85 29 d1 f3 7f ec 8d 5d 3d 0a 6c ad d6  .+..).....]=.l..

D (25830) mbedtls: ssl_tls12_client.c:2047 0x3ffb6124: 00d0:  e9 3e b8 08 d5 e8 9a 36 cf 59 28 10 b5 0a 2c 25  .>.....6.Y(...,%

D (25830) mbedtls: ssl_tls12_client.c:2047 0x3ffb6124: 00e0:  1d 3a ad 5c 5e 4d 63 a9 c9 97 a8 9f 11 0c 01 c5  .:.\^Mc.........

D (25830) mbedtls: ssl_tls12_client.c:2047 0x3ffb6124: 00f0:  b2 53 a3 44 17 ab b3 a7 08 09 78 a3 7e b2 23 62  .S.D......x.~.#b

D (25830) mbedtls: ssl_tls.c:8082 0x3ffb6124: Perform PSA-based computation of digest of ServerKeyExchange

D (25830) mbedtls: ssl_tls12_client.c:2064 0x3ffb6124: dumping 'parameters hash' (64 bytes)

D (25840) mbedtls: ssl_tls12_client.c:2064 0x3ffb6124: 0000:  a4 0f 7c a8 88 0e b8 1e d8 a0 05 e7 dd ee d1 60  ..|............`

D (25840) mbedtls: ssl_tls12_client.c:2064 0x3ffb6124: 0010:  f8 28 7f 67 24 8f b5 2f 73 46 07 bd 14 c7 56 75  .(.g$../sF....Vu

D (25840) mbedtls: ssl_tls12_client.c:2064 0x3ffb6124: 0020:  83 df 30 43 9b 63 4d e2 af ff 69 82 0a 4d 76 2c  ..0C.cM...i..Mv,

D (25840) mbedtls: ssl_tls12_client.c:2064 0x3ffb6124: 0030:  81 ac 3d d9 d5 d9 48 d0 eb aa 9f 62 7b f2 5e 2a  ..=...H....b{.^*

[mem-tick] t=   24271 ms phase=thr-setup    free=213272
D (25850) mbedtls: ssl_misc.h:1295 0x3ffb6124: handshake state: 4 (MBEDTLS_SSL_SERVER_KEY_EXCHANGE) -> 5 (MBEDTLS_SSL_CERTIFICATE_REQUEST)

I (25850) mbedtls: ssl_tls12_client.c:2118 0x3ffb6124: <= parse server key exchange

I (25850) mbedtls: ssl_msg.c:2063 0x3ffb6124: => flush output

I (25850) mbedtls: ssl_msg.c:2072 0x3ffb6124: <= flush output

I (25850) mbedtls: ssl_tls.c:4201 0x3ffb6124: client state: MBEDTLS_SSL_CERTIFICATE_REQUEST

I (25850) mbedtls: ssl_tls12_client.c:2157 0x3ffb6124: => parse certificate request

I (25850) mbedtls: ssl_msg.c:4040 0x3ffb6124: => read record

I (25850) mbedtls: ssl_msg.c:1865 0x3ffb6124: => fetch input

I (25850) mbedtls: ssl_msg.c:2005 0x3ffb6124: in_left: 0, nb_want: 5

I (25850) mbedtls: ssl_msg.c:2025 0x3ffb6124: in_left: 0, nb_want: 5

I (25850) mbedtls: ssl_msg.c:2028 0x3ffb6124: ssl->f_recv(_timeout)() returned 5 (-0xfffffffb)

I (25850) mbedtls: ssl_msg.c:2050 0x3ffb6124: <= fetch input

D (25850) mbedtls: ssl_msg.c:3707 0x3ffb6124: input record: msgtype = 22, version = [0x303], msglen = 4

I (25850) mbedtls: ssl_msg.c:1865 0x3ffb6124: => fetch input

I (25850) mbedtls: ssl_msg.c:2005 0x3ffb6124: in_left: 5, nb_want: 9

I (25850) mbedtls: ssl_msg.c:2025 0x3ffb6124: in_left: 5, nb_want: 9

I (25850) mbedtls: ssl_msg.c:2028 0x3ffb6124: ssl->f_recv(_timeout)() returned 4 (-0xfffffffc)

I (25850) mbedtls: ssl_msg.c:2050 0x3ffb6124: <= fetch input

D (25850) mbedtls: ssl_msg.c:2948 0x3ffb6124: handshake message: msglen = 4, type = 14, hslen = 4

D (25850) mbedtls: ssl_msg.c:3085 0x3ffb6124: sole handshake fragment: 4, 0..4 of 4

I (25850) mbedtls: ssl_msg.c:4112 0x3ffb6124: <= read record

D (25850) mbedtls: ssl_misc.h:1295 0x3ffb6124: handshake state: 5 (MBEDTLS_SSL_CERTIFICATE_REQUEST) -> 6 (MBEDTLS_SSL_SERVER_HELLO_DONE)

D (25850) mbedtls: ssl_tls12_client.c:2183 0x3ffb6124: got no certificate request

I (25850) mbedtls: ssl_tls12_client.c:2319 0x3ffb6124: <= parse certificate request

I (25850) mbedtls: ssl_msg.c:2063 0x3ffb6124: => flush output

I (25850) mbedtls: ssl_msg.c:2072 0x3ffb6124: <= flush output

I (25850) mbedtls: ssl_tls.c:4201 0x3ffb6124: client state: MBEDTLS_SSL_SERVER_HELLO_DONE

I (25850) mbedtls: ssl_tls12_client.c:2330 0x3ffb6124: => parse server hello done

I (25850) mbedtls: ssl_msg.c:4040 0x3ffb6124: => read record

I (25850) mbedtls: ssl_msg.c:4108 0x3ffb6124: reuse previously read message

I (25850) mbedtls: ssl_msg.c:4112 0x3ffb6124: <= read record

D (25850) mbedtls: ssl_misc.h:1295 0x3ffb6124: handshake state: 6 (MBEDTLS_SSL_SERVER_HELLO_DONE) -> 7 (MBEDTLS_SSL_CLIENT_CERTIFICATE)

I (25850) mbedtls: ssl_tls12_client.c:2358 0x3ffb6124: <= parse server hello done

I (25850) mbedtls: ssl_msg.c:2063 0x3ffb6124: => flush output

I (25850) mbedtls: ssl_msg.c:2072 0x3ffb6124: <= flush output

I (25850) mbedtls: ssl_tls.c:4201 0x3ffb6124: client state: MBEDTLS_SSL_CLIENT_CERTIFICATE

I (25850) mbedtls: ssl_tls.c:6675 0x3ffb6124: => write certificate

I (25850) mbedtls: ssl_tls.c:6686 0x3ffb6124: <= skip write certificate

D (25850) mbedtls: ssl_misc.h:1295 0x3ffb6124: handshake state: 7 (MBEDTLS_SSL_CLIENT_CERTIFICATE) -> 8 (MBEDTLS_SSL_CLIENT_KEY_EXCHANGE)

I (25860) mbedtls: ssl_msg.c:2063 0x3ffb6124: => flush output

I (25860) mbedtls: ssl_msg.c:2072 0x3ffb6124: <= flush output

I (25860) mbedtls: ssl_tls.c:4201 0x3ffb6124: client state: MBEDTLS_SSL_CLIENT_KEY_EXCHANGE

I (25860) mbedtls: ssl_tls12_client.c:2373 0x3ffb6124: => write client key exchange

D (25860) mbedtls: ssl_tls12_client.c:2387 0x3ffb6124: Perform PSA-based ECDH computation.

[mem-tick] t=   24371 ms phase=thr-setup    free=216660
D (26000) mbedtls: ssl_misc.h:1295 0x3ffb6124: handshake state: 8 (MBEDTLS_SSL_CLIENT_KEY_EXCHANGE) -> 9 (MBEDTLS_SSL_CERTIFICATE_VERIFY)

I (26000) mbedtls: ssl_msg.c:2494 0x3ffb6124: => write handshake message

I (26000) mbedtls: ssl_msg.c:2654 0x3ffb6124: => write record

D (26000) mbedtls: ssl_msg.c:2737 0x3ffb6124: output record: msgtype = 22, version = [3:3], msglen = 37

I (26000) mbedtls: ssl_msg.c:2063 0x3ffb6124: => flush output

I (26000) mbedtls: ssl_msg.c:2077 0x3ffb6124: message length: 42, out_left: 42

I (26000) mbedtls: ssl_msg.c:2084 0x3ffb6124: ssl->f_send() returned 42 (-0xffffffd6)

I (26000) mbedtls: ssl_msg.c:2111 0x3ffb6124: <= flush output

I (26000) mbedtls: ssl_msg.c:2790 0x3ffb6124: <= write record

I (26000) mbedtls: ssl_msg.c:2615 0x3ffb6124: <= write handshake message

I (26000) mbedtls: ssl_tls12_client.c:2653 0x3ffb6124: <= write client key exchange

I (26000) mbedtls: ssl_msg.c:2063 0x3ffb6124: => flush output

I (26000) mbedtls: ssl_msg.c:2072 0x3ffb6124: <= flush output

I (26000) mbedtls: ssl_tls.c:4201 0x3ffb6124: client state: MBEDTLS_SSL_CERTIFICATE_VERIFY

I (26000) mbedtls: ssl_tls12_client.c:2701 0x3ffb6124: => write certificate verify

I (26000) mbedtls: ssl_tls.c:6466 0x3ffb6124: => derive keys

I (26000) mbedtls: ssl_tls.c:6557 0x3ffb6124: => PSA calc verify

D (26000) mbedtls: ssl_tls.c:6568 0x3ffb6124: dumping 'PSA calculated verify result' (48 bytes)

D (26000) mbedtls: ssl_tls.c:6568 0x3ffb6124: 0000:  d8 1c 10 31 2e c7 8e 4e 05 35 cf 8b 83 9d 73 1e  ...1...N.5....s.

D (26000) mbedtls: ssl_tls.c:6568 0x3ffb6124: 0010:  f5 38 cc 0e 39 a0 a4 e3 c6 37 8e e1 ff 92 50 36  .8..9....7....P6

D (26000) mbedtls: ssl_tls.c:6568 0x3ffb6124: 0020:  07 34 93 6b 4b d2 d2 04 3c 93 39 48 18 9a 8f 29  .4.kK...<.9H...)

I (26000) mbedtls: ssl_tls.c:6569 0x3ffb6124: <= PSA calc verify

D (26000) mbedtls: ssl_tls.c:6308 0x3ffb6124: dumping 'session hash for extended master secret' (48 bytes)

D (26000) mbedtls: ssl_tls.c:6308 0x3ffb6124: 0000:  d8 1c 10 31 2e c7 8e 4e 05 35 cf 8b 83 9d 73 1e  ...1...N.5....s.

D (26000) mbedtls: ssl_tls.c:6308 0x3ffb6124: 0010:  f5 38 cc 0e 39 a0 a4 e3 c6 37 8e e1 ff 92 50 36  .8..9....7....P6

D (26000) mbedtls: ssl_tls.c:6308 0x3ffb6124: 0020:  07 34 93 6b 4b d2 d2 04 3c 93 39 48 18 9a 8f 29  .4.kK...<.9H...)

D (26010) mbedtls: ssl_tls.c:6449 0x3ffb6124: dumping 'premaster secret' (32 bytes)

D (26010) mbedtls: ssl_tls.c:6449 0x3ffb6124: 0000:  0b af 59 ca 9d cb fe 88 e3 53 0f c8 b7 e5 b5 8f  ..Y......S......

D (26010) mbedtls: ssl_tls.c:6449 0x3ffb6124: 0010:  72 8e 81 14 8b 66 d5 45 64 8b c5 72 63 96 2b 1f  r....f.Ed..rc.+.

D (26010) mbedtls: ssl_tls.c:7762 0x3ffb6124: ciphersuite = TLS-ECDHE-RSA-WITH-AES-256-GCM-SHA384

D (26010) mbedtls: ssl_tls.c:7764 0x3ffb6124: dumping 'master secret' (48 bytes)

D (26010) mbedtls: ssl_tls.c:7764 0x3ffb6124: 0000:  f7 d2 05 b4 6c 89 8b 10 6c d3 b9 18 16 d5 4a 80  ....l...l.....J.

D (26010) mbedtls: ssl_tls.c:7764 0x3ffb6124: 0010:  e4 5f da 4f 91 af f3 fe d2 f9 fc 3f d1 38 4c 78  ._.O.......?.8Lx

D (26010) mbedtls: ssl_tls.c:7764 0x3ffb6124: 0020:  76 90 62 1d 8d b1 49 c7 c9 d1 71 11 67 3b 77 9c  v.b...I...q.g;w.

D (26010) mbedtls: ssl_tls.c:7855 0x3ffb6124: keylen: 32, minlen: 24, ivlen: 12, maclen: 0

I (26010) mbedtls: ssl_tls.c:6517 0x3ffb6124: <= derive keys

I (26010) mbedtls: ssl_tls12_client.c:2723 0x3ffb6124: <= skip write certificate verify

D (26010) mbedtls: ssl_misc.h:1295 0x3ffb6124: handshake state: 9 (MBEDTLS_SSL_CERTIFICATE_VERIFY) -> 10 (MBEDTLS_SSL_CLIENT_CHANGE_CIPHER_SPEC)

I (26010) mbedtls: ssl_msg.c:2063 0x3ffb6124: => flush output

I (26010) mbedtls: ssl_msg.c:2072 0x3ffb6124: <= flush output

I (26010) mbedtls: ssl_tls.c:4201 0x3ffb6124: client state: MBEDTLS_SSL_CLIENT_CHANGE_CIPHER_SPEC

I (26010) mbedtls: ssl_msg.c:5087 0x3ffb6124: => write change cipher spec

D (26010) mbedtls: ssl_misc.h:1295 0x3ffb6124: handshake state: 10 (MBEDTLS_SSL_CLIENT_CHANGE_CIPHER_SPEC) -> 11 (MBEDTLS_SSL_CLIENT_FINISHED)

I (26010) mbedtls: ssl_msg.c:2494 0x3ffb6124: => write handshake message

I (26010) mbedtls: ssl_msg.c:2654 0x3ffb6124: => write record

D (26010) mbedtls: ssl_msg.c:2737 0x3ffb6124: output record: msgtype = 20, version = [3:3], msglen = 1

I (26010) mbedtls: ssl_msg.c:2063 0x3ffb6124: => flush output

I (26010) mbedtls: ssl_msg.c:2077 0x3ffb6124: message length: 6, out_left: 6

I (26010) mbedtls: ssl_msg.c:2084 0x3ffb6124: ssl->f_send() returned 6 (-0xfffffffa)

I (26010) mbedtls: ssl_msg.c:2111 0x3ffb6124: <= flush output

I (26010) mbedtls: ssl_msg.c:2790 0x3ffb6124: <= write record

I (26010) mbedtls: ssl_msg.c:2615 0x3ffb6124: <= write handshake message

I (26010) mbedtls: ssl_msg.c:5100 0x3ffb6124: <= write change cipher spec

I (26010) mbedtls: ssl_msg.c:2063 0x3ffb6124: => flush output

I (26010) mbedtls: ssl_msg.c:2072 0x3ffb6124: <= flush output

I (26010) mbedtls: ssl_tls.c:4201 0x3ffb6124: client state: MBEDTLS_SSL_CLIENT_FINISHED

I (26010) mbedtls: ssl_tls.c:7384 0x3ffb6124: => write finished

I (26010) mbedtls: ssl_tls.c:7235 0x3ffb6124: => calc PSA finished tls

D (26010) mbedtls: ssl_tls.c:7246 0x3ffb6124: dumping 'PSA calculated padbuf' (48 bytes)

D (26010) mbedtls: ssl_tls.c:7246 0x3ffb6124: 0000:  d8 1c 10 31 2e c7 8e 4e 05 35 cf 8b 83 9d 73 1e  ...1...N.5....s.

D (26010) mbedtls: ssl_tls.c:7246 0x3ffb6124: 0010:  f5 38 cc 0e 39 a0 a4 e3 c6 37 8e e1 ff 92 50 36  .8..9....7....P6

D (26010) mbedtls: ssl_tls.c:7246 0x3ffb6124: 0020:  07 34 93 6b 4b d2 d2 04 3c 93 39 48 18 9a 8f 29  .4.kK...<.9H...)

D (26010) mbedtls: ssl_tls.c:7258 0x3ffb6124: dumping 'calc finished result' (12 bytes)

D (26010) mbedtls: ssl_tls.c:7258 0x3ffb6124: 0000:  49 97 28 88 aa 55 7d af 58 79 88 74              I.(..U}.Xy.t

I (26010) mbedtls: ssl_tls.c:7262 0x3ffb6124: <= calc finished

D (26010) mbedtls: ssl_misc.h:1295 0x3ffb6124: handshake state: 11 (MBEDTLS_SSL_CLIENT_FINISHED) -> 12 (MBEDTLS_SSL_SERVER_CHANGE_CIPHER_SPEC)

D (26010) mbedtls: ssl_tls.c:7434 0x3ffb6124: switching to new transform spec for outbound data

I (26010) mbedtls: ssl_msg.c:2494 0x3ffb6124: => write handshake message

I (26010) mbedtls: ssl_msg.c:2654 0x3ffb6124: => write record

I (26010) mbedtls: ssl_msg.c:808 0x3ffb6124: => encrypt buf

D (26010) mbedtls: ssl_msg.c:1036 0x3ffb6124: before encrypt: msglen = 16, including 0 bytes of padding

I (26010) mbedtls: ssl_msg.c:1265 0x3ffb6124: <= encrypt buf

D (26010) mbedtls: ssl_msg.c:2737 0x3ffb6124: output record: msgtype = 22, version = [3:3], msglen = 40

I (26010) mbedtls: ssl_msg.c:2063 0x3ffb6124: => flush output

I (26020) mbedtls: ssl_msg.c:2077 0x3ffb6124: message length: 45, out_left: 45

I (26020) mbedtls: ssl_msg.c:2084 0x3ffb6124: ssl->f_send() returned 45 (-0xffffffd3)

I (26020) mbedtls: ssl_msg.c:2111 0x3ffb6124: <= flush output

I (26020) mbedtls: ssl_msg.c:2790 0x3ffb6124: <= write record

I (26020) mbedtls: ssl_msg.c:2615 0x3ffb6124: <= write handshake message

I (26020) mbedtls: ssl_tls.c:7487 0x3ffb6124: <= write finished

I (26020) mbedtls: ssl_msg.c:2063 0x3ffb6124: => flush output

I (26020) mbedtls: ssl_msg.c:2072 0x3ffb6124: <= flush output

I (26020) mbedtls: ssl_tls.c:4201 0x3ffb6124: client state: MBEDTLS_SSL_SERVER_CHANGE_CIPHER_SPEC

D (26020) mbedtls: ssl_misc.h:1295 0x3ffb6124: handshake state: 12 (MBEDTLS_SSL_SERVER_CHANGE_CIPHER_SPEC) -> 16 (MBEDTLS_SSL_NEW_SESSION_TICKET)

I (26020) mbedtls: ssl_tls12_client.c:2829 0x3ffb6124: => parse new session ticket

I (26020) mbedtls: ssl_msg.c:4040 0x3ffb6124: => read record

I (26020) mbedtls: ssl_msg.c:1865 0x3ffb6124: => fetch input

I (26020) mbedtls: ssl_msg.c:2005 0x3ffb6124: in_left: 0, nb_want: 5

I (26020) mbedtls: ssl_msg.c:2025 0x3ffb6124: in_left: 0, nb_want: 5

I (26020) mbedtls: ssl_msg.c:2028 0x3ffb6124: ssl->f_recv(_timeout)() returned 5 (-0xfffffffb)

I (26020) mbedtls: ssl_msg.c:2050 0x3ffb6124: <= fetch input

D (26020) mbedtls: ssl_msg.c:3707 0x3ffb6124: input record: msgtype = 22, version = [0x303], msglen = 186

I (26020) mbedtls: ssl_msg.c:1865 0x3ffb6124: => fetch input

I (26020) mbedtls: ssl_msg.c:2005 0x3ffb6124: in_left: 5, nb_want: 191

I (26020) mbedtls: ssl_msg.c:2025 0x3ffb6124: in_left: 5, nb_want: 191

I (26020) mbedtls: ssl_msg.c:2028 0x3ffb6124: ssl->f_recv(_timeout)() returned 186 (-0xffffff46)

I (26020) mbedtls: ssl_msg.c:2050 0x3ffb6124: <= fetch input

D (26020) mbedtls: ssl_msg.c:2948 0x3ffb6124: handshake message: msglen = 186, type = 4, hslen = 186

D (26020) mbedtls: ssl_msg.c:3085 0x3ffb6124: sole handshake fragment: 186, 0..186 of 186

I (26020) mbedtls: ssl_msg.c:4112 0x3ffb6124: <= read record

D (26020) mbedtls: ssl_tls12_client.c:2876 0x3ffb6124: ticket length: 176

D (26020) mbedtls: ssl_misc.h:1295 0x3ffb6124: handshake state: 16 (MBEDTLS_SSL_NEW_SESSION_TICKET) -> 12 (MBEDTLS_SSL_SERVER_CHANGE_CIPHER_SPEC)

D (26020) mbedtls: ssl_tls12_client.c:2920 0x3ffb6124: ticket in use, discarding session id

I (26020) mbedtls: ssl_tls12_client.c:2923 0x3ffb6124: <= parse new session ticket

I (26020) mbedtls: ssl_msg.c:2063 0x3ffb6124: => flush output

I (26020) mbedtls: ssl_msg.c:2072 0x3ffb6124: <= flush output

I (26020) mbedtls: ssl_tls.c:4201 0x3ffb6124: client state: MBEDTLS_SSL_SERVER_CHANGE_CIPHER_SPEC

I (26020) mbedtls: ssl_msg.c:5109 0x3ffb6124: => parse change cipher spec

I (26020) mbedtls: ssl_msg.c:4040 0x3ffb6124: => read record

I (26020) mbedtls: ssl_msg.c:1865 0x3ffb6124: => fetch input

I (26020) mbedtls: ssl_msg.c:2005 0x3ffb6124: in_left: 0, nb_want: 5

I (26020) mbedtls: ssl_msg.c:2025 0x3ffb6124: in_left: 0, nb_want: 5

I (26020) mbedtls: ssl_msg.c:2028 0x3ffb6124: ssl->f_recv(_timeout)() returned 5 (-0xfffffffb)

I (26020) mbedtls: ssl_msg.c:2050 0x3ffb6124: <= fetch input

D (26020) mbedtls: ssl_msg.c:3707 0x3ffb6124: input record: msgtype = 20, version = [0x303], msglen = 1

I (26020) mbedtls: ssl_msg.c:1865 0x3ffb6124: => fetch input

I (26020) mbedtls: ssl_msg.c:2005 0x3ffb6124: in_left: 5, nb_want: 6

I (26020) mbedtls: ssl_msg.c:2025 0x3ffb6124: in_left: 5, nb_want: 6

I (26020) mbedtls: ssl_msg.c:2028 0x3ffb6124: ssl->f_recv(_timeout)() returned 1 (-0xffffffff)

I (26030) mbedtls: ssl_msg.c:2050 0x3ffb6124: <= fetch input

I (26030) mbedtls: ssl_msg.c:4112 0x3ffb6124: <= read record

D (26030) mbedtls: ssl_msg.c:5130 0x3ffb6124: switching to new transform spec for inbound data

D (26030) mbedtls: ssl_misc.h:1295 0x3ffb6124: handshake state: 12 (MBEDTLS_SSL_SERVER_CHANGE_CIPHER_SPEC) -> 13 (MBEDTLS_SSL_SERVER_FINISHED)

I (26030) mbedtls: ssl_msg.c:5157 0x3ffb6124: <= parse change cipher spec

I (26030) mbedtls: ssl_msg.c:2063 0x3ffb6124: => flush output

I (26030) mbedtls: ssl_msg.c:2072 0x3ffb6124: <= flush output

I (26030) mbedtls: ssl_tls.c:4201 0x3ffb6124: client state: MBEDTLS_SSL_SERVER_FINISHED

I (26030) mbedtls: ssl_tls.c:7500 0x3ffb6124: => parse finished

I (26030) mbedtls: ssl_tls.c:7235 0x3ffb6124: => calc PSA finished tls

D (26030) mbedtls: ssl_tls.c:7246 0x3ffb6124: dumping 'PSA calculated padbuf' (48 bytes)

D (26030) mbedtls: ssl_tls.c:7246 0x3ffb6124: 0000:  de 23 7a ab b7 b3 47 9b f3 71 97 d7 2f 9d f1 62  .#z...G..q../..b

D (26030) mbedtls: ssl_tls.c:7246 0x3ffb6124: 0010:  7e de cf 18 69 36 0a d7 2b ec 7f 42 bb 30 f8 ca  ~...i6..+..B.0..

D (26030) mbedtls: ssl_tls.c:7246 0x3ffb6124: 0020:  b1 5a c4 7c 65 74 18 9c 41 83 6f 7f 63 a9 17 85  .Z.|et..A.o.c...

D (26030) mbedtls: ssl_tls.c:7258 0x3ffb6124: dumping 'calc finished result' (12 bytes)

D (26030) mbedtls: ssl_tls.c:7258 0x3ffb6124: 0000:  5c ee 36 0d 37 59 c7 10 61 a7 99 70              \.6.7Y..a..p

I (26030) mbedtls: ssl_tls.c:7262 0x3ffb6124: <= calc finished

I (26030) mbedtls: ssl_msg.c:4040 0x3ffb6124: => read record

I (26030) mbedtls: ssl_msg.c:1865 0x3ffb6124: => fetch input

I (26030) mbedtls: ssl_msg.c:2005 0x3ffb6124: in_left: 0, nb_want: 5

I (26030) mbedtls: ssl_msg.c:2025 0x3ffb6124: in_left: 0, nb_want: 5

I (26030) mbedtls: ssl_msg.c:2028 0x3ffb6124: ssl->f_recv(_timeout)() returned 5 (-0xfffffffb)

I (26030) mbedtls: ssl_msg.c:2050 0x3ffb6124: <= fetch input

D (26030) mbedtls: ssl_msg.c:3707 0x3ffb6124: input record: msgtype = 22, version = [0x303], msglen = 40

I (26030) mbedtls: ssl_msg.c:1865 0x3ffb6124: => fetch input

I (26030) mbedtls: ssl_msg.c:2005 0x3ffb6124: in_left: 5, nb_want: 45

I (26030) mbedtls: ssl_msg.c:2025 0x3ffb6124: in_left: 5, nb_want: 45

I (26030) mbedtls: ssl_msg.c:2028 0x3ffb6124: ssl->f_recv(_timeout)() returned 40 (-0xffffffd8)

I (26030) mbedtls: ssl_msg.c:2050 0x3ffb6124: <= fetch input

I (26030) mbedtls: ssl_msg.c:1301 0x3ffb6124: => decrypt buf

I (26030) mbedtls: ssl_msg.c:1831 0x3ffb6124: <= decrypt buf

D (26030) mbedtls: ssl_msg.c:2948 0x3ffb6124: handshake message: msglen = 16, type = 20, hslen = 16

D (26030) mbedtls: ssl_msg.c:3085 0x3ffb6124: sole handshake fragment: 16, 0..16 of 16

I (26040) mbedtls: ssl_msg.c:4112 0x3ffb6124: <= read record

D (26040) mbedtls: ssl_misc.h:1295 0x3ffb6124: handshake state: 13 (MBEDTLS_SSL_SERVER_FINISHED) -> 14 (MBEDTLS_SSL_FLUSH_BUFFERS)

I (26040) mbedtls: ssl_tls.c:7571 0x3ffb6124: <= parse finished

I (26040) mbedtls: ssl_msg.c:2063 0x3ffb6124: => flush output

I (26040) mbedtls: ssl_msg.c:2072 0x3ffb6124: <= flush output

I (26040) mbedtls: ssl_tls.c:4201 0x3ffb6124: client state: MBEDTLS_SSL_FLUSH_BUFFERS

I (26040) mbedtls: ssl_tls12_client.c:3031 0x3ffb6124: handshake: done

D (26040) mbedtls: ssl_misc.h:1295 0x3ffb6124: handshake state: 14 (MBEDTLS_SSL_FLUSH_BUFFERS) -> 15 (MBEDTLS_SSL_HANDSHAKE_WRAPUP)

I (26040) mbedtls: ssl_msg.c:2063 0x3ffb6124: => flush output

I (26040) mbedtls: ssl_msg.c:2072 0x3ffb6124: <= flush output

I (26040) mbedtls: ssl_tls.c:4201 0x3ffb6124: client state: MBEDTLS_SSL_HANDSHAKE_WRAPUP

D (26040) mbedtls: ssl_tls.c:7322 0x3ffb6124: => handshake wrapup

D (26040) mbedtls: ssl_tls.c:7296 0x3ffb6124: => handshake wrapup: final free

D (26040) mbedtls: ssl_tls.c:7315 0x3ffb6124: <= handshake wrapup: final free

D (26040) mbedtls: ssl_misc.h:1295 0x3ffb6124: handshake state: 15 (MBEDTLS_SSL_HANDSHAKE_WRAPUP) -> 27 (MBEDTLS_SSL_HANDSHAKE_OVER)

D (26040) mbedtls: ssl_tls.c:7376 0x3ffb6124: <= handshake wrapup

I (26040) mbedtls: ssl_tls.c:4293 0x3ffb6124: <= handshake

[mem-tick] t=   24469 ms phase=thr-p0       free=219876
[mem-tick] t=   24569 ms phase=thr-p0       free=218304
[mem-tick] t=   24669 ms phase=thr-p0       free=218304
[mem-tick] t=   24769 ms phase=thr-p0       free=219876
[mem-tick] t=   24869 ms phase=thr-p0       free=218304
[mem-tick] t=   24969 ms phase=thr-p0       free=216712
[mem-tick] t=   25068 ms phase=thr-p0       free=218304
[mem-tick] t=   25169 ms phase=thr-p0       free=219780
[mem-tick] t=   25269 ms phase=thr-p0       free=219876
[thr] round0 PLAIN 2097152 B in 875202 us = 19.17 Mbit/s
I (26920) mbedtls: ssl_msg.c:5925 0x3ffb6124: => write

I (26920) mbedtls: ssl_msg.c:2654 0x3ffb6124: => write record

I (26920) mbedtls: ssl_msg.c:808 0x3ffb6124: => encrypt buf

D (26930) mbedtls: ssl_msg.c:1036 0x3ffb6124: before encrypt: msglen = 1024, including 0 bytes of padding

I (26930) mbedtls: ssl_msg.c:1265 0x3ffb6124: <= encrypt buf

D (26930) mbedtls: ssl_msg.c:2737 0x3ffb6124: output record: msgtype = 23, version = [3:3], msglen = 1048

I (26930) mbedtls: ssl_msg.c:2063 0x3ffb6124: => flush output

I (26930) mbedtls: ssl_msg.c:2077 0x3ffb6124: message length: 1053, out_left: 1053

I (26930) mbedtls: ssl_msg.c:2084 0x3ffb6124: ssl->f_send() returned 1053 (-0xfffffbe3)

I (26930) mbedtls: ssl_msg.c:2111 0x3ffb6124: <= flush output

I (26930) mbedtls: ssl_msg.c:2790 0x3ffb6124: <= write record

I (26930) mbedtls: ssl_msg.c:5947 0x3ffb6124: <= write

I (26930) mbedtls: ssl_msg.c:5663 0x3ffb6124: => read

I (26930) mbedtls: ssl_msg.c:4040 0x3ffb6124: => read record

I (26930) mbedtls: ssl_msg.c:1865 0x3ffb6124: => fetch input

I (26930) mbedtls: ssl_msg.c:2005 0x3ffb6124: in_left: 0, nb_want: 5

[mem-tick] t=   25369 ms phase=thr-t0       free=220052
[mem-tick] t=   25469 ms phase=thr-t0       free=220052
[mem-tick] t=   25569 ms phase=thr-t0       free=220052
[mem-tick] t=   25669 ms phase=thr-t0       free=220052
[mem-tick] t=   25769 ms phase=thr-t0       free=220052
[mem-tick] t=   25869 ms phase=thr-t0       free=220052
[mem-tick] t=   25969 ms phase=thr-t0       free=220052
[mem-tick] t=   26069 ms phase=thr-t0       free=220052
[mem-tick] t=   26169 ms phase=thr-t0       free=220052
[mem-tick] t=   26269 ms phase=thr-t0       free=220052
[mem-tick] t=   26369 ms phase=thr-t0       free=220052
[mem-tick] t=   26469 ms phase=thr-t0       free=220052
[mem-tick] t=   26569 ms phase=thr-t0       free=220052
[mem-tick] t=   26669 ms phase=thr-t0       free=220052
[mem-tick] t=   26769 ms phase=thr-t0       free=220052
[mem-tick] t=   26869 ms phase=thr-t0       free=220052
[mem-tick] t=   26969 ms phase=thr-t0       free=220052
[mem-tick] t=   27069 ms phase=thr-t0       free=220052
[mem-tick] t=   27169 ms phase=thr-t0       free=220052
[mem-tick] t=   27269 ms phase=thr-t0       free=220052
[mem-tick] t=   27369 ms phase=thr-t0       free=220052
[mem-tick] t=   27469 ms phase=thr-t0       free=220052
[mem-tick] t=   27569 ms phase=thr-t0       free=220052
[mem-tick] t=   27669 ms phase=thr-t0       free=220052
[mem-tick] t=   27769 ms phase=thr-t0       free=220052
[mem-tick] t=   27869 ms phase=thr-t0       free=220052
[mem-tick] t=   27969 ms phase=thr-t0       free=220052
[mem-tick] t=   28069 ms phase=thr-t0       free=220052
[mem-tick] t=   28169 ms phase=thr-t0       free=220052
[mem-tick] t=   28269 ms phase=thr-t0       free=220052
[mem-tick] t=   28369 ms phase=thr-t0       free=220052
[mem-tick] t=   28469 ms phase=thr-t0       free=220052
[mem-tick] t=   28569 ms phase=thr-t0       free=220052
[mem-tick] t=   28669 ms phase=thr-t0       free=220052
[mem-tick] t=   28768 ms phase=thr-t0       free=220052
[mem-tick] t=   28869 ms phase=thr-t0       free=220052
[mem-tick] t=   28969 ms phase=thr-t0       free=220052
[mem-tick] t=   29069 ms phase=thr-t0       free=220052
[mem-tick] t=   29169 ms phase=thr-t0       free=220052
[mem-tick] t=   29269 ms phase=thr-t0       free=220052
[mem-tick] t=   29369 ms phase=thr-t0       free=220052
[mem-tick] t=   29469 ms phase=thr-t0       free=220052
[mem-tick] t=   29569 ms phase=thr-t0       free=220052
[mem-tick] t=   29669 ms phase=thr-t0       free=220052
[mem-tick] t=   29769 ms phase=thr-t0       free=220052
[mem-tick] t=   29869 ms phase=thr-t0       free=220052
[mem-tick] t=   29969 ms phase=thr-t0       free=220052
[mem-tick] t=   30069 ms phase=thr-t0       free=220052
[mem-tick] t=   30169 ms phase=thr-t0       free=220052
[mem-tick] t=   30269 ms phase=thr-t0       free=220052
[mem-tick] t=   30369 ms phase=thr-t0       free=220052
[mem-tick] t=   30469 ms phase=thr-t0       free=220052
[mem-tick] t=   30569 ms phase=thr-t0       free=220052
[mem-tick] t=   30669 ms phase=thr-t0       free=220052
[mem-tick] t=   30769 ms phase=thr-t0       free=220052
[mem-tick] t=   30869 ms phase=thr-t0       free=220052
[mem-tick] t=   30969 ms phase=thr-t0       free=220052
[mem-tick] t=   31069 ms phase=thr-t0       free=220052
[mem-tick] t=   31169 ms phase=thr-t0       free=220052
[mem-tick] t=   31269 ms phase=thr-t0       free=220052
[mem-tick] t=   31369 ms phase=thr-t0       free=220052
[mem-tick] t=   31469 ms phase=thr-t0       free=220052
[mem-tick] t=   31569 ms phase=thr-t0       free=220052
[mem-tick] t=   31669 ms phase=thr-t0       free=220052
[mem-tick] t=   31769 ms phase=thr-t0       free=220052
[mem-tick] t=   31869 ms phase=thr-t0       free=220052
[mem-tick] t=   31969 ms phase=thr-t0       free=220052
[mem-tick] t=   32069 ms phase=thr-t0       free=220052
[mem-tick] t=   32169 ms phase=thr-t0       free=220052
[mem-tick] t=   32269 ms phase=thr-t0       free=220052
[mem-tick] t=   32369 ms phase=thr-t0       free=220052
[mem-tick] t=   32469 ms phase=thr-t0       free=220052
[mem-tick] t=   32569 ms phase=thr-t0       free=220052
[mem-tick] t=   32669 ms phase=thr-t0       free=220052
[mem-tick] t=   32769 ms phase=thr-t0       free=220052
[mem-tick] t=   32868 ms phase=thr-t0       free=220052
[mem-tick] t=   32969 ms phase=thr-t0       free=220052
[mem-tick] t=   33069 ms phase=thr-t0       free=220052
[mem-tick] t=   33169 ms phase=thr-t0       free=220052
[mem-tick] t=   33269 ms phase=thr-t0       free=220052
[mem-tick] t=   33369 ms phase=thr-t0       free=220052
[mem-tick] t=   33469 ms phase=thr-t0       free=220052
[mem-tick] t=   33569 ms phase=thr-t0       free=220052
[mem-tick] t=   33669 ms phase=thr-t0       free=220052
[mem-tick] t=   33769 ms phase=thr-t0       free=220052
[mem-tick] t=   33869 ms phase=thr-t0       free=220052
[mem-tick] t=   33969 ms phase=thr-t0       free=220052
[mem-tick] t=   34069 ms phase=thr-t0       free=220052
[mem-tick] t=   34169 ms phase=thr-t0       free=220052
[mem-tick] t=   34269 ms phase=thr-t0       free=220052
[mem-tick] t=   34369 ms phase=thr-t0       free=220052
[mem-tick] t=   34469 ms phase=thr-t0       free=220052
[mem-tick] t=   34569 ms phase=thr-t0       free=220052
[mem-tick] t=   34669 ms phase=thr-t0       free=220052
[mem-tick] t=   34769 ms phase=thr-t0       free=220052
[mem-tick] t=   34869 ms phase=thr-t0       free=220052
[mem-tick] t=   34969 ms phase=thr-t0       free=220052
[mem-tick] t=   35069 ms phase=thr-t0       free=220052
[mem-tick] t=   35169 ms phase=thr-t0       free=220052
[mem-tick] t=   35269 ms phase=thr-t0       free=220052
I (36930) mbedtls: ssl_msg.c:2025 0x3ffb6124: in_left: 0, nb_want: 5

[thr] round0 TLS failed
[thr] MEAN plain=6.39 Mbit/s tls=0.00 Mbit/s tax=100.0%
[mem] after-thr-close        free=245760 largest=110592 min-ever=210548

===== PHASE C: handshake under memory pressure (floor<=20000B) =====
[starve] grabbed=55 held=225280B free-floor=17084 largest=6144
[mem-tick] t=   35369 ms phase=thr-done     free=17084
[mem-tick] t=   35469 ms phase=thr-done     free=17080
[mem] starved-floor          free=17080 largest=6144 min-ever=17004
[phase-c] attempting TLS handshake with only 17080 bytes free ...
W (37130) esp-tls-mbedtls: skip_common_name=true: hostname matching and SNI disabled. This disables ALL server-name authentication (CN/SAN/SNI), not just CN. Only intended for loopback / debug clients.
W (37130) mbedtls: ssl_tls.c:1204 0x3ffb6124: alloc(16717 bytes) failed

E (37130) esp-tls-mbedtls: mbedtls_ssl_setup returned -0x008D
I (37130) esp-tls-mbedtls: (FFFFFF73): UNKNOWN ERROR CODE (0080) : UNKNOWN ERROR CODE (000D)
E (37130) esp-tls: create_ssl_handle failed
E (37130) esp-tls: Failed to open new connection
[conn] TLS to 10.0.2.2:22443 FAILED after 1993 us
[err] handshake: last_esp_err=0x8017 tls_code=-0xffffff73 cert_flags=0x0 (sys_errno=0 mb_code=-0x0000)
[phase-c] FAIL captured (see [err]/mbedtls lines above)
[starve] released, free-now=242368
[mem-tick] t=   35569 ms phase=release      free=245768
[mem-tick] t=   35669 ms phase=release      free=245768
[mem-tick] t=   35769 ms phase=release      free=245768
[mem-tick] t=   35869 ms phase=release      free=245768
[mem-tick] t=   35968 ms phase=release      free=245768
[mem] after-release          free=245768 largest=110592 min-ever=12004
[phase-c] retrying same handshake after release ...
W (37630) esp-tls-mbedtls: skip_common_name=true: hostname matching and SNI disabled. This disables ALL server-name authentication (CN/SAN/SNI), not just CN. Only intended for loopback / debug clients.
D (37630) esp-tls: handshake in progress...
I (37630) mbedtls: ssl_tls.c:4282 0x3ffb6124: => handshake

I (37630) mbedtls: ssl_msg.c:2063 0x3ffb6124: => flush output

I (37630) mbedtls: ssl_msg.c:2072 0x3ffb6124: <= flush output

I (37630) mbedtls: ssl_tls.c:4201 0x3ffb6124: client state: MBEDTLS_SSL_HELLO_REQUEST

D (37630) mbedtls: ssl_misc.h:1295 0x3ffb6124: handshake state: 0 (MBEDTLS_SSL_HELLO_REQUEST) -> 1 (MBEDTLS_SSL_CLIENT_HELLO)

I (37630) mbedtls: ssl_msg.c:2063 0x3ffb6124: => flush output

I (37630) mbedtls: ssl_msg.c:2072 0x3ffb6124: <= flush output

I (37630) mbedtls: ssl_tls.c:4201 0x3ffb6124: client state: MBEDTLS_SSL_CLIENT_HELLO

I (37630) mbedtls: ssl_client.c:917 0x3ffb6124: => write client hello

D (37630) mbedtls: ssl_client.c:722 0x3ffb6124: client hello, current time: 36

D (37630) mbedtls: ssl_client.c:485 0x3ffb6124: dumping 'client hello, random bytes' (32 bytes)

D (37630) mbedtls: ssl_client.c:485 0x3ffb6124: 0000:  00 00 00 24 55 d1 7f 02 fd 79 74 51 bb 98 48 16  ...$U....ytQ..H.

D (37630) mbedtls: ssl_client.c:485 0x3ffb6124: 0010:  30 0d 78 2a 73 54 ab c4 15 1e fa 59 c8 16 8c f6  0.x*sT.....Y....

D (37630) mbedtls: ssl_client.c:510 0x3ffb6124: dumping 'session id' (0 bytes)

D (37630) mbedtls: ssl_client.c:368 0x3ffb6124: client hello, add ciphersuite: c02c, TLS-ECDHE-ECDSA-WITH-AES-256-GCM-SHA384

D (37630) mbedtls: ssl_client.c:368 0x3ffb6124: client hello, add ciphersuite: c030, TLS-ECDHE-RSA-WITH-AES-256-GCM-SHA384

D (37630) mbedtls: ssl_client.c:368 0x3ffb6124: client hello, add ciphersuite: c0ad, TLS-ECDHE-ECDSA-WITH-AES-256-CCM

D (37630) mbedtls: ssl_client.c:368 0x3ffb6124: client hello, add ciphersuite: c024, TLS-ECDHE-ECDSA-WITH-AES-256-CBC-SHA384

D (37630) mbedtls: ssl_client.c:368 0x3ffb6124: client hello, add ciphersuite: c028, TLS-ECDHE-RSA-WITH-AES-256-CBC-SHA384

D (37630) mbedtls: ssl_client.c:368 0x3ffb6124: client hello, add ciphersuite: c00a, TLS-ECDHE-ECDSA-WITH-AES-256-CBC-SHA

D (37630) mbedtls: ssl_client.c:368 0x3ffb6124: client hello, add ciphersuite: c014, TLS-ECDHE-RSA-WITH-AES-256-CBC-SHA

D (37630) mbedtls: ssl_client.c:368 0x3ffb6124: client hello, add ciphersuite: c0af, TLS-ECDHE-ECDSA-WITH-AES-256-CCM-8

D (37630) mbedtls: ssl_client.c:368 0x3ffb6124: client hello, add ciphersuite: c02b, TLS-ECDHE-ECDSA-WITH-AES-128-GCM-SHA256

D (37630) mbedtls: ssl_client.c:368 0x3ffb6124: client hello, add ciphersuite: c02f, TLS-ECDHE-RSA-WITH-AES-128-GCM-SHA256

D (37630) mbedtls: ssl_client.c:368 0x3ffb6124: client hello, add ciphersuite: c0ac, TLS-ECDHE-ECDSA-WITH-AES-128-CCM

D (37630) mbedtls: ssl_client.c:368 0x3ffb6124: client hello, add ciphersuite: c023, TLS-ECDHE-ECDSA-WITH-AES-128-CBC-SHA256

D (37630) mbedtls: ssl_client.c:368 0x3ffb6124: client hello, add ciphersuite: c027, TLS-ECDHE-RSA-WITH-AES-128-CBC-SHA256

D (37630) mbedtls: ssl_client.c:368 0x3ffb6124: client hello, add ciphersuite: c009, TLS-ECDHE-ECDSA-WITH-AES-128-CBC-SHA

D (37630) mbedtls: ssl_client.c:368 0x3ffb6124: client hello, add ciphersuite: c013, TLS-ECDHE-RSA-WITH-AES-128-CBC-SHA

D (37640) mbedtls: ssl_client.c:368 0x3ffb6124: client hello, add ciphersuite: c0ae, TLS-ECDHE-ECDSA-WITH-AES-128-CCM-8

D (37640) mbedtls: ssl_client.c:386 0x3ffb6124: adding EMPTY_RENEGOTIATION_INFO_SCSV

D (37640) mbedtls: ssl_client.c:395 0x3ffb6124: client hello, got 17 cipher suites

D (37640) mbedtls: ssl_client.c:229 0x3ffb6124: client hello, adding supported_groups extension

D (37640) mbedtls: ssl_client.c:248 0x3ffb6124: got supported group(001d)

D (37640) mbedtls: ssl_client.c:280 0x3ffb6124: NamedGroup: x25519 ( 1d )

D (37640) mbedtls: ssl_client.c:248 0x3ffb6124: got supported group(0017)

D (37640) mbedtls: ssl_client.c:280 0x3ffb6124: NamedGroup: secp256r1 ( 17 )

D (37640) mbedtls: ssl_client.c:248 0x3ffb6124: got supported group(0018)

D (37640) mbedtls: ssl_client.c:280 0x3ffb6124: NamedGroup: secp384r1 ( 18 )

D (37640) mbedtls: ssl_client.c:248 0x3ffb6124: got supported group(001e)

D (37640) mbedtls: ssl_client.c:280 0x3ffb6124: NamedGroup: x448 ( 1e )

D (37640) mbedtls: ssl_client.c:248 0x3ffb6124: got supported group(0019)

D (37640) mbedtls: ssl_client.c:280 0x3ffb6124: NamedGroup: secp521r1 ( 19 )

D (37640) mbedtls: ssl_client.c:248 0x3ffb6124: got supported group(001a)

D (37640) mbedtls: ssl_client.c:280 0x3ffb6124: NamedGroup: bp256r1 ( 1a )

D (37640) mbedtls: ssl_client.c:248 0x3ffb6124: got supported group(001b)

D (37640) mbedtls: ssl_client.c:280 0x3ffb6124: NamedGroup: bp384r1 ( 1b )

D (37640) mbedtls: ssl_client.c:248 0x3ffb6124: got supported group(001c)

D (37640) mbedtls: ssl_client.c:280 0x3ffb6124: NamedGroup: bp512r1 ( 1c )

D (37640) mbedtls: ssl_client.c:248 0x3ffb6124: got supported group(0100)

D (37640) mbedtls: ssl_client.c:248 0x3ffb6124: got supported group(0101)

D (37640) mbedtls: ssl_client.c:248 0x3ffb6124: got supported group(0102)

D (37640) mbedtls: ssl_client.c:248 0x3ffb6124: got supported group(0103)

D (37640) mbedtls: ssl_client.c:248 0x3ffb6124: got supported group(0104)

D (37640) mbedtls: ssl_client.c:300 0x3ffb6124: dumping 'Supported groups extension' (18 bytes)

D (37640) mbedtls: ssl_client.c:300 0x3ffb6124: 0000:  00 10 00 1d 00 17 00 18 00 1e 00 19 00 1a 00 1b  ................

D (37640) mbedtls: ssl_client.c:300 0x3ffb6124: 0010:  00 1c                                            ..

D (37640) mbedtls: ssl_tls.c:8276 0x3ffb6124: adding signature_algorithms extension

D (37640) mbedtls: ssl_tls.c:8296 0x3ffb6124: got signature scheme [603] ecdsa_secp521r1_sha512

D (37640) mbedtls: ssl_tls.c:8305 0x3ffb6124: sent signature scheme [603] ecdsa_secp521r1_sha512

D (37640) mbedtls: ssl_tls.c:8296 0x3ffb6124: got signature scheme [806] rsa_pss_rsae_sha512

D (37640) mbedtls: ssl_tls.c:8296 0x3ffb6124: got signature scheme [601] rsa_pkcs1_sha512

D (37640) mbedtls: ssl_tls.c:8305 0x3ffb6124: sent signature scheme [601] rsa_pkcs1_sha512

D (37640) mbedtls: ssl_tls.c:8296 0x3ffb6124: got signature scheme [503] ecdsa_secp384r1_sha384

D (37640) mbedtls: ssl_tls.c:8305 0x3ffb6124: sent signature scheme [503] ecdsa_secp384r1_sha384

D (37640) mbedtls: ssl_tls.c:8296 0x3ffb6124: got signature scheme [805] rsa_pss_rsae_sha384

D (37640) mbedtls: ssl_tls.c:8296 0x3ffb6124: got signature scheme [501] rsa_pkcs1_sha384

D (37640) mbedtls: ssl_tls.c:8305 0x3ffb6124: sent signature scheme [501] rsa_pkcs1_sha384

D (37640) mbedtls: ssl_tls.c:8296 0x3ffb6124: got signature scheme [403] ecdsa_secp256r1_sha256

D (37640) mbedtls: ssl_tls.c:8305 0x3ffb6124: sent signature scheme [403] ecdsa_secp256r1_sha256

D (37640) mbedtls: ssl_tls.c:8296 0x3ffb6124: got signature scheme [804] rsa_pss_rsae_sha256

D (37640) mbedtls: ssl_tls.c:8296 0x3ffb6124: got signature scheme [401] rsa_pkcs1_sha256

D (37640) mbedtls: ssl_tls.c:8305 0x3ffb6124: sent signature scheme [401] rsa_pkcs1_sha256

D (37640) mbedtls: ssl_tls12_client.c:103 0x3ffb6124: client hello, adding supported_point_formats extension

D (37640) mbedtls: ssl_tls12_client.c:287 0x3ffb6124: client hello, adding encrypt_then_mac extension

D (37640) mbedtls: ssl_tls12_client.c:319 0x3ffb6124: client hello, adding extended_master_secret extension

D (37640) mbedtls: ssl_tls12_client.c:352 0x3ffb6124: client hello, adding session ticket extension

D (37640) mbedtls: ssl_client.c:687 0x3ffb6124: client hello, total extension length: 58

D (37650) mbedtls: ssl_client.c:689 0x3ffb6124: dumping 'client hello extensions' (58 bytes)

D (37650) mbedtls: ssl_client.c:689 0x3ffb6124: 0000:  00 3a 00 0a 00 12 00 10 00 1d 00 17 00 18 00 1e  .:..............

D (37650) mbedtls: ssl_client.c:689 0x3ffb6124: 0010:  00 19 00 1a 00 1b 00 1c 00 0d 00 0e 00 0c 06 03  ................

D (37650) mbedtls: ssl_client.c:689 0x3ffb6124: 0020:  06 01 05 03 05 01 04 03 04 01 00 0b 00 02 01 00  ................

D (37650) mbedtls: ssl_client.c:689 0x3ffb6124: 0030:  00 16 00 00 00 17 00 00 00 23                    .........#

I (37650) mbedtls: ssl_msg.c:2494 0x3ffb6124: => write handshake message

I (37650) mbedtls: ssl_msg.c:2654 0x3ffb6124: => write record

D (37650) mbedtls: ssl_msg.c:2737 0x3ffb6124: output record: msgtype = 22, version = [3:3], msglen = 137

[mem-tick] t=   36071 ms phase=heal         free=217580
I (37650) mbedtls: ssl_msg.c:2790 0x3ffb6124: <= write record

I (37650) mbedtls: ssl_msg.c:2615 0x3ffb6124: <= write handshake message

D (37650) mbedtls: ssl_misc.h:1295 0x3ffb6124: handshake state: 1 (MBEDTLS_SSL_CLIENT_HELLO) -> 2 (MBEDTLS_SSL_SERVER_HELLO)

I (37650) mbedtls: ssl_client.c:1010 0x3ffb6124: <= write client hello

I (37650) mbedtls: ssl_msg.c:2063 0x3ffb6124: => flush output

I (37650) mbedtls: ssl_msg.c:2077 0x3ffb6124: message length: 142, out_left: 142

I (37650) mbedtls: ssl_msg.c:2084 0x3ffb6124: ssl->f_send() returned 142 (-0xffffff72)

I (37650) mbedtls: ssl_msg.c:2111 0x3ffb6124: <= flush output

I (37650) mbedtls: ssl_tls.c:4201 0x3ffb6124: client state: MBEDTLS_SSL_SERVER_HELLO

I (37650) mbedtls: ssl_tls12_client.c:1151 0x3ffb6124: => parse server hello

I (37650) mbedtls: ssl_msg.c:4040 0x3ffb6124: => read record

I (37660) mbedtls: ssl_msg.c:1865 0x3ffb6124: => fetch input

I (37660) mbedtls: ssl_msg.c:2005 0x3ffb6124: in_left: 0, nb_want: 5

I (37660) mbedtls: ssl_msg.c:2025 0x3ffb6124: in_left: 0, nb_want: 5

I (37660) mbedtls: ssl_msg.c:2028 0x3ffb6124: ssl->f_recv(_timeout)() returned 5 (-0xfffffffb)

I (37660) mbedtls: ssl_msg.c:2050 0x3ffb6124: <= fetch input

D (37660) mbedtls: ssl_msg.c:3707 0x3ffb6124: input record: msgtype = 22, version = [0x303], msglen = 65

I (37660) mbedtls: ssl_msg.c:1865 0x3ffb6124: => fetch input

I (37660) mbedtls: ssl_msg.c:2005 0x3ffb6124: in_left: 5, nb_want: 70

I (37660) mbedtls: ssl_msg.c:2025 0x3ffb6124: in_left: 5, nb_want: 70

I (37660) mbedtls: ssl_msg.c:2028 0x3ffb6124: ssl->f_recv(_timeout)() returned 65 (-0xffffffbf)

I (37660) mbedtls: ssl_msg.c:2050 0x3ffb6124: <= fetch input

D (37660) mbedtls: ssl_msg.c:2948 0x3ffb6124: handshake message: msglen = 65, type = 2, hslen = 65

D (37660) mbedtls: ssl_msg.c:3085 0x3ffb6124: sole handshake fragment: 65, 0..65 of 65

I (37660) mbedtls: ssl_msg.c:4112 0x3ffb6124: <= read record

D (37660) mbedtls: ssl_tls12_client.c:1225 0x3ffb6124: dumping 'server hello, version' (2 bytes)

D (37660) mbedtls: ssl_tls12_client.c:1225 0x3ffb6124: 0000:  03 03                                            ..

D (37660) mbedtls: ssl_tls12_client.c:1246 0x3ffb6124: server hello, current time: 1604720759

D (37670) mbedtls: ssl_tls12_client.c:1256 0x3ffb6124: dumping 'server hello, random bytes' (32 bytes)

D (37670) mbedtls: ssl_tls12_client.c:1256 0x3ffb6124: 0000:  5f a6 18 77 19 b0 6f 0c 0a 66 9d bf e6 cb d9 61  _..w..o..f.....a

D (37670) mbedtls: ssl_tls12_client.c:1256 0x3ffb6124: 0010:  bb 29 66 b9 a4 26 1d 65 7a 81 fc 5c ce 6b b4 ea  .)f..&.ez..\.k..

D (37670) mbedtls: ssl_tls12_client.c:1318 0x3ffb6124: server hello, session id len.: 0

D (37670) mbedtls: ssl_tls12_client.c:1319 0x3ffb6124: dumping 'server hello, session id' (0 bytes)

D (37670) mbedtls: ssl_misc.h:1295 0x3ffb6124: handshake state: 2 (MBEDTLS_SSL_SERVER_HELLO) -> 3 (MBEDTLS_SSL_SERVER_CERTIFICATE)

D (37670) mbedtls: ssl_tls12_client.c:1343 0x3ffb6124: no session has been resumed

D (37670) mbedtls: ssl_tls12_client.c:1346 0x3ffb6124: server hello, chosen ciphersuite: c030

D (37670) mbedtls: ssl_tls12_client.c:1347 0x3ffb6124: server hello, compress alg.: 0

D (37670) mbedtls: ssl_tls12_client.c:1382 0x3ffb6124: server hello, chosen ciphersuite: TLS-ECDHE-RSA-WITH-AES-256-GCM-SHA384

I (37670) mbedtls: ssl_tls12_client.c:1403 0x3ffb6124: server hello, total extension length: 21

D (37670) mbedtls: ssl_tls12_client.c:1421 0x3ffb6124: found renegotiation extension

D (37670) mbedtls: ssl_tls12_client.c:1500 0x3ffb6124: found supported_point_formats extension

D (37670) mbedtls: ssl_tls12_client.c:1486 0x3ffb6124: found session_ticket extension

D (37670) mbedtls: ssl_tls12_client.c:1473 0x3ffb6124: found extended_master_secret extension

I (37670) mbedtls: ssl_tls12_client.c:1617 0x3ffb6124: <= parse server hello

I (37680) mbedtls: ssl_msg.c:2063 0x3ffb6124: => flush output

I (37680) mbedtls: ssl_msg.c:2072 0x3ffb6124: <= flush output

I (37680) mbedtls: ssl_tls.c:4201 0x3ffb6124: client state: MBEDTLS_SSL_SERVER_CERTIFICATE

I (37680) mbedtls: ssl_tls.c:7077 0x3ffb6124: => parse certificate

I (37680) mbedtls: ssl_msg.c:4040 0x3ffb6124: => read record

I (37680) mbedtls: ssl_msg.c:1865 0x3ffb6124: => fetch input

I (37680) mbedtls: ssl_msg.c:2005 0x3ffb6124: in_left: 0, nb_want: 5

I (37680) mbedtls: ssl_msg.c:2025 0x3ffb6124: in_left: 0, nb_want: 5

I (37680) mbedtls: ssl_msg.c:2028 0x3ffb6124: ssl->f_recv(_timeout)() returned 5 (-0xfffffffb)

I (37680) mbedtls: ssl_msg.c:2050 0x3ffb6124: <= fetch input

D (37680) mbedtls: ssl_msg.c:3707 0x3ffb6124: input record: msgtype = 22, version = [0x303], msglen = 791

I (37680) mbedtls: ssl_msg.c:1865 0x3ffb6124: => fetch input

I (37680) mbedtls: ssl_msg.c:2005 0x3ffb6124: in_left: 5, nb_want: 796

I (37680) mbedtls: ssl_msg.c:2025 0x3ffb6124: in_left: 5, nb_want: 796

I (37680) mbedtls: ssl_msg.c:2028 0x3ffb6124: ssl->f_recv(_timeout)() returned 791 (-0xfffffce9)

I (37680) mbedtls: ssl_msg.c:2050 0x3ffb6124: <= fetch input

D (37690) mbedtls: ssl_msg.c:2948 0x3ffb6124: handshake message: msglen = 791, type = 11, hslen = 791

D (37690) mbedtls: ssl_msg.c:3085 0x3ffb6124: sole handshake fragment: 791, 0..791 of 791

I (37690) mbedtls: ssl_msg.c:4112 0x3ffb6124: <= read record

D (37690) mbedtls: ssl_tls.c:6952 0x3ffb6124: peer certificate #1:

D (37690) mbedtls: ssl_tls.c:6952 0x3ffb6124: cert. version     : 3

D (37690) mbedtls: ssl_tls.c:6952 0x3ffb6124: serial number     : 77:66:A5:9D:AF:14:9E:F2:03:F7:3C:2B:1A:5C:81:86:F8:A3:4E:52

D (37700) mbedtls: ssl_tls.c:6952 0x3ffb6124: issuer name       : CN=localhost

D (37700) mbedtls: ssl_tls.c:6952 0x3ffb6124: subject name      : CN=localhost

D (37700) mbedtls: ssl_tls.c:6952 0x3ffb6124: issued  on        : 2026-08-26 20:20:30

D (37700) mbedtls: ssl_tls.c:6952 0x3ffb6124: expires on        : 2026-09-25 20:20:30

D (37700) mbedtls: ssl_tls.c:6952 0x3ffb6124: signed using      : RSA with SHA-256

D (37700) mbedtls: ssl_tls.c:6952 0x3ffb6124: RSA key size      : 2048 bits

D (37700) mbedtls: ssl_tls.c:6952 0x3ffb6124: basic constraints : CA=true

D (37700) mbedtls: ssl_tls.c:6952 0x3ffb6124: dumping 'crt->PK' (270 bytes)

D (37700) mbedtls: ssl_tls.c:6952 0x3ffb6124: 0000:  30 82 01 0a 02 82 01 01 00 dd 03 19 3e 8f 4a 05

D (37700) mbedtls: ssl_tls.c:6952 0x3ffb6124: 0010:  9c d6 74 e1 46 bc 40 7a 7e af 78 09 38 f6 d0 1c

D (37700) mbedtls: ssl_tls.c:6952 0x3ffb6124: 0020:  9d e4 2b 18 4c a1 87 f6 83 55 82 2d e0 21 fb b2

D (37700) mbedtls: ssl_tls.c:6952 0x3ffb6124: 0030:  00 2f 9b 98 36 24 73 47 a2 11 bb 50 05 1c 9e 40

D (37700) mbedtls: ssl_tls.c:6952 0x3ffb6124: 0040:  41 c9 de 81 7e a1 eb 82 48 35 d0 51 24 0d 22 bd

D (37700) mbedtls: ssl_tls.c:6952 0x3ffb6124: 0050:  7e c7 0b 60 74 e2 60 3e 76 de c1 3d b5 9f e9 d2

D (37700) mbedtls: ssl_tls.c:6952 0x3ffb6124: 0060:  ac 90 d3 84 2a 75 7c 41 8a 11 14 c8 bc 09 7b 9d

D (37700) mbedtls: ssl_tls.c:6952 0x3ffb6124: 0070:  45 54 95 c1 50 05 be f1 34 c0 05 55 f5 a2 b3 a8

D (37700) mbedtls: ssl_tls.c:6952 0x3ffb6124: 0080:  24 f6 ab 22 df 72 97 ef b5 8f e4 fe 49 be 4f c1

D (37710) mbedtls: ssl_tls.c:6952 0x3ffb6124: 0090:  08 e0 39 7a cd ba 74 2e d1 20 74 ad 6b 59 ab 86

D (37710) mbedtls: ssl_tls.c:6952 0x3ffb6124: 00a0:  5d 29 ab 81 f0 c1 22 3f 01 b9 0b a1 fb ee 70 9f

D (37710) mbedtls: ssl_tls.c:6952 0x3ffb6124: 00b0:  eb 29 5e 9f 1d 6a 0d dc 65 fd 5e 5d 38 0c 1a c3

D (37710) mbedtls: ssl_tls.c:6952 0x3ffb6124: 00c0:  ae b7 b7 2f 66 23 82 80 ab 7d 69 7c 8f 95 ab e8

D (37710) mbedtls: ssl_tls.c:6952 0x3ffb6124: 00d0:  c0 4d 21 42 7d 78 c8 25 8b 60 f6 0d 87 c9 f4 df

D (37710) mbedtls: ssl_tls.c:6952 0x3ffb6124: 00e0:  36 bf 16 7c 59 16 d1 09 ec 17 67 cf 5d 9f 8f 78

D (37710) mbedtls: ssl_tls.c:6952 0x3ffb6124: 00f0:  8c 3d d0 02 18 d5 bc a7 19 f4 51 fe 1d b3 20 40

D (37710) mbedtls: ssl_tls.c:6952 0x3ffb6124: 0100:  67 7e 3a cc 30 f3 8d a0 ef 02 03 01 00 01      

I (37710) mbedtls: ssl_tls.c:7191 0x3ffb6124: <= parse certificate

D (37710) mbedtls: ssl_misc.h:1295 0x3ffb6124: handshake state: 3 (MBEDTLS_SSL_SERVER_CERTIFICATE) -> 4 (MBEDTLS_SSL_SERVER_KEY_EXCHANGE)

I (37710) mbedtls: ssl_msg.c:2063 0x3ffb6124: => flush output

I (37710) mbedtls: ssl_msg.c:2072 0x3ffb6124: <= flush output

I (37710) mbedtls: ssl_tls.c:4201 0x3ffb6124: client state: MBEDTLS_SSL_SERVER_KEY_EXCHANGE

I (37710) mbedtls: ssl_tls12_client.c:1831 0x3ffb6124: => parse server key exchange

I (37710) mbedtls: ssl_msg.c:4040 0x3ffb6124: => read record

I (37710) mbedtls: ssl_msg.c:1865 0x3ffb6124: => fetch input

I (37720) mbedtls: ssl_msg.c:2005 0x3ffb6124: in_left: 0, nb_want: 5

I (37720) mbedtls: ssl_msg.c:2025 0x3ffb6124: in_left: 0, nb_want: 5

I (37720) mbedtls: ssl_msg.c:2028 0x3ffb6124: ssl->f_recv(_timeout)() returned 5 (-0xfffffffb)

I (37720) mbedtls: ssl_msg.c:2050 0x3ffb6124: <= fetch input

D (37720) mbedtls: ssl_msg.c:3707 0x3ffb6124: input record: msgtype = 22, version = [0x303], msglen = 300

I (37720) mbedtls: ssl_msg.c:1865 0x3ffb6124: => fetch input

I (37720) mbedtls: ssl_msg.c:2005 0x3ffb6124: in_left: 5, nb_want: 305

I (37720) mbedtls: ssl_msg.c:2025 0x3ffb6124: in_left: 5, nb_want: 305

I (37720) mbedtls: ssl_msg.c:2028 0x3ffb6124: ssl->f_recv(_timeout)() returned 300 (-0xfffffed4)

I (37720) mbedtls: ssl_msg.c:2050 0x3ffb6124: <= fetch input

D (37720) mbedtls: ssl_msg.c:2948 0x3ffb6124: handshake message: msglen = 300, type = 12, hslen = 300

D (37720) mbedtls: ssl_msg.c:3085 0x3ffb6124: sole handshake fragment: 300, 0..300 of 300

I (37720) mbedtls: ssl_msg.c:4112 0x3ffb6124: <= read record

D (37720) mbedtls: ssl_tls12_client.c:1885 0x3ffb6124: dumping 'server key exchange' (296 bytes)

D (37730) mbedtls: ssl_tls12_client.c:1885 0x3ffb6124: 0000:  03 00 1d 20 7a 9b 00 f0 06 8c a7 a9 53 68 e2 a0  ... z.......Sh..

D (37730) mbedtls: ssl_tls12_client.c:1885 0x3ffb6124: 0010:  0a ed 9a df 14 b4 e5 13 f9 1b ba 57 16 82 cb 48  ...........W...H

D (37730) mbedtls: ssl_tls12_client.c:1885 0x3ffb6124: 0020:  d2 c5 00 4d 06 01 01 00 9c 11 8e a7 d4 7f 99 3f  ...M...........?

D (37730) mbedtls: ssl_tls12_client.c:1885 0x3ffb6124: 0030:  0b 00 2a ef fc d9 aa 30 77 f2 6d 5d 02 bd d8 e2  ..*....0w.m]....

D (37730) mbedtls: ssl_tls12_client.c:1885 0x3ffb6124: 0040:  f6 13 6b 5f 29 cb 28 98 1d fb 1e ee d5 84 da 1f  ..k_).(.........

D (37730) mbedtls: ssl_tls12_client.c:1885 0x3ffb6124: 0050:  45 75 f1 b2 c1 e7 62 ee 99 f3 5f fe 00 82 3c 1b  Eu....b..._...<.

D (37730) mbedtls: ssl_tls12_client.c:1885 0x3ffb6124: 0060:  fc 27 a8 88 23 d7 f1 7d d7 68 38 f9 95 06 89 0b  .'..#..}.h8.....

D (37730) mbedtls: ssl_tls12_client.c:1885 0x3ffb6124: 0070:  75 c0 31 3b e8 48 11 83 96 27 a2 ea 00 24 dc 48  u.1;.H...'...$.H

D (37730) mbedtls: ssl_tls12_client.c:1885 0x3ffb6124: 0080:  4e 0d b8 01 a5 90 a1 b7 94 da a2 4f 93 70 bc 86  N..........O.p..

D (37730) mbedtls: ssl_tls12_client.c:1885 0x3ffb6124: 0090:  8f e9 8a 0d 24 c0 ba 83 04 c0 50 31 1b d4 07 c2  ....$.....P1....

D (37730) mbedtls: ssl_tls12_client.c:1885 0x3ffb6124: 00a0:  6c a9 d9 10 6f b4 1f 50 b7 cd ce 17 7b bb af 08  l...o..P....{...

D (37730) mbedtls: ssl_tls12_client.c:1885 0x3ffb6124: 00b0:  14 34 71 0b a0 71 ab 61 d4 be df 06 f6 d9 2d ab  .4q..q.a......-.

D (37730) mbedtls: ssl_tls12_client.c:1885 0x3ffb6124: 00c0:  64 44 1c de 63 89 0f 0e 38 2b 59 4c e2 1b c1 ff  dD..c...8+YL....

D (37730) mbedtls: ssl_tls12_client.c:1885 0x3ffb6124: 00d0:  85 0d 00 f0 bc 93 14 08 36 b0 22 a5 d1 c5 99 dd  ........6.".....

D (37730) mbedtls: ssl_tls12_client.c:1885 0x3ffb6124: 00e0:  12 99 32 f0 c4 98 31 cc a3 c9 d2 ad dd 57 c8 63  ..2...1......W.c

D (37730) mbedtls: ssl_tls12_client.c:1885 0x3ffb6124: 00f0:  b6 03 f4 e9 82 a0 e0 e2 fb ef d8 ee 9a 7a a8 30  .............z.0

D (37730) mbedtls: ssl_tls12_client.c:1885 0x3ffb6124: 0100:  2e 76 6e ec 26 8a 19 41 cc f1 b9 32 b9 66 fd c6  .vn.&..A...2.f..

D (37730) mbedtls: ssl_tls12_client.c:1885 0x3ffb6124: 0110:  8a cc 66 c8 bc ea ac fc 50 cb f6 34 5e b1 46 c9  ..f.....P..4^.F.

D (37730) mbedtls: ssl_tls12_client.c:1885 0x3ffb6124: 0120:  28 b5 e6 89 c2 80 99 ec                          (.......

I (37730) mbedtls: ssl_tls12_client.c:1815 0x3ffb6124: Server used the signature algorithm rsa_pkcs1_sha512

D (37730) mbedtls: ssl_tls12_client.c:2047 0x3ffb6124: dumping 'signature' (256 bytes)

D (37730) mbedtls: ssl_tls12_client.c:2047 0x3ffb6124: 0000:  9c 11 8e a7 d4 7f 99 3f 0b 00 2a ef fc d9 aa 30  .......?..*....0

D (37730) mbedtls: ssl_tls12_client.c:2047 0x3ffb6124: 0010:  77 f2 6d 5d 02 bd d8 e2 f6 13 6b 5f 29 cb 28 98  w.m]......k_).(.

D (37740) mbedtls: ssl_tls12_client.c:2047 0x3ffb6124: 0020:  1d fb 1e ee d5 84 da 1f 45 75 f1 b2 c1 e7 62 ee  ........Eu....b.

D (37740) mbedtls: ssl_tls12_client.c:2047 0x3ffb6124: 0030:  99 f3 5f fe 00 82 3c 1b fc 27 a8 88 23 d7 f1 7d  .._...<..'..#..}

D (37740) mbedtls: ssl_tls12_client.c:2047 0x3ffb6124: 0040:  d7 68 38 f9 95 06 89 0b 75 c0 31 3b e8 48 11 83  .h8.....u.1;.H..

D (37740) mbedtls: ssl_tls12_client.c:2047 0x3ffb6124: 0050:  96 27 a2 ea 00 24 dc 48 4e 0d b8 01 a5 90 a1 b7  .'...$.HN.......

D (37740) mbedtls: ssl_tls12_client.c:2047 0x3ffb6124: 0060:  94 da a2 4f 93 70 bc 86 8f e9 8a 0d 24 c0 ba 83  ...O.p......$...

D (37740) mbedtls: ssl_tls12_client.c:2047 0x3ffb6124: 0070:  04 c0 50 31 1b d4 07 c2 6c a9 d9 10 6f b4 1f 50  ..P1....l...o..P

D (37740) mbedtls: ssl_tls12_client.c:2047 0x3ffb6124: 0080:  b7 cd ce 17 7b bb af 08 14 34 71 0b a0 71 ab 61  ....{....4q..q.a

D (37740) mbedtls: ssl_tls12_client.c:2047 0x3ffb6124: 0090:  d4 be df 06 f6 d9 2d ab 64 44 1c de 63 89 0f 0e  ......-.dD..c...

D (37740) mbedtls: ssl_tls12_client.c:2047 0x3ffb6124: 00a0:  38 2b 59 4c e2 1b c1 ff 85 0d 00 f0 bc 93 14 08  8+YL............

D (37740) mbedtls: ssl_tls12_client.c:2047 0x3ffb6124: 00b0:  36 b0 22 a5 d1 c5 99 dd 12 99 32 f0 c4 98 31 cc  6.".......2...1.

D (37740) mbedtls: ssl_tls12_client.c:2047 0x3ffb6124: 00c0:  a3 c9 d2 ad dd 57 c8 63 b6 03 f4 e9 82 a0 e0 e2  .....W.c........

D (37740) mbedtls: ssl_tls12_client.c:2047 0x3ffb6124: 00d0:  fb ef d8 ee 9a 7a a8 30 2e 76 6e ec 26 8a 19 41  .....z.0.vn.&..A

D (37740) mbedtls: ssl_tls12_client.c:2047 0x3ffb6124: 00e0:  cc f1 b9 32 b9 66 fd c6 8a cc 66 c8 bc ea ac fc  ...2.f....f.....

D (37740) mbedtls: ssl_tls12_client.c:2047 0x3ffb6124: 00f0:  50 cb f6 34 5e b1 46 c9 28 b5 e6 89 c2 80 99 ec  P..4^.F.(.......

D (37740) mbedtls: ssl_tls.c:8082 0x3ffb6124: Perform PSA-based computation of digest of ServerKeyExchange

D (37740) mbedtls: ssl_tls12_client.c:2064 0x3ffb6124: dumping 'parameters hash' (64 bytes)

D (37740) mbedtls: ssl_tls12_client.c:2064 0x3ffb6124: 0000:  48 ab 68 0c 86 30 85 64 a7 f9 f8 c0 36 89 82 6b  H.h..0.d....6..k

D (37740) mbedtls: ssl_tls12_client.c:2064 0x3ffb6124: 0010:  ee 12 30 fe ab ca 25 71 3d a2 53 c6 bc a4 81 1f  ..0...%q=.S.....

D (37740) mbedtls: ssl_tls12_client.c:2064 0x3ffb6124: 0020:  1a 3d a8 e9 b9 0b 58 ee 90 90 b6 09 a9 67 76 80  .=....X......gv.

D (37740) mbedtls: ssl_tls12_client.c:2064 0x3ffb6124: 0030:  fb 0d 66 23 20 ec 77 d8 46 7e 85 19 25 2e 1c 3a  ..f# .w.F~..%..:

[mem-tick] t=   36169 ms phase=heal         free=212860
D (37750) mbedtls: ssl_misc.h:1295 0x3ffb6124: handshake state: 4 (MBEDTLS_SSL_SERVER_KEY_EXCHANGE) -> 5 (MBEDTLS_SSL_CERTIFICATE_REQUEST)

I (37750) mbedtls: ssl_tls12_client.c:2118 0x3ffb6124: <= parse server key exchange

I (37750) mbedtls: ssl_msg.c:2063 0x3ffb6124: => flush output

I (37750) mbedtls: ssl_msg.c:2072 0x3ffb6124: <= flush output

I (37750) mbedtls: ssl_tls.c:4201 0x3ffb6124: client state: MBEDTLS_SSL_CERTIFICATE_REQUEST

I (37750) mbedtls: ssl_tls12_client.c:2157 0x3ffb6124: => parse certificate request

I (37750) mbedtls: ssl_msg.c:4040 0x3ffb6124: => read record

I (37750) mbedtls: ssl_msg.c:1865 0x3ffb6124: => fetch input

I (37750) mbedtls: ssl_msg.c:2005 0x3ffb6124: in_left: 0, nb_want: 5

I (37750) mbedtls: ssl_msg.c:2025 0x3ffb6124: in_left: 0, nb_want: 5

I (37750) mbedtls: ssl_msg.c:2028 0x3ffb6124: ssl->f_recv(_timeout)() returned 5 (-0xfffffffb)

I (37750) mbedtls: ssl_msg.c:2050 0x3ffb6124: <= fetch input

D (37750) mbedtls: ssl_msg.c:3707 0x3ffb6124: input record: msgtype = 22, version = [0x303], msglen = 4

I (37750) mbedtls: ssl_msg.c:1865 0x3ffb6124: => fetch input

I (37750) mbedtls: ssl_msg.c:2005 0x3ffb6124: in_left: 5, nb_want: 9

I (37750) mbedtls: ssl_msg.c:2025 0x3ffb6124: in_left: 5, nb_want: 9

I (37750) mbedtls: ssl_msg.c:2028 0x3ffb6124: ssl->f_recv(_timeout)() returned 4 (-0xfffffffc)

I (37750) mbedtls: ssl_msg.c:2050 0x3ffb6124: <= fetch input

D (37750) mbedtls: ssl_msg.c:2948 0x3ffb6124: handshake message: msglen = 4, type = 14, hslen = 4

D (37750) mbedtls: ssl_msg.c:3085 0x3ffb6124: sole handshake fragment: 4, 0..4 of 4

I (37750) mbedtls: ssl_msg.c:4112 0x3ffb6124: <= read record

D (37750) mbedtls: ssl_misc.h:1295 0x3ffb6124: handshake state: 5 (MBEDTLS_SSL_CERTIFICATE_REQUEST) -> 6 (MBEDTLS_SSL_SERVER_HELLO_DONE)

D (37750) mbedtls: ssl_tls12_client.c:2183 0x3ffb6124: got no certificate request

I (37750) mbedtls: ssl_tls12_client.c:2319 0x3ffb6124: <= parse certificate request

I (37750) mbedtls: ssl_msg.c:2063 0x3ffb6124: => flush output

I (37750) mbedtls: ssl_msg.c:2072 0x3ffb6124: <= flush output

I (37750) mbedtls: ssl_tls.c:4201 0x3ffb6124: client state: MBEDTLS_SSL_SERVER_HELLO_DONE

I (37750) mbedtls: ssl_tls12_client.c:2330 0x3ffb6124: => parse server hello done

I (37750) mbedtls: ssl_msg.c:4040 0x3ffb6124: => read record

I (37750) mbedtls: ssl_msg.c:4108 0x3ffb6124: reuse previously read message

I (37750) mbedtls: ssl_msg.c:4112 0x3ffb6124: <= read record

D (37750) mbedtls: ssl_misc.h:1295 0x3ffb6124: handshake state: 6 (MBEDTLS_SSL_SERVER_HELLO_DONE) -> 7 (MBEDTLS_SSL_CLIENT_CERTIFICATE)

I (37760) mbedtls: ssl_tls12_client.c:2358 0x3ffb6124: <= parse server hello done

I (37760) mbedtls: ssl_msg.c:2063 0x3ffb6124: => flush output

I (37760) mbedtls: ssl_msg.c:2072 0x3ffb6124: <= flush output

I (37760) mbedtls: ssl_tls.c:4201 0x3ffb6124: client state: MBEDTLS_SSL_CLIENT_CERTIFICATE

I (37760) mbedtls: ssl_tls.c:6675 0x3ffb6124: => write certificate

I (37760) mbedtls: ssl_tls.c:6686 0x3ffb6124: <= skip write certificate

D (37760) mbedtls: ssl_misc.h:1295 0x3ffb6124: handshake state: 7 (MBEDTLS_SSL_CLIENT_CERTIFICATE) -> 8 (MBEDTLS_SSL_CLIENT_KEY_EXCHANGE)

I (37760) mbedtls: ssl_msg.c:2063 0x3ffb6124: => flush output

I (37760) mbedtls: ssl_msg.c:2072 0x3ffb6124: <= flush output

I (37760) mbedtls: ssl_tls.c:4201 0x3ffb6124: client state: MBEDTLS_SSL_CLIENT_KEY_EXCHANGE

I (37760) mbedtls: ssl_tls12_client.c:2373 0x3ffb6124: => write client key exchange

D (37760) mbedtls: ssl_tls12_client.c:2387 0x3ffb6124: Perform PSA-based ECDH computation.

[mem-tick] t=   36269 ms phase=heal         free=216260
D (37900) mbedtls: ssl_misc.h:1295 0x3ffb6124: handshake state: 8 (MBEDTLS_SSL_CLIENT_KEY_EXCHANGE) -> 9 (MBEDTLS_SSL_CERTIFICATE_VERIFY)

I (37900) mbedtls: ssl_msg.c:2494 0x3ffb6124: => write handshake message

I (37900) mbedtls: ssl_msg.c:2654 0x3ffb6124: => write record

D (37900) mbedtls: ssl_msg.c:2737 0x3ffb6124: output record: msgtype = 22, version = [3:3], msglen = 37

I (37900) mbedtls: ssl_msg.c:2063 0x3ffb6124: => flush output

I (37900) mbedtls: ssl_msg.c:2077 0x3ffb6124: message length: 42, out_left: 42

I (37900) mbedtls: ssl_msg.c:2084 0x3ffb6124: ssl->f_send() returned 42 (-0xffffffd6)

I (37900) mbedtls: ssl_msg.c:2111 0x3ffb6124: <= flush output

I (37900) mbedtls: ssl_msg.c:2790 0x3ffb6124: <= write record

I (37900) mbedtls: ssl_msg.c:2615 0x3ffb6124: <= write handshake message

I (37900) mbedtls: ssl_tls12_client.c:2653 0x3ffb6124: <= write client key exchange

I (37900) mbedtls: ssl_msg.c:2063 0x3ffb6124: => flush output

I (37900) mbedtls: ssl_msg.c:2072 0x3ffb6124: <= flush output

I (37900) mbedtls: ssl_tls.c:4201 0x3ffb6124: client state: MBEDTLS_SSL_CERTIFICATE_VERIFY

I (37900) mbedtls: ssl_tls12_client.c:2701 0x3ffb6124: => write certificate verify

I (37900) mbedtls: ssl_tls.c:6466 0x3ffb6124: => derive keys

I (37900) mbedtls: ssl_tls.c:6557 0x3ffb6124: => PSA calc verify

D (37900) mbedtls: ssl_tls.c:6568 0x3ffb6124: dumping 'PSA calculated verify result' (48 bytes)

D (37900) mbedtls: ssl_tls.c:6568 0x3ffb6124: 0000:  b4 67 39 3a 0b 0b ba 0f f9 32 97 ea 55 eb 02 23  .g9:.....2..U..#

D (37900) mbedtls: ssl_tls.c:6568 0x3ffb6124: 0010:  a2 f7 dc af 1e b4 d0 5d 4b 6d b2 40 eb cc 85 1d  .......]Km.@....

D (37900) mbedtls: ssl_tls.c:6568 0x3ffb6124: 0020:  8a 10 54 40 fc d6 d6 b7 19 ad 41 de b2 9e f7 d3  ..T@......A.....

I (37900) mbedtls: ssl_tls.c:6569 0x3ffb6124: <= PSA calc verify

D (37900) mbedtls: ssl_tls.c:6308 0x3ffb6124: dumping 'session hash for extended master secret' (48 bytes)

D (37900) mbedtls: ssl_tls.c:6308 0x3ffb6124: 0000:  b4 67 39 3a 0b 0b ba 0f f9 32 97 ea 55 eb 02 23  .g9:.....2..U..#

D (37900) mbedtls: ssl_tls.c:6308 0x3ffb6124: 0010:  a2 f7 dc af 1e b4 d0 5d 4b 6d b2 40 eb cc 85 1d  .......]Km.@....

D (37900) mbedtls: ssl_tls.c:6308 0x3ffb6124: 0020:  8a 10 54 40 fc d6 d6 b7 19 ad 41 de b2 9e f7 d3  ..T@......A.....

D (37900) mbedtls: ssl_tls.c:6449 0x3ffb6124: dumping 'premaster secret' (32 bytes)

D (37900) mbedtls: ssl_tls.c:6449 0x3ffb6124: 0000:  ab 08 27 57 93 42 e1 e9 a6 d2 a1 dc f9 b3 e3 ee  ..'W.B..........

D (37900) mbedtls: ssl_tls.c:6449 0x3ffb6124: 0010:  87 b6 39 e3 b0 c9 c7 c8 9c b4 53 f9 5c 3b 48 11  ..9.......S.\;H.

D (37900) mbedtls: ssl_tls.c:7762 0x3ffb6124: ciphersuite = TLS-ECDHE-RSA-WITH-AES-256-GCM-SHA384

D (37900) mbedtls: ssl_tls.c:7764 0x3ffb6124: dumping 'master secret' (48 bytes)

D (37900) mbedtls: ssl_tls.c:7764 0x3ffb6124: 0000:  c1 10 7c 90 e1 75 46 84 bc 05 cd d1 80 af fb a7  ..|..uF.........

D (37900) mbedtls: ssl_tls.c:7764 0x3ffb6124: 0010:  24 96 94 f3 ff fb bd f1 41 62 40 82 d6 73 94 70  $.......Ab@..s.p

D (37900) mbedtls: ssl_tls.c:7764 0x3ffb6124: 0020:  09 56 f3 bd b9 7d 32 85 64 f8 be ef 07 cd 1c 74  .V...}2.d......t

D (37900) mbedtls: ssl_tls.c:7855 0x3ffb6124: keylen: 32, minlen: 24, ivlen: 12, maclen: 0

I (37900) mbedtls: ssl_tls.c:6517 0x3ffb6124: <= derive keys

I (37900) mbedtls: ssl_tls12_client.c:2723 0x3ffb6124: <= skip write certificate verify

D (37900) mbedtls: ssl_misc.h:1295 0x3ffb6124: handshake state: 9 (MBEDTLS_SSL_CERTIFICATE_VERIFY) -> 10 (MBEDTLS_SSL_CLIENT_CHANGE_CIPHER_SPEC)

I (37900) mbedtls: ssl_msg.c:2063 0x3ffb6124: => flush output

I (37900) mbedtls: ssl_msg.c:2072 0x3ffb6124: <= flush output

I (37900) mbedtls: ssl_tls.c:4201 0x3ffb6124: client state: MBEDTLS_SSL_CLIENT_CHANGE_CIPHER_SPEC

I (37900) mbedtls: ssl_msg.c:5087 0x3ffb6124: => write change cipher spec

D (37900) mbedtls: ssl_misc.h:1295 0x3ffb6124: handshake state: 10 (MBEDTLS_SSL_CLIENT_CHANGE_CIPHER_SPEC) -> 11 (MBEDTLS_SSL_CLIENT_FINISHED)

I (37900) mbedtls: ssl_msg.c:2494 0x3ffb6124: => write handshake message

I (37900) mbedtls: ssl_msg.c:2654 0x3ffb6124: => write record

D (37900) mbedtls: ssl_msg.c:2737 0x3ffb6124: output record: msgtype = 20, version = [3:3], msglen = 1

I (37900) mbedtls: ssl_msg.c:2063 0x3ffb6124: => flush output

I (37910) mbedtls: ssl_msg.c:2077 0x3ffb6124: message length: 6, out_left: 6

I (37910) mbedtls: ssl_msg.c:2084 0x3ffb6124: ssl->f_send() returned 6 (-0xfffffffa)

I (37910) mbedtls: ssl_msg.c:2111 0x3ffb6124: <= flush output

I (37910) mbedtls: ssl_msg.c:2790 0x3ffb6124: <= write record

I (37910) mbedtls: ssl_msg.c:2615 0x3ffb6124: <= write handshake message

I (37910) mbedtls: ssl_msg.c:5100 0x3ffb6124: <= write change cipher spec

I (37910) mbedtls: ssl_msg.c:2063 0x3ffb6124: => flush output

I (37910) mbedtls: ssl_msg.c:2072 0x3ffb6124: <= flush output

I (37910) mbedtls: ssl_tls.c:4201 0x3ffb6124: client state: MBEDTLS_SSL_CLIENT_FINISHED

I (37910) mbedtls: ssl_tls.c:7384 0x3ffb6124: => write finished

I (37910) mbedtls: ssl_tls.c:7235 0x3ffb6124: => calc PSA finished tls

D (37910) mbedtls: ssl_tls.c:7246 0x3ffb6124: dumping 'PSA calculated padbuf' (48 bytes)

D (37910) mbedtls: ssl_tls.c:7246 0x3ffb6124: 0000:  b4 67 39 3a 0b 0b ba 0f f9 32 97 ea 55 eb 02 23  .g9:.....2..U..#

D (37910) mbedtls: ssl_tls.c:7246 0x3ffb6124: 0010:  a2 f7 dc af 1e b4 d0 5d 4b 6d b2 40 eb cc 85 1d  .......]Km.@....

D (37910) mbedtls: ssl_tls.c:7246 0x3ffb6124: 0020:  8a 10 54 40 fc d6 d6 b7 19 ad 41 de b2 9e f7 d3  ..T@......A.....

D (37910) mbedtls: ssl_tls.c:7258 0x3ffb6124: dumping 'calc finished result' (12 bytes)

D (37910) mbedtls: ssl_tls.c:7258 0x3ffb6124: 0000:  86 bc 07 4d e2 3d d7 eb 47 dc 2f 63              ...M.=..G./c

I (37910) mbedtls: ssl_tls.c:7262 0x3ffb6124: <= calc finished

D (37910) mbedtls: ssl_misc.h:1295 0x3ffb6124: handshake state: 11 (MBEDTLS_SSL_CLIENT_FINISHED) -> 12 (MBEDTLS_SSL_SERVER_CHANGE_CIPHER_SPEC)

D (37910) mbedtls: ssl_tls.c:7434 0x3ffb6124: switching to new transform spec for outbound data

I (37910) mbedtls: ssl_msg.c:2494 0x3ffb6124: => write handshake message

I (37910) mbedtls: ssl_msg.c:2654 0x3ffb6124: => write record

I (37910) mbedtls: ssl_msg.c:808 0x3ffb6124: => encrypt buf

D (37910) mbedtls: ssl_msg.c:1036 0x3ffb6124: before encrypt: msglen = 16, including 0 bytes of padding

I (37910) mbedtls: ssl_msg.c:1265 0x3ffb6124: <= encrypt buf

D (37910) mbedtls: ssl_msg.c:2737 0x3ffb6124: output record: msgtype = 22, version = [3:3], msglen = 40

I (37910) mbedtls: ssl_msg.c:2063 0x3ffb6124: => flush output

I (37910) mbedtls: ssl_msg.c:2077 0x3ffb6124: message length: 45, out_left: 45

I (37910) mbedtls: ssl_msg.c:2084 0x3ffb6124: ssl->f_send() returned 45 (-0xffffffd3)

I (37910) mbedtls: ssl_msg.c:2111 0x3ffb6124: <= flush output

I (37910) mbedtls: ssl_msg.c:2790 0x3ffb6124: <= write record

I (37910) mbedtls: ssl_msg.c:2615 0x3ffb6124: <= write handshake message

I (37910) mbedtls: ssl_tls.c:7487 0x3ffb6124: <= write finished

I (37910) mbedtls: ssl_msg.c:2063 0x3ffb6124: => flush output

I (37910) mbedtls: ssl_msg.c:2072 0x3ffb6124: <= flush output

I (37910) mbedtls: ssl_tls.c:4201 0x3ffb6124: client state: MBEDTLS_SSL_SERVER_CHANGE_CIPHER_SPEC

D (37910) mbedtls: ssl_misc.h:1295 0x3ffb6124: handshake state: 12 (MBEDTLS_SSL_SERVER_CHANGE_CIPHER_SPEC) -> 16 (MBEDTLS_SSL_NEW_SESSION_TICKET)

I (37910) mbedtls: ssl_tls12_client.c:2829 0x3ffb6124: => parse new session ticket

I (37910) mbedtls: ssl_msg.c:4040 0x3ffb6124: => read record

I (37910) mbedtls: ssl_msg.c:1865 0x3ffb6124: => fetch input

I (37910) mbedtls: ssl_msg.c:2005 0x3ffb6124: in_left: 0, nb_want: 5

I (37910) mbedtls: ssl_msg.c:2025 0x3ffb6124: in_left: 0, nb_want: 5

I (37910) mbedtls: ssl_msg.c:2028 0x3ffb6124: ssl->f_recv(_timeout)() returned 5 (-0xfffffffb)

I (37910) mbedtls: ssl_msg.c:2050 0x3ffb6124: <= fetch input

D (37910) mbedtls: ssl_msg.c:3707 0x3ffb6124: input record: msgtype = 22, version = [0x303], msglen = 186

I (37910) mbedtls: ssl_msg.c:1865 0x3ffb6124: => fetch input

I (37910) mbedtls: ssl_msg.c:2005 0x3ffb6124: in_left: 5, nb_want: 191

I (37910) mbedtls: ssl_msg.c:2025 0x3ffb6124: in_left: 5, nb_want: 191

I (37910) mbedtls: ssl_msg.c:2028 0x3ffb6124: ssl->f_recv(_timeout)() returned 186 (-0xffffff46)

I (37910) mbedtls: ssl_msg.c:2050 0x3ffb6124: <= fetch input

D (37910) mbedtls: ssl_msg.c:2948 0x3ffb6124: handshake message: msglen = 186, type = 4, hslen = 186

D (37910) mbedtls: ssl_msg.c:3085 0x3ffb6124: sole handshake fragment: 186, 0..186 of 186

I (37920) mbedtls: ssl_msg.c:4112 0x3ffb6124: <= read record

D (37920) mbedtls: ssl_tls12_client.c:2876 0x3ffb6124: ticket length: 176

D (37920) mbedtls: ssl_misc.h:1295 0x3ffb6124: handshake state: 16 (MBEDTLS_SSL_NEW_SESSION_TICKET) -> 12 (MBEDTLS_SSL_SERVER_CHANGE_CIPHER_SPEC)

D (37920) mbedtls: ssl_tls12_client.c:2920 0x3ffb6124: ticket in use, discarding session id

I (37920) mbedtls: ssl_tls12_client.c:2923 0x3ffb6124: <= parse new session ticket

I (37920) mbedtls: ssl_msg.c:2063 0x3ffb6124: => flush output

I (37920) mbedtls: ssl_msg.c:2072 0x3ffb6124: <= flush output

I (37920) mbedtls: ssl_tls.c:4201 0x3ffb6124: client state: MBEDTLS_SSL_SERVER_CHANGE_CIPHER_SPEC

I (37920) mbedtls: ssl_msg.c:5109 0x3ffb6124: => parse change cipher spec

I (37920) mbedtls: ssl_msg.c:4040 0x3ffb6124: => read record

I (37920) mbedtls: ssl_msg.c:1865 0x3ffb6124: => fetch input

I (37920) mbedtls: ssl_msg.c:2005 0x3ffb6124: in_left: 0, nb_want: 5

I (37920) mbedtls: ssl_msg.c:2025 0x3ffb6124: in_left: 0, nb_want: 5

I (37920) mbedtls: ssl_msg.c:2028 0x3ffb6124: ssl->f_recv(_timeout)() returned 5 (-0xfffffffb)

I (37920) mbedtls: ssl_msg.c:2050 0x3ffb6124: <= fetch input

D (37920) mbedtls: ssl_msg.c:3707 0x3ffb6124: input record: msgtype = 20, version = [0x303], msglen = 1

I (37920) mbedtls: ssl_msg.c:1865 0x3ffb6124: => fetch input

I (37920) mbedtls: ssl_msg.c:2005 0x3ffb6124: in_left: 5, nb_want: 6

I (37920) mbedtls: ssl_msg.c:2025 0x3ffb6124: in_left: 5, nb_want: 6

I (37920) mbedtls: ssl_msg.c:2028 0x3ffb6124: ssl->f_recv(_timeout)() returned 1 (-0xffffffff)

I (37920) mbedtls: ssl_msg.c:2050 0x3ffb6124: <= fetch input

I (37920) mbedtls: ssl_msg.c:4112 0x3ffb6124: <= read record

D (37920) mbedtls: ssl_msg.c:5130 0x3ffb6124: switching to new transform spec for inbound data

D (37920) mbedtls: ssl_misc.h:1295 0x3ffb6124: handshake state: 12 (MBEDTLS_SSL_SERVER_CHANGE_CIPHER_SPEC) -> 13 (MBEDTLS_SSL_SERVER_FINISHED)

I (37920) mbedtls: ssl_msg.c:5157 0x3ffb6124: <= parse change cipher spec

I (37920) mbedtls: ssl_msg.c:2063 0x3ffb6124: => flush output

I (37920) mbedtls: ssl_msg.c:2072 0x3ffb6124: <= flush output

I (37920) mbedtls: ssl_tls.c:4201 0x3ffb6124: client state: MBEDTLS_SSL_SERVER_FINISHED

I (37920) mbedtls: ssl_tls.c:7500 0x3ffb6124: => parse finished

I (37920) mbedtls: ssl_tls.c:7235 0x3ffb6124: => calc PSA finished tls

D (37920) mbedtls: ssl_tls.c:7246 0x3ffb6124: dumping 'PSA calculated padbuf' (48 bytes)

D (37920) mbedtls: ssl_tls.c:7246 0x3ffb6124: 0000:  96 32 63 1e bc 84 9c 7c 1e 6a 3d f7 b3 b0 d4 ae  .2c....|.j=.....

D (37920) mbedtls: ssl_tls.c:7246 0x3ffb6124: 0010:  5e 9f 57 f6 a6 2f c0 69 81 90 e3 e4 e8 6d 94 87  ^.W../.i.....m..

D (37920) mbedtls: ssl_tls.c:7246 0x3ffb6124: 0020:  1c 4a 8c c2 eb a4 ab 2e 98 77 75 26 53 cc b1 fb  .J.......wu&S...

D (37920) mbedtls: ssl_tls.c:7258 0x3ffb6124: dumping 'calc finished result' (12 bytes)

D (37920) mbedtls: ssl_tls.c:7258 0x3ffb6124: 0000:  1f ff 84 3f 5e ef ea b6 f8 13 0d 80              ...?^.......

I (37920) mbedtls: ssl_tls.c:7262 0x3ffb6124: <= calc finished

I (37920) mbedtls: ssl_msg.c:4040 0x3ffb6124: => read record

I (37920) mbedtls: ssl_msg.c:1865 0x3ffb6124: => fetch input

I (37920) mbedtls: ssl_msg.c:2005 0x3ffb6124: in_left: 0, nb_want: 5

I (37920) mbedtls: ssl_msg.c:2025 0x3ffb6124: in_left: 0, nb_want: 5

I (37920) mbedtls: ssl_msg.c:2028 0x3ffb6124: ssl->f_recv(_timeout)() returned 5 (-0xfffffffb)

I (37920) mbedtls: ssl_msg.c:2050 0x3ffb6124: <= fetch input

D (37920) mbedtls: ssl_msg.c:3707 0x3ffb6124: input record: msgtype = 22, version = [0x303], msglen = 40

I (37920) mbedtls: ssl_msg.c:1865 0x3ffb6124: => fetch input

I (37920) mbedtls: ssl_msg.c:2005 0x3ffb6124: in_left: 5, nb_want: 45

I (37920) mbedtls: ssl_msg.c:2025 0x3ffb6124: in_left: 5, nb_want: 45

I (37920) mbedtls: ssl_msg.c:2028 0x3ffb6124: ssl->f_recv(_timeout)() returned 40 (-0xffffffd8)

I (37920) mbedtls: ssl_msg.c:2050 0x3ffb6124: <= fetch input

I (37920) mbedtls: ssl_msg.c:1301 0x3ffb6124: => decrypt buf

I (37920) mbedtls: ssl_msg.c:1831 0x3ffb6124: <= decrypt buf

D (37920) mbedtls: ssl_msg.c:2948 0x3ffb6124: handshake message: msglen = 16, type = 20, hslen = 16

D (37920) mbedtls: ssl_msg.c:3085 0x3ffb6124: sole handshake fragment: 16, 0..16 of 16

I (37920) mbedtls: ssl_msg.c:4112 0x3ffb6124: <= read record

D (37920) mbedtls: ssl_misc.h:1295 0x3ffb6124: handshake state: 13 (MBEDTLS_SSL_SERVER_FINISHED) -> 14 (MBEDTLS_SSL_FLUSH_BUFFERS)

I (37920) mbedtls: ssl_tls.c:7571 0x3ffb6124: <= parse finished

I (37920) mbedtls: ssl_msg.c:2063 0x3ffb6124: => flush output

I (37920) mbedtls: ssl_msg.c:2072 0x3ffb6124: <= flush output

I (37920) mbedtls: ssl_tls.c:4201 0x3ffb6124: client state: MBEDTLS_SSL_FLUSH_BUFFERS

I (37920) mbedtls: ssl_tls12_client.c:3031 0x3ffb6124: handshake: done

D (37920) mbedtls: ssl_misc.h:1295 0x3ffb6124: handshake state: 14 (MBEDTLS_SSL_FLUSH_BUFFERS) -> 15 (MBEDTLS_SSL_HANDSHAKE_WRAPUP)

I (37920) mbedtls: ssl_msg.c:2063 0x3ffb6124: => flush output

I (37920) mbedtls: ssl_msg.c:2072 0x3ffb6124: <= flush output

I (37920) mbedtls: ssl_tls.c:4201 0x3ffb6124: client state: MBEDTLS_SSL_HANDSHAKE_WRAPUP

D (37920) mbedtls: ssl_tls.c:7322 0x3ffb6124: => handshake wrapup

D (37920) mbedtls: ssl_tls.c:7296 0x3ffb6124: => handshake wrapup: final free

D (37920) mbedtls: ssl_tls.c:7315 0x3ffb6124: <= handshake wrapup: final free

D (37920) mbedtls: ssl_misc.h:1295 0x3ffb6124: handshake state: 15 (MBEDTLS_SSL_HANDSHAKE_WRAPUP) -> 27 (MBEDTLS_SSL_HANDSHAKE_OVER)

D (37920) mbedtls: ssl_tls.c:7376 0x3ffb6124: <= handshake wrapup

I (37920) mbedtls: ssl_tls.c:4293 0x3ffb6124: <= handshake

[phase-c] HEALED: handshake ok in 297675 us
[neg] version=TLSv1.2 suite=TLS-ECDHE-RSA-WITH-AES-256-GCM-SHA384 peer_cert=0 bytes

===== PHASE E: cert verification postures =====
--- E0: no verification option given (skip compiled in) ---
W (37930) esp-tls-mbedtls: skip_common_name=true: hostname matching and SNI disabled. This disables ALL server-name authentication (CN/SAN/SNI), not just CN. Only intended for loopback / debug clients.
D (37930) esp-tls: handshake in progress...
I (37930) mbedtls: ssl_tls.c:4282 0x3ffb6124: => handshake

I (37930) mbedtls: ssl_msg.c:2063 0x3ffb6124: => flush output

I (37930) mbedtls: ssl_msg.c:2072 0x3ffb6124: <= flush output

I (37930) mbedtls: ssl_tls.c:4201 0x3ffb6124: client state: MBEDTLS_SSL_HELLO_REQUEST

D (37930) mbedtls: ssl_misc.h:1295 0x3ffb6124: handshake state: 0 (MBEDTLS_SSL_HELLO_REQUEST) -> 1 (MBEDTLS_SSL_CLIENT_HELLO)

I (37930) mbedtls: ssl_msg.c:2063 0x3ffb6124: => flush output

I (37930) mbedtls: ssl_msg.c:2072 0x3ffb6124: <= flush output

I (37930) mbedtls: ssl_tls.c:4201 0x3ffb6124: client state: MBEDTLS_SSL_CLIENT_HELLO

I (37930) mbedtls: ssl_client.c:917 0x3ffb6124: => write client hello

D (37930) mbedtls: ssl_client.c:722 0x3ffb6124: client hello, current time: 36

D (37930) mbedtls: ssl_client.c:485 0x3ffb6124: dumping 'client hello, random bytes' (32 bytes)

D (37930) mbedtls: ssl_client.c:485 0x3ffb6124: 0000:  00 00 00 24 5a 04 2b 16 05 df f3 2b 91 dd 01 b1  ...$Z.+....+....

D (37930) mbedtls: ssl_client.c:485 0x3ffb6124: 0010:  15 ad 37 2f 40 44 ad e9 41 d3 37 e6 66 38 c6 cf  ..7/@D..A.7.f8..

D (37930) mbedtls: ssl_client.c:510 0x3ffb6124: dumping 'session id' (0 bytes)

D (37930) mbedtls: ssl_client.c:368 0x3ffb6124: client hello, add ciphersuite: c02c, TLS-ECDHE-ECDSA-WITH-AES-256-GCM-SHA384

D (37930) mbedtls: ssl_client.c:368 0x3ffb6124: client hello, add ciphersuite: c030, TLS-ECDHE-RSA-WITH-AES-256-GCM-SHA384

D (37930) mbedtls: ssl_client.c:368 0x3ffb6124: client hello, add ciphersuite: c0ad, TLS-ECDHE-ECDSA-WITH-AES-256-CCM

D (37930) mbedtls: ssl_client.c:368 0x3ffb6124: client hello, add ciphersuite: c024, TLS-ECDHE-ECDSA-WITH-AES-256-CBC-SHA384

D (37930) mbedtls: ssl_client.c:368 0x3ffb6124: client hello, add ciphersuite: c028, TLS-ECDHE-RSA-WITH-AES-256-CBC-SHA384

D (37930) mbedtls: ssl_client.c:368 0x3ffb6124: client hello, add ciphersuite: c00a, TLS-ECDHE-ECDSA-WITH-AES-256-CBC-SHA

D (37930) mbedtls: ssl_client.c:368 0x3ffb6124: client hello, add ciphersuite: c014, TLS-ECDHE-RSA-WITH-AES-256-CBC-SHA

D (37930) mbedtls: ssl_client.c:368 0x3ffb6124: client hello, add ciphersuite: c0af, TLS-ECDHE-ECDSA-WITH-AES-256-CCM-8

D (37930) mbedtls: ssl_client.c:368 0x3ffb6124: client hello, add ciphersuite: c02b, TLS-ECDHE-ECDSA-WITH-AES-128-GCM-SHA256

D (37930) mbedtls: ssl_client.c:368 0x3ffb6124: client hello, add ciphersuite: c02f, TLS-ECDHE-RSA-WITH-AES-128-GCM-SHA256

D (37930) mbedtls: ssl_client.c:368 0x3ffb6124: client hello, add ciphersuite: c0ac, TLS-ECDHE-ECDSA-WITH-AES-128-CCM

D (37930) mbedtls: ssl_client.c:368 0x3ffb6124: client hello, add ciphersuite: c023, TLS-ECDHE-ECDSA-WITH-AES-128-CBC-SHA256

D (37930) mbedtls: ssl_client.c:368 0x3ffb6124: client hello, add ciphersuite: c027, TLS-ECDHE-RSA-WITH-AES-128-CBC-SHA256

D (37930) mbedtls: ssl_client.c:368 0x3ffb6124: client hello, add ciphersuite: c009, TLS-ECDHE-ECDSA-WITH-AES-128-CBC-SHA

D (37930) mbedtls: ssl_client.c:368 0x3ffb6124: client hello, add ciphersuite: c013, TLS-ECDHE-RSA-WITH-AES-128-CBC-SHA

D (37930) mbedtls: ssl_client.c:368 0x3ffb6124: client hello, add ciphersuite: c0ae, TLS-ECDHE-ECDSA-WITH-AES-128-CCM-8

D (37930) mbedtls: ssl_client.c:386 0x3ffb6124: adding EMPTY_RENEGOTIATION_INFO_SCSV

D (37930) mbedtls: ssl_client.c:395 0x3ffb6124: client hello, got 17 cipher suites

D (37930) mbedtls: ssl_client.c:229 0x3ffb6124: client hello, adding supported_groups extension

D (37930) mbedtls: ssl_client.c:248 0x3ffb6124: got supported group(001d)

D (37930) mbedtls: ssl_client.c:280 0x3ffb6124: NamedGroup: x25519 ( 1d )

D (37930) mbedtls: ssl_client.c:248 0x3ffb6124: got supported group(0017)

D (37930) mbedtls: ssl_client.c:280 0x3ffb6124: NamedGroup: secp256r1 ( 17 )

D (37930) mbedtls: ssl_client.c:248 0x3ffb6124: got supported group(0018)

D (37930) mbedtls: ssl_client.c:280 0x3ffb6124: NamedGroup: secp384r1 ( 18 )

D (37930) mbedtls: ssl_client.c:248 0x3ffb6124: got supported group(001e)

D (37930) mbedtls: ssl_client.c:280 0x3ffb6124: NamedGroup: x448 ( 1e )

D (37930) mbedtls: ssl_client.c:248 0x3ffb6124: got supported group(0019)

D (37930) mbedtls: ssl_client.c:280 0x3ffb6124: NamedGroup: secp521r1 ( 19 )

D (37930) mbedtls: ssl_client.c:248 0x3ffb6124: got supported group(001a)

D (37930) mbedtls: ssl_client.c:280 0x3ffb6124: NamedGroup: bp256r1 ( 1a )

D (37930) mbedtls: ssl_client.c:248 0x3ffb6124: got supported group(001b)

D (37930) mbedtls: ssl_client.c:280 0x3ffb6124: NamedGroup: bp384r1 ( 1b )

D (37930) mbedtls: ssl_client.c:248 0x3ffb6124: got supported group(001c)

D (37930) mbedtls: ssl_client.c:280 0x3ffb6124: NamedGroup: bp512r1 ( 1c )

D (37930) mbedtls: ssl_client.c:248 0x3ffb6124: got supported group(0100)

D (37940) mbedtls: ssl_client.c:248 0x3ffb6124: got supported group(0101)

D (37940) mbedtls: ssl_client.c:248 0x3ffb6124: got supported group(0102)

D (37940) mbedtls: ssl_client.c:248 0x3ffb6124: got supported group(0103)

D (37940) mbedtls: ssl_client.c:248 0x3ffb6124: got supported group(0104)

D (37940) mbedtls: ssl_client.c:300 0x3ffb6124: dumping 'Supported groups extension' (18 bytes)

D (37940) mbedtls: ssl_client.c:300 0x3ffb6124: 0000:  00 10 00 1d 00 17 00 18 00 1e 00 19 00 1a 00 1b  ................

D (37940) mbedtls: ssl_client.c:300 0x3ffb6124: 0010:  00 1c                                            ..

D (37940) mbedtls: ssl_tls.c:8276 0x3ffb6124: adding signature_algorithms extension

D (37940) mbedtls: ssl_tls.c:8296 0x3ffb6124: got signature scheme [603] ecdsa_secp521r1_sha512

D (37940) mbedtls: ssl_tls.c:8305 0x3ffb6124: sent signature scheme [603] ecdsa_secp521r1_sha512

D (37940) mbedtls: ssl_tls.c:8296 0x3ffb6124: got signature scheme [806] rsa_pss_rsae_sha512

D (37940) mbedtls: ssl_tls.c:8296 0x3ffb6124: got signature scheme [601] rsa_pkcs1_sha512

D (37940) mbedtls: ssl_tls.c:8305 0x3ffb6124: sent signature scheme [601] rsa_pkcs1_sha512

D (37940) mbedtls: ssl_tls.c:8296 0x3ffb6124: got signature scheme [503] ecdsa_secp384r1_sha384

D (37940) mbedtls: ssl_tls.c:8305 0x3ffb6124: sent signature scheme [503] ecdsa_secp384r1_sha384

D (37940) mbedtls: ssl_tls.c:8296 0x3ffb6124: got signature scheme [805] rsa_pss_rsae_sha384

D (37940) mbedtls: ssl_tls.c:8296 0x3ffb6124: got signature scheme [501] rsa_pkcs1_sha384

D (37940) mbedtls: ssl_tls.c:8305 0x3ffb6124: sent signature scheme [501] rsa_pkcs1_sha384

D (37940) mbedtls: ssl_tls.c:8296 0x3ffb6124: got signature scheme [403] ecdsa_secp256r1_sha256

D (37940) mbedtls: ssl_tls.c:8305 0x3ffb6124: sent signature scheme [403] ecdsa_secp256r1_sha256

D (37940) mbedtls: ssl_tls.c:8296 0x3ffb6124: got signature scheme [804] rsa_pss_rsae_sha256

D (37940) mbedtls: ssl_tls.c:8296 0x3ffb6124: got signature scheme [401] rsa_pkcs1_sha256

D (37940) mbedtls: ssl_tls.c:8305 0x3ffb6124: sent signature scheme [401] rsa_pkcs1_sha256

D (37940) mbedtls: ssl_tls12_client.c:103 0x3ffb6124: client hello, adding supported_point_formats extension

D (37940) mbedtls: ssl_tls12_client.c:287 0x3ffb6124: client hello, adding encrypt_then_mac extension

D (37940) mbedtls: ssl_tls12_client.c:319 0x3ffb6124: client hello, adding extended_master_secret extension

D (37940) mbedtls: ssl_tls12_client.c:352 0x3ffb6124: client hello, adding session ticket extension

D (37940) mbedtls: ssl_client.c:687 0x3ffb6124: client hello, total extension length: 58

D (37940) mbedtls: ssl_client.c:689 0x3ffb6124: dumping 'client hello extensions' (58 bytes)

D (37940) mbedtls: ssl_client.c:689 0x3ffb6124: 0000:  00 3a 00 0a 00 12 00 10 00 1d 00 17 00 18 00 1e  .:..............

D (37940) mbedtls: ssl_client.c:689 0x3ffb6124: 0010:  00 19 00 1a 00 1b 00 1c 00 0d 00 0e 00 0c 06 03  ................

D (37940) mbedtls: ssl_client.c:689 0x3ffb6124: 0020:  06 01 05 03 05 01 04 03 04 01 00 0b 00 02 01 00  ................

D (37940) mbedtls: ssl_client.c:689 0x3ffb6124: 0030:  00 16 00 00 00 17 00 00 00 23                    .........#

I (37940) mbedtls: ssl_msg.c:2494 0x3ffb6124: => write handshake message

I (37940) mbedtls: ssl_msg.c:2654 0x3ffb6124: => write record

D (37940) mbedtls: ssl_msg.c:2737 0x3ffb6124: output record: msgtype = 22, version = [3:3], msglen = 137

I (37940) mbedtls: ssl_msg.c:2790 0x3ffb6124: <= write record

I (37940) mbedtls: ssl_msg.c:2615 0x3ffb6124: <= write handshake message

D (37940) mbedtls: ssl_misc.h:1295 0x3ffb6124: handshake state: 1 (MBEDTLS_SSL_CLIENT_HELLO) -> 2 (MBEDTLS_SSL_SERVER_HELLO)

I (37940) mbedtls: ssl_client.c:1010 0x3ffb6124: <= write client hello

I (37940) mbedtls: ssl_msg.c:2063 0x3ffb6124: => flush output

I (37940) mbedtls: ssl_msg.c:2077 0x3ffb6124: message length: 142, out_left: 142

I (37940) mbedtls: ssl_msg.c:2084 0x3ffb6124: ssl->f_send() returned 142 (-0xffffff72)

I (37940) mbedtls: ssl_msg.c:2111 0x3ffb6124: <= flush output

I (37940) mbedtls: ssl_tls.c:4201 0x3ffb6124: client state: MBEDTLS_SSL_SERVER_HELLO

I (37940) mbedtls: ssl_tls12_client.c:1151 0x3ffb6124: => parse server hello

I (37940) mbedtls: ssl_msg.c:4040 0x3ffb6124: => read record

I (37940) mbedtls: ssl_msg.c:1865 0x3ffb6124: => fetch input

I (37940) mbedtls: ssl_msg.c:2005 0x3ffb6124: in_left: 0, nb_want: 5

I (37940) mbedtls: ssl_msg.c:2025 0x3ffb6124: in_left: 0, nb_want: 5

I (37940) mbedtls: ssl_msg.c:2028 0x3ffb6124: ssl->f_recv(_timeout)() returned 5 (-0xfffffffb)

I (37940) mbedtls: ssl_msg.c:2050 0x3ffb6124: <= fetch input

D (37940) mbedtls: ssl_msg.c:3707 0x3ffb6124: input record: msgtype = 22, version = [0x303], msglen = 65

I (37940) mbedtls: ssl_msg.c:1865 0x3ffb6124: => fetch input

I (37940) mbedtls: ssl_msg.c:2005 0x3ffb6124: in_left: 5, nb_want: 70

I (37940) mbedtls: ssl_msg.c:2025 0x3ffb6124: in_left: 5, nb_want: 70

I (37940) mbedtls: ssl_msg.c:2028 0x3ffb6124: ssl->f_recv(_timeout)() returned 65 (-0xffffffbf)

I (37940) mbedtls: ssl_msg.c:2050 0x3ffb6124: <= fetch input

D (37940) mbedtls: ssl_msg.c:2948 0x3ffb6124: handshake message: msglen = 65, type = 2, hslen = 65

D (37940) mbedtls: ssl_msg.c:3085 0x3ffb6124: sole handshake fragment: 65, 0..65 of 65

I (37940) mbedtls: ssl_msg.c:4112 0x3ffb6124: <= read record

D (37940) mbedtls: ssl_tls12_client.c:1225 0x3ffb6124: dumping 'server hello, version' (2 bytes)

[mem-tick] t=   36369 ms phase=e0           free=216004
D (37950) mbedtls: ssl_tls12_client.c:1225 0x3ffb6124: 0000:  03 03                                            ..

D (37950) mbedtls: ssl_tls12_client.c:1246 0x3ffb6124: server hello, current time: 193349320

D (37950) mbedtls: ssl_tls12_client.c:1256 0x3ffb6124: dumping 'server hello, random bytes' (32 bytes)

D (37950) mbedtls: ssl_tls12_client.c:1256 0x3ffb6124: 0000:  0b 86 46 c8 4c 6e 50 3b 1c eb 29 0c cd fb 76 04  ..F.LnP;..)...v.

D (37950) mbedtls: ssl_tls12_client.c:1256 0x3ffb6124: 0010:  da cb a1 23 3a 88 0f 4c 30 d1 d1 7d c4 b1 62 37  ...#:..L0..}..b7

D (37950) mbedtls: ssl_tls12_client.c:1318 0x3ffb6124: server hello, session id len.: 0

D (37950) mbedtls: ssl_tls12_client.c:1319 0x3ffb6124: dumping 'server hello, session id' (0 bytes)

D (37950) mbedtls: ssl_misc.h:1295 0x3ffb6124: handshake state: 2 (MBEDTLS_SSL_SERVER_HELLO) -> 3 (MBEDTLS_SSL_SERVER_CERTIFICATE)

D (37950) mbedtls: ssl_tls12_client.c:1343 0x3ffb6124: no session has been resumed

D (37950) mbedtls: ssl_tls12_client.c:1346 0x3ffb6124: server hello, chosen ciphersuite: c030

D (37950) mbedtls: ssl_tls12_client.c:1347 0x3ffb6124: server hello, compress alg.: 0

D (37950) mbedtls: ssl_tls12_client.c:1382 0x3ffb6124: server hello, chosen ciphersuite: TLS-ECDHE-RSA-WITH-AES-256-GCM-SHA384

I (37950) mbedtls: ssl_tls12_client.c:1403 0x3ffb6124: server hello, total extension length: 21

D (37950) mbedtls: ssl_tls12_client.c:1421 0x3ffb6124: found renegotiation extension

D (37950) mbedtls: ssl_tls12_client.c:1500 0x3ffb6124: found supported_point_formats extension

D (37950) mbedtls: ssl_tls12_client.c:1486 0x3ffb6124: found session_ticket extension

D (37950) mbedtls: ssl_tls12_client.c:1473 0x3ffb6124: found extended_master_secret extension

I (37950) mbedtls: ssl_tls12_client.c:1617 0x3ffb6124: <= parse server hello

I (37950) mbedtls: ssl_msg.c:2063 0x3ffb6124: => flush output

I (37950) mbedtls: ssl_msg.c:2072 0x3ffb6124: <= flush output

I (37950) mbedtls: ssl_tls.c:4201 0x3ffb6124: client state: MBEDTLS_SSL_SERVER_CERTIFICATE

I (37950) mbedtls: ssl_tls.c:7077 0x3ffb6124: => parse certificate

I (37950) mbedtls: ssl_msg.c:4040 0x3ffb6124: => read record

I (37950) mbedtls: ssl_msg.c:1865 0x3ffb6124: => fetch input

I (37950) mbedtls: ssl_msg.c:2005 0x3ffb6124: in_left: 0, nb_want: 5

I (37950) mbedtls: ssl_msg.c:2025 0x3ffb6124: in_left: 0, nb_want: 5

I (37950) mbedtls: ssl_msg.c:2028 0x3ffb6124: ssl->f_recv(_timeout)() returned 5 (-0xfffffffb)

I (37950) mbedtls: ssl_msg.c:2050 0x3ffb6124: <= fetch input

D (37950) mbedtls: ssl_msg.c:3707 0x3ffb6124: input record: msgtype = 22, version = [0x303], msglen = 791

I (37950) mbedtls: ssl_msg.c:1865 0x3ffb6124: => fetch input

I (37950) mbedtls: ssl_msg.c:2005 0x3ffb6124: in_left: 5, nb_want: 796

I (37950) mbedtls: ssl_msg.c:2025 0x3ffb6124: in_left: 5, nb_want: 796

I (37950) mbedtls: ssl_msg.c:2028 0x3ffb6124: ssl->f_recv(_timeout)() returned 791 (-0xfffffce9)

I (37950) mbedtls: ssl_msg.c:2050 0x3ffb6124: <= fetch input

D (37950) mbedtls: ssl_msg.c:2948 0x3ffb6124: handshake message: msglen = 791, type = 11, hslen = 791

D (37950) mbedtls: ssl_msg.c:3085 0x3ffb6124: sole handshake fragment: 791, 0..791 of 791

I (37950) mbedtls: ssl_msg.c:4112 0x3ffb6124: <= read record

D (37950) mbedtls: ssl_tls.c:6952 0x3ffb6124: peer certificate #1:

D (37950) mbedtls: ssl_tls.c:6952 0x3ffb6124: cert. version     : 3

D (37950) mbedtls: ssl_tls.c:6952 0x3ffb6124: serial number     : 77:66:A5:9D:AF:14:9E:F2:03:F7:3C:2B:1A:5C:81:86:F8:A3:4E:52

D (37950) mbedtls: ssl_tls.c:6952 0x3ffb6124: issuer name       : CN=localhost

D (37950) mbedtls: ssl_tls.c:6952 0x3ffb6124: subject name      : CN=localhost

D (37950) mbedtls: ssl_tls.c:6952 0x3ffb6124: issued  on        : 2026-08-26 20:20:30

D (37950) mbedtls: ssl_tls.c:6952 0x3ffb6124: expires on        : 2026-09-25 20:20:30

D (37950) mbedtls: ssl_tls.c:6952 0x3ffb6124: signed using      : RSA with SHA-256

D (37950) mbedtls: ssl_tls.c:6952 0x3ffb6124: RSA key size      : 2048 bits

D (37950) mbedtls: ssl_tls.c:6952 0x3ffb6124: basic constraints : CA=true

D (37950) mbedtls: ssl_tls.c:6952 0x3ffb6124: dumping 'crt->PK' (270 bytes)

D (37950) mbedtls: ssl_tls.c:6952 0x3ffb6124: 0000:  30 82 01 0a 02 82 01 01 00 dd 03 19 3e 8f 4a 05

D (37950) mbedtls: ssl_tls.c:6952 0x3ffb6124: 0010:  9c d6 74 e1 46 bc 40 7a 7e af 78 09 38 f6 d0 1c

D (37950) mbedtls: ssl_tls.c:6952 0x3ffb6124: 0020:  9d e4 2b 18 4c a1 87 f6 83 55 82 2d e0 21 fb b2

D (37950) mbedtls: ssl_tls.c:6952 0x3ffb6124: 0030:  00 2f 9b 98 36 24 73 47 a2 11 bb 50 05 1c 9e 40

D (37950) mbedtls: ssl_tls.c:6952 0x3ffb6124: 0040:  41 c9 de 81 7e a1 eb 82 48 35 d0 51 24 0d 22 bd

D (37960) mbedtls: ssl_tls.c:6952 0x3ffb6124: 0050:  7e c7 0b 60 74 e2 60 3e 76 de c1 3d b5 9f e9 d2

D (37960) mbedtls: ssl_tls.c:6952 0x3ffb6124: 0060:  ac 90 d3 84 2a 75 7c 41 8a 11 14 c8 bc 09 7b 9d

D (37960) mbedtls: ssl_tls.c:6952 0x3ffb6124: 0070:  45 54 95 c1 50 05 be f1 34 c0 05 55 f5 a2 b3 a8

D (37960) mbedtls: ssl_tls.c:6952 0x3ffb6124: 0080:  24 f6 ab 22 df 72 97 ef b5 8f e4 fe 49 be 4f c1

D (37960) mbedtls: ssl_tls.c:6952 0x3ffb6124: 0090:  08 e0 39 7a cd ba 74 2e d1 20 74 ad 6b 59 ab 86

D (37960) mbedtls: ssl_tls.c:6952 0x3ffb6124: 00a0:  5d 29 ab 81 f0 c1 22 3f 01 b9 0b a1 fb ee 70 9f

D (37960) mbedtls: ssl_tls.c:6952 0x3ffb6124: 00b0:  eb 29 5e 9f 1d 6a 0d dc 65 fd 5e 5d 38 0c 1a c3

D (37960) mbedtls: ssl_tls.c:6952 0x3ffb6124: 00c0:  ae b7 b7 2f 66 23 82 80 ab 7d 69 7c 8f 95 ab e8

D (37960) mbedtls: ssl_tls.c:6952 0x3ffb6124: 00d0:  c0 4d 21 42 7d 78 c8 25 8b 60 f6 0d 87 c9 f4 df

D (37960) mbedtls: ssl_tls.c:6952 0x3ffb6124: 00e0:  36 bf 16 7c 59 16 d1 09 ec 17 67 cf 5d 9f 8f 78

D (37960) mbedtls: ssl_tls.c:6952 0x3ffb6124: 00f0:  8c 3d d0 02 18 d5 bc a7 19 f4 51 fe 1d b3 20 40

D (37960) mbedtls: ssl_tls.c:6952 0x3ffb6124: 0100:  67 7e 3a cc 30 f3 8d a0 ef 02 03 01 00 01      

I (37960) mbedtls: ssl_tls.c:7191 0x3ffb6124: <= parse certificate

D (37960) mbedtls: ssl_misc.h:1295 0x3ffb6124: handshake state: 3 (MBEDTLS_SSL_SERVER_CERTIFICATE) -> 4 (MBEDTLS_SSL_SERVER_KEY_EXCHANGE)

I (37960) mbedtls: ssl_msg.c:2063 0x3ffb6124: => flush output

I (37960) mbedtls: ssl_msg.c:2072 0x3ffb6124: <= flush output

I (37960) mbedtls: ssl_tls.c:4201 0x3ffb6124: client state: MBEDTLS_SSL_SERVER_KEY_EXCHANGE

I (37960) mbedtls: ssl_tls12_client.c:1831 0x3ffb6124: => parse server key exchange

I (37960) mbedtls: ssl_msg.c:4040 0x3ffb6124: => read record

I (37960) mbedtls: ssl_msg.c:1865 0x3ffb6124: => fetch input

I (37960) mbedtls: ssl_msg.c:2005 0x3ffb6124: in_left: 0, nb_want: 5

I (37960) mbedtls: ssl_msg.c:2025 0x3ffb6124: in_left: 0, nb_want: 5

I (37960) mbedtls: ssl_msg.c:2028 0x3ffb6124: ssl->f_recv(_timeout)() returned 5 (-0xfffffffb)

I (37960) mbedtls: ssl_msg.c:2050 0x3ffb6124: <= fetch input

D (37960) mbedtls: ssl_msg.c:3707 0x3ffb6124: input record: msgtype = 22, version = [0x303], msglen = 300

I (37960) mbedtls: ssl_msg.c:1865 0x3ffb6124: => fetch input

I (37960) mbedtls: ssl_msg.c:2005 0x3ffb6124: in_left: 5, nb_want: 305

I (37960) mbedtls: ssl_msg.c:2025 0x3ffb6124: in_left: 5, nb_want: 305

I (37960) mbedtls: ssl_msg.c:2028 0x3ffb6124: ssl->f_recv(_timeout)() returned 300 (-0xfffffed4)

I (37960) mbedtls: ssl_msg.c:2050 0x3ffb6124: <= fetch input

D (37960) mbedtls: ssl_msg.c:2948 0x3ffb6124: handshake message: msglen = 300, type = 12, hslen = 300

D (37960) mbedtls: ssl_msg.c:3085 0x3ffb6124: sole handshake fragment: 300, 0..300 of 300

I (37960) mbedtls: ssl_msg.c:4112 0x3ffb6124: <= read record

D (37960) mbedtls: ssl_tls12_client.c:1885 0x3ffb6124: dumping 'server key exchange' (296 bytes)

D (37960) mbedtls: ssl_tls12_client.c:1885 0x3ffb6124: 0000:  03 00 1d 20 f2 ed f5 ce 41 c5 8d 41 88 05 0e c1  ... ....A..A....

D (37960) mbedtls: ssl_tls12_client.c:1885 0x3ffb6124: 0010:  64 8d a3 44 a2 e4 02 be ee 75 cd 0c 14 3c 4c f6  d..D.....u...<L.

D (37960) mbedtls: ssl_tls12_client.c:1885 0x3ffb6124: 0020:  3a 0d da 58 06 01 01 00 23 4f 22 6d 29 05 fd c6  :..X....#O"m)...

D (37960) mbedtls: ssl_tls12_client.c:1885 0x3ffb6124: 0030:  7a f0 cb 12 bb 4e f8 9e b3 78 fa 78 a5 5a 39 b9  z....N...x.x.Z9.

D (37960) mbedtls: ssl_tls12_client.c:1885 0x3ffb6124: 0040:  76 13 1e 5a c1 02 09 24 e3 26 07 fd 9f f8 68 0e  v..Z...$.&....h.

D (37960) mbedtls: ssl_tls12_client.c:1885 0x3ffb6124: 0050:  e7 9b b2 ee 27 fb 6d 25 c5 2e 3e 6a f2 5c 0e ff  ....'.m%..>j.\..

D (37960) mbedtls: ssl_tls12_client.c:1885 0x3ffb6124: 0060:  61 4d 34 2f 44 08 37 98 77 a3 b7 4f e6 41 e0 75  aM4/D.7.w..O.A.u

D (37960) mbedtls: ssl_tls12_client.c:1885 0x3ffb6124: 0070:  e1 f6 7f f0 53 fc e9 51 69 a3 ea 1f 20 67 9b 7f  ....S..Qi... g..

D (37960) mbedtls: ssl_tls12_client.c:1885 0x3ffb6124: 0080:  a7 1c 97 cc 7b 0e 0a 67 2b 47 4d 6b f7 82 f5 8e  ....{..g+GMk....

D (37960) mbedtls: ssl_tls12_client.c:1885 0x3ffb6124: 0090:  86 74 55 e8 b1 f5 a9 20 35 77 a5 85 56 00 b3 8d  .tU.... 5w..V...

D (37960) mbedtls: ssl_tls12_client.c:1885 0x3ffb6124: 00a0:  9d ae e0 61 fc 11 a5 12 b0 2a 6c 47 cd 5a 51 f6  ...a.....*lG.ZQ.

D (37960) mbedtls: ssl_tls12_client.c:1885 0x3ffb6124: 00b0:  21 c0 c1 0f c0 18 7b cf 7f 04 09 3e 8d 23 0c 02  !.....{....>.#..

D (37960) mbedtls: ssl_tls12_client.c:1885 0x3ffb6124: 00c0:  c7 ac 00 18 d0 46 30 55 2b 45 f4 6f ec 08 e6 e3  .....F0U+E.o....

D (37960) mbedtls: ssl_tls12_client.c:1885 0x3ffb6124: 00d0:  0e c2 f1 d3 26 76 fc 70 54 ef eb eb 85 da 2e 5d  ....&v.pT......]

D (37960) mbedtls: ssl_tls12_client.c:1885 0x3ffb6124: 00e0:  75 91 5a 07 62 9d 47 9f 5a d6 fe 0b 9e 59 23 99  u.Z.b.G.Z....Y#.

D (37960) mbedtls: ssl_tls12_client.c:1885 0x3ffb6124: 00f0:  a5 41 ce 42 1a e4 ea 85 23 3f 17 57 82 ec 88 69  .A.B....#?.W...i

D (37960) mbedtls: ssl_tls12_client.c:1885 0x3ffb6124: 0100:  56 82 b8 b8 c5 bf 72 d6 4d 09 7a e0 06 2a f6 4e  V.....r.M.z..*.N

D (37960) mbedtls: ssl_tls12_client.c:1885 0x3ffb6124: 0110:  b1 8b 4b 2c 43 d8 8a e3 4d 5e 5e 60 19 d0 2c e0  ..K,C...M^^`..,.

D (37960) mbedtls: ssl_tls12_client.c:1885 0x3ffb6124: 0120:  a6 43 c9 60 b1 fb d9 2b                          .C.`...+

I (37960) mbedtls: ssl_tls12_client.c:1815 0x3ffb6124: Server used the signature algorithm rsa_pkcs1_sha512

D (37960) mbedtls: ssl_tls12_client.c:2047 0x3ffb6124: dumping 'signature' (256 bytes)

D (37960) mbedtls: ssl_tls12_client.c:2047 0x3ffb6124: 0000:  23 4f 22 6d 29 05 fd c6 7a f0 cb 12 bb 4e f8 9e  #O"m)...z....N..

D (37960) mbedtls: ssl_tls12_client.c:2047 0x3ffb6124: 0010:  b3 78 fa 78 a5 5a 39 b9 76 13 1e 5a c1 02 09 24  .x.x.Z9.v..Z...$

D (37970) mbedtls: ssl_tls12_client.c:2047 0x3ffb6124: 0020:  e3 26 07 fd 9f f8 68 0e e7 9b b2 ee 27 fb 6d 25  .&....h.....'.m%

D (37970) mbedtls: ssl_tls12_client.c:2047 0x3ffb6124: 0030:  c5 2e 3e 6a f2 5c 0e ff 61 4d 34 2f 44 08 37 98  ..>j.\..aM4/D.7.

D (37970) mbedtls: ssl_tls12_client.c:2047 0x3ffb6124: 0040:  77 a3 b7 4f e6 41 e0 75 e1 f6 7f f0 53 fc e9 51  w..O.A.u....S..Q

D (37970) mbedtls: ssl_tls12_client.c:2047 0x3ffb6124: 0050:  69 a3 ea 1f 20 67 9b 7f a7 1c 97 cc 7b 0e 0a 67  i... g......{..g

D (37970) mbedtls: ssl_tls12_client.c:2047 0x3ffb6124: 0060:  2b 47 4d 6b f7 82 f5 8e 86 74 55 e8 b1 f5 a9 20  +GMk.....tU.... 

D (37970) mbedtls: ssl_tls12_client.c:2047 0x3ffb6124: 0070:  35 77 a5 85 56 00 b3 8d 9d ae e0 61 fc 11 a5 12  5w..V......a....

D (37970) mbedtls: ssl_tls12_client.c:2047 0x3ffb6124: 0080:  b0 2a 6c 47 cd 5a 51 f6 21 c0 c1 0f c0 18 7b cf  .*lG.ZQ.!.....{.

D (37970) mbedtls: ssl_tls12_client.c:2047 0x3ffb6124: 0090:  7f 04 09 3e 8d 23 0c 02 c7 ac 00 18 d0 46 30 55  ...>.#.......F0U

D (37970) mbedtls: ssl_tls12_client.c:2047 0x3ffb6124: 00a0:  2b 45 f4 6f ec 08 e6 e3 0e c2 f1 d3 26 76 fc 70  +E.o........&v.p

D (37970) mbedtls: ssl_tls12_client.c:2047 0x3ffb6124: 00b0:  54 ef eb eb 85 da 2e 5d 75 91 5a 07 62 9d 47 9f  T......]u.Z.b.G.

D (37970) mbedtls: ssl_tls12_client.c:2047 0x3ffb6124: 00c0:  5a d6 fe 0b 9e 59 23 99 a5 41 ce 42 1a e4 ea 85  Z....Y#..A.B....

D (37970) mbedtls: ssl_tls12_client.c:2047 0x3ffb6124: 00d0:  23 3f 17 57 82 ec 88 69 56 82 b8 b8 c5 bf 72 d6  #?.W...iV.....r.

D (37970) mbedtls: ssl_tls12_client.c:2047 0x3ffb6124: 00e0:  4d 09 7a e0 06 2a f6 4e b1 8b 4b 2c 43 d8 8a e3  M.z..*.N..K,C...

D (37970) mbedtls: ssl_tls12_client.c:2047 0x3ffb6124: 00f0:  4d 5e 5e 60 19 d0 2c e0 a6 43 c9 60 b1 fb d9 2b  M^^`..,..C.`...+

D (37970) mbedtls: ssl_tls.c:8082 0x3ffb6124: Perform PSA-based computation of digest of ServerKeyExchange

D (37970) mbedtls: ssl_tls12_client.c:2064 0x3ffb6124: dumping 'parameters hash' (64 bytes)

D (37970) mbedtls: ssl_tls12_client.c:2064 0x3ffb6124: 0000:  f9 15 08 a8 98 f6 10 79 df d6 77 73 29 5a 7f f5  .......y..ws)Z..

D (37970) mbedtls: ssl_tls12_client.c:2064 0x3ffb6124: 0010:  3c de 33 ef 0a 1f 80 2d 4f 57 24 fe af 0e 26 7f  <.3....-OW$...&.

D (37970) mbedtls: ssl_tls12_client.c:2064 0x3ffb6124: 0020:  28 3f e6 b4 40 3c 01 09 2d 65 f7 43 d5 21 61 d9  (?..@<..-e.C.!a.

D (37970) mbedtls: ssl_tls12_client.c:2064 0x3ffb6124: 0030:  4f f5 06 a8 48 25 a7 5a a1 1e 30 7a a9 46 38 2b  O...H%.Z..0z.F8+

D (37980) mbedtls: ssl_misc.h:1295 0x3ffb6124: handshake state: 4 (MBEDTLS_SSL_SERVER_KEY_EXCHANGE) -> 5 (MBEDTLS_SSL_CERTIFICATE_REQUEST)

I (37980) mbedtls: ssl_tls12_client.c:2118 0x3ffb6124: <= parse server key exchange

I (37980) mbedtls: ssl_msg.c:2063 0x3ffb6124: => flush output

I (37980) mbedtls: ssl_msg.c:2072 0x3ffb6124: <= flush output

I (37980) mbedtls: ssl_tls.c:4201 0x3ffb6124: client state: MBEDTLS_SSL_CERTIFICATE_REQUEST

I (37980) mbedtls: ssl_tls12_client.c:2157 0x3ffb6124: => parse certificate request

I (37980) mbedtls: ssl_msg.c:4040 0x3ffb6124: => read record

I (37980) mbedtls: ssl_msg.c:1865 0x3ffb6124: => fetch input

I (37980) mbedtls: ssl_msg.c:2005 0x3ffb6124: in_left: 0, nb_want: 5

I (37980) mbedtls: ssl_msg.c:2025 0x3ffb6124: in_left: 0, nb_want: 5

I (37980) mbedtls: ssl_msg.c:2028 0x3ffb6124: ssl->f_recv(_timeout)() returned 5 (-0xfffffffb)

I (37980) mbedtls: ssl_msg.c:2050 0x3ffb6124: <= fetch input

D (37980) mbedtls: ssl_msg.c:3707 0x3ffb6124: input record: msgtype = 22, version = [0x303], msglen = 4

I (37980) mbedtls: ssl_msg.c:1865 0x3ffb6124: => fetch input

I (37980) mbedtls: ssl_msg.c:2005 0x3ffb6124: in_left: 5, nb_want: 9

I (37980) mbedtls: ssl_msg.c:2025 0x3ffb6124: in_left: 5, nb_want: 9

I (37980) mbedtls: ssl_msg.c:2028 0x3ffb6124: ssl->f_recv(_timeout)() returned 4 (-0xfffffffc)

I (37980) mbedtls: ssl_msg.c:2050 0x3ffb6124: <= fetch input

D (37980) mbedtls: ssl_msg.c:2948 0x3ffb6124: handshake message: msglen = 4, type = 14, hslen = 4

D (37980) mbedtls: ssl_msg.c:3085 0x3ffb6124: sole handshake fragment: 4, 0..4 of 4

I (37980) mbedtls: ssl_msg.c:4112 0x3ffb6124: <= read record

D (37980) mbedtls: ssl_misc.h:1295 0x3ffb6124: handshake state: 5 (MBEDTLS_SSL_CERTIFICATE_REQUEST) -> 6 (MBEDTLS_SSL_SERVER_HELLO_DONE)

D (37980) mbedtls: ssl_tls12_client.c:2183 0x3ffb6124: got no certificate request

I (37980) mbedtls: ssl_tls12_client.c:2319 0x3ffb6124: <= parse certificate request

I (37980) mbedtls: ssl_msg.c:2063 0x3ffb6124: => flush output

I (37980) mbedtls: ssl_msg.c:2072 0x3ffb6124: <= flush output

I (37980) mbedtls: ssl_tls.c:4201 0x3ffb6124: client state: MBEDTLS_SSL_SERVER_HELLO_DONE

I (37980) mbedtls: ssl_tls12_client.c:2330 0x3ffb6124: => parse server hello done

I (37980) mbedtls: ssl_msg.c:4040 0x3ffb6124: => read record

I (37980) mbedtls: ssl_msg.c:4108 0x3ffb6124: reuse previously read message

I (37980) mbedtls: ssl_msg.c:4112 0x3ffb6124: <= read record

D (37980) mbedtls: ssl_misc.h:1295 0x3ffb6124: handshake state: 6 (MBEDTLS_SSL_SERVER_HELLO_DONE) -> 7 (MBEDTLS_SSL_CLIENT_CERTIFICATE)

I (37980) mbedtls: ssl_tls12_client.c:2358 0x3ffb6124: <= parse server hello done

I (37980) mbedtls: ssl_msg.c:2063 0x3ffb6124: => flush output

I (37980) mbedtls: ssl_msg.c:2072 0x3ffb6124: <= flush output

I (37980) mbedtls: ssl_tls.c:4201 0x3ffb6124: client state: MBEDTLS_SSL_CLIENT_CERTIFICATE

I (37980) mbedtls: ssl_tls.c:6675 0x3ffb6124: => write certificate

I (37980) mbedtls: ssl_tls.c:6686 0x3ffb6124: <= skip write certificate

D (37980) mbedtls: ssl_misc.h:1295 0x3ffb6124: handshake state: 7 (MBEDTLS_SSL_CLIENT_CERTIFICATE) -> 8 (MBEDTLS_SSL_CLIENT_KEY_EXCHANGE)

I (37980) mbedtls: ssl_msg.c:2063 0x3ffb6124: => flush output

I (37980) mbedtls: ssl_msg.c:2072 0x3ffb6124: <= flush output

I (37980) mbedtls: ssl_tls.c:4201 0x3ffb6124: client state: MBEDTLS_SSL_CLIENT_KEY_EXCHANGE

I (37980) mbedtls: ssl_tls12_client.c:2373 0x3ffb6124: => write client key exchange

D (37980) mbedtls: ssl_tls12_client.c:2387 0x3ffb6124: Perform PSA-based ECDH computation.

[mem-tick] t=   36471 ms phase=e0           free=216632
D (38120) mbedtls: ssl_misc.h:1295 0x3ffb6124: handshake state: 8 (MBEDTLS_SSL_CLIENT_KEY_EXCHANGE) -> 9 (MBEDTLS_SSL_CERTIFICATE_VERIFY)

I (38120) mbedtls: ssl_msg.c:2494 0x3ffb6124: => write handshake message

I (38120) mbedtls: ssl_msg.c:2654 0x3ffb6124: => write record

D (38120) mbedtls: ssl_msg.c:2737 0x3ffb6124: output record: msgtype = 22, version = [3:3], msglen = 37

I (38120) mbedtls: ssl_msg.c:2063 0x3ffb6124: => flush output

I (38120) mbedtls: ssl_msg.c:2077 0x3ffb6124: message length: 42, out_left: 42

I (38120) mbedtls: ssl_msg.c:2084 0x3ffb6124: ssl->f_send() returned 42 (-0xffffffd6)

I (38130) mbedtls: ssl_msg.c:2111 0x3ffb6124: <= flush output

I (38130) mbedtls: ssl_msg.c:2790 0x3ffb6124: <= write record

I (38130) mbedtls: ssl_msg.c:2615 0x3ffb6124: <= write handshake message

I (38130) mbedtls: ssl_tls12_client.c:2653 0x3ffb6124: <= write client key exchange

I (38130) mbedtls: ssl_msg.c:2063 0x3ffb6124: => flush output

I (38130) mbedtls: ssl_msg.c:2072 0x3ffb6124: <= flush output

I (38130) mbedtls: ssl_tls.c:4201 0x3ffb6124: client state: MBEDTLS_SSL_CERTIFICATE_VERIFY

I (38130) mbedtls: ssl_tls12_client.c:2701 0x3ffb6124: => write certificate verify

I (38130) mbedtls: ssl_tls.c:6466 0x3ffb6124: => derive keys

I (38130) mbedtls: ssl_tls.c:6557 0x3ffb6124: => PSA calc verify

D (38130) mbedtls: ssl_tls.c:6568 0x3ffb6124: dumping 'PSA calculated verify result' (48 bytes)

D (38130) mbedtls: ssl_tls.c:6568 0x3ffb6124: 0000:  12 94 81 d9 3c 72 90 10 9c 3c 30 12 0f d1 43 60  ....<r...<0...C`

D (38130) mbedtls: ssl_tls.c:6568 0x3ffb6124: 0010:  9f 97 5a 35 b3 53 36 0c dd ca 90 21 ac 2f ed 4d  ..Z5.S6....!./.M

D (38130) mbedtls: ssl_tls.c:6568 0x3ffb6124: 0020:  13 a6 20 1c a9 c5 47 24 c5 cd 64 1d 7d 96 ef ab  .. ...G$..d.}...

I (38130) mbedtls: ssl_tls.c:6569 0x3ffb6124: <= PSA calc verify

D (38130) mbedtls: ssl_tls.c:6308 0x3ffb6124: dumping 'session hash for extended master secret' (48 bytes)

D (38130) mbedtls: ssl_tls.c:6308 0x3ffb6124: 0000:  12 94 81 d9 3c 72 90 10 9c 3c 30 12 0f d1 43 60  ....<r...<0...C`

D (38130) mbedtls: ssl_tls.c:6308 0x3ffb6124: 0010:  9f 97 5a 35 b3 53 36 0c dd ca 90 21 ac 2f ed 4d  ..Z5.S6....!./.M

D (38130) mbedtls: ssl_tls.c:6308 0x3ffb6124: 0020:  13 a6 20 1c a9 c5 47 24 c5 cd 64 1d 7d 96 ef ab  .. ...G$..d.}...

D (38130) mbedtls: ssl_tls.c:6449 0x3ffb6124: dumping 'premaster secret' (32 bytes)

D (38130) mbedtls: ssl_tls.c:6449 0x3ffb6124: 0000:  cf f6 df 66 3e 9d d7 c1 d7 29 df 55 ce 7b 07 56  ...f>....).U.{.V

D (38130) mbedtls: ssl_tls.c:6449 0x3ffb6124: 0010:  1f 44 b6 96 a4 0e ad af e3 58 d4 09 58 2d 97 2f  .D.......X..X-./

D (38130) mbedtls: ssl_tls.c:7762 0x3ffb6124: ciphersuite = TLS-ECDHE-RSA-WITH-AES-256-GCM-SHA384

D (38130) mbedtls: ssl_tls.c:7764 0x3ffb6124: dumping 'master secret' (48 bytes)

D (38130) mbedtls: ssl_tls.c:7764 0x3ffb6124: 0000:  ae 2d f6 58 8b 49 4e 0c 91 93 54 67 bd d8 93 47  .-.X.IN...Tg...G

D (38130) mbedtls: ssl_tls.c:7764 0x3ffb6124: 0010:  7d c4 1a eb 9c ec 76 8e 14 95 21 1b 42 9b 4e ec  }.....v...!.B.N.

D (38130) mbedtls: ssl_tls.c:7764 0x3ffb6124: 0020:  d4 5e 85 51 5d ea 4f 02 17 a7 49 17 a7 4a d2 a8  .^.Q].O...I..J..

D (38130) mbedtls: ssl_tls.c:7855 0x3ffb6124: keylen: 32, minlen: 24, ivlen: 12, maclen: 0

I (38130) mbedtls: ssl_tls.c:6517 0x3ffb6124: <= derive keys

I (38130) mbedtls: ssl_tls12_client.c:2723 0x3ffb6124: <= skip write certificate verify

D (38130) mbedtls: ssl_misc.h:1295 0x3ffb6124: handshake state: 9 (MBEDTLS_SSL_CERTIFICATE_VERIFY) -> 10 (MBEDTLS_SSL_CLIENT_CHANGE_CIPHER_SPEC)

I (38130) mbedtls: ssl_msg.c:2063 0x3ffb6124: => flush output

I (38130) mbedtls: ssl_msg.c:2072 0x3ffb6124: <= flush output

I (38130) mbedtls: ssl_tls.c:4201 0x3ffb6124: client state: MBEDTLS_SSL_CLIENT_CHANGE_CIPHER_SPEC

I (38130) mbedtls: ssl_msg.c:5087 0x3ffb6124: => write change cipher spec

D (38130) mbedtls: ssl_misc.h:1295 0x3ffb6124: handshake state: 10 (MBEDTLS_SSL_CLIENT_CHANGE_CIPHER_SPEC) -> 11 (MBEDTLS_SSL_CLIENT_FINISHED)

I (38130) mbedtls: ssl_msg.c:2494 0x3ffb6124: => write handshake message

I (38130) mbedtls: ssl_msg.c:2654 0x3ffb6124: => write record

D (38130) mbedtls: ssl_msg.c:2737 0x3ffb6124: output record: msgtype = 20, version = [3:3], msglen = 1

I (38130) mbedtls: ssl_msg.c:2063 0x3ffb6124: => flush output

I (38130) mbedtls: ssl_msg.c:2077 0x3ffb6124: message length: 6, out_left: 6

I (38130) mbedtls: ssl_msg.c:2084 0x3ffb6124: ssl->f_send() returned 6 (-0xfffffffa)

I (38130) mbedtls: ssl_msg.c:2111 0x3ffb6124: <= flush output

I (38130) mbedtls: ssl_msg.c:2790 0x3ffb6124: <= write record

I (38130) mbedtls: ssl_msg.c:2615 0x3ffb6124: <= write handshake message

I (38130) mbedtls: ssl_msg.c:5100 0x3ffb6124: <= write change cipher spec

I (38130) mbedtls: ssl_msg.c:2063 0x3ffb6124: => flush output

I (38130) mbedtls: ssl_msg.c:2072 0x3ffb6124: <= flush output

I (38130) mbedtls: ssl_tls.c:4201 0x3ffb6124: client state: MBEDTLS_SSL_CLIENT_FINISHED

I (38130) mbedtls: ssl_tls.c:7384 0x3ffb6124: => write finished

I (38130) mbedtls: ssl_tls.c:7235 0x3ffb6124: => calc PSA finished tls

D (38130) mbedtls: ssl_tls.c:7246 0x3ffb6124: dumping 'PSA calculated padbuf' (48 bytes)

D (38130) mbedtls: ssl_tls.c:7246 0x3ffb6124: 0000:  12 94 81 d9 3c 72 90 10 9c 3c 30 12 0f d1 43 60  ....<r...<0...C`

D (38130) mbedtls: ssl_tls.c:7246 0x3ffb6124: 0010:  9f 97 5a 35 b3 53 36 0c dd ca 90 21 ac 2f ed 4d  ..Z5.S6....!./.M

D (38140) mbedtls: ssl_tls.c:7246 0x3ffb6124: 0020:  13 a6 20 1c a9 c5 47 24 c5 cd 64 1d 7d 96 ef ab  .. ...G$..d.}...

D (38140) mbedtls: ssl_tls.c:7258 0x3ffb6124: dumping 'calc finished result' (12 bytes)

D (38140) mbedtls: ssl_tls.c:7258 0x3ffb6124: 0000:  b2 81 05 df 17 dc 34 de f2 0c f8 73              ......4....s

I (38140) mbedtls: ssl_tls.c:7262 0x3ffb6124: <= calc finished

D (38140) mbedtls: ssl_misc.h:1295 0x3ffb6124: handshake state: 11 (MBEDTLS_SSL_CLIENT_FINISHED) -> 12 (MBEDTLS_SSL_SERVER_CHANGE_CIPHER_SPEC)

D (38140) mbedtls: ssl_tls.c:7434 0x3ffb6124: switching to new transform spec for outbound data

I (38140) mbedtls: ssl_msg.c:2494 0x3ffb6124: => write handshake message

I (38140) mbedtls: ssl_msg.c:2654 0x3ffb6124: => write record

I (38140) mbedtls: ssl_msg.c:808 0x3ffb6124: => encrypt buf

D (38140) mbedtls: ssl_msg.c:1036 0x3ffb6124: before encrypt: msglen = 16, including 0 bytes of padding

I (38140) mbedtls: ssl_msg.c:1265 0x3ffb6124: <= encrypt buf

D (38140) mbedtls: ssl_msg.c:2737 0x3ffb6124: output record: msgtype = 22, version = [3:3], msglen = 40

I (38140) mbedtls: ssl_msg.c:2063 0x3ffb6124: => flush output

I (38140) mbedtls: ssl_msg.c:2077 0x3ffb6124: message length: 45, out_left: 45

I (38140) mbedtls: ssl_msg.c:2084 0x3ffb6124: ssl->f_send() returned 45 (-0xffffffd3)

I (38140) mbedtls: ssl_msg.c:2111 0x3ffb6124: <= flush output

I (38140) mbedtls: ssl_msg.c:2790 0x3ffb6124: <= write record

I (38140) mbedtls: ssl_msg.c:2615 0x3ffb6124: <= write handshake message

I (38140) mbedtls: ssl_tls.c:7487 0x3ffb6124: <= write finished

I (38140) mbedtls: ssl_msg.c:2063 0x3ffb6124: => flush output

I (38140) mbedtls: ssl_msg.c:2072 0x3ffb6124: <= flush output

I (38140) mbedtls: ssl_tls.c:4201 0x3ffb6124: client state: MBEDTLS_SSL_SERVER_CHANGE_CIPHER_SPEC

D (38140) mbedtls: ssl_misc.h:1295 0x3ffb6124: handshake state: 12 (MBEDTLS_SSL_SERVER_CHANGE_CIPHER_SPEC) -> 16 (MBEDTLS_SSL_NEW_SESSION_TICKET)

I (38140) mbedtls: ssl_tls12_client.c:2829 0x3ffb6124: => parse new session ticket

I (38140) mbedtls: ssl_msg.c:4040 0x3ffb6124: => read record

I (38140) mbedtls: ssl_msg.c:1865 0x3ffb6124: => fetch input

I (38140) mbedtls: ssl_msg.c:2005 0x3ffb6124: in_left: 0, nb_want: 5

I (38140) mbedtls: ssl_msg.c:2025 0x3ffb6124: in_left: 0, nb_want: 5

I (38140) mbedtls: ssl_msg.c:2028 0x3ffb6124: ssl->f_recv(_timeout)() returned 5 (-0xfffffffb)

I (38140) mbedtls: ssl_msg.c:2050 0x3ffb6124: <= fetch input

D (38140) mbedtls: ssl_msg.c:3707 0x3ffb6124: input record: msgtype = 22, version = [0x303], msglen = 186

I (38140) mbedtls: ssl_msg.c:1865 0x3ffb6124: => fetch input

I (38140) mbedtls: ssl_msg.c:2005 0x3ffb6124: in_left: 5, nb_want: 191

I (38140) mbedtls: ssl_msg.c:2025 0x3ffb6124: in_left: 5, nb_want: 191

I (38140) mbedtls: ssl_msg.c:2028 0x3ffb6124: ssl->f_recv(_timeout)() returned 186 (-0xffffff46)

I (38140) mbedtls: ssl_msg.c:2050 0x3ffb6124: <= fetch input

D (38140) mbedtls: ssl_msg.c:2948 0x3ffb6124: handshake message: msglen = 186, type = 4, hslen = 186

D (38140) mbedtls: ssl_msg.c:3085 0x3ffb6124: sole handshake fragment: 186, 0..186 of 186

I (38140) mbedtls: ssl_msg.c:4112 0x3ffb6124: <= read record

D (38140) mbedtls: ssl_tls12_client.c:2876 0x3ffb6124: ticket length: 176

D (38140) mbedtls: ssl_misc.h:1295 0x3ffb6124: handshake state: 16 (MBEDTLS_SSL_NEW_SESSION_TICKET) -> 12 (MBEDTLS_SSL_SERVER_CHANGE_CIPHER_SPEC)

D (38140) mbedtls: ssl_tls12_client.c:2920 0x3ffb6124: ticket in use, discarding session id

I (38140) mbedtls: ssl_tls12_client.c:2923 0x3ffb6124: <= parse new session ticket

I (38140) mbedtls: ssl_msg.c:2063 0x3ffb6124: => flush output

I (38140) mbedtls: ssl_msg.c:2072 0x3ffb6124: <= flush output

I (38140) mbedtls: ssl_tls.c:4201 0x3ffb6124: client state: MBEDTLS_SSL_SERVER_CHANGE_CIPHER_SPEC

I (38140) mbedtls: ssl_msg.c:5109 0x3ffb6124: => parse change cipher spec

I (38140) mbedtls: ssl_msg.c:4040 0x3ffb6124: => read record

I (38140) mbedtls: ssl_msg.c:1865 0x3ffb6124: => fetch input

I (38140) mbedtls: ssl_msg.c:2005 0x3ffb6124: in_left: 0, nb_want: 5

I (38140) mbedtls: ssl_msg.c:2025 0x3ffb6124: in_left: 0, nb_want: 5

I (38140) mbedtls: ssl_msg.c:2028 0x3ffb6124: ssl->f_recv(_timeout)() returned 5 (-0xfffffffb)

I (38140) mbedtls: ssl_msg.c:2050 0x3ffb6124: <= fetch input

[mem-tick] t=   36569 ms phase=e0           free=215720
D (38150) mbedtls: ssl_msg.c:3707 0x3ffb6124: input record: msgtype = 20, version = [0x303], msglen = 1

I (38150) mbedtls: ssl_msg.c:1865 0x3ffb6124: => fetch input

I (38150) mbedtls: ssl_msg.c:2005 0x3ffb6124: in_left: 5, nb_want: 6

I (38150) mbedtls: ssl_msg.c:2025 0x3ffb6124: in_left: 5, nb_want: 6

I (38150) mbedtls: ssl_msg.c:2028 0x3ffb6124: ssl->f_recv(_timeout)() returned 1 (-0xffffffff)

I (38150) mbedtls: ssl_msg.c:2050 0x3ffb6124: <= fetch input

I (38150) mbedtls: ssl_msg.c:4112 0x3ffb6124: <= read record

D (38150) mbedtls: ssl_msg.c:5130 0x3ffb6124: switching to new transform spec for inbound data

D (38150) mbedtls: ssl_misc.h:1295 0x3ffb6124: handshake state: 12 (MBEDTLS_SSL_SERVER_CHANGE_CIPHER_SPEC) -> 13 (MBEDTLS_SSL_SERVER_FINISHED)

I (38150) mbedtls: ssl_msg.c:5157 0x3ffb6124: <= parse change cipher spec

I (38150) mbedtls: ssl_msg.c:2063 0x3ffb6124: => flush output

I (38150) mbedtls: ssl_msg.c:2072 0x3ffb6124: <= flush output

I (38150) mbedtls: ssl_tls.c:4201 0x3ffb6124: client state: MBEDTLS_SSL_SERVER_FINISHED

I (38150) mbedtls: ssl_tls.c:7500 0x3ffb6124: => parse finished

I (38150) mbedtls: ssl_tls.c:7235 0x3ffb6124: => calc PSA finished tls

D (38150) mbedtls: ssl_tls.c:7246 0x3ffb6124: dumping 'PSA calculated padbuf' (48 bytes)

D (38150) mbedtls: ssl_tls.c:7246 0x3ffb6124: 0000:  57 16 e7 95 72 ef 16 e5 85 73 b8 ab 95 ce e3 3c  W...r....s.....<

D (38150) mbedtls: ssl_tls.c:7246 0x3ffb6124: 0010:  ff dc ba db 90 f3 8b 49 1a 37 cc c4 98 13 db 59  .......I.7.....Y

D (38150) mbedtls: ssl_tls.c:7246 0x3ffb6124: 0020:  69 7f dc 40 9d ee 97 21 07 aa f0 0c f0 af 58 9c  i..@...!......X.

D (38150) mbedtls: ssl_tls.c:7258 0x3ffb6124: dumping 'calc finished result' (12 bytes)

D (38150) mbedtls: ssl_tls.c:7258 0x3ffb6124: 0000:  58 df 6c 56 b0 c6 dd 92 83 0e db 2b              X.lV.......+

I (38150) mbedtls: ssl_tls.c:7262 0x3ffb6124: <= calc finished

I (38150) mbedtls: ssl_msg.c:4040 0x3ffb6124: => read record

I (38150) mbedtls: ssl_msg.c:1865 0x3ffb6124: => fetch input

I (38150) mbedtls: ssl_msg.c:2005 0x3ffb6124: in_left: 0, nb_want: 5

I (38150) mbedtls: ssl_msg.c:2025 0x3ffb6124: in_left: 0, nb_want: 5

I (38150) mbedtls: ssl_msg.c:2028 0x3ffb6124: ssl->f_recv(_timeout)() returned 5 (-0xfffffffb)

I (38150) mbedtls: ssl_msg.c:2050 0x3ffb6124: <= fetch input

D (38150) mbedtls: ssl_msg.c:3707 0x3ffb6124: input record: msgtype = 22, version = [0x303], msglen = 40

I (38150) mbedtls: ssl_msg.c:1865 0x3ffb6124: => fetch input

I (38150) mbedtls: ssl_msg.c:2005 0x3ffb6124: in_left: 5, nb_want: 45

I (38150) mbedtls: ssl_msg.c:2025 0x3ffb6124: in_left: 5, nb_want: 45

I (38150) mbedtls: ssl_msg.c:2028 0x3ffb6124: ssl->f_recv(_timeout)() returned 40 (-0xffffffd8)

I (38150) mbedtls: ssl_msg.c:2050 0x3ffb6124: <= fetch input

I (38150) mbedtls: ssl_msg.c:1301 0x3ffb6124: => decrypt buf

I (38150) mbedtls: ssl_msg.c:1831 0x3ffb6124: <= decrypt buf

D (38150) mbedtls: ssl_msg.c:2948 0x3ffb6124: handshake message: msglen = 16, type = 20, hslen = 16

D (38150) mbedtls: ssl_msg.c:3085 0x3ffb6124: sole handshake fragment: 16, 0..16 of 16

I (38150) mbedtls: ssl_msg.c:4112 0x3ffb6124: <= read record

D (38150) mbedtls: ssl_misc.h:1295 0x3ffb6124: handshake state: 13 (MBEDTLS_SSL_SERVER_FINISHED) -> 14 (MBEDTLS_SSL_FLUSH_BUFFERS)

I (38150) mbedtls: ssl_tls.c:7571 0x3ffb6124: <= parse finished

I (38150) mbedtls: ssl_msg.c:2063 0x3ffb6124: => flush output

I (38150) mbedtls: ssl_msg.c:2072 0x3ffb6124: <= flush output

I (38150) mbedtls: ssl_tls.c:4201 0x3ffb6124: client state: MBEDTLS_SSL_FLUSH_BUFFERS

I (38150) mbedtls: ssl_tls12_client.c:3031 0x3ffb6124: handshake: done

D (38150) mbedtls: ssl_misc.h:1295 0x3ffb6124: handshake state: 14 (MBEDTLS_SSL_FLUSH_BUFFERS) -> 15 (MBEDTLS_SSL_HANDSHAKE_WRAPUP)

I (38150) mbedtls: ssl_msg.c:2063 0x3ffb6124: => flush output

I (38150) mbedtls: ssl_msg.c:2072 0x3ffb6124: <= flush output

I (38150) mbedtls: ssl_tls.c:4201 0x3ffb6124: client state: MBEDTLS_SSL_HANDSHAKE_WRAPUP

D (38150) mbedtls: ssl_tls.c:7322 0x3ffb6124: => handshake wrapup

D (38150) mbedtls: ssl_tls.c:7296 0x3ffb6124: => handshake wrapup: final free

D (38150) mbedtls: ssl_tls.c:7315 0x3ffb6124: <= handshake wrapup: final free

D (38150) mbedtls: ssl_misc.h:1295 0x3ffb6124: handshake state: 15 (MBEDTLS_SSL_HANDSHAKE_WRAPUP) -> 27 (MBEDTLS_SSL_HANDSHAKE_OVER)

D (38150) mbedtls: ssl_tls.c:7376 0x3ffb6124: <= handshake wrapup

I (38150) mbedtls: ssl_tls.c:4293 0x3ffb6124: <= handshake

[e0] connection ACCEPTED with NO verification data (CONFIG_ESP_TLS_SKIP_SERVER_CERT_VERIFY)
[neg] version=TLSv1.2 suite=TLS-ECDHE-RSA-WITH-AES-256-GCM-SHA384 peer_cert=0 bytes
--- E1: pinned correct self-signed cert as CA, common_name=localhost ---
D (38160) esp-tls: handshake in progress...
I (38160) mbedtls: ssl_tls.c:4282 0x3ffb6124: => handshake

I (38160) mbedtls: ssl_msg.c:2063 0x3ffb6124: => flush output

I (38160) mbedtls: ssl_msg.c:2072 0x3ffb6124: <= flush output

I (38160) mbedtls: ssl_tls.c:4201 0x3ffb6124: client state: MBEDTLS_SSL_HELLO_REQUEST

D (38160) mbedtls: ssl_misc.h:1295 0x3ffb6124: handshake state: 0 (MBEDTLS_SSL_HELLO_REQUEST) -> 1 (MBEDTLS_SSL_CLIENT_HELLO)

I (38160) mbedtls: ssl_msg.c:2063 0x3ffb6124: => flush output

I (38160) mbedtls: ssl_msg.c:2072 0x3ffb6124: <= flush output

I (38160) mbedtls: ssl_tls.c:4201 0x3ffb6124: client state: MBEDTLS_SSL_CLIENT_HELLO

I (38160) mbedtls: ssl_client.c:917 0x3ffb6124: => write client hello

D (38160) mbedtls: ssl_client.c:722 0x3ffb6124: client hello, current time: 36

D (38160) mbedtls: ssl_client.c:485 0x3ffb6124: dumping 'client hello, random bytes' (32 bytes)

D (38160) mbedtls: ssl_client.c:485 0x3ffb6124: 0000:  00 00 00 24 c2 43 a9 c2 6b b7 41 3d 9c 8e 01 e5  ...$.C..k.A=....

D (38160) mbedtls: ssl_client.c:485 0x3ffb6124: 0010:  b0 8f 19 51 16 cb 17 a2 ab 9a f2 e4 98 92 8a 20  ...Q........... 

D (38160) mbedtls: ssl_client.c:510 0x3ffb6124: dumping 'session id' (0 bytes)

D (38160) mbedtls: ssl_client.c:368 0x3ffb6124: client hello, add ciphersuite: c02c, TLS-ECDHE-ECDSA-WITH-AES-256-GCM-SHA384

D (38160) mbedtls: ssl_client.c:368 0x3ffb6124: client hello, add ciphersuite: c030, TLS-ECDHE-RSA-WITH-AES-256-GCM-SHA384

D (38160) mbedtls: ssl_client.c:368 0x3ffb6124: client hello, add ciphersuite: c0ad, TLS-ECDHE-ECDSA-WITH-AES-256-CCM

D (38160) mbedtls: ssl_client.c:368 0x3ffb6124: client hello, add ciphersuite: c024, TLS-ECDHE-ECDSA-WITH-AES-256-CBC-SHA384

D (38160) mbedtls: ssl_client.c:368 0x3ffb6124: client hello, add ciphersuite: c028, TLS-ECDHE-RSA-WITH-AES-256-CBC-SHA384

D (38160) mbedtls: ssl_client.c:368 0x3ffb6124: client hello, add ciphersuite: c00a, TLS-ECDHE-ECDSA-WITH-AES-256-CBC-SHA

D (38160) mbedtls: ssl_client.c:368 0x3ffb6124: client hello, add ciphersuite: c014, TLS-ECDHE-RSA-WITH-AES-256-CBC-SHA

D (38160) mbedtls: ssl_client.c:368 0x3ffb6124: client hello, add ciphersuite: c0af, TLS-ECDHE-ECDSA-WITH-AES-256-CCM-8

D (38160) mbedtls: ssl_client.c:368 0x3ffb6124: client hello, add ciphersuite: c02b, TLS-ECDHE-ECDSA-WITH-AES-128-GCM-SHA256

D (38160) mbedtls: ssl_client.c:368 0x3ffb6124: client hello, add ciphersuite: c02f, TLS-ECDHE-RSA-WITH-AES-128-GCM-SHA256

D (38160) mbedtls: ssl_client.c:368 0x3ffb6124: client hello, add ciphersuite: c0ac, TLS-ECDHE-ECDSA-WITH-AES-128-CCM

D (38160) mbedtls: ssl_client.c:368 0x3ffb6124: client hello, add ciphersuite: c023, TLS-ECDHE-ECDSA-WITH-AES-128-CBC-SHA256

D (38160) mbedtls: ssl_client.c:368 0x3ffb6124: client hello, add ciphersuite: c027, TLS-ECDHE-RSA-WITH-AES-128-CBC-SHA256

D (38160) mbedtls: ssl_client.c:368 0x3ffb6124: client hello, add ciphersuite: c009, TLS-ECDHE-ECDSA-WITH-AES-128-CBC-SHA

D (38160) mbedtls: ssl_client.c:368 0x3ffb6124: client hello, add ciphersuite: c013, TLS-ECDHE-RSA-WITH-AES-128-CBC-SHA

D (38160) mbedtls: ssl_client.c:368 0x3ffb6124: client hello, add ciphersuite: c0ae, TLS-ECDHE-ECDSA-WITH-AES-128-CCM-8

D (38160) mbedtls: ssl_client.c:386 0x3ffb6124: adding EMPTY_RENEGOTIATION_INFO_SCSV

D (38160) mbedtls: ssl_client.c:395 0x3ffb6124: client hello, got 17 cipher suites

D (38160) mbedtls: ssl_client.c:39 0x3ffb6124: client hello, adding server name extension: localhost

D (38160) mbedtls: ssl_client.c:229 0x3ffb6124: client hello, adding supported_groups extension

D (38160) mbedtls: ssl_client.c:248 0x3ffb6124: got supported group(001d)

D (38160) mbedtls: ssl_client.c:280 0x3ffb6124: NamedGroup: x25519 ( 1d )

D (38160) mbedtls: ssl_client.c:248 0x3ffb6124: got supported group(0017)

D (38160) mbedtls: ssl_client.c:280 0x3ffb6124: NamedGroup: secp256r1 ( 17 )

D (38160) mbedtls: ssl_client.c:248 0x3ffb6124: got supported group(0018)

D (38160) mbedtls: ssl_client.c:280 0x3ffb6124: NamedGroup: secp384r1 ( 18 )

D (38170) mbedtls: ssl_client.c:248 0x3ffb6124: got supported group(001e)

D (38170) mbedtls: ssl_client.c:280 0x3ffb6124: NamedGroup: x448 ( 1e )

D (38170) mbedtls: ssl_client.c:248 0x3ffb6124: got supported group(0019)

D (38170) mbedtls: ssl_client.c:280 0x3ffb6124: NamedGroup: secp521r1 ( 19 )

D (38170) mbedtls: ssl_client.c:248 0x3ffb6124: got supported group(001a)

D (38170) mbedtls: ssl_client.c:280 0x3ffb6124: NamedGroup: bp256r1 ( 1a )

D (38170) mbedtls: ssl_client.c:248 0x3ffb6124: got supported group(001b)

D (38170) mbedtls: ssl_client.c:280 0x3ffb6124: NamedGroup: bp384r1 ( 1b )

D (38170) mbedtls: ssl_client.c:248 0x3ffb6124: got supported group(001c)

D (38170) mbedtls: ssl_client.c:280 0x3ffb6124: NamedGroup: bp512r1 ( 1c )

D (38170) mbedtls: ssl_client.c:248 0x3ffb6124: got supported group(0100)

D (38170) mbedtls: ssl_client.c:248 0x3ffb6124: got supported group(0101)

D (38170) mbedtls: ssl_client.c:248 0x3ffb6124: got supported group(0102)

D (38170) mbedtls: ssl_client.c:248 0x3ffb6124: got supported group(0103)

D (38170) mbedtls: ssl_client.c:248 0x3ffb6124: got supported group(0104)

D (38170) mbedtls: ssl_client.c:300 0x3ffb6124: dumping 'Supported groups extension' (18 bytes)

D (38170) mbedtls: ssl_client.c:300 0x3ffb6124: 0000:  00 10 00 1d 00 17 00 18 00 1e 00 19 00 1a 00 1b  ................

D (38170) mbedtls: ssl_client.c:300 0x3ffb6124: 0010:  00 1c                                            ..

D (38170) mbedtls: ssl_tls.c:8276 0x3ffb6124: adding signature_algorithms extension

D (38170) mbedtls: ssl_tls.c:8296 0x3ffb6124: got signature scheme [603] ecdsa_secp521r1_sha512

D (38170) mbedtls: ssl_tls.c:8305 0x3ffb6124: sent signature scheme [603] ecdsa_secp521r1_sha512

D (38170) mbedtls: ssl_tls.c:8296 0x3ffb6124: got signature scheme [806] rsa_pss_rsae_sha512

D (38170) mbedtls: ssl_tls.c:8296 0x3ffb6124: got signature scheme [601] rsa_pkcs1_sha512

D (38170) mbedtls: ssl_tls.c:8305 0x3ffb6124: sent signature scheme [601] rsa_pkcs1_sha512

D (38170) mbedtls: ssl_tls.c:8296 0x3ffb6124: got signature scheme [503] ecdsa_secp384r1_sha384

D (38170) mbedtls: ssl_tls.c:8305 0x3ffb6124: sent signature scheme [503] ecdsa_secp384r1_sha384

D (38170) mbedtls: ssl_tls.c:8296 0x3ffb6124: got signature scheme [805] rsa_pss_rsae_sha384

D (38170) mbedtls: ssl_tls.c:8296 0x3ffb6124: got signature scheme [501] rsa_pkcs1_sha384

D (38170) mbedtls: ssl_tls.c:8305 0x3ffb6124: sent signature scheme [501] rsa_pkcs1_sha384

D (38170) mbedtls: ssl_tls.c:8296 0x3ffb6124: got signature scheme [403] ecdsa_secp256r1_sha256

D (38170) mbedtls: ssl_tls.c:8305 0x3ffb6124: sent signature scheme [403] ecdsa_secp256r1_sha256

D (38170) mbedtls: ssl_tls.c:8296 0x3ffb6124: got signature scheme [804] rsa_pss_rsae_sha256

D (38170) mbedtls: ssl_tls.c:8296 0x3ffb6124: got signature scheme [401] rsa_pkcs1_sha256

D (38170) mbedtls: ssl_tls.c:8305 0x3ffb6124: sent signature scheme [401] rsa_pkcs1_sha256

D (38170) mbedtls: ssl_tls12_client.c:103 0x3ffb6124: client hello, adding supported_point_formats extension

D (38170) mbedtls: ssl_tls12_client.c:287 0x3ffb6124: client hello, adding encrypt_then_mac extension

D (38170) mbedtls: ssl_tls12_client.c:319 0x3ffb6124: client hello, adding extended_master_secret extension

D (38170) mbedtls: ssl_tls12_client.c:352 0x3ffb6124: client hello, adding session ticket extension

D (38170) mbedtls: ssl_client.c:687 0x3ffb6124: client hello, total extension length: 76

D (38170) mbedtls: ssl_client.c:689 0x3ffb6124: dumping 'client hello extensions' (76 bytes)

D (38170) mbedtls: ssl_client.c:689 0x3ffb6124: 0000:  00 4c 00 00 00 0e 00 0c 00 00 09 6c 6f 63 61 6c  .L.........local

D (38170) mbedtls: ssl_client.c:689 0x3ffb6124: 0010:  68 6f 73 74 00 0a 00 12 00 10 00 1d 00 17 00 18  host............

D (38170) mbedtls: ssl_client.c:689 0x3ffb6124: 0020:  00 1e 00 19 00 1a 00 1b 00 1c 00 0d 00 0e 00 0c  ................

D (38170) mbedtls: ssl_client.c:689 0x3ffb6124: 0030:  06 03 06 01 05 03 05 01 04 03 04 01 00 0b 00 02  ................

D (38170) mbedtls: ssl_client.c:689 0x3ffb6124: 0040:  01 00 00 16 00 00 00 17 00 00 00 23              ...........#

I (38170) mbedtls: ssl_msg.c:2494 0x3ffb6124: => write handshake message

I (38170) mbedtls: ssl_msg.c:2654 0x3ffb6124: => write record

D (38170) mbedtls: ssl_msg.c:2737 0x3ffb6124: output record: msgtype = 22, version = [3:3], msglen = 155

I (38170) mbedtls: ssl_msg.c:2790 0x3ffb6124: <= write record

I (38170) mbedtls: ssl_msg.c:2615 0x3ffb6124: <= write handshake message

D (38170) mbedtls: ssl_misc.h:1295 0x3ffb6124: handshake state: 1 (MBEDTLS_SSL_CLIENT_HELLO) -> 2 (MBEDTLS_SSL_SERVER_HELLO)

I (38170) mbedtls: ssl_client.c:1010 0x3ffb6124: <= write client hello

I (38170) mbedtls: ssl_msg.c:2063 0x3ffb6124: => flush output

I (38170) mbedtls: ssl_msg.c:2077 0x3ffb6124: message length: 160, out_left: 160

I (38170) mbedtls: ssl_msg.c:2084 0x3ffb6124: ssl->f_send() returned 160 (-0xffffff60)

I (38170) mbedtls: ssl_msg.c:2111 0x3ffb6124: <= flush output

I (38170) mbedtls: ssl_tls.c:4201 0x3ffb6124: client state: MBEDTLS_SSL_SERVER_HELLO

I (38170) mbedtls: ssl_tls12_client.c:1151 0x3ffb6124: => parse server hello

I (38170) mbedtls: ssl_msg.c:4040 0x3ffb6124: => read record

I (38170) mbedtls: ssl_msg.c:1865 0x3ffb6124: => fetch input

I (38170) mbedtls: ssl_msg.c:2005 0x3ffb6124: in_left: 0, nb_want: 5

I (38170) mbedtls: ssl_msg.c:2025 0x3ffb6124: in_left: 0, nb_want: 5

I (38170) mbedtls: ssl_msg.c:2028 0x3ffb6124: ssl->f_recv(_timeout)() returned 5 (-0xfffffffb)

I (38170) mbedtls: ssl_msg.c:2050 0x3ffb6124: <= fetch input

D (38180) mbedtls: ssl_msg.c:3707 0x3ffb6124: input record: msgtype = 22, version = [0x303], msglen = 65

I (38180) mbedtls: ssl_msg.c:1865 0x3ffb6124: => fetch input

I (38180) mbedtls: ssl_msg.c:2005 0x3ffb6124: in_left: 5, nb_want: 70

I (38180) mbedtls: ssl_msg.c:2025 0x3ffb6124: in_left: 5, nb_want: 70

I (38180) mbedtls: ssl_msg.c:2028 0x3ffb6124: ssl->f_recv(_timeout)() returned 65 (-0xffffffbf)

I (38180) mbedtls: ssl_msg.c:2050 0x3ffb6124: <= fetch input

D (38180) mbedtls: ssl_msg.c:2948 0x3ffb6124: handshake message: msglen = 65, type = 2, hslen = 65

D (38180) mbedtls: ssl_msg.c:3085 0x3ffb6124: sole handshake fragment: 65, 0..65 of 65

I (38180) mbedtls: ssl_msg.c:4112 0x3ffb6124: <= read record

D (38180) mbedtls: ssl_tls12_client.c:1225 0x3ffb6124: dumping 'server hello, version' (2 bytes)

D (38180) mbedtls: ssl_tls12_client.c:1225 0x3ffb6124: 0000:  03 03                                            ..

D (38180) mbedtls: ssl_tls12_client.c:1246 0x3ffb6124: server hello, current time: 3426777585

D (38180) mbedtls: ssl_tls12_client.c:1256 0x3ffb6124: dumping 'server hello, random bytes' (32 bytes)

D (38180) mbedtls: ssl_tls12_client.c:1256 0x3ffb6124: 0000:  cc 40 79 f1 4d 4e fd d2 c9 69 14 21 81 d9 b0 dc  .@y.MN...i.!....

D (38180) mbedtls: ssl_tls12_client.c:1256 0x3ffb6124: 0010:  3e 30 69 04 26 f4 a1 c4 53 f0 13 03 82 67 49 9f  >0i.&...S....gI.

D (38180) mbedtls: ssl_tls12_client.c:1318 0x3ffb6124: server hello, session id len.: 0

D (38180) mbedtls: ssl_tls12_client.c:1319 0x3ffb6124: dumping 'server hello, session id' (0 bytes)

D (38180) mbedtls: ssl_misc.h:1295 0x3ffb6124: handshake state: 2 (MBEDTLS_SSL_SERVER_HELLO) -> 3 (MBEDTLS_SSL_SERVER_CERTIFICATE)

D (38180) mbedtls: ssl_tls12_client.c:1343 0x3ffb6124: no session has been resumed

D (38180) mbedtls: ssl_tls12_client.c:1346 0x3ffb6124: server hello, chosen ciphersuite: c030

D (38180) mbedtls: ssl_tls12_client.c:1347 0x3ffb6124: server hello, compress alg.: 0

D (38180) mbedtls: ssl_tls12_client.c:1382 0x3ffb6124: server hello, chosen ciphersuite: TLS-ECDHE-RSA-WITH-AES-256-GCM-SHA384

I (38180) mbedtls: ssl_tls12_client.c:1403 0x3ffb6124: server hello, total extension length: 21

D (38180) mbedtls: ssl_tls12_client.c:1421 0x3ffb6124: found renegotiation extension

D (38180) mbedtls: ssl_tls12_client.c:1500 0x3ffb6124: found supported_point_formats extension

D (38180) mbedtls: ssl_tls12_client.c:1486 0x3ffb6124: found session_ticket extension

D (38180) mbedtls: ssl_tls12_client.c:1473 0x3ffb6124: found extended_master_secret extension

I (38180) mbedtls: ssl_tls12_client.c:1617 0x3ffb6124: <= parse server hello

I (38180) mbedtls: ssl_msg.c:2063 0x3ffb6124: => flush output

I (38180) mbedtls: ssl_msg.c:2072 0x3ffb6124: <= flush output

I (38180) mbedtls: ssl_tls.c:4201 0x3ffb6124: client state: MBEDTLS_SSL_SERVER_CERTIFICATE

I (38180) mbedtls: ssl_tls.c:7077 0x3ffb6124: => parse certificate

I (38180) mbedtls: ssl_msg.c:4040 0x3ffb6124: => read record

I (38180) mbedtls: ssl_msg.c:1865 0x3ffb6124: => fetch input

I (38180) mbedtls: ssl_msg.c:2005 0x3ffb6124: in_left: 0, nb_want: 5

I (38180) mbedtls: ssl_msg.c:2025 0x3ffb6124: in_left: 0, nb_want: 5

I (38180) mbedtls: ssl_msg.c:2028 0x3ffb6124: ssl->f_recv(_timeout)() returned 5 (-0xfffffffb)

I (38180) mbedtls: ssl_msg.c:2050 0x3ffb6124: <= fetch input

D (38180) mbedtls: ssl_msg.c:3707 0x3ffb6124: input record: msgtype = 22, version = [0x303], msglen = 791

I (38180) mbedtls: ssl_msg.c:1865 0x3ffb6124: => fetch input

I (38180) mbedtls: ssl_msg.c:2005 0x3ffb6124: in_left: 5, nb_want: 796

I (38180) mbedtls: ssl_msg.c:2025 0x3ffb6124: in_left: 5, nb_want: 796

I (38180) mbedtls: ssl_msg.c:2028 0x3ffb6124: ssl->f_recv(_timeout)() returned 791 (-0xfffffce9)

I (38180) mbedtls: ssl_msg.c:2050 0x3ffb6124: <= fetch input

D (38180) mbedtls: ssl_msg.c:2948 0x3ffb6124: handshake message: msglen = 791, type = 11, hslen = 791

D (38180) mbedtls: ssl_msg.c:3085 0x3ffb6124: sole handshake fragment: 791, 0..791 of 791

I (38180) mbedtls: ssl_msg.c:4112 0x3ffb6124: <= read record

D (38180) mbedtls: ssl_tls.c:6952 0x3ffb6124: peer certificate #1:

D (38180) mbedtls: ssl_tls.c:6952 0x3ffb6124: cert. version     : 3

D (38180) mbedtls: ssl_tls.c:6952 0x3ffb6124: serial number     : 77:66:A5:9D:AF:14:9E:F2:03:F7:3C:2B:1A:5C:81:86:F8:A3:4E:52

D (38180) mbedtls: ssl_tls.c:6952 0x3ffb6124: issuer name       : CN=localhost

D (38180) mbedtls: ssl_tls.c:6952 0x3ffb6124: subject name      : CN=localhost

D (38180) mbedtls: ssl_tls.c:6952 0x3ffb6124: issued  on        : 2026-08-26 20:20:30

D (38180) mbedtls: ssl_tls.c:6952 0x3ffb6124: expires on        : 2026-09-25 20:20:30

D (38180) mbedtls: ssl_tls.c:6952 0x3ffb6124: signed using      : RSA with SHA-256

D (38180) mbedtls: ssl_tls.c:6952 0x3ffb6124: RSA key size      : 2048 bits

D (38180) mbedtls: ssl_tls.c:6952 0x3ffb6124: basic constraints : CA=true

D (38180) mbedtls: ssl_tls.c:6952 0x3ffb6124: dumping 'crt->PK' (270 bytes)

D (38190) mbedtls: ssl_tls.c:6952 0x3ffb6124: 0000:  30 82 01 0a 02 82 01 01 00 dd 03 19 3e 8f 4a 05

D (38190) mbedtls: ssl_tls.c:6952 0x3ffb6124: 0010:  9c d6 74 e1 46 bc 40 7a 7e af 78 09 38 f6 d0 1c

D (38190) mbedtls: ssl_tls.c:6952 0x3ffb6124: 0020:  9d e4 2b 18 4c a1 87 f6 83 55 82 2d e0 21 fb b2

D (38190) mbedtls: ssl_tls.c:6952 0x3ffb6124: 0030:  00 2f 9b 98 36 24 73 47 a2 11 bb 50 05 1c 9e 40

D (38190) mbedtls: ssl_tls.c:6952 0x3ffb6124: 0040:  41 c9 de 81 7e a1 eb 82 48 35 d0 51 24 0d 22 bd

D (38190) mbedtls: ssl_tls.c:6952 0x3ffb6124: 0050:  7e c7 0b 60 74 e2 60 3e 76 de c1 3d b5 9f e9 d2

D (38190) mbedtls: ssl_tls.c:6952 0x3ffb6124: 0060:  ac 90 d3 84 2a 75 7c 41 8a 11 14 c8 bc 09 7b 9d

D (38190) mbedtls: ssl_tls.c:6952 0x3ffb6124: 0070:  45 54 95 c1 50 05 be f1 34 c0 05 55 f5 a2 b3 a8

D (38190) mbedtls: ssl_tls.c:6952 0x3ffb6124: 0080:  24 f6 ab 22 df 72 97 ef b5 8f e4 fe 49 be 4f c1

D (38190) mbedtls: ssl_tls.c:6952 0x3ffb6124: 0090:  08 e0 39 7a cd ba 74 2e d1 20 74 ad 6b 59 ab 86

D (38190) mbedtls: ssl_tls.c:6952 0x3ffb6124: 00a0:  5d 29 ab 81 f0 c1 22 3f 01 b9 0b a1 fb ee 70 9f

D (38190) mbedtls: ssl_tls.c:6952 0x3ffb6124: 00b0:  eb 29 5e 9f 1d 6a 0d dc 65 fd 5e 5d 38 0c 1a c3

D (38190) mbedtls: ssl_tls.c:6952 0x3ffb6124: 00c0:  ae b7 b7 2f 66 23 82 80 ab 7d 69 7c 8f 95 ab e8

D (38190) mbedtls: ssl_tls.c:6952 0x3ffb6124: 00d0:  c0 4d 21 42 7d 78 c8 25 8b 60 f6 0d 87 c9 f4 df

D (38190) mbedtls: ssl_tls.c:6952 0x3ffb6124: 00e0:  36 bf 16 7c 59 16 d1 09 ec 17 67 cf 5d 9f 8f 78

D (38190) mbedtls: ssl_tls.c:6952 0x3ffb6124: 00f0:  8c 3d d0 02 18 d5 bc a7 19 f4 51 fe 1d b3 20 40

D (38190) mbedtls: ssl_tls.c:6952 0x3ffb6124: 0100:  67 7e 3a cc 30 f3 8d a0 ef 02 03 01 00 01      

D (38190) mbedtls: ssl_tls.c:8721 0x3ffb6124: Use configuration-specific verification callback

D (38190) mbedtls: ssl_tls.c:8881 0x3ffb6124: Certificate verification flags clear

I (38190) mbedtls: ssl_tls.c:7191 0x3ffb6124: <= parse certificate

D (38190) mbedtls: ssl_misc.h:1295 0x3ffb6124: handshake state: 3 (MBEDTLS_SSL_SERVER_CERTIFICATE) -> 4 (MBEDTLS_SSL_SERVER_KEY_EXCHANGE)

I (38190) mbedtls: ssl_msg.c:2063 0x3ffb6124: => flush output

I (38190) mbedtls: ssl_msg.c:2072 0x3ffb6124: <= flush output

I (38190) mbedtls: ssl_tls.c:4201 0x3ffb6124: client state: MBEDTLS_SSL_SERVER_KEY_EXCHANGE

I (38190) mbedtls: ssl_tls12_client.c:1831 0x3ffb6124: => parse server key exchange

I (38190) mbedtls: ssl_msg.c:4040 0x3ffb6124: => read record

I (38190) mbedtls: ssl_msg.c:1865 0x3ffb6124: => fetch input

I (38190) mbedtls: ssl_msg.c:2005 0x3ffb6124: in_left: 0, nb_want: 5

I (38190) mbedtls: ssl_msg.c:2025 0x3ffb6124: in_left: 0, nb_want: 5

I (38190) mbedtls: ssl_msg.c:2028 0x3ffb6124: ssl->f_recv(_timeout)() returned 5 (-0xfffffffb)

I (38190) mbedtls: ssl_msg.c:2050 0x3ffb6124: <= fetch input

D (38190) mbedtls: ssl_msg.c:3707 0x3ffb6124: input record: msgtype = 22, version = [0x303], msglen = 300

I (38190) mbedtls: ssl_msg.c:1865 0x3ffb6124: => fetch input

I (38190) mbedtls: ssl_msg.c:2005 0x3ffb6124: in_left: 5, nb_want: 305

I (38190) mbedtls: ssl_msg.c:2025 0x3ffb6124: in_left: 5, nb_want: 305

I (38190) mbedtls: ssl_msg.c:2028 0x3ffb6124: ssl->f_recv(_timeout)() returned 300 (-0xfffffed4)

I (38190) mbedtls: ssl_msg.c:2050 0x3ffb6124: <= fetch input

D (38190) mbedtls: ssl_msg.c:2948 0x3ffb6124: handshake message: msglen = 300, type = 12, hslen = 300

D (38190) mbedtls: ssl_msg.c:3085 0x3ffb6124: sole handshake fragment: 300, 0..300 of 300

I (38190) mbedtls: ssl_msg.c:4112 0x3ffb6124: <= read record

D (38190) mbedtls: ssl_tls12_client.c:1885 0x3ffb6124: dumping 'server key exchange' (296 bytes)

D (38190) mbedtls: ssl_tls12_client.c:1885 0x3ffb6124: 0000:  03 00 1d 20 0c 80 5e d7 ea ff 18 ee b6 99 f1 0f  ... ..^.........

D (38190) mbedtls: ssl_tls12_client.c:1885 0x3ffb6124: 0010:  6e f3 3f e7 60 b1 2a a0 25 f1 de 34 fd 2c 58 93  n.?.`.*.%..4.,X.

D (38190) mbedtls: ssl_tls12_client.c:1885 0x3ffb6124: 0020:  24 c2 d4 75 06 01 01 00 cf 01 a9 04 06 6b 58 75  $..u.........kXu

D (38190) mbedtls: ssl_tls12_client.c:1885 0x3ffb6124: 0030:  4c 57 b5 02 2b 4d d7 89 74 f7 66 04 83 a9 95 e1  LW..+M..t.f.....

D (38190) mbedtls: ssl_tls12_client.c:1885 0x3ffb6124: 0040:  d3 80 f6 ad a5 a8 54 f6 4c 2f 9f 7d 7e 96 28 38  ......T.L/.}~.(8

D (38190) mbedtls: ssl_tls12_client.c:1885 0x3ffb6124: 0050:  42 d7 ab a5 c0 f1 50 89 fd 66 6c 6b 6f d5 3c c2  B.....P..flko.<.

D (38190) mbedtls: ssl_tls12_client.c:1885 0x3ffb6124: 0060:  45 9a 05 c2 a2 76 15 dd c7 ee 2f c0 16 bb d9 06  E....v..../.....

D (38190) mbedtls: ssl_tls12_client.c:1885 0x3ffb6124: 0070:  50 fc 84 eb 20 42 1a 06 c8 77 30 ab 55 b8 4a ca  P... B...w0.U.J.

D (38190) mbedtls: ssl_tls12_client.c:1885 0x3ffb6124: 0080:  9d 76 79 d9 6e 41 77 83 33 5d 42 88 5e 27 74 ac  .vy.nAw.3]B.^'t.

D (38190) mbedtls: ssl_tls12_client.c:1885 0x3ffb6124: 0090:  ad 6d 4f ce fe 23 2e 66 a4 5f f7 c1 16 3b 7b c6  .mO..#.f._...;{.

D (38190) mbedtls: ssl_tls12_client.c:1885 0x3ffb6124: 00a0:  0a 29 c0 d3 b5 7e b6 b6 90 e7 1e 70 67 ea 5e c4  .)...~.....pg.^.

D (38190) mbedtls: ssl_tls12_client.c:1885 0x3ffb6124: 00b0:  95 68 f3 41 2d 1f b1 e8 e2 c9 ed 24 41 de 73 02  .h.A-......$A.s.

D (38190) mbedtls: ssl_tls12_client.c:1885 0x3ffb6124: 00c0:  c3 b7 80 55 ba 99 49 c2 df ea 70 78 09 bf 08 41  ...U..I...px...A

D (38200) mbedtls: ssl_tls12_client.c:1885 0x3ffb6124: 00d0:  ec 12 08 aa fc 79 57 ce a6 60 48 6b d6 13 b5 0d  .....yW..`Hk....

D (38200) mbedtls: ssl_tls12_client.c:1885 0x3ffb6124: 00e0:  65 10 25 78 e8 20 2f d7 55 81 b5 b1 0f 96 7a eb  e.%x. /.U.....z.

D (38200) mbedtls: ssl_tls12_client.c:1885 0x3ffb6124: 00f0:  ef 73 46 33 9e 1e ba 2f 5c 86 10 6d 4f f7 aa 8d  .sF3.../\..mO...

D (38200) mbedtls: ssl_tls12_client.c:1885 0x3ffb6124: 0100:  f3 23 e4 e4 4d c2 ac 67 19 61 f8 2d 42 02 1e e5  .#..M..g.a.-B...

D (38200) mbedtls: ssl_tls12_client.c:1885 0x3ffb6124: 0110:  db b9 e1 8c 68 e0 2d cb 39 a0 3d 7c 6a 3c e5 ee  ....h.-.9.=|j<..

D (38200) mbedtls: ssl_tls12_client.c:1885 0x3ffb6124: 0120:  6a ec 6b 98 5e 03 e9 1a                          j.k.^...

I (38200) mbedtls: ssl_tls12_client.c:1815 0x3ffb6124: Server used the signature algorithm rsa_pkcs1_sha512

D (38200) mbedtls: ssl_tls12_client.c:2047 0x3ffb6124: dumping 'signature' (256 bytes)

D (38200) mbedtls: ssl_tls12_client.c:2047 0x3ffb6124: 0000:  cf 01 a9 04 06 6b 58 75 4c 57 b5 02 2b 4d d7 89  .....kXuLW..+M..

D (38200) mbedtls: ssl_tls12_client.c:2047 0x3ffb6124: 0010:  74 f7 66 04 83 a9 95 e1 d3 80 f6 ad a5 a8 54 f6  t.f...........T.

D (38200) mbedtls: ssl_tls12_client.c:2047 0x3ffb6124: 0020:  4c 2f 9f 7d 7e 96 28 38 42 d7 ab a5 c0 f1 50 89  L/.}~.(8B.....P.

D (38200) mbedtls: ssl_tls12_client.c:2047 0x3ffb6124: 0030:  fd 66 6c 6b 6f d5 3c c2 45 9a 05 c2 a2 76 15 dd  .flko.<.E....v..

D (38200) mbedtls: ssl_tls12_client.c:2047 0x3ffb6124: 0040:  c7 ee 2f c0 16 bb d9 06 50 fc 84 eb 20 42 1a 06  ../.....P... B..

D (38200) mbedtls: ssl_tls12_client.c:2047 0x3ffb6124: 0050:  c8 77 30 ab 55 b8 4a ca 9d 76 79 d9 6e 41 77 83  .w0.U.J..vy.nAw.

D (38200) mbedtls: ssl_tls12_client.c:2047 0x3ffb6124: 0060:  33 5d 42 88 5e 27 74 ac ad 6d 4f ce fe 23 2e 66  3]B.^'t..mO..#.f

D (38200) mbedtls: ssl_tls12_client.c:2047 0x3ffb6124: 0070:  a4 5f f7 c1 16 3b 7b c6 0a 29 c0 d3 b5 7e b6 b6  ._...;{..)...~..

D (38200) mbedtls: ssl_tls12_client.c:2047 0x3ffb6124: 0080:  90 e7 1e 70 67 ea 5e c4 95 68 f3 41 2d 1f b1 e8  ...pg.^..h.A-...

D (38200) mbedtls: ssl_tls12_client.c:2047 0x3ffb6124: 0090:  e2 c9 ed 24 41 de 73 02 c3 b7 80 55 ba 99 49 c2  ...$A.s....U..I.

D (38200) mbedtls: ssl_tls12_client.c:2047 0x3ffb6124: 00a0:  df ea 70 78 09 bf 08 41 ec 12 08 aa fc 79 57 ce  ..px...A.....yW.

D (38200) mbedtls: ssl_tls12_client.c:2047 0x3ffb6124: 00b0:  a6 60 48 6b d6 13 b5 0d 65 10 25 78 e8 20 2f d7  .`Hk....e.%x. /.

D (38200) mbedtls: ssl_tls12_client.c:2047 0x3ffb6124: 00c0:  55 81 b5 b1 0f 96 7a eb ef 73 46 33 9e 1e ba 2f  U.....z..sF3.../

D (38200) mbedtls: ssl_tls12_client.c:2047 0x3ffb6124: 00d0:  5c 86 10 6d 4f f7 aa 8d f3 23 e4 e4 4d c2 ac 67  \..mO....#..M..g

D (38200) mbedtls: ssl_tls12_client.c:2047 0x3ffb6124: 00e0:  19 61 f8 2d 42 02 1e e5 db b9 e1 8c 68 e0 2d cb  .a.-B.......h.-.

D (38200) mbedtls: ssl_tls12_client.c:2047 0x3ffb6124: 00f0:  39 a0 3d 7c 6a 3c e5 ee 6a ec 6b 98 5e 03 e9 1a  9.=|j<..j.k.^...

D (38200) mbedtls: ssl_tls.c:8082 0x3ffb6124: Perform PSA-based computation of digest of ServerKeyExchange

D (38200) mbedtls: ssl_tls12_client.c:2064 0x3ffb6124: dumping 'parameters hash' (64 bytes)

D (38200) mbedtls: ssl_tls12_client.c:2064 0x3ffb6124: 0000:  40 e1 db 51 56 9a 60 78 91 bf e3 3f 2c a1 0c f8  @..QV.`x...?,...

D (38200) mbedtls: ssl_tls12_client.c:2064 0x3ffb6124: 0010:  7f d1 33 d0 ce 8e 21 dc 9e 35 4e 9d 8d f8 77 95  ..3...!..5N...w.

D (38200) mbedtls: ssl_tls12_client.c:2064 0x3ffb6124: 0020:  ef d8 75 c3 d3 02 bc bd 17 63 c5 cd 90 ff b6 63  ..u......c.....c

D (38200) mbedtls: ssl_tls12_client.c:2064 0x3ffb6124: 0030:  2f e3 17 d4 14 d4 bc 32 d2 2e f9 23 4a e3 bb a8  /......2...#J...

D (38210) mbedtls: ssl_misc.h:1295 0x3ffb6124: handshake state: 4 (MBEDTLS_SSL_SERVER_KEY_EXCHANGE) -> 5 (MBEDTLS_SSL_CERTIFICATE_REQUEST)

I (38210) mbedtls: ssl_tls12_client.c:2118 0x3ffb6124: <= parse server key exchange

I (38210) mbedtls: ssl_msg.c:2063 0x3ffb6124: => flush output

I (38210) mbedtls: ssl_msg.c:2072 0x3ffb6124: <= flush output

I (38210) mbedtls: ssl_tls.c:4201 0x3ffb6124: client state: MBEDTLS_SSL_CERTIFICATE_REQUEST

I (38210) mbedtls: ssl_tls12_client.c:2157 0x3ffb6124: => parse certificate request

I (38210) mbedtls: ssl_msg.c:4040 0x3ffb6124: => read record

I (38210) mbedtls: ssl_msg.c:1865 0x3ffb6124: => fetch input

I (38210) mbedtls: ssl_msg.c:2005 0x3ffb6124: in_left: 0, nb_want: 5

I (38210) mbedtls: ssl_msg.c:2025 0x3ffb6124: in_left: 0, nb_want: 5

I (38210) mbedtls: ssl_msg.c:2028 0x3ffb6124: ssl->f_recv(_timeout)() returned 5 (-0xfffffffb)

I (38210) mbedtls: ssl_msg.c:2050 0x3ffb6124: <= fetch input

D (38210) mbedtls: ssl_msg.c:3707 0x3ffb6124: input record: msgtype = 22, version = [0x303], msglen = 4

I (38210) mbedtls: ssl_msg.c:1865 0x3ffb6124: => fetch input

I (38210) mbedtls: ssl_msg.c:2005 0x3ffb6124: in_left: 5, nb_want: 9

I (38210) mbedtls: ssl_msg.c:2025 0x3ffb6124: in_left: 5, nb_want: 9

I (38210) mbedtls: ssl_msg.c:2028 0x3ffb6124: ssl->f_recv(_timeout)() returned 4 (-0xfffffffc)

I (38210) mbedtls: ssl_msg.c:2050 0x3ffb6124: <= fetch input

D (38210) mbedtls: ssl_msg.c:2948 0x3ffb6124: handshake message: msglen = 4, type = 14, hslen = 4

D (38210) mbedtls: ssl_msg.c:3085 0x3ffb6124: sole handshake fragment: 4, 0..4 of 4

I (38210) mbedtls: ssl_msg.c:4112 0x3ffb6124: <= read record

D (38210) mbedtls: ssl_misc.h:1295 0x3ffb6124: handshake state: 5 (MBEDTLS_SSL_CERTIFICATE_REQUEST) -> 6 (MBEDTLS_SSL_SERVER_HELLO_DONE)

D (38210) mbedtls: ssl_tls12_client.c:2183 0x3ffb6124: got no certificate request

I (38210) mbedtls: ssl_tls12_client.c:2319 0x3ffb6124: <= parse certificate request

I (38210) mbedtls: ssl_msg.c:2063 0x3ffb6124: => flush output

I (38210) mbedtls: ssl_msg.c:2072 0x3ffb6124: <= flush output

I (38210) mbedtls: ssl_tls.c:4201 0x3ffb6124: client state: MBEDTLS_SSL_SERVER_HELLO_DONE

I (38210) mbedtls: ssl_tls12_client.c:2330 0x3ffb6124: => parse server hello done

I (38210) mbedtls: ssl_msg.c:4040 0x3ffb6124: => read record

I (38210) mbedtls: ssl_msg.c:4108 0x3ffb6124: reuse previously read message

I (38210) mbedtls: ssl_msg.c:4112 0x3ffb6124: <= read record

D (38210) mbedtls: ssl_misc.h:1295 0x3ffb6124: handshake state: 6 (MBEDTLS_SSL_SERVER_HELLO_DONE) -> 7 (MBEDTLS_SSL_CLIENT_CERTIFICATE)

I (38220) mbedtls: ssl_tls12_client.c:2358 0x3ffb6124: <= parse server hello done

I (38220) mbedtls: ssl_msg.c:2063 0x3ffb6124: => flush output

I (38220) mbedtls: ssl_msg.c:2072 0x3ffb6124: <= flush output

I (38220) mbedtls: ssl_tls.c:4201 0x3ffb6124: client state: MBEDTLS_SSL_CLIENT_CERTIFICATE

I (38220) mbedtls: ssl_tls.c:6675 0x3ffb6124: => write certificate

I (38220) mbedtls: ssl_tls.c:6686 0x3ffb6124: <= skip write certificate

D (38220) mbedtls: ssl_misc.h:1295 0x3ffb6124: handshake state: 7 (MBEDTLS_SSL_CLIENT_CERTIFICATE) -> 8 (MBEDTLS_SSL_CLIENT_KEY_EXCHANGE)

I (38220) mbedtls: ssl_msg.c:2063 0x3ffb6124: => flush output

I (38220) mbedtls: ssl_msg.c:2072 0x3ffb6124: <= flush output

I (38220) mbedtls: ssl_tls.c:4201 0x3ffb6124: client state: MBEDTLS_SSL_CLIENT_KEY_EXCHANGE

I (38220) mbedtls: ssl_tls12_client.c:2373 0x3ffb6124: => write client key exchange

D (38220) mbedtls: ssl_tls12_client.c:2387 0x3ffb6124: Perform PSA-based ECDH computation.

[mem-tick] t=   36669 ms phase=e1           free=215788
[mem-tick] t=   36769 ms phase=e1           free=215444
D (38360) mbedtls: ssl_misc.h:1295 0x3ffb6124: handshake state: 8 (MBEDTLS_SSL_CLIENT_KEY_EXCHANGE) -> 9 (MBEDTLS_SSL_CERTIFICATE_VERIFY)

I (38360) mbedtls: ssl_msg.c:2494 0x3ffb6124: => write handshake message

I (38360) mbedtls: ssl_msg.c:2654 0x3ffb6124: => write record

D (38360) mbedtls: ssl_msg.c:2737 0x3ffb6124: output record: msgtype = 22, version = [3:3], msglen = 37

I (38360) mbedtls: ssl_msg.c:2063 0x3ffb6124: => flush output

I (38360) mbedtls: ssl_msg.c:2077 0x3ffb6124: message length: 42, out_left: 42

I (38360) mbedtls: ssl_msg.c:2084 0x3ffb6124: ssl->f_send() returned 42 (-0xffffffd6)

I (38360) mbedtls: ssl_msg.c:2111 0x3ffb6124: <= flush output

I (38360) mbedtls: ssl_msg.c:2790 0x3ffb6124: <= write record

I (38360) mbedtls: ssl_msg.c:2615 0x3ffb6124: <= write handshake message

I (38360) mbedtls: ssl_tls12_client.c:2653 0x3ffb6124: <= write client key exchange

I (38360) mbedtls: ssl_msg.c:2063 0x3ffb6124: => flush output

I (38360) mbedtls: ssl_msg.c:2072 0x3ffb6124: <= flush output

I (38360) mbedtls: ssl_tls.c:4201 0x3ffb6124: client state: MBEDTLS_SSL_CERTIFICATE_VERIFY

I (38360) mbedtls: ssl_tls12_client.c:2701 0x3ffb6124: => write certificate verify

I (38360) mbedtls: ssl_tls.c:6466 0x3ffb6124: => derive keys

I (38360) mbedtls: ssl_tls.c:6557 0x3ffb6124: => PSA calc verify

D (38360) mbedtls: ssl_tls.c:6568 0x3ffb6124: dumping 'PSA calculated verify result' (48 bytes)

D (38360) mbedtls: ssl_tls.c:6568 0x3ffb6124: 0000:  c5 75 d5 f0 e6 0f 37 56 4c bf d3 50 67 8d ac ef  .u....7VL..Pg...

D (38360) mbedtls: ssl_tls.c:6568 0x3ffb6124: 0010:  d4 e7 1a c2 c6 3d 49 50 d6 71 db 48 46 58 be c0  .....=IP.q.HFX..

D (38360) mbedtls: ssl_tls.c:6568 0x3ffb6124: 0020:  76 0c 61 ea 83 69 b5 9c 31 75 38 9e 13 e4 da 95  v.a..i..1u8.....

I (38360) mbedtls: ssl_tls.c:6569 0x3ffb6124: <= PSA calc verify

D (38360) mbedtls: ssl_tls.c:6308 0x3ffb6124: dumping 'session hash for extended master secret' (48 bytes)

D (38360) mbedtls: ssl_tls.c:6308 0x3ffb6124: 0000:  c5 75 d5 f0 e6 0f 37 56 4c bf d3 50 67 8d ac ef  .u....7VL..Pg...

D (38360) mbedtls: ssl_tls.c:6308 0x3ffb6124: 0010:  d4 e7 1a c2 c6 3d 49 50 d6 71 db 48 46 58 be c0  .....=IP.q.HFX..

D (38360) mbedtls: ssl_tls.c:6308 0x3ffb6124: 0020:  76 0c 61 ea 83 69 b5 9c 31 75 38 9e 13 e4 da 95  v.a..i..1u8.....

D (38360) mbedtls: ssl_tls.c:6449 0x3ffb6124: dumping 'premaster secret' (32 bytes)

D (38360) mbedtls: ssl_tls.c:6449 0x3ffb6124: 0000:  db 54 88 c1 44 60 4f 1e 48 ea 81 8f fd 82 dd d5  .T..D`O.H.......

D (38370) mbedtls: ssl_tls.c:6449 0x3ffb6124: 0010:  e0 b5 6d fd 0e 72 13 2d da 54 90 6d 8d f2 e4 3e  ..m..r.-.T.m...>

D (38370) mbedtls: ssl_tls.c:7762 0x3ffb6124: ciphersuite = TLS-ECDHE-RSA-WITH-AES-256-GCM-SHA384

D (38370) mbedtls: ssl_tls.c:7764 0x3ffb6124: dumping 'master secret' (48 bytes)

D (38370) mbedtls: ssl_tls.c:7764 0x3ffb6124: 0000:  ef 94 7f 52 40 f2 e7 fc cc 42 9f 49 e1 7d 93 72  ...R@....B.I.}.r

D (38370) mbedtls: ssl_tls.c:7764 0x3ffb6124: 0010:  cb 6b 1e b3 fb 69 27 97 24 47 c2 a0 60 0a 84 98  .k...i'.$G..`...

D (38370) mbedtls: ssl_tls.c:7764 0x3ffb6124: 0020:  44 54 4b 0b 5c 1f ee 5a b7 9a 17 30 55 2d 1d 54  DTK.\..Z...0U-.T

D (38370) mbedtls: ssl_tls.c:7855 0x3ffb6124: keylen: 32, minlen: 24, ivlen: 12, maclen: 0

I (38370) mbedtls: ssl_tls.c:6517 0x3ffb6124: <= derive keys

I (38370) mbedtls: ssl_tls12_client.c:2723 0x3ffb6124: <= skip write certificate verify

D (38370) mbedtls: ssl_misc.h:1295 0x3ffb6124: handshake state: 9 (MBEDTLS_SSL_CERTIFICATE_VERIFY) -> 10 (MBEDTLS_SSL_CLIENT_CHANGE_CIPHER_SPEC)

I (38370) mbedtls: ssl_msg.c:2063 0x3ffb6124: => flush output

I (38370) mbedtls: ssl_msg.c:2072 0x3ffb6124: <= flush output

I (38370) mbedtls: ssl_tls.c:4201 0x3ffb6124: client state: MBEDTLS_SSL_CLIENT_CHANGE_CIPHER_SPEC

I (38370) mbedtls: ssl_msg.c:5087 0x3ffb6124: => write change cipher spec

D (38370) mbedtls: ssl_misc.h:1295 0x3ffb6124: handshake state: 10 (MBEDTLS_SSL_CLIENT_CHANGE_CIPHER_SPEC) -> 11 (MBEDTLS_SSL_CLIENT_FINISHED)

I (38370) mbedtls: ssl_msg.c:2494 0x3ffb6124: => write handshake message

I (38370) mbedtls: ssl_msg.c:2654 0x3ffb6124: => write record

D (38370) mbedtls: ssl_msg.c:2737 0x3ffb6124: output record: msgtype = 20, version = [3:3], msglen = 1

I (38370) mbedtls: ssl_msg.c:2063 0x3ffb6124: => flush output

I (38370) mbedtls: ssl_msg.c:2077 0x3ffb6124: message length: 6, out_left: 6

I (38370) mbedtls: ssl_msg.c:2084 0x3ffb6124: ssl->f_send() returned 6 (-0xfffffffa)

I (38370) mbedtls: ssl_msg.c:2111 0x3ffb6124: <= flush output

I (38370) mbedtls: ssl_msg.c:2790 0x3ffb6124: <= write record

I (38370) mbedtls: ssl_msg.c:2615 0x3ffb6124: <= write handshake message

I (38370) mbedtls: ssl_msg.c:5100 0x3ffb6124: <= write change cipher spec

I (38370) mbedtls: ssl_msg.c:2063 0x3ffb6124: => flush output

I (38370) mbedtls: ssl_msg.c:2072 0x3ffb6124: <= flush output

I (38370) mbedtls: ssl_tls.c:4201 0x3ffb6124: client state: MBEDTLS_SSL_CLIENT_FINISHED

I (38370) mbedtls: ssl_tls.c:7384 0x3ffb6124: => write finished

I (38370) mbedtls: ssl_tls.c:7235 0x3ffb6124: => calc PSA finished tls

D (38370) mbedtls: ssl_tls.c:7246 0x3ffb6124: dumping 'PSA calculated padbuf' (48 bytes)

D (38370) mbedtls: ssl_tls.c:7246 0x3ffb6124: 0000:  c5 75 d5 f0 e6 0f 37 56 4c bf d3 50 67 8d ac ef  .u....7VL..Pg...

D (38370) mbedtls: ssl_tls.c:7246 0x3ffb6124: 0010:  d4 e7 1a c2 c6 3d 49 50 d6 71 db 48 46 58 be c0  .....=IP.q.HFX..

D (38370) mbedtls: ssl_tls.c:7246 0x3ffb6124: 0020:  76 0c 61 ea 83 69 b5 9c 31 75 38 9e 13 e4 da 95  v.a..i..1u8.....

D (38370) mbedtls: ssl_tls.c:7258 0x3ffb6124: dumping 'calc finished result' (12 bytes)

D (38370) mbedtls: ssl_tls.c:7258 0x3ffb6124: 0000:  31 18 92 97 f2 59 ad f9 3c 25 3b a4              1....Y..<%;.

I (38370) mbedtls: ssl_tls.c:7262 0x3ffb6124: <= calc finished

D (38370) mbedtls: ssl_misc.h:1295 0x3ffb6124: handshake state: 11 (MBEDTLS_SSL_CLIENT_FINISHED) -> 12 (MBEDTLS_SSL_SERVER_CHANGE_CIPHER_SPEC)

D (38370) mbedtls: ssl_tls.c:7434 0x3ffb6124: switching to new transform spec for outbound data

I (38370) mbedtls: ssl_msg.c:2494 0x3ffb6124: => write handshake message

I (38370) mbedtls: ssl_msg.c:2654 0x3ffb6124: => write record

I (38370) mbedtls: ssl_msg.c:808 0x3ffb6124: => encrypt buf

D (38370) mbedtls: ssl_msg.c:1036 0x3ffb6124: before encrypt: msglen = 16, including 0 bytes of padding

I (38370) mbedtls: ssl_msg.c:1265 0x3ffb6124: <= encrypt buf

D (38370) mbedtls: ssl_msg.c:2737 0x3ffb6124: output record: msgtype = 22, version = [3:3], msglen = 40

I (38370) mbedtls: ssl_msg.c:2063 0x3ffb6124: => flush output

I (38370) mbedtls: ssl_msg.c:2077 0x3ffb6124: message length: 45, out_left: 45

I (38370) mbedtls: ssl_msg.c:2084 0x3ffb6124: ssl->f_send() returned 45 (-0xffffffd3)

I (38380) mbedtls: ssl_msg.c:2111 0x3ffb6124: <= flush output

I (38380) mbedtls: ssl_msg.c:2790 0x3ffb6124: <= write record

I (38380) mbedtls: ssl_msg.c:2615 0x3ffb6124: <= write handshake message

I (38380) mbedtls: ssl_tls.c:7487 0x3ffb6124: <= write finished

I (38380) mbedtls: ssl_msg.c:2063 0x3ffb6124: => flush output

I (38380) mbedtls: ssl_msg.c:2072 0x3ffb6124: <= flush output

I (38380) mbedtls: ssl_tls.c:4201 0x3ffb6124: client state: MBEDTLS_SSL_SERVER_CHANGE_CIPHER_SPEC

D (38380) mbedtls: ssl_misc.h:1295 0x3ffb6124: handshake state: 12 (MBEDTLS_SSL_SERVER_CHANGE_CIPHER_SPEC) -> 16 (MBEDTLS_SSL_NEW_SESSION_TICKET)

I (38380) mbedtls: ssl_tls12_client.c:2829 0x3ffb6124: => parse new session ticket

I (38380) mbedtls: ssl_msg.c:4040 0x3ffb6124: => read record

I (38380) mbedtls: ssl_msg.c:1865 0x3ffb6124: => fetch input

I (38380) mbedtls: ssl_msg.c:2005 0x3ffb6124: in_left: 0, nb_want: 5

I (38380) mbedtls: ssl_msg.c:2025 0x3ffb6124: in_left: 0, nb_want: 5

I (38380) mbedtls: ssl_msg.c:2028 0x3ffb6124: ssl->f_recv(_timeout)() returned 5 (-0xfffffffb)

I (38380) mbedtls: ssl_msg.c:2050 0x3ffb6124: <= fetch input

D (38380) mbedtls: ssl_msg.c:3707 0x3ffb6124: input record: msgtype = 22, version = [0x303], msglen = 186

I (38380) mbedtls: ssl_msg.c:1865 0x3ffb6124: => fetch input

I (38380) mbedtls: ssl_msg.c:2005 0x3ffb6124: in_left: 5, nb_want: 191

I (38380) mbedtls: ssl_msg.c:2025 0x3ffb6124: in_left: 5, nb_want: 191

I (38380) mbedtls: ssl_msg.c:2028 0x3ffb6124: ssl->f_recv(_timeout)() returned 186 (-0xffffff46)

I (38380) mbedtls: ssl_msg.c:2050 0x3ffb6124: <= fetch input

D (38380) mbedtls: ssl_msg.c:2948 0x3ffb6124: handshake message: msglen = 186, type = 4, hslen = 186

D (38380) mbedtls: ssl_msg.c:3085 0x3ffb6124: sole handshake fragment: 186, 0..186 of 186

I (38380) mbedtls: ssl_msg.c:4112 0x3ffb6124: <= read record

D (38380) mbedtls: ssl_tls12_client.c:2876 0x3ffb6124: ticket length: 176

D (38380) mbedtls: ssl_misc.h:1295 0x3ffb6124: handshake state: 16 (MBEDTLS_SSL_NEW_SESSION_TICKET) -> 12 (MBEDTLS_SSL_SERVER_CHANGE_CIPHER_SPEC)

D (38380) mbedtls: ssl_tls12_client.c:2920 0x3ffb6124: ticket in use, discarding session id

I (38380) mbedtls: ssl_tls12_client.c:2923 0x3ffb6124: <= parse new session ticket

I (38380) mbedtls: ssl_msg.c:2063 0x3ffb6124: => flush output

I (38380) mbedtls: ssl_msg.c:2072 0x3ffb6124: <= flush output

I (38380) mbedtls: ssl_tls.c:4201 0x3ffb6124: client state: MBEDTLS_SSL_SERVER_CHANGE_CIPHER_SPEC

I (38380) mbedtls: ssl_msg.c:5109 0x3ffb6124: => parse change cipher spec

I (38380) mbedtls: ssl_msg.c:4040 0x3ffb6124: => read record

I (38380) mbedtls: ssl_msg.c:1865 0x3ffb6124: => fetch input

I (38380) mbedtls: ssl_msg.c:2005 0x3ffb6124: in_left: 0, nb_want: 5

I (38380) mbedtls: ssl_msg.c:2025 0x3ffb6124: in_left: 0, nb_want: 5

I (38380) mbedtls: ssl_msg.c:2028 0x3ffb6124: ssl->f_recv(_timeout)() returned 5 (-0xfffffffb)

I (38380) mbedtls: ssl_msg.c:2050 0x3ffb6124: <= fetch input

D (38380) mbedtls: ssl_msg.c:3707 0x3ffb6124: input record: msgtype = 20, version = [0x303], msglen = 1

I (38380) mbedtls: ssl_msg.c:1865 0x3ffb6124: => fetch input

I (38380) mbedtls: ssl_msg.c:2005 0x3ffb6124: in_left: 5, nb_want: 6

I (38380) mbedtls: ssl_msg.c:2025 0x3ffb6124: in_left: 5, nb_want: 6

I (38380) mbedtls: ssl_msg.c:2028 0x3ffb6124: ssl->f_recv(_timeout)() returned 1 (-0xffffffff)

I (38380) mbedtls: ssl_msg.c:2050 0x3ffb6124: <= fetch input

I (38380) mbedtls: ssl_msg.c:4112 0x3ffb6124: <= read record

D (38380) mbedtls: ssl_msg.c:5130 0x3ffb6124: switching to new transform spec for inbound data

D (38380) mbedtls: ssl_misc.h:1295 0x3ffb6124: handshake state: 12 (MBEDTLS_SSL_SERVER_CHANGE_CIPHER_SPEC) -> 13 (MBEDTLS_SSL_SERVER_FINISHED)

I (38380) mbedtls: ssl_msg.c:5157 0x3ffb6124: <= parse change cipher spec

I (38380) mbedtls: ssl_msg.c:2063 0x3ffb6124: => flush output

I (38380) mbedtls: ssl_msg.c:2072 0x3ffb6124: <= flush output

I (38380) mbedtls: ssl_tls.c:4201 0x3ffb6124: client state: MBEDTLS_SSL_SERVER_FINISHED

I (38380) mbedtls: ssl_tls.c:7500 0x3ffb6124: => parse finished

I (38380) mbedtls: ssl_tls.c:7235 0x3ffb6124: => calc PSA finished tls

D (38380) mbedtls: ssl_tls.c:7246 0x3ffb6124: dumping 'PSA calculated padbuf' (48 bytes)

D (38380) mbedtls: ssl_tls.c:7246 0x3ffb6124: 0000:  9b eb c4 59 fe c8 92 3a de fc 2c 96 89 6d e5 c9  ...Y...:..,..m..

D (38380) mbedtls: ssl_tls.c:7246 0x3ffb6124: 0010:  c8 a7 39 4d 90 cb b6 81 85 20 ce 1d b5 82 62 0f  ..9M..... ....b.

D (38380) mbedtls: ssl_tls.c:7246 0x3ffb6124: 0020:  a7 19 70 4e cb 44 a9 79 ee 2c 5f 54 d9 38 63 0b  ..pN.D.y.,_T.8c.

D (38380) mbedtls: ssl_tls.c:7258 0x3ffb6124: dumping 'calc finished result' (12 bytes)

D (38380) mbedtls: ssl_tls.c:7258 0x3ffb6124: 0000:  9d ef 74 8c 57 a0 c8 00 06 04 c1 0c              ..t.W.......

I (38380) mbedtls: ssl_tls.c:7262 0x3ffb6124: <= calc finished

I (38380) mbedtls: ssl_msg.c:4040 0x3ffb6124: => read record

I (38380) mbedtls: ssl_msg.c:1865 0x3ffb6124: => fetch input

I (38380) mbedtls: ssl_msg.c:2005 0x3ffb6124: in_left: 0, nb_want: 5

I (38380) mbedtls: ssl_msg.c:2025 0x3ffb6124: in_left: 0, nb_want: 5

I (38390) mbedtls: ssl_msg.c:2028 0x3ffb6124: ssl->f_recv(_timeout)() returned 5 (-0xfffffffb)

I (38390) mbedtls: ssl_msg.c:2050 0x3ffb6124: <= fetch input

D (38390) mbedtls: ssl_msg.c:3707 0x3ffb6124: input record: msgtype = 22, version = [0x303], msglen = 40

I (38390) mbedtls: ssl_msg.c:1865 0x3ffb6124: => fetch input

I (38390) mbedtls: ssl_msg.c:2005 0x3ffb6124: in_left: 5, nb_want: 45

I (38390) mbedtls: ssl_msg.c:2025 0x3ffb6124: in_left: 5, nb_want: 45

I (38390) mbedtls: ssl_msg.c:2028 0x3ffb6124: ssl->f_recv(_timeout)() returned 40 (-0xffffffd8)

I (38390) mbedtls: ssl_msg.c:2050 0x3ffb6124: <= fetch input

I (38390) mbedtls: ssl_msg.c:1301 0x3ffb6124: => decrypt buf

I (38390) mbedtls: ssl_msg.c:1831 0x3ffb6124: <= decrypt buf

D (38390) mbedtls: ssl_msg.c:2948 0x3ffb6124: handshake message: msglen = 16, type = 20, hslen = 16

D (38390) mbedtls: ssl_msg.c:3085 0x3ffb6124: sole handshake fragment: 16, 0..16 of 16

I (38390) mbedtls: ssl_msg.c:4112 0x3ffb6124: <= read record

D (38390) mbedtls: ssl_misc.h:1295 0x3ffb6124: handshake state: 13 (MBEDTLS_SSL_SERVER_FINISHED) -> 14 (MBEDTLS_SSL_FLUSH_BUFFERS)

I (38390) mbedtls: ssl_tls.c:7571 0x3ffb6124: <= parse finished

I (38390) mbedtls: ssl_msg.c:2063 0x3ffb6124: => flush output

I (38390) mbedtls: ssl_msg.c:2072 0x3ffb6124: <= flush output

I (38390) mbedtls: ssl_tls.c:4201 0x3ffb6124: client state: MBEDTLS_SSL_FLUSH_BUFFERS

I (38390) mbedtls: ssl_tls12_client.c:3031 0x3ffb6124: handshake: done

D (38390) mbedtls: ssl_misc.h:1295 0x3ffb6124: handshake state: 14 (MBEDTLS_SSL_FLUSH_BUFFERS) -> 15 (MBEDTLS_SSL_HANDSHAKE_WRAPUP)

I (38390) mbedtls: ssl_msg.c:2063 0x3ffb6124: => flush output

I (38390) mbedtls: ssl_msg.c:2072 0x3ffb6124: <= flush output

I (38390) mbedtls: ssl_tls.c:4201 0x3ffb6124: client state: MBEDTLS_SSL_HANDSHAKE_WRAPUP

D (38390) mbedtls: ssl_tls.c:7322 0x3ffb6124: => handshake wrapup

D (38390) mbedtls: ssl_tls.c:7296 0x3ffb6124: => handshake wrapup: final free

D (38390) mbedtls: ssl_tls.c:7315 0x3ffb6124: <= handshake wrapup: final free

D (38390) mbedtls: ssl_misc.h:1295 0x3ffb6124: handshake state: 15 (MBEDTLS_SSL_HANDSHAKE_WRAPUP) -> 27 (MBEDTLS_SSL_HANDSHAKE_OVER)

D (38390) mbedtls: ssl_tls.c:7376 0x3ffb6124: <= handshake wrapup

I (38390) mbedtls: ssl_tls.c:4293 0x3ffb6124: <= handshake

[e1] connected with PINNED cert, handshake=232114 us
--- E2: pinned WRONG cert as CA => expect verify failure ---
D (38400) esp-tls: handshake in progress...
I (38400) mbedtls: ssl_tls.c:4282 0x3ffb6124: => handshake

I (38400) mbedtls: ssl_msg.c:2063 0x3ffb6124: => flush output

I (38400) mbedtls: ssl_msg.c:2072 0x3ffb6124: <= flush output

I (38400) mbedtls: ssl_tls.c:4201 0x3ffb6124: client state: MBEDTLS_SSL_HELLO_REQUEST

D (38400) mbedtls: ssl_misc.h:1295 0x3ffb6124: handshake state: 0 (MBEDTLS_SSL_HELLO_REQUEST) -> 1 (MBEDTLS_SSL_CLIENT_HELLO)

I (38400) mbedtls: ssl_msg.c:2063 0x3ffb6124: => flush output

I (38400) mbedtls: ssl_msg.c:2072 0x3ffb6124: <= flush output

I (38400) mbedtls: ssl_tls.c:4201 0x3ffb6124: client state: MBEDTLS_SSL_CLIENT_HELLO

I (38400) mbedtls: ssl_client.c:917 0x3ffb6124: => write client hello

D (38400) mbedtls: ssl_client.c:722 0x3ffb6124: client hello, current time: 36

D (38400) mbedtls: ssl_client.c:485 0x3ffb6124: dumping 'client hello, random bytes' (32 bytes)

D (38400) mbedtls: ssl_client.c:485 0x3ffb6124: 0000:  00 00 00 24 c5 2a 0a 94 ce d3 6a cd 82 9b 8f cd  ...$.*....j.....

D (38400) mbedtls: ssl_client.c:485 0x3ffb6124: 0010:  01 ef 55 5b 35 2b 3d f8 7e b2 ed 36 dc 74 ae 4b  ..U[5+=.~..6.t.K

D (38400) mbedtls: ssl_client.c:510 0x3ffb6124: dumping 'session id' (0 bytes)

D (38400) mbedtls: ssl_client.c:368 0x3ffb6124: client hello, add ciphersuite: c02c, TLS-ECDHE-ECDSA-WITH-AES-256-GCM-SHA384

D (38400) mbedtls: ssl_client.c:368 0x3ffb6124: client hello, add ciphersuite: c030, TLS-ECDHE-RSA-WITH-AES-256-GCM-SHA384

D (38400) mbedtls: ssl_client.c:368 0x3ffb6124: client hello, add ciphersuite: c0ad, TLS-ECDHE-ECDSA-WITH-AES-256-CCM

D (38400) mbedtls: ssl_client.c:368 0x3ffb6124: client hello, add ciphersuite: c024, TLS-ECDHE-ECDSA-WITH-AES-256-CBC-SHA384

D (38400) mbedtls: ssl_client.c:368 0x3ffb6124: client hello, add ciphersuite: c028, TLS-ECDHE-RSA-WITH-AES-256-CBC-SHA384

D (38400) mbedtls: ssl_client.c:368 0x3ffb6124: client hello, add ciphersuite: c00a, TLS-ECDHE-ECDSA-WITH-AES-256-CBC-SHA

D (38400) mbedtls: ssl_client.c:368 0x3ffb6124: client hello, add ciphersuite: c014, TLS-ECDHE-RSA-WITH-AES-256-CBC-SHA

D (38400) mbedtls: ssl_client.c:368 0x3ffb6124: client hello, add ciphersuite: c0af, TLS-ECDHE-ECDSA-WITH-AES-256-CCM-8

D (38400) mbedtls: ssl_client.c:368 0x3ffb6124: client hello, add ciphersuite: c02b, TLS-ECDHE-ECDSA-WITH-AES-128-GCM-SHA256

D (38400) mbedtls: ssl_client.c:368 0x3ffb6124: client hello, add ciphersuite: c02f, TLS-ECDHE-RSA-WITH-AES-128-GCM-SHA256

D (38400) mbedtls: ssl_client.c:368 0x3ffb6124: client hello, add ciphersuite: c0ac, TLS-ECDHE-ECDSA-WITH-AES-128-CCM

D (38400) mbedtls: ssl_client.c:368 0x3ffb6124: client hello, add ciphersuite: c023, TLS-ECDHE-ECDSA-WITH-AES-128-CBC-SHA256

D (38400) mbedtls: ssl_client.c:368 0x3ffb6124: client hello, add ciphersuite: c027, TLS-ECDHE-RSA-WITH-AES-128-CBC-SHA256

D (38400) mbedtls: ssl_client.c:368 0x3ffb6124: client hello, add ciphersuite: c009, TLS-ECDHE-ECDSA-WITH-AES-128-CBC-SHA

D (38400) mbedtls: ssl_client.c:368 0x3ffb6124: client hello, add ciphersuite: c013, TLS-ECDHE-RSA-WITH-AES-128-CBC-SHA

D (38400) mbedtls: ssl_client.c:368 0x3ffb6124: client hello, add ciphersuite: c0ae, TLS-ECDHE-ECDSA-WITH-AES-128-CCM-8

D (38400) mbedtls: ssl_client.c:386 0x3ffb6124: adding EMPTY_RENEGOTIATION_INFO_SCSV

D (38410) mbedtls: ssl_client.c:395 0x3ffb6124: client hello, got 17 cipher suites

D (38410) mbedtls: ssl_client.c:39 0x3ffb6124: client hello, adding server name extension: localhost

D (38410) mbedtls: ssl_client.c:229 0x3ffb6124: client hello, adding supported_groups extension

D (38410) mbedtls: ssl_client.c:248 0x3ffb6124: got supported group(001d)

D (38410) mbedtls: ssl_client.c:280 0x3ffb6124: NamedGroup: x25519 ( 1d )

D (38410) mbedtls: ssl_client.c:248 0x3ffb6124: got supported group(0017)

D (38410) mbedtls: ssl_client.c:280 0x3ffb6124: NamedGroup: secp256r1 ( 17 )

D (38410) mbedtls: ssl_client.c:248 0x3ffb6124: got supported group(0018)

D (38410) mbedtls: ssl_client.c:280 0x3ffb6124: NamedGroup: secp384r1 ( 18 )

D (38410) mbedtls: ssl_client.c:248 0x3ffb6124: got supported group(001e)

D (38410) mbedtls: ssl_client.c:280 0x3ffb6124: NamedGroup: x448 ( 1e )

D (38410) mbedtls: ssl_client.c:248 0x3ffb6124: got supported group(0019)

D (38410) mbedtls: ssl_client.c:280 0x3ffb6124: NamedGroup: secp521r1 ( 19 )

D (38410) mbedtls: ssl_client.c:248 0x3ffb6124: got supported group(001a)

D (38410) mbedtls: ssl_client.c:280 0x3ffb6124: NamedGroup: bp256r1 ( 1a )

D (38410) mbedtls: ssl_client.c:248 0x3ffb6124: got supported group(001b)

D (38410) mbedtls: ssl_client.c:280 0x3ffb6124: NamedGroup: bp384r1 ( 1b )

D (38410) mbedtls: ssl_client.c:248 0x3ffb6124: got supported group(001c)

D (38410) mbedtls: ssl_client.c:280 0x3ffb6124: NamedGroup: bp512r1 ( 1c )

D (38410) mbedtls: ssl_client.c:248 0x3ffb6124: got supported group(0100)

D (38410) mbedtls: ssl_client.c:248 0x3ffb6124: got supported group(0101)

D (38410) mbedtls: ssl_client.c:248 0x3ffb6124: got supported group(0102)

D (38410) mbedtls: ssl_client.c:248 0x3ffb6124: got supported group(0103)

D (38410) mbedtls: ssl_client.c:248 0x3ffb6124: got supported group(0104)

D (38410) mbedtls: ssl_client.c:300 0x3ffb6124: dumping 'Supported groups extension' (18 bytes)

D (38410) mbedtls: ssl_client.c:300 0x3ffb6124: 0000:  00 10 00 1d 00 17 00 18 00 1e 00 19 00 1a 00 1b  ................

D (38410) mbedtls: ssl_client.c:300 0x3ffb6124: 0010:  00 1c                                            ..

D (38410) mbedtls: ssl_tls.c:8276 0x3ffb6124: adding signature_algorithms extension

D (38410) mbedtls: ssl_tls.c:8296 0x3ffb6124: got signature scheme [603] ecdsa_secp521r1_sha512

D (38410) mbedtls: ssl_tls.c:8305 0x3ffb6124: sent signature scheme [603] ecdsa_secp521r1_sha512

D (38410) mbedtls: ssl_tls.c:8296 0x3ffb6124: got signature scheme [806] rsa_pss_rsae_sha512

D (38410) mbedtls: ssl_tls.c:8296 0x3ffb6124: got signature scheme [601] rsa_pkcs1_sha512

D (38410) mbedtls: ssl_tls.c:8305 0x3ffb6124: sent signature scheme [601] rsa_pkcs1_sha512

D (38410) mbedtls: ssl_tls.c:8296 0x3ffb6124: got signature scheme [503] ecdsa_secp384r1_sha384

D (38410) mbedtls: ssl_tls.c:8305 0x3ffb6124: sent signature scheme [503] ecdsa_secp384r1_sha384

D (38410) mbedtls: ssl_tls.c:8296 0x3ffb6124: got signature scheme [805] rsa_pss_rsae_sha384

D (38410) mbedtls: ssl_tls.c:8296 0x3ffb6124: got signature scheme [501] rsa_pkcs1_sha384

D (38410) mbedtls: ssl_tls.c:8305 0x3ffb6124: sent signature scheme [501] rsa_pkcs1_sha384

D (38410) mbedtls: ssl_tls.c:8296 0x3ffb6124: got signature scheme [403] ecdsa_secp256r1_sha256

D (38410) mbedtls: ssl_tls.c:8305 0x3ffb6124: sent signature scheme [403] ecdsa_secp256r1_sha256

D (38410) mbedtls: ssl_tls.c:8296 0x3ffb6124: got signature scheme [804] rsa_pss_rsae_sha256

D (38410) mbedtls: ssl_tls.c:8296 0x3ffb6124: got signature scheme [401] rsa_pkcs1_sha256

D (38410) mbedtls: ssl_tls.c:8305 0x3ffb6124: sent signature scheme [401] rsa_pkcs1_sha256

D (38410) mbedtls: ssl_tls12_client.c:103 0x3ffb6124: client hello, adding supported_point_formats extension

D (38410) mbedtls: ssl_tls12_client.c:287 0x3ffb6124: client hello, adding encrypt_then_mac extension

D (38410) mbedtls: ssl_tls12_client.c:319 0x3ffb6124: client hello, adding extended_master_secret extension

D (38410) mbedtls: ssl_tls12_client.c:352 0x3ffb6124: client hello, adding session ticket extension

D (38410) mbedtls: ssl_client.c:687 0x3ffb6124: client hello, total extension length: 76

D (38410) mbedtls: ssl_client.c:689 0x3ffb6124: dumping 'client hello extensions' (76 bytes)

D (38420) mbedtls: ssl_client.c:689 0x3ffb6124: 0000:  00 4c 00 00 00 0e 00 0c 00 00 09 6c 6f 63 61 6c  .L.........local

D (38420) mbedtls: ssl_client.c:689 0x3ffb6124: 0010:  68 6f 73 74 00 0a 00 12 00 10 00 1d 00 17 00 18  host............

D (38420) mbedtls: ssl_client.c:689 0x3ffb6124: 0020:  00 1e 00 19 00 1a 00 1b 00 1c 00 0d 00 0e 00 0c  ................

D (38420) mbedtls: ssl_client.c:689 0x3ffb6124: 0030:  06 03 06 01 05 03 05 01 04 03 04 01 00 0b 00 02  ................

D (38420) mbedtls: ssl_client.c:689 0x3ffb6124: 0040:  01 00 00 16 00 00 00 17 00 00 00 23              ...........#

I (38420) mbedtls: ssl_msg.c:2494 0x3ffb6124: => write handshake message

I (38420) mbedtls: ssl_msg.c:2654 0x3ffb6124: => write record

D (38420) mbedtls: ssl_msg.c:2737 0x3ffb6124: output record: msgtype = 22, version = [3:3], msglen = 155

I (38420) mbedtls: ssl_msg.c:2790 0x3ffb6124: <= write record

I (38420) mbedtls: ssl_msg.c:2615 0x3ffb6124: <= write handshake message

D (38420) mbedtls: ssl_misc.h:1295 0x3ffb6124: handshake state: 1 (MBEDTLS_SSL_CLIENT_HELLO) -> 2 (MBEDTLS_SSL_SERVER_HELLO)

I (38420) mbedtls: ssl_client.c:1010 0x3ffb6124: <= write client hello

I (38420) mbedtls: ssl_msg.c:2063 0x3ffb6124: => flush output

I (38420) mbedtls: ssl_msg.c:2077 0x3ffb6124: message length: 160, out_left: 160

I (38420) mbedtls: ssl_msg.c:2084 0x3ffb6124: ssl->f_send() returned 160 (-0xffffff60)

I (38420) mbedtls: ssl_msg.c:2111 0x3ffb6124: <= flush output

I (38420) mbedtls: ssl_tls.c:4201 0x3ffb6124: client state: MBEDTLS_SSL_SERVER_HELLO

I (38420) mbedtls: ssl_tls12_client.c:1151 0x3ffb6124: => parse server hello

I (38420) mbedtls: ssl_msg.c:4040 0x3ffb6124: => read record

I (38420) mbedtls: ssl_msg.c:1865 0x3ffb6124: => fetch input

I (38420) mbedtls: ssl_msg.c:2005 0x3ffb6124: in_left: 0, nb_want: 5

I (38420) mbedtls: ssl_msg.c:2025 0x3ffb6124: in_left: 0, nb_want: 5

I (38420) mbedtls: ssl_msg.c:2028 0x3ffb6124: ssl->f_recv(_timeout)() returned 5 (-0xfffffffb)

I (38420) mbedtls: ssl_msg.c:2050 0x3ffb6124: <= fetch input

D (38420) mbedtls: ssl_msg.c:3707 0x3ffb6124: input record: msgtype = 22, version = [0x303], msglen = 65

I (38420) mbedtls: ssl_msg.c:1865 0x3ffb6124: => fetch input

I (38420) mbedtls: ssl_msg.c:2005 0x3ffb6124: in_left: 5, nb_want: 70

I (38420) mbedtls: ssl_msg.c:2025 0x3ffb6124: in_left: 5, nb_want: 70

I (38420) mbedtls: ssl_msg.c:2028 0x3ffb6124: ssl->f_recv(_timeout)() returned 65 (-0xffffffbf)

I (38420) mbedtls: ssl_msg.c:2050 0x3ffb6124: <= fetch input

D (38420) mbedtls: ssl_msg.c:2948 0x3ffb6124: handshake message: msglen = 65, type = 2, hslen = 65

D (38420) mbedtls: ssl_msg.c:3085 0x3ffb6124: sole handshake fragment: 65, 0..65 of 65

I (38420) mbedtls: ssl_msg.c:4112 0x3ffb6124: <= read record

D (38420) mbedtls: ssl_tls12_client.c:1225 0x3ffb6124: dumping 'server hello, version' (2 bytes)

D (38420) mbedtls: ssl_tls12_client.c:1225 0x3ffb6124: 0000:  03 03                                            ..

D (38420) mbedtls: ssl_tls12_client.c:1246 0x3ffb6124: server hello, current time: 4172509100

D (38420) mbedtls: ssl_tls12_client.c:1256 0x3ffb6124: dumping 'server hello, random bytes' (32 bytes)

D (38420) mbedtls: ssl_tls12_client.c:1256 0x3ffb6124: 0000:  f8 b3 6f ac 7b 65 48 0d 1c ab 15 5d ff 68 fe 4e  ..o.{eH....].h.N

D (38420) mbedtls: ssl_tls12_client.c:1256 0x3ffb6124: 0010:  63 48 b5 b8 90 fd 0b 77 46 63 d6 1f a2 7f 0a 7d  cH.....wFc.....}

D (38420) mbedtls: ssl_tls12_client.c:1318 0x3ffb6124: server hello, session id len.: 0

D (38420) mbedtls: ssl_tls12_client.c:1319 0x3ffb6124: dumping 'server hello, session id' (0 bytes)

D (38430) mbedtls: ssl_misc.h:1295 0x3ffb6124: handshake state: 2 (MBEDTLS_SSL_SERVER_HELLO) -> 3 (MBEDTLS_SSL_SERVER_CERTIFICATE)

D (38430) mbedtls: ssl_tls12_client.c:1343 0x3ffb6124: no session has been resumed

D (38430) mbedtls: ssl_tls12_client.c:1346 0x3ffb6124: server hello, chosen ciphersuite: c030

D (38430) mbedtls: ssl_tls12_client.c:1347 0x3ffb6124: server hello, compress alg.: 0

D (38430) mbedtls: ssl_tls12_client.c:1382 0x3ffb6124: server hello, chosen ciphersuite: TLS-ECDHE-RSA-WITH-AES-256-GCM-SHA384

I (38430) mbedtls: ssl_tls12_client.c:1403 0x3ffb6124: server hello, total extension length: 21

D (38430) mbedtls: ssl_tls12_client.c:1421 0x3ffb6124: found renegotiation extension

D (38430) mbedtls: ssl_tls12_client.c:1500 0x3ffb6124: found supported_point_formats extension

D (38430) mbedtls: ssl_tls12_client.c:1486 0x3ffb6124: found session_ticket extension

D (38430) mbedtls: ssl_tls12_client.c:1473 0x3ffb6124: found extended_master_secret extension

I (38430) mbedtls: ssl_tls12_client.c:1617 0x3ffb6124: <= parse server hello

I (38430) mbedtls: ssl_msg.c:2063 0x3ffb6124: => flush output

I (38430) mbedtls: ssl_msg.c:2072 0x3ffb6124: <= flush output

I (38430) mbedtls: ssl_tls.c:4201 0x3ffb6124: client state: MBEDTLS_SSL_SERVER_CERTIFICATE

I (38430) mbedtls: ssl_tls.c:7077 0x3ffb6124: => parse certificate

I (38430) mbedtls: ssl_msg.c:4040 0x3ffb6124: => read record

I (38430) mbedtls: ssl_msg.c:1865 0x3ffb6124: => fetch input

I (38430) mbedtls: ssl_msg.c:2005 0x3ffb6124: in_left: 0, nb_want: 5

I (38430) mbedtls: ssl_msg.c:2025 0x3ffb6124: in_left: 0, nb_want: 5

I (38430) mbedtls: ssl_msg.c:2028 0x3ffb6124: ssl->f_recv(_timeout)() returned 5 (-0xfffffffb)

I (38430) mbedtls: ssl_msg.c:2050 0x3ffb6124: <= fetch input

D (38430) mbedtls: ssl_msg.c:3707 0x3ffb6124: input record: msgtype = 22, version = [0x303], msglen = 791

I (38430) mbedtls: ssl_msg.c:1865 0x3ffb6124: => fetch input

I (38430) mbedtls: ssl_msg.c:2005 0x3ffb6124: in_left: 5, nb_want: 796

I (38430) mbedtls: ssl_msg.c:2025 0x3ffb6124: in_left: 5, nb_want: 796

I (38430) mbedtls: ssl_msg.c:2028 0x3ffb6124: ssl->f_recv(_timeout)() returned 791 (-0xfffffce9)

I (38430) mbedtls: ssl_msg.c:2050 0x3ffb6124: <= fetch input

D (38430) mbedtls: ssl_msg.c:2948 0x3ffb6124: handshake message: msglen = 791, type = 11, hslen = 791

D (38430) mbedtls: ssl_msg.c:3085 0x3ffb6124: sole handshake fragment: 791, 0..791 of 791

I (38430) mbedtls: ssl_msg.c:4112 0x3ffb6124: <= read record

D (38430) mbedtls: ssl_tls.c:6952 0x3ffb6124: peer certificate #1:

D (38430) mbedtls: ssl_tls.c:6952 0x3ffb6124: cert. version     : 3

D (38430) mbedtls: ssl_tls.c:6952 0x3ffb6124: serial number     : 77:66:A5:9D:AF:14:9E:F2:03:F7:3C:2B:1A:5C:81:86:F8:A3:4E:52

D (38430) mbedtls: ssl_tls.c:6952 0x3ffb6124: issuer name       : CN=localhost

D (38430) mbedtls: ssl_tls.c:6952 0x3ffb6124: subject name      : CN=localhost

D (38430) mbedtls: ssl_tls.c:6952 0x3ffb6124: issued  on        : 2026-08-26 20:20:30

D (38430) mbedtls: ssl_tls.c:6952 0x3ffb6124: expires on        : 2026-09-25 20:20:30

D (38430) mbedtls: ssl_tls.c:6952 0x3ffb6124: signed using      : RSA with SHA-256

D (38440) mbedtls: ssl_tls.c:6952 0x3ffb6124: RSA key size      : 2048 bits

D (38440) mbedtls: ssl_tls.c:6952 0x3ffb6124: basic constraints : CA=true

D (38440) mbedtls: ssl_tls.c:6952 0x3ffb6124: dumping 'crt->PK' (270 bytes)

D (38440) mbedtls: ssl_tls.c:6952 0x3ffb6124: 0000:  30 82 01 0a 02 82 01 01 00 dd 03 19 3e 8f 4a 05

D (38440) mbedtls: ssl_tls.c:6952 0x3ffb6124: 0010:  9c d6 74 e1 46 bc 40 7a 7e af 78 09 38 f6 d0 1c

D (38440) mbedtls: ssl_tls.c:6952 0x3ffb6124: 0020:  9d e4 2b 18 4c a1 87 f6 83 55 82 2d e0 21 fb b2

D (38440) mbedtls: ssl_tls.c:6952 0x3ffb6124: 0030:  00 2f 9b 98 36 24 73 47 a2 11 bb 50 05 1c 9e 40

D (38440) mbedtls: ssl_tls.c:6952 0x3ffb6124: 0040:  41 c9 de 81 7e a1 eb 82 48 35 d0 51 24 0d 22 bd

D (38440) mbedtls: ssl_tls.c:6952 0x3ffb6124: 0050:  7e c7 0b 60 74 e2 60 3e 76 de c1 3d b5 9f e9 d2

D (38440) mbedtls: ssl_tls.c:6952 0x3ffb6124: 0060:  ac 90 d3 84 2a 75 7c 41 8a 11 14 c8 bc 09 7b 9d

D (38440) mbedtls: ssl_tls.c:6952 0x3ffb6124: 0070:  45 54 95 c1 50 05 be f1 34 c0 05 55 f5 a2 b3 a8

D (38440) mbedtls: ssl_tls.c:6952 0x3ffb6124: 0080:  24 f6 ab 22 df 72 97 ef b5 8f e4 fe 49 be 4f c1

D (38440) mbedtls: ssl_tls.c:6952 0x3ffb6124: 0090:  08 e0 39 7a cd ba 74 2e d1 20 74 ad 6b 59 ab 86

D (38440) mbedtls: ssl_tls.c:6952 0x3ffb6124: 00a0:  5d 29 ab 81 f0 c1 22 3f 01 b9 0b a1 fb ee 70 9f

D (38440) mbedtls: ssl_tls.c:6952 0x3ffb6124: 00b0:  eb 29 5e 9f 1d 6a 0d dc 65 fd 5e 5d 38 0c 1a c3

D (38440) mbedtls: ssl_tls.c:6952 0x3ffb6124: 00c0:  ae b7 b7 2f 66 23 82 80 ab 7d 69 7c 8f 95 ab e8

D (38440) mbedtls: ssl_tls.c:6952 0x3ffb6124: 00d0:  c0 4d 21 42 7d 78 c8 25 8b 60 f6 0d 87 c9 f4 df

D (38440) mbedtls: ssl_tls.c:6952 0x3ffb6124: 00e0:  36 bf 16 7c 59 16 d1 09 ec 17 67 cf 5d 9f 8f 78

D (38440) mbedtls: ssl_tls.c:6952 0x3ffb6124: 00f0:  8c 3d d0 02 18 d5 bc a7 19 f4 51 fe 1d b3 20 40

D (38440) mbedtls: ssl_tls.c:6952 0x3ffb6124: 0100:  67 7e 3a cc 30 f3 8d a0 ef 02 03 01 00 01      

D (38440) mbedtls: ssl_tls.c:8721 0x3ffb6124: Use configuration-specific verification callback

W (38440) mbedtls: ssl_tls.c:8778 0x3ffb6124: x509_verify_cert() returned -9984 (-0x2700)

I (38440) mbedtls: ssl_msg.c:5058 0x3ffb6124: => send alert message

D (38440) mbedtls: ssl_msg.c:5059 0x3ffb6124: send alert level=2 message=48

I (38440) mbedtls: ssl_msg.c:2654 0x3ffb6124: => write record

D (38440) mbedtls: ssl_msg.c:2737 0x3ffb6124: output record: msgtype = 21, version = [3:3], msglen = 2

I (38440) mbedtls: ssl_msg.c:2063 0x3ffb6124: => flush output

I (38440) mbedtls: ssl_msg.c:2077 0x3ffb6124: message length: 7, out_left: 7

I (38440) mbedtls: ssl_msg.c:2084 0x3ffb6124: ssl->f_send() returned 7 (-0xfffffff9)

I (38440) mbedtls: ssl_msg.c:2111 0x3ffb6124: <= flush output

I (38440) mbedtls: ssl_msg.c:2790 0x3ffb6124: <= write record

I (38440) mbedtls: ssl_msg.c:5070 0x3ffb6124: <= send alert message

D (38440) mbedtls: ssl_tls.c:8878 0x3ffb6124: ! Certificate verification flags 00000008

I (38440) mbedtls: ssl_tls.c:4293 0x3ffb6124: <= handshake

E (38440) esp-tls-mbedtls: mbedtls_ssl_handshake returned -0x2700
I (38440) esp-tls-mbedtls: (FFFFD900): X509 - Certificate verification failed, e.g. CRL, CA or signature check failed
D (38440) esp-tls-mbedtls: Skipping certificate verification - no peer certificate received
E (38440) esp-tls: Failed to open new connection
[conn] TLS to 10.0.2.2:22443 FAILED after 49186 us
[err] handshake: last_esp_err=0x801a tls_code=-0xffffd900 cert_flags=0x0 (sys_errno=0 mb_code=-0x0000)
[e2] wrong-cert path captured above
[mem] final                  free=248956 largest=110592 min-ever=12004
== ch22 lab done ==
D (121740) esp_netif_lwip: if0x3ffb98f4 ip lost tmr: no need raise ip lost event
qemu-system-xtensa: terminating on signal 15 from pid 3514389 (timeout)
