Adding SPI flash device
ets Jul 29 2019 12:21:46

rst:0x1 (POWERON_RESET),boot:0x12 (SPI_FAST_FLASH_BOOT)
configsip: 0, SPIWP:0xee
clk_drv:0x00,q_drv:0x00,d_drv:0x00,cs0_drv:0x00,hd_drv:0x00,wp_drv:0x00
mode:DIO, clock div:2
load:0x3fff0040,len:6272
load:0x40078000,len:15820
load:0x40080400,len:3920
entry 0x40080644
I (673) boot: ESP-IDF v6.0.2 2nd stage bootloader
I (673) boot: compile time Aug 27 2026 04:28:50
I (673) boot: Multicore bootloader
I (708) boot: chip revision: v3.0
I (711) boot.esp32: SPI Speed      : 40MHz
I (711) boot.esp32: SPI Mode       : DIO
I (711) boot.esp32: SPI Flash Size : 2MB
I (717) boot: Enabling RNG early entropy source...
I (723) boot: Partition Table:
I (723) boot: ## Label            Usage          Type ST Offset   Length
I (723) boot:  0 nvs              WiFi data        01 02 00009000 00006000
I (723) boot:  1 phy_init         RF data          01 01 0000f000 00001000
I (723) boot:  2 factory          factory app      00 00 00010000 00100000
I (727) boot: End of partition table
I (756) esp_image: segment 0: paddr=00010020 vaddr=3f400020 size=1e974h (125300) map
I (775) esp_image: segment 1: paddr=0002e99c vaddr=3ffb0000 size=0167ch (  5756) load
I (789) esp_image: segment 2: paddr=00030020 vaddr=400d0020 size=525a4h (337316) map
I (817) esp_image: segment 3: paddr=000825cc vaddr=3ffb167c size=0159ch (  5532) load
I (834) esp_image: segment 4: paddr=00083b70 vaddr=40080000 size=0b2dch ( 45788) load
I (851) esp_image: segment 5: paddr=0008ee54 vaddr=50000000 size=00028h (    40) load
I (895) boot: Loaded app from partition at offset 0x10000
I (896) boot: Disabling RNG early entropy source...
I (910) cpu_start: Multicore app
D (910) cpu_start: Pro cpu up
D (910) cpu_start: Starting app cpu, entry point is 0x40081698
D (578) cpu_start: App cpu up
D (922) clk: RTC_SLOW_CLK calibration value: 3495245
I (1512) cpu_start: GPIO 3 and 1 are used as console UART I/O pins
D (1514) cpu_start: calling init function: 0x400d35ac on core: 0
D (1514) cpu_start: calling init function: 0x400d4450 on core: 0
I (1514) cpu_start: Pro cpu start user code
I (1514) cpu_start: cpu freq: 160000000 Hz
D (1514) cpu_start: calling init function: 0x400d34ec on core: 0
I (1514) app_init: Application information:
I (1514) app_init: Project name:     lwip_ch22_tls_esp_tls_mbedtls
I (1514) app_init: App version:      924d871
I (1515) app_init: Compile time:     Aug 27 2026 04:28:49
I (1515) app_init: ELF file SHA256:  fe139f3f1...
I (1515) app_init: ESP-IDF:          v6.0.2
D (1515) cpu_start: calling init function: 0x400d35c0 on core: 0
I (1515) efuse_init: Min chip rev:     v0.0
I (1515) efuse_init: Max chip rev:     v3.99 
I (1515) efuse_init: Chip rev:         v3.0
D (1515) cpu_start: calling init function: 0x400d57ec on core: 0
D (1516) memory_layout: Checking 9 reserved memory ranges:
D (1516) memory_layout: Reserved memory range 0x3ff82000 - 0x3ff82000
D (1516) memory_layout: Reserved memory range 0x3ffae000 - 0x3ffae6e0
D (1516) memory_layout: Reserved memory range 0x3ffb0000 - 0x3ffb4c98
D (1516) memory_layout: Reserved memory range 0x3ffe0000 - 0x3ffe0440
D (1516) memory_layout: Reserved memory range 0x3ffe3f20 - 0x3ffe4350
D (1516) memory_layout: Reserved memory range 0x40070000 - 0x40078000
D (1517) memory_layout: Reserved memory range 0x40078000 - 0x40080000
D (1517) memory_layout: Reserved memory range 0x40080000 - 0x4008b2dc
D (1517) memory_layout: Reserved memory range 0x50001fe8 - 0x50002000
D (1517) memory_layout: Building list of available memory regions:
D (1517) memory_layout: Available memory region 0x3ffae6e0 - 0x3ffb0000
D (1517) memory_layout: Available memory region 0x3ffb4c98 - 0x3ffb8000
D (1517) memory_layout: Available memory region 0x3ffb8000 - 0x3ffc0000
D (1517) memory_layout: Available memory region 0x3ffc0000 - 0x3ffc2000
D (1517) memory_layout: Available memory region 0x3ffc2000 - 0x3ffc4000
D (1518) memory_layout: Available memory region 0x3ffc4000 - 0x3ffc6000
D (1518) memory_layout: Available memory region 0x3ffc6000 - 0x3ffc8000
D (1518) memory_layout: Available memory region 0x3ffc8000 - 0x3ffca000
D (1518) memory_layout: Available memory region 0x3ffca000 - 0x3ffcc000
D (1518) memory_layout: Available memory region 0x3ffcc000 - 0x3ffce000
D (1518) memory_layout: Available memory region 0x3ffce000 - 0x3ffd0000
D (1518) memory_layout: Available memory region 0x3ffd0000 - 0x3ffd2000
D (1518) memory_layout: Available memory region 0x3ffd2000 - 0x3ffd4000
D (1518) memory_layout: Available memory region 0x3ffd4000 - 0x3ffd6000
D (1518) memory_layout: Available memory region 0x3ffd6000 - 0x3ffd8000
D (1519) memory_layout: Available memory region 0x3ffd8000 - 0x3ffda000
D (1519) memory_layout: Available memory region 0x3ffda000 - 0x3ffdc000
D (1519) memory_layout: Available memory region 0x3ffdc000 - 0x3ffde000
D (1519) memory_layout: Available memory region 0x3ffde000 - 0x3ffe0000
D (1519) memory_layout: Available memory region 0x3ffe0440 - 0x3ffe3f20
D (1519) memory_layout: Available memory region 0x3ffe4350 - 0x3ffe8000
D (1519) memory_layout: Available memory region 0x3ffe8000 - 0x3fff0000
D (1519) memory_layout: Available memory region 0x3fff0000 - 0x3fff8000
D (1519) memory_layout: Available memory region 0x3fff8000 - 0x3fffc000
D (1520) memory_layout: Available memory region 0x3fffc000 - 0x40000000
D (1520) memory_layout: Available memory region 0x4008b2dc - 0x4008c000
D (1520) memory_layout: Available memory region 0x4008c000 - 0x4008e000
D (1520) memory_layout: Available memory region 0x4008e000 - 0x40090000
D (1520) memory_layout: Available memory region 0x40090000 - 0x40092000
D (1520) memory_layout: Available memory region 0x40092000 - 0x40094000
D (1520) memory_layout: Available memory region 0x40094000 - 0x40096000
D (1520) memory_layout: Available memory region 0x40096000 - 0x40098000
D (1520) memory_layout: Available memory region 0x40098000 - 0x4009a000
D (1520) memory_layout: Available memory region 0x4009a000 - 0x4009c000
D (1521) memory_layout: Available memory region 0x4009c000 - 0x4009e000
D (1521) memory_layout: Available memory region 0x4009e000 - 0x400a0000
I (1521) heap_init: Initializing. RAM available for dynamic allocation:
D (1521) heap_init: New heap initialised at 0x3ffae6e0
I (1521) heap_init: At 3FFAE6E0 len 00001920 (6 KiB): DRAM
D (1522) heap_init: New heap initialised at 0x3ffb4c98
I (1522) heap_init: At 3FFB4C98 len 0002B368 (172 KiB): DRAM
I (1522) heap_init: At 3FFE0440 len 00003AE0 (14 KiB): D/IRAM
I (1522) heap_init: At 3FFE4350 len 0001BCB0 (111 KiB): D/IRAM
D (1522) heap_init: New heap initialised at 0x4008b2dc
I (1522) heap_init: At 4008B2DC len 00014D24 (83 KiB): IRAM
D (1523) cpu_start: calling init function: 0x400d3a54 on core: 0
D (1523) cpu_start: calling init function: 0x400d6a60 on core: 0
D (1524) cpu_start: calling init function: 0x400d4494 on core: 0
D (1524) intr_alloc: Connected src 46 to int 1 (cpu 0)
D (1525) cpu_start: calling init function: 0x400d44a4 on core: 0
D (1525) cpu_start: calling init function: 0x400d7d2c on core: 0
D (1525) cpu_start: calling init function: 0x400d9454 on core: 0
D (1525) cpu_start: calling init function: 0x400d3440 on core: 0
D (1525) cpu_start: calling init function: 0x400d6a6c on core: 0
D (1526) cpu_start: calling init function: 0x400d3de4 on core: 0
D (1534) spi_flash: trying chip: issi
D (1537) spi_flash: trying chip: gd
D (1549) spi_flash: trying chip: mxic
D (1552) spi_flash: trying chip: winbond
I (1559) spi_flash: detected chip: winbond
I (1562) spi_flash: flash io: dio
D (1572) cpu_start: calling init function: 0x400d364c on core: 0
D (1572) cpu_start: calling init function: 0x400dd614 on core: 0
D (1573) intr_alloc: Connected src 17 to int 2 (cpu 0)
D (1574) cpu_start: calling init function: 0x4011ca50 on core: 0
D (1574) cpu_start: calling init function: 0x401002f8 on core: 0
D (1574) cpu_start: calling init function: 0x400d44b0 on core: 0
D (1576) intr_alloc: Connected src 24 to int 3 (cpu 0)
D (1576) app_start: Starting scheduler on CPU0
D (1577) Iintr (157_a7)lloc: Con manected srin_task: Started on CPU0c 
25 to int 1 (cpu 1)
D (1577) app_start: Starting scheduler on CPU1
D (1577) heap_init: New heap initialised at 0x3ffe0440
D (1577) heap_init: New heap initialised at 0x3ffe4350
D (1577) intr_alloc: Connected src 16 to int 5 (cpu 0)
I (1577) main_task: Calling app_main()
I (1577) ch22lab: == ch22: tls/esp-tls/mbedtls over openeth ==
D (1577) esp_netif_lwip: LwIP stack has been initialized
D (1577) esp_netif_lwip: esp-netif has been successfully initialized
D (1577) event: running task for loop 0x3ffaffb8
D (1577) event: created task for loop 0x3ffaffb8
D (1577) event: created event loop 0x3ffaffb8
D (1577) esp_netif_objects: esp_netif_add_to_list_unsafe netif added successfully (total netifs: 1)
D (1577) intr_alloc: Connected src 38 to int 8 (cpu 0)
D (1577) opencores.emac: Using MAC address 52:54:00:12:34:56 set in QEMU
D (1577) eth_phy_802_3: Found PHY address: 1
D (1597) esp_eth: new ethernet driver @0x3ffbac34
I (1597) esp_eth.netif.netif_glue: 52:54:00:12:34:56
I (1597) esp_eth.netif.netif_glue: ethernet attached to netif
D (1697) event: running post ETH_EVENT:0 with handler 0x400d94b8 and context 0x3ffbacd8 on loop 0x3ffaffb8
D (1697) event: running post ETH_EVENT:0 with handler 0x400db570 and context 0x3ffbad70 on loop 0x3ffaffb8
D (1697) esp_eth.netif.netif_glue: eth_action_start: 0x3ffbad3c, 0x3f404e00, 0, 0x3ffbae40, 0x3ffbac34
D (1697) esp_netif_handlers: esp_netif action has started with netif0x3ffb98f4 from event_id=0
D (1697) esp_netif_lwip: Multicast add filter IPv4: 224.0.0.1
D (1697) esp_eth.netif.netif_glue: Add filter MAC: 01:00:5e:00:00:01
E (1697) esp_eth: esp_eth_ioctl(533): add mac address to filter not supported
E (1697) esp_eth.netif.netif_glue: eth_set_mac_filter(56): failed to add mac filter
E (1697) esp_netif_lwip: Failed to add multicast filter for IPv4
D (1697) event: running post ETH_EVENT:2 with handler 0x400d94b8 and context 0x3ffbacd8 on loop 0x3ffaffb8
I (1697) ch22lab: ETH link up
D (1697) event: running post ETH_EVENT:2 with handler 0x400db4e0 and context 0x3ffbadd0 on loop 0x3ffaffb8
D (1697) esp_eth.netif.netif_glue: eth_action_connected: 0x3ffbad3c, 0x3f404e00, 2, 0x3ffbae40, 0x3ffbac34
D (1697) esp_netif_handlers: esp_netif action connected with netif0x3ffb98f4 from event_id=2
D (1697) esp_netif_lwip: if0x3ffb98f4 start ip lost tmr: interval=120
D (1697) esp_netif_lwip: starting dhcp client
D (1697) event: no handlers have been registered for event IP_EVENT:9 posted to loop 0x3ffaffb8
I (1697) ch22lab: waiting for DHCP lease ...
D (2707) esp_netif_lwip: if0x3ffb98f4 ip changed=1
D (2707) event: running post IP_EVENT:4 with handler 0x400d9b0c and context 0x3ffbad1c on loop 0x3ffaffb8
I (2707) ch22lab: GOT_IP: 10.0.2.15
D (2707) event: running post IP_EVENT:4 with handler 0x400db470 and context 0x3ffbae20 on loop 0x3ffaffb8
D (2707) esp_eth.netif.netif_glue: eth_action_got_ip: 0x3ffbad3c, 0x3f40bcb8, 4, 0x3ffbaf8c, 0x3ffb98f4
D (2707) esp_netif_handlers: esp_netif action got_ip with netif0x3ffb98f4 from event_id=4
I (2707) esp_netif_handlers: eth ip: 10.0.2.15, mask: 255.255.255.0, gw: 10.0.2.2

== ch22 lab start ==
[info] sizeof(mbedtls_ssl_context)=264 sizeof(mbedtls_ssl_config)=136
[mem] boot-baseline          free=243152 largest=122880 min-ever=243132
[mem-tick] t=    1186 ms phase=idle         free=243152

===== PHASE A/B [RSA] port=22443 =====
I (2707) main_task: Returned from app_main()
[mem-tick] t=    1283 ms phase=RSA-baseline free=247368
[mem-tick] t=    1383 ms phase=RSA-baseline free=247368
[mem] baseline               free=247368 largest=122880 min-ever=243132
[mem-tick] t=    1486 ms phase=handshake    free=246848
W (3017) esp-tls-mbedtls: skip_common_name=true: hostname matching and SNI disabled. This disables ALL server-name authentication (CN/SAN/SNI), not just CN. Only intended for loopback / debug clients.
D (3017) esp-tls: handshake in progress...
I (3017) mbedtls: ssl_tls.c:4282 0x3ffc1c74: => handshake

I (3017) mbedtls: ssl_msg.c:2063 0x3ffc1c74: => flush output

I (3017) mbedtls: ssl_msg.c:2072 0x3ffc1c74: <= flush output

I (3017) mbedtls: ssl_tls.c:4201 0x3ffc1c74: client state: MBEDTLS_SSL_HELLO_REQUEST

D (3017) mbedtls: ssl_misc.h:1295 0x3ffc1c74: handshake state: 0 (MBEDTLS_SSL_HELLO_REQUEST) -> 1 (MBEDTLS_SSL_CLIENT_HELLO)

I (3017) mbedtls: ssl_msg.c:2063 0x3ffc1c74: => flush output

I (3017) mbedtls: ssl_msg.c:2072 0x3ffc1c74: <= flush output

I (3017) mbedtls: ssl_tls.c:4201 0x3ffc1c74: client state: MBEDTLS_SSL_CLIENT_HELLO

I (3017) mbedtls: ssl_client.c:917 0x3ffc1c74: => write client hello

D (3017) mbedtls: ssl_client.c:722 0x3ffc1c74: client hello, current time: 1

D (3017) mbedtls: ssl_client.c:485 0x3ffc1c74: dumping 'client hello, random bytes' (32 bytes)

D (3017) mbedtls: ssl_client.c:485 0x3ffc1c74: 0000:  00 00 00 01 b2 65 5f f4 40 6f 40 f2 9b dc 21 85  .....e_.@o@...!.

D (3017) mbedtls: ssl_client.c:485 0x3ffc1c74: 0010:  33 3f 87 49 c2 f2 06 c9 ce ac ab db 6c 25 89 df  3?.I........l%..

D (3017) mbedtls: ssl_client.c:510 0x3ffc1c74: dumping 'session id' (0 bytes)

D (3017) mbedtls: ssl_client.c:368 0x3ffc1c74: client hello, add ciphersuite: c02c, TLS-ECDHE-ECDSA-WITH-AES-256-GCM-SHA384

D (3017) mbedtls: ssl_client.c:368 0x3ffc1c74: client hello, add ciphersuite: c030, TLS-ECDHE-RSA-WITH-AES-256-GCM-SHA384

D (3017) mbedtls: ssl_client.c:368 0x3ffc1c74: client hello, add ciphersuite: c0ad, TLS-ECDHE-ECDSA-WITH-AES-256-CCM

D (3017) mbedtls: ssl_client.c:368 0x3ffc1c74: client hello, add ciphersuite: c024, TLS-ECDHE-ECDSA-WITH-AES-256-CBC-SHA384

D (3027) mbedtls: ssl_client.c:368 0x3ffc1c74: client hello, add ciphersuite: c028, TLS-ECDHE-RSA-WITH-AES-256-CBC-SHA384

D (3027) mbedtls: ssl_client.c:368 0x3ffc1c74: client hello, add ciphersuite: c00a, TLS-ECDHE-ECDSA-WITH-AES-256-CBC-SHA

D (3027) mbedtls: ssl_client.c:368 0x3ffc1c74: client hello, add ciphersuite: c014, TLS-ECDHE-RSA-WITH-AES-256-CBC-SHA

D (3027) mbedtls: ssl_client.c:368 0x3ffc1c74: client hello, add ciphersuite: c0af, TLS-ECDHE-ECDSA-WITH-AES-256-CCM-8

D (3027) mbedtls: ssl_client.c:368 0x3ffc1c74: client hello, add ciphersuite: c02b, TLS-ECDHE-ECDSA-WITH-AES-128-GCM-SHA256

D (3027) mbedtls: ssl_client.c:368 0x3ffc1c74: client hello, add ciphersuite: c02f, TLS-ECDHE-RSA-WITH-AES-128-GCM-SHA256

D (3027) mbedtls: ssl_client.c:368 0x3ffc1c74: client hello, add ciphersuite: c0ac, TLS-ECDHE-ECDSA-WITH-AES-128-CCM

D (3027) mbedtls: ssl_client.c:368 0x3ffc1c74: client hello, add ciphersuite: c023, TLS-ECDHE-ECDSA-WITH-AES-128-CBC-SHA256

D (3027) mbedtls: ssl_client.c:368 0x3ffc1c74: client hello, add ciphersuite: c027, TLS-ECDHE-RSA-WITH-AES-128-CBC-SHA256

D (3027) mbedtls: ssl_client.c:368 0x3ffc1c74: client hello, add ciphersuite: c009, TLS-ECDHE-ECDSA-WITH-AES-128-CBC-SHA

D (3027) mbedtls: ssl_client.c:368 0x3ffc1c74: client hello, add ciphersuite: c013, TLS-ECDHE-RSA-WITH-AES-128-CBC-SHA

D (3027) mbedtls: ssl_client.c:368 0x3ffc1c74: client hello, add ciphersuite: c0ae, TLS-ECDHE-ECDSA-WITH-AES-128-CCM-8

D (3027) mbedtls: ssl_client.c:386 0x3ffc1c74: adding EMPTY_RENEGOTIATION_INFO_SCSV

D (3027) mbedtls: ssl_client.c:395 0x3ffc1c74: client hello, got 17 cipher suites

D (3027) mbedtls: ssl_client.c:229 0x3ffc1c74: client hello, adding supported_groups extension

D (3027) mbedtls: ssl_client.c:248 0x3ffc1c74: got supported group(001d)

D (3027) mbedtls: ssl_client.c:280 0x3ffc1c74: NamedGroup: x25519 ( 1d )

D (3027) mbedtls: ssl_client.c:248 0x3ffc1c74: got supported group(0017)

D (3027) mbedtls: ssl_client.c:280 0x3ffc1c74: NamedGroup: secp256r1 ( 17 )

D (3027) mbedtls: ssl_client.c:248 0x3ffc1c74: got supported group(0018)

D (3027) mbedtls: ssl_client.c:280 0x3ffc1c74: NamedGroup: secp384r1 ( 18 )

D (3027) mbedtls: ssl_client.c:248 0x3ffc1c74: got supported group(001e)

D (3027) mbedtls: ssl_client.c:280 0x3ffc1c74: NamedGroup: x448 ( 1e )

D (3027) mbedtls: ssl_client.c:248 0x3ffc1c74: got supported group(0019)

D (3027) mbedtls: ssl_client.c:280 0x3ffc1c74: NamedGroup: secp521r1 ( 19 )

D (3027) mbedtls: ssl_client.c:248 0x3ffc1c74: got supported group(001a)

D (3027) mbedtls: ssl_client.c:280 0x3ffc1c74: NamedGroup: bp256r1 ( 1a )

D (3027) mbedtls: ssl_client.c:248 0x3ffc1c74: got supported group(001b)

D (3027) mbedtls: ssl_client.c:280 0x3ffc1c74: NamedGroup: bp384r1 ( 1b )

D (3027) mbedtls: ssl_client.c:248 0x3ffc1c74: got supported group(001c)

D (3027) mbedtls: ssl_client.c:280 0x3ffc1c74: NamedGroup: bp512r1 ( 1c )

D (3027) mbedtls: ssl_client.c:248 0x3ffc1c74: got supported group(0100)

D (3027) mbedtls: ssl_client.c:248 0x3ffc1c74: got supported group(0101)

D (3027) mbedtls: ssl_client.c:248 0x3ffc1c74: got supported group(0102)

D (3027) mbedtls: ssl_client.c:248 0x3ffc1c74: got supported group(0103)

D (3027) mbedtls: ssl_client.c:248 0x3ffc1c74: got supported group(0104)

D (3027) mbedtls: ssl_client.c:300 0x3ffc1c74: dumping 'Supported groups extension' (18 bytes)

D (3027) mbedtls: ssl_client.c:300 0x3ffc1c74: 0000:  00 10 00 1d 00 17 00 18 00 1e 00 19 00 1a 00 1b  ................

D (3027) mbedtls: ssl_client.c:300 0x3ffc1c74: 0010:  00 1c                                            ..

D (3027) mbedtls: ssl_tls.c:8276 0x3ffc1c74: adding signature_algorithms extension

D (3027) mbedtls: ssl_tls.c:8296 0x3ffc1c74: got signature scheme [603] ecdsa_secp521r1_sha512

D (3027) mbedtls: ssl_tls.c:8305 0x3ffc1c74: sent signature scheme [603] ecdsa_secp521r1_sha512

D (3027) mbedtls: ssl_tls.c:8296 0x3ffc1c74: got signature scheme [806] rsa_pss_rsae_sha512

D (3027) mbedtls: ssl_tls.c:8296 0x3ffc1c74: got signature scheme [601] rsa_pkcs1_sha512

D (3027) mbedtls: ssl_tls.c:8305 0x3ffc1c74: sent signature scheme [601] rsa_pkcs1_sha512

D (3027) mbedtls: ssl_tls.c:8296 0x3ffc1c74: got signature scheme [503] ecdsa_secp384r1_sha384

D (3027) mbedtls: ssl_tls.c:8305 0x3ffc1c74: sent signature scheme [503] ecdsa_secp384r1_sha384

D (3037) mbedtls: ssl_tls.c:8296 0x3ffc1c74: got signature scheme [805] rsa_pss_rsae_sha384

D (3037) mbedtls: ssl_tls.c:8296 0x3ffc1c74: got signature scheme [501] rsa_pkcs1_sha384

D (3037) mbedtls: ssl_tls.c:8305 0x3ffc1c74: sent signature scheme [501] rsa_pkcs1_sha384

D (3037) mbedtls: ssl_tls.c:8296 0x3ffc1c74: got signature scheme [403] ecdsa_secp256r1_sha256

D (3037) mbedtls: ssl_tls.c:8305 0x3ffc1c74: sent signature scheme [403] ecdsa_secp256r1_sha256

D (3037) mbedtls: ssl_tls.c:8296 0x3ffc1c74: got signature scheme [804] rsa_pss_rsae_sha256

D (3037) mbedtls: ssl_tls.c:8296 0x3ffc1c74: got signature scheme [401] rsa_pkcs1_sha256

D (3037) mbedtls: ssl_tls.c:8305 0x3ffc1c74: sent signature scheme [401] rsa_pkcs1_sha256

D (3037) mbedtls: ssl_tls12_client.c:103 0x3ffc1c74: client hello, adding supported_point_formats extension

D (3037) mbedtls: ssl_tls12_client.c:287 0x3ffc1c74: client hello, adding encrypt_then_mac extension

D (3037) mbedtls: ssl_tls12_client.c:319 0x3ffc1c74: client hello, adding extended_master_secret extension

D (3037) mbedtls: ssl_tls12_client.c:352 0x3ffc1c74: client hello, adding session ticket extension

D (3037) mbedtls: ssl_client.c:687 0x3ffc1c74: client hello, total extension length: 58

D (3037) mbedtls: ssl_client.c:689 0x3ffc1c74: dumping 'client hello extensions' (58 bytes)

D (3037) mbedtls: ssl_client.c:689 0x3ffc1c74: 0000:  00 3a 00 0a 00 12 00 10 00 1d 00 17 00 18 00 1e  .:..............

D (3037) mbedtls: ssl_client.c:689 0x3ffc1c74: 0010:  00 19 00 1a 00 1b 00 1c 00 0d 00 0e 00 0c 06 03  ................

D (3037) mbedtls: ssl_client.c:689 0x3ffc1c74: 0020:  06 01 05 03 05 01 04 03 04 01 00 0b 00 02 01 00  ................

D (3037) mbedtls: ssl_client.c:689 0x3ffc1c74: 0030:  00 16 00 00 00 17 00 00 00 23                    .........#

I (3037) mbedtls: ssl_msg.c:2494 0x3ffc1c74: => write handshake message

I (3037) mbedtls: ssl_msg.c:2654 0x3ffc1c74: => write record

D (3037) mbedtls: ssl_msg.c:2737 0x3ffc1c74: output record: msgtype = 22, version = [3:3], msglen = 137

I (3037) mbedtls: ssl_msg.c:2790 0x3ffc1c74: <= write record

I (3037) mbedtls: ssl_msg.c:2615 0x3ffc1c74: <= write handshake message

D (3037) mbedtls: ssl_misc.h:1295 0x3ffc1c74: handshake state: 1 (MBEDTLS_SSL_CLIENT_HELLO) -> 2 (MBEDTLS_SSL_SERVER_HELLO)

I (3037) mbedtls: ssl_client.c:1010 0x3ffc1c74: <= write client hello

I (3037) mbedtls: ssl_msg.c:2063 0x3ffc1c74: => flush output

I (3037) mbedtls: ssl_msg.c:2077 0x3ffc1c74: message length: 142, out_left: 142

I (3047) mbedtls: ssl_msg.c:2084 0x3ffc1c74: ssl->f_send() returned 142 (-0xffffff72)

I (3047) mbedtls: ssl_msg.c:2111 0x3ffc1c74: <= flush output

I (3047) mbedtls: ssl_tls.c:4201 0x3ffc1c74: client state: MBEDTLS_SSL_SERVER_HELLO

I (3047) mbedtls: ssl_tls12_client.c:1151 0x3ffc1c74: => parse server hello

I (3047) mbedtls: ssl_msg.c:4040 0x3ffc1c74: => read record

I (3047) mbedtls: ssl_msg.c:1865 0x3ffc1c74: => fetch input

I (3047) mbedtls: ssl_msg.c:2005 0x3ffc1c74: in_left: 0, nb_want: 5

I (3047) mbedtls: ssl_msg.c:2025 0x3ffc1c74: in_left: 0, nb_want: 5

I (3047) mbedtls: ssl_msg.c:2028 0x3ffc1c74: ssl->f_recv(_timeout)() returned 5 (-0xfffffffb)

I (3047) mbedtls: ssl_msg.c:2050 0x3ffc1c74: <= fetch input

D (3047) mbedtls: ssl_msg.c:3707 0x3ffc1c74: input record: msgtype = 22, version = [0x303], msglen = 65

I (3047) mbedtls: ssl_msg.c:1865 0x3ffc1c74: => fetch input

I (3047) mbedtls: ssl_msg.c:2005 0x3ffc1c74: in_left: 5, nb_want: 70

I (3047) mbedtls: ssl_msg.c:2025 0x3ffc1c74: in_left: 5, nb_want: 70

I (3047) mbedtls: ssl_msg.c:2028 0x3ffc1c74: ssl->f_recv(_timeout)() returned 65 (-0xffffffbf)

I (3047) mbedtls: ssl_msg.c:2050 0x3ffc1c74: <= fetch input

D (3047) mbedtls: ssl_msg.c:2948 0x3ffc1c74: handshake message: msglen = 65, type = 2, hslen = 65

D (3047) mbedtls: ssl_msg.c:3085 0x3ffc1c74: sole handshake fragment: 65, 0..65 of 65

I (3047) mbedtls: ssl_msg.c:4112 0x3ffc1c74: <= read record

D (3047) mbedtls: ssl_tls12_client.c:1225 0x3ffc1c74: dumping 'server hello, version' (2 bytes)

D (3047) mbedtls: ssl_tls12_client.c:1225 0x3ffc1c74: 0000:  03 03                                            ..

D (3047) mbedtls: ssl_tls12_client.c:1246 0x3ffc1c74: server hello, current time: 3119270193

D (3047) mbedtls: ssl_tls12_client.c:1256 0x3ffc1c74: dumping 'server hello, random bytes' (32 bytes)

D (3047) mbedtls: ssl_tls12_client.c:1256 0x3ffc1c74: 0000:  b9 ec 49 31 52 8d 1e 86 d2 ee cd 89 a8 e3 9d fb  ..I1R...........

D (3047) mbedtls: ssl_tls12_client.c:1256 0x3ffc1c74: 0010:  78 58 e5 07 e7 ba 8f 1b 8a eb 0e 15 03 22 d1 c9  xX..........."..

D (3047) mbedtls: ssl_tls12_client.c:1318 0x3ffc1c74: server hello, session id len.: 0

D (3047) mbedtls: ssl_tls12_client.c:1319 0x3ffc1c74: dumping 'server hello, session id' (0 bytes)

D (3047) mbedtls: ssl_misc.h:1295 0x3ffc1c74: handshake state: 2 (MBEDTLS_SSL_SERVER_HELLO) -> 3 (MBEDTLS_SSL_SERVER_CERTIFICATE)

D (3047) mbedtls: ssl_tls12_client.c:1343 0x3ffc1c74: no session has been resumed

D (3047) mbedtls: ssl_tls12_client.c:1346 0x3ffc1c74: server hello, chosen ciphersuite: c030

D (3047) mbedtls: ssl_tls12_client.c:1347 0x3ffc1c74: server hello, compress alg.: 0

D (3047) mbedtls: ssl_tls12_client.c:1382 0x3ffc1c74: server hello, chosen ciphersuite: TLS-ECDHE-RSA-WITH-AES-256-GCM-SHA384

I (3057) mbedtls: ssl_tls12_client.c:1403 0x3ffc1c74: server hello, total extension length: 21

D (3057) mbedtls: ssl_tls12_client.c:1421 0x3ffc1c74: found renegotiation extension

D (3057) mbedtls: ssl_tls12_client.c:1500 0x3ffc1c74: found supported_point_formats extension

D (3057) mbedtls: ssl_tls12_client.c:1486 0x3ffc1c74: found session_ticket extension

D (3057) mbedtls: ssl_tls12_client.c:1473 0x3ffc1c74: found extended_master_secret extension

I (3057) mbedtls: ssl_tls12_client.c:1617 0x3ffc1c74: <= parse server hello

I (3057) mbedtls: ssl_msg.c:2063 0x3ffc1c74: => flush output

I (3057) mbedtls: ssl_msg.c:2072 0x3ffc1c74: <= flush output

I (3057) mbedtls: ssl_tls.c:4201 0x3ffc1c74: client state: MBEDTLS_SSL_SERVER_CERTIFICATE

I (3057) mbedtls: ssl_tls.c:7077 0x3ffc1c74: => parse certificate

I (3057) mbedtls: ssl_msg.c:4040 0x3ffc1c74: => read record

I (3057) mbedtls: ssl_msg.c:1865 0x3ffc1c74: => fetch input

I (3057) mbedtls: ssl_msg.c:2005 0x3ffc1c74: in_left: 0, nb_want: 5

I (3057) mbedtls: ssl_msg.c:2025 0x3ffc1c74: in_left: 0, nb_want: 5

I (3057) mbedtls: ssl_msg.c:2028 0x3ffc1c74: ssl->f_recv(_timeout)() returned 5 (-0xfffffffb)

I (3057) mbedtls: ssl_msg.c:2050 0x3ffc1c74: <= fetch input

D (3057) mbedtls: ssl_msg.c:3707 0x3ffc1c74: input record: msgtype = 22, version = [0x303], msglen = 791

I (3057) mbedtls: ssl_msg.c:1865 0x3ffc1c74: => fetch input

I (3057) mbedtls: ssl_msg.c:2005 0x3ffc1c74: in_left: 5, nb_want: 796

I (3057) mbedtls: ssl_msg.c:2025 0x3ffc1c74: in_left: 5, nb_want: 796

I (3057) mbedtls: ssl_msg.c:2028 0x3ffc1c74: ssl->f_recv(_timeout)() returned 791 (-0xfffffce9)

I (3057) mbedtls: ssl_msg.c:2050 0x3ffc1c74: <= fetch input

D (3057) mbedtls: ssl_msg.c:2948 0x3ffc1c74: handshake message: msglen = 791, type = 11, hslen = 791

D (3057) mbedtls: ssl_msg.c:3085 0x3ffc1c74: sole handshake fragment: 791, 0..791 of 791

I (3057) mbedtls: ssl_msg.c:4112 0x3ffc1c74: <= read record

D (3067) mbedtls: ssl_tls.c:6952 0x3ffc1c74: peer certificate #1:

D (3067) mbedtls: ssl_tls.c:6952 0x3ffc1c74: cert. version     : 3

D (3067) mbedtls: ssl_tls.c:6952 0x3ffc1c74: serial number     : 77:66:A5:9D:AF:14:9E:F2:03:F7:3C:2B:1A:5C:81:86:F8:A3:4E:52

D (3067) mbedtls: ssl_tls.c:6952 0x3ffc1c74: issuer name       : CN=localhost

D (3067) mbedtls: ssl_tls.c:6952 0x3ffc1c74: subject name      : CN=localhost

D (3067) mbedtls: ssl_tls.c:6952 0x3ffc1c74: issued  on        : 2026-08-26 20:20:30

D (3067) mbedtls: ssl_tls.c:6952 0x3ffc1c74: expires on        : 2026-09-25 20:20:30

D (3067) mbedtls: ssl_tls.c:6952 0x3ffc1c74: signed using      : RSA with SHA-256

D (3067) mbedtls: ssl_tls.c:6952 0x3ffc1c74: RSA key size      : 2048 bits

D (3067) mbedtls: ssl_tls.c:6952 0x3ffc1c74: basic constraints : CA=true

D (3067) mbedtls: ssl_tls.c:6952 0x3ffc1c74: dumping 'crt->PK' (270 bytes)

D (3067) mbedtls: ssl_tls.c:6952 0x3ffc1c74: 0000:  30 82 01 0a 02 82 01 01 00 dd 03 19 3e 8f 4a 05

D (3067) mbedtls: ssl_tls.c:6952 0x3ffc1c74: 0010:  9c d6 74 e1 46 bc 40 7a 7e af 78 09 38 f6 d0 1c

D (3067) mbedtls: ssl_tls.c:6952 0x3ffc1c74: 0020:  9d e4 2b 18 4c a1 87 f6 83 55 82 2d e0 21 fb b2

D (3067) mbedtls: ssl_tls.c:6952 0x3ffc1c74: 0030:  00 2f 9b 98 36 24 73 47 a2 11 bb 50 05 1c 9e 40

D (3067) mbedtls: ssl_tls.c:6952 0x3ffc1c74: 0040:  41 c9 de 81 7e a1 eb 82 48 35 d0 51 24 0d 22 bd

D (3067) mbedtls: ssl_tls.c:6952 0x3ffc1c74: 0050:  7e c7 0b 60 74 e2 60 3e 76 de c1 3d b5 9f e9 d2

D (3067) mbedtls: ssl_tls.c:6952 0x3ffc1c74: 0060:  ac 90 d3 84 2a 75 7c 41 8a 11 14 c8 bc 09 7b 9d

D (3067) mbedtls: ssl_tls.c:6952 0x3ffc1c74: 0070:  45 54 95 c1 50 05 be f1 34 c0 05 55 f5 a2 b3 a8

D (3067) mbedtls: ssl_tls.c:6952 0x3ffc1c74: 0080:  24 f6 ab 22 df 72 97 ef b5 8f e4 fe 49 be 4f c1

D (3067) mbedtls: ssl_tls.c:6952 0x3ffc1c74: 0090:  08 e0 39 7a cd ba 74 2e d1 20 74 ad 6b 59 ab 86

D (3067) mbedtls: ssl_tls.c:6952 0x3ffc1c74: 00a0:  5d 29 ab 81 f0 c1 22 3f 01 b9 0b a1 fb ee 70 9f

D (3067) mbedtls: ssl_tls.c:6952 0x3ffc1c74: 00b0:  eb 29 5e 9f 1d 6a 0d dc 65 fd 5e 5d 38 0c 1a c3

D (3067) mbedtls: ssl_tls.c:6952 0x3ffc1c74: 00c0:  ae b7 b7 2f 66 23 82 80 ab 7d 69 7c 8f 95 ab e8

D (3067) mbedtls: ssl_tls.c:6952 0x3ffc1c74: 00d0:  c0 4d 21 42 7d 78 c8 25 8b 60 f6 0d 87 c9 f4 df

D (3067) mbedtls: ssl_tls.c:6952 0x3ffc1c74: 00e0:  36 bf 16 7c 59 16 d1 09 ec 17 67 cf 5d 9f 8f 78

D (3067) mbedtls: ssl_tls.c:6952 0x3ffc1c74: 00f0:  8c 3d d0 02 18 d5 bc a7 19 f4 51 fe 1d b3 20 40

D (3067) mbedtls: ssl_tls.c:6952 0x3ffc1c74: 0100:  67 7e 3a cc 30 f3 8d a0 ef 02 03 01 00 01      

I (3067) mbedtls: ssl_tls.c:7191 0x3ffc1c74: <= parse certificate

D (3067) mbedtls: ssl_misc.h:1295 0x3ffc1c74: handshake state: 3 (MBEDTLS_SSL_SERVER_CERTIFICATE) -> 4 (MBEDTLS_SSL_SERVER_KEY_EXCHANGE)

I (3067) mbedtls: ssl_msg.c:2063 0x3ffc1c74: => flush output

I (3067) mbedtls: ssl_msg.c:2072 0x3ffc1c74: <= flush output

I (3067) mbedtls: ssl_tls.c:4201 0x3ffc1c74: client state: MBEDTLS_SSL_SERVER_KEY_EXCHANGE

I (3067) mbedtls: ssl_tls12_client.c:1831 0x3ffc1c74: => parse server key exchange

I (3067) mbedtls: ssl_msg.c:4040 0x3ffc1c74: => read record

I (3077) mbedtls: ssl_msg.c:1865 0x3ffc1c74: => fetch input

I (3077) mbedtls: ssl_msg.c:2005 0x3ffc1c74: in_left: 0, nb_want: 5

I (3077) mbedtls: ssl_msg.c:2025 0x3ffc1c74: in_left: 0, nb_want: 5

I (3077) mbedtls: ssl_msg.c:2028 0x3ffc1c74: ssl->f_recv(_timeout)() returned 5 (-0xfffffffb)

I (3077) mbedtls: ssl_msg.c:2050 0x3ffc1c74: <= fetch input

D (3077) mbedtls: ssl_msg.c:3707 0x3ffc1c74: input record: msgtype = 22, version = [0x303], msglen = 300

I (3077) mbedtls: ssl_msg.c:1865 0x3ffc1c74: => fetch input

I (3077) mbedtls: ssl_msg.c:2005 0x3ffc1c74: in_left: 5, nb_want: 305

I (3077) mbedtls: ssl_msg.c:2025 0x3ffc1c74: in_left: 5, nb_want: 305

I (3077) mbedtls: ssl_msg.c:2028 0x3ffc1c74: ssl->f_recv(_timeout)() returned 300 (-0xfffffed4)

I (3077) mbedtls: ssl_msg.c:2050 0x3ffc1c74: <= fetch input

D (3077) mbedtls: ssl_msg.c:2948 0x3ffc1c74: handshake message: msglen = 300, type = 12, hslen = 300

D (3077) mbedtls: ssl_msg.c:3085 0x3ffc1c74: sole handshake fragment: 300, 0..300 of 300

I (3077) mbedtls: ssl_msg.c:4112 0x3ffc1c74: <= read record

D (3077) mbedtls: ssl_tls12_client.c:1885 0x3ffc1c74: dumping 'server key exchange' (296 bytes)

D (3077) mbedtls: ssl_tls12_client.c:1885 0x3ffc1c74: 0000:  03 00 1d 20 0a e2 cc c3 f1 d6 4e fe 11 ed 34 6b  ... ......N...4k

D (3077) mbedtls: ssl_tls12_client.c:1885 0x3ffc1c74: 0010:  0c 5c c9 75 d4 15 8a 83 a3 d4 4b dc 87 a5 ae 38  .\.u......K....8

D (3077) mbedtls: ssl_tls12_client.c:1885 0x3ffc1c74: 0020:  95 6f f5 4f 06 01 01 00 49 12 e4 cb 51 8c e5 d4  .o.O....I...Q...

D (3077) mbedtls: ssl_tls12_client.c:1885 0x3ffc1c74: 0030:  28 77 6b b4 ea 09 e5 3c 0c 69 af 3c e7 97 d6 2a  (wk....<.i.<...*

D (3077) mbedtls: ssl_tls12_client.c:1885 0x3ffc1c74: 0040:  d2 4c 82 0a d5 12 23 e7 2c 3a 11 1b b0 e6 2d 5c  .L....#.,:....-\

D (3077) mbedtls: ssl_tls12_client.c:1885 0x3ffc1c74: 0050:  16 67 10 92 18 8f 58 be a6 78 2a f3 a1 da 61 fb  .g....X..x*...a.

D (3077) mbedtls: ssl_tls12_client.c:1885 0x3ffc1c74: 0060:  6d 2d 10 80 60 7a 96 e8 dd 9f 18 57 22 fd 78 89  m-..`z.....W".x.

D (3077) mbedtls: ssl_tls12_client.c:1885 0x3ffc1c74: 0070:  2e 5c 29 1e 1e 1e a7 48 ff c5 2a 83 57 4c 8d 13  .\)....H..*.WL..

D (3077) mbedtls: ssl_tls12_client.c:1885 0x3ffc1c74: 0080:  bf 77 d2 9e c8 e8 bf cb 8e ec d2 13 3b c2 63 7f  .w..........;.c.

D (3077) mbedtls: ssl_tls12_client.c:1885 0x3ffc1c74: 0090:  ef 23 3e ea 96 7a f1 50 17 b8 48 9c 86 21 5f 67  .#>..z.P..H..!_g

D (3077) mbedtls: ssl_tls12_client.c:1885 0x3ffc1c74: 00a0:  06 5f 3d 4d 1d 70 a1 f0 59 14 e1 48 de 71 54 27  ._=M.p..Y..H.qT'

D (3077) mbedtls: ssl_tls12_client.c:1885 0x3ffc1c74: 00b0:  1f 3a 03 8c a2 6e 1e 4f 11 f3 07 68 c9 bf 08 9b  .:...n.O...h....

D (3077) mbedtls: ssl_tls12_client.c:1885 0x3ffc1c74: 00c0:  0f e0 98 25 3d 86 2a 86 e8 a1 a9 be 01 2a a3 6a  ...%=.*......*.j

D (3077) mbedtls: ssl_tls12_client.c:1885 0x3ffc1c74: 00d0:  4c b5 89 62 89 81 76 f7 92 d0 55 ed a0 db 60 b7  L..b..v...U...`.

D (3077) mbedtls: ssl_tls12_client.c:1885 0x3ffc1c74: 00e0:  19 9a c8 de e3 01 19 db b5 51 0f 1c 5e bd 1a 3d  .........Q..^..=

D (3077) mbedtls: ssl_tls12_client.c:1885 0x3ffc1c74: 00f0:  85 ae 71 a9 4a dd 15 11 21 6c 7f 67 47 bc b1 54  ..q.J...!l.gG..T

D (3077) mbedtls: ssl_tls12_client.c:1885 0x3ffc1c74: 0100:  06 2f 06 8c d8 1b 14 19 06 e3 ea 5c b9 c9 70 02  ./.........\..p.

D (3077) mbedtls: ssl_tls12_client.c:1885 0x3ffc1c74: 0110:  15 c7 63 40 ad 54 99 b7 24 df 45 a5 44 63 43 8d  ..c@.T..$.E.DcC.

D (3077) mbedtls: ssl_tls12_client.c:1885 0x3ffc1c74: 0120:  b6 41 e2 0d a1 ca 4d 18                          .A....M.

I (3077) mbedtls: ssl_tls12_client.c:1815 0x3ffc1c74: Server used the signature algorithm rsa_pkcs1_sha512

D (3077) mbedtls: ssl_tls12_client.c:2047 0x3ffc1c74: dumping 'signature' (256 bytes)

D (3087) mbedtls: ssl_tls12_client.c:2047 0x3ffc1c74: 0000:  49 12 e4 cb 51 8c e5 d4 28 77 6b b4 ea 09 e5 3c  I...Q...(wk....<

D (3087) mbedtls: ssl_tls12_client.c:2047 0x3ffc1c74: 0010:  0c 69 af 3c e7 97 d6 2a d2 4c 82 0a d5 12 23 e7  .i.<...*.L....#.

D (3087) mbedtls: ssl_tls12_client.c:2047 0x3ffc1c74: 0020:  2c 3a 11 1b b0 e6 2d 5c 16 67 10 92 18 8f 58 be  ,:....-\.g....X.

D (3087) mbedtls: ssl_tls12_client.c:2047 0x3ffc1c74: 0030:  a6 78 2a f3 a1 da 61 fb 6d 2d 10 80 60 7a 96 e8  .x*...a.m-..`z..

D (3087) mbedtls: ssl_tls12_client.c:2047 0x3ffc1c74: 0040:  dd 9f 18 57 22 fd 78 89 2e 5c 29 1e 1e 1e a7 48  ...W".x..\)....H

D (3087) mbedtls: ssl_tls12_client.c:2047 0x3ffc1c74: 0050:  ff c5 2a 83 57 4c 8d 13 bf 77 d2 9e c8 e8 bf cb  ..*.WL...w......

D (3087) mbedtls: ssl_tls12_client.c:2047 0x3ffc1c74: 0060:  8e ec d2 13 3b c2 63 7f ef 23 3e ea 96 7a f1 50  ....;.c..#>..z.P

D (3087) mbedtls: ssl_tls12_client.c:2047 0x3ffc1c74: 0070:  17 b8 48 9c 86 21 5f 67 06 5f 3d 4d 1d 70 a1 f0  ..H..!_g._=M.p..

D (3087) mbedtls: ssl_tls12_client.c:2047 0x3ffc1c74: 0080:  59 14 e1 48 de 71 54 27 1f 3a 03 8c a2 6e 1e 4f  Y..H.qT'.:...n.O

D (3087) mbedtls: ssl_tls12_client.c:2047 0x3ffc1c74: 0090:  11 f3 07 68 c9 bf 08 9b 0f e0 98 25 3d 86 2a 86  ...h.......%=.*.

D (3087) mbedtls: ssl_tls12_client.c:2047 0x3ffc1c74: 00a0:  e8 a1 a9 be 01 2a a3 6a 4c b5 89 62 89 81 76 f7  .....*.jL..b..v.

D (3087) mbedtls: ssl_tls12_client.c:2047 0x3ffc1c74: 00b0:  92 d0 55 ed a0 db 60 b7 19 9a c8 de e3 01 19 db  ..U...`.........

D (3087) mbedtls: ssl_tls12_client.c:2047 0x3ffc1c74: 00c0:  b5 51 0f 1c 5e bd 1a 3d 85 ae 71 a9 4a dd 15 11  .Q..^..=..q.J...

D (3087) mbedtls: ssl_tls12_client.c:2047 0x3ffc1c74: 00d0:  21 6c 7f 67 47 bc b1 54 06 2f 06 8c d8 1b 14 19  !l.gG..T./......

D (3087) mbedtls: ssl_tls12_client.c:2047 0x3ffc1c74: 00e0:  06 e3 ea 5c b9 c9 70 02 15 c7 63 40 ad 54 99 b7  ...\..p...c@.T..

D (3087) mbedtls: ssl_tls12_client.c:2047 0x3ffc1c74: 00f0:  24 df 45 a5 44 63 43 8d b6 41 e2 0d a1 ca 4d 18  $.E.DcC..A....M.

D (3087) mbedtls: ssl_tls.c:8082 0x3ffc1c74: Perform PSA-based computation of digest of ServerKeyExchange

D (3087) mbedtls: ssl_tls12_client.c:2064 0x3ffc1c74: dumping 'parameters hash' (64 bytes)

D (3087) mbedtls: ssl_tls12_client.c:2064 0x3ffc1c74: 0000:  08 b5 14 60 c8 ab d3 50 57 c7 19 ac 1e 6a 63 e8  ...`...PW....jc.

D (3087) mbedtls: ssl_tls12_client.c:2064 0x3ffc1c74: 0010:  20 6c 43 33 3e e7 77 c0 f5 98 d8 7c 12 97 64 15   lC3>.w....|..d.

D (3087) mbedtls: ssl_tls12_client.c:2064 0x3ffc1c74: 0020:  91 6c 50 51 42 91 79 25 fe bc 72 66 c1 c5 e6 f9  .lPQB.y%..rf....

D (3087) mbedtls: ssl_tls12_client.c:2064 0x3ffc1c74: 0030:  20 22 51 c7 dc 72 f0 91 5a 0c a0 a2 e0 58 ce 74   "Q..r..Z....X.t

D (3097) mbedtls: ssl_misc.h:1295 0x3ffc1c74: handshake state: 4 (MBEDTLS_SSL_SERVER_KEY_EXCHANGE) -> 5 (MBEDTLS_SSL_CERTIFICATE_REQUEST)

[mem-tick] t=    1583 ms phase=handshake    free=216384
I (3107) mbedtls: ssl_tls12_client.c:2118 0x3ffc1c74: <= parse server key exchange

I (3107) mbedtls: ssl_msg.c:2063 0x3ffc1c74: => flush output

I (3107) mbedtls: ssl_msg.c:2072 0x3ffc1c74: <= flush output

I (3107) mbedtls: ssl_tls.c:4201 0x3ffc1c74: client state: MBEDTLS_SSL_CERTIFICATE_REQUEST

I (3107) mbedtls: ssl_tls12_client.c:2157 0x3ffc1c74: => parse certificate request

I (3107) mbedtls: ssl_msg.c:4040 0x3ffc1c74: => read record

I (3107) mbedtls: ssl_msg.c:1865 0x3ffc1c74: => fetch input

I (3107) mbedtls: ssl_msg.c:2005 0x3ffc1c74: in_left: 0, nb_want: 5

I (3107) mbedtls: ssl_msg.c:2025 0x3ffc1c74: in_left: 0, nb_want: 5

I (3107) mbedtls: ssl_msg.c:2028 0x3ffc1c74: ssl->f_recv(_timeout)() returned 5 (-0xfffffffb)

I (3107) mbedtls: ssl_msg.c:2050 0x3ffc1c74: <= fetch input

D (3107) mbedtls: ssl_msg.c:3707 0x3ffc1c74: input record: msgtype = 22, version = [0x303], msglen = 4

I (3107) mbedtls: ssl_msg.c:1865 0x3ffc1c74: => fetch input

I (3107) mbedtls: ssl_msg.c:2005 0x3ffc1c74: in_left: 5, nb_want: 9

I (3107) mbedtls: ssl_msg.c:2025 0x3ffc1c74: in_left: 5, nb_want: 9

I (3107) mbedtls: ssl_msg.c:2028 0x3ffc1c74: ssl->f_recv(_timeout)() returned 4 (-0xfffffffc)

I (3107) mbedtls: ssl_msg.c:2050 0x3ffc1c74: <= fetch input

D (3107) mbedtls: ssl_msg.c:2948 0x3ffc1c74: handshake message: msglen = 4, type = 14, hslen = 4

D (3107) mbedtls: ssl_msg.c:3085 0x3ffc1c74: sole handshake fragment: 4, 0..4 of 4

I (3107) mbedtls: ssl_msg.c:4112 0x3ffc1c74: <= read record

D (3107) mbedtls: ssl_misc.h:1295 0x3ffc1c74: handshake state: 5 (MBEDTLS_SSL_CERTIFICATE_REQUEST) -> 6 (MBEDTLS_SSL_SERVER_HELLO_DONE)

D (3107) mbedtls: ssl_tls12_client.c:2183 0x3ffc1c74: got no certificate request

I (3107) mbedtls: ssl_tls12_client.c:2319 0x3ffc1c74: <= parse certificate request

I (3107) mbedtls: ssl_msg.c:2063 0x3ffc1c74: => flush output

I (3107) mbedtls: ssl_msg.c:2072 0x3ffc1c74: <= flush output

I (3107) mbedtls: ssl_tls.c:4201 0x3ffc1c74: client state: MBEDTLS_SSL_SERVER_HELLO_DONE

I (3107) mbedtls: ssl_tls12_client.c:2330 0x3ffc1c74: => parse server hello done

I (3107) mbedtls: ssl_msg.c:4040 0x3ffc1c74: => read record

I (3107) mbedtls: ssl_msg.c:4108 0x3ffc1c74: reuse previously read message

I (3107) mbedtls: ssl_msg.c:4112 0x3ffc1c74: <= read record

D (3107) mbedtls: ssl_misc.h:1295 0x3ffc1c74: handshake state: 6 (MBEDTLS_SSL_SERVER_HELLO_DONE) -> 7 (MBEDTLS_SSL_CLIENT_CERTIFICATE)

I (3107) mbedtls: ssl_tls12_client.c:2358 0x3ffc1c74: <= parse server hello done

I (3107) mbedtls: ssl_msg.c:2063 0x3ffc1c74: => flush output

I (3107) mbedtls: ssl_msg.c:2072 0x3ffc1c74: <= flush output

I (3107) mbedtls: ssl_tls.c:4201 0x3ffc1c74: client state: MBEDTLS_SSL_CLIENT_CERTIFICATE

I (3107) mbedtls: ssl_tls.c:6675 0x3ffc1c74: => write certificate

I (3107) mbedtls: ssl_tls.c:6686 0x3ffc1c74: <= skip write certificate

D (3107) mbedtls: ssl_misc.h:1295 0x3ffc1c74: handshake state: 7 (MBEDTLS_SSL_CLIENT_CERTIFICATE) -> 8 (MBEDTLS_SSL_CLIENT_KEY_EXCHANGE)

I (3117) mbedtls: ssl_msg.c:2063 0x3ffc1c74: => flush output

I (3117) mbedtls: ssl_msg.c:2072 0x3ffc1c74: <= flush output

I (3117) mbedtls: ssl_tls.c:4201 0x3ffc1c74: client state: MBEDTLS_SSL_CLIENT_KEY_EXCHANGE

I (3117) mbedtls: ssl_tls12_client.c:2373 0x3ffc1c74: => write client key exchange

D (3117) mbedtls: ssl_tls12_client.c:2387 0x3ffc1c74: Perform PSA-based ECDH computation.

[mem-tick] t=    1686 ms phase=handshake    free=216740
D (3267) mbedtls: ssl_misc.h:1295 0x3ffc1c74: handshake state: 8 (MBEDTLS_SSL_CLIENT_KEY_EXCHANGE) -> 9 (MBEDTLS_SSL_CERTIFICATE_VERIFY)

I (3267) mbedtls: ssl_msg.c:2494 0x3ffc1c74: => write handshake message

I (3267) mbedtls: ssl_msg.c:2654 0x3ffc1c74: => write record

D (3267) mbedtls: ssl_msg.c:2737 0x3ffc1c74: output record: msgtype = 22, version = [3:3], msglen = 37

I (3267) mbedtls: ssl_msg.c:2063 0x3ffc1c74: => flush output

I (3267) mbedtls: ssl_msg.c:2077 0x3ffc1c74: message length: 42, out_left: 42

I (3267) mbedtls: ssl_msg.c:2084 0x3ffc1c74: ssl->f_send() returned 42 (-0xffffffd6)

I (3277) mbedtls: ssl_msg.c:2111 0x3ffc1c74: <= flush output

I (3277) mbedtls: ssl_msg.c:2790 0x3ffc1c74: <= write record

I (3277) mbedtls: ssl_msg.c:2615 0x3ffc1c74: <= write handshake message

I (3277) mbedtls: ssl_tls12_client.c:2653 0x3ffc1c74: <= write client key exchange

I (3277) mbedtls: ssl_msg.c:2063 0x3ffc1c74: => flush output

I (3277) mbedtls: ssl_msg.c:2072 0x3ffc1c74: <= flush output

I (3277) mbedtls: ssl_tls.c:4201 0x3ffc1c74: client state: MBEDTLS_SSL_CERTIFICATE_VERIFY

I (3277) mbedtls: ssl_tls12_client.c:2701 0x3ffc1c74: => write certificate verify

I (3277) mbedtls: ssl_tls.c:6466 0x3ffc1c74: => derive keys

I (3277) mbedtls: ssl_tls.c:6557 0x3ffc1c74: => PSA calc verify

D (3277) mbedtls: ssl_tls.c:6568 0x3ffc1c74: dumping 'PSA calculated verify result' (48 bytes)

D (3277) mbedtls: ssl_tls.c:6568 0x3ffc1c74: 0000:  09 c3 ed b5 c2 a8 73 99 96 91 d4 3d 94 1a fb ab  ......s....=....

D (3277) mbedtls: ssl_tls.c:6568 0x3ffc1c74: 0010:  e7 23 52 d0 1b a3 78 10 87 33 a0 5f b5 57 07 02  .#R...x..3._.W..

D (3277) mbedtls: ssl_tls.c:6568 0x3ffc1c74: 0020:  3f be 55 e4 39 3a 34 75 f1 57 c3 56 ea 9c 98 0c  ?.U.9:4u.W.V....

I (3277) mbedtls: ssl_tls.c:6569 0x3ffc1c74: <= PSA calc verify

D (3277) mbedtls: ssl_tls.c:6308 0x3ffc1c74: dumping 'session hash for extended master secret' (48 bytes)

D (3277) mbedtls: ssl_tls.c:6308 0x3ffc1c74: 0000:  09 c3 ed b5 c2 a8 73 99 96 91 d4 3d 94 1a fb ab  ......s....=....

D (3277) mbedtls: ssl_tls.c:6308 0x3ffc1c74: 0010:  e7 23 52 d0 1b a3 78 10 87 33 a0 5f b5 57 07 02  .#R...x..3._.W..

D (3277) mbedtls: ssl_tls.c:6308 0x3ffc1c74: 0020:  3f be 55 e4 39 3a 34 75 f1 57 c3 56 ea 9c 98 0c  ?.U.9:4u.W.V....

D (3277) mbedtls: ssl_tls.c:6449 0x3ffc1c74: dumping 'premaster secret' (32 bytes)

D (3277) mbedtls: ssl_tls.c:6449 0x3ffc1c74: 0000:  cc 69 fa ec 01 66 8c 0e 94 b9 70 0d c8 30 e6 57  .i...f....p..0.W

D (3277) mbedtls: ssl_tls.c:6449 0x3ffc1c74: 0010:  28 54 db ae 88 6a df 92 3f 1c 4b 70 37 ef 1d 57  (T...j..?.Kp7..W

D (3277) mbedtls: ssl_tls.c:7762 0x3ffc1c74: ciphersuite = TLS-ECDHE-RSA-WITH-AES-256-GCM-SHA384

D (3277) mbedtls: ssl_tls.c:7764 0x3ffc1c74: dumping 'master secret' (48 bytes)

D (3277) mbedtls: ssl_tls.c:7764 0x3ffc1c74: 0000:  9b 38 e9 54 4b 2d 03 97 d6 27 c0 b6 63 23 31 01  .8.TK-...'..c#1.

D (3277) mbedtls: ssl_tls.c:7764 0x3ffc1c74: 0010:  ec b8 49 e4 c9 b2 a7 9f df ef e8 16 31 a4 5c 35  ..I.........1.\5

D (3277) mbedtls: ssl_tls.c:7764 0x3ffc1c74: 0020:  a2 36 18 0b 2d a0 42 94 fa 9f a6 d9 ae 86 31 6d  .6..-.B.......1m

D (3277) mbedtls: ssl_tls.c:7855 0x3ffc1c74: keylen: 32, minlen: 24, ivlen: 12, maclen: 0

I (3277) mbedtls: ssl_tls.c:6517 0x3ffc1c74: <= derive keys

I (3287) mbedtls: ssl_tls12_client.c:2723 0x3ffc1c74: <= skip write certificate verify

D (3287) mbedtls: ssl_misc.h:1295 0x3ffc1c74: handshake state: 9 (MBEDTLS_SSL_CERTIFICATE_VERIFY) -> 10 (MBEDTLS_SSL_CLIENT_CHANGE_CIPHER_SPEC)

I (3287) mbedtls: ssl_msg.c:2063 0x3ffc1c74: => flush output

I (3287) mbedtls: ssl_msg.c:2072 0x3ffc1c74: <= flush output

I (3287) mbedtls: ssl_tls.c:4201 0x3ffc1c74: client state: MBEDTLS_SSL_CLIENT_CHANGE_CIPHER_SPEC

I (3287) mbedtls: ssl_msg.c:5087 0x3ffc1c74: => write change cipher spec

D (3287) mbedtls: ssl_misc.h:1295 0x3ffc1c74: handshake state: 10 (MBEDTLS_SSL_CLIENT_CHANGE_CIPHER_SPEC) -> 11 (MBEDTLS_SSL_CLIENT_FINISHED)

I (3287) mbedtls: ssl_msg.c:2494 0x3ffc1c74: => write handshake message

I (3287) mbedtls: ssl_msg.c:2654 0x3ffc1c74: => write record

D (3287) mbedtls: ssl_msg.c:2737 0x3ffc1c74: output record: msgtype = 20, version = [3:3], msglen = 1

I (3287) mbedtls: ssl_msg.c:2063 0x3ffc1c74: => flush output

I (3287) mbedtls: ssl_msg.c:2077 0x3ffc1c74: message length: 6, out_left: 6

I (3287) mbedtls: ssl_msg.c:2084 0x3ffc1c74: ssl->f_send() returned 6 (-0xfffffffa)

I (3287) mbedtls: ssl_msg.c:2111 0x3ffc1c74: <= flush output

I (3287) mbedtls: ssl_msg.c:2790 0x3ffc1c74: <= write record

I (3287) mbedtls: ssl_msg.c:2615 0x3ffc1c74: <= write handshake message

I (3287) mbedtls: ssl_msg.c:5100 0x3ffc1c74: <= write change cipher spec

I (3287) mbedtls: ssl_msg.c:2063 0x3ffc1c74: => flush output

I (3287) mbedtls: ssl_msg.c:2072 0x3ffc1c74: <= flush output

I (3287) mbedtls: ssl_tls.c:4201 0x3ffc1c74: client state: MBEDTLS_SSL_CLIENT_FINISHED

I (3287) mbedtls: ssl_tls.c:7384 0x3ffc1c74: => write finished

I (3287) mbedtls: ssl_tls.c:7235 0x3ffc1c74: => calc PSA finished tls

D (3287) mbedtls: ssl_tls.c:7246 0x3ffc1c74: dumping 'PSA calculated padbuf' (48 bytes)

D (3287) mbedtls: ssl_tls.c:7246 0x3ffc1c74: 0000:  09 c3 ed b5 c2 a8 73 99 96 91 d4 3d 94 1a fb ab  ......s....=....

D (3287) mbedtls: ssl_tls.c:7246 0x3ffc1c74: 0010:  e7 23 52 d0 1b a3 78 10 87 33 a0 5f b5 57 07 02  .#R...x..3._.W..

D (3287) mbedtls: ssl_tls.c:7246 0x3ffc1c74: 0020:  3f be 55 e4 39 3a 34 75 f1 57 c3 56 ea 9c 98 0c  ?.U.9:4u.W.V....

D (3287) mbedtls: ssl_tls.c:7258 0x3ffc1c74: dumping 'calc finished result' (12 bytes)

D (3287) mbedtls: ssl_tls.c:7258 0x3ffc1c74: 0000:  cc 1a 92 6c d3 65 85 0c 5a 46 68 42              ...l.e..ZFhB

I (3287) mbedtls: ssl_tls.c:7262 0x3ffc1c74: <= calc finished

D (3287) mbedtls: ssl_misc.h:1295 0x3ffc1c74: handshake state: 11 (MBEDTLS_SSL_CLIENT_FINISHED) -> 12 (MBEDTLS_SSL_SERVER_CHANGE_CIPHER_SPEC)

D (3287) mbedtls: ssl_tls.c:7434 0x3ffc1c74: switching to new transform spec for outbound data

I (3287) mbedtls: ssl_msg.c:2494 0x3ffc1c74: => write handshake message

I (3287) mbedtls: ssl_msg.c:2654 0x3ffc1c74: => write record

I (3287) mbedtls: ssl_msg.c:808 0x3ffc1c74: => encrypt buf

D (3287) mbedtls: ssl_msg.c:1036 0x3ffc1c74: before encrypt: msglen = 16, including 0 bytes of padding

I (3287) mbedtls: ssl_msg.c:1265 0x3ffc1c74: <= encrypt buf

D (3287) mbedtls: ssl_msg.c:2737 0x3ffc1c74: output record: msgtype = 22, version = [3:3], msglen = 40

I (3287) mbedtls: ssl_msg.c:2063 0x3ffc1c74: => flush output

I (3287) mbedtls: ssl_msg.c:2077 0x3ffc1c74: message length: 45, out_left: 45

I (3287) mbedtls: ssl_msg.c:2084 0x3ffc1c74: ssl->f_send() returned 45 (-0xffffffd3)

I (3287) mbedtls: ssl_msg.c:2111 0x3ffc1c74: <= flush output

I (3297) mbedtls: ssl_msg.c:2790 0x3ffc1c74: <= write record

I (3297) mbedtls: ssl_msg.c:2615 0x3ffc1c74: <= write handshake message

I (3297) mbedtls: ssl_tls.c:7487 0x3ffc1c74: <= write finished

I (3297) mbedtls: ssl_msg.c:2063 0x3ffc1c74: => flush output

I (3297) mbedtls: ssl_msg.c:2072 0x3ffc1c74: <= flush output

I (3297) mbedtls: ssl_tls.c:4201 0x3ffc1c74: client state: MBEDTLS_SSL_SERVER_CHANGE_CIPHER_SPEC

D (3297) mbedtls: ssl_misc.h:1295 0x3ffc1c74: handshake state: 12 (MBEDTLS_SSL_SERVER_CHANGE_CIPHER_SPEC) -> 16 (MBEDTLS_SSL_NEW_SESSION_TICKET)

I (3297) mbedtls: ssl_tls12_client.c:2829 0x3ffc1c74: => parse new session ticket

I (3297) mbedtls: ssl_msg.c:4040 0x3ffc1c74: => read record

I (3297) mbedtls: ssl_msg.c:1865 0x3ffc1c74: => fetch input

I (3297) mbedtls: ssl_msg.c:2005 0x3ffc1c74: in_left: 0, nb_want: 5

I (3297) mbedtls: ssl_msg.c:2025 0x3ffc1c74: in_left: 0, nb_want: 5

I (3297) mbedtls: ssl_msg.c:2028 0x3ffc1c74: ssl->f_recv(_timeout)() returned 5 (-0xfffffffb)

I (3297) mbedtls: ssl_msg.c:2050 0x3ffc1c74: <= fetch input

D (3297) mbedtls: ssl_msg.c:3707 0x3ffc1c74: input record: msgtype = 22, version = [0x303], msglen = 186

I (3297) mbedtls: ssl_msg.c:1865 0x3ffc1c74: => fetch input

I (3297) mbedtls: ssl_msg.c:2005 0x3ffc1c74: in_left: 5, nb_want: 191

I (3297) mbedtls: ssl_msg.c:2025 0x3ffc1c74: in_left: 5, nb_want: 191

I (3297) mbedtls: ssl_msg.c:2028 0x3ffc1c74: ssl->f_recv(_timeout)() returned 186 (-0xffffff46)

I (3297) mbedtls: ssl_msg.c:2050 0x3ffc1c74: <= fetch input

D (3297) mbedtls: ssl_msg.c:2948 0x3ffc1c74: handshake message: msglen = 186, type = 4, hslen = 186

D (3297) mbedtls: ssl_msg.c:3085 0x3ffc1c74: sole handshake fragment: 186, 0..186 of 186

I (3297) mbedtls: ssl_msg.c:4112 0x3ffc1c74: <= read record

D (3297) mbedtls: ssl_tls12_client.c:2876 0x3ffc1c74: ticket length: 176

D (3297) mbedtls: ssl_misc.h:1295 0x3ffc1c74: handshake state: 16 (MBEDTLS_SSL_NEW_SESSION_TICKET) -> 12 (MBEDTLS_SSL_SERVER_CHANGE_CIPHER_SPEC)

D (3297) mbedtls: ssl_tls12_client.c:2920 0x3ffc1c74: ticket in use, discarding session id

I (3297) mbedtls: ssl_tls12_client.c:2923 0x3ffc1c74: <= parse new session ticket

I (3297) mbedtls: ssl_msg.c:2063 0x3ffc1c74: => flush output

I (3297) mbedtls: ssl_msg.c:2072 0x3ffc1c74: <= flush output

I (3297) mbedtls: ssl_tls.c:4201 0x3ffc1c74: client state: MBEDTLS_SSL_SERVER_CHANGE_CIPHER_SPEC

I (3297) mbedtls: ssl_msg.c:5109 0x3ffc1c74: => parse change cipher spec

I (3297) mbedtls: ssl_msg.c:4040 0x3ffc1c74: => read record

I (3297) mbedtls: ssl_msg.c:1865 0x3ffc1c74: => fetch input

I (3297) mbedtls: ssl_msg.c:2005 0x3ffc1c74: in_left: 0, nb_want: 5

I (3297) mbedtls: ssl_msg.c:2025 0x3ffc1c74: in_left: 0, nb_want: 5

I (3297) mbedtls: ssl_msg.c:2028 0x3ffc1c74: ssl->f_recv(_timeout)() returned 5 (-0xfffffffb)

I (3297) mbedtls: ssl_msg.c:2050 0x3ffc1c74: <= fetch input

D (3297) mbedtls: ssl_msg.c:3707 0x3ffc1c74: input record: msgtype = 20, version = [0x303], msglen = 1

I (3297) mbedtls: ssl_msg.c:1865 0x3ffc1c74: => fetch input

I (3297) mbedtls: ssl_msg.c:2005 0x3ffc1c74: in_left: 5, nb_want: 6

I (3297) mbedtls: ssl_msg.c:2025 0x3ffc1c74: in_left: 5, nb_want: 6

I (3297) mbedtls: ssl_msg.c:2028 0x3ffc1c74: ssl->f_recv(_timeout)() returned 1 (-0xffffffff)

I (3297) mbedtls: ssl_msg.c:2050 0x3ffc1c74: <= fetch input

I (3297) mbedtls: ssl_msg.c:4112 0x3ffc1c74: <= read record

D (3297) mbedtls: ssl_msg.c:5130 0x3ffc1c74: switching to new transform spec for inbound data

D (3297) mbedtls: ssl_misc.h:1295 0x3ffc1c74: handshake state: 12 (MBEDTLS_SSL_SERVER_CHANGE_CIPHER_SPEC) -> 13 (MBEDTLS_SSL_SERVER_FINISHED)

I (3297) mbedtls: ssl_msg.c:5157 0x3ffc1c74: <= parse change cipher spec

I (3297) mbedtls: ssl_msg.c:2063 0x3ffc1c74: => flush output

I (3297) mbedtls: ssl_msg.c:2072 0x3ffc1c74: <= flush output

I (3297) mbedtls: ssl_tls.c:4201 0x3ffc1c74: client state: MBEDTLS_SSL_SERVER_FINISHED

I (3297) mbedtls: ssl_tls.c:7500 0x3ffc1c74: => parse finished

I (3297) mbedtls: ssl_tls.c:7235 0x3ffc1c74: => calc PSA finished tls

D (3297) mbedtls: ssl_tls.c:7246 0x3ffc1c74: dumping 'PSA calculated padbuf' (48 bytes)

D (3297) mbedtls: ssl_tls.c:7246 0x3ffc1c74: 0000:  f5 e4 48 70 ee f9 ab 03 82 1d 69 4e 09 3d 21 2d  ..Hp......iN.=!-

D (3297) mbedtls: ssl_tls.c:7246 0x3ffc1c74: 0010:  8e 58 c3 b6 e2 ee 37 4d fe e1 fc 35 79 aa c5 a7  .X....7M...5y...

D (3297) mbedtls: ssl_tls.c:7246 0x3ffc1c74: 0020:  70 59 3f f5 18 17 c8 bf a8 c9 bf 59 ec 48 4d 43  pY?........Y.HMC

[mem-tick] t=    1783 ms phase=handshake    free=215956
D (3307) mbedtls: ssl_tls.c:7258 0x3ffc1c74: dumping 'calc finished result' (12 bytes)

D (3307) mbedtls: ssl_tls.c:7258 0x3ffc1c74: 0000:  37 db ee 55 b1 9e 93 56 82 84 27 2d              7..U...V..'-

I (3307) mbedtls: ssl_tls.c:7262 0x3ffc1c74: <= calc finished

I (3307) mbedtls: ssl_msg.c:4040 0x3ffc1c74: => read record

I (3307) mbedtls: ssl_msg.c:1865 0x3ffc1c74: => fetch input

I (3307) mbedtls: ssl_msg.c:2005 0x3ffc1c74: in_left: 0, nb_want: 5

I (3307) mbedtls: ssl_msg.c:2025 0x3ffc1c74: in_left: 0, nb_want: 5

I (3307) mbedtls: ssl_msg.c:2028 0x3ffc1c74: ssl->f_recv(_timeout)() returned 5 (-0xfffffffb)

I (3307) mbedtls: ssl_msg.c:2050 0x3ffc1c74: <= fetch input

D (3307) mbedtls: ssl_msg.c:3707 0x3ffc1c74: input record: msgtype = 22, version = [0x303], msglen = 40

I (3307) mbedtls: ssl_msg.c:1865 0x3ffc1c74: => fetch input

I (3307) mbedtls: ssl_msg.c:2005 0x3ffc1c74: in_left: 5, nb_want: 45

I (3307) mbedtls: ssl_msg.c:2025 0x3ffc1c74: in_left: 5, nb_want: 45

I (3307) mbedtls: ssl_msg.c:2028 0x3ffc1c74: ssl->f_recv(_timeout)() returned 40 (-0xffffffd8)

I (3307) mbedtls: ssl_msg.c:2050 0x3ffc1c74: <= fetch input

I (3307) mbedtls: ssl_msg.c:1301 0x3ffc1c74: => decrypt buf

I (3307) mbedtls: ssl_msg.c:1831 0x3ffc1c74: <= decrypt buf

D (3307) mbedtls: ssl_msg.c:2948 0x3ffc1c74: handshake message: msglen = 16, type = 20, hslen = 16

D (3307) mbedtls: ssl_msg.c:3085 0x3ffc1c74: sole handshake fragment: 16, 0..16 of 16

I (3307) mbedtls: ssl_msg.c:4112 0x3ffc1c74: <= read record

D (3307) mbedtls: ssl_misc.h:1295 0x3ffc1c74: handshake state: 13 (MBEDTLS_SSL_SERVER_FINISHED) -> 14 (MBEDTLS_SSL_FLUSH_BUFFERS)

I (3307) mbedtls: ssl_tls.c:7571 0x3ffc1c74: <= parse finished

I (3307) mbedtls: ssl_msg.c:2063 0x3ffc1c74: => flush output

I (3307) mbedtls: ssl_msg.c:2072 0x3ffc1c74: <= flush output

I (3307) mbedtls: ssl_tls.c:4201 0x3ffc1c74: client state: MBEDTLS_SSL_FLUSH_BUFFERS

I (3307) mbedtls: ssl_tls12_client.c:3031 0x3ffc1c74: handshake: done

D (3307) mbedtls: ssl_misc.h:1295 0x3ffc1c74: handshake state: 14 (MBEDTLS_SSL_FLUSH_BUFFERS) -> 15 (MBEDTLS_SSL_HANDSHAKE_WRAPUP)

I (3307) mbedtls: ssl_msg.c:2063 0x3ffc1c74: => flush output

I (3307) mbedtls: ssl_msg.c:2072 0x3ffc1c74: <= flush output

I (3307) mbedtls: ssl_tls.c:4201 0x3ffc1c74: client state: MBEDTLS_SSL_HANDSHAKE_WRAPUP

D (3307) mbedtls: ssl_tls.c:7322 0x3ffc1c74: => handshake wrapup

D (3307) mbedtls: ssl_tls.c:7296 0x3ffc1c74: => handshake wrapup: final free

D (3307) mbedtls: ssl_tls.c:7315 0x3ffc1c74: <= handshake wrapup: final free

D (3307) mbedtls: ssl_misc.h:1295 0x3ffc1c74: handshake state: 15 (MBEDTLS_SSL_HANDSHAKE_WRAPUP) -> 27 (MBEDTLS_SSL_HANDSHAKE_OVER)

D (3307) mbedtls: ssl_tls.c:7376 0x3ffc1c74: <= handshake wrapup

I (3307) mbedtls: ssl_tls.c:4293 0x3ffc1c74: <= handshake

[phase-a] tcp_connect=9173 us | tls_handshake=296223 us | total=305396 us
[neg] version=TLSv1.2 suite=TLS-ECDHE-RSA-WITH-AES-256-GCM-SHA384 peer_cert=0 bytes
[mem] post-handshake         free=220268 largest=110592 min-ever=210552
[ledger] HANDSHAKE_PEAK_DELTA(RSA) = 32580 bytes (min-ever 243132 -> 210552)
I (3307) mbedtls: ssl_msg.c:5925 0x3ffc1c74: => write

I (3307) mbedtls: ssl_msg.c:2654 0x3ffc1c74: => write record

I (3307) mbedtls: ssl_msg.c:808 0x3ffc1c74: => encrypt buf

D (3307) mbedtls: ssl_msg.c:1036 0x3ffc1c74: before encrypt: msglen = 13, including 0 bytes of padding

I (3307) mbedtls: ssl_msg.c:1265 0x3ffc1c74: <= encrypt buf

D (3307) mbedtls: ssl_msg.c:2737 0x3ffc1c74: output record: msgtype = 23, version = [3:3], msglen = 37

I (3307) mbedtls: ssl_msg.c:2063 0x3ffc1c74: => flush output

I (3307) mbedtls: ssl_msg.c:2077 0x3ffc1c74: message length: 42, out_left: 42

I (3317) mbedtls: ssl_msg.c:2084 0x3ffc1c74: ssl->f_send() returned 42 (-0xffffffd6)

I (3317) mbedtls: ssl_msg.c:2111 0x3ffc1c74: <= flush output

I (3317) mbedtls: ssl_msg.c:2790 0x3ffc1c74: <= write record

I (3317) mbedtls: ssl_msg.c:5947 0x3ffc1c74: <= write

I (3317) mbedtls: ssl_msg.c:5663 0x3ffc1c74: => read

I (3317) mbedtls: ssl_msg.c:4040 0x3ffc1c74: => read record

I (3317) mbedtls: ssl_msg.c:1865 0x3ffc1c74: => fetch input

I (3317) mbedtls: ssl_msg.c:2005 0x3ffc1c74: in_left: 0, nb_want: 5

[mem-tick] t=    1883 ms phase=session      free=220268
[mem-tick] t=    1983 ms phase=session      free=220268
[mem-tick] t=    2083 ms phase=session      free=220268
[mem-tick] t=    2183 ms phase=session      free=220268
[mem-tick] t=    2283 ms phase=session      free=220268
[mem-tick] t=    2383 ms phase=session      free=220268
[mem-tick] t=    2483 ms phase=session      free=220268
[mem-tick] t=    2583 ms phase=session      free=220268
[mem-tick] t=    2683 ms phase=session      free=220268
[mem-tick] t=    2783 ms phase=session      free=220268
[mem-tick] t=    2883 ms phase=session      free=220268
[mem-tick] t=    2983 ms phase=session      free=220268
[mem-tick] t=    3083 ms phase=session      free=220268
[mem-tick] t=    3183 ms phase=session      free=220268
[mem-tick] t=    3283 ms phase=session      free=220268
[mem-tick] t=    3383 ms phase=session      free=220268
[mem-tick] t=    3483 ms phase=session      free=220268
[mem-tick] t=    3583 ms phase=session      free=220268
[mem-tick] t=    3683 ms phase=session      free=220268
[mem-tick] t=    3783 ms phase=session      free=220268
[mem-tick] t=    3883 ms phase=session      free=220268
[mem-tick] t=    3983 ms phase=session      free=220268
[mem-tick] t=    4083 ms phase=session      free=220268
[mem-tick] t=    4183 ms phase=session      free=220268
[mem-tick] t=    4283 ms phase=session      free=220268
[mem-tick] t=    4383 ms phase=session      free=220268
[mem-tick] t=    4483 ms phase=session      free=220268
[mem-tick] t=    4583 ms phase=session      free=220268
[mem-tick] t=    4683 ms phase=session      free=220268
[mem-tick] t=    4783 ms phase=session      free=220268
[mem-tick] t=    4883 ms phase=session      free=220268
[mem-tick] t=    4983 ms phase=session      free=220268
[mem-tick] t=    5083 ms phase=session      free=220256
[mem-tick] t=    5183 ms phase=session      free=220256
[mem-tick] t=    5283 ms phase=session      free=220256
[mem-tick] t=    5383 ms phase=session      free=220256
[mem-tick] t=    5483 ms phase=session      free=220256
[mem-tick] t=    5583 ms phase=session      free=220256
[mem-tick] t=    5683 ms phase=session      free=220256
[mem-tick] t=    5783 ms phase=session      free=220256
[mem-tick] t=    5883 ms phase=session      free=220256
[mem-tick] t=    5983 ms phase=session      free=220256
[mem-tick] t=    6083 ms phase=session      free=220268
[mem-tick] t=    6183 ms phase=session      free=220268
[mem-tick] t=    6283 ms phase=session      free=220268
[mem-tick] t=    6383 ms phase=session      free=220268
[mem-tick] t=    6484 ms phase=session      free=220268
[mem-tick] t=    6583 ms phase=session      free=220268
[mem-tick] t=    6683 ms phase=session      free=220268
[mem-tick] t=    6783 ms phase=session      free=220268
[mem-tick] t=    6883 ms phase=session      free=220268
[mem-tick] t=    6983 ms phase=session      free=220268
[mem-tick] t=    7083 ms phase=session      free=220268
[mem-tick] t=    7183 ms phase=session      free=220268
[mem-tick] t=    7283 ms phase=session      free=220268
[mem-tick] t=    7383 ms phase=session      free=220268
[mem-tick] t=    7483 ms phase=session      free=220268
[mem-tick] t=    7583 ms phase=session      free=220268
[mem-tick] t=    7683 ms phase=session      free=220268
[mem-tick] t=    7783 ms phase=session      free=220268
[mem-tick] t=    7883 ms phase=session      free=220268
[mem-tick] t=    7983 ms phase=session      free=220268
[mem-tick] t=    8083 ms phase=session      free=220268
[mem-tick] t=    8183 ms phase=session      free=220268
[mem-tick] t=    8283 ms phase=session      free=220268
[mem-tick] t=    8383 ms phase=session      free=220268
[mem-tick] t=    8483 ms phase=session      free=220268
[mem-tick] t=    8583 ms phase=session      free=220268
[mem-tick] t=    8683 ms phase=session      free=220268
[mem-tick] t=    8783 ms phase=session      free=220268
[mem-tick] t=    8883 ms phase=session      free=220268
[mem-tick] t=    8983 ms phase=session      free=220268
[mem-tick] t=    9083 ms phase=session      free=220256
[mem-tick] t=    9183 ms phase=session      free=220256
[mem-tick] t=    9283 ms phase=session      free=220256
[mem-tick] t=    9383 ms phase=session      free=220256
[mem-tick] t=    9483 ms phase=session      free=220256
[mem-tick] t=    9583 ms phase=session      free=220256
[mem-tick] t=    9683 ms phase=session      free=220256
[mem-tick] t=    9783 ms phase=session      free=220256
[mem-tick] t=    9883 ms phase=session      free=220256
[mem-tick] t=    9983 ms phase=session      free=220256
[mem-tick] t=   10083 ms phase=session      free=220268
[mem-tick] t=   10183 ms phase=session      free=220268
[mem-tick] t=   10283 ms phase=session      free=220268
[mem-tick] t=   10383 ms phase=session      free=220268
[mem-tick] t=   10483 ms phase=session      free=220268
[mem-tick] t=   10583 ms phase=session      free=220268
[mem-tick] t=   10683 ms phase=session      free=220268
[mem-tick] t=   10783 ms phase=session      free=220268
[mem-tick] t=   10883 ms phase=session      free=220268
[mem-tick] t=   10983 ms phase=session      free=220268
[mem-tick] t=   11083 ms phase=session      free=220268
[mem-tick] t=   11183 ms phase=session      free=220268
[mem-tick] t=   11283 ms phase=session      free=220268
[mem-tick] t=   11383 ms phase=session      free=220268
[mem-tick] t=   11483 ms phase=session      free=220268
[mem-tick] t=   11583 ms phase=session      free=220268
[mem-tick] t=   11683 ms phase=session      free=220268
[mem-tick] t=   11783 ms phase=session      free=220268
I (13317) mbedtls: ssl_msg.c:2025 0x3ffc1c74: in_left: 0, nb_want: 5

[echo] read r=-26880
[mem] post-session           free=220268 largest=110592 min-ever=210552
[mem-tick] t=   11883 ms phase=closing      free=246180
[mem-tick] t=   11983 ms phase=closing      free=246204
[mem-tick] t=   12083 ms phase=closing      free=246204
[mem-tick] t=   12183 ms phase=closing      free=246204
[mem-tick] t=   12283 ms phase=closing      free=246204
[ledger] CLOSED(RSA): free now=246204, before-this-phase=247368, retained=1164
[mem-tick] t=   12383 ms phase=RSA-settled  free=246204
[mem-tick] t=   12483 ms phase=RSA-settled  free=246204
[mem-tick] t=   12583 ms phase=RSA-settled  free=246204
[mem-tick] t=   12683 ms phase=RSA-settled  free=246204
[mem] settled                free=246204 largest=110592 min-ever=210552

===== PHASE A/B [EC] port=22444 =====
[mem-tick] t=   12783 ms phase=EC-baseline  free=246204
[mem-tick] t=   12883 ms phase=EC-baseline  free=246204
[mem-tick] t=   12983 ms phase=EC-baseline  free=246204
[mem] baseline               free=246204 largest=110592 min-ever=210552
W (14517) esp-tls-mbedtls: skip_common_name=true: hostname matching and SNI disabled. This disables ALL server-name authentication (CN/SAN/SNI), not just CN. Only intended for loopback / debug clients.
D (14517) esp-tls: handshake in progress...
I (14517) mbedtls: ssl_tls.c:4282 0x3ffb6124: => handshake

I (14517) mbedtls: ssl_msg.c:2063 0x3ffb6124: => flush output

I (14517) mbedtls: ssl_msg.c:2072 0x3ffb6124: <= flush output

I (14517) mbedtls: ssl_tls.c:4201 0x3ffb6124: client state: MBEDTLS_SSL_HELLO_REQUEST

D (14517) mbedtls: ssl_misc.h:1295 0x3ffb6124: handshake state: 0 (MBEDTLS_SSL_HELLO_REQUEST) -> 1 (MBEDTLS_SSL_CLIENT_HELLO)

I (14517) mbedtls: ssl_msg.c:2063 0x3ffb6124: => flush output

I (14517) mbedtls: ssl_msg.c:2072 0x3ffb6124: <= flush output

I (14517) mbedtls: ssl_tls.c:4201 0x3ffb6124: client state: MBEDTLS_SSL_CLIENT_HELLO

I (14517) mbedtls: ssl_client.c:917 0x3ffb6124: => write client hello

D (14517) mbedtls: ssl_client.c:722 0x3ffb6124: client hello, current time: 13

D (14517) mbedtls: ssl_client.c:485 0x3ffb6124: dumping 'client hello, random bytes' (32 bytes)

D (14517) mbedtls: ssl_client.c:485 0x3ffb6124: 0000:  00 00 00 0d ce d1 c2 c8 40 5d bf 43 44 be 66 0a  ........@].CD.f.

D (14517) mbedtls: ssl_client.c:485 0x3ffb6124: 0010:  2d 2c 6a d3 0b 3a 0c 12 f0 8c 05 73 4b 1d 04 f1  -,j..:.....sK...

D (14517) mbedtls: ssl_client.c:510 0x3ffb6124: dumping 'session id' (0 bytes)

D (14517) mbedtls: ssl_client.c:368 0x3ffb6124: client hello, add ciphersuite: c02c, TLS-ECDHE-ECDSA-WITH-AES-256-GCM-SHA384

D (14517) mbedtls: ssl_client.c:368 0x3ffb6124: client hello, add ciphersuite: c030, TLS-ECDHE-RSA-WITH-AES-256-GCM-SHA384

D (14517) mbedtls: ssl_client.c:368 0x3ffb6124: client hello, add ciphersuite: c0ad, TLS-ECDHE-ECDSA-WITH-AES-256-CCM

D (14517) mbedtls: ssl_client.c:368 0x3ffb6124: client hello, add ciphersuite: c024, TLS-ECDHE-ECDSA-WITH-AES-256-CBC-SHA384

D (14527) mbedtls: ssl_client.c:368 0x3ffb6124: client hello, add ciphersuite: c028, TLS-ECDHE-RSA-WITH-AES-256-CBC-SHA384

D (14527) mbedtls: ssl_client.c:368 0x3ffb6124: client hello, add ciphersuite: c00a, TLS-ECDHE-ECDSA-WITH-AES-256-CBC-SHA

D (14527) mbedtls: ssl_client.c:368 0x3ffb6124: client hello, add ciphersuite: c014, TLS-ECDHE-RSA-WITH-AES-256-CBC-SHA

D (14527) mbedtls: ssl_client.c:368 0x3ffb6124: client hello, add ciphersuite: c0af, TLS-ECDHE-ECDSA-WITH-AES-256-CCM-8

D (14527) mbedtls: ssl_client.c:368 0x3ffb6124: client hello, add ciphersuite: c02b, TLS-ECDHE-ECDSA-WITH-AES-128-GCM-SHA256

D (14527) mbedtls: ssl_client.c:368 0x3ffb6124: client hello, add ciphersuite: c02f, TLS-ECDHE-RSA-WITH-AES-128-GCM-SHA256

D (14527) mbedtls: ssl_client.c:368 0x3ffb6124: client hello, add ciphersuite: c0ac, TLS-ECDHE-ECDSA-WITH-AES-128-CCM

D (14527) mbedtls: ssl_client.c:368 0x3ffb6124: client hello, add ciphersuite: c023, TLS-ECDHE-ECDSA-WITH-AES-128-CBC-SHA256

D (14527) mbedtls: ssl_client.c:368 0x3ffb6124: client hello, add ciphersuite: c027, TLS-ECDHE-RSA-WITH-AES-128-CBC-SHA256

D (14527) mbedtls: ssl_client.c:368 0x3ffb6124: client hello, add ciphersuite: c009, TLS-ECDHE-ECDSA-WITH-AES-128-CBC-SHA

D (14527) mbedtls: ssl_client.c:368 0x3ffb6124: client hello, add ciphersuite: c013, TLS-ECDHE-RSA-WITH-AES-128-CBC-SHA

D (14527) mbedtls: ssl_client.c:368 0x3ffb6124: client hello, add ciphersuite: c0ae, TLS-ECDHE-ECDSA-WITH-AES-128-CCM-8

D (14527) mbedtls: ssl_client.c:386 0x3ffb6124: adding EMPTY_RENEGOTIATION_INFO_SCSV

D (14527) mbedtls: ssl_client.c:395 0x3ffb6124: client hello, got 17 cipher suites

D (14527) mbedtls: ssl_client.c:229 0x3ffb6124: client hello, adding supported_groups extension

D (14527) mbedtls: ssl_client.c:248 0x3ffb6124: got supported group(001d)

D (14527) mbedtls: ssl_client.c:280 0x3ffb6124: NamedGroup: x25519 ( 1d )

D (14527) mbedtls: ssl_client.c:248 0x3ffb6124: got supported group(0017)

D (14527) mbedtls: ssl_client.c:280 0x3ffb6124: NamedGroup: secp256r1 ( 17 )

D (14527) mbedtls: ssl_client.c:248 0x3ffb6124: got supported group(0018)

D (14527) mbedtls: ssl_client.c:280 0x3ffb6124: NamedGroup: secp384r1 ( 18 )

D (14527) mbedtls: ssl_client.c:248 0x3ffb6124: got supported group(001e)

D (14527) mbedtls: ssl_client.c:280 0x3ffb6124: NamedGroup: x448 ( 1e )

D (14527) mbedtls: ssl_client.c:248 0x3ffb6124: got supported group(0019)

D (14527) mbedtls: ssl_client.c:280 0x3ffb6124: NamedGroup: secp521r1 ( 19 )

D (14527) mbedtls: ssl_client.c:248 0x3ffb6124: got supported group(001a)

D (14527) mbedtls: ssl_client.c:280 0x3ffb6124: NamedGroup: bp256r1 ( 1a )

D (14527) mbedtls: ssl_client.c:248 0x3ffb6124: got supported group(001b)

D (14527) mbedtls: ssl_client.c:280 0x3ffb6124: NamedGroup: bp384r1 ( 1b )

D (14527) mbedtls: ssl_client.c:248 0x3ffb6124: got supported group(001c)

D (14527) mbedtls: ssl_client.c:280 0x3ffb6124: NamedGroup: bp512r1 ( 1c )

D (14527) mbedtls: ssl_client.c:248 0x3ffb6124: got supported group(0100)

D (14527) mbedtls: ssl_client.c:248 0x3ffb6124: got supported group(0101)

D (14527) mbedtls: ssl_client.c:248 0x3ffb6124: got supported group(0102)

D (14527) mbedtls: ssl_client.c:248 0x3ffb6124: got supported group(0103)

D (14527) mbedtls: ssl_client.c:248 0x3ffb6124: got supported group(0104)

D (14527) mbedtls: ssl_client.c:300 0x3ffb6124: dumping 'Supported groups extension' (18 bytes)

D (14527) mbedtls: ssl_client.c:300 0x3ffb6124: 0000:  00 10 00 1d 00 17 00 18 00 1e 00 19 00 1a 00 1b  ................

D (14527) mbedtls: ssl_client.c:300 0x3ffb6124: 0010:  00 1c                                            ..

D (14527) mbedtls: ssl_tls.c:8276 0x3ffb6124: adding signature_algorithms extension

D (14527) mbedtls: ssl_tls.c:8296 0x3ffb6124: got signature scheme [603] ecdsa_secp521r1_sha512

D (14527) mbedtls: ssl_tls.c:8305 0x3ffb6124: sent signature scheme [603] ecdsa_secp521r1_sha512

D (14527) mbedtls: ssl_tls.c:8296 0x3ffb6124: got signature scheme [806] rsa_pss_rsae_sha512

D (14537) mbedtls: ssl_tls.c:8296 0x3ffb6124: got signature scheme [601] rsa_pkcs1_sha512

D (14537) mbedtls: ssl_tls.c:8305 0x3ffb6124: sent signature scheme [601] rsa_pkcs1_sha512

D (14537) mbedtls: ssl_tls.c:8296 0x3ffb6124: got signature scheme [503] ecdsa_secp384r1_sha384

D (14537) mbedtls: ssl_tls.c:8305 0x3ffb6124: sent signature scheme [503] ecdsa_secp384r1_sha384

D (14537) mbedtls: ssl_tls.c:8296 0x3ffb6124: got signature scheme [805] rsa_pss_rsae_sha384

D (14537) mbedtls: ssl_tls.c:8296 0x3ffb6124: got signature scheme [501] rsa_pkcs1_sha384

D (14537) mbedtls: ssl_tls.c:8305 0x3ffb6124: sent signature scheme [501] rsa_pkcs1_sha384

D (14537) mbedtls: ssl_tls.c:8296 0x3ffb6124: got signature scheme [403] ecdsa_secp256r1_sha256

D (14537) mbedtls: ssl_tls.c:8305 0x3ffb6124: sent signature scheme [403] ecdsa_secp256r1_sha256

D (14537) mbedtls: ssl_tls.c:8296 0x3ffb6124: got signature scheme [804] rsa_pss_rsae_sha256

D (14537) mbedtls: ssl_tls.c:8296 0x3ffb6124: got signature scheme [401] rsa_pkcs1_sha256

D (14537) mbedtls: ssl_tls.c:8305 0x3ffb6124: sent signature scheme [401] rsa_pkcs1_sha256

D (14537) mbedtls: ssl_tls12_client.c:103 0x3ffb6124: client hello, adding supported_point_formats extension

D (14537) mbedtls: ssl_tls12_client.c:287 0x3ffb6124: client hello, adding encrypt_then_mac extension

D (14537) mbedtls: ssl_tls12_client.c:319 0x3ffb6124: client hello, adding extended_master_secret extension

D (14537) mbedtls: ssl_tls12_client.c:352 0x3ffb6124: client hello, adding session ticket extension

D (14537) mbedtls: ssl_client.c:687 0x3ffb6124: client hello, total extension length: 58

D (14537) mbedtls: ssl_client.c:689 0x3ffb6124: dumping 'client hello extensions' (58 bytes)

D (14537) mbedtls: ssl_client.c:689 0x3ffb6124: 0000:  00 3a 00 0a 00 12 00 10 00 1d 00 17 00 18 00 1e  .:..............

D (14537) mbedtls: ssl_client.c:689 0x3ffb6124: 0010:  00 19 00 1a 00 1b 00 1c 00 0d 00 0e 00 0c 06 03  ................

D (14537) mbedtls: ssl_client.c:689 0x3ffb6124: 0020:  06 01 05 03 05 01 04 03 04 01 00 0b 00 02 01 00  ................

D (14537) mbedtls: ssl_client.c:689 0x3ffb6124: 0030:  00 16 00 00 00 17 00 00 00 23                    .........#

I (14537) mbedtls: ssl_msg.c:2494 0x3ffb6124: => write handshake message

I (14537) mbedtls: ssl_msg.c:2654 0x3ffb6124: => write record

D (14537) mbedtls: ssl_msg.c:2737 0x3ffb6124: output record: msgtype = 22, version = [3:3], msglen = 137

I (14537) mbedtls: ssl_msg.c:2790 0x3ffb6124: <= write record

I (14537) mbedtls: ssl_msg.c:2615 0x3ffb6124: <= write handshake message

D (14537) mbedtls: ssl_misc.h:1295 0x3ffb6124: handshake state: 1 (MBEDTLS_SSL_CLIENT_HELLO) -> 2 (MBEDTLS_SSL_SERVER_HELLO)

I (14537) mbedtls: ssl_client.c:1010 0x3ffb6124: <= write client hello

I (14537) mbedtls: ssl_msg.c:2063 0x3ffb6124: => flush output

I (14537) mbedtls: ssl_msg.c:2077 0x3ffb6124: message length: 142, out_left: 142

I (14537) mbedtls: ssl_msg.c:2084 0x3ffb6124: ssl->f_send() returned 142 (-0xffffff72)

I (14537) mbedtls: ssl_msg.c:2111 0x3ffb6124: <= flush output

I (14537) mbedtls: ssl_tls.c:4201 0x3ffb6124: client state: MBEDTLS_SSL_SERVER_HELLO

I (14537) mbedtls: ssl_tls12_client.c:1151 0x3ffb6124: => parse server hello

I (14547) mbedtls: ssl_msg.c:4040 0x3ffb6124: => read record

I (14547) mbedtls: ssl_msg.c:1865 0x3ffb6124: => fetch input

I (14547) mbedtls: ssl_msg.c:2005 0x3ffb6124: in_left: 0, nb_want: 5

I (14547) mbedtls: ssl_msg.c:2025 0x3ffb6124: in_left: 0, nb_want: 5

I (14547) mbedtls: ssl_msg.c:2028 0x3ffb6124: ssl->f_recv(_timeout)() returned 5 (-0xfffffffb)

I (14547) mbedtls: ssl_msg.c:2050 0x3ffb6124: <= fetch input

D (14547) mbedtls: ssl_msg.c:3707 0x3ffb6124: input record: msgtype = 22, version = [0x303], msglen = 65

I (14547) mbedtls: ssl_msg.c:1865 0x3ffb6124: => fetch input

I (14547) mbedtls: ssl_msg.c:2005 0x3ffb6124: in_left: 5, nb_want: 70

I (14547) mbedtls: ssl_msg.c:2025 0x3ffb6124: in_left: 5, nb_want: 70

I (14547) mbedtls: ssl_msg.c:2028 0x3ffb6124: ssl->f_recv(_timeout)() returned 65 (-0xffffffbf)

I (14547) mbedtls: ssl_msg.c:2050 0x3ffb6124: <= fetch input

D (14547) mbedtls: ssl_msg.c:2948 0x3ffb6124: handshake message: msglen = 65, type = 2, hslen = 65

D (14547) mbedtls: ssl_msg.c:3085 0x3ffb6124: sole handshake fragment: 65, 0..65 of 65

I (14547) mbedtls: ssl_msg.c:4112 0x3ffb6124: <= read record

D (14547) mbedtls: ssl_tls12_client.c:1225 0x3ffb6124: dumping 'server hello, version' (2 bytes)

D (14547) mbedtls: ssl_tls12_client.c:1225 0x3ffb6124: 0000:  03 03                                            ..

D (14547) mbedtls: ssl_tls12_client.c:1246 0x3ffb6124: server hello, current time: 2227319511

D (14547) mbedtls: ssl_tls12_client.c:1256 0x3ffb6124: dumping 'server hello, random bytes' (32 bytes)

D (14547) mbedtls: ssl_tls12_client.c:1256 0x3ffb6124: 0000:  84 c2 32 d7 d4 6d 30 9f bd 65 bf 34 64 4e be 50  ..2..m0..e.4dN.P

D (14547) mbedtls: ssl_tls12_client.c:1256 0x3ffb6124: 0010:  bf 74 81 3f a9 37 0a ef ff 90 a8 15 a0 cc e6 de  .t.?.7..........

D (14547) mbedtls: ssl_tls12_client.c:1318 0x3ffb6124: server hello, session id len.: 0

D (14547) mbedtls: ssl_tls12_client.c:1319 0x3ffb6124: dumping 'server hello, session id' (0 bytes)

D (14547) mbedtls: ssl_misc.h:1295 0x3ffb6124: handshake state: 2 (MBEDTLS_SSL_SERVER_HELLO) -> 3 (MBEDTLS_SSL_SERVER_CERTIFICATE)

D (14547) mbedtls: ssl_tls12_client.c:1343 0x3ffb6124: no session has been resumed

D (14547) mbedtls: ssl_tls12_client.c:1346 0x3ffb6124: server hello, chosen ciphersuite: c02c

D (14547) mbedtls: ssl_tls12_client.c:1347 0x3ffb6124: server hello, compress alg.: 0

D (14547) mbedtls: ssl_tls12_client.c:1382 0x3ffb6124: server hello, chosen ciphersuite: TLS-ECDHE-ECDSA-WITH-AES-256-GCM-SHA384

I (14547) mbedtls: ssl_tls12_client.c:1403 0x3ffb6124: server hello, total extension length: 21

D (14547) mbedtls: ssl_tls12_client.c:1421 0x3ffb6124: found renegotiation extension

D (14547) mbedtls: ssl_tls12_client.c:1500 0x3ffb6124: found supported_point_formats extension

D (14547) mbedtls: ssl_tls12_client.c:1486 0x3ffb6124: found session_ticket extension

D (14547) mbedtls: ssl_tls12_client.c:1473 0x3ffb6124: found extended_master_secret extension

I (14547) mbedtls: ssl_tls12_client.c:1617 0x3ffb6124: <= parse server hello

I (14547) mbedtls: ssl_msg.c:2063 0x3ffb6124: => flush output

I (14547) mbedtls: ssl_msg.c:2072 0x3ffb6124: <= flush output

I (14547) mbedtls: ssl_tls.c:4201 0x3ffb6124: client state: MBEDTLS_SSL_SERVER_CERTIFICATE

I (14547) mbedtls: ssl_tls.c:7077 0x3ffb6124: => parse certificate

I (14547) mbedtls: ssl_msg.c:4040 0x3ffb6124: => read record

I (14547) mbedtls: ssl_msg.c:1865 0x3ffb6124: => fetch input

I (14547) mbedtls: ssl_msg.c:2005 0x3ffb6124: in_left: 0, nb_want: 5

I (14547) mbedtls: ssl_msg.c:2025 0x3ffb6124: in_left: 0, nb_want: 5

I (14547) mbedtls: ssl_msg.c:2028 0x3ffb6124: ssl->f_recv(_timeout)() returned 5 (-0xfffffffb)

I (14547) mbedtls: ssl_msg.c:2050 0x3ffb6124: <= fetch input

D (14547) mbedtls: ssl_msg.c:3707 0x3ffb6124: input record: msgtype = 22, version = [0x303], msglen = 394

I (14547) mbedtls: ssl_msg.c:1865 0x3ffb6124: => fetch input

I (14547) mbedtls: ssl_msg.c:2005 0x3ffb6124: in_left: 5, nb_want: 399

I (14547) mbedtls: ssl_msg.c:2025 0x3ffb6124: in_left: 5, nb_want: 399

I (14547) mbedtls: ssl_msg.c:2028 0x3ffb6124: ssl->f_recv(_timeout)() returned 394 (-0xfffffe76)

I (14547) mbedtls: ssl_msg.c:2050 0x3ffb6124: <= fetch input

D (14547) mbedtls: ssl_msg.c:2948 0x3ffb6124: handshake message: msglen = 394, type = 11, hslen = 394

D (14547) mbedtls: ssl_msg.c:3085 0x3ffb6124: sole handshake fragment: 394, 0..394 of 394

I (14547) mbedtls: ssl_msg.c:4112 0x3ffb6124: <= read record

D (14557) mbedtls: ssl_tls.c:6952 0x3ffb6124: peer certificate #1:

D (14557) mbedtls: ssl_tls.c:6952 0x3ffb6124: cert. version     : 3

D (14557) mbedtls: ssl_tls.c:6952 0x3ffb6124: serial number     : 37:09:43:D4:1C:61:C3:A2:0B:22:A6:A0:1B:48:94:F0:41:88:C9:23

D (14557) mbedtls: ssl_tls.c:6952 0x3ffb6124: issuer name       : CN=localhost

D (14557) mbedtls: ssl_tls.c:6952 0x3ffb6124: subject name      : CN=localhost

D (14557) mbedtls: ssl_tls.c:6952 0x3ffb6124: issued  on        : 2026-08-26 20:20:30

D (14557) mbedtls: ssl_tls.c:6952 0x3ffb6124: expires on        : 2026-09-25 20:20:30

D (14557) mbedtls: ssl_tls.c:6952 0x3ffb6124: signed using      : ECDSA with SHA256

D (14557) mbedtls: ssl_tls.c:6952 0x3ffb6124: EC key size       : 256 bits

D (14557) mbedtls: ssl_tls.c:6952 0x3ffb6124: basic constraints : CA=true

D (14557) mbedtls: ssl_tls.c:6952 0x3ffb6124: dumping 'crt->PK' (65 bytes)

D (14557) mbedtls: ssl_tls.c:6952 0x3ffb6124: 0000:  04 54 0e ba b5 7b 25 1b f2 9f 2d 96 f4 93 cd 8f

D (14557) mbedtls: ssl_tls.c:6952 0x3ffb6124: 0010:  49 17 f1 f8 43 fd ec ae 5d 41 e9 f4 92 ac 22 e6

D (14557) mbedtls: ssl_tls.c:6952 0x3ffb6124: 0020:  63 ac 57 44 3b f6 9e c0 c8 9f 49 85 41 d2 5d 63

D (14557) mbedtls: ssl_tls.c:6952 0x3ffb6124: 0030:  06 98 de f8 fb 38 a5 80 7e 23 61 62 87 90 79 d7

D (14557) mbedtls: ssl_tls.c:6952 0x3ffb6124: 0040:  84                                             

I (14557) mbedtls: ssl_tls.c:7191 0x3ffb6124: <= parse certificate

D (14557) mbedtls: ssl_misc.h:1295 0x3ffb6124: handshake state: 3 (MBEDTLS_SSL_SERVER_CERTIFICATE) -> 4 (MBEDTLS_SSL_SERVER_KEY_EXCHANGE)

I (14557) mbedtls: ssl_msg.c:2063 0x3ffb6124: => flush output

I (14557) mbedtls: ssl_msg.c:2072 0x3ffb6124: <= flush output

I (14557) mbedtls: ssl_tls.c:4201 0x3ffb6124: client state: MBEDTLS_SSL_SERVER_KEY_EXCHANGE

I (14557) mbedtls: ssl_tls12_client.c:1831 0x3ffb6124: => parse server key exchange

I (14557) mbedtls: ssl_msg.c:4040 0x3ffb6124: => read record

I (14557) mbedtls: ssl_msg.c:1865 0x3ffb6124: => fetch input

I (14557) mbedtls: ssl_msg.c:2005 0x3ffb6124: in_left: 0, nb_want: 5

I (14557) mbedtls: ssl_msg.c:2025 0x3ffb6124: in_left: 0, nb_want: 5

I (14557) mbedtls: ssl_msg.c:2028 0x3ffb6124: ssl->f_recv(_timeout)() returned 5 (-0xfffffffb)

I (14557) mbedtls: ssl_msg.c:2050 0x3ffb6124: <= fetch input

D (14557) mbedtls: ssl_msg.c:3707 0x3ffb6124: input record: msgtype = 22, version = [0x303], msglen = 114

I (14557) mbedtls: ssl_msg.c:1865 0x3ffb6124: => fetch input

I (14557) mbedtls: ssl_msg.c:2005 0x3ffb6124: in_left: 5, nb_want: 119

I (14557) mbedtls: ssl_msg.c:2025 0x3ffb6124: in_left: 5, nb_want: 119

I (14557) mbedtls: ssl_msg.c:2028 0x3ffb6124: ssl->f_recv(_timeout)() returned 114 (-0xffffff8e)

I (14557) mbedtls: ssl_msg.c:2050 0x3ffb6124: <= fetch input

D (14557) mbedtls: ssl_msg.c:2948 0x3ffb6124: handshake message: msglen = 114, type = 12, hslen = 114

D (14557) mbedtls: ssl_msg.c:3085 0x3ffb6124: sole handshake fragment: 114, 0..114 of 114

I (14557) mbedtls: ssl_msg.c:4112 0x3ffb6124: <= read record

D (14557) mbedtls: ssl_tls12_client.c:1885 0x3ffb6124: dumping 'server key exchange' (110 bytes)

D (14557) mbedtls: ssl_tls12_client.c:1885 0x3ffb6124: 0000:  03 00 1d 20 32 46 72 96 b6 5a 9e a7 45 6e b6 33  ... 2Fr..Z..En.3

D (14557) mbedtls: ssl_tls12_client.c:1885 0x3ffb6124: 0010:  0a b6 60 f2 eb 1c 39 0c 64 37 28 ad fd a8 84 6f  ..`...9.d7(....o

D (14557) mbedtls: ssl_tls12_client.c:1885 0x3ffb6124: 0020:  56 7f c1 11 06 03 00 46 30 44 02 20 44 b3 e6 e8  V......F0D. D...

D (14557) mbedtls: ssl_tls12_client.c:1885 0x3ffb6124: 0030:  bf 14 45 33 a0 cd 58 3d 1f 34 87 7b 0a dd 5b 2d  ..E3..X=.4.{..[-

D (14557) mbedtls: ssl_tls12_client.c:1885 0x3ffb6124: 0040:  f3 e0 2e 50 cd 7f e0 fa 53 a3 84 86 02 20 3d 9b  ...P....S.... =.

D (14557) mbedtls: ssl_tls12_client.c:1885 0x3ffb6124: 0050:  1f 82 00 fc 62 14 b9 09 2d 07 15 27 b8 dc b2 a1  ....b...-..'....

D (14557) mbedtls: ssl_tls12_client.c:1885 0x3ffb6124: 0060:  1f b1 2f a7 f0 e7 f7 ca 73 df 16 b1 d6 68        ../.....s....h

I (14557) mbedtls: ssl_tls12_client.c:1815 0x3ffb6124: Server used the signature algorithm ecdsa_secp521r1_sha512

D (14557) mbedtls: ssl_tls12_client.c:2047 0x3ffb6124: dumping 'signature' (70 bytes)

D (14557) mbedtls: ssl_tls12_client.c:2047 0x3ffb6124: 0000:  30 44 02 20 44 b3 e6 e8 bf 14 45 33 a0 cd 58 3d  0D. D.....E3..X=

D (14557) mbedtls: ssl_tls12_client.c:2047 0x3ffb6124: 0010:  1f 34 87 7b 0a dd 5b 2d f3 e0 2e 50 cd 7f e0 fa  .4.{..[-...P....

D (14557) mbedtls: ssl_tls12_client.c:2047 0x3ffb6124: 0020:  53 a3 84 86 02 20 3d 9b 1f 82 00 fc 62 14 b9 09  S.... =.....b...

D (14557) mbedtls: ssl_tls12_client.c:2047 0x3ffb6124: 0030:  2d 07 15 27 b8 dc b2 a1 1f b1 2f a7 f0 e7 f7 ca  -..'....../.....

D (14557) mbedtls: ssl_tls12_client.c:2047 0x3ffb6124: 0040:  73 df 16 b1 d6 68                                s....h

D (14557) mbedtls: ssl_tls.c:8082 0x3ffb6124: Perform PSA-based computation of digest of ServerKeyExchange

D (14557) mbedtls: ssl_tls12_client.c:2064 0x3ffb6124: dumping 'parameters hash' (64 bytes)

D (14557) mbedtls: ssl_tls12_client.c:2064 0x3ffb6124: 0000:  03 b9 77 71 76 58 33 7b 47 fc 6c 92 c1 b3 b2 a7  ..wqvX3{G.l.....

D (14557) mbedtls: ssl_tls12_client.c:2064 0x3ffb6124: 0010:  68 2d 25 71 d8 13 2c 62 a6 d5 de 4c 5c 27 bc a0  h-%q..,b...L\'..

D (14557) mbedtls: ssl_tls12_client.c:2064 0x3ffb6124: 0020:  1c f5 66 c0 54 fe 81 1e 9d ed 00 bc ad 0c 53 a4  ..f.T.........S.

D (14557) mbedtls: ssl_tls12_client.c:2064 0x3ffb6124: 0030:  71 52 e4 b1 93 a8 23 76 ee bc 4d be 5a 1f 13 60  qR....#v..M.Z..`

[mem-tick] t=   13083 ms phase=handshake    free=214448
D (14667) mbedtls: ssl_misc.h:1295 0x3ffb6124: handshake state: 4 (MBEDTLS_SSL_SERVER_KEY_EXCHANGE) -> 5 (MBEDTLS_SSL_CERTIFICATE_REQUEST)

I (14667) mbedtls: ssl_tls12_client.c:2118 0x3ffb6124: <= parse server key exchange

I (14667) mbedtls: ssl_msg.c:2063 0x3ffb6124: => flush output

I (14667) mbedtls: ssl_msg.c:2072 0x3ffb6124: <= flush output

I (14667) mbedtls: ssl_tls.c:4201 0x3ffb6124: client state: MBEDTLS_SSL_CERTIFICATE_REQUEST

I (14667) mbedtls: ssl_tls12_client.c:2157 0x3ffb6124: => parse certificate request

I (14667) mbedtls: ssl_msg.c:4040 0x3ffb6124: => read record

I (14667) mbedtls: ssl_msg.c:1865 0x3ffb6124: => fetch input

I (14667) mbedtls: ssl_msg.c:2005 0x3ffb6124: in_left: 0, nb_want: 5

I (14667) mbedtls: ssl_msg.c:2025 0x3ffb6124: in_left: 0, nb_want: 5

I (14667) mbedtls: ssl_msg.c:2028 0x3ffb6124: ssl->f_recv(_timeout)() returned 5 (-0xfffffffb)

I (14667) mbedtls: ssl_msg.c:2050 0x3ffb6124: <= fetch input

D (14667) mbedtls: ssl_msg.c:3707 0x3ffb6124: input record: msgtype = 22, version = [0x303], msglen = 4

I (14667) mbedtls: ssl_msg.c:1865 0x3ffb6124: => fetch input

I (14667) mbedtls: ssl_msg.c:2005 0x3ffb6124: in_left: 5, nb_want: 9

I (14667) mbedtls: ssl_msg.c:2025 0x3ffb6124: in_left: 5, nb_want: 9

I (14667) mbedtls: ssl_msg.c:2028 0x3ffb6124: ssl->f_recv(_timeout)() returned 4 (-0xfffffffc)

I (14667) mbedtls: ssl_msg.c:2050 0x3ffb6124: <= fetch input

D (14667) mbedtls: ssl_msg.c:2948 0x3ffb6124: handshake message: msglen = 4, type = 14, hslen = 4

D (14667) mbedtls: ssl_msg.c:3085 0x3ffb6124: sole handshake fragment: 4, 0..4 of 4

I (14667) mbedtls: ssl_msg.c:4112 0x3ffb6124: <= read record

D (14667) mbedtls: ssl_misc.h:1295 0x3ffb6124: handshake state: 5 (MBEDTLS_SSL_CERTIFICATE_REQUEST) -> 6 (MBEDTLS_SSL_SERVER_HELLO_DONE)

D (14667) mbedtls: ssl_tls12_client.c:2183 0x3ffb6124: got no certificate request

I (14667) mbedtls: ssl_tls12_client.c:2319 0x3ffb6124: <= parse certificate request

I (14667) mbedtls: ssl_msg.c:2063 0x3ffb6124: => flush output

I (14667) mbedtls: ssl_msg.c:2072 0x3ffb6124: <= flush output

I (14677) mbedtls: ssl_tls.c:4201 0x3ffb6124: client state: MBEDTLS_SSL_SERVER_HELLO_DONE

I (14677) mbedtls: ssl_tls12_client.c:2330 0x3ffb6124: => parse server hello done

I (14677) mbedtls: ssl_msg.c:4040 0x3ffb6124: => read record

I (14677) mbedtls: ssl_msg.c:4108 0x3ffb6124: reuse previously read message

I (14677) mbedtls: ssl_msg.c:4112 0x3ffb6124: <= read record

D (14677) mbedtls: ssl_misc.h:1295 0x3ffb6124: handshake state: 6 (MBEDTLS_SSL_SERVER_HELLO_DONE) -> 7 (MBEDTLS_SSL_CLIENT_CERTIFICATE)

I (14677) mbedtls: ssl_tls12_client.c:2358 0x3ffb6124: <= parse server hello done

I (14677) mbedtls: ssl_msg.c:2063 0x3ffb6124: => flush output

I (14677) mbedtls: ssl_msg.c:2072 0x3ffb6124: <= flush output

I (14677) mbedtls: ssl_tls.c:4201 0x3ffb6124: client state: MBEDTLS_SSL_CLIENT_CERTIFICATE

I (14677) mbedtls: ssl_tls.c:6675 0x3ffb6124: => write certificate

I (14677) mbedtls: ssl_tls.c:6686 0x3ffb6124: <= skip write certificate

D (14677) mbedtls: ssl_misc.h:1295 0x3ffb6124: handshake state: 7 (MBEDTLS_SSL_CLIENT_CERTIFICATE) -> 8 (MBEDTLS_SSL_CLIENT_KEY_EXCHANGE)

I (14677) mbedtls: ssl_msg.c:2063 0x3ffb6124: => flush output

I (14677) mbedtls: ssl_msg.c:2072 0x3ffb6124: <= flush output

I (14677) mbedtls: ssl_tls.c:4201 0x3ffb6124: client state: MBEDTLS_SSL_CLIENT_KEY_EXCHANGE

I (14677) mbedtls: ssl_tls12_client.c:2373 0x3ffb6124: => write client key exchange

D (14677) mbedtls: ssl_tls12_client.c:2387 0x3ffb6124: Perform PSA-based ECDH computation.

[mem-tick] t=   13183 ms phase=handshake    free=217032
[mem-tick] t=   13283 ms phase=handshake    free=216736
D (14807) mbedtls: ssl_misc.h:1295 0x3ffb6124: handshake state: 8 (MBEDTLS_SSL_CLIENT_KEY_EXCHANGE) -> 9 (MBEDTLS_SSL_CERTIFICATE_VERIFY)

I (14807) mbedtls: ssl_msg.c:2494 0x3ffb6124: => write handshake message

I (14807) mbedtls: ssl_msg.c:2654 0x3ffb6124: => write record

D (14807) mbedtls: ssl_msg.c:2737 0x3ffb6124: output record: msgtype = 22, version = [3:3], msglen = 37

I (14807) mbedtls: ssl_msg.c:2063 0x3ffb6124: => flush output

I (14807) mbedtls: ssl_msg.c:2077 0x3ffb6124: message length: 42, out_left: 42

I (14807) mbedtls: ssl_msg.c:2084 0x3ffb6124: ssl->f_send() returned 42 (-0xffffffd6)

I (14807) mbedtls: ssl_msg.c:2111 0x3ffb6124: <= flush output

I (14807) mbedtls: ssl_msg.c:2790 0x3ffb6124: <= write record

I (14807) mbedtls: ssl_msg.c:2615 0x3ffb6124: <= write handshake message

I (14807) mbedtls: ssl_tls12_client.c:2653 0x3ffb6124: <= write client key exchange

I (14817) mbedtls: ssl_msg.c:2063 0x3ffb6124: => flush output

I (14817) mbedtls: ssl_msg.c:2072 0x3ffb6124: <= flush output

I (14817) mbedtls: ssl_tls.c:4201 0x3ffb6124: client state: MBEDTLS_SSL_CERTIFICATE_VERIFY

I (14817) mbedtls: ssl_tls12_client.c:2701 0x3ffb6124: => write certificate verify

I (14817) mbedtls: ssl_tls.c:6466 0x3ffb6124: => derive keys

I (14817) mbedtls: ssl_tls.c:6557 0x3ffb6124: => PSA calc verify

D (14817) mbedtls: ssl_tls.c:6568 0x3ffb6124: dumping 'PSA calculated verify result' (48 bytes)

D (14817) mbedtls: ssl_tls.c:6568 0x3ffb6124: 0000:  7b f6 3e 8d 7c 81 b4 5a 32 56 31 d2 b6 0d 0e 6e  {.>.|..Z2V1....n

D (14817) mbedtls: ssl_tls.c:6568 0x3ffb6124: 0010:  8a 25 bc 78 e7 c5 e6 8a 9c 36 61 da f0 f7 ed 37  .%.x.....6a....7

D (14817) mbedtls: ssl_tls.c:6568 0x3ffb6124: 0020:  fb 44 b7 a6 a5 69 73 e2 93 15 49 a7 f3 cb 1f 01  .D...is...I.....

I (14817) mbedtls: ssl_tls.c:6569 0x3ffb6124: <= PSA calc verify

D (14817) mbedtls: ssl_tls.c:6308 0x3ffb6124: dumping 'session hash for extended master secret' (48 bytes)

D (14817) mbedtls: ssl_tls.c:6308 0x3ffb6124: 0000:  7b f6 3e 8d 7c 81 b4 5a 32 56 31 d2 b6 0d 0e 6e  {.>.|..Z2V1....n

D (14817) mbedtls: ssl_tls.c:6308 0x3ffb6124: 0010:  8a 25 bc 78 e7 c5 e6 8a 9c 36 61 da f0 f7 ed 37  .%.x.....6a....7

D (14817) mbedtls: ssl_tls.c:6308 0x3ffb6124: 0020:  fb 44 b7 a6 a5 69 73 e2 93 15 49 a7 f3 cb 1f 01  .D...is...I.....

D (14817) mbedtls: ssl_tls.c:6449 0x3ffb6124: dumping 'premaster secret' (32 bytes)

D (14817) mbedtls: ssl_tls.c:6449 0x3ffb6124: 0000:  81 f7 37 47 63 df 55 62 98 91 69 52 1b 92 82 03  ..7Gc.Ub..iR....

D (14817) mbedtls: ssl_tls.c:6449 0x3ffb6124: 0010:  2f d0 54 e8 60 50 74 f0 fa f3 f1 50 45 d5 ea 53  /.T.`Pt....PE..S

D (14817) mbedtls: ssl_tls.c:7762 0x3ffb6124: ciphersuite = TLS-ECDHE-ECDSA-WITH-AES-256-GCM-SHA384

D (14817) mbedtls: ssl_tls.c:7764 0x3ffb6124: dumping 'master secret' (48 bytes)

D (14817) mbedtls: ssl_tls.c:7764 0x3ffb6124: 0000:  82 51 9a 0d cc cf bf 97 2e 88 ca 98 b5 5b 80 68  .Q...........[.h

D (14817) mbedtls: ssl_tls.c:7764 0x3ffb6124: 0010:  1f 60 cb 2c 60 45 6a 2e f2 b1 04 1e 1c bc 3f 7b  .`.,`Ej.......?{

D (14817) mbedtls: ssl_tls.c:7764 0x3ffb6124: 0020:  c6 60 73 5d 6d 07 e4 57 59 fe 74 16 d1 fc 45 e2  .`s]m..WY.t...E.

D (14817) mbedtls: ssl_tls.c:7855 0x3ffb6124: keylen: 32, minlen: 24, ivlen: 12, maclen: 0

I (14817) mbedtls: ssl_tls.c:6517 0x3ffb6124: <= derive keys

I (14817) mbedtls: ssl_tls12_client.c:2723 0x3ffb6124: <= skip write certificate verify

D (14817) mbedtls: ssl_misc.h:1295 0x3ffb6124: handshake state: 9 (MBEDTLS_SSL_CERTIFICATE_VERIFY) -> 10 (MBEDTLS_SSL_CLIENT_CHANGE_CIPHER_SPEC)

I (14817) mbedtls: ssl_msg.c:2063 0x3ffb6124: => flush output

I (14817) mbedtls: ssl_msg.c:2072 0x3ffb6124: <= flush output

I (14817) mbedtls: ssl_tls.c:4201 0x3ffb6124: client state: MBEDTLS_SSL_CLIENT_CHANGE_CIPHER_SPEC

I (14817) mbedtls: ssl_msg.c:5087 0x3ffb6124: => write change cipher spec

D (14817) mbedtls: ssl_misc.h:1295 0x3ffb6124: handshake state: 10 (MBEDTLS_SSL_CLIENT_CHANGE_CIPHER_SPEC) -> 11 (MBEDTLS_SSL_CLIENT_FINISHED)

I (14817) mbedtls: ssl_msg.c:2494 0x3ffb6124: => write handshake message

I (14817) mbedtls: ssl_msg.c:2654 0x3ffb6124: => write record

D (14817) mbedtls: ssl_msg.c:2737 0x3ffb6124: output record: msgtype = 20, version = [3:3], msglen = 1

I (14817) mbedtls: ssl_msg.c:2063 0x3ffb6124: => flush output

I (14817) mbedtls: ssl_msg.c:2077 0x3ffb6124: message length: 6, out_left: 6

I (14817) mbedtls: ssl_msg.c:2084 0x3ffb6124: ssl->f_send() returned 6 (-0xfffffffa)

I (14817) mbedtls: ssl_msg.c:2111 0x3ffb6124: <= flush output

I (14817) mbedtls: ssl_msg.c:2790 0x3ffb6124: <= write record

I (14817) mbedtls: ssl_msg.c:2615 0x3ffb6124: <= write handshake message

I (14817) mbedtls: ssl_msg.c:5100 0x3ffb6124: <= write change cipher spec

I (14817) mbedtls: ssl_msg.c:2063 0x3ffb6124: => flush output

I (14817) mbedtls: ssl_msg.c:2072 0x3ffb6124: <= flush output

I (14817) mbedtls: ssl_tls.c:4201 0x3ffb6124: client state: MBEDTLS_SSL_CLIENT_FINISHED

I (14817) mbedtls: ssl_tls.c:7384 0x3ffb6124: => write finished

I (14817) mbedtls: ssl_tls.c:7235 0x3ffb6124: => calc PSA finished tls

D (14817) mbedtls: ssl_tls.c:7246 0x3ffb6124: dumping 'PSA calculated padbuf' (48 bytes)

D (14817) mbedtls: ssl_tls.c:7246 0x3ffb6124: 0000:  7b f6 3e 8d 7c 81 b4 5a 32 56 31 d2 b6 0d 0e 6e  {.>.|..Z2V1....n

D (14817) mbedtls: ssl_tls.c:7246 0x3ffb6124: 0010:  8a 25 bc 78 e7 c5 e6 8a 9c 36 61 da f0 f7 ed 37  .%.x.....6a....7

D (14817) mbedtls: ssl_tls.c:7246 0x3ffb6124: 0020:  fb 44 b7 a6 a5 69 73 e2 93 15 49 a7 f3 cb 1f 01  .D...is...I.....

D (14827) mbedtls: ssl_tls.c:7258 0x3ffb6124: dumping 'calc finished result' (12 bytes)

D (14827) mbedtls: ssl_tls.c:7258 0x3ffb6124: 0000:  f4 fc 21 1c 86 35 21 d7 e3 25 0f 76              ..!..5!..%.v

I (14827) mbedtls: ssl_tls.c:7262 0x3ffb6124: <= calc finished

D (14827) mbedtls: ssl_misc.h:1295 0x3ffb6124: handshake state: 11 (MBEDTLS_SSL_CLIENT_FINISHED) -> 12 (MBEDTLS_SSL_SERVER_CHANGE_CIPHER_SPEC)

D (14827) mbedtls: ssl_tls.c:7434 0x3ffb6124: switching to new transform spec for outbound data

I (14827) mbedtls: ssl_msg.c:2494 0x3ffb6124: => write handshake message

I (14827) mbedtls: ssl_msg.c:2654 0x3ffb6124: => write record

I (14827) mbedtls: ssl_msg.c:808 0x3ffb6124: => encrypt buf

D (14827) mbedtls: ssl_msg.c:1036 0x3ffb6124: before encrypt: msglen = 16, including 0 bytes of padding

I (14827) mbedtls: ssl_msg.c:1265 0x3ffb6124: <= encrypt buf

D (14827) mbedtls: ssl_msg.c:2737 0x3ffb6124: output record: msgtype = 22, version = [3:3], msglen = 40

I (14827) mbedtls: ssl_msg.c:2063 0x3ffb6124: => flush output

I (14827) mbedtls: ssl_msg.c:2077 0x3ffb6124: message length: 45, out_left: 45

I (14827) mbedtls: ssl_msg.c:2084 0x3ffb6124: ssl->f_send() returned 45 (-0xffffffd3)

I (14827) mbedtls: ssl_msg.c:2111 0x3ffb6124: <= flush output

I (14827) mbedtls: ssl_msg.c:2790 0x3ffb6124: <= write record

I (14827) mbedtls: ssl_msg.c:2615 0x3ffb6124: <= write handshake message

I (14827) mbedtls: ssl_tls.c:7487 0x3ffb6124: <= write finished

I (14827) mbedtls: ssl_msg.c:2063 0x3ffb6124: => flush output

I (14827) mbedtls: ssl_msg.c:2072 0x3ffb6124: <= flush output

I (14827) mbedtls: ssl_tls.c:4201 0x3ffb6124: client state: MBEDTLS_SSL_SERVER_CHANGE_CIPHER_SPEC

D (14827) mbedtls: ssl_misc.h:1295 0x3ffb6124: handshake state: 12 (MBEDTLS_SSL_SERVER_CHANGE_CIPHER_SPEC) -> 16 (MBEDTLS_SSL_NEW_SESSION_TICKET)

I (14827) mbedtls: ssl_tls12_client.c:2829 0x3ffb6124: => parse new session ticket

I (14827) mbedtls: ssl_msg.c:4040 0x3ffb6124: => read record

I (14827) mbedtls: ssl_msg.c:1865 0x3ffb6124: => fetch input

I (14827) mbedtls: ssl_msg.c:2005 0x3ffb6124: in_left: 0, nb_want: 5

I (14827) mbedtls: ssl_msg.c:2025 0x3ffb6124: in_left: 0, nb_want: 5

I (14827) mbedtls: ssl_msg.c:2028 0x3ffb6124: ssl->f_recv(_timeout)() returned 5 (-0xfffffffb)

I (14827) mbedtls: ssl_msg.c:2050 0x3ffb6124: <= fetch input

D (14827) mbedtls: ssl_msg.c:3707 0x3ffb6124: input record: msgtype = 22, version = [0x303], msglen = 186

I (14827) mbedtls: ssl_msg.c:1865 0x3ffb6124: => fetch input

I (14827) mbedtls: ssl_msg.c:2005 0x3ffb6124: in_left: 5, nb_want: 191

I (14827) mbedtls: ssl_msg.c:2025 0x3ffb6124: in_left: 5, nb_want: 191

I (14827) mbedtls: ssl_msg.c:2028 0x3ffb6124: ssl->f_recv(_timeout)() returned 186 (-0xffffff46)

I (14827) mbedtls: ssl_msg.c:2050 0x3ffb6124: <= fetch input

D (14827) mbedtls: ssl_msg.c:2948 0x3ffb6124: handshake message: msglen = 186, type = 4, hslen = 186

D (14827) mbedtls: ssl_msg.c:3085 0x3ffb6124: sole handshake fragment: 186, 0..186 of 186

I (14827) mbedtls: ssl_msg.c:4112 0x3ffb6124: <= read record

D (14827) mbedtls: ssl_tls12_client.c:2876 0x3ffb6124: ticket length: 176

D (14827) mbedtls: ssl_misc.h:1295 0x3ffb6124: handshake state: 16 (MBEDTLS_SSL_NEW_SESSION_TICKET) -> 12 (MBEDTLS_SSL_SERVER_CHANGE_CIPHER_SPEC)

D (14827) mbedtls: ssl_tls12_client.c:2920 0x3ffb6124: ticket in use, discarding session id

I (14827) mbedtls: ssl_tls12_client.c:2923 0x3ffb6124: <= parse new session ticket

I (14827) mbedtls: ssl_msg.c:2063 0x3ffb6124: => flush output

I (14827) mbedtls: ssl_msg.c:2072 0x3ffb6124: <= flush output

I (14827) mbedtls: ssl_tls.c:4201 0x3ffb6124: client state: MBEDTLS_SSL_SERVER_CHANGE_CIPHER_SPEC

I (14827) mbedtls: ssl_msg.c:5109 0x3ffb6124: => parse change cipher spec

I (14827) mbedtls: ssl_msg.c:4040 0x3ffb6124: => read record

I (14827) mbedtls: ssl_msg.c:1865 0x3ffb6124: => fetch input

I (14827) mbedtls: ssl_msg.c:2005 0x3ffb6124: in_left: 0, nb_want: 5

I (14827) mbedtls: ssl_msg.c:2025 0x3ffb6124: in_left: 0, nb_want: 5

I (14827) mbedtls: ssl_msg.c:2028 0x3ffb6124: ssl->f_recv(_timeout)() returned 5 (-0xfffffffb)

I (14827) mbedtls: ssl_msg.c:2050 0x3ffb6124: <= fetch input

D (14827) mbedtls: ssl_msg.c:3707 0x3ffb6124: input record: msgtype = 20, version = [0x303], msglen = 1

I (14827) mbedtls: ssl_msg.c:1865 0x3ffb6124: => fetch input

I (14827) mbedtls: ssl_msg.c:2005 0x3ffb6124: in_left: 5, nb_want: 6

I (14827) mbedtls: ssl_msg.c:2025 0x3ffb6124: in_left: 5, nb_want: 6

I (14827) mbedtls: ssl_msg.c:2028 0x3ffb6124: ssl->f_recv(_timeout)() returned 1 (-0xffffffff)

I (14827) mbedtls: ssl_msg.c:2050 0x3ffb6124: <= fetch input

I (14827) mbedtls: ssl_msg.c:4112 0x3ffb6124: <= read record

D (14827) mbedtls: ssl_msg.c:5130 0x3ffb6124: switching to new transform spec for inbound data

D (14827) mbedtls: ssl_misc.h:1295 0x3ffb6124: handshake state: 12 (MBEDTLS_SSL_SERVER_CHANGE_CIPHER_SPEC) -> 13 (MBEDTLS_SSL_SERVER_FINISHED)

I (14827) mbedtls: ssl_msg.c:5157 0x3ffb6124: <= parse change cipher spec

I (14827) mbedtls: ssl_msg.c:2063 0x3ffb6124: => flush output

I (14827) mbedtls: ssl_msg.c:2072 0x3ffb6124: <= flush output

I (14827) mbedtls: ssl_tls.c:4201 0x3ffb6124: client state: MBEDTLS_SSL_SERVER_FINISHED

I (14837) mbedtls: ssl_tls.c:7500 0x3ffb6124: => parse finished

I (14837) mbedtls: ssl_tls.c:7235 0x3ffb6124: => calc PSA finished tls

D (14837) mbedtls: ssl_tls.c:7246 0x3ffb6124: dumping 'PSA calculated padbuf' (48 bytes)

D (14837) mbedtls: ssl_tls.c:7246 0x3ffb6124: 0000:  ac 7a 78 a7 46 af 77 d8 59 2a e6 be 32 ef 2e 6d  .zx.F.w.Y*..2..m

D (14837) mbedtls: ssl_tls.c:7246 0x3ffb6124: 0010:  77 4f a4 db 8f 4d 5f 95 54 63 92 64 78 bc 3a 55  wO...M_.Tc.dx.:U

D (14837) mbedtls: ssl_tls.c:7246 0x3ffb6124: 0020:  63 aa 99 ac a9 b8 5a ec 3a 03 95 9a 93 e0 c9 65  c.....Z.:......e

D (14837) mbedtls: ssl_tls.c:7258 0x3ffb6124: dumping 'calc finished result' (12 bytes)

D (14837) mbedtls: ssl_tls.c:7258 0x3ffb6124: 0000:  37 23 30 29 a9 a6 0c 3c b3 e6 93 a3              7#0)...<....

I (14837) mbedtls: ssl_tls.c:7262 0x3ffb6124: <= calc finished

I (14837) mbedtls: ssl_msg.c:4040 0x3ffb6124: => read record

I (14837) mbedtls: ssl_msg.c:1865 0x3ffb6124: => fetch input

I (14837) mbedtls: ssl_msg.c:2005 0x3ffb6124: in_left: 0, nb_want: 5

I (14837) mbedtls: ssl_msg.c:2025 0x3ffb6124: in_left: 0, nb_want: 5

I (14837) mbedtls: ssl_msg.c:2028 0x3ffb6124: ssl->f_recv(_timeout)() returned 5 (-0xfffffffb)

I (14837) mbedtls: ssl_msg.c:2050 0x3ffb6124: <= fetch input

D (14837) mbedtls: ssl_msg.c:3707 0x3ffb6124: input record: msgtype = 22, version = [0x303], msglen = 40

I (14837) mbedtls: ssl_msg.c:1865 0x3ffb6124: => fetch input

I (14837) mbedtls: ssl_msg.c:2005 0x3ffb6124: in_left: 5, nb_want: 45

I (14837) mbedtls: ssl_msg.c:2025 0x3ffb6124: in_left: 5, nb_want: 45

I (14837) mbedtls: ssl_msg.c:2028 0x3ffb6124: ssl->f_recv(_timeout)() returned 40 (-0xffffffd8)

I (14837) mbedtls: ssl_msg.c:2050 0x3ffb6124: <= fetch input

I (14837) mbedtls: ssl_msg.c:1301 0x3ffb6124: => decrypt buf

I (14837) mbedtls: ssl_msg.c:1831 0x3ffb6124: <= decrypt buf

D (14837) mbedtls: ssl_msg.c:2948 0x3ffb6124: handshake message: msglen = 16, type = 20, hslen = 16

D (14837) mbedtls: ssl_msg.c:3085 0x3ffb6124: sole handshake fragment: 16, 0..16 of 16

I (14837) mbedtls: ssl_msg.c:4112 0x3ffb6124: <= read record

D (14837) mbedtls: ssl_misc.h:1295 0x3ffb6124: handshake state: 13 (MBEDTLS_SSL_SERVER_FINISHED) -> 14 (MBEDTLS_SSL_FLUSH_BUFFERS)

I (14837) mbedtls: ssl_tls.c:7571 0x3ffb6124: <= parse finished

I (14837) mbedtls: ssl_msg.c:2063 0x3ffb6124: => flush output

I (14837) mbedtls: ssl_msg.c:2072 0x3ffb6124: <= flush output

I (14837) mbedtls: ssl_tls.c:4201 0x3ffb6124: client state: MBEDTLS_SSL_FLUSH_BUFFERS

I (14837) mbedtls: ssl_tls12_client.c:3031 0x3ffb6124: handshake: done

D (14837) mbedtls: ssl_misc.h:1295 0x3ffb6124: handshake state: 14 (MBEDTLS_SSL_FLUSH_BUFFERS) -> 15 (MBEDTLS_SSL_HANDSHAKE_WRAPUP)

I (14837) mbedtls: ssl_msg.c:2063 0x3ffb6124: => flush output

I (14837) mbedtls: ssl_msg.c:2072 0x3ffb6124: <= flush output

I (14837) mbedtls: ssl_tls.c:4201 0x3ffb6124: client state: MBEDTLS_SSL_HANDSHAKE_WRAPUP

D (14837) mbedtls: ssl_tls.c:7322 0x3ffb6124: => handshake wrapup

D (14837) mbedtls: ssl_tls.c:7296 0x3ffb6124: => handshake wrapup: final free

D (14837) mbedtls: ssl_tls.c:7315 0x3ffb6124: <= handshake wrapup: final free

D (14837) mbedtls: ssl_misc.h:1295 0x3ffb6124: handshake state: 15 (MBEDTLS_SSL_HANDSHAKE_WRAPUP) -> 27 (MBEDTLS_SSL_HANDSHAKE_OVER)

D (14837) mbedtls: ssl_tls.c:7376 0x3ffb6124: <= handshake wrapup

I (14837) mbedtls: ssl_tls.c:4293 0x3ffb6124: <= handshake

[phase-a] tcp_connect=2430 us | tls_handshake=323022 us | total=325452 us
[neg] version=TLSv1.2 suite=TLS-ECDHE-ECDSA-WITH-AES-256-GCM-SHA384 peer_cert=0 bytes
[mem] post-handshake         free=220268 largest=110592 min-ever=210552
[ledger] HANDSHAKE_PEAK_DELTA(EC) = 0 bytes (min-ever 210552 -> 210552)
I (14837) mbedtls: ssl_msg.c:5925 0x3ffb6124: => write

I (14837) mbedtls: ssl_msg.c:2654 0x3ffb6124: => write record

I (14837) mbedtls: ssl_msg.c:808 0x3ffb6124: => encrypt buf

D (14837) mbedtls: ssl_msg.c:1036 0x3ffb6124: before encrypt: msglen = 13, including 0 bytes of padding

I (14837) mbedtls: ssl_msg.c:1265 0x3ffb6124: <= encrypt buf

D (14837) mbedtls: ssl_msg.c:2737 0x3ffb6124: output record: msgtype = 23, version = [3:3], msglen = 37

I (14837) mbedtls: ssl_msg.c:2063 0x3ffb6124: => flush output

I (14837) mbedtls: ssl_msg.c:2077 0x3ffb6124: message length: 42, out_left: 42

I (14837) mbedtls: ssl_msg.c:2084 0x3ffb6124: ssl->f_send() returned 42 (-0xffffffd6)

I (14837) mbedtls: ssl_msg.c:2111 0x3ffb6124: <= flush output

I (14837) mbedtls: ssl_msg.c:2790 0x3ffb6124: <= write record

I (14837) mbedtls: ssl_msg.c:5947 0x3ffb6124: <= write

I (14837) mbedtls: ssl_msg.c:5663 0x3ffb6124: => read

I (14837) mbedtls: ssl_msg.c:4040 0x3ffb6124: => read record

I (14837) mbedtls: ssl_msg.c:1865 0x3ffb6124: => fetch input

I (14837) mbedtls: ssl_msg.c:2005 0x3ffb6124: in_left: 0, nb_want: 5

[mem-tick] t=   13383 ms phase=session      free=220268
[mem-tick] t=   13483 ms phase=session      free=220268
[mem-tick] t=   13583 ms phase=session      free=220268
[mem-tick] t=   13683 ms phase=session      free=220268
[mem-tick] t=   13783 ms phase=session      free=220268
[mem-tick] t=   13883 ms phase=session      free=220268
[mem-tick] t=   13983 ms phase=session      free=220268
[mem-tick] t=   14083 ms phase=session      free=220268
[mem-tick] t=   14183 ms phase=session      free=220268
[mem-tick] t=   14283 ms phase=session      free=220268
[mem-tick] t=   14383 ms phase=session      free=220268
[mem-tick] t=   14483 ms phase=session      free=220268
[mem-tick] t=   14583 ms phase=session      free=220268
[mem-tick] t=   14683 ms phase=session      free=220268
[mem-tick] t=   14783 ms phase=session      free=220268
[mem-tick] t=   14883 ms phase=session      free=220268
[mem-tick] t=   14983 ms phase=session      free=220268
[mem-tick] t=   15083 ms phase=session      free=220268
[mem-tick] t=   15183 ms phase=session      free=220268
[mem-tick] t=   15283 ms phase=session      free=220268
[mem-tick] t=   15383 ms phase=session      free=220268
[mem-tick] t=   15483 ms phase=session      free=220268
[mem-tick] t=   15583 ms phase=session      free=220268
[mem-tick] t=   15683 ms phase=session      free=220268
[mem-tick] t=   15783 ms phase=session      free=220268
[mem-tick] t=   15883 ms phase=session      free=220268
[mem-tick] t=   15983 ms phase=session      free=220268
[mem-tick] t=   16083 ms phase=session      free=220268
[mem-tick] t=   16183 ms phase=session      free=220268
[mem-tick] t=   16283 ms phase=session      free=220268
[mem-tick] t=   16383 ms phase=session      free=220268
[mem-tick] t=   16483 ms phase=session      free=220268
[mem-tick] t=   16583 ms phase=session      free=220268
[mem-tick] t=   16683 ms phase=session      free=220268
[mem-tick] t=   16783 ms phase=session      free=220268
[mem-tick] t=   16883 ms phase=session      free=220268
[mem-tick] t=   16983 ms phase=session      free=220268
[mem-tick] t=   17083 ms phase=session      free=220268
[mem-tick] t=   17183 ms phase=session      free=220268
[mem-tick] t=   17283 ms phase=session      free=220268
[mem-tick] t=   17383 ms phase=session      free=220268
[mem-tick] t=   17483 ms phase=session      free=220268
[mem-tick] t=   17583 ms phase=session      free=220268
[mem-tick] t=   17683 ms phase=session      free=220268
[mem-tick] t=   17783 ms phase=session      free=220268
[mem-tick] t=   17883 ms phase=session      free=220268
[mem-tick] t=   17983 ms phase=session      free=220268
[mem-tick] t=   18083 ms phase=session      free=220268
[mem-tick] t=   18183 ms phase=session      free=220268
[mem-tick] t=   18283 ms phase=session      free=220268
[mem-tick] t=   18383 ms phase=session      free=220268
[mem-tick] t=   18483 ms phase=session      free=220268
[mem-tick] t=   18583 ms phase=session      free=220268
[mem-tick] t=   18683 ms phase=session      free=220268
[mem-tick] t=   18783 ms phase=session      free=220268
[mem-tick] t=   18883 ms phase=session      free=220268
[mem-tick] t=   18983 ms phase=session      free=220268
[mem-tick] t=   19083 ms phase=session      free=220268
[mem-tick] t=   19183 ms phase=session      free=220268
[mem-tick] t=   19283 ms phase=session      free=220268
[mem-tick] t=   19383 ms phase=session      free=220268
[mem-tick] t=   19483 ms phase=session      free=220268
[mem-tick] t=   19583 ms phase=session      free=220268
[mem-tick] t=   19683 ms phase=session      free=220268
[mem-tick] t=   19783 ms phase=session      free=220268
[mem-tick] t=   19883 ms phase=session      free=220268
[mem-tick] t=   19983 ms phase=session      free=220268
[mem-tick] t=   20083 ms phase=session      free=220268
[mem-tick] t=   20183 ms phase=session      free=220268
[mem-tick] t=   20283 ms phase=session      free=220268
[mem-tick] t=   20383 ms phase=session      free=220268
[mem-tick] t=   20483 ms phase=session      free=220268
[mem-tick] t=   20583 ms phase=session      free=220268
[mem-tick] t=   20683 ms phase=session      free=220268
[mem-tick] t=   20783 ms phase=session      free=220268
[mem-tick] t=   20883 ms phase=session      free=220268
[mem-tick] t=   20983 ms phase=session      free=220268
[mem-tick] t=   21083 ms phase=session      free=220268
[mem-tick] t=   21183 ms phase=session      free=220268
[mem-tick] t=   21283 ms phase=session      free=220268
[mem-tick] t=   21383 ms phase=session      free=220268
[mem-tick] t=   21483 ms phase=session      free=220268
[mem-tick] t=   21583 ms phase=session      free=220268
[mem-tick] t=   21683 ms phase=session      free=220268
[mem-tick] t=   21783 ms phase=session      free=220268
[mem-tick] t=   21883 ms phase=session      free=220268
[mem-tick] t=   21983 ms phase=session      free=220268
[mem-tick] t=   22083 ms phase=session      free=220268
[mem-tick] t=   22183 ms phase=session      free=220268
[mem-tick] t=   22283 ms phase=session      free=220268
[mem-tick] t=   22383 ms phase=session      free=220268
[mem-tick] t=   22483 ms phase=session      free=220268
[mem-tick] t=   22583 ms phase=session      free=220268
[mem-tick] t=   22683 ms phase=session      free=220268
[mem-tick] t=   22783 ms phase=session      free=220268
[mem-tick] t=   22883 ms phase=session      free=220268
[mem-tick] t=   22983 ms phase=session      free=220268
[mem-tick] t=   23083 ms phase=session      free=220268
[mem-tick] t=   23183 ms phase=session      free=220268
[mem-tick] t=   23283 ms phase=session      free=220268
I (24837) mbedtls: ssl_msg.c:2025 0x3ffb6124: in_left: 0, nb_want: 5

[echo] read r=-26880
[mem] post-session           free=220268 largest=110592 min-ever=210552
[mem-tick] t=   23383 ms phase=closing      free=246184
[mem-tick] t=   23483 ms phase=closing      free=246184
[mem-tick] t=   23583 ms phase=closing      free=246204
[mem-tick] t=   23683 ms phase=closing      free=246204
[mem-tick] t=   23783 ms phase=closing      free=246204
[ledger] CLOSED(EC): free now=246204, before-this-phase=246204, retained=0
[mem-tick] t=   23883 ms phase=EC-settled   free=246204
[mem-tick] t=   23983 ms phase=EC-settled   free=246204
[mem-tick] t=   24083 ms phase=EC-settled   free=246204
[mem-tick] t=   24183 ms phase=EC-settled   free=246204
[mem] settled                free=246204 largest=110592 min-ever=210552

===== PHASE D: throughput plain-vs-tls (3 rounds interleaved, 1024B x 2048 msgs each) =====
W (25737) esp-tls-mbedtls: skip_common_name=true: hostname matching and SNI disabled. This disables ALL server-name authentication (CN/SAN/SNI), not just CN. Only intended for loopback / debug clients.
D (25737) esp-tls: handshake in progress...
I (25737) mbedtls: ssl_tls.c:4282 0x3ffb6124: => handshake

I (25737) mbedtls: ssl_msg.c:2063 0x3ffb6124: => flush output

I (25737) mbedtls: ssl_msg.c:2072 0x3ffb6124: <= flush output

I (25737) mbedtls: ssl_tls.c:4201 0x3ffb6124: client state: MBEDTLS_SSL_HELLO_REQUEST

D (25737) mbedtls: ssl_misc.h:1295 0x3ffb6124: handshake state: 0 (MBEDTLS_SSL_HELLO_REQUEST) -> 1 (MBEDTLS_SSL_CLIENT_HELLO)

I (25737) mbedtls: ssl_msg.c:2063 0x3ffb6124: => flush output

I (25737) mbedtls: ssl_msg.c:2072 0x3ffb6124: <= flush output

I (25737) mbedtls: ssl_tls.c:4201 0x3ffb6124: client state: MBEDTLS_SSL_CLIENT_HELLO

I (25737) mbedtls: ssl_client.c:917 0x3ffb6124: => write client hello

D (25737) mbedtls: ssl_client.c:722 0x3ffb6124: client hello, current time: 24

D (25737) mbedtls: ssl_client.c:485 0x3ffb6124: dumping 'client hello, random bytes' (32 bytes)

D (25737) mbedtls: ssl_client.c:485 0x3ffb6124: 0000:  00 00 00 18 e8 7e 32 b9 b3 25 54 01 1f 4c 8e 19  .....~2..%T..L..

D (25737) mbedtls: ssl_client.c:485 0x3ffb6124: 0010:  a2 f7 53 b0 67 24 ba ff 31 6c 4f ef 55 16 17 76  ..S.g$..1lO.U..v

D (25737) mbedtls: ssl_client.c:510 0x3ffb6124: dumping 'session id' (0 bytes)

D (25737) mbedtls: ssl_client.c:368 0x3ffb6124: client hello, add ciphersuite: c02c, TLS-ECDHE-ECDSA-WITH-AES-256-GCM-SHA384

D (25737) mbedtls: ssl_client.c:368 0x3ffb6124: client hello, add ciphersuite: c030, TLS-ECDHE-RSA-WITH-AES-256-GCM-SHA384

D (25737) mbedtls: ssl_client.c:368 0x3ffb6124: client hello, add ciphersuite: c0ad, TLS-ECDHE-ECDSA-WITH-AES-256-CCM

D (25737) mbedtls: ssl_client.c:368 0x3ffb6124: client hello, add ciphersuite: c024, TLS-ECDHE-ECDSA-WITH-AES-256-CBC-SHA384

D (25737) mbedtls: ssl_client.c:368 0x3ffb6124: client hello, add ciphersuite: c028, TLS-ECDHE-RSA-WITH-AES-256-CBC-SHA384

D (25737) mbedtls: ssl_client.c:368 0x3ffb6124: client hello, add ciphersuite: c00a, TLS-ECDHE-ECDSA-WITH-AES-256-CBC-SHA

D (25737) mbedtls: ssl_client.c:368 0x3ffb6124: client hello, add ciphersuite: c014, TLS-ECDHE-RSA-WITH-AES-256-CBC-SHA

D (25737) mbedtls: ssl_client.c:368 0x3ffb6124: client hello, add ciphersuite: c0af, TLS-ECDHE-ECDSA-WITH-AES-256-CCM-8

D (25737) mbedtls: ssl_client.c:368 0x3ffb6124: client hello, add ciphersuite: c02b, TLS-ECDHE-ECDSA-WITH-AES-128-GCM-SHA256

D (25737) mbedtls: ssl_client.c:368 0x3ffb6124: client hello, add ciphersuite: c02f, TLS-ECDHE-RSA-WITH-AES-128-GCM-SHA256

D (25737) mbedtls: ssl_client.c:368 0x3ffb6124: client hello, add ciphersuite: c0ac, TLS-ECDHE-ECDSA-WITH-AES-128-CCM

D (25737) mbedtls: ssl_client.c:368 0x3ffb6124: client hello, add ciphersuite: c023, TLS-ECDHE-ECDSA-WITH-AES-128-CBC-SHA256

D (25737) mbedtls: ssl_client.c:368 0x3ffb6124: client hello, add ciphersuite: c027, TLS-ECDHE-RSA-WITH-AES-128-CBC-SHA256

D (25737) mbedtls: ssl_client.c:368 0x3ffb6124: client hello, add ciphersuite: c009, TLS-ECDHE-ECDSA-WITH-AES-128-CBC-SHA

D (25737) mbedtls: ssl_client.c:368 0x3ffb6124: client hello, add ciphersuite: c013, TLS-ECDHE-RSA-WITH-AES-128-CBC-SHA

D (25737) mbedtls: ssl_client.c:368 0x3ffb6124: client hello, add ciphersuite: c0ae, TLS-ECDHE-ECDSA-WITH-AES-128-CCM-8

D (25737) mbedtls: ssl_client.c:386 0x3ffb6124: adding EMPTY_RENEGOTIATION_INFO_SCSV

D (25747) mbedtls: ssl_client.c:395 0x3ffb6124: client hello, got 17 cipher suites

D (25747) mbedtls: ssl_client.c:229 0x3ffb6124: client hello, adding supported_groups extension

D (25747) mbedtls: ssl_client.c:248 0x3ffb6124: got supported group(001d)

D (25747) mbedtls: ssl_client.c:280 0x3ffb6124: NamedGroup: x25519 ( 1d )

D (25747) mbedtls: ssl_client.c:248 0x3ffb6124: got supported group(0017)

D (25747) mbedtls: ssl_client.c:280 0x3ffb6124: NamedGroup: secp256r1 ( 17 )

D (25747) mbedtls: ssl_client.c:248 0x3ffb6124: got supported group(0018)

D (25747) mbedtls: ssl_client.c:280 0x3ffb6124: NamedGroup: secp384r1 ( 18 )

D (25747) mbedtls: ssl_client.c:248 0x3ffb6124: got supported group(001e)

D (25747) mbedtls: ssl_client.c:280 0x3ffb6124: NamedGroup: x448 ( 1e )

D (25747) mbedtls: ssl_client.c:248 0x3ffb6124: got supported group(0019)

D (25747) mbedtls: ssl_client.c:280 0x3ffb6124: NamedGroup: secp521r1 ( 19 )

D (25747) mbedtls: ssl_client.c:248 0x3ffb6124: got supported group(001a)

D (25747) mbedtls: ssl_client.c:280 0x3ffb6124: NamedGroup: bp256r1 ( 1a )

D (25747) mbedtls: ssl_client.c:248 0x3ffb6124: got supported group(001b)

D (25747) mbedtls: ssl_client.c:280 0x3ffb6124: NamedGroup: bp384r1 ( 1b )

D (25747) mbedtls: ssl_client.c:248 0x3ffb6124: got supported group(001c)

D (25747) mbedtls: ssl_client.c:280 0x3ffb6124: NamedGroup: bp512r1 ( 1c )

D (25747) mbedtls: ssl_client.c:248 0x3ffb6124: got supported group(0100)

D (25747) mbedtls: ssl_client.c:248 0x3ffb6124: got supported group(0101)

D (25747) mbedtls: ssl_client.c:248 0x3ffb6124: got supported group(0102)

D (25747) mbedtls: ssl_client.c:248 0x3ffb6124: got supported group(0103)

D (25747) mbedtls: ssl_client.c:248 0x3ffb6124: got supported group(0104)

D (25747) mbedtls: ssl_client.c:300 0x3ffb6124: dumping 'Supported groups extension' (18 bytes)

D (25747) mbedtls: ssl_client.c:300 0x3ffb6124: 0000:  00 10 00 1d 00 17 00 18 00 1e 00 19 00 1a 00 1b  ................

D (25747) mbedtls: ssl_client.c:300 0x3ffb6124: 0010:  00 1c                                            ..

D (25747) mbedtls: ssl_tls.c:8276 0x3ffb6124: adding signature_algorithms extension

D (25747) mbedtls: ssl_tls.c:8296 0x3ffb6124: got signature scheme [603] ecdsa_secp521r1_sha512

D (25747) mbedtls: ssl_tls.c:8305 0x3ffb6124: sent signature scheme [603] ecdsa_secp521r1_sha512

D (25747) mbedtls: ssl_tls.c:8296 0x3ffb6124: got signature scheme [806] rsa_pss_rsae_sha512

D (25747) mbedtls: ssl_tls.c:8296 0x3ffb6124: got signature scheme [601] rsa_pkcs1_sha512

D (25747) mbedtls: ssl_tls.c:8305 0x3ffb6124: sent signature scheme [601] rsa_pkcs1_sha512

D (25747) mbedtls: ssl_tls.c:8296 0x3ffb6124: got signature scheme [503] ecdsa_secp384r1_sha384

D (25747) mbedtls: ssl_tls.c:8305 0x3ffb6124: sent signature scheme [503] ecdsa_secp384r1_sha384

D (25747) mbedtls: ssl_tls.c:8296 0x3ffb6124: got signature scheme [805] rsa_pss_rsae_sha384

D (25747) mbedtls: ssl_tls.c:8296 0x3ffb6124: got signature scheme [501] rsa_pkcs1_sha384

D (25747) mbedtls: ssl_tls.c:8305 0x3ffb6124: sent signature scheme [501] rsa_pkcs1_sha384

D (25747) mbedtls: ssl_tls.c:8296 0x3ffb6124: got signature scheme [403] ecdsa_secp256r1_sha256

D (25747) mbedtls: ssl_tls.c:8305 0x3ffb6124: sent signature scheme [403] ecdsa_secp256r1_sha256

D (25747) mbedtls: ssl_tls.c:8296 0x3ffb6124: got signature scheme [804] rsa_pss_rsae_sha256

D (25747) mbedtls: ssl_tls.c:8296 0x3ffb6124: got signature scheme [401] rsa_pkcs1_sha256

D (25747) mbedtls: ssl_tls.c:8305 0x3ffb6124: sent signature scheme [401] rsa_pkcs1_sha256

D (25747) mbedtls: ssl_tls12_client.c:103 0x3ffb6124: client hello, adding supported_point_formats extension

D (25747) mbedtls: ssl_tls12_client.c:287 0x3ffb6124: client hello, adding encrypt_then_mac extension

D (25747) mbedtls: ssl_tls12_client.c:319 0x3ffb6124: client hello, adding extended_master_secret extension

D (25747) mbedtls: ssl_tls12_client.c:352 0x3ffb6124: client hello, adding session ticket extension

D (25747) mbedtls: ssl_client.c:687 0x3ffb6124: client hello, total extension length: 58

D (25747) mbedtls: ssl_client.c:689 0x3ffb6124: dumping 'client hello extensions' (58 bytes)

D (25747) mbedtls: ssl_client.c:689 0x3ffb6124: 0000:  00 3a 00 0a 00 12 00 10 00 1d 00 17 00 18 00 1e  .:..............

D (25747) mbedtls: ssl_client.c:689 0x3ffb6124: 0010:  00 19 00 1a 00 1b 00 1c 00 0d 00 0e 00 0c 06 03  ................

D (25747) mbedtls: ssl_client.c:689 0x3ffb6124: 0020:  06 01 05 03 05 01 04 03 04 01 00 0b 00 02 01 00  ................

D (25747) mbedtls: ssl_client.c:689 0x3ffb6124: 0030:  00 16 00 00 00 17 00 00 00 23                    .........#

I (25747) mbedtls: ssl_msg.c:2494 0x3ffb6124: => write handshake message

I (25747) mbedtls: ssl_msg.c:2654 0x3ffb6124: => write record

D (25747) mbedtls: ssl_msg.c:2737 0x3ffb6124: output record: msgtype = 22, version = [3:3], msglen = 137

I (25747) mbedtls: ssl_msg.c:2790 0x3ffb6124: <= write record

I (25747) mbedtls: ssl_msg.c:2615 0x3ffb6124: <= write handshake message

D (25747) mbedtls: ssl_misc.h:1295 0x3ffb6124: handshake state: 1 (MBEDTLS_SSL_CLIENT_HELLO) -> 2 (MBEDTLS_SSL_SERVER_HELLO)

I (25747) mbedtls: ssl_client.c:1010 0x3ffb6124: <= write client hello

I (25747) mbedtls: ssl_msg.c:2063 0x3ffb6124: => flush output

I (25747) mbedtls: ssl_msg.c:2077 0x3ffb6124: message length: 142, out_left: 142

I (25747) mbedtls: ssl_msg.c:2084 0x3ffb6124: ssl->f_send() returned 142 (-0xffffff72)

I (25747) mbedtls: ssl_msg.c:2111 0x3ffb6124: <= flush output

I (25747) mbedtls: ssl_tls.c:4201 0x3ffb6124: client state: MBEDTLS_SSL_SERVER_HELLO

I (25747) mbedtls: ssl_tls12_client.c:1151 0x3ffb6124: => parse server hello

I (25757) mbedtls: ssl_msg.c:4040 0x3ffb6124: => read record

I (25757) mbedtls: ssl_msg.c:1865 0x3ffb6124: => fetch input

I (25757) mbedtls: ssl_msg.c:2005 0x3ffb6124: in_left: 0, nb_want: 5

I (25757) mbedtls: ssl_msg.c:2025 0x3ffb6124: in_left: 0, nb_want: 5

I (25757) mbedtls: ssl_msg.c:2028 0x3ffb6124: ssl->f_recv(_timeout)() returned 5 (-0xfffffffb)

I (25757) mbedtls: ssl_msg.c:2050 0x3ffb6124: <= fetch input

D (25757) mbedtls: ssl_msg.c:3707 0x3ffb6124: input record: msgtype = 22, version = [0x303], msglen = 65

I (25757) mbedtls: ssl_msg.c:1865 0x3ffb6124: => fetch input

I (25757) mbedtls: ssl_msg.c:2005 0x3ffb6124: in_left: 5, nb_want: 70

I (25757) mbedtls: ssl_msg.c:2025 0x3ffb6124: in_left: 5, nb_want: 70

I (25757) mbedtls: ssl_msg.c:2028 0x3ffb6124: ssl->f_recv(_timeout)() returned 65 (-0xffffffbf)

I (25757) mbedtls: ssl_msg.c:2050 0x3ffb6124: <= fetch input

D (25757) mbedtls: ssl_msg.c:2948 0x3ffb6124: handshake message: msglen = 65, type = 2, hslen = 65

D (25757) mbedtls: ssl_msg.c:3085 0x3ffb6124: sole handshake fragment: 65, 0..65 of 65

I (25757) mbedtls: ssl_msg.c:4112 0x3ffb6124: <= read record

D (25757) mbedtls: ssl_tls12_client.c:1225 0x3ffb6124: dumping 'server hello, version' (2 bytes)

D (25757) mbedtls: ssl_tls12_client.c:1225 0x3ffb6124: 0000:  03 03                                            ..

D (25757) mbedtls: ssl_tls12_client.c:1246 0x3ffb6124: server hello, current time: 3371174397

D (25757) mbedtls: ssl_tls12_client.c:1256 0x3ffb6124: dumping 'server hello, random bytes' (32 bytes)

D (25757) mbedtls: ssl_tls12_client.c:1256 0x3ffb6124: 0000:  c8 f0 09 fd 97 e0 db a6 42 c7 20 d3 b5 43 7c 88  ........B. ..C|.

D (25757) mbedtls: ssl_tls12_client.c:1256 0x3ffb6124: 0010:  53 58 a1 2d ed 1c 16 4b 91 1f 56 a0 ca 59 06 c4  SX.-...K..V..Y..

D (25757) mbedtls: ssl_tls12_client.c:1318 0x3ffb6124: server hello, session id len.: 0

D (25757) mbedtls: ssl_tls12_client.c:1319 0x3ffb6124: dumping 'server hello, session id' (0 bytes)

D (25757) mbedtls: ssl_misc.h:1295 0x3ffb6124: handshake state: 2 (MBEDTLS_SSL_SERVER_HELLO) -> 3 (MBEDTLS_SSL_SERVER_CERTIFICATE)

D (25757) mbedtls: ssl_tls12_client.c:1343 0x3ffb6124: no session has been resumed

D (25757) mbedtls: ssl_tls12_client.c:1346 0x3ffb6124: server hello, chosen ciphersuite: c030

D (25757) mbedtls: ssl_tls12_client.c:1347 0x3ffb6124: server hello, compress alg.: 0

D (25757) mbedtls: ssl_tls12_client.c:1382 0x3ffb6124: server hello, chosen ciphersuite: TLS-ECDHE-RSA-WITH-AES-256-GCM-SHA384

I (25757) mbedtls: ssl_tls12_client.c:1403 0x3ffb6124: server hello, total extension length: 21

D (25757) mbedtls: ssl_tls12_client.c:1421 0x3ffb6124: found renegotiation extension

D (25757) mbedtls: ssl_tls12_client.c:1500 0x3ffb6124: found supported_point_formats extension

D (25757) mbedtls: ssl_tls12_client.c:1486 0x3ffb6124: found session_ticket extension

D (25757) mbedtls: ssl_tls12_client.c:1473 0x3ffb6124: found extended_master_secret extension

I (25757) mbedtls: ssl_tls12_client.c:1617 0x3ffb6124: <= parse server hello

I (25757) mbedtls: ssl_msg.c:2063 0x3ffb6124: => flush output

I (25757) mbedtls: ssl_msg.c:2072 0x3ffb6124: <= flush output

I (25757) mbedtls: ssl_tls.c:4201 0x3ffb6124: client state: MBEDTLS_SSL_SERVER_CERTIFICATE

I (25757) mbedtls: ssl_tls.c:7077 0x3ffb6124: => parse certificate

I (25757) mbedtls: ssl_msg.c:4040 0x3ffb6124: => read record

I (25757) mbedtls: ssl_msg.c:1865 0x3ffb6124: => fetch input

I (25757) mbedtls: ssl_msg.c:2005 0x3ffb6124: in_left: 0, nb_want: 5

I (25757) mbedtls: ssl_msg.c:2025 0x3ffb6124: in_left: 0, nb_want: 5

I (25757) mbedtls: ssl_msg.c:2028 0x3ffb6124: ssl->f_recv(_timeout)() returned 5 (-0xfffffffb)

I (25757) mbedtls: ssl_msg.c:2050 0x3ffb6124: <= fetch input

D (25757) mbedtls: ssl_msg.c:3707 0x3ffb6124: input record: msgtype = 22, version = [0x303], msglen = 791

I (25757) mbedtls: ssl_msg.c:1865 0x3ffb6124: => fetch input

I (25757) mbedtls: ssl_msg.c:2005 0x3ffb6124: in_left: 5, nb_want: 796

I (25757) mbedtls: ssl_msg.c:2025 0x3ffb6124: in_left: 5, nb_want: 796

I (25757) mbedtls: ssl_msg.c:2028 0x3ffb6124: ssl->f_recv(_timeout)() returned 791 (-0xfffffce9)

I (25757) mbedtls: ssl_msg.c:2050 0x3ffb6124: <= fetch input

D (25757) mbedtls: ssl_msg.c:2948 0x3ffb6124: handshake message: msglen = 791, type = 11, hslen = 791

D (25757) mbedtls: ssl_msg.c:3085 0x3ffb6124: sole handshake fragment: 791, 0..791 of 791

I (25767) mbedtls: ssl_msg.c:4112 0x3ffb6124: <= read record

D (25767) mbedtls: ssl_tls.c:6952 0x3ffb6124: peer certificate #1:

D (25767) mbedtls: ssl_tls.c:6952 0x3ffb6124: cert. version     : 3

D (25767) mbedtls: ssl_tls.c:6952 0x3ffb6124: serial number     : 77:66:A5:9D:AF:14:9E:F2:03:F7:3C:2B:1A:5C:81:86:F8:A3:4E:52

D (25767) mbedtls: ssl_tls.c:6952 0x3ffb6124: issuer name       : CN=localhost

D (25767) mbedtls: ssl_tls.c:6952 0x3ffb6124: subject name      : CN=localhost

D (25767) mbedtls: ssl_tls.c:6952 0x3ffb6124: issued  on        : 2026-08-26 20:20:30

D (25767) mbedtls: ssl_tls.c:6952 0x3ffb6124: expires on        : 2026-09-25 20:20:30

D (25767) mbedtls: ssl_tls.c:6952 0x3ffb6124: signed using      : RSA with SHA-256

D (25767) mbedtls: ssl_tls.c:6952 0x3ffb6124: RSA key size      : 2048 bits

D (25767) mbedtls: ssl_tls.c:6952 0x3ffb6124: basic constraints : CA=true

D (25767) mbedtls: ssl_tls.c:6952 0x3ffb6124: dumping 'crt->PK' (270 bytes)

D (25767) mbedtls: ssl_tls.c:6952 0x3ffb6124: 0000:  30 82 01 0a 02 82 01 01 00 dd 03 19 3e 8f 4a 05

D (25767) mbedtls: ssl_tls.c:6952 0x3ffb6124: 0010:  9c d6 74 e1 46 bc 40 7a 7e af 78 09 38 f6 d0 1c

D (25767) mbedtls: ssl_tls.c:6952 0x3ffb6124: 0020:  9d e4 2b 18 4c a1 87 f6 83 55 82 2d e0 21 fb b2

D (25767) mbedtls: ssl_tls.c:6952 0x3ffb6124: 0030:  00 2f 9b 98 36 24 73 47 a2 11 bb 50 05 1c 9e 40

D (25767) mbedtls: ssl_tls.c:6952 0x3ffb6124: 0040:  41 c9 de 81 7e a1 eb 82 48 35 d0 51 24 0d 22 bd

D (25767) mbedtls: ssl_tls.c:6952 0x3ffb6124: 0050:  7e c7 0b 60 74 e2 60 3e 76 de c1 3d b5 9f e9 d2

D (25767) mbedtls: ssl_tls.c:6952 0x3ffb6124: 0060:  ac 90 d3 84 2a 75 7c 41 8a 11 14 c8 bc 09 7b 9d

D (25767) mbedtls: ssl_tls.c:6952 0x3ffb6124: 0070:  45 54 95 c1 50 05 be f1 34 c0 05 55 f5 a2 b3 a8

D (25767) mbedtls: ssl_tls.c:6952 0x3ffb6124: 0080:  24 f6 ab 22 df 72 97 ef b5 8f e4 fe 49 be 4f c1

D (25767) mbedtls: ssl_tls.c:6952 0x3ffb6124: 0090:  08 e0 39 7a cd ba 74 2e d1 20 74 ad 6b 59 ab 86

D (25767) mbedtls: ssl_tls.c:6952 0x3ffb6124: 00a0:  5d 29 ab 81 f0 c1 22 3f 01 b9 0b a1 fb ee 70 9f

D (25767) mbedtls: ssl_tls.c:6952 0x3ffb6124: 00b0:  eb 29 5e 9f 1d 6a 0d dc 65 fd 5e 5d 38 0c 1a c3

D (25767) mbedtls: ssl_tls.c:6952 0x3ffb6124: 00c0:  ae b7 b7 2f 66 23 82 80 ab 7d 69 7c 8f 95 ab e8

D (25767) mbedtls: ssl_tls.c:6952 0x3ffb6124: 00d0:  c0 4d 21 42 7d 78 c8 25 8b 60 f6 0d 87 c9 f4 df

D (25767) mbedtls: ssl_tls.c:6952 0x3ffb6124: 00e0:  36 bf 16 7c 59 16 d1 09 ec 17 67 cf 5d 9f 8f 78

D (25767) mbedtls: ssl_tls.c:6952 0x3ffb6124: 00f0:  8c 3d d0 02 18 d5 bc a7 19 f4 51 fe 1d b3 20 40

D (25767) mbedtls: ssl_tls.c:6952 0x3ffb6124: 0100:  67 7e 3a cc 30 f3 8d a0 ef 02 03 01 00 01      

I (25767) mbedtls: ssl_tls.c:7191 0x3ffb6124: <= parse certificate

D (25767) mbedtls: ssl_misc.h:1295 0x3ffb6124: handshake state: 3 (MBEDTLS_SSL_SERVER_CERTIFICATE) -> 4 (MBEDTLS_SSL_SERVER_KEY_EXCHANGE)

I (25767) mbedtls: ssl_msg.c:2063 0x3ffb6124: => flush output

I (25767) mbedtls: ssl_msg.c:2072 0x3ffb6124: <= flush output

I (25767) mbedtls: ssl_tls.c:4201 0x3ffb6124: client state: MBEDTLS_SSL_SERVER_KEY_EXCHANGE

I (25767) mbedtls: ssl_tls12_client.c:1831 0x3ffb6124: => parse server key exchange

I (25767) mbedtls: ssl_msg.c:4040 0x3ffb6124: => read record

I (25767) mbedtls: ssl_msg.c:1865 0x3ffb6124: => fetch input

I (25767) mbedtls: ssl_msg.c:2005 0x3ffb6124: in_left: 0, nb_want: 5

I (25767) mbedtls: ssl_msg.c:2025 0x3ffb6124: in_left: 0, nb_want: 5

I (25767) mbedtls: ssl_msg.c:2028 0x3ffb6124: ssl->f_recv(_timeout)() returned 5 (-0xfffffffb)

I (25767) mbedtls: ssl_msg.c:2050 0x3ffb6124: <= fetch input

D (25767) mbedtls: ssl_msg.c:3707 0x3ffb6124: input record: msgtype = 22, version = [0x303], msglen = 300

I (25777) mbedtls: ssl_msg.c:1865 0x3ffb6124: => fetch input

I (25777) mbedtls: ssl_msg.c:2005 0x3ffb6124: in_left: 5, nb_want: 305

I (25777) mbedtls: ssl_msg.c:2025 0x3ffb6124: in_left: 5, nb_want: 305

I (25777) mbedtls: ssl_msg.c:2028 0x3ffb6124: ssl->f_recv(_timeout)() returned 300 (-0xfffffed4)

I (25777) mbedtls: ssl_msg.c:2050 0x3ffb6124: <= fetch input

D (25777) mbedtls: ssl_msg.c:2948 0x3ffb6124: handshake message: msglen = 300, type = 12, hslen = 300

D (25777) mbedtls: ssl_msg.c:3085 0x3ffb6124: sole handshake fragment: 300, 0..300 of 300

I (25777) mbedtls: ssl_msg.c:4112 0x3ffb6124: <= read record

D (25777) mbedtls: ssl_tls12_client.c:1885 0x3ffb6124: dumping 'server key exchange' (296 bytes)

D (25777) mbedtls: ssl_tls12_client.c:1885 0x3ffb6124: 0000:  03 00 1d 20 aa 1e b8 26 5e 9a e8 60 fe 79 b9 7c  ... ...&^..`.y.|

D (25777) mbedtls: ssl_tls12_client.c:1885 0x3ffb6124: 0010:  dc 1c 45 2b f6 a1 c5 1e 75 40 31 c0 bb e0 95 9c  ..E+....u@1.....

D (25777) mbedtls: ssl_tls12_client.c:1885 0x3ffb6124: 0020:  29 cc 19 4d 06 01 01 00 6f a8 5d 03 04 bd f5 db  )..M....o.].....

D (25777) mbedtls: ssl_tls12_client.c:1885 0x3ffb6124: 0030:  58 03 79 49 77 e2 96 4b 47 df 8f 44 08 ea 6d 58  X.yIw..KG..D..mX

D (25777) mbedtls: ssl_tls12_client.c:1885 0x3ffb6124: 0040:  df 98 3e 1b 6d fb 47 c8 8c d2 8e 88 2b cc 08 2d  ..>.m.G.....+..-

D (25777) mbedtls: ssl_tls12_client.c:1885 0x3ffb6124: 0050:  2f 6c 23 fc 8a 4a 49 9c 2b 5e 7d 2b a1 49 c4 9e  /l#..JI.+^}+.I..

D (25777) mbedtls: ssl_tls12_client.c:1885 0x3ffb6124: 0060:  bf eb 0f 42 0f 2f a1 c9 fe 45 ad 41 27 13 ba ec  ...B./...E.A'...

D (25777) mbedtls: ssl_tls12_client.c:1885 0x3ffb6124: 0070:  df 8a a9 cf 7a de 77 0c 70 d8 a6 7b a7 fb b1 86  ....z.w.p..{....

D (25777) mbedtls: ssl_tls12_client.c:1885 0x3ffb6124: 0080:  80 47 ab 07 87 36 27 59 43 c6 41 48 bd 12 4f f1  .G...6'YC.AH..O.

D (25777) mbedtls: ssl_tls12_client.c:1885 0x3ffb6124: 0090:  d7 42 cc c3 8a 65 4e d0 35 c2 d0 1c 0c 7e 81 b8  .B...eN.5....~..

D (25777) mbedtls: ssl_tls12_client.c:1885 0x3ffb6124: 00a0:  6d 3b 69 a3 6e e7 1f 6e 3b 4b 25 c5 e0 6f 5c 0c  m;i.n..n;K%..o\.

D (25777) mbedtls: ssl_tls12_client.c:1885 0x3ffb6124: 00b0:  e4 5a 02 b4 7c 22 79 cc 0c da 56 d7 67 aa 96 cd  .Z..|"y...V.g...

D (25777) mbedtls: ssl_tls12_client.c:1885 0x3ffb6124: 00c0:  b4 38 82 b7 51 f9 6a 4a c5 7e e2 e2 32 61 2b 9d  .8..Q.jJ.~..2a+.

D (25777) mbedtls: ssl_tls12_client.c:1885 0x3ffb6124: 00d0:  65 3a 54 2f f0 43 fb 7e a4 09 cd b0 9b b9 a1 28  e:T/.C.~.......(

D (25777) mbedtls: ssl_tls12_client.c:1885 0x3ffb6124: 00e0:  ed d7 e4 20 f1 db 17 ae 0c 5f a6 cf ad 9b f0 1f  ... ....._......

D (25777) mbedtls: ssl_tls12_client.c:1885 0x3ffb6124: 00f0:  01 93 19 b7 01 43 28 ec 81 90 86 9e 28 37 ba 05  .....C(.....(7..

D (25777) mbedtls: ssl_tls12_client.c:1885 0x3ffb6124: 0100:  ff a6 ce 08 56 5b 8d 59 75 a1 85 6d 66 84 30 e2  ....V[.Yu..mf.0.

D (25777) mbedtls: ssl_tls12_client.c:1885 0x3ffb6124: 0110:  82 b6 74 88 d6 8a 1e d3 04 97 b5 39 9c fc 08 3d  ..t........9...=

D (25777) mbedtls: ssl_tls12_client.c:1885 0x3ffb6124: 0120:  2c 64 19 1d 0c 28 97 68                          ,d...(.h

I (25777) mbedtls: ssl_tls12_client.c:1815 0x3ffb6124: Server used the signature algorithm rsa_pkcs1_sha512

D (25777) mbedtls: ssl_tls12_client.c:2047 0x3ffb6124: dumping 'signature' (256 bytes)

D (25777) mbedtls: ssl_tls12_client.c:2047 0x3ffb6124: 0000:  6f a8 5d 03 04 bd f5 db 58 03 79 49 77 e2 96 4b  o.].....X.yIw..K

D (25777) mbedtls: ssl_tls12_client.c:2047 0x3ffb6124: 0010:  47 df 8f 44 08 ea 6d 58 df 98 3e 1b 6d fb 47 c8  G..D..mX..>.m.G.

D (25777) mbedtls: ssl_tls12_client.c:2047 0x3ffb6124: 0020:  8c d2 8e 88 2b cc 08 2d 2f 6c 23 fc 8a 4a 49 9c  ....+..-/l#..JI.

D (25777) mbedtls: ssl_tls12_client.c:2047 0x3ffb6124: 0030:  2b 5e 7d 2b a1 49 c4 9e bf eb 0f 42 0f 2f a1 c9  +^}+.I.....B./..

D (25777) mbedtls: ssl_tls12_client.c:2047 0x3ffb6124: 0040:  fe 45 ad 41 27 13 ba ec df 8a a9 cf 7a de 77 0c  .E.A'.......z.w.

D (25777) mbedtls: ssl_tls12_client.c:2047 0x3ffb6124: 0050:  70 d8 a6 7b a7 fb b1 86 80 47 ab 07 87 36 27 59  p..{.....G...6'Y

D (25777) mbedtls: ssl_tls12_client.c:2047 0x3ffb6124: 0060:  43 c6 41 48 bd 12 4f f1 d7 42 cc c3 8a 65 4e d0  C.AH..O..B...eN.

D (25777) mbedtls: ssl_tls12_client.c:2047 0x3ffb6124: 0070:  35 c2 d0 1c 0c 7e 81 b8 6d 3b 69 a3 6e e7 1f 6e  5....~..m;i.n..n

D (25777) mbedtls: ssl_tls12_client.c:2047 0x3ffb6124: 0080:  3b 4b 25 c5 e0 6f 5c 0c e4 5a 02 b4 7c 22 79 cc  ;K%..o\..Z..|"y.

D (25777) mbedtls: ssl_tls12_client.c:2047 0x3ffb6124: 0090:  0c da 56 d7 67 aa 96 cd b4 38 82 b7 51 f9 6a 4a  ..V.g....8..Q.jJ

D (25777) mbedtls: ssl_tls12_client.c:2047 0x3ffb6124: 00a0:  c5 7e e2 e2 32 61 2b 9d 65 3a 54 2f f0 43 fb 7e  .~..2a+.e:T/.C.~

D (25777) mbedtls: ssl_tls12_client.c:2047 0x3ffb6124: 00b0:  a4 09 cd b0 9b b9 a1 28 ed d7 e4 20 f1 db 17 ae  .......(... ....

D (25777) mbedtls: ssl_tls12_client.c:2047 0x3ffb6124: 00c0:  0c 5f a6 cf ad 9b f0 1f 01 93 19 b7 01 43 28 ec  ._...........C(.

D (25777) mbedtls: ssl_tls12_client.c:2047 0x3ffb6124: 00d0:  81 90 86 9e 28 37 ba 05 ff a6 ce 08 56 5b 8d 59  ....(7......V[.Y

D (25777) mbedtls: ssl_tls12_client.c:2047 0x3ffb6124: 00e0:  75 a1 85 6d 66 84 30 e2 82 b6 74 88 d6 8a 1e d3  u..mf.0...t.....

D (25777) mbedtls: ssl_tls12_client.c:2047 0x3ffb6124: 00f0:  04 97 b5 39 9c fc 08 3d 2c 64 19 1d 0c 28 97 68  ...9...=,d...(.h

D (25777) mbedtls: ssl_tls.c:8082 0x3ffb6124: Perform PSA-based computation of digest of ServerKeyExchange

D (25777) mbedtls: ssl_tls12_client.c:2064 0x3ffb6124: dumping 'parameters hash' (64 bytes)

D (25787) mbedtls: ssl_tls12_client.c:2064 0x3ffb6124: 0000:  c2 4d 75 9a 4a 8f 42 86 13 30 46 a8 1c 95 76 16  .Mu.J.B..0F...v.

D (25787) mbedtls: ssl_tls12_client.c:2064 0x3ffb6124: 0010:  a8 33 64 52 36 d6 cd 77 0f 41 db 08 98 c6 71 1a  .3dR6..w.A....q.

D (25787) mbedtls: ssl_tls12_client.c:2064 0x3ffb6124: 0020:  65 ee 58 8d 37 cb 6c e4 0d a1 a8 a0 ba e4 17 99  e.X.7.l.........

D (25787) mbedtls: ssl_tls12_client.c:2064 0x3ffb6124: 0030:  20 6e eb d3 48 62 a7 21 b2 a9 5f f6 3a 8f 46 31   n..Hb.!.._.:.F1

D (25797) mbedtls: ssl_misc.h:1295 0x3ffb6124: handshake state: 4 (MBEDTLS_SSL_SERVER_KEY_EXCHANGE) -> 5 (MBEDTLS_SSL_CERTIFICATE_REQUEST)

I (25797) mbedtls: ssl_tls12_client.c:2118 0x3ffb6124: <= parse server key exchange

I (25797) mbedtls: ssl_msg.c:2063 0x3ffb6124: => flush output

I (25797) mbedtls: ssl_msg.c:2072 0x3ffb6124: <= flush output

I (25797) mbedtls: ssl_tls.c:4201 0x3ffb6124: client state: MBEDTLS_SSL_CERTIFICATE_REQUEST

I (25797) mbedtls: ssl_tls12_client.c:2157 0x3ffb6124: => parse certificate request

I (25797) mbedtls: ssl_msg.c:4040 0x3ffb6124: => read record

I (25797) mbedtls: ssl_msg.c:1865 0x3ffb6124: => fetch input

I (25797) mbedtls: ssl_msg.c:2005 0x3ffb6124: in_left: 0, nb_want: 5

I (25797) mbedtls: ssl_msg.c:2025 0x3ffb6124: in_left: 0, nb_want: 5

I (25797) mbedtls: ssl_msg.c:2028 0x3ffb6124: ssl->f_recv(_timeout)() returned 5 (-0xfffffffb)

I (25797) mbedtls: ssl_msg.c:2050 0x3ffb6124: <= fetch input

D (25797) mbedtls: ssl_msg.c:3707 0x3ffb6124: input record: msgtype = 22, version = [0x303], msglen = 4

I (25797) mbedtls: ssl_msg.c:1865 0x3ffb6124: => fetch input

I (25797) mbedtls: ssl_msg.c:2005 0x3ffb6124: in_left: 5, nb_want: 9

I (25797) mbedtls: ssl_msg.c:2025 0x3ffb6124: in_left: 5, nb_want: 9

I (25797) mbedtls: ssl_msg.c:2028 0x3ffb6124: ssl->f_recv(_timeout)() returned 4 (-0xfffffffc)

I (25797) mbedtls: ssl_msg.c:2050 0x3ffb6124: <= fetch input

D (25797) mbedtls: ssl_msg.c:2948 0x3ffb6124: handshake message: msglen = 4, type = 14, hslen = 4

D (25797) mbedtls: ssl_msg.c:3085 0x3ffb6124: sole handshake fragment: 4, 0..4 of 4

I (25797) mbedtls: ssl_msg.c:4112 0x3ffb6124: <= read record

D (25797) mbedtls: ssl_misc.h:1295 0x3ffb6124: handshake state: 5 (MBEDTLS_SSL_CERTIFICATE_REQUEST) -> 6 (MBEDTLS_SSL_SERVER_HELLO_DONE)

D (25797) mbedtls: ssl_tls12_client.c:2183 0x3ffb6124: got no certificate request

I (25797) mbedtls: ssl_tls12_client.c:2319 0x3ffb6124: <= parse certificate request

I (25797) mbedtls: ssl_msg.c:2063 0x3ffb6124: => flush output

I (25797) mbedtls: ssl_msg.c:2072 0x3ffb6124: <= flush output

I (25797) mbedtls: ssl_tls.c:4201 0x3ffb6124: client state: MBEDTLS_SSL_SERVER_HELLO_DONE

I (25797) mbedtls: ssl_tls12_client.c:2330 0x3ffb6124: => parse server hello done

I (25797) mbedtls: ssl_msg.c:4040 0x3ffb6124: => read record

I (25797) mbedtls: ssl_msg.c:4108 0x3ffb6124: reuse previously read message

I (25797) mbedtls: ssl_msg.c:4112 0x3ffb6124: <= read record

D (25797) mbedtls: ssl_misc.h:1295 0x3ffb6124: handshake state: 6 (MBEDTLS_SSL_SERVER_HELLO_DONE) -> 7 (MBEDTLS_SSL_CLIENT_CERTIFICATE)

I (25797) mbedtls: ssl_tls12_client.c:2358 0x3ffb6124: <= parse server hello done

I (25797) mbedtls: ssl_msg.c:2063 0x3ffb6124: => flush output

I (25797) mbedtls: ssl_msg.c:2072 0x3ffb6124: <= flush output

I (25797) mbedtls: ssl_tls.c:4201 0x3ffb6124: client state: MBEDTLS_SSL_CLIENT_CERTIFICATE

I (25797) mbedtls: ssl_tls.c:6675 0x3ffb6124: => write certificate

I (25797) mbedtls: ssl_tls.c:6686 0x3ffb6124: <= skip write certificate

D (25797) mbedtls: ssl_misc.h:1295 0x3ffb6124: handshake state: 7 (MBEDTLS_SSL_CLIENT_CERTIFICATE) -> 8 (MBEDTLS_SSL_CLIENT_KEY_EXCHANGE)

I (25797) mbedtls: ssl_msg.c:2063 0x3ffb6124: => flush output

I (25797) mbedtls: ssl_msg.c:2072 0x3ffb6124: <= flush output

I (25797) mbedtls: ssl_tls.c:4201 0x3ffb6124: client state: MBEDTLS_SSL_CLIENT_KEY_EXCHANGE

I (25797) mbedtls: ssl_tls12_client.c:2373 0x3ffb6124: => write client key exchange

D (25797) mbedtls: ssl_tls12_client.c:2387 0x3ffb6124: Perform PSA-based ECDH computation.

[mem-tick] t=   24286 ms phase=thr-setup    free=217068
[mem-tick] t=   24386 ms phase=thr-setup    free=216696
D (25937) mbedtls: ssl_misc.h:1295 0x3ffb6124: handshake state: 8 (MBEDTLS_SSL_CLIENT_KEY_EXCHANGE) -> 9 (MBEDTLS_SSL_CERTIFICATE_VERIFY)

I (25937) mbedtls: ssl_msg.c:2494 0x3ffb6124: => write handshake message

I (25937) mbedtls: ssl_msg.c:2654 0x3ffb6124: => write record

D (25937) mbedtls: ssl_msg.c:2737 0x3ffb6124: output record: msgtype = 22, version = [3:3], msglen = 37

I (25937) mbedtls: ssl_msg.c:2063 0x3ffb6124: => flush output

I (25937) mbedtls: ssl_msg.c:2077 0x3ffb6124: message length: 42, out_left: 42

I (25937) mbedtls: ssl_msg.c:2084 0x3ffb6124: ssl->f_send() returned 42 (-0xffffffd6)

I (25937) mbedtls: ssl_msg.c:2111 0x3ffb6124: <= flush output

I (25937) mbedtls: ssl_msg.c:2790 0x3ffb6124: <= write record

I (25937) mbedtls: ssl_msg.c:2615 0x3ffb6124: <= write handshake message

I (25937) mbedtls: ssl_tls12_client.c:2653 0x3ffb6124: <= write client key exchange

I (25937) mbedtls: ssl_msg.c:2063 0x3ffb6124: => flush output

I (25937) mbedtls: ssl_msg.c:2072 0x3ffb6124: <= flush output

I (25937) mbedtls: ssl_tls.c:4201 0x3ffb6124: client state: MBEDTLS_SSL_CERTIFICATE_VERIFY

I (25937) mbedtls: ssl_tls12_client.c:2701 0x3ffb6124: => write certificate verify

I (25937) mbedtls: ssl_tls.c:6466 0x3ffb6124: => derive keys

I (25937) mbedtls: ssl_tls.c:6557 0x3ffb6124: => PSA calc verify

D (25937) mbedtls: ssl_tls.c:6568 0x3ffb6124: dumping 'PSA calculated verify result' (48 bytes)

D (25937) mbedtls: ssl_tls.c:6568 0x3ffb6124: 0000:  43 20 ac 93 91 38 a6 ef fd dc 38 73 11 c3 2b ac  C ...8....8s..+.

D (25937) mbedtls: ssl_tls.c:6568 0x3ffb6124: 0010:  df a3 aa 74 6b 4c a1 3f 8a b6 1f d3 df 04 7a 9a  ...tkL.?......z.

D (25937) mbedtls: ssl_tls.c:6568 0x3ffb6124: 0020:  e2 9d 6b ac b9 19 48 2a 5e 06 2b ed f3 7f e3 0a  ..k...H*^.+.....

I (25937) mbedtls: ssl_tls.c:6569 0x3ffb6124: <= PSA calc verify

D (25937) mbedtls: ssl_tls.c:6308 0x3ffb6124: dumping 'session hash for extended master secret' (48 bytes)

D (25937) mbedtls: ssl_tls.c:6308 0x3ffb6124: 0000:  43 20 ac 93 91 38 a6 ef fd dc 38 73 11 c3 2b ac  C ...8....8s..+.

D (25937) mbedtls: ssl_tls.c:6308 0x3ffb6124: 0010:  df a3 aa 74 6b 4c a1 3f 8a b6 1f d3 df 04 7a 9a  ...tkL.?......z.

D (25937) mbedtls: ssl_tls.c:6308 0x3ffb6124: 0020:  e2 9d 6b ac b9 19 48 2a 5e 06 2b ed f3 7f e3 0a  ..k...H*^.+.....

D (25937) mbedtls: ssl_tls.c:6449 0x3ffb6124: dumping 'premaster secret' (32 bytes)

D (25937) mbedtls: ssl_tls.c:6449 0x3ffb6124: 0000:  68 ad 5f cb c2 a6 72 ee 2d 36 5f 2b b3 6c ec b9  h._...r.-6_+.l..

D (25937) mbedtls: ssl_tls.c:6449 0x3ffb6124: 0010:  f5 74 92 67 38 83 1a bb 1c 78 4a 5f 97 b0 53 36  .t.g8....xJ_..S6

D (25937) mbedtls: ssl_tls.c:7762 0x3ffb6124: ciphersuite = TLS-ECDHE-RSA-WITH-AES-256-GCM-SHA384

D (25937) mbedtls: ssl_tls.c:7764 0x3ffb6124: dumping 'master secret' (48 bytes)

D (25947) mbedtls: ssl_tls.c:7764 0x3ffb6124: 0000:  83 f4 1f e5 5c 3b d5 de 6e 8e 58 93 e5 a1 a5 35  ....\;..n.X....5

D (25947) mbedtls: ssl_tls.c:7764 0x3ffb6124: 0010:  05 77 51 e7 59 53 a0 95 eb 9e 47 7e c6 04 b4 4b  .wQ.YS....G~...K

D (25947) mbedtls: ssl_tls.c:7764 0x3ffb6124: 0020:  f7 78 47 b4 c6 af 2a e3 84 65 53 35 0d 8d 46 3a  .xG...*..eS5..F:

D (25947) mbedtls: ssl_tls.c:7855 0x3ffb6124: keylen: 32, minlen: 24, ivlen: 12, maclen: 0

I (25947) mbedtls: ssl_tls.c:6517 0x3ffb6124: <= derive keys

I (25947) mbedtls: ssl_tls12_client.c:2723 0x3ffb6124: <= skip write certificate verify

D (25947) mbedtls: ssl_misc.h:1295 0x3ffb6124: handshake state: 9 (MBEDTLS_SSL_CERTIFICATE_VERIFY) -> 10 (MBEDTLS_SSL_CLIENT_CHANGE_CIPHER_SPEC)

I (25947) mbedtls: ssl_msg.c:2063 0x3ffb6124: => flush output

I (25947) mbedtls: ssl_msg.c:2072 0x3ffb6124: <= flush output

I (25947) mbedtls: ssl_tls.c:4201 0x3ffb6124: client state: MBEDTLS_SSL_CLIENT_CHANGE_CIPHER_SPEC

I (25947) mbedtls: ssl_msg.c:5087 0x3ffb6124: => write change cipher spec

D (25947) mbedtls: ssl_misc.h:1295 0x3ffb6124: handshake state: 10 (MBEDTLS_SSL_CLIENT_CHANGE_CIPHER_SPEC) -> 11 (MBEDTLS_SSL_CLIENT_FINISHED)

I (25947) mbedtls: ssl_msg.c:2494 0x3ffb6124: => write handshake message

I (25947) mbedtls: ssl_msg.c:2654 0x3ffb6124: => write record

D (25947) mbedtls: ssl_msg.c:2737 0x3ffb6124: output record: msgtype = 20, version = [3:3], msglen = 1

I (25947) mbedtls: ssl_msg.c:2063 0x3ffb6124: => flush output

I (25947) mbedtls: ssl_msg.c:2077 0x3ffb6124: message length: 6, out_left: 6

I (25947) mbedtls: ssl_msg.c:2084 0x3ffb6124: ssl->f_send() returned 6 (-0xfffffffa)

I (25947) mbedtls: ssl_msg.c:2111 0x3ffb6124: <= flush output

I (25947) mbedtls: ssl_msg.c:2790 0x3ffb6124: <= write record

I (25947) mbedtls: ssl_msg.c:2615 0x3ffb6124: <= write handshake message

I (25947) mbedtls: ssl_msg.c:5100 0x3ffb6124: <= write change cipher spec

I (25947) mbedtls: ssl_msg.c:2063 0x3ffb6124: => flush output

I (25947) mbedtls: ssl_msg.c:2072 0x3ffb6124: <= flush output

I (25947) mbedtls: ssl_tls.c:4201 0x3ffb6124: client state: MBEDTLS_SSL_CLIENT_FINISHED

I (25947) mbedtls: ssl_tls.c:7384 0x3ffb6124: => write finished

I (25947) mbedtls: ssl_tls.c:7235 0x3ffb6124: => calc PSA finished tls

D (25947) mbedtls: ssl_tls.c:7246 0x3ffb6124: dumping 'PSA calculated padbuf' (48 bytes)

D (25947) mbedtls: ssl_tls.c:7246 0x3ffb6124: 0000:  43 20 ac 93 91 38 a6 ef fd dc 38 73 11 c3 2b ac  C ...8....8s..+.

D (25947) mbedtls: ssl_tls.c:7246 0x3ffb6124: 0010:  df a3 aa 74 6b 4c a1 3f 8a b6 1f d3 df 04 7a 9a  ...tkL.?......z.

D (25947) mbedtls: ssl_tls.c:7246 0x3ffb6124: 0020:  e2 9d 6b ac b9 19 48 2a 5e 06 2b ed f3 7f e3 0a  ..k...H*^.+.....

D (25947) mbedtls: ssl_tls.c:7258 0x3ffb6124: dumping 'calc finished result' (12 bytes)

D (25947) mbedtls: ssl_tls.c:7258 0x3ffb6124: 0000:  2d ad de 08 e2 89 b0 e4 c5 50 c3 3b              -........P.;

I (25947) mbedtls: ssl_tls.c:7262 0x3ffb6124: <= calc finished

D (25947) mbedtls: ssl_misc.h:1295 0x3ffb6124: handshake state: 11 (MBEDTLS_SSL_CLIENT_FINISHED) -> 12 (MBEDTLS_SSL_SERVER_CHANGE_CIPHER_SPEC)

D (25947) mbedtls: ssl_tls.c:7434 0x3ffb6124: switching to new transform spec for outbound data

I (25947) mbedtls: ssl_msg.c:2494 0x3ffb6124: => write handshake message

I (25947) mbedtls: ssl_msg.c:2654 0x3ffb6124: => write record

I (25947) mbedtls: ssl_msg.c:808 0x3ffb6124: => encrypt buf

D (25947) mbedtls: ssl_msg.c:1036 0x3ffb6124: before encrypt: msglen = 16, including 0 bytes of padding

I (25947) mbedtls: ssl_msg.c:1265 0x3ffb6124: <= encrypt buf

D (25947) mbedtls: ssl_msg.c:2737 0x3ffb6124: output record: msgtype = 22, version = [3:3], msglen = 40

I (25947) mbedtls: ssl_msg.c:2063 0x3ffb6124: => flush output

I (25947) mbedtls: ssl_msg.c:2077 0x3ffb6124: message length: 45, out_left: 45

I (25947) mbedtls: ssl_msg.c:2084 0x3ffb6124: ssl->f_send() returned 45 (-0xffffffd3)

I (25957) mbedtls: ssl_msg.c:2111 0x3ffb6124: <= flush output

I (25957) mbedtls: ssl_msg.c:2790 0x3ffb6124: <= write record

I (25957) mbedtls: ssl_msg.c:2615 0x3ffb6124: <= write handshake message

I (25957) mbedtls: ssl_tls.c:7487 0x3ffb6124: <= write finished

I (25957) mbedtls: ssl_msg.c:2063 0x3ffb6124: => flush output

I (25957) mbedtls: ssl_msg.c:2072 0x3ffb6124: <= flush output

I (25957) mbedtls: ssl_tls.c:4201 0x3ffb6124: client state: MBEDTLS_SSL_SERVER_CHANGE_CIPHER_SPEC

D (25957) mbedtls: ssl_misc.h:1295 0x3ffb6124: handshake state: 12 (MBEDTLS_SSL_SERVER_CHANGE_CIPHER_SPEC) -> 16 (MBEDTLS_SSL_NEW_SESSION_TICKET)

I (25957) mbedtls: ssl_tls12_client.c:2829 0x3ffb6124: => parse new session ticket

I (25957) mbedtls: ssl_msg.c:4040 0x3ffb6124: => read record

I (25957) mbedtls: ssl_msg.c:1865 0x3ffb6124: => fetch input

I (25957) mbedtls: ssl_msg.c:2005 0x3ffb6124: in_left: 0, nb_want: 5

I (25957) mbedtls: ssl_msg.c:2025 0x3ffb6124: in_left: 0, nb_want: 5

I (25957) mbedtls: ssl_msg.c:2028 0x3ffb6124: ssl->f_recv(_timeout)() returned 5 (-0xfffffffb)

I (25957) mbedtls: ssl_msg.c:2050 0x3ffb6124: <= fetch input

D (25957) mbedtls: ssl_msg.c:3707 0x3ffb6124: input record: msgtype = 22, version = [0x303], msglen = 186

I (25957) mbedtls: ssl_msg.c:1865 0x3ffb6124: => fetch input

I (25957) mbedtls: ssl_msg.c:2005 0x3ffb6124: in_left: 5, nb_want: 191

I (25957) mbedtls: ssl_msg.c:2025 0x3ffb6124: in_left: 5, nb_want: 191

I (25957) mbedtls: ssl_msg.c:2028 0x3ffb6124: ssl->f_recv(_timeout)() returned 186 (-0xffffff46)

I (25957) mbedtls: ssl_msg.c:2050 0x3ffb6124: <= fetch input

D (25957) mbedtls: ssl_msg.c:2948 0x3ffb6124: handshake message: msglen = 186, type = 4, hslen = 186

D (25957) mbedtls: ssl_msg.c:3085 0x3ffb6124: sole handshake fragment: 186, 0..186 of 186

I (25957) mbedtls: ssl_msg.c:4112 0x3ffb6124: <= read record

D (25957) mbedtls: ssl_tls12_client.c:2876 0x3ffb6124: ticket length: 176

D (25957) mbedtls: ssl_misc.h:1295 0x3ffb6124: handshake state: 16 (MBEDTLS_SSL_NEW_SESSION_TICKET) -> 12 (MBEDTLS_SSL_SERVER_CHANGE_CIPHER_SPEC)

D (25957) mbedtls: ssl_tls12_client.c:2920 0x3ffb6124: ticket in use, discarding session id

I (25957) mbedtls: ssl_tls12_client.c:2923 0x3ffb6124: <= parse new session ticket

I (25957) mbedtls: ssl_msg.c:2063 0x3ffb6124: => flush output

I (25957) mbedtls: ssl_msg.c:2072 0x3ffb6124: <= flush output

I (25957) mbedtls: ssl_tls.c:4201 0x3ffb6124: client state: MBEDTLS_SSL_SERVER_CHANGE_CIPHER_SPEC

I (25957) mbedtls: ssl_msg.c:5109 0x3ffb6124: => parse change cipher spec

I (25957) mbedtls: ssl_msg.c:4040 0x3ffb6124: => read record

I (25957) mbedtls: ssl_msg.c:1865 0x3ffb6124: => fetch input

I (25957) mbedtls: ssl_msg.c:2005 0x3ffb6124: in_left: 0, nb_want: 5

I (25957) mbedtls: ssl_msg.c:2025 0x3ffb6124: in_left: 0, nb_want: 5

I (25957) mbedtls: ssl_msg.c:2028 0x3ffb6124: ssl->f_recv(_timeout)() returned 5 (-0xfffffffb)

I (25957) mbedtls: ssl_msg.c:2050 0x3ffb6124: <= fetch input

D (25957) mbedtls: ssl_msg.c:3707 0x3ffb6124: input record: msgtype = 20, version = [0x303], msglen = 1

I (25957) mbedtls: ssl_msg.c:1865 0x3ffb6124: => fetch input

I (25957) mbedtls: ssl_msg.c:2005 0x3ffb6124: in_left: 5, nb_want: 6

I (25957) mbedtls: ssl_msg.c:2025 0x3ffb6124: in_left: 5, nb_want: 6

I (25957) mbedtls: ssl_msg.c:2028 0x3ffb6124: ssl->f_recv(_timeout)() returned 1 (-0xffffffff)

I (25957) mbedtls: ssl_msg.c:2050 0x3ffb6124: <= fetch input

I (25967) mbedtls: ssl_msg.c:4112 0x3ffb6124: <= read record

D (25967) mbedtls: ssl_msg.c:5130 0x3ffb6124: switching to new transform spec for inbound data

D (25967) mbedtls: ssl_misc.h:1295 0x3ffb6124: handshake state: 12 (MBEDTLS_SSL_SERVER_CHANGE_CIPHER_SPEC) -> 13 (MBEDTLS_SSL_SERVER_FINISHED)

I (25967) mbedtls: ssl_msg.c:5157 0x3ffb6124: <= parse change cipher spec

I (25967) mbedtls: ssl_msg.c:2063 0x3ffb6124: => flush output

I (25967) mbedtls: ssl_msg.c:2072 0x3ffb6124: <= flush output

I (25967) mbedtls: ssl_tls.c:4201 0x3ffb6124: client state: MBEDTLS_SSL_SERVER_FINISHED

I (25967) mbedtls: ssl_tls.c:7500 0x3ffb6124: => parse finished

I (25967) mbedtls: ssl_tls.c:7235 0x3ffb6124: => calc PSA finished tls

D (25967) mbedtls: ssl_tls.c:7246 0x3ffb6124: dumping 'PSA calculated padbuf' (48 bytes)

D (25967) mbedtls: ssl_tls.c:7246 0x3ffb6124: 0000:  fc 71 e0 c5 2f b7 21 d2 40 c4 58 f0 ab b7 72 f4  .q../.!.@.X...r.

D (25967) mbedtls: ssl_tls.c:7246 0x3ffb6124: 0010:  7e 82 c0 9a e3 3f 69 57 90 ea 17 e6 c3 2d c5 5d  ~....?iW.....-.]

D (25967) mbedtls: ssl_tls.c:7246 0x3ffb6124: 0020:  35 9e 78 79 13 82 ac f5 88 11 c3 45 9d 8b 44 1e  5.xy.......E..D.

D (25967) mbedtls: ssl_tls.c:7258 0x3ffb6124: dumping 'calc finished result' (12 bytes)

D (25967) mbedtls: ssl_tls.c:7258 0x3ffb6124: 0000:  67 74 5b 9b 4b da f8 f8 8c ef ba dd              gt[.K.......

I (25967) mbedtls: ssl_tls.c:7262 0x3ffb6124: <= calc finished

I (25967) mbedtls: ssl_msg.c:4040 0x3ffb6124: => read record

I (25967) mbedtls: ssl_msg.c:1865 0x3ffb6124: => fetch input

I (25967) mbedtls: ssl_msg.c:2005 0x3ffb6124: in_left: 0, nb_want: 5

I (25967) mbedtls: ssl_msg.c:2025 0x3ffb6124: in_left: 0, nb_want: 5

I (25967) mbedtls: ssl_msg.c:2028 0x3ffb6124: ssl->f_recv(_timeout)() returned 5 (-0xfffffffb)

I (25967) mbedtls: ssl_msg.c:2050 0x3ffb6124: <= fetch input

D (25967) mbedtls: ssl_msg.c:3707 0x3ffb6124: input record: msgtype = 22, version = [0x303], msglen = 40

I (25967) mbedtls: ssl_msg.c:1865 0x3ffb6124: => fetch input

I (25967) mbedtls: ssl_msg.c:2005 0x3ffb6124: in_left: 5, nb_want: 45

I (25967) mbedtls: ssl_msg.c:2025 0x3ffb6124: in_left: 5, nb_want: 45

I (25967) mbedtls: ssl_msg.c:2028 0x3ffb6124: ssl->f_recv(_timeout)() returned 40 (-0xffffffd8)

I (25967) mbedtls: ssl_msg.c:2050 0x3ffb6124: <= fetch input

I (25967) mbedtls: ssl_msg.c:1301 0x3ffb6124: => decrypt buf

I (25967) mbedtls: ssl_msg.c:1831 0x3ffb6124: <= decrypt buf

D (25967) mbedtls: ssl_msg.c:2948 0x3ffb6124: handshake message: msglen = 16, type = 20, hslen = 16

D (25967) mbedtls: ssl_msg.c:3085 0x3ffb6124: sole handshake fragment: 16, 0..16 of 16

I (25967) mbedtls: ssl_msg.c:4112 0x3ffb6124: <= read record

D (25967) mbedtls: ssl_misc.h:1295 0x3ffb6124: handshake state: 13 (MBEDTLS_SSL_SERVER_FINISHED) -> 14 (MBEDTLS_SSL_FLUSH_BUFFERS)

I (25967) mbedtls: ssl_tls.c:7571 0x3ffb6124: <= parse finished

I (25967) mbedtls: ssl_msg.c:2063 0x3ffb6124: => flush output

I (25967) mbedtls: ssl_msg.c:2072 0x3ffb6124: <= flush output

I (25967) mbedtls: ssl_tls.c:4201 0x3ffb6124: client state: MBEDTLS_SSL_FLUSH_BUFFERS

I (25967) mbedtls: ssl_tls12_client.c:3031 0x3ffb6124: handshake: done

D (25967) mbedtls: ssl_misc.h:1295 0x3ffb6124: handshake state: 14 (MBEDTLS_SSL_FLUSH_BUFFERS) -> 15 (MBEDTLS_SSL_HANDSHAKE_WRAPUP)

I (25967) mbedtls: ssl_msg.c:2063 0x3ffb6124: => flush output

I (25967) mbedtls: ssl_msg.c:2072 0x3ffb6124: <= flush output

I (25967) mbedtls: ssl_tls.c:4201 0x3ffb6124: client state: MBEDTLS_SSL_HANDSHAKE_WRAPUP

D (25967) mbedtls: ssl_tls.c:7322 0x3ffb6124: => handshake wrapup

D (25967) mbedtls: ssl_tls.c:7296 0x3ffb6124: => handshake wrapup: final free

D (25967) mbedtls: ssl_tls.c:7315 0x3ffb6124: <= handshake wrapup: final free

D (25967) mbedtls: ssl_misc.h:1295 0x3ffb6124: handshake state: 15 (MBEDTLS_SSL_HANDSHAKE_WRAPUP) -> 27 (MBEDTLS_SSL_HANDSHAKE_OVER)

D (25967) mbedtls: ssl_tls.c:7376 0x3ffb6124: <= handshake wrapup

I (25967) mbedtls: ssl_tls.c:4293 0x3ffb6124: <= handshake

[mem-tick] t=   24483 ms phase=thr-p0       free=219880
[mem-tick] t=   24583 ms phase=thr-p0       free=218308
[mem-tick] t=   24683 ms phase=thr-p0       free=219880
[mem-tick] t=   24783 ms phase=thr-p0       free=219880
[mem-tick] t=   24883 ms phase=thr-p0       free=218308
[mem-tick] t=   24983 ms phase=thr-p0       free=218308
[mem-tick] t=   25083 ms phase=thr-p0       free=218288
[mem-tick] t=   25183 ms phase=thr-p0       free=216768
[mem-tick] t=   25283 ms phase=thr-p0       free=216768
[thr] round0 PLAIN 2097152 B in 829164 us = 20.23 Mbit/s
I (26807) mbedtls: ssl_msg.c:5925 0x3ffb6124: => write

I (26807) mbedtls: ssl_msg.c:2654 0x3ffb6124: => write record

I (26807) mbedtls: ssl_msg.c:808 0x3ffb6124: => encrypt buf

D (26807) mbedtls: ssl_msg.c:1036 0x3ffb6124: before encrypt: msglen = 1024, including 0 bytes of padding

I (26807) mbedtls: ssl_msg.c:1265 0x3ffb6124: <= encrypt buf

D (26807) mbedtls: ssl_msg.c:2737 0x3ffb6124: output record: msgtype = 23, version = [3:3], msglen = 1048

I (26807) mbedtls: ssl_msg.c:2063 0x3ffb6124: => flush output

I (26807) mbedtls: ssl_msg.c:2077 0x3ffb6124: message length: 1053, out_left: 1053

I (26807) mbedtls: ssl_msg.c:2084 0x3ffb6124: ssl->f_send() returned 1053 (-0xfffffbe3)

I (26807) mbedtls: ssl_msg.c:2111 0x3ffb6124: <= flush output

I (26807) mbedtls: ssl_msg.c:2790 0x3ffb6124: <= write record

I (26807) mbedtls: ssl_msg.c:5947 0x3ffb6124: <= write

I (26817) mbedtls: ssl_msg.c:5663 0x3ffb6124: => read

I (26817) mbedtls: ssl_msg.c:4040 0x3ffb6124: => read record

I (26817) mbedtls: ssl_msg.c:1865 0x3ffb6124: => fetch input

I (26817) mbedtls: ssl_msg.c:2005 0x3ffb6124: in_left: 0, nb_want: 5

[mem-tick] t=   25383 ms phase=thr-t0       free=220056
[mem-tick] t=   25483 ms phase=thr-t0       free=220056
[mem-tick] t=   25583 ms phase=thr-t0       free=220056
[mem-tick] t=   25683 ms phase=thr-t0       free=220056
[mem-tick] t=   25783 ms phase=thr-t0       free=220056
[mem-tick] t=   25883 ms phase=thr-t0       free=220056
[mem-tick] t=   25983 ms phase=thr-t0       free=220056
[mem-tick] t=   26083 ms phase=thr-t0       free=220056
[mem-tick] t=   26183 ms phase=thr-t0       free=220056
[mem-tick] t=   26283 ms phase=thr-t0       free=220056
[mem-tick] t=   26383 ms phase=thr-t0       free=220056
[mem-tick] t=   26483 ms phase=thr-t0       free=220056
[mem-tick] t=   26583 ms phase=thr-t0       free=220056
[mem-tick] t=   26683 ms phase=thr-t0       free=220056
[mem-tick] t=   26783 ms phase=thr-t0       free=220056
[mem-tick] t=   26883 ms phase=thr-t0       free=220056
[mem-tick] t=   26983 ms phase=thr-t0       free=220056
[mem-tick] t=   27083 ms phase=thr-t0       free=220056
[mem-tick] t=   27183 ms phase=thr-t0       free=220056
[mem-tick] t=   27283 ms phase=thr-t0       free=220056
[mem-tick] t=   27383 ms phase=thr-t0       free=220056
[mem-tick] t=   27483 ms phase=thr-t0       free=220056
[mem-tick] t=   27583 ms phase=thr-t0       free=220056
[mem-tick] t=   27683 ms phase=thr-t0       free=220056
[mem-tick] t=   27783 ms phase=thr-t0       free=220056
[mem-tick] t=   27883 ms phase=thr-t0       free=220056
[mem-tick] t=   27983 ms phase=thr-t0       free=220056
[mem-tick] t=   28083 ms phase=thr-t0       free=220056
[mem-tick] t=   28183 ms phase=thr-t0       free=220056
[mem-tick] t=   28283 ms phase=thr-t0       free=220056
[mem-tick] t=   28383 ms phase=thr-t0       free=220056
[mem-tick] t=   28483 ms phase=thr-t0       free=220056
[mem-tick] t=   28583 ms phase=thr-t0       free=220056
[mem-tick] t=   28683 ms phase=thr-t0       free=220056
[mem-tick] t=   28783 ms phase=thr-t0       free=220056
[mem-tick] t=   28883 ms phase=thr-t0       free=220056
[mem-tick] t=   28983 ms phase=thr-t0       free=220056
[mem-tick] t=   29083 ms phase=thr-t0       free=220056
[mem-tick] t=   29183 ms phase=thr-t0       free=220056
[mem-tick] t=   29283 ms phase=thr-t0       free=220056
[mem-tick] t=   29383 ms phase=thr-t0       free=220056
[mem-tick] t=   29483 ms phase=thr-t0       free=220056
[mem-tick] t=   29583 ms phase=thr-t0       free=220056
[mem-tick] t=   29683 ms phase=thr-t0       free=220056
[mem-tick] t=   29783 ms phase=thr-t0       free=220056
[mem-tick] t=   29883 ms phase=thr-t0       free=220056
[mem-tick] t=   29983 ms phase=thr-t0       free=220056
[mem-tick] t=   30083 ms phase=thr-t0       free=220056
[mem-tick] t=   30183 ms phase=thr-t0       free=220056
[mem-tick] t=   30283 ms phase=thr-t0       free=220056
[mem-tick] t=   30383 ms phase=thr-t0       free=220056
[mem-tick] t=   30483 ms phase=thr-t0       free=220056
[mem-tick] t=   30583 ms phase=thr-t0       free=220056
[mem-tick] t=   30683 ms phase=thr-t0       free=220056
[mem-tick] t=   30783 ms phase=thr-t0       free=220056
[mem-tick] t=   30883 ms phase=thr-t0       free=220056
[mem-tick] t=   30983 ms phase=thr-t0       free=220056
[mem-tick] t=   31083 ms phase=thr-t0       free=220056
[mem-tick] t=   31183 ms phase=thr-t0       free=220056
[mem-tick] t=   31283 ms phase=thr-t0       free=220056
[mem-tick] t=   31383 ms phase=thr-t0       free=220056
[mem-tick] t=   31483 ms phase=thr-t0       free=220056
[mem-tick] t=   31583 ms phase=thr-t0       free=220056
[mem-tick] t=   31683 ms phase=thr-t0       free=220056
[mem-tick] t=   31783 ms phase=thr-t0       free=220056
[mem-tick] t=   31883 ms phase=thr-t0       free=220056
[mem-tick] t=   31983 ms phase=thr-t0       free=220056
[mem-tick] t=   32083 ms phase=thr-t0       free=220056
[mem-tick] t=   32183 ms phase=thr-t0       free=220056
[mem-tick] t=   32283 ms phase=thr-t0       free=220056
[mem-tick] t=   32383 ms phase=thr-t0       free=220056
[mem-tick] t=   32483 ms phase=thr-t0       free=220056
[mem-tick] t=   32583 ms phase=thr-t0       free=220056
[mem-tick] t=   32683 ms phase=thr-t0       free=220056
[mem-tick] t=   32783 ms phase=thr-t0       free=220056
[mem-tick] t=   32883 ms phase=thr-t0       free=220056
[mem-tick] t=   32983 ms phase=thr-t0       free=220056
[mem-tick] t=   33083 ms phase=thr-t0       free=220056
[mem-tick] t=   33183 ms phase=thr-t0       free=220056
[mem-tick] t=   33283 ms phase=thr-t0       free=220056
[mem-tick] t=   33383 ms phase=thr-t0       free=220056
[mem-tick] t=   33483 ms phase=thr-t0       free=220056
[mem-tick] t=   33583 ms phase=thr-t0       free=220056
[mem-tick] t=   33683 ms phase=thr-t0       free=220056
[mem-tick] t=   33783 ms phase=thr-t0       free=220056
[mem-tick] t=   33883 ms phase=thr-t0       free=220056
[mem-tick] t=   33983 ms phase=thr-t0       free=220056
[mem-tick] t=   34083 ms phase=thr-t0       free=220056
[mem-tick] t=   34183 ms phase=thr-t0       free=220056
[mem-tick] t=   34283 ms phase=thr-t0       free=220056
[mem-tick] t=   34383 ms phase=thr-t0       free=220056
[mem-tick] t=   34483 ms phase=thr-t0       free=220056
[mem-tick] t=   34583 ms phase=thr-t0       free=220056
[mem-tick] t=   34683 ms phase=thr-t0       free=220056
[mem-tick] t=   34783 ms phase=thr-t0       free=220056
[mem-tick] t=   34883 ms phase=thr-t0       free=220056
[mem-tick] t=   34983 ms phase=thr-t0       free=220056
[mem-tick] t=   35083 ms phase=thr-t0       free=220056
[mem-tick] t=   35183 ms phase=thr-t0       free=220056
[mem-tick] t=   35283 ms phase=thr-t0       free=220056
I (36817) mbedtls: ssl_msg.c:2025 0x3ffb6124: in_left: 0, nb_want: 5

[thr] round0 TLS failed
[thr] MEAN plain=6.74 Mbit/s tls=0.00 Mbit/s tax=100.0%
[mem] after-thr-close        free=240984 largest=110592 min-ever=210552

===== PHASE C: handshake under memory pressure (floor<=20000B) =====
[starve] grabbed=55 held=225280B free-floor=17092 largest=6144
[mem-tick] t=   35383 ms phase=thr-done     free=17092
[mem-tick] t=   35483 ms phase=thr-done     free=17088
[mem] starved-floor          free=17088 largest=6144 min-ever=17012
[phase-c] attempting TLS handshake with only 17088 bytes free ...
W (37017) esp-tls-mbedtls: skip_common_name=true: hostname matching and SNI disabled. This disables ALL server-name authentication (CN/SAN/SNI), not just CN. Only intended for loopback / debug clients.
W (37017) mbedtls: ssl_tls.c:1204 0x3ffb6124: alloc(16717 bytes) failed

E (37017) esp-tls-mbedtls: mbedtls_ssl_setup returned -0x008D
I (37017) esp-tls-mbedtls: (FFFFFF73): UNKNOWN ERROR CODE (0080) : UNKNOWN ERROR CODE (000D)
E (37017) esp-tls: create_ssl_handle failed
E (37017) esp-tls: Failed to open new connection
[conn] TLS to 10.0.2.2:22443 FAILED after 1736 us
[err] handshake: last_esp_err=0x8017 tls_code=-0xffffff73 cert_flags=0x0 (sys_errno=0 mb_code=-0x0000)
[phase-c] FAIL captured (see [err]/mbedtls lines above)
[starve] released, free-now=242372
[mem-tick] t=   35583 ms phase=release      free=245776
[mem-tick] t=   35683 ms phase=release      free=245776
[mem-tick] t=   35783 ms phase=release      free=245776
[mem-tick] t=   35883 ms phase=release      free=245776
[mem-tick] t=   35983 ms phase=release      free=245776
[mem] after-release          free=245776 largest=110592 min-ever=12016
[phase-c] retrying same handshake after release ...
W (37517) esp-tls-mbedtls: skip_common_name=true: hostname matching and SNI disabled. This disables ALL server-name authentication (CN/SAN/SNI), not just CN. Only intended for loopback / debug clients.
D (37517) esp-tls: handshake in progress...
I (37517) mbedtls: ssl_tls.c:4282 0x3ffb6124: => handshake

I (37517) mbedtls: ssl_msg.c:2063 0x3ffb6124: => flush output

I (37517) mbedtls: ssl_msg.c:2072 0x3ffb6124: <= flush output

I (37517) mbedtls: ssl_tls.c:4201 0x3ffb6124: client state: MBEDTLS_SSL_HELLO_REQUEST

D (37517) mbedtls: ssl_misc.h:1295 0x3ffb6124: handshake state: 0 (MBEDTLS_SSL_HELLO_REQUEST) -> 1 (MBEDTLS_SSL_CLIENT_HELLO)

I (37517) mbedtls: ssl_msg.c:2063 0x3ffb6124: => flush output

I (37517) mbedtls: ssl_msg.c:2072 0x3ffb6124: <= flush output

I (37517) mbedtls: ssl_tls.c:4201 0x3ffb6124: client state: MBEDTLS_SSL_CLIENT_HELLO

I (37517) mbedtls: ssl_client.c:917 0x3ffb6124: => write client hello

D (37517) mbedtls: ssl_client.c:722 0x3ffb6124: client hello, current time: 36

D (37517) mbedtls: ssl_client.c:485 0x3ffb6124: dumping 'client hello, random bytes' (32 bytes)

D (37517) mbedtls: ssl_client.c:485 0x3ffb6124: 0000:  00 00 00 24 04 19 7c 7b f2 ca a3 ab c4 05 84 08  ...$..|{........

D (37517) mbedtls: ssl_client.c:485 0x3ffb6124: 0010:  d7 cb 34 1a c8 de 54 b3 59 07 ac dd 35 fd 74 12  ..4...T.Y...5.t.

D (37517) mbedtls: ssl_client.c:510 0x3ffb6124: dumping 'session id' (0 bytes)

D (37517) mbedtls: ssl_client.c:368 0x3ffb6124: client hello, add ciphersuite: c02c, TLS-ECDHE-ECDSA-WITH-AES-256-GCM-SHA384

D (37517) mbedtls: ssl_client.c:368 0x3ffb6124: client hello, add ciphersuite: c030, TLS-ECDHE-RSA-WITH-AES-256-GCM-SHA384

D (37517) mbedtls: ssl_client.c:368 0x3ffb6124: client hello, add ciphersuite: c0ad, TLS-ECDHE-ECDSA-WITH-AES-256-CCM

D (37517) mbedtls: ssl_client.c:368 0x3ffb6124: client hello, add ciphersuite: c024, TLS-ECDHE-ECDSA-WITH-AES-256-CBC-SHA384

D (37517) mbedtls: ssl_client.c:368 0x3ffb6124: client hello, add ciphersuite: c028, TLS-ECDHE-RSA-WITH-AES-256-CBC-SHA384

D (37517) mbedtls: ssl_client.c:368 0x3ffb6124: client hello, add ciphersuite: c00a, TLS-ECDHE-ECDSA-WITH-AES-256-CBC-SHA

D (37517) mbedtls: ssl_client.c:368 0x3ffb6124: client hello, add ciphersuite: c014, TLS-ECDHE-RSA-WITH-AES-256-CBC-SHA

D (37517) mbedtls: ssl_client.c:368 0x3ffb6124: client hello, add ciphersuite: c0af, TLS-ECDHE-ECDSA-WITH-AES-256-CCM-8

D (37517) mbedtls: ssl_client.c:368 0x3ffb6124: client hello, add ciphersuite: c02b, TLS-ECDHE-ECDSA-WITH-AES-128-GCM-SHA256

D (37517) mbedtls: ssl_client.c:368 0x3ffb6124: client hello, add ciphersuite: c02f, TLS-ECDHE-RSA-WITH-AES-128-GCM-SHA256

D (37517) mbedtls: ssl_client.c:368 0x3ffb6124: client hello, add ciphersuite: c0ac, TLS-ECDHE-ECDSA-WITH-AES-128-CCM

D (37517) mbedtls: ssl_client.c:368 0x3ffb6124: client hello, add ciphersuite: c023, TLS-ECDHE-ECDSA-WITH-AES-128-CBC-SHA256

D (37527) mbedtls: ssl_client.c:368 0x3ffb6124: client hello, add ciphersuite: c027, TLS-ECDHE-RSA-WITH-AES-128-CBC-SHA256

D (37527) mbedtls: ssl_client.c:368 0x3ffb6124: client hello, add ciphersuite: c009, TLS-ECDHE-ECDSA-WITH-AES-128-CBC-SHA

D (37527) mbedtls: ssl_client.c:368 0x3ffb6124: client hello, add ciphersuite: c013, TLS-ECDHE-RSA-WITH-AES-128-CBC-SHA

D (37527) mbedtls: ssl_client.c:368 0x3ffb6124: client hello, add ciphersuite: c0ae, TLS-ECDHE-ECDSA-WITH-AES-128-CCM-8

D (37527) mbedtls: ssl_client.c:386 0x3ffb6124: adding EMPTY_RENEGOTIATION_INFO_SCSV

D (37527) mbedtls: ssl_client.c:395 0x3ffb6124: client hello, got 17 cipher suites

D (37527) mbedtls: ssl_client.c:229 0x3ffb6124: client hello, adding supported_groups extension

D (37527) mbedtls: ssl_client.c:248 0x3ffb6124: got supported group(001d)

D (37527) mbedtls: ssl_client.c:280 0x3ffb6124: NamedGroup: x25519 ( 1d )

D (37527) mbedtls: ssl_client.c:248 0x3ffb6124: got supported group(0017)

D (37527) mbedtls: ssl_client.c:280 0x3ffb6124: NamedGroup: secp256r1 ( 17 )

D (37527) mbedtls: ssl_client.c:248 0x3ffb6124: got supported group(0018)

D (37527) mbedtls: ssl_client.c:280 0x3ffb6124: NamedGroup: secp384r1 ( 18 )

D (37527) mbedtls: ssl_client.c:248 0x3ffb6124: got supported group(001e)

D (37527) mbedtls: ssl_client.c:280 0x3ffb6124: NamedGroup: x448 ( 1e )

D (37527) mbedtls: ssl_client.c:248 0x3ffb6124: got supported group(0019)

D (37527) mbedtls: ssl_client.c:280 0x3ffb6124: NamedGroup: secp521r1 ( 19 )

D (37527) mbedtls: ssl_client.c:248 0x3ffb6124: got supported group(001a)

D (37527) mbedtls: ssl_client.c:280 0x3ffb6124: NamedGroup: bp256r1 ( 1a )

D (37527) mbedtls: ssl_client.c:248 0x3ffb6124: got supported group(001b)

D (37527) mbedtls: ssl_client.c:280 0x3ffb6124: NamedGroup: bp384r1 ( 1b )

D (37527) mbedtls: ssl_client.c:248 0x3ffb6124: got supported group(001c)

D (37527) mbedtls: ssl_client.c:280 0x3ffb6124: NamedGroup: bp512r1 ( 1c )

D (37527) mbedtls: ssl_client.c:248 0x3ffb6124: got supported group(0100)

D (37527) mbedtls: ssl_client.c:248 0x3ffb6124: got supported group(0101)

D (37527) mbedtls: ssl_client.c:248 0x3ffb6124: got supported group(0102)

D (37527) mbedtls: ssl_client.c:248 0x3ffb6124: got supported group(0103)

D (37527) mbedtls: ssl_client.c:248 0x3ffb6124: got supported group(0104)

D (37527) mbedtls: ssl_client.c:300 0x3ffb6124: dumping 'Supported groups extension' (18 bytes)

D (37527) mbedtls: ssl_client.c:300 0x3ffb6124: 0000:  00 10 00 1d 00 17 00 18 00 1e 00 19 00 1a 00 1b  ................

D (37527) mbedtls: ssl_client.c:300 0x3ffb6124: 0010:  00 1c                                            ..

D (37527) mbedtls: ssl_tls.c:8276 0x3ffb6124: adding signature_algorithms extension

D (37527) mbedtls: ssl_tls.c:8296 0x3ffb6124: got signature scheme [603] ecdsa_secp521r1_sha512

D (37527) mbedtls: ssl_tls.c:8305 0x3ffb6124: sent signature scheme [603] ecdsa_secp521r1_sha512

D (37527) mbedtls: ssl_tls.c:8296 0x3ffb6124: got signature scheme [806] rsa_pss_rsae_sha512

D (37527) mbedtls: ssl_tls.c:8296 0x3ffb6124: got signature scheme [601] rsa_pkcs1_sha512

D (37527) mbedtls: ssl_tls.c:8305 0x3ffb6124: sent signature scheme [601] rsa_pkcs1_sha512

D (37527) mbedtls: ssl_tls.c:8296 0x3ffb6124: got signature scheme [503] ecdsa_secp384r1_sha384

D (37527) mbedtls: ssl_tls.c:8305 0x3ffb6124: sent signature scheme [503] ecdsa_secp384r1_sha384

D (37527) mbedtls: ssl_tls.c:8296 0x3ffb6124: got signature scheme [805] rsa_pss_rsae_sha384

D (37527) mbedtls: ssl_tls.c:8296 0x3ffb6124: got signature scheme [501] rsa_pkcs1_sha384

D (37527) mbedtls: ssl_tls.c:8305 0x3ffb6124: sent signature scheme [501] rsa_pkcs1_sha384

D (37527) mbedtls: ssl_tls.c:8296 0x3ffb6124: got signature scheme [403] ecdsa_secp256r1_sha256

D (37527) mbedtls: ssl_tls.c:8305 0x3ffb6124: sent signature scheme [403] ecdsa_secp256r1_sha256

D (37527) mbedtls: ssl_tls.c:8296 0x3ffb6124: got signature scheme [804] rsa_pss_rsae_sha256

D (37527) mbedtls: ssl_tls.c:8296 0x3ffb6124: got signature scheme [401] rsa_pkcs1_sha256

D (37527) mbedtls: ssl_tls.c:8305 0x3ffb6124: sent signature scheme [401] rsa_pkcs1_sha256

D (37527) mbedtls: ssl_tls12_client.c:103 0x3ffb6124: client hello, adding supported_point_formats extension

D (37527) mbedtls: ssl_tls12_client.c:287 0x3ffb6124: client hello, adding encrypt_then_mac extension

D (37537) mbedtls: ssl_tls12_client.c:319 0x3ffb6124: client hello, adding extended_master_secret extension

D (37537) mbedtls: ssl_tls12_client.c:352 0x3ffb6124: client hello, adding session ticket extension

D (37537) mbedtls: ssl_client.c:687 0x3ffb6124: client hello, total extension length: 58

D (37537) mbedtls: ssl_client.c:689 0x3ffb6124: dumping 'client hello extensions' (58 bytes)

D (37537) mbedtls: ssl_client.c:689 0x3ffb6124: 0000:  00 3a 00 0a 00 12 00 10 00 1d 00 17 00 18 00 1e  .:..............

D (37537) mbedtls: ssl_client.c:689 0x3ffb6124: 0010:  00 19 00 1a 00 1b 00 1c 00 0d 00 0e 00 0c 06 03  ................

D (37537) mbedtls: ssl_client.c:689 0x3ffb6124: 0020:  06 01 05 03 05 01 04 03 04 01 00 0b 00 02 01 00  ................

D (37537) mbedtls: ssl_client.c:689 0x3ffb6124: 0030:  00 16 00 00 00 17 00 00 00 23                    .........#

I (37537) mbedtls: ssl_msg.c:2494 0x3ffb6124: => write handshake message

I (37537) mbedtls: ssl_msg.c:2654 0x3ffb6124: => write record

D (37537) mbedtls: ssl_msg.c:2737 0x3ffb6124: output record: msgtype = 22, version = [3:3], msglen = 137

I (37537) mbedtls: ssl_msg.c:2790 0x3ffb6124: <= write record

I (37537) mbedtls: ssl_msg.c:2615 0x3ffb6124: <= write handshake message

D (37537) mbedtls: ssl_misc.h:1295 0x3ffb6124: handshake state: 1 (MBEDTLS_SSL_CLIENT_HELLO) -> 2 (MBEDTLS_SSL_SERVER_HELLO)

I (37537) mbedtls: ssl_client.c:1010 0x3ffb6124: <= write client hello

I (37537) mbedtls: ssl_msg.c:2063 0x3ffb6124: => flush output

I (37537) mbedtls: ssl_msg.c:2077 0x3ffb6124: message length: 142, out_left: 142

I (37537) mbedtls: ssl_msg.c:2084 0x3ffb6124: ssl->f_send() returned 142 (-0xffffff72)

I (37537) mbedtls: ssl_msg.c:2111 0x3ffb6124: <= flush output

I (37537) mbedtls: ssl_tls.c:4201 0x3ffb6124: client state: MBEDTLS_SSL_SERVER_HELLO

I (37537) mbedtls: ssl_tls12_client.c:1151 0x3ffb6124: => parse server hello

I (37537) mbedtls: ssl_msg.c:4040 0x3ffb6124: => read record

I (37537) mbedtls: ssl_msg.c:1865 0x3ffb6124: => fetch input

I (37537) mbedtls: ssl_msg.c:2005 0x3ffb6124: in_left: 0, nb_want: 5

I (37537) mbedtls: ssl_msg.c:2025 0x3ffb6124: in_left: 0, nb_want: 5

I (37537) mbedtls: ssl_msg.c:2028 0x3ffb6124: ssl->f_recv(_timeout)() returned 5 (-0xfffffffb)

I (37537) mbedtls: ssl_msg.c:2050 0x3ffb6124: <= fetch input

D (37537) mbedtls: ssl_msg.c:3707 0x3ffb6124: input record: msgtype = 22, version = [0x303], msglen = 65

I (37537) mbedtls: ssl_msg.c:1865 0x3ffb6124: => fetch input

I (37537) mbedtls: ssl_msg.c:2005 0x3ffb6124: in_left: 5, nb_want: 70

I (37537) mbedtls: ssl_msg.c:2025 0x3ffb6124: in_left: 5, nb_want: 70

I (37537) mbedtls: ssl_msg.c:2028 0x3ffb6124: ssl->f_recv(_timeout)() returned 65 (-0xffffffbf)

I (37537) mbedtls: ssl_msg.c:2050 0x3ffb6124: <= fetch input

D (37537) mbedtls: ssl_msg.c:2948 0x3ffb6124: handshake message: msglen = 65, type = 2, hslen = 65

D (37537) mbedtls: ssl_msg.c:3085 0x3ffb6124: sole handshake fragment: 65, 0..65 of 65

I (37537) mbedtls: ssl_msg.c:4112 0x3ffb6124: <= read record

D (37537) mbedtls: ssl_tls12_client.c:1225 0x3ffb6124: dumping 'server hello, version' (2 bytes)

D (37537) mbedtls: ssl_tls12_client.c:1225 0x3ffb6124: 0000:  03 03                                            ..

D (37537) mbedtls: ssl_tls12_client.c:1246 0x3ffb6124: server hello, current time: 3515053149

D (37537) mbedtls: ssl_tls12_client.c:1256 0x3ffb6124: dumping 'server hello, random bytes' (32 bytes)

D (37547) mbedtls: ssl_tls12_client.c:1256 0x3ffb6124: 0000:  d1 83 74 5d 72 0e b6 9c 7f 09 f2 fd f3 bb f4 3c  ..t]r..........<

D (37547) mbedtls: ssl_tls12_client.c:1256 0x3ffb6124: 0010:  96 99 b9 04 6c 9f 70 e8 01 3c 19 e8 bf 17 33 02  ....l.p..<....3.

D (37547) mbedtls: ssl_tls12_client.c:1318 0x3ffb6124: server hello, session id len.: 0

D (37547) mbedtls: ssl_tls12_client.c:1319 0x3ffb6124: dumping 'server hello, session id' (0 bytes)

D (37547) mbedtls: ssl_misc.h:1295 0x3ffb6124: handshake state: 2 (MBEDTLS_SSL_SERVER_HELLO) -> 3 (MBEDTLS_SSL_SERVER_CERTIFICATE)

D (37547) mbedtls: ssl_tls12_client.c:1343 0x3ffb6124: no session has been resumed

D (37547) mbedtls: ssl_tls12_client.c:1346 0x3ffb6124: server hello, chosen ciphersuite: c030

D (37547) mbedtls: ssl_tls12_client.c:1347 0x3ffb6124: server hello, compress alg.: 0

D (37547) mbedtls: ssl_tls12_client.c:1382 0x3ffb6124: server hello, chosen ciphersuite: TLS-ECDHE-RSA-WITH-AES-256-GCM-SHA384

I (37547) mbedtls: ssl_tls12_client.c:1403 0x3ffb6124: server hello, total extension length: 21

D (37547) mbedtls: ssl_tls12_client.c:1421 0x3ffb6124: found renegotiation extension

D (37547) mbedtls: ssl_tls12_client.c:1500 0x3ffb6124: found supported_point_formats extension

D (37547) mbedtls: ssl_tls12_client.c:1486 0x3ffb6124: found session_ticket extension

D (37547) mbedtls: ssl_tls12_client.c:1473 0x3ffb6124: found extended_master_secret extension

I (37547) mbedtls: ssl_tls12_client.c:1617 0x3ffb6124: <= parse server hello

I (37547) mbedtls: ssl_msg.c:2063 0x3ffb6124: => flush output

I (37547) mbedtls: ssl_msg.c:2072 0x3ffb6124: <= flush output

I (37547) mbedtls: ssl_tls.c:4201 0x3ffb6124: client state: MBEDTLS_SSL_SERVER_CERTIFICATE

I (37547) mbedtls: ssl_tls.c:7077 0x3ffb6124: => parse certificate

I (37547) mbedtls: ssl_msg.c:4040 0x3ffb6124: => read record

I (37547) mbedtls: ssl_msg.c:1865 0x3ffb6124: => fetch input

I (37547) mbedtls: ssl_msg.c:2005 0x3ffb6124: in_left: 0, nb_want: 5

I (37547) mbedtls: ssl_msg.c:2025 0x3ffb6124: in_left: 0, nb_want: 5

I (37547) mbedtls: ssl_msg.c:2028 0x3ffb6124: ssl->f_recv(_timeout)() returned 5 (-0xfffffffb)

I (37547) mbedtls: ssl_msg.c:2050 0x3ffb6124: <= fetch input

D (37547) mbedtls: ssl_msg.c:3707 0x3ffb6124: input record: msgtype = 22, version = [0x303], msglen = 791

I (37547) mbedtls: ssl_msg.c:1865 0x3ffb6124: => fetch input

I (37547) mbedtls: ssl_msg.c:2005 0x3ffb6124: in_left: 5, nb_want: 796

I (37547) mbedtls: ssl_msg.c:2025 0x3ffb6124: in_left: 5, nb_want: 796

I (37547) mbedtls: ssl_msg.c:2028 0x3ffb6124: ssl->f_recv(_timeout)() returned 791 (-0xfffffce9)

I (37547) mbedtls: ssl_msg.c:2050 0x3ffb6124: <= fetch input

D (37547) mbedtls: ssl_msg.c:2948 0x3ffb6124: handshake message: msglen = 791, type = 11, hslen = 791

D (37547) mbedtls: ssl_msg.c:3085 0x3ffb6124: sole handshake fragment: 791, 0..791 of 791

I (37547) mbedtls: ssl_msg.c:4112 0x3ffb6124: <= read record

D (37557) mbedtls: ssl_tls.c:6952 0x3ffb6124: peer certificate #1:

D (37557) mbedtls: ssl_tls.c:6952 0x3ffb6124: cert. version     : 3

D (37557) mbedtls: ssl_tls.c:6952 0x3ffb6124: serial number     : 77:66:A5:9D:AF:14:9E:F2:03:F7:3C:2B:1A:5C:81:86:F8:A3:4E:52

D (37557) mbedtls: ssl_tls.c:6952 0x3ffb6124: issuer name       : CN=localhost

D (37557) mbedtls: ssl_tls.c:6952 0x3ffb6124: subject name      : CN=localhost

D (37557) mbedtls: ssl_tls.c:6952 0x3ffb6124: issued  on        : 2026-08-26 20:20:30

D (37557) mbedtls: ssl_tls.c:6952 0x3ffb6124: expires on        : 2026-09-25 20:20:30

D (37557) mbedtls: ssl_tls.c:6952 0x3ffb6124: signed using      : RSA with SHA-256

D (37557) mbedtls: ssl_tls.c:6952 0x3ffb6124: RSA key size      : 2048 bits

D (37557) mbedtls: ssl_tls.c:6952 0x3ffb6124: basic constraints : CA=true

D (37557) mbedtls: ssl_tls.c:6952 0x3ffb6124: dumping 'crt->PK' (270 bytes)

D (37557) mbedtls: ssl_tls.c:6952 0x3ffb6124: 0000:  30 82 01 0a 02 82 01 01 00 dd 03 19 3e 8f 4a 05

D (37557) mbedtls: ssl_tls.c:6952 0x3ffb6124: 0010:  9c d6 74 e1 46 bc 40 7a 7e af 78 09 38 f6 d0 1c

D (37557) mbedtls: ssl_tls.c:6952 0x3ffb6124: 0020:  9d e4 2b 18 4c a1 87 f6 83 55 82 2d e0 21 fb b2

D (37557) mbedtls: ssl_tls.c:6952 0x3ffb6124: 0030:  00 2f 9b 98 36 24 73 47 a2 11 bb 50 05 1c 9e 40

D (37557) mbedtls: ssl_tls.c:6952 0x3ffb6124: 0040:  41 c9 de 81 7e a1 eb 82 48 35 d0 51 24 0d 22 bd

D (37557) mbedtls: ssl_tls.c:6952 0x3ffb6124: 0050:  7e c7 0b 60 74 e2 60 3e 76 de c1 3d b5 9f e9 d2

D (37557) mbedtls: ssl_tls.c:6952 0x3ffb6124: 0060:  ac 90 d3 84 2a 75 7c 41 8a 11 14 c8 bc 09 7b 9d

D (37557) mbedtls: ssl_tls.c:6952 0x3ffb6124: 0070:  45 54 95 c1 50 05 be f1 34 c0 05 55 f5 a2 b3 a8

D (37557) mbedtls: ssl_tls.c:6952 0x3ffb6124: 0080:  24 f6 ab 22 df 72 97 ef b5 8f e4 fe 49 be 4f c1

D (37557) mbedtls: ssl_tls.c:6952 0x3ffb6124: 0090:  08 e0 39 7a cd ba 74 2e d1 20 74 ad 6b 59 ab 86

D (37557) mbedtls: ssl_tls.c:6952 0x3ffb6124: 00a0:  5d 29 ab 81 f0 c1 22 3f 01 b9 0b a1 fb ee 70 9f

D (37557) mbedtls: ssl_tls.c:6952 0x3ffb6124: 00b0:  eb 29 5e 9f 1d 6a 0d dc 65 fd 5e 5d 38 0c 1a c3

D (37557) mbedtls: ssl_tls.c:6952 0x3ffb6124: 00c0:  ae b7 b7 2f 66 23 82 80 ab 7d 69 7c 8f 95 ab e8

D (37557) mbedtls: ssl_tls.c:6952 0x3ffb6124: 00d0:  c0 4d 21 42 7d 78 c8 25 8b 60 f6 0d 87 c9 f4 df

D (37557) mbedtls: ssl_tls.c:6952 0x3ffb6124: 00e0:  36 bf 16 7c 59 16 d1 09 ec 17 67 cf 5d 9f 8f 78

D (37557) mbedtls: ssl_tls.c:6952 0x3ffb6124: 00f0:  8c 3d d0 02 18 d5 bc a7 19 f4 51 fe 1d b3 20 40

D (37557) mbedtls: ssl_tls.c:6952 0x3ffb6124: 0100:  67 7e 3a cc 30 f3 8d a0 ef 02 03 01 00 01      

I (37557) mbedtls: ssl_tls.c:7191 0x3ffb6124: <= parse certificate

D (37557) mbedtls: ssl_misc.h:1295 0x3ffb6124: handshake state: 3 (MBEDTLS_SSL_SERVER_CERTIFICATE) -> 4 (MBEDTLS_SSL_SERVER_KEY_EXCHANGE)

I (37557) mbedtls: ssl_msg.c:2063 0x3ffb6124: => flush output

I (37557) mbedtls: ssl_msg.c:2072 0x3ffb6124: <= flush output

I (37557) mbedtls: ssl_tls.c:4201 0x3ffb6124: client state: MBEDTLS_SSL_SERVER_KEY_EXCHANGE

I (37557) mbedtls: ssl_tls12_client.c:1831 0x3ffb6124: => parse server key exchange

I (37557) mbedtls: ssl_msg.c:4040 0x3ffb6124: => read record

I (37557) mbedtls: ssl_msg.c:1865 0x3ffb6124: => fetch input

I (37557) mbedtls: ssl_msg.c:2005 0x3ffb6124: in_left: 0, nb_want: 5

I (37557) mbedtls: ssl_msg.c:2025 0x3ffb6124: in_left: 0, nb_want: 5

I (37557) mbedtls: ssl_msg.c:2028 0x3ffb6124: ssl->f_recv(_timeout)() returned 5 (-0xfffffffb)

I (37557) mbedtls: ssl_msg.c:2050 0x3ffb6124: <= fetch input

D (37557) mbedtls: ssl_msg.c:3707 0x3ffb6124: input record: msgtype = 22, version = [0x303], msglen = 300

I (37557) mbedtls: ssl_msg.c:1865 0x3ffb6124: => fetch input

I (37557) mbedtls: ssl_msg.c:2005 0x3ffb6124: in_left: 5, nb_want: 305

I (37557) mbedtls: ssl_msg.c:2025 0x3ffb6124: in_left: 5, nb_want: 305

I (37557) mbedtls: ssl_msg.c:2028 0x3ffb6124: ssl->f_recv(_timeout)() returned 300 (-0xfffffed4)

I (37557) mbedtls: ssl_msg.c:2050 0x3ffb6124: <= fetch input

D (37567) mbedtls: ssl_msg.c:2948 0x3ffb6124: handshake message: msglen = 300, type = 12, hslen = 300

D (37567) mbedtls: ssl_msg.c:3085 0x3ffb6124: sole handshake fragment: 300, 0..300 of 300

I (37567) mbedtls: ssl_msg.c:4112 0x3ffb6124: <= read record

D (37567) mbedtls: ssl_tls12_client.c:1885 0x3ffb6124: dumping 'server key exchange' (296 bytes)

D (37567) mbedtls: ssl_tls12_client.c:1885 0x3ffb6124: 0000:  03 00 1d 20 50 1a 4c 38 bf 93 2f f0 d4 12 59 41  ... P.L8../...YA

D (37567) mbedtls: ssl_tls12_client.c:1885 0x3ffb6124: 0010:  5d 1f 83 c3 be 50 e4 19 c8 66 7a 6a 32 a4 98 96  ]....P...fzj2...

D (37567) mbedtls: ssl_tls12_client.c:1885 0x3ffb6124: 0020:  5d 6f 97 06 06 01 01 00 76 bf 0a 7f 24 85 a9 fe  ]o......v...$...

D (37567) mbedtls: ssl_tls12_client.c:1885 0x3ffb6124: 0030:  37 4c 21 d6 79 4b a4 1b 1e 7d 17 2a 64 7a 6e c0  7L!.yK...}.*dzn.

D (37567) mbedtls: ssl_tls12_client.c:1885 0x3ffb6124: 0040:  6c 33 a7 a5 0b 27 94 57 01 a3 48 5a 74 a2 fe e6  l3...'.W..HZt...

D (37567) mbedtls: ssl_tls12_client.c:1885 0x3ffb6124: 0050:  58 c3 54 4f ed b1 b8 9d c7 0f 71 ef 6f d0 e8 34  X.TO......q.o..4

D (37567) mbedtls: ssl_tls12_client.c:1885 0x3ffb6124: 0060:  6e a6 7c 20 93 5b b2 fc 02 57 22 0f 77 8e ac 2a  n.| .[...W".w..*

D (37567) mbedtls: ssl_tls12_client.c:1885 0x3ffb6124: 0070:  e4 54 f1 43 c8 68 78 d6 9a 55 f7 d4 d7 92 77 79  .T.C.hx..U....wy

D (37567) mbedtls: ssl_tls12_client.c:1885 0x3ffb6124: 0080:  30 6c 52 f8 3f e2 41 2d a3 8b 99 b3 62 b6 82 72  0lR.?.A-....b..r

D (37567) mbedtls: ssl_tls12_client.c:1885 0x3ffb6124: 0090:  98 aa e5 e5 52 63 eb aa 0c a6 76 82 74 93 37 d4  ....Rc....v.t.7.

D (37567) mbedtls: ssl_tls12_client.c:1885 0x3ffb6124: 00a0:  48 0d 61 da ef f0 9e 72 b8 67 42 7f dc 28 c2 e6  H.a....r.gB..(..

D (37567) mbedtls: ssl_tls12_client.c:1885 0x3ffb6124: 00b0:  79 cc da 14 5a ab f9 1d 48 30 b0 6b 27 43 c0 d0  y...Z...H0.k'C..

D (37567) mbedtls: ssl_tls12_client.c:1885 0x3ffb6124: 00c0:  1d 3b c1 a8 3a 30 03 b0 ab a8 5f a4 7b e1 09 22  .;..:0...._.{.."

D (37567) mbedtls: ssl_tls12_client.c:1885 0x3ffb6124: 00d0:  c8 5d d9 7e f1 d5 03 2e ec a1 c0 12 cc 01 ae 9e  .].~............

D (37567) mbedtls: ssl_tls12_client.c:1885 0x3ffb6124: 00e0:  1a 10 13 3c 2b 02 e9 d4 7a 3d f9 9d 0e f4 e1 b2  ...<+...z=......

D (37567) mbedtls: ssl_tls12_client.c:1885 0x3ffb6124: 00f0:  f4 56 b5 de 26 25 bf 1c ce e0 4c 59 2a be 8d 12  .V..&%....LY*...

D (37567) mbedtls: ssl_tls12_client.c:1885 0x3ffb6124: 0100:  14 8c 77 5f f7 0e 77 ec 53 bb 7f 3f 48 ee 93 1b  ..w_..w.S..?H...

D (37567) mbedtls: ssl_tls12_client.c:1885 0x3ffb6124: 0110:  49 fe 81 28 4b 9b 71 03 1e 54 ba 3d ea cb b1 7b  I..(K.q..T.=...{

D (37567) mbedtls: ssl_tls12_client.c:1885 0x3ffb6124: 0120:  33 eb 22 df 58 a3 88 8e                          3.".X...

I (37567) mbedtls: ssl_tls12_client.c:1815 0x3ffb6124: Server used the signature algorithm rsa_pkcs1_sha512

D (37567) mbedtls: ssl_tls12_client.c:2047 0x3ffb6124: dumping 'signature' (256 bytes)

D (37567) mbedtls: ssl_tls12_client.c:2047 0x3ffb6124: 0000:  76 bf 0a 7f 24 85 a9 fe 37 4c 21 d6 79 4b a4 1b  v...$...7L!.yK..

D (37567) mbedtls: ssl_tls12_client.c:2047 0x3ffb6124: 0010:  1e 7d 17 2a 64 7a 6e c0 6c 33 a7 a5 0b 27 94 57  .}.*dzn.l3...'.W

D (37567) mbedtls: ssl_tls12_client.c:2047 0x3ffb6124: 0020:  01 a3 48 5a 74 a2 fe e6 58 c3 54 4f ed b1 b8 9d  ..HZt...X.TO....

D (37567) mbedtls: ssl_tls12_client.c:2047 0x3ffb6124: 0030:  c7 0f 71 ef 6f d0 e8 34 6e a6 7c 20 93 5b b2 fc  ..q.o..4n.| .[..

D (37567) mbedtls: ssl_tls12_client.c:2047 0x3ffb6124: 0040:  02 57 22 0f 77 8e ac 2a e4 54 f1 43 c8 68 78 d6  .W".w..*.T.C.hx.

D (37567) mbedtls: ssl_tls12_client.c:2047 0x3ffb6124: 0050:  9a 55 f7 d4 d7 92 77 79 30 6c 52 f8 3f e2 41 2d  .U....wy0lR.?.A-

D (37567) mbedtls: ssl_tls12_client.c:2047 0x3ffb6124: 0060:  a3 8b 99 b3 62 b6 82 72 98 aa e5 e5 52 63 eb aa  ....b..r....Rc..

D (37567) mbedtls: ssl_tls12_client.c:2047 0x3ffb6124: 0070:  0c a6 76 82 74 93 37 d4 48 0d 61 da ef f0 9e 72  ..v.t.7.H.a....r

D (37567) mbedtls: ssl_tls12_client.c:2047 0x3ffb6124: 0080:  b8 67 42 7f dc 28 c2 e6 79 cc da 14 5a ab f9 1d  .gB..(..y...Z...

D (37567) mbedtls: ssl_tls12_client.c:2047 0x3ffb6124: 0090:  48 30 b0 6b 27 43 c0 d0 1d 3b c1 a8 3a 30 03 b0  H0.k'C...;..:0..

D (37577) mbedtls: ssl_tls12_client.c:2047 0x3ffb6124: 00a0:  ab a8 5f a4 7b e1 09 22 c8 5d d9 7e f1 d5 03 2e  .._.{..".].~....

D (37577) mbedtls: ssl_tls12_client.c:2047 0x3ffb6124: 00b0:  ec a1 c0 12 cc 01 ae 9e 1a 10 13 3c 2b 02 e9 d4  ...........<+...

D (37577) mbedtls: ssl_tls12_client.c:2047 0x3ffb6124: 00c0:  7a 3d f9 9d 0e f4 e1 b2 f4 56 b5 de 26 25 bf 1c  z=.......V..&%..

D (37577) mbedtls: ssl_tls12_client.c:2047 0x3ffb6124: 00d0:  ce e0 4c 59 2a be 8d 12 14 8c 77 5f f7 0e 77 ec  ..LY*.....w_..w.

D (37577) mbedtls: ssl_tls12_client.c:2047 0x3ffb6124: 00e0:  53 bb 7f 3f 48 ee 93 1b 49 fe 81 28 4b 9b 71 03  S..?H...I..(K.q.

D (37577) mbedtls: ssl_tls12_client.c:2047 0x3ffb6124: 00f0:  1e 54 ba 3d ea cb b1 7b 33 eb 22 df 58 a3 88 8e  .T.=...{3.".X...

D (37577) mbedtls: ssl_tls.c:8082 0x3ffb6124: Perform PSA-based computation of digest of ServerKeyExchange

D (37577) mbedtls: ssl_tls12_client.c:2064 0x3ffb6124: dumping 'parameters hash' (64 bytes)

D (37577) mbedtls: ssl_tls12_client.c:2064 0x3ffb6124: 0000:  de a8 cd 87 da 3b 34 5d e3 17 d0 4f 92 8b ac b8  .....;4]...O....

D (37577) mbedtls: ssl_tls12_client.c:2064 0x3ffb6124: 0010:  c6 f0 69 fa 2e 76 7e c9 eb 94 69 c6 82 e6 a2 ba  ..i..v~...i.....

D (37577) mbedtls: ssl_tls12_client.c:2064 0x3ffb6124: 0020:  22 d3 4d 98 04 3a f8 9d 28 1d c5 86 6e 9d 5e 64  ".M..:..(...n.^d

D (37577) mbedtls: ssl_tls12_client.c:2064 0x3ffb6124: 0030:  9b 1a 4f 93 e7 e3 d7 7d 06 bd 09 6f b6 71 b1 32  ..O....}...o.q.2

D (37587) mbedtls: ssl_misc.h:1295 0x3ffb6124: handshake state: 4 (MBEDTLS_SSL_SERVER_KEY_EXCHANGE) -> 5 (MBEDTLS_SSL_CERTIFICATE_REQUEST)

I (37587) mbedtls: ssl_tls12_client.c:2118 0x3ffb6124: <= parse server key exchange

I (37587) mbedtls: ssl_msg.c:2063 0x3ffb6124: => flush output

I (37587) mbedtls: ssl_msg.c:2072 0x3ffb6124: <= flush output

I (37587) mbedtls: ssl_tls.c:4201 0x3ffb6124: client state: MBEDTLS_SSL_CERTIFICATE_REQUEST

I (37587) mbedtls: ssl_tls12_client.c:2157 0x3ffb6124: => parse certificate request

I (37587) mbedtls: ssl_msg.c:4040 0x3ffb6124: => read record

I (37587) mbedtls: ssl_msg.c:1865 0x3ffb6124: => fetch input

I (37587) mbedtls: ssl_msg.c:2005 0x3ffb6124: in_left: 0, nb_want: 5

I (37587) mbedtls: ssl_msg.c:2025 0x3ffb6124: in_left: 0, nb_want: 5

I (37587) mbedtls: ssl_msg.c:2028 0x3ffb6124: ssl->f_recv(_timeout)() returned 5 (-0xfffffffb)

I (37587) mbedtls: ssl_msg.c:2050 0x3ffb6124: <= fetch input

D (37587) mbedtls: ssl_msg.c:3707 0x3ffb6124: input record: msgtype = 22, version = [0x303], msglen = 4

I (37587) mbedtls: ssl_msg.c:1865 0x3ffb6124: => fetch input

I (37587) mbedtls: ssl_msg.c:2005 0x3ffb6124: in_left: 5, nb_want: 9

I (37587) mbedtls: ssl_msg.c:2025 0x3ffb6124: in_left: 5, nb_want: 9

I (37587) mbedtls: ssl_msg.c:2028 0x3ffb6124: ssl->f_recv(_timeout)() returned 4 (-0xfffffffc)

I (37587) mbedtls: ssl_msg.c:2050 0x3ffb6124: <= fetch input

D (37587) mbedtls: ssl_msg.c:2948 0x3ffb6124: handshake message: msglen = 4, type = 14, hslen = 4

D (37587) mbedtls: ssl_msg.c:3085 0x3ffb6124: sole handshake fragment: 4, 0..4 of 4

I (37587) mbedtls: ssl_msg.c:4112 0x3ffb6124: <= read record

D (37587) mbedtls: ssl_misc.h:1295 0x3ffb6124: handshake state: 5 (MBEDTLS_SSL_CERTIFICATE_REQUEST) -> 6 (MBEDTLS_SSL_SERVER_HELLO_DONE)

D (37587) mbedtls: ssl_tls12_client.c:2183 0x3ffb6124: got no certificate request

I (37587) mbedtls: ssl_tls12_client.c:2319 0x3ffb6124: <= parse certificate request

I (37587) mbedtls: ssl_msg.c:2063 0x3ffb6124: => flush output

I (37587) mbedtls: ssl_msg.c:2072 0x3ffb6124: <= flush output

I (37597) mbedtls: ssl_tls.c:4201 0x3ffb6124: client state: MBEDTLS_SSL_SERVER_HELLO_DONE

I (37597) mbedtls: ssl_tls12_client.c:2330 0x3ffb6124: => parse server hello done

I (37597) mbedtls: ssl_msg.c:4040 0x3ffb6124: => read record

I (37597) mbedtls: ssl_msg.c:4108 0x3ffb6124: reuse previously read message

I (37597) mbedtls: ssl_msg.c:4112 0x3ffb6124: <= read record

D (37597) mbedtls: ssl_misc.h:1295 0x3ffb6124: handshake state: 6 (MBEDTLS_SSL_SERVER_HELLO_DONE) -> 7 (MBEDTLS_SSL_CLIENT_CERTIFICATE)

I (37597) mbedtls: ssl_tls12_client.c:2358 0x3ffb6124: <= parse server hello done

I (37597) mbedtls: ssl_msg.c:2063 0x3ffb6124: => flush output

I (37597) mbedtls: ssl_msg.c:2072 0x3ffb6124: <= flush output

I (37597) mbedtls: ssl_tls.c:4201 0x3ffb6124: client state: MBEDTLS_SSL_CLIENT_CERTIFICATE

I (37597) mbedtls: ssl_tls.c:6675 0x3ffb6124: => write certificate

I (37597) mbedtls: ssl_tls.c:6686 0x3ffb6124: <= skip write certificate

D (37597) mbedtls: ssl_misc.h:1295 0x3ffb6124: handshake state: 7 (MBEDTLS_SSL_CLIENT_CERTIFICATE) -> 8 (MBEDTLS_SSL_CLIENT_KEY_EXCHANGE)

I (37597) mbedtls: ssl_msg.c:2063 0x3ffb6124: => flush output

I (37597) mbedtls: ssl_msg.c:2072 0x3ffb6124: <= flush output

I (37597) mbedtls: ssl_tls.c:4201 0x3ffb6124: client state: MBEDTLS_SSL_CLIENT_KEY_EXCHANGE

I (37597) mbedtls: ssl_tls12_client.c:2373 0x3ffb6124: => write client key exchange

D (37597) mbedtls: ssl_tls12_client.c:2387 0x3ffb6124: Perform PSA-based ECDH computation.

[mem-tick] t=   36086 ms phase=heal         free=216624
[mem-tick] t=   36186 ms phase=heal         free=216300
D (37727) mbedtls: ssl_misc.h:1295 0x3ffb6124: handshake state: 8 (MBEDTLS_SSL_CLIENT_KEY_EXCHANGE) -> 9 (MBEDTLS_SSL_CERTIFICATE_VERIFY)

I (37737) mbedtls: ssl_msg.c:2494 0x3ffb6124: => write handshake message

I (37737) mbedtls: ssl_msg.c:2654 0x3ffb6124: => write record

D (37737) mbedtls: ssl_msg.c:2737 0x3ffb6124: output record: msgtype = 22, version = [3:3], msglen = 37

I (37737) mbedtls: ssl_msg.c:2063 0x3ffb6124: => flush output

I (37737) mbedtls: ssl_msg.c:2077 0x3ffb6124: message length: 42, out_left: 42

I (37737) mbedtls: ssl_msg.c:2084 0x3ffb6124: ssl->f_send() returned 42 (-0xffffffd6)

I (37737) mbedtls: ssl_msg.c:2111 0x3ffb6124: <= flush output

I (37737) mbedtls: ssl_msg.c:2790 0x3ffb6124: <= write record

I (37737) mbedtls: ssl_msg.c:2615 0x3ffb6124: <= write handshake message

I (37737) mbedtls: ssl_tls12_client.c:2653 0x3ffb6124: <= write client key exchange

I (37737) mbedtls: ssl_msg.c:2063 0x3ffb6124: => flush output

I (37737) mbedtls: ssl_msg.c:2072 0x3ffb6124: <= flush output

I (37737) mbedtls: ssl_tls.c:4201 0x3ffb6124: client state: MBEDTLS_SSL_CERTIFICATE_VERIFY

I (37737) mbedtls: ssl_tls12_client.c:2701 0x3ffb6124: => write certificate verify

I (37737) mbedtls: ssl_tls.c:6466 0x3ffb6124: => derive keys

I (37737) mbedtls: ssl_tls.c:6557 0x3ffb6124: => PSA calc verify

D (37737) mbedtls: ssl_tls.c:6568 0x3ffb6124: dumping 'PSA calculated verify result' (48 bytes)

D (37737) mbedtls: ssl_tls.c:6568 0x3ffb6124: 0000:  5c bf 35 b7 5a b7 f7 9c dc 7b 91 81 22 f0 30 96  \.5.Z....{..".0.

D (37737) mbedtls: ssl_tls.c:6568 0x3ffb6124: 0010:  0e c3 24 9d 05 9c d0 31 5e 1e 0a 90 64 bb ce 71  ..$....1^...d..q

D (37737) mbedtls: ssl_tls.c:6568 0x3ffb6124: 0020:  4c 88 59 c9 25 0d 9b 09 27 c7 de 08 9c 09 9a 0a  L.Y.%...'.......

I (37737) mbedtls: ssl_tls.c:6569 0x3ffb6124: <= PSA calc verify

D (37737) mbedtls: ssl_tls.c:6308 0x3ffb6124: dumping 'session hash for extended master secret' (48 bytes)

D (37737) mbedtls: ssl_tls.c:6308 0x3ffb6124: 0000:  5c bf 35 b7 5a b7 f7 9c dc 7b 91 81 22 f0 30 96  \.5.Z....{..".0.

D (37737) mbedtls: ssl_tls.c:6308 0x3ffb6124: 0010:  0e c3 24 9d 05 9c d0 31 5e 1e 0a 90 64 bb ce 71  ..$....1^...d..q

D (37737) mbedtls: ssl_tls.c:6308 0x3ffb6124: 0020:  4c 88 59 c9 25 0d 9b 09 27 c7 de 08 9c 09 9a 0a  L.Y.%...'.......

D (37737) mbedtls: ssl_tls.c:6449 0x3ffb6124: dumping 'premaster secret' (32 bytes)

D (37737) mbedtls: ssl_tls.c:6449 0x3ffb6124: 0000:  31 a7 45 c4 70 89 65 99 16 a4 da fb 43 1f 4b 51  1.E.p.e.....C.KQ

D (37737) mbedtls: ssl_tls.c:6449 0x3ffb6124: 0010:  a7 3a 13 b4 74 c0 82 34 e5 6c 37 0e fb 2b bc 3f  .:..t..4.l7..+.?

D (37737) mbedtls: ssl_tls.c:7762 0x3ffb6124: ciphersuite = TLS-ECDHE-RSA-WITH-AES-256-GCM-SHA384

D (37737) mbedtls: ssl_tls.c:7764 0x3ffb6124: dumping 'master secret' (48 bytes)

D (37737) mbedtls: ssl_tls.c:7764 0x3ffb6124: 0000:  2d 69 26 b2 c3 ce b7 4b c6 81 d6 4c 3b 1c 92 e0  -i&....K...L;...

D (37737) mbedtls: ssl_tls.c:7764 0x3ffb6124: 0010:  8d 90 1a 3a 83 5b 79 ef d0 e0 69 36 13 c8 74 b9  ...:.[y...i6..t.

D (37737) mbedtls: ssl_tls.c:7764 0x3ffb6124: 0020:  a9 bb 4a f4 91 d4 e3 d4 27 f8 0e 97 9e 7d ed c4  ..J.....'....}..

D (37737) mbedtls: ssl_tls.c:7855 0x3ffb6124: keylen: 32, minlen: 24, ivlen: 12, maclen: 0

I (37737) mbedtls: ssl_tls.c:6517 0x3ffb6124: <= derive keys

I (37737) mbedtls: ssl_tls12_client.c:2723 0x3ffb6124: <= skip write certificate verify

D (37737) mbedtls: ssl_misc.h:1295 0x3ffb6124: handshake state: 9 (MBEDTLS_SSL_CERTIFICATE_VERIFY) -> 10 (MBEDTLS_SSL_CLIENT_CHANGE_CIPHER_SPEC)

I (37737) mbedtls: ssl_msg.c:2063 0x3ffb6124: => flush output

I (37737) mbedtls: ssl_msg.c:2072 0x3ffb6124: <= flush output

I (37737) mbedtls: ssl_tls.c:4201 0x3ffb6124: client state: MBEDTLS_SSL_CLIENT_CHANGE_CIPHER_SPEC

I (37737) mbedtls: ssl_msg.c:5087 0x3ffb6124: => write change cipher spec

D (37737) mbedtls: ssl_misc.h:1295 0x3ffb6124: handshake state: 10 (MBEDTLS_SSL_CLIENT_CHANGE_CIPHER_SPEC) -> 11 (MBEDTLS_SSL_CLIENT_FINISHED)

I (37737) mbedtls: ssl_msg.c:2494 0x3ffb6124: => write handshake message

I (37737) mbedtls: ssl_msg.c:2654 0x3ffb6124: => write record

D (37737) mbedtls: ssl_msg.c:2737 0x3ffb6124: output record: msgtype = 20, version = [3:3], msglen = 1

I (37737) mbedtls: ssl_msg.c:2063 0x3ffb6124: => flush output

I (37737) mbedtls: ssl_msg.c:2077 0x3ffb6124: message length: 6, out_left: 6

I (37737) mbedtls: ssl_msg.c:2084 0x3ffb6124: ssl->f_send() returned 6 (-0xfffffffa)

I (37737) mbedtls: ssl_msg.c:2111 0x3ffb6124: <= flush output

I (37737) mbedtls: ssl_msg.c:2790 0x3ffb6124: <= write record

I (37737) mbedtls: ssl_msg.c:2615 0x3ffb6124: <= write handshake message

I (37737) mbedtls: ssl_msg.c:5100 0x3ffb6124: <= write change cipher spec

I (37747) mbedtls: ssl_msg.c:2063 0x3ffb6124: => flush output

I (37747) mbedtls: ssl_msg.c:2072 0x3ffb6124: <= flush output

I (37747) mbedtls: ssl_tls.c:4201 0x3ffb6124: client state: MBEDTLS_SSL_CLIENT_FINISHED

I (37747) mbedtls: ssl_tls.c:7384 0x3ffb6124: => write finished

I (37747) mbedtls: ssl_tls.c:7235 0x3ffb6124: => calc PSA finished tls

D (37747) mbedtls: ssl_tls.c:7246 0x3ffb6124: dumping 'PSA calculated padbuf' (48 bytes)

D (37747) mbedtls: ssl_tls.c:7246 0x3ffb6124: 0000:  5c bf 35 b7 5a b7 f7 9c dc 7b 91 81 22 f0 30 96  \.5.Z....{..".0.

D (37747) mbedtls: ssl_tls.c:7246 0x3ffb6124: 0010:  0e c3 24 9d 05 9c d0 31 5e 1e 0a 90 64 bb ce 71  ..$....1^...d..q

D (37747) mbedtls: ssl_tls.c:7246 0x3ffb6124: 0020:  4c 88 59 c9 25 0d 9b 09 27 c7 de 08 9c 09 9a 0a  L.Y.%...'.......

D (37747) mbedtls: ssl_tls.c:7258 0x3ffb6124: dumping 'calc finished result' (12 bytes)

D (37747) mbedtls: ssl_tls.c:7258 0x3ffb6124: 0000:  d5 00 3a e3 ab ed 78 40 95 43 c2 6a              ..:...x@.C.j

I (37747) mbedtls: ssl_tls.c:7262 0x3ffb6124: <= calc finished

D (37747) mbedtls: ssl_misc.h:1295 0x3ffb6124: handshake state: 11 (MBEDTLS_SSL_CLIENT_FINISHED) -> 12 (MBEDTLS_SSL_SERVER_CHANGE_CIPHER_SPEC)

D (37747) mbedtls: ssl_tls.c:7434 0x3ffb6124: switching to new transform spec for outbound data

I (37747) mbedtls: ssl_msg.c:2494 0x3ffb6124: => write handshake message

I (37747) mbedtls: ssl_msg.c:2654 0x3ffb6124: => write record

I (37747) mbedtls: ssl_msg.c:808 0x3ffb6124: => encrypt buf

D (37747) mbedtls: ssl_msg.c:1036 0x3ffb6124: before encrypt: msglen = 16, including 0 bytes of padding

I (37747) mbedtls: ssl_msg.c:1265 0x3ffb6124: <= encrypt buf

D (37747) mbedtls: ssl_msg.c:2737 0x3ffb6124: output record: msgtype = 22, version = [3:3], msglen = 40

I (37747) mbedtls: ssl_msg.c:2063 0x3ffb6124: => flush output

I (37747) mbedtls: ssl_msg.c:2077 0x3ffb6124: message length: 45, out_left: 45

I (37747) mbedtls: ssl_msg.c:2084 0x3ffb6124: ssl->f_send() returned 45 (-0xffffffd3)

I (37747) mbedtls: ssl_msg.c:2111 0x3ffb6124: <= flush output

I (37747) mbedtls: ssl_msg.c:2790 0x3ffb6124: <= write record

I (37747) mbedtls: ssl_msg.c:2615 0x3ffb6124: <= write handshake message

I (37747) mbedtls: ssl_tls.c:7487 0x3ffb6124: <= write finished

I (37747) mbedtls: ssl_msg.c:2063 0x3ffb6124: => flush output

I (37747) mbedtls: ssl_msg.c:2072 0x3ffb6124: <= flush output

I (37747) mbedtls: ssl_tls.c:4201 0x3ffb6124: client state: MBEDTLS_SSL_SERVER_CHANGE_CIPHER_SPEC

D (37747) mbedtls: ssl_misc.h:1295 0x3ffb6124: handshake state: 12 (MBEDTLS_SSL_SERVER_CHANGE_CIPHER_SPEC) -> 16 (MBEDTLS_SSL_NEW_SESSION_TICKET)

I (37747) mbedtls: ssl_tls12_client.c:2829 0x3ffb6124: => parse new session ticket

I (37747) mbedtls: ssl_msg.c:4040 0x3ffb6124: => read record

I (37747) mbedtls: ssl_msg.c:1865 0x3ffb6124: => fetch input

I (37747) mbedtls: ssl_msg.c:2005 0x3ffb6124: in_left: 0, nb_want: 5

I (37747) mbedtls: ssl_msg.c:2025 0x3ffb6124: in_left: 0, nb_want: 5

I (37747) mbedtls: ssl_msg.c:2028 0x3ffb6124: ssl->f_recv(_timeout)() returned 5 (-0xfffffffb)

I (37747) mbedtls: ssl_msg.c:2050 0x3ffb6124: <= fetch input

D (37747) mbedtls: ssl_msg.c:3707 0x3ffb6124: input record: msgtype = 22, version = [0x303], msglen = 186

I (37747) mbedtls: ssl_msg.c:1865 0x3ffb6124: => fetch input

I (37757) mbedtls: ssl_msg.c:2005 0x3ffb6124: in_left: 5, nb_want: 191

I (37757) mbedtls: ssl_msg.c:2025 0x3ffb6124: in_left: 5, nb_want: 191

I (37757) mbedtls: ssl_msg.c:2028 0x3ffb6124: ssl->f_recv(_timeout)() returned 186 (-0xffffff46)

I (37757) mbedtls: ssl_msg.c:2050 0x3ffb6124: <= fetch input

D (37757) mbedtls: ssl_msg.c:2948 0x3ffb6124: handshake message: msglen = 186, type = 4, hslen = 186

D (37757) mbedtls: ssl_msg.c:3085 0x3ffb6124: sole handshake fragment: 186, 0..186 of 186

I (37757) mbedtls: ssl_msg.c:4112 0x3ffb6124: <= read record

D (37757) mbedtls: ssl_tls12_client.c:2876 0x3ffb6124: ticket length: 176

D (37757) mbedtls: ssl_misc.h:1295 0x3ffb6124: handshake state: 16 (MBEDTLS_SSL_NEW_SESSION_TICKET) -> 12 (MBEDTLS_SSL_SERVER_CHANGE_CIPHER_SPEC)

D (37757) mbedtls: ssl_tls12_client.c:2920 0x3ffb6124: ticket in use, discarding session id

I (37757) mbedtls: ssl_tls12_client.c:2923 0x3ffb6124: <= parse new session ticket

I (37757) mbedtls: ssl_msg.c:2063 0x3ffb6124: => flush output

I (37757) mbedtls: ssl_msg.c:2072 0x3ffb6124: <= flush output

I (37757) mbedtls: ssl_tls.c:4201 0x3ffb6124: client state: MBEDTLS_SSL_SERVER_CHANGE_CIPHER_SPEC

I (37757) mbedtls: ssl_msg.c:5109 0x3ffb6124: => parse change cipher spec

I (37757) mbedtls: ssl_msg.c:4040 0x3ffb6124: => read record

I (37757) mbedtls: ssl_msg.c:1865 0x3ffb6124: => fetch input

I (37757) mbedtls: ssl_msg.c:2005 0x3ffb6124: in_left: 0, nb_want: 5

I (37757) mbedtls: ssl_msg.c:2025 0x3ffb6124: in_left: 0, nb_want: 5

I (37757) mbedtls: ssl_msg.c:2028 0x3ffb6124: ssl->f_recv(_timeout)() returned 5 (-0xfffffffb)

I (37757) mbedtls: ssl_msg.c:2050 0x3ffb6124: <= fetch input

D (37757) mbedtls: ssl_msg.c:3707 0x3ffb6124: input record: msgtype = 20, version = [0x303], msglen = 1

I (37757) mbedtls: ssl_msg.c:1865 0x3ffb6124: => fetch input

I (37757) mbedtls: ssl_msg.c:2005 0x3ffb6124: in_left: 5, nb_want: 6

I (37757) mbedtls: ssl_msg.c:2025 0x3ffb6124: in_left: 5, nb_want: 6

I (37757) mbedtls: ssl_msg.c:2028 0x3ffb6124: ssl->f_recv(_timeout)() returned 1 (-0xffffffff)

I (37757) mbedtls: ssl_msg.c:2050 0x3ffb6124: <= fetch input

I (37757) mbedtls: ssl_msg.c:4112 0x3ffb6124: <= read record

D (37757) mbedtls: ssl_msg.c:5130 0x3ffb6124: switching to new transform spec for inbound data

D (37757) mbedtls: ssl_misc.h:1295 0x3ffb6124: handshake state: 12 (MBEDTLS_SSL_SERVER_CHANGE_CIPHER_SPEC) -> 13 (MBEDTLS_SSL_SERVER_FINISHED)

I (37757) mbedtls: ssl_msg.c:5157 0x3ffb6124: <= parse change cipher spec

I (37757) mbedtls: ssl_msg.c:2063 0x3ffb6124: => flush output

I (37757) mbedtls: ssl_msg.c:2072 0x3ffb6124: <= flush output

I (37757) mbedtls: ssl_tls.c:4201 0x3ffb6124: client state: MBEDTLS_SSL_SERVER_FINISHED

I (37757) mbedtls: ssl_tls.c:7500 0x3ffb6124: => parse finished

I (37757) mbedtls: ssl_tls.c:7235 0x3ffb6124: => calc PSA finished tls

D (37757) mbedtls: ssl_tls.c:7246 0x3ffb6124: dumping 'PSA calculated padbuf' (48 bytes)

D (37757) mbedtls: ssl_tls.c:7246 0x3ffb6124: 0000:  5f 37 4a 37 4b 41 35 6e d5 7c 2c 8e 44 07 e7 80  _7J7KA5n.|,.D...

D (37757) mbedtls: ssl_tls.c:7246 0x3ffb6124: 0010:  ad 45 bf c9 c5 c9 8c d2 af a0 29 1f bb 70 c3 c6  .E........)..p..

D (37757) mbedtls: ssl_tls.c:7246 0x3ffb6124: 0020:  2b 0b 66 fc 04 4b 5b aa 77 d0 1b d1 23 bf df 5c  +.f..K[.w...#..\

D (37757) mbedtls: ssl_tls.c:7258 0x3ffb6124: dumping 'calc finished result' (12 bytes)

D (37757) mbedtls: ssl_tls.c:7258 0x3ffb6124: 0000:  fb 25 d5 12 2d 25 d6 88 71 c9 27 b8              .%..-%..q.'.

I (37757) mbedtls: ssl_tls.c:7262 0x3ffb6124: <= calc finished

I (37757) mbedtls: ssl_msg.c:4040 0x3ffb6124: => read record

I (37757) mbedtls: ssl_msg.c:1865 0x3ffb6124: => fetch input

I (37757) mbedtls: ssl_msg.c:2005 0x3ffb6124: in_left: 0, nb_want: 5

I (37767) mbedtls: ssl_msg.c:2025 0x3ffb6124: in_left: 0, nb_want: 5

I (37767) mbedtls: ssl_msg.c:2028 0x3ffb6124: ssl->f_recv(_timeout)() returned 5 (-0xfffffffb)

I (37767) mbedtls: ssl_msg.c:2050 0x3ffb6124: <= fetch input

D (37767) mbedtls: ssl_msg.c:3707 0x3ffb6124: input record: msgtype = 22, version = [0x303], msglen = 40

I (37767) mbedtls: ssl_msg.c:1865 0x3ffb6124: => fetch input

I (37767) mbedtls: ssl_msg.c:2005 0x3ffb6124: in_left: 5, nb_want: 45

I (37767) mbedtls: ssl_msg.c:2025 0x3ffb6124: in_left: 5, nb_want: 45

I (37767) mbedtls: ssl_msg.c:2028 0x3ffb6124: ssl->f_recv(_timeout)() returned 40 (-0xffffffd8)

I (37767) mbedtls: ssl_msg.c:2050 0x3ffb6124: <= fetch input

I (37767) mbedtls: ssl_msg.c:1301 0x3ffb6124: => decrypt buf

I (37767) mbedtls: ssl_msg.c:1831 0x3ffb6124: <= decrypt buf

D (37767) mbedtls: ssl_msg.c:2948 0x3ffb6124: handshake message: msglen = 16, type = 20, hslen = 16

D (37767) mbedtls: ssl_msg.c:3085 0x3ffb6124: sole handshake fragment: 16, 0..16 of 16

I (37767) mbedtls: ssl_msg.c:4112 0x3ffb6124: <= read record

D (37767) mbedtls: ssl_misc.h:1295 0x3ffb6124: handshake state: 13 (MBEDTLS_SSL_SERVER_FINISHED) -> 14 (MBEDTLS_SSL_FLUSH_BUFFERS)

I (37767) mbedtls: ssl_tls.c:7571 0x3ffb6124: <= parse finished

I (37767) mbedtls: ssl_msg.c:2063 0x3ffb6124: => flush output

I (37767) mbedtls: ssl_msg.c:2072 0x3ffb6124: <= flush output

I (37767) mbedtls: ssl_tls.c:4201 0x3ffb6124: client state: MBEDTLS_SSL_FLUSH_BUFFERS

I (37767) mbedtls: ssl_tls12_client.c:3031 0x3ffb6124: handshake: done

D (37767) mbedtls: ssl_misc.h:1295 0x3ffb6124: handshake state: 14 (MBEDTLS_SSL_FLUSH_BUFFERS) -> 15 (MBEDTLS_SSL_HANDSHAKE_WRAPUP)

I (37767) mbedtls: ssl_msg.c:2063 0x3ffb6124: => flush output

I (37767) mbedtls: ssl_msg.c:2072 0x3ffb6124: <= flush output

I (37767) mbedtls: ssl_tls.c:4201 0x3ffb6124: client state: MBEDTLS_SSL_HANDSHAKE_WRAPUP

D (37767) mbedtls: ssl_tls.c:7322 0x3ffb6124: => handshake wrapup

D (37767) mbedtls: ssl_tls.c:7296 0x3ffb6124: => handshake wrapup: final free

D (37767) mbedtls: ssl_tls.c:7315 0x3ffb6124: <= handshake wrapup: final free

D (37767) mbedtls: ssl_misc.h:1295 0x3ffb6124: handshake state: 15 (MBEDTLS_SSL_HANDSHAKE_WRAPUP) -> 27 (MBEDTLS_SSL_HANDSHAKE_OVER)

D (37767) mbedtls: ssl_tls.c:7376 0x3ffb6124: <= handshake wrapup

I (37767) mbedtls: ssl_tls.c:4293 0x3ffb6124: <= handshake

[phase-c] HEALED: handshake ok in 253073 us
[neg] version=TLSv1.2 suite=TLS-ECDHE-RSA-WITH-AES-256-GCM-SHA384 peer_cert=0 bytes

===== PHASE E: cert verification postures =====
--- E0: no verification option given (skip compiled in) ---
W (37777) esp-tls-mbedtls: skip_common_name=true: hostname matching and SNI disabled. This disables ALL server-name authentication (CN/SAN/SNI), not just CN. Only intended for loopback / debug clients.
D (37777) esp-tls: handshake in progress...
I (37777) mbedtls: ssl_tls.c:4282 0x3ffb6124: => handshake

I (37777) mbedtls: ssl_msg.c:2063 0x3ffb6124: => flush output

I (37777) mbedtls: ssl_msg.c:2072 0x3ffb6124: <= flush output

I (37777) mbedtls: ssl_tls.c:4201 0x3ffb6124: client state: MBEDTLS_SSL_HELLO_REQUEST

D (37777) mbedtls: ssl_misc.h:1295 0x3ffb6124: handshake state: 0 (MBEDTLS_SSL_HELLO_REQUEST) -> 1 (MBEDTLS_SSL_CLIENT_HELLO)

I (37777) mbedtls: ssl_msg.c:2063 0x3ffb6124: => flush output

I (37777) mbedtls: ssl_msg.c:2072 0x3ffb6124: <= flush output

I (37777) mbedtls: ssl_tls.c:4201 0x3ffb6124: client state: MBEDTLS_SSL_CLIENT_HELLO

I (37777) mbedtls: ssl_client.c:917 0x3ffb6124: => write client hello

D (37777) mbedtls: ssl_client.c:722 0x3ffb6124: client hello, current time: 36

D (37777) mbedtls: ssl_client.c:485 0x3ffb6124: dumping 'client hello, random bytes' (32 bytes)

D (37777) mbedtls: ssl_client.c:485 0x3ffb6124: 0000:  00 00 00 24 f9 8a 76 fc 3b 84 e8 d3 72 a5 dd ef  ...$..v.;...r...

D (37777) mbedtls: ssl_client.c:485 0x3ffb6124: 0010:  aa 46 63 64 c0 50 cc 17 3c f0 26 82 f2 1e 6c 0e  .Fcd.P..<.&...l.

D (37777) mbedtls: ssl_client.c:510 0x3ffb6124: dumping 'session id' (0 bytes)

D (37777) mbedtls: ssl_client.c:368 0x3ffb6124: client hello, add ciphersuite: c02c, TLS-ECDHE-ECDSA-WITH-AES-256-GCM-SHA384

D (37777) mbedtls: ssl_client.c:368 0x3ffb6124: client hello, add ciphersuite: c030, TLS-ECDHE-RSA-WITH-AES-256-GCM-SHA384

D (37777) mbedtls: ssl_client.c:368 0x3ffb6124: client hello, add ciphersuite: c0ad, TLS-ECDHE-ECDSA-WITH-AES-256-CCM

D (37777) mbedtls: ssl_client.c:368 0x3ffb6124: client hello, add ciphersuite: c024, TLS-ECDHE-ECDSA-WITH-AES-256-CBC-SHA384

D (37777) mbedtls: ssl_client.c:368 0x3ffb6124: client hello, add ciphersuite: c028, TLS-ECDHE-RSA-WITH-AES-256-CBC-SHA384

D (37777) mbedtls: ssl_client.c:368 0x3ffb6124: client hello, add ciphersuite: c00a, TLS-ECDHE-ECDSA-WITH-AES-256-CBC-SHA

D (37777) mbedtls: ssl_client.c:368 0x3ffb6124: client hello, add ciphersuite: c014, TLS-ECDHE-RSA-WITH-AES-256-CBC-SHA

D (37777) mbedtls: ssl_client.c:368 0x3ffb6124: client hello, add ciphersuite: c0af, TLS-ECDHE-ECDSA-WITH-AES-256-CCM-8

D (37777) mbedtls: ssl_client.c:368 0x3ffb6124: client hello, add ciphersuite: c02b, TLS-ECDHE-ECDSA-WITH-AES-128-GCM-SHA256

D (37777) mbedtls: ssl_client.c:368 0x3ffb6124: client hello, add ciphersuite: c02f, TLS-ECDHE-RSA-WITH-AES-128-GCM-SHA256

D (37777) mbedtls: ssl_client.c:368 0x3ffb6124: client hello, add ciphersuite: c0ac, TLS-ECDHE-ECDSA-WITH-AES-128-CCM

D (37777) mbedtls: ssl_client.c:368 0x3ffb6124: client hello, add ciphersuite: c023, TLS-ECDHE-ECDSA-WITH-AES-128-CBC-SHA256

D (37777) mbedtls: ssl_client.c:368 0x3ffb6124: client hello, add ciphersuite: c027, TLS-ECDHE-RSA-WITH-AES-128-CBC-SHA256

D (37777) mbedtls: ssl_client.c:368 0x3ffb6124: client hello, add ciphersuite: c009, TLS-ECDHE-ECDSA-WITH-AES-128-CBC-SHA

D (37777) mbedtls: ssl_client.c:368 0x3ffb6124: client hello, add ciphersuite: c013, TLS-ECDHE-RSA-WITH-AES-128-CBC-SHA

D (37777) mbedtls: ssl_client.c:368 0x3ffb6124: client hello, add ciphersuite: c0ae, TLS-ECDHE-ECDSA-WITH-AES-128-CCM-8

D (37777) mbedtls: ssl_client.c:386 0x3ffb6124: adding EMPTY_RENEGOTIATION_INFO_SCSV

D (37777) mbedtls: ssl_client.c:395 0x3ffb6124: client hello, got 17 cipher suites

D (37777) mbedtls: ssl_client.c:229 0x3ffb6124: client hello, adding supported_groups extension

D (37777) mbedtls: ssl_client.c:248 0x3ffb6124: got supported group(001d)

D (37777) mbedtls: ssl_client.c:280 0x3ffb6124: NamedGroup: x25519 ( 1d )

D (37777) mbedtls: ssl_client.c:248 0x3ffb6124: got supported group(0017)

D (37777) mbedtls: ssl_client.c:280 0x3ffb6124: NamedGroup: secp256r1 ( 17 )

D (37777) mbedtls: ssl_client.c:248 0x3ffb6124: got supported group(0018)

D (37777) mbedtls: ssl_client.c:280 0x3ffb6124: NamedGroup: secp384r1 ( 18 )

D (37777) mbedtls: ssl_client.c:248 0x3ffb6124: got supported group(001e)

D (37777) mbedtls: ssl_client.c:280 0x3ffb6124: NamedGroup: x448 ( 1e )

D (37777) mbedtls: ssl_client.c:248 0x3ffb6124: got supported group(0019)

D (37777) mbedtls: ssl_client.c:280 0x3ffb6124: NamedGroup: secp521r1 ( 19 )

D (37777) mbedtls: ssl_client.c:248 0x3ffb6124: got supported group(001a)

D (37777) mbedtls: ssl_client.c:280 0x3ffb6124: NamedGroup: bp256r1 ( 1a )

D (37777) mbedtls: ssl_client.c:248 0x3ffb6124: got supported group(001b)

D (37777) mbedtls: ssl_client.c:280 0x3ffb6124: NamedGroup: bp384r1 ( 1b )

D (37777) mbedtls: ssl_client.c:248 0x3ffb6124: got supported group(001c)

D (37777) mbedtls: ssl_client.c:280 0x3ffb6124: NamedGroup: bp512r1 ( 1c )

D (37777) mbedtls: ssl_client.c:248 0x3ffb6124: got supported group(0100)

D (37777) mbedtls: ssl_client.c:248 0x3ffb6124: got supported group(0101)

D (37777) mbedtls: ssl_client.c:248 0x3ffb6124: got supported group(0102)

D (37777) mbedtls: ssl_client.c:248 0x3ffb6124: got supported group(0103)

D (37777) mbedtls: ssl_client.c:248 0x3ffb6124: got supported group(0104)

D (37777) mbedtls: ssl_client.c:300 0x3ffb6124: dumping 'Supported groups extension' (18 bytes)

D (37777) mbedtls: ssl_client.c:300 0x3ffb6124: 0000:  00 10 00 1d 00 17 00 18 00 1e 00 19 00 1a 00 1b  ................

D (37777) mbedtls: ssl_client.c:300 0x3ffb6124: 0010:  00 1c                                            ..

D (37777) mbedtls: ssl_tls.c:8276 0x3ffb6124: adding signature_algorithms extension

D (37777) mbedtls: ssl_tls.c:8296 0x3ffb6124: got signature scheme [603] ecdsa_secp521r1_sha512

D (37777) mbedtls: ssl_tls.c:8305 0x3ffb6124: sent signature scheme [603] ecdsa_secp521r1_sha512

D (37777) mbedtls: ssl_tls.c:8296 0x3ffb6124: got signature scheme [806] rsa_pss_rsae_sha512

D (37777) mbedtls: ssl_tls.c:8296 0x3ffb6124: got signature scheme [601] rsa_pkcs1_sha512

D (37777) mbedtls: ssl_tls.c:8305 0x3ffb6124: sent signature scheme [601] rsa_pkcs1_sha512

D (37777) mbedtls: ssl_tls.c:8296 0x3ffb6124: got signature scheme [503] ecdsa_secp384r1_sha384

D (37777) mbedtls: ssl_tls.c:8305 0x3ffb6124: sent signature scheme [503] ecdsa_secp384r1_sha384

D (37777) mbedtls: ssl_tls.c:8296 0x3ffb6124: got signature scheme [805] rsa_pss_rsae_sha384

D (37777) mbedtls: ssl_tls.c:8296 0x3ffb6124: got signature scheme [501] rsa_pkcs1_sha384

D (37787) mbedtls: ssl_tls.c:8305 0x3ffb6124: sent signature scheme [501] rsa_pkcs1_sha384

D (37787) mbedtls: ssl_tls.c:8296 0x3ffb6124: got signature scheme [403] ecdsa_secp256r1_sha256

D (37787) mbedtls: ssl_tls.c:8305 0x3ffb6124: sent signature scheme [403] ecdsa_secp256r1_sha256

D (37787) mbedtls: ssl_tls.c:8296 0x3ffb6124: got signature scheme [804] rsa_pss_rsae_sha256

D (37787) mbedtls: ssl_tls.c:8296 0x3ffb6124: got signature scheme [401] rsa_pkcs1_sha256

D (37787) mbedtls: ssl_tls.c:8305 0x3ffb6124: sent signature scheme [401] rsa_pkcs1_sha256

D (37787) mbedtls: ssl_tls12_client.c:103 0x3ffb6124: client hello, adding supported_point_formats extension

D (37787) mbedtls: ssl_tls12_client.c:287 0x3ffb6124: client hello, adding encrypt_then_mac extension

D (37787) mbedtls: ssl_tls12_client.c:319 0x3ffb6124: client hello, adding extended_master_secret extension

D (37787) mbedtls: ssl_tls12_client.c:352 0x3ffb6124: client hello, adding session ticket extension

D (37787) mbedtls: ssl_client.c:687 0x3ffb6124: client hello, total extension length: 58

D (37787) mbedtls: ssl_client.c:689 0x3ffb6124: dumping 'client hello extensions' (58 bytes)

D (37787) mbedtls: ssl_client.c:689 0x3ffb6124: 0000:  00 3a 00 0a 00 12 00 10 00 1d 00 17 00 18 00 1e  .:..............

D (37787) mbedtls: ssl_client.c:689 0x3ffb6124: 0010:  00 19 00 1a 00 1b 00 1c 00 0d 00 0e 00 0c 06 03  ................

D (37787) mbedtls: ssl_client.c:689 0x3ffb6124: 0020:  06 01 05 03 05 01 04 03 04 01 00 0b 00 02 01 00  ................

D (37787) mbedtls: ssl_client.c:689 0x3ffb6124: 0030:  00 16 00 00 00 17 00 00 00 23                    .........#

I (37787) mbedtls: ssl_msg.c:2494 0x3ffb6124: => write handshake message

I (37787) mbedtls: ssl_msg.c:2654 0x3ffb6124: => write record

D (37787) mbedtls: ssl_msg.c:2737 0x3ffb6124: output record: msgtype = 22, version = [3:3], msglen = 137

I (37787) mbedtls: ssl_msg.c:2790 0x3ffb6124: <= write record

I (37787) mbedtls: ssl_msg.c:2615 0x3ffb6124: <= write handshake message

D (37787) mbedtls: ssl_misc.h:1295 0x3ffb6124: handshake state: 1 (MBEDTLS_SSL_CLIENT_HELLO) -> 2 (MBEDTLS_SSL_SERVER_HELLO)

I (37787) mbedtls: ssl_client.c:1010 0x3ffb6124: <= write client hello

I (37787) mbedtls: ssl_msg.c:2063 0x3ffb6124: => flush output

I (37787) mbedtls: ssl_msg.c:2077 0x3ffb6124: message length: 142, out_left: 142

I (37787) mbedtls: ssl_msg.c:2084 0x3ffb6124: ssl->f_send() returned 142 (-0xffffff72)

I (37787) mbedtls: ssl_msg.c:2111 0x3ffb6124: <= flush output

I (37787) mbedtls: ssl_tls.c:4201 0x3ffb6124: client state: MBEDTLS_SSL_SERVER_HELLO

I (37787) mbedtls: ssl_tls12_client.c:1151 0x3ffb6124: => parse server hello

I (37787) mbedtls: ssl_msg.c:4040 0x3ffb6124: => read record

I (37787) mbedtls: ssl_msg.c:1865 0x3ffb6124: => fetch input

I (37787) mbedtls: ssl_msg.c:2005 0x3ffb6124: in_left: 0, nb_want: 5

I (37787) mbedtls: ssl_msg.c:2025 0x3ffb6124: in_left: 0, nb_want: 5

I (37787) mbedtls: ssl_msg.c:2028 0x3ffb6124: ssl->f_recv(_timeout)() returned 5 (-0xfffffffb)

I (37787) mbedtls: ssl_msg.c:2050 0x3ffb6124: <= fetch input

D (37787) mbedtls: ssl_msg.c:3707 0x3ffb6124: input record: msgtype = 22, version = [0x303], msglen = 65

I (37787) mbedtls: ssl_msg.c:1865 0x3ffb6124: => fetch input

I (37787) mbedtls: ssl_msg.c:2005 0x3ffb6124: in_left: 5, nb_want: 70

I (37787) mbedtls: ssl_msg.c:2025 0x3ffb6124: in_left: 5, nb_want: 70

I (37787) mbedtls: ssl_msg.c:2028 0x3ffb6124: ssl->f_recv(_timeout)() returned 65 (-0xffffffbf)

I (37787) mbedtls: ssl_msg.c:2050 0x3ffb6124: <= fetch input

D (37787) mbedtls: ssl_msg.c:2948 0x3ffb6124: handshake message: msglen = 65, type = 2, hslen = 65

D (37787) mbedtls: ssl_msg.c:3085 0x3ffb6124: sole handshake fragment: 65, 0..65 of 65

I (37787) mbedtls: ssl_msg.c:4112 0x3ffb6124: <= read record

D (37787) mbedtls: ssl_tls12_client.c:1225 0x3ffb6124: dumping 'server hello, version' (2 bytes)

D (37787) mbedtls: ssl_tls12_client.c:1225 0x3ffb6124: 0000:  03 03                                            ..

D (37787) mbedtls: ssl_tls12_client.c:1246 0x3ffb6124: server hello, current time: 3648441011

D (37787) mbedtls: ssl_tls12_client.c:1256 0x3ffb6124: dumping 'server hello, random bytes' (32 bytes)

D (37787) mbedtls: ssl_tls12_client.c:1256 0x3ffb6124: 0000:  d9 76 ca b3 e4 3e a0 7a 69 9a c5 e7 a5 30 04 5f  .v...>.zi....0._

D (37787) mbedtls: ssl_tls12_client.c:1256 0x3ffb6124: 0010:  92 12 3b 77 79 0c 08 1b 1c e8 28 f0 0b 3d b6 5e  ..;wy.....(..=.^

D (37797) mbedtls: ssl_tls12_client.c:1318 0x3ffb6124: server hello, session id len.: 0

D (37797) mbedtls: ssl_tls12_client.c:1319 0x3ffb6124: dumping 'server hello, session id' (0 bytes)

D (37797) mbedtls: ssl_misc.h:1295 0x3ffb6124: handshake state: 2 (MBEDTLS_SSL_SERVER_HELLO) -> 3 (MBEDTLS_SSL_SERVER_CERTIFICATE)

D (37797) mbedtls: ssl_tls12_client.c:1343 0x3ffb6124: no session has been resumed

D (37797) mbedtls: ssl_tls12_client.c:1346 0x3ffb6124: server hello, chosen ciphersuite: c030

D (37797) mbedtls: ssl_tls12_client.c:1347 0x3ffb6124: server hello, compress alg.: 0

D (37797) mbedtls: ssl_tls12_client.c:1382 0x3ffb6124: server hello, chosen ciphersuite: TLS-ECDHE-RSA-WITH-AES-256-GCM-SHA384

I (37797) mbedtls: ssl_tls12_client.c:1403 0x3ffb6124: server hello, total extension length: 21

D (37797) mbedtls: ssl_tls12_client.c:1421 0x3ffb6124: found renegotiation extension

D (37797) mbedtls: ssl_tls12_client.c:1500 0x3ffb6124: found supported_point_formats extension

D (37797) mbedtls: ssl_tls12_client.c:1486 0x3ffb6124: found session_ticket extension

D (37797) mbedtls: ssl_tls12_client.c:1473 0x3ffb6124: found extended_master_secret extension

I (37797) mbedtls: ssl_tls12_client.c:1617 0x3ffb6124: <= parse server hello

I (37797) mbedtls: ssl_msg.c:2063 0x3ffb6124: => flush output

I (37797) mbedtls: ssl_msg.c:2072 0x3ffb6124: <= flush output

I (37797) mbedtls: ssl_tls.c:4201 0x3ffb6124: client state: MBEDTLS_SSL_SERVER_CERTIFICATE

I (37797) mbedtls: ssl_tls.c:7077 0x3ffb6124: => parse certificate

I (37797) mbedtls: ssl_msg.c:4040 0x3ffb6124: => read record

I (37797) mbedtls: ssl_msg.c:1865 0x3ffb6124: => fetch input

I (37797) mbedtls: ssl_msg.c:2005 0x3ffb6124: in_left: 0, nb_want: 5

I (37797) mbedtls: ssl_msg.c:2025 0x3ffb6124: in_left: 0, nb_want: 5

I (37797) mbedtls: ssl_msg.c:2028 0x3ffb6124: ssl->f_recv(_timeout)() returned 5 (-0xfffffffb)

I (37797) mbedtls: ssl_msg.c:2050 0x3ffb6124: <= fetch input

D (37797) mbedtls: ssl_msg.c:3707 0x3ffb6124: input record: msgtype = 22, version = [0x303], msglen = 791

I (37797) mbedtls: ssl_msg.c:1865 0x3ffb6124: => fetch input

I (37797) mbedtls: ssl_msg.c:2005 0x3ffb6124: in_left: 5, nb_want: 796

I (37797) mbedtls: ssl_msg.c:2025 0x3ffb6124: in_left: 5, nb_want: 796

I (37797) mbedtls: ssl_msg.c:2028 0x3ffb6124: ssl->f_recv(_timeout)() returned 791 (-0xfffffce9)

I (37797) mbedtls: ssl_msg.c:2050 0x3ffb6124: <= fetch input

D (37797) mbedtls: ssl_msg.c:2948 0x3ffb6124: handshake message: msglen = 791, type = 11, hslen = 791

D (37797) mbedtls: ssl_msg.c:3085 0x3ffb6124: sole handshake fragment: 791, 0..791 of 791

I (37797) mbedtls: ssl_msg.c:4112 0x3ffb6124: <= read record

D (37797) mbedtls: ssl_tls.c:6952 0x3ffb6124: peer certificate #1:

D (37797) mbedtls: ssl_tls.c:6952 0x3ffb6124: cert. version     : 3

D (37797) mbedtls: ssl_tls.c:6952 0x3ffb6124: serial number     : 77:66:A5:9D:AF:14:9E:F2:03:F7:3C:2B:1A:5C:81:86:F8:A3:4E:52

D (37807) mbedtls: ssl_tls.c:6952 0x3ffb6124: issuer name       : CN=localhost

[mem-tick] t=   36283 ms phase=e0           free=215048
D (37807) mbedtls: ssl_tls.c:6952 0x3ffb6124: subject name      : CN=localhost

D (37807) mbedtls: ssl_tls.c:6952 0x3ffb6124: issued  on        : 2026-08-26 20:20:30

D (37807) mbedtls: ssl_tls.c:6952 0x3ffb6124: expires on        : 2026-09-25 20:20:30

D (37807) mbedtls: ssl_tls.c:6952 0x3ffb6124: signed using      : RSA with SHA-256

D (37807) mbedtls: ssl_tls.c:6952 0x3ffb6124: RSA key size      : 2048 bits

D (37807) mbedtls: ssl_tls.c:6952 0x3ffb6124: basic constraints : CA=true

D (37807) mbedtls: ssl_tls.c:6952 0x3ffb6124: dumping 'crt->PK' (270 bytes)

D (37807) mbedtls: ssl_tls.c:6952 0x3ffb6124: 0000:  30 82 01 0a 02 82 01 01 00 dd 03 19 3e 8f 4a 05

D (37807) mbedtls: ssl_tls.c:6952 0x3ffb6124: 0010:  9c d6 74 e1 46 bc 40 7a 7e af 78 09 38 f6 d0 1c

D (37807) mbedtls: ssl_tls.c:6952 0x3ffb6124: 0020:  9d e4 2b 18 4c a1 87 f6 83 55 82 2d e0 21 fb b2

D (37807) mbedtls: ssl_tls.c:6952 0x3ffb6124: 0030:  00 2f 9b 98 36 24 73 47 a2 11 bb 50 05 1c 9e 40

D (37807) mbedtls: ssl_tls.c:6952 0x3ffb6124: 0040:  41 c9 de 81 7e a1 eb 82 48 35 d0 51 24 0d 22 bd

D (37807) mbedtls: ssl_tls.c:6952 0x3ffb6124: 0050:  7e c7 0b 60 74 e2 60 3e 76 de c1 3d b5 9f e9 d2

D (37807) mbedtls: ssl_tls.c:6952 0x3ffb6124: 0060:  ac 90 d3 84 2a 75 7c 41 8a 11 14 c8 bc 09 7b 9d

D (37807) mbedtls: ssl_tls.c:6952 0x3ffb6124: 0070:  45 54 95 c1 50 05 be f1 34 c0 05 55 f5 a2 b3 a8

D (37807) mbedtls: ssl_tls.c:6952 0x3ffb6124: 0080:  24 f6 ab 22 df 72 97 ef b5 8f e4 fe 49 be 4f c1

D (37807) mbedtls: ssl_tls.c:6952 0x3ffb6124: 0090:  08 e0 39 7a cd ba 74 2e d1 20 74 ad 6b 59 ab 86

D (37807) mbedtls: ssl_tls.c:6952 0x3ffb6124: 00a0:  5d 29 ab 81 f0 c1 22 3f 01 b9 0b a1 fb ee 70 9f

D (37807) mbedtls: ssl_tls.c:6952 0x3ffb6124: 00b0:  eb 29 5e 9f 1d 6a 0d dc 65 fd 5e 5d 38 0c 1a c3

D (37807) mbedtls: ssl_tls.c:6952 0x3ffb6124: 00c0:  ae b7 b7 2f 66 23 82 80 ab 7d 69 7c 8f 95 ab e8

D (37807) mbedtls: ssl_tls.c:6952 0x3ffb6124: 00d0:  c0 4d 21 42 7d 78 c8 25 8b 60 f6 0d 87 c9 f4 df

D (37807) mbedtls: ssl_tls.c:6952 0x3ffb6124: 00e0:  36 bf 16 7c 59 16 d1 09 ec 17 67 cf 5d 9f 8f 78

D (37807) mbedtls: ssl_tls.c:6952 0x3ffb6124: 00f0:  8c 3d d0 02 18 d5 bc a7 19 f4 51 fe 1d b3 20 40

D (37807) mbedtls: ssl_tls.c:6952 0x3ffb6124: 0100:  67 7e 3a cc 30 f3 8d a0 ef 02 03 01 00 01      

I (37807) mbedtls: ssl_tls.c:7191 0x3ffb6124: <= parse certificate

D (37807) mbedtls: ssl_misc.h:1295 0x3ffb6124: handshake state: 3 (MBEDTLS_SSL_SERVER_CERTIFICATE) -> 4 (MBEDTLS_SSL_SERVER_KEY_EXCHANGE)

I (37807) mbedtls: ssl_msg.c:2063 0x3ffb6124: => flush output

I (37807) mbedtls: ssl_msg.c:2072 0x3ffb6124: <= flush output

I (37807) mbedtls: ssl_tls.c:4201 0x3ffb6124: client state: MBEDTLS_SSL_SERVER_KEY_EXCHANGE

I (37807) mbedtls: ssl_tls12_client.c:1831 0x3ffb6124: => parse server key exchange

I (37807) mbedtls: ssl_msg.c:4040 0x3ffb6124: => read record

I (37807) mbedtls: ssl_msg.c:1865 0x3ffb6124: => fetch input

I (37807) mbedtls: ssl_msg.c:2005 0x3ffb6124: in_left: 0, nb_want: 5

I (37807) mbedtls: ssl_msg.c:2025 0x3ffb6124: in_left: 0, nb_want: 5

I (37807) mbedtls: ssl_msg.c:2028 0x3ffb6124: ssl->f_recv(_timeout)() returned 5 (-0xfffffffb)

I (37807) mbedtls: ssl_msg.c:2050 0x3ffb6124: <= fetch input

D (37807) mbedtls: ssl_msg.c:3707 0x3ffb6124: input record: msgtype = 22, version = [0x303], msglen = 300

I (37807) mbedtls: ssl_msg.c:1865 0x3ffb6124: => fetch input

I (37807) mbedtls: ssl_msg.c:2005 0x3ffb6124: in_left: 5, nb_want: 305

I (37807) mbedtls: ssl_msg.c:2025 0x3ffb6124: in_left: 5, nb_want: 305

I (37807) mbedtls: ssl_msg.c:2028 0x3ffb6124: ssl->f_recv(_timeout)() returned 300 (-0xfffffed4)

I (37807) mbedtls: ssl_msg.c:2050 0x3ffb6124: <= fetch input

D (37807) mbedtls: ssl_msg.c:2948 0x3ffb6124: handshake message: msglen = 300, type = 12, hslen = 300

D (37807) mbedtls: ssl_msg.c:3085 0x3ffb6124: sole handshake fragment: 300, 0..300 of 300

I (37807) mbedtls: ssl_msg.c:4112 0x3ffb6124: <= read record

D (37807) mbedtls: ssl_tls12_client.c:1885 0x3ffb6124: dumping 'server key exchange' (296 bytes)

D (37807) mbedtls: ssl_tls12_client.c:1885 0x3ffb6124: 0000:  03 00 1d 20 e4 7f 08 03 a7 2b 54 c8 d2 4b ab 00  ... .....+T..K..

D (37807) mbedtls: ssl_tls12_client.c:1885 0x3ffb6124: 0010:  3a ed 69 ec 25 2b 2f 5b ba 1a 54 b7 8a 4e d6 0e  :.i.%+/[..T..N..

D (37807) mbedtls: ssl_tls12_client.c:1885 0x3ffb6124: 0020:  78 6f 6f 06 06 01 01 00 b1 32 aa 0f 71 81 4b 40  xoo......2..q.K@

D (37807) mbedtls: ssl_tls12_client.c:1885 0x3ffb6124: 0030:  f3 e8 7d 2b 8a a6 5a 6f 2f c5 98 99 2d 08 81 98  ..}+..Zo/...-...

D (37807) mbedtls: ssl_tls12_client.c:1885 0x3ffb6124: 0040:  e4 26 ba 8f a2 a3 06 d4 03 d6 78 d8 c3 5d bc cb  .&........x..]..

D (37807) mbedtls: ssl_tls12_client.c:1885 0x3ffb6124: 0050:  c4 9c 96 8a 7b 66 0c 8d 41 53 f0 df 20 30 2f 15  ....{f..AS.. 0/.

D (37807) mbedtls: ssl_tls12_client.c:1885 0x3ffb6124: 0060:  e9 31 d9 1b 1f d6 d9 b6 e9 e5 df a0 84 74 e7 d3  .1...........t..

D (37807) mbedtls: ssl_tls12_client.c:1885 0x3ffb6124: 0070:  3f 53 e4 6d 12 70 af 50 67 c8 ba d7 c4 d0 d7 2c  ?S.m.p.Pg......,

D (37807) mbedtls: ssl_tls12_client.c:1885 0x3ffb6124: 0080:  3a 92 65 02 68 77 ab 08 46 c5 02 df b7 08 d1 12  :.e.hw..F.......

D (37807) mbedtls: ssl_tls12_client.c:1885 0x3ffb6124: 0090:  c6 e2 a1 89 37 33 ec 82 e3 84 79 67 df ff d9 73  ....73....yg...s

D (37807) mbedtls: ssl_tls12_client.c:1885 0x3ffb6124: 00a0:  d5 8f 1b d7 94 f0 d6 23 ca c1 54 d5 1d 9d e1 16  .......#..T.....

D (37817) mbedtls: ssl_tls12_client.c:1885 0x3ffb6124: 00b0:  7a 38 bf 13 4c 73 d8 dc c1 d1 37 39 8a 78 f9 80  z8..Ls....79.x..

D (37817) mbedtls: ssl_tls12_client.c:1885 0x3ffb6124: 00c0:  c9 c4 97 9b cb 30 d1 f1 78 86 3b ab 5d ef d1 c1  .....0..x.;.]...

D (37817) mbedtls: ssl_tls12_client.c:1885 0x3ffb6124: 00d0:  0e 8b 57 ab 4e ce 03 f5 35 f6 32 f2 a2 7c 95 23  ..W.N...5.2..|.#

D (37817) mbedtls: ssl_tls12_client.c:1885 0x3ffb6124: 00e0:  3d 47 74 e3 88 9c f3 de 49 fb cf f2 38 df 8f 2b  =Gt.....I...8..+

D (37817) mbedtls: ssl_tls12_client.c:1885 0x3ffb6124: 00f0:  3e 9d 80 b1 ec 29 70 00 c0 fd 60 ff 52 7a da 2f  >....)p...`.Rz./

D (37817) mbedtls: ssl_tls12_client.c:1885 0x3ffb6124: 0100:  0e 5a 68 30 d5 88 3b e1 ab 71 87 ae 51 2c 83 28  .Zh0..;..q..Q,.(

D (37817) mbedtls: ssl_tls12_client.c:1885 0x3ffb6124: 0110:  32 fd ec a7 ef 86 bb ec 74 6a 2e 23 67 f1 b7 f7  2.......tj.#g...

D (37817) mbedtls: ssl_tls12_client.c:1885 0x3ffb6124: 0120:  a6 4c af 50 7b 7c cd 10                          .L.P{|..

I (37817) mbedtls: ssl_tls12_client.c:1815 0x3ffb6124: Server used the signature algorithm rsa_pkcs1_sha512

D (37817) mbedtls: ssl_tls12_client.c:2047 0x3ffb6124: dumping 'signature' (256 bytes)

D (37817) mbedtls: ssl_tls12_client.c:2047 0x3ffb6124: 0000:  b1 32 aa 0f 71 81 4b 40 f3 e8 7d 2b 8a a6 5a 6f  .2..q.K@..}+..Zo

D (37817) mbedtls: ssl_tls12_client.c:2047 0x3ffb6124: 0010:  2f c5 98 99 2d 08 81 98 e4 26 ba 8f a2 a3 06 d4  /...-....&......

D (37817) mbedtls: ssl_tls12_client.c:2047 0x3ffb6124: 0020:  03 d6 78 d8 c3 5d bc cb c4 9c 96 8a 7b 66 0c 8d  ..x..]......{f..

D (37817) mbedtls: ssl_tls12_client.c:2047 0x3ffb6124: 0030:  41 53 f0 df 20 30 2f 15 e9 31 d9 1b 1f d6 d9 b6  AS.. 0/..1......

D (37817) mbedtls: ssl_tls12_client.c:2047 0x3ffb6124: 0040:  e9 e5 df a0 84 74 e7 d3 3f 53 e4 6d 12 70 af 50  .....t..?S.m.p.P

D (37817) mbedtls: ssl_tls12_client.c:2047 0x3ffb6124: 0050:  67 c8 ba d7 c4 d0 d7 2c 3a 92 65 02 68 77 ab 08  g......,:.e.hw..

D (37817) mbedtls: ssl_tls12_client.c:2047 0x3ffb6124: 0060:  46 c5 02 df b7 08 d1 12 c6 e2 a1 89 37 33 ec 82  F...........73..

D (37817) mbedtls: ssl_tls12_client.c:2047 0x3ffb6124: 0070:  e3 84 79 67 df ff d9 73 d5 8f 1b d7 94 f0 d6 23  ..yg...s.......#

D (37817) mbedtls: ssl_tls12_client.c:2047 0x3ffb6124: 0080:  ca c1 54 d5 1d 9d e1 16 7a 38 bf 13 4c 73 d8 dc  ..T.....z8..Ls..

D (37817) mbedtls: ssl_tls12_client.c:2047 0x3ffb6124: 0090:  c1 d1 37 39 8a 78 f9 80 c9 c4 97 9b cb 30 d1 f1  ..79.x.......0..

D (37817) mbedtls: ssl_tls12_client.c:2047 0x3ffb6124: 00a0:  78 86 3b ab 5d ef d1 c1 0e 8b 57 ab 4e ce 03 f5  x.;.].....W.N...

D (37817) mbedtls: ssl_tls12_client.c:2047 0x3ffb6124: 00b0:  35 f6 32 f2 a2 7c 95 23 3d 47 74 e3 88 9c f3 de  5.2..|.#=Gt.....

D (37817) mbedtls: ssl_tls12_client.c:2047 0x3ffb6124: 00c0:  49 fb cf f2 38 df 8f 2b 3e 9d 80 b1 ec 29 70 00  I...8..+>....)p.

D (37817) mbedtls: ssl_tls12_client.c:2047 0x3ffb6124: 00d0:  c0 fd 60 ff 52 7a da 2f 0e 5a 68 30 d5 88 3b e1  ..`.Rz./.Zh0..;.

D (37817) mbedtls: ssl_tls12_client.c:2047 0x3ffb6124: 00e0:  ab 71 87 ae 51 2c 83 28 32 fd ec a7 ef 86 bb ec  .q..Q,.(2.......

D (37817) mbedtls: ssl_tls12_client.c:2047 0x3ffb6124: 00f0:  74 6a 2e 23 67 f1 b7 f7 a6 4c af 50 7b 7c cd 10  tj.#g....L.P{|..

D (37817) mbedtls: ssl_tls.c:8082 0x3ffb6124: Perform PSA-based computation of digest of ServerKeyExchange

D (37817) mbedtls: ssl_tls12_client.c:2064 0x3ffb6124: dumping 'parameters hash' (64 bytes)

D (37817) mbedtls: ssl_tls12_client.c:2064 0x3ffb6124: 0000:  16 a2 5d 50 38 9c 9c 3e 60 e3 dc 70 9c 0a 9b fa  ..]P8..>`..p....

D (37817) mbedtls: ssl_tls12_client.c:2064 0x3ffb6124: 0010:  3f 92 db 0e a5 b3 6f 92 f8 39 ed ed 55 08 6b 04  ?.....o..9..U.k.

D (37817) mbedtls: ssl_tls12_client.c:2064 0x3ffb6124: 0020:  57 ef 24 85 f5 10 17 de ca 4d c1 ce 93 15 b1 9c  W.$......M......

D (37817) mbedtls: ssl_tls12_client.c:2064 0x3ffb6124: 0030:  35 c8 d0 fd cb 68 10 42 ce c5 e4 14 6c de cb ee  5....h.B....l...

D (37827) mbedtls: ssl_misc.h:1295 0x3ffb6124: handshake state: 4 (MBEDTLS_SSL_SERVER_KEY_EXCHANGE) -> 5 (MBEDTLS_SSL_CERTIFICATE_REQUEST)

I (37827) mbedtls: ssl_tls12_client.c:2118 0x3ffb6124: <= parse server key exchange

I (37827) mbedtls: ssl_msg.c:2063 0x3ffb6124: => flush output

I (37827) mbedtls: ssl_msg.c:2072 0x3ffb6124: <= flush output

I (37827) mbedtls: ssl_tls.c:4201 0x3ffb6124: client state: MBEDTLS_SSL_CERTIFICATE_REQUEST

I (37827) mbedtls: ssl_tls12_client.c:2157 0x3ffb6124: => parse certificate request

I (37827) mbedtls: ssl_msg.c:4040 0x3ffb6124: => read record

I (37827) mbedtls: ssl_msg.c:1865 0x3ffb6124: => fetch input

I (37827) mbedtls: ssl_msg.c:2005 0x3ffb6124: in_left: 0, nb_want: 5

I (37827) mbedtls: ssl_msg.c:2025 0x3ffb6124: in_left: 0, nb_want: 5

I (37827) mbedtls: ssl_msg.c:2028 0x3ffb6124: ssl->f_recv(_timeout)() returned 5 (-0xfffffffb)

I (37827) mbedtls: ssl_msg.c:2050 0x3ffb6124: <= fetch input

D (37827) mbedtls: ssl_msg.c:3707 0x3ffb6124: input record: msgtype = 22, version = [0x303], msglen = 4

I (37827) mbedtls: ssl_msg.c:1865 0x3ffb6124: => fetch input

I (37827) mbedtls: ssl_msg.c:2005 0x3ffb6124: in_left: 5, nb_want: 9

I (37827) mbedtls: ssl_msg.c:2025 0x3ffb6124: in_left: 5, nb_want: 9

I (37827) mbedtls: ssl_msg.c:2028 0x3ffb6124: ssl->f_recv(_timeout)() returned 4 (-0xfffffffc)

I (37827) mbedtls: ssl_msg.c:2050 0x3ffb6124: <= fetch input

D (37827) mbedtls: ssl_msg.c:2948 0x3ffb6124: handshake message: msglen = 4, type = 14, hslen = 4

D (37827) mbedtls: ssl_msg.c:3085 0x3ffb6124: sole handshake fragment: 4, 0..4 of 4

I (37827) mbedtls: ssl_msg.c:4112 0x3ffb6124: <= read record

D (37827) mbedtls: ssl_misc.h:1295 0x3ffb6124: handshake state: 5 (MBEDTLS_SSL_CERTIFICATE_REQUEST) -> 6 (MBEDTLS_SSL_SERVER_HELLO_DONE)

D (37827) mbedtls: ssl_tls12_client.c:2183 0x3ffb6124: got no certificate request

I (37827) mbedtls: ssl_tls12_client.c:2319 0x3ffb6124: <= parse certificate request

I (37827) mbedtls: ssl_msg.c:2063 0x3ffb6124: => flush output

I (37827) mbedtls: ssl_msg.c:2072 0x3ffb6124: <= flush output

I (37827) mbedtls: ssl_tls.c:4201 0x3ffb6124: client state: MBEDTLS_SSL_SERVER_HELLO_DONE

I (37827) mbedtls: ssl_tls12_client.c:2330 0x3ffb6124: => parse server hello done

I (37827) mbedtls: ssl_msg.c:4040 0x3ffb6124: => read record

I (37837) mbedtls: ssl_msg.c:4108 0x3ffb6124: reuse previously read message

I (37837) mbedtls: ssl_msg.c:4112 0x3ffb6124: <= read record

D (37837) mbedtls: ssl_misc.h:1295 0x3ffb6124: handshake state: 6 (MBEDTLS_SSL_SERVER_HELLO_DONE) -> 7 (MBEDTLS_SSL_CLIENT_CERTIFICATE)

I (37837) mbedtls: ssl_tls12_client.c:2358 0x3ffb6124: <= parse server hello done

I (37837) mbedtls: ssl_msg.c:2063 0x3ffb6124: => flush output

I (37837) mbedtls: ssl_msg.c:2072 0x3ffb6124: <= flush output

I (37837) mbedtls: ssl_tls.c:4201 0x3ffb6124: client state: MBEDTLS_SSL_CLIENT_CERTIFICATE

I (37837) mbedtls: ssl_tls.c:6675 0x3ffb6124: => write certificate

I (37837) mbedtls: ssl_tls.c:6686 0x3ffb6124: <= skip write certificate

D (37837) mbedtls: ssl_misc.h:1295 0x3ffb6124: handshake state: 7 (MBEDTLS_SSL_CLIENT_CERTIFICATE) -> 8 (MBEDTLS_SSL_CLIENT_KEY_EXCHANGE)

I (37837) mbedtls: ssl_msg.c:2063 0x3ffb6124: => flush output

I (37837) mbedtls: ssl_msg.c:2072 0x3ffb6124: <= flush output

I (37837) mbedtls: ssl_tls.c:4201 0x3ffb6124: client state: MBEDTLS_SSL_CLIENT_KEY_EXCHANGE

I (37837) mbedtls: ssl_tls12_client.c:2373 0x3ffb6124: => write client key exchange

D (37837) mbedtls: ssl_tls12_client.c:2387 0x3ffb6124: Perform PSA-based ECDH computation.

[mem-tick] t=   36386 ms phase=e0           free=216308
D (37977) mbedtls: ssl_misc.h:1295 0x3ffb6124: handshake state: 8 (MBEDTLS_SSL_CLIENT_KEY_EXCHANGE) -> 9 (MBEDTLS_SSL_CERTIFICATE_VERIFY)

I (37977) mbedtls: ssl_msg.c:2494 0x3ffb6124: => write handshake message

I (37977) mbedtls: ssl_msg.c:2654 0x3ffb6124: => write record

D (37977) mbedtls: ssl_msg.c:2737 0x3ffb6124: output record: msgtype = 22, version = [3:3], msglen = 37

I (37977) mbedtls: ssl_msg.c:2063 0x3ffb6124: => flush output

I (37977) mbedtls: ssl_msg.c:2077 0x3ffb6124: message length: 42, out_left: 42

I (37977) mbedtls: ssl_msg.c:2084 0x3ffb6124: ssl->f_send() returned 42 (-0xffffffd6)

I (37977) mbedtls: ssl_msg.c:2111 0x3ffb6124: <= flush output

I (37977) mbedtls: ssl_msg.c:2790 0x3ffb6124: <= write record

I (37977) mbedtls: ssl_msg.c:2615 0x3ffb6124: <= write handshake message

I (37977) mbedtls: ssl_tls12_client.c:2653 0x3ffb6124: <= write client key exchange

I (37977) mbedtls: ssl_msg.c:2063 0x3ffb6124: => flush output

I (37977) mbedtls: ssl_msg.c:2072 0x3ffb6124: <= flush output

I (37977) mbedtls: ssl_tls.c:4201 0x3ffb6124: client state: MBEDTLS_SSL_CERTIFICATE_VERIFY

I (37977) mbedtls: ssl_tls12_client.c:2701 0x3ffb6124: => write certificate verify

I (37977) mbedtls: ssl_tls.c:6466 0x3ffb6124: => derive keys

I (37977) mbedtls: ssl_tls.c:6557 0x3ffb6124: => PSA calc verify

D (37977) mbedtls: ssl_tls.c:6568 0x3ffb6124: dumping 'PSA calculated verify result' (48 bytes)

D (37977) mbedtls: ssl_tls.c:6568 0x3ffb6124: 0000:  d9 72 af f2 5b bd b4 9e cb ec b0 56 b5 07 8e 7d  .r..[......V...}

D (37977) mbedtls: ssl_tls.c:6568 0x3ffb6124: 0010:  90 21 60 95 0f 2c 34 63 b9 a5 63 ac b6 e0 78 d9  .!`..,4c..c...x.

D (37977) mbedtls: ssl_tls.c:6568 0x3ffb6124: 0020:  70 8f 53 ac b2 84 c9 ab e4 90 28 3d c1 d5 75 b1  p.S.......(=..u.

I (37977) mbedtls: ssl_tls.c:6569 0x3ffb6124: <= PSA calc verify

D (37977) mbedtls: ssl_tls.c:6308 0x3ffb6124: dumping 'session hash for extended master secret' (48 bytes)

D (37977) mbedtls: ssl_tls.c:6308 0x3ffb6124: 0000:  d9 72 af f2 5b bd b4 9e cb ec b0 56 b5 07 8e 7d  .r..[......V...}

D (37977) mbedtls: ssl_tls.c:6308 0x3ffb6124: 0010:  90 21 60 95 0f 2c 34 63 b9 a5 63 ac b6 e0 78 d9  .!`..,4c..c...x.

D (37977) mbedtls: ssl_tls.c:6308 0x3ffb6124: 0020:  70 8f 53 ac b2 84 c9 ab e4 90 28 3d c1 d5 75 b1  p.S.......(=..u.

D (37977) mbedtls: ssl_tls.c:6449 0x3ffb6124: dumping 'premaster secret' (32 bytes)

D (37977) mbedtls: ssl_tls.c:6449 0x3ffb6124: 0000:  56 6f d0 26 dc fe 6a be 33 39 dd d1 0f 23 50 80  Vo.&..j.39...#P.

D (37977) mbedtls: ssl_tls.c:6449 0x3ffb6124: 0010:  71 f6 78 c8 eb bb 32 8c 0b 66 61 7c 32 2b b3 6b  q.x...2..fa|2+.k

D (37977) mbedtls: ssl_tls.c:7762 0x3ffb6124: ciphersuite = TLS-ECDHE-RSA-WITH-AES-256-GCM-SHA384

D (37977) mbedtls: ssl_tls.c:7764 0x3ffb6124: dumping 'master secret' (48 bytes)

D (37977) mbedtls: ssl_tls.c:7764 0x3ffb6124: 0000:  01 e1 e7 32 6a 5e 34 a5 ee a7 f6 db 1d 91 cb 25  ...2j^4........%

D (37977) mbedtls: ssl_tls.c:7764 0x3ffb6124: 0010:  6b de da aa d9 34 cd cf 50 43 6c dd d2 7d 67 b9  k....4..PCl..}g.

D (37977) mbedtls: ssl_tls.c:7764 0x3ffb6124: 0020:  e7 3f 84 21 43 9f ad 47 ac ec 1b c7 2d 9b 24 6d  .?.!C..G....-.$m

D (37977) mbedtls: ssl_tls.c:7855 0x3ffb6124: keylen: 32, minlen: 24, ivlen: 12, maclen: 0

I (37977) mbedtls: ssl_tls.c:6517 0x3ffb6124: <= derive keys

I (37977) mbedtls: ssl_tls12_client.c:2723 0x3ffb6124: <= skip write certificate verify

D (37977) mbedtls: ssl_misc.h:1295 0x3ffb6124: handshake state: 9 (MBEDTLS_SSL_CERTIFICATE_VERIFY) -> 10 (MBEDTLS_SSL_CLIENT_CHANGE_CIPHER_SPEC)

I (37987) mbedtls: ssl_msg.c:2063 0x3ffb6124: => flush output

I (37987) mbedtls: ssl_msg.c:2072 0x3ffb6124: <= flush output

I (37987) mbedtls: ssl_tls.c:4201 0x3ffb6124: client state: MBEDTLS_SSL_CLIENT_CHANGE_CIPHER_SPEC

I (37987) mbedtls: ssl_msg.c:5087 0x3ffb6124: => write change cipher spec

D (37987) mbedtls: ssl_misc.h:1295 0x3ffb6124: handshake state: 10 (MBEDTLS_SSL_CLIENT_CHANGE_CIPHER_SPEC) -> 11 (MBEDTLS_SSL_CLIENT_FINISHED)

I (37987) mbedtls: ssl_msg.c:2494 0x3ffb6124: => write handshake message

I (37987) mbedtls: ssl_msg.c:2654 0x3ffb6124: => write record

D (37987) mbedtls: ssl_msg.c:2737 0x3ffb6124: output record: msgtype = 20, version = [3:3], msglen = 1

I (37987) mbedtls: ssl_msg.c:2063 0x3ffb6124: => flush output

I (37987) mbedtls: ssl_msg.c:2077 0x3ffb6124: message length: 6, out_left: 6

I (37987) mbedtls: ssl_msg.c:2084 0x3ffb6124: ssl->f_send() returned 6 (-0xfffffffa)

I (37987) mbedtls: ssl_msg.c:2111 0x3ffb6124: <= flush output

I (37987) mbedtls: ssl_msg.c:2790 0x3ffb6124: <= write record

I (37987) mbedtls: ssl_msg.c:2615 0x3ffb6124: <= write handshake message

I (37987) mbedtls: ssl_msg.c:5100 0x3ffb6124: <= write change cipher spec

I (37987) mbedtls: ssl_msg.c:2063 0x3ffb6124: => flush output

I (37987) mbedtls: ssl_msg.c:2072 0x3ffb6124: <= flush output

I (37987) mbedtls: ssl_tls.c:4201 0x3ffb6124: client state: MBEDTLS_SSL_CLIENT_FINISHED

I (37987) mbedtls: ssl_tls.c:7384 0x3ffb6124: => write finished

I (37987) mbedtls: ssl_tls.c:7235 0x3ffb6124: => calc PSA finished tls

D (37987) mbedtls: ssl_tls.c:7246 0x3ffb6124: dumping 'PSA calculated padbuf' (48 bytes)

D (37987) mbedtls: ssl_tls.c:7246 0x3ffb6124: 0000:  d9 72 af f2 5b bd b4 9e cb ec b0 56 b5 07 8e 7d  .r..[......V...}

D (37987) mbedtls: ssl_tls.c:7246 0x3ffb6124: 0010:  90 21 60 95 0f 2c 34 63 b9 a5 63 ac b6 e0 78 d9  .!`..,4c..c...x.

D (37987) mbedtls: ssl_tls.c:7246 0x3ffb6124: 0020:  70 8f 53 ac b2 84 c9 ab e4 90 28 3d c1 d5 75 b1  p.S.......(=..u.

D (37987) mbedtls: ssl_tls.c:7258 0x3ffb6124: dumping 'calc finished result' (12 bytes)

D (37987) mbedtls: ssl_tls.c:7258 0x3ffb6124: 0000:  a1 21 52 ef 73 90 1d cf 46 f8 fe 10              .!R.s...F...

I (37987) mbedtls: ssl_tls.c:7262 0x3ffb6124: <= calc finished

D (37987) mbedtls: ssl_misc.h:1295 0x3ffb6124: handshake state: 11 (MBEDTLS_SSL_CLIENT_FINISHED) -> 12 (MBEDTLS_SSL_SERVER_CHANGE_CIPHER_SPEC)

D (37987) mbedtls: ssl_tls.c:7434 0x3ffb6124: switching to new transform spec for outbound data

I (37987) mbedtls: ssl_msg.c:2494 0x3ffb6124: => write handshake message

I (37987) mbedtls: ssl_msg.c:2654 0x3ffb6124: => write record

I (37987) mbedtls: ssl_msg.c:808 0x3ffb6124: => encrypt buf

D (37987) mbedtls: ssl_msg.c:1036 0x3ffb6124: before encrypt: msglen = 16, including 0 bytes of padding

I (37987) mbedtls: ssl_msg.c:1265 0x3ffb6124: <= encrypt buf

D (37987) mbedtls: ssl_msg.c:2737 0x3ffb6124: output record: msgtype = 22, version = [3:3], msglen = 40

I (37987) mbedtls: ssl_msg.c:2063 0x3ffb6124: => flush output

I (37987) mbedtls: ssl_msg.c:2077 0x3ffb6124: message length: 45, out_left: 45

I (37987) mbedtls: ssl_msg.c:2084 0x3ffb6124: ssl->f_send() returned 45 (-0xffffffd3)

I (37987) mbedtls: ssl_msg.c:2111 0x3ffb6124: <= flush output

I (37987) mbedtls: ssl_msg.c:2790 0x3ffb6124: <= write record

I (37987) mbedtls: ssl_msg.c:2615 0x3ffb6124: <= write handshake message

I (37987) mbedtls: ssl_tls.c:7487 0x3ffb6124: <= write finished

I (37987) mbedtls: ssl_msg.c:2063 0x3ffb6124: => flush output

I (37987) mbedtls: ssl_msg.c:2072 0x3ffb6124: <= flush output

I (37987) mbedtls: ssl_tls.c:4201 0x3ffb6124: client state: MBEDTLS_SSL_SERVER_CHANGE_CIPHER_SPEC

D (37987) mbedtls: ssl_misc.h:1295 0x3ffb6124: handshake state: 12 (MBEDTLS_SSL_SERVER_CHANGE_CIPHER_SPEC) -> 16 (MBEDTLS_SSL_NEW_SESSION_TICKET)

I (37987) mbedtls: ssl_tls12_client.c:2829 0x3ffb6124: => parse new session ticket

I (37987) mbedtls: ssl_msg.c:4040 0x3ffb6124: => read record

I (37987) mbedtls: ssl_msg.c:1865 0x3ffb6124: => fetch input

I (37987) mbedtls: ssl_msg.c:2005 0x3ffb6124: in_left: 0, nb_want: 5

I (37987) mbedtls: ssl_msg.c:2025 0x3ffb6124: in_left: 0, nb_want: 5

I (37987) mbedtls: ssl_msg.c:2028 0x3ffb6124: ssl->f_recv(_timeout)() returned 5 (-0xfffffffb)

I (37987) mbedtls: ssl_msg.c:2050 0x3ffb6124: <= fetch input

D (37987) mbedtls: ssl_msg.c:3707 0x3ffb6124: input record: msgtype = 22, version = [0x303], msglen = 186

I (37987) mbedtls: ssl_msg.c:1865 0x3ffb6124: => fetch input

I (37987) mbedtls: ssl_msg.c:2005 0x3ffb6124: in_left: 5, nb_want: 191

I (37987) mbedtls: ssl_msg.c:2025 0x3ffb6124: in_left: 5, nb_want: 191

I (37987) mbedtls: ssl_msg.c:2028 0x3ffb6124: ssl->f_recv(_timeout)() returned 186 (-0xffffff46)

I (37987) mbedtls: ssl_msg.c:2050 0x3ffb6124: <= fetch input

D (37997) mbedtls: ssl_msg.c:2948 0x3ffb6124: handshake message: msglen = 186, type = 4, hslen = 186

D (37997) mbedtls: ssl_msg.c:3085 0x3ffb6124: sole handshake fragment: 186, 0..186 of 186

I (37997) mbedtls: ssl_msg.c:4112 0x3ffb6124: <= read record

D (37997) mbedtls: ssl_tls12_client.c:2876 0x3ffb6124: ticket length: 176

D (37997) mbedtls: ssl_misc.h:1295 0x3ffb6124: handshake state: 16 (MBEDTLS_SSL_NEW_SESSION_TICKET) -> 12 (MBEDTLS_SSL_SERVER_CHANGE_CIPHER_SPEC)

D (37997) mbedtls: ssl_tls12_client.c:2920 0x3ffb6124: ticket in use, discarding session id

I (37997) mbedtls: ssl_tls12_client.c:2923 0x3ffb6124: <= parse new session ticket

I (37997) mbedtls: ssl_msg.c:2063 0x3ffb6124: => flush output

I (37997) mbedtls: ssl_msg.c:2072 0x3ffb6124: <= flush output

I (37997) mbedtls: ssl_tls.c:4201 0x3ffb6124: client state: MBEDTLS_SSL_SERVER_CHANGE_CIPHER_SPEC

I (37997) mbedtls: ssl_msg.c:5109 0x3ffb6124: => parse change cipher spec

I (37997) mbedtls: ssl_msg.c:4040 0x3ffb6124: => read record

I (37997) mbedtls: ssl_msg.c:1865 0x3ffb6124: => fetch input

I (37997) mbedtls: ssl_msg.c:2005 0x3ffb6124: in_left: 0, nb_want: 5

I (37997) mbedtls: ssl_msg.c:2025 0x3ffb6124: in_left: 0, nb_want: 5

I (37997) mbedtls: ssl_msg.c:2028 0x3ffb6124: ssl->f_recv(_timeout)() returned 5 (-0xfffffffb)

I (37997) mbedtls: ssl_msg.c:2050 0x3ffb6124: <= fetch input

D (37997) mbedtls: ssl_msg.c:3707 0x3ffb6124: input record: msgtype = 20, version = [0x303], msglen = 1

I (37997) mbedtls: ssl_msg.c:1865 0x3ffb6124: => fetch input

I (37997) mbedtls: ssl_msg.c:2005 0x3ffb6124: in_left: 5, nb_want: 6

I (37997) mbedtls: ssl_msg.c:2025 0x3ffb6124: in_left: 5, nb_want: 6

I (37997) mbedtls: ssl_msg.c:2028 0x3ffb6124: ssl->f_recv(_timeout)() returned 1 (-0xffffffff)

I (37997) mbedtls: ssl_msg.c:2050 0x3ffb6124: <= fetch input

I (37997) mbedtls: ssl_msg.c:4112 0x3ffb6124: <= read record

D (37997) mbedtls: ssl_msg.c:5130 0x3ffb6124: switching to new transform spec for inbound data

D (37997) mbedtls: ssl_misc.h:1295 0x3ffb6124: handshake state: 12 (MBEDTLS_SSL_SERVER_CHANGE_CIPHER_SPEC) -> 13 (MBEDTLS_SSL_SERVER_FINISHED)

I (37997) mbedtls: ssl_msg.c:5157 0x3ffb6124: <= parse change cipher spec

I (37997) mbedtls: ssl_msg.c:2063 0x3ffb6124: => flush output

I (37997) mbedtls: ssl_msg.c:2072 0x3ffb6124: <= flush output

I (37997) mbedtls: ssl_tls.c:4201 0x3ffb6124: client state: MBEDTLS_SSL_SERVER_FINISHED

I (37997) mbedtls: ssl_tls.c:7500 0x3ffb6124: => parse finished

I (37997) mbedtls: ssl_tls.c:7235 0x3ffb6124: => calc PSA finished tls

D (37997) mbedtls: ssl_tls.c:7246 0x3ffb6124: dumping 'PSA calculated padbuf' (48 bytes)

D (37997) mbedtls: ssl_tls.c:7246 0x3ffb6124: 0000:  ce 94 50 04 fa 75 25 3f c2 f7 1c bd cb 7b 08 dc  ..P..u%?.....{..

D (37997) mbedtls: ssl_tls.c:7246 0x3ffb6124: 0010:  d5 d9 c9 0d 76 d3 27 fd 20 ce 54 87 e1 ed 75 5a  ....v.'. .T...uZ

D (37997) mbedtls: ssl_tls.c:7246 0x3ffb6124: 0020:  13 34 47 0d bb 1c f3 f0 9e d3 db 2f d5 3b ff a8  .4G......../.;..

D (37997) mbedtls: ssl_tls.c:7258 0x3ffb6124: dumping 'calc finished result' (12 bytes)

D (37997) mbedtls: ssl_tls.c:7258 0x3ffb6124: 0000:  09 e9 8b 6e 6d 95 d4 e6 ee b8 33 73              ...nm.....3s

I (37997) mbedtls: ssl_tls.c:7262 0x3ffb6124: <= calc finished

I (37997) mbedtls: ssl_msg.c:4040 0x3ffb6124: => read record

I (37997) mbedtls: ssl_msg.c:1865 0x3ffb6124: => fetch input

I (37997) mbedtls: ssl_msg.c:2005 0x3ffb6124: in_left: 0, nb_want: 5

I (37997) mbedtls: ssl_msg.c:2025 0x3ffb6124: in_left: 0, nb_want: 5

I (37997) mbedtls: ssl_msg.c:2028 0x3ffb6124: ssl->f_recv(_timeout)() returned 5 (-0xfffffffb)

I (37997) mbedtls: ssl_msg.c:2050 0x3ffb6124: <= fetch input

D (37997) mbedtls: ssl_msg.c:3707 0x3ffb6124: input record: msgtype = 22, version = [0x303], msglen = 40

I (37997) mbedtls: ssl_msg.c:1865 0x3ffb6124: => fetch input

I (37997) mbedtls: ssl_msg.c:2005 0x3ffb6124: in_left: 5, nb_want: 45

I (37997) mbedtls: ssl_msg.c:2025 0x3ffb6124: in_left: 5, nb_want: 45

I (37997) mbedtls: ssl_msg.c:2028 0x3ffb6124: ssl->f_recv(_timeout)() returned 40 (-0xffffffd8)

I (37997) mbedtls: ssl_msg.c:2050 0x3ffb6124: <= fetch input

I (37997) mbedtls: ssl_msg.c:1301 0x3ffb6124: => decrypt buf

I (37997) mbedtls: ssl_msg.c:1831 0x3ffb6124: <= decrypt buf

D (37997) mbedtls: ssl_msg.c:2948 0x3ffb6124: handshake message: msglen = 16, type = 20, hslen = 16

D (37997) mbedtls: ssl_msg.c:3085 0x3ffb6124: sole handshake fragment: 16, 0..16 of 16

I (37997) mbedtls: ssl_msg.c:4112 0x3ffb6124: <= read record

D (37997) mbedtls: ssl_misc.h:1295 0x3ffb6124: handshake state: 13 (MBEDTLS_SSL_SERVER_FINISHED) -> 14 (MBEDTLS_SSL_FLUSH_BUFFERS)

I (37997) mbedtls: ssl_tls.c:7571 0x3ffb6124: <= parse finished

I (37997) mbedtls: ssl_msg.c:2063 0x3ffb6124: => flush output

I (37997) mbedtls: ssl_msg.c:2072 0x3ffb6124: <= flush output

I (37997) mbedtls: ssl_tls.c:4201 0x3ffb6124: client state: MBEDTLS_SSL_FLUSH_BUFFERS

I (37997) mbedtls: ssl_tls12_client.c:3031 0x3ffb6124: handshake: done

D (37997) mbedtls: ssl_misc.h:1295 0x3ffb6124: handshake state: 14 (MBEDTLS_SSL_FLUSH_BUFFERS) -> 15 (MBEDTLS_SSL_HANDSHAKE_WRAPUP)

I (38007) mbedtls: ssl_msg.c:2063 0x3ffb6124: => flush output

I (38007) mbedtls: ssl_msg.c:2072 0x3ffb6124: <= flush output

I (38007) mbedtls: ssl_tls.c:4201 0x3ffb6124: client state: MBEDTLS_SSL_HANDSHAKE_WRAPUP

D (38007) mbedtls: ssl_tls.c:7322 0x3ffb6124: => handshake wrapup

D (38007) mbedtls: ssl_tls.c:7296 0x3ffb6124: => handshake wrapup: final free

D (38007) mbedtls: ssl_tls.c:7315 0x3ffb6124: <= handshake wrapup: final free

D (38007) mbedtls: ssl_misc.h:1295 0x3ffb6124: handshake state: 15 (MBEDTLS_SSL_HANDSHAKE_WRAPUP) -> 27 (MBEDTLS_SSL_HANDSHAKE_OVER)

D (38007) mbedtls: ssl_tls.c:7376 0x3ffb6124: <= handshake wrapup

I (38007) mbedtls: ssl_tls.c:4293 0x3ffb6124: <= handshake

[e0] connection ACCEPTED with NO verification data (CONFIG_ESP_TLS_SKIP_SERVER_CERT_VERIFY)
[neg] version=TLSv1.2 suite=TLS-ECDHE-RSA-WITH-AES-256-GCM-SHA384 peer_cert=0 bytes
--- E1: pinned correct self-signed cert as CA, common_name=localhost ---
[mem-tick] t=   36486 ms phase=e1           free=243796
D (38017) esp-tls: handshake in progress...
I (38017) mbedtls: ssl_tls.c:4282 0x3ffb6124: => handshake

I (38017) mbedtls: ssl_msg.c:2063 0x3ffb6124: => flush output

I (38017) mbedtls: ssl_msg.c:2072 0x3ffb6124: <= flush output

I (38017) mbedtls: ssl_tls.c:4201 0x3ffb6124: client state: MBEDTLS_SSL_HELLO_REQUEST

D (38017) mbedtls: ssl_misc.h:1295 0x3ffb6124: handshake state: 0 (MBEDTLS_SSL_HELLO_REQUEST) -> 1 (MBEDTLS_SSL_CLIENT_HELLO)

I (38017) mbedtls: ssl_msg.c:2063 0x3ffb6124: => flush output

I (38017) mbedtls: ssl_msg.c:2072 0x3ffb6124: <= flush output

I (38017) mbedtls: ssl_tls.c:4201 0x3ffb6124: client state: MBEDTLS_SSL_CLIENT_HELLO

I (38017) mbedtls: ssl_client.c:917 0x3ffb6124: => write client hello

D (38017) mbedtls: ssl_client.c:722 0x3ffb6124: client hello, current time: 36

D (38017) mbedtls: ssl_client.c:485 0x3ffb6124: dumping 'client hello, random bytes' (32 bytes)

D (38017) mbedtls: ssl_client.c:485 0x3ffb6124: 0000:  00 00 00 24 8e ee 1a 15 ce 69 ad 01 d7 56 a4 1e  ...$.....i...V..

D (38017) mbedtls: ssl_client.c:485 0x3ffb6124: 0010:  7a ae 66 cc c9 d3 0b 67 a3 8e cf 5c b8 7a dd 42  z.f....g...\.z.B

D (38017) mbedtls: ssl_client.c:510 0x3ffb6124: dumping 'session id' (0 bytes)

D (38017) mbedtls: ssl_client.c:368 0x3ffb6124: client hello, add ciphersuite: c02c, TLS-ECDHE-ECDSA-WITH-AES-256-GCM-SHA384

D (38017) mbedtls: ssl_client.c:368 0x3ffb6124: client hello, add ciphersuite: c030, TLS-ECDHE-RSA-WITH-AES-256-GCM-SHA384

D (38017) mbedtls: ssl_client.c:368 0x3ffb6124: client hello, add ciphersuite: c0ad, TLS-ECDHE-ECDSA-WITH-AES-256-CCM

D (38017) mbedtls: ssl_client.c:368 0x3ffb6124: client hello, add ciphersuite: c024, TLS-ECDHE-ECDSA-WITH-AES-256-CBC-SHA384

D (38017) mbedtls: ssl_client.c:368 0x3ffb6124: client hello, add ciphersuite: c028, TLS-ECDHE-RSA-WITH-AES-256-CBC-SHA384

D (38017) mbedtls: ssl_client.c:368 0x3ffb6124: client hello, add ciphersuite: c00a, TLS-ECDHE-ECDSA-WITH-AES-256-CBC-SHA

D (38017) mbedtls: ssl_client.c:368 0x3ffb6124: client hello, add ciphersuite: c014, TLS-ECDHE-RSA-WITH-AES-256-CBC-SHA

D (38017) mbedtls: ssl_client.c:368 0x3ffb6124: client hello, add ciphersuite: c0af, TLS-ECDHE-ECDSA-WITH-AES-256-CCM-8

D (38017) mbedtls: ssl_client.c:368 0x3ffb6124: client hello, add ciphersuite: c02b, TLS-ECDHE-ECDSA-WITH-AES-128-GCM-SHA256

D (38017) mbedtls: ssl_client.c:368 0x3ffb6124: client hello, add ciphersuite: c02f, TLS-ECDHE-RSA-WITH-AES-128-GCM-SHA256

D (38017) mbedtls: ssl_client.c:368 0x3ffb6124: client hello, add ciphersuite: c0ac, TLS-ECDHE-ECDSA-WITH-AES-128-CCM

D (38017) mbedtls: ssl_client.c:368 0x3ffb6124: client hello, add ciphersuite: c023, TLS-ECDHE-ECDSA-WITH-AES-128-CBC-SHA256

D (38017) mbedtls: ssl_client.c:368 0x3ffb6124: client hello, add ciphersuite: c027, TLS-ECDHE-RSA-WITH-AES-128-CBC-SHA256

D (38017) mbedtls: ssl_client.c:368 0x3ffb6124: client hello, add ciphersuite: c009, TLS-ECDHE-ECDSA-WITH-AES-128-CBC-SHA

D (38017) mbedtls: ssl_client.c:368 0x3ffb6124: client hello, add ciphersuite: c013, TLS-ECDHE-RSA-WITH-AES-128-CBC-SHA

D (38017) mbedtls: ssl_client.c:368 0x3ffb6124: client hello, add ciphersuite: c0ae, TLS-ECDHE-ECDSA-WITH-AES-128-CCM-8

D (38017) mbedtls: ssl_client.c:386 0x3ffb6124: adding EMPTY_RENEGOTIATION_INFO_SCSV

D (38017) mbedtls: ssl_client.c:395 0x3ffb6124: client hello, got 17 cipher suites

D (38017) mbedtls: ssl_client.c:39 0x3ffb6124: client hello, adding server name extension: localhost

D (38017) mbedtls: ssl_client.c:229 0x3ffb6124: client hello, adding supported_groups extension

D (38017) mbedtls: ssl_client.c:248 0x3ffb6124: got supported group(001d)

D (38017) mbedtls: ssl_client.c:280 0x3ffb6124: NamedGroup: x25519 ( 1d )

D (38017) mbedtls: ssl_client.c:248 0x3ffb6124: got supported group(0017)

D (38017) mbedtls: ssl_client.c:280 0x3ffb6124: NamedGroup: secp256r1 ( 17 )

D (38017) mbedtls: ssl_client.c:248 0x3ffb6124: got supported group(0018)

D (38017) mbedtls: ssl_client.c:280 0x3ffb6124: NamedGroup: secp384r1 ( 18 )

D (38017) mbedtls: ssl_client.c:248 0x3ffb6124: got supported group(001e)

D (38017) mbedtls: ssl_client.c:280 0x3ffb6124: NamedGroup: x448 ( 1e )

D (38017) mbedtls: ssl_client.c:248 0x3ffb6124: got supported group(0019)

D (38017) mbedtls: ssl_client.c:280 0x3ffb6124: NamedGroup: secp521r1 ( 19 )

D (38017) mbedtls: ssl_client.c:248 0x3ffb6124: got supported group(001a)

D (38017) mbedtls: ssl_client.c:280 0x3ffb6124: NamedGroup: bp256r1 ( 1a )

D (38017) mbedtls: ssl_client.c:248 0x3ffb6124: got supported group(001b)

D (38017) mbedtls: ssl_client.c:280 0x3ffb6124: NamedGroup: bp384r1 ( 1b )

D (38017) mbedtls: ssl_client.c:248 0x3ffb6124: got supported group(001c)

D (38017) mbedtls: ssl_client.c:280 0x3ffb6124: NamedGroup: bp512r1 ( 1c )

D (38017) mbedtls: ssl_client.c:248 0x3ffb6124: got supported group(0100)

D (38027) mbedtls: ssl_client.c:248 0x3ffb6124: got supported group(0101)

D (38027) mbedtls: ssl_client.c:248 0x3ffb6124: got supported group(0102)

D (38027) mbedtls: ssl_client.c:248 0x3ffb6124: got supported group(0103)

D (38027) mbedtls: ssl_client.c:248 0x3ffb6124: got supported group(0104)

D (38027) mbedtls: ssl_client.c:300 0x3ffb6124: dumping 'Supported groups extension' (18 bytes)

D (38027) mbedtls: ssl_client.c:300 0x3ffb6124: 0000:  00 10 00 1d 00 17 00 18 00 1e 00 19 00 1a 00 1b  ................

D (38027) mbedtls: ssl_client.c:300 0x3ffb6124: 0010:  00 1c                                            ..

D (38027) mbedtls: ssl_tls.c:8276 0x3ffb6124: adding signature_algorithms extension

D (38027) mbedtls: ssl_tls.c:8296 0x3ffb6124: got signature scheme [603] ecdsa_secp521r1_sha512

D (38027) mbedtls: ssl_tls.c:8305 0x3ffb6124: sent signature scheme [603] ecdsa_secp521r1_sha512

D (38027) mbedtls: ssl_tls.c:8296 0x3ffb6124: got signature scheme [806] rsa_pss_rsae_sha512

D (38027) mbedtls: ssl_tls.c:8296 0x3ffb6124: got signature scheme [601] rsa_pkcs1_sha512

D (38027) mbedtls: ssl_tls.c:8305 0x3ffb6124: sent signature scheme [601] rsa_pkcs1_sha512

D (38027) mbedtls: ssl_tls.c:8296 0x3ffb6124: got signature scheme [503] ecdsa_secp384r1_sha384

D (38027) mbedtls: ssl_tls.c:8305 0x3ffb6124: sent signature scheme [503] ecdsa_secp384r1_sha384

D (38027) mbedtls: ssl_tls.c:8296 0x3ffb6124: got signature scheme [805] rsa_pss_rsae_sha384

D (38027) mbedtls: ssl_tls.c:8296 0x3ffb6124: got signature scheme [501] rsa_pkcs1_sha384

D (38027) mbedtls: ssl_tls.c:8305 0x3ffb6124: sent signature scheme [501] rsa_pkcs1_sha384

D (38027) mbedtls: ssl_tls.c:8296 0x3ffb6124: got signature scheme [403] ecdsa_secp256r1_sha256

D (38027) mbedtls: ssl_tls.c:8305 0x3ffb6124: sent signature scheme [403] ecdsa_secp256r1_sha256

D (38027) mbedtls: ssl_tls.c:8296 0x3ffb6124: got signature scheme [804] rsa_pss_rsae_sha256

D (38027) mbedtls: ssl_tls.c:8296 0x3ffb6124: got signature scheme [401] rsa_pkcs1_sha256

D (38027) mbedtls: ssl_tls.c:8305 0x3ffb6124: sent signature scheme [401] rsa_pkcs1_sha256

D (38027) mbedtls: ssl_tls12_client.c:103 0x3ffb6124: client hello, adding supported_point_formats extension

D (38027) mbedtls: ssl_tls12_client.c:287 0x3ffb6124: client hello, adding encrypt_then_mac extension

D (38027) mbedtls: ssl_tls12_client.c:319 0x3ffb6124: client hello, adding extended_master_secret extension

D (38027) mbedtls: ssl_tls12_client.c:352 0x3ffb6124: client hello, adding session ticket extension

D (38027) mbedtls: ssl_client.c:687 0x3ffb6124: client hello, total extension length: 76

D (38027) mbedtls: ssl_client.c:689 0x3ffb6124: dumping 'client hello extensions' (76 bytes)

D (38027) mbedtls: ssl_client.c:689 0x3ffb6124: 0000:  00 4c 00 00 00 0e 00 0c 00 00 09 6c 6f 63 61 6c  .L.........local

D (38027) mbedtls: ssl_client.c:689 0x3ffb6124: 0010:  68 6f 73 74 00 0a 00 12 00 10 00 1d 00 17 00 18  host............

D (38027) mbedtls: ssl_client.c:689 0x3ffb6124: 0020:  00 1e 00 19 00 1a 00 1b 00 1c 00 0d 00 0e 00 0c  ................

D (38027) mbedtls: ssl_client.c:689 0x3ffb6124: 0030:  06 03 06 01 05 03 05 01 04 03 04 01 00 0b 00 02  ................

D (38027) mbedtls: ssl_client.c:689 0x3ffb6124: 0040:  01 00 00 16 00 00 00 17 00 00 00 23              ...........#

I (38027) mbedtls: ssl_msg.c:2494 0x3ffb6124: => write handshake message

I (38027) mbedtls: ssl_msg.c:2654 0x3ffb6124: => write record

D (38027) mbedtls: ssl_msg.c:2737 0x3ffb6124: output record: msgtype = 22, version = [3:3], msglen = 155

I (38027) mbedtls: ssl_msg.c:2790 0x3ffb6124: <= write record

I (38027) mbedtls: ssl_msg.c:2615 0x3ffb6124: <= write handshake message

D (38027) mbedtls: ssl_misc.h:1295 0x3ffb6124: handshake state: 1 (MBEDTLS_SSL_CLIENT_HELLO) -> 2 (MBEDTLS_SSL_SERVER_HELLO)

I (38027) mbedtls: ssl_client.c:1010 0x3ffb6124: <= write client hello

I (38027) mbedtls: ssl_msg.c:2063 0x3ffb6124: => flush output

I (38027) mbedtls: ssl_msg.c:2077 0x3ffb6124: message length: 160, out_left: 160

I (38027) mbedtls: ssl_msg.c:2084 0x3ffb6124: ssl->f_send() returned 160 (-0xffffff60)

I (38027) mbedtls: ssl_msg.c:2111 0x3ffb6124: <= flush output

I (38027) mbedtls: ssl_tls.c:4201 0x3ffb6124: client state: MBEDTLS_SSL_SERVER_HELLO

I (38027) mbedtls: ssl_tls12_client.c:1151 0x3ffb6124: => parse server hello

I (38027) mbedtls: ssl_msg.c:4040 0x3ffb6124: => read record

I (38027) mbedtls: ssl_msg.c:1865 0x3ffb6124: => fetch input

I (38027) mbedtls: ssl_msg.c:2005 0x3ffb6124: in_left: 0, nb_want: 5

I (38027) mbedtls: ssl_msg.c:2025 0x3ffb6124: in_left: 0, nb_want: 5

I (38027) mbedtls: ssl_msg.c:2028 0x3ffb6124: ssl->f_recv(_timeout)() returned 5 (-0xfffffffb)

I (38027) mbedtls: ssl_msg.c:2050 0x3ffb6124: <= fetch input

D (38027) mbedtls: ssl_msg.c:3707 0x3ffb6124: input record: msgtype = 22, version = [0x303], msglen = 65

I (38027) mbedtls: ssl_msg.c:1865 0x3ffb6124: => fetch input

I (38027) mbedtls: ssl_msg.c:2005 0x3ffb6124: in_left: 5, nb_want: 70

I (38027) mbedtls: ssl_msg.c:2025 0x3ffb6124: in_left: 5, nb_want: 70

I (38027) mbedtls: ssl_msg.c:2028 0x3ffb6124: ssl->f_recv(_timeout)() returned 65 (-0xffffffbf)

I (38027) mbedtls: ssl_msg.c:2050 0x3ffb6124: <= fetch input

D (38027) mbedtls: ssl_msg.c:2948 0x3ffb6124: handshake message: msglen = 65, type = 2, hslen = 65

D (38037) mbedtls: ssl_msg.c:3085 0x3ffb6124: sole handshake fragment: 65, 0..65 of 65

I (38037) mbedtls: ssl_msg.c:4112 0x3ffb6124: <= read record

D (38037) mbedtls: ssl_tls12_client.c:1225 0x3ffb6124: dumping 'server hello, version' (2 bytes)

D (38037) mbedtls: ssl_tls12_client.c:1225 0x3ffb6124: 0000:  03 03                                            ..

D (38037) mbedtls: ssl_tls12_client.c:1246 0x3ffb6124: server hello, current time: 3126481401

D (38037) mbedtls: ssl_tls12_client.c:1256 0x3ffb6124: dumping 'server hello, random bytes' (32 bytes)

D (38037) mbedtls: ssl_tls12_client.c:1256 0x3ffb6124: 0000:  ba 5a 51 f9 54 f7 de 29 bc d9 31 b1 68 be 16 99  .ZQ.T..)..1.h...

D (38037) mbedtls: ssl_tls12_client.c:1256 0x3ffb6124: 0010:  e0 65 33 45 c3 fd 9b c0 f2 72 0e f6 44 f1 c8 8a  .e3E.....r..D...

D (38037) mbedtls: ssl_tls12_client.c:1318 0x3ffb6124: server hello, session id len.: 0

D (38037) mbedtls: ssl_tls12_client.c:1319 0x3ffb6124: dumping 'server hello, session id' (0 bytes)

D (38037) mbedtls: ssl_misc.h:1295 0x3ffb6124: handshake state: 2 (MBEDTLS_SSL_SERVER_HELLO) -> 3 (MBEDTLS_SSL_SERVER_CERTIFICATE)

D (38037) mbedtls: ssl_tls12_client.c:1343 0x3ffb6124: no session has been resumed

D (38037) mbedtls: ssl_tls12_client.c:1346 0x3ffb6124: server hello, chosen ciphersuite: c030

D (38037) mbedtls: ssl_tls12_client.c:1347 0x3ffb6124: server hello, compress alg.: 0

D (38037) mbedtls: ssl_tls12_client.c:1382 0x3ffb6124: server hello, chosen ciphersuite: TLS-ECDHE-RSA-WITH-AES-256-GCM-SHA384

I (38037) mbedtls: ssl_tls12_client.c:1403 0x3ffb6124: server hello, total extension length: 21

D (38037) mbedtls: ssl_tls12_client.c:1421 0x3ffb6124: found renegotiation extension

D (38037) mbedtls: ssl_tls12_client.c:1500 0x3ffb6124: found supported_point_formats extension

D (38037) mbedtls: ssl_tls12_client.c:1486 0x3ffb6124: found session_ticket extension

D (38037) mbedtls: ssl_tls12_client.c:1473 0x3ffb6124: found extended_master_secret extension

I (38037) mbedtls: ssl_tls12_client.c:1617 0x3ffb6124: <= parse server hello

I (38037) mbedtls: ssl_msg.c:2063 0x3ffb6124: => flush output

I (38037) mbedtls: ssl_msg.c:2072 0x3ffb6124: <= flush output

I (38037) mbedtls: ssl_tls.c:4201 0x3ffb6124: client state: MBEDTLS_SSL_SERVER_CERTIFICATE

I (38037) mbedtls: ssl_tls.c:7077 0x3ffb6124: => parse certificate

I (38037) mbedtls: ssl_msg.c:4040 0x3ffb6124: => read record

I (38037) mbedtls: ssl_msg.c:1865 0x3ffb6124: => fetch input

I (38037) mbedtls: ssl_msg.c:2005 0x3ffb6124: in_left: 0, nb_want: 5

I (38037) mbedtls: ssl_msg.c:2025 0x3ffb6124: in_left: 0, nb_want: 5

I (38037) mbedtls: ssl_msg.c:2028 0x3ffb6124: ssl->f_recv(_timeout)() returned 5 (-0xfffffffb)

I (38037) mbedtls: ssl_msg.c:2050 0x3ffb6124: <= fetch input

D (38037) mbedtls: ssl_msg.c:3707 0x3ffb6124: input record: msgtype = 22, version = [0x303], msglen = 791

I (38037) mbedtls: ssl_msg.c:1865 0x3ffb6124: => fetch input

I (38037) mbedtls: ssl_msg.c:2005 0x3ffb6124: in_left: 5, nb_want: 796

I (38037) mbedtls: ssl_msg.c:2025 0x3ffb6124: in_left: 5, nb_want: 796

I (38037) mbedtls: ssl_msg.c:2028 0x3ffb6124: ssl->f_recv(_timeout)() returned 791 (-0xfffffce9)

I (38037) mbedtls: ssl_msg.c:2050 0x3ffb6124: <= fetch input

D (38037) mbedtls: ssl_msg.c:2948 0x3ffb6124: handshake message: msglen = 791, type = 11, hslen = 791

D (38037) mbedtls: ssl_msg.c:3085 0x3ffb6124: sole handshake fragment: 791, 0..791 of 791

I (38047) mbedtls: ssl_msg.c:4112 0x3ffb6124: <= read record

D (38047) mbedtls: ssl_tls.c:6952 0x3ffb6124: peer certificate #1:

D (38047) mbedtls: ssl_tls.c:6952 0x3ffb6124: cert. version     : 3

D (38047) mbedtls: ssl_tls.c:6952 0x3ffb6124: serial number     : 77:66:A5:9D:AF:14:9E:F2:03:F7:3C:2B:1A:5C:81:86:F8:A3:4E:52

D (38047) mbedtls: ssl_tls.c:6952 0x3ffb6124: issuer name       : CN=localhost

D (38047) mbedtls: ssl_tls.c:6952 0x3ffb6124: subject name      : CN=localhost

D (38047) mbedtls: ssl_tls.c:6952 0x3ffb6124: issued  on        : 2026-08-26 20:20:30

D (38047) mbedtls: ssl_tls.c:6952 0x3ffb6124: expires on        : 2026-09-25 20:20:30

D (38047) mbedtls: ssl_tls.c:6952 0x3ffb6124: signed using      : RSA with SHA-256

D (38047) mbedtls: ssl_tls.c:6952 0x3ffb6124: RSA key size      : 2048 bits

D (38047) mbedtls: ssl_tls.c:6952 0x3ffb6124: basic constraints : CA=true

D (38047) mbedtls: ssl_tls.c:6952 0x3ffb6124: dumping 'crt->PK' (270 bytes)

D (38047) mbedtls: ssl_tls.c:6952 0x3ffb6124: 0000:  30 82 01 0a 02 82 01 01 00 dd 03 19 3e 8f 4a 05

D (38047) mbedtls: ssl_tls.c:6952 0x3ffb6124: 0010:  9c d6 74 e1 46 bc 40 7a 7e af 78 09 38 f6 d0 1c

D (38047) mbedtls: ssl_tls.c:6952 0x3ffb6124: 0020:  9d e4 2b 18 4c a1 87 f6 83 55 82 2d e0 21 fb b2

D (38047) mbedtls: ssl_tls.c:6952 0x3ffb6124: 0030:  00 2f 9b 98 36 24 73 47 a2 11 bb 50 05 1c 9e 40

D (38047) mbedtls: ssl_tls.c:6952 0x3ffb6124: 0040:  41 c9 de 81 7e a1 eb 82 48 35 d0 51 24 0d 22 bd

D (38047) mbedtls: ssl_tls.c:6952 0x3ffb6124: 0050:  7e c7 0b 60 74 e2 60 3e 76 de c1 3d b5 9f e9 d2

D (38047) mbedtls: ssl_tls.c:6952 0x3ffb6124: 0060:  ac 90 d3 84 2a 75 7c 41 8a 11 14 c8 bc 09 7b 9d

D (38047) mbedtls: ssl_tls.c:6952 0x3ffb6124: 0070:  45 54 95 c1 50 05 be f1 34 c0 05 55 f5 a2 b3 a8

D (38047) mbedtls: ssl_tls.c:6952 0x3ffb6124: 0080:  24 f6 ab 22 df 72 97 ef b5 8f e4 fe 49 be 4f c1

D (38047) mbedtls: ssl_tls.c:6952 0x3ffb6124: 0090:  08 e0 39 7a cd ba 74 2e d1 20 74 ad 6b 59 ab 86

D (38047) mbedtls: ssl_tls.c:6952 0x3ffb6124: 00a0:  5d 29 ab 81 f0 c1 22 3f 01 b9 0b a1 fb ee 70 9f

D (38047) mbedtls: ssl_tls.c:6952 0x3ffb6124: 00b0:  eb 29 5e 9f 1d 6a 0d dc 65 fd 5e 5d 38 0c 1a c3

D (38047) mbedtls: ssl_tls.c:6952 0x3ffb6124: 00c0:  ae b7 b7 2f 66 23 82 80 ab 7d 69 7c 8f 95 ab e8

D (38047) mbedtls: ssl_tls.c:6952 0x3ffb6124: 00d0:  c0 4d 21 42 7d 78 c8 25 8b 60 f6 0d 87 c9 f4 df

D (38047) mbedtls: ssl_tls.c:6952 0x3ffb6124: 00e0:  36 bf 16 7c 59 16 d1 09 ec 17 67 cf 5d 9f 8f 78

D (38047) mbedtls: ssl_tls.c:6952 0x3ffb6124: 00f0:  8c 3d d0 02 18 d5 bc a7 19 f4 51 fe 1d b3 20 40

D (38047) mbedtls: ssl_tls.c:6952 0x3ffb6124: 0100:  67 7e 3a cc 30 f3 8d a0 ef 02 03 01 00 01      

D (38047) mbedtls: ssl_tls.c:8721 0x3ffb6124: Use configuration-specific verification callback

D (38047) mbedtls: ssl_tls.c:8881 0x3ffb6124: Certificate verification flags clear

I (38047) mbedtls: ssl_tls.c:7191 0x3ffb6124: <= parse certificate

D (38047) mbedtls: ssl_misc.h:1295 0x3ffb6124: handshake state: 3 (MBEDTLS_SSL_SERVER_CERTIFICATE) -> 4 (MBEDTLS_SSL_SERVER_KEY_EXCHANGE)

I (38047) mbedtls: ssl_msg.c:2063 0x3ffb6124: => flush output

I (38047) mbedtls: ssl_msg.c:2072 0x3ffb6124: <= flush output

I (38047) mbedtls: ssl_tls.c:4201 0x3ffb6124: client state: MBEDTLS_SSL_SERVER_KEY_EXCHANGE

I (38047) mbedtls: ssl_tls12_client.c:1831 0x3ffb6124: => parse server key exchange

I (38047) mbedtls: ssl_msg.c:4040 0x3ffb6124: => read record

I (38047) mbedtls: ssl_msg.c:1865 0x3ffb6124: => fetch input

I (38047) mbedtls: ssl_msg.c:2005 0x3ffb6124: in_left: 0, nb_want: 5

I (38057) mbedtls: ssl_msg.c:2025 0x3ffb6124: in_left: 0, nb_want: 5

I (38057) mbedtls: ssl_msg.c:2028 0x3ffb6124: ssl->f_recv(_timeout)() returned 5 (-0xfffffffb)

I (38057) mbedtls: ssl_msg.c:2050 0x3ffb6124: <= fetch input

D (38057) mbedtls: ssl_msg.c:3707 0x3ffb6124: input record: msgtype = 22, version = [0x303], msglen = 300

I (38057) mbedtls: ssl_msg.c:1865 0x3ffb6124: => fetch input

I (38057) mbedtls: ssl_msg.c:2005 0x3ffb6124: in_left: 5, nb_want: 305

I (38057) mbedtls: ssl_msg.c:2025 0x3ffb6124: in_left: 5, nb_want: 305

I (38057) mbedtls: ssl_msg.c:2028 0x3ffb6124: ssl->f_recv(_timeout)() returned 300 (-0xfffffed4)

I (38057) mbedtls: ssl_msg.c:2050 0x3ffb6124: <= fetch input

D (38057) mbedtls: ssl_msg.c:2948 0x3ffb6124: handshake message: msglen = 300, type = 12, hslen = 300

D (38057) mbedtls: ssl_msg.c:3085 0x3ffb6124: sole handshake fragment: 300, 0..300 of 300

I (38057) mbedtls: ssl_msg.c:4112 0x3ffb6124: <= read record

D (38057) mbedtls: ssl_tls12_client.c:1885 0x3ffb6124: dumping 'server key exchange' (296 bytes)

D (38057) mbedtls: ssl_tls12_client.c:1885 0x3ffb6124: 0000:  03 00 1d 20 67 d3 e0 82 a9 eb 71 bb 49 fa 39 38  ... g.....q.I.98

D (38057) mbedtls: ssl_tls12_client.c:1885 0x3ffb6124: 0010:  03 48 0e dd 96 73 8d bd 98 f9 86 0f 28 a0 9e b4  .H...s......(...

D (38057) mbedtls: ssl_tls12_client.c:1885 0x3ffb6124: 0020:  c0 79 a1 31 06 01 01 00 6a 8c 53 89 38 09 25 a9  .y.1....j.S.8.%.

D (38057) mbedtls: ssl_tls12_client.c:1885 0x3ffb6124: 0030:  cf 1e 51 d6 0c 2e ea fd 7e 86 24 c8 78 c9 00 50  ..Q.....~.$.x..P

D (38057) mbedtls: ssl_tls12_client.c:1885 0x3ffb6124: 0040:  b2 98 a6 21 3b 87 a9 af be f4 b0 d4 99 05 c2 70  ...!;..........p

D (38057) mbedtls: ssl_tls12_client.c:1885 0x3ffb6124: 0050:  97 ad 55 ef e1 39 d3 f1 fc 45 d9 2f 00 51 a1 b5  ..U..9...E./.Q..

D (38057) mbedtls: ssl_tls12_client.c:1885 0x3ffb6124: 0060:  4c 60 4d 7d 99 f7 d8 cd a9 c4 12 45 3c 84 1c 76  L`M}.......E<..v

D (38057) mbedtls: ssl_tls12_client.c:1885 0x3ffb6124: 0070:  a3 80 14 1d 51 e1 76 ea eb 20 65 e0 77 b5 11 03  ....Q.v.. e.w...

D (38057) mbedtls: ssl_tls12_client.c:1885 0x3ffb6124: 0080:  29 03 53 87 65 71 3b 4f 16 7e 8b cd a2 f1 26 9e  ).S.eq;O.~....&.

D (38057) mbedtls: ssl_tls12_client.c:1885 0x3ffb6124: 0090:  0e e0 db 4a 3d e6 ef e9 96 53 c4 04 8c 4f 60 12  ...J=....S...O`.

D (38057) mbedtls: ssl_tls12_client.c:1885 0x3ffb6124: 00a0:  67 d7 ee 17 5f 40 92 2c 8d e7 4f 18 2d 7a 8b d2  g..._@.,..O.-z..

D (38057) mbedtls: ssl_tls12_client.c:1885 0x3ffb6124: 00b0:  c4 6b 6a c0 58 3d 0f a6 16 af 17 c4 5e 64 2e 32  .kj.X=......^d.2

D (38057) mbedtls: ssl_tls12_client.c:1885 0x3ffb6124: 00c0:  d6 dd ff 78 fb 0a 3e 66 34 a4 cc fe f7 cd c3 e9  ...x..>f4.......

D (38057) mbedtls: ssl_tls12_client.c:1885 0x3ffb6124: 00d0:  c7 3c 39 43 f6 14 b1 4b cb 9a b4 a3 a1 91 39 8e  .<9C...K......9.

D (38057) mbedtls: ssl_tls12_client.c:1885 0x3ffb6124: 00e0:  19 4c 82 bc a3 ba 2e dc 2d 49 44 c7 9f 7a 72 7a  .L......-ID..zrz

D (38057) mbedtls: ssl_tls12_client.c:1885 0x3ffb6124: 00f0:  96 02 58 3b 3a bc 28 5c cd d9 f1 04 16 29 28 34  ..X;:.(\.....)(4

D (38057) mbedtls: ssl_tls12_client.c:1885 0x3ffb6124: 0100:  a9 70 ac e2 3d bc 53 a5 e7 4a 47 4e 8f d3 0f f7  .p..=.S..JGN....

D (38057) mbedtls: ssl_tls12_client.c:1885 0x3ffb6124: 0110:  16 d8 4a 3c c6 18 39 e1 f6 2e 0c 77 59 0f 27 47  ..J<..9....wY.'G

D (38057) mbedtls: ssl_tls12_client.c:1885 0x3ffb6124: 0120:  f5 94 fe c4 54 84 3e 34                          ....T.>4

I (38057) mbedtls: ssl_tls12_client.c:1815 0x3ffb6124: Server used the signature algorithm rsa_pkcs1_sha512

D (38057) mbedtls: ssl_tls12_client.c:2047 0x3ffb6124: dumping 'signature' (256 bytes)

D (38057) mbedtls: ssl_tls12_client.c:2047 0x3ffb6124: 0000:  6a 8c 53 89 38 09 25 a9 cf 1e 51 d6 0c 2e ea fd  j.S.8.%...Q.....

D (38057) mbedtls: ssl_tls12_client.c:2047 0x3ffb6124: 0010:  7e 86 24 c8 78 c9 00 50 b2 98 a6 21 3b 87 a9 af  ~.$.x..P...!;...

D (38057) mbedtls: ssl_tls12_client.c:2047 0x3ffb6124: 0020:  be f4 b0 d4 99 05 c2 70 97 ad 55 ef e1 39 d3 f1  .......p..U..9..

D (38067) mbedtls: ssl_tls12_client.c:2047 0x3ffb6124: 0030:  fc 45 d9 2f 00 51 a1 b5 4c 60 4d 7d 99 f7 d8 cd  .E./.Q..L`M}....

D (38067) mbedtls: ssl_tls12_client.c:2047 0x3ffb6124: 0040:  a9 c4 12 45 3c 84 1c 76 a3 80 14 1d 51 e1 76 ea  ...E<..v....Q.v.

D (38067) mbedtls: ssl_tls12_client.c:2047 0x3ffb6124: 0050:  eb 20 65 e0 77 b5 11 03 29 03 53 87 65 71 3b 4f  . e.w...).S.eq;O

D (38067) mbedtls: ssl_tls12_client.c:2047 0x3ffb6124: 0060:  16 7e 8b cd a2 f1 26 9e 0e e0 db 4a 3d e6 ef e9  .~....&....J=...

D (38067) mbedtls: ssl_tls12_client.c:2047 0x3ffb6124: 0070:  96 53 c4 04 8c 4f 60 12 67 d7 ee 17 5f 40 92 2c  .S...O`.g..._@.,

D (38067) mbedtls: ssl_tls12_client.c:2047 0x3ffb6124: 0080:  8d e7 4f 18 2d 7a 8b d2 c4 6b 6a c0 58 3d 0f a6  ..O.-z...kj.X=..

D (38067) mbedtls: ssl_tls12_client.c:2047 0x3ffb6124: 0090:  16 af 17 c4 5e 64 2e 32 d6 dd ff 78 fb 0a 3e 66  ....^d.2...x..>f

D (38067) mbedtls: ssl_tls12_client.c:2047 0x3ffb6124: 00a0:  34 a4 cc fe f7 cd c3 e9 c7 3c 39 43 f6 14 b1 4b  4........<9C...K

D (38067) mbedtls: ssl_tls12_client.c:2047 0x3ffb6124: 00b0:  cb 9a b4 a3 a1 91 39 8e 19 4c 82 bc a3 ba 2e dc  ......9..L......

D (38067) mbedtls: ssl_tls12_client.c:2047 0x3ffb6124: 00c0:  2d 49 44 c7 9f 7a 72 7a 96 02 58 3b 3a bc 28 5c  -ID..zrz..X;:.(\

D (38067) mbedtls: ssl_tls12_client.c:2047 0x3ffb6124: 00d0:  cd d9 f1 04 16 29 28 34 a9 70 ac e2 3d bc 53 a5  .....)(4.p..=.S.

D (38067) mbedtls: ssl_tls12_client.c:2047 0x3ffb6124: 00e0:  e7 4a 47 4e 8f d3 0f f7 16 d8 4a 3c c6 18 39 e1  .JGN......J<..9.

D (38067) mbedtls: ssl_tls12_client.c:2047 0x3ffb6124: 00f0:  f6 2e 0c 77 59 0f 27 47 f5 94 fe c4 54 84 3e 34  ...wY.'G....T.>4

D (38067) mbedtls: ssl_tls.c:8082 0x3ffb6124: Perform PSA-based computation of digest of ServerKeyExchange

D (38067) mbedtls: ssl_tls12_client.c:2064 0x3ffb6124: dumping 'parameters hash' (64 bytes)

D (38067) mbedtls: ssl_tls12_client.c:2064 0x3ffb6124: 0000:  6a ca 78 69 12 37 44 00 4c ba f7 af 88 04 f4 9d  j.xi.7D.L.......

D (38067) mbedtls: ssl_tls12_client.c:2064 0x3ffb6124: 0010:  82 96 e2 cb 82 04 87 6d fc ea 3f fd 64 6f bf 8f  .......m..?.do..

D (38067) mbedtls: ssl_tls12_client.c:2064 0x3ffb6124: 0020:  bf 48 78 f1 37 b9 dd 8f a7 f1 37 ff 24 92 e0 73  .Hx.7.....7.$..s

D (38067) mbedtls: ssl_tls12_client.c:2064 0x3ffb6124: 0030:  22 6d f8 88 b6 86 ec b6 b8 f8 bf 8b c5 21 54 9b  "m...........!T.

D (38077) mbedtls: ssl_misc.h:1295 0x3ffb6124: handshake state: 4 (MBEDTLS_SSL_SERVER_KEY_EXCHANGE) -> 5 (MBEDTLS_SSL_CERTIFICATE_REQUEST)

I (38077) mbedtls: ssl_tls12_client.c:2118 0x3ffb6124: <= parse server key exchange

I (38077) mbedtls: ssl_msg.c:2063 0x3ffb6124: => flush output

I (38077) mbedtls: ssl_msg.c:2072 0x3ffb6124: <= flush output

I (38077) mbedtls: ssl_tls.c:4201 0x3ffb6124: client state: MBEDTLS_SSL_CERTIFICATE_REQUEST

I (38077) mbedtls: ssl_tls12_client.c:2157 0x3ffb6124: => parse certificate request

I (38077) mbedtls: ssl_msg.c:4040 0x3ffb6124: => read record

I (38077) mbedtls: ssl_msg.c:1865 0x3ffb6124: => fetch input

I (38077) mbedtls: ssl_msg.c:2005 0x3ffb6124: in_left: 0, nb_want: 5

I (38077) mbedtls: ssl_msg.c:2025 0x3ffb6124: in_left: 0, nb_want: 5

I (38077) mbedtls: ssl_msg.c:2028 0x3ffb6124: ssl->f_recv(_timeout)() returned 5 (-0xfffffffb)

I (38077) mbedtls: ssl_msg.c:2050 0x3ffb6124: <= fetch input

D (38077) mbedtls: ssl_msg.c:3707 0x3ffb6124: input record: msgtype = 22, version = [0x303], msglen = 4

I (38077) mbedtls: ssl_msg.c:1865 0x3ffb6124: => fetch input

I (38077) mbedtls: ssl_msg.c:2005 0x3ffb6124: in_left: 5, nb_want: 9

I (38077) mbedtls: ssl_msg.c:2025 0x3ffb6124: in_left: 5, nb_want: 9

I (38087) mbedtls: ssl_msg.c:2028 0x3ffb6124: ssl->f_recv(_timeout)() returned 4 (-0xfffffffc)

I (38087) mbedtls: ssl_msg.c:2050 0x3ffb6124: <= fetch input

D (38087) mbedtls: ssl_msg.c:2948 0x3ffb6124: handshake message: msglen = 4, type = 14, hslen = 4

D (38087) mbedtls: ssl_msg.c:3085 0x3ffb6124: sole handshake fragment: 4, 0..4 of 4

I (38087) mbedtls: ssl_msg.c:4112 0x3ffb6124: <= read record

D (38087) mbedtls: ssl_misc.h:1295 0x3ffb6124: handshake state: 5 (MBEDTLS_SSL_CERTIFICATE_REQUEST) -> 6 (MBEDTLS_SSL_SERVER_HELLO_DONE)

D (38087) mbedtls: ssl_tls12_client.c:2183 0x3ffb6124: got no certificate request

I (38087) mbedtls: ssl_tls12_client.c:2319 0x3ffb6124: <= parse certificate request

I (38087) mbedtls: ssl_msg.c:2063 0x3ffb6124: => flush output

I (38087) mbedtls: ssl_msg.c:2072 0x3ffb6124: <= flush output

I (38087) mbedtls: ssl_tls.c:4201 0x3ffb6124: client state: MBEDTLS_SSL_SERVER_HELLO_DONE

I (38087) mbedtls: ssl_tls12_client.c:2330 0x3ffb6124: => parse server hello done

I (38087) mbedtls: ssl_msg.c:4040 0x3ffb6124: => read record

I (38087) mbedtls: ssl_msg.c:4108 0x3ffb6124: reuse previously read message

I (38087) mbedtls: ssl_msg.c:4112 0x3ffb6124: <= read record

D (38087) mbedtls: ssl_misc.h:1295 0x3ffb6124: handshake state: 6 (MBEDTLS_SSL_SERVER_HELLO_DONE) -> 7 (MBEDTLS_SSL_CLIENT_CERTIFICATE)

I (38087) mbedtls: ssl_tls12_client.c:2358 0x3ffb6124: <= parse server hello done

I (38087) mbedtls: ssl_msg.c:2063 0x3ffb6124: => flush output

I (38087) mbedtls: ssl_msg.c:2072 0x3ffb6124: <= flush output

I (38087) mbedtls: ssl_tls.c:4201 0x3ffb6124: client state: MBEDTLS_SSL_CLIENT_CERTIFICATE

I (38087) mbedtls: ssl_tls.c:6675 0x3ffb6124: => write certificate

I (38087) mbedtls: ssl_tls.c:6686 0x3ffb6124: <= skip write certificate

D (38087) mbedtls: ssl_misc.h:1295 0x3ffb6124: handshake state: 7 (MBEDTLS_SSL_CLIENT_CERTIFICATE) -> 8 (MBEDTLS_SSL_CLIENT_KEY_EXCHANGE)

I (38087) mbedtls: ssl_msg.c:2063 0x3ffb6124: => flush output

I (38087) mbedtls: ssl_msg.c:2072 0x3ffb6124: <= flush output

I (38087) mbedtls: ssl_tls.c:4201 0x3ffb6124: client state: MBEDTLS_SSL_CLIENT_KEY_EXCHANGE

I (38087) mbedtls: ssl_tls12_client.c:2373 0x3ffb6124: => write client key exchange

D (38087) mbedtls: ssl_tls12_client.c:2387 0x3ffb6124: Perform PSA-based ECDH computation.

[mem-tick] t=   36583 ms phase=e1           free=215824
[mem-tick] t=   36683 ms phase=e1           free=215456
D (38237) mbedtls: ssl_misc.h:1295 0x3ffb6124: handshake state: 8 (MBEDTLS_SSL_CLIENT_KEY_EXCHANGE) -> 9 (MBEDTLS_SSL_CERTIFICATE_VERIFY)

I (38237) mbedtls: ssl_msg.c:2494 0x3ffb6124: => write handshake message

I (38237) mbedtls: ssl_msg.c:2654 0x3ffb6124: => write record

D (38237) mbedtls: ssl_msg.c:2737 0x3ffb6124: output record: msgtype = 22, version = [3:3], msglen = 37

I (38237) mbedtls: ssl_msg.c:2063 0x3ffb6124: => flush output

I (38237) mbedtls: ssl_msg.c:2077 0x3ffb6124: message length: 42, out_left: 42

I (38237) mbedtls: ssl_msg.c:2084 0x3ffb6124: ssl->f_send() returned 42 (-0xffffffd6)

I (38237) mbedtls: ssl_msg.c:2111 0x3ffb6124: <= flush output

I (38237) mbedtls: ssl_msg.c:2790 0x3ffb6124: <= write record

I (38237) mbedtls: ssl_msg.c:2615 0x3ffb6124: <= write handshake message

I (38237) mbedtls: ssl_tls12_client.c:2653 0x3ffb6124: <= write client key exchange

I (38237) mbedtls: ssl_msg.c:2063 0x3ffb6124: => flush output

I (38237) mbedtls: ssl_msg.c:2072 0x3ffb6124: <= flush output

I (38237) mbedtls: ssl_tls.c:4201 0x3ffb6124: client state: MBEDTLS_SSL_CERTIFICATE_VERIFY

I (38237) mbedtls: ssl_tls12_client.c:2701 0x3ffb6124: => write certificate verify

I (38237) mbedtls: ssl_tls.c:6466 0x3ffb6124: => derive keys

I (38237) mbedtls: ssl_tls.c:6557 0x3ffb6124: => PSA calc verify

D (38237) mbedtls: ssl_tls.c:6568 0x3ffb6124: dumping 'PSA calculated verify result' (48 bytes)

D (38237) mbedtls: ssl_tls.c:6568 0x3ffb6124: 0000:  a0 f6 8c 96 97 cd bd 6d 4d af f3 1e 73 f6 5b b0  .......mM...s.[.

D (38237) mbedtls: ssl_tls.c:6568 0x3ffb6124: 0010:  ce ec 63 73 9a 95 49 61 69 af 76 c3 a4 c5 71 8e  ..cs..Iai.v...q.

D (38237) mbedtls: ssl_tls.c:6568 0x3ffb6124: 0020:  99 29 4f 9b 58 fb 76 b9 31 65 ab 99 2a dd 83 fe  .)O.X.v.1e..*...

I (38237) mbedtls: ssl_tls.c:6569 0x3ffb6124: <= PSA calc verify

D (38237) mbedtls: ssl_tls.c:6308 0x3ffb6124: dumping 'session hash for extended master secret' (48 bytes)

D (38237) mbedtls: ssl_tls.c:6308 0x3ffb6124: 0000:  a0 f6 8c 96 97 cd bd 6d 4d af f3 1e 73 f6 5b b0  .......mM...s.[.

D (38237) mbedtls: ssl_tls.c:6308 0x3ffb6124: 0010:  ce ec 63 73 9a 95 49 61 69 af 76 c3 a4 c5 71 8e  ..cs..Iai.v...q.

D (38237) mbedtls: ssl_tls.c:6308 0x3ffb6124: 0020:  99 29 4f 9b 58 fb 76 b9 31 65 ab 99 2a dd 83 fe  .)O.X.v.1e..*...

D (38237) mbedtls: ssl_tls.c:6449 0x3ffb6124: dumping 'premaster secret' (32 bytes)

D (38237) mbedtls: ssl_tls.c:6449 0x3ffb6124: 0000:  74 38 04 81 34 75 4e d2 78 0d 52 4c 0c 9d 1a b5  t8..4uN.x.RL....

D (38237) mbedtls: ssl_tls.c:6449 0x3ffb6124: 0010:  8b 1d af 19 34 9c cb f9 d1 ec 1b 2b 36 59 6e 23  ....4......+6Yn#

D (38247) mbedtls: ssl_tls.c:7762 0x3ffb6124: ciphersuite = TLS-ECDHE-RSA-WITH-AES-256-GCM-SHA384

D (38247) mbedtls: ssl_tls.c:7764 0x3ffb6124: dumping 'master secret' (48 bytes)

D (38247) mbedtls: ssl_tls.c:7764 0x3ffb6124: 0000:  ec a4 66 fe 33 98 b9 58 44 1f ae e0 21 75 3f f7  ..f.3..XD...!u?.

D (38247) mbedtls: ssl_tls.c:7764 0x3ffb6124: 0010:  82 b6 2f f8 9c 50 4d f4 4d c0 db eb bf 93 37 6d  ../..PM.M.....7m

D (38247) mbedtls: ssl_tls.c:7764 0x3ffb6124: 0020:  22 5b 0b ca b0 ad ad b7 c5 c6 ef 04 83 5f 1b 1b  "[..........._..

D (38247) mbedtls: ssl_tls.c:7855 0x3ffb6124: keylen: 32, minlen: 24, ivlen: 12, maclen: 0

I (38247) mbedtls: ssl_tls.c:6517 0x3ffb6124: <= derive keys

I (38247) mbedtls: ssl_tls12_client.c:2723 0x3ffb6124: <= skip write certificate verify

D (38247) mbedtls: ssl_misc.h:1295 0x3ffb6124: handshake state: 9 (MBEDTLS_SSL_CERTIFICATE_VERIFY) -> 10 (MBEDTLS_SSL_CLIENT_CHANGE_CIPHER_SPEC)

I (38247) mbedtls: ssl_msg.c:2063 0x3ffb6124: => flush output

I (38247) mbedtls: ssl_msg.c:2072 0x3ffb6124: <= flush output

I (38247) mbedtls: ssl_tls.c:4201 0x3ffb6124: client state: MBEDTLS_SSL_CLIENT_CHANGE_CIPHER_SPEC

I (38247) mbedtls: ssl_msg.c:5087 0x3ffb6124: => write change cipher spec

D (38247) mbedtls: ssl_misc.h:1295 0x3ffb6124: handshake state: 10 (MBEDTLS_SSL_CLIENT_CHANGE_CIPHER_SPEC) -> 11 (MBEDTLS_SSL_CLIENT_FINISHED)

I (38247) mbedtls: ssl_msg.c:2494 0x3ffb6124: => write handshake message

I (38247) mbedtls: ssl_msg.c:2654 0x3ffb6124: => write record

D (38247) mbedtls: ssl_msg.c:2737 0x3ffb6124: output record: msgtype = 20, version = [3:3], msglen = 1

I (38247) mbedtls: ssl_msg.c:2063 0x3ffb6124: => flush output

I (38247) mbedtls: ssl_msg.c:2077 0x3ffb6124: message length: 6, out_left: 6

I (38247) mbedtls: ssl_msg.c:2084 0x3ffb6124: ssl->f_send() returned 6 (-0xfffffffa)

I (38247) mbedtls: ssl_msg.c:2111 0x3ffb6124: <= flush output

I (38247) mbedtls: ssl_msg.c:2790 0x3ffb6124: <= write record

I (38247) mbedtls: ssl_msg.c:2615 0x3ffb6124: <= write handshake message

I (38247) mbedtls: ssl_msg.c:5100 0x3ffb6124: <= write change cipher spec

I (38247) mbedtls: ssl_msg.c:2063 0x3ffb6124: => flush output

I (38247) mbedtls: ssl_msg.c:2072 0x3ffb6124: <= flush output

I (38247) mbedtls: ssl_tls.c:4201 0x3ffb6124: client state: MBEDTLS_SSL_CLIENT_FINISHED

I (38247) mbedtls: ssl_tls.c:7384 0x3ffb6124: => write finished

I (38247) mbedtls: ssl_tls.c:7235 0x3ffb6124: => calc PSA finished tls

D (38247) mbedtls: ssl_tls.c:7246 0x3ffb6124: dumping 'PSA calculated padbuf' (48 bytes)

D (38247) mbedtls: ssl_tls.c:7246 0x3ffb6124: 0000:  a0 f6 8c 96 97 cd bd 6d 4d af f3 1e 73 f6 5b b0  .......mM...s.[.

D (38247) mbedtls: ssl_tls.c:7246 0x3ffb6124: 0010:  ce ec 63 73 9a 95 49 61 69 af 76 c3 a4 c5 71 8e  ..cs..Iai.v...q.

D (38247) mbedtls: ssl_tls.c:7246 0x3ffb6124: 0020:  99 29 4f 9b 58 fb 76 b9 31 65 ab 99 2a dd 83 fe  .)O.X.v.1e..*...

D (38247) mbedtls: ssl_tls.c:7258 0x3ffb6124: dumping 'calc finished result' (12 bytes)

D (38247) mbedtls: ssl_tls.c:7258 0x3ffb6124: 0000:  d2 cc 12 4f 98 64 b7 10 7c 85 d2 d9              ...O.d..|...

I (38247) mbedtls: ssl_tls.c:7262 0x3ffb6124: <= calc finished

D (38247) mbedtls: ssl_misc.h:1295 0x3ffb6124: handshake state: 11 (MBEDTLS_SSL_CLIENT_FINISHED) -> 12 (MBEDTLS_SSL_SERVER_CHANGE_CIPHER_SPEC)

D (38247) mbedtls: ssl_tls.c:7434 0x3ffb6124: switching to new transform spec for outbound data

I (38247) mbedtls: ssl_msg.c:2494 0x3ffb6124: => write handshake message

I (38247) mbedtls: ssl_msg.c:2654 0x3ffb6124: => write record

I (38247) mbedtls: ssl_msg.c:808 0x3ffb6124: => encrypt buf

D (38247) mbedtls: ssl_msg.c:1036 0x3ffb6124: before encrypt: msglen = 16, including 0 bytes of padding

I (38247) mbedtls: ssl_msg.c:1265 0x3ffb6124: <= encrypt buf

D (38247) mbedtls: ssl_msg.c:2737 0x3ffb6124: output record: msgtype = 22, version = [3:3], msglen = 40

I (38247) mbedtls: ssl_msg.c:2063 0x3ffb6124: => flush output

I (38247) mbedtls: ssl_msg.c:2077 0x3ffb6124: message length: 45, out_left: 45

I (38247) mbedtls: ssl_msg.c:2084 0x3ffb6124: ssl->f_send() returned 45 (-0xffffffd3)

I (38247) mbedtls: ssl_msg.c:2111 0x3ffb6124: <= flush output

I (38247) mbedtls: ssl_msg.c:2790 0x3ffb6124: <= write record

I (38247) mbedtls: ssl_msg.c:2615 0x3ffb6124: <= write handshake message

I (38247) mbedtls: ssl_tls.c:7487 0x3ffb6124: <= write finished

I (38247) mbedtls: ssl_msg.c:2063 0x3ffb6124: => flush output

I (38247) mbedtls: ssl_msg.c:2072 0x3ffb6124: <= flush output

I (38247) mbedtls: ssl_tls.c:4201 0x3ffb6124: client state: MBEDTLS_SSL_SERVER_CHANGE_CIPHER_SPEC

D (38247) mbedtls: ssl_misc.h:1295 0x3ffb6124: handshake state: 12 (MBEDTLS_SSL_SERVER_CHANGE_CIPHER_SPEC) -> 16 (MBEDTLS_SSL_NEW_SESSION_TICKET)

I (38257) mbedtls: ssl_tls12_client.c:2829 0x3ffb6124: => parse new session ticket

I (38257) mbedtls: ssl_msg.c:4040 0x3ffb6124: => read record

I (38257) mbedtls: ssl_msg.c:1865 0x3ffb6124: => fetch input

I (38257) mbedtls: ssl_msg.c:2005 0x3ffb6124: in_left: 0, nb_want: 5

I (38257) mbedtls: ssl_msg.c:2025 0x3ffb6124: in_left: 0, nb_want: 5

I (38257) mbedtls: ssl_msg.c:2028 0x3ffb6124: ssl->f_recv(_timeout)() returned 5 (-0xfffffffb)

I (38257) mbedtls: ssl_msg.c:2050 0x3ffb6124: <= fetch input

D (38257) mbedtls: ssl_msg.c:3707 0x3ffb6124: input record: msgtype = 22, version = [0x303], msglen = 186

I (38257) mbedtls: ssl_msg.c:1865 0x3ffb6124: => fetch input

I (38257) mbedtls: ssl_msg.c:2005 0x3ffb6124: in_left: 5, nb_want: 191

I (38257) mbedtls: ssl_msg.c:2025 0x3ffb6124: in_left: 5, nb_want: 191

I (38257) mbedtls: ssl_msg.c:2028 0x3ffb6124: ssl->f_recv(_timeout)() returned 186 (-0xffffff46)

I (38257) mbedtls: ssl_msg.c:2050 0x3ffb6124: <= fetch input

D (38257) mbedtls: ssl_msg.c:2948 0x3ffb6124: handshake message: msglen = 186, type = 4, hslen = 186

D (38257) mbedtls: ssl_msg.c:3085 0x3ffb6124: sole handshake fragment: 186, 0..186 of 186

I (38257) mbedtls: ssl_msg.c:4112 0x3ffb6124: <= read record

D (38257) mbedtls: ssl_tls12_client.c:2876 0x3ffb6124: ticket length: 176

D (38257) mbedtls: ssl_misc.h:1295 0x3ffb6124: handshake state: 16 (MBEDTLS_SSL_NEW_SESSION_TICKET) -> 12 (MBEDTLS_SSL_SERVER_CHANGE_CIPHER_SPEC)

D (38257) mbedtls: ssl_tls12_client.c:2920 0x3ffb6124: ticket in use, discarding session id

I (38257) mbedtls: ssl_tls12_client.c:2923 0x3ffb6124: <= parse new session ticket

I (38257) mbedtls: ssl_msg.c:2063 0x3ffb6124: => flush output

I (38257) mbedtls: ssl_msg.c:2072 0x3ffb6124: <= flush output

I (38257) mbedtls: ssl_tls.c:4201 0x3ffb6124: client state: MBEDTLS_SSL_SERVER_CHANGE_CIPHER_SPEC

I (38257) mbedtls: ssl_msg.c:5109 0x3ffb6124: => parse change cipher spec

I (38257) mbedtls: ssl_msg.c:4040 0x3ffb6124: => read record

I (38257) mbedtls: ssl_msg.c:1865 0x3ffb6124: => fetch input

I (38257) mbedtls: ssl_msg.c:2005 0x3ffb6124: in_left: 0, nb_want: 5

I (38257) mbedtls: ssl_msg.c:2025 0x3ffb6124: in_left: 0, nb_want: 5

I (38257) mbedtls: ssl_msg.c:2028 0x3ffb6124: ssl->f_recv(_timeout)() returned 5 (-0xfffffffb)

I (38257) mbedtls: ssl_msg.c:2050 0x3ffb6124: <= fetch input

D (38257) mbedtls: ssl_msg.c:3707 0x3ffb6124: input record: msgtype = 20, version = [0x303], msglen = 1

I (38257) mbedtls: ssl_msg.c:1865 0x3ffb6124: => fetch input

I (38257) mbedtls: ssl_msg.c:2005 0x3ffb6124: in_left: 5, nb_want: 6

I (38257) mbedtls: ssl_msg.c:2025 0x3ffb6124: in_left: 5, nb_want: 6

I (38257) mbedtls: ssl_msg.c:2028 0x3ffb6124: ssl->f_recv(_timeout)() returned 1 (-0xffffffff)

I (38257) mbedtls: ssl_msg.c:2050 0x3ffb6124: <= fetch input

I (38257) mbedtls: ssl_msg.c:4112 0x3ffb6124: <= read record

D (38257) mbedtls: ssl_msg.c:5130 0x3ffb6124: switching to new transform spec for inbound data

D (38257) mbedtls: ssl_misc.h:1295 0x3ffb6124: handshake state: 12 (MBEDTLS_SSL_SERVER_CHANGE_CIPHER_SPEC) -> 13 (MBEDTLS_SSL_SERVER_FINISHED)

I (38257) mbedtls: ssl_msg.c:5157 0x3ffb6124: <= parse change cipher spec

I (38257) mbedtls: ssl_msg.c:2063 0x3ffb6124: => flush output

I (38257) mbedtls: ssl_msg.c:2072 0x3ffb6124: <= flush output

I (38257) mbedtls: ssl_tls.c:4201 0x3ffb6124: client state: MBEDTLS_SSL_SERVER_FINISHED

I (38257) mbedtls: ssl_tls.c:7500 0x3ffb6124: => parse finished

I (38257) mbedtls: ssl_tls.c:7235 0x3ffb6124: => calc PSA finished tls

D (38257) mbedtls: ssl_tls.c:7246 0x3ffb6124: dumping 'PSA calculated padbuf' (48 bytes)

D (38257) mbedtls: ssl_tls.c:7246 0x3ffb6124: 0000:  6b cd 8a 48 91 47 8a 05 bb 02 eb a2 4b 3e 42 89  k..H.G......K>B.

D (38257) mbedtls: ssl_tls.c:7246 0x3ffb6124: 0010:  8c 05 40 28 2d f8 f2 fb fd dc 07 5e 1f f4 50 4c  ..@(-......^..PL

D (38257) mbedtls: ssl_tls.c:7246 0x3ffb6124: 0020:  ef f9 b3 a3 e1 e2 bd 68 db 61 72 3a 61 c0 f3 c4  .......h.ar:a...

D (38257) mbedtls: ssl_tls.c:7258 0x3ffb6124: dumping 'calc finished result' (12 bytes)

D (38257) mbedtls: ssl_tls.c:7258 0x3ffb6124: 0000:  9e ad 36 86 73 8b 01 11 50 de 80 84              ..6.s...P...

I (38257) mbedtls: ssl_tls.c:7262 0x3ffb6124: <= calc finished

I (38257) mbedtls: ssl_msg.c:4040 0x3ffb6124: => read record

I (38257) mbedtls: ssl_msg.c:1865 0x3ffb6124: => fetch input

I (38257) mbedtls: ssl_msg.c:2005 0x3ffb6124: in_left: 0, nb_want: 5

I (38257) mbedtls: ssl_msg.c:2025 0x3ffb6124: in_left: 0, nb_want: 5

I (38257) mbedtls: ssl_msg.c:2028 0x3ffb6124: ssl->f_recv(_timeout)() returned 5 (-0xfffffffb)

I (38257) mbedtls: ssl_msg.c:2050 0x3ffb6124: <= fetch input

D (38257) mbedtls: ssl_msg.c:3707 0x3ffb6124: input record: msgtype = 22, version = [0x303], msglen = 40

I (38257) mbedtls: ssl_msg.c:1865 0x3ffb6124: => fetch input

I (38257) mbedtls: ssl_msg.c:2005 0x3ffb6124: in_left: 5, nb_want: 45

I (38257) mbedtls: ssl_msg.c:2025 0x3ffb6124: in_left: 5, nb_want: 45

I (38257) mbedtls: ssl_msg.c:2028 0x3ffb6124: ssl->f_recv(_timeout)() returned 40 (-0xffffffd8)

I (38257) mbedtls: ssl_msg.c:2050 0x3ffb6124: <= fetch input

I (38257) mbedtls: ssl_msg.c:1301 0x3ffb6124: => decrypt buf

I (38267) mbedtls: ssl_msg.c:1831 0x3ffb6124: <= decrypt buf

D (38267) mbedtls: ssl_msg.c:2948 0x3ffb6124: handshake message: msglen = 16, type = 20, hslen = 16

D (38267) mbedtls: ssl_msg.c:3085 0x3ffb6124: sole handshake fragment: 16, 0..16 of 16

I (38267) mbedtls: ssl_msg.c:4112 0x3ffb6124: <= read record

D (38267) mbedtls: ssl_misc.h:1295 0x3ffb6124: handshake state: 13 (MBEDTLS_SSL_SERVER_FINISHED) -> 14 (MBEDTLS_SSL_FLUSH_BUFFERS)

I (38267) mbedtls: ssl_tls.c:7571 0x3ffb6124: <= parse finished

I (38267) mbedtls: ssl_msg.c:2063 0x3ffb6124: => flush output

I (38267) mbedtls: ssl_msg.c:2072 0x3ffb6124: <= flush output

I (38267) mbedtls: ssl_tls.c:4201 0x3ffb6124: client state: MBEDTLS_SSL_FLUSH_BUFFERS

I (38267) mbedtls: ssl_tls12_client.c:3031 0x3ffb6124: handshake: done

D (38267) mbedtls: ssl_misc.h:1295 0x3ffb6124: handshake state: 14 (MBEDTLS_SSL_FLUSH_BUFFERS) -> 15 (MBEDTLS_SSL_HANDSHAKE_WRAPUP)

I (38267) mbedtls: ssl_msg.c:2063 0x3ffb6124: => flush output

I (38267) mbedtls: ssl_msg.c:2072 0x3ffb6124: <= flush output

I (38267) mbedtls: ssl_tls.c:4201 0x3ffb6124: client state: MBEDTLS_SSL_HANDSHAKE_WRAPUP

D (38267) mbedtls: ssl_tls.c:7322 0x3ffb6124: => handshake wrapup

D (38267) mbedtls: ssl_tls.c:7296 0x3ffb6124: => handshake wrapup: final free

D (38267) mbedtls: ssl_tls.c:7315 0x3ffb6124: <= handshake wrapup: final free

D (38267) mbedtls: ssl_misc.h:1295 0x3ffb6124: handshake state: 15 (MBEDTLS_SSL_HANDSHAKE_WRAPUP) -> 27 (MBEDTLS_SSL_HANDSHAKE_OVER)

D (38267) mbedtls: ssl_tls.c:7376 0x3ffb6124: <= handshake wrapup

I (38267) mbedtls: ssl_tls.c:4293 0x3ffb6124: <= handshake

[e1] connected with PINNED cert, handshake=252457 us
--- E2: pinned WRONG cert as CA => expect verify failure ---
D (38277) esp-tls: handshake in progress...
I (38277) mbedtls: ssl_tls.c:4282 0x3ffb6124: => handshake

I (38277) mbedtls: ssl_msg.c:2063 0x3ffb6124: => flush output

I (38277) mbedtls: ssl_msg.c:2072 0x3ffb6124: <= flush output

I (38277) mbedtls: ssl_tls.c:4201 0x3ffb6124: client state: MBEDTLS_SSL_HELLO_REQUEST

D (38277) mbedtls: ssl_misc.h:1295 0x3ffb6124: handshake state: 0 (MBEDTLS_SSL_HELLO_REQUEST) -> 1 (MBEDTLS_SSL_CLIENT_HELLO)

I (38277) mbedtls: ssl_msg.c:2063 0x3ffb6124: => flush output

I (38277) mbedtls: ssl_msg.c:2072 0x3ffb6124: <= flush output

I (38277) mbedtls: ssl_tls.c:4201 0x3ffb6124: client state: MBEDTLS_SSL_CLIENT_HELLO

I (38277) mbedtls: ssl_client.c:917 0x3ffb6124: => write client hello

D (38277) mbedtls: ssl_client.c:722 0x3ffb6124: client hello, current time: 36

D (38277) mbedtls: ssl_client.c:485 0x3ffb6124: dumping 'client hello, random bytes' (32 bytes)

D (38277) mbedtls: ssl_client.c:485 0x3ffb6124: 0000:  00 00 00 24 58 48 a7 19 18 d8 1a d8 43 a0 93 c8  ...$XH......C...

D (38277) mbedtls: ssl_client.c:485 0x3ffb6124: 0010:  05 36 ed 7e d2 a9 b0 f9 03 db e8 20 f2 d3 e6 bc  .6.~....... ....

D (38277) mbedtls: ssl_client.c:510 0x3ffb6124: dumping 'session id' (0 bytes)

D (38277) mbedtls: ssl_client.c:368 0x3ffb6124: client hello, add ciphersuite: c02c, TLS-ECDHE-ECDSA-WITH-AES-256-GCM-SHA384

D (38277) mbedtls: ssl_client.c:368 0x3ffb6124: client hello, add ciphersuite: c030, TLS-ECDHE-RSA-WITH-AES-256-GCM-SHA384

D (38277) mbedtls: ssl_client.c:368 0x3ffb6124: client hello, add ciphersuite: c0ad, TLS-ECDHE-ECDSA-WITH-AES-256-CCM

D (38277) mbedtls: ssl_client.c:368 0x3ffb6124: client hello, add ciphersuite: c024, TLS-ECDHE-ECDSA-WITH-AES-256-CBC-SHA384

D (38277) mbedtls: ssl_client.c:368 0x3ffb6124: client hello, add ciphersuite: c028, TLS-ECDHE-RSA-WITH-AES-256-CBC-SHA384

D (38277) mbedtls: ssl_client.c:368 0x3ffb6124: client hello, add ciphersuite: c00a, TLS-ECDHE-ECDSA-WITH-AES-256-CBC-SHA

D (38277) mbedtls: ssl_client.c:368 0x3ffb6124: client hello, add ciphersuite: c014, TLS-ECDHE-RSA-WITH-AES-256-CBC-SHA

D (38277) mbedtls: ssl_client.c:368 0x3ffb6124: client hello, add ciphersuite: c0af, TLS-ECDHE-ECDSA-WITH-AES-256-CCM-8

D (38277) mbedtls: ssl_client.c:368 0x3ffb6124: client hello, add ciphersuite: c02b, TLS-ECDHE-ECDSA-WITH-AES-128-GCM-SHA256

D (38277) mbedtls: ssl_client.c:368 0x3ffb6124: client hello, add ciphersuite: c02f, TLS-ECDHE-RSA-WITH-AES-128-GCM-SHA256

D (38277) mbedtls: ssl_client.c:368 0x3ffb6124: client hello, add ciphersuite: c0ac, TLS-ECDHE-ECDSA-WITH-AES-128-CCM

D (38277) mbedtls: ssl_client.c:368 0x3ffb6124: client hello, add ciphersuite: c023, TLS-ECDHE-ECDSA-WITH-AES-128-CBC-SHA256

D (38277) mbedtls: ssl_client.c:368 0x3ffb6124: client hello, add ciphersuite: c027, TLS-ECDHE-RSA-WITH-AES-128-CBC-SHA256

D (38277) mbedtls: ssl_client.c:368 0x3ffb6124: client hello, add ciphersuite: c009, TLS-ECDHE-ECDSA-WITH-AES-128-CBC-SHA

D (38277) mbedtls: ssl_client.c:368 0x3ffb6124: client hello, add ciphersuite: c013, TLS-ECDHE-RSA-WITH-AES-128-CBC-SHA

D (38277) mbedtls: ssl_client.c:368 0x3ffb6124: client hello, add ciphersuite: c0ae, TLS-ECDHE-ECDSA-WITH-AES-128-CCM-8

D (38277) mbedtls: ssl_client.c:386 0x3ffb6124: adding EMPTY_RENEGOTIATION_INFO_SCSV

D (38277) mbedtls: ssl_client.c:395 0x3ffb6124: client hello, got 17 cipher suites

D (38277) mbedtls: ssl_client.c:39 0x3ffb6124: client hello, adding server name extension: localhost

D (38277) mbedtls: ssl_client.c:229 0x3ffb6124: client hello, adding supported_groups extension

D (38287) mbedtls: ssl_client.c:248 0x3ffb6124: got supported group(001d)

D (38287) mbedtls: ssl_client.c:280 0x3ffb6124: NamedGroup: x25519 ( 1d )

D (38287) mbedtls: ssl_client.c:248 0x3ffb6124: got supported group(0017)

D (38287) mbedtls: ssl_client.c:280 0x3ffb6124: NamedGroup: secp256r1 ( 17 )

D (38287) mbedtls: ssl_client.c:248 0x3ffb6124: got supported group(0018)

D (38287) mbedtls: ssl_client.c:280 0x3ffb6124: NamedGroup: secp384r1 ( 18 )

D (38287) mbedtls: ssl_client.c:248 0x3ffb6124: got supported group(001e)

D (38287) mbedtls: ssl_client.c:280 0x3ffb6124: NamedGroup: x448 ( 1e )

D (38287) mbedtls: ssl_client.c:248 0x3ffb6124: got supported group(0019)

D (38287) mbedtls: ssl_client.c:280 0x3ffb6124: NamedGroup: secp521r1 ( 19 )

D (38287) mbedtls: ssl_client.c:248 0x3ffb6124: got supported group(001a)

D (38287) mbedtls: ssl_client.c:280 0x3ffb6124: NamedGroup: bp256r1 ( 1a )

D (38287) mbedtls: ssl_client.c:248 0x3ffb6124: got supported group(001b)

D (38287) mbedtls: ssl_client.c:280 0x3ffb6124: NamedGroup: bp384r1 ( 1b )

D (38287) mbedtls: ssl_client.c:248 0x3ffb6124: got supported group(001c)

D (38287) mbedtls: ssl_client.c:280 0x3ffb6124: NamedGroup: bp512r1 ( 1c )

D (38287) mbedtls: ssl_client.c:248 0x3ffb6124: got supported group(0100)

D (38287) mbedtls: ssl_client.c:248 0x3ffb6124: got supported group(0101)

D (38287) mbedtls: ssl_client.c:248 0x3ffb6124: got supported group(0102)

D (38287) mbedtls: ssl_client.c:248 0x3ffb6124: got supported group(0103)

D (38287) mbedtls: ssl_client.c:248 0x3ffb6124: got supported group(0104)

D (38287) mbedtls: ssl_client.c:300 0x3ffb6124: dumping 'Supported groups extension' (18 bytes)

D (38287) mbedtls: ssl_client.c:300 0x3ffb6124: 0000:  00 10 00 1d 00 17 00 18 00 1e 00 19 00 1a 00 1b  ................

D (38287) mbedtls: ssl_client.c:300 0x3ffb6124: 0010:  00 1c                                            ..

D (38287) mbedtls: ssl_tls.c:8276 0x3ffb6124: adding signature_algorithms extension

D (38287) mbedtls: ssl_tls.c:8296 0x3ffb6124: got signature scheme [603] ecdsa_secp521r1_sha512

D (38287) mbedtls: ssl_tls.c:8305 0x3ffb6124: sent signature scheme [603] ecdsa_secp521r1_sha512

D (38287) mbedtls: ssl_tls.c:8296 0x3ffb6124: got signature scheme [806] rsa_pss_rsae_sha512

D (38287) mbedtls: ssl_tls.c:8296 0x3ffb6124: got signature scheme [601] rsa_pkcs1_sha512

D (38287) mbedtls: ssl_tls.c:8305 0x3ffb6124: sent signature scheme [601] rsa_pkcs1_sha512

D (38287) mbedtls: ssl_tls.c:8296 0x3ffb6124: got signature scheme [503] ecdsa_secp384r1_sha384

D (38287) mbedtls: ssl_tls.c:8305 0x3ffb6124: sent signature scheme [503] ecdsa_secp384r1_sha384

D (38287) mbedtls: ssl_tls.c:8296 0x3ffb6124: got signature scheme [805] rsa_pss_rsae_sha384

D (38287) mbedtls: ssl_tls.c:8296 0x3ffb6124: got signature scheme [501] rsa_pkcs1_sha384

D (38287) mbedtls: ssl_tls.c:8305 0x3ffb6124: sent signature scheme [501] rsa_pkcs1_sha384

D (38287) mbedtls: ssl_tls.c:8296 0x3ffb6124: got signature scheme [403] ecdsa_secp256r1_sha256

D (38287) mbedtls: ssl_tls.c:8305 0x3ffb6124: sent signature scheme [403] ecdsa_secp256r1_sha256

D (38287) mbedtls: ssl_tls.c:8296 0x3ffb6124: got signature scheme [804] rsa_pss_rsae_sha256

D (38287) mbedtls: ssl_tls.c:8296 0x3ffb6124: got signature scheme [401] rsa_pkcs1_sha256

D (38287) mbedtls: ssl_tls.c:8305 0x3ffb6124: sent signature scheme [401] rsa_pkcs1_sha256

D (38287) mbedtls: ssl_tls12_client.c:103 0x3ffb6124: client hello, adding supported_point_formats extension

D (38287) mbedtls: ssl_tls12_client.c:287 0x3ffb6124: client hello, adding encrypt_then_mac extension

D (38287) mbedtls: ssl_tls12_client.c:319 0x3ffb6124: client hello, adding extended_master_secret extension

D (38287) mbedtls: ssl_tls12_client.c:352 0x3ffb6124: client hello, adding session ticket extension

D (38287) mbedtls: ssl_client.c:687 0x3ffb6124: client hello, total extension length: 76

D (38287) mbedtls: ssl_client.c:689 0x3ffb6124: dumping 'client hello extensions' (76 bytes)

D (38287) mbedtls: ssl_client.c:689 0x3ffb6124: 0000:  00 4c 00 00 00 0e 00 0c 00 00 09 6c 6f 63 61 6c  .L.........local

D (38287) mbedtls: ssl_client.c:689 0x3ffb6124: 0010:  68 6f 73 74 00 0a 00 12 00 10 00 1d 00 17 00 18  host............

D (38287) mbedtls: ssl_client.c:689 0x3ffb6124: 0020:  00 1e 00 19 00 1a 00 1b 00 1c 00 0d 00 0e 00 0c  ................

D (38287) mbedtls: ssl_client.c:689 0x3ffb6124: 0030:  06 03 06 01 05 03 05 01 04 03 04 01 00 0b 00 02  ................

D (38287) mbedtls: ssl_client.c:689 0x3ffb6124: 0040:  01 00 00 16 00 00 00 17 00 00 00 23              ...........#

I (38297) mbedtls: ssl_msg.c:2494 0x3ffb6124: => write handshake message

I (38297) mbedtls: ssl_msg.c:2654 0x3ffb6124: => write record

D (38297) mbedtls: ssl_msg.c:2737 0x3ffb6124: output record: msgtype = 22, version = [3:3], msglen = 155

I (38297) mbedtls: ssl_msg.c:2790 0x3ffb6124: <= write record

I (38297) mbedtls: ssl_msg.c:2615 0x3ffb6124: <= write handshake message

D (38297) mbedtls: ssl_misc.h:1295 0x3ffb6124: handshake state: 1 (MBEDTLS_SSL_CLIENT_HELLO) -> 2 (MBEDTLS_SSL_SERVER_HELLO)

I (38297) mbedtls: ssl_client.c:1010 0x3ffb6124: <= write client hello

I (38297) mbedtls: ssl_msg.c:2063 0x3ffb6124: => flush output

I (38297) mbedtls: ssl_msg.c:2077 0x3ffb6124: message length: 160, out_left: 160

I (38297) mbedtls: ssl_msg.c:2084 0x3ffb6124: ssl->f_send() returned 160 (-0xffffff60)

I (38297) mbedtls: ssl_msg.c:2111 0x3ffb6124: <= flush output

I (38297) mbedtls: ssl_tls.c:4201 0x3ffb6124: client state: MBEDTLS_SSL_SERVER_HELLO

I (38297) mbedtls: ssl_tls12_client.c:1151 0x3ffb6124: => parse server hello

I (38297) mbedtls: ssl_msg.c:4040 0x3ffb6124: => read record

I (38297) mbedtls: ssl_msg.c:1865 0x3ffb6124: => fetch input

I (38297) mbedtls: ssl_msg.c:2005 0x3ffb6124: in_left: 0, nb_want: 5

I (38297) mbedtls: ssl_msg.c:2025 0x3ffb6124: in_left: 0, nb_want: 5

I (38297) mbedtls: ssl_msg.c:2028 0x3ffb6124: ssl->f_recv(_timeout)() returned 5 (-0xfffffffb)

I (38297) mbedtls: ssl_msg.c:2050 0x3ffb6124: <= fetch input

D (38297) mbedtls: ssl_msg.c:3707 0x3ffb6124: input record: msgtype = 22, version = [0x303], msglen = 65

I (38297) mbedtls: ssl_msg.c:1865 0x3ffb6124: => fetch input

I (38297) mbedtls: ssl_msg.c:2005 0x3ffb6124: in_left: 5, nb_want: 70

I (38297) mbedtls: ssl_msg.c:2025 0x3ffb6124: in_left: 5, nb_want: 70

I (38297) mbedtls: ssl_msg.c:2028 0x3ffb6124: ssl->f_recv(_timeout)() returned 65 (-0xffffffbf)

I (38297) mbedtls: ssl_msg.c:2050 0x3ffb6124: <= fetch input

D (38297) mbedtls: ssl_msg.c:2948 0x3ffb6124: handshake message: msglen = 65, type = 2, hslen = 65

D (38297) mbedtls: ssl_msg.c:3085 0x3ffb6124: sole handshake fragment: 65, 0..65 of 65

I (38297) mbedtls: ssl_msg.c:4112 0x3ffb6124: <= read record

D (38297) mbedtls: ssl_tls12_client.c:1225 0x3ffb6124: dumping 'server hello, version' (2 bytes)

D (38297) mbedtls: ssl_tls12_client.c:1225 0x3ffb6124: 0000:  03 03                                            ..

D (38297) mbedtls: ssl_tls12_client.c:1246 0x3ffb6124: server hello, current time: 3030857928

D (38297) mbedtls: ssl_tls12_client.c:1256 0x3ffb6124: dumping 'server hello, random bytes' (32 bytes)

D (38297) mbedtls: ssl_tls12_client.c:1256 0x3ffb6124: 0000:  b4 a7 38 c8 0a 3d 5a f1 d5 3f 8a 2b ee 97 d3 ff  ..8..=Z..?.+....

D (38297) mbedtls: ssl_tls12_client.c:1256 0x3ffb6124: 0010:  6d 9f cb 5e 8b 71 b0 ea 6d 7b 7b 00 66 15 23 84  m..^.q..m{{.f.#.

D (38297) mbedtls: ssl_tls12_client.c:1318 0x3ffb6124: server hello, session id len.: 0

D (38297) mbedtls: ssl_tls12_client.c:1319 0x3ffb6124: dumping 'server hello, session id' (0 bytes)

D (38297) mbedtls: ssl_misc.h:1295 0x3ffb6124: handshake state: 2 (MBEDTLS_SSL_SERVER_HELLO) -> 3 (MBEDTLS_SSL_SERVER_CERTIFICATE)

D (38297) mbedtls: ssl_tls12_client.c:1343 0x3ffb6124: no session has been resumed

D (38297) mbedtls: ssl_tls12_client.c:1346 0x3ffb6124: server hello, chosen ciphersuite: c030

D (38297) mbedtls: ssl_tls12_client.c:1347 0x3ffb6124: server hello, compress alg.: 0

D (38297) mbedtls: ssl_tls12_client.c:1382 0x3ffb6124: server hello, chosen ciphersuite: TLS-ECDHE-RSA-WITH-AES-256-GCM-SHA384

I (38297) mbedtls: ssl_tls12_client.c:1403 0x3ffb6124: server hello, total extension length: 21

D (38297) mbedtls: ssl_tls12_client.c:1421 0x3ffb6124: found renegotiation extension

D (38297) mbedtls: ssl_tls12_client.c:1500 0x3ffb6124: found supported_point_formats extension

D (38297) mbedtls: ssl_tls12_client.c:1486 0x3ffb6124: found session_ticket extension

D (38297) mbedtls: ssl_tls12_client.c:1473 0x3ffb6124: found extended_master_secret extension

I (38297) mbedtls: ssl_tls12_client.c:1617 0x3ffb6124: <= parse server hello

I (38297) mbedtls: ssl_msg.c:2063 0x3ffb6124: => flush output

I (38297) mbedtls: ssl_msg.c:2072 0x3ffb6124: <= flush output

I (38297) mbedtls: ssl_tls.c:4201 0x3ffb6124: client state: MBEDTLS_SSL_SERVER_CERTIFICATE

I (38297) mbedtls: ssl_tls.c:7077 0x3ffb6124: => parse certificate

I (38297) mbedtls: ssl_msg.c:4040 0x3ffb6124: => read record

I (38297) mbedtls: ssl_msg.c:1865 0x3ffb6124: => fetch input

I (38297) mbedtls: ssl_msg.c:2005 0x3ffb6124: in_left: 0, nb_want: 5

I (38297) mbedtls: ssl_msg.c:2025 0x3ffb6124: in_left: 0, nb_want: 5

I (38297) mbedtls: ssl_msg.c:2028 0x3ffb6124: ssl->f_recv(_timeout)() returned 5 (-0xfffffffb)

I (38297) mbedtls: ssl_msg.c:2050 0x3ffb6124: <= fetch input

D (38297) mbedtls: ssl_msg.c:3707 0x3ffb6124: input record: msgtype = 22, version = [0x303], msglen = 791

I (38297) mbedtls: ssl_msg.c:1865 0x3ffb6124: => fetch input

I (38297) mbedtls: ssl_msg.c:2005 0x3ffb6124: in_left: 5, nb_want: 796

I (38297) mbedtls: ssl_msg.c:2025 0x3ffb6124: in_left: 5, nb_want: 796

I (38297) mbedtls: ssl_msg.c:2028 0x3ffb6124: ssl->f_recv(_timeout)() returned 791 (-0xfffffce9)

I (38297) mbedtls: ssl_msg.c:2050 0x3ffb6124: <= fetch input

[mem-tick] t=   36783 ms phase=e2           free=215192
D (38307) mbedtls: ssl_msg.c:2948 0x3ffb6124: handshake message: msglen = 791, type = 11, hslen = 791

D (38307) mbedtls: ssl_msg.c:3085 0x3ffb6124: sole handshake fragment: 791, 0..791 of 791

I (38307) mbedtls: ssl_msg.c:4112 0x3ffb6124: <= read record

D (38307) mbedtls: ssl_tls.c:6952 0x3ffb6124: peer certificate #1:

D (38307) mbedtls: ssl_tls.c:6952 0x3ffb6124: cert. version     : 3

D (38307) mbedtls: ssl_tls.c:6952 0x3ffb6124: serial number     : 77:66:A5:9D:AF:14:9E:F2:03:F7:3C:2B:1A:5C:81:86:F8:A3:4E:52

D (38307) mbedtls: ssl_tls.c:6952 0x3ffb6124: issuer name       : CN=localhost

D (38307) mbedtls: ssl_tls.c:6952 0x3ffb6124: subject name      : CN=localhost

D (38307) mbedtls: ssl_tls.c:6952 0x3ffb6124: issued  on        : 2026-08-26 20:20:30

D (38307) mbedtls: ssl_tls.c:6952 0x3ffb6124: expires on        : 2026-09-25 20:20:30

D (38307) mbedtls: ssl_tls.c:6952 0x3ffb6124: signed using      : RSA with SHA-256

D (38307) mbedtls: ssl_tls.c:6952 0x3ffb6124: RSA key size      : 2048 bits

D (38307) mbedtls: ssl_tls.c:6952 0x3ffb6124: basic constraints : CA=true

D (38307) mbedtls: ssl_tls.c:6952 0x3ffb6124: dumping 'crt->PK' (270 bytes)

D (38307) mbedtls: ssl_tls.c:6952 0x3ffb6124: 0000:  30 82 01 0a 02 82 01 01 00 dd 03 19 3e 8f 4a 05

D (38307) mbedtls: ssl_tls.c:6952 0x3ffb6124: 0010:  9c d6 74 e1 46 bc 40 7a 7e af 78 09 38 f6 d0 1c

D (38307) mbedtls: ssl_tls.c:6952 0x3ffb6124: 0020:  9d e4 2b 18 4c a1 87 f6 83 55 82 2d e0 21 fb b2

D (38307) mbedtls: ssl_tls.c:6952 0x3ffb6124: 0030:  00 2f 9b 98 36 24 73 47 a2 11 bb 50 05 1c 9e 40

D (38307) mbedtls: ssl_tls.c:6952 0x3ffb6124: 0040:  41 c9 de 81 7e a1 eb 82 48 35 d0 51 24 0d 22 bd

D (38307) mbedtls: ssl_tls.c:6952 0x3ffb6124: 0050:  7e c7 0b 60 74 e2 60 3e 76 de c1 3d b5 9f e9 d2

D (38307) mbedtls: ssl_tls.c:6952 0x3ffb6124: 0060:  ac 90 d3 84 2a 75 7c 41 8a 11 14 c8 bc 09 7b 9d

D (38307) mbedtls: ssl_tls.c:6952 0x3ffb6124: 0070:  45 54 95 c1 50 05 be f1 34 c0 05 55 f5 a2 b3 a8

D (38307) mbedtls: ssl_tls.c:6952 0x3ffb6124: 0080:  24 f6 ab 22 df 72 97 ef b5 8f e4 fe 49 be 4f c1

D (38307) mbedtls: ssl_tls.c:6952 0x3ffb6124: 0090:  08 e0 39 7a cd ba 74 2e d1 20 74 ad 6b 59 ab 86

D (38307) mbedtls: ssl_tls.c:6952 0x3ffb6124: 00a0:  5d 29 ab 81 f0 c1 22 3f 01 b9 0b a1 fb ee 70 9f

D (38307) mbedtls: ssl_tls.c:6952 0x3ffb6124: 00b0:  eb 29 5e 9f 1d 6a 0d dc 65 fd 5e 5d 38 0c 1a c3

D (38307) mbedtls: ssl_tls.c:6952 0x3ffb6124: 00c0:  ae b7 b7 2f 66 23 82 80 ab 7d 69 7c 8f 95 ab e8

D (38307) mbedtls: ssl_tls.c:6952 0x3ffb6124: 00d0:  c0 4d 21 42 7d 78 c8 25 8b 60 f6 0d 87 c9 f4 df

D (38307) mbedtls: ssl_tls.c:6952 0x3ffb6124: 00e0:  36 bf 16 7c 59 16 d1 09 ec 17 67 cf 5d 9f 8f 78

D (38307) mbedtls: ssl_tls.c:6952 0x3ffb6124: 00f0:  8c 3d d0 02 18 d5 bc a7 19 f4 51 fe 1d b3 20 40

D (38307) mbedtls: ssl_tls.c:6952 0x3ffb6124: 0100:  67 7e 3a cc 30 f3 8d a0 ef 02 03 01 00 01      

D (38307) mbedtls: ssl_tls.c:8721 0x3ffb6124: Use configuration-specific verification callback

W (38307) mbedtls: ssl_tls.c:8778 0x3ffb6124: x509_verify_cert() returned -9984 (-0x2700)

I (38307) mbedtls: ssl_msg.c:5058 0x3ffb6124: => send alert message

D (38307) mbedtls: ssl_msg.c:5059 0x3ffb6124: send alert level=2 message=48

I (38307) mbedtls: ssl_msg.c:2654 0x3ffb6124: => write record

D (38307) mbedtls: ssl_msg.c:2737 0x3ffb6124: output record: msgtype = 21, version = [3:3], msglen = 2

I (38307) mbedtls: ssl_msg.c:2063 0x3ffb6124: => flush output

I (38307) mbedtls: ssl_msg.c:2077 0x3ffb6124: message length: 7, out_left: 7

I (38307) mbedtls: ssl_msg.c:2084 0x3ffb6124: ssl->f_send() returned 7 (-0xfffffff9)

I (38307) mbedtls: ssl_msg.c:2111 0x3ffb6124: <= flush output

I (38307) mbedtls: ssl_msg.c:2790 0x3ffb6124: <= write record

I (38307) mbedtls: ssl_msg.c:5070 0x3ffb6124: <= send alert message

D (38307) mbedtls: ssl_tls.c:8878 0x3ffb6124: ! Certificate verification flags 00000008

I (38307) mbedtls: ssl_tls.c:4293 0x3ffb6124: <= handshake

E (38307) esp-tls-mbedtls: mbedtls_ssl_handshake returned -0x2700
I (38307) esp-tls-mbedtls: (FFFFD900): X509 - Certificate verification failed, e.g. CRL, CA or signature check failed
D (38307) esp-tls-mbedtls: Skipping certificate verification - no peer certificate received
E (38307) esp-tls: Failed to open new connection
[conn] TLS to 10.0.2.2:22443 FAILED after 39581 us
[err] handshake: last_esp_err=0x801a tls_code=-0xffffd900 cert_flags=0x0 (sys_errno=0 mb_code=-0x0000)
[e2] wrong-cert path captured above
[mem] final                  free=248964 largest=110592 min-ever=12016
== ch22 lab done ==
D (121697) esp_netif_lwip: if0x3ffb98f4 ip lost tmr: no need raise ip lost event
qemu-system-xtensa: terminating on signal 15 from pid 3517558 (timeout)
