Adding SPI flash device
ets Jul 29 2019 12:21:46

rst:0x1 (POWERON_RESET),boot:0x12 (SPI_FAST_FLASH_BOOT)
configsip: 0, SPIWP:0xee
clk_drv:0x00,q_drv:0x00,d_drv:0x00,cs0_drv:0x00,hd_drv:0x00,wp_drv:0x00
mode:DIO, clock div:2
load:0x3fff0040,len:6272
load:0x40078000,len:15820
load:0x40080400,len:3920
entry 0x40080644
I (658) boot: ESP-IDF v6.0.2 2nd stage bootloader
I (658) boot: compile time Aug 27 2026 04:28:50
I (658) boot: Multicore bootloader
I (686) boot: chip revision: v3.0
I (688) boot.esp32: SPI Speed      : 40MHz
I (688) boot.esp32: SPI Mode       : DIO
I (688) boot.esp32: SPI Flash Size : 2MB
I (692) boot: Enabling RNG early entropy source...
I (697) boot: Partition Table:
I (697) boot: ## Label            Usage          Type ST Offset   Length
I (697) boot:  0 nvs              WiFi data        01 02 00009000 00006000
I (697) boot:  1 phy_init         RF data          01 01 0000f000 00001000
I (697) boot:  2 factory          factory app      00 00 00010000 00100000
I (700) boot: End of partition table
I (727) esp_image: segment 0: paddr=00010020 vaddr=3f400020 size=1e974h (125300) map
I (748) esp_image: segment 1: paddr=0002e99c vaddr=3ffb0000 size=0167ch (  5756) load
I (761) esp_image: segment 2: paddr=00030020 vaddr=400d0020 size=525a4h (337316) map
I (794) esp_image: segment 3: paddr=000825cc vaddr=3ffb167c size=0159ch (  5532) load
I (814) esp_image: segment 4: paddr=00083b70 vaddr=40080000 size=0b2dch ( 45788) load
I (830) esp_image: segment 5: paddr=0008ee54 vaddr=50000000 size=00028h (    40) load
I (867) boot: Loaded app from partition at offset 0x10000
I (867) boot: Disabling RNG early entropy source...
I (876) cpu_start: Multicore app
D (876) cpu_start: Pro cpu up
D (877) cpu_start: Starting app cpu, entry point is 0x40081698
D (553) cpu_start: App cpu up
D (890) clk: RTC_SLOW_CLK calibration value: 3495245
I (1455) cpu_start: GPIO 3 and 1 are used as console UART I/O pins
D (1456) cpu_start: calling init function: 0x400d35ac on core: 0
D (1457) cpu_start: calling init function: 0x400d4450 on core: 0
I (1457) cpu_start: Pro cpu start user code
I (1457) cpu_start: cpu freq: 160000000 Hz
D (1457) cpu_start: calling init function: 0x400d34ec on core: 0
I (1457) app_init: Application information:
I (1457) app_init: Project name:     lwip_ch22_tls_esp_tls_mbedtls
I (1457) app_init: App version:      924d871
I (1457) app_init: Compile time:     Aug 27 2026 04:28:49
I (1457) app_init: ELF file SHA256:  fe139f3f1...
I (1458) app_init: ESP-IDF:          v6.0.2
D (1458) cpu_start: calling init function: 0x400d35c0 on core: 0
I (1458) efuse_init: Min chip rev:     v0.0
I (1458) efuse_init: Max chip rev:     v3.99 
I (1458) efuse_init: Chip rev:         v3.0
D (1458) cpu_start: calling init function: 0x400d57ec on core: 0
D (1458) memory_layout: Checking 9 reserved memory ranges:
D (1458) memory_layout: Reserved memory range 0x3ff82000 - 0x3ff82000
D (1459) memory_layout: Reserved memory range 0x3ffae000 - 0x3ffae6e0
D (1459) memory_layout: Reserved memory range 0x3ffb0000 - 0x3ffb4c98
D (1459) memory_layout: Reserved memory range 0x3ffe0000 - 0x3ffe0440
D (1459) memory_layout: Reserved memory range 0x3ffe3f20 - 0x3ffe4350
D (1459) memory_layout: Reserved memory range 0x40070000 - 0x40078000
D (1459) memory_layout: Reserved memory range 0x40078000 - 0x40080000
D (1459) memory_layout: Reserved memory range 0x40080000 - 0x4008b2dc
D (1459) memory_layout: Reserved memory range 0x50001fe8 - 0x50002000
D (1460) memory_layout: Building list of available memory regions:
D (1460) memory_layout: Available memory region 0x3ffae6e0 - 0x3ffb0000
D (1460) memory_layout: Available memory region 0x3ffb4c98 - 0x3ffb8000
D (1460) memory_layout: Available memory region 0x3ffb8000 - 0x3ffc0000
D (1460) memory_layout: Available memory region 0x3ffc0000 - 0x3ffc2000
D (1460) memory_layout: Available memory region 0x3ffc2000 - 0x3ffc4000
D (1460) memory_layout: Available memory region 0x3ffc4000 - 0x3ffc6000
D (1460) memory_layout: Available memory region 0x3ffc6000 - 0x3ffc8000
D (1461) memory_layout: Available memory region 0x3ffc8000 - 0x3ffca000
D (1461) memory_layout: Available memory region 0x3ffca000 - 0x3ffcc000
D (1461) memory_layout: Available memory region 0x3ffcc000 - 0x3ffce000
D (1461) memory_layout: Available memory region 0x3ffce000 - 0x3ffd0000
D (1461) memory_layout: Available memory region 0x3ffd0000 - 0x3ffd2000
D (1461) memory_layout: Available memory region 0x3ffd2000 - 0x3ffd4000
D (1461) memory_layout: Available memory region 0x3ffd4000 - 0x3ffd6000
D (1461) memory_layout: Available memory region 0x3ffd6000 - 0x3ffd8000
D (1461) memory_layout: Available memory region 0x3ffd8000 - 0x3ffda000
D (1461) memory_layout: Available memory region 0x3ffda000 - 0x3ffdc000
D (1462) memory_layout: Available memory region 0x3ffdc000 - 0x3ffde000
D (1462) memory_layout: Available memory region 0x3ffde000 - 0x3ffe0000
D (1462) memory_layout: Available memory region 0x3ffe0440 - 0x3ffe3f20
D (1462) memory_layout: Available memory region 0x3ffe4350 - 0x3ffe8000
D (1462) memory_layout: Available memory region 0x3ffe8000 - 0x3fff0000
D (1462) memory_layout: Available memory region 0x3fff0000 - 0x3fff8000
D (1462) memory_layout: Available memory region 0x3fff8000 - 0x3fffc000
D (1463) memory_layout: Available memory region 0x3fffc000 - 0x40000000
D (1463) memory_layout: Available memory region 0x4008b2dc - 0x4008c000
D (1463) memory_layout: Available memory region 0x4008c000 - 0x4008e000
D (1463) memory_layout: Available memory region 0x4008e000 - 0x40090000
D (1463) memory_layout: Available memory region 0x40090000 - 0x40092000
D (1463) memory_layout: Available memory region 0x40092000 - 0x40094000
D (1463) memory_layout: Available memory region 0x40094000 - 0x40096000
D (1463) memory_layout: Available memory region 0x40096000 - 0x40098000
D (1463) memory_layout: Available memory region 0x40098000 - 0x4009a000
D (1464) memory_layout: Available memory region 0x4009a000 - 0x4009c000
D (1464) memory_layout: Available memory region 0x4009c000 - 0x4009e000
D (1464) memory_layout: Available memory region 0x4009e000 - 0x400a0000
I (1464) heap_init: Initializing. RAM available for dynamic allocation:
D (1464) heap_init: New heap initialised at 0x3ffae6e0
I (1465) heap_init: At 3FFAE6E0 len 00001920 (6 KiB): DRAM
D (1465) heap_init: New heap initialised at 0x3ffb4c98
I (1465) heap_init: At 3FFB4C98 len 0002B368 (172 KiB): DRAM
I (1465) heap_init: At 3FFE0440 len 00003AE0 (14 KiB): D/IRAM
I (1465) heap_init: At 3FFE4350 len 0001BCB0 (111 KiB): D/IRAM
D (1465) heap_init: New heap initialised at 0x4008b2dc
I (1465) heap_init: At 4008B2DC len 00014D24 (83 KiB): IRAM
D (1466) cpu_start: calling init function: 0x400d3a54 on core: 0
D (1467) cpu_start: calling init function: 0x400d6a60 on core: 0
D (1467) cpu_start: calling init function: 0x400d4494 on core: 0
D (1468) intr_alloc: Connected src 46 to int 1 (cpu 0)
D (1468) cpu_start: calling init function: 0x400d44a4 on core: 0
D (1469) cpu_start: calling init function: 0x400d7d2c on core: 0
D (1469) cpu_start: calling init function: 0x400d9454 on core: 0
D (1469) cpu_start: calling init function: 0x400d3440 on core: 0
D (1469) cpu_start: calling init function: 0x400d6a6c on core: 0
D (1470) cpu_start: calling init function: 0x400d3de4 on core: 0
D (1477) spi_flash: trying chip: issi
D (1480) spi_flash: trying chip: gd
D (1483) spi_flash: trying chip: mxic
D (1492) spi_flash: trying chip: winbond
I (1495) spi_flash: detected chip: winbond
I (1498) spi_flash: flash io: dio
D (1505) cpu_start: calling init function: 0x400d364c on core: 0
D (1506) cpu_start: calling init function: 0x400dd614 on core: 0
D (1507) intr_alloc: Connected src 17 to int 2 (cpu 0)
D (1507) cpu_start: calling init function: 0x4011ca50 on core: 0
D (1508) cpu_start: calling init function: 0x401002f8 on core: 0
D (1508) cpu_start: calling init function: 0x400d44b0 on core: 0
D (1510) intr_alloc: Connected src 24 to int 3 (cpu 0)
D (1510) app_start: Starting scheduler on CPU0
D (1511) intr_alloc: Connected src 25 to int 1 (cpu 1)
D (1511) app_start: Starting scheduler on CPU1
I (1511) main_task: Started on CPU0
D (1511) heap_init: New heap initialised at 0x3ffe0440
D (1511) heap_init: New heap initialised at 0x3ffe4350
D (1511) intr_alloc: Connected src 16 to int 5 (cpu 0)
I (1511) main_task: Calling app_main()
I (1511) ch22lab: == ch22: tls/esp-tls/mbedtls over openeth ==
D (1511) esp_netif_lwip: LwIP stack has been initialized
D (1511) esp_netif_lwip: esp-netif has been successfully initialized
D (1511) event: running task for loop 0x3ffaffb8
D (1511) event: created task for loop 0x3ffaffb8
D (1511) event: created event loop 0x3ffaffb8
D (1511) esp_netif_objects: esp_netif_add_to_list_unsafe netif added successfully (total netifs: 1)
D (1511) intr_alloc: Connected src 38 to int 8 (cpu 0)
D (1511) opencores.emac: Using MAC address 52:54:00:12:34:56 set in QEMU
D (1511) eth_phy_802_3: Found PHY address: 1
D (1531) esp_eth: new ethernet driver @0x3ffbac34
I (1531) esp_eth.netif.netif_glue: 52:54:00:12:34:56
I (1531) esp_eth.netif.netif_glue: ethernet attached to netif
D (1631) event: running post ETH_EVENT:0 with handler 0x400d94b8 and context 0x3ffbacd8 on loop 0x3ffaffb8
D (1631) event: running post ETH_EVENT:0 with handler 0x400db570 and context 0x3ffbad70 on loop 0x3ffaffb8
D (1631) esp_eth.netif.netif_glue: eth_action_start: 0x3ffbad3c, 0x3f404e00, 0, 0x3ffbae40, 0x3ffbac34
D (1631) esp_netif_handlers: esp_netif action has started with netif0x3ffb98f4 from event_id=0
I (1631) ch22lab: waiting for DHCP lease ...
D (1631) esp_netif_lwip: Multicast add filter IPv4: 224.0.0.1
D (1631) esp_eth.netif.netif_glue: Add filter MAC: 01:00:5e:00:00:01
E (1631) esp_eth: esp_eth_ioctl(533): add mac address to filter not supported
E (1631) esp_eth.netif.netif_glue: eth_set_mac_filter(56): failed to add mac filter
E (1631) esp_netif_lwip: Failed to add multicast filter for IPv4
D (1631) event: running post ETH_EVENT:2 with handler 0x400d94b8 and context 0x3ffbacd8 on loop 0x3ffaffb8
I (1631) ch22lab: ETH link up
D (1631) event: running post ETH_EVENT:2 with handler 0x400db4e0 and context 0x3ffbadd0 on loop 0x3ffaffb8
D (1631) esp_eth.netif.netif_glue: eth_action_connected: 0x3ffbad3c, 0x3f404e00, 2, 0x3ffbae50, 0x3ffbac34
D (1631) esp_netif_handlers: esp_netif action connected with netif0x3ffb98f4 from event_id=2
D (1631) esp_netif_lwip: if0x3ffb98f4 start ip lost tmr: interval=120
D (1631) esp_netif_lwip: starting dhcp client
D (1631) event: no handlers have been registered for event IP_EVENT:9 posted to loop 0x3ffaffb8
D (2641) esp_netif_lwip: if0x3ffb98f4 ip changed=1
D (2641) event: running post IP_EVENT:4 with handler 0x400d9b0c and context 0x3ffbad1c on loop 0x3ffaffb8
I (2641) ch22lab: GOT_IP: 10.0.2.15
D (2641) event: running post IP_EVENT:4 with handler 0x400db470 and context 0x3ffbae20 on loop 0x3ffaffb8
D (2641) esp_eth.netif.netif_glue: eth_action_got_ip: 0x3ffbad3c, 0x3f40bcb8, 4, 0x3ffbae40, 0x3ffb98f4
D (2641) esp_netif_handlers: esp_netif action got_ip with netif0x3ffb98f4 from event_id=4
I (2641) esp_netif_handlers: eth ip: 10.0.2.15, mask: 255.255.255.0, gw: 10.0.2.2

== ch22 lab start ==
[info] sizeof(mbedtls_ssl_context)=264 sizeof(mbedtls_ssl_config)=136
[mem-tick] t=    1177 ms phase=idle         free=243152
[mem] boot-baseline          free=243152 largest=122880 min-ever=243132
I (2641) main_task: Returned from app_main()

===== PHASE A/B [RSA] port=22443 =====
[mem-tick] t=    1274 ms phase=RSA-baseline free=247368
[mem-tick] t=    1374 ms phase=RSA-baseline free=247368
[mem] baseline               free=247368 largest=122880 min-ever=243132
[mem-tick] t=    1476 ms phase=handshake    free=246848
W (2951) esp-tls-mbedtls: skip_common_name=true: hostname matching and SNI disabled. This disables ALL server-name authentication (CN/SAN/SNI), not just CN. Only intended for loopback / debug clients.
D (2951) esp-tls: handshake in progress...
I (2951) mbedtls: ssl_tls.c:4282 0x3ffc1c60: => handshake

I (2951) mbedtls: ssl_msg.c:2063 0x3ffc1c60: => flush output

I (2951) mbedtls: ssl_msg.c:2072 0x3ffc1c60: <= flush output

I (2951) mbedtls: ssl_tls.c:4201 0x3ffc1c60: client state: MBEDTLS_SSL_HELLO_REQUEST

D (2951) mbedtls: ssl_misc.h:1295 0x3ffc1c60: handshake state: 0 (MBEDTLS_SSL_HELLO_REQUEST) -> 1 (MBEDTLS_SSL_CLIENT_HELLO)

I (2951) mbedtls: ssl_msg.c:2063 0x3ffc1c60: => flush output

I (2951) mbedtls: ssl_msg.c:2072 0x3ffc1c60: <= flush output

I (2951) mbedtls: ssl_tls.c:4201 0x3ffc1c60: client state: MBEDTLS_SSL_CLIENT_HELLO

I (2951) mbedtls: ssl_client.c:917 0x3ffc1c60: => write client hello

D (2951) mbedtls: ssl_client.c:722 0x3ffc1c60: client hello, current time: 1

D (2951) mbedtls: ssl_client.c:485 0x3ffc1c60: dumping 'client hello, random bytes' (32 bytes)

D (2951) mbedtls: ssl_client.c:485 0x3ffc1c60: 0000:  00 00 00 01 0d 54 ce 36 e5 12 34 56 58 01 bb bc  .....T.6..4VX...

D (2951) mbedtls: ssl_client.c:485 0x3ffc1c60: 0010:  07 42 60 d4 34 a3 c1 fc b8 3c 1f e4 82 01 c7 aa  .B`.4....<......

D (2951) mbedtls: ssl_client.c:510 0x3ffc1c60: dumping 'session id' (0 bytes)

D (2951) mbedtls: ssl_client.c:368 0x3ffc1c60: client hello, add ciphersuite: c02c, TLS-ECDHE-ECDSA-WITH-AES-256-GCM-SHA384

D (2951) mbedtls: ssl_client.c:368 0x3ffc1c60: client hello, add ciphersuite: c030, TLS-ECDHE-RSA-WITH-AES-256-GCM-SHA384

D (2951) mbedtls: ssl_client.c:368 0x3ffc1c60: client hello, add ciphersuite: c0ad, TLS-ECDHE-ECDSA-WITH-AES-256-CCM

D (2951) mbedtls: ssl_client.c:368 0x3ffc1c60: client hello, add ciphersuite: c024, TLS-ECDHE-ECDSA-WITH-AES-256-CBC-SHA384

D (2951) mbedtls: ssl_client.c:368 0x3ffc1c60: client hello, add ciphersuite: c028, TLS-ECDHE-RSA-WITH-AES-256-CBC-SHA384

D (2961) mbedtls: ssl_client.c:368 0x3ffc1c60: client hello, add ciphersuite: c00a, TLS-ECDHE-ECDSA-WITH-AES-256-CBC-SHA

D (2961) mbedtls: ssl_client.c:368 0x3ffc1c60: client hello, add ciphersuite: c014, TLS-ECDHE-RSA-WITH-AES-256-CBC-SHA

D (2961) mbedtls: ssl_client.c:368 0x3ffc1c60: client hello, add ciphersuite: c0af, TLS-ECDHE-ECDSA-WITH-AES-256-CCM-8

D (2961) mbedtls: ssl_client.c:368 0x3ffc1c60: client hello, add ciphersuite: c02b, TLS-ECDHE-ECDSA-WITH-AES-128-GCM-SHA256

D (2961) mbedtls: ssl_client.c:368 0x3ffc1c60: client hello, add ciphersuite: c02f, TLS-ECDHE-RSA-WITH-AES-128-GCM-SHA256

D (2961) mbedtls: ssl_client.c:368 0x3ffc1c60: client hello, add ciphersuite: c0ac, TLS-ECDHE-ECDSA-WITH-AES-128-CCM

D (2961) mbedtls: ssl_client.c:368 0x3ffc1c60: client hello, add ciphersuite: c023, TLS-ECDHE-ECDSA-WITH-AES-128-CBC-SHA256

D (2961) mbedtls: ssl_client.c:368 0x3ffc1c60: client hello, add ciphersuite: c027, TLS-ECDHE-RSA-WITH-AES-128-CBC-SHA256

D (2961) mbedtls: ssl_client.c:368 0x3ffc1c60: client hello, add ciphersuite: c009, TLS-ECDHE-ECDSA-WITH-AES-128-CBC-SHA

D (2961) mbedtls: ssl_client.c:368 0x3ffc1c60: client hello, add ciphersuite: c013, TLS-ECDHE-RSA-WITH-AES-128-CBC-SHA

D (2961) mbedtls: ssl_client.c:368 0x3ffc1c60: client hello, add ciphersuite: c0ae, TLS-ECDHE-ECDSA-WITH-AES-128-CCM-8

D (2961) mbedtls: ssl_client.c:386 0x3ffc1c60: adding EMPTY_RENEGOTIATION_INFO_SCSV

D (2961) mbedtls: ssl_client.c:395 0x3ffc1c60: client hello, got 17 cipher suites

D (2961) mbedtls: ssl_client.c:229 0x3ffc1c60: client hello, adding supported_groups extension

D (2961) mbedtls: ssl_client.c:248 0x3ffc1c60: got supported group(001d)

D (2961) mbedtls: ssl_client.c:280 0x3ffc1c60: NamedGroup: x25519 ( 1d )

D (2961) mbedtls: ssl_client.c:248 0x3ffc1c60: got supported group(0017)

D (2961) mbedtls: ssl_client.c:280 0x3ffc1c60: NamedGroup: secp256r1 ( 17 )

D (2961) mbedtls: ssl_client.c:248 0x3ffc1c60: got supported group(0018)

D (2961) mbedtls: ssl_client.c:280 0x3ffc1c60: NamedGroup: secp384r1 ( 18 )

D (2961) mbedtls: ssl_client.c:248 0x3ffc1c60: got supported group(001e)

D (2961) mbedtls: ssl_client.c:280 0x3ffc1c60: NamedGroup: x448 ( 1e )

D (2961) mbedtls: ssl_client.c:248 0x3ffc1c60: got supported group(0019)

D (2961) mbedtls: ssl_client.c:280 0x3ffc1c60: NamedGroup: secp521r1 ( 19 )

D (2961) mbedtls: ssl_client.c:248 0x3ffc1c60: got supported group(001a)

D (2961) mbedtls: ssl_client.c:280 0x3ffc1c60: NamedGroup: bp256r1 ( 1a )

D (2961) mbedtls: ssl_client.c:248 0x3ffc1c60: got supported group(001b)

D (2961) mbedtls: ssl_client.c:280 0x3ffc1c60: NamedGroup: bp384r1 ( 1b )

D (2961) mbedtls: ssl_client.c:248 0x3ffc1c60: got supported group(001c)

D (2961) mbedtls: ssl_client.c:280 0x3ffc1c60: NamedGroup: bp512r1 ( 1c )

D (2961) mbedtls: ssl_client.c:248 0x3ffc1c60: got supported group(0100)

D (2961) mbedtls: ssl_client.c:248 0x3ffc1c60: got supported group(0101)

D (2961) mbedtls: ssl_client.c:248 0x3ffc1c60: got supported group(0102)

D (2961) mbedtls: ssl_client.c:248 0x3ffc1c60: got supported group(0103)

D (2961) mbedtls: ssl_client.c:248 0x3ffc1c60: got supported group(0104)

D (2961) mbedtls: ssl_client.c:300 0x3ffc1c60: dumping 'Supported groups extension' (18 bytes)

D (2961) mbedtls: ssl_client.c:300 0x3ffc1c60: 0000:  00 10 00 1d 00 17 00 18 00 1e 00 19 00 1a 00 1b  ................

D (2961) mbedtls: ssl_client.c:300 0x3ffc1c60: 0010:  00 1c                                            ..

D (2961) mbedtls: ssl_tls.c:8276 0x3ffc1c60: adding signature_algorithms extension

D (2961) mbedtls: ssl_tls.c:8296 0x3ffc1c60: got signature scheme [603] ecdsa_secp521r1_sha512

D (2961) mbedtls: ssl_tls.c:8305 0x3ffc1c60: sent signature scheme [603] ecdsa_secp521r1_sha512

D (2961) mbedtls: ssl_tls.c:8296 0x3ffc1c60: got signature scheme [806] rsa_pss_rsae_sha512

D (2961) mbedtls: ssl_tls.c:8296 0x3ffc1c60: got signature scheme [601] rsa_pkcs1_sha512

D (2961) mbedtls: ssl_tls.c:8305 0x3ffc1c60: sent signature scheme [601] rsa_pkcs1_sha512

D (2961) mbedtls: ssl_tls.c:8296 0x3ffc1c60: got signature scheme [503] ecdsa_secp384r1_sha384

D (2971) mbedtls: ssl_tls.c:8305 0x3ffc1c60: sent signature scheme [503] ecdsa_secp384r1_sha384

D (2971) mbedtls: ssl_tls.c:8296 0x3ffc1c60: got signature scheme [805] rsa_pss_rsae_sha384

D (2971) mbedtls: ssl_tls.c:8296 0x3ffc1c60: got signature scheme [501] rsa_pkcs1_sha384

D (2971) mbedtls: ssl_tls.c:8305 0x3ffc1c60: sent signature scheme [501] rsa_pkcs1_sha384

D (2971) mbedtls: ssl_tls.c:8296 0x3ffc1c60: got signature scheme [403] ecdsa_secp256r1_sha256

D (2971) mbedtls: ssl_tls.c:8305 0x3ffc1c60: sent signature scheme [403] ecdsa_secp256r1_sha256

D (2971) mbedtls: ssl_tls.c:8296 0x3ffc1c60: got signature scheme [804] rsa_pss_rsae_sha256

D (2971) mbedtls: ssl_tls.c:8296 0x3ffc1c60: got signature scheme [401] rsa_pkcs1_sha256

D (2971) mbedtls: ssl_tls.c:8305 0x3ffc1c60: sent signature scheme [401] rsa_pkcs1_sha256

D (2971) mbedtls: ssl_tls12_client.c:103 0x3ffc1c60: client hello, adding supported_point_formats extension

D (2971) mbedtls: ssl_tls12_client.c:287 0x3ffc1c60: client hello, adding encrypt_then_mac extension

D (2971) mbedtls: ssl_tls12_client.c:319 0x3ffc1c60: client hello, adding extended_master_secret extension

D (2971) mbedtls: ssl_tls12_client.c:352 0x3ffc1c60: client hello, adding session ticket extension

D (2971) mbedtls: ssl_client.c:687 0x3ffc1c60: client hello, total extension length: 58

D (2971) mbedtls: ssl_client.c:689 0x3ffc1c60: dumping 'client hello extensions' (58 bytes)

D (2971) mbedtls: ssl_client.c:689 0x3ffc1c60: 0000:  00 3a 00 0a 00 12 00 10 00 1d 00 17 00 18 00 1e  .:..............

D (2971) mbedtls: ssl_client.c:689 0x3ffc1c60: 0010:  00 19 00 1a 00 1b 00 1c 00 0d 00 0e 00 0c 06 03  ................

D (2971) mbedtls: ssl_client.c:689 0x3ffc1c60: 0020:  06 01 05 03 05 01 04 03 04 01 00 0b 00 02 01 00  ................

D (2971) mbedtls: ssl_client.c:689 0x3ffc1c60: 0030:  00 16 00 00 00 17 00 00 00 23                    .........#

I (2971) mbedtls: ssl_msg.c:2494 0x3ffc1c60: => write handshake message

I (2971) mbedtls: ssl_msg.c:2654 0x3ffc1c60: => write record

D (2971) mbedtls: ssl_msg.c:2737 0x3ffc1c60: output record: msgtype = 22, version = [3:3], msglen = 137

I (2971) mbedtls: ssl_msg.c:2790 0x3ffc1c60: <= write record

I (2971) mbedtls: ssl_msg.c:2615 0x3ffc1c60: <= write handshake message

D (2971) mbedtls: ssl_misc.h:1295 0x3ffc1c60: handshake state: 1 (MBEDTLS_SSL_CLIENT_HELLO) -> 2 (MBEDTLS_SSL_SERVER_HELLO)

I (2971) mbedtls: ssl_client.c:1010 0x3ffc1c60: <= write client hello

I (2971) mbedtls: ssl_msg.c:2063 0x3ffc1c60: => flush output

I (2971) mbedtls: ssl_msg.c:2077 0x3ffc1c60: message length: 142, out_left: 142

I (2981) mbedtls: ssl_msg.c:2084 0x3ffc1c60: ssl->f_send() returned 142 (-0xffffff72)

I (2981) mbedtls: ssl_msg.c:2111 0x3ffc1c60: <= flush output

I (2981) mbedtls: ssl_tls.c:4201 0x3ffc1c60: client state: MBEDTLS_SSL_SERVER_HELLO

I (2981) mbedtls: ssl_tls12_client.c:1151 0x3ffc1c60: => parse server hello

I (2981) mbedtls: ssl_msg.c:4040 0x3ffc1c60: => read record

I (2981) mbedtls: ssl_msg.c:1865 0x3ffc1c60: => fetch input

I (2981) mbedtls: ssl_msg.c:2005 0x3ffc1c60: in_left: 0, nb_want: 5

I (2981) mbedtls: ssl_msg.c:2025 0x3ffc1c60: in_left: 0, nb_want: 5

I (2981) mbedtls: ssl_msg.c:2028 0x3ffc1c60: ssl->f_recv(_timeout)() returned 5 (-0xfffffffb)

I (2981) mbedtls: ssl_msg.c:2050 0x3ffc1c60: <= fetch input

D (2981) mbedtls: ssl_msg.c:3707 0x3ffc1c60: input record: msgtype = 22, version = [0x303], msglen = 65

I (2981) mbedtls: ssl_msg.c:1865 0x3ffc1c60: => fetch input

I (2981) mbedtls: ssl_msg.c:2005 0x3ffc1c60: in_left: 5, nb_want: 70

I (2981) mbedtls: ssl_msg.c:2025 0x3ffc1c60: in_left: 5, nb_want: 70

I (2981) mbedtls: ssl_msg.c:2028 0x3ffc1c60: ssl->f_recv(_timeout)() returned 65 (-0xffffffbf)

I (2981) mbedtls: ssl_msg.c:2050 0x3ffc1c60: <= fetch input

D (2981) mbedtls: ssl_msg.c:2948 0x3ffc1c60: handshake message: msglen = 65, type = 2, hslen = 65

D (2981) mbedtls: ssl_msg.c:3085 0x3ffc1c60: sole handshake fragment: 65, 0..65 of 65

I (2981) mbedtls: ssl_msg.c:4112 0x3ffc1c60: <= read record

D (2981) mbedtls: ssl_tls12_client.c:1225 0x3ffc1c60: dumping 'server hello, version' (2 bytes)

D (2981) mbedtls: ssl_tls12_client.c:1225 0x3ffc1c60: 0000:  03 03                                            ..

D (2981) mbedtls: ssl_tls12_client.c:1246 0x3ffc1c60: server hello, current time: 987662367

D (2981) mbedtls: ssl_tls12_client.c:1256 0x3ffc1c60: dumping 'server hello, random bytes' (32 bytes)

D (2991) mbedtls: ssl_tls12_client.c:1256 0x3ffc1c60: 0000:  3a de 88 1f c7 2e 36 86 68 09 41 da 39 3f 8f 42  :.....6.h.A.9?.B

D (2991) mbedtls: ssl_tls12_client.c:1256 0x3ffc1c60: 0010:  b5 ee 70 d7 a1 69 4b 04 84 eb a9 e3 06 db 00 bf  ..p..iK.........

D (2991) mbedtls: ssl_tls12_client.c:1318 0x3ffc1c60: server hello, session id len.: 0

D (2991) mbedtls: ssl_tls12_client.c:1319 0x3ffc1c60: dumping 'server hello, session id' (0 bytes)

D (2991) mbedtls: ssl_misc.h:1295 0x3ffc1c60: handshake state: 2 (MBEDTLS_SSL_SERVER_HELLO) -> 3 (MBEDTLS_SSL_SERVER_CERTIFICATE)

D (2991) mbedtls: ssl_tls12_client.c:1343 0x3ffc1c60: no session has been resumed

D (2991) mbedtls: ssl_tls12_client.c:1346 0x3ffc1c60: server hello, chosen ciphersuite: c030

D (2991) mbedtls: ssl_tls12_client.c:1347 0x3ffc1c60: server hello, compress alg.: 0

D (2991) mbedtls: ssl_tls12_client.c:1382 0x3ffc1c60: server hello, chosen ciphersuite: TLS-ECDHE-RSA-WITH-AES-256-GCM-SHA384

I (2991) mbedtls: ssl_tls12_client.c:1403 0x3ffc1c60: server hello, total extension length: 21

D (2991) mbedtls: ssl_tls12_client.c:1421 0x3ffc1c60: found renegotiation extension

D (2991) mbedtls: ssl_tls12_client.c:1500 0x3ffc1c60: found supported_point_formats extension

D (2991) mbedtls: ssl_tls12_client.c:1486 0x3ffc1c60: found session_ticket extension

D (2991) mbedtls: ssl_tls12_client.c:1473 0x3ffc1c60: found extended_master_secret extension

I (2991) mbedtls: ssl_tls12_client.c:1617 0x3ffc1c60: <= parse server hello

I (2991) mbedtls: ssl_msg.c:2063 0x3ffc1c60: => flush output

I (2991) mbedtls: ssl_msg.c:2072 0x3ffc1c60: <= flush output

I (2991) mbedtls: ssl_tls.c:4201 0x3ffc1c60: client state: MBEDTLS_SSL_SERVER_CERTIFICATE

I (2991) mbedtls: ssl_tls.c:7077 0x3ffc1c60: => parse certificate

I (2991) mbedtls: ssl_msg.c:4040 0x3ffc1c60: => read record

I (2991) mbedtls: ssl_msg.c:1865 0x3ffc1c60: => fetch input

I (2991) mbedtls: ssl_msg.c:2005 0x3ffc1c60: in_left: 0, nb_want: 5

I (2991) mbedtls: ssl_msg.c:2025 0x3ffc1c60: in_left: 0, nb_want: 5

I (2991) mbedtls: ssl_msg.c:2028 0x3ffc1c60: ssl->f_recv(_timeout)() returned 5 (-0xfffffffb)

I (2991) mbedtls: ssl_msg.c:2050 0x3ffc1c60: <= fetch input

D (2991) mbedtls: ssl_msg.c:3707 0x3ffc1c60: input record: msgtype = 22, version = [0x303], msglen = 791

I (2991) mbedtls: ssl_msg.c:1865 0x3ffc1c60: => fetch input

I (2991) mbedtls: ssl_msg.c:2005 0x3ffc1c60: in_left: 5, nb_want: 796

I (2991) mbedtls: ssl_msg.c:2025 0x3ffc1c60: in_left: 5, nb_want: 796

I (2991) mbedtls: ssl_msg.c:2028 0x3ffc1c60: ssl->f_recv(_timeout)() returned 791 (-0xfffffce9)

I (2991) mbedtls: ssl_msg.c:2050 0x3ffc1c60: <= fetch input

D (2991) mbedtls: ssl_msg.c:2948 0x3ffc1c60: handshake message: msglen = 791, type = 11, hslen = 791

D (2991) mbedtls: ssl_msg.c:3085 0x3ffc1c60: sole handshake fragment: 791, 0..791 of 791

I (3001) mbedtls: ssl_msg.c:4112 0x3ffc1c60: <= read record

D (3001) mbedtls: ssl_tls.c:6952 0x3ffc1c60: peer certificate #1:

D (3001) mbedtls: ssl_tls.c:6952 0x3ffc1c60: cert. version     : 3

D (3001) mbedtls: ssl_tls.c:6952 0x3ffc1c60: serial number     : 77:66:A5:9D:AF:14:9E:F2:03:F7:3C:2B:1A:5C:81:86:F8:A3:4E:52

D (3001) mbedtls: ssl_tls.c:6952 0x3ffc1c60: issuer name       : CN=localhost

D (3001) mbedtls: ssl_tls.c:6952 0x3ffc1c60: subject name      : CN=localhost

D (3001) mbedtls: ssl_tls.c:6952 0x3ffc1c60: issued  on        : 2026-08-26 20:20:30

D (3001) mbedtls: ssl_tls.c:6952 0x3ffc1c60: expires on        : 2026-09-25 20:20:30

D (3001) mbedtls: ssl_tls.c:6952 0x3ffc1c60: signed using      : RSA with SHA-256

D (3001) mbedtls: ssl_tls.c:6952 0x3ffc1c60: RSA key size      : 2048 bits

D (3001) mbedtls: ssl_tls.c:6952 0x3ffc1c60: basic constraints : CA=true

D (3001) mbedtls: ssl_tls.c:6952 0x3ffc1c60: dumping 'crt->PK' (270 bytes)

D (3001) mbedtls: ssl_tls.c:6952 0x3ffc1c60: 0000:  30 82 01 0a 02 82 01 01 00 dd 03 19 3e 8f 4a 05

D (3001) mbedtls: ssl_tls.c:6952 0x3ffc1c60: 0010:  9c d6 74 e1 46 bc 40 7a 7e af 78 09 38 f6 d0 1c

D (3001) mbedtls: ssl_tls.c:6952 0x3ffc1c60: 0020:  9d e4 2b 18 4c a1 87 f6 83 55 82 2d e0 21 fb b2

D (3001) mbedtls: ssl_tls.c:6952 0x3ffc1c60: 0030:  00 2f 9b 98 36 24 73 47 a2 11 bb 50 05 1c 9e 40

D (3001) mbedtls: ssl_tls.c:6952 0x3ffc1c60: 0040:  41 c9 de 81 7e a1 eb 82 48 35 d0 51 24 0d 22 bd

D (3001) mbedtls: ssl_tls.c:6952 0x3ffc1c60: 0050:  7e c7 0b 60 74 e2 60 3e 76 de c1 3d b5 9f e9 d2

D (3001) mbedtls: ssl_tls.c:6952 0x3ffc1c60: 0060:  ac 90 d3 84 2a 75 7c 41 8a 11 14 c8 bc 09 7b 9d

D (3001) mbedtls: ssl_tls.c:6952 0x3ffc1c60: 0070:  45 54 95 c1 50 05 be f1 34 c0 05 55 f5 a2 b3 a8

D (3011) mbedtls: ssl_tls.c:6952 0x3ffc1c60: 0080:  24 f6 ab 22 df 72 97 ef b5 8f e4 fe 49 be 4f c1

D (3011) mbedtls: ssl_tls.c:6952 0x3ffc1c60: 0090:  08 e0 39 7a cd ba 74 2e d1 20 74 ad 6b 59 ab 86

D (3011) mbedtls: ssl_tls.c:6952 0x3ffc1c60: 00a0:  5d 29 ab 81 f0 c1 22 3f 01 b9 0b a1 fb ee 70 9f

D (3011) mbedtls: ssl_tls.c:6952 0x3ffc1c60: 00b0:  eb 29 5e 9f 1d 6a 0d dc 65 fd 5e 5d 38 0c 1a c3

D (3011) mbedtls: ssl_tls.c:6952 0x3ffc1c60: 00c0:  ae b7 b7 2f 66 23 82 80 ab 7d 69 7c 8f 95 ab e8

D (3011) mbedtls: ssl_tls.c:6952 0x3ffc1c60: 00d0:  c0 4d 21 42 7d 78 c8 25 8b 60 f6 0d 87 c9 f4 df

D (3011) mbedtls: ssl_tls.c:6952 0x3ffc1c60: 00e0:  36 bf 16 7c 59 16 d1 09 ec 17 67 cf 5d 9f 8f 78

D (3011) mbedtls: ssl_tls.c:6952 0x3ffc1c60: 00f0:  8c 3d d0 02 18 d5 bc a7 19 f4 51 fe 1d b3 20 40

D (3011) mbedtls: ssl_tls.c:6952 0x3ffc1c60: 0100:  67 7e 3a cc 30 f3 8d a0 ef 02 03 01 00 01      

I (3011) mbedtls: ssl_tls.c:7191 0x3ffc1c60: <= parse certificate

D (3011) mbedtls: ssl_misc.h:1295 0x3ffc1c60: handshake state: 3 (MBEDTLS_SSL_SERVER_CERTIFICATE) -> 4 (MBEDTLS_SSL_SERVER_KEY_EXCHANGE)

I (3011) mbedtls: ssl_msg.c:2063 0x3ffc1c60: => flush output

I (3011) mbedtls: ssl_msg.c:2072 0x3ffc1c60: <= flush output

I (3011) mbedtls: ssl_tls.c:4201 0x3ffc1c60: client state: MBEDTLS_SSL_SERVER_KEY_EXCHANGE

I (3011) mbedtls: ssl_tls12_client.c:1831 0x3ffc1c60: => parse server key exchange

I (3011) mbedtls: ssl_msg.c:4040 0x3ffc1c60: => read record

I (3011) mbedtls: ssl_msg.c:1865 0x3ffc1c60: => fetch input

I (3011) mbedtls: ssl_msg.c:2005 0x3ffc1c60: in_left: 0, nb_want: 5

I (3011) mbedtls: ssl_msg.c:2025 0x3ffc1c60: in_left: 0, nb_want: 5

I (3011) mbedtls: ssl_msg.c:2028 0x3ffc1c60: ssl->f_recv(_timeout)() returned 5 (-0xfffffffb)

I (3011) mbedtls: ssl_msg.c:2050 0x3ffc1c60: <= fetch input

D (3011) mbedtls: ssl_msg.c:3707 0x3ffc1c60: input record: msgtype = 22, version = [0x303], msglen = 300

I (3011) mbedtls: ssl_msg.c:1865 0x3ffc1c60: => fetch input

I (3011) mbedtls: ssl_msg.c:2005 0x3ffc1c60: in_left: 5, nb_want: 305

I (3011) mbedtls: ssl_msg.c:2025 0x3ffc1c60: in_left: 5, nb_want: 305

I (3011) mbedtls: ssl_msg.c:2028 0x3ffc1c60: ssl->f_recv(_timeout)() returned 300 (-0xfffffed4)

I (3011) mbedtls: ssl_msg.c:2050 0x3ffc1c60: <= fetch input

D (3011) mbedtls: ssl_msg.c:2948 0x3ffc1c60: handshake message: msglen = 300, type = 12, hslen = 300

D (3011) mbedtls: ssl_msg.c:3085 0x3ffc1c60: sole handshake fragment: 300, 0..300 of 300

I (3011) mbedtls: ssl_msg.c:4112 0x3ffc1c60: <= read record

D (3011) mbedtls: ssl_tls12_client.c:1885 0x3ffc1c60: dumping 'server key exchange' (296 bytes)

D (3011) mbedtls: ssl_tls12_client.c:1885 0x3ffc1c60: 0000:  03 00 1d 20 8d 87 71 19 a4 5e 18 45 b2 37 ba da  ... ..q..^.E.7..

D (3011) mbedtls: ssl_tls12_client.c:1885 0x3ffc1c60: 0010:  d4 a1 f5 55 e7 e6 69 a9 68 4d b8 8a 0d 37 47 6a  ...U..i.hM...7Gj

D (3011) mbedtls: ssl_tls12_client.c:1885 0x3ffc1c60: 0020:  50 6b 61 08 06 01 01 00 bf f5 36 c0 92 e6 1b a6  Pka.......6.....

D (3011) mbedtls: ssl_tls12_client.c:1885 0x3ffc1c60: 0030:  11 82 8c 61 cc cf e0 a7 9b 6f 5f 3d b9 82 ac 0d  ...a.....o_=....

D (3011) mbedtls: ssl_tls12_client.c:1885 0x3ffc1c60: 0040:  1d 09 aa 78 a3 34 a3 ce f6 b3 eb 23 e0 fb 79 57  ...x.4.....#..yW

D (3011) mbedtls: ssl_tls12_client.c:1885 0x3ffc1c60: 0050:  cf b6 fc 9e a1 94 da 80 23 b4 56 08 ce 2c d6 61  ........#.V..,.a

D (3011) mbedtls: ssl_tls12_client.c:1885 0x3ffc1c60: 0060:  53 94 16 c1 ac 23 2b 7e 7b 95 7d 11 43 ae ed 02  S....#+~{.}.C...

D (3021) mbedtls: ssl_tls12_client.c:1885 0x3ffc1c60: 0070:  20 ca 91 14 3d 47 63 18 ca 96 92 eb af 4a 1e 6c   ...=Gc......J.l

D (3021) mbedtls: ssl_tls12_client.c:1885 0x3ffc1c60: 0080:  f6 62 4a cd 69 28 ac 20 52 0d a0 59 2e 80 3e f3  .bJ.i(. R..Y..>.

D (3021) mbedtls: ssl_tls12_client.c:1885 0x3ffc1c60: 0090:  61 9f b5 72 26 99 fc d2 b1 90 d2 88 99 37 da ad  a..r&........7..

D (3021) mbedtls: ssl_tls12_client.c:1885 0x3ffc1c60: 00a0:  36 93 e6 bc 61 3a 4e 8b c7 5c 58 59 5e 41 c1 a0  6...a:N..\XY^A..

D (3021) mbedtls: ssl_tls12_client.c:1885 0x3ffc1c60: 00b0:  48 50 9e 54 b7 cf b2 7c 0d c4 ea 47 4b 3a 3f ce  HP.T...|...GK:?.

D (3021) mbedtls: ssl_tls12_client.c:1885 0x3ffc1c60: 00c0:  8b b3 70 95 9f b7 eb e9 63 b5 d6 78 05 be 45 1f  ..p.....c..x..E.

D (3021) mbedtls: ssl_tls12_client.c:1885 0x3ffc1c60: 00d0:  e5 6c 7c dd b6 5f d8 fa 09 fc 37 f5 0d 66 5b 0e  .l|.._....7..f[.

D (3021) mbedtls: ssl_tls12_client.c:1885 0x3ffc1c60: 00e0:  e6 03 44 64 cb 40 49 83 3e db a9 d4 f8 3b d6 ee  ..Dd.@I.>....;..

D (3021) mbedtls: ssl_tls12_client.c:1885 0x3ffc1c60: 00f0:  d4 a6 e2 1f c9 fd 73 06 f4 30 a6 da d6 01 84 c4  ......s..0......

D (3021) mbedtls: ssl_tls12_client.c:1885 0x3ffc1c60: 0100:  cb 61 75 00 f9 d3 8a 8f 55 65 d6 14 5a d8 36 6f  .au.....Ue..Z.6o

D (3021) mbedtls: ssl_tls12_client.c:1885 0x3ffc1c60: 0110:  83 95 e4 e9 34 4c 9a fb 31 27 ae 76 7e 30 6f 2d  ....4L..1'.v~0o-

D (3021) mbedtls: ssl_tls12_client.c:1885 0x3ffc1c60: 0120:  b6 29 39 e7 e6 70 69 f2                          .)9..pi.

I (3021) mbedtls: ssl_tls12_client.c:1815 0x3ffc1c60: Server used the signature algorithm rsa_pkcs1_sha512

D (3021) mbedtls: ssl_tls12_client.c:2047 0x3ffc1c60: dumping 'signature' (256 bytes)

D (3021) mbedtls: ssl_tls12_client.c:2047 0x3ffc1c60: 0000:  bf f5 36 c0 92 e6 1b a6 11 82 8c 61 cc cf e0 a7  ..6........a....

D (3021) mbedtls: ssl_tls12_client.c:2047 0x3ffc1c60: 0010:  9b 6f 5f 3d b9 82 ac 0d 1d 09 aa 78 a3 34 a3 ce  .o_=.......x.4..

D (3021) mbedtls: ssl_tls12_client.c:2047 0x3ffc1c60: 0020:  f6 b3 eb 23 e0 fb 79 57 cf b6 fc 9e a1 94 da 80  ...#..yW........

D (3021) mbedtls: ssl_tls12_client.c:2047 0x3ffc1c60: 0030:  23 b4 56 08 ce 2c d6 61 53 94 16 c1 ac 23 2b 7e  #.V..,.aS....#+~

D (3021) mbedtls: ssl_tls12_client.c:2047 0x3ffc1c60: 0040:  7b 95 7d 11 43 ae ed 02 20 ca 91 14 3d 47 63 18  {.}.C... ...=Gc.

D (3021) mbedtls: ssl_tls12_client.c:2047 0x3ffc1c60: 0050:  ca 96 92 eb af 4a 1e 6c f6 62 4a cd 69 28 ac 20  .....J.l.bJ.i(. 

D (3021) mbedtls: ssl_tls12_client.c:2047 0x3ffc1c60: 0060:  52 0d a0 59 2e 80 3e f3 61 9f b5 72 26 99 fc d2  R..Y..>.a..r&...

D (3021) mbedtls: ssl_tls12_client.c:2047 0x3ffc1c60: 0070:  b1 90 d2 88 99 37 da ad 36 93 e6 bc 61 3a 4e 8b  .....7..6...a:N.

D (3021) mbedtls: ssl_tls12_client.c:2047 0x3ffc1c60: 0080:  c7 5c 58 59 5e 41 c1 a0 48 50 9e 54 b7 cf b2 7c  .\XY^A..HP.T...|

D (3021) mbedtls: ssl_tls12_client.c:2047 0x3ffc1c60: 0090:  0d c4 ea 47 4b 3a 3f ce 8b b3 70 95 9f b7 eb e9  ...GK:?...p.....

D (3021) mbedtls: ssl_tls12_client.c:2047 0x3ffc1c60: 00a0:  63 b5 d6 78 05 be 45 1f e5 6c 7c dd b6 5f d8 fa  c..x..E..l|.._..

D (3021) mbedtls: ssl_tls12_client.c:2047 0x3ffc1c60: 00b0:  09 fc 37 f5 0d 66 5b 0e e6 03 44 64 cb 40 49 83  ..7..f[...Dd.@I.

D (3021) mbedtls: ssl_tls12_client.c:2047 0x3ffc1c60: 00c0:  3e db a9 d4 f8 3b d6 ee d4 a6 e2 1f c9 fd 73 06  >....;........s.

D (3021) mbedtls: ssl_tls12_client.c:2047 0x3ffc1c60: 00d0:  f4 30 a6 da d6 01 84 c4 cb 61 75 00 f9 d3 8a 8f  .0.......au.....

D (3021) mbedtls: ssl_tls12_client.c:2047 0x3ffc1c60: 00e0:  55 65 d6 14 5a d8 36 6f 83 95 e4 e9 34 4c 9a fb  Ue..Z.6o....4L..

D (3021) mbedtls: ssl_tls12_client.c:2047 0x3ffc1c60: 00f0:  31 27 ae 76 7e 30 6f 2d b6 29 39 e7 e6 70 69 f2  1'.v~0o-.)9..pi.

D (3021) mbedtls: ssl_tls.c:8082 0x3ffc1c60: Perform PSA-based computation of digest of ServerKeyExchange

D (3021) mbedtls: ssl_tls12_client.c:2064 0x3ffc1c60: dumping 'parameters hash' (64 bytes)

D (3021) mbedtls: ssl_tls12_client.c:2064 0x3ffc1c60: 0000:  2e 6d 3d 52 b4 be 26 29 78 91 e1 d0 29 a7 8b 71  .m=R..&)x...)..q

D (3031) mbedtls: ssl_tls12_client.c:2064 0x3ffc1c60: 0010:  b8 28 b7 a9 0f 36 22 86 cd 05 bf e4 56 a5 b6 e1  .(...6".....V...

D (3031) mbedtls: ssl_tls12_client.c:2064 0x3ffc1c60: 0020:  cd d6 01 79 d9 0c aa ee be c3 b6 95 aa 26 f5 86  ...y.........&..

D (3031) mbedtls: ssl_tls12_client.c:2064 0x3ffc1c60: 0030:  90 a5 72 09 51 f5 6e 21 fb dc 21 a6 94 9d f6 fd  ..r.Q.n!..!.....

[mem-tick] t=    1576 ms phase=handshake    free=213260
D (3041) mbedtls: ssl_misc.h:1295 0x3ffc1c60: handshake state: 4 (MBEDTLS_SSL_SERVER_KEY_EXCHANGE) -> 5 (MBEDTLS_SSL_CERTIFICATE_REQUEST)

I (3041) mbedtls: ssl_tls12_client.c:2118 0x3ffc1c60: <= parse server key exchange

I (3041) mbedtls: ssl_msg.c:2063 0x3ffc1c60: => flush output

I (3041) mbedtls: ssl_msg.c:2072 0x3ffc1c60: <= flush output

I (3041) mbedtls: ssl_tls.c:4201 0x3ffc1c60: client state: MBEDTLS_SSL_CERTIFICATE_REQUEST

I (3041) mbedtls: ssl_tls12_client.c:2157 0x3ffc1c60: => parse certificate request

I (3041) mbedtls: ssl_msg.c:4040 0x3ffc1c60: => read record

I (3041) mbedtls: ssl_msg.c:1865 0x3ffc1c60: => fetch input

I (3041) mbedtls: ssl_msg.c:2005 0x3ffc1c60: in_left: 0, nb_want: 5

I (3041) mbedtls: ssl_msg.c:2025 0x3ffc1c60: in_left: 0, nb_want: 5

I (3041) mbedtls: ssl_msg.c:2028 0x3ffc1c60: ssl->f_recv(_timeout)() returned 5 (-0xfffffffb)

I (3041) mbedtls: ssl_msg.c:2050 0x3ffc1c60: <= fetch input

D (3041) mbedtls: ssl_msg.c:3707 0x3ffc1c60: input record: msgtype = 22, version = [0x303], msglen = 4

I (3041) mbedtls: ssl_msg.c:1865 0x3ffc1c60: => fetch input

I (3041) mbedtls: ssl_msg.c:2005 0x3ffc1c60: in_left: 5, nb_want: 9

I (3041) mbedtls: ssl_msg.c:2025 0x3ffc1c60: in_left: 5, nb_want: 9

I (3041) mbedtls: ssl_msg.c:2028 0x3ffc1c60: ssl->f_recv(_timeout)() returned 4 (-0xfffffffc)

I (3041) mbedtls: ssl_msg.c:2050 0x3ffc1c60: <= fetch input

D (3041) mbedtls: ssl_msg.c:2948 0x3ffc1c60: handshake message: msglen = 4, type = 14, hslen = 4

D (3041) mbedtls: ssl_msg.c:3085 0x3ffc1c60: sole handshake fragment: 4, 0..4 of 4

I (3041) mbedtls: ssl_msg.c:4112 0x3ffc1c60: <= read record

D (3041) mbedtls: ssl_misc.h:1295 0x3ffc1c60: handshake state: 5 (MBEDTLS_SSL_CERTIFICATE_REQUEST) -> 6 (MBEDTLS_SSL_SERVER_HELLO_DONE)

D (3041) mbedtls: ssl_tls12_client.c:2183 0x3ffc1c60: got no certificate request

I (3041) mbedtls: ssl_tls12_client.c:2319 0x3ffc1c60: <= parse certificate request

I (3041) mbedtls: ssl_msg.c:2063 0x3ffc1c60: => flush output

I (3041) mbedtls: ssl_msg.c:2072 0x3ffc1c60: <= flush output

I (3041) mbedtls: ssl_tls.c:4201 0x3ffc1c60: client state: MBEDTLS_SSL_SERVER_HELLO_DONE

I (3051) mbedtls: ssl_tls12_client.c:2330 0x3ffc1c60: => parse server hello done

I (3051) mbedtls: ssl_msg.c:4040 0x3ffc1c60: => read record

I (3051) mbedtls: ssl_msg.c:4108 0x3ffc1c60: reuse previously read message

I (3051) mbedtls: ssl_msg.c:4112 0x3ffc1c60: <= read record

D (3051) mbedtls: ssl_misc.h:1295 0x3ffc1c60: handshake state: 6 (MBEDTLS_SSL_SERVER_HELLO_DONE) -> 7 (MBEDTLS_SSL_CLIENT_CERTIFICATE)

I (3051) mbedtls: ssl_tls12_client.c:2358 0x3ffc1c60: <= parse server hello done

I (3051) mbedtls: ssl_msg.c:2063 0x3ffc1c60: => flush output

I (3051) mbedtls: ssl_msg.c:2072 0x3ffc1c60: <= flush output

I (3051) mbedtls: ssl_tls.c:4201 0x3ffc1c60: client state: MBEDTLS_SSL_CLIENT_CERTIFICATE

I (3051) mbedtls: ssl_tls.c:6675 0x3ffc1c60: => write certificate

I (3051) mbedtls: ssl_tls.c:6686 0x3ffc1c60: <= skip write certificate

D (3051) mbedtls: ssl_misc.h:1295 0x3ffc1c60: handshake state: 7 (MBEDTLS_SSL_CLIENT_CERTIFICATE) -> 8 (MBEDTLS_SSL_CLIENT_KEY_EXCHANGE)

I (3051) mbedtls: ssl_msg.c:2063 0x3ffc1c60: => flush output

I (3051) mbedtls: ssl_msg.c:2072 0x3ffc1c60: <= flush output

I (3051) mbedtls: ssl_tls.c:4201 0x3ffc1c60: client state: MBEDTLS_SSL_CLIENT_KEY_EXCHANGE

I (3051) mbedtls: ssl_tls12_client.c:2373 0x3ffc1c60: => write client key exchange

D (3051) mbedtls: ssl_tls12_client.c:2387 0x3ffc1c60: Perform PSA-based ECDH computation.

[mem-tick] t=    1676 ms phase=handshake    free=216684
D (3191) mbedtls: ssl_misc.h:1295 0x3ffc1c60: handshake state: 8 (MBEDTLS_SSL_CLIENT_KEY_EXCHANGE) -> 9 (MBEDTLS_SSL_CERTIFICATE_VERIFY)

I (3191) mbedtls: ssl_msg.c:2494 0x3ffc1c60: => write handshake message

I (3201) mbedtls: ssl_msg.c:2654 0x3ffc1c60: => write record

D (3201) mbedtls: ssl_msg.c:2737 0x3ffc1c60: output record: msgtype = 22, version = [3:3], msglen = 37

I (3201) mbedtls: ssl_msg.c:2063 0x3ffc1c60: => flush output

I (3201) mbedtls: ssl_msg.c:2077 0x3ffc1c60: message length: 42, out_left: 42

I (3201) mbedtls: ssl_msg.c:2084 0x3ffc1c60: ssl->f_send() returned 42 (-0xffffffd6)

I (3201) mbedtls: ssl_msg.c:2111 0x3ffc1c60: <= flush output

I (3201) mbedtls: ssl_msg.c:2790 0x3ffc1c60: <= write record

I (3201) mbedtls: ssl_msg.c:2615 0x3ffc1c60: <= write handshake message

I (3201) mbedtls: ssl_tls12_client.c:2653 0x3ffc1c60: <= write client key exchange

I (3201) mbedtls: ssl_msg.c:2063 0x3ffc1c60: => flush output

I (3201) mbedtls: ssl_msg.c:2072 0x3ffc1c60: <= flush output

I (3201) mbedtls: ssl_tls.c:4201 0x3ffc1c60: client state: MBEDTLS_SSL_CERTIFICATE_VERIFY

I (3201) mbedtls: ssl_tls12_client.c:2701 0x3ffc1c60: => write certificate verify

I (3201) mbedtls: ssl_tls.c:6466 0x3ffc1c60: => derive keys

I (3201) mbedtls: ssl_tls.c:6557 0x3ffc1c60: => PSA calc verify

D (3201) mbedtls: ssl_tls.c:6568 0x3ffc1c60: dumping 'PSA calculated verify result' (48 bytes)

D (3201) mbedtls: ssl_tls.c:6568 0x3ffc1c60: 0000:  f8 48 32 a1 2b 70 86 17 2a fd 0f e5 b4 e7 b8 f3  .H2.+p..*.......

D (3201) mbedtls: ssl_tls.c:6568 0x3ffc1c60: 0010:  15 57 55 a5 1f 8c 8c b3 f2 09 bd 23 f5 8d 12 c7  .WU........#....

D (3201) mbedtls: ssl_tls.c:6568 0x3ffc1c60: 0020:  0f 0d d9 9f c7 8e 52 b9 cb ac 24 9e fb e6 3e 39  ......R...$...>9

I (3201) mbedtls: ssl_tls.c:6569 0x3ffc1c60: <= PSA calc verify

D (3201) mbedtls: ssl_tls.c:6308 0x3ffc1c60: dumping 'session hash for extended master secret' (48 bytes)

D (3201) mbedtls: ssl_tls.c:6308 0x3ffc1c60: 0000:  f8 48 32 a1 2b 70 86 17 2a fd 0f e5 b4 e7 b8 f3  .H2.+p..*.......

D (3201) mbedtls: ssl_tls.c:6308 0x3ffc1c60: 0010:  15 57 55 a5 1f 8c 8c b3 f2 09 bd 23 f5 8d 12 c7  .WU........#....

D (3201) mbedtls: ssl_tls.c:6308 0x3ffc1c60: 0020:  0f 0d d9 9f c7 8e 52 b9 cb ac 24 9e fb e6 3e 39  ......R...$...>9

D (3211) mbedtls: ssl_tls.c:6449 0x3ffc1c60: dumping 'premaster secret' (32 bytes)

D (3211) mbedtls: ssl_tls.c:6449 0x3ffc1c60: 0000:  de f6 74 40 16 28 a4 a9 62 5f 35 0f e0 03 d1 00  ..t@.(..b_5.....

D (3211) mbedtls: ssl_tls.c:6449 0x3ffc1c60: 0010:  87 6a 7a 33 5f 2f 99 6e 95 5d 23 6a 85 e5 5a 7f  .jz3_/.n.]#j..Z.

D (3211) mbedtls: ssl_tls.c:7762 0x3ffc1c60: ciphersuite = TLS-ECDHE-RSA-WITH-AES-256-GCM-SHA384

D (3211) mbedtls: ssl_tls.c:7764 0x3ffc1c60: dumping 'master secret' (48 bytes)

D (3211) mbedtls: ssl_tls.c:7764 0x3ffc1c60: 0000:  fe 71 7c 1f 8a b2 f8 22 87 51 d0 03 eb 6b 37 1e  .q|....".Q...k7.

D (3211) mbedtls: ssl_tls.c:7764 0x3ffc1c60: 0010:  bc 2e da 75 bf e3 43 90 4c 22 9c 75 86 1d c4 a7  ...u..C.L".u....

D (3211) mbedtls: ssl_tls.c:7764 0x3ffc1c60: 0020:  77 32 1c c9 b5 c3 eb 1f 00 4c 6d ff 0b 65 44 eb  w2.......Lm..eD.

D (3211) mbedtls: ssl_tls.c:7855 0x3ffc1c60: keylen: 32, minlen: 24, ivlen: 12, maclen: 0

I (3211) mbedtls: ssl_tls.c:6517 0x3ffc1c60: <= derive keys

I (3211) mbedtls: ssl_tls12_client.c:2723 0x3ffc1c60: <= skip write certificate verify

D (3211) mbedtls: ssl_misc.h:1295 0x3ffc1c60: handshake state: 9 (MBEDTLS_SSL_CERTIFICATE_VERIFY) -> 10 (MBEDTLS_SSL_CLIENT_CHANGE_CIPHER_SPEC)

I (3211) mbedtls: ssl_msg.c:2063 0x3ffc1c60: => flush output

I (3211) mbedtls: ssl_msg.c:2072 0x3ffc1c60: <= flush output

I (3211) mbedtls: ssl_tls.c:4201 0x3ffc1c60: client state: MBEDTLS_SSL_CLIENT_CHANGE_CIPHER_SPEC

I (3211) mbedtls: ssl_msg.c:5087 0x3ffc1c60: => write change cipher spec

D (3211) mbedtls: ssl_misc.h:1295 0x3ffc1c60: handshake state: 10 (MBEDTLS_SSL_CLIENT_CHANGE_CIPHER_SPEC) -> 11 (MBEDTLS_SSL_CLIENT_FINISHED)

I (3211) mbedtls: ssl_msg.c:2494 0x3ffc1c60: => write handshake message

I (3211) mbedtls: ssl_msg.c:2654 0x3ffc1c60: => write record

D (3211) mbedtls: ssl_msg.c:2737 0x3ffc1c60: output record: msgtype = 20, version = [3:3], msglen = 1

I (3211) mbedtls: ssl_msg.c:2063 0x3ffc1c60: => flush output

I (3211) mbedtls: ssl_msg.c:2077 0x3ffc1c60: message length: 6, out_left: 6

I (3211) mbedtls: ssl_msg.c:2084 0x3ffc1c60: ssl->f_send() returned 6 (-0xfffffffa)

I (3211) mbedtls: ssl_msg.c:2111 0x3ffc1c60: <= flush output

I (3211) mbedtls: ssl_msg.c:2790 0x3ffc1c60: <= write record

I (3211) mbedtls: ssl_msg.c:2615 0x3ffc1c60: <= write handshake message

I (3211) mbedtls: ssl_msg.c:5100 0x3ffc1c60: <= write change cipher spec

I (3211) mbedtls: ssl_msg.c:2063 0x3ffc1c60: => flush output

I (3211) mbedtls: ssl_msg.c:2072 0x3ffc1c60: <= flush output

I (3211) mbedtls: ssl_tls.c:4201 0x3ffc1c60: client state: MBEDTLS_SSL_CLIENT_FINISHED

I (3211) mbedtls: ssl_tls.c:7384 0x3ffc1c60: => write finished

I (3211) mbedtls: ssl_tls.c:7235 0x3ffc1c60: => calc PSA finished tls

D (3211) mbedtls: ssl_tls.c:7246 0x3ffc1c60: dumping 'PSA calculated padbuf' (48 bytes)

D (3211) mbedtls: ssl_tls.c:7246 0x3ffc1c60: 0000:  f8 48 32 a1 2b 70 86 17 2a fd 0f e5 b4 e7 b8 f3  .H2.+p..*.......

D (3211) mbedtls: ssl_tls.c:7246 0x3ffc1c60: 0010:  15 57 55 a5 1f 8c 8c b3 f2 09 bd 23 f5 8d 12 c7  .WU........#....

D (3221) mbedtls: ssl_tls.c:7246 0x3ffc1c60: 0020:  0f 0d d9 9f c7 8e 52 b9 cb ac 24 9e fb e6 3e 39  ......R...$...>9

D (3221) mbedtls: ssl_tls.c:7258 0x3ffc1c60: dumping 'calc finished result' (12 bytes)

D (3221) mbedtls: ssl_tls.c:7258 0x3ffc1c60: 0000:  7f 8a 43 87 a6 e0 6c 16 0c 57 88 a8              ..C...l..W..

I (3221) mbedtls: ssl_tls.c:7262 0x3ffc1c60: <= calc finished

D (3221) mbedtls: ssl_misc.h:1295 0x3ffc1c60: handshake state: 11 (MBEDTLS_SSL_CLIENT_FINISHED) -> 12 (MBEDTLS_SSL_SERVER_CHANGE_CIPHER_SPEC)

D (3221) mbedtls: ssl_tls.c:7434 0x3ffc1c60: switching to new transform spec for outbound data

I (3221) mbedtls: ssl_msg.c:2494 0x3ffc1c60: => write handshake message

I (3221) mbedtls: ssl_msg.c:2654 0x3ffc1c60: => write record

I (3221) mbedtls: ssl_msg.c:808 0x3ffc1c60: => encrypt buf

D (3221) mbedtls: ssl_msg.c:1036 0x3ffc1c60: before encrypt: msglen = 16, including 0 bytes of padding

I (3221) mbedtls: ssl_msg.c:1265 0x3ffc1c60: <= encrypt buf

D (3221) mbedtls: ssl_msg.c:2737 0x3ffc1c60: output record: msgtype = 22, version = [3:3], msglen = 40

I (3221) mbedtls: ssl_msg.c:2063 0x3ffc1c60: => flush output

I (3221) mbedtls: ssl_msg.c:2077 0x3ffc1c60: message length: 45, out_left: 45

I (3221) mbedtls: ssl_msg.c:2084 0x3ffc1c60: ssl->f_send() returned 45 (-0xffffffd3)

I (3221) mbedtls: ssl_msg.c:2111 0x3ffc1c60: <= flush output

I (3221) mbedtls: ssl_msg.c:2790 0x3ffc1c60: <= write record

I (3221) mbedtls: ssl_msg.c:2615 0x3ffc1c60: <= write handshake message

I (3221) mbedtls: ssl_tls.c:7487 0x3ffc1c60: <= write finished

I (3221) mbedtls: ssl_msg.c:2063 0x3ffc1c60: => flush output

I (3221) mbedtls: ssl_msg.c:2072 0x3ffc1c60: <= flush output

I (3221) mbedtls: ssl_tls.c:4201 0x3ffc1c60: client state: MBEDTLS_SSL_SERVER_CHANGE_CIPHER_SPEC

D (3221) mbedtls: ssl_misc.h:1295 0x3ffc1c60: handshake state: 12 (MBEDTLS_SSL_SERVER_CHANGE_CIPHER_SPEC) -> 16 (MBEDTLS_SSL_NEW_SESSION_TICKET)

I (3221) mbedtls: ssl_tls12_client.c:2829 0x3ffc1c60: => parse new session ticket

I (3221) mbedtls: ssl_msg.c:4040 0x3ffc1c60: => read record

I (3221) mbedtls: ssl_msg.c:1865 0x3ffc1c60: => fetch input

I (3221) mbedtls: ssl_msg.c:2005 0x3ffc1c60: in_left: 0, nb_want: 5

I (3231) mbedtls: ssl_msg.c:2025 0x3ffc1c60: in_left: 0, nb_want: 5

I (3231) mbedtls: ssl_msg.c:2028 0x3ffc1c60: ssl->f_recv(_timeout)() returned 5 (-0xfffffffb)

I (3231) mbedtls: ssl_msg.c:2050 0x3ffc1c60: <= fetch input

D (3231) mbedtls: ssl_msg.c:3707 0x3ffc1c60: input record: msgtype = 22, version = [0x303], msglen = 186

I (3231) mbedtls: ssl_msg.c:1865 0x3ffc1c60: => fetch input

I (3231) mbedtls: ssl_msg.c:2005 0x3ffc1c60: in_left: 5, nb_want: 191

I (3231) mbedtls: ssl_msg.c:2025 0x3ffc1c60: in_left: 5, nb_want: 191

I (3231) mbedtls: ssl_msg.c:2028 0x3ffc1c60: ssl->f_recv(_timeout)() returned 186 (-0xffffff46)

I (3231) mbedtls: ssl_msg.c:2050 0x3ffc1c60: <= fetch input

D (3231) mbedtls: ssl_msg.c:2948 0x3ffc1c60: handshake message: msglen = 186, type = 4, hslen = 186

D (3231) mbedtls: ssl_msg.c:3085 0x3ffc1c60: sole handshake fragment: 186, 0..186 of 186

I (3231) mbedtls: ssl_msg.c:4112 0x3ffc1c60: <= read record

D (3231) mbedtls: ssl_tls12_client.c:2876 0x3ffc1c60: ticket length: 176

D (3231) mbedtls: ssl_misc.h:1295 0x3ffc1c60: handshake state: 16 (MBEDTLS_SSL_NEW_SESSION_TICKET) -> 12 (MBEDTLS_SSL_SERVER_CHANGE_CIPHER_SPEC)

D (3231) mbedtls: ssl_tls12_client.c:2920 0x3ffc1c60: ticket in use, discarding session id

I (3231) mbedtls: ssl_tls12_client.c:2923 0x3ffc1c60: <= parse new session ticket

I (3231) mbedtls: ssl_msg.c:2063 0x3ffc1c60: => flush output

I (3231) mbedtls: ssl_msg.c:2072 0x3ffc1c60: <= flush output

I (3231) mbedtls: ssl_tls.c:4201 0x3ffc1c60: client state: MBEDTLS_SSL_SERVER_CHANGE_CIPHER_SPEC

I (3231) mbedtls: ssl_msg.c:5109 0x3ffc1c60: => parse change cipher spec

I (3231) mbedtls: ssl_msg.c:4040 0x3ffc1c60: => read record

I (3231) mbedtls: ssl_msg.c:1865 0x3ffc1c60: => fetch input

I (3231) mbedtls: ssl_msg.c:2005 0x3ffc1c60: in_left: 0, nb_want: 5

I (3231) mbedtls: ssl_msg.c:2025 0x3ffc1c60: in_left: 0, nb_want: 5

I (3231) mbedtls: ssl_msg.c:2028 0x3ffc1c60: ssl->f_recv(_timeout)() returned 5 (-0xfffffffb)

I (3231) mbedtls: ssl_msg.c:2050 0x3ffc1c60: <= fetch input

D (3231) mbedtls: ssl_msg.c:3707 0x3ffc1c60: input record: msgtype = 20, version = [0x303], msglen = 1

I (3231) mbedtls: ssl_msg.c:1865 0x3ffc1c60: => fetch input

I (3231) mbedtls: ssl_msg.c:2005 0x3ffc1c60: in_left: 5, nb_want: 6

I (3231) mbedtls: ssl_msg.c:2025 0x3ffc1c60: in_left: 5, nb_want: 6

I (3231) mbedtls: ssl_msg.c:2028 0x3ffc1c60: ssl->f_recv(_timeout)() returned 1 (-0xffffffff)

I (3231) mbedtls: ssl_msg.c:2050 0x3ffc1c60: <= fetch input

I (3231) mbedtls: ssl_msg.c:4112 0x3ffc1c60: <= read record

D (3231) mbedtls: ssl_msg.c:5130 0x3ffc1c60: switching to new transform spec for inbound data

D (3231) mbedtls: ssl_misc.h:1295 0x3ffc1c60: handshake state: 12 (MBEDTLS_SSL_SERVER_CHANGE_CIPHER_SPEC) -> 13 (MBEDTLS_SSL_SERVER_FINISHED)

I (3231) mbedtls: ssl_msg.c:5157 0x3ffc1c60: <= parse change cipher spec

I (3231) mbedtls: ssl_msg.c:2063 0x3ffc1c60: => flush output

I (3231) mbedtls: ssl_msg.c:2072 0x3ffc1c60: <= flush output

I (3231) mbedtls: ssl_tls.c:4201 0x3ffc1c60: client state: MBEDTLS_SSL_SERVER_FINISHED

I (3231) mbedtls: ssl_tls.c:7500 0x3ffc1c60: => parse finished

I (3231) mbedtls: ssl_tls.c:7235 0x3ffc1c60: => calc PSA finished tls

D (3231) mbedtls: ssl_tls.c:7246 0x3ffc1c60: dumping 'PSA calculated padbuf' (48 bytes)

D (3231) mbedtls: ssl_tls.c:7246 0x3ffc1c60: 0000:  9f 24 96 9d df 2e 4e 15 18 f5 8e 2c 79 fd 53 05  .$....N....,y.S.

D (3231) mbedtls: ssl_tls.c:7246 0x3ffc1c60: 0010:  3c 45 8c 69 ed 1f 82 b0 63 79 ce 75 d7 7b e5 2f  <E.i....cy.u.{./

D (3231) mbedtls: ssl_tls.c:7246 0x3ffc1c60: 0020:  12 51 33 27 c6 51 bc 47 58 64 20 e9 2d 01 12 9b  .Q3'.Q.GXd .-...

D (3231) mbedtls: ssl_tls.c:7258 0x3ffc1c60: dumping 'calc finished result' (12 bytes)

D (3231) mbedtls: ssl_tls.c:7258 0x3ffc1c60: 0000:  6b f1 cd 13 9e 0c 3c 28 ba 9c 0b e0              k.....<(....

I (3231) mbedtls: ssl_tls.c:7262 0x3ffc1c60: <= calc finished

I (3231) mbedtls: ssl_msg.c:4040 0x3ffc1c60: => read record

I (3231) mbedtls: ssl_msg.c:1865 0x3ffc1c60: => fetch input

I (3231) mbedtls: ssl_msg.c:2005 0x3ffc1c60: in_left: 0, nb_want: 5

I (3241) mbedtls: ssl_msg.c:2025 0x3ffc1c60: in_left: 0, nb_want: 5

I (3241) mbedtls: ssl_msg.c:2028 0x3ffc1c60: ssl->f_recv(_timeout)() returned 5 (-0xfffffffb)

I (3241) mbedtls: ssl_msg.c:2050 0x3ffc1c60: <= fetch input

D (3241) mbedtls: ssl_msg.c:3707 0x3ffc1c60: input record: msgtype = 22, version = [0x303], msglen = 40

I (3241) mbedtls: ssl_msg.c:1865 0x3ffc1c60: => fetch input

I (3241) mbedtls: ssl_msg.c:2005 0x3ffc1c60: in_left: 5, nb_want: 45

I (3241) mbedtls: ssl_msg.c:2025 0x3ffc1c60: in_left: 5, nb_want: 45

I (3241) mbedtls: ssl_msg.c:2028 0x3ffc1c60: ssl->f_recv(_timeout)() returned 40 (-0xffffffd8)

I (3241) mbedtls: ssl_msg.c:2050 0x3ffc1c60: <= fetch input

I (3241) mbedtls: ssl_msg.c:1301 0x3ffc1c60: => decrypt buf

[mem-tick] t=    1776 ms phase=handshake    free=217692
I (3241) mbedtls: ssl_msg.c:1831 0x3ffc1c60: <= decrypt buf

D (3241) mbedtls: ssl_msg.c:2948 0x3ffc1c60: handshake message: msglen = 16, type = 20, hslen = 16

D (3241) mbedtls: ssl_msg.c:3085 0x3ffc1c60: sole handshake fragment: 16, 0..16 of 16

I (3241) mbedtls: ssl_msg.c:4112 0x3ffc1c60: <= read record

D (3241) mbedtls: ssl_misc.h:1295 0x3ffc1c60: handshake state: 13 (MBEDTLS_SSL_SERVER_FINISHED) -> 14 (MBEDTLS_SSL_FLUSH_BUFFERS)

I (3241) mbedtls: ssl_tls.c:7571 0x3ffc1c60: <= parse finished

I (3241) mbedtls: ssl_msg.c:2063 0x3ffc1c60: => flush output

I (3241) mbedtls: ssl_msg.c:2072 0x3ffc1c60: <= flush output

I (3241) mbedtls: ssl_tls.c:4201 0x3ffc1c60: client state: MBEDTLS_SSL_FLUSH_BUFFERS

I (3241) mbedtls: ssl_tls12_client.c:3031 0x3ffc1c60: handshake: done

D (3241) mbedtls: ssl_misc.h:1295 0x3ffc1c60: handshake state: 14 (MBEDTLS_SSL_FLUSH_BUFFERS) -> 15 (MBEDTLS_SSL_HANDSHAKE_WRAPUP)

I (3241) mbedtls: ssl_msg.c:2063 0x3ffc1c60: => flush output

I (3241) mbedtls: ssl_msg.c:2072 0x3ffc1c60: <= flush output

I (3241) mbedtls: ssl_tls.c:4201 0x3ffc1c60: client state: MBEDTLS_SSL_HANDSHAKE_WRAPUP

D (3241) mbedtls: ssl_tls.c:7322 0x3ffc1c60: => handshake wrapup

D (3241) mbedtls: ssl_tls.c:7296 0x3ffc1c60: => handshake wrapup: final free

D (3241) mbedtls: ssl_tls.c:7315 0x3ffc1c60: <= handshake wrapup: final free

D (3241) mbedtls: ssl_misc.h:1295 0x3ffc1c60: handshake state: 15 (MBEDTLS_SSL_HANDSHAKE_WRAPUP) -> 27 (MBEDTLS_SSL_HANDSHAKE_OVER)

D (3241) mbedtls: ssl_tls.c:7376 0x3ffc1c60: <= handshake wrapup

I (3241) mbedtls: ssl_tls.c:4293 0x3ffc1c60: <= handshake

[phase-a] tcp_connect=9246 us | tls_handshake=295076 us | total=304322 us
[neg] version=TLSv1.2 suite=TLS-ECDHE-RSA-WITH-AES-256-GCM-SHA384 peer_cert=0 bytes
[mem] post-handshake         free=220256 largest=110592 min-ever=210536
[ledger] HANDSHAKE_PEAK_DELTA(RSA) = 32596 bytes (min-ever 243132 -> 210536)
I (3241) mbedtls: ssl_msg.c:5925 0x3ffc1c60: => write

I (3241) mbedtls: ssl_msg.c:2654 0x3ffc1c60: => write record

I (3241) mbedtls: ssl_msg.c:808 0x3ffc1c60: => encrypt buf

D (3241) mbedtls: ssl_msg.c:1036 0x3ffc1c60: before encrypt: msglen = 13, including 0 bytes of padding

I (3241) mbedtls: ssl_msg.c:1265 0x3ffc1c60: <= encrypt buf

D (3241) mbedtls: ssl_msg.c:2737 0x3ffc1c60: output record: msgtype = 23, version = [3:3], msglen = 37

I (3241) mbedtls: ssl_msg.c:2063 0x3ffc1c60: => flush output

I (3241) mbedtls: ssl_msg.c:2077 0x3ffc1c60: message length: 42, out_left: 42

I (3241) mbedtls: ssl_msg.c:2084 0x3ffc1c60: ssl->f_send() returned 42 (-0xffffffd6)

I (3241) mbedtls: ssl_msg.c:2111 0x3ffc1c60: <= flush output

I (3241) mbedtls: ssl_msg.c:2790 0x3ffc1c60: <= write record

I (3241) mbedtls: ssl_msg.c:5947 0x3ffc1c60: <= write

I (3241) mbedtls: ssl_msg.c:5663 0x3ffc1c60: => read

I (3241) mbedtls: ssl_msg.c:4040 0x3ffc1c60: => read record

I (3251) mbedtls: ssl_msg.c:1865 0x3ffc1c60: => fetch input

I (3251) mbedtls: ssl_msg.c:2005 0x3ffc1c60: in_left: 0, nb_want: 5

[mem-tick] t=    1874 ms phase=session      free=220256
[mem-tick] t=    1974 ms phase=session      free=220256
[mem-tick] t=    2074 ms phase=session      free=220256
[mem-tick] t=    2174 ms phase=session      free=220256
[mem-tick] t=    2274 ms phase=session      free=220256
[mem-tick] t=    2374 ms phase=session      free=220256
[mem-tick] t=    2474 ms phase=session      free=220256
[mem-tick] t=    2574 ms phase=session      free=220256
[mem-tick] t=    2674 ms phase=session      free=220256
[mem-tick] t=    2773 ms phase=session      free=220256
[mem-tick] t=    2873 ms phase=session      free=220256
[mem-tick] t=    2974 ms phase=session      free=220256
[mem-tick] t=    3074 ms phase=session      free=220256
[mem-tick] t=    3174 ms phase=session      free=220256
[mem-tick] t=    3273 ms phase=session      free=220256
[mem-tick] t=    3374 ms phase=session      free=220256
[mem-tick] t=    3474 ms phase=session      free=220256
[mem-tick] t=    3574 ms phase=session      free=220256
[mem-tick] t=    3674 ms phase=session      free=220256
[mem-tick] t=    3774 ms phase=session      free=220256
[mem-tick] t=    3874 ms phase=session      free=220256
[mem-tick] t=    3974 ms phase=session      free=220256
[mem-tick] t=    4073 ms phase=session      free=220256
[mem-tick] t=    4174 ms phase=session      free=220256
[mem-tick] t=    4273 ms phase=session      free=220256
[mem-tick] t=    4374 ms phase=session      free=220256
[mem-tick] t=    4474 ms phase=session      free=220256
[mem-tick] t=    4574 ms phase=session      free=220256
[mem-tick] t=    4674 ms phase=session      free=220256
[mem-tick] t=    4773 ms phase=session      free=220256
[mem-tick] t=    4874 ms phase=session      free=220256
[mem-tick] t=    4974 ms phase=session      free=220256
[mem-tick] t=    5074 ms phase=session      free=220244
[mem-tick] t=    5174 ms phase=session      free=220244
[mem-tick] t=    5273 ms phase=session      free=220244
[mem-tick] t=    5374 ms phase=session      free=220244
[mem-tick] t=    5474 ms phase=session      free=220244
[mem-tick] t=    5574 ms phase=session      free=220244
[mem-tick] t=    5674 ms phase=session      free=220244
[mem-tick] t=    5773 ms phase=session      free=220244
[mem-tick] t=    5874 ms phase=session      free=220244
[mem-tick] t=    5974 ms phase=session      free=220244
[mem-tick] t=    6074 ms phase=session      free=220256
[mem-tick] t=    6174 ms phase=session      free=220256
[mem-tick] t=    6273 ms phase=session      free=220256
[mem-tick] t=    6374 ms phase=session      free=220256
[mem-tick] t=    6474 ms phase=session      free=220256
[mem-tick] t=    6573 ms phase=session      free=220256
[mem-tick] t=    6673 ms phase=session      free=220256
[mem-tick] t=    6774 ms phase=session      free=220256
[mem-tick] t=    6874 ms phase=session      free=220256
[mem-tick] t=    6974 ms phase=session      free=220256
[mem-tick] t=    7073 ms phase=session      free=220256
[mem-tick] t=    7174 ms phase=session      free=220256
[mem-tick] t=    7274 ms phase=session      free=220256
[mem-tick] t=    7373 ms phase=session      free=220256
[mem-tick] t=    7474 ms phase=session      free=220256
[mem-tick] t=    7574 ms phase=session      free=220256
[mem-tick] t=    7674 ms phase=session      free=220256
[mem-tick] t=    7774 ms phase=session      free=220256
[mem-tick] t=    7874 ms phase=session      free=220256
[mem-tick] t=    7974 ms phase=session      free=220256
[mem-tick] t=    8073 ms phase=session      free=220256
[mem-tick] t=    8174 ms phase=session      free=220256
[mem-tick] t=    8274 ms phase=session      free=220256
[mem-tick] t=    8374 ms phase=session      free=220256
[mem-tick] t=    8474 ms phase=session      free=220256
[mem-tick] t=    8574 ms phase=session      free=220256
[mem-tick] t=    8674 ms phase=session      free=220256
[mem-tick] t=    8774 ms phase=session      free=220256
[mem-tick] t=    8874 ms phase=session      free=220256
[mem-tick] t=    8974 ms phase=session      free=220256
[mem-tick] t=    9074 ms phase=session      free=220244
[mem-tick] t=    9174 ms phase=session      free=220244
[mem-tick] t=    9274 ms phase=session      free=220244
[mem-tick] t=    9374 ms phase=session      free=220244
[mem-tick] t=    9474 ms phase=session      free=220244
[mem-tick] t=    9573 ms phase=session      free=220244
[mem-tick] t=    9673 ms phase=session      free=220244
[mem-tick] t=    9773 ms phase=session      free=220244
[mem-tick] t=    9873 ms phase=session      free=220244
[mem-tick] t=    9974 ms phase=session      free=220244
[mem-tick] t=   10074 ms phase=session      free=220256
[mem-tick] t=   10174 ms phase=session      free=220256
[mem-tick] t=   10274 ms phase=session      free=220256
[mem-tick] t=   10374 ms phase=session      free=220256
[mem-tick] t=   10474 ms phase=session      free=220256
[mem-tick] t=   10574 ms phase=session      free=220256
[mem-tick] t=   10673 ms phase=session      free=220256
[mem-tick] t=   10774 ms phase=session      free=220256
[mem-tick] t=   10873 ms phase=session      free=220256
[mem-tick] t=   10974 ms phase=session      free=220256
[mem-tick] t=   11074 ms phase=session      free=220256
[mem-tick] t=   11174 ms phase=session      free=220256
[mem-tick] t=   11273 ms phase=session      free=220256
[mem-tick] t=   11373 ms phase=session      free=220256
[mem-tick] t=   11474 ms phase=session      free=220256
[mem-tick] t=   11574 ms phase=session      free=220256
[mem-tick] t=   11674 ms phase=session      free=220256
[mem-tick] t=   11774 ms phase=session      free=220256
I (13251) mbedtls: ssl_msg.c:2025 0x3ffc1c60: in_left: 0, nb_want: 5

[echo] read r=-26880
[mem] post-session           free=220256 largest=110592 min-ever=210536
[mem-tick] t=   11874 ms phase=closing      free=246168
[mem-tick] t=   11974 ms phase=closing      free=246192
[mem-tick] t=   12074 ms phase=closing      free=246192
[mem-tick] t=   12174 ms phase=closing      free=246192
[mem-tick] t=   12274 ms phase=closing      free=246192
[ledger] CLOSED(RSA): free now=246192, before-this-phase=247368, retained=1176
[mem-tick] t=   12374 ms phase=RSA-settled  free=246192
[mem-tick] t=   12473 ms phase=RSA-settled  free=246192
[mem-tick] t=   12574 ms phase=RSA-settled  free=246192
[mem-tick] t=   12674 ms phase=RSA-settled  free=246192
[mem] settled                free=246192 largest=110592 min-ever=210536

===== PHASE A/B [EC] port=22444 =====
[mem-tick] t=   12774 ms phase=EC-baseline  free=246192
[mem-tick] t=   12873 ms phase=EC-baseline  free=246192
[mem-tick] t=   12974 ms phase=EC-baseline  free=246192
[mem] baseline               free=246192 largest=110592 min-ever=210536
W (14451) esp-tls-mbedtls: skip_common_name=true: hostname matching and SNI disabled. This disables ALL server-name authentication (CN/SAN/SNI), not just CN. Only intended for loopback / debug clients.
D (14451) esp-tls: handshake in progress...
I (14451) mbedtls: ssl_tls.c:4282 0x3ffb6124: => handshake

I (14451) mbedtls: ssl_msg.c:2063 0x3ffb6124: => flush output

I (14451) mbedtls: ssl_msg.c:2072 0x3ffb6124: <= flush output

I (14451) mbedtls: ssl_tls.c:4201 0x3ffb6124: client state: MBEDTLS_SSL_HELLO_REQUEST

D (14451) mbedtls: ssl_misc.h:1295 0x3ffb6124: handshake state: 0 (MBEDTLS_SSL_HELLO_REQUEST) -> 1 (MBEDTLS_SSL_CLIENT_HELLO)

I (14461) mbedtls: ssl_msg.c:2063 0x3ffb6124: => flush output

I (14461) mbedtls: ssl_msg.c:2072 0x3ffb6124: <= flush output

I (14461) mbedtls: ssl_tls.c:4201 0x3ffb6124: client state: MBEDTLS_SSL_CLIENT_HELLO

I (14461) mbedtls: ssl_client.c:917 0x3ffb6124: => write client hello

D (14461) mbedtls: ssl_client.c:722 0x3ffb6124: client hello, current time: 13

D (14461) mbedtls: ssl_client.c:485 0x3ffb6124: dumping 'client hello, random bytes' (32 bytes)

D (14461) mbedtls: ssl_client.c:485 0x3ffb6124: 0000:  00 00 00 0d 42 3f 7b 2b af f2 d7 c4 35 c6 d5 a7  ....B?{+....5...

D (14461) mbedtls: ssl_client.c:485 0x3ffb6124: 0010:  b3 fb 66 60 03 04 2d ff 68 08 0d ca 07 de 3c e5  ..f`..-.h.....<.

D (14461) mbedtls: ssl_client.c:510 0x3ffb6124: dumping 'session id' (0 bytes)

D (14461) mbedtls: ssl_client.c:368 0x3ffb6124: client hello, add ciphersuite: c02c, TLS-ECDHE-ECDSA-WITH-AES-256-GCM-SHA384

D (14461) mbedtls: ssl_client.c:368 0x3ffb6124: client hello, add ciphersuite: c030, TLS-ECDHE-RSA-WITH-AES-256-GCM-SHA384

D (14461) mbedtls: ssl_client.c:368 0x3ffb6124: client hello, add ciphersuite: c0ad, TLS-ECDHE-ECDSA-WITH-AES-256-CCM

D (14461) mbedtls: ssl_client.c:368 0x3ffb6124: client hello, add ciphersuite: c024, TLS-ECDHE-ECDSA-WITH-AES-256-CBC-SHA384

D (14461) mbedtls: ssl_client.c:368 0x3ffb6124: client hello, add ciphersuite: c028, TLS-ECDHE-RSA-WITH-AES-256-CBC-SHA384

D (14471) mbedtls: ssl_client.c:368 0x3ffb6124: client hello, add ciphersuite: c00a, TLS-ECDHE-ECDSA-WITH-AES-256-CBC-SHA

D (14471) mbedtls: ssl_client.c:368 0x3ffb6124: client hello, add ciphersuite: c014, TLS-ECDHE-RSA-WITH-AES-256-CBC-SHA

D (14471) mbedtls: ssl_client.c:368 0x3ffb6124: client hello, add ciphersuite: c0af, TLS-ECDHE-ECDSA-WITH-AES-256-CCM-8

D (14471) mbedtls: ssl_client.c:368 0x3ffb6124: client hello, add ciphersuite: c02b, TLS-ECDHE-ECDSA-WITH-AES-128-GCM-SHA256

D (14471) mbedtls: ssl_client.c:368 0x3ffb6124: client hello, add ciphersuite: c02f, TLS-ECDHE-RSA-WITH-AES-128-GCM-SHA256

D (14471) mbedtls: ssl_client.c:368 0x3ffb6124: client hello, add ciphersuite: c0ac, TLS-ECDHE-ECDSA-WITH-AES-128-CCM

D (14471) mbedtls: ssl_client.c:368 0x3ffb6124: client hello, add ciphersuite: c023, TLS-ECDHE-ECDSA-WITH-AES-128-CBC-SHA256

D (14471) mbedtls: ssl_client.c:368 0x3ffb6124: client hello, add ciphersuite: c027, TLS-ECDHE-RSA-WITH-AES-128-CBC-SHA256

D (14471) mbedtls: ssl_client.c:368 0x3ffb6124: client hello, add ciphersuite: c009, TLS-ECDHE-ECDSA-WITH-AES-128-CBC-SHA

D (14471) mbedtls: ssl_client.c:368 0x3ffb6124: client hello, add ciphersuite: c013, TLS-ECDHE-RSA-WITH-AES-128-CBC-SHA

D (14471) mbedtls: ssl_client.c:368 0x3ffb6124: client hello, add ciphersuite: c0ae, TLS-ECDHE-ECDSA-WITH-AES-128-CCM-8

D (14471) mbedtls: ssl_client.c:386 0x3ffb6124: adding EMPTY_RENEGOTIATION_INFO_SCSV

D (14471) mbedtls: ssl_client.c:395 0x3ffb6124: client hello, got 17 cipher suites

D (14471) mbedtls: ssl_client.c:229 0x3ffb6124: client hello, adding supported_groups extension

D (14481) mbedtls: ssl_client.c:248 0x3ffb6124: got supported group(001d)

D (14481) mbedtls: ssl_client.c:280 0x3ffb6124: NamedGroup: x25519 ( 1d )

D (14481) mbedtls: ssl_client.c:248 0x3ffb6124: got supported group(0017)

D (14481) mbedtls: ssl_client.c:280 0x3ffb6124: NamedGroup: secp256r1 ( 17 )

D (14481) mbedtls: ssl_client.c:248 0x3ffb6124: got supported group(0018)

D (14481) mbedtls: ssl_client.c:280 0x3ffb6124: NamedGroup: secp384r1 ( 18 )

D (14481) mbedtls: ssl_client.c:248 0x3ffb6124: got supported group(001e)

D (14481) mbedtls: ssl_client.c:280 0x3ffb6124: NamedGroup: x448 ( 1e )

D (14481) mbedtls: ssl_client.c:248 0x3ffb6124: got supported group(0019)

D (14481) mbedtls: ssl_client.c:280 0x3ffb6124: NamedGroup: secp521r1 ( 19 )

D (14481) mbedtls: ssl_client.c:248 0x3ffb6124: got supported group(001a)

D (14481) mbedtls: ssl_client.c:280 0x3ffb6124: NamedGroup: bp256r1 ( 1a )

D (14481) mbedtls: ssl_client.c:248 0x3ffb6124: got supported group(001b)

D (14481) mbedtls: ssl_client.c:280 0x3ffb6124: NamedGroup: bp384r1 ( 1b )

D (14481) mbedtls: ssl_client.c:248 0x3ffb6124: got supported group(001c)

D (14481) mbedtls: ssl_client.c:280 0x3ffb6124: NamedGroup: bp512r1 ( 1c )

D (14481) mbedtls: ssl_client.c:248 0x3ffb6124: got supported group(0100)

D (14481) mbedtls: ssl_client.c:248 0x3ffb6124: got supported group(0101)

D (14481) mbedtls: ssl_client.c:248 0x3ffb6124: got supported group(0102)

D (14481) mbedtls: ssl_client.c:248 0x3ffb6124: got supported group(0103)

D (14491) mbedtls: ssl_client.c:248 0x3ffb6124: got supported group(0104)

D (14491) mbedtls: ssl_client.c:300 0x3ffb6124: dumping 'Supported groups extension' (18 bytes)

D (14491) mbedtls: ssl_client.c:300 0x3ffb6124: 0000:  00 10 00 1d 00 17 00 18 00 1e 00 19 00 1a 00 1b  ................

D (14491) mbedtls: ssl_client.c:300 0x3ffb6124: 0010:  00 1c                                            ..

D (14491) mbedtls: ssl_tls.c:8276 0x3ffb6124: adding signature_algorithms extension

D (14491) mbedtls: ssl_tls.c:8296 0x3ffb6124: got signature scheme [603] ecdsa_secp521r1_sha512

D (14491) mbedtls: ssl_tls.c:8305 0x3ffb6124: sent signature scheme [603] ecdsa_secp521r1_sha512

D (14491) mbedtls: ssl_tls.c:8296 0x3ffb6124: got signature scheme [806] rsa_pss_rsae_sha512

D (14491) mbedtls: ssl_tls.c:8296 0x3ffb6124: got signature scheme [601] rsa_pkcs1_sha512

D (14491) mbedtls: ssl_tls.c:8305 0x3ffb6124: sent signature scheme [601] rsa_pkcs1_sha512

D (14491) mbedtls: ssl_tls.c:8296 0x3ffb6124: got signature scheme [503] ecdsa_secp384r1_sha384

D (14491) mbedtls: ssl_tls.c:8305 0x3ffb6124: sent signature scheme [503] ecdsa_secp384r1_sha384

D (14491) mbedtls: ssl_tls.c:8296 0x3ffb6124: got signature scheme [805] rsa_pss_rsae_sha384

D (14491) mbedtls: ssl_tls.c:8296 0x3ffb6124: got signature scheme [501] rsa_pkcs1_sha384

D (14491) mbedtls: ssl_tls.c:8305 0x3ffb6124: sent signature scheme [501] rsa_pkcs1_sha384

D (14491) mbedtls: ssl_tls.c:8296 0x3ffb6124: got signature scheme [403] ecdsa_secp256r1_sha256

D (14501) mbedtls: ssl_tls.c:8305 0x3ffb6124: sent signature scheme [403] ecdsa_secp256r1_sha256

D (14501) mbedtls: ssl_tls.c:8296 0x3ffb6124: got signature scheme [804] rsa_pss_rsae_sha256

D (14501) mbedtls: ssl_tls.c:8296 0x3ffb6124: got signature scheme [401] rsa_pkcs1_sha256

D (14501) mbedtls: ssl_tls.c:8305 0x3ffb6124: sent signature scheme [401] rsa_pkcs1_sha256

D (14501) mbedtls: ssl_tls12_client.c:103 0x3ffb6124: client hello, adding supported_point_formats extension

D (14501) mbedtls: ssl_tls12_client.c:287 0x3ffb6124: client hello, adding encrypt_then_mac extension

D (14501) mbedtls: ssl_tls12_client.c:319 0x3ffb6124: client hello, adding extended_master_secret extension

D (14501) mbedtls: ssl_tls12_client.c:352 0x3ffb6124: client hello, adding session ticket extension

D (14501) mbedtls: ssl_client.c:687 0x3ffb6124: client hello, total extension length: 58

D (14501) mbedtls: ssl_client.c:689 0x3ffb6124: dumping 'client hello extensions' (58 bytes)

D (14501) mbedtls: ssl_client.c:689 0x3ffb6124: 0000:  00 3a 00 0a 00 12 00 10 00 1d 00 17 00 18 00 1e  .:..............

D (14501) mbedtls: ssl_client.c:689 0x3ffb6124: 0010:  00 19 00 1a 00 1b 00 1c 00 0d 00 0e 00 0c 06 03  ................

D (14501) mbedtls: ssl_client.c:689 0x3ffb6124: 0020:  06 01 05 03 05 01 04 03 04 01 00 0b 00 02 01 00  ................

D (14501) mbedtls: ssl_client.c:689 0x3ffb6124: 0030:  00 16 00 00 00 17 00 00 00 23                    .........#

I (14511) mbedtls: ssl_msg.c:2494 0x3ffb6124: => write handshake message

I (14511) mbedtls: ssl_msg.c:2654 0x3ffb6124: => write record

D (14511) mbedtls: ssl_msg.c:2737 0x3ffb6124: output record: msgtype = 22, version = [3:3], msglen = 137

I (14511) mbedtls: ssl_msg.c:2790 0x3ffb6124: <= write record

I (14511) mbedtls: ssl_msg.c:2615 0x3ffb6124: <= write handshake message

D (14511) mbedtls: ssl_misc.h:1295 0x3ffb6124: handshake state: 1 (MBEDTLS_SSL_CLIENT_HELLO) -> 2 (MBEDTLS_SSL_SERVER_HELLO)

I (14511) mbedtls: ssl_client.c:1010 0x3ffb6124: <= write client hello

I (14511) mbedtls: ssl_msg.c:2063 0x3ffb6124: => flush output

I (14511) mbedtls: ssl_msg.c:2077 0x3ffb6124: message length: 142, out_left: 142

I (14511) mbedtls: ssl_msg.c:2084 0x3ffb6124: ssl->f_send() returned 142 (-0xffffff72)

I (14511) mbedtls: ssl_msg.c:2111 0x3ffb6124: <= flush output

I (14511) mbedtls: ssl_tls.c:4201 0x3ffb6124: client state: MBEDTLS_SSL_SERVER_HELLO

I (14511) mbedtls: ssl_tls12_client.c:1151 0x3ffb6124: => parse server hello

I (14511) mbedtls: ssl_msg.c:4040 0x3ffb6124: => read record

I (14511) mbedtls: ssl_msg.c:1865 0x3ffb6124: => fetch input

I (14511) mbedtls: ssl_msg.c:2005 0x3ffb6124: in_left: 0, nb_want: 5

I (14511) mbedtls: ssl_msg.c:2025 0x3ffb6124: in_left: 0, nb_want: 5

I (14511) mbedtls: ssl_msg.c:2028 0x3ffb6124: ssl->f_recv(_timeout)() returned 5 (-0xfffffffb)

I (14511) mbedtls: ssl_msg.c:2050 0x3ffb6124: <= fetch input

D (14511) mbedtls: ssl_msg.c:3707 0x3ffb6124: input record: msgtype = 22, version = [0x303], msglen = 65

I (14511) mbedtls: ssl_msg.c:1865 0x3ffb6124: => fetch input

I (14511) mbedtls: ssl_msg.c:2005 0x3ffb6124: in_left: 5, nb_want: 70

I (14521) mbedtls: ssl_msg.c:2025 0x3ffb6124: in_left: 5, nb_want: 70

I (14521) mbedtls: ssl_msg.c:2028 0x3ffb6124: ssl->f_recv(_timeout)() returned 65 (-0xffffffbf)

I (14521) mbedtls: ssl_msg.c:2050 0x3ffb6124: <= fetch input

D (14521) mbedtls: ssl_msg.c:2948 0x3ffb6124: handshake message: msglen = 65, type = 2, hslen = 65

D (14521) mbedtls: ssl_msg.c:3085 0x3ffb6124: sole handshake fragment: 65, 0..65 of 65

I (14521) mbedtls: ssl_msg.c:4112 0x3ffb6124: <= read record

D (14521) mbedtls: ssl_tls12_client.c:1225 0x3ffb6124: dumping 'server hello, version' (2 bytes)

D (14521) mbedtls: ssl_tls12_client.c:1225 0x3ffb6124: 0000:  03 03                                            ..

D (14521) mbedtls: ssl_tls12_client.c:1246 0x3ffb6124: server hello, current time: 2282169088

D (14521) mbedtls: ssl_tls12_client.c:1256 0x3ffb6124: dumping 'server hello, random bytes' (32 bytes)

D (14521) mbedtls: ssl_tls12_client.c:1256 0x3ffb6124: 0000:  88 07 23 00 7c 12 81 33 bb 03 db 05 1a ad f2 6c  ..#.|..3.......l

D (14521) mbedtls: ssl_tls12_client.c:1256 0x3ffb6124: 0010:  cb 2c 23 c2 3b 71 45 18 01 8d 74 92 a4 4a ab e5  .,#.;qE...t..J..

D (14521) mbedtls: ssl_tls12_client.c:1318 0x3ffb6124: server hello, session id len.: 0

D (14521) mbedtls: ssl_tls12_client.c:1319 0x3ffb6124: dumping 'server hello, session id' (0 bytes)

D (14521) mbedtls: ssl_misc.h:1295 0x3ffb6124: handshake state: 2 (MBEDTLS_SSL_SERVER_HELLO) -> 3 (MBEDTLS_SSL_SERVER_CERTIFICATE)

D (14521) mbedtls: ssl_tls12_client.c:1343 0x3ffb6124: no session has been resumed

D (14521) mbedtls: ssl_tls12_client.c:1346 0x3ffb6124: server hello, chosen ciphersuite: c02c

D (14521) mbedtls: ssl_tls12_client.c:1347 0x3ffb6124: server hello, compress alg.: 0

D (14521) mbedtls: ssl_tls12_client.c:1382 0x3ffb6124: server hello, chosen ciphersuite: TLS-ECDHE-ECDSA-WITH-AES-256-GCM-SHA384

I (14521) mbedtls: ssl_tls12_client.c:1403 0x3ffb6124: server hello, total extension length: 21

D (14521) mbedtls: ssl_tls12_client.c:1421 0x3ffb6124: found renegotiation extension

D (14521) mbedtls: ssl_tls12_client.c:1500 0x3ffb6124: found supported_point_formats extension

D (14521) mbedtls: ssl_tls12_client.c:1486 0x3ffb6124: found session_ticket extension

D (14521) mbedtls: ssl_tls12_client.c:1473 0x3ffb6124: found extended_master_secret extension

I (14521) mbedtls: ssl_tls12_client.c:1617 0x3ffb6124: <= parse server hello

I (14521) mbedtls: ssl_msg.c:2063 0x3ffb6124: => flush output

I (14521) mbedtls: ssl_msg.c:2072 0x3ffb6124: <= flush output

I (14521) mbedtls: ssl_tls.c:4201 0x3ffb6124: client state: MBEDTLS_SSL_SERVER_CERTIFICATE

I (14521) mbedtls: ssl_tls.c:7077 0x3ffb6124: => parse certificate

I (14521) mbedtls: ssl_msg.c:4040 0x3ffb6124: => read record

I (14521) mbedtls: ssl_msg.c:1865 0x3ffb6124: => fetch input

I (14521) mbedtls: ssl_msg.c:2005 0x3ffb6124: in_left: 0, nb_want: 5

I (14521) mbedtls: ssl_msg.c:2025 0x3ffb6124: in_left: 0, nb_want: 5

I (14521) mbedtls: ssl_msg.c:2028 0x3ffb6124: ssl->f_recv(_timeout)() returned 5 (-0xfffffffb)

I (14521) mbedtls: ssl_msg.c:2050 0x3ffb6124: <= fetch input

D (14521) mbedtls: ssl_msg.c:3707 0x3ffb6124: input record: msgtype = 22, version = [0x303], msglen = 394

I (14521) mbedtls: ssl_msg.c:1865 0x3ffb6124: => fetch input

I (14521) mbedtls: ssl_msg.c:2005 0x3ffb6124: in_left: 5, nb_want: 399

I (14521) mbedtls: ssl_msg.c:2025 0x3ffb6124: in_left: 5, nb_want: 399

I (14521) mbedtls: ssl_msg.c:2028 0x3ffb6124: ssl->f_recv(_timeout)() returned 394 (-0xfffffe76)

I (14531) mbedtls: ssl_msg.c:2050 0x3ffb6124: <= fetch input

D (14531) mbedtls: ssl_msg.c:2948 0x3ffb6124: handshake message: msglen = 394, type = 11, hslen = 394

D (14531) mbedtls: ssl_msg.c:3085 0x3ffb6124: sole handshake fragment: 394, 0..394 of 394

I (14531) mbedtls: ssl_msg.c:4112 0x3ffb6124: <= read record

D (14531) mbedtls: ssl_tls.c:6952 0x3ffb6124: peer certificate #1:

D (14531) mbedtls: ssl_tls.c:6952 0x3ffb6124: cert. version     : 3

D (14531) mbedtls: ssl_tls.c:6952 0x3ffb6124: serial number     : 37:09:43:D4:1C:61:C3:A2:0B:22:A6:A0:1B:48:94:F0:41:88:C9:23

D (14531) mbedtls: ssl_tls.c:6952 0x3ffb6124: issuer name       : CN=localhost

D (14531) mbedtls: ssl_tls.c:6952 0x3ffb6124: subject name      : CN=localhost

D (14531) mbedtls: ssl_tls.c:6952 0x3ffb6124: issued  on        : 2026-08-26 20:20:30

D (14531) mbedtls: ssl_tls.c:6952 0x3ffb6124: expires on        : 2026-09-25 20:20:30

D (14531) mbedtls: ssl_tls.c:6952 0x3ffb6124: signed using      : ECDSA with SHA256

D (14531) mbedtls: ssl_tls.c:6952 0x3ffb6124: EC key size       : 256 bits

D (14531) mbedtls: ssl_tls.c:6952 0x3ffb6124: basic constraints : CA=true

D (14531) mbedtls: ssl_tls.c:6952 0x3ffb6124: dumping 'crt->PK' (65 bytes)

D (14531) mbedtls: ssl_tls.c:6952 0x3ffb6124: 0000:  04 54 0e ba b5 7b 25 1b f2 9f 2d 96 f4 93 cd 8f

D (14531) mbedtls: ssl_tls.c:6952 0x3ffb6124: 0010:  49 17 f1 f8 43 fd ec ae 5d 41 e9 f4 92 ac 22 e6

[mem-tick] t=   13074 ms phase=handshake    free=215444
D (14541) mbedtls: ssl_tls.c:6952 0x3ffb6124: 0020:  63 ac 57 44 3b f6 9e c0 c8 9f 49 85 41 d2 5d 63

D (14541) mbedtls: ssl_tls.c:6952 0x3ffb6124: 0030:  06 98 de f8 fb 38 a5 80 7e 23 61 62 87 90 79 d7

D (14541) mbedtls: ssl_tls.c:6952 0x3ffb6124: 0040:  84                                             

I (14541) mbedtls: ssl_tls.c:7191 0x3ffb6124: <= parse certificate

D (14541) mbedtls: ssl_misc.h:1295 0x3ffb6124: handshake state: 3 (MBEDTLS_SSL_SERVER_CERTIFICATE) -> 4 (MBEDTLS_SSL_SERVER_KEY_EXCHANGE)

I (14541) mbedtls: ssl_msg.c:2063 0x3ffb6124: => flush output

I (14541) mbedtls: ssl_msg.c:2072 0x3ffb6124: <= flush output

I (14541) mbedtls: ssl_tls.c:4201 0x3ffb6124: client state: MBEDTLS_SSL_SERVER_KEY_EXCHANGE

I (14541) mbedtls: ssl_tls12_client.c:1831 0x3ffb6124: => parse server key exchange

I (14541) mbedtls: ssl_msg.c:4040 0x3ffb6124: => read record

I (14541) mbedtls: ssl_msg.c:1865 0x3ffb6124: => fetch input

I (14541) mbedtls: ssl_msg.c:2005 0x3ffb6124: in_left: 0, nb_want: 5

I (14541) mbedtls: ssl_msg.c:2025 0x3ffb6124: in_left: 0, nb_want: 5

I (14541) mbedtls: ssl_msg.c:2028 0x3ffb6124: ssl->f_recv(_timeout)() returned 5 (-0xfffffffb)

I (14541) mbedtls: ssl_msg.c:2050 0x3ffb6124: <= fetch input

D (14541) mbedtls: ssl_msg.c:3707 0x3ffb6124: input record: msgtype = 22, version = [0x303], msglen = 115

I (14541) mbedtls: ssl_msg.c:1865 0x3ffb6124: => fetch input

I (14541) mbedtls: ssl_msg.c:2005 0x3ffb6124: in_left: 5, nb_want: 120

I (14541) mbedtls: ssl_msg.c:2025 0x3ffb6124: in_left: 5, nb_want: 120

I (14541) mbedtls: ssl_msg.c:2028 0x3ffb6124: ssl->f_recv(_timeout)() returned 115 (-0xffffff8d)

I (14541) mbedtls: ssl_msg.c:2050 0x3ffb6124: <= fetch input

D (14541) mbedtls: ssl_msg.c:2948 0x3ffb6124: handshake message: msglen = 115, type = 12, hslen = 115

D (14541) mbedtls: ssl_msg.c:3085 0x3ffb6124: sole handshake fragment: 115, 0..115 of 115

I (14541) mbedtls: ssl_msg.c:4112 0x3ffb6124: <= read record

D (14541) mbedtls: ssl_tls12_client.c:1885 0x3ffb6124: dumping 'server key exchange' (111 bytes)

D (14541) mbedtls: ssl_tls12_client.c:1885 0x3ffb6124: 0000:  03 00 1d 20 ee b8 2a 9e f8 83 1b af c2 5a 3d 68  ... ..*......Z=h

D (14541) mbedtls: ssl_tls12_client.c:1885 0x3ffb6124: 0010:  cd 1b ad 0a 49 b4 af 1e 49 4b 3b 75 6a d2 85 53  ....I...IK;uj..S

D (14541) mbedtls: ssl_tls12_client.c:1885 0x3ffb6124: 0020:  58 8d 27 5a 06 03 00 47 30 45 02 21 00 dd f6 2d  X.'Z...G0E.!...-

D (14541) mbedtls: ssl_tls12_client.c:1885 0x3ffb6124: 0030:  5b 1c 7e 08 f9 0e 87 44 ec e5 7f ed d1 60 4e 01  [.~....D.....`N.

D (14541) mbedtls: ssl_tls12_client.c:1885 0x3ffb6124: 0040:  f9 be 73 74 6b ba fe 50 d4 39 20 c9 e3 02 20 52  ..stk..P.9 ... R

D (14541) mbedtls: ssl_tls12_client.c:1885 0x3ffb6124: 0050:  e1 6d 73 61 e8 2a 62 05 f3 bd ea dd 27 c1 27 56  .msa.*b.....'.'V

D (14541) mbedtls: ssl_tls12_client.c:1885 0x3ffb6124: 0060:  c9 98 19 a5 a1 e4 07 c0 ac 41 30 e3 f2 cb 77     .........A0...w

I (14541) mbedtls: ssl_tls12_client.c:1815 0x3ffb6124: Server used the signature algorithm ecdsa_secp521r1_sha512

D (14541) mbedtls: ssl_tls12_client.c:2047 0x3ffb6124: dumping 'signature' (71 bytes)

D (14541) mbedtls: ssl_tls12_client.c:2047 0x3ffb6124: 0000:  30 45 02 21 00 dd f6 2d 5b 1c 7e 08 f9 0e 87 44  0E.!...-[.~....D

D (14551) mbedtls: ssl_tls12_client.c:2047 0x3ffb6124: 0010:  ec e5 7f ed d1 60 4e 01 f9 be 73 74 6b ba fe 50  .....`N...stk..P

D (14551) mbedtls: ssl_tls12_client.c:2047 0x3ffb6124: 0020:  d4 39 20 c9 e3 02 20 52 e1 6d 73 61 e8 2a 62 05  .9 ... R.msa.*b.

D (14551) mbedtls: ssl_tls12_client.c:2047 0x3ffb6124: 0030:  f3 bd ea dd 27 c1 27 56 c9 98 19 a5 a1 e4 07 c0  ....'.'V........

D (14551) mbedtls: ssl_tls12_client.c:2047 0x3ffb6124: 0040:  ac 41 30 e3 f2 cb 77                             .A0...w

D (14551) mbedtls: ssl_tls.c:8082 0x3ffb6124: Perform PSA-based computation of digest of ServerKeyExchange

D (14551) mbedtls: ssl_tls12_client.c:2064 0x3ffb6124: dumping 'parameters hash' (64 bytes)

D (14551) mbedtls: ssl_tls12_client.c:2064 0x3ffb6124: 0000:  59 12 1e 7b 2d 13 83 1e a9 33 33 17 be 22 d3 58  Y..{-....33..".X

D (14551) mbedtls: ssl_tls12_client.c:2064 0x3ffb6124: 0010:  75 34 a5 b2 93 66 e7 44 a7 9e 2b 82 d4 71 2c b8  u4...f.D..+..q,.

D (14551) mbedtls: ssl_tls12_client.c:2064 0x3ffb6124: 0020:  bc 62 98 ad bf 51 48 b4 bf 48 e1 d7 3e 5f 04 a3  .b...QH..H..>_..

D (14551) mbedtls: ssl_tls12_client.c:2064 0x3ffb6124: 0030:  32 68 9c 34 ec 99 f1 34 d8 3f 38 80 32 51 da 61  2h.4...4.?8.2Q.a

[mem-tick] t=   13173 ms phase=handshake    free=214304
D (14671) mbedtls: ssl_misc.h:1295 0x3ffb6124: handshake state: 4 (MBEDTLS_SSL_SERVER_KEY_EXCHANGE) -> 5 (MBEDTLS_SSL_CERTIFICATE_REQUEST)

I (14671) mbedtls: ssl_tls12_client.c:2118 0x3ffb6124: <= parse server key exchange

I (14671) mbedtls: ssl_msg.c:2063 0x3ffb6124: => flush output

I (14671) mbedtls: ssl_msg.c:2072 0x3ffb6124: <= flush output

I (14671) mbedtls: ssl_tls.c:4201 0x3ffb6124: client state: MBEDTLS_SSL_CERTIFICATE_REQUEST

I (14671) mbedtls: ssl_tls12_client.c:2157 0x3ffb6124: => parse certificate request

I (14671) mbedtls: ssl_msg.c:4040 0x3ffb6124: => read record

I (14671) mbedtls: ssl_msg.c:1865 0x3ffb6124: => fetch input

I (14671) mbedtls: ssl_msg.c:2005 0x3ffb6124: in_left: 0, nb_want: 5

I (14671) mbedtls: ssl_msg.c:2025 0x3ffb6124: in_left: 0, nb_want: 5

I (14671) mbedtls: ssl_msg.c:2028 0x3ffb6124: ssl->f_recv(_timeout)() returned 5 (-0xfffffffb)

I (14671) mbedtls: ssl_msg.c:2050 0x3ffb6124: <= fetch input

D (14671) mbedtls: ssl_msg.c:3707 0x3ffb6124: input record: msgtype = 22, version = [0x303], msglen = 4

I (14671) mbedtls: ssl_msg.c:1865 0x3ffb6124: => fetch input

I (14671) mbedtls: ssl_msg.c:2005 0x3ffb6124: in_left: 5, nb_want: 9

I (14671) mbedtls: ssl_msg.c:2025 0x3ffb6124: in_left: 5, nb_want: 9

I (14671) mbedtls: ssl_msg.c:2028 0x3ffb6124: ssl->f_recv(_timeout)() returned 4 (-0xfffffffc)

I (14671) mbedtls: ssl_msg.c:2050 0x3ffb6124: <= fetch input

D (14671) mbedtls: ssl_msg.c:2948 0x3ffb6124: handshake message: msglen = 4, type = 14, hslen = 4

D (14671) mbedtls: ssl_msg.c:3085 0x3ffb6124: sole handshake fragment: 4, 0..4 of 4

I (14671) mbedtls: ssl_msg.c:4112 0x3ffb6124: <= read record

D (14671) mbedtls: ssl_misc.h:1295 0x3ffb6124: handshake state: 5 (MBEDTLS_SSL_CERTIFICATE_REQUEST) -> 6 (MBEDTLS_SSL_SERVER_HELLO_DONE)

D (14671) mbedtls: ssl_tls12_client.c:2183 0x3ffb6124: got no certificate request

I (14671) mbedtls: ssl_tls12_client.c:2319 0x3ffb6124: <= parse certificate request

I (14671) mbedtls: ssl_msg.c:2063 0x3ffb6124: => flush output

I (14671) mbedtls: ssl_msg.c:2072 0x3ffb6124: <= flush output

I (14671) mbedtls: ssl_tls.c:4201 0x3ffb6124: client state: MBEDTLS_SSL_SERVER_HELLO_DONE

I (14671) mbedtls: ssl_tls12_client.c:2330 0x3ffb6124: => parse server hello done

I (14671) mbedtls: ssl_msg.c:4040 0x3ffb6124: => read record

I (14671) mbedtls: ssl_msg.c:4108 0x3ffb6124: reuse previously read message

I (14671) mbedtls: ssl_msg.c:4112 0x3ffb6124: <= read record

D (14671) mbedtls: ssl_misc.h:1295 0x3ffb6124: handshake state: 6 (MBEDTLS_SSL_SERVER_HELLO_DONE) -> 7 (MBEDTLS_SSL_CLIENT_CERTIFICATE)

I (14671) mbedtls: ssl_tls12_client.c:2358 0x3ffb6124: <= parse server hello done

I (14671) mbedtls: ssl_msg.c:2063 0x3ffb6124: => flush output

I (14671) mbedtls: ssl_msg.c:2072 0x3ffb6124: <= flush output

I (14671) mbedtls: ssl_tls.c:4201 0x3ffb6124: client state: MBEDTLS_SSL_CLIENT_CERTIFICATE

I (14671) mbedtls: ssl_tls.c:6675 0x3ffb6124: => write certificate

I (14671) mbedtls: ssl_tls.c:6686 0x3ffb6124: <= skip write certificate

D (14671) mbedtls: ssl_misc.h:1295 0x3ffb6124: handshake state: 7 (MBEDTLS_SSL_CLIENT_CERTIFICATE) -> 8 (MBEDTLS_SSL_CLIENT_KEY_EXCHANGE)

I (14671) mbedtls: ssl_msg.c:2063 0x3ffb6124: => flush output

I (14671) mbedtls: ssl_msg.c:2072 0x3ffb6124: <= flush output

I (14671) mbedtls: ssl_tls.c:4201 0x3ffb6124: client state: MBEDTLS_SSL_CLIENT_KEY_EXCHANGE

I (14671) mbedtls: ssl_tls12_client.c:2373 0x3ffb6124: => write client key exchange

D (14671) mbedtls: ssl_tls12_client.c:2387 0x3ffb6124: Perform PSA-based ECDH computation.

[mem-tick] t=   13274 ms phase=handshake    free=217052
D (14821) mbedtls: ssl_misc.h:1295 0x3ffb6124: handshake state: 8 (MBEDTLS_SSL_CLIENT_KEY_EXCHANGE) -> 9 (MBEDTLS_SSL_CERTIFICATE_VERIFY)

I (14821) mbedtls: ssl_msg.c:2494 0x3ffb6124: => write handshake message

I (14821) mbedtls: ssl_msg.c:2654 0x3ffb6124: => write record

D (14821) mbedtls: ssl_msg.c:2737 0x3ffb6124: output record: msgtype = 22, version = [3:3], msglen = 37

I (14821) mbedtls: ssl_msg.c:2063 0x3ffb6124: => flush output

I (14821) mbedtls: ssl_msg.c:2077 0x3ffb6124: message length: 42, out_left: 42

I (14821) mbedtls: ssl_msg.c:2084 0x3ffb6124: ssl->f_send() returned 42 (-0xffffffd6)

I (14821) mbedtls: ssl_msg.c:2111 0x3ffb6124: <= flush output

I (14821) mbedtls: ssl_msg.c:2790 0x3ffb6124: <= write record

I (14821) mbedtls: ssl_msg.c:2615 0x3ffb6124: <= write handshake message

I (14821) mbedtls: ssl_tls12_client.c:2653 0x3ffb6124: <= write client key exchange

I (14821) mbedtls: ssl_msg.c:2063 0x3ffb6124: => flush output

I (14821) mbedtls: ssl_msg.c:2072 0x3ffb6124: <= flush output

I (14821) mbedtls: ssl_tls.c:4201 0x3ffb6124: client state: MBEDTLS_SSL_CERTIFICATE_VERIFY

I (14821) mbedtls: ssl_tls12_client.c:2701 0x3ffb6124: => write certificate verify

I (14821) mbedtls: ssl_tls.c:6466 0x3ffb6124: => derive keys

I (14821) mbedtls: ssl_tls.c:6557 0x3ffb6124: => PSA calc verify

D (14821) mbedtls: ssl_tls.c:6568 0x3ffb6124: dumping 'PSA calculated verify result' (48 bytes)

D (14821) mbedtls: ssl_tls.c:6568 0x3ffb6124: 0000:  f6 15 9e bd b5 47 41 3a 7b 10 50 36 65 33 e6 4a  .....GA:{.P6e3.J

D (14821) mbedtls: ssl_tls.c:6568 0x3ffb6124: 0010:  75 7f d4 82 c0 89 d2 df 86 98 b5 1c 34 e2 95 b4  u...........4...

D (14821) mbedtls: ssl_tls.c:6568 0x3ffb6124: 0020:  d7 8f d7 5f 26 e2 cb 33 af 30 12 d0 92 47 81 10  ..._&..3.0...G..

I (14821) mbedtls: ssl_tls.c:6569 0x3ffb6124: <= PSA calc verify

D (14821) mbedtls: ssl_tls.c:6308 0x3ffb6124: dumping 'session hash for extended master secret' (48 bytes)

D (14821) mbedtls: ssl_tls.c:6308 0x3ffb6124: 0000:  f6 15 9e bd b5 47 41 3a 7b 10 50 36 65 33 e6 4a  .....GA:{.P6e3.J

D (14821) mbedtls: ssl_tls.c:6308 0x3ffb6124: 0010:  75 7f d4 82 c0 89 d2 df 86 98 b5 1c 34 e2 95 b4  u...........4...

D (14821) mbedtls: ssl_tls.c:6308 0x3ffb6124: 0020:  d7 8f d7 5f 26 e2 cb 33 af 30 12 d0 92 47 81 10  ..._&..3.0...G..

D (14821) mbedtls: ssl_tls.c:6449 0x3ffb6124: dumping 'premaster secret' (32 bytes)

D (14821) mbedtls: ssl_tls.c:6449 0x3ffb6124: 0000:  60 23 0a 45 66 83 c7 96 b9 ba 26 ec b4 43 66 9e  `#.Ef.....&..Cf.

D (14821) mbedtls: ssl_tls.c:6449 0x3ffb6124: 0010:  e3 a3 7c 01 a4 d8 6d 0b 89 5d 82 1c 4c 88 60 31  ..|...m..]..L.`1

D (14821) mbedtls: ssl_tls.c:7762 0x3ffb6124: ciphersuite = TLS-ECDHE-ECDSA-WITH-AES-256-GCM-SHA384

D (14821) mbedtls: ssl_tls.c:7764 0x3ffb6124: dumping 'master secret' (48 bytes)

D (14821) mbedtls: ssl_tls.c:7764 0x3ffb6124: 0000:  8a 30 3d af 74 5b b7 8a 3c 2b 58 0f ec 76 e2 71  .0=.t[..<+X..v.q

D (14821) mbedtls: ssl_tls.c:7764 0x3ffb6124: 0010:  b7 9d 82 b6 f6 72 34 fb ba bb 2f 41 78 a7 6d 2a  .....r4.../Ax.m*

D (14821) mbedtls: ssl_tls.c:7764 0x3ffb6124: 0020:  5d c8 ab 6e 03 20 f2 e9 3c e1 42 14 f9 8f 48 04  ]..n. ..<.B...H.

D (14821) mbedtls: ssl_tls.c:7855 0x3ffb6124: keylen: 32, minlen: 24, ivlen: 12, maclen: 0

I (14821) mbedtls: ssl_tls.c:6517 0x3ffb6124: <= derive keys

I (14821) mbedtls: ssl_tls12_client.c:2723 0x3ffb6124: <= skip write certificate verify

D (14821) mbedtls: ssl_misc.h:1295 0x3ffb6124: handshake state: 9 (MBEDTLS_SSL_CERTIFICATE_VERIFY) -> 10 (MBEDTLS_SSL_CLIENT_CHANGE_CIPHER_SPEC)

I (14821) mbedtls: ssl_msg.c:2063 0x3ffb6124: => flush output

I (14821) mbedtls: ssl_msg.c:2072 0x3ffb6124: <= flush output

I (14821) mbedtls: ssl_tls.c:4201 0x3ffb6124: client state: MBEDTLS_SSL_CLIENT_CHANGE_CIPHER_SPEC

I (14821) mbedtls: ssl_msg.c:5087 0x3ffb6124: => write change cipher spec

D (14821) mbedtls: ssl_misc.h:1295 0x3ffb6124: handshake state: 10 (MBEDTLS_SSL_CLIENT_CHANGE_CIPHER_SPEC) -> 11 (MBEDTLS_SSL_CLIENT_FINISHED)

I (14831) mbedtls: ssl_msg.c:2494 0x3ffb6124: => write handshake message

I (14831) mbedtls: ssl_msg.c:2654 0x3ffb6124: => write record

D (14831) mbedtls: ssl_msg.c:2737 0x3ffb6124: output record: msgtype = 20, version = [3:3], msglen = 1

I (14831) mbedtls: ssl_msg.c:2063 0x3ffb6124: => flush output

I (14831) mbedtls: ssl_msg.c:2077 0x3ffb6124: message length: 6, out_left: 6

I (14831) mbedtls: ssl_msg.c:2084 0x3ffb6124: ssl->f_send() returned 6 (-0xfffffffa)

I (14831) mbedtls: ssl_msg.c:2111 0x3ffb6124: <= flush output

I (14831) mbedtls: ssl_msg.c:2790 0x3ffb6124: <= write record

I (14831) mbedtls: ssl_msg.c:2615 0x3ffb6124: <= write handshake message

I (14831) mbedtls: ssl_msg.c:5100 0x3ffb6124: <= write change cipher spec

I (14831) mbedtls: ssl_msg.c:2063 0x3ffb6124: => flush output

I (14831) mbedtls: ssl_msg.c:2072 0x3ffb6124: <= flush output

I (14831) mbedtls: ssl_tls.c:4201 0x3ffb6124: client state: MBEDTLS_SSL_CLIENT_FINISHED

I (14831) mbedtls: ssl_tls.c:7384 0x3ffb6124: => write finished

I (14831) mbedtls: ssl_tls.c:7235 0x3ffb6124: => calc PSA finished tls

D (14831) mbedtls: ssl_tls.c:7246 0x3ffb6124: dumping 'PSA calculated padbuf' (48 bytes)

D (14831) mbedtls: ssl_tls.c:7246 0x3ffb6124: 0000:  f6 15 9e bd b5 47 41 3a 7b 10 50 36 65 33 e6 4a  .....GA:{.P6e3.J

D (14831) mbedtls: ssl_tls.c:7246 0x3ffb6124: 0010:  75 7f d4 82 c0 89 d2 df 86 98 b5 1c 34 e2 95 b4  u...........4...

D (14831) mbedtls: ssl_tls.c:7246 0x3ffb6124: 0020:  d7 8f d7 5f 26 e2 cb 33 af 30 12 d0 92 47 81 10  ..._&..3.0...G..

D (14831) mbedtls: ssl_tls.c:7258 0x3ffb6124: dumping 'calc finished result' (12 bytes)

D (14831) mbedtls: ssl_tls.c:7258 0x3ffb6124: 0000:  eb db 6e 94 e3 c8 19 da 53 94 7b 16              ..n.....S.{.

I (14831) mbedtls: ssl_tls.c:7262 0x3ffb6124: <= calc finished

D (14831) mbedtls: ssl_misc.h:1295 0x3ffb6124: handshake state: 11 (MBEDTLS_SSL_CLIENT_FINISHED) -> 12 (MBEDTLS_SSL_SERVER_CHANGE_CIPHER_SPEC)

D (14831) mbedtls: ssl_tls.c:7434 0x3ffb6124: switching to new transform spec for outbound data

I (14831) mbedtls: ssl_msg.c:2494 0x3ffb6124: => write handshake message

I (14831) mbedtls: ssl_msg.c:2654 0x3ffb6124: => write record

I (14831) mbedtls: ssl_msg.c:808 0x3ffb6124: => encrypt buf

D (14831) mbedtls: ssl_msg.c:1036 0x3ffb6124: before encrypt: msglen = 16, including 0 bytes of padding

I (14831) mbedtls: ssl_msg.c:1265 0x3ffb6124: <= encrypt buf

D (14831) mbedtls: ssl_msg.c:2737 0x3ffb6124: output record: msgtype = 22, version = [3:3], msglen = 40

I (14831) mbedtls: ssl_msg.c:2063 0x3ffb6124: => flush output

I (14831) mbedtls: ssl_msg.c:2077 0x3ffb6124: message length: 45, out_left: 45

I (14831) mbedtls: ssl_msg.c:2084 0x3ffb6124: ssl->f_send() returned 45 (-0xffffffd3)

I (14831) mbedtls: ssl_msg.c:2111 0x3ffb6124: <= flush output

I (14831) mbedtls: ssl_msg.c:2790 0x3ffb6124: <= write record

I (14831) mbedtls: ssl_msg.c:2615 0x3ffb6124: <= write handshake message

I (14831) mbedtls: ssl_tls.c:7487 0x3ffb6124: <= write finished

I (14831) mbedtls: ssl_msg.c:2063 0x3ffb6124: => flush output

I (14831) mbedtls: ssl_msg.c:2072 0x3ffb6124: <= flush output

I (14831) mbedtls: ssl_tls.c:4201 0x3ffb6124: client state: MBEDTLS_SSL_SERVER_CHANGE_CIPHER_SPEC

D (14831) mbedtls: ssl_misc.h:1295 0x3ffb6124: handshake state: 12 (MBEDTLS_SSL_SERVER_CHANGE_CIPHER_SPEC) -> 16 (MBEDTLS_SSL_NEW_SESSION_TICKET)

I (14831) mbedtls: ssl_tls12_client.c:2829 0x3ffb6124: => parse new session ticket

I (14831) mbedtls: ssl_msg.c:4040 0x3ffb6124: => read record

I (14831) mbedtls: ssl_msg.c:1865 0x3ffb6124: => fetch input

I (14831) mbedtls: ssl_msg.c:2005 0x3ffb6124: in_left: 0, nb_want: 5

I (14831) mbedtls: ssl_msg.c:2025 0x3ffb6124: in_left: 0, nb_want: 5

I (14831) mbedtls: ssl_msg.c:2028 0x3ffb6124: ssl->f_recv(_timeout)() returned 5 (-0xfffffffb)

I (14831) mbedtls: ssl_msg.c:2050 0x3ffb6124: <= fetch input

D (14831) mbedtls: ssl_msg.c:3707 0x3ffb6124: input record: msgtype = 22, version = [0x303], msglen = 186

I (14831) mbedtls: ssl_msg.c:1865 0x3ffb6124: => fetch input

I (14831) mbedtls: ssl_msg.c:2005 0x3ffb6124: in_left: 5, nb_want: 191

I (14831) mbedtls: ssl_msg.c:2025 0x3ffb6124: in_left: 5, nb_want: 191

I (14831) mbedtls: ssl_msg.c:2028 0x3ffb6124: ssl->f_recv(_timeout)() returned 186 (-0xffffff46)

I (14831) mbedtls: ssl_msg.c:2050 0x3ffb6124: <= fetch input

D (14831) mbedtls: ssl_msg.c:2948 0x3ffb6124: handshake message: msglen = 186, type = 4, hslen = 186

D (14841) mbedtls: ssl_msg.c:3085 0x3ffb6124: sole handshake fragment: 186, 0..186 of 186

I (14841) mbedtls: ssl_msg.c:4112 0x3ffb6124: <= read record

D (14841) mbedtls: ssl_tls12_client.c:2876 0x3ffb6124: ticket length: 176

D (14841) mbedtls: ssl_misc.h:1295 0x3ffb6124: handshake state: 16 (MBEDTLS_SSL_NEW_SESSION_TICKET) -> 12 (MBEDTLS_SSL_SERVER_CHANGE_CIPHER_SPEC)

D (14841) mbedtls: ssl_tls12_client.c:2920 0x3ffb6124: ticket in use, discarding session id

I (14841) mbedtls: ssl_tls12_client.c:2923 0x3ffb6124: <= parse new session ticket

I (14841) mbedtls: ssl_msg.c:2063 0x3ffb6124: => flush output

I (14841) mbedtls: ssl_msg.c:2072 0x3ffb6124: <= flush output

I (14841) mbedtls: ssl_tls.c:4201 0x3ffb6124: client state: MBEDTLS_SSL_SERVER_CHANGE_CIPHER_SPEC

I (14841) mbedtls: ssl_msg.c:5109 0x3ffb6124: => parse change cipher spec

I (14841) mbedtls: ssl_msg.c:4040 0x3ffb6124: => read record

I (14841) mbedtls: ssl_msg.c:1865 0x3ffb6124: => fetch input

I (14841) mbedtls: ssl_msg.c:2005 0x3ffb6124: in_left: 0, nb_want: 5

I (14841) mbedtls: ssl_msg.c:2025 0x3ffb6124: in_left: 0, nb_want: 5

[mem-tick] t=   13376 ms phase=handshake    free=216116
I (14841) mbedtls: ssl_msg.c:2028 0x3ffb6124: ssl->f_recv(_timeout)() returned 5 (-0xfffffffb)

I (14841) mbedtls: ssl_msg.c:2050 0x3ffb6124: <= fetch input

D (14841) mbedtls: ssl_msg.c:3707 0x3ffb6124: input record: msgtype = 20, version = [0x303], msglen = 1

I (14841) mbedtls: ssl_msg.c:1865 0x3ffb6124: => fetch input

I (14841) mbedtls: ssl_msg.c:2005 0x3ffb6124: in_left: 5, nb_want: 6

I (14841) mbedtls: ssl_msg.c:2025 0x3ffb6124: in_left: 5, nb_want: 6

I (14841) mbedtls: ssl_msg.c:2028 0x3ffb6124: ssl->f_recv(_timeout)() returned 1 (-0xffffffff)

I (14841) mbedtls: ssl_msg.c:2050 0x3ffb6124: <= fetch input

I (14841) mbedtls: ssl_msg.c:4112 0x3ffb6124: <= read record

D (14841) mbedtls: ssl_msg.c:5130 0x3ffb6124: switching to new transform spec for inbound data

D (14841) mbedtls: ssl_misc.h:1295 0x3ffb6124: handshake state: 12 (MBEDTLS_SSL_SERVER_CHANGE_CIPHER_SPEC) -> 13 (MBEDTLS_SSL_SERVER_FINISHED)

I (14841) mbedtls: ssl_msg.c:5157 0x3ffb6124: <= parse change cipher spec

I (14841) mbedtls: ssl_msg.c:2063 0x3ffb6124: => flush output

I (14841) mbedtls: ssl_msg.c:2072 0x3ffb6124: <= flush output

I (14841) mbedtls: ssl_tls.c:4201 0x3ffb6124: client state: MBEDTLS_SSL_SERVER_FINISHED

I (14841) mbedtls: ssl_tls.c:7500 0x3ffb6124: => parse finished

I (14841) mbedtls: ssl_tls.c:7235 0x3ffb6124: => calc PSA finished tls

D (14841) mbedtls: ssl_tls.c:7246 0x3ffb6124: dumping 'PSA calculated padbuf' (48 bytes)

D (14841) mbedtls: ssl_tls.c:7246 0x3ffb6124: 0000:  f4 76 0e fa 9d 39 a0 68 c0 60 e1 b6 9c 0d 9c af  .v...9.h.`......

D (14841) mbedtls: ssl_tls.c:7246 0x3ffb6124: 0010:  8f 5d 5f 57 4a 2c 7e 5d 65 c4 87 00 09 df 30 a6  .]_WJ,~]e.....0.

D (14841) mbedtls: ssl_tls.c:7246 0x3ffb6124: 0020:  81 3b 63 00 bd 62 79 23 44 10 ab 1d 7f 19 5c 71  .;c..by#D.....\q

D (14841) mbedtls: ssl_tls.c:7258 0x3ffb6124: dumping 'calc finished result' (12 bytes)

D (14841) mbedtls: ssl_tls.c:7258 0x3ffb6124: 0000:  ca a5 b3 93 11 01 49 2b 55 be b5 57              ......I+U..W

I (14841) mbedtls: ssl_tls.c:7262 0x3ffb6124: <= calc finished

I (14841) mbedtls: ssl_msg.c:4040 0x3ffb6124: => read record

I (14841) mbedtls: ssl_msg.c:1865 0x3ffb6124: => fetch input

I (14841) mbedtls: ssl_msg.c:2005 0x3ffb6124: in_left: 0, nb_want: 5

I (14841) mbedtls: ssl_msg.c:2025 0x3ffb6124: in_left: 0, nb_want: 5

I (14841) mbedtls: ssl_msg.c:2028 0x3ffb6124: ssl->f_recv(_timeout)() returned 5 (-0xfffffffb)

I (14841) mbedtls: ssl_msg.c:2050 0x3ffb6124: <= fetch input

D (14841) mbedtls: ssl_msg.c:3707 0x3ffb6124: input record: msgtype = 22, version = [0x303], msglen = 40

I (14841) mbedtls: ssl_msg.c:1865 0x3ffb6124: => fetch input

I (14841) mbedtls: ssl_msg.c:2005 0x3ffb6124: in_left: 5, nb_want: 45

I (14841) mbedtls: ssl_msg.c:2025 0x3ffb6124: in_left: 5, nb_want: 45

I (14841) mbedtls: ssl_msg.c:2028 0x3ffb6124: ssl->f_recv(_timeout)() returned 40 (-0xffffffd8)

I (14841) mbedtls: ssl_msg.c:2050 0x3ffb6124: <= fetch input

I (14841) mbedtls: ssl_msg.c:1301 0x3ffb6124: => decrypt buf

I (14841) mbedtls: ssl_msg.c:1831 0x3ffb6124: <= decrypt buf

D (14841) mbedtls: ssl_msg.c:2948 0x3ffb6124: handshake message: msglen = 16, type = 20, hslen = 16

D (14841) mbedtls: ssl_msg.c:3085 0x3ffb6124: sole handshake fragment: 16, 0..16 of 16

I (14841) mbedtls: ssl_msg.c:4112 0x3ffb6124: <= read record

D (14841) mbedtls: ssl_misc.h:1295 0x3ffb6124: handshake state: 13 (MBEDTLS_SSL_SERVER_FINISHED) -> 14 (MBEDTLS_SSL_FLUSH_BUFFERS)

I (14841) mbedtls: ssl_tls.c:7571 0x3ffb6124: <= parse finished

I (14841) mbedtls: ssl_msg.c:2063 0x3ffb6124: => flush output

I (14841) mbedtls: ssl_msg.c:2072 0x3ffb6124: <= flush output

I (14841) mbedtls: ssl_tls.c:4201 0x3ffb6124: client state: MBEDTLS_SSL_FLUSH_BUFFERS

I (14841) mbedtls: ssl_tls12_client.c:3031 0x3ffb6124: handshake: done

D (14851) mbedtls: ssl_misc.h:1295 0x3ffb6124: handshake state: 14 (MBEDTLS_SSL_FLUSH_BUFFERS) -> 15 (MBEDTLS_SSL_HANDSHAKE_WRAPUP)

I (14851) mbedtls: ssl_msg.c:2063 0x3ffb6124: => flush output

I (14851) mbedtls: ssl_msg.c:2072 0x3ffb6124: <= flush output

I (14851) mbedtls: ssl_tls.c:4201 0x3ffb6124: client state: MBEDTLS_SSL_HANDSHAKE_WRAPUP

D (14851) mbedtls: ssl_tls.c:7322 0x3ffb6124: => handshake wrapup

D (14851) mbedtls: ssl_tls.c:7296 0x3ffb6124: => handshake wrapup: final free

D (14851) mbedtls: ssl_tls.c:7315 0x3ffb6124: <= handshake wrapup: final free

D (14851) mbedtls: ssl_misc.h:1295 0x3ffb6124: handshake state: 15 (MBEDTLS_SSL_HANDSHAKE_WRAPUP) -> 27 (MBEDTLS_SSL_HANDSHAKE_OVER)

D (14851) mbedtls: ssl_tls.c:7376 0x3ffb6124: <= handshake wrapup

I (14851) mbedtls: ssl_tls.c:4293 0x3ffb6124: <= handshake

[phase-a] tcp_connect=2655 us | tls_handshake=398142 us | total=400797 us
[neg] version=TLSv1.2 suite=TLS-ECDHE-ECDSA-WITH-AES-256-GCM-SHA384 peer_cert=0 bytes
[mem] post-handshake         free=220252 largest=110592 min-ever=210536
[ledger] HANDSHAKE_PEAK_DELTA(EC) = 0 bytes (min-ever 210536 -> 210536)
I (14851) mbedtls: ssl_msg.c:5925 0x3ffb6124: => write

I (14851) mbedtls: ssl_msg.c:2654 0x3ffb6124: => write record

I (14851) mbedtls: ssl_msg.c:808 0x3ffb6124: => encrypt buf

D (14851) mbedtls: ssl_msg.c:1036 0x3ffb6124: before encrypt: msglen = 13, including 0 bytes of padding

I (14851) mbedtls: ssl_msg.c:1265 0x3ffb6124: <= encrypt buf

D (14851) mbedtls: ssl_msg.c:2737 0x3ffb6124: output record: msgtype = 23, version = [3:3], msglen = 37

I (14851) mbedtls: ssl_msg.c:2063 0x3ffb6124: => flush output

I (14851) mbedtls: ssl_msg.c:2077 0x3ffb6124: message length: 42, out_left: 42

I (14851) mbedtls: ssl_msg.c:2084 0x3ffb6124: ssl->f_send() returned 42 (-0xffffffd6)

I (14851) mbedtls: ssl_msg.c:2111 0x3ffb6124: <= flush output

I (14851) mbedtls: ssl_msg.c:2790 0x3ffb6124: <= write record

I (14851) mbedtls: ssl_msg.c:5947 0x3ffb6124: <= write

I (14851) mbedtls: ssl_msg.c:5663 0x3ffb6124: => read

I (14851) mbedtls: ssl_msg.c:4040 0x3ffb6124: => read record

I (14851) mbedtls: ssl_msg.c:1865 0x3ffb6124: => fetch input

I (14851) mbedtls: ssl_msg.c:2005 0x3ffb6124: in_left: 0, nb_want: 5

[mem-tick] t=   13484 ms phase=session      free=220252
[mem-tick] t=   13584 ms phase=session      free=220252
[mem-tick] t=   13684 ms phase=session      free=220252
[mem-tick] t=   13784 ms phase=session      free=220252
[mem-tick] t=   13884 ms phase=session      free=220252
[mem-tick] t=   13984 ms phase=session      free=220252
[mem-tick] t=   14084 ms phase=session      free=220252
[mem-tick] t=   14184 ms phase=session      free=220252
[mem-tick] t=   14283 ms phase=session      free=220252
[mem-tick] t=   14384 ms phase=session      free=220252
[mem-tick] t=   14484 ms phase=session      free=220252
[mem-tick] t=   14584 ms phase=session      free=220252
[mem-tick] t=   14684 ms phase=session      free=220252
[mem-tick] t=   14784 ms phase=session      free=220252
[mem-tick] t=   14883 ms phase=session      free=220252
[mem-tick] t=   14984 ms phase=session      free=220252
[mem-tick] t=   15083 ms phase=session      free=220252
[mem-tick] t=   15184 ms phase=session      free=220252
[mem-tick] t=   15284 ms phase=session      free=220252
[mem-tick] t=   15383 ms phase=session      free=220252
[mem-tick] t=   15484 ms phase=session      free=220252
[mem-tick] t=   15584 ms phase=session      free=220252
[mem-tick] t=   15684 ms phase=session      free=220252
[mem-tick] t=   15784 ms phase=session      free=220252
[mem-tick] t=   15883 ms phase=session      free=220252
[mem-tick] t=   15984 ms phase=session      free=220252
[mem-tick] t=   16084 ms phase=session      free=220252
[mem-tick] t=   16184 ms phase=session      free=220252
[mem-tick] t=   16284 ms phase=session      free=220252
[mem-tick] t=   16384 ms phase=session      free=220252
[mem-tick] t=   16484 ms phase=session      free=220252
[mem-tick] t=   16584 ms phase=session      free=220252
[mem-tick] t=   16684 ms phase=session      free=220252
[mem-tick] t=   16784 ms phase=session      free=220252
[mem-tick] t=   16884 ms phase=session      free=220252
[mem-tick] t=   16984 ms phase=session      free=220252
[mem-tick] t=   17084 ms phase=session      free=220252
[mem-tick] t=   17184 ms phase=session      free=220252
[mem-tick] t=   17284 ms phase=session      free=220252
[mem-tick] t=   17383 ms phase=session      free=220252
[mem-tick] t=   17484 ms phase=session      free=220252
[mem-tick] t=   17584 ms phase=session      free=220252
[mem-tick] t=   17684 ms phase=session      free=220252
[mem-tick] t=   17783 ms phase=session      free=220252
[mem-tick] t=   17884 ms phase=session      free=220252
[mem-tick] t=   17984 ms phase=session      free=220252
[mem-tick] t=   18083 ms phase=session      free=220252
[mem-tick] t=   18183 ms phase=session      free=220252
[mem-tick] t=   18284 ms phase=session      free=220252
[mem-tick] t=   18383 ms phase=session      free=220252
[mem-tick] t=   18484 ms phase=session      free=220252
[mem-tick] t=   18583 ms phase=session      free=220252
[mem-tick] t=   18684 ms phase=session      free=220252
[mem-tick] t=   18783 ms phase=session      free=220252
[mem-tick] t=   18884 ms phase=session      free=220252
[mem-tick] t=   18984 ms phase=session      free=220252
[mem-tick] t=   19084 ms phase=session      free=220252
[mem-tick] t=   19184 ms phase=session      free=220252
[mem-tick] t=   19284 ms phase=session      free=220252
[mem-tick] t=   19384 ms phase=session      free=220252
[mem-tick] t=   19484 ms phase=session      free=220252
[mem-tick] t=   19584 ms phase=session      free=220252
[mem-tick] t=   19684 ms phase=session      free=220252
[mem-tick] t=   19784 ms phase=session      free=220252
[mem-tick] t=   19884 ms phase=session      free=220252
[mem-tick] t=   19984 ms phase=session      free=220252
[mem-tick] t=   20083 ms phase=session      free=220252
[mem-tick] t=   20184 ms phase=session      free=220252
[mem-tick] t=   20284 ms phase=session      free=220252
[mem-tick] t=   20384 ms phase=session      free=220252
[mem-tick] t=   20484 ms phase=session      free=220252
[mem-tick] t=   20584 ms phase=session      free=220252
[mem-tick] t=   20684 ms phase=session      free=220252
[mem-tick] t=   20783 ms phase=session      free=220252
[mem-tick] t=   20884 ms phase=session      free=220252
[mem-tick] t=   20984 ms phase=session      free=220252
[mem-tick] t=   21084 ms phase=session      free=220252
[mem-tick] t=   21184 ms phase=session      free=220252
[mem-tick] t=   21284 ms phase=session      free=220252
[mem-tick] t=   21384 ms phase=session      free=220252
[mem-tick] t=   21484 ms phase=session      free=220252
[mem-tick] t=   21584 ms phase=session      free=220252
[mem-tick] t=   21684 ms phase=session      free=220252
[mem-tick] t=   21784 ms phase=session      free=220252
[mem-tick] t=   21884 ms phase=session      free=220252
[mem-tick] t=   21984 ms phase=session      free=220252
[mem-tick] t=   22084 ms phase=session      free=220252
[mem-tick] t=   22184 ms phase=session      free=220252
[mem-tick] t=   22284 ms phase=session      free=220252
[mem-tick] t=   22384 ms phase=session      free=220252
[mem-tick] t=   22484 ms phase=session      free=220252
[mem-tick] t=   22584 ms phase=session      free=220252
[mem-tick] t=   22684 ms phase=session      free=220252
[mem-tick] t=   22783 ms phase=session      free=220252
[mem-tick] t=   22884 ms phase=session      free=220252
[mem-tick] t=   22984 ms phase=session      free=220252
[mem-tick] t=   23084 ms phase=session      free=220252
[mem-tick] t=   23184 ms phase=session      free=220252
[mem-tick] t=   23284 ms phase=session      free=220252
I (24851) mbedtls: ssl_msg.c:2025 0x3ffb6124: in_left: 0, nb_want: 5

[echo] read r=-26880
[mem] post-session           free=220252 largest=110592 min-ever=210536
[mem-tick] t=   23384 ms phase=closing      free=242812
[mem-tick] t=   23484 ms phase=closing      free=246192
[mem-tick] t=   23584 ms phase=closing      free=246192
[mem-tick] t=   23684 ms phase=closing      free=246192
[mem-tick] t=   23784 ms phase=closing      free=246192
[ledger] CLOSED(EC): free now=246192, before-this-phase=246192, retained=0
[mem-tick] t=   23884 ms phase=EC-settled   free=246192
[mem-tick] t=   23984 ms phase=EC-settled   free=246192
[mem-tick] t=   24084 ms phase=EC-settled   free=246192
[mem-tick] t=   24184 ms phase=EC-settled   free=246192
[mem] settled                free=246192 largest=110592 min-ever=210536

===== PHASE D: throughput plain-vs-tls (3 rounds interleaved, 1024B x 2048 msgs each) =====
[mem-tick] t=   24285 ms phase=thr-setup    free=245660
W (25751) esp-tls-mbedtls: skip_common_name=true: hostname matching and SNI disabled. This disables ALL server-name authentication (CN/SAN/SNI), not just CN. Only intended for loopback / debug clients.
D (25751) esp-tls: handshake in progress...
I (25751) mbedtls: ssl_tls.c:4282 0x3ffc1c60: => handshake

I (25751) mbedtls: ssl_msg.c:2063 0x3ffc1c60: => flush output

I (25751) mbedtls: ssl_msg.c:2072 0x3ffc1c60: <= flush output

I (25751) mbedtls: ssl_tls.c:4201 0x3ffc1c60: client state: MBEDTLS_SSL_HELLO_REQUEST

D (25751) mbedtls: ssl_misc.h:1295 0x3ffc1c60: handshake state: 0 (MBEDTLS_SSL_HELLO_REQUEST) -> 1 (MBEDTLS_SSL_CLIENT_HELLO)

I (25751) mbedtls: ssl_msg.c:2063 0x3ffc1c60: => flush output

I (25751) mbedtls: ssl_msg.c:2072 0x3ffc1c60: <= flush output

I (25751) mbedtls: ssl_tls.c:4201 0x3ffc1c60: client state: MBEDTLS_SSL_CLIENT_HELLO

I (25751) mbedtls: ssl_client.c:917 0x3ffc1c60: => write client hello

D (25751) mbedtls: ssl_client.c:722 0x3ffc1c60: client hello, current time: 24

D (25751) mbedtls: ssl_client.c:485 0x3ffc1c60: dumping 'client hello, random bytes' (32 bytes)

D (25751) mbedtls: ssl_client.c:485 0x3ffc1c60: 0000:  00 00 00 18 4f 8a f7 a5 2e 14 b4 ef a0 45 7a 3d  ....O........Ez=

D (25751) mbedtls: ssl_client.c:485 0x3ffc1c60: 0010:  fa 6a 87 a5 69 cd 38 80 71 d7 7e d1 da 17 57 b9  .j..i.8.q.~...W.

D (25751) mbedtls: ssl_client.c:510 0x3ffc1c60: dumping 'session id' (0 bytes)

D (25751) mbedtls: ssl_client.c:368 0x3ffc1c60: client hello, add ciphersuite: c02c, TLS-ECDHE-ECDSA-WITH-AES-256-GCM-SHA384

D (25751) mbedtls: ssl_client.c:368 0x3ffc1c60: client hello, add ciphersuite: c030, TLS-ECDHE-RSA-WITH-AES-256-GCM-SHA384

D (25751) mbedtls: ssl_client.c:368 0x3ffc1c60: client hello, add ciphersuite: c0ad, TLS-ECDHE-ECDSA-WITH-AES-256-CCM

D (25751) mbedtls: ssl_client.c:368 0x3ffc1c60: client hello, add ciphersuite: c024, TLS-ECDHE-ECDSA-WITH-AES-256-CBC-SHA384

D (25751) mbedtls: ssl_client.c:368 0x3ffc1c60: client hello, add ciphersuite: c028, TLS-ECDHE-RSA-WITH-AES-256-CBC-SHA384

D (25751) mbedtls: ssl_client.c:368 0x3ffc1c60: client hello, add ciphersuite: c00a, TLS-ECDHE-ECDSA-WITH-AES-256-CBC-SHA

D (25751) mbedtls: ssl_client.c:368 0x3ffc1c60: client hello, add ciphersuite: c014, TLS-ECDHE-RSA-WITH-AES-256-CBC-SHA

D (25751) mbedtls: ssl_client.c:368 0x3ffc1c60: client hello, add ciphersuite: c0af, TLS-ECDHE-ECDSA-WITH-AES-256-CCM-8

D (25751) mbedtls: ssl_client.c:368 0x3ffc1c60: client hello, add ciphersuite: c02b, TLS-ECDHE-ECDSA-WITH-AES-128-GCM-SHA256

D (25751) mbedtls: ssl_client.c:368 0x3ffc1c60: client hello, add ciphersuite: c02f, TLS-ECDHE-RSA-WITH-AES-128-GCM-SHA256

D (25751) mbedtls: ssl_client.c:368 0x3ffc1c60: client hello, add ciphersuite: c0ac, TLS-ECDHE-ECDSA-WITH-AES-128-CCM

D (25751) mbedtls: ssl_client.c:368 0x3ffc1c60: client hello, add ciphersuite: c023, TLS-ECDHE-ECDSA-WITH-AES-128-CBC-SHA256

D (25751) mbedtls: ssl_client.c:368 0x3ffc1c60: client hello, add ciphersuite: c027, TLS-ECDHE-RSA-WITH-AES-128-CBC-SHA256

D (25751) mbedtls: ssl_client.c:368 0x3ffc1c60: client hello, add ciphersuite: c009, TLS-ECDHE-ECDSA-WITH-AES-128-CBC-SHA

D (25761) mbedtls: ssl_client.c:368 0x3ffc1c60: client hello, add ciphersuite: c013, TLS-ECDHE-RSA-WITH-AES-128-CBC-SHA

D (25761) mbedtls: ssl_client.c:368 0x3ffc1c60: client hello, add ciphersuite: c0ae, TLS-ECDHE-ECDSA-WITH-AES-128-CCM-8

D (25761) mbedtls: ssl_client.c:386 0x3ffc1c60: adding EMPTY_RENEGOTIATION_INFO_SCSV

D (25761) mbedtls: ssl_client.c:395 0x3ffc1c60: client hello, got 17 cipher suites

D (25761) mbedtls: ssl_client.c:229 0x3ffc1c60: client hello, adding supported_groups extension

D (25761) mbedtls: ssl_client.c:248 0x3ffc1c60: got supported group(001d)

D (25761) mbedtls: ssl_client.c:280 0x3ffc1c60: NamedGroup: x25519 ( 1d )

D (25761) mbedtls: ssl_client.c:248 0x3ffc1c60: got supported group(0017)

D (25761) mbedtls: ssl_client.c:280 0x3ffc1c60: NamedGroup: secp256r1 ( 17 )

D (25761) mbedtls: ssl_client.c:248 0x3ffc1c60: got supported group(0018)

D (25761) mbedtls: ssl_client.c:280 0x3ffc1c60: NamedGroup: secp384r1 ( 18 )

D (25761) mbedtls: ssl_client.c:248 0x3ffc1c60: got supported group(001e)

D (25761) mbedtls: ssl_client.c:280 0x3ffc1c60: NamedGroup: x448 ( 1e )

D (25761) mbedtls: ssl_client.c:248 0x3ffc1c60: got supported group(0019)

D (25761) mbedtls: ssl_client.c:280 0x3ffc1c60: NamedGroup: secp521r1 ( 19 )

D (25761) mbedtls: ssl_client.c:248 0x3ffc1c60: got supported group(001a)

D (25761) mbedtls: ssl_client.c:280 0x3ffc1c60: NamedGroup: bp256r1 ( 1a )

D (25761) mbedtls: ssl_client.c:248 0x3ffc1c60: got supported group(001b)

D (25761) mbedtls: ssl_client.c:280 0x3ffc1c60: NamedGroup: bp384r1 ( 1b )

D (25761) mbedtls: ssl_client.c:248 0x3ffc1c60: got supported group(001c)

D (25761) mbedtls: ssl_client.c:280 0x3ffc1c60: NamedGroup: bp512r1 ( 1c )

D (25761) mbedtls: ssl_client.c:248 0x3ffc1c60: got supported group(0100)

D (25761) mbedtls: ssl_client.c:248 0x3ffc1c60: got supported group(0101)

D (25761) mbedtls: ssl_client.c:248 0x3ffc1c60: got supported group(0102)

D (25761) mbedtls: ssl_client.c:248 0x3ffc1c60: got supported group(0103)

D (25761) mbedtls: ssl_client.c:248 0x3ffc1c60: got supported group(0104)

D (25761) mbedtls: ssl_client.c:300 0x3ffc1c60: dumping 'Supported groups extension' (18 bytes)

D (25761) mbedtls: ssl_client.c:300 0x3ffc1c60: 0000:  00 10 00 1d 00 17 00 18 00 1e 00 19 00 1a 00 1b  ................

D (25761) mbedtls: ssl_client.c:300 0x3ffc1c60: 0010:  00 1c                                            ..

D (25761) mbedtls: ssl_tls.c:8276 0x3ffc1c60: adding signature_algorithms extension

D (25761) mbedtls: ssl_tls.c:8296 0x3ffc1c60: got signature scheme [603] ecdsa_secp521r1_sha512

D (25761) mbedtls: ssl_tls.c:8305 0x3ffc1c60: sent signature scheme [603] ecdsa_secp521r1_sha512

D (25761) mbedtls: ssl_tls.c:8296 0x3ffc1c60: got signature scheme [806] rsa_pss_rsae_sha512

D (25761) mbedtls: ssl_tls.c:8296 0x3ffc1c60: got signature scheme [601] rsa_pkcs1_sha512

D (25761) mbedtls: ssl_tls.c:8305 0x3ffc1c60: sent signature scheme [601] rsa_pkcs1_sha512

D (25761) mbedtls: ssl_tls.c:8296 0x3ffc1c60: got signature scheme [503] ecdsa_secp384r1_sha384

D (25761) mbedtls: ssl_tls.c:8305 0x3ffc1c60: sent signature scheme [503] ecdsa_secp384r1_sha384

D (25761) mbedtls: ssl_tls.c:8296 0x3ffc1c60: got signature scheme [805] rsa_pss_rsae_sha384

D (25761) mbedtls: ssl_tls.c:8296 0x3ffc1c60: got signature scheme [501] rsa_pkcs1_sha384

D (25761) mbedtls: ssl_tls.c:8305 0x3ffc1c60: sent signature scheme [501] rsa_pkcs1_sha384

D (25761) mbedtls: ssl_tls.c:8296 0x3ffc1c60: got signature scheme [403] ecdsa_secp256r1_sha256

D (25761) mbedtls: ssl_tls.c:8305 0x3ffc1c60: sent signature scheme [403] ecdsa_secp256r1_sha256

D (25761) mbedtls: ssl_tls.c:8296 0x3ffc1c60: got signature scheme [804] rsa_pss_rsae_sha256

D (25761) mbedtls: ssl_tls.c:8296 0x3ffc1c60: got signature scheme [401] rsa_pkcs1_sha256

D (25761) mbedtls: ssl_tls.c:8305 0x3ffc1c60: sent signature scheme [401] rsa_pkcs1_sha256

D (25761) mbedtls: ssl_tls12_client.c:103 0x3ffc1c60: client hello, adding supported_point_formats extension

D (25761) mbedtls: ssl_tls12_client.c:287 0x3ffc1c60: client hello, adding encrypt_then_mac extension

D (25761) mbedtls: ssl_tls12_client.c:319 0x3ffc1c60: client hello, adding extended_master_secret extension

D (25761) mbedtls: ssl_tls12_client.c:352 0x3ffc1c60: client hello, adding session ticket extension

D (25771) mbedtls: ssl_client.c:687 0x3ffc1c60: client hello, total extension length: 58

D (25771) mbedtls: ssl_client.c:689 0x3ffc1c60: dumping 'client hello extensions' (58 bytes)

D (25771) mbedtls: ssl_client.c:689 0x3ffc1c60: 0000:  00 3a 00 0a 00 12 00 10 00 1d 00 17 00 18 00 1e  .:..............

D (25771) mbedtls: ssl_client.c:689 0x3ffc1c60: 0010:  00 19 00 1a 00 1b 00 1c 00 0d 00 0e 00 0c 06 03  ................

D (25771) mbedtls: ssl_client.c:689 0x3ffc1c60: 0020:  06 01 05 03 05 01 04 03 04 01 00 0b 00 02 01 00  ................

D (25771) mbedtls: ssl_client.c:689 0x3ffc1c60: 0030:  00 16 00 00 00 17 00 00 00 23                    .........#

I (25771) mbedtls: ssl_msg.c:2494 0x3ffc1c60: => write handshake message

I (25771) mbedtls: ssl_msg.c:2654 0x3ffc1c60: => write record

D (25771) mbedtls: ssl_msg.c:2737 0x3ffc1c60: output record: msgtype = 22, version = [3:3], msglen = 137

I (25771) mbedtls: ssl_msg.c:2790 0x3ffc1c60: <= write record

I (25771) mbedtls: ssl_msg.c:2615 0x3ffc1c60: <= write handshake message

D (25771) mbedtls: ssl_misc.h:1295 0x3ffc1c60: handshake state: 1 (MBEDTLS_SSL_CLIENT_HELLO) -> 2 (MBEDTLS_SSL_SERVER_HELLO)

I (25771) mbedtls: ssl_client.c:1010 0x3ffc1c60: <= write client hello

I (25771) mbedtls: ssl_msg.c:2063 0x3ffc1c60: => flush output

I (25771) mbedtls: ssl_msg.c:2077 0x3ffc1c60: message length: 142, out_left: 142

I (25771) mbedtls: ssl_msg.c:2084 0x3ffc1c60: ssl->f_send() returned 142 (-0xffffff72)

I (25771) mbedtls: ssl_msg.c:2111 0x3ffc1c60: <= flush output

I (25771) mbedtls: ssl_tls.c:4201 0x3ffc1c60: client state: MBEDTLS_SSL_SERVER_HELLO

I (25771) mbedtls: ssl_tls12_client.c:1151 0x3ffc1c60: => parse server hello

I (25771) mbedtls: ssl_msg.c:4040 0x3ffc1c60: => read record

I (25771) mbedtls: ssl_msg.c:1865 0x3ffc1c60: => fetch input

I (25771) mbedtls: ssl_msg.c:2005 0x3ffc1c60: in_left: 0, nb_want: 5

I (25771) mbedtls: ssl_msg.c:2025 0x3ffc1c60: in_left: 0, nb_want: 5

I (25771) mbedtls: ssl_msg.c:2028 0x3ffc1c60: ssl->f_recv(_timeout)() returned 5 (-0xfffffffb)

I (25771) mbedtls: ssl_msg.c:2050 0x3ffc1c60: <= fetch input

D (25771) mbedtls: ssl_msg.c:3707 0x3ffc1c60: input record: msgtype = 22, version = [0x303], msglen = 65

I (25771) mbedtls: ssl_msg.c:1865 0x3ffc1c60: => fetch input

I (25771) mbedtls: ssl_msg.c:2005 0x3ffc1c60: in_left: 5, nb_want: 70

I (25771) mbedtls: ssl_msg.c:2025 0x3ffc1c60: in_left: 5, nb_want: 70

I (25771) mbedtls: ssl_msg.c:2028 0x3ffc1c60: ssl->f_recv(_timeout)() returned 65 (-0xffffffbf)

I (25771) mbedtls: ssl_msg.c:2050 0x3ffc1c60: <= fetch input

D (25771) mbedtls: ssl_msg.c:2948 0x3ffc1c60: handshake message: msglen = 65, type = 2, hslen = 65

D (25771) mbedtls: ssl_msg.c:3085 0x3ffc1c60: sole handshake fragment: 65, 0..65 of 65

I (25771) mbedtls: ssl_msg.c:4112 0x3ffc1c60: <= read record

D (25771) mbedtls: ssl_tls12_client.c:1225 0x3ffc1c60: dumping 'server hello, version' (2 bytes)

D (25771) mbedtls: ssl_tls12_client.c:1225 0x3ffc1c60: 0000:  03 03                                            ..

D (25771) mbedtls: ssl_tls12_client.c:1246 0x3ffc1c60: server hello, current time: 1790726036

D (25771) mbedtls: ssl_tls12_client.c:1256 0x3ffc1c60: dumping 'server hello, random bytes' (32 bytes)

D (25771) mbedtls: ssl_tls12_client.c:1256 0x3ffc1c60: 0000:  6a bc 4f 94 66 76 89 74 c6 b4 57 b8 65 39 e1 1e  j.O.fv.t..W.e9..

D (25771) mbedtls: ssl_tls12_client.c:1256 0x3ffc1c60: 0010:  7d 22 ec fc e8 20 45 f7 78 82 f1 7e 91 3b aa c3  }"... E.x..~.;..

D (25771) mbedtls: ssl_tls12_client.c:1318 0x3ffc1c60: server hello, session id len.: 0

D (25771) mbedtls: ssl_tls12_client.c:1319 0x3ffc1c60: dumping 'server hello, session id' (0 bytes)

D (25781) mbedtls: ssl_misc.h:1295 0x3ffc1c60: handshake state: 2 (MBEDTLS_SSL_SERVER_HELLO) -> 3 (MBEDTLS_SSL_SERVER_CERTIFICATE)

D (25781) mbedtls: ssl_tls12_client.c:1343 0x3ffc1c60: no session has been resumed

D (25781) mbedtls: ssl_tls12_client.c:1346 0x3ffc1c60: server hello, chosen ciphersuite: c030

D (25781) mbedtls: ssl_tls12_client.c:1347 0x3ffc1c60: server hello, compress alg.: 0

D (25781) mbedtls: ssl_tls12_client.c:1382 0x3ffc1c60: server hello, chosen ciphersuite: TLS-ECDHE-RSA-WITH-AES-256-GCM-SHA384

I (25781) mbedtls: ssl_tls12_client.c:1403 0x3ffc1c60: server hello, total extension length: 21

D (25781) mbedtls: ssl_tls12_client.c:1421 0x3ffc1c60: found renegotiation extension

D (25781) mbedtls: ssl_tls12_client.c:1500 0x3ffc1c60: found supported_point_formats extension

D (25781) mbedtls: ssl_tls12_client.c:1486 0x3ffc1c60: found session_ticket extension

D (25781) mbedtls: ssl_tls12_client.c:1473 0x3ffc1c60: found extended_master_secret extension

I (25781) mbedtls: ssl_tls12_client.c:1617 0x3ffc1c60: <= parse server hello

I (25781) mbedtls: ssl_msg.c:2063 0x3ffc1c60: => flush output

I (25781) mbedtls: ssl_msg.c:2072 0x3ffc1c60: <= flush output

I (25781) mbedtls: ssl_tls.c:4201 0x3ffc1c60: client state: MBEDTLS_SSL_SERVER_CERTIFICATE

I (25781) mbedtls: ssl_tls.c:7077 0x3ffc1c60: => parse certificate

I (25781) mbedtls: ssl_msg.c:4040 0x3ffc1c60: => read record

I (25781) mbedtls: ssl_msg.c:1865 0x3ffc1c60: => fetch input

I (25781) mbedtls: ssl_msg.c:2005 0x3ffc1c60: in_left: 0, nb_want: 5

I (25781) mbedtls: ssl_msg.c:2025 0x3ffc1c60: in_left: 0, nb_want: 5

I (25781) mbedtls: ssl_msg.c:2028 0x3ffc1c60: ssl->f_recv(_timeout)() returned 5 (-0xfffffffb)

I (25781) mbedtls: ssl_msg.c:2050 0x3ffc1c60: <= fetch input

D (25781) mbedtls: ssl_msg.c:3707 0x3ffc1c60: input record: msgtype = 22, version = [0x303], msglen = 791

I (25781) mbedtls: ssl_msg.c:1865 0x3ffc1c60: => fetch input

I (25781) mbedtls: ssl_msg.c:2005 0x3ffc1c60: in_left: 5, nb_want: 796

I (25781) mbedtls: ssl_msg.c:2025 0x3ffc1c60: in_left: 5, nb_want: 796

I (25781) mbedtls: ssl_msg.c:2028 0x3ffc1c60: ssl->f_recv(_timeout)() returned 791 (-0xfffffce9)

I (25781) mbedtls: ssl_msg.c:2050 0x3ffc1c60: <= fetch input

D (25781) mbedtls: ssl_msg.c:2948 0x3ffc1c60: handshake message: msglen = 791, type = 11, hslen = 791

D (25781) mbedtls: ssl_msg.c:3085 0x3ffc1c60: sole handshake fragment: 791, 0..791 of 791

I (25781) mbedtls: ssl_msg.c:4112 0x3ffc1c60: <= read record

D (25781) mbedtls: ssl_tls.c:6952 0x3ffc1c60: peer certificate #1:

D (25781) mbedtls: ssl_tls.c:6952 0x3ffc1c60: cert. version     : 3

D (25781) mbedtls: ssl_tls.c:6952 0x3ffc1c60: serial number     : 77:66:A5:9D:AF:14:9E:F2:03:F7:3C:2B:1A:5C:81:86:F8:A3:4E:52

D (25781) mbedtls: ssl_tls.c:6952 0x3ffc1c60: issuer name       : CN=localhost

D (25781) mbedtls: ssl_tls.c:6952 0x3ffc1c60: subject name      : CN=localhost

D (25781) mbedtls: ssl_tls.c:6952 0x3ffc1c60: issued  on        : 2026-08-26 20:20:30

D (25781) mbedtls: ssl_tls.c:6952 0x3ffc1c60: expires on        : 2026-09-25 20:20:30

D (25781) mbedtls: ssl_tls.c:6952 0x3ffc1c60: signed using      : RSA with SHA-256

D (25791) mbedtls: ssl_tls.c:6952 0x3ffc1c60: RSA key size      : 2048 bits

D (25791) mbedtls: ssl_tls.c:6952 0x3ffc1c60: basic constraints : CA=true

D (25791) mbedtls: ssl_tls.c:6952 0x3ffc1c60: dumping 'crt->PK' (270 bytes)

D (25791) mbedtls: ssl_tls.c:6952 0x3ffc1c60: 0000:  30 82 01 0a 02 82 01 01 00 dd 03 19 3e 8f 4a 05

D (25791) mbedtls: ssl_tls.c:6952 0x3ffc1c60: 0010:  9c d6 74 e1 46 bc 40 7a 7e af 78 09 38 f6 d0 1c

D (25791) mbedtls: ssl_tls.c:6952 0x3ffc1c60: 0020:  9d e4 2b 18 4c a1 87 f6 83 55 82 2d e0 21 fb b2

D (25791) mbedtls: ssl_tls.c:6952 0x3ffc1c60: 0030:  00 2f 9b 98 36 24 73 47 a2 11 bb 50 05 1c 9e 40

D (25791) mbedtls: ssl_tls.c:6952 0x3ffc1c60: 0040:  41 c9 de 81 7e a1 eb 82 48 35 d0 51 24 0d 22 bd

D (25791) mbedtls: ssl_tls.c:6952 0x3ffc1c60: 0050:  7e c7 0b 60 74 e2 60 3e 76 de c1 3d b5 9f e9 d2

D (25791) mbedtls: ssl_tls.c:6952 0x3ffc1c60: 0060:  ac 90 d3 84 2a 75 7c 41 8a 11 14 c8 bc 09 7b 9d

D (25791) mbedtls: ssl_tls.c:6952 0x3ffc1c60: 0070:  45 54 95 c1 50 05 be f1 34 c0 05 55 f5 a2 b3 a8

D (25791) mbedtls: ssl_tls.c:6952 0x3ffc1c60: 0080:  24 f6 ab 22 df 72 97 ef b5 8f e4 fe 49 be 4f c1

D (25791) mbedtls: ssl_tls.c:6952 0x3ffc1c60: 0090:  08 e0 39 7a cd ba 74 2e d1 20 74 ad 6b 59 ab 86

D (25791) mbedtls: ssl_tls.c:6952 0x3ffc1c60: 00a0:  5d 29 ab 81 f0 c1 22 3f 01 b9 0b a1 fb ee 70 9f

D (25791) mbedtls: ssl_tls.c:6952 0x3ffc1c60: 00b0:  eb 29 5e 9f 1d 6a 0d dc 65 fd 5e 5d 38 0c 1a c3

D (25791) mbedtls: ssl_tls.c:6952 0x3ffc1c60: 00c0:  ae b7 b7 2f 66 23 82 80 ab 7d 69 7c 8f 95 ab e8

D (25791) mbedtls: ssl_tls.c:6952 0x3ffc1c60: 00d0:  c0 4d 21 42 7d 78 c8 25 8b 60 f6 0d 87 c9 f4 df

D (25791) mbedtls: ssl_tls.c:6952 0x3ffc1c60: 00e0:  36 bf 16 7c 59 16 d1 09 ec 17 67 cf 5d 9f 8f 78

D (25791) mbedtls: ssl_tls.c:6952 0x3ffc1c60: 00f0:  8c 3d d0 02 18 d5 bc a7 19 f4 51 fe 1d b3 20 40

D (25791) mbedtls: ssl_tls.c:6952 0x3ffc1c60: 0100:  67 7e 3a cc 30 f3 8d a0 ef 02 03 01 00 01      

I (25791) mbedtls: ssl_tls.c:7191 0x3ffc1c60: <= parse certificate

D (25791) mbedtls: ssl_misc.h:1295 0x3ffc1c60: handshake state: 3 (MBEDTLS_SSL_SERVER_CERTIFICATE) -> 4 (MBEDTLS_SSL_SERVER_KEY_EXCHANGE)

I (25791) mbedtls: ssl_msg.c:2063 0x3ffc1c60: => flush output

I (25791) mbedtls: ssl_msg.c:2072 0x3ffc1c60: <= flush output

I (25791) mbedtls: ssl_tls.c:4201 0x3ffc1c60: client state: MBEDTLS_SSL_SERVER_KEY_EXCHANGE

I (25791) mbedtls: ssl_tls12_client.c:1831 0x3ffc1c60: => parse server key exchange

I (25791) mbedtls: ssl_msg.c:4040 0x3ffc1c60: => read record

I (25791) mbedtls: ssl_msg.c:1865 0x3ffc1c60: => fetch input

I (25791) mbedtls: ssl_msg.c:2005 0x3ffc1c60: in_left: 0, nb_want: 5

I (25791) mbedtls: ssl_msg.c:2025 0x3ffc1c60: in_left: 0, nb_want: 5

I (25791) mbedtls: ssl_msg.c:2028 0x3ffc1c60: ssl->f_recv(_timeout)() returned 5 (-0xfffffffb)

I (25791) mbedtls: ssl_msg.c:2050 0x3ffc1c60: <= fetch input

D (25791) mbedtls: ssl_msg.c:3707 0x3ffc1c60: input record: msgtype = 22, version = [0x303], msglen = 300

I (25791) mbedtls: ssl_msg.c:1865 0x3ffc1c60: => fetch input

I (25791) mbedtls: ssl_msg.c:2005 0x3ffc1c60: in_left: 5, nb_want: 305

I (25791) mbedtls: ssl_msg.c:2025 0x3ffc1c60: in_left: 5, nb_want: 305

I (25791) mbedtls: ssl_msg.c:2028 0x3ffc1c60: ssl->f_recv(_timeout)() returned 300 (-0xfffffed4)

I (25791) mbedtls: ssl_msg.c:2050 0x3ffc1c60: <= fetch input

D (25791) mbedtls: ssl_msg.c:2948 0x3ffc1c60: handshake message: msglen = 300, type = 12, hslen = 300

D (25791) mbedtls: ssl_msg.c:3085 0x3ffc1c60: sole handshake fragment: 300, 0..300 of 300

I (25791) mbedtls: ssl_msg.c:4112 0x3ffc1c60: <= read record

D (25791) mbedtls: ssl_tls12_client.c:1885 0x3ffc1c60: dumping 'server key exchange' (296 bytes)

D (25791) mbedtls: ssl_tls12_client.c:1885 0x3ffc1c60: 0000:  03 00 1d 20 f6 0a c1 1b 6f 5f 1a b8 18 72 d1 e4  ... ....o_...r..

D (25791) mbedtls: ssl_tls12_client.c:1885 0x3ffc1c60: 0010:  5c 40 c3 81 2f a4 aa d2 e7 0f cd 1e 1c bd 17 45  \@../..........E

D (25801) mbedtls: ssl_tls12_client.c:1885 0x3ffc1c60: 0020:  19 d2 5e 32 06 01 01 00 a7 c3 b5 05 19 81 a1 28  ..^2...........(

D (25801) mbedtls: ssl_tls12_client.c:1885 0x3ffc1c60: 0030:  d9 db e3 33 5d e8 e9 38 b8 60 8a b4 ea 79 40 0f  ...3]..8.`...y@.

D (25801) mbedtls: ssl_tls12_client.c:1885 0x3ffc1c60: 0040:  1b 29 ed 9a f8 7d 13 e5 d7 5a b4 9b 55 7f 0b 1a  .)...}...Z..U...

D (25801) mbedtls: ssl_tls12_client.c:1885 0x3ffc1c60: 0050:  fd 1c ec 4c f4 e7 f8 e4 05 4e 1f 0b b8 6d 48 68  ...L.....N...mHh

D (25801) mbedtls: ssl_tls12_client.c:1885 0x3ffc1c60: 0060:  e5 56 83 14 5a 38 22 25 ad ce f0 f9 66 be b6 97  .V..Z8"%....f...

D (25801) mbedtls: ssl_tls12_client.c:1885 0x3ffc1c60: 0070:  fd dd 71 85 2c 19 6f f9 fc ae 62 c5 2c 60 41 25  ..q.,.o...b.,`A%

D (25801) mbedtls: ssl_tls12_client.c:1885 0x3ffc1c60: 0080:  a5 76 5d d8 34 eb d9 98 3a 53 89 69 d5 26 b0 73  .v].4...:S.i.&.s

D (25801) mbedtls: ssl_tls12_client.c:1885 0x3ffc1c60: 0090:  99 77 2d 05 6c 4f af 8f ae c9 1a 49 36 41 89 c4  .w-.lO.....I6A..

D (25801) mbedtls: ssl_tls12_client.c:1885 0x3ffc1c60: 00a0:  46 16 ba ec 87 b8 78 9b f2 46 21 f1 a6 d6 ed b6  F.....x..F!.....

D (25801) mbedtls: ssl_tls12_client.c:1885 0x3ffc1c60: 00b0:  bb 4b bb 8f 48 fc a2 6b 50 9c 16 76 68 f3 84 57  .K..H..kP..vh..W

D (25801) mbedtls: ssl_tls12_client.c:1885 0x3ffc1c60: 00c0:  bc ac 49 52 69 9a 78 9d f3 8b 78 3a d3 eb f2 4a  ..IRi.x...x:...J

D (25801) mbedtls: ssl_tls12_client.c:1885 0x3ffc1c60: 00d0:  d6 cf 8d ac 69 63 6a d7 0b 9d ee 74 4c bd 9d 39  ....icj....tL..9

D (25801) mbedtls: ssl_tls12_client.c:1885 0x3ffc1c60: 00e0:  40 fe 99 17 08 7c e4 0f 6c ee dc fd 20 dc 31 3f  @....|..l... .1?

D (25801) mbedtls: ssl_tls12_client.c:1885 0x3ffc1c60: 00f0:  f2 df 82 6b a3 fe 65 d7 26 6f 89 0a 9f ba 35 f1  ...k..e.&o....5.

D (25801) mbedtls: ssl_tls12_client.c:1885 0x3ffc1c60: 0100:  63 17 77 75 e9 14 4e 47 0b c3 c4 77 ef 88 6e 15  c.wu..NG...w..n.

D (25801) mbedtls: ssl_tls12_client.c:1885 0x3ffc1c60: 0110:  79 84 55 d6 f0 7f 74 45 e8 75 e8 8b f5 32 61 8b  y.U...tE.u...2a.

D (25801) mbedtls: ssl_tls12_client.c:1885 0x3ffc1c60: 0120:  37 0d e5 2d 82 bb cb e4                          7..-....

I (25801) mbedtls: ssl_tls12_client.c:1815 0x3ffc1c60: Server used the signature algorithm rsa_pkcs1_sha512

D (25801) mbedtls: ssl_tls12_client.c:2047 0x3ffc1c60: dumping 'signature' (256 bytes)

D (25801) mbedtls: ssl_tls12_client.c:2047 0x3ffc1c60: 0000:  a7 c3 b5 05 19 81 a1 28 d9 db e3 33 5d e8 e9 38  .......(...3]..8

D (25801) mbedtls: ssl_tls12_client.c:2047 0x3ffc1c60: 0010:  b8 60 8a b4 ea 79 40 0f 1b 29 ed 9a f8 7d 13 e5  .`...y@..)...}..

D (25801) mbedtls: ssl_tls12_client.c:2047 0x3ffc1c60: 0020:  d7 5a b4 9b 55 7f 0b 1a fd 1c ec 4c f4 e7 f8 e4  .Z..U......L....

D (25801) mbedtls: ssl_tls12_client.c:2047 0x3ffc1c60: 0030:  05 4e 1f 0b b8 6d 48 68 e5 56 83 14 5a 38 22 25  .N...mHh.V..Z8"%

D (25801) mbedtls: ssl_tls12_client.c:2047 0x3ffc1c60: 0040:  ad ce f0 f9 66 be b6 97 fd dd 71 85 2c 19 6f f9  ....f.....q.,.o.

D (25801) mbedtls: ssl_tls12_client.c:2047 0x3ffc1c60: 0050:  fc ae 62 c5 2c 60 41 25 a5 76 5d d8 34 eb d9 98  ..b.,`A%.v].4...

D (25801) mbedtls: ssl_tls12_client.c:2047 0x3ffc1c60: 0060:  3a 53 89 69 d5 26 b0 73 99 77 2d 05 6c 4f af 8f  :S.i.&.s.w-.lO..

D (25801) mbedtls: ssl_tls12_client.c:2047 0x3ffc1c60: 0070:  ae c9 1a 49 36 41 89 c4 46 16 ba ec 87 b8 78 9b  ...I6A..F.....x.

D (25801) mbedtls: ssl_tls12_client.c:2047 0x3ffc1c60: 0080:  f2 46 21 f1 a6 d6 ed b6 bb 4b bb 8f 48 fc a2 6b  .F!......K..H..k

D (25801) mbedtls: ssl_tls12_client.c:2047 0x3ffc1c60: 0090:  50 9c 16 76 68 f3 84 57 bc ac 49 52 69 9a 78 9d  P..vh..W..IRi.x.

D (25801) mbedtls: ssl_tls12_client.c:2047 0x3ffc1c60: 00a0:  f3 8b 78 3a d3 eb f2 4a d6 cf 8d ac 69 63 6a d7  ..x:...J....icj.

D (25801) mbedtls: ssl_tls12_client.c:2047 0x3ffc1c60: 00b0:  0b 9d ee 74 4c bd 9d 39 40 fe 99 17 08 7c e4 0f  ...tL..9@....|..

D (25801) mbedtls: ssl_tls12_client.c:2047 0x3ffc1c60: 00c0:  6c ee dc fd 20 dc 31 3f f2 df 82 6b a3 fe 65 d7  l... .1?...k..e.

D (25801) mbedtls: ssl_tls12_client.c:2047 0x3ffc1c60: 00d0:  26 6f 89 0a 9f ba 35 f1 63 17 77 75 e9 14 4e 47  &o....5.c.wu..NG

D (25801) mbedtls: ssl_tls12_client.c:2047 0x3ffc1c60: 00e0:  0b c3 c4 77 ef 88 6e 15 79 84 55 d6 f0 7f 74 45  ...w..n.y.U...tE

D (25801) mbedtls: ssl_tls12_client.c:2047 0x3ffc1c60: 00f0:  e8 75 e8 8b f5 32 61 8b 37 0d e5 2d 82 bb cb e4  .u...2a.7..-....

D (25801) mbedtls: ssl_tls.c:8082 0x3ffc1c60: Perform PSA-based computation of digest of ServerKeyExchange

D (25811) mbedtls: ssl_tls12_client.c:2064 0x3ffc1c60: dumping 'parameters hash' (64 bytes)

D (25811) mbedtls: ssl_tls12_client.c:2064 0x3ffc1c60: 0000:  ad f9 5a de a6 f1 c5 26 ea ae ff 0d 0b df b6 55  ..Z....&.......U

D (25811) mbedtls: ssl_tls12_client.c:2064 0x3ffc1c60: 0010:  5d f7 7a 1c 99 43 ad 71 b9 c9 ea a8 28 37 e3 98  ].z..C.q....(7..

D (25811) mbedtls: ssl_tls12_client.c:2064 0x3ffc1c60: 0020:  4d 3b d1 28 b5 cc 4b 96 5a b0 69 4b bd b1 d6 68  M;.(..K.Z.iK...h

D (25811) mbedtls: ssl_tls12_client.c:2064 0x3ffc1c60: 0030:  20 0d 64 4e 19 4f 0e 32 cd 9d df 2b cd fe e1 82   .dN.O.2...+....

D (25821) mbedtls: ssl_misc.h:1295 0x3ffc1c60: handshake state: 4 (MBEDTLS_SSL_SERVER_KEY_EXCHANGE) -> 5 (MBEDTLS_SSL_CERTIFICATE_REQUEST)

I (25821) mbedtls: ssl_tls12_client.c:2118 0x3ffc1c60: <= parse server key exchange

I (25821) mbedtls: ssl_msg.c:2063 0x3ffc1c60: => flush output

I (25821) mbedtls: ssl_msg.c:2072 0x3ffc1c60: <= flush output

I (25821) mbedtls: ssl_tls.c:4201 0x3ffc1c60: client state: MBEDTLS_SSL_CERTIFICATE_REQUEST

I (25821) mbedtls: ssl_tls12_client.c:2157 0x3ffc1c60: => parse certificate request

I (25821) mbedtls: ssl_msg.c:4040 0x3ffc1c60: => read record

I (25821) mbedtls: ssl_msg.c:1865 0x3ffc1c60: => fetch input

I (25821) mbedtls: ssl_msg.c:2005 0x3ffc1c60: in_left: 0, nb_want: 5

I (25821) mbedtls: ssl_msg.c:2025 0x3ffc1c60: in_left: 0, nb_want: 5

I (25821) mbedtls: ssl_msg.c:2028 0x3ffc1c60: ssl->f_recv(_timeout)() returned 5 (-0xfffffffb)

I (25821) mbedtls: ssl_msg.c:2050 0x3ffc1c60: <= fetch input

D (25821) mbedtls: ssl_msg.c:3707 0x3ffc1c60: input record: msgtype = 22, version = [0x303], msglen = 4

I (25821) mbedtls: ssl_msg.c:1865 0x3ffc1c60: => fetch input

I (25821) mbedtls: ssl_msg.c:2005 0x3ffc1c60: in_left: 5, nb_want: 9

I (25821) mbedtls: ssl_msg.c:2025 0x3ffc1c60: in_left: 5, nb_want: 9

I (25821) mbedtls: ssl_msg.c:2028 0x3ffc1c60: ssl->f_recv(_timeout)() returned 4 (-0xfffffffc)

I (25821) mbedtls: ssl_msg.c:2050 0x3ffc1c60: <= fetch input

D (25821) mbedtls: ssl_msg.c:2948 0x3ffc1c60: handshake message: msglen = 4, type = 14, hslen = 4

D (25821) mbedtls: ssl_msg.c:3085 0x3ffc1c60: sole handshake fragment: 4, 0..4 of 4

I (25821) mbedtls: ssl_msg.c:4112 0x3ffc1c60: <= read record

D (25821) mbedtls: ssl_misc.h:1295 0x3ffc1c60: handshake state: 5 (MBEDTLS_SSL_CERTIFICATE_REQUEST) -> 6 (MBEDTLS_SSL_SERVER_HELLO_DONE)

D (25821) mbedtls: ssl_tls12_client.c:2183 0x3ffc1c60: got no certificate request

I (25821) mbedtls: ssl_tls12_client.c:2319 0x3ffc1c60: <= parse certificate request

I (25821) mbedtls: ssl_msg.c:2063 0x3ffc1c60: => flush output

I (25821) mbedtls: ssl_msg.c:2072 0x3ffc1c60: <= flush output

I (25821) mbedtls: ssl_tls.c:4201 0x3ffc1c60: client state: MBEDTLS_SSL_SERVER_HELLO_DONE

I (25821) mbedtls: ssl_tls12_client.c:2330 0x3ffc1c60: => parse server hello done

I (25821) mbedtls: ssl_msg.c:4040 0x3ffc1c60: => read record

I (25821) mbedtls: ssl_msg.c:4108 0x3ffc1c60: reuse previously read message

I (25821) mbedtls: ssl_msg.c:4112 0x3ffc1c60: <= read record

D (25821) mbedtls: ssl_misc.h:1295 0x3ffc1c60: handshake state: 6 (MBEDTLS_SSL_SERVER_HELLO_DONE) -> 7 (MBEDTLS_SSL_CLIENT_CERTIFICATE)

I (25821) mbedtls: ssl_tls12_client.c:2358 0x3ffc1c60: <= parse server hello done

I (25821) mbedtls: ssl_msg.c:2063 0x3ffc1c60: => flush output

I (25821) mbedtls: ssl_msg.c:2072 0x3ffc1c60: <= flush output

I (25821) mbedtls: ssl_tls.c:4201 0x3ffc1c60: client state: MBEDTLS_SSL_CLIENT_CERTIFICATE

I (25821) mbedtls: ssl_tls.c:6675 0x3ffc1c60: => write certificate

I (25821) mbedtls: ssl_tls.c:6686 0x3ffc1c60: <= skip write certificate

D (25821) mbedtls: ssl_misc.h:1295 0x3ffc1c60: handshake state: 7 (MBEDTLS_SSL_CLIENT_CERTIFICATE) -> 8 (MBEDTLS_SSL_CLIENT_KEY_EXCHANGE)

I (25821) mbedtls: ssl_msg.c:2063 0x3ffc1c60: => flush output

I (25821) mbedtls: ssl_msg.c:2072 0x3ffc1c60: <= flush output

I (25821) mbedtls: ssl_tls.c:4201 0x3ffc1c60: client state: MBEDTLS_SSL_CLIENT_KEY_EXCHANGE

I (25831) mbedtls: ssl_tls12_client.c:2373 0x3ffc1c60: => write client key exchange

D (25831) mbedtls: ssl_tls12_client.c:2387 0x3ffc1c60: Perform PSA-based ECDH computation.

[mem-tick] t=   24386 ms phase=thr-setup    free=217004
[mem-tick] t=   24486 ms phase=thr-setup    free=216688
D (25971) mbedtls: ssl_misc.h:1295 0x3ffc1c60: handshake state: 8 (MBEDTLS_SSL_CLIENT_KEY_EXCHANGE) -> 9 (MBEDTLS_SSL_CERTIFICATE_VERIFY)

I (25971) mbedtls: ssl_msg.c:2494 0x3ffc1c60: => write handshake message

I (25971) mbedtls: ssl_msg.c:2654 0x3ffc1c60: => write record

D (25971) mbedtls: ssl_msg.c:2737 0x3ffc1c60: output record: msgtype = 22, version = [3:3], msglen = 37

I (25971) mbedtls: ssl_msg.c:2063 0x3ffc1c60: => flush output

I (25971) mbedtls: ssl_msg.c:2077 0x3ffc1c60: message length: 42, out_left: 42

I (25971) mbedtls: ssl_msg.c:2084 0x3ffc1c60: ssl->f_send() returned 42 (-0xffffffd6)

I (25971) mbedtls: ssl_msg.c:2111 0x3ffc1c60: <= flush output

I (25971) mbedtls: ssl_msg.c:2790 0x3ffc1c60: <= write record

I (25971) mbedtls: ssl_msg.c:2615 0x3ffc1c60: <= write handshake message

I (25971) mbedtls: ssl_tls12_client.c:2653 0x3ffc1c60: <= write client key exchange

I (25971) mbedtls: ssl_msg.c:2063 0x3ffc1c60: => flush output

I (25971) mbedtls: ssl_msg.c:2072 0x3ffc1c60: <= flush output

I (25971) mbedtls: ssl_tls.c:4201 0x3ffc1c60: client state: MBEDTLS_SSL_CERTIFICATE_VERIFY

I (25971) mbedtls: ssl_tls12_client.c:2701 0x3ffc1c60: => write certificate verify

I (25971) mbedtls: ssl_tls.c:6466 0x3ffc1c60: => derive keys

I (25971) mbedtls: ssl_tls.c:6557 0x3ffc1c60: => PSA calc verify

D (25971) mbedtls: ssl_tls.c:6568 0x3ffc1c60: dumping 'PSA calculated verify result' (48 bytes)

D (25971) mbedtls: ssl_tls.c:6568 0x3ffc1c60: 0000:  c1 ab b0 07 a3 e5 39 a9 c9 45 ab 27 bd 22 77 6b  ......9..E.'."wk

D (25971) mbedtls: ssl_tls.c:6568 0x3ffc1c60: 0010:  89 9e b1 75 69 1f 3d 28 91 4d 44 61 fc 78 a8 75  ...ui.=(.MDa.x.u

D (25971) mbedtls: ssl_tls.c:6568 0x3ffc1c60: 0020:  05 61 fb 4f 05 4a c3 b9 51 29 91 f6 c7 f9 09 e7  .a.O.J..Q)......

I (25971) mbedtls: ssl_tls.c:6569 0x3ffc1c60: <= PSA calc verify

D (25971) mbedtls: ssl_tls.c:6308 0x3ffc1c60: dumping 'session hash for extended master secret' (48 bytes)

D (25971) mbedtls: ssl_tls.c:6308 0x3ffc1c60: 0000:  c1 ab b0 07 a3 e5 39 a9 c9 45 ab 27 bd 22 77 6b  ......9..E.'."wk

D (25971) mbedtls: ssl_tls.c:6308 0x3ffc1c60: 0010:  89 9e b1 75 69 1f 3d 28 91 4d 44 61 fc 78 a8 75  ...ui.=(.MDa.x.u

D (25971) mbedtls: ssl_tls.c:6308 0x3ffc1c60: 0020:  05 61 fb 4f 05 4a c3 b9 51 29 91 f6 c7 f9 09 e7  .a.O.J..Q)......

D (25971) mbedtls: ssl_tls.c:6449 0x3ffc1c60: dumping 'premaster secret' (32 bytes)

D (25971) mbedtls: ssl_tls.c:6449 0x3ffc1c60: 0000:  e7 31 d2 d6 ec a9 93 83 0b 60 d4 68 3c 75 ea 13  .1.......`.h<u..

D (25971) mbedtls: ssl_tls.c:6449 0x3ffc1c60: 0010:  5f 3e d0 30 4b 2e 8f 64 8d 01 2e fa 8c 93 3f 73  _>.0K..d......?s

D (25971) mbedtls: ssl_tls.c:7762 0x3ffc1c60: ciphersuite = TLS-ECDHE-RSA-WITH-AES-256-GCM-SHA384

D (25971) mbedtls: ssl_tls.c:7764 0x3ffc1c60: dumping 'master secret' (48 bytes)

D (25971) mbedtls: ssl_tls.c:7764 0x3ffc1c60: 0000:  8d 78 61 66 4c 6f 70 ba de 12 4e 23 33 cc a0 a8  .xafLop...N#3...

D (25971) mbedtls: ssl_tls.c:7764 0x3ffc1c60: 0010:  47 00 b4 94 91 74 c6 c1 52 97 cc 96 3d fd 69 e5  G....t..R...=.i.

D (25971) mbedtls: ssl_tls.c:7764 0x3ffc1c60: 0020:  b9 a4 de c2 c4 9f c2 2c 14 4b 32 f2 92 26 42 09  .......,.K2..&B.

D (25971) mbedtls: ssl_tls.c:7855 0x3ffc1c60: keylen: 32, minlen: 24, ivlen: 12, maclen: 0

I (25971) mbedtls: ssl_tls.c:6517 0x3ffc1c60: <= derive keys

I (25971) mbedtls: ssl_tls12_client.c:2723 0x3ffc1c60: <= skip write certificate verify

D (25971) mbedtls: ssl_misc.h:1295 0x3ffc1c60: handshake state: 9 (MBEDTLS_SSL_CERTIFICATE_VERIFY) -> 10 (MBEDTLS_SSL_CLIENT_CHANGE_CIPHER_SPEC)

I (25971) mbedtls: ssl_msg.c:2063 0x3ffc1c60: => flush output

I (25971) mbedtls: ssl_msg.c:2072 0x3ffc1c60: <= flush output

I (25971) mbedtls: ssl_tls.c:4201 0x3ffc1c60: client state: MBEDTLS_SSL_CLIENT_CHANGE_CIPHER_SPEC

I (25971) mbedtls: ssl_msg.c:5087 0x3ffc1c60: => write change cipher spec

D (25971) mbedtls: ssl_misc.h:1295 0x3ffc1c60: handshake state: 10 (MBEDTLS_SSL_CLIENT_CHANGE_CIPHER_SPEC) -> 11 (MBEDTLS_SSL_CLIENT_FINISHED)

I (25981) mbedtls: ssl_msg.c:2494 0x3ffc1c60: => write handshake message

I (25981) mbedtls: ssl_msg.c:2654 0x3ffc1c60: => write record

D (25981) mbedtls: ssl_msg.c:2737 0x3ffc1c60: output record: msgtype = 20, version = [3:3], msglen = 1

I (25981) mbedtls: ssl_msg.c:2063 0x3ffc1c60: => flush output

I (25981) mbedtls: ssl_msg.c:2077 0x3ffc1c60: message length: 6, out_left: 6

I (25981) mbedtls: ssl_msg.c:2084 0x3ffc1c60: ssl->f_send() returned 6 (-0xfffffffa)

I (25981) mbedtls: ssl_msg.c:2111 0x3ffc1c60: <= flush output

I (25981) mbedtls: ssl_msg.c:2790 0x3ffc1c60: <= write record

I (25981) mbedtls: ssl_msg.c:2615 0x3ffc1c60: <= write handshake message

I (25981) mbedtls: ssl_msg.c:5100 0x3ffc1c60: <= write change cipher spec

I (25981) mbedtls: ssl_msg.c:2063 0x3ffc1c60: => flush output

I (25981) mbedtls: ssl_msg.c:2072 0x3ffc1c60: <= flush output

I (25981) mbedtls: ssl_tls.c:4201 0x3ffc1c60: client state: MBEDTLS_SSL_CLIENT_FINISHED

I (25981) mbedtls: ssl_tls.c:7384 0x3ffc1c60: => write finished

I (25981) mbedtls: ssl_tls.c:7235 0x3ffc1c60: => calc PSA finished tls

D (25981) mbedtls: ssl_tls.c:7246 0x3ffc1c60: dumping 'PSA calculated padbuf' (48 bytes)

D (25981) mbedtls: ssl_tls.c:7246 0x3ffc1c60: 0000:  c1 ab b0 07 a3 e5 39 a9 c9 45 ab 27 bd 22 77 6b  ......9..E.'."wk

D (25981) mbedtls: ssl_tls.c:7246 0x3ffc1c60: 0010:  89 9e b1 75 69 1f 3d 28 91 4d 44 61 fc 78 a8 75  ...ui.=(.MDa.x.u

D (25981) mbedtls: ssl_tls.c:7246 0x3ffc1c60: 0020:  05 61 fb 4f 05 4a c3 b9 51 29 91 f6 c7 f9 09 e7  .a.O.J..Q)......

D (25981) mbedtls: ssl_tls.c:7258 0x3ffc1c60: dumping 'calc finished result' (12 bytes)

D (25981) mbedtls: ssl_tls.c:7258 0x3ffc1c60: 0000:  ef a0 06 ba d5 b0 96 05 5e 98 17 d5              ........^...

I (25981) mbedtls: ssl_tls.c:7262 0x3ffc1c60: <= calc finished

D (25981) mbedtls: ssl_misc.h:1295 0x3ffc1c60: handshake state: 11 (MBEDTLS_SSL_CLIENT_FINISHED) -> 12 (MBEDTLS_SSL_SERVER_CHANGE_CIPHER_SPEC)

D (25981) mbedtls: ssl_tls.c:7434 0x3ffc1c60: switching to new transform spec for outbound data

I (25981) mbedtls: ssl_msg.c:2494 0x3ffc1c60: => write handshake message

I (25981) mbedtls: ssl_msg.c:2654 0x3ffc1c60: => write record

I (25981) mbedtls: ssl_msg.c:808 0x3ffc1c60: => encrypt buf

D (25981) mbedtls: ssl_msg.c:1036 0x3ffc1c60: before encrypt: msglen = 16, including 0 bytes of padding

I (25981) mbedtls: ssl_msg.c:1265 0x3ffc1c60: <= encrypt buf

D (25981) mbedtls: ssl_msg.c:2737 0x3ffc1c60: output record: msgtype = 22, version = [3:3], msglen = 40

I (25981) mbedtls: ssl_msg.c:2063 0x3ffc1c60: => flush output

I (25981) mbedtls: ssl_msg.c:2077 0x3ffc1c60: message length: 45, out_left: 45

I (25981) mbedtls: ssl_msg.c:2084 0x3ffc1c60: ssl->f_send() returned 45 (-0xffffffd3)

I (25981) mbedtls: ssl_msg.c:2111 0x3ffc1c60: <= flush output

I (25981) mbedtls: ssl_msg.c:2790 0x3ffc1c60: <= write record

I (25981) mbedtls: ssl_msg.c:2615 0x3ffc1c60: <= write handshake message

I (25981) mbedtls: ssl_tls.c:7487 0x3ffc1c60: <= write finished

I (25981) mbedtls: ssl_msg.c:2063 0x3ffc1c60: => flush output

I (25981) mbedtls: ssl_msg.c:2072 0x3ffc1c60: <= flush output

I (25981) mbedtls: ssl_tls.c:4201 0x3ffc1c60: client state: MBEDTLS_SSL_SERVER_CHANGE_CIPHER_SPEC

D (25981) mbedtls: ssl_misc.h:1295 0x3ffc1c60: handshake state: 12 (MBEDTLS_SSL_SERVER_CHANGE_CIPHER_SPEC) -> 16 (MBEDTLS_SSL_NEW_SESSION_TICKET)

I (25981) mbedtls: ssl_tls12_client.c:2829 0x3ffc1c60: => parse new session ticket

I (25981) mbedtls: ssl_msg.c:4040 0x3ffc1c60: => read record

I (25991) mbedtls: ssl_msg.c:1865 0x3ffc1c60: => fetch input

I (25991) mbedtls: ssl_msg.c:2005 0x3ffc1c60: in_left: 0, nb_want: 5

I (25991) mbedtls: ssl_msg.c:2025 0x3ffc1c60: in_left: 0, nb_want: 5

I (25991) mbedtls: ssl_msg.c:2028 0x3ffc1c60: ssl->f_recv(_timeout)() returned 5 (-0xfffffffb)

I (25991) mbedtls: ssl_msg.c:2050 0x3ffc1c60: <= fetch input

D (25991) mbedtls: ssl_msg.c:3707 0x3ffc1c60: input record: msgtype = 22, version = [0x303], msglen = 186

I (25991) mbedtls: ssl_msg.c:1865 0x3ffc1c60: => fetch input

I (25991) mbedtls: ssl_msg.c:2005 0x3ffc1c60: in_left: 5, nb_want: 191

I (25991) mbedtls: ssl_msg.c:2025 0x3ffc1c60: in_left: 5, nb_want: 191

I (25991) mbedtls: ssl_msg.c:2028 0x3ffc1c60: ssl->f_recv(_timeout)() returned 186 (-0xffffff46)

I (25991) mbedtls: ssl_msg.c:2050 0x3ffc1c60: <= fetch input

D (25991) mbedtls: ssl_msg.c:2948 0x3ffc1c60: handshake message: msglen = 186, type = 4, hslen = 186

D (25991) mbedtls: ssl_msg.c:3085 0x3ffc1c60: sole handshake fragment: 186, 0..186 of 186

I (25991) mbedtls: ssl_msg.c:4112 0x3ffc1c60: <= read record

D (25991) mbedtls: ssl_tls12_client.c:2876 0x3ffc1c60: ticket length: 176

D (25991) mbedtls: ssl_misc.h:1295 0x3ffc1c60: handshake state: 16 (MBEDTLS_SSL_NEW_SESSION_TICKET) -> 12 (MBEDTLS_SSL_SERVER_CHANGE_CIPHER_SPEC)

D (25991) mbedtls: ssl_tls12_client.c:2920 0x3ffc1c60: ticket in use, discarding session id

I (25991) mbedtls: ssl_tls12_client.c:2923 0x3ffc1c60: <= parse new session ticket

I (25991) mbedtls: ssl_msg.c:2063 0x3ffc1c60: => flush output

I (25991) mbedtls: ssl_msg.c:2072 0x3ffc1c60: <= flush output

I (25991) mbedtls: ssl_tls.c:4201 0x3ffc1c60: client state: MBEDTLS_SSL_SERVER_CHANGE_CIPHER_SPEC

I (25991) mbedtls: ssl_msg.c:5109 0x3ffc1c60: => parse change cipher spec

I (25991) mbedtls: ssl_msg.c:4040 0x3ffc1c60: => read record

I (25991) mbedtls: ssl_msg.c:1865 0x3ffc1c60: => fetch input

I (25991) mbedtls: ssl_msg.c:2005 0x3ffc1c60: in_left: 0, nb_want: 5

I (25991) mbedtls: ssl_msg.c:2025 0x3ffc1c60: in_left: 0, nb_want: 5

I (25991) mbedtls: ssl_msg.c:2028 0x3ffc1c60: ssl->f_recv(_timeout)() returned 5 (-0xfffffffb)

I (25991) mbedtls: ssl_msg.c:2050 0x3ffc1c60: <= fetch input

D (25991) mbedtls: ssl_msg.c:3707 0x3ffc1c60: input record: msgtype = 20, version = [0x303], msglen = 1

I (25991) mbedtls: ssl_msg.c:1865 0x3ffc1c60: => fetch input

I (25991) mbedtls: ssl_msg.c:2005 0x3ffc1c60: in_left: 5, nb_want: 6

I (25991) mbedtls: ssl_msg.c:2025 0x3ffc1c60: in_left: 5, nb_want: 6

I (25991) mbedtls: ssl_msg.c:2028 0x3ffc1c60: ssl->f_recv(_timeout)() returned 1 (-0xffffffff)

I (25991) mbedtls: ssl_msg.c:2050 0x3ffc1c60: <= fetch input

I (25991) mbedtls: ssl_msg.c:4112 0x3ffc1c60: <= read record

D (25991) mbedtls: ssl_msg.c:5130 0x3ffc1c60: switching to new transform spec for inbound data

D (25991) mbedtls: ssl_misc.h:1295 0x3ffc1c60: handshake state: 12 (MBEDTLS_SSL_SERVER_CHANGE_CIPHER_SPEC) -> 13 (MBEDTLS_SSL_SERVER_FINISHED)

I (25991) mbedtls: ssl_msg.c:5157 0x3ffc1c60: <= parse change cipher spec

I (25991) mbedtls: ssl_msg.c:2063 0x3ffc1c60: => flush output

I (25991) mbedtls: ssl_msg.c:2072 0x3ffc1c60: <= flush output

I (25991) mbedtls: ssl_tls.c:4201 0x3ffc1c60: client state: MBEDTLS_SSL_SERVER_FINISHED

I (25991) mbedtls: ssl_tls.c:7500 0x3ffc1c60: => parse finished

I (25991) mbedtls: ssl_tls.c:7235 0x3ffc1c60: => calc PSA finished tls

D (25991) mbedtls: ssl_tls.c:7246 0x3ffc1c60: dumping 'PSA calculated padbuf' (48 bytes)

D (25991) mbedtls: ssl_tls.c:7246 0x3ffc1c60: 0000:  4f 07 cb 2c b9 e8 d3 5c d9 82 fb 21 f1 7c 67 7f  O..,...\...!.|g.

D (25991) mbedtls: ssl_tls.c:7246 0x3ffc1c60: 0010:  00 52 d3 20 03 8c c1 b7 68 eb 96 da c3 59 0c fe  .R. ....h....Y..

D (25991) mbedtls: ssl_tls.c:7246 0x3ffc1c60: 0020:  c5 0a 92 80 01 e3 a9 f4 32 91 ff c9 1d 26 66 fa  ........2....&f.

D (26001) mbedtls: ssl_tls.c:7258 0x3ffc1c60: dumping 'calc finished result' (12 bytes)

D (26001) mbedtls: ssl_tls.c:7258 0x3ffc1c60: 0000:  42 83 74 47 1f c3 d4 b3 46 89 2b 76              B.tG....F.+v

I (26001) mbedtls: ssl_tls.c:7262 0x3ffc1c60: <= calc finished

I (26001) mbedtls: ssl_msg.c:4040 0x3ffc1c60: => read record

I (26001) mbedtls: ssl_msg.c:1865 0x3ffc1c60: => fetch input

I (26001) mbedtls: ssl_msg.c:2005 0x3ffc1c60: in_left: 0, nb_want: 5

I (26001) mbedtls: ssl_msg.c:2025 0x3ffc1c60: in_left: 0, nb_want: 5

I (26001) mbedtls: ssl_msg.c:2028 0x3ffc1c60: ssl->f_recv(_timeout)() returned 5 (-0xfffffffb)

I (26001) mbedtls: ssl_msg.c:2050 0x3ffc1c60: <= fetch input

D (26001) mbedtls: ssl_msg.c:3707 0x3ffc1c60: input record: msgtype = 22, version = [0x303], msglen = 40

I (26001) mbedtls: ssl_msg.c:1865 0x3ffc1c60: => fetch input

I (26001) mbedtls: ssl_msg.c:2005 0x3ffc1c60: in_left: 5, nb_want: 45

I (26001) mbedtls: ssl_msg.c:2025 0x3ffc1c60: in_left: 5, nb_want: 45

I (26001) mbedtls: ssl_msg.c:2028 0x3ffc1c60: ssl->f_recv(_timeout)() returned 40 (-0xffffffd8)

I (26001) mbedtls: ssl_msg.c:2050 0x3ffc1c60: <= fetch input

I (26001) mbedtls: ssl_msg.c:1301 0x3ffc1c60: => decrypt buf

I (26001) mbedtls: ssl_msg.c:1831 0x3ffc1c60: <= decrypt buf

D (26001) mbedtls: ssl_msg.c:2948 0x3ffc1c60: handshake message: msglen = 16, type = 20, hslen = 16

D (26001) mbedtls: ssl_msg.c:3085 0x3ffc1c60: sole handshake fragment: 16, 0..16 of 16

I (26001) mbedtls: ssl_msg.c:4112 0x3ffc1c60: <= read record

D (26001) mbedtls: ssl_misc.h:1295 0x3ffc1c60: handshake state: 13 (MBEDTLS_SSL_SERVER_FINISHED) -> 14 (MBEDTLS_SSL_FLUSH_BUFFERS)

I (26001) mbedtls: ssl_tls.c:7571 0x3ffc1c60: <= parse finished

I (26001) mbedtls: ssl_msg.c:2063 0x3ffc1c60: => flush output

I (26001) mbedtls: ssl_msg.c:2072 0x3ffc1c60: <= flush output

I (26001) mbedtls: ssl_tls.c:4201 0x3ffc1c60: client state: MBEDTLS_SSL_FLUSH_BUFFERS

I (26001) mbedtls: ssl_tls12_client.c:3031 0x3ffc1c60: handshake: done

D (26001) mbedtls: ssl_misc.h:1295 0x3ffc1c60: handshake state: 14 (MBEDTLS_SSL_FLUSH_BUFFERS) -> 15 (MBEDTLS_SSL_HANDSHAKE_WRAPUP)

I (26001) mbedtls: ssl_msg.c:2063 0x3ffc1c60: => flush output

I (26001) mbedtls: ssl_msg.c:2072 0x3ffc1c60: <= flush output

I (26001) mbedtls: ssl_tls.c:4201 0x3ffc1c60: client state: MBEDTLS_SSL_HANDSHAKE_WRAPUP

D (26001) mbedtls: ssl_tls.c:7322 0x3ffc1c60: => handshake wrapup

D (26001) mbedtls: ssl_tls.c:7296 0x3ffc1c60: => handshake wrapup: final free

D (26001) mbedtls: ssl_tls.c:7315 0x3ffc1c60: <= handshake wrapup: final free

D (26001) mbedtls: ssl_misc.h:1295 0x3ffc1c60: handshake state: 15 (MBEDTLS_SSL_HANDSHAKE_WRAPUP) -> 27 (MBEDTLS_SSL_HANDSHAKE_OVER)

D (26001) mbedtls: ssl_tls.c:7376 0x3ffc1c60: <= handshake wrapup

I (26001) mbedtls: ssl_tls.c:4293 0x3ffc1c60: <= handshake

[mem-tick] t=   24583 ms phase=thr-p0       free=219868
[mem-tick] t=   24683 ms phase=thr-p0       free=218296
[mem-tick] t=   24783 ms phase=thr-p0       free=219792
[mem-tick] t=   24883 ms phase=thr-p0       free=219868
[mem-tick] t=   24984 ms phase=thr-p0       free=216692
[mem-tick] t=   25083 ms phase=thr-p0       free=218276
[mem-tick] t=   25183 ms phase=thr-p0       free=218264
[mem-tick] t=   25283 ms phase=thr-p0       free=218296
[thr] round0 PLAIN 2097152 B in 766399 us = 21.89 Mbit/s
I (26771) mbedtls: ssl_msg.c:5925 0x3ffc1c60: => write

I (26771) mbedtls: ssl_msg.c:2654 0x3ffc1c60: => write record

I (26771) mbedtls: ssl_msg.c:808 0x3ffc1c60: => encrypt buf

D (26781) mbedtls: ssl_msg.c:1036 0x3ffc1c60: before encrypt: msglen = 1024, including 0 bytes of padding

I (26781) mbedtls: ssl_msg.c:1265 0x3ffc1c60: <= encrypt buf

D (26781) mbedtls: ssl_msg.c:2737 0x3ffc1c60: output record: msgtype = 23, version = [3:3], msglen = 1048

I (26781) mbedtls: ssl_msg.c:2063 0x3ffc1c60: => flush output

I (26781) mbedtls: ssl_msg.c:2077 0x3ffc1c60: message length: 1053, out_left: 1053

I (26781) mbedtls: ssl_msg.c:2084 0x3ffc1c60: ssl->f_send() returned 1053 (-0xfffffbe3)

I (26781) mbedtls: ssl_msg.c:2111 0x3ffc1c60: <= flush output

I (26781) mbedtls: ssl_msg.c:2790 0x3ffc1c60: <= write record

I (26781) mbedtls: ssl_msg.c:5947 0x3ffc1c60: <= write

I (26781) mbedtls: ssl_msg.c:5663 0x3ffc1c60: => read

I (26781) mbedtls: ssl_msg.c:4040 0x3ffc1c60: => read record

I (26781) mbedtls: ssl_msg.c:1865 0x3ffc1c60: => fetch input

I (26781) mbedtls: ssl_msg.c:2005 0x3ffc1c60: in_left: 0, nb_want: 5

[mem-tick] t=   25384 ms phase=thr-t0       free=220044
[mem-tick] t=   25484 ms phase=thr-t0       free=220044
[mem-tick] t=   25584 ms phase=thr-t0       free=220044
[mem-tick] t=   25684 ms phase=thr-t0       free=220044
[mem-tick] t=   25784 ms phase=thr-t0       free=220044
[mem-tick] t=   25884 ms phase=thr-t0       free=220044
[mem-tick] t=   25984 ms phase=thr-t0       free=220044
[mem-tick] t=   26084 ms phase=thr-t0       free=220044
[mem-tick] t=   26184 ms phase=thr-t0       free=220044
[mem-tick] t=   26284 ms phase=thr-t0       free=220044
[mem-tick] t=   26384 ms phase=thr-t0       free=220044
[mem-tick] t=   26483 ms phase=thr-t0       free=220044
[mem-tick] t=   26584 ms phase=thr-t0       free=220044
[mem-tick] t=   26684 ms phase=thr-t0       free=220044
[mem-tick] t=   26784 ms phase=thr-t0       free=220044
[mem-tick] t=   26884 ms phase=thr-t0       free=220044
[mem-tick] t=   26983 ms phase=thr-t0       free=220044
[mem-tick] t=   27084 ms phase=thr-t0       free=220044
[mem-tick] t=   27184 ms phase=thr-t0       free=220044
[mem-tick] t=   27284 ms phase=thr-t0       free=220044
[mem-tick] t=   27384 ms phase=thr-t0       free=220044
[mem-tick] t=   27484 ms phase=thr-t0       free=220044
[mem-tick] t=   27584 ms phase=thr-t0       free=220044
[mem-tick] t=   27684 ms phase=thr-t0       free=220044
[mem-tick] t=   27784 ms phase=thr-t0       free=220044
[mem-tick] t=   27884 ms phase=thr-t0       free=220044
[mem-tick] t=   27984 ms phase=thr-t0       free=220044
[mem-tick] t=   28084 ms phase=thr-t0       free=220044
[mem-tick] t=   28184 ms phase=thr-t0       free=220044
[mem-tick] t=   28284 ms phase=thr-t0       free=220044
[mem-tick] t=   28384 ms phase=thr-t0       free=220044
[mem-tick] t=   28483 ms phase=thr-t0       free=220044
[mem-tick] t=   28584 ms phase=thr-t0       free=220044
[mem-tick] t=   28684 ms phase=thr-t0       free=220044
[mem-tick] t=   28784 ms phase=thr-t0       free=220044
[mem-tick] t=   28884 ms phase=thr-t0       free=220044
[mem-tick] t=   28984 ms phase=thr-t0       free=220044
[mem-tick] t=   29084 ms phase=thr-t0       free=220044
[mem-tick] t=   29184 ms phase=thr-t0       free=220044
[mem-tick] t=   29284 ms phase=thr-t0       free=220044
[mem-tick] t=   29384 ms phase=thr-t0       free=220044
[mem-tick] t=   29484 ms phase=thr-t0       free=220044
[mem-tick] t=   29584 ms phase=thr-t0       free=220044
[mem-tick] t=   29683 ms phase=thr-t0       free=220044
[mem-tick] t=   29784 ms phase=thr-t0       free=220044
[mem-tick] t=   29884 ms phase=thr-t0       free=220044
[mem-tick] t=   29984 ms phase=thr-t0       free=220044
[mem-tick] t=   30084 ms phase=thr-t0       free=220044
[mem-tick] t=   30184 ms phase=thr-t0       free=220044
[mem-tick] t=   30284 ms phase=thr-t0       free=220044
[mem-tick] t=   30384 ms phase=thr-t0       free=220044
[mem-tick] t=   30483 ms phase=thr-t0       free=220044
[mem-tick] t=   30584 ms phase=thr-t0       free=220044
[mem-tick] t=   30683 ms phase=thr-t0       free=220044
[mem-tick] t=   30784 ms phase=thr-t0       free=220044
[mem-tick] t=   30884 ms phase=thr-t0       free=220044
[mem-tick] t=   30984 ms phase=thr-t0       free=220044
[mem-tick] t=   31084 ms phase=thr-t0       free=220044
[mem-tick] t=   31184 ms phase=thr-t0       free=220044
[mem-tick] t=   31284 ms phase=thr-t0       free=220044
[mem-tick] t=   31384 ms phase=thr-t0       free=220044
[mem-tick] t=   31484 ms phase=thr-t0       free=220044
[mem-tick] t=   31584 ms phase=thr-t0       free=220044
[mem-tick] t=   31684 ms phase=thr-t0       free=220044
[mem-tick] t=   31784 ms phase=thr-t0       free=220044
[mem-tick] t=   31884 ms phase=thr-t0       free=220044
[mem-tick] t=   31984 ms phase=thr-t0       free=220044
[mem-tick] t=   32084 ms phase=thr-t0       free=220044
[mem-tick] t=   32183 ms phase=thr-t0       free=220044
[mem-tick] t=   32284 ms phase=thr-t0       free=220044
[mem-tick] t=   32384 ms phase=thr-t0       free=220044
[mem-tick] t=   32484 ms phase=thr-t0       free=220044
[mem-tick] t=   32583 ms phase=thr-t0       free=220044
[mem-tick] t=   32684 ms phase=thr-t0       free=220044
[mem-tick] t=   32784 ms phase=thr-t0       free=220044
[mem-tick] t=   32884 ms phase=thr-t0       free=220044
[mem-tick] t=   32984 ms phase=thr-t0       free=220044
[mem-tick] t=   33084 ms phase=thr-t0       free=220044
[mem-tick] t=   33183 ms phase=thr-t0       free=220044
[mem-tick] t=   33284 ms phase=thr-t0       free=220044
[mem-tick] t=   33384 ms phase=thr-t0       free=220044
[mem-tick] t=   33484 ms phase=thr-t0       free=220044
[mem-tick] t=   33584 ms phase=thr-t0       free=220044
[mem-tick] t=   33683 ms phase=thr-t0       free=220044
[mem-tick] t=   33784 ms phase=thr-t0       free=220044
[mem-tick] t=   33884 ms phase=thr-t0       free=220044
[mem-tick] t=   33984 ms phase=thr-t0       free=220044
[mem-tick] t=   34084 ms phase=thr-t0       free=220044
[mem-tick] t=   34184 ms phase=thr-t0       free=220044
[mem-tick] t=   34284 ms phase=thr-t0       free=220044
[mem-tick] t=   34384 ms phase=thr-t0       free=220044
[mem-tick] t=   34484 ms phase=thr-t0       free=220044
[mem-tick] t=   34584 ms phase=thr-t0       free=220044
[mem-tick] t=   34684 ms phase=thr-t0       free=220044
[mem-tick] t=   34784 ms phase=thr-t0       free=220044
[mem-tick] t=   34884 ms phase=thr-t0       free=220044
[mem-tick] t=   34984 ms phase=thr-t0       free=220044
[mem-tick] t=   35084 ms phase=thr-t0       free=220044
[mem-tick] t=   35184 ms phase=thr-t0       free=220044
[mem-tick] t=   35284 ms phase=thr-t0       free=220044
I (36781) mbedtls: ssl_msg.c:2025 0x3ffc1c60: in_left: 0, nb_want: 5

[thr] round0 TLS failed
[thr] MEAN plain=7.30 Mbit/s tls=0.00 Mbit/s tax=100.0%
[mem] after-thr-close        free=245748 largest=110592 min-ever=210536

===== PHASE C: handshake under memory pressure (floor<=20000B) =====
[starve] grabbed=55 held=225280B free-floor=17080 largest=6144
[mem-tick] t=   35384 ms phase=thr-done     free=17080
[mem-tick] t=   35484 ms phase=thr-done     free=17080
[mem] starved-floor          free=17080 largest=6144 min-ever=17000
[phase-c] attempting TLS handshake with only 17080 bytes free ...
W (36981) esp-tls-mbedtls: skip_common_name=true: hostname matching and SNI disabled. This disables ALL server-name authentication (CN/SAN/SNI), not just CN. Only intended for loopback / debug clients.
W (36981) mbedtls: ssl_tls.c:1204 0x3ffb6124: alloc(16717 bytes) failed

E (36981) esp-tls-mbedtls: mbedtls_ssl_setup returned -0x008D
I (36981) esp-tls-mbedtls: (FFFFFF73): UNKNOWN ERROR CODE (0080) : UNKNOWN ERROR CODE (000D)
E (36981) esp-tls: create_ssl_handle failed
E (36981) esp-tls: Failed to open new connection
[conn] TLS to 10.0.2.2:22443 FAILED after 1496 us
[err] handshake: last_esp_err=0x8017 tls_code=-0xffffff73 cert_flags=0x0 (sys_errno=0 mb_code=-0x0000)
[phase-c] FAIL captured (see [err]/mbedtls lines above)
[starve] released, free-now=242368
[mem-tick] t=   35584 ms phase=release      free=245764
[mem-tick] t=   35684 ms phase=release      free=245764
[mem-tick] t=   35784 ms phase=release      free=245764
[mem-tick] t=   35884 ms phase=release      free=245764
[mem-tick] t=   35983 ms phase=release      free=245764
[mem] after-release          free=245764 largest=110592 min-ever=12008
[phase-c] retrying same handshake after release ...
W (37481) esp-tls-mbedtls: skip_common_name=true: hostname matching and SNI disabled. This disables ALL server-name authentication (CN/SAN/SNI), not just CN. Only intended for loopback / debug clients.
D (37481) esp-tls: handshake in progress...
I (37481) mbedtls: ssl_tls.c:4282 0x3ffb6124: => handshake

I (37481) mbedtls: ssl_msg.c:2063 0x3ffb6124: => flush output

I (37481) mbedtls: ssl_msg.c:2072 0x3ffb6124: <= flush output

I (37481) mbedtls: ssl_tls.c:4201 0x3ffb6124: client state: MBEDTLS_SSL_HELLO_REQUEST

D (37481) mbedtls: ssl_misc.h:1295 0x3ffb6124: handshake state: 0 (MBEDTLS_SSL_HELLO_REQUEST) -> 1 (MBEDTLS_SSL_CLIENT_HELLO)

I (37481) mbedtls: ssl_msg.c:2063 0x3ffb6124: => flush output

I (37481) mbedtls: ssl_msg.c:2072 0x3ffb6124: <= flush output

I (37481) mbedtls: ssl_tls.c:4201 0x3ffb6124: client state: MBEDTLS_SSL_CLIENT_HELLO

I (37481) mbedtls: ssl_client.c:917 0x3ffb6124: => write client hello

D (37481) mbedtls: ssl_client.c:722 0x3ffb6124: client hello, current time: 36

D (37481) mbedtls: ssl_client.c:485 0x3ffb6124: dumping 'client hello, random bytes' (32 bytes)

D (37481) mbedtls: ssl_client.c:485 0x3ffb6124: 0000:  00 00 00 24 a2 d0 ba 00 3a 06 63 d0 60 b2 a3 81  ...$....:.c.`...

D (37481) mbedtls: ssl_client.c:485 0x3ffb6124: 0010:  c6 08 a0 ce 1e ec 8f 4a b4 55 04 48 c2 cd 75 10  .......J.U.H..u.

D (37481) mbedtls: ssl_client.c:510 0x3ffb6124: dumping 'session id' (0 bytes)

D (37481) mbedtls: ssl_client.c:368 0x3ffb6124: client hello, add ciphersuite: c02c, TLS-ECDHE-ECDSA-WITH-AES-256-GCM-SHA384

D (37481) mbedtls: ssl_client.c:368 0x3ffb6124: client hello, add ciphersuite: c030, TLS-ECDHE-RSA-WITH-AES-256-GCM-SHA384

D (37481) mbedtls: ssl_client.c:368 0x3ffb6124: client hello, add ciphersuite: c0ad, TLS-ECDHE-ECDSA-WITH-AES-256-CCM

D (37481) mbedtls: ssl_client.c:368 0x3ffb6124: client hello, add ciphersuite: c024, TLS-ECDHE-ECDSA-WITH-AES-256-CBC-SHA384

D (37481) mbedtls: ssl_client.c:368 0x3ffb6124: client hello, add ciphersuite: c028, TLS-ECDHE-RSA-WITH-AES-256-CBC-SHA384

D (37481) mbedtls: ssl_client.c:368 0x3ffb6124: client hello, add ciphersuite: c00a, TLS-ECDHE-ECDSA-WITH-AES-256-CBC-SHA

D (37481) mbedtls: ssl_client.c:368 0x3ffb6124: client hello, add ciphersuite: c014, TLS-ECDHE-RSA-WITH-AES-256-CBC-SHA

D (37481) mbedtls: ssl_client.c:368 0x3ffb6124: client hello, add ciphersuite: c0af, TLS-ECDHE-ECDSA-WITH-AES-256-CCM-8

D (37481) mbedtls: ssl_client.c:368 0x3ffb6124: client hello, add ciphersuite: c02b, TLS-ECDHE-ECDSA-WITH-AES-128-GCM-SHA256

D (37481) mbedtls: ssl_client.c:368 0x3ffb6124: client hello, add ciphersuite: c02f, TLS-ECDHE-RSA-WITH-AES-128-GCM-SHA256

D (37481) mbedtls: ssl_client.c:368 0x3ffb6124: client hello, add ciphersuite: c0ac, TLS-ECDHE-ECDSA-WITH-AES-128-CCM

D (37481) mbedtls: ssl_client.c:368 0x3ffb6124: client hello, add ciphersuite: c023, TLS-ECDHE-ECDSA-WITH-AES-128-CBC-SHA256

D (37481) mbedtls: ssl_client.c:368 0x3ffb6124: client hello, add ciphersuite: c027, TLS-ECDHE-RSA-WITH-AES-128-CBC-SHA256

D (37481) mbedtls: ssl_client.c:368 0x3ffb6124: client hello, add ciphersuite: c009, TLS-ECDHE-ECDSA-WITH-AES-128-CBC-SHA

D (37481) mbedtls: ssl_client.c:368 0x3ffb6124: client hello, add ciphersuite: c013, TLS-ECDHE-RSA-WITH-AES-128-CBC-SHA

D (37481) mbedtls: ssl_client.c:368 0x3ffb6124: client hello, add ciphersuite: c0ae, TLS-ECDHE-ECDSA-WITH-AES-128-CCM-8

D (37481) mbedtls: ssl_client.c:386 0x3ffb6124: adding EMPTY_RENEGOTIATION_INFO_SCSV

D (37481) mbedtls: ssl_client.c:395 0x3ffb6124: client hello, got 17 cipher suites

D (37481) mbedtls: ssl_client.c:229 0x3ffb6124: client hello, adding supported_groups extension

D (37481) mbedtls: ssl_client.c:248 0x3ffb6124: got supported group(001d)

D (37481) mbedtls: ssl_client.c:280 0x3ffb6124: NamedGroup: x25519 ( 1d )

D (37481) mbedtls: ssl_client.c:248 0x3ffb6124: got supported group(0017)

D (37481) mbedtls: ssl_client.c:280 0x3ffb6124: NamedGroup: secp256r1 ( 17 )

D (37481) mbedtls: ssl_client.c:248 0x3ffb6124: got supported group(0018)

D (37481) mbedtls: ssl_client.c:280 0x3ffb6124: NamedGroup: secp384r1 ( 18 )

D (37481) mbedtls: ssl_client.c:248 0x3ffb6124: got supported group(001e)

D (37481) mbedtls: ssl_client.c:280 0x3ffb6124: NamedGroup: x448 ( 1e )

D (37481) mbedtls: ssl_client.c:248 0x3ffb6124: got supported group(0019)

D (37481) mbedtls: ssl_client.c:280 0x3ffb6124: NamedGroup: secp521r1 ( 19 )

D (37481) mbedtls: ssl_client.c:248 0x3ffb6124: got supported group(001a)

D (37481) mbedtls: ssl_client.c:280 0x3ffb6124: NamedGroup: bp256r1 ( 1a )

D (37481) mbedtls: ssl_client.c:248 0x3ffb6124: got supported group(001b)

D (37481) mbedtls: ssl_client.c:280 0x3ffb6124: NamedGroup: bp384r1 ( 1b )

D (37491) mbedtls: ssl_client.c:248 0x3ffb6124: got supported group(001c)

D (37491) mbedtls: ssl_client.c:280 0x3ffb6124: NamedGroup: bp512r1 ( 1c )

D (37491) mbedtls: ssl_client.c:248 0x3ffb6124: got supported group(0100)

D (37491) mbedtls: ssl_client.c:248 0x3ffb6124: got supported group(0101)

D (37491) mbedtls: ssl_client.c:248 0x3ffb6124: got supported group(0102)

D (37491) mbedtls: ssl_client.c:248 0x3ffb6124: got supported group(0103)

D (37491) mbedtls: ssl_client.c:248 0x3ffb6124: got supported group(0104)

D (37491) mbedtls: ssl_client.c:300 0x3ffb6124: dumping 'Supported groups extension' (18 bytes)

D (37491) mbedtls: ssl_client.c:300 0x3ffb6124: 0000:  00 10 00 1d 00 17 00 18 00 1e 00 19 00 1a 00 1b  ................

D (37491) mbedtls: ssl_client.c:300 0x3ffb6124: 0010:  00 1c                                            ..

D (37491) mbedtls: ssl_tls.c:8276 0x3ffb6124: adding signature_algorithms extension

D (37491) mbedtls: ssl_tls.c:8296 0x3ffb6124: got signature scheme [603] ecdsa_secp521r1_sha512

D (37491) mbedtls: ssl_tls.c:8305 0x3ffb6124: sent signature scheme [603] ecdsa_secp521r1_sha512

D (37491) mbedtls: ssl_tls.c:8296 0x3ffb6124: got signature scheme [806] rsa_pss_rsae_sha512

D (37491) mbedtls: ssl_tls.c:8296 0x3ffb6124: got signature scheme [601] rsa_pkcs1_sha512

D (37491) mbedtls: ssl_tls.c:8305 0x3ffb6124: sent signature scheme [601] rsa_pkcs1_sha512

D (37491) mbedtls: ssl_tls.c:8296 0x3ffb6124: got signature scheme [503] ecdsa_secp384r1_sha384

D (37491) mbedtls: ssl_tls.c:8305 0x3ffb6124: sent signature scheme [503] ecdsa_secp384r1_sha384

D (37491) mbedtls: ssl_tls.c:8296 0x3ffb6124: got signature scheme [805] rsa_pss_rsae_sha384

D (37491) mbedtls: ssl_tls.c:8296 0x3ffb6124: got signature scheme [501] rsa_pkcs1_sha384

D (37491) mbedtls: ssl_tls.c:8305 0x3ffb6124: sent signature scheme [501] rsa_pkcs1_sha384

D (37491) mbedtls: ssl_tls.c:8296 0x3ffb6124: got signature scheme [403] ecdsa_secp256r1_sha256

D (37491) mbedtls: ssl_tls.c:8305 0x3ffb6124: sent signature scheme [403] ecdsa_secp256r1_sha256

D (37491) mbedtls: ssl_tls.c:8296 0x3ffb6124: got signature scheme [804] rsa_pss_rsae_sha256

D (37491) mbedtls: ssl_tls.c:8296 0x3ffb6124: got signature scheme [401] rsa_pkcs1_sha256

D (37491) mbedtls: ssl_tls.c:8305 0x3ffb6124: sent signature scheme [401] rsa_pkcs1_sha256

D (37491) mbedtls: ssl_tls12_client.c:103 0x3ffb6124: client hello, adding supported_point_formats extension

D (37491) mbedtls: ssl_tls12_client.c:287 0x3ffb6124: client hello, adding encrypt_then_mac extension

D (37491) mbedtls: ssl_tls12_client.c:319 0x3ffb6124: client hello, adding extended_master_secret extension

D (37491) mbedtls: ssl_tls12_client.c:352 0x3ffb6124: client hello, adding session ticket extension

D (37491) mbedtls: ssl_client.c:687 0x3ffb6124: client hello, total extension length: 58

D (37491) mbedtls: ssl_client.c:689 0x3ffb6124: dumping 'client hello extensions' (58 bytes)

D (37491) mbedtls: ssl_client.c:689 0x3ffb6124: 0000:  00 3a 00 0a 00 12 00 10 00 1d 00 17 00 18 00 1e  .:..............

D (37491) mbedtls: ssl_client.c:689 0x3ffb6124: 0010:  00 19 00 1a 00 1b 00 1c 00 0d 00 0e 00 0c 06 03  ................

D (37491) mbedtls: ssl_client.c:689 0x3ffb6124: 0020:  06 01 05 03 05 01 04 03 04 01 00 0b 00 02 01 00  ................

D (37491) mbedtls: ssl_client.c:689 0x3ffb6124: 0030:  00 16 00 00 00 17 00 00 00 23                    .........#

I (37491) mbedtls: ssl_msg.c:2494 0x3ffb6124: => write handshake message

I (37491) mbedtls: ssl_msg.c:2654 0x3ffb6124: => write record

D (37491) mbedtls: ssl_msg.c:2737 0x3ffb6124: output record: msgtype = 22, version = [3:3], msglen = 137

I (37491) mbedtls: ssl_msg.c:2790 0x3ffb6124: <= write record

I (37491) mbedtls: ssl_msg.c:2615 0x3ffb6124: <= write handshake message

D (37491) mbedtls: ssl_misc.h:1295 0x3ffb6124: handshake state: 1 (MBEDTLS_SSL_CLIENT_HELLO) -> 2 (MBEDTLS_SSL_SERVER_HELLO)

I (37491) mbedtls: ssl_client.c:1010 0x3ffb6124: <= write client hello

I (37491) mbedtls: ssl_msg.c:2063 0x3ffb6124: => flush output

I (37491) mbedtls: ssl_msg.c:2077 0x3ffb6124: message length: 142, out_left: 142

I (37491) mbedtls: ssl_msg.c:2084 0x3ffb6124: ssl->f_send() returned 142 (-0xffffff72)

I (37491) mbedtls: ssl_msg.c:2111 0x3ffb6124: <= flush output

I (37491) mbedtls: ssl_tls.c:4201 0x3ffb6124: client state: MBEDTLS_SSL_SERVER_HELLO

I (37491) mbedtls: ssl_tls12_client.c:1151 0x3ffb6124: => parse server hello

I (37491) mbedtls: ssl_msg.c:4040 0x3ffb6124: => read record

I (37491) mbedtls: ssl_msg.c:1865 0x3ffb6124: => fetch input

I (37491) mbedtls: ssl_msg.c:2005 0x3ffb6124: in_left: 0, nb_want: 5

I (37491) mbedtls: ssl_msg.c:2025 0x3ffb6124: in_left: 0, nb_want: 5

I (37491) mbedtls: ssl_msg.c:2028 0x3ffb6124: ssl->f_recv(_timeout)() returned 5 (-0xfffffffb)

I (37491) mbedtls: ssl_msg.c:2050 0x3ffb6124: <= fetch input

D (37491) mbedtls: ssl_msg.c:3707 0x3ffb6124: input record: msgtype = 22, version = [0x303], msglen = 65

I (37491) mbedtls: ssl_msg.c:1865 0x3ffb6124: => fetch input

I (37491) mbedtls: ssl_msg.c:2005 0x3ffb6124: in_left: 5, nb_want: 70

I (37491) mbedtls: ssl_msg.c:2025 0x3ffb6124: in_left: 5, nb_want: 70

I (37491) mbedtls: ssl_msg.c:2028 0x3ffb6124: ssl->f_recv(_timeout)() returned 65 (-0xffffffbf)

I (37491) mbedtls: ssl_msg.c:2050 0x3ffb6124: <= fetch input

D (37491) mbedtls: ssl_msg.c:2948 0x3ffb6124: handshake message: msglen = 65, type = 2, hslen = 65

D (37501) mbedtls: ssl_msg.c:3085 0x3ffb6124: sole handshake fragment: 65, 0..65 of 65

I (37501) mbedtls: ssl_msg.c:4112 0x3ffb6124: <= read record

D (37501) mbedtls: ssl_tls12_client.c:1225 0x3ffb6124: dumping 'server hello, version' (2 bytes)

D (37501) mbedtls: ssl_tls12_client.c:1225 0x3ffb6124: 0000:  03 03                                            ..

D (37501) mbedtls: ssl_tls12_client.c:1246 0x3ffb6124: server hello, current time: 107427519

D (37501) mbedtls: ssl_tls12_client.c:1256 0x3ffb6124: dumping 'server hello, random bytes' (32 bytes)

D (37501) mbedtls: ssl_tls12_client.c:1256 0x3ffb6124: 0000:  06 67 36 bf 27 ed 31 f3 5a 0e db ac c4 1b e1 0f  .g6.'.1.Z.......

D (37501) mbedtls: ssl_tls12_client.c:1256 0x3ffb6124: 0010:  71 44 50 e8 f3 aa 72 78 20 7d 63 72 19 6b f6 82  qDP...rx }cr.k..

D (37501) mbedtls: ssl_tls12_client.c:1318 0x3ffb6124: server hello, session id len.: 0

D (37501) mbedtls: ssl_tls12_client.c:1319 0x3ffb6124: dumping 'server hello, session id' (0 bytes)

D (37501) mbedtls: ssl_misc.h:1295 0x3ffb6124: handshake state: 2 (MBEDTLS_SSL_SERVER_HELLO) -> 3 (MBEDTLS_SSL_SERVER_CERTIFICATE)

D (37501) mbedtls: ssl_tls12_client.c:1343 0x3ffb6124: no session has been resumed

D (37501) mbedtls: ssl_tls12_client.c:1346 0x3ffb6124: server hello, chosen ciphersuite: c030

D (37501) mbedtls: ssl_tls12_client.c:1347 0x3ffb6124: server hello, compress alg.: 0

D (37501) mbedtls: ssl_tls12_client.c:1382 0x3ffb6124: server hello, chosen ciphersuite: TLS-ECDHE-RSA-WITH-AES-256-GCM-SHA384

I (37501) mbedtls: ssl_tls12_client.c:1403 0x3ffb6124: server hello, total extension length: 21

D (37501) mbedtls: ssl_tls12_client.c:1421 0x3ffb6124: found renegotiation extension

D (37501) mbedtls: ssl_tls12_client.c:1500 0x3ffb6124: found supported_point_formats extension

D (37501) mbedtls: ssl_tls12_client.c:1486 0x3ffb6124: found session_ticket extension

D (37501) mbedtls: ssl_tls12_client.c:1473 0x3ffb6124: found extended_master_secret extension

I (37501) mbedtls: ssl_tls12_client.c:1617 0x3ffb6124: <= parse server hello

I (37501) mbedtls: ssl_msg.c:2063 0x3ffb6124: => flush output

I (37501) mbedtls: ssl_msg.c:2072 0x3ffb6124: <= flush output

I (37501) mbedtls: ssl_tls.c:4201 0x3ffb6124: client state: MBEDTLS_SSL_SERVER_CERTIFICATE

I (37501) mbedtls: ssl_tls.c:7077 0x3ffb6124: => parse certificate

I (37501) mbedtls: ssl_msg.c:4040 0x3ffb6124: => read record

I (37501) mbedtls: ssl_msg.c:1865 0x3ffb6124: => fetch input

I (37501) mbedtls: ssl_msg.c:2005 0x3ffb6124: in_left: 0, nb_want: 5

I (37501) mbedtls: ssl_msg.c:2025 0x3ffb6124: in_left: 0, nb_want: 5

I (37501) mbedtls: ssl_msg.c:2028 0x3ffb6124: ssl->f_recv(_timeout)() returned 5 (-0xfffffffb)

I (37501) mbedtls: ssl_msg.c:2050 0x3ffb6124: <= fetch input

D (37501) mbedtls: ssl_msg.c:3707 0x3ffb6124: input record: msgtype = 22, version = [0x303], msglen = 791

I (37501) mbedtls: ssl_msg.c:1865 0x3ffb6124: => fetch input

I (37501) mbedtls: ssl_msg.c:2005 0x3ffb6124: in_left: 5, nb_want: 796

I (37501) mbedtls: ssl_msg.c:2025 0x3ffb6124: in_left: 5, nb_want: 796

I (37501) mbedtls: ssl_msg.c:2028 0x3ffb6124: ssl->f_recv(_timeout)() returned 791 (-0xfffffce9)

I (37501) mbedtls: ssl_msg.c:2050 0x3ffb6124: <= fetch input

D (37501) mbedtls: ssl_msg.c:2948 0x3ffb6124: handshake message: msglen = 791, type = 11, hslen = 791

D (37501) mbedtls: ssl_msg.c:3085 0x3ffb6124: sole handshake fragment: 791, 0..791 of 791

I (37501) mbedtls: ssl_msg.c:4112 0x3ffb6124: <= read record

D (37501) mbedtls: ssl_tls.c:6952 0x3ffb6124: peer certificate #1:

D (37501) mbedtls: ssl_tls.c:6952 0x3ffb6124: cert. version     : 3

D (37501) mbedtls: ssl_tls.c:6952 0x3ffb6124: serial number     : 77:66:A5:9D:AF:14:9E:F2:03:F7:3C:2B:1A:5C:81:86:F8:A3:4E:52

D (37501) mbedtls: ssl_tls.c:6952 0x3ffb6124: issuer name       : CN=localhost

D (37501) mbedtls: ssl_tls.c:6952 0x3ffb6124: subject name      : CN=localhost

D (37501) mbedtls: ssl_tls.c:6952 0x3ffb6124: issued  on        : 2026-08-26 20:20:30

D (37501) mbedtls: ssl_tls.c:6952 0x3ffb6124: expires on        : 2026-09-25 20:20:30

D (37501) mbedtls: ssl_tls.c:6952 0x3ffb6124: signed using      : RSA with SHA-256

D (37501) mbedtls: ssl_tls.c:6952 0x3ffb6124: RSA key size      : 2048 bits

D (37501) mbedtls: ssl_tls.c:6952 0x3ffb6124: basic constraints : CA=true

D (37501) mbedtls: ssl_tls.c:6952 0x3ffb6124: dumping 'crt->PK' (270 bytes)

D (37501) mbedtls: ssl_tls.c:6952 0x3ffb6124: 0000:  30 82 01 0a 02 82 01 01 00 dd 03 19 3e 8f 4a 05

D (37511) mbedtls: ssl_tls.c:6952 0x3ffb6124: 0010:  9c d6 74 e1 46 bc 40 7a 7e af 78 09 38 f6 d0 1c

D (37511) mbedtls: ssl_tls.c:6952 0x3ffb6124: 0020:  9d e4 2b 18 4c a1 87 f6 83 55 82 2d e0 21 fb b2

D (37511) mbedtls: ssl_tls.c:6952 0x3ffb6124: 0030:  00 2f 9b 98 36 24 73 47 a2 11 bb 50 05 1c 9e 40

D (37511) mbedtls: ssl_tls.c:6952 0x3ffb6124: 0040:  41 c9 de 81 7e a1 eb 82 48 35 d0 51 24 0d 22 bd

D (37511) mbedtls: ssl_tls.c:6952 0x3ffb6124: 0050:  7e c7 0b 60 74 e2 60 3e 76 de c1 3d b5 9f e9 d2

D (37511) mbedtls: ssl_tls.c:6952 0x3ffb6124: 0060:  ac 90 d3 84 2a 75 7c 41 8a 11 14 c8 bc 09 7b 9d

D (37511) mbedtls: ssl_tls.c:6952 0x3ffb6124: 0070:  45 54 95 c1 50 05 be f1 34 c0 05 55 f5 a2 b3 a8

D (37511) mbedtls: ssl_tls.c:6952 0x3ffb6124: 0080:  24 f6 ab 22 df 72 97 ef b5 8f e4 fe 49 be 4f c1

D (37511) mbedtls: ssl_tls.c:6952 0x3ffb6124: 0090:  08 e0 39 7a cd ba 74 2e d1 20 74 ad 6b 59 ab 86

D (37511) mbedtls: ssl_tls.c:6952 0x3ffb6124: 00a0:  5d 29 ab 81 f0 c1 22 3f 01 b9 0b a1 fb ee 70 9f

D (37511) mbedtls: ssl_tls.c:6952 0x3ffb6124: 00b0:  eb 29 5e 9f 1d 6a 0d dc 65 fd 5e 5d 38 0c 1a c3

D (37511) mbedtls: ssl_tls.c:6952 0x3ffb6124: 00c0:  ae b7 b7 2f 66 23 82 80 ab 7d 69 7c 8f 95 ab e8

D (37511) mbedtls: ssl_tls.c:6952 0x3ffb6124: 00d0:  c0 4d 21 42 7d 78 c8 25 8b 60 f6 0d 87 c9 f4 df

D (37511) mbedtls: ssl_tls.c:6952 0x3ffb6124: 00e0:  36 bf 16 7c 59 16 d1 09 ec 17 67 cf 5d 9f 8f 78

D (37511) mbedtls: ssl_tls.c:6952 0x3ffb6124: 00f0:  8c 3d d0 02 18 d5 bc a7 19 f4 51 fe 1d b3 20 40

D (37511) mbedtls: ssl_tls.c:6952 0x3ffb6124: 0100:  67 7e 3a cc 30 f3 8d a0 ef 02 03 01 00 01      

I (37511) mbedtls: ssl_tls.c:7191 0x3ffb6124: <= parse certificate

D (37511) mbedtls: ssl_misc.h:1295 0x3ffb6124: handshake state: 3 (MBEDTLS_SSL_SERVER_CERTIFICATE) -> 4 (MBEDTLS_SSL_SERVER_KEY_EXCHANGE)

I (37511) mbedtls: ssl_msg.c:2063 0x3ffb6124: => flush output

I (37511) mbedtls: ssl_msg.c:2072 0x3ffb6124: <= flush output

I (37511) mbedtls: ssl_tls.c:4201 0x3ffb6124: client state: MBEDTLS_SSL_SERVER_KEY_EXCHANGE

I (37511) mbedtls: ssl_tls12_client.c:1831 0x3ffb6124: => parse server key exchange

I (37511) mbedtls: ssl_msg.c:4040 0x3ffb6124: => read record

I (37511) mbedtls: ssl_msg.c:1865 0x3ffb6124: => fetch input

I (37511) mbedtls: ssl_msg.c:2005 0x3ffb6124: in_left: 0, nb_want: 5

I (37511) mbedtls: ssl_msg.c:2025 0x3ffb6124: in_left: 0, nb_want: 5

I (37511) mbedtls: ssl_msg.c:2028 0x3ffb6124: ssl->f_recv(_timeout)() returned 5 (-0xfffffffb)

I (37511) mbedtls: ssl_msg.c:2050 0x3ffb6124: <= fetch input

D (37511) mbedtls: ssl_msg.c:3707 0x3ffb6124: input record: msgtype = 22, version = [0x303], msglen = 300

I (37511) mbedtls: ssl_msg.c:1865 0x3ffb6124: => fetch input

I (37511) mbedtls: ssl_msg.c:2005 0x3ffb6124: in_left: 5, nb_want: 305

I (37511) mbedtls: ssl_msg.c:2025 0x3ffb6124: in_left: 5, nb_want: 305

I (37511) mbedtls: ssl_msg.c:2028 0x3ffb6124: ssl->f_recv(_timeout)() returned 300 (-0xfffffed4)

I (37511) mbedtls: ssl_msg.c:2050 0x3ffb6124: <= fetch input

D (37511) mbedtls: ssl_msg.c:2948 0x3ffb6124: handshake message: msglen = 300, type = 12, hslen = 300

D (37511) mbedtls: ssl_msg.c:3085 0x3ffb6124: sole handshake fragment: 300, 0..300 of 300

I (37511) mbedtls: ssl_msg.c:4112 0x3ffb6124: <= read record

D (37511) mbedtls: ssl_tls12_client.c:1885 0x3ffb6124: dumping 'server key exchange' (296 bytes)

D (37511) mbedtls: ssl_tls12_client.c:1885 0x3ffb6124: 0000:  03 00 1d 20 01 0f ef 51 7a ee 53 ba a4 73 c8 e9  ... ...Qz.S..s..

D (37511) mbedtls: ssl_tls12_client.c:1885 0x3ffb6124: 0010:  84 05 6c bc 0b 0e bf a4 bd c5 07 0b 48 8e b8 9c  ..l.........H...

D (37511) mbedtls: ssl_tls12_client.c:1885 0x3ffb6124: 0020:  7c df 5f 18 06 01 01 00 05 60 f5 c7 fe 3b dd 3a  |._......`...;.:

D (37511) mbedtls: ssl_tls12_client.c:1885 0x3ffb6124: 0030:  e3 52 d8 3f e0 aa 0b 50 3f 79 5f b5 89 35 8e 7e  .R.?...P?y_..5.~

D (37511) mbedtls: ssl_tls12_client.c:1885 0x3ffb6124: 0040:  02 cd 99 2c 24 b0 c3 1a 8a 86 7f 3e 76 63 0b ba  ...,$......>vc..

D (37511) mbedtls: ssl_tls12_client.c:1885 0x3ffb6124: 0050:  1c e2 de d2 f9 c0 2b 67 1f af c6 a9 b0 f3 b3 94  ......+g........

D (37511) mbedtls: ssl_tls12_client.c:1885 0x3ffb6124: 0060:  5a 1b 52 d4 b5 4a be a8 25 62 ab ed 2b 68 0b ec  Z.R..J..%b..+h..

D (37511) mbedtls: ssl_tls12_client.c:1885 0x3ffb6124: 0070:  72 29 b7 06 fc fe ad 67 ae 6a 07 b4 98 85 fd da  r).....g.j......

D (37511) mbedtls: ssl_tls12_client.c:1885 0x3ffb6124: 0080:  b8 a5 2b 8c 0d c5 4a cc b1 6a dc 3a 5c 97 9b 88  ..+...J..j.:\...

D (37511) mbedtls: ssl_tls12_client.c:1885 0x3ffb6124: 0090:  f2 c6 c7 f5 cd 96 47 4e 89 e2 35 02 15 04 f4 74  ......GN..5....t

D (37511) mbedtls: ssl_tls12_client.c:1885 0x3ffb6124: 00a0:  e8 f8 3f 56 87 a4 9e 26 7a 30 22 cb 00 04 46 83  ..?V...&z0"...F.

D (37511) mbedtls: ssl_tls12_client.c:1885 0x3ffb6124: 00b0:  23 78 41 35 71 bc 35 27 a6 58 01 ca 82 ff 07 07  #xA5q.5'.X......

D (37511) mbedtls: ssl_tls12_client.c:1885 0x3ffb6124: 00c0:  2c 8f ae 1e 26 cc ad 0e 7b 5a 8c f9 a5 47 24 d5  ,...&...{Z...G$.

D (37511) mbedtls: ssl_tls12_client.c:1885 0x3ffb6124: 00d0:  60 54 46 d1 cb 7b 96 87 74 b5 a4 e5 78 37 5c 2d  `TF..{..t...x7\-

D (37511) mbedtls: ssl_tls12_client.c:1885 0x3ffb6124: 00e0:  21 ad 8f 11 01 b8 29 41 32 04 92 59 52 6b 2c db  !.....)A2..YRk,.

D (37511) mbedtls: ssl_tls12_client.c:1885 0x3ffb6124: 00f0:  6f f1 1a 97 b2 7a 2d c5 c1 5f c8 d7 e5 16 9b 5b  o....z-.._.....[

D (37511) mbedtls: ssl_tls12_client.c:1885 0x3ffb6124: 0100:  d0 0b 9c 08 3b ad 95 90 ed f3 44 90 fe 29 36 07  ....;.....D..)6.

D (37511) mbedtls: ssl_tls12_client.c:1885 0x3ffb6124: 0110:  eb 4e 45 53 56 29 f5 19 f2 d0 bb 15 47 d5 43 a4  .NESV)......G.C.

D (37511) mbedtls: ssl_tls12_client.c:1885 0x3ffb6124: 0120:  db 54 ac 4b f6 11 ad 33                          .T.K...3

I (37521) mbedtls: ssl_tls12_client.c:1815 0x3ffb6124: Server used the signature algorithm rsa_pkcs1_sha512

D (37521) mbedtls: ssl_tls12_client.c:2047 0x3ffb6124: dumping 'signature' (256 bytes)

D (37521) mbedtls: ssl_tls12_client.c:2047 0x3ffb6124: 0000:  05 60 f5 c7 fe 3b dd 3a e3 52 d8 3f e0 aa 0b 50  .`...;.:.R.?...P

D (37521) mbedtls: ssl_tls12_client.c:2047 0x3ffb6124: 0010:  3f 79 5f b5 89 35 8e 7e 02 cd 99 2c 24 b0 c3 1a  ?y_..5.~...,$...

D (37521) mbedtls: ssl_tls12_client.c:2047 0x3ffb6124: 0020:  8a 86 7f 3e 76 63 0b ba 1c e2 de d2 f9 c0 2b 67  ...>vc........+g

D (37521) mbedtls: ssl_tls12_client.c:2047 0x3ffb6124: 0030:  1f af c6 a9 b0 f3 b3 94 5a 1b 52 d4 b5 4a be a8  ........Z.R..J..

D (37521) mbedtls: ssl_tls12_client.c:2047 0x3ffb6124: 0040:  25 62 ab ed 2b 68 0b ec 72 29 b7 06 fc fe ad 67  %b..+h..r).....g

D (37521) mbedtls: ssl_tls12_client.c:2047 0x3ffb6124: 0050:  ae 6a 07 b4 98 85 fd da b8 a5 2b 8c 0d c5 4a cc  .j........+...J.

D (37521) mbedtls: ssl_tls12_client.c:2047 0x3ffb6124: 0060:  b1 6a dc 3a 5c 97 9b 88 f2 c6 c7 f5 cd 96 47 4e  .j.:\.........GN

D (37521) mbedtls: ssl_tls12_client.c:2047 0x3ffb6124: 0070:  89 e2 35 02 15 04 f4 74 e8 f8 3f 56 87 a4 9e 26  ..5....t..?V...&

D (37521) mbedtls: ssl_tls12_client.c:2047 0x3ffb6124: 0080:  7a 30 22 cb 00 04 46 83 23 78 41 35 71 bc 35 27  z0"...F.#xA5q.5'

D (37521) mbedtls: ssl_tls12_client.c:2047 0x3ffb6124: 0090:  a6 58 01 ca 82 ff 07 07 2c 8f ae 1e 26 cc ad 0e  .X......,...&...

D (37521) mbedtls: ssl_tls12_client.c:2047 0x3ffb6124: 00a0:  7b 5a 8c f9 a5 47 24 d5 60 54 46 d1 cb 7b 96 87  {Z...G$.`TF..{..

D (37521) mbedtls: ssl_tls12_client.c:2047 0x3ffb6124: 00b0:  74 b5 a4 e5 78 37 5c 2d 21 ad 8f 11 01 b8 29 41  t...x7\-!.....)A

D (37521) mbedtls: ssl_tls12_client.c:2047 0x3ffb6124: 00c0:  32 04 92 59 52 6b 2c db 6f f1 1a 97 b2 7a 2d c5  2..YRk,.o....z-.

D (37521) mbedtls: ssl_tls12_client.c:2047 0x3ffb6124: 00d0:  c1 5f c8 d7 e5 16 9b 5b d0 0b 9c 08 3b ad 95 90  ._.....[....;...

D (37521) mbedtls: ssl_tls12_client.c:2047 0x3ffb6124: 00e0:  ed f3 44 90 fe 29 36 07 eb 4e 45 53 56 29 f5 19  ..D..)6..NESV)..

D (37521) mbedtls: ssl_tls12_client.c:2047 0x3ffb6124: 00f0:  f2 d0 bb 15 47 d5 43 a4 db 54 ac 4b f6 11 ad 33  ....G.C..T.K...3

D (37521) mbedtls: ssl_tls.c:8082 0x3ffb6124: Perform PSA-based computation of digest of ServerKeyExchange

D (37521) mbedtls: ssl_tls12_client.c:2064 0x3ffb6124: dumping 'parameters hash' (64 bytes)

D (37521) mbedtls: ssl_tls12_client.c:2064 0x3ffb6124: 0000:  fb ed 47 7b 08 b7 a2 29 3b 20 8c 3f ef 64 f2 84  ..G{...); .?.d..

D (37521) mbedtls: ssl_tls12_client.c:2064 0x3ffb6124: 0010:  a8 69 66 30 c7 14 46 13 33 65 66 f1 6c 44 ec 88  .if0..F.3ef.lD..

D (37521) mbedtls: ssl_tls12_client.c:2064 0x3ffb6124: 0020:  a5 2e 50 cf cc 76 15 5e 59 1f c5 f7 3f c5 f4 bc  ..P..v.^Y...?...

D (37521) mbedtls: ssl_tls12_client.c:2064 0x3ffb6124: 0030:  e1 02 4e 1d 2d 8a fb e5 26 58 dc 09 1e 17 e7 66  ..N.-...&X.....f

D (37531) mbedtls: ssl_misc.h:1295 0x3ffb6124: handshake state: 4 (MBEDTLS_SSL_SERVER_KEY_EXCHANGE) -> 5 (MBEDTLS_SSL_CERTIFICATE_REQUEST)

I (37531) mbedtls: ssl_tls12_client.c:2118 0x3ffb6124: <= parse server key exchange

I (37531) mbedtls: ssl_msg.c:2063 0x3ffb6124: => flush output

I (37531) mbedtls: ssl_msg.c:2072 0x3ffb6124: <= flush output

I (37531) mbedtls: ssl_tls.c:4201 0x3ffb6124: client state: MBEDTLS_SSL_CERTIFICATE_REQUEST

I (37531) mbedtls: ssl_tls12_client.c:2157 0x3ffb6124: => parse certificate request

I (37531) mbedtls: ssl_msg.c:4040 0x3ffb6124: => read record

I (37531) mbedtls: ssl_msg.c:1865 0x3ffb6124: => fetch input

I (37531) mbedtls: ssl_msg.c:2005 0x3ffb6124: in_left: 0, nb_want: 5

I (37531) mbedtls: ssl_msg.c:2025 0x3ffb6124: in_left: 0, nb_want: 5

I (37531) mbedtls: ssl_msg.c:2028 0x3ffb6124: ssl->f_recv(_timeout)() returned 5 (-0xfffffffb)

I (37531) mbedtls: ssl_msg.c:2050 0x3ffb6124: <= fetch input

D (37531) mbedtls: ssl_msg.c:3707 0x3ffb6124: input record: msgtype = 22, version = [0x303], msglen = 4

I (37531) mbedtls: ssl_msg.c:1865 0x3ffb6124: => fetch input

I (37531) mbedtls: ssl_msg.c:2005 0x3ffb6124: in_left: 5, nb_want: 9

I (37531) mbedtls: ssl_msg.c:2025 0x3ffb6124: in_left: 5, nb_want: 9

I (37531) mbedtls: ssl_msg.c:2028 0x3ffb6124: ssl->f_recv(_timeout)() returned 4 (-0xfffffffc)

I (37531) mbedtls: ssl_msg.c:2050 0x3ffb6124: <= fetch input

D (37531) mbedtls: ssl_msg.c:2948 0x3ffb6124: handshake message: msglen = 4, type = 14, hslen = 4

D (37531) mbedtls: ssl_msg.c:3085 0x3ffb6124: sole handshake fragment: 4, 0..4 of 4

I (37531) mbedtls: ssl_msg.c:4112 0x3ffb6124: <= read record

D (37531) mbedtls: ssl_misc.h:1295 0x3ffb6124: handshake state: 5 (MBEDTLS_SSL_CERTIFICATE_REQUEST) -> 6 (MBEDTLS_SSL_SERVER_HELLO_DONE)

D (37531) mbedtls: ssl_tls12_client.c:2183 0x3ffb6124: got no certificate request

I (37531) mbedtls: ssl_tls12_client.c:2319 0x3ffb6124: <= parse certificate request

I (37531) mbedtls: ssl_msg.c:2063 0x3ffb6124: => flush output

I (37531) mbedtls: ssl_msg.c:2072 0x3ffb6124: <= flush output

I (37531) mbedtls: ssl_tls.c:4201 0x3ffb6124: client state: MBEDTLS_SSL_SERVER_HELLO_DONE

I (37531) mbedtls: ssl_tls12_client.c:2330 0x3ffb6124: => parse server hello done

I (37531) mbedtls: ssl_msg.c:4040 0x3ffb6124: => read record

I (37531) mbedtls: ssl_msg.c:4108 0x3ffb6124: reuse previously read message

I (37531) mbedtls: ssl_msg.c:4112 0x3ffb6124: <= read record

D (37531) mbedtls: ssl_misc.h:1295 0x3ffb6124: handshake state: 6 (MBEDTLS_SSL_SERVER_HELLO_DONE) -> 7 (MBEDTLS_SSL_CLIENT_CERTIFICATE)

I (37531) mbedtls: ssl_tls12_client.c:2358 0x3ffb6124: <= parse server hello done

I (37531) mbedtls: ssl_msg.c:2063 0x3ffb6124: => flush output

I (37531) mbedtls: ssl_msg.c:2072 0x3ffb6124: <= flush output

I (37531) mbedtls: ssl_tls.c:4201 0x3ffb6124: client state: MBEDTLS_SSL_CLIENT_CERTIFICATE

I (37531) mbedtls: ssl_tls.c:6675 0x3ffb6124: => write certificate

I (37531) mbedtls: ssl_tls.c:6686 0x3ffb6124: <= skip write certificate

D (37541) mbedtls: ssl_misc.h:1295 0x3ffb6124: handshake state: 7 (MBEDTLS_SSL_CLIENT_CERTIFICATE) -> 8 (MBEDTLS_SSL_CLIENT_KEY_EXCHANGE)

I (37541) mbedtls: ssl_msg.c:2063 0x3ffb6124: => flush output

I (37541) mbedtls: ssl_msg.c:2072 0x3ffb6124: <= flush output

I (37541) mbedtls: ssl_tls.c:4201 0x3ffb6124: client state: MBEDTLS_SSL_CLIENT_KEY_EXCHANGE

I (37541) mbedtls: ssl_tls12_client.c:2373 0x3ffb6124: => write client key exchange

D (37541) mbedtls: ssl_tls12_client.c:2387 0x3ffb6124: Perform PSA-based ECDH computation.

[mem-tick] t=   36084 ms phase=heal         free=216620
[mem-tick] t=   36184 ms phase=heal         free=216288
D (37671) mbedtls: ssl_misc.h:1295 0x3ffb6124: handshake state: 8 (MBEDTLS_SSL_CLIENT_KEY_EXCHANGE) -> 9 (MBEDTLS_SSL_CERTIFICATE_VERIFY)

I (37671) mbedtls: ssl_msg.c:2494 0x3ffb6124: => write handshake message

I (37671) mbedtls: ssl_msg.c:2654 0x3ffb6124: => write record

D (37671) mbedtls: ssl_msg.c:2737 0x3ffb6124: output record: msgtype = 22, version = [3:3], msglen = 37

I (37671) mbedtls: ssl_msg.c:2063 0x3ffb6124: => flush output

I (37671) mbedtls: ssl_msg.c:2077 0x3ffb6124: message length: 42, out_left: 42

I (37671) mbedtls: ssl_msg.c:2084 0x3ffb6124: ssl->f_send() returned 42 (-0xffffffd6)

I (37671) mbedtls: ssl_msg.c:2111 0x3ffb6124: <= flush output

I (37671) mbedtls: ssl_msg.c:2790 0x3ffb6124: <= write record

I (37671) mbedtls: ssl_msg.c:2615 0x3ffb6124: <= write handshake message

I (37671) mbedtls: ssl_tls12_client.c:2653 0x3ffb6124: <= write client key exchange

I (37671) mbedtls: ssl_msg.c:2063 0x3ffb6124: => flush output

I (37681) mbedtls: ssl_msg.c:2072 0x3ffb6124: <= flush output

I (37681) mbedtls: ssl_tls.c:4201 0x3ffb6124: client state: MBEDTLS_SSL_CERTIFICATE_VERIFY

I (37681) mbedtls: ssl_tls12_client.c:2701 0x3ffb6124: => write certificate verify

I (37681) mbedtls: ssl_tls.c:6466 0x3ffb6124: => derive keys

I (37681) mbedtls: ssl_tls.c:6557 0x3ffb6124: => PSA calc verify

D (37681) mbedtls: ssl_tls.c:6568 0x3ffb6124: dumping 'PSA calculated verify result' (48 bytes)

D (37681) mbedtls: ssl_tls.c:6568 0x3ffb6124: 0000:  10 37 2c 52 11 1e ac a6 7c 9d 67 d1 c4 7c aa 0d  .7,R....|.g..|..

D (37681) mbedtls: ssl_tls.c:6568 0x3ffb6124: 0010:  9a f5 b7 1a 9a c2 73 a8 d2 14 65 0b 25 e9 98 6b  ......s...e.%..k

D (37681) mbedtls: ssl_tls.c:6568 0x3ffb6124: 0020:  a1 c0 bf 4e 1e 76 42 ef 19 f0 1a 0d d6 53 79 a7  ...N.vB......Sy.

I (37681) mbedtls: ssl_tls.c:6569 0x3ffb6124: <= PSA calc verify

D (37681) mbedtls: ssl_tls.c:6308 0x3ffb6124: dumping 'session hash for extended master secret' (48 bytes)

D (37681) mbedtls: ssl_tls.c:6308 0x3ffb6124: 0000:  10 37 2c 52 11 1e ac a6 7c 9d 67 d1 c4 7c aa 0d  .7,R....|.g..|..

D (37681) mbedtls: ssl_tls.c:6308 0x3ffb6124: 0010:  9a f5 b7 1a 9a c2 73 a8 d2 14 65 0b 25 e9 98 6b  ......s...e.%..k

D (37681) mbedtls: ssl_tls.c:6308 0x3ffb6124: 0020:  a1 c0 bf 4e 1e 76 42 ef 19 f0 1a 0d d6 53 79 a7  ...N.vB......Sy.

D (37681) mbedtls: ssl_tls.c:6449 0x3ffb6124: dumping 'premaster secret' (32 bytes)

D (37681) mbedtls: ssl_tls.c:6449 0x3ffb6124: 0000:  57 ee 10 2e 25 cf ed 02 29 bf db 5c 17 ef 06 79  W...%...)..\...y

D (37681) mbedtls: ssl_tls.c:6449 0x3ffb6124: 0010:  39 97 b9 fb 36 79 ed 71 71 b7 86 40 ec ee 93 40  9...6y.qq..@...@

D (37681) mbedtls: ssl_tls.c:7762 0x3ffb6124: ciphersuite = TLS-ECDHE-RSA-WITH-AES-256-GCM-SHA384

D (37681) mbedtls: ssl_tls.c:7764 0x3ffb6124: dumping 'master secret' (48 bytes)

D (37681) mbedtls: ssl_tls.c:7764 0x3ffb6124: 0000:  25 6f 38 a6 ec 14 fc b5 e4 b9 b8 7c 84 6c 7a 6b  %o8........|.lzk

D (37681) mbedtls: ssl_tls.c:7764 0x3ffb6124: 0010:  ae 67 54 89 31 ff 0a f1 08 df 2e 02 54 93 1e ca  .gT.1.......T...

D (37681) mbedtls: ssl_tls.c:7764 0x3ffb6124: 0020:  43 17 01 2c 02 77 29 32 30 cc 49 1e 4d 9a 57 89  C..,.w)20.I.M.W.

D (37681) mbedtls: ssl_tls.c:7855 0x3ffb6124: keylen: 32, minlen: 24, ivlen: 12, maclen: 0

I (37681) mbedtls: ssl_tls.c:6517 0x3ffb6124: <= derive keys

I (37681) mbedtls: ssl_tls12_client.c:2723 0x3ffb6124: <= skip write certificate verify

D (37681) mbedtls: ssl_misc.h:1295 0x3ffb6124: handshake state: 9 (MBEDTLS_SSL_CERTIFICATE_VERIFY) -> 10 (MBEDTLS_SSL_CLIENT_CHANGE_CIPHER_SPEC)

I (37681) mbedtls: ssl_msg.c:2063 0x3ffb6124: => flush output

I (37681) mbedtls: ssl_msg.c:2072 0x3ffb6124: <= flush output

I (37681) mbedtls: ssl_tls.c:4201 0x3ffb6124: client state: MBEDTLS_SSL_CLIENT_CHANGE_CIPHER_SPEC

I (37681) mbedtls: ssl_msg.c:5087 0x3ffb6124: => write change cipher spec

D (37681) mbedtls: ssl_misc.h:1295 0x3ffb6124: handshake state: 10 (MBEDTLS_SSL_CLIENT_CHANGE_CIPHER_SPEC) -> 11 (MBEDTLS_SSL_CLIENT_FINISHED)

I (37681) mbedtls: ssl_msg.c:2494 0x3ffb6124: => write handshake message

I (37681) mbedtls: ssl_msg.c:2654 0x3ffb6124: => write record

D (37681) mbedtls: ssl_msg.c:2737 0x3ffb6124: output record: msgtype = 20, version = [3:3], msglen = 1

I (37681) mbedtls: ssl_msg.c:2063 0x3ffb6124: => flush output

I (37681) mbedtls: ssl_msg.c:2077 0x3ffb6124: message length: 6, out_left: 6

I (37681) mbedtls: ssl_msg.c:2084 0x3ffb6124: ssl->f_send() returned 6 (-0xfffffffa)

I (37681) mbedtls: ssl_msg.c:2111 0x3ffb6124: <= flush output

I (37681) mbedtls: ssl_msg.c:2790 0x3ffb6124: <= write record

I (37681) mbedtls: ssl_msg.c:2615 0x3ffb6124: <= write handshake message

I (37681) mbedtls: ssl_msg.c:5100 0x3ffb6124: <= write change cipher spec

I (37681) mbedtls: ssl_msg.c:2063 0x3ffb6124: => flush output

I (37681) mbedtls: ssl_msg.c:2072 0x3ffb6124: <= flush output

I (37681) mbedtls: ssl_tls.c:4201 0x3ffb6124: client state: MBEDTLS_SSL_CLIENT_FINISHED

I (37681) mbedtls: ssl_tls.c:7384 0x3ffb6124: => write finished

I (37681) mbedtls: ssl_tls.c:7235 0x3ffb6124: => calc PSA finished tls

D (37681) mbedtls: ssl_tls.c:7246 0x3ffb6124: dumping 'PSA calculated padbuf' (48 bytes)

D (37681) mbedtls: ssl_tls.c:7246 0x3ffb6124: 0000:  10 37 2c 52 11 1e ac a6 7c 9d 67 d1 c4 7c aa 0d  .7,R....|.g..|..

D (37681) mbedtls: ssl_tls.c:7246 0x3ffb6124: 0010:  9a f5 b7 1a 9a c2 73 a8 d2 14 65 0b 25 e9 98 6b  ......s...e.%..k

D (37681) mbedtls: ssl_tls.c:7246 0x3ffb6124: 0020:  a1 c0 bf 4e 1e 76 42 ef 19 f0 1a 0d d6 53 79 a7  ...N.vB......Sy.

D (37681) mbedtls: ssl_tls.c:7258 0x3ffb6124: dumping 'calc finished result' (12 bytes)

D (37681) mbedtls: ssl_tls.c:7258 0x3ffb6124: 0000:  2d 7a 9f f6 28 69 6e d1 85 e4 d3 94              -z..(in.....

I (37681) mbedtls: ssl_tls.c:7262 0x3ffb6124: <= calc finished

D (37681) mbedtls: ssl_misc.h:1295 0x3ffb6124: handshake state: 11 (MBEDTLS_SSL_CLIENT_FINISHED) -> 12 (MBEDTLS_SSL_SERVER_CHANGE_CIPHER_SPEC)

D (37681) mbedtls: ssl_tls.c:7434 0x3ffb6124: switching to new transform spec for outbound data

I (37691) mbedtls: ssl_msg.c:2494 0x3ffb6124: => write handshake message

I (37691) mbedtls: ssl_msg.c:2654 0x3ffb6124: => write record

I (37691) mbedtls: ssl_msg.c:808 0x3ffb6124: => encrypt buf

D (37691) mbedtls: ssl_msg.c:1036 0x3ffb6124: before encrypt: msglen = 16, including 0 bytes of padding

I (37691) mbedtls: ssl_msg.c:1265 0x3ffb6124: <= encrypt buf

D (37691) mbedtls: ssl_msg.c:2737 0x3ffb6124: output record: msgtype = 22, version = [3:3], msglen = 40

I (37691) mbedtls: ssl_msg.c:2063 0x3ffb6124: => flush output

I (37691) mbedtls: ssl_msg.c:2077 0x3ffb6124: message length: 45, out_left: 45

I (37691) mbedtls: ssl_msg.c:2084 0x3ffb6124: ssl->f_send() returned 45 (-0xffffffd3)

I (37691) mbedtls: ssl_msg.c:2111 0x3ffb6124: <= flush output

I (37691) mbedtls: ssl_msg.c:2790 0x3ffb6124: <= write record

I (37691) mbedtls: ssl_msg.c:2615 0x3ffb6124: <= write handshake message

I (37691) mbedtls: ssl_tls.c:7487 0x3ffb6124: <= write finished

I (37691) mbedtls: ssl_msg.c:2063 0x3ffb6124: => flush output

I (37691) mbedtls: ssl_msg.c:2072 0x3ffb6124: <= flush output

I (37691) mbedtls: ssl_tls.c:4201 0x3ffb6124: client state: MBEDTLS_SSL_SERVER_CHANGE_CIPHER_SPEC

D (37691) mbedtls: ssl_misc.h:1295 0x3ffb6124: handshake state: 12 (MBEDTLS_SSL_SERVER_CHANGE_CIPHER_SPEC) -> 16 (MBEDTLS_SSL_NEW_SESSION_TICKET)

I (37691) mbedtls: ssl_tls12_client.c:2829 0x3ffb6124: => parse new session ticket

I (37691) mbedtls: ssl_msg.c:4040 0x3ffb6124: => read record

I (37691) mbedtls: ssl_msg.c:1865 0x3ffb6124: => fetch input

I (37691) mbedtls: ssl_msg.c:2005 0x3ffb6124: in_left: 0, nb_want: 5

I (37691) mbedtls: ssl_msg.c:2025 0x3ffb6124: in_left: 0, nb_want: 5

I (37691) mbedtls: ssl_msg.c:2028 0x3ffb6124: ssl->f_recv(_timeout)() returned 5 (-0xfffffffb)

I (37691) mbedtls: ssl_msg.c:2050 0x3ffb6124: <= fetch input

D (37691) mbedtls: ssl_msg.c:3707 0x3ffb6124: input record: msgtype = 22, version = [0x303], msglen = 186

I (37691) mbedtls: ssl_msg.c:1865 0x3ffb6124: => fetch input

I (37691) mbedtls: ssl_msg.c:2005 0x3ffb6124: in_left: 5, nb_want: 191

I (37691) mbedtls: ssl_msg.c:2025 0x3ffb6124: in_left: 5, nb_want: 191

I (37691) mbedtls: ssl_msg.c:2028 0x3ffb6124: ssl->f_recv(_timeout)() returned 186 (-0xffffff46)

I (37691) mbedtls: ssl_msg.c:2050 0x3ffb6124: <= fetch input

D (37691) mbedtls: ssl_msg.c:2948 0x3ffb6124: handshake message: msglen = 186, type = 4, hslen = 186

D (37691) mbedtls: ssl_msg.c:3085 0x3ffb6124: sole handshake fragment: 186, 0..186 of 186

I (37691) mbedtls: ssl_msg.c:4112 0x3ffb6124: <= read record

D (37691) mbedtls: ssl_tls12_client.c:2876 0x3ffb6124: ticket length: 176

D (37691) mbedtls: ssl_misc.h:1295 0x3ffb6124: handshake state: 16 (MBEDTLS_SSL_NEW_SESSION_TICKET) -> 12 (MBEDTLS_SSL_SERVER_CHANGE_CIPHER_SPEC)

D (37691) mbedtls: ssl_tls12_client.c:2920 0x3ffb6124: ticket in use, discarding session id

I (37691) mbedtls: ssl_tls12_client.c:2923 0x3ffb6124: <= parse new session ticket

I (37691) mbedtls: ssl_msg.c:2063 0x3ffb6124: => flush output

I (37691) mbedtls: ssl_msg.c:2072 0x3ffb6124: <= flush output

I (37691) mbedtls: ssl_tls.c:4201 0x3ffb6124: client state: MBEDTLS_SSL_SERVER_CHANGE_CIPHER_SPEC

I (37691) mbedtls: ssl_msg.c:5109 0x3ffb6124: => parse change cipher spec

I (37691) mbedtls: ssl_msg.c:4040 0x3ffb6124: => read record

I (37691) mbedtls: ssl_msg.c:1865 0x3ffb6124: => fetch input

I (37691) mbedtls: ssl_msg.c:2005 0x3ffb6124: in_left: 0, nb_want: 5

I (37691) mbedtls: ssl_msg.c:2025 0x3ffb6124: in_left: 0, nb_want: 5

I (37691) mbedtls: ssl_msg.c:2028 0x3ffb6124: ssl->f_recv(_timeout)() returned 5 (-0xfffffffb)

I (37691) mbedtls: ssl_msg.c:2050 0x3ffb6124: <= fetch input

D (37691) mbedtls: ssl_msg.c:3707 0x3ffb6124: input record: msgtype = 20, version = [0x303], msglen = 1

I (37691) mbedtls: ssl_msg.c:1865 0x3ffb6124: => fetch input

I (37691) mbedtls: ssl_msg.c:2005 0x3ffb6124: in_left: 5, nb_want: 6

I (37691) mbedtls: ssl_msg.c:2025 0x3ffb6124: in_left: 5, nb_want: 6

I (37691) mbedtls: ssl_msg.c:2028 0x3ffb6124: ssl->f_recv(_timeout)() returned 1 (-0xffffffff)

I (37691) mbedtls: ssl_msg.c:2050 0x3ffb6124: <= fetch input

I (37691) mbedtls: ssl_msg.c:4112 0x3ffb6124: <= read record

D (37691) mbedtls: ssl_msg.c:5130 0x3ffb6124: switching to new transform spec for inbound data

D (37691) mbedtls: ssl_misc.h:1295 0x3ffb6124: handshake state: 12 (MBEDTLS_SSL_SERVER_CHANGE_CIPHER_SPEC) -> 13 (MBEDTLS_SSL_SERVER_FINISHED)

I (37691) mbedtls: ssl_msg.c:5157 0x3ffb6124: <= parse change cipher spec

I (37691) mbedtls: ssl_msg.c:2063 0x3ffb6124: => flush output

I (37691) mbedtls: ssl_msg.c:2072 0x3ffb6124: <= flush output

I (37691) mbedtls: ssl_tls.c:4201 0x3ffb6124: client state: MBEDTLS_SSL_SERVER_FINISHED

I (37691) mbedtls: ssl_tls.c:7500 0x3ffb6124: => parse finished

I (37691) mbedtls: ssl_tls.c:7235 0x3ffb6124: => calc PSA finished tls

D (37691) mbedtls: ssl_tls.c:7246 0x3ffb6124: dumping 'PSA calculated padbuf' (48 bytes)

D (37691) mbedtls: ssl_tls.c:7246 0x3ffb6124: 0000:  06 15 79 95 5c 7f 5f e3 1f 5c 9d 08 f6 cc 5b a6  ..y.\._..\....[.

D (37691) mbedtls: ssl_tls.c:7246 0x3ffb6124: 0010:  a1 9d 3d 15 bd cf 1c de f1 f3 ae 59 89 b0 75 68  ..=........Y..uh

D (37701) mbedtls: ssl_tls.c:7246 0x3ffb6124: 0020:  58 47 1f 39 63 ba e1 d8 e9 36 6e 81 44 cd 8c f3  XG.9c....6n.D...

D (37701) mbedtls: ssl_tls.c:7258 0x3ffb6124: dumping 'calc finished result' (12 bytes)

D (37701) mbedtls: ssl_tls.c:7258 0x3ffb6124: 0000:  9b 4f 09 ec 7c dd f9 77 62 19 be 04              .O..|..wb...

I (37701) mbedtls: ssl_tls.c:7262 0x3ffb6124: <= calc finished

I (37701) mbedtls: ssl_msg.c:4040 0x3ffb6124: => read record

I (37701) mbedtls: ssl_msg.c:1865 0x3ffb6124: => fetch input

I (37701) mbedtls: ssl_msg.c:2005 0x3ffb6124: in_left: 0, nb_want: 5

I (37701) mbedtls: ssl_msg.c:2025 0x3ffb6124: in_left: 0, nb_want: 5

I (37701) mbedtls: ssl_msg.c:2028 0x3ffb6124: ssl->f_recv(_timeout)() returned 5 (-0xfffffffb)

I (37701) mbedtls: ssl_msg.c:2050 0x3ffb6124: <= fetch input

D (37701) mbedtls: ssl_msg.c:3707 0x3ffb6124: input record: msgtype = 22, version = [0x303], msglen = 40

I (37701) mbedtls: ssl_msg.c:1865 0x3ffb6124: => fetch input

I (37701) mbedtls: ssl_msg.c:2005 0x3ffb6124: in_left: 5, nb_want: 45

I (37701) mbedtls: ssl_msg.c:2025 0x3ffb6124: in_left: 5, nb_want: 45

I (37701) mbedtls: ssl_msg.c:2028 0x3ffb6124: ssl->f_recv(_timeout)() returned 40 (-0xffffffd8)

I (37701) mbedtls: ssl_msg.c:2050 0x3ffb6124: <= fetch input

I (37701) mbedtls: ssl_msg.c:1301 0x3ffb6124: => decrypt buf

I (37701) mbedtls: ssl_msg.c:1831 0x3ffb6124: <= decrypt buf

D (37701) mbedtls: ssl_msg.c:2948 0x3ffb6124: handshake message: msglen = 16, type = 20, hslen = 16

D (37701) mbedtls: ssl_msg.c:3085 0x3ffb6124: sole handshake fragment: 16, 0..16 of 16

I (37701) mbedtls: ssl_msg.c:4112 0x3ffb6124: <= read record

D (37701) mbedtls: ssl_misc.h:1295 0x3ffb6124: handshake state: 13 (MBEDTLS_SSL_SERVER_FINISHED) -> 14 (MBEDTLS_SSL_FLUSH_BUFFERS)

I (37701) mbedtls: ssl_tls.c:7571 0x3ffb6124: <= parse finished

I (37701) mbedtls: ssl_msg.c:2063 0x3ffb6124: => flush output

I (37701) mbedtls: ssl_msg.c:2072 0x3ffb6124: <= flush output

I (37701) mbedtls: ssl_tls.c:4201 0x3ffb6124: client state: MBEDTLS_SSL_FLUSH_BUFFERS

I (37701) mbedtls: ssl_tls12_client.c:3031 0x3ffb6124: handshake: done

D (37701) mbedtls: ssl_misc.h:1295 0x3ffb6124: handshake state: 14 (MBEDTLS_SSL_FLUSH_BUFFERS) -> 15 (MBEDTLS_SSL_HANDSHAKE_WRAPUP)

I (37701) mbedtls: ssl_msg.c:2063 0x3ffb6124: => flush output

I (37701) mbedtls: ssl_msg.c:2072 0x3ffb6124: <= flush output

I (37701) mbedtls: ssl_tls.c:4201 0x3ffb6124: client state: MBEDTLS_SSL_HANDSHAKE_WRAPUP

D (37701) mbedtls: ssl_tls.c:7322 0x3ffb6124: => handshake wrapup

D (37701) mbedtls: ssl_tls.c:7296 0x3ffb6124: => handshake wrapup: final free

D (37701) mbedtls: ssl_tls.c:7315 0x3ffb6124: <= handshake wrapup: final free

D (37701) mbedtls: ssl_misc.h:1295 0x3ffb6124: handshake state: 15 (MBEDTLS_SSL_HANDSHAKE_WRAPUP) -> 27 (MBEDTLS_SSL_HANDSHAKE_OVER)

D (37701) mbedtls: ssl_tls.c:7376 0x3ffb6124: <= handshake wrapup

I (37701) mbedtls: ssl_tls.c:4293 0x3ffb6124: <= handshake

[phase-c] HEALED: handshake ok in 223349 us
[neg] version=TLSv1.2 suite=TLS-ECDHE-RSA-WITH-AES-256-GCM-SHA384 peer_cert=0 bytes

===== PHASE E: cert verification postures =====
--- E0: no verification option given (skip compiled in) ---
W (37711) esp-tls-mbedtls: skip_common_name=true: hostname matching and SNI disabled. This disables ALL server-name authentication (CN/SAN/SNI), not just CN. Only intended for loopback / debug clients.
D (37711) esp-tls: handshake in progress...
I (37711) mbedtls: ssl_tls.c:4282 0x3ffb6124: => handshake

I (37711) mbedtls: ssl_msg.c:2063 0x3ffb6124: => flush output

I (37711) mbedtls: ssl_msg.c:2072 0x3ffb6124: <= flush output

I (37711) mbedtls: ssl_tls.c:4201 0x3ffb6124: client state: MBEDTLS_SSL_HELLO_REQUEST

D (37711) mbedtls: ssl_misc.h:1295 0x3ffb6124: handshake state: 0 (MBEDTLS_SSL_HELLO_REQUEST) -> 1 (MBEDTLS_SSL_CLIENT_HELLO)

I (37711) mbedtls: ssl_msg.c:2063 0x3ffb6124: => flush output

I (37711) mbedtls: ssl_msg.c:2072 0x3ffb6124: <= flush output

I (37711) mbedtls: ssl_tls.c:4201 0x3ffb6124: client state: MBEDTLS_SSL_CLIENT_HELLO

I (37711) mbedtls: ssl_client.c:917 0x3ffb6124: => write client hello

D (37711) mbedtls: ssl_client.c:722 0x3ffb6124: client hello, current time: 36

D (37711) mbedtls: ssl_client.c:485 0x3ffb6124: dumping 'client hello, random bytes' (32 bytes)

D (37711) mbedtls: ssl_client.c:485 0x3ffb6124: 0000:  00 00 00 24 05 23 f5 11 4f 3d ac 73 64 78 27 e2  ...$.#..O=.sdx'.

D (37711) mbedtls: ssl_client.c:485 0x3ffb6124: 0010:  7e e6 46 13 ed 92 25 8d 65 b0 5b 0f 37 cf 0c 47  ~.F...%.e.[.7..G

D (37711) mbedtls: ssl_client.c:510 0x3ffb6124: dumping 'session id' (0 bytes)

D (37711) mbedtls: ssl_client.c:368 0x3ffb6124: client hello, add ciphersuite: c02c, TLS-ECDHE-ECDSA-WITH-AES-256-GCM-SHA384

D (37711) mbedtls: ssl_client.c:368 0x3ffb6124: client hello, add ciphersuite: c030, TLS-ECDHE-RSA-WITH-AES-256-GCM-SHA384

D (37711) mbedtls: ssl_client.c:368 0x3ffb6124: client hello, add ciphersuite: c0ad, TLS-ECDHE-ECDSA-WITH-AES-256-CCM

D (37711) mbedtls: ssl_client.c:368 0x3ffb6124: client hello, add ciphersuite: c024, TLS-ECDHE-ECDSA-WITH-AES-256-CBC-SHA384

D (37711) mbedtls: ssl_client.c:368 0x3ffb6124: client hello, add ciphersuite: c028, TLS-ECDHE-RSA-WITH-AES-256-CBC-SHA384

D (37711) mbedtls: ssl_client.c:368 0x3ffb6124: client hello, add ciphersuite: c00a, TLS-ECDHE-ECDSA-WITH-AES-256-CBC-SHA

D (37711) mbedtls: ssl_client.c:368 0x3ffb6124: client hello, add ciphersuite: c014, TLS-ECDHE-RSA-WITH-AES-256-CBC-SHA

D (37711) mbedtls: ssl_client.c:368 0x3ffb6124: client hello, add ciphersuite: c0af, TLS-ECDHE-ECDSA-WITH-AES-256-CCM-8

D (37711) mbedtls: ssl_client.c:368 0x3ffb6124: client hello, add ciphersuite: c02b, TLS-ECDHE-ECDSA-WITH-AES-128-GCM-SHA256

D (37711) mbedtls: ssl_client.c:368 0x3ffb6124: client hello, add ciphersuite: c02f, TLS-ECDHE-RSA-WITH-AES-128-GCM-SHA256

D (37711) mbedtls: ssl_client.c:368 0x3ffb6124: client hello, add ciphersuite: c0ac, TLS-ECDHE-ECDSA-WITH-AES-128-CCM

D (37711) mbedtls: ssl_client.c:368 0x3ffb6124: client hello, add ciphersuite: c023, TLS-ECDHE-ECDSA-WITH-AES-128-CBC-SHA256

D (37711) mbedtls: ssl_client.c:368 0x3ffb6124: client hello, add ciphersuite: c027, TLS-ECDHE-RSA-WITH-AES-128-CBC-SHA256

D (37711) mbedtls: ssl_client.c:368 0x3ffb6124: client hello, add ciphersuite: c009, TLS-ECDHE-ECDSA-WITH-AES-128-CBC-SHA

D (37711) mbedtls: ssl_client.c:368 0x3ffb6124: client hello, add ciphersuite: c013, TLS-ECDHE-RSA-WITH-AES-128-CBC-SHA

D (37711) mbedtls: ssl_client.c:368 0x3ffb6124: client hello, add ciphersuite: c0ae, TLS-ECDHE-ECDSA-WITH-AES-128-CCM-8

D (37711) mbedtls: ssl_client.c:386 0x3ffb6124: adding EMPTY_RENEGOTIATION_INFO_SCSV

D (37711) mbedtls: ssl_client.c:395 0x3ffb6124: client hello, got 17 cipher suites

D (37711) mbedtls: ssl_client.c:229 0x3ffb6124: client hello, adding supported_groups extension

D (37711) mbedtls: ssl_client.c:248 0x3ffb6124: got supported group(001d)

D (37711) mbedtls: ssl_client.c:280 0x3ffb6124: NamedGroup: x25519 ( 1d )

D (37711) mbedtls: ssl_client.c:248 0x3ffb6124: got supported group(0017)

D (37711) mbedtls: ssl_client.c:280 0x3ffb6124: NamedGroup: secp256r1 ( 17 )

D (37711) mbedtls: ssl_client.c:248 0x3ffb6124: got supported group(0018)

D (37711) mbedtls: ssl_client.c:280 0x3ffb6124: NamedGroup: secp384r1 ( 18 )

D (37711) mbedtls: ssl_client.c:248 0x3ffb6124: got supported group(001e)

D (37721) mbedtls: ssl_client.c:280 0x3ffb6124: NamedGroup: x448 ( 1e )

D (37721) mbedtls: ssl_client.c:248 0x3ffb6124: got supported group(0019)

D (37721) mbedtls: ssl_client.c:280 0x3ffb6124: NamedGroup: secp521r1 ( 19 )

D (37721) mbedtls: ssl_client.c:248 0x3ffb6124: got supported group(001a)

D (37721) mbedtls: ssl_client.c:280 0x3ffb6124: NamedGroup: bp256r1 ( 1a )

D (37721) mbedtls: ssl_client.c:248 0x3ffb6124: got supported group(001b)

D (37721) mbedtls: ssl_client.c:280 0x3ffb6124: NamedGroup: bp384r1 ( 1b )

D (37721) mbedtls: ssl_client.c:248 0x3ffb6124: got supported group(001c)

D (37721) mbedtls: ssl_client.c:280 0x3ffb6124: NamedGroup: bp512r1 ( 1c )

D (37721) mbedtls: ssl_client.c:248 0x3ffb6124: got supported group(0100)

D (37721) mbedtls: ssl_client.c:248 0x3ffb6124: got supported group(0101)

D (37721) mbedtls: ssl_client.c:248 0x3ffb6124: got supported group(0102)

D (37721) mbedtls: ssl_client.c:248 0x3ffb6124: got supported group(0103)

D (37721) mbedtls: ssl_client.c:248 0x3ffb6124: got supported group(0104)

D (37721) mbedtls: ssl_client.c:300 0x3ffb6124: dumping 'Supported groups extension' (18 bytes)

D (37721) mbedtls: ssl_client.c:300 0x3ffb6124: 0000:  00 10 00 1d 00 17 00 18 00 1e 00 19 00 1a 00 1b  ................

D (37721) mbedtls: ssl_client.c:300 0x3ffb6124: 0010:  00 1c                                            ..

D (37721) mbedtls: ssl_tls.c:8276 0x3ffb6124: adding signature_algorithms extension

D (37721) mbedtls: ssl_tls.c:8296 0x3ffb6124: got signature scheme [603] ecdsa_secp521r1_sha512

D (37721) mbedtls: ssl_tls.c:8305 0x3ffb6124: sent signature scheme [603] ecdsa_secp521r1_sha512

D (37721) mbedtls: ssl_tls.c:8296 0x3ffb6124: got signature scheme [806] rsa_pss_rsae_sha512

D (37721) mbedtls: ssl_tls.c:8296 0x3ffb6124: got signature scheme [601] rsa_pkcs1_sha512

D (37721) mbedtls: ssl_tls.c:8305 0x3ffb6124: sent signature scheme [601] rsa_pkcs1_sha512

D (37721) mbedtls: ssl_tls.c:8296 0x3ffb6124: got signature scheme [503] ecdsa_secp384r1_sha384

D (37721) mbedtls: ssl_tls.c:8305 0x3ffb6124: sent signature scheme [503] ecdsa_secp384r1_sha384

D (37721) mbedtls: ssl_tls.c:8296 0x3ffb6124: got signature scheme [805] rsa_pss_rsae_sha384

D (37721) mbedtls: ssl_tls.c:8296 0x3ffb6124: got signature scheme [501] rsa_pkcs1_sha384

D (37721) mbedtls: ssl_tls.c:8305 0x3ffb6124: sent signature scheme [501] rsa_pkcs1_sha384

D (37721) mbedtls: ssl_tls.c:8296 0x3ffb6124: got signature scheme [403] ecdsa_secp256r1_sha256

D (37721) mbedtls: ssl_tls.c:8305 0x3ffb6124: sent signature scheme [403] ecdsa_secp256r1_sha256

D (37721) mbedtls: ssl_tls.c:8296 0x3ffb6124: got signature scheme [804] rsa_pss_rsae_sha256

D (37721) mbedtls: ssl_tls.c:8296 0x3ffb6124: got signature scheme [401] rsa_pkcs1_sha256

D (37721) mbedtls: ssl_tls.c:8305 0x3ffb6124: sent signature scheme [401] rsa_pkcs1_sha256

D (37721) mbedtls: ssl_tls12_client.c:103 0x3ffb6124: client hello, adding supported_point_formats extension

D (37721) mbedtls: ssl_tls12_client.c:287 0x3ffb6124: client hello, adding encrypt_then_mac extension

D (37721) mbedtls: ssl_tls12_client.c:319 0x3ffb6124: client hello, adding extended_master_secret extension

D (37721) mbedtls: ssl_tls12_client.c:352 0x3ffb6124: client hello, adding session ticket extension

D (37721) mbedtls: ssl_client.c:687 0x3ffb6124: client hello, total extension length: 58

D (37721) mbedtls: ssl_client.c:689 0x3ffb6124: dumping 'client hello extensions' (58 bytes)

D (37721) mbedtls: ssl_client.c:689 0x3ffb6124: 0000:  00 3a 00 0a 00 12 00 10 00 1d 00 17 00 18 00 1e  .:..............

D (37721) mbedtls: ssl_client.c:689 0x3ffb6124: 0010:  00 19 00 1a 00 1b 00 1c 00 0d 00 0e 00 0c 06 03  ................

D (37721) mbedtls: ssl_client.c:689 0x3ffb6124: 0020:  06 01 05 03 05 01 04 03 04 01 00 0b 00 02 01 00  ................

D (37721) mbedtls: ssl_client.c:689 0x3ffb6124: 0030:  00 16 00 00 00 17 00 00 00 23                    .........#

I (37721) mbedtls: ssl_msg.c:2494 0x3ffb6124: => write handshake message

I (37721) mbedtls: ssl_msg.c:2654 0x3ffb6124: => write record

D (37721) mbedtls: ssl_msg.c:2737 0x3ffb6124: output record: msgtype = 22, version = [3:3], msglen = 137

I (37721) mbedtls: ssl_msg.c:2790 0x3ffb6124: <= write record

I (37721) mbedtls: ssl_msg.c:2615 0x3ffb6124: <= write handshake message

D (37721) mbedtls: ssl_misc.h:1295 0x3ffb6124: handshake state: 1 (MBEDTLS_SSL_CLIENT_HELLO) -> 2 (MBEDTLS_SSL_SERVER_HELLO)

I (37731) mbedtls: ssl_client.c:1010 0x3ffb6124: <= write client hello

I (37731) mbedtls: ssl_msg.c:2063 0x3ffb6124: => flush output

I (37731) mbedtls: ssl_msg.c:2077 0x3ffb6124: message length: 142, out_left: 142

I (37731) mbedtls: ssl_msg.c:2084 0x3ffb6124: ssl->f_send() returned 142 (-0xffffff72)

I (37731) mbedtls: ssl_msg.c:2111 0x3ffb6124: <= flush output

I (37731) mbedtls: ssl_tls.c:4201 0x3ffb6124: client state: MBEDTLS_SSL_SERVER_HELLO

I (37731) mbedtls: ssl_tls12_client.c:1151 0x3ffb6124: => parse server hello

I (37731) mbedtls: ssl_msg.c:4040 0x3ffb6124: => read record

I (37731) mbedtls: ssl_msg.c:1865 0x3ffb6124: => fetch input

I (37731) mbedtls: ssl_msg.c:2005 0x3ffb6124: in_left: 0, nb_want: 5

I (37731) mbedtls: ssl_msg.c:2025 0x3ffb6124: in_left: 0, nb_want: 5

I (37731) mbedtls: ssl_msg.c:2028 0x3ffb6124: ssl->f_recv(_timeout)() returned 5 (-0xfffffffb)

I (37731) mbedtls: ssl_msg.c:2050 0x3ffb6124: <= fetch input

D (37731) mbedtls: ssl_msg.c:3707 0x3ffb6124: input record: msgtype = 22, version = [0x303], msglen = 65

I (37731) mbedtls: ssl_msg.c:1865 0x3ffb6124: => fetch input

I (37731) mbedtls: ssl_msg.c:2005 0x3ffb6124: in_left: 5, nb_want: 70

I (37731) mbedtls: ssl_msg.c:2025 0x3ffb6124: in_left: 5, nb_want: 70

I (37731) mbedtls: ssl_msg.c:2028 0x3ffb6124: ssl->f_recv(_timeout)() returned 65 (-0xffffffbf)

I (37731) mbedtls: ssl_msg.c:2050 0x3ffb6124: <= fetch input

D (37731) mbedtls: ssl_msg.c:2948 0x3ffb6124: handshake message: msglen = 65, type = 2, hslen = 65

D (37731) mbedtls: ssl_msg.c:3085 0x3ffb6124: sole handshake fragment: 65, 0..65 of 65

I (37731) mbedtls: ssl_msg.c:4112 0x3ffb6124: <= read record

D (37731) mbedtls: ssl_tls12_client.c:1225 0x3ffb6124: dumping 'server hello, version' (2 bytes)

D (37731) mbedtls: ssl_tls12_client.c:1225 0x3ffb6124: 0000:  03 03                                            ..

D (37731) mbedtls: ssl_tls12_client.c:1246 0x3ffb6124: server hello, current time: 29815828

D (37731) mbedtls: ssl_tls12_client.c:1256 0x3ffb6124: dumping 'server hello, random bytes' (32 bytes)

D (37731) mbedtls: ssl_tls12_client.c:1256 0x3ffb6124: 0000:  01 c6 f4 14 95 0a d0 81 d4 1a 7e 0c 4f 9c 49 81  ..........~.O.I.

D (37731) mbedtls: ssl_tls12_client.c:1256 0x3ffb6124: 0010:  fb c3 47 6d a7 36 ec 57 aa b3 3a 12 c6 60 12 f8  ..Gm.6.W..:..`..

D (37731) mbedtls: ssl_tls12_client.c:1318 0x3ffb6124: server hello, session id len.: 0

D (37731) mbedtls: ssl_tls12_client.c:1319 0x3ffb6124: dumping 'server hello, session id' (0 bytes)

D (37731) mbedtls: ssl_misc.h:1295 0x3ffb6124: handshake state: 2 (MBEDTLS_SSL_SERVER_HELLO) -> 3 (MBEDTLS_SSL_SERVER_CERTIFICATE)

D (37731) mbedtls: ssl_tls12_client.c:1343 0x3ffb6124: no session has been resumed

D (37731) mbedtls: ssl_tls12_client.c:1346 0x3ffb6124: server hello, chosen ciphersuite: c030

D (37731) mbedtls: ssl_tls12_client.c:1347 0x3ffb6124: server hello, compress alg.: 0

D (37731) mbedtls: ssl_tls12_client.c:1382 0x3ffb6124: server hello, chosen ciphersuite: TLS-ECDHE-RSA-WITH-AES-256-GCM-SHA384

I (37731) mbedtls: ssl_tls12_client.c:1403 0x3ffb6124: server hello, total extension length: 21

D (37731) mbedtls: ssl_tls12_client.c:1421 0x3ffb6124: found renegotiation extension

D (37731) mbedtls: ssl_tls12_client.c:1500 0x3ffb6124: found supported_point_formats extension

D (37731) mbedtls: ssl_tls12_client.c:1486 0x3ffb6124: found session_ticket extension

D (37731) mbedtls: ssl_tls12_client.c:1473 0x3ffb6124: found extended_master_secret extension

I (37731) mbedtls: ssl_tls12_client.c:1617 0x3ffb6124: <= parse server hello

I (37731) mbedtls: ssl_msg.c:2063 0x3ffb6124: => flush output

I (37731) mbedtls: ssl_msg.c:2072 0x3ffb6124: <= flush output

I (37731) mbedtls: ssl_tls.c:4201 0x3ffb6124: client state: MBEDTLS_SSL_SERVER_CERTIFICATE

I (37731) mbedtls: ssl_tls.c:7077 0x3ffb6124: => parse certificate

I (37731) mbedtls: ssl_msg.c:4040 0x3ffb6124: => read record

I (37741) mbedtls: ssl_msg.c:1865 0x3ffb6124: => fetch input

I (37741) mbedtls: ssl_msg.c:2005 0x3ffb6124: in_left: 0, nb_want: 5

I (37741) mbedtls: ssl_msg.c:2025 0x3ffb6124: in_left: 0, nb_want: 5

I (37741) mbedtls: ssl_msg.c:2028 0x3ffb6124: ssl->f_recv(_timeout)() returned 5 (-0xfffffffb)

I (37741) mbedtls: ssl_msg.c:2050 0x3ffb6124: <= fetch input

D (37741) mbedtls: ssl_msg.c:3707 0x3ffb6124: input record: msgtype = 22, version = [0x303], msglen = 791

I (37741) mbedtls: ssl_msg.c:1865 0x3ffb6124: => fetch input

I (37741) mbedtls: ssl_msg.c:2005 0x3ffb6124: in_left: 5, nb_want: 796

I (37741) mbedtls: ssl_msg.c:2025 0x3ffb6124: in_left: 5, nb_want: 796

I (37741) mbedtls: ssl_msg.c:2028 0x3ffb6124: ssl->f_recv(_timeout)() returned 791 (-0xfffffce9)

I (37741) mbedtls: ssl_msg.c:2050 0x3ffb6124: <= fetch input

D (37741) mbedtls: ssl_msg.c:2948 0x3ffb6124: handshake message: msglen = 791, type = 11, hslen = 791

D (37741) mbedtls: ssl_msg.c:3085 0x3ffb6124: sole handshake fragment: 791, 0..791 of 791

I (37741) mbedtls: ssl_msg.c:4112 0x3ffb6124: <= read record

D (37741) mbedtls: ssl_tls.c:6952 0x3ffb6124: peer certificate #1:

D (37741) mbedtls: ssl_tls.c:6952 0x3ffb6124: cert. version     : 3

D (37741) mbedtls: ssl_tls.c:6952 0x3ffb6124: serial number     : 77:66:A5:9D:AF:14:9E:F2:03:F7:3C:2B:1A:5C:81:86:F8:A3:4E:52

D (37741) mbedtls: ssl_tls.c:6952 0x3ffb6124: issuer name       : CN=localhost

D (37741) mbedtls: ssl_tls.c:6952 0x3ffb6124: subject name      : CN=localhost

D (37741) mbedtls: ssl_tls.c:6952 0x3ffb6124: issued  on        : 2026-08-26 20:20:30

D (37741) mbedtls: ssl_tls.c:6952 0x3ffb6124: expires on        : 2026-09-25 20:20:30

D (37741) mbedtls: ssl_tls.c:6952 0x3ffb6124: signed using      : RSA with SHA-256

D (37741) mbedtls: ssl_tls.c:6952 0x3ffb6124: RSA key size      : 2048 bits

D (37741) mbedtls: ssl_tls.c:6952 0x3ffb6124: basic constraints : CA=true

D (37741) mbedtls: ssl_tls.c:6952 0x3ffb6124: dumping 'crt->PK' (270 bytes)

D (37741) mbedtls: ssl_tls.c:6952 0x3ffb6124: 0000:  30 82 01 0a 02 82 01 01 00 dd 03 19 3e 8f 4a 05

D (37741) mbedtls: ssl_tls.c:6952 0x3ffb6124: 0010:  9c d6 74 e1 46 bc 40 7a 7e af 78 09 38 f6 d0 1c

D (37741) mbedtls: ssl_tls.c:6952 0x3ffb6124: 0020:  9d e4 2b 18 4c a1 87 f6 83 55 82 2d e0 21 fb b2

D (37741) mbedtls: ssl_tls.c:6952 0x3ffb6124: 0030:  00 2f 9b 98 36 24 73 47 a2 11 bb 50 05 1c 9e 40

D (37741) mbedtls: ssl_tls.c:6952 0x3ffb6124: 0040:  41 c9 de 81 7e a1 eb 82 48 35 d0 51 24 0d 22 bd

D (37741) mbedtls: ssl_tls.c:6952 0x3ffb6124: 0050:  7e c7 0b 60 74 e2 60 3e 76 de c1 3d b5 9f e9 d2

D (37741) mbedtls: ssl_tls.c:6952 0x3ffb6124: 0060:  ac 90 d3 84 2a 75 7c 41 8a 11 14 c8 bc 09 7b 9d

D (37741) mbedtls: ssl_tls.c:6952 0x3ffb6124: 0070:  45 54 95 c1 50 05 be f1 34 c0 05 55 f5 a2 b3 a8

D (37741) mbedtls: ssl_tls.c:6952 0x3ffb6124: 0080:  24 f6 ab 22 df 72 97 ef b5 8f e4 fe 49 be 4f c1

D (37741) mbedtls: ssl_tls.c:6952 0x3ffb6124: 0090:  08 e0 39 7a cd ba 74 2e d1 20 74 ad 6b 59 ab 86

D (37741) mbedtls: ssl_tls.c:6952 0x3ffb6124: 00a0:  5d 29 ab 81 f0 c1 22 3f 01 b9 0b a1 fb ee 70 9f

D (37741) mbedtls: ssl_tls.c:6952 0x3ffb6124: 00b0:  eb 29 5e 9f 1d 6a 0d dc 65 fd 5e 5d 38 0c 1a c3

D (37741) mbedtls: ssl_tls.c:6952 0x3ffb6124: 00c0:  ae b7 b7 2f 66 23 82 80 ab 7d 69 7c 8f 95 ab e8

D (37751) mbedtls: ssl_tls.c:6952 0x3ffb6124: 00d0:  c0 4d 21 42 7d 78 c8 25 8b 60 f6 0d 87 c9 f4 df

D (37751) mbedtls: ssl_tls.c:6952 0x3ffb6124: 00e0:  36 bf 16 7c 59 16 d1 09 ec 17 67 cf 5d 9f 8f 78

D (37751) mbedtls: ssl_tls.c:6952 0x3ffb6124: 00f0:  8c 3d d0 02 18 d5 bc a7 19 f4 51 fe 1d b3 20 40

D (37751) mbedtls: ssl_tls.c:6952 0x3ffb6124: 0100:  67 7e 3a cc 30 f3 8d a0 ef 02 03 01 00 01      

I (37751) mbedtls: ssl_tls.c:7191 0x3ffb6124: <= parse certificate

D (37751) mbedtls: ssl_misc.h:1295 0x3ffb6124: handshake state: 3 (MBEDTLS_SSL_SERVER_CERTIFICATE) -> 4 (MBEDTLS_SSL_SERVER_KEY_EXCHANGE)

I (37751) mbedtls: ssl_msg.c:2063 0x3ffb6124: => flush output

I (37751) mbedtls: ssl_msg.c:2072 0x3ffb6124: <= flush output

I (37751) mbedtls: ssl_tls.c:4201 0x3ffb6124: client state: MBEDTLS_SSL_SERVER_KEY_EXCHANGE

[mem-tick] t=   36286 ms phase=e0           free=215964
I (37751) mbedtls: ssl_tls12_client.c:1831 0x3ffb6124: => parse server key exchange

I (37751) mbedtls: ssl_msg.c:4040 0x3ffb6124: => read record

I (37751) mbedtls: ssl_msg.c:1865 0x3ffb6124: => fetch input

I (37751) mbedtls: ssl_msg.c:2005 0x3ffb6124: in_left: 0, nb_want: 5

I (37751) mbedtls: ssl_msg.c:2025 0x3ffb6124: in_left: 0, nb_want: 5

I (37751) mbedtls: ssl_msg.c:2028 0x3ffb6124: ssl->f_recv(_timeout)() returned 5 (-0xfffffffb)

I (37751) mbedtls: ssl_msg.c:2050 0x3ffb6124: <= fetch input

D (37751) mbedtls: ssl_msg.c:3707 0x3ffb6124: input record: msgtype = 22, version = [0x303], msglen = 300

I (37751) mbedtls: ssl_msg.c:1865 0x3ffb6124: => fetch input

I (37751) mbedtls: ssl_msg.c:2005 0x3ffb6124: in_left: 5, nb_want: 305

I (37751) mbedtls: ssl_msg.c:2025 0x3ffb6124: in_left: 5, nb_want: 305

I (37751) mbedtls: ssl_msg.c:2028 0x3ffb6124: ssl->f_recv(_timeout)() returned 300 (-0xfffffed4)

I (37751) mbedtls: ssl_msg.c:2050 0x3ffb6124: <= fetch input

D (37751) mbedtls: ssl_msg.c:2948 0x3ffb6124: handshake message: msglen = 300, type = 12, hslen = 300

D (37751) mbedtls: ssl_msg.c:3085 0x3ffb6124: sole handshake fragment: 300, 0..300 of 300

I (37751) mbedtls: ssl_msg.c:4112 0x3ffb6124: <= read record

D (37751) mbedtls: ssl_tls12_client.c:1885 0x3ffb6124: dumping 'server key exchange' (296 bytes)

D (37751) mbedtls: ssl_tls12_client.c:1885 0x3ffb6124: 0000:  03 00 1d 20 c8 80 05 fb dc 72 35 34 21 bd 3f 03  ... .....r54!.?.

D (37751) mbedtls: ssl_tls12_client.c:1885 0x3ffb6124: 0010:  b8 c8 fb 0f 8a ff 29 d5 6d fa 88 73 66 2e 2e 10  ......).m..sf...

D (37751) mbedtls: ssl_tls12_client.c:1885 0x3ffb6124: 0020:  99 aa e4 56 06 01 01 00 bc a1 38 10 28 6f 6f 10  ...V......8.(oo.

D (37751) mbedtls: ssl_tls12_client.c:1885 0x3ffb6124: 0030:  a8 31 d1 d5 b0 3e 82 9d d1 a3 c8 e2 fc 03 39 31  .1...>........91

D (37751) mbedtls: ssl_tls12_client.c:1885 0x3ffb6124: 0040:  b9 68 6d 07 69 04 1b 85 f0 cc 95 15 7a 43 12 2e  .hm.i.......zC..

D (37751) mbedtls: ssl_tls12_client.c:1885 0x3ffb6124: 0050:  89 7b 0d 68 2d bb 08 3b fd be 27 9a 19 89 01 cf  .{.h-..;..'.....

D (37751) mbedtls: ssl_tls12_client.c:1885 0x3ffb6124: 0060:  f8 63 bc 13 9c b1 63 20 6e 09 c8 a7 7e 7f 40 34  .c....c n...~.@4

D (37751) mbedtls: ssl_tls12_client.c:1885 0x3ffb6124: 0070:  8f 3c 07 47 fa ab bf 50 07 0d 10 03 15 be 44 c7  .<.G...P......D.

D (37751) mbedtls: ssl_tls12_client.c:1885 0x3ffb6124: 0080:  da b8 66 0c 9d 26 c2 8e e5 68 1d 37 6d 15 97 23  ..f..&...h.7m..#

D (37751) mbedtls: ssl_tls12_client.c:1885 0x3ffb6124: 0090:  06 1b da 4b f6 7b 16 dc 7a 05 d9 a0 5d b3 f2 0a  ...K.{..z...]...

D (37751) mbedtls: ssl_tls12_client.c:1885 0x3ffb6124: 00a0:  f0 dd ae f7 21 49 8d b6 09 f6 b9 f5 9b f0 9d cf  ....!I..........

D (37751) mbedtls: ssl_tls12_client.c:1885 0x3ffb6124: 00b0:  df fc bf 07 6c ea 12 cb e2 a1 ae 8b 6c ec 0f 6c  ....l.......l..l

D (37751) mbedtls: ssl_tls12_client.c:1885 0x3ffb6124: 00c0:  1f bf 5a e6 92 17 16 db 14 2f da de b5 9a 9f 32  ..Z....../.....2

D (37751) mbedtls: ssl_tls12_client.c:1885 0x3ffb6124: 00d0:  79 a5 07 00 d7 04 b5 16 59 f2 e2 63 8b 8a 89 71  y.......Y..c...q

D (37751) mbedtls: ssl_tls12_client.c:1885 0x3ffb6124: 00e0:  7c 55 45 f0 82 53 9c 9a 07 5b 71 09 a3 ab cf 11  |UE..S...[q.....

D (37751) mbedtls: ssl_tls12_client.c:1885 0x3ffb6124: 00f0:  a2 76 c9 e9 c5 03 ef b1 a0 16 34 76 5a 1e af b6  .v........4vZ...

D (37751) mbedtls: ssl_tls12_client.c:1885 0x3ffb6124: 0100:  3a 93 59 b1 f3 41 2a dc 70 5f a3 80 ed 36 74 34  :.Y..A*.p_...6t4

D (37751) mbedtls: ssl_tls12_client.c:1885 0x3ffb6124: 0110:  88 ca f6 49 23 a7 7b 61 77 d5 5c 93 c6 18 5d 7b  ...I#.{aw.\...]{

D (37751) mbedtls: ssl_tls12_client.c:1885 0x3ffb6124: 0120:  8e df 94 8a 9a 6c 1c 59                          .....l.Y

I (37751) mbedtls: ssl_tls12_client.c:1815 0x3ffb6124: Server used the signature algorithm rsa_pkcs1_sha512

D (37751) mbedtls: ssl_tls12_client.c:2047 0x3ffb6124: dumping 'signature' (256 bytes)

D (37751) mbedtls: ssl_tls12_client.c:2047 0x3ffb6124: 0000:  bc a1 38 10 28 6f 6f 10 a8 31 d1 d5 b0 3e 82 9d  ..8.(oo..1...>..

D (37751) mbedtls: ssl_tls12_client.c:2047 0x3ffb6124: 0010:  d1 a3 c8 e2 fc 03 39 31 b9 68 6d 07 69 04 1b 85  ......91.hm.i...

D (37761) mbedtls: ssl_tls12_client.c:2047 0x3ffb6124: 0020:  f0 cc 95 15 7a 43 12 2e 89 7b 0d 68 2d bb 08 3b  ....zC...{.h-..;

D (37761) mbedtls: ssl_tls12_client.c:2047 0x3ffb6124: 0030:  fd be 27 9a 19 89 01 cf f8 63 bc 13 9c b1 63 20  ..'......c....c 

D (37761) mbedtls: ssl_tls12_client.c:2047 0x3ffb6124: 0040:  6e 09 c8 a7 7e 7f 40 34 8f 3c 07 47 fa ab bf 50  n...~.@4.<.G...P

D (37761) mbedtls: ssl_tls12_client.c:2047 0x3ffb6124: 0050:  07 0d 10 03 15 be 44 c7 da b8 66 0c 9d 26 c2 8e  ......D...f..&..

D (37761) mbedtls: ssl_tls12_client.c:2047 0x3ffb6124: 0060:  e5 68 1d 37 6d 15 97 23 06 1b da 4b f6 7b 16 dc  .h.7m..#...K.{..

D (37761) mbedtls: ssl_tls12_client.c:2047 0x3ffb6124: 0070:  7a 05 d9 a0 5d b3 f2 0a f0 dd ae f7 21 49 8d b6  z...].......!I..

D (37761) mbedtls: ssl_tls12_client.c:2047 0x3ffb6124: 0080:  09 f6 b9 f5 9b f0 9d cf df fc bf 07 6c ea 12 cb  ............l...

D (37761) mbedtls: ssl_tls12_client.c:2047 0x3ffb6124: 0090:  e2 a1 ae 8b 6c ec 0f 6c 1f bf 5a e6 92 17 16 db  ....l..l..Z.....

D (37761) mbedtls: ssl_tls12_client.c:2047 0x3ffb6124: 00a0:  14 2f da de b5 9a 9f 32 79 a5 07 00 d7 04 b5 16  ./.....2y.......

D (37761) mbedtls: ssl_tls12_client.c:2047 0x3ffb6124: 00b0:  59 f2 e2 63 8b 8a 89 71 7c 55 45 f0 82 53 9c 9a  Y..c...q|UE..S..

D (37761) mbedtls: ssl_tls12_client.c:2047 0x3ffb6124: 00c0:  07 5b 71 09 a3 ab cf 11 a2 76 c9 e9 c5 03 ef b1  .[q......v......

D (37761) mbedtls: ssl_tls12_client.c:2047 0x3ffb6124: 00d0:  a0 16 34 76 5a 1e af b6 3a 93 59 b1 f3 41 2a dc  ..4vZ...:.Y..A*.

D (37761) mbedtls: ssl_tls12_client.c:2047 0x3ffb6124: 00e0:  70 5f a3 80 ed 36 74 34 88 ca f6 49 23 a7 7b 61  p_...6t4...I#.{a

D (37761) mbedtls: ssl_tls12_client.c:2047 0x3ffb6124: 00f0:  77 d5 5c 93 c6 18 5d 7b 8e df 94 8a 9a 6c 1c 59  w.\...]{.....l.Y

D (37761) mbedtls: ssl_tls.c:8082 0x3ffb6124: Perform PSA-based computation of digest of ServerKeyExchange

D (37761) mbedtls: ssl_tls12_client.c:2064 0x3ffb6124: dumping 'parameters hash' (64 bytes)

D (37761) mbedtls: ssl_tls12_client.c:2064 0x3ffb6124: 0000:  c7 7f 67 99 7b c4 0f 0f 53 f4 09 98 ea c7 a5 14  ..g.{...S.......

D (37761) mbedtls: ssl_tls12_client.c:2064 0x3ffb6124: 0010:  ab df fc 1e 0a b7 cd c7 48 d4 92 f1 8a 3d de d0  ........H....=..

D (37761) mbedtls: ssl_tls12_client.c:2064 0x3ffb6124: 0020:  f8 be 8c 61 2d db b9 76 46 33 08 ba c4 56 c9 6d  ...a-..vF3...V.m

D (37761) mbedtls: ssl_tls12_client.c:2064 0x3ffb6124: 0030:  c9 45 cf c9 ef 48 ea b6 c0 4b dc 3b ff 87 89 74  .E...H...K.;...t

D (37771) mbedtls: ssl_misc.h:1295 0x3ffb6124: handshake state: 4 (MBEDTLS_SSL_SERVER_KEY_EXCHANGE) -> 5 (MBEDTLS_SSL_CERTIFICATE_REQUEST)

I (37771) mbedtls: ssl_tls12_client.c:2118 0x3ffb6124: <= parse server key exchange

I (37771) mbedtls: ssl_msg.c:2063 0x3ffb6124: => flush output

I (37771) mbedtls: ssl_msg.c:2072 0x3ffb6124: <= flush output

I (37771) mbedtls: ssl_tls.c:4201 0x3ffb6124: client state: MBEDTLS_SSL_CERTIFICATE_REQUEST

I (37771) mbedtls: ssl_tls12_client.c:2157 0x3ffb6124: => parse certificate request

I (37771) mbedtls: ssl_msg.c:4040 0x3ffb6124: => read record

I (37771) mbedtls: ssl_msg.c:1865 0x3ffb6124: => fetch input

I (37771) mbedtls: ssl_msg.c:2005 0x3ffb6124: in_left: 0, nb_want: 5

I (37771) mbedtls: ssl_msg.c:2025 0x3ffb6124: in_left: 0, nb_want: 5

I (37771) mbedtls: ssl_msg.c:2028 0x3ffb6124: ssl->f_recv(_timeout)() returned 5 (-0xfffffffb)

I (37771) mbedtls: ssl_msg.c:2050 0x3ffb6124: <= fetch input

D (37771) mbedtls: ssl_msg.c:3707 0x3ffb6124: input record: msgtype = 22, version = [0x303], msglen = 4

I (37771) mbedtls: ssl_msg.c:1865 0x3ffb6124: => fetch input

I (37771) mbedtls: ssl_msg.c:2005 0x3ffb6124: in_left: 5, nb_want: 9

I (37771) mbedtls: ssl_msg.c:2025 0x3ffb6124: in_left: 5, nb_want: 9

I (37771) mbedtls: ssl_msg.c:2028 0x3ffb6124: ssl->f_recv(_timeout)() returned 4 (-0xfffffffc)

I (37771) mbedtls: ssl_msg.c:2050 0x3ffb6124: <= fetch input

D (37771) mbedtls: ssl_msg.c:2948 0x3ffb6124: handshake message: msglen = 4, type = 14, hslen = 4

D (37771) mbedtls: ssl_msg.c:3085 0x3ffb6124: sole handshake fragment: 4, 0..4 of 4

I (37771) mbedtls: ssl_msg.c:4112 0x3ffb6124: <= read record

D (37771) mbedtls: ssl_misc.h:1295 0x3ffb6124: handshake state: 5 (MBEDTLS_SSL_CERTIFICATE_REQUEST) -> 6 (MBEDTLS_SSL_SERVER_HELLO_DONE)

D (37771) mbedtls: ssl_tls12_client.c:2183 0x3ffb6124: got no certificate request

I (37771) mbedtls: ssl_tls12_client.c:2319 0x3ffb6124: <= parse certificate request

I (37771) mbedtls: ssl_msg.c:2063 0x3ffb6124: => flush output

I (37771) mbedtls: ssl_msg.c:2072 0x3ffb6124: <= flush output

I (37771) mbedtls: ssl_tls.c:4201 0x3ffb6124: client state: MBEDTLS_SSL_SERVER_HELLO_DONE

I (37771) mbedtls: ssl_tls12_client.c:2330 0x3ffb6124: => parse server hello done

I (37771) mbedtls: ssl_msg.c:4040 0x3ffb6124: => read record

I (37771) mbedtls: ssl_msg.c:4108 0x3ffb6124: reuse previously read message

I (37771) mbedtls: ssl_msg.c:4112 0x3ffb6124: <= read record

D (37771) mbedtls: ssl_misc.h:1295 0x3ffb6124: handshake state: 6 (MBEDTLS_SSL_SERVER_HELLO_DONE) -> 7 (MBEDTLS_SSL_CLIENT_CERTIFICATE)

I (37771) mbedtls: ssl_tls12_client.c:2358 0x3ffb6124: <= parse server hello done

I (37771) mbedtls: ssl_msg.c:2063 0x3ffb6124: => flush output

I (37771) mbedtls: ssl_msg.c:2072 0x3ffb6124: <= flush output

I (37771) mbedtls: ssl_tls.c:4201 0x3ffb6124: client state: MBEDTLS_SSL_CLIENT_CERTIFICATE

I (37771) mbedtls: ssl_tls.c:6675 0x3ffb6124: => write certificate

I (37771) mbedtls: ssl_tls.c:6686 0x3ffb6124: <= skip write certificate

D (37771) mbedtls: ssl_misc.h:1295 0x3ffb6124: handshake state: 7 (MBEDTLS_SSL_CLIENT_CERTIFICATE) -> 8 (MBEDTLS_SSL_CLIENT_KEY_EXCHANGE)

I (37771) mbedtls: ssl_msg.c:2063 0x3ffb6124: => flush output

I (37771) mbedtls: ssl_msg.c:2072 0x3ffb6124: <= flush output

I (37771) mbedtls: ssl_tls.c:4201 0x3ffb6124: client state: MBEDTLS_SSL_CLIENT_KEY_EXCHANGE

I (37771) mbedtls: ssl_tls12_client.c:2373 0x3ffb6124: => write client key exchange

D (37771) mbedtls: ssl_tls12_client.c:2387 0x3ffb6124: Perform PSA-based ECDH computation.

[mem-tick] t=   36394 ms phase=e0           free=216304
D (37921) mbedtls: ssl_misc.h:1295 0x3ffb6124: handshake state: 8 (MBEDTLS_SSL_CLIENT_KEY_EXCHANGE) -> 9 (MBEDTLS_SSL_CERTIFICATE_VERIFY)

I (37921) mbedtls: ssl_msg.c:2494 0x3ffb6124: => write handshake message

I (37921) mbedtls: ssl_msg.c:2654 0x3ffb6124: => write record

D (37921) mbedtls: ssl_msg.c:2737 0x3ffb6124: output record: msgtype = 22, version = [3:3], msglen = 37

I (37921) mbedtls: ssl_msg.c:2063 0x3ffb6124: => flush output

I (37921) mbedtls: ssl_msg.c:2077 0x3ffb6124: message length: 42, out_left: 42

I (37921) mbedtls: ssl_msg.c:2084 0x3ffb6124: ssl->f_send() returned 42 (-0xffffffd6)

I (37921) mbedtls: ssl_msg.c:2111 0x3ffb6124: <= flush output

I (37921) mbedtls: ssl_msg.c:2790 0x3ffb6124: <= write record

I (37921) mbedtls: ssl_msg.c:2615 0x3ffb6124: <= write handshake message

I (37921) mbedtls: ssl_tls12_client.c:2653 0x3ffb6124: <= write client key exchange

I (37921) mbedtls: ssl_msg.c:2063 0x3ffb6124: => flush output

I (37921) mbedtls: ssl_msg.c:2072 0x3ffb6124: <= flush output

I (37921) mbedtls: ssl_tls.c:4201 0x3ffb6124: client state: MBEDTLS_SSL_CERTIFICATE_VERIFY

I (37921) mbedtls: ssl_tls12_client.c:2701 0x3ffb6124: => write certificate verify

I (37921) mbedtls: ssl_tls.c:6466 0x3ffb6124: => derive keys

I (37921) mbedtls: ssl_tls.c:6557 0x3ffb6124: => PSA calc verify

D (37921) mbedtls: ssl_tls.c:6568 0x3ffb6124: dumping 'PSA calculated verify result' (48 bytes)

D (37921) mbedtls: ssl_tls.c:6568 0x3ffb6124: 0000:  40 81 58 7b 37 ed e0 75 36 92 95 5d 6a 11 a1 ba  @.X{7..u6..]j...

D (37921) mbedtls: ssl_tls.c:6568 0x3ffb6124: 0010:  3e 33 40 da a8 3e 55 18 ec 59 95 b1 48 cd 26 51  >3@..>U..Y..H.&Q

D (37921) mbedtls: ssl_tls.c:6568 0x3ffb6124: 0020:  d8 74 3f 98 79 19 87 ba ac 7a c7 d3 83 78 b4 c1  .t?.y....z...x..

I (37921) mbedtls: ssl_tls.c:6569 0x3ffb6124: <= PSA calc verify

D (37921) mbedtls: ssl_tls.c:6308 0x3ffb6124: dumping 'session hash for extended master secret' (48 bytes)

D (37921) mbedtls: ssl_tls.c:6308 0x3ffb6124: 0000:  40 81 58 7b 37 ed e0 75 36 92 95 5d 6a 11 a1 ba  @.X{7..u6..]j...

D (37921) mbedtls: ssl_tls.c:6308 0x3ffb6124: 0010:  3e 33 40 da a8 3e 55 18 ec 59 95 b1 48 cd 26 51  >3@..>U..Y..H.&Q

D (37921) mbedtls: ssl_tls.c:6308 0x3ffb6124: 0020:  d8 74 3f 98 79 19 87 ba ac 7a c7 d3 83 78 b4 c1  .t?.y....z...x..

D (37921) mbedtls: ssl_tls.c:6449 0x3ffb6124: dumping 'premaster secret' (32 bytes)

D (37921) mbedtls: ssl_tls.c:6449 0x3ffb6124: 0000:  bd 85 26 40 d7 16 4f 2e 47 1b f1 9e 66 4d 31 a8  ..&@..O.G...fM1.

D (37921) mbedtls: ssl_tls.c:6449 0x3ffb6124: 0010:  1d 5d 8b 68 d6 cd 1d fe 7f eb d1 08 70 83 1a 33  .].h........p..3

D (37921) mbedtls: ssl_tls.c:7762 0x3ffb6124: ciphersuite = TLS-ECDHE-RSA-WITH-AES-256-GCM-SHA384

D (37921) mbedtls: ssl_tls.c:7764 0x3ffb6124: dumping 'master secret' (48 bytes)

D (37921) mbedtls: ssl_tls.c:7764 0x3ffb6124: 0000:  1c ba d0 ee 18 b8 7c 62 c3 5c a8 6c ca e6 c0 5d  ......|b.\.l...]

D (37921) mbedtls: ssl_tls.c:7764 0x3ffb6124: 0010:  42 f0 df 5a 6f 9c a3 41 34 7f b2 89 d2 0d 61 3a  B..Zo..A4.....a:

D (37931) mbedtls: ssl_tls.c:7764 0x3ffb6124: 0020:  21 1a 20 fa f9 9b 13 9c 31 e9 33 61 8a 22 45 49  !. .....1.3a."EI

D (37931) mbedtls: ssl_tls.c:7855 0x3ffb6124: keylen: 32, minlen: 24, ivlen: 12, maclen: 0

I (37931) mbedtls: ssl_tls.c:6517 0x3ffb6124: <= derive keys

I (37931) mbedtls: ssl_tls12_client.c:2723 0x3ffb6124: <= skip write certificate verify

D (37931) mbedtls: ssl_misc.h:1295 0x3ffb6124: handshake state: 9 (MBEDTLS_SSL_CERTIFICATE_VERIFY) -> 10 (MBEDTLS_SSL_CLIENT_CHANGE_CIPHER_SPEC)

I (37931) mbedtls: ssl_msg.c:2063 0x3ffb6124: => flush output

I (37931) mbedtls: ssl_msg.c:2072 0x3ffb6124: <= flush output

I (37931) mbedtls: ssl_tls.c:4201 0x3ffb6124: client state: MBEDTLS_SSL_CLIENT_CHANGE_CIPHER_SPEC

I (37931) mbedtls: ssl_msg.c:5087 0x3ffb6124: => write change cipher spec

D (37931) mbedtls: ssl_misc.h:1295 0x3ffb6124: handshake state: 10 (MBEDTLS_SSL_CLIENT_CHANGE_CIPHER_SPEC) -> 11 (MBEDTLS_SSL_CLIENT_FINISHED)

I (37931) mbedtls: ssl_msg.c:2494 0x3ffb6124: => write handshake message

I (37931) mbedtls: ssl_msg.c:2654 0x3ffb6124: => write record

D (37931) mbedtls: ssl_msg.c:2737 0x3ffb6124: output record: msgtype = 20, version = [3:3], msglen = 1

I (37931) mbedtls: ssl_msg.c:2063 0x3ffb6124: => flush output

I (37931) mbedtls: ssl_msg.c:2077 0x3ffb6124: message length: 6, out_left: 6

I (37931) mbedtls: ssl_msg.c:2084 0x3ffb6124: ssl->f_send() returned 6 (-0xfffffffa)

I (37931) mbedtls: ssl_msg.c:2111 0x3ffb6124: <= flush output

I (37931) mbedtls: ssl_msg.c:2790 0x3ffb6124: <= write record

I (37931) mbedtls: ssl_msg.c:2615 0x3ffb6124: <= write handshake message

I (37931) mbedtls: ssl_msg.c:5100 0x3ffb6124: <= write change cipher spec

I (37931) mbedtls: ssl_msg.c:2063 0x3ffb6124: => flush output

I (37931) mbedtls: ssl_msg.c:2072 0x3ffb6124: <= flush output

I (37931) mbedtls: ssl_tls.c:4201 0x3ffb6124: client state: MBEDTLS_SSL_CLIENT_FINISHED

I (37931) mbedtls: ssl_tls.c:7384 0x3ffb6124: => write finished

I (37931) mbedtls: ssl_tls.c:7235 0x3ffb6124: => calc PSA finished tls

D (37931) mbedtls: ssl_tls.c:7246 0x3ffb6124: dumping 'PSA calculated padbuf' (48 bytes)

D (37931) mbedtls: ssl_tls.c:7246 0x3ffb6124: 0000:  40 81 58 7b 37 ed e0 75 36 92 95 5d 6a 11 a1 ba  @.X{7..u6..]j...

D (37931) mbedtls: ssl_tls.c:7246 0x3ffb6124: 0010:  3e 33 40 da a8 3e 55 18 ec 59 95 b1 48 cd 26 51  >3@..>U..Y..H.&Q

D (37931) mbedtls: ssl_tls.c:7246 0x3ffb6124: 0020:  d8 74 3f 98 79 19 87 ba ac 7a c7 d3 83 78 b4 c1  .t?.y....z...x..

D (37931) mbedtls: ssl_tls.c:7258 0x3ffb6124: dumping 'calc finished result' (12 bytes)

D (37931) mbedtls: ssl_tls.c:7258 0x3ffb6124: 0000:  fa 55 5c b7 dd 55 b7 78 e7 ed 02 68              .U\..U.x...h

I (37931) mbedtls: ssl_tls.c:7262 0x3ffb6124: <= calc finished

D (37931) mbedtls: ssl_misc.h:1295 0x3ffb6124: handshake state: 11 (MBEDTLS_SSL_CLIENT_FINISHED) -> 12 (MBEDTLS_SSL_SERVER_CHANGE_CIPHER_SPEC)

D (37931) mbedtls: ssl_tls.c:7434 0x3ffb6124: switching to new transform spec for outbound data

I (37931) mbedtls: ssl_msg.c:2494 0x3ffb6124: => write handshake message

I (37931) mbedtls: ssl_msg.c:2654 0x3ffb6124: => write record

I (37931) mbedtls: ssl_msg.c:808 0x3ffb6124: => encrypt buf

D (37931) mbedtls: ssl_msg.c:1036 0x3ffb6124: before encrypt: msglen = 16, including 0 bytes of padding

I (37931) mbedtls: ssl_msg.c:1265 0x3ffb6124: <= encrypt buf

D (37931) mbedtls: ssl_msg.c:2737 0x3ffb6124: output record: msgtype = 22, version = [3:3], msglen = 40

I (37931) mbedtls: ssl_msg.c:2063 0x3ffb6124: => flush output

I (37931) mbedtls: ssl_msg.c:2077 0x3ffb6124: message length: 45, out_left: 45

I (37931) mbedtls: ssl_msg.c:2084 0x3ffb6124: ssl->f_send() returned 45 (-0xffffffd3)

I (37931) mbedtls: ssl_msg.c:2111 0x3ffb6124: <= flush output

I (37931) mbedtls: ssl_msg.c:2790 0x3ffb6124: <= write record

I (37931) mbedtls: ssl_msg.c:2615 0x3ffb6124: <= write handshake message

I (37931) mbedtls: ssl_tls.c:7487 0x3ffb6124: <= write finished

I (37931) mbedtls: ssl_msg.c:2063 0x3ffb6124: => flush output

I (37931) mbedtls: ssl_msg.c:2072 0x3ffb6124: <= flush output

I (37931) mbedtls: ssl_tls.c:4201 0x3ffb6124: client state: MBEDTLS_SSL_SERVER_CHANGE_CIPHER_SPEC

D (37931) mbedtls: ssl_misc.h:1295 0x3ffb6124: handshake state: 12 (MBEDTLS_SSL_SERVER_CHANGE_CIPHER_SPEC) -> 16 (MBEDTLS_SSL_NEW_SESSION_TICKET)

I (37931) mbedtls: ssl_tls12_client.c:2829 0x3ffb6124: => parse new session ticket

I (37931) mbedtls: ssl_msg.c:4040 0x3ffb6124: => read record

I (37931) mbedtls: ssl_msg.c:1865 0x3ffb6124: => fetch input

I (37931) mbedtls: ssl_msg.c:2005 0x3ffb6124: in_left: 0, nb_want: 5

I (37931) mbedtls: ssl_msg.c:2025 0x3ffb6124: in_left: 0, nb_want: 5

I (37931) mbedtls: ssl_msg.c:2028 0x3ffb6124: ssl->f_recv(_timeout)() returned 5 (-0xfffffffb)

I (37931) mbedtls: ssl_msg.c:2050 0x3ffb6124: <= fetch input

D (37931) mbedtls: ssl_msg.c:3707 0x3ffb6124: input record: msgtype = 22, version = [0x303], msglen = 186

I (37941) mbedtls: ssl_msg.c:1865 0x3ffb6124: => fetch input

I (37941) mbedtls: ssl_msg.c:2005 0x3ffb6124: in_left: 5, nb_want: 191

I (37941) mbedtls: ssl_msg.c:2025 0x3ffb6124: in_left: 5, nb_want: 191

I (37941) mbedtls: ssl_msg.c:2028 0x3ffb6124: ssl->f_recv(_timeout)() returned 186 (-0xffffff46)

I (37941) mbedtls: ssl_msg.c:2050 0x3ffb6124: <= fetch input

D (37941) mbedtls: ssl_msg.c:2948 0x3ffb6124: handshake message: msglen = 186, type = 4, hslen = 186

D (37941) mbedtls: ssl_msg.c:3085 0x3ffb6124: sole handshake fragment: 186, 0..186 of 186

I (37941) mbedtls: ssl_msg.c:4112 0x3ffb6124: <= read record

D (37941) mbedtls: ssl_tls12_client.c:2876 0x3ffb6124: ticket length: 176

D (37941) mbedtls: ssl_misc.h:1295 0x3ffb6124: handshake state: 16 (MBEDTLS_SSL_NEW_SESSION_TICKET) -> 12 (MBEDTLS_SSL_SERVER_CHANGE_CIPHER_SPEC)

D (37941) mbedtls: ssl_tls12_client.c:2920 0x3ffb6124: ticket in use, discarding session id

I (37941) mbedtls: ssl_tls12_client.c:2923 0x3ffb6124: <= parse new session ticket

I (37941) mbedtls: ssl_msg.c:2063 0x3ffb6124: => flush output

I (37941) mbedtls: ssl_msg.c:2072 0x3ffb6124: <= flush output

I (37941) mbedtls: ssl_tls.c:4201 0x3ffb6124: client state: MBEDTLS_SSL_SERVER_CHANGE_CIPHER_SPEC

I (37941) mbedtls: ssl_msg.c:5109 0x3ffb6124: => parse change cipher spec

I (37941) mbedtls: ssl_msg.c:4040 0x3ffb6124: => read record

I (37941) mbedtls: ssl_msg.c:1865 0x3ffb6124: => fetch input

I (37941) mbedtls: ssl_msg.c:2005 0x3ffb6124: in_left: 0, nb_want: 5

I (37941) mbedtls: ssl_msg.c:2025 0x3ffb6124: in_left: 0, nb_want: 5

I (37941) mbedtls: ssl_msg.c:2028 0x3ffb6124: ssl->f_recv(_timeout)() returned 5 (-0xfffffffb)

I (37941) mbedtls: ssl_msg.c:2050 0x3ffb6124: <= fetch input

D (37941) mbedtls: ssl_msg.c:3707 0x3ffb6124: input record: msgtype = 20, version = [0x303], msglen = 1

I (37941) mbedtls: ssl_msg.c:1865 0x3ffb6124: => fetch input

I (37941) mbedtls: ssl_msg.c:2005 0x3ffb6124: in_left: 5, nb_want: 6

I (37941) mbedtls: ssl_msg.c:2025 0x3ffb6124: in_left: 5, nb_want: 6

I (37941) mbedtls: ssl_msg.c:2028 0x3ffb6124: ssl->f_recv(_timeout)() returned 1 (-0xffffffff)

I (37941) mbedtls: ssl_msg.c:2050 0x3ffb6124: <= fetch input

I (37941) mbedtls: ssl_msg.c:4112 0x3ffb6124: <= read record

D (37941) mbedtls: ssl_msg.c:5130 0x3ffb6124: switching to new transform spec for inbound data

D (37941) mbedtls: ssl_misc.h:1295 0x3ffb6124: handshake state: 12 (MBEDTLS_SSL_SERVER_CHANGE_CIPHER_SPEC) -> 13 (MBEDTLS_SSL_SERVER_FINISHED)

I (37941) mbedtls: ssl_msg.c:5157 0x3ffb6124: <= parse change cipher spec

I (37941) mbedtls: ssl_msg.c:2063 0x3ffb6124: => flush output

I (37941) mbedtls: ssl_msg.c:2072 0x3ffb6124: <= flush output

I (37941) mbedtls: ssl_tls.c:4201 0x3ffb6124: client state: MBEDTLS_SSL_SERVER_FINISHED

I (37941) mbedtls: ssl_tls.c:7500 0x3ffb6124: => parse finished

I (37941) mbedtls: ssl_tls.c:7235 0x3ffb6124: => calc PSA finished tls

D (37941) mbedtls: ssl_tls.c:7246 0x3ffb6124: dumping 'PSA calculated padbuf' (48 bytes)

D (37941) mbedtls: ssl_tls.c:7246 0x3ffb6124: 0000:  08 67 a7 ba bc a8 bd 3e 0b 68 0a c8 51 9d e3 37  .g.....>.h..Q..7

D (37941) mbedtls: ssl_tls.c:7246 0x3ffb6124: 0010:  fd e0 ff a1 42 92 47 75 4e eb cb d3 82 1b 1b 1e  ....B.GuN.......

D (37941) mbedtls: ssl_tls.c:7246 0x3ffb6124: 0020:  72 87 76 18 8a 28 0d 34 f7 d1 77 6a bd 5f a5 0e  r.v..(.4..wj._..

D (37941) mbedtls: ssl_tls.c:7258 0x3ffb6124: dumping 'calc finished result' (12 bytes)

D (37941) mbedtls: ssl_tls.c:7258 0x3ffb6124: 0000:  f1 f7 bd 6e 6e ce 4a 9b 25 1c f0 c6              ...nn.J.%...

I (37941) mbedtls: ssl_tls.c:7262 0x3ffb6124: <= calc finished

I (37941) mbedtls: ssl_msg.c:4040 0x3ffb6124: => read record

I (37941) mbedtls: ssl_msg.c:1865 0x3ffb6124: => fetch input

I (37941) mbedtls: ssl_msg.c:2005 0x3ffb6124: in_left: 0, nb_want: 5

I (37941) mbedtls: ssl_msg.c:2025 0x3ffb6124: in_left: 0, nb_want: 5

I (37941) mbedtls: ssl_msg.c:2028 0x3ffb6124: ssl->f_recv(_timeout)() returned 5 (-0xfffffffb)

I (37941) mbedtls: ssl_msg.c:2050 0x3ffb6124: <= fetch input

D (37941) mbedtls: ssl_msg.c:3707 0x3ffb6124: input record: msgtype = 22, version = [0x303], msglen = 40

I (37941) mbedtls: ssl_msg.c:1865 0x3ffb6124: => fetch input

I (37941) mbedtls: ssl_msg.c:2005 0x3ffb6124: in_left: 5, nb_want: 45

I (37941) mbedtls: ssl_msg.c:2025 0x3ffb6124: in_left: 5, nb_want: 45

I (37941) mbedtls: ssl_msg.c:2028 0x3ffb6124: ssl->f_recv(_timeout)() returned 40 (-0xffffffd8)

I (37941) mbedtls: ssl_msg.c:2050 0x3ffb6124: <= fetch input

I (37941) mbedtls: ssl_msg.c:1301 0x3ffb6124: => decrypt buf

I (37941) mbedtls: ssl_msg.c:1831 0x3ffb6124: <= decrypt buf

D (37941) mbedtls: ssl_msg.c:2948 0x3ffb6124: handshake message: msglen = 16, type = 20, hslen = 16

D (37941) mbedtls: ssl_msg.c:3085 0x3ffb6124: sole handshake fragment: 16, 0..16 of 16

I (37941) mbedtls: ssl_msg.c:4112 0x3ffb6124: <= read record

D (37941) mbedtls: ssl_misc.h:1295 0x3ffb6124: handshake state: 13 (MBEDTLS_SSL_SERVER_FINISHED) -> 14 (MBEDTLS_SSL_FLUSH_BUFFERS)

I (37941) mbedtls: ssl_tls.c:7571 0x3ffb6124: <= parse finished

I (37941) mbedtls: ssl_msg.c:2063 0x3ffb6124: => flush output

I (37941) mbedtls: ssl_msg.c:2072 0x3ffb6124: <= flush output

I (37941) mbedtls: ssl_tls.c:4201 0x3ffb6124: client state: MBEDTLS_SSL_FLUSH_BUFFERS

I (37941) mbedtls: ssl_tls12_client.c:3031 0x3ffb6124: handshake: done

D (37941) mbedtls: ssl_misc.h:1295 0x3ffb6124: handshake state: 14 (MBEDTLS_SSL_FLUSH_BUFFERS) -> 15 (MBEDTLS_SSL_HANDSHAKE_WRAPUP)

I (37951) mbedtls: ssl_msg.c:2063 0x3ffb6124: => flush output

I (37951) mbedtls: ssl_msg.c:2072 0x3ffb6124: <= flush output

I (37951) mbedtls: ssl_tls.c:4201 0x3ffb6124: client state: MBEDTLS_SSL_HANDSHAKE_WRAPUP

D (37951) mbedtls: ssl_tls.c:7322 0x3ffb6124: => handshake wrapup

D (37951) mbedtls: ssl_tls.c:7296 0x3ffb6124: => handshake wrapup: final free

D (37951) mbedtls: ssl_tls.c:7315 0x3ffb6124: <= handshake wrapup: final free

D (37951) mbedtls: ssl_misc.h:1295 0x3ffb6124: handshake state: 15 (MBEDTLS_SSL_HANDSHAKE_WRAPUP) -> 27 (MBEDTLS_SSL_HANDSHAKE_OVER)

D (37951) mbedtls: ssl_tls.c:7376 0x3ffb6124: <= handshake wrapup

I (37951) mbedtls: ssl_tls.c:4293 0x3ffb6124: <= handshake

[e0] connection ACCEPTED with NO verification data (CONFIG_ESP_TLS_SKIP_SERVER_CERT_VERIFY)
[neg] version=TLSv1.2 suite=TLS-ECDHE-RSA-WITH-AES-256-GCM-SHA384 peer_cert=0 bytes
--- E1: pinned correct self-signed cert as CA, common_name=localhost ---
[mem-tick] t=   36494 ms phase=e1           free=245376
D (37961) esp-tls: handshake in progress...
I (37961) mbedtls: ssl_tls.c:4282 0x3ffb6124: => handshake

I (37961) mbedtls: ssl_msg.c:2063 0x3ffb6124: => flush output

I (37961) mbedtls: ssl_msg.c:2072 0x3ffb6124: <= flush output

I (37961) mbedtls: ssl_tls.c:4201 0x3ffb6124: client state: MBEDTLS_SSL_HELLO_REQUEST

D (37961) mbedtls: ssl_misc.h:1295 0x3ffb6124: handshake state: 0 (MBEDTLS_SSL_HELLO_REQUEST) -> 1 (MBEDTLS_SSL_CLIENT_HELLO)

I (37961) mbedtls: ssl_msg.c:2063 0x3ffb6124: => flush output

I (37961) mbedtls: ssl_msg.c:2072 0x3ffb6124: <= flush output

I (37961) mbedtls: ssl_tls.c:4201 0x3ffb6124: client state: MBEDTLS_SSL_CLIENT_HELLO

I (37961) mbedtls: ssl_client.c:917 0x3ffb6124: => write client hello

D (37961) mbedtls: ssl_client.c:722 0x3ffb6124: client hello, current time: 36

D (37961) mbedtls: ssl_client.c:485 0x3ffb6124: dumping 'client hello, random bytes' (32 bytes)

D (37961) mbedtls: ssl_client.c:485 0x3ffb6124: 0000:  00 00 00 24 c3 58 1e 8e 5d 34 44 92 1b cb cb 5a  ...$.X..]4D....Z

D (37961) mbedtls: ssl_client.c:485 0x3ffb6124: 0010:  b7 31 b5 f3 b6 52 2c e2 11 8a a3 cd 55 dd e9 39  .1...R,.....U..9

D (37961) mbedtls: ssl_client.c:510 0x3ffb6124: dumping 'session id' (0 bytes)

D (37961) mbedtls: ssl_client.c:368 0x3ffb6124: client hello, add ciphersuite: c02c, TLS-ECDHE-ECDSA-WITH-AES-256-GCM-SHA384

D (37961) mbedtls: ssl_client.c:368 0x3ffb6124: client hello, add ciphersuite: c030, TLS-ECDHE-RSA-WITH-AES-256-GCM-SHA384

D (37961) mbedtls: ssl_client.c:368 0x3ffb6124: client hello, add ciphersuite: c0ad, TLS-ECDHE-ECDSA-WITH-AES-256-CCM

D (37961) mbedtls: ssl_client.c:368 0x3ffb6124: client hello, add ciphersuite: c024, TLS-ECDHE-ECDSA-WITH-AES-256-CBC-SHA384

D (37961) mbedtls: ssl_client.c:368 0x3ffb6124: client hello, add ciphersuite: c028, TLS-ECDHE-RSA-WITH-AES-256-CBC-SHA384

D (37961) mbedtls: ssl_client.c:368 0x3ffb6124: client hello, add ciphersuite: c00a, TLS-ECDHE-ECDSA-WITH-AES-256-CBC-SHA

D (37961) mbedtls: ssl_client.c:368 0x3ffb6124: client hello, add ciphersuite: c014, TLS-ECDHE-RSA-WITH-AES-256-CBC-SHA

D (37961) mbedtls: ssl_client.c:368 0x3ffb6124: client hello, add ciphersuite: c0af, TLS-ECDHE-ECDSA-WITH-AES-256-CCM-8

D (37961) mbedtls: ssl_client.c:368 0x3ffb6124: client hello, add ciphersuite: c02b, TLS-ECDHE-ECDSA-WITH-AES-128-GCM-SHA256

D (37961) mbedtls: ssl_client.c:368 0x3ffb6124: client hello, add ciphersuite: c02f, TLS-ECDHE-RSA-WITH-AES-128-GCM-SHA256

D (37961) mbedtls: ssl_client.c:368 0x3ffb6124: client hello, add ciphersuite: c0ac, TLS-ECDHE-ECDSA-WITH-AES-128-CCM

D (37961) mbedtls: ssl_client.c:368 0x3ffb6124: client hello, add ciphersuite: c023, TLS-ECDHE-ECDSA-WITH-AES-128-CBC-SHA256

D (37961) mbedtls: ssl_client.c:368 0x3ffb6124: client hello, add ciphersuite: c027, TLS-ECDHE-RSA-WITH-AES-128-CBC-SHA256

D (37961) mbedtls: ssl_client.c:368 0x3ffb6124: client hello, add ciphersuite: c009, TLS-ECDHE-ECDSA-WITH-AES-128-CBC-SHA

D (37961) mbedtls: ssl_client.c:368 0x3ffb6124: client hello, add ciphersuite: c013, TLS-ECDHE-RSA-WITH-AES-128-CBC-SHA

D (37961) mbedtls: ssl_client.c:368 0x3ffb6124: client hello, add ciphersuite: c0ae, TLS-ECDHE-ECDSA-WITH-AES-128-CCM-8

D (37961) mbedtls: ssl_client.c:386 0x3ffb6124: adding EMPTY_RENEGOTIATION_INFO_SCSV

D (37961) mbedtls: ssl_client.c:395 0x3ffb6124: client hello, got 17 cipher suites

D (37961) mbedtls: ssl_client.c:39 0x3ffb6124: client hello, adding server name extension: localhost

D (37961) mbedtls: ssl_client.c:229 0x3ffb6124: client hello, adding supported_groups extension

D (37961) mbedtls: ssl_client.c:248 0x3ffb6124: got supported group(001d)

D (37961) mbedtls: ssl_client.c:280 0x3ffb6124: NamedGroup: x25519 ( 1d )

D (37961) mbedtls: ssl_client.c:248 0x3ffb6124: got supported group(0017)

D (37961) mbedtls: ssl_client.c:280 0x3ffb6124: NamedGroup: secp256r1 ( 17 )

D (37961) mbedtls: ssl_client.c:248 0x3ffb6124: got supported group(0018)

D (37961) mbedtls: ssl_client.c:280 0x3ffb6124: NamedGroup: secp384r1 ( 18 )

D (37961) mbedtls: ssl_client.c:248 0x3ffb6124: got supported group(001e)

D (37961) mbedtls: ssl_client.c:280 0x3ffb6124: NamedGroup: x448 ( 1e )

D (37961) mbedtls: ssl_client.c:248 0x3ffb6124: got supported group(0019)

D (37961) mbedtls: ssl_client.c:280 0x3ffb6124: NamedGroup: secp521r1 ( 19 )

D (37961) mbedtls: ssl_client.c:248 0x3ffb6124: got supported group(001a)

D (37961) mbedtls: ssl_client.c:280 0x3ffb6124: NamedGroup: bp256r1 ( 1a )

D (37961) mbedtls: ssl_client.c:248 0x3ffb6124: got supported group(001b)

D (37961) mbedtls: ssl_client.c:280 0x3ffb6124: NamedGroup: bp384r1 ( 1b )

D (37961) mbedtls: ssl_client.c:248 0x3ffb6124: got supported group(001c)

D (37961) mbedtls: ssl_client.c:280 0x3ffb6124: NamedGroup: bp512r1 ( 1c )

D (37961) mbedtls: ssl_client.c:248 0x3ffb6124: got supported group(0100)

D (37971) mbedtls: ssl_client.c:248 0x3ffb6124: got supported group(0101)

D (37971) mbedtls: ssl_client.c:248 0x3ffb6124: got supported group(0102)

D (37971) mbedtls: ssl_client.c:248 0x3ffb6124: got supported group(0103)

D (37971) mbedtls: ssl_client.c:248 0x3ffb6124: got supported group(0104)

D (37971) mbedtls: ssl_client.c:300 0x3ffb6124: dumping 'Supported groups extension' (18 bytes)

D (37971) mbedtls: ssl_client.c:300 0x3ffb6124: 0000:  00 10 00 1d 00 17 00 18 00 1e 00 19 00 1a 00 1b  ................

D (37971) mbedtls: ssl_client.c:300 0x3ffb6124: 0010:  00 1c                                            ..

D (37971) mbedtls: ssl_tls.c:8276 0x3ffb6124: adding signature_algorithms extension

D (37971) mbedtls: ssl_tls.c:8296 0x3ffb6124: got signature scheme [603] ecdsa_secp521r1_sha512

D (37971) mbedtls: ssl_tls.c:8305 0x3ffb6124: sent signature scheme [603] ecdsa_secp521r1_sha512

D (37971) mbedtls: ssl_tls.c:8296 0x3ffb6124: got signature scheme [806] rsa_pss_rsae_sha512

D (37971) mbedtls: ssl_tls.c:8296 0x3ffb6124: got signature scheme [601] rsa_pkcs1_sha512

D (37971) mbedtls: ssl_tls.c:8305 0x3ffb6124: sent signature scheme [601] rsa_pkcs1_sha512

D (37971) mbedtls: ssl_tls.c:8296 0x3ffb6124: got signature scheme [503] ecdsa_secp384r1_sha384

D (37971) mbedtls: ssl_tls.c:8305 0x3ffb6124: sent signature scheme [503] ecdsa_secp384r1_sha384

D (37971) mbedtls: ssl_tls.c:8296 0x3ffb6124: got signature scheme [805] rsa_pss_rsae_sha384

D (37971) mbedtls: ssl_tls.c:8296 0x3ffb6124: got signature scheme [501] rsa_pkcs1_sha384

D (37971) mbedtls: ssl_tls.c:8305 0x3ffb6124: sent signature scheme [501] rsa_pkcs1_sha384

D (37971) mbedtls: ssl_tls.c:8296 0x3ffb6124: got signature scheme [403] ecdsa_secp256r1_sha256

D (37971) mbedtls: ssl_tls.c:8305 0x3ffb6124: sent signature scheme [403] ecdsa_secp256r1_sha256

D (37971) mbedtls: ssl_tls.c:8296 0x3ffb6124: got signature scheme [804] rsa_pss_rsae_sha256

D (37971) mbedtls: ssl_tls.c:8296 0x3ffb6124: got signature scheme [401] rsa_pkcs1_sha256

D (37971) mbedtls: ssl_tls.c:8305 0x3ffb6124: sent signature scheme [401] rsa_pkcs1_sha256

D (37971) mbedtls: ssl_tls12_client.c:103 0x3ffb6124: client hello, adding supported_point_formats extension

D (37971) mbedtls: ssl_tls12_client.c:287 0x3ffb6124: client hello, adding encrypt_then_mac extension

D (37971) mbedtls: ssl_tls12_client.c:319 0x3ffb6124: client hello, adding extended_master_secret extension

D (37971) mbedtls: ssl_tls12_client.c:352 0x3ffb6124: client hello, adding session ticket extension

D (37971) mbedtls: ssl_client.c:687 0x3ffb6124: client hello, total extension length: 76

D (37971) mbedtls: ssl_client.c:689 0x3ffb6124: dumping 'client hello extensions' (76 bytes)

D (37971) mbedtls: ssl_client.c:689 0x3ffb6124: 0000:  00 4c 00 00 00 0e 00 0c 00 00 09 6c 6f 63 61 6c  .L.........local

D (37971) mbedtls: ssl_client.c:689 0x3ffb6124: 0010:  68 6f 73 74 00 0a 00 12 00 10 00 1d 00 17 00 18  host............

D (37971) mbedtls: ssl_client.c:689 0x3ffb6124: 0020:  00 1e 00 19 00 1a 00 1b 00 1c 00 0d 00 0e 00 0c  ................

D (37971) mbedtls: ssl_client.c:689 0x3ffb6124: 0030:  06 03 06 01 05 03 05 01 04 03 04 01 00 0b 00 02  ................

D (37971) mbedtls: ssl_client.c:689 0x3ffb6124: 0040:  01 00 00 16 00 00 00 17 00 00 00 23              ...........#

I (37971) mbedtls: ssl_msg.c:2494 0x3ffb6124: => write handshake message

I (37971) mbedtls: ssl_msg.c:2654 0x3ffb6124: => write record

D (37971) mbedtls: ssl_msg.c:2737 0x3ffb6124: output record: msgtype = 22, version = [3:3], msglen = 155

I (37971) mbedtls: ssl_msg.c:2790 0x3ffb6124: <= write record

I (37971) mbedtls: ssl_msg.c:2615 0x3ffb6124: <= write handshake message

D (37971) mbedtls: ssl_misc.h:1295 0x3ffb6124: handshake state: 1 (MBEDTLS_SSL_CLIENT_HELLO) -> 2 (MBEDTLS_SSL_SERVER_HELLO)

I (37971) mbedtls: ssl_client.c:1010 0x3ffb6124: <= write client hello

I (37971) mbedtls: ssl_msg.c:2063 0x3ffb6124: => flush output

I (37971) mbedtls: ssl_msg.c:2077 0x3ffb6124: message length: 160, out_left: 160

I (37971) mbedtls: ssl_msg.c:2084 0x3ffb6124: ssl->f_send() returned 160 (-0xffffff60)

I (37971) mbedtls: ssl_msg.c:2111 0x3ffb6124: <= flush output

I (37971) mbedtls: ssl_tls.c:4201 0x3ffb6124: client state: MBEDTLS_SSL_SERVER_HELLO

I (37971) mbedtls: ssl_tls12_client.c:1151 0x3ffb6124: => parse server hello

I (37971) mbedtls: ssl_msg.c:4040 0x3ffb6124: => read record

I (37971) mbedtls: ssl_msg.c:1865 0x3ffb6124: => fetch input

I (37971) mbedtls: ssl_msg.c:2005 0x3ffb6124: in_left: 0, nb_want: 5

I (37971) mbedtls: ssl_msg.c:2025 0x3ffb6124: in_left: 0, nb_want: 5

I (37971) mbedtls: ssl_msg.c:2028 0x3ffb6124: ssl->f_recv(_timeout)() returned 5 (-0xfffffffb)

I (37971) mbedtls: ssl_msg.c:2050 0x3ffb6124: <= fetch input

D (37971) mbedtls: ssl_msg.c:3707 0x3ffb6124: input record: msgtype = 22, version = [0x303], msglen = 65

I (37971) mbedtls: ssl_msg.c:1865 0x3ffb6124: => fetch input

I (37971) mbedtls: ssl_msg.c:2005 0x3ffb6124: in_left: 5, nb_want: 70

I (37971) mbedtls: ssl_msg.c:2025 0x3ffb6124: in_left: 5, nb_want: 70

I (37971) mbedtls: ssl_msg.c:2028 0x3ffb6124: ssl->f_recv(_timeout)() returned 65 (-0xffffffbf)

I (37971) mbedtls: ssl_msg.c:2050 0x3ffb6124: <= fetch input

D (37971) mbedtls: ssl_msg.c:2948 0x3ffb6124: handshake message: msglen = 65, type = 2, hslen = 65

D (37971) mbedtls: ssl_msg.c:3085 0x3ffb6124: sole handshake fragment: 65, 0..65 of 65

I (37971) mbedtls: ssl_msg.c:4112 0x3ffb6124: <= read record

D (37971) mbedtls: ssl_tls12_client.c:1225 0x3ffb6124: dumping 'server hello, version' (2 bytes)

D (37971) mbedtls: ssl_tls12_client.c:1225 0x3ffb6124: 0000:  03 03                                            ..

D (37981) mbedtls: ssl_tls12_client.c:1246 0x3ffb6124: server hello, current time: 2161574174

D (37981) mbedtls: ssl_tls12_client.c:1256 0x3ffb6124: dumping 'server hello, random bytes' (32 bytes)

D (37981) mbedtls: ssl_tls12_client.c:1256 0x3ffb6124: 0000:  80 d7 01 1e 78 6d 32 5b 0b 4c df 3a c1 99 08 25  ....xm2[.L.:...%

D (37981) mbedtls: ssl_tls12_client.c:1256 0x3ffb6124: 0010:  3f 7f fd b2 76 4a 69 5e de 96 fc 91 ca 5a ef 46  ?...vJi^.....Z.F

D (37981) mbedtls: ssl_tls12_client.c:1318 0x3ffb6124: server hello, session id len.: 0

D (37981) mbedtls: ssl_tls12_client.c:1319 0x3ffb6124: dumping 'server hello, session id' (0 bytes)

D (37981) mbedtls: ssl_misc.h:1295 0x3ffb6124: handshake state: 2 (MBEDTLS_SSL_SERVER_HELLO) -> 3 (MBEDTLS_SSL_SERVER_CERTIFICATE)

D (37981) mbedtls: ssl_tls12_client.c:1343 0x3ffb6124: no session has been resumed

D (37981) mbedtls: ssl_tls12_client.c:1346 0x3ffb6124: server hello, chosen ciphersuite: c030

D (37981) mbedtls: ssl_tls12_client.c:1347 0x3ffb6124: server hello, compress alg.: 0

D (37981) mbedtls: ssl_tls12_client.c:1382 0x3ffb6124: server hello, chosen ciphersuite: TLS-ECDHE-RSA-WITH-AES-256-GCM-SHA384

I (37981) mbedtls: ssl_tls12_client.c:1403 0x3ffb6124: server hello, total extension length: 21

D (37981) mbedtls: ssl_tls12_client.c:1421 0x3ffb6124: found renegotiation extension

D (37981) mbedtls: ssl_tls12_client.c:1500 0x3ffb6124: found supported_point_formats extension

D (37981) mbedtls: ssl_tls12_client.c:1486 0x3ffb6124: found session_ticket extension

D (37981) mbedtls: ssl_tls12_client.c:1473 0x3ffb6124: found extended_master_secret extension

I (37981) mbedtls: ssl_tls12_client.c:1617 0x3ffb6124: <= parse server hello

I (37981) mbedtls: ssl_msg.c:2063 0x3ffb6124: => flush output

I (37981) mbedtls: ssl_msg.c:2072 0x3ffb6124: <= flush output

I (37981) mbedtls: ssl_tls.c:4201 0x3ffb6124: client state: MBEDTLS_SSL_SERVER_CERTIFICATE

I (37981) mbedtls: ssl_tls.c:7077 0x3ffb6124: => parse certificate

I (37981) mbedtls: ssl_msg.c:4040 0x3ffb6124: => read record

I (37981) mbedtls: ssl_msg.c:1865 0x3ffb6124: => fetch input

I (37981) mbedtls: ssl_msg.c:2005 0x3ffb6124: in_left: 0, nb_want: 5

I (37981) mbedtls: ssl_msg.c:2025 0x3ffb6124: in_left: 0, nb_want: 5

I (37981) mbedtls: ssl_msg.c:2028 0x3ffb6124: ssl->f_recv(_timeout)() returned 5 (-0xfffffffb)

I (37981) mbedtls: ssl_msg.c:2050 0x3ffb6124: <= fetch input

D (37981) mbedtls: ssl_msg.c:3707 0x3ffb6124: input record: msgtype = 22, version = [0x303], msglen = 791

I (37981) mbedtls: ssl_msg.c:1865 0x3ffb6124: => fetch input

I (37981) mbedtls: ssl_msg.c:2005 0x3ffb6124: in_left: 5, nb_want: 796

I (37981) mbedtls: ssl_msg.c:2025 0x3ffb6124: in_left: 5, nb_want: 796

I (37981) mbedtls: ssl_msg.c:2028 0x3ffb6124: ssl->f_recv(_timeout)() returned 791 (-0xfffffce9)

I (37981) mbedtls: ssl_msg.c:2050 0x3ffb6124: <= fetch input

D (37981) mbedtls: ssl_msg.c:2948 0x3ffb6124: handshake message: msglen = 791, type = 11, hslen = 791

D (37981) mbedtls: ssl_msg.c:3085 0x3ffb6124: sole handshake fragment: 791, 0..791 of 791

I (37981) mbedtls: ssl_msg.c:4112 0x3ffb6124: <= read record

D (37981) mbedtls: ssl_tls.c:6952 0x3ffb6124: peer certificate #1:

D (37981) mbedtls: ssl_tls.c:6952 0x3ffb6124: cert. version     : 3

D (37981) mbedtls: ssl_tls.c:6952 0x3ffb6124: serial number     : 77:66:A5:9D:AF:14:9E:F2:03:F7:3C:2B:1A:5C:81:86:F8:A3:4E:52

D (37981) mbedtls: ssl_tls.c:6952 0x3ffb6124: issuer name       : CN=localhost

D (37981) mbedtls: ssl_tls.c:6952 0x3ffb6124: subject name      : CN=localhost

D (37981) mbedtls: ssl_tls.c:6952 0x3ffb6124: issued  on        : 2026-08-26 20:20:30

D (37981) mbedtls: ssl_tls.c:6952 0x3ffb6124: expires on        : 2026-09-25 20:20:30

D (37981) mbedtls: ssl_tls.c:6952 0x3ffb6124: signed using      : RSA with SHA-256

D (37981) mbedtls: ssl_tls.c:6952 0x3ffb6124: RSA key size      : 2048 bits

D (37981) mbedtls: ssl_tls.c:6952 0x3ffb6124: basic constraints : CA=true

D (37981) mbedtls: ssl_tls.c:6952 0x3ffb6124: dumping 'crt->PK' (270 bytes)

D (37981) mbedtls: ssl_tls.c:6952 0x3ffb6124: 0000:  30 82 01 0a 02 82 01 01 00 dd 03 19 3e 8f 4a 05

D (37981) mbedtls: ssl_tls.c:6952 0x3ffb6124: 0010:  9c d6 74 e1 46 bc 40 7a 7e af 78 09 38 f6 d0 1c

D (37981) mbedtls: ssl_tls.c:6952 0x3ffb6124: 0020:  9d e4 2b 18 4c a1 87 f6 83 55 82 2d e0 21 fb b2

D (37981) mbedtls: ssl_tls.c:6952 0x3ffb6124: 0030:  00 2f 9b 98 36 24 73 47 a2 11 bb 50 05 1c 9e 40

D (37981) mbedtls: ssl_tls.c:6952 0x3ffb6124: 0040:  41 c9 de 81 7e a1 eb 82 48 35 d0 51 24 0d 22 bd

D (37981) mbedtls: ssl_tls.c:6952 0x3ffb6124: 0050:  7e c7 0b 60 74 e2 60 3e 76 de c1 3d b5 9f e9 d2

D (37981) mbedtls: ssl_tls.c:6952 0x3ffb6124: 0060:  ac 90 d3 84 2a 75 7c 41 8a 11 14 c8 bc 09 7b 9d

D (37981) mbedtls: ssl_tls.c:6952 0x3ffb6124: 0070:  45 54 95 c1 50 05 be f1 34 c0 05 55 f5 a2 b3 a8

D (37981) mbedtls: ssl_tls.c:6952 0x3ffb6124: 0080:  24 f6 ab 22 df 72 97 ef b5 8f e4 fe 49 be 4f c1

D (37981) mbedtls: ssl_tls.c:6952 0x3ffb6124: 0090:  08 e0 39 7a cd ba 74 2e d1 20 74 ad 6b 59 ab 86

D (37991) mbedtls: ssl_tls.c:6952 0x3ffb6124: 00a0:  5d 29 ab 81 f0 c1 22 3f 01 b9 0b a1 fb ee 70 9f

D (37991) mbedtls: ssl_tls.c:6952 0x3ffb6124: 00b0:  eb 29 5e 9f 1d 6a 0d dc 65 fd 5e 5d 38 0c 1a c3

D (37991) mbedtls: ssl_tls.c:6952 0x3ffb6124: 00c0:  ae b7 b7 2f 66 23 82 80 ab 7d 69 7c 8f 95 ab e8

D (37991) mbedtls: ssl_tls.c:6952 0x3ffb6124: 00d0:  c0 4d 21 42 7d 78 c8 25 8b 60 f6 0d 87 c9 f4 df

D (37991) mbedtls: ssl_tls.c:6952 0x3ffb6124: 00e0:  36 bf 16 7c 59 16 d1 09 ec 17 67 cf 5d 9f 8f 78

D (37991) mbedtls: ssl_tls.c:6952 0x3ffb6124: 00f0:  8c 3d d0 02 18 d5 bc a7 19 f4 51 fe 1d b3 20 40

D (37991) mbedtls: ssl_tls.c:6952 0x3ffb6124: 0100:  67 7e 3a cc 30 f3 8d a0 ef 02 03 01 00 01      

D (37991) mbedtls: ssl_tls.c:8721 0x3ffb6124: Use configuration-specific verification callback

D (37991) mbedtls: ssl_tls.c:8881 0x3ffb6124: Certificate verification flags clear

I (37991) mbedtls: ssl_tls.c:7191 0x3ffb6124: <= parse certificate

D (37991) mbedtls: ssl_misc.h:1295 0x3ffb6124: handshake state: 3 (MBEDTLS_SSL_SERVER_CERTIFICATE) -> 4 (MBEDTLS_SSL_SERVER_KEY_EXCHANGE)

I (37991) mbedtls: ssl_msg.c:2063 0x3ffb6124: => flush output

I (37991) mbedtls: ssl_msg.c:2072 0x3ffb6124: <= flush output

I (37991) mbedtls: ssl_tls.c:4201 0x3ffb6124: client state: MBEDTLS_SSL_SERVER_KEY_EXCHANGE

I (37991) mbedtls: ssl_tls12_client.c:1831 0x3ffb6124: => parse server key exchange

I (37991) mbedtls: ssl_msg.c:4040 0x3ffb6124: => read record

I (37991) mbedtls: ssl_msg.c:1865 0x3ffb6124: => fetch input

I (37991) mbedtls: ssl_msg.c:2005 0x3ffb6124: in_left: 0, nb_want: 5

I (37991) mbedtls: ssl_msg.c:2025 0x3ffb6124: in_left: 0, nb_want: 5

I (37991) mbedtls: ssl_msg.c:2028 0x3ffb6124: ssl->f_recv(_timeout)() returned 5 (-0xfffffffb)

I (37991) mbedtls: ssl_msg.c:2050 0x3ffb6124: <= fetch input

D (37991) mbedtls: ssl_msg.c:3707 0x3ffb6124: input record: msgtype = 22, version = [0x303], msglen = 300

I (37991) mbedtls: ssl_msg.c:1865 0x3ffb6124: => fetch input

I (37991) mbedtls: ssl_msg.c:2005 0x3ffb6124: in_left: 5, nb_want: 305

I (37991) mbedtls: ssl_msg.c:2025 0x3ffb6124: in_left: 5, nb_want: 305

I (37991) mbedtls: ssl_msg.c:2028 0x3ffb6124: ssl->f_recv(_timeout)() returned 300 (-0xfffffed4)

I (37991) mbedtls: ssl_msg.c:2050 0x3ffb6124: <= fetch input

D (37991) mbedtls: ssl_msg.c:2948 0x3ffb6124: handshake message: msglen = 300, type = 12, hslen = 300

D (37991) mbedtls: ssl_msg.c:3085 0x3ffb6124: sole handshake fragment: 300, 0..300 of 300

I (37991) mbedtls: ssl_msg.c:4112 0x3ffb6124: <= read record

D (37991) mbedtls: ssl_tls12_client.c:1885 0x3ffb6124: dumping 'server key exchange' (296 bytes)

D (37991) mbedtls: ssl_tls12_client.c:1885 0x3ffb6124: 0000:  03 00 1d 20 d7 22 ac 7b 58 0b 27 d5 7b b1 d5 ef  ... .".{X.'.{...

D (37991) mbedtls: ssl_tls12_client.c:1885 0x3ffb6124: 0010:  72 a3 cd 8d e9 89 1e 2b 93 23 54 27 31 f3 4d d7  r......+.#T'1.M.

D (37991) mbedtls: ssl_tls12_client.c:1885 0x3ffb6124: 0020:  9a 6a 0e 7a 06 01 01 00 67 e9 36 93 ef 74 f4 b2  .j.z....g.6..t..

D (37991) mbedtls: ssl_tls12_client.c:1885 0x3ffb6124: 0030:  74 48 4f 5f bb 35 a1 82 10 93 d1 4f 1f 1d b5 17  tHO_.5.....O....

D (37991) mbedtls: ssl_tls12_client.c:1885 0x3ffb6124: 0040:  0f da 41 f2 68 5a b7 f3 d5 09 6e 98 56 6d 69 07  ..A.hZ....n.Vmi.

D (37991) mbedtls: ssl_tls12_client.c:1885 0x3ffb6124: 0050:  e7 c7 30 37 b8 68 04 32 6d 4d 2d 53 39 ae 94 b8  ..07.h.2mM-S9...

D (37991) mbedtls: ssl_tls12_client.c:1885 0x3ffb6124: 0060:  95 06 80 2d d0 ca 29 63 8b 2a a8 4d cd 3b db cb  ...-..)c.*.M.;..

D (37991) mbedtls: ssl_tls12_client.c:1885 0x3ffb6124: 0070:  2e 68 32 67 3f af e0 9e a6 28 32 c6 28 5b 0e e7  .h2g?....(2.([..

D (37991) mbedtls: ssl_tls12_client.c:1885 0x3ffb6124: 0080:  eb 43 27 73 16 40 03 f1 9f 54 b8 cd 83 47 42 4b  .C's.@...T...GBK

D (37991) mbedtls: ssl_tls12_client.c:1885 0x3ffb6124: 0090:  92 82 7a 1f a2 dc d6 da 79 70 dc fc 69 2c 8e aa  ..z.....yp..i,..

D (37991) mbedtls: ssl_tls12_client.c:1885 0x3ffb6124: 00a0:  b0 74 ce a1 c5 50 74 35 d9 6b 58 80 79 b6 5e e8  .t...Pt5.kX.y.^.

D (37991) mbedtls: ssl_tls12_client.c:1885 0x3ffb6124: 00b0:  94 27 d7 ae a2 4e 34 a9 a4 f9 12 12 e9 7f 9a e4  .'...N4.........

D (37991) mbedtls: ssl_tls12_client.c:1885 0x3ffb6124: 00c0:  44 19 5e 4e b0 61 80 f7 be 68 07 59 f5 de b9 0d  D.^N.a...h.Y....

D (37991) mbedtls: ssl_tls12_client.c:1885 0x3ffb6124: 00d0:  c4 0f c9 7c ec f7 b8 65 ef ea 4e 19 98 bc c5 ea  ...|...e..N.....

D (37991) mbedtls: ssl_tls12_client.c:1885 0x3ffb6124: 00e0:  6a 20 9c a2 b7 cb 71 60 0c 94 f3 4c 4b ae f2 4b  j ....q`...LK..K

D (37991) mbedtls: ssl_tls12_client.c:1885 0x3ffb6124: 00f0:  42 80 aa 9a 7c 73 f5 70 df d3 b7 6a e8 e7 c0 4d  B...|s.p...j...M

D (37991) mbedtls: ssl_tls12_client.c:1885 0x3ffb6124: 0100:  28 4a 64 a1 7b 79 94 94 f5 8f 94 9e 82 11 df 25  (Jd.{y.........%

D (37991) mbedtls: ssl_tls12_client.c:1885 0x3ffb6124: 0110:  1a 29 2a c1 90 7f de b4 63 83 64 11 d4 f6 f3 01  .)*.....c.d.....

D (37991) mbedtls: ssl_tls12_client.c:1885 0x3ffb6124: 0120:  44 f9 dc d7 7e ad 61 d5                          D...~.a.

I (37991) mbedtls: ssl_tls12_client.c:1815 0x3ffb6124: Server used the signature algorithm rsa_pkcs1_sha512

D (37991) mbedtls: ssl_tls12_client.c:2047 0x3ffb6124: dumping 'signature' (256 bytes)

D (37991) mbedtls: ssl_tls12_client.c:2047 0x3ffb6124: 0000:  67 e9 36 93 ef 74 f4 b2 74 48 4f 5f bb 35 a1 82  g.6..t..tHO_.5..

D (37991) mbedtls: ssl_tls12_client.c:2047 0x3ffb6124: 0010:  10 93 d1 4f 1f 1d b5 17 0f da 41 f2 68 5a b7 f3  ...O......A.hZ..

D (37991) mbedtls: ssl_tls12_client.c:2047 0x3ffb6124: 0020:  d5 09 6e 98 56 6d 69 07 e7 c7 30 37 b8 68 04 32  ..n.Vmi...07.h.2

D (37991) mbedtls: ssl_tls12_client.c:2047 0x3ffb6124: 0030:  6d 4d 2d 53 39 ae 94 b8 95 06 80 2d d0 ca 29 63  mM-S9......-..)c

D (38001) mbedtls: ssl_tls12_client.c:2047 0x3ffb6124: 0040:  8b 2a a8 4d cd 3b db cb 2e 68 32 67 3f af e0 9e  .*.M.;...h2g?...

D (38001) mbedtls: ssl_tls12_client.c:2047 0x3ffb6124: 0050:  a6 28 32 c6 28 5b 0e e7 eb 43 27 73 16 40 03 f1  .(2.([...C's.@..

D (38001) mbedtls: ssl_tls12_client.c:2047 0x3ffb6124: 0060:  9f 54 b8 cd 83 47 42 4b 92 82 7a 1f a2 dc d6 da  .T...GBK..z.....

D (38001) mbedtls: ssl_tls12_client.c:2047 0x3ffb6124: 0070:  79 70 dc fc 69 2c 8e aa b0 74 ce a1 c5 50 74 35  yp..i,...t...Pt5

D (38001) mbedtls: ssl_tls12_client.c:2047 0x3ffb6124: 0080:  d9 6b 58 80 79 b6 5e e8 94 27 d7 ae a2 4e 34 a9  .kX.y.^..'...N4.

D (38001) mbedtls: ssl_tls12_client.c:2047 0x3ffb6124: 0090:  a4 f9 12 12 e9 7f 9a e4 44 19 5e 4e b0 61 80 f7  ........D.^N.a..

D (38001) mbedtls: ssl_tls12_client.c:2047 0x3ffb6124: 00a0:  be 68 07 59 f5 de b9 0d c4 0f c9 7c ec f7 b8 65  .h.Y.......|...e

D (38001) mbedtls: ssl_tls12_client.c:2047 0x3ffb6124: 00b0:  ef ea 4e 19 98 bc c5 ea 6a 20 9c a2 b7 cb 71 60  ..N.....j ....q`

D (38001) mbedtls: ssl_tls12_client.c:2047 0x3ffb6124: 00c0:  0c 94 f3 4c 4b ae f2 4b 42 80 aa 9a 7c 73 f5 70  ...LK..KB...|s.p

D (38001) mbedtls: ssl_tls12_client.c:2047 0x3ffb6124: 00d0:  df d3 b7 6a e8 e7 c0 4d 28 4a 64 a1 7b 79 94 94  ...j...M(Jd.{y..

D (38001) mbedtls: ssl_tls12_client.c:2047 0x3ffb6124: 00e0:  f5 8f 94 9e 82 11 df 25 1a 29 2a c1 90 7f de b4  .......%.)*.....

D (38001) mbedtls: ssl_tls12_client.c:2047 0x3ffb6124: 00f0:  63 83 64 11 d4 f6 f3 01 44 f9 dc d7 7e ad 61 d5  c.d.....D...~.a.

D (38001) mbedtls: ssl_tls.c:8082 0x3ffb6124: Perform PSA-based computation of digest of ServerKeyExchange

D (38001) mbedtls: ssl_tls12_client.c:2064 0x3ffb6124: dumping 'parameters hash' (64 bytes)

D (38001) mbedtls: ssl_tls12_client.c:2064 0x3ffb6124: 0000:  70 33 37 0e 3d 2f 11 33 f2 4d 31 43 6d 45 00 9d  p37.=/.3.M1CmE..

D (38001) mbedtls: ssl_tls12_client.c:2064 0x3ffb6124: 0010:  4e 42 00 76 29 7a 38 3b de ac c1 d9 56 3d 99 63  NB.v)z8;....V=.c

D (38001) mbedtls: ssl_tls12_client.c:2064 0x3ffb6124: 0020:  d1 e3 57 58 10 7f f1 2f a1 3e 2f 33 2a 21 0a b3  ..WX.../.>/3*!..

D (38001) mbedtls: ssl_tls12_client.c:2064 0x3ffb6124: 0030:  0d ff d9 00 76 52 af e8 fa d5 f4 c9 8a 6e 06 87  ....vR.......n..

D (38011) mbedtls: ssl_misc.h:1295 0x3ffb6124: handshake state: 4 (MBEDTLS_SSL_SERVER_KEY_EXCHANGE) -> 5 (MBEDTLS_SSL_CERTIFICATE_REQUEST)

I (38011) mbedtls: ssl_tls12_client.c:2118 0x3ffb6124: <= parse server key exchange

I (38011) mbedtls: ssl_msg.c:2063 0x3ffb6124: => flush output

I (38011) mbedtls: ssl_msg.c:2072 0x3ffb6124: <= flush output

I (38011) mbedtls: ssl_tls.c:4201 0x3ffb6124: client state: MBEDTLS_SSL_CERTIFICATE_REQUEST

I (38011) mbedtls: ssl_tls12_client.c:2157 0x3ffb6124: => parse certificate request

I (38011) mbedtls: ssl_msg.c:4040 0x3ffb6124: => read record

I (38011) mbedtls: ssl_msg.c:1865 0x3ffb6124: => fetch input

I (38011) mbedtls: ssl_msg.c:2005 0x3ffb6124: in_left: 0, nb_want: 5

I (38011) mbedtls: ssl_msg.c:2025 0x3ffb6124: in_left: 0, nb_want: 5

I (38011) mbedtls: ssl_msg.c:2028 0x3ffb6124: ssl->f_recv(_timeout)() returned 5 (-0xfffffffb)

I (38011) mbedtls: ssl_msg.c:2050 0x3ffb6124: <= fetch input

D (38011) mbedtls: ssl_msg.c:3707 0x3ffb6124: input record: msgtype = 22, version = [0x303], msglen = 4

I (38011) mbedtls: ssl_msg.c:1865 0x3ffb6124: => fetch input

I (38011) mbedtls: ssl_msg.c:2005 0x3ffb6124: in_left: 5, nb_want: 9

I (38011) mbedtls: ssl_msg.c:2025 0x3ffb6124: in_left: 5, nb_want: 9

I (38011) mbedtls: ssl_msg.c:2028 0x3ffb6124: ssl->f_recv(_timeout)() returned 4 (-0xfffffffc)

I (38011) mbedtls: ssl_msg.c:2050 0x3ffb6124: <= fetch input

D (38011) mbedtls: ssl_msg.c:2948 0x3ffb6124: handshake message: msglen = 4, type = 14, hslen = 4

D (38011) mbedtls: ssl_msg.c:3085 0x3ffb6124: sole handshake fragment: 4, 0..4 of 4

I (38011) mbedtls: ssl_msg.c:4112 0x3ffb6124: <= read record

D (38011) mbedtls: ssl_misc.h:1295 0x3ffb6124: handshake state: 5 (MBEDTLS_SSL_CERTIFICATE_REQUEST) -> 6 (MBEDTLS_SSL_SERVER_HELLO_DONE)

D (38011) mbedtls: ssl_tls12_client.c:2183 0x3ffb6124: got no certificate request

I (38011) mbedtls: ssl_tls12_client.c:2319 0x3ffb6124: <= parse certificate request

I (38011) mbedtls: ssl_msg.c:2063 0x3ffb6124: => flush output

I (38011) mbedtls: ssl_msg.c:2072 0x3ffb6124: <= flush output

I (38011) mbedtls: ssl_tls.c:4201 0x3ffb6124: client state: MBEDTLS_SSL_SERVER_HELLO_DONE

I (38011) mbedtls: ssl_tls12_client.c:2330 0x3ffb6124: => parse server hello done

I (38011) mbedtls: ssl_msg.c:4040 0x3ffb6124: => read record

I (38011) mbedtls: ssl_msg.c:4108 0x3ffb6124: reuse previously read message

I (38011) mbedtls: ssl_msg.c:4112 0x3ffb6124: <= read record

D (38011) mbedtls: ssl_misc.h:1295 0x3ffb6124: handshake state: 6 (MBEDTLS_SSL_SERVER_HELLO_DONE) -> 7 (MBEDTLS_SSL_CLIENT_CERTIFICATE)

I (38011) mbedtls: ssl_tls12_client.c:2358 0x3ffb6124: <= parse server hello done

I (38011) mbedtls: ssl_msg.c:2063 0x3ffb6124: => flush output

I (38011) mbedtls: ssl_msg.c:2072 0x3ffb6124: <= flush output

I (38011) mbedtls: ssl_tls.c:4201 0x3ffb6124: client state: MBEDTLS_SSL_CLIENT_CERTIFICATE

I (38011) mbedtls: ssl_tls.c:6675 0x3ffb6124: => write certificate

I (38011) mbedtls: ssl_tls.c:6686 0x3ffb6124: <= skip write certificate

D (38011) mbedtls: ssl_misc.h:1295 0x3ffb6124: handshake state: 7 (MBEDTLS_SSL_CLIENT_CERTIFICATE) -> 8 (MBEDTLS_SSL_CLIENT_KEY_EXCHANGE)

I (38011) mbedtls: ssl_msg.c:2063 0x3ffb6124: => flush output

I (38011) mbedtls: ssl_msg.c:2072 0x3ffb6124: <= flush output

I (38011) mbedtls: ssl_tls.c:4201 0x3ffb6124: client state: MBEDTLS_SSL_CLIENT_KEY_EXCHANGE

I (38011) mbedtls: ssl_tls12_client.c:2373 0x3ffb6124: => write client key exchange

D (38011) mbedtls: ssl_tls12_client.c:2387 0x3ffb6124: Perform PSA-based ECDH computation.

[mem-tick] t=   36594 ms phase=e1           free=215800
[mem-tick] t=   36694 ms phase=e1           free=215276
D (38161) mbedtls: ssl_misc.h:1295 0x3ffb6124: handshake state: 8 (MBEDTLS_SSL_CLIENT_KEY_EXCHANGE) -> 9 (MBEDTLS_SSL_CERTIFICATE_VERIFY)

I (38161) mbedtls: ssl_msg.c:2494 0x3ffb6124: => write handshake message

I (38161) mbedtls: ssl_msg.c:2654 0x3ffb6124: => write record

D (38161) mbedtls: ssl_msg.c:2737 0x3ffb6124: output record: msgtype = 22, version = [3:3], msglen = 37

I (38161) mbedtls: ssl_msg.c:2063 0x3ffb6124: => flush output

I (38161) mbedtls: ssl_msg.c:2077 0x3ffb6124: message length: 42, out_left: 42

I (38161) mbedtls: ssl_msg.c:2084 0x3ffb6124: ssl->f_send() returned 42 (-0xffffffd6)

I (38161) mbedtls: ssl_msg.c:2111 0x3ffb6124: <= flush output

I (38161) mbedtls: ssl_msg.c:2790 0x3ffb6124: <= write record

I (38161) mbedtls: ssl_msg.c:2615 0x3ffb6124: <= write handshake message

I (38161) mbedtls: ssl_tls12_client.c:2653 0x3ffb6124: <= write client key exchange

I (38161) mbedtls: ssl_msg.c:2063 0x3ffb6124: => flush output

I (38161) mbedtls: ssl_msg.c:2072 0x3ffb6124: <= flush output

I (38161) mbedtls: ssl_tls.c:4201 0x3ffb6124: client state: MBEDTLS_SSL_CERTIFICATE_VERIFY

I (38161) mbedtls: ssl_tls12_client.c:2701 0x3ffb6124: => write certificate verify

I (38161) mbedtls: ssl_tls.c:6466 0x3ffb6124: => derive keys

I (38161) mbedtls: ssl_tls.c:6557 0x3ffb6124: => PSA calc verify

D (38161) mbedtls: ssl_tls.c:6568 0x3ffb6124: dumping 'PSA calculated verify result' (48 bytes)

D (38161) mbedtls: ssl_tls.c:6568 0x3ffb6124: 0000:  af 34 a5 ae ad 54 7c 0a c8 43 74 1f a9 26 91 db  .4...T|..Ct..&..

D (38161) mbedtls: ssl_tls.c:6568 0x3ffb6124: 0010:  ba a2 c1 b0 93 96 cb 6e 48 07 4b 07 7c 9d db 14  .......nH.K.|...

D (38161) mbedtls: ssl_tls.c:6568 0x3ffb6124: 0020:  f2 8d 0a cf cb 6f ba dd a9 35 18 9b 3d 2a 6e 5a  .....o...5..=*nZ

I (38161) mbedtls: ssl_tls.c:6569 0x3ffb6124: <= PSA calc verify

D (38161) mbedtls: ssl_tls.c:6308 0x3ffb6124: dumping 'session hash for extended master secret' (48 bytes)

D (38161) mbedtls: ssl_tls.c:6308 0x3ffb6124: 0000:  af 34 a5 ae ad 54 7c 0a c8 43 74 1f a9 26 91 db  .4...T|..Ct..&..

D (38161) mbedtls: ssl_tls.c:6308 0x3ffb6124: 0010:  ba a2 c1 b0 93 96 cb 6e 48 07 4b 07 7c 9d db 14  .......nH.K.|...

D (38161) mbedtls: ssl_tls.c:6308 0x3ffb6124: 0020:  f2 8d 0a cf cb 6f ba dd a9 35 18 9b 3d 2a 6e 5a  .....o...5..=*nZ

D (38161) mbedtls: ssl_tls.c:6449 0x3ffb6124: dumping 'premaster secret' (32 bytes)

D (38161) mbedtls: ssl_tls.c:6449 0x3ffb6124: 0000:  e7 6f ab 27 22 ff f9 6e 56 ca 88 80 7a 53 f8 3e  .o.'"..nV...zS.>

D (38161) mbedtls: ssl_tls.c:6449 0x3ffb6124: 0010:  2f 12 c3 df 90 e8 a3 b7 74 f0 af 69 73 19 1a 7e  /.......t..is..~

D (38161) mbedtls: ssl_tls.c:7762 0x3ffb6124: ciphersuite = TLS-ECDHE-RSA-WITH-AES-256-GCM-SHA384

D (38161) mbedtls: ssl_tls.c:7764 0x3ffb6124: dumping 'master secret' (48 bytes)

D (38161) mbedtls: ssl_tls.c:7764 0x3ffb6124: 0000:  c1 0f f8 d3 60 77 8a b2 3c e4 44 7a 17 b4 e9 64  ....`w..<.Dz...d

D (38161) mbedtls: ssl_tls.c:7764 0x3ffb6124: 0010:  20 39 17 8d c2 7f ad d6 49 40 f7 08 3c 9f d4 11   9......I@..<...

D (38161) mbedtls: ssl_tls.c:7764 0x3ffb6124: 0020:  45 22 4f e0 61 71 75 6e e7 2e 45 b3 6c 10 bd 65  E"O.aqun..E.l..e

D (38161) mbedtls: ssl_tls.c:7855 0x3ffb6124: keylen: 32, minlen: 24, ivlen: 12, maclen: 0

I (38161) mbedtls: ssl_tls.c:6517 0x3ffb6124: <= derive keys

I (38161) mbedtls: ssl_tls12_client.c:2723 0x3ffb6124: <= skip write certificate verify

D (38161) mbedtls: ssl_misc.h:1295 0x3ffb6124: handshake state: 9 (MBEDTLS_SSL_CERTIFICATE_VERIFY) -> 10 (MBEDTLS_SSL_CLIENT_CHANGE_CIPHER_SPEC)

I (38161) mbedtls: ssl_msg.c:2063 0x3ffb6124: => flush output

I (38161) mbedtls: ssl_msg.c:2072 0x3ffb6124: <= flush output

I (38161) mbedtls: ssl_tls.c:4201 0x3ffb6124: client state: MBEDTLS_SSL_CLIENT_CHANGE_CIPHER_SPEC

I (38161) mbedtls: ssl_msg.c:5087 0x3ffb6124: => write change cipher spec

D (38161) mbedtls: ssl_misc.h:1295 0x3ffb6124: handshake state: 10 (MBEDTLS_SSL_CLIENT_CHANGE_CIPHER_SPEC) -> 11 (MBEDTLS_SSL_CLIENT_FINISHED)

I (38171) mbedtls: ssl_msg.c:2494 0x3ffb6124: => write handshake message

I (38171) mbedtls: ssl_msg.c:2654 0x3ffb6124: => write record

D (38171) mbedtls: ssl_msg.c:2737 0x3ffb6124: output record: msgtype = 20, version = [3:3], msglen = 1

I (38171) mbedtls: ssl_msg.c:2063 0x3ffb6124: => flush output

I (38171) mbedtls: ssl_msg.c:2077 0x3ffb6124: message length: 6, out_left: 6

I (38171) mbedtls: ssl_msg.c:2084 0x3ffb6124: ssl->f_send() returned 6 (-0xfffffffa)

I (38171) mbedtls: ssl_msg.c:2111 0x3ffb6124: <= flush output

I (38171) mbedtls: ssl_msg.c:2790 0x3ffb6124: <= write record

I (38171) mbedtls: ssl_msg.c:2615 0x3ffb6124: <= write handshake message

I (38171) mbedtls: ssl_msg.c:5100 0x3ffb6124: <= write change cipher spec

I (38171) mbedtls: ssl_msg.c:2063 0x3ffb6124: => flush output

I (38171) mbedtls: ssl_msg.c:2072 0x3ffb6124: <= flush output

I (38171) mbedtls: ssl_tls.c:4201 0x3ffb6124: client state: MBEDTLS_SSL_CLIENT_FINISHED

I (38171) mbedtls: ssl_tls.c:7384 0x3ffb6124: => write finished

I (38171) mbedtls: ssl_tls.c:7235 0x3ffb6124: => calc PSA finished tls

D (38171) mbedtls: ssl_tls.c:7246 0x3ffb6124: dumping 'PSA calculated padbuf' (48 bytes)

D (38171) mbedtls: ssl_tls.c:7246 0x3ffb6124: 0000:  af 34 a5 ae ad 54 7c 0a c8 43 74 1f a9 26 91 db  .4...T|..Ct..&..

D (38171) mbedtls: ssl_tls.c:7246 0x3ffb6124: 0010:  ba a2 c1 b0 93 96 cb 6e 48 07 4b 07 7c 9d db 14  .......nH.K.|...

D (38171) mbedtls: ssl_tls.c:7246 0x3ffb6124: 0020:  f2 8d 0a cf cb 6f ba dd a9 35 18 9b 3d 2a 6e 5a  .....o...5..=*nZ

D (38171) mbedtls: ssl_tls.c:7258 0x3ffb6124: dumping 'calc finished result' (12 bytes)

D (38171) mbedtls: ssl_tls.c:7258 0x3ffb6124: 0000:  c1 c9 ae a5 54 40 c5 6f 5f ad 43 04              ....T@.o_.C.

I (38171) mbedtls: ssl_tls.c:7262 0x3ffb6124: <= calc finished

D (38171) mbedtls: ssl_misc.h:1295 0x3ffb6124: handshake state: 11 (MBEDTLS_SSL_CLIENT_FINISHED) -> 12 (MBEDTLS_SSL_SERVER_CHANGE_CIPHER_SPEC)

D (38171) mbedtls: ssl_tls.c:7434 0x3ffb6124: switching to new transform spec for outbound data

I (38171) mbedtls: ssl_msg.c:2494 0x3ffb6124: => write handshake message

I (38171) mbedtls: ssl_msg.c:2654 0x3ffb6124: => write record

I (38171) mbedtls: ssl_msg.c:808 0x3ffb6124: => encrypt buf

D (38171) mbedtls: ssl_msg.c:1036 0x3ffb6124: before encrypt: msglen = 16, including 0 bytes of padding

I (38171) mbedtls: ssl_msg.c:1265 0x3ffb6124: <= encrypt buf

D (38171) mbedtls: ssl_msg.c:2737 0x3ffb6124: output record: msgtype = 22, version = [3:3], msglen = 40

I (38171) mbedtls: ssl_msg.c:2063 0x3ffb6124: => flush output

I (38171) mbedtls: ssl_msg.c:2077 0x3ffb6124: message length: 45, out_left: 45

I (38171) mbedtls: ssl_msg.c:2084 0x3ffb6124: ssl->f_send() returned 45 (-0xffffffd3)

I (38171) mbedtls: ssl_msg.c:2111 0x3ffb6124: <= flush output

I (38171) mbedtls: ssl_msg.c:2790 0x3ffb6124: <= write record

I (38171) mbedtls: ssl_msg.c:2615 0x3ffb6124: <= write handshake message

I (38171) mbedtls: ssl_tls.c:7487 0x3ffb6124: <= write finished

I (38171) mbedtls: ssl_msg.c:2063 0x3ffb6124: => flush output

I (38171) mbedtls: ssl_msg.c:2072 0x3ffb6124: <= flush output

I (38171) mbedtls: ssl_tls.c:4201 0x3ffb6124: client state: MBEDTLS_SSL_SERVER_CHANGE_CIPHER_SPEC

D (38171) mbedtls: ssl_misc.h:1295 0x3ffb6124: handshake state: 12 (MBEDTLS_SSL_SERVER_CHANGE_CIPHER_SPEC) -> 16 (MBEDTLS_SSL_NEW_SESSION_TICKET)

I (38171) mbedtls: ssl_tls12_client.c:2829 0x3ffb6124: => parse new session ticket

I (38171) mbedtls: ssl_msg.c:4040 0x3ffb6124: => read record

I (38171) mbedtls: ssl_msg.c:1865 0x3ffb6124: => fetch input

I (38171) mbedtls: ssl_msg.c:2005 0x3ffb6124: in_left: 0, nb_want: 5

I (38171) mbedtls: ssl_msg.c:2025 0x3ffb6124: in_left: 0, nb_want: 5

I (38171) mbedtls: ssl_msg.c:2028 0x3ffb6124: ssl->f_recv(_timeout)() returned 5 (-0xfffffffb)

I (38171) mbedtls: ssl_msg.c:2050 0x3ffb6124: <= fetch input

D (38171) mbedtls: ssl_msg.c:3707 0x3ffb6124: input record: msgtype = 22, version = [0x303], msglen = 186

I (38171) mbedtls: ssl_msg.c:1865 0x3ffb6124: => fetch input

I (38171) mbedtls: ssl_msg.c:2005 0x3ffb6124: in_left: 5, nb_want: 191

I (38171) mbedtls: ssl_msg.c:2025 0x3ffb6124: in_left: 5, nb_want: 191

I (38171) mbedtls: ssl_msg.c:2028 0x3ffb6124: ssl->f_recv(_timeout)() returned 186 (-0xffffff46)

I (38171) mbedtls: ssl_msg.c:2050 0x3ffb6124: <= fetch input

D (38171) mbedtls: ssl_msg.c:2948 0x3ffb6124: handshake message: msglen = 186, type = 4, hslen = 186

D (38171) mbedtls: ssl_msg.c:3085 0x3ffb6124: sole handshake fragment: 186, 0..186 of 186

I (38171) mbedtls: ssl_msg.c:4112 0x3ffb6124: <= read record

D (38171) mbedtls: ssl_tls12_client.c:2876 0x3ffb6124: ticket length: 176

D (38171) mbedtls: ssl_misc.h:1295 0x3ffb6124: handshake state: 16 (MBEDTLS_SSL_NEW_SESSION_TICKET) -> 12 (MBEDTLS_SSL_SERVER_CHANGE_CIPHER_SPEC)

D (38181) mbedtls: ssl_tls12_client.c:2920 0x3ffb6124: ticket in use, discarding session id

I (38181) mbedtls: ssl_tls12_client.c:2923 0x3ffb6124: <= parse new session ticket

I (38181) mbedtls: ssl_msg.c:2063 0x3ffb6124: => flush output

I (38181) mbedtls: ssl_msg.c:2072 0x3ffb6124: <= flush output

I (38181) mbedtls: ssl_tls.c:4201 0x3ffb6124: client state: MBEDTLS_SSL_SERVER_CHANGE_CIPHER_SPEC

I (38181) mbedtls: ssl_msg.c:5109 0x3ffb6124: => parse change cipher spec

I (38181) mbedtls: ssl_msg.c:4040 0x3ffb6124: => read record

I (38181) mbedtls: ssl_msg.c:1865 0x3ffb6124: => fetch input

I (38181) mbedtls: ssl_msg.c:2005 0x3ffb6124: in_left: 0, nb_want: 5

I (38181) mbedtls: ssl_msg.c:2025 0x3ffb6124: in_left: 0, nb_want: 5

I (38181) mbedtls: ssl_msg.c:2028 0x3ffb6124: ssl->f_recv(_timeout)() returned 5 (-0xfffffffb)

I (38181) mbedtls: ssl_msg.c:2050 0x3ffb6124: <= fetch input

D (38181) mbedtls: ssl_msg.c:3707 0x3ffb6124: input record: msgtype = 20, version = [0x303], msglen = 1

I (38181) mbedtls: ssl_msg.c:1865 0x3ffb6124: => fetch input

I (38181) mbedtls: ssl_msg.c:2005 0x3ffb6124: in_left: 5, nb_want: 6

I (38181) mbedtls: ssl_msg.c:2025 0x3ffb6124: in_left: 5, nb_want: 6

I (38181) mbedtls: ssl_msg.c:2028 0x3ffb6124: ssl->f_recv(_timeout)() returned 1 (-0xffffffff)

I (38181) mbedtls: ssl_msg.c:2050 0x3ffb6124: <= fetch input

I (38181) mbedtls: ssl_msg.c:4112 0x3ffb6124: <= read record

D (38181) mbedtls: ssl_msg.c:5130 0x3ffb6124: switching to new transform spec for inbound data

D (38181) mbedtls: ssl_misc.h:1295 0x3ffb6124: handshake state: 12 (MBEDTLS_SSL_SERVER_CHANGE_CIPHER_SPEC) -> 13 (MBEDTLS_SSL_SERVER_FINISHED)

I (38181) mbedtls: ssl_msg.c:5157 0x3ffb6124: <= parse change cipher spec

I (38181) mbedtls: ssl_msg.c:2063 0x3ffb6124: => flush output

I (38181) mbedtls: ssl_msg.c:2072 0x3ffb6124: <= flush output

I (38181) mbedtls: ssl_tls.c:4201 0x3ffb6124: client state: MBEDTLS_SSL_SERVER_FINISHED

I (38181) mbedtls: ssl_tls.c:7500 0x3ffb6124: => parse finished

I (38181) mbedtls: ssl_tls.c:7235 0x3ffb6124: => calc PSA finished tls

D (38181) mbedtls: ssl_tls.c:7246 0x3ffb6124: dumping 'PSA calculated padbuf' (48 bytes)

D (38181) mbedtls: ssl_tls.c:7246 0x3ffb6124: 0000:  e4 3f e6 c4 25 99 eb 22 2b c2 54 45 8e a1 01 b7  .?..%.."+.TE....

D (38181) mbedtls: ssl_tls.c:7246 0x3ffb6124: 0010:  de bd d0 1b 34 c0 76 5e 2b 81 61 7c f6 d6 cc 72  ....4.v^+.a|...r

D (38181) mbedtls: ssl_tls.c:7246 0x3ffb6124: 0020:  26 57 b6 de 11 7f b4 b5 6d 7a a9 e4 4f 9c d8 1b  &W......mz..O...

D (38181) mbedtls: ssl_tls.c:7258 0x3ffb6124: dumping 'calc finished result' (12 bytes)

D (38181) mbedtls: ssl_tls.c:7258 0x3ffb6124: 0000:  72 1c 75 24 54 9e 14 84 aa 01 d5 ca              r.u$T.......

I (38181) mbedtls: ssl_tls.c:7262 0x3ffb6124: <= calc finished

I (38181) mbedtls: ssl_msg.c:4040 0x3ffb6124: => read record

I (38181) mbedtls: ssl_msg.c:1865 0x3ffb6124: => fetch input

I (38181) mbedtls: ssl_msg.c:2005 0x3ffb6124: in_left: 0, nb_want: 5

I (38181) mbedtls: ssl_msg.c:2025 0x3ffb6124: in_left: 0, nb_want: 5

I (38181) mbedtls: ssl_msg.c:2028 0x3ffb6124: ssl->f_recv(_timeout)() returned 5 (-0xfffffffb)

I (38181) mbedtls: ssl_msg.c:2050 0x3ffb6124: <= fetch input

D (38181) mbedtls: ssl_msg.c:3707 0x3ffb6124: input record: msgtype = 22, version = [0x303], msglen = 40

I (38181) mbedtls: ssl_msg.c:1865 0x3ffb6124: => fetch input

I (38181) mbedtls: ssl_msg.c:2005 0x3ffb6124: in_left: 5, nb_want: 45

I (38181) mbedtls: ssl_msg.c:2025 0x3ffb6124: in_left: 5, nb_want: 45

I (38181) mbedtls: ssl_msg.c:2028 0x3ffb6124: ssl->f_recv(_timeout)() returned 40 (-0xffffffd8)

I (38181) mbedtls: ssl_msg.c:2050 0x3ffb6124: <= fetch input

I (38181) mbedtls: ssl_msg.c:1301 0x3ffb6124: => decrypt buf

I (38181) mbedtls: ssl_msg.c:1831 0x3ffb6124: <= decrypt buf

D (38181) mbedtls: ssl_msg.c:2948 0x3ffb6124: handshake message: msglen = 16, type = 20, hslen = 16

D (38181) mbedtls: ssl_msg.c:3085 0x3ffb6124: sole handshake fragment: 16, 0..16 of 16

I (38181) mbedtls: ssl_msg.c:4112 0x3ffb6124: <= read record

D (38181) mbedtls: ssl_misc.h:1295 0x3ffb6124: handshake state: 13 (MBEDTLS_SSL_SERVER_FINISHED) -> 14 (MBEDTLS_SSL_FLUSH_BUFFERS)

I (38181) mbedtls: ssl_tls.c:7571 0x3ffb6124: <= parse finished

I (38181) mbedtls: ssl_msg.c:2063 0x3ffb6124: => flush output

I (38181) mbedtls: ssl_msg.c:2072 0x3ffb6124: <= flush output

I (38181) mbedtls: ssl_tls.c:4201 0x3ffb6124: client state: MBEDTLS_SSL_FLUSH_BUFFERS

I (38181) mbedtls: ssl_tls12_client.c:3031 0x3ffb6124: handshake: done

D (38181) mbedtls: ssl_misc.h:1295 0x3ffb6124: handshake state: 14 (MBEDTLS_SSL_FLUSH_BUFFERS) -> 15 (MBEDTLS_SSL_HANDSHAKE_WRAPUP)

I (38181) mbedtls: ssl_msg.c:2063 0x3ffb6124: => flush output

I (38181) mbedtls: ssl_msg.c:2072 0x3ffb6124: <= flush output

I (38181) mbedtls: ssl_tls.c:4201 0x3ffb6124: client state: MBEDTLS_SSL_HANDSHAKE_WRAPUP

D (38181) mbedtls: ssl_tls.c:7322 0x3ffb6124: => handshake wrapup

D (38181) mbedtls: ssl_tls.c:7296 0x3ffb6124: => handshake wrapup: final free

D (38181) mbedtls: ssl_tls.c:7315 0x3ffb6124: <= handshake wrapup: final free

D (38181) mbedtls: ssl_misc.h:1295 0x3ffb6124: handshake state: 15 (MBEDTLS_SSL_HANDSHAKE_WRAPUP) -> 27 (MBEDTLS_SSL_HANDSHAKE_OVER)

D (38181) mbedtls: ssl_tls.c:7376 0x3ffb6124: <= handshake wrapup

I (38181) mbedtls: ssl_tls.c:4293 0x3ffb6124: <= handshake

[e1] connected with PINNED cert, handshake=229393 us
--- E2: pinned WRONG cert as CA => expect verify failure ---
D (38191) esp-tls: handshake in progress...
I (38191) mbedtls: ssl_tls.c:4282 0x3ffb6124: => handshake

I (38191) mbedtls: ssl_msg.c:2063 0x3ffb6124: => flush output

I (38191) mbedtls: ssl_msg.c:2072 0x3ffb6124: <= flush output

I (38191) mbedtls: ssl_tls.c:4201 0x3ffb6124: client state: MBEDTLS_SSL_HELLO_REQUEST

D (38191) mbedtls: ssl_misc.h:1295 0x3ffb6124: handshake state: 0 (MBEDTLS_SSL_HELLO_REQUEST) -> 1 (MBEDTLS_SSL_CLIENT_HELLO)

I (38191) mbedtls: ssl_msg.c:2063 0x3ffb6124: => flush output

I (38191) mbedtls: ssl_msg.c:2072 0x3ffb6124: <= flush output

I (38191) mbedtls: ssl_tls.c:4201 0x3ffb6124: client state: MBEDTLS_SSL_CLIENT_HELLO

I (38191) mbedtls: ssl_client.c:917 0x3ffb6124: => write client hello

D (38191) mbedtls: ssl_client.c:722 0x3ffb6124: client hello, current time: 36

D (38191) mbedtls: ssl_client.c:485 0x3ffb6124: dumping 'client hello, random bytes' (32 bytes)

D (38191) mbedtls: ssl_client.c:485 0x3ffb6124: 0000:  00 00 00 24 28 fe 1b 63 7b af cc 15 15 b7 57 af  ...$(..c{.....W.

D (38191) mbedtls: ssl_client.c:485 0x3ffb6124: 0010:  1c dd 42 71 4d c1 cc 90 71 00 b9 39 8e 04 ea f2  ..BqM...q..9....

D (38191) mbedtls: ssl_client.c:510 0x3ffb6124: dumping 'session id' (0 bytes)

D (38191) mbedtls: ssl_client.c:368 0x3ffb6124: client hello, add ciphersuite: c02c, TLS-ECDHE-ECDSA-WITH-AES-256-GCM-SHA384

D (38191) mbedtls: ssl_client.c:368 0x3ffb6124: client hello, add ciphersuite: c030, TLS-ECDHE-RSA-WITH-AES-256-GCM-SHA384

D (38191) mbedtls: ssl_client.c:368 0x3ffb6124: client hello, add ciphersuite: c0ad, TLS-ECDHE-ECDSA-WITH-AES-256-CCM

D (38191) mbedtls: ssl_client.c:368 0x3ffb6124: client hello, add ciphersuite: c024, TLS-ECDHE-ECDSA-WITH-AES-256-CBC-SHA384

D (38191) mbedtls: ssl_client.c:368 0x3ffb6124: client hello, add ciphersuite: c028, TLS-ECDHE-RSA-WITH-AES-256-CBC-SHA384

D (38191) mbedtls: ssl_client.c:368 0x3ffb6124: client hello, add ciphersuite: c00a, TLS-ECDHE-ECDSA-WITH-AES-256-CBC-SHA

D (38191) mbedtls: ssl_client.c:368 0x3ffb6124: client hello, add ciphersuite: c014, TLS-ECDHE-RSA-WITH-AES-256-CBC-SHA

D (38191) mbedtls: ssl_client.c:368 0x3ffb6124: client hello, add ciphersuite: c0af, TLS-ECDHE-ECDSA-WITH-AES-256-CCM-8

D (38201) mbedtls: ssl_client.c:368 0x3ffb6124: client hello, add ciphersuite: c02b, TLS-ECDHE-ECDSA-WITH-AES-128-GCM-SHA256

D (38201) mbedtls: ssl_client.c:368 0x3ffb6124: client hello, add ciphersuite: c02f, TLS-ECDHE-RSA-WITH-AES-128-GCM-SHA256

D (38201) mbedtls: ssl_client.c:368 0x3ffb6124: client hello, add ciphersuite: c0ac, TLS-ECDHE-ECDSA-WITH-AES-128-CCM

D (38201) mbedtls: ssl_client.c:368 0x3ffb6124: client hello, add ciphersuite: c023, TLS-ECDHE-ECDSA-WITH-AES-128-CBC-SHA256

D (38201) mbedtls: ssl_client.c:368 0x3ffb6124: client hello, add ciphersuite: c027, TLS-ECDHE-RSA-WITH-AES-128-CBC-SHA256

D (38201) mbedtls: ssl_client.c:368 0x3ffb6124: client hello, add ciphersuite: c009, TLS-ECDHE-ECDSA-WITH-AES-128-CBC-SHA

D (38201) mbedtls: ssl_client.c:368 0x3ffb6124: client hello, add ciphersuite: c013, TLS-ECDHE-RSA-WITH-AES-128-CBC-SHA

D (38201) mbedtls: ssl_client.c:368 0x3ffb6124: client hello, add ciphersuite: c0ae, TLS-ECDHE-ECDSA-WITH-AES-128-CCM-8

D (38201) mbedtls: ssl_client.c:386 0x3ffb6124: adding EMPTY_RENEGOTIATION_INFO_SCSV

D (38201) mbedtls: ssl_client.c:395 0x3ffb6124: client hello, got 17 cipher suites

D (38201) mbedtls: ssl_client.c:39 0x3ffb6124: client hello, adding server name extension: localhost

D (38201) mbedtls: ssl_client.c:229 0x3ffb6124: client hello, adding supported_groups extension

D (38201) mbedtls: ssl_client.c:248 0x3ffb6124: got supported group(001d)

D (38201) mbedtls: ssl_client.c:280 0x3ffb6124: NamedGroup: x25519 ( 1d )

D (38201) mbedtls: ssl_client.c:248 0x3ffb6124: got supported group(0017)

D (38201) mbedtls: ssl_client.c:280 0x3ffb6124: NamedGroup: secp256r1 ( 17 )

D (38201) mbedtls: ssl_client.c:248 0x3ffb6124: got supported group(0018)

D (38201) mbedtls: ssl_client.c:280 0x3ffb6124: NamedGroup: secp384r1 ( 18 )

D (38201) mbedtls: ssl_client.c:248 0x3ffb6124: got supported group(001e)

D (38201) mbedtls: ssl_client.c:280 0x3ffb6124: NamedGroup: x448 ( 1e )

D (38201) mbedtls: ssl_client.c:248 0x3ffb6124: got supported group(0019)

D (38201) mbedtls: ssl_client.c:280 0x3ffb6124: NamedGroup: secp521r1 ( 19 )

D (38201) mbedtls: ssl_client.c:248 0x3ffb6124: got supported group(001a)

D (38201) mbedtls: ssl_client.c:280 0x3ffb6124: NamedGroup: bp256r1 ( 1a )

D (38201) mbedtls: ssl_client.c:248 0x3ffb6124: got supported group(001b)

D (38201) mbedtls: ssl_client.c:280 0x3ffb6124: NamedGroup: bp384r1 ( 1b )

D (38201) mbedtls: ssl_client.c:248 0x3ffb6124: got supported group(001c)

D (38201) mbedtls: ssl_client.c:280 0x3ffb6124: NamedGroup: bp512r1 ( 1c )

D (38201) mbedtls: ssl_client.c:248 0x3ffb6124: got supported group(0100)

D (38201) mbedtls: ssl_client.c:248 0x3ffb6124: got supported group(0101)

D (38201) mbedtls: ssl_client.c:248 0x3ffb6124: got supported group(0102)

D (38201) mbedtls: ssl_client.c:248 0x3ffb6124: got supported group(0103)

D (38201) mbedtls: ssl_client.c:248 0x3ffb6124: got supported group(0104)

D (38201) mbedtls: ssl_client.c:300 0x3ffb6124: dumping 'Supported groups extension' (18 bytes)

D (38201) mbedtls: ssl_client.c:300 0x3ffb6124: 0000:  00 10 00 1d 00 17 00 18 00 1e 00 19 00 1a 00 1b  ................

D (38201) mbedtls: ssl_client.c:300 0x3ffb6124: 0010:  00 1c                                            ..

D (38201) mbedtls: ssl_tls.c:8276 0x3ffb6124: adding signature_algorithms extension

D (38201) mbedtls: ssl_tls.c:8296 0x3ffb6124: got signature scheme [603] ecdsa_secp521r1_sha512

D (38201) mbedtls: ssl_tls.c:8305 0x3ffb6124: sent signature scheme [603] ecdsa_secp521r1_sha512

D (38201) mbedtls: ssl_tls.c:8296 0x3ffb6124: got signature scheme [806] rsa_pss_rsae_sha512

D (38201) mbedtls: ssl_tls.c:8296 0x3ffb6124: got signature scheme [601] rsa_pkcs1_sha512

D (38201) mbedtls: ssl_tls.c:8305 0x3ffb6124: sent signature scheme [601] rsa_pkcs1_sha512

D (38201) mbedtls: ssl_tls.c:8296 0x3ffb6124: got signature scheme [503] ecdsa_secp384r1_sha384

D (38201) mbedtls: ssl_tls.c:8305 0x3ffb6124: sent signature scheme [503] ecdsa_secp384r1_sha384

D (38201) mbedtls: ssl_tls.c:8296 0x3ffb6124: got signature scheme [805] rsa_pss_rsae_sha384

D (38201) mbedtls: ssl_tls.c:8296 0x3ffb6124: got signature scheme [501] rsa_pkcs1_sha384

D (38201) mbedtls: ssl_tls.c:8305 0x3ffb6124: sent signature scheme [501] rsa_pkcs1_sha384

D (38201) mbedtls: ssl_tls.c:8296 0x3ffb6124: got signature scheme [403] ecdsa_secp256r1_sha256

D (38211) mbedtls: ssl_tls.c:8305 0x3ffb6124: sent signature scheme [403] ecdsa_secp256r1_sha256

D (38211) mbedtls: ssl_tls.c:8296 0x3ffb6124: got signature scheme [804] rsa_pss_rsae_sha256

D (38211) mbedtls: ssl_tls.c:8296 0x3ffb6124: got signature scheme [401] rsa_pkcs1_sha256

D (38211) mbedtls: ssl_tls.c:8305 0x3ffb6124: sent signature scheme [401] rsa_pkcs1_sha256

D (38211) mbedtls: ssl_tls12_client.c:103 0x3ffb6124: client hello, adding supported_point_formats extension

D (38211) mbedtls: ssl_tls12_client.c:287 0x3ffb6124: client hello, adding encrypt_then_mac extension

D (38211) mbedtls: ssl_tls12_client.c:319 0x3ffb6124: client hello, adding extended_master_secret extension

D (38211) mbedtls: ssl_tls12_client.c:352 0x3ffb6124: client hello, adding session ticket extension

D (38211) mbedtls: ssl_client.c:687 0x3ffb6124: client hello, total extension length: 76

D (38211) mbedtls: ssl_client.c:689 0x3ffb6124: dumping 'client hello extensions' (76 bytes)

D (38211) mbedtls: ssl_client.c:689 0x3ffb6124: 0000:  00 4c 00 00 00 0e 00 0c 00 00 09 6c 6f 63 61 6c  .L.........local

D (38211) mbedtls: ssl_client.c:689 0x3ffb6124: 0010:  68 6f 73 74 00 0a 00 12 00 10 00 1d 00 17 00 18  host............

D (38211) mbedtls: ssl_client.c:689 0x3ffb6124: 0020:  00 1e 00 19 00 1a 00 1b 00 1c 00 0d 00 0e 00 0c  ................

D (38211) mbedtls: ssl_client.c:689 0x3ffb6124: 0030:  06 03 06 01 05 03 05 01 04 03 04 01 00 0b 00 02  ................

D (38211) mbedtls: ssl_client.c:689 0x3ffb6124: 0040:  01 00 00 16 00 00 00 17 00 00 00 23              ...........#

I (38211) mbedtls: ssl_msg.c:2494 0x3ffb6124: => write handshake message

I (38211) mbedtls: ssl_msg.c:2654 0x3ffb6124: => write record

D (38211) mbedtls: ssl_msg.c:2737 0x3ffb6124: output record: msgtype = 22, version = [3:3], msglen = 155

I (38211) mbedtls: ssl_msg.c:2790 0x3ffb6124: <= write record

I (38211) mbedtls: ssl_msg.c:2615 0x3ffb6124: <= write handshake message

D (38211) mbedtls: ssl_misc.h:1295 0x3ffb6124: handshake state: 1 (MBEDTLS_SSL_CLIENT_HELLO) -> 2 (MBEDTLS_SSL_SERVER_HELLO)

I (38211) mbedtls: ssl_client.c:1010 0x3ffb6124: <= write client hello

I (38211) mbedtls: ssl_msg.c:2063 0x3ffb6124: => flush output

I (38211) mbedtls: ssl_msg.c:2077 0x3ffb6124: message length: 160, out_left: 160

I (38211) mbedtls: ssl_msg.c:2084 0x3ffb6124: ssl->f_send() returned 160 (-0xffffff60)

I (38211) mbedtls: ssl_msg.c:2111 0x3ffb6124: <= flush output

I (38211) mbedtls: ssl_tls.c:4201 0x3ffb6124: client state: MBEDTLS_SSL_SERVER_HELLO

I (38211) mbedtls: ssl_tls12_client.c:1151 0x3ffb6124: => parse server hello

I (38211) mbedtls: ssl_msg.c:4040 0x3ffb6124: => read record

I (38211) mbedtls: ssl_msg.c:1865 0x3ffb6124: => fetch input

I (38211) mbedtls: ssl_msg.c:2005 0x3ffb6124: in_left: 0, nb_want: 5

I (38211) mbedtls: ssl_msg.c:2025 0x3ffb6124: in_left: 0, nb_want: 5

I (38211) mbedtls: ssl_msg.c:2028 0x3ffb6124: ssl->f_recv(_timeout)() returned 5 (-0xfffffffb)

I (38211) mbedtls: ssl_msg.c:2050 0x3ffb6124: <= fetch input

D (38211) mbedtls: ssl_msg.c:3707 0x3ffb6124: input record: msgtype = 22, version = [0x303], msglen = 65

I (38211) mbedtls: ssl_msg.c:1865 0x3ffb6124: => fetch input

I (38211) mbedtls: ssl_msg.c:2005 0x3ffb6124: in_left: 5, nb_want: 70

I (38211) mbedtls: ssl_msg.c:2025 0x3ffb6124: in_left: 5, nb_want: 70

I (38211) mbedtls: ssl_msg.c:2028 0x3ffb6124: ssl->f_recv(_timeout)() returned 65 (-0xffffffbf)

I (38211) mbedtls: ssl_msg.c:2050 0x3ffb6124: <= fetch input

D (38211) mbedtls: ssl_msg.c:2948 0x3ffb6124: handshake message: msglen = 65, type = 2, hslen = 65

D (38211) mbedtls: ssl_msg.c:3085 0x3ffb6124: sole handshake fragment: 65, 0..65 of 65

I (38221) mbedtls: ssl_msg.c:4112 0x3ffb6124: <= read record

D (38221) mbedtls: ssl_tls12_client.c:1225 0x3ffb6124: dumping 'server hello, version' (2 bytes)

D (38221) mbedtls: ssl_tls12_client.c:1225 0x3ffb6124: 0000:  03 03                                            ..

D (38221) mbedtls: ssl_tls12_client.c:1246 0x3ffb6124: server hello, current time: 806372442

D (38221) mbedtls: ssl_tls12_client.c:1256 0x3ffb6124: dumping 'server hello, random bytes' (32 bytes)

D (38221) mbedtls: ssl_tls12_client.c:1256 0x3ffb6124: 0000:  30 10 44 5a d5 c8 c2 48 d9 5a a8 37 59 8b 60 7a  0.DZ...H.Z.7Y.`z

D (38221) mbedtls: ssl_tls12_client.c:1256 0x3ffb6124: 0010:  39 5c d4 7e 8d 36 1b 23 95 b8 69 5b 66 0a 33 db  9\.~.6.#..i[f.3.

D (38221) mbedtls: ssl_tls12_client.c:1318 0x3ffb6124: server hello, session id len.: 0

D (38221) mbedtls: ssl_tls12_client.c:1319 0x3ffb6124: dumping 'server hello, session id' (0 bytes)

D (38221) mbedtls: ssl_misc.h:1295 0x3ffb6124: handshake state: 2 (MBEDTLS_SSL_SERVER_HELLO) -> 3 (MBEDTLS_SSL_SERVER_CERTIFICATE)

D (38221) mbedtls: ssl_tls12_client.c:1343 0x3ffb6124: no session has been resumed

D (38221) mbedtls: ssl_tls12_client.c:1346 0x3ffb6124: server hello, chosen ciphersuite: c030

D (38221) mbedtls: ssl_tls12_client.c:1347 0x3ffb6124: server hello, compress alg.: 0

D (38221) mbedtls: ssl_tls12_client.c:1382 0x3ffb6124: server hello, chosen ciphersuite: TLS-ECDHE-RSA-WITH-AES-256-GCM-SHA384

I (38221) mbedtls: ssl_tls12_client.c:1403 0x3ffb6124: server hello, total extension length: 21

D (38221) mbedtls: ssl_tls12_client.c:1421 0x3ffb6124: found renegotiation extension

D (38221) mbedtls: ssl_tls12_client.c:1500 0x3ffb6124: found supported_point_formats extension

D (38221) mbedtls: ssl_tls12_client.c:1486 0x3ffb6124: found session_ticket extension

D (38221) mbedtls: ssl_tls12_client.c:1473 0x3ffb6124: found extended_master_secret extension

I (38221) mbedtls: ssl_tls12_client.c:1617 0x3ffb6124: <= parse server hello

I (38221) mbedtls: ssl_msg.c:2063 0x3ffb6124: => flush output

I (38221) mbedtls: ssl_msg.c:2072 0x3ffb6124: <= flush output

I (38221) mbedtls: ssl_tls.c:4201 0x3ffb6124: client state: MBEDTLS_SSL_SERVER_CERTIFICATE

I (38221) mbedtls: ssl_tls.c:7077 0x3ffb6124: => parse certificate

I (38221) mbedtls: ssl_msg.c:4040 0x3ffb6124: => read record

I (38221) mbedtls: ssl_msg.c:1865 0x3ffb6124: => fetch input

I (38221) mbedtls: ssl_msg.c:2005 0x3ffb6124: in_left: 0, nb_want: 5

I (38221) mbedtls: ssl_msg.c:2025 0x3ffb6124: in_left: 0, nb_want: 5

I (38221) mbedtls: ssl_msg.c:2028 0x3ffb6124: ssl->f_recv(_timeout)() returned 5 (-0xfffffffb)

I (38221) mbedtls: ssl_msg.c:2050 0x3ffb6124: <= fetch input

D (38221) mbedtls: ssl_msg.c:3707 0x3ffb6124: input record: msgtype = 22, version = [0x303], msglen = 791

I (38221) mbedtls: ssl_msg.c:1865 0x3ffb6124: => fetch input

I (38221) mbedtls: ssl_msg.c:2005 0x3ffb6124: in_left: 5, nb_want: 796

I (38221) mbedtls: ssl_msg.c:2025 0x3ffb6124: in_left: 5, nb_want: 796

I (38221) mbedtls: ssl_msg.c:2028 0x3ffb6124: ssl->f_recv(_timeout)() returned 791 (-0xfffffce9)

I (38221) mbedtls: ssl_msg.c:2050 0x3ffb6124: <= fetch input

D (38221) mbedtls: ssl_msg.c:2948 0x3ffb6124: handshake message: msglen = 791, type = 11, hslen = 791

D (38221) mbedtls: ssl_msg.c:3085 0x3ffb6124: sole handshake fragment: 791, 0..791 of 791

I (38231) mbedtls: ssl_msg.c:4112 0x3ffb6124: <= read record

D (38231) mbedtls: ssl_tls.c:6952 0x3ffb6124: peer certificate #1:

D (38231) mbedtls: ssl_tls.c:6952 0x3ffb6124: cert. version     : 3

D (38231) mbedtls: ssl_tls.c:6952 0x3ffb6124: serial number     : 77:66:A5:9D:AF:14:9E:F2:03:F7:3C:2B:1A:5C:81:86:F8:A3:4E:52

D (38231) mbedtls: ssl_tls.c:6952 0x3ffb6124: issuer name       : CN=localhost

D (38231) mbedtls: ssl_tls.c:6952 0x3ffb6124: subject name      : CN=localhost

D (38231) mbedtls: ssl_tls.c:6952 0x3ffb6124: issued  on        : 2026-08-26 20:20:30

D (38231) mbedtls: ssl_tls.c:6952 0x3ffb6124: expires on        : 2026-09-25 20:20:30

D (38231) mbedtls: ssl_tls.c:6952 0x3ffb6124: signed using      : RSA with SHA-256

D (38231) mbedtls: ssl_tls.c:6952 0x3ffb6124: RSA key size      : 2048 bits

D (38231) mbedtls: ssl_tls.c:6952 0x3ffb6124: basic constraints : CA=true

D (38231) mbedtls: ssl_tls.c:6952 0x3ffb6124: dumping 'crt->PK' (270 bytes)

D (38231) mbedtls: ssl_tls.c:6952 0x3ffb6124: 0000:  30 82 01 0a 02 82 01 01 00 dd 03 19 3e 8f 4a 05

D (38231) mbedtls: ssl_tls.c:6952 0x3ffb6124: 0010:  9c d6 74 e1 46 bc 40 7a 7e af 78 09 38 f6 d0 1c

D (38231) mbedtls: ssl_tls.c:6952 0x3ffb6124: 0020:  9d e4 2b 18 4c a1 87 f6 83 55 82 2d e0 21 fb b2

D (38231) mbedtls: ssl_tls.c:6952 0x3ffb6124: 0030:  00 2f 9b 98 36 24 73 47 a2 11 bb 50 05 1c 9e 40

D (38231) mbedtls: ssl_tls.c:6952 0x3ffb6124: 0040:  41 c9 de 81 7e a1 eb 82 48 35 d0 51 24 0d 22 bd

D (38231) mbedtls: ssl_tls.c:6952 0x3ffb6124: 0050:  7e c7 0b 60 74 e2 60 3e 76 de c1 3d b5 9f e9 d2

D (38231) mbedtls: ssl_tls.c:6952 0x3ffb6124: 0060:  ac 90 d3 84 2a 75 7c 41 8a 11 14 c8 bc 09 7b 9d

D (38231) mbedtls: ssl_tls.c:6952 0x3ffb6124: 0070:  45 54 95 c1 50 05 be f1 34 c0 05 55 f5 a2 b3 a8

D (38231) mbedtls: ssl_tls.c:6952 0x3ffb6124: 0080:  24 f6 ab 22 df 72 97 ef b5 8f e4 fe 49 be 4f c1

D (38231) mbedtls: ssl_tls.c:6952 0x3ffb6124: 0090:  08 e0 39 7a cd ba 74 2e d1 20 74 ad 6b 59 ab 86

D (38231) mbedtls: ssl_tls.c:6952 0x3ffb6124: 00a0:  5d 29 ab 81 f0 c1 22 3f 01 b9 0b a1 fb ee 70 9f

D (38231) mbedtls: ssl_tls.c:6952 0x3ffb6124: 00b0:  eb 29 5e 9f 1d 6a 0d dc 65 fd 5e 5d 38 0c 1a c3

D (38231) mbedtls: ssl_tls.c:6952 0x3ffb6124: 00c0:  ae b7 b7 2f 66 23 82 80 ab 7d 69 7c 8f 95 ab e8

D (38231) mbedtls: ssl_tls.c:6952 0x3ffb6124: 00d0:  c0 4d 21 42 7d 78 c8 25 8b 60 f6 0d 87 c9 f4 df

D (38231) mbedtls: ssl_tls.c:6952 0x3ffb6124: 00e0:  36 bf 16 7c 59 16 d1 09 ec 17 67 cf 5d 9f 8f 78

D (38231) mbedtls: ssl_tls.c:6952 0x3ffb6124: 00f0:  8c 3d d0 02 18 d5 bc a7 19 f4 51 fe 1d b3 20 40

D (38231) mbedtls: ssl_tls.c:6952 0x3ffb6124: 0100:  67 7e 3a cc 30 f3 8d a0 ef 02 03 01 00 01      

D (38231) mbedtls: ssl_tls.c:8721 0x3ffb6124: Use configuration-specific verification callback

W (38231) mbedtls: ssl_tls.c:8778 0x3ffb6124: x509_verify_cert() returned -9984 (-0x2700)

I (38231) mbedtls: ssl_msg.c:5058 0x3ffb6124: => send alert message

D (38231) mbedtls: ssl_msg.c:5059 0x3ffb6124: send alert level=2 message=48

I (38231) mbedtls: ssl_msg.c:2654 0x3ffb6124: => write record

D (38231) mbedtls: ssl_msg.c:2737 0x3ffb6124: output record: msgtype = 21, version = [3:3], msglen = 2

I (38231) mbedtls: ssl_msg.c:2063 0x3ffb6124: => flush output

I (38231) mbedtls: ssl_msg.c:2077 0x3ffb6124: message length: 7, out_left: 7

I (38231) mbedtls: ssl_msg.c:2084 0x3ffb6124: ssl->f_send() returned 7 (-0xfffffff9)

I (38241) mbedtls: ssl_msg.c:2111 0x3ffb6124: <= flush output

I (38241) mbedtls: ssl_msg.c:2790 0x3ffb6124: <= write record

I (38241) mbedtls: ssl_msg.c:5070 0x3ffb6124: <= send alert message

D (38241) mbedtls: ssl_tls.c:8878 0x3ffb6124: ! Certificate verification flags 00000008

I (38241) mbedtls: ssl_tls.c:4293 0x3ffb6124: <= handshake

E (38241) esp-tls-mbedtls: mbedtls_ssl_handshake returned -0x2700
I (38241) esp-tls-mbedtls: (FFFFD900): X509 - Certificate verification failed, e.g. CRL, CA or signature check failed
D (38241) esp-tls-mbedtls: Skipping certificate verification - no peer certificate received
E (38241) esp-tls: Failed to open new connection
[conn] TLS to 10.0.2.2:22443 FAILED after 49165 us
[err] handshake: last_esp_err=0x801a tls_code=-0xffffd900 cert_flags=0x0 (sys_errno=0 mb_code=-0x0000)
[e2] wrong-cert path captured above
[mem] final                  free=248952 largest=110592 min-ever=12008
== ch22 lab done ==
D (121631) esp_netif_lwip: if0x3ffb98f4 ip lost tmr: no need raise ip lost event
qemu-system-xtensa: terminating on signal 15 from pid 3519470 (timeout)
