Adding SPI flash device
ets Jul 29 2019 12:21:46

rst:0x1 (POWERON_RESET),boot:0x12 (SPI_FAST_FLASH_BOOT)
configsip: 0, SPIWP:0xee
clk_drv:0x00,q_drv:0x00,d_drv:0x00,cs0_drv:0x00,hd_drv:0x00,wp_drv:0x00
mode:DIO, clock div:2
load:0x3fff0040,len:6272
load:0x40078000,len:15820
load:0x40080400,len:3920
entry 0x40080644
I (661) boot: ESP-IDF v6.0.2 2nd stage bootloader
I (662) boot: compile time Aug 27 2026 04:28:50
I (662) boot: Multicore bootloader
I (692) boot: chip revision: v3.0
I (693) boot.esp32: SPI Speed      : 40MHz
I (693) boot.esp32: SPI Mode       : DIO
I (693) boot.esp32: SPI Flash Size : 2MB
I (697) boot: Enabling RNG early entropy source...
I (702) boot: Partition Table:
I (703) boot: ## Label            Usage          Type ST Offset   Length
I (704) boot:  0 nvs              WiFi data        01 02 00009000 00006000
I (704) boot:  1 phy_init         RF data          01 01 0000f000 00001000
I (704) boot:  2 factory          factory app      00 00 00010000 00100000
I (707) boot: End of partition table
I (737) esp_image: segment 0: paddr=00010020 vaddr=3f400020 size=1f334h (127796) map
I (757) esp_image: segment 1: paddr=0002f35c vaddr=3ffb0000 size=00cbch (  3260) load
I (768) esp_image: segment 2: paddr=00030020 vaddr=400d0020 size=53b38h (342840) map
I (795) esp_image: segment 3: paddr=00083b60 vaddr=3ffb0cbc size=01f5ch (  8028) load
I (807) esp_image: segment 4: paddr=00085ac4 vaddr=40080000 size=0b2dch ( 45788) load
I (825) esp_image: segment 5: paddr=00090da8 vaddr=50000000 size=00028h (    40) load
I (888) boot: Loaded app from partition at offset 0x10000
I (889) boot: Disabling RNG early entropy source...
I (899) cpu_start: Multicore app
D (899) cpu_start: Pro cpu up
D (899) cpu_start: Starting app cpu, entry point is 0x40081698
D (573) cpu_start: App cpu up
D (912) clk: RTC_SLOW_CLK calibration value: 3495245
I (1497) cpu_start: GPIO 3 and 1 are used as console UART I/O pins
D (1499) cpu_start: calling init function: 0x400d3678 on core: 0
D (1499) cpu_start: calling init function: 0x400d451c on core: 0
I (1499) cpu_start: Pro cpu start user code
I (1499) cpu_start: cpu freq: 160000000 Hz
D (1499) cpu_start: calling init function: 0x400d35b8 on core: 0
I (1499) app_init: Application information:
I (1499) app_init: Project name:     lwip_ch22_tls_esp_tls_mbedtls
I (1500) app_init: App version:      924d871
I (1500) app_init: Compile time:     Aug 27 2026 04:28:49
I (1500) app_init: ELF file SHA256:  5fb37f981...
I (1500) app_init: ESP-IDF:          v6.0.2
D (1500) cpu_start: calling init function: 0x400d368c on core: 0
I (1500) efuse_init: Min chip rev:     v0.0
I (1500) efuse_init: Max chip rev:     v3.99 
I (1500) efuse_init: Chip rev:         v3.0
D (1500) cpu_start: calling init function: 0x400d58b8 on core: 0
D (1501) memory_layout: Checking 9 reserved memory ranges:
D (1501) memory_layout: Reserved memory range 0x3ff82000 - 0x3ff82000
D (1501) memory_layout: Reserved memory range 0x3ffae000 - 0x3ffae6e0
D (1501) memory_layout: Reserved memory range 0x3ffb0000 - 0x3ffb50e0
D (1501) memory_layout: Reserved memory range 0x3ffe0000 - 0x3ffe0440
D (1501) memory_layout: Reserved memory range 0x3ffe3f20 - 0x3ffe4350
D (1501) memory_layout: Reserved memory range 0x40070000 - 0x40078000
D (1502) memory_layout: Reserved memory range 0x40078000 - 0x40080000
D (1502) memory_layout: Reserved memory range 0x40080000 - 0x4008b2dc
D (1502) memory_layout: Reserved memory range 0x50001fe8 - 0x50002000
D (1502) memory_layout: Building list of available memory regions:
D (1502) memory_layout: Available memory region 0x3ffae6e0 - 0x3ffb0000
D (1502) memory_layout: Available memory region 0x3ffb50e0 - 0x3ffb8000
D (1502) memory_layout: Available memory region 0x3ffb8000 - 0x3ffc0000
D (1502) memory_layout: Available memory region 0x3ffc0000 - 0x3ffc2000
D (1502) memory_layout: Available memory region 0x3ffc2000 - 0x3ffc4000
D (1503) memory_layout: Available memory region 0x3ffc4000 - 0x3ffc6000
D (1503) memory_layout: Available memory region 0x3ffc6000 - 0x3ffc8000
D (1503) memory_layout: Available memory region 0x3ffc8000 - 0x3ffca000
D (1503) memory_layout: Available memory region 0x3ffca000 - 0x3ffcc000
D (1503) memory_layout: Available memory region 0x3ffcc000 - 0x3ffce000
D (1503) memory_layout: Available memory region 0x3ffce000 - 0x3ffd0000
D (1503) memory_layout: Available memory region 0x3ffd0000 - 0x3ffd2000
D (1503) memory_layout: Available memory region 0x3ffd2000 - 0x3ffd4000
D (1504) memory_layout: Available memory region 0x3ffd4000 - 0x3ffd6000
D (1504) memory_layout: Available memory region 0x3ffd6000 - 0x3ffd8000
D (1504) memory_layout: Available memory region 0x3ffd8000 - 0x3ffda000
D (1504) memory_layout: Available memory region 0x3ffda000 - 0x3ffdc000
D (1504) memory_layout: Available memory region 0x3ffdc000 - 0x3ffde000
D (1504) memory_layout: Available memory region 0x3ffde000 - 0x3ffe0000
D (1504) memory_layout: Available memory region 0x3ffe0440 - 0x3ffe3f20
D (1504) memory_layout: Available memory region 0x3ffe4350 - 0x3ffe8000
D (1504) memory_layout: Available memory region 0x3ffe8000 - 0x3fff0000
D (1505) memory_layout: Available memory region 0x3fff0000 - 0x3fff8000
D (1505) memory_layout: Available memory region 0x3fff8000 - 0x3fffc000
D (1505) memory_layout: Available memory region 0x3fffc000 - 0x40000000
D (1505) memory_layout: Available memory region 0x4008b2dc - 0x4008c000
D (1505) memory_layout: Available memory region 0x4008c000 - 0x4008e000
D (1505) memory_layout: Available memory region 0x4008e000 - 0x40090000
D (1505) memory_layout: Available memory region 0x40090000 - 0x40092000
D (1505) memory_layout: Available memory region 0x40092000 - 0x40094000
D (1505) memory_layout: Available memory region 0x40094000 - 0x40096000
D (1506) memory_layout: Available memory region 0x40096000 - 0x40098000
D (1506) memory_layout: Available memory region 0x40098000 - 0x4009a000
D (1506) memory_layout: Available memory region 0x4009a000 - 0x4009c000
D (1506) memory_layout: Available memory region 0x4009c000 - 0x4009e000
D (1506) memory_layout: Available memory region 0x4009e000 - 0x400a0000
I (1506) heap_init: Initializing. RAM available for dynamic allocation:
D (1507) heap_init: New heap initialised at 0x3ffae6e0
I (1507) heap_init: At 3FFAE6E0 len 00001920 (6 KiB): DRAM
D (1507) heap_init: New heap initialised at 0x3ffb50e0
I (1507) heap_init: At 3FFB50E0 len 0002AF20 (171 KiB): DRAM
I (1507) heap_init: At 3FFE0440 len 00003AE0 (14 KiB): D/IRAM
I (1507) heap_init: At 3FFE4350 len 0001BCB0 (111 KiB): D/IRAM
D (1507) heap_init: New heap initialised at 0x4008b2dc
I (1507) heap_init: At 4008B2DC len 00014D24 (83 KiB): IRAM
D (1508) cpu_start: calling init function: 0x400d3b20 on core: 0
D (1509) cpu_start: calling init function: 0x400d6b2c on core: 0
D (1509) cpu_start: calling init function: 0x400d4560 on core: 0
D (1510) intr_alloc: Connected src 46 to int 1 (cpu 0)
D (1510) cpu_start: calling init function: 0x400d4570 on core: 0
D (1510) cpu_start: calling init function: 0x400d7df8 on core: 0
D (1511) cpu_start: calling init function: 0x400d9520 on core: 0
D (1511) cpu_start: calling init function: 0x400d350c on core: 0
D (1511) cpu_start: calling init function: 0x400d6b38 on core: 0
D (1512) cpu_start: calling init function: 0x400d3eb0 on core: 0
D (1517) spi_flash: trying chip: issi
D (1520) spi_flash: trying chip: gd
D (1529) spi_flash: trying chip: mxic
D (1532) spi_flash: trying chip: winbond
I (1539) spi_flash: detected chip: winbond
I (1542) spi_flash: flash io: dio
D (1546) cpu_start: calling init function: 0x400d3718 on core: 0
D (1546) cpu_start: calling init function: 0x400dda10 on core: 0
D (1547) intr_alloc: Connected src 17 to int 2 (cpu 0)
D (1548) cpu_start: calling init function: 0x4011dfe8 on core: 0
D (1548) cpu_start: calling init function: 0x40101870 on core: 0
D (1548) cpu_start: calling init function: 0x400d457c on core: 0
D (1550) intr_alloc: Connected src 24 to int 3 (cpu 0)
D (1550) app_start: Starting scheduler on CPU0
D (1I551)  (intr_alloc: Connected src 1551) main_task: Started on CPU025 to int 
1 (cpu 1)
D (1551) app_start: Starting scheduler on CPU1
D (1551) heap_init: New heap initialised at 0x3ffe0440
D (1551) heap_init: New heap initialised at 0x3ffe4350
D (1551) intr_alloc: Connected src 16 to int 5 (cpu 0)
I (1551) main_task: Calling app_main()
I (1551) ch22lab: == ch22: tls/esp-tls/mbedtls over openeth ==
D (1551) esp_netif_lwip: LwIP stack has been initialized
D (1551) esp_netif_lwip: esp-netif has been successfully initialized
D (1551) event: running task for loop 0x3ffaffb8
D (1551) event: created task for loop 0x3ffaffb8
D (1551) event: created event loop 0x3ffaffb8
D (1551) esp_netif_objects: esp_netif_add_to_list_unsafe netif added successfully (total netifs: 1)
D (1551) intr_alloc: Connected src 38 to int 8 (cpu 0)
D (1551) opencores.emac: Using MAC address 52:54:00:12:34:56 set in QEMU
D (1551) eth_phy_802_3: Found PHY address: 1
D (1571) esp_eth: new ethernet driver @0x3ffbb07c
I (1571) esp_eth.netif.netif_glue: 52:54:00:12:34:56
I (1571) esp_eth.netif.netif_glue: ethernet attached to netif
D (1671) event: running post ETH_EVENT:0 with handler 0x400d9584 and context 0x3ffbb120 on loop 0x3ffaffb8
D (1671) event: running post ETH_EVENT:0 with handler 0x400db96c and context 0x3ffbb1b8 on loop 0x3ffaffb8
D (1671) esp_eth.netif.netif_glue: eth_action_start: 0x3ffbb184, 0x3f404f54, 0, 0x3ffbb288, 0x3ffbb07c
D (1671) esp_netif_handlers: esp_netif action has started with netif0x3ffb9d3c from event_id=0
I (1671) ch22lab: waiting for DHCP lease ...
D (1671) esp_netif_lwip: Multicast add filter IPv4: 224.0.0.1
D (1671) esp_eth.netif.netif_glue: Add filter MAC: 01:00:5e:00:00:01
E (1671) esp_eth: esp_eth_ioctl(533): add mac address to filter not supported
E (1671) esp_eth.netif.netif_glue: eth_set_mac_filter(56): failed to add mac filter
E (1671) esp_netif_lwip: Failed to add multicast filter for IPv4
D (1671) event: running post ETH_EVENT:2 with handler 0x400d9584 and context 0x3ffbb120 on loop 0x3ffaffb8
I (1671) ch22lab: ETH link up
D (1671) event: running post ETH_EVENT:2 with handler 0x400db8dc and context 0x3ffbb218 on loop 0x3ffaffb8
D (1671) esp_eth.netif.netif_glue: eth_action_connected: 0x3ffbb184, 0x3f404f54, 2, 0x3ffbb298, 0x3ffbb07c
D (1671) esp_netif_handlers: esp_netif action connected with netif0x3ffb9d3c from event_id=2
D (1671) esp_netif_lwip: if0x3ffb9d3c start ip lost tmr: interval=120
D (1671) esp_netif_lwip: starting dhcp client
D (1671) event: no handlers have been registered for event IP_EVENT:9 posted to loop 0x3ffaffb8
D (2681) esp_netif_lwip: if0x3ffb9d3c ip changed=1
D (2681) event: running post IP_EVENT:4 with handler 0x400d9e70 and context 0x3ffbb164 on loop 0x3ffaffb8
I (2681) ch22lab: GOT_IP: 10.0.2.15
D (2681) event: running post IP_EVENT:4 with handler 0x400db86c and context 0x3ffbb268 on loop 0x3ffaffb8
D (2681) esp_eth.netif.netif_glue: eth_action_got_ip: 0x3ffbb184, 0x3f40beac, 4, 0x3ffbb288, 0x3ffb9d3c
D (2681) esp_netif_handlers: esp_netif action got_ip with netif0x3ffb9d3c from event_id=4
I (2681) esp_netif_handlers: eth ip: 10.0.2.15, mask: 255.255.255.0, gw: 10.0.2.2

== ch22 lab start ==
[info] sizeof(mbedtls_ssl_context)=264 sizeof(mbedtls_ssl_config)=136
[srv-create] plain=1 tls=1
[mem-tick] t=    1176 ms phase=idle         free=224384
I (2681) main_task: Returned from app_main()
[srv-ready] plain=1 tls=1
[mem] boot-baseline          free=228884 largest=110592 min-ever=224324

===== PHASE A/B [RSA] port=22443 =====
[mem-tick] t=    1273 ms phase=RSA-baseline free=228884
[mem-tick] t=    1372 ms phase=RSA-baseline free=228884
[mem-tick] t=    1472 ms phase=RSA-baseline free=228884
[mem] baseline               free=228884 largest=110592 min-ever=224324
[mem-tick] t=    1574 ms phase=handshake    free=228208
W (3091) esp-tls-mbedtls: skip_common_name=true: hostname matching and SNI disabled. This disables ALL server-name authentication (CN/SAN/SNI), not just CN. Only intended for loopback / debug clients.
D (3091) esp-tls: handshake in progress...
I (3091) mbedtls: ssl_tls.c:4282 0x3ffc65b8: => handshake

I (3091) mbedtls: ssl_msg.c:2063 0x3ffc65b8: => flush output

I (3091) mbedtls: ssl_msg.c:2072 0x3ffc65b8: <= flush output

I (3091) mbedtls: ssl_tls.c:4201 0x3ffc65b8: client state: MBEDTLS_SSL_HELLO_REQUEST

D (3091) mbedtls: ssl_misc.h:1295 0x3ffc65b8: handshake state: 0 (MBEDTLS_SSL_HELLO_REQUEST) -> 1 (MBEDTLS_SSL_CLIENT_HELLO)

I (3091) mbedtls: ssl_msg.c:2063 0x3ffc65b8: => flush output

I (3091) mbedtls: ssl_msg.c:2072 0x3ffc65b8: <= flush output

I (3091) mbedtls: ssl_tls.c:4201 0x3ffc65b8: client state: MBEDTLS_SSL_CLIENT_HELLO

I (3091) mbedtls: ssl_client.c:917 0x3ffc65b8: => write client hello

D (3091) mbedtls: ssl_client.c:722 0x3ffc65b8: client hello, current time: 1

D (3091) mbedtls: ssl_client.c:485 0x3ffc65b8: dumping 'client hello, random bytes' (32 bytes)

D (3091) mbedtls: ssl_client.c:485 0x3ffc65b8: 0000:  00 00 00 01 a0 88 16 2b 57 ad c0 4e 7f 31 1d ee  .......+W..N.1..

D (3091) mbedtls: ssl_client.c:485 0x3ffc65b8: 0010:  07 54 7c 44 a0 73 d7 c4 1a a4 e0 9f 48 c9 f6 82  .T|D.s......H...

D (3091) mbedtls: ssl_client.c:510 0x3ffc65b8: dumping 'session id' (0 bytes)

D (3091) mbedtls: ssl_client.c:368 0x3ffc65b8: client hello, add ciphersuite: c02c, TLS-ECDHE-ECDSA-WITH-AES-256-GCM-SHA384

D (3091) mbedtls: ssl_client.c:368 0x3ffc65b8: client hello, add ciphersuite: c030, TLS-ECDHE-RSA-WITH-AES-256-GCM-SHA384

D (3091) mbedtls: ssl_client.c:368 0x3ffc65b8: client hello, add ciphersuite: c0ad, TLS-ECDHE-ECDSA-WITH-AES-256-CCM

D (3091) mbedtls: ssl_client.c:368 0x3ffc65b8: client hello, add ciphersuite: c024, TLS-ECDHE-ECDSA-WITH-AES-256-CBC-SHA384

D (3091) mbedtls: ssl_client.c:368 0x3ffc65b8: client hello, add ciphersuite: c028, TLS-ECDHE-RSA-WITH-AES-256-CBC-SHA384

D (3091) mbedtls: ssl_client.c:368 0x3ffc65b8: client hello, add ciphersuite: c00a, TLS-ECDHE-ECDSA-WITH-AES-256-CBC-SHA

D (3091) mbedtls: ssl_client.c:368 0x3ffc65b8: client hello, add ciphersuite: c014, TLS-ECDHE-RSA-WITH-AES-256-CBC-SHA

D (3091) mbedtls: ssl_client.c:368 0x3ffc65b8: client hello, add ciphersuite: c0af, TLS-ECDHE-ECDSA-WITH-AES-256-CCM-8

D (3091) mbedtls: ssl_client.c:368 0x3ffc65b8: client hello, add ciphersuite: c02b, TLS-ECDHE-ECDSA-WITH-AES-128-GCM-SHA256

D (3091) mbedtls: ssl_client.c:368 0x3ffc65b8: client hello, add ciphersuite: c02f, TLS-ECDHE-RSA-WITH-AES-128-GCM-SHA256

D (3091) mbedtls: ssl_client.c:368 0x3ffc65b8: client hello, add ciphersuite: c0ac, TLS-ECDHE-ECDSA-WITH-AES-128-CCM

D (3091) mbedtls: ssl_client.c:368 0x3ffc65b8: client hello, add ciphersuite: c023, TLS-ECDHE-ECDSA-WITH-AES-128-CBC-SHA256

D (3091) mbedtls: ssl_client.c:368 0x3ffc65b8: client hello, add ciphersuite: c027, TLS-ECDHE-RSA-WITH-AES-128-CBC-SHA256

D (3091) mbedtls: ssl_client.c:368 0x3ffc65b8: client hello, add ciphersuite: c009, TLS-ECDHE-ECDSA-WITH-AES-128-CBC-SHA

D (3091) mbedtls: ssl_client.c:368 0x3ffc65b8: client hello, add ciphersuite: c013, TLS-ECDHE-RSA-WITH-AES-128-CBC-SHA

D (3091) mbedtls: ssl_client.c:368 0x3ffc65b8: client hello, add ciphersuite: c0ae, TLS-ECDHE-ECDSA-WITH-AES-128-CCM-8

D (3091) mbedtls: ssl_client.c:386 0x3ffc65b8: adding EMPTY_RENEGOTIATION_INFO_SCSV

D (3091) mbedtls: ssl_client.c:395 0x3ffc65b8: client hello, got 17 cipher suites

D (3091) mbedtls: ssl_client.c:229 0x3ffc65b8: client hello, adding supported_groups extension

D (3101) mbedtls: ssl_client.c:248 0x3ffc65b8: got supported group(001d)

D (3101) mbedtls: ssl_client.c:280 0x3ffc65b8: NamedGroup: x25519 ( 1d )

D (3101) mbedtls: ssl_client.c:248 0x3ffc65b8: got supported group(0017)

D (3101) mbedtls: ssl_client.c:280 0x3ffc65b8: NamedGroup: secp256r1 ( 17 )

D (3101) mbedtls: ssl_client.c:248 0x3ffc65b8: got supported group(0018)

D (3101) mbedtls: ssl_client.c:280 0x3ffc65b8: NamedGroup: secp384r1 ( 18 )

D (3101) mbedtls: ssl_client.c:248 0x3ffc65b8: got supported group(001e)

D (3101) mbedtls: ssl_client.c:280 0x3ffc65b8: NamedGroup: x448 ( 1e )

D (3101) mbedtls: ssl_client.c:248 0x3ffc65b8: got supported group(0019)

D (3101) mbedtls: ssl_client.c:280 0x3ffc65b8: NamedGroup: secp521r1 ( 19 )

D (3101) mbedtls: ssl_client.c:248 0x3ffc65b8: got supported group(001a)

D (3101) mbedtls: ssl_client.c:280 0x3ffc65b8: NamedGroup: bp256r1 ( 1a )

D (3101) mbedtls: ssl_client.c:248 0x3ffc65b8: got supported group(001b)

D (3101) mbedtls: ssl_client.c:280 0x3ffc65b8: NamedGroup: bp384r1 ( 1b )

D (3101) mbedtls: ssl_client.c:248 0x3ffc65b8: got supported group(001c)

D (3101) mbedtls: ssl_client.c:280 0x3ffc65b8: NamedGroup: bp512r1 ( 1c )

D (3101) mbedtls: ssl_client.c:248 0x3ffc65b8: got supported group(0100)

D (3101) mbedtls: ssl_client.c:248 0x3ffc65b8: got supported group(0101)

D (3101) mbedtls: ssl_client.c:248 0x3ffc65b8: got supported group(0102)

D (3101) mbedtls: ssl_client.c:248 0x3ffc65b8: got supported group(0103)

D (3101) mbedtls: ssl_client.c:248 0x3ffc65b8: got supported group(0104)

D (3101) mbedtls: ssl_client.c:300 0x3ffc65b8: dumping 'Supported groups extension' (18 bytes)

D (3101) mbedtls: ssl_client.c:300 0x3ffc65b8: 0000:  00 10 00 1d 00 17 00 18 00 1e 00 19 00 1a 00 1b  ................

D (3101) mbedtls: ssl_client.c:300 0x3ffc65b8: 0010:  00 1c                                            ..

D (3101) mbedtls: ssl_tls.c:8276 0x3ffc65b8: adding signature_algorithms extension

D (3101) mbedtls: ssl_tls.c:8296 0x3ffc65b8: got signature scheme [603] ecdsa_secp521r1_sha512

D (3101) mbedtls: ssl_tls.c:8305 0x3ffc65b8: sent signature scheme [603] ecdsa_secp521r1_sha512

D (3101) mbedtls: ssl_tls.c:8296 0x3ffc65b8: got signature scheme [806] rsa_pss_rsae_sha512

D (3101) mbedtls: ssl_tls.c:8296 0x3ffc65b8: got signature scheme [601] rsa_pkcs1_sha512

D (3101) mbedtls: ssl_tls.c:8305 0x3ffc65b8: sent signature scheme [601] rsa_pkcs1_sha512

D (3101) mbedtls: ssl_tls.c:8296 0x3ffc65b8: got signature scheme [503] ecdsa_secp384r1_sha384

D (3101) mbedtls: ssl_tls.c:8305 0x3ffc65b8: sent signature scheme [503] ecdsa_secp384r1_sha384

D (3101) mbedtls: ssl_tls.c:8296 0x3ffc65b8: got signature scheme [805] rsa_pss_rsae_sha384

D (3101) mbedtls: ssl_tls.c:8296 0x3ffc65b8: got signature scheme [501] rsa_pkcs1_sha384

D (3101) mbedtls: ssl_tls.c:8305 0x3ffc65b8: sent signature scheme [501] rsa_pkcs1_sha384

D (3101) mbedtls: ssl_tls.c:8296 0x3ffc65b8: got signature scheme [403] ecdsa_secp256r1_sha256

D (3101) mbedtls: ssl_tls.c:8305 0x3ffc65b8: sent signature scheme [403] ecdsa_secp256r1_sha256

D (3101) mbedtls: ssl_tls.c:8296 0x3ffc65b8: got signature scheme [804] rsa_pss_rsae_sha256

D (3101) mbedtls: ssl_tls.c:8296 0x3ffc65b8: got signature scheme [401] rsa_pkcs1_sha256

D (3101) mbedtls: ssl_tls.c:8305 0x3ffc65b8: sent signature scheme [401] rsa_pkcs1_sha256

D (3101) mbedtls: ssl_tls12_client.c:103 0x3ffc65b8: client hello, adding supported_point_formats extension

D (3101) mbedtls: ssl_tls12_client.c:287 0x3ffc65b8: client hello, adding encrypt_then_mac extension

D (3101) mbedtls: ssl_tls12_client.c:319 0x3ffc65b8: client hello, adding extended_master_secret extension

D (3101) mbedtls: ssl_tls12_client.c:352 0x3ffc65b8: client hello, adding session ticket extension

D (3101) mbedtls: ssl_client.c:687 0x3ffc65b8: client hello, total extension length: 58

D (3101) mbedtls: ssl_client.c:689 0x3ffc65b8: dumping 'client hello extensions' (58 bytes)

D (3101) mbedtls: ssl_client.c:689 0x3ffc65b8: 0000:  00 3a 00 0a 00 12 00 10 00 1d 00 17 00 18 00 1e  .:..............

D (3101) mbedtls: ssl_client.c:689 0x3ffc65b8: 0010:  00 19 00 1a 00 1b 00 1c 00 0d 00 0e 00 0c 06 03  ................

D (3101) mbedtls: ssl_client.c:689 0x3ffc65b8: 0020:  06 01 05 03 05 01 04 03 04 01 00 0b 00 02 01 00  ................

D (3101) mbedtls: ssl_client.c:689 0x3ffc65b8: 0030:  00 16 00 00 00 17 00 00 00 23                    .........#

I (3111) mbedtls: ssl_msg.c:2494 0x3ffc65b8: => write handshake message

I (3111) mbedtls: ssl_msg.c:2654 0x3ffc65b8: => write record

D (3111) mbedtls: ssl_msg.c:2737 0x3ffc65b8: output record: msgtype = 22, version = [3:3], msglen = 137

I (3111) mbedtls: ssl_msg.c:2790 0x3ffc65b8: <= write record

I (3111) mbedtls: ssl_msg.c:2615 0x3ffc65b8: <= write handshake message

D (3111) mbedtls: ssl_misc.h:1295 0x3ffc65b8: handshake state: 1 (MBEDTLS_SSL_CLIENT_HELLO) -> 2 (MBEDTLS_SSL_SERVER_HELLO)

I (3111) mbedtls: ssl_client.c:1010 0x3ffc65b8: <= write client hello

I (3111) mbedtls: ssl_msg.c:2063 0x3ffc65b8: => flush output

I (3111) mbedtls: ssl_msg.c:2077 0x3ffc65b8: message length: 142, out_left: 142

I (3111) mbedtls: ssl_msg.c:2084 0x3ffc65b8: ssl->f_send() returned 142 (-0xffffff72)

I (3111) mbedtls: ssl_msg.c:2111 0x3ffc65b8: <= flush output

I (3111) mbedtls: ssl_tls.c:4201 0x3ffc65b8: client state: MBEDTLS_SSL_SERVER_HELLO

I (3111) mbedtls: ssl_tls12_client.c:1151 0x3ffc65b8: => parse server hello

I (3111) mbedtls: ssl_msg.c:4040 0x3ffc65b8: => read record

I (3111) mbedtls: ssl_msg.c:1865 0x3ffc65b8: => fetch input

I (3111) mbedtls: ssl_msg.c:2005 0x3ffc65b8: in_left: 0, nb_want: 5

I (3111) mbedtls: ssl_msg.c:2025 0x3ffc65b8: in_left: 0, nb_want: 5

I (3111) mbedtls: ssl_msg.c:2028 0x3ffc65b8: ssl->f_recv(_timeout)() returned 5 (-0xfffffffb)

I (3111) mbedtls: ssl_msg.c:2050 0x3ffc65b8: <= fetch input

D (3111) mbedtls: ssl_msg.c:3707 0x3ffc65b8: input record: msgtype = 22, version = [0x303], msglen = 65

I (3111) mbedtls: ssl_msg.c:1865 0x3ffc65b8: => fetch input

I (3111) mbedtls: ssl_msg.c:2005 0x3ffc65b8: in_left: 5, nb_want: 70

I (3111) mbedtls: ssl_msg.c:2025 0x3ffc65b8: in_left: 5, nb_want: 70

I (3111) mbedtls: ssl_msg.c:2028 0x3ffc65b8: ssl->f_recv(_timeout)() returned 65 (-0xffffffbf)

I (3111) mbedtls: ssl_msg.c:2050 0x3ffc65b8: <= fetch input

D (3111) mbedtls: ssl_msg.c:2948 0x3ffc65b8: handshake message: msglen = 65, type = 2, hslen = 65

D (3111) mbedtls: ssl_msg.c:3085 0x3ffc65b8: sole handshake fragment: 65, 0..65 of 65

I (3111) mbedtls: ssl_msg.c:4112 0x3ffc65b8: <= read record

D (3111) mbedtls: ssl_tls12_client.c:1225 0x3ffc65b8: dumping 'server hello, version' (2 bytes)

D (3111) mbedtls: ssl_tls12_client.c:1225 0x3ffc65b8: 0000:  03 03                                            ..

D (3111) mbedtls: ssl_tls12_client.c:1246 0x3ffc65b8: server hello, current time: 4031084983

D (3111) mbedtls: ssl_tls12_client.c:1256 0x3ffc65b8: dumping 'server hello, random bytes' (32 bytes)

D (3111) mbedtls: ssl_tls12_client.c:1256 0x3ffc65b8: 0000:  f0 45 79 b7 e4 cc 82 08 a6 f2 ca 5b fb 8e 10 7f  .Ey........[....

D (3111) mbedtls: ssl_tls12_client.c:1256 0x3ffc65b8: 0010:  46 a3 46 f0 bb b6 06 fb 79 83 45 9a 24 e5 c1 d1  F.F.....y.E.$...

D (3111) mbedtls: ssl_tls12_client.c:1318 0x3ffc65b8: server hello, session id len.: 0

D (3111) mbedtls: ssl_tls12_client.c:1319 0x3ffc65b8: dumping 'server hello, session id' (0 bytes)

D (3111) mbedtls: ssl_misc.h:1295 0x3ffc65b8: handshake state: 2 (MBEDTLS_SSL_SERVER_HELLO) -> 3 (MBEDTLS_SSL_SERVER_CERTIFICATE)

D (3111) mbedtls: ssl_tls12_client.c:1343 0x3ffc65b8: no session has been resumed

D (3111) mbedtls: ssl_tls12_client.c:1346 0x3ffc65b8: server hello, chosen ciphersuite: c030

D (3111) mbedtls: ssl_tls12_client.c:1347 0x3ffc65b8: server hello, compress alg.: 0

D (3111) mbedtls: ssl_tls12_client.c:1382 0x3ffc65b8: server hello, chosen ciphersuite: TLS-ECDHE-RSA-WITH-AES-256-GCM-SHA384

I (3111) mbedtls: ssl_tls12_client.c:1403 0x3ffc65b8: server hello, total extension length: 21

D (3111) mbedtls: ssl_tls12_client.c:1421 0x3ffc65b8: found renegotiation extension

D (3121) mbedtls: ssl_tls12_client.c:1500 0x3ffc65b8: found supported_point_formats extension

D (3121) mbedtls: ssl_tls12_client.c:1486 0x3ffc65b8: found session_ticket extension

D (3121) mbedtls: ssl_tls12_client.c:1473 0x3ffc65b8: found extended_master_secret extension

I (3121) mbedtls: ssl_tls12_client.c:1617 0x3ffc65b8: <= parse server hello

I (3121) mbedtls: ssl_msg.c:2063 0x3ffc65b8: => flush output

I (3121) mbedtls: ssl_msg.c:2072 0x3ffc65b8: <= flush output

I (3121) mbedtls: ssl_tls.c:4201 0x3ffc65b8: client state: MBEDTLS_SSL_SERVER_CERTIFICATE

I (3121) mbedtls: ssl_tls.c:7077 0x3ffc65b8: => parse certificate

I (3121) mbedtls: ssl_msg.c:4040 0x3ffc65b8: => read record

I (3121) mbedtls: ssl_msg.c:1865 0x3ffc65b8: => fetch input

I (3121) mbedtls: ssl_msg.c:2005 0x3ffc65b8: in_left: 0, nb_want: 5

I (3121) mbedtls: ssl_msg.c:2025 0x3ffc65b8: in_left: 0, nb_want: 5

I (3121) mbedtls: ssl_msg.c:2028 0x3ffc65b8: ssl->f_recv(_timeout)() returned 5 (-0xfffffffb)

I (3121) mbedtls: ssl_msg.c:2050 0x3ffc65b8: <= fetch input

D (3121) mbedtls: ssl_msg.c:3707 0x3ffc65b8: input record: msgtype = 22, version = [0x303], msglen = 791

I (3121) mbedtls: ssl_msg.c:1865 0x3ffc65b8: => fetch input

I (3121) mbedtls: ssl_msg.c:2005 0x3ffc65b8: in_left: 5, nb_want: 796

I (3121) mbedtls: ssl_msg.c:2025 0x3ffc65b8: in_left: 5, nb_want: 796

I (3121) mbedtls: ssl_msg.c:2028 0x3ffc65b8: ssl->f_recv(_timeout)() returned 791 (-0xfffffce9)

I (3121) mbedtls: ssl_msg.c:2050 0x3ffc65b8: <= fetch input

D (3121) mbedtls: ssl_msg.c:2948 0x3ffc65b8: handshake message: msglen = 791, type = 11, hslen = 791

D (3121) mbedtls: ssl_msg.c:3085 0x3ffc65b8: sole handshake fragment: 791, 0..791 of 791

I (3121) mbedtls: ssl_msg.c:4112 0x3ffc65b8: <= read record

D (3121) mbedtls: ssl_tls.c:6952 0x3ffc65b8: peer certificate #1:

D (3121) mbedtls: ssl_tls.c:6952 0x3ffc65b8: cert. version     : 3

D (3121) mbedtls: ssl_tls.c:6952 0x3ffc65b8: serial number     : 77:66:A5:9D:AF:14:9E:F2:03:F7:3C:2B:1A:5C:81:86:F8:A3:4E:52

D (3131) mbedtls: ssl_tls.c:6952 0x3ffc65b8: issuer name       : CN=localhost

D (3131) mbedtls: ssl_tls.c:6952 0x3ffc65b8: subject name      : CN=localhost

D (3131) mbedtls: ssl_tls.c:6952 0x3ffc65b8: issued  on        : 2026-08-26 20:20:30

D (3131) mbedtls: ssl_tls.c:6952 0x3ffc65b8: expires on        : 2026-09-25 20:20:30

D (3131) mbedtls: ssl_tls.c:6952 0x3ffc65b8: signed using      : RSA with SHA-256

D (3131) mbedtls: ssl_tls.c:6952 0x3ffc65b8: RSA key size      : 2048 bits

D (3131) mbedtls: ssl_tls.c:6952 0x3ffc65b8: basic constraints : CA=true

D (3131) mbedtls: ssl_tls.c:6952 0x3ffc65b8: dumping 'crt->PK' (270 bytes)

D (3131) mbedtls: ssl_tls.c:6952 0x3ffc65b8: 0000:  30 82 01 0a 02 82 01 01 00 dd 03 19 3e 8f 4a 05

D (3131) mbedtls: ssl_tls.c:6952 0x3ffc65b8: 0010:  9c d6 74 e1 46 bc 40 7a 7e af 78 09 38 f6 d0 1c

D (3131) mbedtls: ssl_tls.c:6952 0x3ffc65b8: 0020:  9d e4 2b 18 4c a1 87 f6 83 55 82 2d e0 21 fb b2

D (3131) mbedtls: ssl_tls.c:6952 0x3ffc65b8: 0030:  00 2f 9b 98 36 24 73 47 a2 11 bb 50 05 1c 9e 40

D (3131) mbedtls: ssl_tls.c:6952 0x3ffc65b8: 0040:  41 c9 de 81 7e a1 eb 82 48 35 d0 51 24 0d 22 bd

D (3131) mbedtls: ssl_tls.c:6952 0x3ffc65b8: 0050:  7e c7 0b 60 74 e2 60 3e 76 de c1 3d b5 9f e9 d2

D (3131) mbedtls: ssl_tls.c:6952 0x3ffc65b8: 0060:  ac 90 d3 84 2a 75 7c 41 8a 11 14 c8 bc 09 7b 9d

D (3131) mbedtls: ssl_tls.c:6952 0x3ffc65b8: 0070:  45 54 95 c1 50 05 be f1 34 c0 05 55 f5 a2 b3 a8

D (3131) mbedtls: ssl_tls.c:6952 0x3ffc65b8: 0080:  24 f6 ab 22 df 72 97 ef b5 8f e4 fe 49 be 4f c1

D (3131) mbedtls: ssl_tls.c:6952 0x3ffc65b8: 0090:  08 e0 39 7a cd ba 74 2e d1 20 74 ad 6b 59 ab 86

D (3131) mbedtls: ssl_tls.c:6952 0x3ffc65b8: 00a0:  5d 29 ab 81 f0 c1 22 3f 01 b9 0b a1 fb ee 70 9f

D (3131) mbedtls: ssl_tls.c:6952 0x3ffc65b8: 00b0:  eb 29 5e 9f 1d 6a 0d dc 65 fd 5e 5d 38 0c 1a c3

D (3131) mbedtls: ssl_tls.c:6952 0x3ffc65b8: 00c0:  ae b7 b7 2f 66 23 82 80 ab 7d 69 7c 8f 95 ab e8

D (3131) mbedtls: ssl_tls.c:6952 0x3ffc65b8: 00d0:  c0 4d 21 42 7d 78 c8 25 8b 60 f6 0d 87 c9 f4 df

D (3131) mbedtls: ssl_tls.c:6952 0x3ffc65b8: 00e0:  36 bf 16 7c 59 16 d1 09 ec 17 67 cf 5d 9f 8f 78

D (3131) mbedtls: ssl_tls.c:6952 0x3ffc65b8: 00f0:  8c 3d d0 02 18 d5 bc a7 19 f4 51 fe 1d b3 20 40

D (3131) mbedtls: ssl_tls.c:6952 0x3ffc65b8: 0100:  67 7e 3a cc 30 f3 8d a0 ef 02 03 01 00 01      

I (3131) mbedtls: ssl_tls.c:7191 0x3ffc65b8: <= parse certificate

D (3131) mbedtls: ssl_misc.h:1295 0x3ffc65b8: handshake state: 3 (MBEDTLS_SSL_SERVER_CERTIFICATE) -> 4 (MBEDTLS_SSL_SERVER_KEY_EXCHANGE)

I (3131) mbedtls: ssl_msg.c:2063 0x3ffc65b8: => flush output

I (3131) mbedtls: ssl_msg.c:2072 0x3ffc65b8: <= flush output

I (3131) mbedtls: ssl_tls.c:4201 0x3ffc65b8: client state: MBEDTLS_SSL_SERVER_KEY_EXCHANGE

I (3131) mbedtls: ssl_tls12_client.c:1831 0x3ffc65b8: => parse server key exchange

I (3131) mbedtls: ssl_msg.c:4040 0x3ffc65b8: => read record

I (3131) mbedtls: ssl_msg.c:1865 0x3ffc65b8: => fetch input

I (3131) mbedtls: ssl_msg.c:2005 0x3ffc65b8: in_left: 0, nb_want: 5

I (3131) mbedtls: ssl_msg.c:2025 0x3ffc65b8: in_left: 0, nb_want: 5

I (3131) mbedtls: ssl_msg.c:2028 0x3ffc65b8: ssl->f_recv(_timeout)() returned 5 (-0xfffffffb)

I (3131) mbedtls: ssl_msg.c:2050 0x3ffc65b8: <= fetch input

D (3131) mbedtls: ssl_msg.c:3707 0x3ffc65b8: input record: msgtype = 22, version = [0x303], msglen = 300

I (3131) mbedtls: ssl_msg.c:1865 0x3ffc65b8: => fetch input

I (3131) mbedtls: ssl_msg.c:2005 0x3ffc65b8: in_left: 5, nb_want: 305

I (3131) mbedtls: ssl_msg.c:2025 0x3ffc65b8: in_left: 5, nb_want: 305

I (3131) mbedtls: ssl_msg.c:2028 0x3ffc65b8: ssl->f_recv(_timeout)() returned 300 (-0xfffffed4)

I (3131) mbedtls: ssl_msg.c:2050 0x3ffc65b8: <= fetch input

D (3131) mbedtls: ssl_msg.c:2948 0x3ffc65b8: handshake message: msglen = 300, type = 12, hslen = 300

D (3131) mbedtls: ssl_msg.c:3085 0x3ffc65b8: sole handshake fragment: 300, 0..300 of 300

I (3131) mbedtls: ssl_msg.c:4112 0x3ffc65b8: <= read record

D (3131) mbedtls: ssl_tls12_client.c:1885 0x3ffc65b8: dumping 'server key exchange' (296 bytes)

D (3131) mbedtls: ssl_tls12_client.c:1885 0x3ffc65b8: 0000:  03 00 1d 20 64 fb 83 01 84 c3 f5 ac 61 d1 bb f3  ... d.......a...

D (3131) mbedtls: ssl_tls12_client.c:1885 0x3ffc65b8: 0010:  b2 0f d6 36 f9 70 08 6f 7e 8c 81 43 c8 11 a3 19  ...6.p.o~..C....

D (3131) mbedtls: ssl_tls12_client.c:1885 0x3ffc65b8: 0020:  c6 28 bf 0d 06 01 01 00 02 f9 b1 87 7a 33 23 5f  .(..........z3#_

D (3131) mbedtls: ssl_tls12_client.c:1885 0x3ffc65b8: 0030:  a6 bc fd 00 fe 61 a2 f0 bb ad 8f 63 1d 06 1e 36  .....a.....c...6

D (3131) mbedtls: ssl_tls12_client.c:1885 0x3ffc65b8: 0040:  de 03 8f d9 ef b7 c3 7f 15 46 05 ea 38 fa f9 23  .........F..8..#

D (3131) mbedtls: ssl_tls12_client.c:1885 0x3ffc65b8: 0050:  6d 36 f4 5a e6 85 fd 88 1b ec 27 b2 62 e6 ea 37  m6.Z......'.b..7

D (3131) mbedtls: ssl_tls12_client.c:1885 0x3ffc65b8: 0060:  6f 3b 2f 98 1a 86 0e 43 89 b8 fc 5d 19 2b 43 36  o;/....C...].+C6

D (3131) mbedtls: ssl_tls12_client.c:1885 0x3ffc65b8: 0070:  93 6a 29 81 25 84 8d 26 c6 05 9d 47 15 1f c3 c7  .j).%..&...G....

D (3131) mbedtls: ssl_tls12_client.c:1885 0x3ffc65b8: 0080:  f6 0d 9c 34 b1 5c 76 12 14 f5 5d a1 48 71 7c 85  ...4.\v...].Hq|.

D (3131) mbedtls: ssl_tls12_client.c:1885 0x3ffc65b8: 0090:  36 af d4 0a 06 56 24 3d 39 50 87 e1 2a 40 09 30  6....V$=9P..*@.0

D (3131) mbedtls: ssl_tls12_client.c:1885 0x3ffc65b8: 00a0:  44 70 37 41 f6 e2 52 a2 d2 df 5c 35 48 69 d2 99  Dp7A..R...\5Hi..

D (3141) mbedtls: ssl_tls12_client.c:1885 0x3ffc65b8: 00b0:  da e7 a0 79 27 b5 e2 8e b1 a8 34 74 70 cb a4 17  ...y'.....4tp...

D (3141) mbedtls: ssl_tls12_client.c:1885 0x3ffc65b8: 00c0:  8f 7c d4 35 d0 9a 99 76 ed b3 90 f5 34 15 92 61  .|.5...v....4..a

D (3141) mbedtls: ssl_tls12_client.c:1885 0x3ffc65b8: 00d0:  09 89 74 ca 6a 19 20 0c 94 f9 c6 34 0f 2a 4c 7c  ..t.j. ....4.*L|

D (3141) mbedtls: ssl_tls12_client.c:1885 0x3ffc65b8: 00e0:  3b 1e fd b7 02 71 38 32 d5 42 62 73 3b a3 e4 3e  ;....q82.Bbs;..>

D (3141) mbedtls: ssl_tls12_client.c:1885 0x3ffc65b8: 00f0:  8f 89 10 5a 5f fd dd d0 59 e4 fb 9b cc 86 4c 80  ...Z_...Y.....L.

D (3141) mbedtls: ssl_tls12_client.c:1885 0x3ffc65b8: 0100:  f7 19 50 8f e9 f7 57 f1 8e 15 93 d9 85 b2 dc c1  ..P...W.........

D (3141) mbedtls: ssl_tls12_client.c:1885 0x3ffc65b8: 0110:  7e 11 bf 4a 64 e5 ed 38 25 3a 28 96 ff a6 19 ed  ~..Jd..8%:(.....

D (3141) mbedtls: ssl_tls12_client.c:1885 0x3ffc65b8: 0120:  07 9c fa 41 eb ec 7a fb                          ...A..z.

I (3141) mbedtls: ssl_tls12_client.c:1815 0x3ffc65b8: Server used the signature algorithm rsa_pkcs1_sha512

D (3141) mbedtls: ssl_tls12_client.c:2047 0x3ffc65b8: dumping 'signature' (256 bytes)

D (3141) mbedtls: ssl_tls12_client.c:2047 0x3ffc65b8: 0000:  02 f9 b1 87 7a 33 23 5f a6 bc fd 00 fe 61 a2 f0  ....z3#_.....a..

D (3141) mbedtls: ssl_tls12_client.c:2047 0x3ffc65b8: 0010:  bb ad 8f 63 1d 06 1e 36 de 03 8f d9 ef b7 c3 7f  ...c...6........

D (3141) mbedtls: ssl_tls12_client.c:2047 0x3ffc65b8: 0020:  15 46 05 ea 38 fa f9 23 6d 36 f4 5a e6 85 fd 88  .F..8..#m6.Z....

D (3141) mbedtls: ssl_tls12_client.c:2047 0x3ffc65b8: 0030:  1b ec 27 b2 62 e6 ea 37 6f 3b 2f 98 1a 86 0e 43  ..'.b..7o;/....C

D (3141) mbedtls: ssl_tls12_client.c:2047 0x3ffc65b8: 0040:  89 b8 fc 5d 19 2b 43 36 93 6a 29 81 25 84 8d 26  ...].+C6.j).%..&

D (3141) mbedtls: ssl_tls12_client.c:2047 0x3ffc65b8: 0050:  c6 05 9d 47 15 1f c3 c7 f6 0d 9c 34 b1 5c 76 12  ...G.......4.\v.

D (3141) mbedtls: ssl_tls12_client.c:2047 0x3ffc65b8: 0060:  14 f5 5d a1 48 71 7c 85 36 af d4 0a 06 56 24 3d  ..].Hq|.6....V$=

D (3141) mbedtls: ssl_tls12_client.c:2047 0x3ffc65b8: 0070:  39 50 87 e1 2a 40 09 30 44 70 37 41 f6 e2 52 a2  9P..*@.0Dp7A..R.

D (3141) mbedtls: ssl_tls12_client.c:2047 0x3ffc65b8: 0080:  d2 df 5c 35 48 69 d2 99 da e7 a0 79 27 b5 e2 8e  ..\5Hi.....y'...

D (3141) mbedtls: ssl_tls12_client.c:2047 0x3ffc65b8: 0090:  b1 a8 34 74 70 cb a4 17 8f 7c d4 35 d0 9a 99 76  ..4tp....|.5...v

D (3141) mbedtls: ssl_tls12_client.c:2047 0x3ffc65b8: 00a0:  ed b3 90 f5 34 15 92 61 09 89 74 ca 6a 19 20 0c  ....4..a..t.j. .

D (3141) mbedtls: ssl_tls12_client.c:2047 0x3ffc65b8: 00b0:  94 f9 c6 34 0f 2a 4c 7c 3b 1e fd b7 02 71 38 32  ...4.*L|;....q82

D (3141) mbedtls: ssl_tls12_client.c:2047 0x3ffc65b8: 00c0:  d5 42 62 73 3b a3 e4 3e 8f 89 10 5a 5f fd dd d0  .Bbs;..>...Z_...

D (3141) mbedtls: ssl_tls12_client.c:2047 0x3ffc65b8: 00d0:  59 e4 fb 9b cc 86 4c 80 f7 19 50 8f e9 f7 57 f1  Y.....L...P...W.

D (3141) mbedtls: ssl_tls12_client.c:2047 0x3ffc65b8: 00e0:  8e 15 93 d9 85 b2 dc c1 7e 11 bf 4a 64 e5 ed 38  ........~..Jd..8

D (3141) mbedtls: ssl_tls12_client.c:2047 0x3ffc65b8: 00f0:  25 3a 28 96 ff a6 19 ed 07 9c fa 41 eb ec 7a fb  %:(........A..z.

D (3141) mbedtls: ssl_tls.c:8082 0x3ffc65b8: Perform PSA-based computation of digest of ServerKeyExchange

D (3141) mbedtls: ssl_tls12_client.c:2064 0x3ffc65b8: dumping 'parameters hash' (64 bytes)

D (3141) mbedtls: ssl_tls12_client.c:2064 0x3ffc65b8: 0000:  9f 4f e1 1e c8 6a d8 cb f2 74 19 17 6c 0d f7 64  .O...j...t..l..d

D (3141) mbedtls: ssl_tls12_client.c:2064 0x3ffc65b8: 0010:  92 15 e1 67 02 33 85 32 52 df 91 46 fc 97 ba 70  ...g.3.2R..F...p

D (3141) mbedtls: ssl_tls12_client.c:2064 0x3ffc65b8: 0020:  64 e3 91 00 4b 9d b8 ec f9 0b e4 ad 7a a6 0e a7  d...K.......z...

D (3141) mbedtls: ssl_tls12_client.c:2064 0x3ffc65b8: 0030:  fe 07 b9 a6 b8 83 41 5d 13 00 96 c2 38 28 bc 35  ......A]....8(.5

D (3151) mbedtls: ssl_misc.h:1295 0x3ffc65b8: handshake state: 4 (MBEDTLS_SSL_SERVER_KEY_EXCHANGE) -> 5 (MBEDTLS_SSL_CERTIFICATE_REQUEST)

I (3151) mbedtls: ssl_tls12_client.c:2118 0x3ffc65b8: <= parse server key exchange

I (3151) mbedtls: ssl_msg.c:2063 0x3ffc65b8: => flush output

I (3151) mbedtls: ssl_msg.c:2072 0x3ffc65b8: <= flush output

I (3151) mbedtls: ssl_tls.c:4201 0x3ffc65b8: client state: MBEDTLS_SSL_CERTIFICATE_REQUEST

I (3151) mbedtls: ssl_tls12_client.c:2157 0x3ffc65b8: => parse certificate request

I (3151) mbedtls: ssl_msg.c:4040 0x3ffc65b8: => read record

I (3151) mbedtls: ssl_msg.c:1865 0x3ffc65b8: => fetch input

I (3151) mbedtls: ssl_msg.c:2005 0x3ffc65b8: in_left: 0, nb_want: 5

I (3151) mbedtls: ssl_msg.c:2025 0x3ffc65b8: in_left: 0, nb_want: 5

I (3151) mbedtls: ssl_msg.c:2028 0x3ffc65b8: ssl->f_recv(_timeout)() returned 5 (-0xfffffffb)

I (3151) mbedtls: ssl_msg.c:2050 0x3ffc65b8: <= fetch input

D (3151) mbedtls: ssl_msg.c:3707 0x3ffc65b8: input record: msgtype = 22, version = [0x303], msglen = 4

I (3151) mbedtls: ssl_msg.c:1865 0x3ffc65b8: => fetch input

I (3151) mbedtls: ssl_msg.c:2005 0x3ffc65b8: in_left: 5, nb_want: 9

I (3151) mbedtls: ssl_msg.c:2025 0x3ffc65b8: in_left: 5, nb_want: 9

I (3161) mbedtls: ssl_msg.c:2028 0x3ffc65b8: ssl->f_recv(_timeout)() returned 4 (-0xfffffffc)

I (3161) mbedtls: ssl_msg.c:2050 0x3ffc65b8: <= fetch input

D (3161) mbedtls: ssl_msg.c:2948 0x3ffc65b8: handshake message: msglen = 4, type = 14, hslen = 4

D (3161) mbedtls: ssl_msg.c:3085 0x3ffc65b8: sole handshake fragment: 4, 0..4 of 4

I (3161) mbedtls: ssl_msg.c:4112 0x3ffc65b8: <= read record

D (3161) mbedtls: ssl_misc.h:1295 0x3ffc65b8: handshake state: 5 (MBEDTLS_SSL_CERTIFICATE_REQUEST) -> 6 (MBEDTLS_SSL_SERVER_HELLO_DONE)

D (3161) mbedtls: ssl_tls12_client.c:2183 0x3ffc65b8: got no certificate request

I (3161) mbedtls: ssl_tls12_client.c:2319 0x3ffc65b8: <= parse certificate request

I (3161) mbedtls: ssl_msg.c:2063 0x3ffc65b8: => flush output

I (3161) mbedtls: ssl_msg.c:2072 0x3ffc65b8: <= flush output

I (3161) mbedtls: ssl_tls.c:4201 0x3ffc65b8: client state: MBEDTLS_SSL_SERVER_HELLO_DONE

I (3161) mbedtls: ssl_tls12_client.c:2330 0x3ffc65b8: => parse server hello done

I (3161) mbedtls: ssl_msg.c:4040 0x3ffc65b8: => read record

I (3161) mbedtls: ssl_msg.c:4108 0x3ffc65b8: reuse previously read message

I (3161) mbedtls: ssl_msg.c:4112 0x3ffc65b8: <= read record

D (3161) mbedtls: ssl_misc.h:1295 0x3ffc65b8: handshake state: 6 (MBEDTLS_SSL_SERVER_HELLO_DONE) -> 7 (MBEDTLS_SSL_CLIENT_CERTIFICATE)

I (3161) mbedtls: ssl_tls12_client.c:2358 0x3ffc65b8: <= parse server hello done

I (3161) mbedtls: ssl_msg.c:2063 0x3ffc65b8: => flush output

I (3161) mbedtls: ssl_msg.c:2072 0x3ffc65b8: <= flush output

I (3161) mbedtls: ssl_tls.c:4201 0x3ffc65b8: client state: MBEDTLS_SSL_CLIENT_CERTIFICATE

I (3161) mbedtls: ssl_tls.c:6675 0x3ffc65b8: => write certificate

I (3161) mbedtls: ssl_tls.c:6686 0x3ffc65b8: <= skip write certificate

D (3161) mbedtls: ssl_misc.h:1295 0x3ffc65b8: handshake state: 7 (MBEDTLS_SSL_CLIENT_CERTIFICATE) -> 8 (MBEDTLS_SSL_CLIENT_KEY_EXCHANGE)

I (3161) mbedtls: ssl_msg.c:2063 0x3ffc65b8: => flush output

I (3161) mbedtls: ssl_msg.c:2072 0x3ffc65b8: <= flush output

I (3161) mbedtls: ssl_tls.c:4201 0x3ffc65b8: client state: MBEDTLS_SSL_CLIENT_KEY_EXCHANGE

I (3161) mbedtls: ssl_tls12_client.c:2373 0x3ffc65b8: => write client key exchange

D (3161) mbedtls: ssl_tls12_client.c:2387 0x3ffc65b8: Perform PSA-based ECDH computation.

[mem-tick] t=    1672 ms phase=handshake    free=198564
[mem-tick] t=    1772 ms phase=handshake    free=198156
D (3301) mbedtls: ssl_misc.h:1295 0x3ffc65b8: handshake state: 8 (MBEDTLS_SSL_CLIENT_KEY_EXCHANGE) -> 9 (MBEDTLS_SSL_CERTIFICATE_VERIFY)

I (3301) mbedtls: ssl_msg.c:2494 0x3ffc65b8: => write handshake message

I (3301) mbedtls: ssl_msg.c:2654 0x3ffc65b8: => write record

D (3301) mbedtls: ssl_msg.c:2737 0x3ffc65b8: output record: msgtype = 22, version = [3:3], msglen = 37

I (3301) mbedtls: ssl_msg.c:2063 0x3ffc65b8: => flush output

I (3301) mbedtls: ssl_msg.c:2077 0x3ffc65b8: message length: 42, out_left: 42

I (3301) mbedtls: ssl_msg.c:2084 0x3ffc65b8: ssl->f_send() returned 42 (-0xffffffd6)

I (3301) mbedtls: ssl_msg.c:2111 0x3ffc65b8: <= flush output

I (3301) mbedtls: ssl_msg.c:2790 0x3ffc65b8: <= write record

I (3301) mbedtls: ssl_msg.c:2615 0x3ffc65b8: <= write handshake message

I (3301) mbedtls: ssl_tls12_client.c:2653 0x3ffc65b8: <= write client key exchange

I (3301) mbedtls: ssl_msg.c:2063 0x3ffc65b8: => flush output

I (3301) mbedtls: ssl_msg.c:2072 0x3ffc65b8: <= flush output

I (3301) mbedtls: ssl_tls.c:4201 0x3ffc65b8: client state: MBEDTLS_SSL_CERTIFICATE_VERIFY

I (3301) mbedtls: ssl_tls12_client.c:2701 0x3ffc65b8: => write certificate verify

I (3301) mbedtls: ssl_tls.c:6466 0x3ffc65b8: => derive keys

I (3301) mbedtls: ssl_tls.c:6557 0x3ffc65b8: => PSA calc verify

D (3301) mbedtls: ssl_tls.c:6568 0x3ffc65b8: dumping 'PSA calculated verify result' (48 bytes)

D (3301) mbedtls: ssl_tls.c:6568 0x3ffc65b8: 0000:  26 9a e8 00 19 5d 80 2f 63 ac e7 1c e2 5a 50 3f  &....]./c....ZP?

D (3301) mbedtls: ssl_tls.c:6568 0x3ffc65b8: 0010:  43 a7 d5 8a a9 44 ab cb 2c a3 db 8c ed 9d 00 2f  C....D..,....../

D (3301) mbedtls: ssl_tls.c:6568 0x3ffc65b8: 0020:  e1 23 9b 4d 01 97 d0 b1 71 97 e5 61 0b 03 0d a7  .#.M....q..a....

I (3301) mbedtls: ssl_tls.c:6569 0x3ffc65b8: <= PSA calc verify

D (3301) mbedtls: ssl_tls.c:6308 0x3ffc65b8: dumping 'session hash for extended master secret' (48 bytes)

D (3301) mbedtls: ssl_tls.c:6308 0x3ffc65b8: 0000:  26 9a e8 00 19 5d 80 2f 63 ac e7 1c e2 5a 50 3f  &....]./c....ZP?

D (3301) mbedtls: ssl_tls.c:6308 0x3ffc65b8: 0010:  43 a7 d5 8a a9 44 ab cb 2c a3 db 8c ed 9d 00 2f  C....D..,....../

D (3301) mbedtls: ssl_tls.c:6308 0x3ffc65b8: 0020:  e1 23 9b 4d 01 97 d0 b1 71 97 e5 61 0b 03 0d a7  .#.M....q..a....

D (3301) mbedtls: ssl_tls.c:6449 0x3ffc65b8: dumping 'premaster secret' (32 bytes)

D (3301) mbedtls: ssl_tls.c:6449 0x3ffc65b8: 0000:  62 4a 62 1a a7 bf 3c 78 f1 1b f3 81 9f 55 f9 d0  bJb...<x.....U..

D (3301) mbedtls: ssl_tls.c:6449 0x3ffc65b8: 0010:  5a 0e 42 5d 14 bf 0e 8e 44 e4 ea 77 14 93 20 08  Z.B]....D..w.. .

D (3311) mbedtls: ssl_tls.c:7762 0x3ffc65b8: ciphersuite = TLS-ECDHE-RSA-WITH-AES-256-GCM-SHA384

D (3311) mbedtls: ssl_tls.c:7764 0x3ffc65b8: dumping 'master secret' (48 bytes)

D (3311) mbedtls: ssl_tls.c:7764 0x3ffc65b8: 0000:  c0 00 a1 ae dd c5 35 29 d1 7b 85 b5 66 31 d1 d9  ......5).{..f1..

D (3311) mbedtls: ssl_tls.c:7764 0x3ffc65b8: 0010:  d6 05 e2 47 e0 0f c7 cf f4 78 ff d0 b2 69 88 cd  ...G.....x...i..

D (3311) mbedtls: ssl_tls.c:7764 0x3ffc65b8: 0020:  17 a2 b6 7c 10 fd ec f1 97 60 23 f1 30 01 17 69  ...|.....`#.0..i

D (3311) mbedtls: ssl_tls.c:7855 0x3ffc65b8: keylen: 32, minlen: 24, ivlen: 12, maclen: 0

I (3311) mbedtls: ssl_tls.c:6517 0x3ffc65b8: <= derive keys

I (3311) mbedtls: ssl_tls12_client.c:2723 0x3ffc65b8: <= skip write certificate verify

D (3311) mbedtls: ssl_misc.h:1295 0x3ffc65b8: handshake state: 9 (MBEDTLS_SSL_CERTIFICATE_VERIFY) -> 10 (MBEDTLS_SSL_CLIENT_CHANGE_CIPHER_SPEC)

I (3311) mbedtls: ssl_msg.c:2063 0x3ffc65b8: => flush output

I (3311) mbedtls: ssl_msg.c:2072 0x3ffc65b8: <= flush output

I (3311) mbedtls: ssl_tls.c:4201 0x3ffc65b8: client state: MBEDTLS_SSL_CLIENT_CHANGE_CIPHER_SPEC

I (3311) mbedtls: ssl_msg.c:5087 0x3ffc65b8: => write change cipher spec

D (3311) mbedtls: ssl_misc.h:1295 0x3ffc65b8: handshake state: 10 (MBEDTLS_SSL_CLIENT_CHANGE_CIPHER_SPEC) -> 11 (MBEDTLS_SSL_CLIENT_FINISHED)

I (3311) mbedtls: ssl_msg.c:2494 0x3ffc65b8: => write handshake message

I (3311) mbedtls: ssl_msg.c:2654 0x3ffc65b8: => write record

D (3311) mbedtls: ssl_msg.c:2737 0x3ffc65b8: output record: msgtype = 20, version = [3:3], msglen = 1

I (3311) mbedtls: ssl_msg.c:2063 0x3ffc65b8: => flush output

I (3311) mbedtls: ssl_msg.c:2077 0x3ffc65b8: message length: 6, out_left: 6

I (3311) mbedtls: ssl_msg.c:2084 0x3ffc65b8: ssl->f_send() returned 6 (-0xfffffffa)

I (3311) mbedtls: ssl_msg.c:2111 0x3ffc65b8: <= flush output

I (3311) mbedtls: ssl_msg.c:2790 0x3ffc65b8: <= write record

I (3311) mbedtls: ssl_msg.c:2615 0x3ffc65b8: <= write handshake message

I (3311) mbedtls: ssl_msg.c:5100 0x3ffc65b8: <= write change cipher spec

I (3311) mbedtls: ssl_msg.c:2063 0x3ffc65b8: => flush output

I (3311) mbedtls: ssl_msg.c:2072 0x3ffc65b8: <= flush output

I (3311) mbedtls: ssl_tls.c:4201 0x3ffc65b8: client state: MBEDTLS_SSL_CLIENT_FINISHED

I (3311) mbedtls: ssl_tls.c:7384 0x3ffc65b8: => write finished

I (3311) mbedtls: ssl_tls.c:7235 0x3ffc65b8: => calc PSA finished tls

D (3311) mbedtls: ssl_tls.c:7246 0x3ffc65b8: dumping 'PSA calculated padbuf' (48 bytes)

D (3311) mbedtls: ssl_tls.c:7246 0x3ffc65b8: 0000:  26 9a e8 00 19 5d 80 2f 63 ac e7 1c e2 5a 50 3f  &....]./c....ZP?

D (3311) mbedtls: ssl_tls.c:7246 0x3ffc65b8: 0010:  43 a7 d5 8a a9 44 ab cb 2c a3 db 8c ed 9d 00 2f  C....D..,....../

D (3311) mbedtls: ssl_tls.c:7246 0x3ffc65b8: 0020:  e1 23 9b 4d 01 97 d0 b1 71 97 e5 61 0b 03 0d a7  .#.M....q..a....

D (3311) mbedtls: ssl_tls.c:7258 0x3ffc65b8: dumping 'calc finished result' (12 bytes)

D (3311) mbedtls: ssl_tls.c:7258 0x3ffc65b8: 0000:  ef bf 92 03 40 45 f4 84 17 00 eb 27              ....@E.....'

I (3311) mbedtls: ssl_tls.c:7262 0x3ffc65b8: <= calc finished

D (3311) mbedtls: ssl_misc.h:1295 0x3ffc65b8: handshake state: 11 (MBEDTLS_SSL_CLIENT_FINISHED) -> 12 (MBEDTLS_SSL_SERVER_CHANGE_CIPHER_SPEC)

D (3311) mbedtls: ssl_tls.c:7434 0x3ffc65b8: switching to new transform spec for outbound data

I (3311) mbedtls: ssl_msg.c:2494 0x3ffc65b8: => write handshake message

I (3311) mbedtls: ssl_msg.c:2654 0x3ffc65b8: => write record

I (3311) mbedtls: ssl_msg.c:808 0x3ffc65b8: => encrypt buf

D (3311) mbedtls: ssl_msg.c:1036 0x3ffc65b8: before encrypt: msglen = 16, including 0 bytes of padding

I (3321) mbedtls: ssl_msg.c:1265 0x3ffc65b8: <= encrypt buf

D (3321) mbedtls: ssl_msg.c:2737 0x3ffc65b8: output record: msgtype = 22, version = [3:3], msglen = 40

I (3321) mbedtls: ssl_msg.c:2063 0x3ffc65b8: => flush output

I (3321) mbedtls: ssl_msg.c:2077 0x3ffc65b8: message length: 45, out_left: 45

I (3321) mbedtls: ssl_msg.c:2084 0x3ffc65b8: ssl->f_send() returned 45 (-0xffffffd3)

I (3321) mbedtls: ssl_msg.c:2111 0x3ffc65b8: <= flush output

I (3321) mbedtls: ssl_msg.c:2790 0x3ffc65b8: <= write record

I (3321) mbedtls: ssl_msg.c:2615 0x3ffc65b8: <= write handshake message

I (3321) mbedtls: ssl_tls.c:7487 0x3ffc65b8: <= write finished

I (3321) mbedtls: ssl_msg.c:2063 0x3ffc65b8: => flush output

I (3321) mbedtls: ssl_msg.c:2072 0x3ffc65b8: <= flush output

I (3321) mbedtls: ssl_tls.c:4201 0x3ffc65b8: client state: MBEDTLS_SSL_SERVER_CHANGE_CIPHER_SPEC

D (3321) mbedtls: ssl_misc.h:1295 0x3ffc65b8: handshake state: 12 (MBEDTLS_SSL_SERVER_CHANGE_CIPHER_SPEC) -> 16 (MBEDTLS_SSL_NEW_SESSION_TICKET)

I (3321) mbedtls: ssl_tls12_client.c:2829 0x3ffc65b8: => parse new session ticket

I (3321) mbedtls: ssl_msg.c:4040 0x3ffc65b8: => read record

I (3321) mbedtls: ssl_msg.c:1865 0x3ffc65b8: => fetch input

I (3321) mbedtls: ssl_msg.c:2005 0x3ffc65b8: in_left: 0, nb_want: 5

I (3321) mbedtls: ssl_msg.c:2025 0x3ffc65b8: in_left: 0, nb_want: 5

I (3321) mbedtls: ssl_msg.c:2028 0x3ffc65b8: ssl->f_recv(_timeout)() returned 5 (-0xfffffffb)

I (3321) mbedtls: ssl_msg.c:2050 0x3ffc65b8: <= fetch input

D (3321) mbedtls: ssl_msg.c:3707 0x3ffc65b8: input record: msgtype = 22, version = [0x303], msglen = 186

I (3321) mbedtls: ssl_msg.c:1865 0x3ffc65b8: => fetch input

I (3321) mbedtls: ssl_msg.c:2005 0x3ffc65b8: in_left: 5, nb_want: 191

I (3321) mbedtls: ssl_msg.c:2025 0x3ffc65b8: in_left: 5, nb_want: 191

I (3321) mbedtls: ssl_msg.c:2028 0x3ffc65b8: ssl->f_recv(_timeout)() returned 186 (-0xffffff46)

I (3321) mbedtls: ssl_msg.c:2050 0x3ffc65b8: <= fetch input

D (3321) mbedtls: ssl_msg.c:2948 0x3ffc65b8: handshake message: msglen = 186, type = 4, hslen = 186

D (3321) mbedtls: ssl_msg.c:3085 0x3ffc65b8: sole handshake fragment: 186, 0..186 of 186

I (3321) mbedtls: ssl_msg.c:4112 0x3ffc65b8: <= read record

D (3321) mbedtls: ssl_tls12_client.c:2876 0x3ffc65b8: ticket length: 176

D (3321) mbedtls: ssl_misc.h:1295 0x3ffc65b8: handshake state: 16 (MBEDTLS_SSL_NEW_SESSION_TICKET) -> 12 (MBEDTLS_SSL_SERVER_CHANGE_CIPHER_SPEC)

D (3321) mbedtls: ssl_tls12_client.c:2920 0x3ffc65b8: ticket in use, discarding session id

I (3321) mbedtls: ssl_tls12_client.c:2923 0x3ffc65b8: <= parse new session ticket

I (3321) mbedtls: ssl_msg.c:2063 0x3ffc65b8: => flush output

I (3321) mbedtls: ssl_msg.c:2072 0x3ffc65b8: <= flush output

I (3321) mbedtls: ssl_tls.c:4201 0x3ffc65b8: client state: MBEDTLS_SSL_SERVER_CHANGE_CIPHER_SPEC

I (3321) mbedtls: ssl_msg.c:5109 0x3ffc65b8: => parse change cipher spec

I (3321) mbedtls: ssl_msg.c:4040 0x3ffc65b8: => read record

I (3321) mbedtls: ssl_msg.c:1865 0x3ffc65b8: => fetch input

I (3321) mbedtls: ssl_msg.c:2005 0x3ffc65b8: in_left: 0, nb_want: 5

I (3321) mbedtls: ssl_msg.c:2025 0x3ffc65b8: in_left: 0, nb_want: 5

I (3321) mbedtls: ssl_msg.c:2028 0x3ffc65b8: ssl->f_recv(_timeout)() returned 5 (-0xfffffffb)

I (3321) mbedtls: ssl_msg.c:2050 0x3ffc65b8: <= fetch input

D (3321) mbedtls: ssl_msg.c:3707 0x3ffc65b8: input record: msgtype = 20, version = [0x303], msglen = 1

I (3321) mbedtls: ssl_msg.c:1865 0x3ffc65b8: => fetch input

I (3321) mbedtls: ssl_msg.c:2005 0x3ffc65b8: in_left: 5, nb_want: 6

I (3321) mbedtls: ssl_msg.c:2025 0x3ffc65b8: in_left: 5, nb_want: 6

I (3321) mbedtls: ssl_msg.c:2028 0x3ffc65b8: ssl->f_recv(_timeout)() returned 1 (-0xffffffff)

I (3321) mbedtls: ssl_msg.c:2050 0x3ffc65b8: <= fetch input

I (3321) mbedtls: ssl_msg.c:4112 0x3ffc65b8: <= read record

D (3321) mbedtls: ssl_msg.c:5130 0x3ffc65b8: switching to new transform spec for inbound data

D (3321) mbedtls: ssl_misc.h:1295 0x3ffc65b8: handshake state: 12 (MBEDTLS_SSL_SERVER_CHANGE_CIPHER_SPEC) -> 13 (MBEDTLS_SSL_SERVER_FINISHED)

I (3321) mbedtls: ssl_msg.c:5157 0x3ffc65b8: <= parse change cipher spec

I (3321) mbedtls: ssl_msg.c:2063 0x3ffc65b8: => flush output

I (3321) mbedtls: ssl_msg.c:2072 0x3ffc65b8: <= flush output

I (3321) mbedtls: ssl_tls.c:4201 0x3ffc65b8: client state: MBEDTLS_SSL_SERVER_FINISHED

I (3321) mbedtls: ssl_tls.c:7500 0x3ffc65b8: => parse finished

I (3321) mbedtls: ssl_tls.c:7235 0x3ffc65b8: => calc PSA finished tls

D (3321) mbedtls: ssl_tls.c:7246 0x3ffc65b8: dumping 'PSA calculated padbuf' (48 bytes)

D (3321) mbedtls: ssl_tls.c:7246 0x3ffc65b8: 0000:  bf 57 7b 28 b5 e4 81 21 ef d6 93 16 ac 23 a9 88  .W{(...!.....#..

D (3321) mbedtls: ssl_tls.c:7246 0x3ffc65b8: 0010:  64 be 37 25 3c 9a dd 64 d6 38 9d f3 cf ea 05 5b  d.7%<..d.8.....[

D (3331) mbedtls: ssl_tls.c:7246 0x3ffc65b8: 0020:  c2 95 6e 79 cf c1 63 da c7 e9 7a 8b 24 46 3c 07  ..ny..c...z.$F<.

D (3331) mbedtls: ssl_tls.c:7258 0x3ffc65b8: dumping 'calc finished result' (12 bytes)

D (3331) mbedtls: ssl_tls.c:7258 0x3ffc65b8: 0000:  0a 0f b9 c5 a1 b4 90 77 7a 26 5d e7              .......wz&].

I (3331) mbedtls: ssl_tls.c:7262 0x3ffc65b8: <= calc finished

I (3331) mbedtls: ssl_msg.c:4040 0x3ffc65b8: => read record

I (3331) mbedtls: ssl_msg.c:1865 0x3ffc65b8: => fetch input

I (3331) mbedtls: ssl_msg.c:2005 0x3ffc65b8: in_left: 0, nb_want: 5

I (3331) mbedtls: ssl_msg.c:2025 0x3ffc65b8: in_left: 0, nb_want: 5

I (3331) mbedtls: ssl_msg.c:2028 0x3ffc65b8: ssl->f_recv(_timeout)() returned 5 (-0xfffffffb)

I (3331) mbedtls: ssl_msg.c:2050 0x3ffc65b8: <= fetch input

D (3331) mbedtls: ssl_msg.c:3707 0x3ffc65b8: input record: msgtype = 22, version = [0x303], msglen = 40

I (3331) mbedtls: ssl_msg.c:1865 0x3ffc65b8: => fetch input

I (3331) mbedtls: ssl_msg.c:2005 0x3ffc65b8: in_left: 5, nb_want: 45

I (3331) mbedtls: ssl_msg.c:2025 0x3ffc65b8: in_left: 5, nb_want: 45

I (3331) mbedtls: ssl_msg.c:2028 0x3ffc65b8: ssl->f_recv(_timeout)() returned 40 (-0xffffffd8)

I (3331) mbedtls: ssl_msg.c:2050 0x3ffc65b8: <= fetch input

I (3331) mbedtls: ssl_msg.c:1301 0x3ffc65b8: => decrypt buf

I (3331) mbedtls: ssl_msg.c:1831 0x3ffc65b8: <= decrypt buf

D (3331) mbedtls: ssl_msg.c:2948 0x3ffc65b8: handshake message: msglen = 16, type = 20, hslen = 16

D (3331) mbedtls: ssl_msg.c:3085 0x3ffc65b8: sole handshake fragment: 16, 0..16 of 16

I (3331) mbedtls: ssl_msg.c:4112 0x3ffc65b8: <= read record

D (3331) mbedtls: ssl_misc.h:1295 0x3ffc65b8: handshake state: 13 (MBEDTLS_SSL_SERVER_FINISHED) -> 14 (MBEDTLS_SSL_FLUSH_BUFFERS)

I (3331) mbedtls: ssl_tls.c:7571 0x3ffc65b8: <= parse finished

I (3331) mbedtls: ssl_msg.c:2063 0x3ffc65b8: => flush output

I (3331) mbedtls: ssl_msg.c:2072 0x3ffc65b8: <= flush output

I (3331) mbedtls: ssl_tls.c:4201 0x3ffc65b8: client state: MBEDTLS_SSL_FLUSH_BUFFERS

I (3331) mbedtls: ssl_tls12_client.c:3031 0x3ffc65b8: handshake: done

D (3331) mbedtls: ssl_misc.h:1295 0x3ffc65b8: handshake state: 14 (MBEDTLS_SSL_FLUSH_BUFFERS) -> 15 (MBEDTLS_SSL_HANDSHAKE_WRAPUP)

I (3331) mbedtls: ssl_msg.c:2063 0x3ffc65b8: => flush output

I (3331) mbedtls: ssl_msg.c:2072 0x3ffc65b8: <= flush output

I (3331) mbedtls: ssl_tls.c:4201 0x3ffc65b8: client state: MBEDTLS_SSL_HANDSHAKE_WRAPUP

D (3331) mbedtls: ssl_tls.c:7322 0x3ffc65b8: => handshake wrapup

D (3331) mbedtls: ssl_tls.c:7296 0x3ffc65b8: => handshake wrapup: final free

D (3331) mbedtls: ssl_tls.c:7315 0x3ffc65b8: <= handshake wrapup: final free

D (3331) mbedtls: ssl_misc.h:1295 0x3ffc65b8: handshake state: 15 (MBEDTLS_SSL_HANDSHAKE_WRAPUP) -> 27 (MBEDTLS_SSL_HANDSHAKE_OVER)

D (3331) mbedtls: ssl_tls.c:7376 0x3ffc65b8: <= handshake wrapup

I (3331) mbedtls: ssl_tls.c:4293 0x3ffc65b8: <= handshake

[phase-a] tcp_connect=10028 us | tls_handshake=245678 us | total=255706 us
[neg] version=TLSv1.2 suite=TLS-ECDHE-RSA-WITH-AES-256-GCM-SHA384 peer_cert=0 bytes
[mem] post-handshake         free=201764 largest=110592 min-ever=192048
[ledger] HANDSHAKE_PEAK_DELTA(RSA) = 32276 bytes (min-ever 224324 -> 192048)
I (3331) mbedtls: ssl_msg.c:5925 0x3ffc65b8: => write

I (3331) mbedtls: ssl_msg.c:2654 0x3ffc65b8: => write record

I (3331) mbedtls: ssl_msg.c:808 0x3ffc65b8: => encrypt buf

D (3331) mbedtls: ssl_msg.c:1036 0x3ffc65b8: before encrypt: msglen = 14, including 0 bytes of padding

I (3331) mbedtls: ssl_msg.c:1265 0x3ffc65b8: <= encrypt buf

D (3331) mbedtls: ssl_msg.c:2737 0x3ffc65b8: output record: msgtype = 23, version = [3:3], msglen = 38

I (3331) mbedtls: ssl_msg.c:2063 0x3ffc65b8: => flush output

I (3331) mbedtls: ssl_msg.c:2077 0x3ffc65b8: message length: 43, out_left: 43

I (3331) mbedtls: ssl_msg.c:2084 0x3ffc65b8: ssl->f_send() returned 43 (-0xffffffd5)

I (3331) mbedtls: ssl_msg.c:2111 0x3ffc65b8: <= flush output

I (3341) mbedtls: ssl_msg.c:2790 0x3ffc65b8: <= write record

I (3341) mbedtls: ssl_msg.c:5947 0x3ffc65b8: <= write

I (3341) mbedtls: ssl_msg.c:5663 0x3ffc65b8: => read

I (3341) mbedtls: ssl_msg.c:4040 0x3ffc65b8: => read record

I (3341) mbedtls: ssl_msg.c:1865 0x3ffc65b8: => fetch input

I (3341) mbedtls: ssl_msg.c:2005 0x3ffc65b8: in_left: 0, nb_want: 5

I (3341) mbedtls: ssl_msg.c:2025 0x3ffc65b8: in_left: 0, nb_want: 5

I (3341) mbedtls: ssl_msg.c:2028 0x3ffc65b8: ssl->f_recv(_timeout)() returned 5 (-0xfffffffb)

I (3341) mbedtls: ssl_msg.c:2050 0x3ffc65b8: <= fetch input

D (3341) mbedtls: ssl_msg.c:3707 0x3ffc65b8: input record: msgtype = 23, version = [0x303], msglen = 38

I (3341) mbedtls: ssl_msg.c:1865 0x3ffc65b8: => fetch input

I (3341) mbedtls: ssl_msg.c:2005 0x3ffc65b8: in_left: 5, nb_want: 43

I (3341) mbedtls: ssl_msg.c:2025 0x3ffc65b8: in_left: 5, nb_want: 43

I (3341) mbedtls: ssl_msg.c:2028 0x3ffc65b8: ssl->f_recv(_timeout)() returned 38 (-0xffffffda)

I (3341) mbedtls: ssl_msg.c:2050 0x3ffc65b8: <= fetch input

I (3341) mbedtls: ssl_msg.c:1301 0x3ffc65b8: => decrypt buf

I (3341) mbedtls: ssl_msg.c:1831 0x3ffc65b8: <= decrypt buf

I (3341) mbedtls: ssl_msg.c:4112 0x3ffc65b8: <= read record

I (3341) mbedtls: ssl_msg.c:5823 0x3ffc65b8: <= read

[phase-a] app-echo #0 rtt=5274 us payload=14 B
I (3341) mbedtls: ssl_msg.c:5925 0x3ffc65b8: => write

I (3341) mbedtls: ssl_msg.c:2654 0x3ffc65b8: => write record

I (3341) mbedtls: ssl_msg.c:808 0x3ffc65b8: => encrypt buf

D (3341) mbedtls: ssl_msg.c:1036 0x3ffc65b8: before encrypt: msglen = 14, including 0 bytes of padding

I (3341) mbedtls: ssl_msg.c:1265 0x3ffc65b8: <= encrypt buf

D (3341) mbedtls: ssl_msg.c:2737 0x3ffc65b8: output record: msgtype = 23, version = [3:3], msglen = 38

I (3341) mbedtls: ssl_msg.c:2063 0x3ffc65b8: => flush output

I (3341) mbedtls: ssl_msg.c:2077 0x3ffc65b8: message length: 43, out_left: 43

I (3341) mbedtls: ssl_msg.c:2084 0x3ffc65b8: ssl->f_send() returned 43 (-0xffffffd5)

I (3341) mbedtls: ssl_msg.c:2111 0x3ffc65b8: <= flush output

I (3341) mbedtls: ssl_msg.c:2790 0x3ffc65b8: <= write record

I (3341) mbedtls: ssl_msg.c:5947 0x3ffc65b8: <= write

I (3341) mbedtls: ssl_msg.c:5663 0x3ffc65b8: => read

I (3341) mbedtls: ssl_msg.c:4040 0x3ffc65b8: => read record

I (3341) mbedtls: ssl_msg.c:1865 0x3ffc65b8: => fetch input

I (3341) mbedtls: ssl_msg.c:2005 0x3ffc65b8: in_left: 0, nb_want: 5

I (3341) mbedtls: ssl_msg.c:2025 0x3ffc65b8: in_left: 0, nb_want: 5

I (3341) mbedtls: ssl_msg.c:2028 0x3ffc65b8: ssl->f_recv(_timeout)() returned 5 (-0xfffffffb)

I (3341) mbedtls: ssl_msg.c:2050 0x3ffc65b8: <= fetch input

D (3341) mbedtls: ssl_msg.c:3707 0x3ffc65b8: input record: msgtype = 23, version = [0x303], msglen = 38

I (3341) mbedtls: ssl_msg.c:1865 0x3ffc65b8: => fetch input

I (3341) mbedtls: ssl_msg.c:2005 0x3ffc65b8: in_left: 5, nb_want: 43

I (3341) mbedtls: ssl_msg.c:2025 0x3ffc65b8: in_left: 5, nb_want: 43

I (3341) mbedtls: ssl_msg.c:2028 0x3ffc65b8: ssl->f_recv(_timeout)() returned 38 (-0xffffffda)

I (3341) mbedtls: ssl_msg.c:2050 0x3ffc65b8: <= fetch input

I (3341) mbedtls: ssl_msg.c:1301 0x3ffc65b8: => decrypt buf

I (3341) mbedtls: ssl_msg.c:1831 0x3ffc65b8: <= decrypt buf

I (3341) mbedtls: ssl_msg.c:4112 0x3ffc65b8: <= read record

I (3341) mbedtls: ssl_msg.c:5823 0x3ffc65b8: <= read

[phase-a] app-echo #1 rtt=4145 us payload=14 B
I (3341) mbedtls: ssl_msg.c:5925 0x3ffc65b8: => write

I (3341) mbedtls: ssl_msg.c:2654 0x3ffc65b8: => write record

I (3341) mbedtls: ssl_msg.c:808 0x3ffc65b8: => encrypt buf

D (3341) mbedtls: ssl_msg.c:1036 0x3ffc65b8: before encrypt: msglen = 14, including 0 bytes of padding

I (3341) mbedtls: ssl_msg.c:1265 0x3ffc65b8: <= encrypt buf

D (3341) mbedtls: ssl_msg.c:2737 0x3ffc65b8: output record: msgtype = 23, version = [3:3], msglen = 38

I (3341) mbedtls: ssl_msg.c:2063 0x3ffc65b8: => flush output

I (3341) mbedtls: ssl_msg.c:2077 0x3ffc65b8: message length: 43, out_left: 43

I (3341) mbedtls: ssl_msg.c:2084 0x3ffc65b8: ssl->f_send() returned 43 (-0xffffffd5)

I (3341) mbedtls: ssl_msg.c:2111 0x3ffc65b8: <= flush output

I (3341) mbedtls: ssl_msg.c:2790 0x3ffc65b8: <= write record

I (3341) mbedtls: ssl_msg.c:5947 0x3ffc65b8: <= write

I (3341) mbedtls: ssl_msg.c:5663 0x3ffc65b8: => read

I (3341) mbedtls: ssl_msg.c:4040 0x3ffc65b8: => read record

I (3341) mbedtls: ssl_msg.c:1865 0x3ffc65b8: => fetch input

I (3341) mbedtls: ssl_msg.c:2005 0x3ffc65b8: in_left: 0, nb_want: 5

I (3341) mbedtls: ssl_msg.c:2025 0x3ffc65b8: in_left: 0, nb_want: 5

I (3351) mbedtls: ssl_msg.c:2028 0x3ffc65b8: ssl->f_recv(_timeout)() returned 5 (-0xfffffffb)

I (3351) mbedtls: ssl_msg.c:2050 0x3ffc65b8: <= fetch input

D (3351) mbedtls: ssl_msg.c:3707 0x3ffc65b8: input record: msgtype = 23, version = [0x303], msglen = 38

I (3351) mbedtls: ssl_msg.c:1865 0x3ffc65b8: => fetch input

I (3351) mbedtls: ssl_msg.c:2005 0x3ffc65b8: in_left: 5, nb_want: 43

I (3351) mbedtls: ssl_msg.c:2025 0x3ffc65b8: in_left: 5, nb_want: 43

I (3351) mbedtls: ssl_msg.c:2028 0x3ffc65b8: ssl->f_recv(_timeout)() returned 38 (-0xffffffda)

I (3351) mbedtls: ssl_msg.c:2050 0x3ffc65b8: <= fetch input

I (3351) mbedtls: ssl_msg.c:1301 0x3ffc65b8: => decrypt buf

I (3351) mbedtls: ssl_msg.c:1831 0x3ffc65b8: <= decrypt buf

I (3351) mbedtls: ssl_msg.c:4112 0x3ffc65b8: <= read record

I (3351) mbedtls: ssl_msg.c:5823 0x3ffc65b8: <= read

[phase-a] app-echo #2 rtt=4129 us payload=14 B
I (3351) mbedtls: ssl_msg.c:5925 0x3ffc65b8: => write

I (3351) mbedtls: ssl_msg.c:2654 0x3ffc65b8: => write record

I (3351) mbedtls: ssl_msg.c:808 0x3ffc65b8: => encrypt buf

D (3351) mbedtls: ssl_msg.c:1036 0x3ffc65b8: before encrypt: msglen = 14, including 0 bytes of padding

I (3351) mbedtls: ssl_msg.c:1265 0x3ffc65b8: <= encrypt buf

D (3351) mbedtls: ssl_msg.c:2737 0x3ffc65b8: output record: msgtype = 23, version = [3:3], msglen = 38

I (3351) mbedtls: ssl_msg.c:2063 0x3ffc65b8: => flush output

I (3351) mbedtls: ssl_msg.c:2077 0x3ffc65b8: message length: 43, out_left: 43

I (3351) mbedtls: ssl_msg.c:2084 0x3ffc65b8: ssl->f_send() returned 43 (-0xffffffd5)

I (3351) mbedtls: ssl_msg.c:2111 0x3ffc65b8: <= flush output

I (3351) mbedtls: ssl_msg.c:2790 0x3ffc65b8: <= write record

I (3351) mbedtls: ssl_msg.c:5947 0x3ffc65b8: <= write

I (3351) mbedtls: ssl_msg.c:5663 0x3ffc65b8: => read

I (3351) mbedtls: ssl_msg.c:4040 0x3ffc65b8: => read record

I (3351) mbedtls: ssl_msg.c:1865 0x3ffc65b8: => fetch input

I (3351) mbedtls: ssl_msg.c:2005 0x3ffc65b8: in_left: 0, nb_want: 5

I (3351) mbedtls: ssl_msg.c:2025 0x3ffc65b8: in_left: 0, nb_want: 5

I (3351) mbedtls: ssl_msg.c:2028 0x3ffc65b8: ssl->f_recv(_timeout)() returned 5 (-0xfffffffb)

I (3351) mbedtls: ssl_msg.c:2050 0x3ffc65b8: <= fetch input

D (3351) mbedtls: ssl_msg.c:3707 0x3ffc65b8: input record: msgtype = 23, version = [0x303], msglen = 38

I (3351) mbedtls: ssl_msg.c:1865 0x3ffc65b8: => fetch input

I (3351) mbedtls: ssl_msg.c:2005 0x3ffc65b8: in_left: 5, nb_want: 43

I (3351) mbedtls: ssl_msg.c:2025 0x3ffc65b8: in_left: 5, nb_want: 43

I (3351) mbedtls: ssl_msg.c:2028 0x3ffc65b8: ssl->f_recv(_timeout)() returned 38 (-0xffffffda)

I (3351) mbedtls: ssl_msg.c:2050 0x3ffc65b8: <= fetch input

I (3351) mbedtls: ssl_msg.c:1301 0x3ffc65b8: => decrypt buf

I (3351) mbedtls: ssl_msg.c:1831 0x3ffc65b8: <= decrypt buf

I (3351) mbedtls: ssl_msg.c:4112 0x3ffc65b8: <= read record

I (3351) mbedtls: ssl_msg.c:5823 0x3ffc65b8: <= read

[phase-a] app-echo #3 rtt=4122 us payload=14 B
I (3351) mbedtls: ssl_msg.c:5925 0x3ffc65b8: => write

I (3351) mbedtls: ssl_msg.c:2654 0x3ffc65b8: => write record

I (3351) mbedtls: ssl_msg.c:808 0x3ffc65b8: => encrypt buf

D (3351) mbedtls: ssl_msg.c:1036 0x3ffc65b8: before encrypt: msglen = 14, including 0 bytes of padding

I (3351) mbedtls: ssl_msg.c:1265 0x3ffc65b8: <= encrypt buf

D (3351) mbedtls: ssl_msg.c:2737 0x3ffc65b8: output record: msgtype = 23, version = [3:3], msglen = 38

I (3351) mbedtls: ssl_msg.c:2063 0x3ffc65b8: => flush output

I (3351) mbedtls: ssl_msg.c:2077 0x3ffc65b8: message length: 43, out_left: 43

I (3351) mbedtls: ssl_msg.c:2084 0x3ffc65b8: ssl->f_send() returned 43 (-0xffffffd5)

I (3351) mbedtls: ssl_msg.c:2111 0x3ffc65b8: <= flush output

I (3351) mbedtls: ssl_msg.c:2790 0x3ffc65b8: <= write record

I (3351) mbedtls: ssl_msg.c:5947 0x3ffc65b8: <= write

I (3351) mbedtls: ssl_msg.c:5663 0x3ffc65b8: => read

I (3351) mbedtls: ssl_msg.c:4040 0x3ffc65b8: => read record

I (3351) mbedtls: ssl_msg.c:1865 0x3ffc65b8: => fetch input

I (3351) mbedtls: ssl_msg.c:2005 0x3ffc65b8: in_left: 0, nb_want: 5

I (3351) mbedtls: ssl_msg.c:2025 0x3ffc65b8: in_left: 0, nb_want: 5

I (3351) mbedtls: ssl_msg.c:2028 0x3ffc65b8: ssl->f_recv(_timeout)() returned 5 (-0xfffffffb)

I (3351) mbedtls: ssl_msg.c:2050 0x3ffc65b8: <= fetch input

D (3351) mbedtls: ssl_msg.c:3707 0x3ffc65b8: input record: msgtype = 23, version = [0x303], msglen = 38

I (3351) mbedtls: ssl_msg.c:1865 0x3ffc65b8: => fetch input

I (3351) mbedtls: ssl_msg.c:2005 0x3ffc65b8: in_left: 5, nb_want: 43

I (3351) mbedtls: ssl_msg.c:2025 0x3ffc65b8: in_left: 5, nb_want: 43

I (3351) mbedtls: ssl_msg.c:2028 0x3ffc65b8: ssl->f_recv(_timeout)() returned 38 (-0xffffffda)

I (3351) mbedtls: ssl_msg.c:2050 0x3ffc65b8: <= fetch input

I (3351) mbedtls: ssl_msg.c:1301 0x3ffc65b8: => decrypt buf

I (3351) mbedtls: ssl_msg.c:1831 0x3ffc65b8: <= decrypt buf

I (3351) mbedtls: ssl_msg.c:4112 0x3ffc65b8: <= read record

I (3361) mbedtls: ssl_msg.c:5823 0x3ffc65b8: <= read

[phase-a] app-echo #4 rtt=4299 us payload=14 B
[mem] post-session           free=201764 largest=110592 min-ever=192048
[mem-tick] t=    1872 ms phase=closing      free=227704
[mem-tick] t=    1972 ms phase=closing      free=227704
[mem-tick] t=    2072 ms phase=closing      free=227716
[mem-tick] t=    2172 ms phase=closing      free=227716
[mem-tick] t=    2272 ms phase=closing      free=227716
[ledger] CLOSED(RSA): free now=227716, before-this-phase=228884, retained=1168
[mem-tick] t=    2372 ms phase=RSA-settled  free=227716
[mem-tick] t=    2472 ms phase=RSA-settled  free=227716
[mem-tick] t=    2572 ms phase=RSA-settled  free=227716
[mem-tick] t=    2672 ms phase=RSA-settled  free=227716
[mem] settled                free=227716 largest=110592 min-ever=192048

===== PHASE A/B [EC] port=22444 =====
[mem-tick] t=    2772 ms phase=EC-baseline  free=227716
[mem-tick] t=    2872 ms phase=EC-baseline  free=227716
[mem-tick] t=    2972 ms phase=EC-baseline  free=227716
[mem] baseline               free=227716 largest=110592 min-ever=192048
W (4561) esp-tls-mbedtls: skip_common_name=true: hostname matching and SNI disabled. This disables ALL server-name authentication (CN/SAN/SNI), not just CN. Only intended for loopback / debug clients.
D (4561) esp-tls: handshake in progress...
I (4561) mbedtls: ssl_tls.c:4282 0x3ffc65b8: => handshake

I (4561) mbedtls: ssl_msg.c:2063 0x3ffc65b8: => flush output

I (4561) mbedtls: ssl_msg.c:2072 0x3ffc65b8: <= flush output

I (4561) mbedtls: ssl_tls.c:4201 0x3ffc65b8: client state: MBEDTLS_SSL_HELLO_REQUEST

D (4561) mbedtls: ssl_misc.h:1295 0x3ffc65b8: handshake state: 0 (MBEDTLS_SSL_HELLO_REQUEST) -> 1 (MBEDTLS_SSL_CLIENT_HELLO)

I (4561) mbedtls: ssl_msg.c:2063 0x3ffc65b8: => flush output

I (4561) mbedtls: ssl_msg.c:2072 0x3ffc65b8: <= flush output

I (4561) mbedtls: ssl_tls.c:4201 0x3ffc65b8: client state: MBEDTLS_SSL_CLIENT_HELLO

I (4561) mbedtls: ssl_client.c:917 0x3ffc65b8: => write client hello

D (4561) mbedtls: ssl_client.c:722 0x3ffc65b8: client hello, current time: 3

D (4561) mbedtls: ssl_client.c:485 0x3ffc65b8: dumping 'client hello, random bytes' (32 bytes)

D (4571) mbedtls: ssl_client.c:485 0x3ffc65b8: 0000:  00 00 00 03 08 2b dd 2a 11 c5 64 91 4f f4 30 0b  .....+.*..d.O.0.

D (4571) mbedtls: ssl_client.c:485 0x3ffc65b8: 0010:  b8 63 6d 82 ac 71 1f ec d8 bf 51 d6 a9 ae 5a 84  .cm..q....Q...Z.

D (4571) mbedtls: ssl_client.c:510 0x3ffc65b8: dumping 'session id' (0 bytes)

D (4571) mbedtls: ssl_client.c:368 0x3ffc65b8: client hello, add ciphersuite: c02c, TLS-ECDHE-ECDSA-WITH-AES-256-GCM-SHA384

D (4571) mbedtls: ssl_client.c:368 0x3ffc65b8: client hello, add ciphersuite: c030, TLS-ECDHE-RSA-WITH-AES-256-GCM-SHA384

D (4571) mbedtls: ssl_client.c:368 0x3ffc65b8: client hello, add ciphersuite: c0ad, TLS-ECDHE-ECDSA-WITH-AES-256-CCM

D (4571) mbedtls: ssl_client.c:368 0x3ffc65b8: client hello, add ciphersuite: c024, TLS-ECDHE-ECDSA-WITH-AES-256-CBC-SHA384

D (4571) mbedtls: ssl_client.c:368 0x3ffc65b8: client hello, add ciphersuite: c028, TLS-ECDHE-RSA-WITH-AES-256-CBC-SHA384

D (4571) mbedtls: ssl_client.c:368 0x3ffc65b8: client hello, add ciphersuite: c00a, TLS-ECDHE-ECDSA-WITH-AES-256-CBC-SHA

D (4571) mbedtls: ssl_client.c:368 0x3ffc65b8: client hello, add ciphersuite: c014, TLS-ECDHE-RSA-WITH-AES-256-CBC-SHA

D (4571) mbedtls: ssl_client.c:368 0x3ffc65b8: client hello, add ciphersuite: c0af, TLS-ECDHE-ECDSA-WITH-AES-256-CCM-8

D (4571) mbedtls: ssl_client.c:368 0x3ffc65b8: client hello, add ciphersuite: c02b, TLS-ECDHE-ECDSA-WITH-AES-128-GCM-SHA256

D (4571) mbedtls: ssl_client.c:368 0x3ffc65b8: client hello, add ciphersuite: c02f, TLS-ECDHE-RSA-WITH-AES-128-GCM-SHA256

D (4571) mbedtls: ssl_client.c:368 0x3ffc65b8: client hello, add ciphersuite: c0ac, TLS-ECDHE-ECDSA-WITH-AES-128-CCM

D (4571) mbedtls: ssl_client.c:368 0x3ffc65b8: client hello, add ciphersuite: c023, TLS-ECDHE-ECDSA-WITH-AES-128-CBC-SHA256

[mem-tick] t=    3072 ms phase=handshake    free=199476
D (4581) mbedtls: ssl_client.c:368 0x3ffc65b8: client hello, add ciphersuite: c027, TLS-ECDHE-RSA-WITH-AES-128-CBC-SHA256

D (4581) mbedtls: ssl_client.c:368 0x3ffc65b8: client hello, add ciphersuite: c009, TLS-ECDHE-ECDSA-WITH-AES-128-CBC-SHA

D (4581) mbedtls: ssl_client.c:368 0x3ffc65b8: client hello, add ciphersuite: c013, TLS-ECDHE-RSA-WITH-AES-128-CBC-SHA

D (4581) mbedtls: ssl_client.c:368 0x3ffc65b8: client hello, add ciphersuite: c0ae, TLS-ECDHE-ECDSA-WITH-AES-128-CCM-8

D (4581) mbedtls: ssl_client.c:386 0x3ffc65b8: adding EMPTY_RENEGOTIATION_INFO_SCSV

D (4581) mbedtls: ssl_client.c:395 0x3ffc65b8: client hello, got 17 cipher suites

D (4581) mbedtls: ssl_client.c:229 0x3ffc65b8: client hello, adding supported_groups extension

D (4581) mbedtls: ssl_client.c:248 0x3ffc65b8: got supported group(001d)

D (4581) mbedtls: ssl_client.c:280 0x3ffc65b8: NamedGroup: x25519 ( 1d )

D (4581) mbedtls: ssl_client.c:248 0x3ffc65b8: got supported group(0017)

D (4581) mbedtls: ssl_client.c:280 0x3ffc65b8: NamedGroup: secp256r1 ( 17 )

D (4581) mbedtls: ssl_client.c:248 0x3ffc65b8: got supported group(0018)

D (4581) mbedtls: ssl_client.c:280 0x3ffc65b8: NamedGroup: secp384r1 ( 18 )

D (4581) mbedtls: ssl_client.c:248 0x3ffc65b8: got supported group(001e)

D (4581) mbedtls: ssl_client.c:280 0x3ffc65b8: NamedGroup: x448 ( 1e )

D (4581) mbedtls: ssl_client.c:248 0x3ffc65b8: got supported group(0019)

D (4581) mbedtls: ssl_client.c:280 0x3ffc65b8: NamedGroup: secp521r1 ( 19 )

D (4581) mbedtls: ssl_client.c:248 0x3ffc65b8: got supported group(001a)

D (4581) mbedtls: ssl_client.c:280 0x3ffc65b8: NamedGroup: bp256r1 ( 1a )

D (4581) mbedtls: ssl_client.c:248 0x3ffc65b8: got supported group(001b)

D (4581) mbedtls: ssl_client.c:280 0x3ffc65b8: NamedGroup: bp384r1 ( 1b )

D (4581) mbedtls: ssl_client.c:248 0x3ffc65b8: got supported group(001c)

D (4581) mbedtls: ssl_client.c:280 0x3ffc65b8: NamedGroup: bp512r1 ( 1c )

D (4581) mbedtls: ssl_client.c:248 0x3ffc65b8: got supported group(0100)

D (4581) mbedtls: ssl_client.c:248 0x3ffc65b8: got supported group(0101)

D (4581) mbedtls: ssl_client.c:248 0x3ffc65b8: got supported group(0102)

D (4581) mbedtls: ssl_client.c:248 0x3ffc65b8: got supported group(0103)

D (4581) mbedtls: ssl_client.c:248 0x3ffc65b8: got supported group(0104)

D (4581) mbedtls: ssl_client.c:300 0x3ffc65b8: dumping 'Supported groups extension' (18 bytes)

D (4581) mbedtls: ssl_client.c:300 0x3ffc65b8: 0000:  00 10 00 1d 00 17 00 18 00 1e 00 19 00 1a 00 1b  ................

D (4581) mbedtls: ssl_client.c:300 0x3ffc65b8: 0010:  00 1c                                            ..

D (4581) mbedtls: ssl_tls.c:8276 0x3ffc65b8: adding signature_algorithms extension

D (4581) mbedtls: ssl_tls.c:8296 0x3ffc65b8: got signature scheme [603] ecdsa_secp521r1_sha512

D (4581) mbedtls: ssl_tls.c:8305 0x3ffc65b8: sent signature scheme [603] ecdsa_secp521r1_sha512

D (4581) mbedtls: ssl_tls.c:8296 0x3ffc65b8: got signature scheme [806] rsa_pss_rsae_sha512

D (4581) mbedtls: ssl_tls.c:8296 0x3ffc65b8: got signature scheme [601] rsa_pkcs1_sha512

D (4581) mbedtls: ssl_tls.c:8305 0x3ffc65b8: sent signature scheme [601] rsa_pkcs1_sha512

D (4581) mbedtls: ssl_tls.c:8296 0x3ffc65b8: got signature scheme [503] ecdsa_secp384r1_sha384

D (4581) mbedtls: ssl_tls.c:8305 0x3ffc65b8: sent signature scheme [503] ecdsa_secp384r1_sha384

D (4581) mbedtls: ssl_tls.c:8296 0x3ffc65b8: got signature scheme [805] rsa_pss_rsae_sha384

D (4581) mbedtls: ssl_tls.c:8296 0x3ffc65b8: got signature scheme [501] rsa_pkcs1_sha384

D (4581) mbedtls: ssl_tls.c:8305 0x3ffc65b8: sent signature scheme [501] rsa_pkcs1_sha384

D (4581) mbedtls: ssl_tls.c:8296 0x3ffc65b8: got signature scheme [403] ecdsa_secp256r1_sha256

D (4581) mbedtls: ssl_tls.c:8305 0x3ffc65b8: sent signature scheme [403] ecdsa_secp256r1_sha256

D (4581) mbedtls: ssl_tls.c:8296 0x3ffc65b8: got signature scheme [804] rsa_pss_rsae_sha256

D (4581) mbedtls: ssl_tls.c:8296 0x3ffc65b8: got signature scheme [401] rsa_pkcs1_sha256

D (4581) mbedtls: ssl_tls.c:8305 0x3ffc65b8: sent signature scheme [401] rsa_pkcs1_sha256

D (4581) mbedtls: ssl_tls12_client.c:103 0x3ffc65b8: client hello, adding supported_point_formats extension

D (4581) mbedtls: ssl_tls12_client.c:287 0x3ffc65b8: client hello, adding encrypt_then_mac extension

D (4581) mbedtls: ssl_tls12_client.c:319 0x3ffc65b8: client hello, adding extended_master_secret extension

D (4581) mbedtls: ssl_tls12_client.c:352 0x3ffc65b8: client hello, adding session ticket extension

D (4581) mbedtls: ssl_client.c:687 0x3ffc65b8: client hello, total extension length: 58

D (4581) mbedtls: ssl_client.c:689 0x3ffc65b8: dumping 'client hello extensions' (58 bytes)

D (4581) mbedtls: ssl_client.c:689 0x3ffc65b8: 0000:  00 3a 00 0a 00 12 00 10 00 1d 00 17 00 18 00 1e  .:..............

D (4591) mbedtls: ssl_client.c:689 0x3ffc65b8: 0010:  00 19 00 1a 00 1b 00 1c 00 0d 00 0e 00 0c 06 03  ................

D (4591) mbedtls: ssl_client.c:689 0x3ffc65b8: 0020:  06 01 05 03 05 01 04 03 04 01 00 0b 00 02 01 00  ................

D (4591) mbedtls: ssl_client.c:689 0x3ffc65b8: 0030:  00 16 00 00 00 17 00 00 00 23                    .........#

I (4591) mbedtls: ssl_msg.c:2494 0x3ffc65b8: => write handshake message

I (4591) mbedtls: ssl_msg.c:2654 0x3ffc65b8: => write record

D (4591) mbedtls: ssl_msg.c:2737 0x3ffc65b8: output record: msgtype = 22, version = [3:3], msglen = 137

I (4591) mbedtls: ssl_msg.c:2790 0x3ffc65b8: <= write record

I (4591) mbedtls: ssl_msg.c:2615 0x3ffc65b8: <= write handshake message

D (4591) mbedtls: ssl_misc.h:1295 0x3ffc65b8: handshake state: 1 (MBEDTLS_SSL_CLIENT_HELLO) -> 2 (MBEDTLS_SSL_SERVER_HELLO)

I (4591) mbedtls: ssl_client.c:1010 0x3ffc65b8: <= write client hello

I (4591) mbedtls: ssl_msg.c:2063 0x3ffc65b8: => flush output

I (4591) mbedtls: ssl_msg.c:2077 0x3ffc65b8: message length: 142, out_left: 142

I (4591) mbedtls: ssl_msg.c:2084 0x3ffc65b8: ssl->f_send() returned 142 (-0xffffff72)

I (4591) mbedtls: ssl_msg.c:2111 0x3ffc65b8: <= flush output

I (4591) mbedtls: ssl_tls.c:4201 0x3ffc65b8: client state: MBEDTLS_SSL_SERVER_HELLO

I (4591) mbedtls: ssl_tls12_client.c:1151 0x3ffc65b8: => parse server hello

I (4591) mbedtls: ssl_msg.c:4040 0x3ffc65b8: => read record

I (4591) mbedtls: ssl_msg.c:1865 0x3ffc65b8: => fetch input

I (4591) mbedtls: ssl_msg.c:2005 0x3ffc65b8: in_left: 0, nb_want: 5

I (4591) mbedtls: ssl_msg.c:2025 0x3ffc65b8: in_left: 0, nb_want: 5

I (4591) mbedtls: ssl_msg.c:2028 0x3ffc65b8: ssl->f_recv(_timeout)() returned 5 (-0xfffffffb)

I (4591) mbedtls: ssl_msg.c:2050 0x3ffc65b8: <= fetch input

D (4591) mbedtls: ssl_msg.c:3707 0x3ffc65b8: input record: msgtype = 22, version = [0x303], msglen = 65

I (4591) mbedtls: ssl_msg.c:1865 0x3ffc65b8: => fetch input

I (4591) mbedtls: ssl_msg.c:2005 0x3ffc65b8: in_left: 5, nb_want: 70

I (4591) mbedtls: ssl_msg.c:2025 0x3ffc65b8: in_left: 5, nb_want: 70

I (4591) mbedtls: ssl_msg.c:2028 0x3ffc65b8: ssl->f_recv(_timeout)() returned 65 (-0xffffffbf)

I (4591) mbedtls: ssl_msg.c:2050 0x3ffc65b8: <= fetch input

D (4591) mbedtls: ssl_msg.c:2948 0x3ffc65b8: handshake message: msglen = 65, type = 2, hslen = 65

D (4591) mbedtls: ssl_msg.c:3085 0x3ffc65b8: sole handshake fragment: 65, 0..65 of 65

I (4601) mbedtls: ssl_msg.c:4112 0x3ffc65b8: <= read record

D (4601) mbedtls: ssl_tls12_client.c:1225 0x3ffc65b8: dumping 'server hello, version' (2 bytes)

D (4601) mbedtls: ssl_tls12_client.c:1225 0x3ffc65b8: 0000:  03 03                                            ..

D (4601) mbedtls: ssl_tls12_client.c:1246 0x3ffc65b8: server hello, current time: 1784252823

D (4601) mbedtls: ssl_tls12_client.c:1256 0x3ffc65b8: dumping 'server hello, random bytes' (32 bytes)

D (4601) mbedtls: ssl_tls12_client.c:1256 0x3ffc65b8: 0000:  6a 59 89 97 a3 db c2 9d 2a 19 90 38 e0 2c e2 8c  jY......*..8.,..

D (4601) mbedtls: ssl_tls12_client.c:1256 0x3ffc65b8: 0010:  90 a0 b0 8b bf a4 5e 57 87 2e 34 b8 4a 1b c7 24  ......^W..4.J..$

D (4601) mbedtls: ssl_tls12_client.c:1318 0x3ffc65b8: server hello, session id len.: 0

D (4601) mbedtls: ssl_tls12_client.c:1319 0x3ffc65b8: dumping 'server hello, session id' (0 bytes)

D (4601) mbedtls: ssl_misc.h:1295 0x3ffc65b8: handshake state: 2 (MBEDTLS_SSL_SERVER_HELLO) -> 3 (MBEDTLS_SSL_SERVER_CERTIFICATE)

D (4601) mbedtls: ssl_tls12_client.c:1343 0x3ffc65b8: no session has been resumed

D (4601) mbedtls: ssl_tls12_client.c:1346 0x3ffc65b8: server hello, chosen ciphersuite: c02c

D (4601) mbedtls: ssl_tls12_client.c:1347 0x3ffc65b8: server hello, compress alg.: 0

D (4601) mbedtls: ssl_tls12_client.c:1382 0x3ffc65b8: server hello, chosen ciphersuite: TLS-ECDHE-ECDSA-WITH-AES-256-GCM-SHA384

I (4601) mbedtls: ssl_tls12_client.c:1403 0x3ffc65b8: server hello, total extension length: 21

D (4601) mbedtls: ssl_tls12_client.c:1421 0x3ffc65b8: found renegotiation extension

D (4601) mbedtls: ssl_tls12_client.c:1500 0x3ffc65b8: found supported_point_formats extension

D (4601) mbedtls: ssl_tls12_client.c:1486 0x3ffc65b8: found session_ticket extension

D (4601) mbedtls: ssl_tls12_client.c:1473 0x3ffc65b8: found extended_master_secret extension

I (4601) mbedtls: ssl_tls12_client.c:1617 0x3ffc65b8: <= parse server hello

I (4601) mbedtls: ssl_msg.c:2063 0x3ffc65b8: => flush output

I (4601) mbedtls: ssl_msg.c:2072 0x3ffc65b8: <= flush output

I (4601) mbedtls: ssl_tls.c:4201 0x3ffc65b8: client state: MBEDTLS_SSL_SERVER_CERTIFICATE

I (4601) mbedtls: ssl_tls.c:7077 0x3ffc65b8: => parse certificate

I (4601) mbedtls: ssl_msg.c:4040 0x3ffc65b8: => read record

I (4601) mbedtls: ssl_msg.c:1865 0x3ffc65b8: => fetch input

I (4601) mbedtls: ssl_msg.c:2005 0x3ffc65b8: in_left: 0, nb_want: 5

I (4601) mbedtls: ssl_msg.c:2025 0x3ffc65b8: in_left: 0, nb_want: 5

I (4601) mbedtls: ssl_msg.c:2028 0x3ffc65b8: ssl->f_recv(_timeout)() returned 5 (-0xfffffffb)

I (4601) mbedtls: ssl_msg.c:2050 0x3ffc65b8: <= fetch input

D (4601) mbedtls: ssl_msg.c:3707 0x3ffc65b8: input record: msgtype = 22, version = [0x303], msglen = 394

I (4601) mbedtls: ssl_msg.c:1865 0x3ffc65b8: => fetch input

I (4601) mbedtls: ssl_msg.c:2005 0x3ffc65b8: in_left: 5, nb_want: 399

I (4601) mbedtls: ssl_msg.c:2025 0x3ffc65b8: in_left: 5, nb_want: 399

I (4601) mbedtls: ssl_msg.c:2028 0x3ffc65b8: ssl->f_recv(_timeout)() returned 394 (-0xfffffe76)

I (4601) mbedtls: ssl_msg.c:2050 0x3ffc65b8: <= fetch input

D (4601) mbedtls: ssl_msg.c:2948 0x3ffc65b8: handshake message: msglen = 394, type = 11, hslen = 394

D (4601) mbedtls: ssl_msg.c:3085 0x3ffc65b8: sole handshake fragment: 394, 0..394 of 394

I (4601) mbedtls: ssl_msg.c:4112 0x3ffc65b8: <= read record

D (4611) mbedtls: ssl_tls.c:6952 0x3ffc65b8: peer certificate #1:

D (4611) mbedtls: ssl_tls.c:6952 0x3ffc65b8: cert. version     : 3

D (4611) mbedtls: ssl_tls.c:6952 0x3ffc65b8: serial number     : 37:09:43:D4:1C:61:C3:A2:0B:22:A6:A0:1B:48:94:F0:41:88:C9:23

D (4611) mbedtls: ssl_tls.c:6952 0x3ffc65b8: issuer name       : CN=localhost

D (4611) mbedtls: ssl_tls.c:6952 0x3ffc65b8: subject name      : CN=localhost

D (4611) mbedtls: ssl_tls.c:6952 0x3ffc65b8: issued  on        : 2026-08-26 20:20:30

D (4611) mbedtls: ssl_tls.c:6952 0x3ffc65b8: expires on        : 2026-09-25 20:20:30

D (4611) mbedtls: ssl_tls.c:6952 0x3ffc65b8: signed using      : ECDSA with SHA256

D (4611) mbedtls: ssl_tls.c:6952 0x3ffc65b8: EC key size       : 256 bits

D (4611) mbedtls: ssl_tls.c:6952 0x3ffc65b8: basic constraints : CA=true

D (4611) mbedtls: ssl_tls.c:6952 0x3ffc65b8: dumping 'crt->PK' (65 bytes)

D (4611) mbedtls: ssl_tls.c:6952 0x3ffc65b8: 0000:  04 54 0e ba b5 7b 25 1b f2 9f 2d 96 f4 93 cd 8f

D (4611) mbedtls: ssl_tls.c:6952 0x3ffc65b8: 0010:  49 17 f1 f8 43 fd ec ae 5d 41 e9 f4 92 ac 22 e6

D (4611) mbedtls: ssl_tls.c:6952 0x3ffc65b8: 0020:  63 ac 57 44 3b f6 9e c0 c8 9f 49 85 41 d2 5d 63

D (4611) mbedtls: ssl_tls.c:6952 0x3ffc65b8: 0030:  06 98 de f8 fb 38 a5 80 7e 23 61 62 87 90 79 d7

D (4611) mbedtls: ssl_tls.c:6952 0x3ffc65b8: 0040:  84                                             

I (4611) mbedtls: ssl_tls.c:7191 0x3ffc65b8: <= parse certificate

D (4611) mbedtls: ssl_misc.h:1295 0x3ffc65b8: handshake state: 3 (MBEDTLS_SSL_SERVER_CERTIFICATE) -> 4 (MBEDTLS_SSL_SERVER_KEY_EXCHANGE)

I (4611) mbedtls: ssl_msg.c:2063 0x3ffc65b8: => flush output

I (4611) mbedtls: ssl_msg.c:2072 0x3ffc65b8: <= flush output

I (4611) mbedtls: ssl_tls.c:4201 0x3ffc65b8: client state: MBEDTLS_SSL_SERVER_KEY_EXCHANGE

I (4611) mbedtls: ssl_tls12_client.c:1831 0x3ffc65b8: => parse server key exchange

I (4611) mbedtls: ssl_msg.c:4040 0x3ffc65b8: => read record

I (4611) mbedtls: ssl_msg.c:1865 0x3ffc65b8: => fetch input

I (4611) mbedtls: ssl_msg.c:2005 0x3ffc65b8: in_left: 0, nb_want: 5

I (4611) mbedtls: ssl_msg.c:2025 0x3ffc65b8: in_left: 0, nb_want: 5

I (4611) mbedtls: ssl_msg.c:2028 0x3ffc65b8: ssl->f_recv(_timeout)() returned 5 (-0xfffffffb)

I (4611) mbedtls: ssl_msg.c:2050 0x3ffc65b8: <= fetch input

D (4611) mbedtls: ssl_msg.c:3707 0x3ffc65b8: input record: msgtype = 22, version = [0x303], msglen = 114

I (4611) mbedtls: ssl_msg.c:1865 0x3ffc65b8: => fetch input

I (4611) mbedtls: ssl_msg.c:2005 0x3ffc65b8: in_left: 5, nb_want: 119

I (4611) mbedtls: ssl_msg.c:2025 0x3ffc65b8: in_left: 5, nb_want: 119

I (4611) mbedtls: ssl_msg.c:2028 0x3ffc65b8: ssl->f_recv(_timeout)() returned 114 (-0xffffff8e)

I (4611) mbedtls: ssl_msg.c:2050 0x3ffc65b8: <= fetch input

D (4611) mbedtls: ssl_msg.c:2948 0x3ffc65b8: handshake message: msglen = 114, type = 12, hslen = 114

D (4611) mbedtls: ssl_msg.c:3085 0x3ffc65b8: sole handshake fragment: 114, 0..114 of 114

I (4611) mbedtls: ssl_msg.c:4112 0x3ffc65b8: <= read record

D (4611) mbedtls: ssl_tls12_client.c:1885 0x3ffc65b8: dumping 'server key exchange' (110 bytes)

D (4611) mbedtls: ssl_tls12_client.c:1885 0x3ffc65b8: 0000:  03 00 1d 20 e5 67 8d 97 08 80 1e 8a 7d a9 bf 33  ... .g......}..3

D (4611) mbedtls: ssl_tls12_client.c:1885 0x3ffc65b8: 0010:  81 89 46 4c f3 cb f0 de e6 24 cf 8b 34 aa d5 31  ..FL.....$..4..1

D (4611) mbedtls: ssl_tls12_client.c:1885 0x3ffc65b8: 0020:  b8 7d a4 36 06 03 00 46 30 44 02 20 05 26 7f 41  .}.6...F0D. .&.A

D (4611) mbedtls: ssl_tls12_client.c:1885 0x3ffc65b8: 0030:  aa 6d bd d3 b2 5f 4d b4 9a 5b 3f d7 7e 78 4d 19  .m..._M..[?.~xM.

D (4611) mbedtls: ssl_tls12_client.c:1885 0x3ffc65b8: 0040:  91 3b 3c e6 e6 12 5f e9 65 2e fd 2a 02 20 20 15  .;<..._.e..*.  .

D (4621) mbedtls: ssl_tls12_client.c:1885 0x3ffc65b8: 0050:  ff a5 5b c3 fb b4 e1 e3 29 d0 ed 85 e0 4b 17 a0  ..[.....)....K..

D (4621) mbedtls: ssl_tls12_client.c:1885 0x3ffc65b8: 0060:  65 1c 01 0a 4a 35 43 d5 8b 86 5d ce 52 f7        e...J5C...].R.

I (4621) mbedtls: ssl_tls12_client.c:1815 0x3ffc65b8: Server used the signature algorithm ecdsa_secp521r1_sha512

D (4621) mbedtls: ssl_tls12_client.c:2047 0x3ffc65b8: dumping 'signature' (70 bytes)

D (4621) mbedtls: ssl_tls12_client.c:2047 0x3ffc65b8: 0000:  30 44 02 20 05 26 7f 41 aa 6d bd d3 b2 5f 4d b4  0D. .&.A.m..._M.

D (4621) mbedtls: ssl_tls12_client.c:2047 0x3ffc65b8: 0010:  9a 5b 3f d7 7e 78 4d 19 91 3b 3c e6 e6 12 5f e9  .[?.~xM..;<..._.

D (4621) mbedtls: ssl_tls12_client.c:2047 0x3ffc65b8: 0020:  65 2e fd 2a 02 20 20 15 ff a5 5b c3 fb b4 e1 e3  e..*.  ...[.....

D (4621) mbedtls: ssl_tls12_client.c:2047 0x3ffc65b8: 0030:  29 d0 ed 85 e0 4b 17 a0 65 1c 01 0a 4a 35 43 d5  )....K..e...J5C.

D (4621) mbedtls: ssl_tls12_client.c:2047 0x3ffc65b8: 0040:  8b 86 5d ce 52 f7                                ..].R.

D (4621) mbedtls: ssl_tls.c:8082 0x3ffc65b8: Perform PSA-based computation of digest of ServerKeyExchange

D (4621) mbedtls: ssl_tls12_client.c:2064 0x3ffc65b8: dumping 'parameters hash' (64 bytes)

D (4621) mbedtls: ssl_tls12_client.c:2064 0x3ffc65b8: 0000:  17 78 c9 bd 4a ea 67 5c 7f 63 b4 59 59 63 42 29  .x..J.g\.c.YYcB)

D (4621) mbedtls: ssl_tls12_client.c:2064 0x3ffc65b8: 0010:  c2 cb 7f cb 80 a2 b4 f0 1b d4 d5 76 e8 e4 8b a4  ...........v....

D (4621) mbedtls: ssl_tls12_client.c:2064 0x3ffc65b8: 0020:  62 96 6b 03 5a de c6 c2 f6 db 78 ad 3b 67 2b a5  b.k.Z.....x.;g+.

D (4621) mbedtls: ssl_tls12_client.c:2064 0x3ffc65b8: 0030:  a5 a1 59 ed da 2c 32 e7 c9 14 c3 9e 79 48 cd 60  ..Y..,2.....yH.`

[mem-tick] t=    3174 ms phase=handshake    free=196424
D (4731) mbedtls: ssl_misc.h:1295 0x3ffc65b8: handshake state: 4 (MBEDTLS_SSL_SERVER_KEY_EXCHANGE) -> 5 (MBEDTLS_SSL_CERTIFICATE_REQUEST)

I (4731) mbedtls: ssl_tls12_client.c:2118 0x3ffc65b8: <= parse server key exchange

I (4731) mbedtls: ssl_msg.c:2063 0x3ffc65b8: => flush output

I (4731) mbedtls: ssl_msg.c:2072 0x3ffc65b8: <= flush output

I (4731) mbedtls: ssl_tls.c:4201 0x3ffc65b8: client state: MBEDTLS_SSL_CERTIFICATE_REQUEST

I (4731) mbedtls: ssl_tls12_client.c:2157 0x3ffc65b8: => parse certificate request

I (4731) mbedtls: ssl_msg.c:4040 0x3ffc65b8: => read record

I (4731) mbedtls: ssl_msg.c:1865 0x3ffc65b8: => fetch input

I (4731) mbedtls: ssl_msg.c:2005 0x3ffc65b8: in_left: 0, nb_want: 5

I (4731) mbedtls: ssl_msg.c:2025 0x3ffc65b8: in_left: 0, nb_want: 5

I (4731) mbedtls: ssl_msg.c:2028 0x3ffc65b8: ssl->f_recv(_timeout)() returned 5 (-0xfffffffb)

I (4731) mbedtls: ssl_msg.c:2050 0x3ffc65b8: <= fetch input

D (4731) mbedtls: ssl_msg.c:3707 0x3ffc65b8: input record: msgtype = 22, version = [0x303], msglen = 4

I (4731) mbedtls: ssl_msg.c:1865 0x3ffc65b8: => fetch input

I (4731) mbedtls: ssl_msg.c:2005 0x3ffc65b8: in_left: 5, nb_want: 9

I (4731) mbedtls: ssl_msg.c:2025 0x3ffc65b8: in_left: 5, nb_want: 9

I (4731) mbedtls: ssl_msg.c:2028 0x3ffc65b8: ssl->f_recv(_timeout)() returned 4 (-0xfffffffc)

I (4731) mbedtls: ssl_msg.c:2050 0x3ffc65b8: <= fetch input

D (4731) mbedtls: ssl_msg.c:2948 0x3ffc65b8: handshake message: msglen = 4, type = 14, hslen = 4

D (4731) mbedtls: ssl_msg.c:3085 0x3ffc65b8: sole handshake fragment: 4, 0..4 of 4

I (4731) mbedtls: ssl_msg.c:4112 0x3ffc65b8: <= read record

D (4731) mbedtls: ssl_misc.h:1295 0x3ffc65b8: handshake state: 5 (MBEDTLS_SSL_CERTIFICATE_REQUEST) -> 6 (MBEDTLS_SSL_SERVER_HELLO_DONE)

D (4731) mbedtls: ssl_tls12_client.c:2183 0x3ffc65b8: got no certificate request

I (4731) mbedtls: ssl_tls12_client.c:2319 0x3ffc65b8: <= parse certificate request

I (4731) mbedtls: ssl_msg.c:2063 0x3ffc65b8: => flush output

I (4731) mbedtls: ssl_msg.c:2072 0x3ffc65b8: <= flush output

I (4731) mbedtls: ssl_tls.c:4201 0x3ffc65b8: client state: MBEDTLS_SSL_SERVER_HELLO_DONE

I (4731) mbedtls: ssl_tls12_client.c:2330 0x3ffc65b8: => parse server hello done

I (4731) mbedtls: ssl_msg.c:4040 0x3ffc65b8: => read record

I (4731) mbedtls: ssl_msg.c:4108 0x3ffc65b8: reuse previously read message

I (4731) mbedtls: ssl_msg.c:4112 0x3ffc65b8: <= read record

D (4731) mbedtls: ssl_misc.h:1295 0x3ffc65b8: handshake state: 6 (MBEDTLS_SSL_SERVER_HELLO_DONE) -> 7 (MBEDTLS_SSL_CLIENT_CERTIFICATE)

I (4731) mbedtls: ssl_tls12_client.c:2358 0x3ffc65b8: <= parse server hello done

I (4731) mbedtls: ssl_msg.c:2063 0x3ffc65b8: => flush output

I (4731) mbedtls: ssl_msg.c:2072 0x3ffc65b8: <= flush output

I (4731) mbedtls: ssl_tls.c:4201 0x3ffc65b8: client state: MBEDTLS_SSL_CLIENT_CERTIFICATE

I (4731) mbedtls: ssl_tls.c:6675 0x3ffc65b8: => write certificate

I (4731) mbedtls: ssl_tls.c:6686 0x3ffc65b8: <= skip write certificate

D (4731) mbedtls: ssl_misc.h:1295 0x3ffc65b8: handshake state: 7 (MBEDTLS_SSL_CLIENT_CERTIFICATE) -> 8 (MBEDTLS_SSL_CLIENT_KEY_EXCHANGE)

I (4731) mbedtls: ssl_msg.c:2063 0x3ffc65b8: => flush output

I (4731) mbedtls: ssl_msg.c:2072 0x3ffc65b8: <= flush output

I (4741) mbedtls: ssl_tls.c:4201 0x3ffc65b8: client state: MBEDTLS_SSL_CLIENT_KEY_EXCHANGE

I (4741) mbedtls: ssl_tls12_client.c:2373 0x3ffc65b8: => write client key exchange

D (4741) mbedtls: ssl_tls12_client.c:2387 0x3ffc65b8: Perform PSA-based ECDH computation.

[mem-tick] t=    3274 ms phase=handshake    free=198464
[mem-tick] t=    3374 ms phase=handshake    free=198016
D (4881) mbedtls: ssl_misc.h:1295 0x3ffc65b8: handshake state: 8 (MBEDTLS_SSL_CLIENT_KEY_EXCHANGE) -> 9 (MBEDTLS_SSL_CERTIFICATE_VERIFY)

I (4881) mbedtls: ssl_msg.c:2494 0x3ffc65b8: => write handshake message

I (4881) mbedtls: ssl_msg.c:2654 0x3ffc65b8: => write record

D (4881) mbedtls: ssl_msg.c:2737 0x3ffc65b8: output record: msgtype = 22, version = [3:3], msglen = 37

I (4881) mbedtls: ssl_msg.c:2063 0x3ffc65b8: => flush output

I (4881) mbedtls: ssl_msg.c:2077 0x3ffc65b8: message length: 42, out_left: 42

I (4881) mbedtls: ssl_msg.c:2084 0x3ffc65b8: ssl->f_send() returned 42 (-0xffffffd6)

I (4881) mbedtls: ssl_msg.c:2111 0x3ffc65b8: <= flush output

I (4881) mbedtls: ssl_msg.c:2790 0x3ffc65b8: <= write record

I (4881) mbedtls: ssl_msg.c:2615 0x3ffc65b8: <= write handshake message

I (4881) mbedtls: ssl_tls12_client.c:2653 0x3ffc65b8: <= write client key exchange

I (4881) mbedtls: ssl_msg.c:2063 0x3ffc65b8: => flush output

I (4881) mbedtls: ssl_msg.c:2072 0x3ffc65b8: <= flush output

I (4881) mbedtls: ssl_tls.c:4201 0x3ffc65b8: client state: MBEDTLS_SSL_CERTIFICATE_VERIFY

I (4881) mbedtls: ssl_tls12_client.c:2701 0x3ffc65b8: => write certificate verify

I (4881) mbedtls: ssl_tls.c:6466 0x3ffc65b8: => derive keys

I (4881) mbedtls: ssl_tls.c:6557 0x3ffc65b8: => PSA calc verify

D (4881) mbedtls: ssl_tls.c:6568 0x3ffc65b8: dumping 'PSA calculated verify result' (48 bytes)

D (4881) mbedtls: ssl_tls.c:6568 0x3ffc65b8: 0000:  bf 96 f6 1c a1 08 56 a7 bd b4 07 e4 d6 70 00 b3  ......V......p..

D (4881) mbedtls: ssl_tls.c:6568 0x3ffc65b8: 0010:  80 6e e0 b9 aa 4e 1d c6 6f 88 67 95 6d 94 49 36  .n...N..o.g.m.I6

D (4881) mbedtls: ssl_tls.c:6568 0x3ffc65b8: 0020:  4e 1b 0e 3a 71 17 a5 11 f4 89 8a 59 84 2f c0 43  N..:q......Y./.C

I (4881) mbedtls: ssl_tls.c:6569 0x3ffc65b8: <= PSA calc verify

D (4881) mbedtls: ssl_tls.c:6308 0x3ffc65b8: dumping 'session hash for extended master secret' (48 bytes)

D (4881) mbedtls: ssl_tls.c:6308 0x3ffc65b8: 0000:  bf 96 f6 1c a1 08 56 a7 bd b4 07 e4 d6 70 00 b3  ......V......p..

D (4881) mbedtls: ssl_tls.c:6308 0x3ffc65b8: 0010:  80 6e e0 b9 aa 4e 1d c6 6f 88 67 95 6d 94 49 36  .n...N..o.g.m.I6

D (4881) mbedtls: ssl_tls.c:6308 0x3ffc65b8: 0020:  4e 1b 0e 3a 71 17 a5 11 f4 89 8a 59 84 2f c0 43  N..:q......Y./.C

D (4891) mbedtls: ssl_tls.c:6449 0x3ffc65b8: dumping 'premaster secret' (32 bytes)

D (4891) mbedtls: ssl_tls.c:6449 0x3ffc65b8: 0000:  7d 96 c1 d1 88 7b b0 58 b6 80 5f d3 22 9e c5 f1  }....{.X.._."...

D (4891) mbedtls: ssl_tls.c:6449 0x3ffc65b8: 0010:  9a bb 27 ac fc a2 90 a1 4a de c2 f5 b0 dd 02 5e  ..'.....J......^

D (4891) mbedtls: ssl_tls.c:7762 0x3ffc65b8: ciphersuite = TLS-ECDHE-ECDSA-WITH-AES-256-GCM-SHA384

D (4891) mbedtls: ssl_tls.c:7764 0x3ffc65b8: dumping 'master secret' (48 bytes)

D (4891) mbedtls: ssl_tls.c:7764 0x3ffc65b8: 0000:  43 49 fd db 50 34 be 32 fa a4 9b a5 3f b5 12 b8  CI..P4.2....?...

D (4891) mbedtls: ssl_tls.c:7764 0x3ffc65b8: 0010:  9d b6 5e 4d 38 50 fb f0 3c b9 74 d3 05 5f 29 64  ..^M8P..<.t.._)d

D (4891) mbedtls: ssl_tls.c:7764 0x3ffc65b8: 0020:  9b bd c8 f4 a7 be 85 fa 67 25 19 c3 7f 0c 82 ad  ........g%......

D (4891) mbedtls: ssl_tls.c:7855 0x3ffc65b8: keylen: 32, minlen: 24, ivlen: 12, maclen: 0

I (4891) mbedtls: ssl_tls.c:6517 0x3ffc65b8: <= derive keys

I (4891) mbedtls: ssl_tls12_client.c:2723 0x3ffc65b8: <= skip write certificate verify

D (4891) mbedtls: ssl_misc.h:1295 0x3ffc65b8: handshake state: 9 (MBEDTLS_SSL_CERTIFICATE_VERIFY) -> 10 (MBEDTLS_SSL_CLIENT_CHANGE_CIPHER_SPEC)

I (4891) mbedtls: ssl_msg.c:2063 0x3ffc65b8: => flush output

I (4891) mbedtls: ssl_msg.c:2072 0x3ffc65b8: <= flush output

I (4891) mbedtls: ssl_tls.c:4201 0x3ffc65b8: client state: MBEDTLS_SSL_CLIENT_CHANGE_CIPHER_SPEC

I (4891) mbedtls: ssl_msg.c:5087 0x3ffc65b8: => write change cipher spec

D (4891) mbedtls: ssl_misc.h:1295 0x3ffc65b8: handshake state: 10 (MBEDTLS_SSL_CLIENT_CHANGE_CIPHER_SPEC) -> 11 (MBEDTLS_SSL_CLIENT_FINISHED)

I (4891) mbedtls: ssl_msg.c:2494 0x3ffc65b8: => write handshake message

I (4891) mbedtls: ssl_msg.c:2654 0x3ffc65b8: => write record

D (4891) mbedtls: ssl_msg.c:2737 0x3ffc65b8: output record: msgtype = 20, version = [3:3], msglen = 1

I (4891) mbedtls: ssl_msg.c:2063 0x3ffc65b8: => flush output

I (4891) mbedtls: ssl_msg.c:2077 0x3ffc65b8: message length: 6, out_left: 6

I (4891) mbedtls: ssl_msg.c:2084 0x3ffc65b8: ssl->f_send() returned 6 (-0xfffffffa)

I (4891) mbedtls: ssl_msg.c:2111 0x3ffc65b8: <= flush output

I (4891) mbedtls: ssl_msg.c:2790 0x3ffc65b8: <= write record

I (4891) mbedtls: ssl_msg.c:2615 0x3ffc65b8: <= write handshake message

I (4891) mbedtls: ssl_msg.c:5100 0x3ffc65b8: <= write change cipher spec

I (4891) mbedtls: ssl_msg.c:2063 0x3ffc65b8: => flush output

I (4891) mbedtls: ssl_msg.c:2072 0x3ffc65b8: <= flush output

I (4891) mbedtls: ssl_tls.c:4201 0x3ffc65b8: client state: MBEDTLS_SSL_CLIENT_FINISHED

I (4891) mbedtls: ssl_tls.c:7384 0x3ffc65b8: => write finished

I (4891) mbedtls: ssl_tls.c:7235 0x3ffc65b8: => calc PSA finished tls

D (4891) mbedtls: ssl_tls.c:7246 0x3ffc65b8: dumping 'PSA calculated padbuf' (48 bytes)

D (4891) mbedtls: ssl_tls.c:7246 0x3ffc65b8: 0000:  bf 96 f6 1c a1 08 56 a7 bd b4 07 e4 d6 70 00 b3  ......V......p..

D (4891) mbedtls: ssl_tls.c:7246 0x3ffc65b8: 0010:  80 6e e0 b9 aa 4e 1d c6 6f 88 67 95 6d 94 49 36  .n...N..o.g.m.I6

D (4891) mbedtls: ssl_tls.c:7246 0x3ffc65b8: 0020:  4e 1b 0e 3a 71 17 a5 11 f4 89 8a 59 84 2f c0 43  N..:q......Y./.C

D (4901) mbedtls: ssl_tls.c:7258 0x3ffc65b8: dumping 'calc finished result' (12 bytes)

D (4901) mbedtls: ssl_tls.c:7258 0x3ffc65b8: 0000:  61 62 bd fe 43 87 27 92 ee f7 67 07              ab..C.'...g.

I (4901) mbedtls: ssl_tls.c:7262 0x3ffc65b8: <= calc finished

D (4901) mbedtls: ssl_misc.h:1295 0x3ffc65b8: handshake state: 11 (MBEDTLS_SSL_CLIENT_FINISHED) -> 12 (MBEDTLS_SSL_SERVER_CHANGE_CIPHER_SPEC)

D (4901) mbedtls: ssl_tls.c:7434 0x3ffc65b8: switching to new transform spec for outbound data

I (4901) mbedtls: ssl_msg.c:2494 0x3ffc65b8: => write handshake message

I (4901) mbedtls: ssl_msg.c:2654 0x3ffc65b8: => write record

I (4901) mbedtls: ssl_msg.c:808 0x3ffc65b8: => encrypt buf

D (4901) mbedtls: ssl_msg.c:1036 0x3ffc65b8: before encrypt: msglen = 16, including 0 bytes of padding

I (4901) mbedtls: ssl_msg.c:1265 0x3ffc65b8: <= encrypt buf

D (4901) mbedtls: ssl_msg.c:2737 0x3ffc65b8: output record: msgtype = 22, version = [3:3], msglen = 40

I (4901) mbedtls: ssl_msg.c:2063 0x3ffc65b8: => flush output

I (4901) mbedtls: ssl_msg.c:2077 0x3ffc65b8: message length: 45, out_left: 45

I (4901) mbedtls: ssl_msg.c:2084 0x3ffc65b8: ssl->f_send() returned 45 (-0xffffffd3)

I (4901) mbedtls: ssl_msg.c:2111 0x3ffc65b8: <= flush output

I (4901) mbedtls: ssl_msg.c:2790 0x3ffc65b8: <= write record

I (4901) mbedtls: ssl_msg.c:2615 0x3ffc65b8: <= write handshake message

I (4901) mbedtls: ssl_tls.c:7487 0x3ffc65b8: <= write finished

I (4901) mbedtls: ssl_msg.c:2063 0x3ffc65b8: => flush output

I (4901) mbedtls: ssl_msg.c:2072 0x3ffc65b8: <= flush output

I (4901) mbedtls: ssl_tls.c:4201 0x3ffc65b8: client state: MBEDTLS_SSL_SERVER_CHANGE_CIPHER_SPEC

D (4901) mbedtls: ssl_misc.h:1295 0x3ffc65b8: handshake state: 12 (MBEDTLS_SSL_SERVER_CHANGE_CIPHER_SPEC) -> 16 (MBEDTLS_SSL_NEW_SESSION_TICKET)

I (4901) mbedtls: ssl_tls12_client.c:2829 0x3ffc65b8: => parse new session ticket

I (4901) mbedtls: ssl_msg.c:4040 0x3ffc65b8: => read record

I (4911) mbedtls: ssl_msg.c:1865 0x3ffc65b8: => fetch input

I (4911) mbedtls: ssl_msg.c:2005 0x3ffc65b8: in_left: 0, nb_want: 5

I (4911) mbedtls: ssl_msg.c:2025 0x3ffc65b8: in_left: 0, nb_want: 5

I (4911) mbedtls: ssl_msg.c:2028 0x3ffc65b8: ssl->f_recv(_timeout)() returned 5 (-0xfffffffb)

I (4911) mbedtls: ssl_msg.c:2050 0x3ffc65b8: <= fetch input

D (4911) mbedtls: ssl_msg.c:3707 0x3ffc65b8: input record: msgtype = 22, version = [0x303], msglen = 186

I (4911) mbedtls: ssl_msg.c:1865 0x3ffc65b8: => fetch input

I (4911) mbedtls: ssl_msg.c:2005 0x3ffc65b8: in_left: 5, nb_want: 191

I (4911) mbedtls: ssl_msg.c:2025 0x3ffc65b8: in_left: 5, nb_want: 191

I (4911) mbedtls: ssl_msg.c:2028 0x3ffc65b8: ssl->f_recv(_timeout)() returned 186 (-0xffffff46)

I (4911) mbedtls: ssl_msg.c:2050 0x3ffc65b8: <= fetch input

D (4911) mbedtls: ssl_msg.c:2948 0x3ffc65b8: handshake message: msglen = 186, type = 4, hslen = 186

D (4911) mbedtls: ssl_msg.c:3085 0x3ffc65b8: sole handshake fragment: 186, 0..186 of 186

I (4911) mbedtls: ssl_msg.c:4112 0x3ffc65b8: <= read record

D (4921) mbedtls: ssl_tls12_client.c:2876 0x3ffc65b8: ticket length: 176

D (4921) mbedtls: ssl_misc.h:1295 0x3ffc65b8: handshake state: 16 (MBEDTLS_SSL_NEW_SESSION_TICKET) -> 12 (MBEDTLS_SSL_SERVER_CHANGE_CIPHER_SPEC)

D (4921) mbedtls: ssl_tls12_client.c:2920 0x3ffc65b8: ticket in use, discarding session id

I (4921) mbedtls: ssl_tls12_client.c:2923 0x3ffc65b8: <= parse new session ticket

I (4921) mbedtls: ssl_msg.c:2063 0x3ffc65b8: => flush output

I (4921) mbedtls: ssl_msg.c:2072 0x3ffc65b8: <= flush output

I (4921) mbedtls: ssl_tls.c:4201 0x3ffc65b8: client state: MBEDTLS_SSL_SERVER_CHANGE_CIPHER_SPEC

I (4921) mbedtls: ssl_msg.c:5109 0x3ffc65b8: => parse change cipher spec

I (4921) mbedtls: ssl_msg.c:4040 0x3ffc65b8: => read record

I (4921) mbedtls: ssl_msg.c:1865 0x3ffc65b8: => fetch input

I (4921) mbedtls: ssl_msg.c:2005 0x3ffc65b8: in_left: 0, nb_want: 5

I (4921) mbedtls: ssl_msg.c:2025 0x3ffc65b8: in_left: 0, nb_want: 5

I (4921) mbedtls: ssl_msg.c:2028 0x3ffc65b8: ssl->f_recv(_timeout)() returned 5 (-0xfffffffb)

I (4921) mbedtls: ssl_msg.c:2050 0x3ffc65b8: <= fetch input

D (4921) mbedtls: ssl_msg.c:3707 0x3ffc65b8: input record: msgtype = 20, version = [0x303], msglen = 1

I (4921) mbedtls: ssl_msg.c:1865 0x3ffc65b8: => fetch input

I (4921) mbedtls: ssl_msg.c:2005 0x3ffc65b8: in_left: 5, nb_want: 6

I (4921) mbedtls: ssl_msg.c:2025 0x3ffc65b8: in_left: 5, nb_want: 6

I (4921) mbedtls: ssl_msg.c:2028 0x3ffc65b8: ssl->f_recv(_timeout)() returned 1 (-0xffffffff)

I (4931) mbedtls: ssl_msg.c:2050 0x3ffc65b8: <= fetch input

I (4931) mbedtls: ssl_msg.c:4112 0x3ffc65b8: <= read record

D (4931) mbedtls: ssl_msg.c:5130 0x3ffc65b8: switching to new transform spec for inbound data

D (4931) mbedtls: ssl_misc.h:1295 0x3ffc65b8: handshake state: 12 (MBEDTLS_SSL_SERVER_CHANGE_CIPHER_SPEC) -> 13 (MBEDTLS_SSL_SERVER_FINISHED)

I (4931) mbedtls: ssl_msg.c:5157 0x3ffc65b8: <= parse change cipher spec

I (4931) mbedtls: ssl_msg.c:2063 0x3ffc65b8: => flush output

I (4931) mbedtls: ssl_msg.c:2072 0x3ffc65b8: <= flush output

I (4931) mbedtls: ssl_tls.c:4201 0x3ffc65b8: client state: MBEDTLS_SSL_SERVER_FINISHED

I (4931) mbedtls: ssl_tls.c:7500 0x3ffc65b8: => parse finished

I (4931) mbedtls: ssl_tls.c:7235 0x3ffc65b8: => calc PSA finished tls

D (4931) mbedtls: ssl_tls.c:7246 0x3ffc65b8: dumping 'PSA calculated padbuf' (48 bytes)

D (4931) mbedtls: ssl_tls.c:7246 0x3ffc65b8: 0000:  d9 c9 38 37 f4 6d a5 bf 3e 21 a0 5a b4 d9 3e e4  ..87.m..>!.Z..>.

D (4931) mbedtls: ssl_tls.c:7246 0x3ffc65b8: 0010:  cd 7d 75 9c f8 57 f8 12 10 19 62 53 aa 39 11 42  .}u..W....bS.9.B

D (4931) mbedtls: ssl_tls.c:7246 0x3ffc65b8: 0020:  33 f7 2d 3f 50 d2 d4 5a cf 7f 68 70 ab d5 f5 c2  3.-?P..Z..hp....

D (4931) mbedtls: ssl_tls.c:7258 0x3ffc65b8: dumping 'calc finished result' (12 bytes)

D (4931) mbedtls: ssl_tls.c:7258 0x3ffc65b8: 0000:  ed af 4a 4c 7f 9e f8 02 89 c0 ff be              ..JL........

I (4931) mbedtls: ssl_tls.c:7262 0x3ffc65b8: <= calc finished

I (4941) mbedtls: ssl_msg.c:4040 0x3ffc65b8: => read record

I (4941) mbedtls: ssl_msg.c:1865 0x3ffc65b8: => fetch input

I (4941) mbedtls: ssl_msg.c:2005 0x3ffc65b8: in_left: 0, nb_want: 5

I (4941) mbedtls: ssl_msg.c:2025 0x3ffc65b8: in_left: 0, nb_want: 5

I (4941) mbedtls: ssl_msg.c:2028 0x3ffc65b8: ssl->f_recv(_timeout)() returned 5 (-0xfffffffb)

I (4941) mbedtls: ssl_msg.c:2050 0x3ffc65b8: <= fetch input

D (4941) mbedtls: ssl_msg.c:3707 0x3ffc65b8: input record: msgtype = 22, version = [0x303], msglen = 40

I (4941) mbedtls: ssl_msg.c:1865 0x3ffc65b8: => fetch input

I (4941) mbedtls: ssl_msg.c:2005 0x3ffc65b8: in_left: 5, nb_want: 45

I (4941) mbedtls: ssl_msg.c:2025 0x3ffc65b8: in_left: 5, nb_want: 45

I (4941) mbedtls: ssl_msg.c:2028 0x3ffc65b8: ssl->f_recv(_timeout)() returned 40 (-0xffffffd8)

I (4941) mbedtls: ssl_msg.c:2050 0x3ffc65b8: <= fetch input

I (4941) mbedtls: ssl_msg.c:1301 0x3ffc65b8: => decrypt buf

I (4941) mbedtls: ssl_msg.c:1831 0x3ffc65b8: <= decrypt buf

D (4941) mbedtls: ssl_msg.c:2948 0x3ffc65b8: handshake message: msglen = 16, type = 20, hslen = 16

D (4941) mbedtls: ssl_msg.c:3085 0x3ffc65b8: sole handshake fragment: 16, 0..16 of 16

I (4941) mbedtls: ssl_msg.c:4112 0x3ffc65b8: <= read record

D (4951) mbedtls: ssl_misc.h:1295 0x3ffc65b8: handshake state: 13 (MBEDTLS_SSL_SERVER_FINISHED) -> 14 (MBEDTLS_SSL_FLUSH_BUFFERS)

I (4951) mbedtls: ssl_tls.c:7571 0x3ffc65b8: <= parse finished

I (4951) mbedtls: ssl_msg.c:2063 0x3ffc65b8: => flush output

I (4951) mbedtls: ssl_msg.c:2072 0x3ffc65b8: <= flush output

I (4951) mbedtls: ssl_tls.c:4201 0x3ffc65b8: client state: MBEDTLS_SSL_FLUSH_BUFFERS

I (4951) mbedtls: ssl_tls12_client.c:3031 0x3ffc65b8: handshake: done

D (4951) mbedtls: ssl_misc.h:1295 0x3ffc65b8: handshake state: 14 (MBEDTLS_SSL_FLUSH_BUFFERS) -> 15 (MBEDTLS_SSL_HANDSHAKE_WRAPUP)

I (4951) mbedtls: ssl_msg.c:2063 0x3ffc65b8: => flush output

I (4951) mbedtls: ssl_msg.c:2072 0x3ffc65b8: <= flush output

I (4951) mbedtls: ssl_tls.c:4201 0x3ffc65b8: client state: MBEDTLS_SSL_HANDSHAKE_WRAPUP

D (4951) mbedtls: ssl_tls.c:7322 0x3ffc65b8: => handshake wrapup

D (4951) mbedtls: ssl_tls.c:7296 0x3ffc65b8: => handshake wrapup: final free

D (4951) mbedtls: ssl_tls.c:7315 0x3ffc65b8: <= handshake wrapup: final free

D (4951) mbedtls: ssl_misc.h:1295 0x3ffc65b8: handshake state: 15 (MBEDTLS_SSL_HANDSHAKE_WRAPUP) -> 27 (MBEDTLS_SSL_HANDSHAKE_OVER)

D (4951) mbedtls: ssl_tls.c:7376 0x3ffc65b8: <= handshake wrapup

I (4951) mbedtls: ssl_tls.c:4293 0x3ffc65b8: <= handshake

[phase-a] tcp_connect=2262 us | tls_handshake=390263 us | total=392525 us
[neg] version=TLSv1.2 suite=TLS-ECDHE-ECDSA-WITH-AES-256-GCM-SHA384 peer_cert=0 bytes
[mem] post-handshake         free=201752 largest=110592 min-ever=192048
[ledger] HANDSHAKE_PEAK_DELTA(EC) = 0 bytes (min-ever 192048 -> 192048)
I (4951) mbedtls: ssl_msg.c:5925 0x3ffc65b8: => write

I (4951) mbedtls: ssl_msg.c:2654 0x3ffc65b8: => write record

I (4951) mbedtls: ssl_msg.c:808 0x3ffc65b8: => encrypt buf

D (4951) mbedtls: ssl_msg.c:1036 0x3ffc65b8: before encrypt: msglen = 14, including 0 bytes of padding

I (4951) mbedtls: ssl_msg.c:1265 0x3ffc65b8: <= encrypt buf

D (4951) mbedtls: ssl_msg.c:2737 0x3ffc65b8: output record: msgtype = 23, version = [3:3], msglen = 38

I (4951) mbedtls: ssl_msg.c:2063 0x3ffc65b8: => flush output

I (4951) mbedtls: ssl_msg.c:2077 0x3ffc65b8: message length: 43, out_left: 43

I (4951) mbedtls: ssl_msg.c:2084 0x3ffc65b8: ssl->f_send() returned 43 (-0xffffffd5)

I (4951) mbedtls: ssl_msg.c:2111 0x3ffc65b8: <= flush output

I (4951) mbedtls: ssl_msg.c:2790 0x3ffc65b8: <= write record

I (4951) mbedtls: ssl_msg.c:5947 0x3ffc65b8: <= write

I (4951) mbedtls: ssl_msg.c:5663 0x3ffc65b8: => read

I (4951) mbedtls: ssl_msg.c:4040 0x3ffc65b8: => read record

I (4951) mbedtls: ssl_msg.c:1865 0x3ffc65b8: => fetch input

I (4951) mbedtls: ssl_msg.c:2005 0x3ffc65b8: in_left: 0, nb_want: 5

I (4951) mbedtls: ssl_msg.c:2025 0x3ffc65b8: in_left: 0, nb_want: 5

I (4951) mbedtls: ssl_msg.c:2028 0x3ffc65b8: ssl->f_recv(_timeout)() returned 5 (-0xfffffffb)

I (4951) mbedtls: ssl_msg.c:2050 0x3ffc65b8: <= fetch input

D (4951) mbedtls: ssl_msg.c:3707 0x3ffc65b8: input record: msgtype = 23, version = [0x303], msglen = 38

I (4951) mbedtls: ssl_msg.c:1865 0x3ffc65b8: => fetch input

I (4951) mbedtls: ssl_msg.c:2005 0x3ffc65b8: in_left: 5, nb_want: 43

I (4951) mbedtls: ssl_msg.c:2025 0x3ffc65b8: in_left: 5, nb_want: 43

I (4951) mbedtls: ssl_msg.c:2028 0x3ffc65b8: ssl->f_recv(_timeout)() returned 38 (-0xffffffda)

I (4951) mbedtls: ssl_msg.c:2050 0x3ffc65b8: <= fetch input

I (4951) mbedtls: ssl_msg.c:1301 0x3ffc65b8: => decrypt buf

I (4951) mbedtls: ssl_msg.c:1831 0x3ffc65b8: <= decrypt buf

I (4951) mbedtls: ssl_msg.c:4112 0x3ffc65b8: <= read record

I (4951) mbedtls: ssl_msg.c:5823 0x3ffc65b8: <= read

[phase-a] app-echo #0 rtt=6152 us payload=14 B
I (4961) mbedtls: ssl_msg.c:5925 0x3ffc65b8: => write

I (4961) mbedtls: ssl_msg.c:2654 0x3ffc65b8: => write record

I (4961) mbedtls: ssl_msg.c:808 0x3ffc65b8: => encrypt buf

D (4961) mbedtls: ssl_msg.c:1036 0x3ffc65b8: before encrypt: msglen = 14, including 0 bytes of padding

I (4961) mbedtls: ssl_msg.c:1265 0x3ffc65b8: <= encrypt buf

D (4961) mbedtls: ssl_msg.c:2737 0x3ffc65b8: output record: msgtype = 23, version = [3:3], msglen = 38

I (4961) mbedtls: ssl_msg.c:2063 0x3ffc65b8: => flush output

I (4961) mbedtls: ssl_msg.c:2077 0x3ffc65b8: message length: 43, out_left: 43

I (4961) mbedtls: ssl_msg.c:2084 0x3ffc65b8: ssl->f_send() returned 43 (-0xffffffd5)

I (4961) mbedtls: ssl_msg.c:2111 0x3ffc65b8: <= flush output

I (4961) mbedtls: ssl_msg.c:2790 0x3ffc65b8: <= write record

I (4961) mbedtls: ssl_msg.c:5947 0x3ffc65b8: <= write

I (4961) mbedtls: ssl_msg.c:5663 0x3ffc65b8: => read

I (4961) mbedtls: ssl_msg.c:4040 0x3ffc65b8: => read record

I (4961) mbedtls: ssl_msg.c:1865 0x3ffc65b8: => fetch input

I (4961) mbedtls: ssl_msg.c:2005 0x3ffc65b8: in_left: 0, nb_want: 5

I (4961) mbedtls: ssl_msg.c:2025 0x3ffc65b8: in_left: 0, nb_want: 5

I (4961) mbedtls: ssl_msg.c:2028 0x3ffc65b8: ssl->f_recv(_timeout)() returned 5 (-0xfffffffb)

I (4961) mbedtls: ssl_msg.c:2050 0x3ffc65b8: <= fetch input

D (4961) mbedtls: ssl_msg.c:3707 0x3ffc65b8: input record: msgtype = 23, version = [0x303], msglen = 38

I (4961) mbedtls: ssl_msg.c:1865 0x3ffc65b8: => fetch input

I (4961) mbedtls: ssl_msg.c:2005 0x3ffc65b8: in_left: 5, nb_want: 43

I (4961) mbedtls: ssl_msg.c:2025 0x3ffc65b8: in_left: 5, nb_want: 43

I (4961) mbedtls: ssl_msg.c:2028 0x3ffc65b8: ssl->f_recv(_timeout)() returned 38 (-0xffffffda)

I (4961) mbedtls: ssl_msg.c:2050 0x3ffc65b8: <= fetch input

I (4961) mbedtls: ssl_msg.c:1301 0x3ffc65b8: => decrypt buf

I (4961) mbedtls: ssl_msg.c:1831 0x3ffc65b8: <= decrypt buf

I (4961) mbedtls: ssl_msg.c:4112 0x3ffc65b8: <= read record

I (4961) mbedtls: ssl_msg.c:5823 0x3ffc65b8: <= read

[phase-a] app-echo #1 rtt=5943 us payload=14 B
I (4961) mbedtls: ssl_msg.c:5925 0x3ffc65b8: => write

I (4961) mbedtls: ssl_msg.c:2654 0x3ffc65b8: => write record

I (4961) mbedtls: ssl_msg.c:808 0x3ffc65b8: => encrypt buf

D (4961) mbedtls: ssl_msg.c:1036 0x3ffc65b8: before encrypt: msglen = 14, including 0 bytes of padding

I (4961) mbedtls: ssl_msg.c:1265 0x3ffc65b8: <= encrypt buf

D (4961) mbedtls: ssl_msg.c:2737 0x3ffc65b8: output record: msgtype = 23, version = [3:3], msglen = 38

I (4961) mbedtls: ssl_msg.c:2063 0x3ffc65b8: => flush output

I (4961) mbedtls: ssl_msg.c:2077 0x3ffc65b8: message length: 43, out_left: 43

I (4961) mbedtls: ssl_msg.c:2084 0x3ffc65b8: ssl->f_send() returned 43 (-0xffffffd5)

I (4961) mbedtls: ssl_msg.c:2111 0x3ffc65b8: <= flush output

I (4961) mbedtls: ssl_msg.c:2790 0x3ffc65b8: <= write record

I (4961) mbedtls: ssl_msg.c:5947 0x3ffc65b8: <= write

I (4961) mbedtls: ssl_msg.c:5663 0x3ffc65b8: => read

I (4961) mbedtls: ssl_msg.c:4040 0x3ffc65b8: => read record

I (4961) mbedtls: ssl_msg.c:1865 0x3ffc65b8: => fetch input

I (4961) mbedtls: ssl_msg.c:2005 0x3ffc65b8: in_left: 0, nb_want: 5

I (4961) mbedtls: ssl_msg.c:2025 0x3ffc65b8: in_left: 0, nb_want: 5

I (4961) mbedtls: ssl_msg.c:2028 0x3ffc65b8: ssl->f_recv(_timeout)() returned 5 (-0xfffffffb)

I (4961) mbedtls: ssl_msg.c:2050 0x3ffc65b8: <= fetch input

D (4961) mbedtls: ssl_msg.c:3707 0x3ffc65b8: input record: msgtype = 23, version = [0x303], msglen = 38

I (4971) mbedtls: ssl_msg.c:1865 0x3ffc65b8: => fetch input

I (4971) mbedtls: ssl_msg.c:2005 0x3ffc65b8: in_left: 5, nb_want: 43

I (4971) mbedtls: ssl_msg.c:2025 0x3ffc65b8: in_left: 5, nb_want: 43

I (4971) mbedtls: ssl_msg.c:2028 0x3ffc65b8: ssl->f_recv(_timeout)() returned 38 (-0xffffffda)

I (4971) mbedtls: ssl_msg.c:2050 0x3ffc65b8: <= fetch input

I (4971) mbedtls: ssl_msg.c:1301 0x3ffc65b8: => decrypt buf

I (4971) mbedtls: ssl_msg.c:1831 0x3ffc65b8: <= decrypt buf

I (4971) mbedtls: ssl_msg.c:4112 0x3ffc65b8: <= read record

I (4971) mbedtls: ssl_msg.c:5823 0x3ffc65b8: <= read

[phase-a] app-echo #2 rtt=5783 us payload=14 B
I (4971) mbedtls: ssl_msg.c:5925 0x3ffc65b8: => write

I (4971) mbedtls: ssl_msg.c:2654 0x3ffc65b8: => write record

I (4971) mbedtls: ssl_msg.c:808 0x3ffc65b8: => encrypt buf

D (4971) mbedtls: ssl_msg.c:1036 0x3ffc65b8: before encrypt: msglen = 14, including 0 bytes of padding

I (4971) mbedtls: ssl_msg.c:1265 0x3ffc65b8: <= encrypt buf

D (4971) mbedtls: ssl_msg.c:2737 0x3ffc65b8: output record: msgtype = 23, version = [3:3], msglen = 38

I (4971) mbedtls: ssl_msg.c:2063 0x3ffc65b8: => flush output

I (4971) mbedtls: ssl_msg.c:2077 0x3ffc65b8: message length: 43, out_left: 43

I (4971) mbedtls: ssl_msg.c:2084 0x3ffc65b8: ssl->f_send() returned 43 (-0xffffffd5)

I (4971) mbedtls: ssl_msg.c:2111 0x3ffc65b8: <= flush output

I (4971) mbedtls: ssl_msg.c:2790 0x3ffc65b8: <= write record

I (4971) mbedtls: ssl_msg.c:5947 0x3ffc65b8: <= write

I (4971) mbedtls: ssl_msg.c:5663 0x3ffc65b8: => read

I (4971) mbedtls: ssl_msg.c:4040 0x3ffc65b8: => read record

I (4971) mbedtls: ssl_msg.c:1865 0x3ffc65b8: => fetch input

I (4971) mbedtls: ssl_msg.c:2005 0x3ffc65b8: in_left: 0, nb_want: 5

I (4971) mbedtls: ssl_msg.c:2025 0x3ffc65b8: in_left: 0, nb_want: 5

I (4971) mbedtls: ssl_msg.c:2028 0x3ffc65b8: ssl->f_recv(_timeout)() returned 5 (-0xfffffffb)

I (4971) mbedtls: ssl_msg.c:2050 0x3ffc65b8: <= fetch input

D (4971) mbedtls: ssl_msg.c:3707 0x3ffc65b8: input record: msgtype = 23, version = [0x303], msglen = 38

I (4971) mbedtls: ssl_msg.c:1865 0x3ffc65b8: => fetch input

I (4971) mbedtls: ssl_msg.c:2005 0x3ffc65b8: in_left: 5, nb_want: 43

I (4971) mbedtls: ssl_msg.c:2025 0x3ffc65b8: in_left: 5, nb_want: 43

I (4971) mbedtls: ssl_msg.c:2028 0x3ffc65b8: ssl->f_recv(_timeout)() returned 38 (-0xffffffda)

I (4971) mbedtls: ssl_msg.c:2050 0x3ffc65b8: <= fetch input

I (4971) mbedtls: ssl_msg.c:1301 0x3ffc65b8: => decrypt buf

I (4971) mbedtls: ssl_msg.c:1831 0x3ffc65b8: <= decrypt buf

I (4971) mbedtls: ssl_msg.c:4112 0x3ffc65b8: <= read record

I (4971) mbedtls: ssl_msg.c:5823 0x3ffc65b8: <= read

[phase-a] app-echo #3 rtt=5612 us payload=14 B
I (4971) mbedtls: ssl_msg.c:5925 0x3ffc65b8: => write

I (4971) mbedtls: ssl_msg.c:2654 0x3ffc65b8: => write record

I (4971) mbedtls: ssl_msg.c:808 0x3ffc65b8: => encrypt buf

D (4971) mbedtls: ssl_msg.c:1036 0x3ffc65b8: before encrypt: msglen = 14, including 0 bytes of padding

I (4971) mbedtls: ssl_msg.c:1265 0x3ffc65b8: <= encrypt buf

D (4971) mbedtls: ssl_msg.c:2737 0x3ffc65b8: output record: msgtype = 23, version = [3:3], msglen = 38

I (4971) mbedtls: ssl_msg.c:2063 0x3ffc65b8: => flush output

I (4971) mbedtls: ssl_msg.c:2077 0x3ffc65b8: message length: 43, out_left: 43

I (4971) mbedtls: ssl_msg.c:2084 0x3ffc65b8: ssl->f_send() returned 43 (-0xffffffd5)

I (4971) mbedtls: ssl_msg.c:2111 0x3ffc65b8: <= flush output

I (4971) mbedtls: ssl_msg.c:2790 0x3ffc65b8: <= write record

[mem-tick] t=    3472 ms phase=session      free=200180
I (4981) mbedtls: ssl_msg.c:5947 0x3ffc65b8: <= write

I (4981) mbedtls: ssl_msg.c:5663 0x3ffc65b8: => read

I (4981) mbedtls: ssl_msg.c:4040 0x3ffc65b8: => read record

I (4981) mbedtls: ssl_msg.c:1865 0x3ffc65b8: => fetch input

I (4981) mbedtls: ssl_msg.c:2005 0x3ffc65b8: in_left: 0, nb_want: 5

I (4981) mbedtls: ssl_msg.c:2025 0x3ffc65b8: in_left: 0, nb_want: 5

I (4981) mbedtls: ssl_msg.c:2028 0x3ffc65b8: ssl->f_recv(_timeout)() returned 5 (-0xfffffffb)

I (4981) mbedtls: ssl_msg.c:2050 0x3ffc65b8: <= fetch input

D (4981) mbedtls: ssl_msg.c:3707 0x3ffc65b8: input record: msgtype = 23, version = [0x303], msglen = 38

I (4981) mbedtls: ssl_msg.c:1865 0x3ffc65b8: => fetch input

I (4981) mbedtls: ssl_msg.c:2005 0x3ffc65b8: in_left: 5, nb_want: 43

I (4981) mbedtls: ssl_msg.c:2025 0x3ffc65b8: in_left: 5, nb_want: 43

I (4981) mbedtls: ssl_msg.c:2028 0x3ffc65b8: ssl->f_recv(_timeout)() returned 38 (-0xffffffda)

I (4981) mbedtls: ssl_msg.c:2050 0x3ffc65b8: <= fetch input

I (4981) mbedtls: ssl_msg.c:1301 0x3ffc65b8: => decrypt buf

I (4981) mbedtls: ssl_msg.c:1831 0x3ffc65b8: <= decrypt buf

I (4981) mbedtls: ssl_msg.c:4112 0x3ffc65b8: <= read record

I (4981) mbedtls: ssl_msg.c:5823 0x3ffc65b8: <= read

[phase-a] app-echo #4 rtt=5952 us payload=14 B
[mem] post-session           free=201752 largest=110592 min-ever=192048
[mem-tick] t=    3572 ms phase=closing      free=227716
[mem-tick] t=    3672 ms phase=closing      free=227716
[mem-tick] t=    3772 ms phase=closing      free=227716
[mem-tick] t=    3872 ms phase=closing      free=227716
[ledger] CLOSED(EC): free now=227716, before-this-phase=227716, retained=0
[mem-tick] t=    3972 ms phase=EC-settled   free=227716
[mem-tick] t=    4072 ms phase=EC-settled   free=227716
[mem-tick] t=    4172 ms phase=EC-settled   free=227716
[mem-tick] t=    4272 ms phase=EC-settled   free=227716
[mem] settled                free=227716 largest=110592 min-ever=192048

===== PHASE D: throughput plain-vs-tls (3 rounds interleaved, 1024B x 2048 msgs each) =====
W (5881) esp-tls-mbedtls: skip_common_name=true: hostname matching and SNI disabled. This disables ALL server-name authentication (CN/SAN/SNI), not just CN. Only intended for loopback / debug clients.
D (5881) esp-tls: handshake in progress...
I (5881) mbedtls: ssl_tls.c:4282 0x3ffc65b8: => handshake

I (5881) mbedtls: ssl_msg.c:2063 0x3ffc65b8: => flush output

I (5881) mbedtls: ssl_msg.c:2072 0x3ffc65b8: <= flush output

I (5881) mbedtls: ssl_tls.c:4201 0x3ffc65b8: client state: MBEDTLS_SSL_HELLO_REQUEST

D (5881) mbedtls: ssl_misc.h:1295 0x3ffc65b8: handshake state: 0 (MBEDTLS_SSL_HELLO_REQUEST) -> 1 (MBEDTLS_SSL_CLIENT_HELLO)

I (5881) mbedtls: ssl_msg.c:2063 0x3ffc65b8: => flush output

I (5881) mbedtls: ssl_msg.c:2072 0x3ffc65b8: <= flush output

I (5881) mbedtls: ssl_tls.c:4201 0x3ffc65b8: client state: MBEDTLS_SSL_CLIENT_HELLO

I (5881) mbedtls: ssl_client.c:917 0x3ffc65b8: => write client hello

D (5881) mbedtls: ssl_client.c:722 0x3ffc65b8: client hello, current time: 4

D (5881) mbedtls: ssl_client.c:485 0x3ffc65b8: dumping 'client hello, random bytes' (32 bytes)

D (5881) mbedtls: ssl_client.c:485 0x3ffc65b8: 0000:  00 00 00 04 7f de 94 98 9f 12 d9 7e a4 67 fa 5b  ...........~.g.[

D (5881) mbedtls: ssl_client.c:485 0x3ffc65b8: 0010:  36 72 fe 6c ad bf f6 6b 1f 48 a8 0b 6e 05 b9 a4  6r.l...k.H..n...

D (5881) mbedtls: ssl_client.c:510 0x3ffc65b8: dumping 'session id' (0 bytes)

D (5881) mbedtls: ssl_client.c:368 0x3ffc65b8: client hello, add ciphersuite: c02c, TLS-ECDHE-ECDSA-WITH-AES-256-GCM-SHA384

D (5881) mbedtls: ssl_client.c:368 0x3ffc65b8: client hello, add ciphersuite: c030, TLS-ECDHE-RSA-WITH-AES-256-GCM-SHA384

D (5881) mbedtls: ssl_client.c:368 0x3ffc65b8: client hello, add ciphersuite: c0ad, TLS-ECDHE-ECDSA-WITH-AES-256-CCM

D (5881) mbedtls: ssl_client.c:368 0x3ffc65b8: client hello, add ciphersuite: c024, TLS-ECDHE-ECDSA-WITH-AES-256-CBC-SHA384

D (5881) mbedtls: ssl_client.c:368 0x3ffc65b8: client hello, add ciphersuite: c028, TLS-ECDHE-RSA-WITH-AES-256-CBC-SHA384

D (5881) mbedtls: ssl_client.c:368 0x3ffc65b8: client hello, add ciphersuite: c00a, TLS-ECDHE-ECDSA-WITH-AES-256-CBC-SHA

D (5881) mbedtls: ssl_client.c:368 0x3ffc65b8: client hello, add ciphersuite: c014, TLS-ECDHE-RSA-WITH-AES-256-CBC-SHA

D (5881) mbedtls: ssl_client.c:368 0x3ffc65b8: client hello, add ciphersuite: c0af, TLS-ECDHE-ECDSA-WITH-AES-256-CCM-8

D (5881) mbedtls: ssl_client.c:368 0x3ffc65b8: client hello, add ciphersuite: c02b, TLS-ECDHE-ECDSA-WITH-AES-128-GCM-SHA256

D (5881) mbedtls: ssl_client.c:368 0x3ffc65b8: client hello, add ciphersuite: c02f, TLS-ECDHE-RSA-WITH-AES-128-GCM-SHA256

D (5881) mbedtls: ssl_client.c:368 0x3ffc65b8: client hello, add ciphersuite: c0ac, TLS-ECDHE-ECDSA-WITH-AES-128-CCM

D (5881) mbedtls: ssl_client.c:368 0x3ffc65b8: client hello, add ciphersuite: c023, TLS-ECDHE-ECDSA-WITH-AES-128-CBC-SHA256

D (5881) mbedtls: ssl_client.c:368 0x3ffc65b8: client hello, add ciphersuite: c027, TLS-ECDHE-RSA-WITH-AES-128-CBC-SHA256

D (5881) mbedtls: ssl_client.c:368 0x3ffc65b8: client hello, add ciphersuite: c009, TLS-ECDHE-ECDSA-WITH-AES-128-CBC-SHA

D (5881) mbedtls: ssl_client.c:368 0x3ffc65b8: client hello, add ciphersuite: c013, TLS-ECDHE-RSA-WITH-AES-128-CBC-SHA

D (5881) mbedtls: ssl_client.c:368 0x3ffc65b8: client hello, add ciphersuite: c0ae, TLS-ECDHE-ECDSA-WITH-AES-128-CCM-8

D (5881) mbedtls: ssl_client.c:386 0x3ffc65b8: adding EMPTY_RENEGOTIATION_INFO_SCSV

D (5881) mbedtls: ssl_client.c:395 0x3ffc65b8: client hello, got 17 cipher suites

D (5881) mbedtls: ssl_client.c:229 0x3ffc65b8: client hello, adding supported_groups extension

D (5881) mbedtls: ssl_client.c:248 0x3ffc65b8: got supported group(001d)

D (5881) mbedtls: ssl_client.c:280 0x3ffc65b8: NamedGroup: x25519 ( 1d )

D (5881) mbedtls: ssl_client.c:248 0x3ffc65b8: got supported group(0017)

D (5881) mbedtls: ssl_client.c:280 0x3ffc65b8: NamedGroup: secp256r1 ( 17 )

D (5881) mbedtls: ssl_client.c:248 0x3ffc65b8: got supported group(0018)

D (5881) mbedtls: ssl_client.c:280 0x3ffc65b8: NamedGroup: secp384r1 ( 18 )

D (5881) mbedtls: ssl_client.c:248 0x3ffc65b8: got supported group(001e)

D (5891) mbedtls: ssl_client.c:280 0x3ffc65b8: NamedGroup: x448 ( 1e )

D (5891) mbedtls: ssl_client.c:248 0x3ffc65b8: got supported group(0019)

D (5891) mbedtls: ssl_client.c:280 0x3ffc65b8: NamedGroup: secp521r1 ( 19 )

D (5891) mbedtls: ssl_client.c:248 0x3ffc65b8: got supported group(001a)

D (5891) mbedtls: ssl_client.c:280 0x3ffc65b8: NamedGroup: bp256r1 ( 1a )

D (5891) mbedtls: ssl_client.c:248 0x3ffc65b8: got supported group(001b)

D (5891) mbedtls: ssl_client.c:280 0x3ffc65b8: NamedGroup: bp384r1 ( 1b )

D (5891) mbedtls: ssl_client.c:248 0x3ffc65b8: got supported group(001c)

D (5891) mbedtls: ssl_client.c:280 0x3ffc65b8: NamedGroup: bp512r1 ( 1c )

D (5891) mbedtls: ssl_client.c:248 0x3ffc65b8: got supported group(0100)

D (5891) mbedtls: ssl_client.c:248 0x3ffc65b8: got supported group(0101)

D (5891) mbedtls: ssl_client.c:248 0x3ffc65b8: got supported group(0102)

D (5891) mbedtls: ssl_client.c:248 0x3ffc65b8: got supported group(0103)

D (5891) mbedtls: ssl_client.c:248 0x3ffc65b8: got supported group(0104)

D (5891) mbedtls: ssl_client.c:300 0x3ffc65b8: dumping 'Supported groups extension' (18 bytes)

D (5891) mbedtls: ssl_client.c:300 0x3ffc65b8: 0000:  00 10 00 1d 00 17 00 18 00 1e 00 19 00 1a 00 1b  ................

D (5891) mbedtls: ssl_client.c:300 0x3ffc65b8: 0010:  00 1c                                            ..

D (5891) mbedtls: ssl_tls.c:8276 0x3ffc65b8: adding signature_algorithms extension

D (5891) mbedtls: ssl_tls.c:8296 0x3ffc65b8: got signature scheme [603] ecdsa_secp521r1_sha512

D (5891) mbedtls: ssl_tls.c:8305 0x3ffc65b8: sent signature scheme [603] ecdsa_secp521r1_sha512

D (5891) mbedtls: ssl_tls.c:8296 0x3ffc65b8: got signature scheme [806] rsa_pss_rsae_sha512

D (5891) mbedtls: ssl_tls.c:8296 0x3ffc65b8: got signature scheme [601] rsa_pkcs1_sha512

D (5891) mbedtls: ssl_tls.c:8305 0x3ffc65b8: sent signature scheme [601] rsa_pkcs1_sha512

D (5891) mbedtls: ssl_tls.c:8296 0x3ffc65b8: got signature scheme [503] ecdsa_secp384r1_sha384

D (5891) mbedtls: ssl_tls.c:8305 0x3ffc65b8: sent signature scheme [503] ecdsa_secp384r1_sha384

D (5891) mbedtls: ssl_tls.c:8296 0x3ffc65b8: got signature scheme [805] rsa_pss_rsae_sha384

D (5891) mbedtls: ssl_tls.c:8296 0x3ffc65b8: got signature scheme [501] rsa_pkcs1_sha384

D (5891) mbedtls: ssl_tls.c:8305 0x3ffc65b8: sent signature scheme [501] rsa_pkcs1_sha384

D (5891) mbedtls: ssl_tls.c:8296 0x3ffc65b8: got signature scheme [403] ecdsa_secp256r1_sha256

D (5891) mbedtls: ssl_tls.c:8305 0x3ffc65b8: sent signature scheme [403] ecdsa_secp256r1_sha256

D (5891) mbedtls: ssl_tls.c:8296 0x3ffc65b8: got signature scheme [804] rsa_pss_rsae_sha256

D (5891) mbedtls: ssl_tls.c:8296 0x3ffc65b8: got signature scheme [401] rsa_pkcs1_sha256

D (5891) mbedtls: ssl_tls.c:8305 0x3ffc65b8: sent signature scheme [401] rsa_pkcs1_sha256

D (5891) mbedtls: ssl_tls12_client.c:103 0x3ffc65b8: client hello, adding supported_point_formats extension

D (5891) mbedtls: ssl_tls12_client.c:287 0x3ffc65b8: client hello, adding encrypt_then_mac extension

D (5891) mbedtls: ssl_tls12_client.c:319 0x3ffc65b8: client hello, adding extended_master_secret extension

D (5891) mbedtls: ssl_tls12_client.c:352 0x3ffc65b8: client hello, adding session ticket extension

D (5891) mbedtls: ssl_client.c:687 0x3ffc65b8: client hello, total extension length: 58

D (5891) mbedtls: ssl_client.c:689 0x3ffc65b8: dumping 'client hello extensions' (58 bytes)

D (5891) mbedtls: ssl_client.c:689 0x3ffc65b8: 0000:  00 3a 00 0a 00 12 00 10 00 1d 00 17 00 18 00 1e  .:..............

D (5891) mbedtls: ssl_client.c:689 0x3ffc65b8: 0010:  00 19 00 1a 00 1b 00 1c 00 0d 00 0e 00 0c 06 03  ................

D (5891) mbedtls: ssl_client.c:689 0x3ffc65b8: 0020:  06 01 05 03 05 01 04 03 04 01 00 0b 00 02 01 00  ................

D (5891) mbedtls: ssl_client.c:689 0x3ffc65b8: 0030:  00 16 00 00 00 17 00 00 00 23                    .........#

I (5891) mbedtls: ssl_msg.c:2494 0x3ffc65b8: => write handshake message

I (5891) mbedtls: ssl_msg.c:2654 0x3ffc65b8: => write record

D (5891) mbedtls: ssl_msg.c:2737 0x3ffc65b8: output record: msgtype = 22, version = [3:3], msglen = 137

I (5891) mbedtls: ssl_msg.c:2790 0x3ffc65b8: <= write record

I (5891) mbedtls: ssl_msg.c:2615 0x3ffc65b8: <= write handshake message

D (5891) mbedtls: ssl_misc.h:1295 0x3ffc65b8: handshake state: 1 (MBEDTLS_SSL_CLIENT_HELLO) -> 2 (MBEDTLS_SSL_SERVER_HELLO)

I (5891) mbedtls: ssl_client.c:1010 0x3ffc65b8: <= write client hello

I (5891) mbedtls: ssl_msg.c:2063 0x3ffc65b8: => flush output

D (5891) esp-tls-mbedtls: No custom cipher suites provided - using default
I (5891) mbedtls: ssl_msg.c:2077 0x3ffc65b8: message length: 142, out_left: 142

I (5891) mbedtls: ssl_tls.c:4282 0x3ffc713c: => handshake

I (5891) mbedtls: ssl_msg.c:2084 0x3ffc65b8: ssl->f_send() returned 142 (-0xffffff72)

[mem-tick] t=    4390 ms phase=thr-setup    free=194080
I (5891) mbedtls: ssl_msg.c:2111 0x3ffc65b8: <= flush output

I (5891) mbedtls: ssl_tls.c:4201 0x3ffc65b8: client state: MBEDTLS_SSL_SERVER_HELLO

I (5891) mbedtls: ssl_msg.c:2063 0x3ffc713c: => flush output

I (5901) mbedtls: ssl_tls12_client.c:1151 0x3ffc65b8: => parse server hello

I (5901) mbedtls: ssl_msg.c:4040 0x3ffc65b8: => read record

I (5901) mbedtls: ssl_msg.c:1865 0x3ffc65b8: => fetch input

I (5901) mbedtls: ssl_msg.c:2005 0x3ffc65b8: in_left: 0, nb_want: 5

I (5901) mbedtls: ssl_msg.c:2072 0x3ffc713c: <= flush output

I (5901) mbedtls: ssl_tls12_server.c:3429 0x3ffc713c: server state: 0

D (5901) mbedtls: ssl_misc.h:1295 0x3ffc713c: handshake state: 0 (MBEDTLS_SSL_HELLO_REQUEST) -> 1 (MBEDTLS_SSL_CLIENT_HELLO)

I (5901) mbedtls: ssl_msg.c:2063 0x3ffc713c: => flush output

I (5901) mbedtls: ssl_msg.c:2072 0x3ffc713c: <= flush output

I (5901) mbedtls: ssl_tls12_server.c:3429 0x3ffc713c: server state: 1

I (5901) mbedtls: ssl_tls12_server.c:870 0x3ffc713c: => parse client hello

I (5901) mbedtls: ssl_msg.c:4040 0x3ffc713c: => read record

I (5901) mbedtls: ssl_msg.c:1865 0x3ffc713c: => fetch input

I (5901) mbedtls: ssl_msg.c:2005 0x3ffc713c: in_left: 0, nb_want: 5

I (5901) mbedtls: ssl_msg.c:2025 0x3ffc713c: in_left: 0, nb_want: 5

I (5901) mbedtls: ssl_msg.c:2028 0x3ffc713c: ssl->f_recv(_timeout)() returned 5 (-0xfffffffb)

I (5901) mbedtls: ssl_msg.c:2050 0x3ffc713c: <= fetch input

D (5901) mbedtls: ssl_msg.c:3707 0x3ffc713c: input record: msgtype = 22, version = [0x303], msglen = 137

I (5901) mbedtls: ssl_msg.c:1865 0x3ffc713c: => fetch input

I (5901) mbedtls: ssl_msg.c:2005 0x3ffc713c: in_left: 5, nb_want: 142

I (5901) mbedtls: ssl_msg.c:2025 0x3ffc713c: in_left: 5, nb_want: 142

I (5901) mbedtls: ssl_msg.c:2028 0x3ffc713c: ssl->f_recv(_timeout)() returned 137 (-0xffffff77)

I (5901) mbedtls: ssl_msg.c:2050 0x3ffc713c: <= fetch input

D (5901) mbedtls: ssl_msg.c:2948 0x3ffc713c: handshake message: msglen = 137, type = 1, hslen = 137

D (5901) mbedtls: ssl_msg.c:3085 0x3ffc713c: sole handshake fragment: 137, 0..137 of 137

I (5901) mbedtls: ssl_msg.c:4112 0x3ffc713c: <= read record

D (5901) mbedtls: ssl_tls12_server.c:981 0x3ffc713c: dumping 'client hello, version' (2 bytes)

D (5901) mbedtls: ssl_tls12_server.c:981 0x3ffc713c: 0000:  03 03                                            ..

D (5901) mbedtls: ssl_tls12_server.c:998 0x3ffc713c: dumping 'client hello, random bytes' (32 bytes)

D (5901) mbedtls: ssl_tls12_server.c:998 0x3ffc713c: 0000:  00 00 00 04 7f de 94 98 9f 12 d9 7e a4 67 fa 5b  ...........~.g.[

D (5901) mbedtls: ssl_tls12_server.c:998 0x3ffc713c: 0010:  36 72 fe 6c ad bf f6 6b 1f 48 a8 0b 6e 05 b9 a4  6r.l...k.H..n...

D (5901) mbedtls: ssl_tls12_server.c:1015 0x3ffc713c: dumping 'client hello, session id' (0 bytes)

D (5901) mbedtls: ssl_tls12_server.c:1088 0x3ffc713c: dumping 'client hello, ciphersuitelist' (34 bytes)

D (5901) mbedtls: ssl_tls12_server.c:1088 0x3ffc713c: 0000:  c0 2c c0 30 c0 ad c0 24 c0 28 c0 0a c0 14 c0 af  .,.0...$.(......

D (5901) mbedtls: ssl_tls12_server.c:1088 0x3ffc713c: 0010:  c0 2b c0 2f c0 ac c0 23 c0 27 c0 09 c0 13 c0 ae  .+./...#.'......

D (5901) mbedtls: ssl_tls12_server.c:1088 0x3ffc713c: 0020:  00 ff                                            ..

D (5901) mbedtls: ssl_tls12_server.c:1110 0x3ffc713c: dumping 'client hello, compression' (1 bytes)

D (5901) mbedtls: ssl_tls12_server.c:1110 0x3ffc713c: 0000:  00                                               .

D (5901) mbedtls: ssl_tls12_server.c:1138 0x3ffc713c: dumping 'client hello extensions' (58 bytes)

D (5901) mbedtls: ssl_tls12_server.c:1138 0x3ffc713c: 0000:  00 0a 00 12 00 10 00 1d 00 17 00 18 00 1e 00 19  ................

D (5901) mbedtls: ssl_tls12_server.c:1138 0x3ffc713c: 0010:  00 1a 00 1b 00 1c 00 0d 00 0e 00 0c 06 03 06 01  ................

D (5901) mbedtls: ssl_tls12_server.c:1138 0x3ffc713c: 0020:  05 03 05 01 04 03 04 01 00 0b 00 02 01 00 00 16  ................

D (5901) mbedtls: ssl_tls12_server.c:1138 0x3ffc713c: 0030:  00 00 00 17 00 00 00 23 00 00                    .......#..

D (5901) mbedtls: ssl_tls12_server.c:1199 0x3ffc713c: found supported elliptic curves extension

D (5901) mbedtls: ssl_tls12_server.c:1184 0x3ffc713c: found signature_algorithms extension

D (5911) mbedtls: ssl_tls12_server.c:1208 0x3ffc713c: found supported point formats extension

D (5911) mbedtls: ssl_tls12_server.c:1255 0x3ffc713c: found encrypt then mac extension

D (5911) mbedtls: ssl_tls12_server.c:1266 0x3ffc713c: found extended master secret extension

D (5911) mbedtls: ssl_tls12_server.c:1277 0x3ffc713c: found session ticket extension

D (5911) mbedtls: ssl_tls12_server.c:1356 0x3ffc713c: received TLS_EMPTY_RENEGOTIATION_INFO 

D (5911) mbedtls: ssl_tls12_server.c:768 0x3ffc713c: trying ciphersuite: 0xc02c (TLS-ECDHE-ECDSA-WITH-AES-256-GCM-SHA384)

D (5911) mbedtls: ssl_tls12_server.c:677 0x3ffc713c: ciphersuite requires certificate

D (5911) mbedtls: ssl_tls12_server.c:686 0x3ffc713c: candidate certificate chain, certificate #1:

D (5911) mbedtls: ssl_tls12_server.c:686 0x3ffc713c: cert. version     : 3

D (5911) mbedtls: ssl_tls12_server.c:686 0x3ffc713c: serial number     : 77:66:A5:9D:AF:14:9E:F2:03:F7:3C:2B:1A:5C:81:86:F8:A3:4E:52

D (5911) mbedtls: ssl_tls12_server.c:686 0x3ffc713c: issuer name       : CN=localhost

D (5911) mbedtls: ssl_tls12_server.c:686 0x3ffc713c: subject name      : CN=localhost

D (5911) mbedtls: ssl_tls12_server.c:686 0x3ffc713c: issued  on        : 2026-08-26 20:20:30

D (5911) mbedtls: ssl_tls12_server.c:686 0x3ffc713c: expires on        : 2026-09-25 20:20:30

D (5911) mbedtls: ssl_tls12_server.c:686 0x3ffc713c: signed using      : RSA with SHA-256

D (5911) mbedtls: ssl_tls12_server.c:686 0x3ffc713c: RSA key size      : 2048 bits

D (5911) mbedtls: ssl_tls12_server.c:686 0x3ffc713c: basic constraints : CA=true

D (5911) mbedtls: ssl_tls12_server.c:686 0x3ffc713c: dumping 'crt->PK' (270 bytes)

D (5911) mbedtls: ssl_tls12_server.c:686 0x3ffc713c: 0000:  30 82 01 0a 02 82 01 01 00 dd 03 19 3e 8f 4a 05

D (5911) mbedtls: ssl_tls12_server.c:686 0x3ffc713c: 0010:  9c d6 74 e1 46 bc 40 7a 7e af 78 09 38 f6 d0 1c

D (5911) mbedtls: ssl_tls12_server.c:686 0x3ffc713c: 0020:  9d e4 2b 18 4c a1 87 f6 83 55 82 2d e0 21 fb b2

D (5911) mbedtls: ssl_tls12_server.c:686 0x3ffc713c: 0030:  00 2f 9b 98 36 24 73 47 a2 11 bb 50 05 1c 9e 40

D (5911) mbedtls: ssl_tls12_server.c:686 0x3ffc713c: 0040:  41 c9 de 81 7e a1 eb 82 48 35 d0 51 24 0d 22 bd

D (5911) mbedtls: ssl_tls12_server.c:686 0x3ffc713c: 0050:  7e c7 0b 60 74 e2 60 3e 76 de c1 3d b5 9f e9 d2

D (5911) mbedtls: ssl_tls12_server.c:686 0x3ffc713c: 0060:  ac 90 d3 84 2a 75 7c 41 8a 11 14 c8 bc 09 7b 9d

D (5911) mbedtls: ssl_tls12_server.c:686 0x3ffc713c: 0070:  45 54 95 c1 50 05 be f1 34 c0 05 55 f5 a2 b3 a8

D (5911) mbedtls: ssl_tls12_server.c:686 0x3ffc713c: 0080:  24 f6 ab 22 df 72 97 ef b5 8f e4 fe 49 be 4f c1

D (5911) mbedtls: ssl_tls12_server.c:686 0x3ffc713c: 0090:  08 e0 39 7a cd ba 74 2e d1 20 74 ad 6b 59 ab 86

D (5911) mbedtls: ssl_tls12_server.c:686 0x3ffc713c: 00a0:  5d 29 ab 81 f0 c1 22 3f 01 b9 0b a1 fb ee 70 9f

D (5911) mbedtls: ssl_tls12_server.c:686 0x3ffc713c: 00b0:  eb 29 5e 9f 1d 6a 0d dc 65 fd 5e 5d 38 0c 1a c3

D (5911) mbedtls: ssl_tls12_server.c:686 0x3ffc713c: 00c0:  ae b7 b7 2f 66 23 82 80 ab 7d 69 7c 8f 95 ab e8

D (5911) mbedtls: ssl_tls12_server.c:686 0x3ffc713c: 00d0:  c0 4d 21 42 7d 78 c8 25 8b 60 f6 0d 87 c9 f4 df

D (5911) mbedtls: ssl_tls12_server.c:686 0x3ffc713c: 00e0:  36 bf 16 7c 59 16 d1 09 ec 17 67 cf 5d 9f 8f 78

D (5911) mbedtls: ssl_tls12_server.c:686 0x3ffc713c: 00f0:  8c 3d d0 02 18 d5 bc a7 19 f4 51 fe 1d b3 20 40

D (5911) mbedtls: ssl_tls12_server.c:686 0x3ffc713c: 0100:  67 7e 3a cc 30 f3 8d a0 ef 02 03 01 00 01      

D (5911) mbedtls: ssl_tls12_server.c:700 0x3ffc713c: certificate mismatch: key type

D (5911) mbedtls: ssl_tls12_server.c:819 0x3ffc713c: ciphersuite mismatch: no suitable certificate

D (5911) mbedtls: ssl_tls12_server.c:768 0x3ffc713c: trying ciphersuite: 0xc030 (TLS-ECDHE-RSA-WITH-AES-256-GCM-SHA384)

D (5911) mbedtls: ssl_tls12_server.c:677 0x3ffc713c: ciphersuite requires certificate

D (5911) mbedtls: ssl_tls12_server.c:686 0x3ffc713c: candidate certificate chain, certificate #1:

D (5911) mbedtls: ssl_tls12_server.c:686 0x3ffc713c: cert. version     : 3

D (5911) mbedtls: ssl_tls12_server.c:686 0x3ffc713c: serial number     : 77:66:A5:9D:AF:14:9E:F2:03:F7:3C:2B:1A:5C:81:86:F8:A3:4E:52

D (5911) mbedtls: ssl_tls12_server.c:686 0x3ffc713c: issuer name       : CN=localhost

D (5911) mbedtls: ssl_tls12_server.c:686 0x3ffc713c: subject name      : CN=localhost

D (5911) mbedtls: ssl_tls12_server.c:686 0x3ffc713c: issued  on        : 2026-08-26 20:20:30

D (5921) mbedtls: ssl_tls12_server.c:686 0x3ffc713c: expires on        : 2026-09-25 20:20:30

D (5921) mbedtls: ssl_tls12_server.c:686 0x3ffc713c: signed using      : RSA with SHA-256

D (5921) mbedtls: ssl_tls12_server.c:686 0x3ffc713c: RSA key size      : 2048 bits

D (5921) mbedtls: ssl_tls12_server.c:686 0x3ffc713c: basic constraints : CA=true

D (5921) mbedtls: ssl_tls12_server.c:686 0x3ffc713c: dumping 'crt->PK' (270 bytes)

D (5921) mbedtls: ssl_tls12_server.c:686 0x3ffc713c: 0000:  30 82 01 0a 02 82 01 01 00 dd 03 19 3e 8f 4a 05

D (5921) mbedtls: ssl_tls12_server.c:686 0x3ffc713c: 0010:  9c d6 74 e1 46 bc 40 7a 7e af 78 09 38 f6 d0 1c

D (5921) mbedtls: ssl_tls12_server.c:686 0x3ffc713c: 0020:  9d e4 2b 18 4c a1 87 f6 83 55 82 2d e0 21 fb b2

D (5921) mbedtls: ssl_tls12_server.c:686 0x3ffc713c: 0030:  00 2f 9b 98 36 24 73 47 a2 11 bb 50 05 1c 9e 40

D (5921) mbedtls: ssl_tls12_server.c:686 0x3ffc713c: 0040:  41 c9 de 81 7e a1 eb 82 48 35 d0 51 24 0d 22 bd

D (5921) mbedtls: ssl_tls12_server.c:686 0x3ffc713c: 0050:  7e c7 0b 60 74 e2 60 3e 76 de c1 3d b5 9f e9 d2

D (5921) mbedtls: ssl_tls12_server.c:686 0x3ffc713c: 0060:  ac 90 d3 84 2a 75 7c 41 8a 11 14 c8 bc 09 7b 9d

D (5921) mbedtls: ssl_tls12_server.c:686 0x3ffc713c: 0070:  45 54 95 c1 50 05 be f1 34 c0 05 55 f5 a2 b3 a8

D (5921) mbedtls: ssl_tls12_server.c:686 0x3ffc713c: 0080:  24 f6 ab 22 df 72 97 ef b5 8f e4 fe 49 be 4f c1

D (5921) mbedtls: ssl_tls12_server.c:686 0x3ffc713c: 0090:  08 e0 39 7a cd ba 74 2e d1 20 74 ad 6b 59 ab 86

D (5921) mbedtls: ssl_tls12_server.c:686 0x3ffc713c: 00a0:  5d 29 ab 81 f0 c1 22 3f 01 b9 0b a1 fb ee 70 9f

D (5921) mbedtls: ssl_tls12_server.c:686 0x3ffc713c: 00b0:  eb 29 5e 9f 1d 6a 0d dc 65 fd 5e 5d 38 0c 1a c3

D (5921) mbedtls: ssl_tls12_server.c:686 0x3ffc713c: 00c0:  ae b7 b7 2f 66 23 82 80 ab 7d 69 7c 8f 95 ab e8

D (5921) mbedtls: ssl_tls12_server.c:686 0x3ffc713c: 00d0:  c0 4d 21 42 7d 78 c8 25 8b 60 f6 0d 87 c9 f4 df

D (5921) mbedtls: ssl_tls12_server.c:686 0x3ffc713c: 00e0:  36 bf 16 7c 59 16 d1 09 ec 17 67 cf 5d 9f 8f 78

D (5921) mbedtls: ssl_tls12_server.c:686 0x3ffc713c: 00f0:  8c 3d d0 02 18 d5 bc a7 19 f4 51 fe 1d b3 20 40

D (5921) mbedtls: ssl_tls12_server.c:686 0x3ffc713c: 0100:  67 7e 3a cc 30 f3 8d a0 ef 02 03 01 00 01      

D (5921) mbedtls: ssl_tls12_server.c:737 0x3ffc713c: selected certificate chain, certificate #1:

D (5921) mbedtls: ssl_tls12_server.c:737 0x3ffc713c: cert. version     : 3

D (5921) mbedtls: ssl_tls12_server.c:737 0x3ffc713c: serial number     : 77:66:A5:9D:AF:14:9E:F2:03:F7:3C:2B:1A:5C:81:86:F8:A3:4E:52

D (5921) mbedtls: ssl_tls12_server.c:737 0x3ffc713c: issuer name       : CN=localhost

D (5921) mbedtls: ssl_tls12_server.c:737 0x3ffc713c: subject name      : CN=localhost

D (5921) mbedtls: ssl_tls12_server.c:737 0x3ffc713c: issued  on        : 2026-08-26 20:20:30

D (5921) mbedtls: ssl_tls12_server.c:737 0x3ffc713c: expires on        : 2026-09-25 20:20:30

D (5921) mbedtls: ssl_tls12_server.c:737 0x3ffc713c: signed using      : RSA with SHA-256

D (5921) mbedtls: ssl_tls12_server.c:737 0x3ffc713c: RSA key size      : 2048 bits

D (5921) mbedtls: ssl_tls12_server.c:737 0x3ffc713c: basic constraints : CA=true

D (5921) mbedtls: ssl_tls12_server.c:737 0x3ffc713c: dumping 'crt->PK' (270 bytes)

D (5921) mbedtls: ssl_tls12_server.c:737 0x3ffc713c: 0000:  30 82 01 0a 02 82 01 01 00 dd 03 19 3e 8f 4a 05

D (5921) mbedtls: ssl_tls12_server.c:737 0x3ffc713c: 0010:  9c d6 74 e1 46 bc 40 7a 7e af 78 09 38 f6 d0 1c

D (5921) mbedtls: ssl_tls12_server.c:737 0x3ffc713c: 0020:  9d e4 2b 18 4c a1 87 f6 83 55 82 2d e0 21 fb b2

D (5921) mbedtls: ssl_tls12_server.c:737 0x3ffc713c: 0030:  00 2f 9b 98 36 24 73 47 a2 11 bb 50 05 1c 9e 40

D (5921) mbedtls: ssl_tls12_server.c:737 0x3ffc713c: 0040:  41 c9 de 81 7e a1 eb 82 48 35 d0 51 24 0d 22 bd

D (5921) mbedtls: ssl_tls12_server.c:737 0x3ffc713c: 0050:  7e c7 0b 60 74 e2 60 3e 76 de c1 3d b5 9f e9 d2

D (5921) mbedtls: ssl_tls12_server.c:737 0x3ffc713c: 0060:  ac 90 d3 84 2a 75 7c 41 8a 11 14 c8 bc 09 7b 9d

D (5921) mbedtls: ssl_tls12_server.c:737 0x3ffc713c: 0070:  45 54 95 c1 50 05 be f1 34 c0 05 55 f5 a2 b3 a8

D (5921) mbedtls: ssl_tls12_server.c:737 0x3ffc713c: 0080:  24 f6 ab 22 df 72 97 ef b5 8f e4 fe 49 be 4f c1

D (5921) mbedtls: ssl_tls12_server.c:737 0x3ffc713c: 0090:  08 e0 39 7a cd ba 74 2e d1 20 74 ad 6b 59 ab 86

D (5921) mbedtls: ssl_tls12_server.c:737 0x3ffc713c: 00a0:  5d 29 ab 81 f0 c1 22 3f 01 b9 0b a1 fb ee 70 9f

D (5921) mbedtls: ssl_tls12_server.c:737 0x3ffc713c: 00b0:  eb 29 5e 9f 1d 6a 0d dc 65 fd 5e 5d 38 0c 1a c3

D (5921) mbedtls: ssl_tls12_server.c:737 0x3ffc713c: 00c0:  ae b7 b7 2f 66 23 82 80 ab 7d 69 7c 8f 95 ab e8

D (5921) mbedtls: ssl_tls12_server.c:737 0x3ffc713c: 00d0:  c0 4d 21 42 7d 78 c8 25 8b 60 f6 0d 87 c9 f4 df

D (5931) mbedtls: ssl_tls12_server.c:737 0x3ffc713c: 00e0:  36 bf 16 7c 59 16 d1 09 ec 17 67 cf 5d 9f 8f 78

D (5931) mbedtls: ssl_tls12_server.c:737 0x3ffc713c: 00f0:  8c 3d d0 02 18 d5 bc a7 19 f4 51 fe 1d b3 20 40

D (5931) mbedtls: ssl_tls12_server.c:737 0x3ffc713c: 0100:  67 7e 3a cc 30 f3 8d a0 ef 02 03 01 00 01      

I (5931) mbedtls: ssl_tls12_server.c:1480 0x3ffc713c: selected ciphersuite: TLS-ECDHE-RSA-WITH-AES-256-GCM-SHA384

D (5931) mbedtls: ssl_misc.h:1295 0x3ffc713c: handshake state: 1 (MBEDTLS_SSL_CLIENT_HELLO) -> 2 (MBEDTLS_SSL_SERVER_HELLO)

D (5931) mbedtls: ssl_tls12_server.c:1500 0x3ffc713c: client hello v3, signature_algorithm ext: 6

I (5931) mbedtls: ssl_tls12_server.c:1508 0x3ffc713c: <= parse client hello

I (5931) mbedtls: ssl_msg.c:2063 0x3ffc713c: => flush output

I (5931) mbedtls: ssl_msg.c:2072 0x3ffc713c: <= flush output

I (5931) mbedtls: ssl_tls12_server.c:3429 0x3ffc713c: server state: 2

I (5931) mbedtls: ssl_tls12_server.c:1985 0x3ffc713c: => write server hello

D (5931) mbedtls: ssl_tls12_server.c:2010 0x3ffc713c: server hello, chosen version: [3:3]

D (5931) mbedtls: ssl_tls12_server.c:2018 0x3ffc713c: server hello, current time: 4

D (5931) mbedtls: ssl_tls12_server.c:2062 0x3ffc713c: dumping 'server hello, random bytes' (32 bytes)

D (5931) mbedtls: ssl_tls12_server.c:2062 0x3ffc713c: 0000:  00 00 00 04 86 af 20 5f bc d5 18 f5 ed 11 b4 d8  ...... _........

D (5931) mbedtls: ssl_tls12_server.c:2062 0x3ffc713c: 0010:  69 e7 c8 0a c6 1f b3 c2 1b 68 65 de 05 10 d6 e3  i........he.....

D (5931) mbedtls: ssl_misc.h:1295 0x3ffc713c: handshake state: 2 (MBEDTLS_SSL_SERVER_HELLO) -> 3 (MBEDTLS_SSL_SERVER_CERTIFICATE)

D (5931) mbedtls: ssl_tls12_server.c:2115 0x3ffc713c: server hello, session id len.: 32

D (5931) mbedtls: ssl_tls12_server.c:2116 0x3ffc713c: dumping 'server hello, session id' (32 bytes)

D (5931) mbedtls: ssl_tls12_server.c:2116 0x3ffc713c: 0000:  6a 6e b8 51 32 b8 aa 8d 81 54 32 ec 73 b1 61 80  jn.Q2....T2.s.a.

D (5931) mbedtls: ssl_tls12_server.c:2116 0x3ffc713c: 0010:  11 7c c2 9d 44 0c 84 78 fa 16 e0 33 96 5f aa 7d  .|..D..x...3._.}

D (5931) mbedtls: ssl_tls12_server.c:2117 0x3ffc713c: no session has been resumed

D (5931) mbedtls: ssl_tls12_server.c:2124 0x3ffc713c: server hello, chosen ciphersuite: TLS-ECDHE-RSA-WITH-AES-256-GCM-SHA384

D (5931) mbedtls: ssl_tls12_server.c:2126 0x3ffc713c: server hello, compress alg.: 0x00

D (5931) mbedtls: ssl_tls12_server.c:1663 0x3ffc713c: server hello, secure renegotiation extension

D (5931) mbedtls: ssl_tls12_server.c:1615 0x3ffc713c: server hello, adding extended master secret extension

D (5931) mbedtls: ssl_tls12_server.c:1731 0x3ffc713c: server hello, supported_point_formats extension

D (5931) mbedtls: ssl_tls12_server.c:2191 0x3ffc713c: server hello, total extension length: 15

I (5931) mbedtls: ssl_msg.c:2494 0x3ffc713c: => write handshake message

I (5931) mbedtls: ssl_msg.c:2654 0x3ffc713c: => write record

D (5931) mbedtls: ssl_msg.c:2737 0x3ffc713c: output record: msgtype = 22, version = [3:3], msglen = 91

I (5931) mbedtls: ssl_msg.c:2063 0x3ffc713c: => flush output

I (5931) mbedtls: ssl_msg.c:2077 0x3ffc713c: message length: 96, out_left: 96

I (5931) mbedtls: ssl_msg.c:2084 0x3ffc713c: ssl->f_send() returned 96 (-0xffffffa0)

I (5931) mbedtls: ssl_msg.c:2111 0x3ffc713c: <= flush output

I (5931) mbedtls: ssl_msg.c:2790 0x3ffc713c: <= write record

I (5931) mbedtls: ssl_msg.c:2025 0x3ffc65b8: in_left: 0, nb_want: 5

I (5931) mbedtls: ssl_msg.c:2028 0x3ffc65b8: ssl->f_recv(_timeout)() returned 5 (-0xfffffffb)

I (5931) mbedtls: ssl_msg.c:2050 0x3ffc65b8: <= fetch input

D (5931) mbedtls: ssl_msg.c:3707 0x3ffc65b8: input record: msgtype = 22, version = [0x303], msglen = 91

I (5941) mbedtls: ssl_msg.c:1865 0x3ffc65b8: => fetch input

I (5941) mbedtls: ssl_msg.c:2005 0x3ffc65b8: in_left: 5, nb_want: 96

I (5941) mbedtls: ssl_msg.c:2025 0x3ffc65b8: in_left: 5, nb_want: 96

I (5941) mbedtls: ssl_msg.c:2028 0x3ffc65b8: ssl->f_recv(_timeout)() returned 91 (-0xffffffa5)

I (5941) mbedtls: ssl_msg.c:2050 0x3ffc65b8: <= fetch input

D (5941) mbedtls: ssl_msg.c:2948 0x3ffc65b8: handshake message: msglen = 91, type = 2, hslen = 91

D (5941) mbedtls: ssl_msg.c:3085 0x3ffc65b8: sole handshake fragment: 91, 0..91 of 91

I (5941) mbedtls: ssl_msg.c:4112 0x3ffc65b8: <= read record

D (5941) mbedtls: ssl_tls12_client.c:1225 0x3ffc65b8: dumping 'server hello, version' (2 bytes)

D (5941) mbedtls: ssl_tls12_client.c:1225 0x3ffc65b8: 0000:  03 03                                            ..

D (5941) mbedtls: ssl_tls12_client.c:1246 0x3ffc65b8: server hello, current time: 4

D (5941) mbedtls: ssl_tls12_client.c:1256 0x3ffc65b8: dumping 'server hello, random bytes' (32 bytes)

I (5941) mbedtls: ssl_msg.c:2615 0x3ffc713c: <= write handshake message

D (5941) mbedtls: ssl_tls12_client.c:1256 0x3ffc65b8: 0000:  00 00 00 04 86 af 20 5f bc d5 18 f5 ed 11 b4 d8  ...... _........

I (5941) mbedtls: ssl_tls12_server.c:2205 0x3ffc713c: <= write server hello

D (5941) mbedtls: ssl_tls12_client.c:1256 0x3ffc65b8: 0010:  69 e7 c8 0a c6 1f b3 c2 1b 68 65 de 05 10 d6 e3  i........he.....

I (5941) mbedtls: ssl_msg.c:2063 0x3ffc713c: => flush output

D (5941) mbedtls: ssl_tls12_client.c:1318 0x3ffc65b8: server hello, session id len.: 32

I (5941) mbedtls: ssl_msg.c:2072 0x3ffc713c: <= flush output

D (5941) mbedtls: ssl_tls12_client.c:1319 0x3ffc65b8: dumping 'server hello, session id' (32 bytes)

D (5941) mbedtls: ssl_tls12_client.c:1319 0x3ffc65b8: 0000:  6a 6e b8 51 32 b8 aa 8d 81 54 32 ec 73 b1 61 80  jn.Q2....T2.s.a.

D (5941) mbedtls: ssl_tls12_client.c:1319 0x3ffc65b8: 0010:  11 7c c2 9d 44 0c 84 78 fa 16 e0 33 96 5f aa 7d  .|..D..x...3._.}

D (5941) mbedtls: ssl_misc.h:1295 0x3ffc65b8: handshake state: 2 (MBEDTLS_SSL_SERVER_HELLO) -> 3 (MBEDTLS_SSL_SERVER_CERTIFICATE)

D (5941) mbedtls: ssl_tls12_client.c:1343 0x3ffc65b8: no session has been resumed

D (5941) mbedtls: ssl_tls12_client.c:1346 0x3ffc65b8: server hello, chosen ciphersuite: c030

D (5941) mbedtls: ssl_tls12_client.c:1347 0x3ffc65b8: server hello, compress alg.: 0

D (5941) mbedtls: ssl_tls12_client.c:1382 0x3ffc65b8: server hello, chosen ciphersuite: TLS-ECDHE-RSA-WITH-AES-256-GCM-SHA384

I (5941) mbedtls: ssl_tls12_client.c:1403 0x3ffc65b8: server hello, total extension length: 15

D (5941) mbedtls: ssl_tls12_client.c:1421 0x3ffc65b8: found renegotiation extension

D (5941) mbedtls: ssl_tls12_client.c:1473 0x3ffc65b8: found extended_master_secret extension

D (5941) mbedtls: ssl_tls12_client.c:1500 0x3ffc65b8: found supported_point_formats extension

I (5941) mbedtls: ssl_tls12_client.c:1617 0x3ffc65b8: <= parse server hello

I (5941) mbedtls: ssl_msg.c:2063 0x3ffc65b8: => flush output

I (5941) mbedtls: ssl_msg.c:2072 0x3ffc65b8: <= flush output

I (5941) mbedtls: ssl_tls.c:4201 0x3ffc65b8: client state: MBEDTLS_SSL_SERVER_CERTIFICATE

I (5941) mbedtls: ssl_tls.c:7077 0x3ffc65b8: => parse certificate

I (5941) mbedtls: ssl_msg.c:4040 0x3ffc65b8: => read record

I (5941) mbedtls: ssl_msg.c:1865 0x3ffc65b8: => fetch input

I (5941) mbedtls: ssl_msg.c:2005 0x3ffc65b8: in_left: 0, nb_want: 5

I (5941) mbedtls: ssl_tls12_server.c:3429 0x3ffc713c: server state: 3

I (5941) mbedtls: ssl_tls.c:6675 0x3ffc713c: => write certificate

D (5941) mbedtls: ssl_tls.c:6702 0x3ffc713c: own certificate #1:

D (5941) mbedtls: ssl_tls.c:6702 0x3ffc713c: cert. version     : 3

D (5941) mbedtls: ssl_tls.c:6702 0x3ffc713c: serial number     : 77:66:A5:9D:AF:14:9E:F2:03:F7:3C:2B:1A:5C:81:86:F8:A3:4E:52

D (5941) mbedtls: ssl_tls.c:6702 0x3ffc713c: issuer name       : CN=localhost

D (5941) mbedtls: ssl_tls.c:6702 0x3ffc713c: subject name      : CN=localhost

D (5941) mbedtls: ssl_tls.c:6702 0x3ffc713c: issued  on        : 2026-08-26 20:20:30

D (5941) mbedtls: ssl_tls.c:6702 0x3ffc713c: expires on        : 2026-09-25 20:20:30

D (5941) mbedtls: ssl_tls.c:6702 0x3ffc713c: signed using      : RSA with SHA-256

D (5941) mbedtls: ssl_tls.c:6702 0x3ffc713c: RSA key size      : 2048 bits

D (5941) mbedtls: ssl_tls.c:6702 0x3ffc713c: basic constraints : CA=true

D (5941) mbedtls: ssl_tls.c:6702 0x3ffc713c: dumping 'crt->PK' (270 bytes)

D (5941) mbedtls: ssl_tls.c:6702 0x3ffc713c: 0000:  30 82 01 0a 02 82 01 01 00 dd 03 19 3e 8f 4a 05

D (5941) mbedtls: ssl_tls.c:6702 0x3ffc713c: 0010:  9c d6 74 e1 46 bc 40 7a 7e af 78 09 38 f6 d0 1c

D (5941) mbedtls: ssl_tls.c:6702 0x3ffc713c: 0020:  9d e4 2b 18 4c a1 87 f6 83 55 82 2d e0 21 fb b2

D (5941) mbedtls: ssl_tls.c:6702 0x3ffc713c: 0030:  00 2f 9b 98 36 24 73 47 a2 11 bb 50 05 1c 9e 40

D (5941) mbedtls: ssl_tls.c:6702 0x3ffc713c: 0040:  41 c9 de 81 7e a1 eb 82 48 35 d0 51 24 0d 22 bd

D (5941) mbedtls: ssl_tls.c:6702 0x3ffc713c: 0050:  7e c7 0b 60 74 e2 60 3e 76 de c1 3d b5 9f e9 d2

D (5941) mbedtls: ssl_tls.c:6702 0x3ffc713c: 0060:  ac 90 d3 84 2a 75 7c 41 8a 11 14 c8 bc 09 7b 9d

D (5941) mbedtls: ssl_tls.c:6702 0x3ffc713c: 0070:  45 54 95 c1 50 05 be f1 34 c0 05 55 f5 a2 b3 a8

D (5941) mbedtls: ssl_tls.c:6702 0x3ffc713c: 0080:  24 f6 ab 22 df 72 97 ef b5 8f e4 fe 49 be 4f c1

D (5941) mbedtls: ssl_tls.c:6702 0x3ffc713c: 0090:  08 e0 39 7a cd ba 74 2e d1 20 74 ad 6b 59 ab 86

D (5951) mbedtls: ssl_tls.c:6702 0x3ffc713c: 00a0:  5d 29 ab 81 f0 c1 22 3f 01 b9 0b a1 fb ee 70 9f

D (5951) mbedtls: ssl_tls.c:6702 0x3ffc713c: 00b0:  eb 29 5e 9f 1d 6a 0d dc 65 fd 5e 5d 38 0c 1a c3

D (5951) mbedtls: ssl_tls.c:6702 0x3ffc713c: 00c0:  ae b7 b7 2f 66 23 82 80 ab 7d 69 7c 8f 95 ab e8

D (5951) mbedtls: ssl_tls.c:6702 0x3ffc713c: 00d0:  c0 4d 21 42 7d 78 c8 25 8b 60 f6 0d 87 c9 f4 df

D (5951) mbedtls: ssl_tls.c:6702 0x3ffc713c: 00e0:  36 bf 16 7c 59 16 d1 09 ec 17 67 cf 5d 9f 8f 78

D (5951) mbedtls: ssl_tls.c:6702 0x3ffc713c: 00f0:  8c 3d d0 02 18 d5 bc a7 19 f4 51 fe 1d b3 20 40

D (5951) mbedtls: ssl_tls.c:6702 0x3ffc713c: 0100:  67 7e 3a cc 30 f3 8d a0 ef 02 03 01 00 01      

D (5951) mbedtls: ssl_misc.h:1295 0x3ffc713c: handshake state: 3 (MBEDTLS_SSL_SERVER_CERTIFICATE) -> 4 (MBEDTLS_SSL_SERVER_KEY_EXCHANGE)

I (5951) mbedtls: ssl_msg.c:2494 0x3ffc713c: => write handshake message

I (5951) mbedtls: ssl_msg.c:2654 0x3ffc713c: => write record

D (5951) mbedtls: ssl_msg.c:2737 0x3ffc713c: output record: msgtype = 22, version = [3:3], msglen = 791

I (5951) mbedtls: ssl_msg.c:2063 0x3ffc713c: => flush output

I (5951) mbedtls: ssl_msg.c:2077 0x3ffc713c: message length: 796, out_left: 796

I (5951) mbedtls: ssl_msg.c:2084 0x3ffc713c: ssl->f_send() returned 796 (-0xfffffce4)

I (5951) mbedtls: ssl_msg.c:2111 0x3ffc713c: <= flush output

I (5951) mbedtls: ssl_msg.c:2790 0x3ffc713c: <= write record

I (5951) mbedtls: ssl_msg.c:2615 0x3ffc713c: <= write handshake message

I (5951) mbedtls: ssl_tls.c:6748 0x3ffc713c: <= write certificate

I (5951) mbedtls: ssl_msg.c:2063 0x3ffc713c: => flush output

I (5951) mbedtls: ssl_msg.c:2072 0x3ffc713c: <= flush output

I (5951) mbedtls: ssl_tls12_server.c:3429 0x3ffc713c: server state: 4

I (5951) mbedtls: ssl_tls12_server.c:2796 0x3ffc713c: => write server key exchange

I (5951) mbedtls: ssl_tls12_server.c:2558 0x3ffc713c: ECDHE curve: x25519

D (5951) mbedtls: ssl_tls12_server.c:2571 0x3ffc713c: Perform PSA-based ECDH computation.

[mem-tick] t=    4492 ms phase=thr-setup    free=165188
D (6021) mbedtls: ssl_tls12_server.c:2694 0x3ffc713c: pick hash algorithm 11 for signing

D (6021) mbedtls: ssl_tls.c:8082 0x3ffc713c: Perform PSA-based computation of digest of ServerKeyExchange

D (6021) mbedtls: ssl_tls12_server.c:2712 0x3ffc713c: dumping 'parameters hash' (64 bytes)

D (6021) mbedtls: ssl_tls12_server.c:2712 0x3ffc713c: 0000:  10 5e 83 91 5c ff 72 7b 9f 74 cb 2f cf 79 63 64  .^..\.r{.t./.ycd

D (6021) mbedtls: ssl_tls12_server.c:2712 0x3ffc713c: 0010:  23 af e7 5c cb 7e f6 69 23 88 66 f2 47 aa c2 7a  #..\.~.i#.f.G..z

D (6021) mbedtls: ssl_tls12_server.c:2712 0x3ffc713c: 0020:  90 3e 70 3b 40 56 d6 71 60 6d 9e 82 ea fd 9d c2  .>p;@V.q`m......

D (6021) mbedtls: ssl_tls12_server.c:2712 0x3ffc713c: 0030:  ac 03 e5 ba 5e de 4b 9f 70 3e 06 f0 31 fc f7 c6  ....^.K.p>..1...

[mem-tick] t=    4592 ms phase=thr-setup    free=162532
I (6131) mbedtls: ssl_msg.c:2025 0x3ffc65b8: in_left: 0, nb_want: 5

I (6131) mbedtls: ssl_msg.c:2028 0x3ffc65b8: ssl->f_recv(_timeout)() returned 5 (-0xfffffffb)

I (6131) mbedtls: ssl_msg.c:2050 0x3ffc65b8: <= fetch input

D (6131) mbedtls: ssl_msg.c:3707 0x3ffc65b8: input record: msgtype = 22, version = [0x303], msglen = 791

I (6131) mbedtls: ssl_msg.c:1865 0x3ffc65b8: => fetch input

I (6131) mbedtls: ssl_msg.c:2005 0x3ffc65b8: in_left: 5, nb_want: 796

I (6131) mbedtls: ssl_msg.c:2025 0x3ffc65b8: in_left: 5, nb_want: 796

I (6131) mbedtls: ssl_msg.c:2028 0x3ffc65b8: ssl->f_recv(_timeout)() returned 791 (-0xfffffce9)

I (6131) mbedtls: ssl_msg.c:2050 0x3ffc65b8: <= fetch input

D (6131) mbedtls: ssl_msg.c:2948 0x3ffc65b8: handshake message: msglen = 791, type = 11, hslen = 791

D (6131) mbedtls: ssl_msg.c:3085 0x3ffc65b8: sole handshake fragment: 791, 0..791 of 791

I (6131) mbedtls: ssl_msg.c:4112 0x3ffc65b8: <= read record

D (6131) mbedtls: ssl_tls.c:6952 0x3ffc65b8: peer certificate #1:

D (6131) mbedtls: ssl_tls.c:6952 0x3ffc65b8: cert. version     : 3

D (6131) mbedtls: ssl_tls.c:6952 0x3ffc65b8: serial number     : 77:66:A5:9D:AF:14:9E:F2:03:F7:3C:2B:1A:5C:81:86:F8:A3:4E:52

D (6131) mbedtls: ssl_tls.c:6952 0x3ffc65b8: issuer name       : CN=localhost

D (6131) mbedtls: ssl_tls.c:6952 0x3ffc65b8: subject name      : CN=localhost

D (6131) mbedtls: ssl_tls.c:6952 0x3ffc65b8: issued  on        : 2026-08-26 20:20:30

D (6131) mbedtls: ssl_tls.c:6952 0x3ffc65b8: expires on        : 2026-09-25 20:20:30

D (6131) mbedtls: ssl_tls.c:6952 0x3ffc65b8: signed using      : RSA with SHA-256

D (6131) mbedtls: ssl_tls.c:6952 0x3ffc65b8: RSA key size      : 2048 bits

D (6131) mbedtls: ssl_tls.c:6952 0x3ffc65b8: basic constraints : CA=true

D (6131) mbedtls: ssl_tls.c:6952 0x3ffc65b8: dumping 'crt->PK' (270 bytes)

D (6131) mbedtls: ssl_tls.c:6952 0x3ffc65b8: 0000:  30 82 01 0a 02 82 01 01 00 dd 03 19 3e 8f 4a 05

D (6131) mbedtls: ssl_tls.c:6952 0x3ffc65b8: 0010:  9c d6 74 e1 46 bc 40 7a 7e af 78 09 38 f6 d0 1c

D (6131) mbedtls: ssl_tls.c:6952 0x3ffc65b8: 0020:  9d e4 2b 18 4c a1 87 f6 83 55 82 2d e0 21 fb b2

D (6131) mbedtls: ssl_tls.c:6952 0x3ffc65b8: 0030:  00 2f 9b 98 36 24 73 47 a2 11 bb 50 05 1c 9e 40

D (6131) mbedtls: ssl_tls.c:6952 0x3ffc65b8: 0040:  41 c9 de 81 7e a1 eb 82 48 35 d0 51 24 0d 22 bd

D (6131) mbedtls: ssl_tls.c:6952 0x3ffc65b8: 0050:  7e c7 0b 60 74 e2 60 3e 76 de c1 3d b5 9f e9 d2

D (6131) mbedtls: ssl_tls.c:6952 0x3ffc65b8: 0060:  ac 90 d3 84 2a 75 7c 41 8a 11 14 c8 bc 09 7b 9d

D (6131) mbedtls: ssl_tls.c:6952 0x3ffc65b8: 0070:  45 54 95 c1 50 05 be f1 34 c0 05 55 f5 a2 b3 a8

D (6131) mbedtls: ssl_tls.c:6952 0x3ffc65b8: 0080:  24 f6 ab 22 df 72 97 ef b5 8f e4 fe 49 be 4f c1

D (6131) mbedtls: ssl_tls.c:6952 0x3ffc65b8: 0090:  08 e0 39 7a cd ba 74 2e d1 20 74 ad 6b 59 ab 86

D (6131) mbedtls: ssl_tls.c:6952 0x3ffc65b8: 00a0:  5d 29 ab 81 f0 c1 22 3f 01 b9 0b a1 fb ee 70 9f

D (6131) mbedtls: ssl_tls.c:6952 0x3ffc65b8: 00b0:  eb 29 5e 9f 1d 6a 0d dc 65 fd 5e 5d 38 0c 1a c3

D (6131) mbedtls: ssl_tls.c:6952 0x3ffc65b8: 00c0:  ae b7 b7 2f 66 23 82 80 ab 7d 69 7c 8f 95 ab e8

D (6131) mbedtls: ssl_tls.c:6952 0x3ffc65b8: 00d0:  c0 4d 21 42 7d 78 c8 25 8b 60 f6 0d 87 c9 f4 df

D (6131) mbedtls: ssl_tls.c:6952 0x3ffc65b8: 00e0:  36 bf 16 7c 59 16 d1 09 ec 17 67 cf 5d 9f 8f 78

D (6131) mbedtls: ssl_tls.c:6952 0x3ffc65b8: 00f0:  8c 3d d0 02 18 d5 bc a7 19 f4 51 fe 1d b3 20 40

D (6131) mbedtls: ssl_tls.c:6952 0x3ffc65b8: 0100:  67 7e 3a cc 30 f3 8d a0 ef 02 03 01 00 01      

I (6131) mbedtls: ssl_tls.c:7191 0x3ffc65b8: <= parse certificate

D (6131) mbedtls: ssl_misc.h:1295 0x3ffc65b8: handshake state: 3 (MBEDTLS_SSL_SERVER_CERTIFICATE) -> 4 (MBEDTLS_SSL_SERVER_KEY_EXCHANGE)

I (6131) mbedtls: ssl_msg.c:2063 0x3ffc65b8: => flush output

I (6131) mbedtls: ssl_msg.c:2072 0x3ffc65b8: <= flush output

I (6141) mbedtls: ssl_tls.c:4201 0x3ffc65b8: client state: MBEDTLS_SSL_SERVER_KEY_EXCHANGE

I (6141) mbedtls: ssl_tls12_client.c:1831 0x3ffc65b8: => parse server key exchange

I (6141) mbedtls: ssl_msg.c:4040 0x3ffc65b8: => read record

I (6141) mbedtls: ssl_msg.c:1865 0x3ffc65b8: => fetch input

I (6141) mbedtls: ssl_msg.c:2005 0x3ffc65b8: in_left: 0, nb_want: 5

[mem-tick] t=    4694 ms phase=thr-setup    free=161612
[mem-tick] t=    4794 ms phase=thr-setup    free=161208
D (6351) mbedtls: ssl_tls12_server.c:2844 0x3ffc713c: dumping 'my signature' (256 bytes)

D (6351) mbedtls: ssl_tls12_server.c:2844 0x3ffc713c: 0000:  47 bf 61 f1 0a bf db ad ee e7 7a 10 bd fb 57 90  G.a.......z...W.

D (6351) mbedtls: ssl_tls12_server.c:2844 0x3ffc713c: 0010:  34 2d ad 60 1f 6f e3 b2 75 23 08 d4 5d 1a 50 4f  4-.`.o..u#..].PO

D (6351) mbedtls: ssl_tls12_server.c:2844 0x3ffc713c: 0020:  b9 d8 31 04 5a e3 51 a9 bc 02 4d a9 bf 82 2d ba  ..1.Z.Q...M...-.

D (6351) mbedtls: ssl_tls12_server.c:2844 0x3ffc713c: 0030:  67 2e 8c bf 19 65 ce 71 06 6f ce e9 48 62 c6 87  g....e.q.o..Hb..

D (6351) mbedtls: ssl_tls12_server.c:2844 0x3ffc713c: 0040:  80 36 a9 26 9d 68 c7 ed 66 23 f4 29 62 b1 b5 d5  .6.&.h..f#.)b...

D (6351) mbedtls: ssl_tls12_server.c:2844 0x3ffc713c: 0050:  2e b4 06 67 ca 3b 17 88 40 af 7c 15 f9 16 5c 61  ...g.;..@.|...\a

D (6351) mbedtls: ssl_tls12_server.c:2844 0x3ffc713c: 0060:  f4 36 08 bf a2 9b 23 65 04 1a 40 a5 f1 b0 ff 28  .6....#e..@....(

D (6351) mbedtls: ssl_tls12_server.c:2844 0x3ffc713c: 0070:  74 07 f5 53 38 cd 9f 44 f7 b9 75 d9 88 31 fe f2  t..S8..D..u..1..

D (6351) mbedtls: ssl_tls12_server.c:2844 0x3ffc713c: 0080:  1c 91 a9 8b f5 dd a6 05 fe 10 58 a2 69 3d 51 13  ..........X.i=Q.

D (6351) mbedtls: ssl_tls12_server.c:2844 0x3ffc713c: 0090:  d2 92 d7 0f f8 25 a6 0b 4e a4 40 f7 7e ce cc cd  .....%..N.@.~...

D (6351) mbedtls: ssl_tls12_server.c:2844 0x3ffc713c: 00a0:  1c b3 bd 99 dc 69 4a ad 97 0d 61 1c 08 8e 6f d3  .....iJ...a...o.

D (6351) mbedtls: ssl_tls12_server.c:2844 0x3ffc713c: 00b0:  82 14 bf 0b 07 b7 9d 4f 1a 02 90 e7 3c 4d 61 05  .......O....<Ma.

D (6351) mbedtls: ssl_tls12_server.c:2844 0x3ffc713c: 00c0:  8e 69 35 d0 50 4c a9 b4 d6 7c 02 43 72 3a ad 55  .i5.PL...|.Cr:.U

D (6351) mbedtls: ssl_tls12_server.c:2844 0x3ffc713c: 00d0:  0f 8a b7 42 1a c1 75 6c 18 42 b7 a9 7c b6 bf c3  ...B..ul.B..|...

D (6351) mbedtls: ssl_tls12_server.c:2844 0x3ffc713c: 00e0:  88 a1 bf 00 5f 00 ed 4a 5b 93 5e a3 54 e2 c7 9e  ...._..J[.^.T...

D (6351) mbedtls: ssl_tls12_server.c:2844 0x3ffc713c: 00f0:  f7 2e 13 a2 89 c0 cc c4 a1 58 c5 9b d3 20 17 84  .........X... ..

D (6351) mbedtls: ssl_misc.h:1295 0x3ffc713c: handshake state: 4 (MBEDTLS_SSL_SERVER_KEY_EXCHANGE) -> 5 (MBEDTLS_SSL_CERTIFICATE_REQUEST)

I (6351) mbedtls: ssl_msg.c:2494 0x3ffc713c: => write handshake message

I (6351) mbedtls: ssl_msg.c:2654 0x3ffc713c: => write record

D (6351) mbedtls: ssl_msg.c:2737 0x3ffc713c: output record: msgtype = 22, version = [3:3], msglen = 300

I (6351) mbedtls: ssl_msg.c:2063 0x3ffc713c: => flush output

I (6351) mbedtls: ssl_msg.c:2077 0x3ffc713c: message length: 305, out_left: 305

I (6351) mbedtls: ssl_msg.c:2084 0x3ffc713c: ssl->f_send() returned 305 (-0xfffffecf)

I (6351) mbedtls: ssl_msg.c:2111 0x3ffc713c: <= flush output

I (6351) mbedtls: ssl_msg.c:2790 0x3ffc713c: <= write record

I (6351) mbedtls: ssl_msg.c:2615 0x3ffc713c: <= write handshake message

I (6351) mbedtls: ssl_tls12_server.c:2864 0x3ffc713c: <= write server key exchange

I (6351) mbedtls: ssl_msg.c:2063 0x3ffc713c: => flush output

I (6351) mbedtls: ssl_msg.c:2072 0x3ffc713c: <= flush output

I (6351) mbedtls: ssl_tls12_server.c:3429 0x3ffc713c: server state: 5

I (6351) mbedtls: ssl_tls12_server.c:2242 0x3ffc713c: => write certificate request

D (6351) mbedtls: ssl_misc.h:1295 0x3ffc713c: handshake state: 5 (MBEDTLS_SSL_CERTIFICATE_REQUEST) -> 6 (MBEDTLS_SSL_SERVER_HELLO_DONE)

I (6351) mbedtls: ssl_tls12_server.c:2255 0x3ffc713c: <= skip write certificate request

I (6351) mbedtls: ssl_msg.c:2063 0x3ffc713c: => flush output

I (6351) mbedtls: ssl_msg.c:2072 0x3ffc713c: <= flush output

I (6351) mbedtls: ssl_tls12_server.c:3429 0x3ffc713c: server state: 6

I (6351) mbedtls: ssl_tls12_server.c:2873 0x3ffc713c: => write server hello done

D (6351) mbedtls: ssl_misc.h:1295 0x3ffc713c: handshake state: 6 (MBEDTLS_SSL_SERVER_HELLO_DONE) -> 7 (MBEDTLS_SSL_CLIENT_CERTIFICATE)

I (6351) mbedtls: ssl_msg.c:2494 0x3ffc713c: => write handshake message

I (6351) mbedtls: ssl_msg.c:2654 0x3ffc713c: => write record

D (6351) mbedtls: ssl_msg.c:2737 0x3ffc713c: output record: msgtype = 22, version = [3:3], msglen = 4

I (6351) mbedtls: ssl_msg.c:2063 0x3ffc713c: => flush output

I (6351) mbedtls: ssl_msg.c:2077 0x3ffc713c: message length: 9, out_left: 9

I (6361) mbedtls: ssl_msg.c:2084 0x3ffc713c: ssl->f_send() returned 9 (-0xfffffff7)

I (6361) mbedtls: ssl_msg.c:2111 0x3ffc713c: <= flush output

I (6361) mbedtls: ssl_msg.c:2790 0x3ffc713c: <= write record

I (6361) mbedtls: ssl_msg.c:2615 0x3ffc713c: <= write handshake message

I (6361) mbedtls: ssl_tls12_server.c:2900 0x3ffc713c: <= write server hello done

I (6361) mbedtls: ssl_msg.c:2063 0x3ffc713c: => flush output

I (6361) mbedtls: ssl_msg.c:2072 0x3ffc713c: <= flush output

I (6361) mbedtls: ssl_tls12_server.c:3429 0x3ffc713c: server state: 7

I (6361) mbedtls: ssl_tls.c:7077 0x3ffc713c: => parse certificate

I (6361) mbedtls: ssl_tls.c:7081 0x3ffc713c: <= skip parse certificate

D (6361) mbedtls: ssl_misc.h:1295 0x3ffc713c: handshake state: 7 (MBEDTLS_SSL_CLIENT_CERTIFICATE) -> 8 (MBEDTLS_SSL_CLIENT_KEY_EXCHANGE)

I (6361) mbedtls: ssl_msg.c:2063 0x3ffc713c: => flush output

I (6361) mbedtls: ssl_msg.c:2072 0x3ffc713c: <= flush output

I (6361) mbedtls: ssl_tls12_server.c:3429 0x3ffc713c: server state: 8

I (6361) mbedtls: ssl_tls12_server.c:2969 0x3ffc713c: => parse client key exchange

I (6361) mbedtls: ssl_msg.c:4040 0x3ffc713c: => read record

I (6361) mbedtls: ssl_msg.c:1865 0x3ffc713c: => fetch input

I (6361) mbedtls: ssl_msg.c:2005 0x3ffc713c: in_left: 0, nb_want: 5

I (6381) mbedtls: ssl_msg.c:2025 0x3ffc65b8: in_left: 0, nb_want: 5

I (6381) mbedtls: ssl_msg.c:2028 0x3ffc65b8: ssl->f_recv(_timeout)() returned 5 (-0xfffffffb)

I (6381) mbedtls: ssl_msg.c:2050 0x3ffc65b8: <= fetch input

D (6381) mbedtls: ssl_msg.c:3707 0x3ffc65b8: input record: msgtype = 22, version = [0x303], msglen = 300

I (6381) mbedtls: ssl_msg.c:1865 0x3ffc65b8: => fetch input

I (6381) mbedtls: ssl_msg.c:2005 0x3ffc65b8: in_left: 5, nb_want: 305

I (6381) mbedtls: ssl_msg.c:2025 0x3ffc65b8: in_left: 5, nb_want: 305

I (6381) mbedtls: ssl_msg.c:2028 0x3ffc65b8: ssl->f_recv(_timeout)() returned 300 (-0xfffffed4)

I (6381) mbedtls: ssl_msg.c:2050 0x3ffc65b8: <= fetch input

D (6381) mbedtls: ssl_msg.c:2948 0x3ffc65b8: handshake message: msglen = 300, type = 12, hslen = 300

D (6381) mbedtls: ssl_msg.c:3085 0x3ffc65b8: sole handshake fragment: 300, 0..300 of 300

I (6381) mbedtls: ssl_msg.c:4112 0x3ffc65b8: <= read record

D (6381) mbedtls: ssl_tls12_client.c:1885 0x3ffc65b8: dumping 'server key exchange' (296 bytes)

D (6381) mbedtls: ssl_tls12_client.c:1885 0x3ffc65b8: 0000:  03 00 1d 20 fd cf 01 0d 4f 46 9a ed 0e 03 12 9d  ... ....OF......

D (6381) mbedtls: ssl_tls12_client.c:1885 0x3ffc65b8: 0010:  a8 68 82 b2 64 79 10 f6 f3 66 fc 96 28 6b 22 d8  .h..dy...f..(k".

D (6381) mbedtls: ssl_tls12_client.c:1885 0x3ffc65b8: 0020:  d6 56 1c 42 06 01 01 00 47 bf 61 f1 0a bf db ad  .V.B....G.a.....

D (6381) mbedtls: ssl_tls12_client.c:1885 0x3ffc65b8: 0030:  ee e7 7a 10 bd fb 57 90 34 2d ad 60 1f 6f e3 b2  ..z...W.4-.`.o..

D (6381) mbedtls: ssl_tls12_client.c:1885 0x3ffc65b8: 0040:  75 23 08 d4 5d 1a 50 4f b9 d8 31 04 5a e3 51 a9  u#..].PO..1.Z.Q.

D (6381) mbedtls: ssl_tls12_client.c:1885 0x3ffc65b8: 0050:  bc 02 4d a9 bf 82 2d ba 67 2e 8c bf 19 65 ce 71  ..M...-.g....e.q

D (6381) mbedtls: ssl_tls12_client.c:1885 0x3ffc65b8: 0060:  06 6f ce e9 48 62 c6 87 80 36 a9 26 9d 68 c7 ed  .o..Hb...6.&.h..

D (6381) mbedtls: ssl_tls12_client.c:1885 0x3ffc65b8: 0070:  66 23 f4 29 62 b1 b5 d5 2e b4 06 67 ca 3b 17 88  f#.)b......g.;..

D (6381) mbedtls: ssl_tls12_client.c:1885 0x3ffc65b8: 0080:  40 af 7c 15 f9 16 5c 61 f4 36 08 bf a2 9b 23 65  @.|...\a.6....#e

D (6381) mbedtls: ssl_tls12_client.c:1885 0x3ffc65b8: 0090:  04 1a 40 a5 f1 b0 ff 28 74 07 f5 53 38 cd 9f 44  ..@....(t..S8..D

D (6381) mbedtls: ssl_tls12_client.c:1885 0x3ffc65b8: 00a0:  f7 b9 75 d9 88 31 fe f2 1c 91 a9 8b f5 dd a6 05  ..u..1..........

D (6381) mbedtls: ssl_tls12_client.c:1885 0x3ffc65b8: 00b0:  fe 10 58 a2 69 3d 51 13 d2 92 d7 0f f8 25 a6 0b  ..X.i=Q......%..

D (6381) mbedtls: ssl_tls12_client.c:1885 0x3ffc65b8: 00c0:  4e a4 40 f7 7e ce cc cd 1c b3 bd 99 dc 69 4a ad  N.@.~........iJ.

D (6381) mbedtls: ssl_tls12_client.c:1885 0x3ffc65b8: 00d0:  97 0d 61 1c 08 8e 6f d3 82 14 bf 0b 07 b7 9d 4f  ..a...o........O

D (6381) mbedtls: ssl_tls12_client.c:1885 0x3ffc65b8: 00e0:  1a 02 90 e7 3c 4d 61 05 8e 69 35 d0 50 4c a9 b4  ....<Ma..i5.PL..

D (6381) mbedtls: ssl_tls12_client.c:1885 0x3ffc65b8: 00f0:  d6 7c 02 43 72 3a ad 55 0f 8a b7 42 1a c1 75 6c  .|.Cr:.U...B..ul

D (6381) mbedtls: ssl_tls12_client.c:1885 0x3ffc65b8: 0100:  18 42 b7 a9 7c b6 bf c3 88 a1 bf 00 5f 00 ed 4a  .B..|......._..J

D (6381) mbedtls: ssl_tls12_client.c:1885 0x3ffc65b8: 0110:  5b 93 5e a3 54 e2 c7 9e f7 2e 13 a2 89 c0 cc c4  [.^.T...........

D (6381) mbedtls: ssl_tls12_client.c:1885 0x3ffc65b8: 0120:  a1 58 c5 9b d3 20 17 84                          .X... ..

I (6381) mbedtls: ssl_tls12_client.c:1815 0x3ffc65b8: Server used the signature algorithm rsa_pkcs1_sha512

D (6381) mbedtls: ssl_tls12_client.c:2047 0x3ffc65b8: dumping 'signature' (256 bytes)

D (6381) mbedtls: ssl_tls12_client.c:2047 0x3ffc65b8: 0000:  47 bf 61 f1 0a bf db ad ee e7 7a 10 bd fb 57 90  G.a.......z...W.

D (6381) mbedtls: ssl_tls12_client.c:2047 0x3ffc65b8: 0010:  34 2d ad 60 1f 6f e3 b2 75 23 08 d4 5d 1a 50 4f  4-.`.o..u#..].PO

D (6381) mbedtls: ssl_tls12_client.c:2047 0x3ffc65b8: 0020:  b9 d8 31 04 5a e3 51 a9 bc 02 4d a9 bf 82 2d ba  ..1.Z.Q...M...-.

D (6381) mbedtls: ssl_tls12_client.c:2047 0x3ffc65b8: 0030:  67 2e 8c bf 19 65 ce 71 06 6f ce e9 48 62 c6 87  g....e.q.o..Hb..

D (6381) mbedtls: ssl_tls12_client.c:2047 0x3ffc65b8: 0040:  80 36 a9 26 9d 68 c7 ed 66 23 f4 29 62 b1 b5 d5  .6.&.h..f#.)b...

D (6381) mbedtls: ssl_tls12_client.c:2047 0x3ffc65b8: 0050:  2e b4 06 67 ca 3b 17 88 40 af 7c 15 f9 16 5c 61  ...g.;..@.|...\a

D (6381) mbedtls: ssl_tls12_client.c:2047 0x3ffc65b8: 0060:  f4 36 08 bf a2 9b 23 65 04 1a 40 a5 f1 b0 ff 28  .6....#e..@....(

D (6381) mbedtls: ssl_tls12_client.c:2047 0x3ffc65b8: 0070:  74 07 f5 53 38 cd 9f 44 f7 b9 75 d9 88 31 fe f2  t..S8..D..u..1..

D (6381) mbedtls: ssl_tls12_client.c:2047 0x3ffc65b8: 0080:  1c 91 a9 8b f5 dd a6 05 fe 10 58 a2 69 3d 51 13  ..........X.i=Q.

D (6381) mbedtls: ssl_tls12_client.c:2047 0x3ffc65b8: 0090:  d2 92 d7 0f f8 25 a6 0b 4e a4 40 f7 7e ce cc cd  .....%..N.@.~...

D (6381) mbedtls: ssl_tls12_client.c:2047 0x3ffc65b8: 00a0:  1c b3 bd 99 dc 69 4a ad 97 0d 61 1c 08 8e 6f d3  .....iJ...a...o.

D (6381) mbedtls: ssl_tls12_client.c:2047 0x3ffc65b8: 00b0:  82 14 bf 0b 07 b7 9d 4f 1a 02 90 e7 3c 4d 61 05  .......O....<Ma.

D (6381) mbedtls: ssl_tls12_client.c:2047 0x3ffc65b8: 00c0:  8e 69 35 d0 50 4c a9 b4 d6 7c 02 43 72 3a ad 55  .i5.PL...|.Cr:.U

D (6391) mbedtls: ssl_tls12_client.c:2047 0x3ffc65b8: 00d0:  0f 8a b7 42 1a c1 75 6c 18 42 b7 a9 7c b6 bf c3  ...B..ul.B..|...

D (6391) mbedtls: ssl_tls12_client.c:2047 0x3ffc65b8: 00e0:  88 a1 bf 00 5f 00 ed 4a 5b 93 5e a3 54 e2 c7 9e  ...._..J[.^.T...

D (6391) mbedtls: ssl_tls12_client.c:2047 0x3ffc65b8: 00f0:  f7 2e 13 a2 89 c0 cc c4 a1 58 c5 9b d3 20 17 84  .........X... ..

D (6391) mbedtls: ssl_tls.c:8082 0x3ffc65b8: Perform PSA-based computation of digest of ServerKeyExchange

D (6391) mbedtls: ssl_tls12_client.c:2064 0x3ffc65b8: dumping 'parameters hash' (64 bytes)

D (6391) mbedtls: ssl_tls12_client.c:2064 0x3ffc65b8: 0000:  10 5e 83 91 5c ff 72 7b 9f 74 cb 2f cf 79 63 64  .^..\.r{.t./.ycd

D (6391) mbedtls: ssl_tls12_client.c:2064 0x3ffc65b8: 0010:  23 af e7 5c cb 7e f6 69 23 88 66 f2 47 aa c2 7a  #..\.~.i#.f.G..z

D (6391) mbedtls: ssl_tls12_client.c:2064 0x3ffc65b8: 0020:  90 3e 70 3b 40 56 d6 71 60 6d 9e 82 ea fd 9d c2  .>p;@V.q`m......

D (6391) mbedtls: ssl_tls12_client.c:2064 0x3ffc65b8: 0030:  ac 03 e5 ba 5e de 4b 9f 70 3e 06 f0 31 fc f7 c6  ....^.K.p>..1...

D (6401) mbedtls: ssl_misc.h:1295 0x3ffc65b8: handshake state: 4 (MBEDTLS_SSL_SERVER_KEY_EXCHANGE) -> 5 (MBEDTLS_SSL_CERTIFICATE_REQUEST)

I (6401) mbedtls: ssl_tls12_client.c:2118 0x3ffc65b8: <= parse server key exchange

I (6401) mbedtls: ssl_msg.c:2063 0x3ffc65b8: => flush output

I (6401) mbedtls: ssl_msg.c:2072 0x3ffc65b8: <= flush output

I (6401) mbedtls: ssl_tls.c:4201 0x3ffc65b8: client state: MBEDTLS_SSL_CERTIFICATE_REQUEST

I (6401) mbedtls: ssl_tls12_client.c:2157 0x3ffc65b8: => parse certificate request

I (6401) mbedtls: ssl_msg.c:4040 0x3ffc65b8: => read record

I (6401) mbedtls: ssl_msg.c:1865 0x3ffc65b8: => fetch input

I (6401) mbedtls: ssl_msg.c:2005 0x3ffc65b8: in_left: 0, nb_want: 5

I (6401) mbedtls: ssl_msg.c:2025 0x3ffc65b8: in_left: 0, nb_want: 5

I (6401) mbedtls: ssl_msg.c:2028 0x3ffc65b8: ssl->f_recv(_timeout)() returned 5 (-0xfffffffb)

[mem-tick] t=    4894 ms phase=thr-setup    free=167184
I (6401) mbedtls: ssl_msg.c:2050 0x3ffc65b8: <= fetch input

D (6401) mbedtls: ssl_msg.c:3707 0x3ffc65b8: input record: msgtype = 22, version = [0x303], msglen = 4

I (6401) mbedtls: ssl_msg.c:1865 0x3ffc65b8: => fetch input

I (6401) mbedtls: ssl_msg.c:2005 0x3ffc65b8: in_left: 5, nb_want: 9

I (6401) mbedtls: ssl_msg.c:2025 0x3ffc65b8: in_left: 5, nb_want: 9

I (6401) mbedtls: ssl_msg.c:2028 0x3ffc65b8: ssl->f_recv(_timeout)() returned 4 (-0xfffffffc)

I (6401) mbedtls: ssl_msg.c:2050 0x3ffc65b8: <= fetch input

D (6401) mbedtls: ssl_msg.c:2948 0x3ffc65b8: handshake message: msglen = 4, type = 14, hslen = 4

D (6401) mbedtls: ssl_msg.c:3085 0x3ffc65b8: sole handshake fragment: 4, 0..4 of 4

I (6401) mbedtls: ssl_msg.c:4112 0x3ffc65b8: <= read record

D (6401) mbedtls: ssl_misc.h:1295 0x3ffc65b8: handshake state: 5 (MBEDTLS_SSL_CERTIFICATE_REQUEST) -> 6 (MBEDTLS_SSL_SERVER_HELLO_DONE)

D (6401) mbedtls: ssl_tls12_client.c:2183 0x3ffc65b8: got no certificate request

I (6401) mbedtls: ssl_tls12_client.c:2319 0x3ffc65b8: <= parse certificate request

I (6401) mbedtls: ssl_msg.c:2063 0x3ffc65b8: => flush output

I (6401) mbedtls: ssl_msg.c:2072 0x3ffc65b8: <= flush output

I (6401) mbedtls: ssl_tls.c:4201 0x3ffc65b8: client state: MBEDTLS_SSL_SERVER_HELLO_DONE

I (6401) mbedtls: ssl_tls12_client.c:2330 0x3ffc65b8: => parse server hello done

I (6401) mbedtls: ssl_msg.c:4040 0x3ffc65b8: => read record

I (6401) mbedtls: ssl_msg.c:4108 0x3ffc65b8: reuse previously read message

I (6401) mbedtls: ssl_msg.c:4112 0x3ffc65b8: <= read record

D (6401) mbedtls: ssl_misc.h:1295 0x3ffc65b8: handshake state: 6 (MBEDTLS_SSL_SERVER_HELLO_DONE) -> 7 (MBEDTLS_SSL_CLIENT_CERTIFICATE)

I (6401) mbedtls: ssl_tls12_client.c:2358 0x3ffc65b8: <= parse server hello done

I (6401) mbedtls: ssl_msg.c:2063 0x3ffc65b8: => flush output

I (6401) mbedtls: ssl_msg.c:2072 0x3ffc65b8: <= flush output

I (6401) mbedtls: ssl_tls.c:4201 0x3ffc65b8: client state: MBEDTLS_SSL_CLIENT_CERTIFICATE

I (6401) mbedtls: ssl_tls.c:6675 0x3ffc65b8: => write certificate

I (6401) mbedtls: ssl_tls.c:6686 0x3ffc65b8: <= skip write certificate

D (6401) mbedtls: ssl_misc.h:1295 0x3ffc65b8: handshake state: 7 (MBEDTLS_SSL_CLIENT_CERTIFICATE) -> 8 (MBEDTLS_SSL_CLIENT_KEY_EXCHANGE)

I (6401) mbedtls: ssl_msg.c:2063 0x3ffc65b8: => flush output

I (6401) mbedtls: ssl_msg.c:2072 0x3ffc65b8: <= flush output

I (6401) mbedtls: ssl_tls.c:4201 0x3ffc65b8: client state: MBEDTLS_SSL_CLIENT_KEY_EXCHANGE

I (6401) mbedtls: ssl_tls12_client.c:2373 0x3ffc65b8: => write client key exchange

D (6401) mbedtls: ssl_tls12_client.c:2387 0x3ffc65b8: Perform PSA-based ECDH computation.

[mem-tick] t=    5002 ms phase=thr-setup    free=166356
D (6541) mbedtls: ssl_misc.h:1295 0x3ffc65b8: handshake state: 8 (MBEDTLS_SSL_CLIENT_KEY_EXCHANGE) -> 9 (MBEDTLS_SSL_CERTIFICATE_VERIFY)

I (6541) mbedtls: ssl_msg.c:2494 0x3ffc65b8: => write handshake message

I (6541) mbedtls: ssl_msg.c:2654 0x3ffc65b8: => write record

D (6541) mbedtls: ssl_msg.c:2737 0x3ffc65b8: output record: msgtype = 22, version = [3:3], msglen = 37

I (6541) mbedtls: ssl_msg.c:2063 0x3ffc65b8: => flush output

I (6541) mbedtls: ssl_msg.c:2077 0x3ffc65b8: message length: 42, out_left: 42

I (6541) mbedtls: ssl_msg.c:2084 0x3ffc65b8: ssl->f_send() returned 42 (-0xffffffd6)

I (6541) mbedtls: ssl_msg.c:2111 0x3ffc65b8: <= flush output

I (6541) mbedtls: ssl_msg.c:2790 0x3ffc65b8: <= write record

I (6541) mbedtls: ssl_msg.c:2615 0x3ffc65b8: <= write handshake message

I (6541) mbedtls: ssl_msg.c:2025 0x3ffc713c: in_left: 0, nb_want: 5

I (6541) mbedtls: ssl_tls12_client.c:2653 0x3ffc65b8: <= write client key exchange

I (6541) mbedtls: ssl_msg.c:2063 0x3ffc65b8: => flush output

I (6541) mbedtls: ssl_msg.c:2072 0x3ffc65b8: <= flush output

I (6541) mbedtls: ssl_tls.c:4201 0x3ffc65b8: client state: MBEDTLS_SSL_CERTIFICATE_VERIFY

I (6541) mbedtls: ssl_tls12_client.c:2701 0x3ffc65b8: => write certificate verify

I (6541) mbedtls: ssl_tls.c:6466 0x3ffc65b8: => derive keys

I (6541) mbedtls: ssl_tls.c:6557 0x3ffc65b8: => PSA calc verify

D (6541) mbedtls: ssl_tls.c:6568 0x3ffc65b8: dumping 'PSA calculated verify result' (48 bytes)

D (6541) mbedtls: ssl_tls.c:6568 0x3ffc65b8: 0000:  22 a5 a5 b1 7e f0 a7 02 5f cd be 5d e2 3f c9 f6  "...~..._..].?..

D (6541) mbedtls: ssl_tls.c:6568 0x3ffc65b8: 0010:  dc 87 3e ae 65 2d 7d d7 40 3c 13 d2 f1 bd 3b eb  ..>.e-}.@<....;.

D (6541) mbedtls: ssl_tls.c:6568 0x3ffc65b8: 0020:  c2 28 80 73 22 ea 0d 3c 5b 55 de 72 b4 a8 40 18  .(.s"..<[U.r..@.

I (6541) mbedtls: ssl_tls.c:6569 0x3ffc65b8: <= PSA calc verify

D (6541) mbedtls: ssl_tls.c:6308 0x3ffc65b8: dumping 'session hash for extended master secret' (48 bytes)

D (6541) mbedtls: ssl_tls.c:6308 0x3ffc65b8: 0000:  22 a5 a5 b1 7e f0 a7 02 5f cd be 5d e2 3f c9 f6  "...~..._..].?..

D (6541) mbedtls: ssl_tls.c:6308 0x3ffc65b8: 0010:  dc 87 3e ae 65 2d 7d d7 40 3c 13 d2 f1 bd 3b eb  ..>.e-}.@<....;.

D (6541) mbedtls: ssl_tls.c:6308 0x3ffc65b8: 0020:  c2 28 80 73 22 ea 0d 3c 5b 55 de 72 b4 a8 40 18  .(.s"..<[U.r..@.

D (6541) mbedtls: ssl_tls.c:6449 0x3ffc65b8: dumping 'premaster secret' (32 bytes)

D (6541) mbedtls: ssl_tls.c:6449 0x3ffc65b8: 0000:  7e 91 63 0f 8d 11 df 36 0e 14 e1 ec 9c 92 1f 8c  ~.c....6........

D (6541) mbedtls: ssl_tls.c:6449 0x3ffc65b8: 0010:  f0 d3 9f cf a0 93 b4 7e 75 13 81 67 bb 66 26 2a  .......~u..g.f&*

D (6541) mbedtls: ssl_tls.c:7762 0x3ffc65b8: ciphersuite = TLS-ECDHE-RSA-WITH-AES-256-GCM-SHA384

D (6541) mbedtls: ssl_tls.c:7764 0x3ffc65b8: dumping 'master secret' (48 bytes)

D (6541) mbedtls: ssl_tls.c:7764 0x3ffc65b8: 0000:  13 5b 17 95 44 bf 12 5d c2 7a 7b ef 38 db 25 60  .[..D..].z{.8.%`

D (6541) mbedtls: ssl_tls.c:7764 0x3ffc65b8: 0010:  65 63 24 3b f3 ca 71 1e 5e 70 52 66 16 f2 50 1c  ec$;..q.^pRf..P.

D (6541) mbedtls: ssl_tls.c:7764 0x3ffc65b8: 0020:  1b 0a 3d 4a 2f e9 25 aa 26 53 74 52 da 32 68 d5  ..=J/.%.&StR.2h.

D (6541) mbedtls: ssl_tls.c:7855 0x3ffc65b8: keylen: 32, minlen: 24, ivlen: 12, maclen: 0

I (6541) mbedtls: ssl_tls.c:6517 0x3ffc65b8: <= derive keys

I (6541) mbedtls: ssl_tls12_client.c:2723 0x3ffc65b8: <= skip write certificate verify

D (6541) mbedtls: ssl_misc.h:1295 0x3ffc65b8: handshake state: 9 (MBEDTLS_SSL_CERTIFICATE_VERIFY) -> 10 (MBEDTLS_SSL_CLIENT_CHANGE_CIPHER_SPEC)

I (6541) mbedtls: ssl_msg.c:2063 0x3ffc65b8: => flush output

I (6541) mbedtls: ssl_msg.c:2072 0x3ffc65b8: <= flush output

I (6541) mbedtls: ssl_tls.c:4201 0x3ffc65b8: client state: MBEDTLS_SSL_CLIENT_CHANGE_CIPHER_SPEC

I (6551) mbedtls: ssl_msg.c:5087 0x3ffc65b8: => write change cipher spec

D (6551) mbedtls: ssl_misc.h:1295 0x3ffc65b8: handshake state: 10 (MBEDTLS_SSL_CLIENT_CHANGE_CIPHER_SPEC) -> 11 (MBEDTLS_SSL_CLIENT_FINISHED)

I (6551) mbedtls: ssl_msg.c:2494 0x3ffc65b8: => write handshake message

I (6551) mbedtls: ssl_msg.c:2654 0x3ffc65b8: => write record

D (6551) mbedtls: ssl_msg.c:2737 0x3ffc65b8: output record: msgtype = 20, version = [3:3], msglen = 1

I (6551) mbedtls: ssl_msg.c:2063 0x3ffc65b8: => flush output

I (6551) mbedtls: ssl_msg.c:2077 0x3ffc65b8: message length: 6, out_left: 6

I (6551) mbedtls: ssl_msg.c:2084 0x3ffc65b8: ssl->f_send() returned 6 (-0xfffffffa)

I (6551) mbedtls: ssl_msg.c:2111 0x3ffc65b8: <= flush output

I (6551) mbedtls: ssl_msg.c:2790 0x3ffc65b8: <= write record

I (6551) mbedtls: ssl_msg.c:2615 0x3ffc65b8: <= write handshake message

I (6551) mbedtls: ssl_msg.c:5100 0x3ffc65b8: <= write change cipher spec

I (6551) mbedtls: ssl_msg.c:2063 0x3ffc65b8: => flush output

I (6551) mbedtls: ssl_msg.c:2072 0x3ffc65b8: <= flush output

I (6551) mbedtls: ssl_tls.c:4201 0x3ffc65b8: client state: MBEDTLS_SSL_CLIENT_FINISHED

I (6551) mbedtls: ssl_tls.c:7384 0x3ffc65b8: => write finished

I (6551) mbedtls: ssl_tls.c:7235 0x3ffc65b8: => calc PSA finished tls

I (6551) mbedtls: ssl_msg.c:2028 0x3ffc713c: ssl->f_recv(_timeout)() returned 5 (-0xfffffffb)

D (6551) mbedtls: ssl_tls.c:7246 0x3ffc65b8: dumping 'PSA calculated padbuf' (48 bytes)

D (6551) mbedtls: ssl_tls.c:7246 0x3ffc65b8: 0000:  22 a5 a5 b1 7e f0 a7 02 5f cd be 5d e2 3f c9 f6  "...~..._..].?..

D (6551) mbedtls: ssl_tls.c:7246 0x3ffc65b8: 0010:  dc 87 3e ae 65 2d 7d d7 40 3c 13 d2 f1 bd 3b eb  ..>.e-}.@<....;.

D (6551) mbedtls: ssl_tls.c:7246 0x3ffc65b8: 0020:  c2 28 80 73 22 ea 0d 3c 5b 55 de 72 b4 a8 40 18  .(.s"..<[U.r..@.

D (6551) mbedtls: ssl_tls.c:7258 0x3ffc65b8: dumping 'calc finished result' (12 bytes)

D (6551) mbedtls: ssl_tls.c:7258 0x3ffc65b8: 0000:  4e d4 9b a5 9f 22 49 d8 6e 10 7e 4f              N...."I.n.~O

I (6551) mbedtls: ssl_tls.c:7262 0x3ffc65b8: <= calc finished

D (6551) mbedtls: ssl_misc.h:1295 0x3ffc65b8: handshake state: 11 (MBEDTLS_SSL_CLIENT_FINISHED) -> 12 (MBEDTLS_SSL_SERVER_CHANGE_CIPHER_SPEC)

D (6551) mbedtls: ssl_tls.c:7434 0x3ffc65b8: switching to new transform spec for outbound data

I (6551) mbedtls: ssl_msg.c:2494 0x3ffc65b8: => write handshake message

I (6551) mbedtls: ssl_msg.c:2654 0x3ffc65b8: => write record

I (6551) mbedtls: ssl_msg.c:808 0x3ffc65b8: => encrypt buf

D (6551) mbedtls: ssl_msg.c:1036 0x3ffc65b8: before encrypt: msglen = 16, including 0 bytes of padding

I (6551) mbedtls: ssl_msg.c:1265 0x3ffc65b8: <= encrypt buf

D (6551) mbedtls: ssl_msg.c:2737 0x3ffc65b8: output record: msgtype = 22, version = [3:3], msglen = 40

I (6551) mbedtls: ssl_msg.c:2063 0x3ffc65b8: => flush output

I (6551) mbedtls: ssl_msg.c:2077 0x3ffc65b8: message length: 45, out_left: 45

I (6551) mbedtls: ssl_msg.c:2084 0x3ffc65b8: ssl->f_send() returned 45 (-0xffffffd3)

I (6551) mbedtls: ssl_msg.c:2111 0x3ffc65b8: <= flush output

I (6551) mbedtls: ssl_msg.c:2790 0x3ffc65b8: <= write record

I (6551) mbedtls: ssl_msg.c:2615 0x3ffc65b8: <= write handshake message

I (6551) mbedtls: ssl_tls.c:7487 0x3ffc65b8: <= write finished

I (6551) mbedtls: ssl_msg.c:2063 0x3ffc65b8: => flush output

I (6551) mbedtls: ssl_msg.c:2072 0x3ffc65b8: <= flush output

I (6551) mbedtls: ssl_tls.c:4201 0x3ffc65b8: client state: MBEDTLS_SSL_SERVER_CHANGE_CIPHER_SPEC

I (6551) mbedtls: ssl_msg.c:5109 0x3ffc65b8: => parse change cipher spec

I (6551) mbedtls: ssl_msg.c:4040 0x3ffc65b8: => read record

I (6551) mbedtls: ssl_msg.c:1865 0x3ffc65b8: => fetch input

I (6551) mbedtls: ssl_msg.c:2005 0x3ffc65b8: in_left: 0, nb_want: 5

I (6551) mbedtls: ssl_msg.c:2050 0x3ffc713c: <= fetch input

D (6551) mbedtls: ssl_msg.c:3707 0x3ffc713c: input record: msgtype = 22, version = [0x303], msglen = 37

I (6551) mbedtls: ssl_msg.c:1865 0x3ffc713c: => fetch input

I (6551) mbedtls: ssl_msg.c:2005 0x3ffc713c: in_left: 5, nb_want: 42

I (6551) mbedtls: ssl_msg.c:2025 0x3ffc713c: in_left: 5, nb_want: 42

I (6551) mbedtls: ssl_msg.c:2028 0x3ffc713c: ssl->f_recv(_timeout)() returned 37 (-0xffffffdb)

I (6551) mbedtls: ssl_msg.c:2050 0x3ffc713c: <= fetch input

D (6551) mbedtls: ssl_msg.c:2948 0x3ffc713c: handshake message: msglen = 37, type = 16, hslen = 37

D (6551) mbedtls: ssl_msg.c:3085 0x3ffc713c: sole handshake fragment: 37, 0..37 of 37

I (6551) mbedtls: ssl_msg.c:4112 0x3ffc713c: <= read record

D (6551) mbedtls: ssl_tls12_server.c:2998 0x3ffc713c: Read the peer's public key.

[mem-tick] t=    5102 ms phase=thr-setup    free=164712
I (6631) mbedtls: ssl_tls.c:6466 0x3ffc713c: => derive keys

I (6631) mbedtls: ssl_tls.c:6557 0x3ffc713c: => PSA calc verify

D (6631) mbedtls: ssl_tls.c:6568 0x3ffc713c: dumping 'PSA calculated verify result' (48 bytes)

D (6631) mbedtls: ssl_tls.c:6568 0x3ffc713c: 0000:  22 a5 a5 b1 7e f0 a7 02 5f cd be 5d e2 3f c9 f6  "...~..._..].?..

D (6631) mbedtls: ssl_tls.c:6568 0x3ffc713c: 0010:  dc 87 3e ae 65 2d 7d d7 40 3c 13 d2 f1 bd 3b eb  ..>.e-}.@<....;.

D (6631) mbedtls: ssl_tls.c:6568 0x3ffc713c: 0020:  c2 28 80 73 22 ea 0d 3c 5b 55 de 72 b4 a8 40 18  .(.s"..<[U.r..@.

I (6631) mbedtls: ssl_tls.c:6569 0x3ffc713c: <= PSA calc verify

D (6631) mbedtls: ssl_tls.c:6308 0x3ffc713c: dumping 'session hash for extended master secret' (48 bytes)

D (6631) mbedtls: ssl_tls.c:6308 0x3ffc713c: 0000:  22 a5 a5 b1 7e f0 a7 02 5f cd be 5d e2 3f c9 f6  "...~..._..].?..

D (6631) mbedtls: ssl_tls.c:6308 0x3ffc713c: 0010:  dc 87 3e ae 65 2d 7d d7 40 3c 13 d2 f1 bd 3b eb  ..>.e-}.@<....;.

D (6631) mbedtls: ssl_tls.c:6308 0x3ffc713c: 0020:  c2 28 80 73 22 ea 0d 3c 5b 55 de 72 b4 a8 40 18  .(.s"..<[U.r..@.

D (6631) mbedtls: ssl_tls.c:6449 0x3ffc713c: dumping 'premaster secret' (32 bytes)

D (6631) mbedtls: ssl_tls.c:6449 0x3ffc713c: 0000:  7e 91 63 0f 8d 11 df 36 0e 14 e1 ec 9c 92 1f 8c  ~.c....6........

D (6631) mbedtls: ssl_tls.c:6449 0x3ffc713c: 0010:  f0 d3 9f cf a0 93 b4 7e 75 13 81 67 bb 66 26 2a  .......~u..g.f&*

D (6631) mbedtls: ssl_tls.c:7762 0x3ffc713c: ciphersuite = TLS-ECDHE-RSA-WITH-AES-256-GCM-SHA384

D (6631) mbedtls: ssl_tls.c:7764 0x3ffc713c: dumping 'master secret' (48 bytes)

D (6631) mbedtls: ssl_tls.c:7764 0x3ffc713c: 0000:  13 5b 17 95 44 bf 12 5d c2 7a 7b ef 38 db 25 60  .[..D..].z{.8.%`

D (6631) mbedtls: ssl_tls.c:7764 0x3ffc713c: 0010:  65 63 24 3b f3 ca 71 1e 5e 70 52 66 16 f2 50 1c  ec$;..q.^pRf..P.

D (6631) mbedtls: ssl_tls.c:7764 0x3ffc713c: 0020:  1b 0a 3d 4a 2f e9 25 aa 26 53 74 52 da 32 68 d5  ..=J/.%.&StR.2h.

D (6641) mbedtls: ssl_tls.c:7855 0x3ffc713c: keylen: 32, minlen: 24, ivlen: 12, maclen: 0

I (6641) mbedtls: ssl_tls.c:6517 0x3ffc713c: <= derive keys

D (6641) mbedtls: ssl_misc.h:1295 0x3ffc713c: handshake state: 8 (MBEDTLS_SSL_CLIENT_KEY_EXCHANGE) -> 9 (MBEDTLS_SSL_CERTIFICATE_VERIFY)

I (6641) mbedtls: ssl_tls12_server.c:3180 0x3ffc713c: <= parse client key exchange

I (6641) mbedtls: ssl_msg.c:2063 0x3ffc713c: => flush output

I (6641) mbedtls: ssl_msg.c:2072 0x3ffc713c: <= flush output

I (6641) mbedtls: ssl_tls12_server.c:3429 0x3ffc713c: server state: 9

I (6641) mbedtls: ssl_tls12_server.c:3219 0x3ffc713c: => parse certificate verify

I (6641) mbedtls: ssl_tls12_server.c:3235 0x3ffc713c: <= skip parse certificate verify

D (6641) mbedtls: ssl_misc.h:1295 0x3ffc713c: handshake state: 9 (MBEDTLS_SSL_CERTIFICATE_VERIFY) -> 10 (MBEDTLS_SSL_CLIENT_CHANGE_CIPHER_SPEC)

I (6641) mbedtls: ssl_msg.c:2063 0x3ffc713c: => flush output

I (6641) mbedtls: ssl_msg.c:2072 0x3ffc713c: <= flush output

I (6641) mbedtls: ssl_tls12_server.c:3429 0x3ffc713c: server state: 10

I (6641) mbedtls: ssl_msg.c:5109 0x3ffc713c: => parse change cipher spec

I (6641) mbedtls: ssl_msg.c:4040 0x3ffc713c: => read record

I (6641) mbedtls: ssl_msg.c:1865 0x3ffc713c: => fetch input

I (6641) mbedtls: ssl_msg.c:2005 0x3ffc713c: in_left: 0, nb_want: 5

I (6641) mbedtls: ssl_msg.c:2025 0x3ffc713c: in_left: 0, nb_want: 5

I (6641) mbedtls: ssl_msg.c:2028 0x3ffc713c: ssl->f_recv(_timeout)() returned 5 (-0xfffffffb)

I (6641) mbedtls: ssl_msg.c:2050 0x3ffc713c: <= fetch input

D (6641) mbedtls: ssl_msg.c:3707 0x3ffc713c: input record: msgtype = 20, version = [0x303], msglen = 1

I (6641) mbedtls: ssl_msg.c:1865 0x3ffc713c: => fetch input

I (6641) mbedtls: ssl_msg.c:2005 0x3ffc713c: in_left: 5, nb_want: 6

I (6641) mbedtls: ssl_msg.c:2025 0x3ffc713c: in_left: 5, nb_want: 6

I (6641) mbedtls: ssl_msg.c:2028 0x3ffc713c: ssl->f_recv(_timeout)() returned 1 (-0xffffffff)

I (6641) mbedtls: ssl_msg.c:2050 0x3ffc713c: <= fetch input

I (6641) mbedtls: ssl_msg.c:4112 0x3ffc713c: <= read record

D (6641) mbedtls: ssl_msg.c:5130 0x3ffc713c: switching to new transform spec for inbound data

D (6641) mbedtls: ssl_misc.h:1295 0x3ffc713c: handshake state: 10 (MBEDTLS_SSL_CLIENT_CHANGE_CIPHER_SPEC) -> 11 (MBEDTLS_SSL_CLIENT_FINISHED)

I (6641) mbedtls: ssl_msg.c:5157 0x3ffc713c: <= parse change cipher spec

I (6641) mbedtls: ssl_msg.c:2063 0x3ffc713c: => flush output

I (6641) mbedtls: ssl_msg.c:2072 0x3ffc713c: <= flush output

I (6641) mbedtls: ssl_tls12_server.c:3429 0x3ffc713c: server state: 11

I (6641) mbedtls: ssl_tls.c:7500 0x3ffc713c: => parse finished

I (6641) mbedtls: ssl_tls.c:7235 0x3ffc713c: => calc PSA finished tls

D (6641) mbedtls: ssl_tls.c:7246 0x3ffc713c: dumping 'PSA calculated padbuf' (48 bytes)

D (6641) mbedtls: ssl_tls.c:7246 0x3ffc713c: 0000:  22 a5 a5 b1 7e f0 a7 02 5f cd be 5d e2 3f c9 f6  "...~..._..].?..

D (6641) mbedtls: ssl_tls.c:7246 0x3ffc713c: 0010:  dc 87 3e ae 65 2d 7d d7 40 3c 13 d2 f1 bd 3b eb  ..>.e-}.@<....;.

D (6641) mbedtls: ssl_tls.c:7246 0x3ffc713c: 0020:  c2 28 80 73 22 ea 0d 3c 5b 55 de 72 b4 a8 40 18  .(.s"..<[U.r..@.

D (6641) mbedtls: ssl_tls.c:7258 0x3ffc713c: dumping 'calc finished result' (12 bytes)

D (6641) mbedtls: ssl_tls.c:7258 0x3ffc713c: 0000:  4e d4 9b a5 9f 22 49 d8 6e 10 7e 4f              N...."I.n.~O

I (6641) mbedtls: ssl_tls.c:7262 0x3ffc713c: <= calc finished

I (6641) mbedtls: ssl_msg.c:4040 0x3ffc713c: => read record

I (6641) mbedtls: ssl_msg.c:1865 0x3ffc713c: => fetch input

I (6641) mbedtls: ssl_msg.c:2005 0x3ffc713c: in_left: 0, nb_want: 5

I (6641) mbedtls: ssl_msg.c:2025 0x3ffc713c: in_left: 0, nb_want: 5

I (6641) mbedtls: ssl_msg.c:2028 0x3ffc713c: ssl->f_recv(_timeout)() returned 5 (-0xfffffffb)

I (6641) mbedtls: ssl_msg.c:2050 0x3ffc713c: <= fetch input

D (6641) mbedtls: ssl_msg.c:3707 0x3ffc713c: input record: msgtype = 22, version = [0x303], msglen = 40

I (6641) mbedtls: ssl_msg.c:1865 0x3ffc713c: => fetch input

I (6641) mbedtls: ssl_msg.c:2005 0x3ffc713c: in_left: 5, nb_want: 45

I (6641) mbedtls: ssl_msg.c:2025 0x3ffc713c: in_left: 5, nb_want: 45

I (6641) mbedtls: ssl_msg.c:2028 0x3ffc713c: ssl->f_recv(_timeout)() returned 40 (-0xffffffd8)

I (6641) mbedtls: ssl_msg.c:2050 0x3ffc713c: <= fetch input

I (6641) mbedtls: ssl_msg.c:1301 0x3ffc713c: => decrypt buf

I (6641) mbedtls: ssl_msg.c:1831 0x3ffc713c: <= decrypt buf

D (6641) mbedtls: ssl_msg.c:2948 0x3ffc713c: handshake message: msglen = 16, type = 20, hslen = 16

D (6641) mbedtls: ssl_msg.c:3085 0x3ffc713c: sole handshake fragment: 16, 0..16 of 16

I (6641) mbedtls: ssl_msg.c:4112 0x3ffc713c: <= read record

D (6641) mbedtls: ssl_misc.h:1295 0x3ffc713c: handshake state: 11 (MBEDTLS_SSL_CLIENT_FINISHED) -> 12 (MBEDTLS_SSL_SERVER_CHANGE_CIPHER_SPEC)

I (6641) mbedtls: ssl_tls.c:7571 0x3ffc713c: <= parse finished

I (6641) mbedtls: ssl_msg.c:2063 0x3ffc713c: => flush output

I (6641) mbedtls: ssl_msg.c:2072 0x3ffc713c: <= flush output

I (6641) mbedtls: ssl_tls12_server.c:3429 0x3ffc713c: server state: 12

I (6641) mbedtls: ssl_msg.c:5087 0x3ffc713c: => write change cipher spec

D (6641) mbedtls: ssl_misc.h:1295 0x3ffc713c: handshake state: 12 (MBEDTLS_SSL_SERVER_CHANGE_CIPHER_SPEC) -> 13 (MBEDTLS_SSL_SERVER_FINISHED)

I (6641) mbedtls: ssl_msg.c:2494 0x3ffc713c: => write handshake message

I (6641) mbedtls: ssl_msg.c:2654 0x3ffc713c: => write record

D (6651) mbedtls: ssl_msg.c:2737 0x3ffc713c: output record: msgtype = 20, version = [3:3], msglen = 1

I (6651) mbedtls: ssl_msg.c:2063 0x3ffc713c: => flush output

I (6651) mbedtls: ssl_msg.c:2077 0x3ffc713c: message length: 6, out_left: 6

I (6651) mbedtls: ssl_msg.c:2084 0x3ffc713c: ssl->f_send() returned 6 (-0xfffffffa)

I (6651) mbedtls: ssl_msg.c:2111 0x3ffc713c: <= flush output

I (6651) mbedtls: ssl_msg.c:2025 0x3ffc65b8: in_left: 0, nb_want: 5

I (6651) mbedtls: ssl_msg.c:2028 0x3ffc65b8: ssl->f_recv(_timeout)() returned 5 (-0xfffffffb)

I (6651) mbedtls: ssl_msg.c:2050 0x3ffc65b8: <= fetch input

D (6651) mbedtls: ssl_msg.c:3707 0x3ffc65b8: input record: msgtype = 20, version = [0x303], msglen = 1

I (6651) mbedtls: ssl_msg.c:1865 0x3ffc65b8: => fetch input

I (6651) mbedtls: ssl_msg.c:2005 0x3ffc65b8: in_left: 5, nb_want: 6

I (6651) mbedtls: ssl_msg.c:2025 0x3ffc65b8: in_left: 5, nb_want: 6

I (6651) mbedtls: ssl_msg.c:2028 0x3ffc65b8: ssl->f_recv(_timeout)() returned 1 (-0xffffffff)

I (6651) mbedtls: ssl_msg.c:2050 0x3ffc65b8: <= fetch input

I (6651) mbedtls: ssl_msg.c:4112 0x3ffc65b8: <= read record

D (6651) mbedtls: ssl_msg.c:5130 0x3ffc65b8: switching to new transform spec for inbound data

D (6651) mbedtls: ssl_misc.h:1295 0x3ffc65b8: handshake state: 12 (MBEDTLS_SSL_SERVER_CHANGE_CIPHER_SPEC) -> 13 (MBEDTLS_SSL_SERVER_FINISHED)

I (6651) mbedtls: ssl_msg.c:5157 0x3ffc65b8: <= parse change cipher spec

I (6651) mbedtls: ssl_msg.c:2063 0x3ffc65b8: => flush output

I (6651) mbedtls: ssl_msg.c:2072 0x3ffc65b8: <= flush output

I (6651) mbedtls: ssl_tls.c:4201 0x3ffc65b8: client state: MBEDTLS_SSL_SERVER_FINISHED

I (6651) mbedtls: ssl_tls.c:7500 0x3ffc65b8: => parse finished

I (6651) mbedtls: ssl_tls.c:7235 0x3ffc65b8: => calc PSA finished tls

D (6651) mbedtls: ssl_tls.c:7246 0x3ffc65b8: dumping 'PSA calculated padbuf' (48 bytes)

D (6651) mbedtls: ssl_tls.c:7246 0x3ffc65b8: 0000:  66 b2 78 57 fd 66 8f 0a ba 6f 40 15 5a 03 33 fc  f.xW.f...o@.Z.3.

D (6651) mbedtls: ssl_tls.c:7246 0x3ffc65b8: 0010:  2d c4 53 bc e3 81 bc 1d cf 40 5b 8a d7 34 dc bb  -.S......@[..4..

D (6651) mbedtls: ssl_tls.c:7246 0x3ffc65b8: 0020:  16 ad f4 d1 cd 31 14 ae 2e 08 22 d7 8d 71 f0 e1  .....1...."..q..

D (6651) mbedtls: ssl_tls.c:7258 0x3ffc65b8: dumping 'calc finished result' (12 bytes)

D (6651) mbedtls: ssl_tls.c:7258 0x3ffc65b8: 0000:  a6 66 8b 0d fa db dd 4c 89 44 af 51              .f.....L.D.Q

I (6651) mbedtls: ssl_tls.c:7262 0x3ffc65b8: <= calc finished

I (6651) mbedtls: ssl_msg.c:4040 0x3ffc65b8: => read record

I (6651) mbedtls: ssl_msg.c:1865 0x3ffc65b8: => fetch input

I (6651) mbedtls: ssl_msg.c:2005 0x3ffc65b8: in_left: 0, nb_want: 5

I (6651) mbedtls: ssl_msg.c:2790 0x3ffc713c: <= write record

I (6651) mbedtls: ssl_msg.c:2615 0x3ffc713c: <= write handshake message

I (6651) mbedtls: ssl_msg.c:5100 0x3ffc713c: <= write change cipher spec

I (6651) mbedtls: ssl_msg.c:2063 0x3ffc713c: => flush output

I (6651) mbedtls: ssl_msg.c:2072 0x3ffc713c: <= flush output

I (6651) mbedtls: ssl_tls12_server.c:3429 0x3ffc713c: server state: 13

I (6651) mbedtls: ssl_tls.c:7384 0x3ffc713c: => write finished

I (6651) mbedtls: ssl_tls.c:7235 0x3ffc713c: => calc PSA finished tls

D (6651) mbedtls: ssl_tls.c:7246 0x3ffc713c: dumping 'PSA calculated padbuf' (48 bytes)

D (6651) mbedtls: ssl_tls.c:7246 0x3ffc713c: 0000:  66 b2 78 57 fd 66 8f 0a ba 6f 40 15 5a 03 33 fc  f.xW.f...o@.Z.3.

D (6651) mbedtls: ssl_tls.c:7246 0x3ffc713c: 0010:  2d c4 53 bc e3 81 bc 1d cf 40 5b 8a d7 34 dc bb  -.S......@[..4..

D (6651) mbedtls: ssl_tls.c:7246 0x3ffc713c: 0020:  16 ad f4 d1 cd 31 14 ae 2e 08 22 d7 8d 71 f0 e1  .....1...."..q..

D (6651) mbedtls: ssl_tls.c:7258 0x3ffc713c: dumping 'calc finished result' (12 bytes)

D (6651) mbedtls: ssl_tls.c:7258 0x3ffc713c: 0000:  a6 66 8b 0d fa db dd 4c 89 44 af 51              .f.....L.D.Q

I (6651) mbedtls: ssl_tls.c:7262 0x3ffc713c: <= calc finished

D (6651) mbedtls: ssl_misc.h:1295 0x3ffc713c: handshake state: 13 (MBEDTLS_SSL_SERVER_FINISHED) -> 14 (MBEDTLS_SSL_FLUSH_BUFFERS)

D (6651) mbedtls: ssl_tls.c:7434 0x3ffc713c: switching to new transform spec for outbound data

I (6651) mbedtls: ssl_msg.c:2494 0x3ffc713c: => write handshake message

I (6651) mbedtls: ssl_msg.c:2654 0x3ffc713c: => write record

I (6651) mbedtls: ssl_msg.c:808 0x3ffc713c: => encrypt buf

D (6651) mbedtls: ssl_msg.c:1036 0x3ffc713c: before encrypt: msglen = 16, including 0 bytes of padding

I (6651) mbedtls: ssl_msg.c:1265 0x3ffc713c: <= encrypt buf

D (6651) mbedtls: ssl_msg.c:2737 0x3ffc713c: output record: msgtype = 22, version = [3:3], msglen = 40

I (6651) mbedtls: ssl_msg.c:2063 0x3ffc713c: => flush output

I (6651) mbedtls: ssl_msg.c:2077 0x3ffc713c: message length: 45, out_left: 45

I (6651) mbedtls: ssl_msg.c:2084 0x3ffc713c: ssl->f_send() returned 45 (-0xffffffd3)

I (6651) mbedtls: ssl_msg.c:2111 0x3ffc713c: <= flush output

I (6651) mbedtls: ssl_msg.c:2790 0x3ffc713c: <= write record

I (6651) mbedtls: ssl_msg.c:2615 0x3ffc713c: <= write handshake message

I (6651) mbedtls: ssl_tls.c:7487 0x3ffc713c: <= write finished

I (6651) mbedtls: ssl_msg.c:2063 0x3ffc713c: => flush output

I (6651) mbedtls: ssl_msg.c:2072 0x3ffc713c: <= flush output

I (6651) mbedtls: ssl_tls12_server.c:3429 0x3ffc713c: server state: 14

I (6651) mbedtls: ssl_tls12_server.c:3521 0x3ffc713c: handshake: done

D (6651) mbedtls: ssl_misc.h:1295 0x3ffc713c: handshake state: 14 (MBEDTLS_SSL_FLUSH_BUFFERS) -> 15 (MBEDTLS_SSL_HANDSHAKE_WRAPUP)

I (6661) mbedtls: ssl_msg.c:2063 0x3ffc713c: => flush output

I (6661) mbedtls: ssl_msg.c:2072 0x3ffc713c: <= flush output

I (6661) mbedtls: ssl_tls12_server.c:3429 0x3ffc713c: server state: 15

D (6661) mbedtls: ssl_tls.c:7322 0x3ffc713c: => handshake wrapup

D (6661) mbedtls: ssl_tls.c:7296 0x3ffc713c: => handshake wrapup: final free

D (6661) mbedtls: ssl_tls.c:7315 0x3ffc713c: <= handshake wrapup: final free

D (6661) mbedtls: ssl_misc.h:1295 0x3ffc713c: handshake state: 15 (MBEDTLS_SSL_HANDSHAKE_WRAPUP) -> 27 (MBEDTLS_SSL_HANDSHAKE_OVER)

D (6661) mbedtls: ssl_tls.c:7376 0x3ffc713c: <= handshake wrapup

I (6661) mbedtls: ssl_tls.c:4293 0x3ffc713c: <= handshake

[srv-tls] session established
I (6661) mbedtls: ssl_msg.c:5663 0x3ffc713c: => read

I (6661) mbedtls: ssl_msg.c:4040 0x3ffc713c: => read record

I (6661) mbedtls: ssl_msg.c:1865 0x3ffc713c: => fetch input

I (6661) mbedtls: ssl_msg.c:2005 0x3ffc713c: in_left: 0, nb_want: 5

[mem-tick] t=    5202 ms phase=thr-setup    free=168496
[mem-tick] t=    5302 ms phase=thr-setup    free=168496
I (6881) mbedtls: ssl_msg.c:2025 0x3ffc65b8: in_left: 0, nb_want: 5

I (6881) mbedtls: ssl_msg.c:2028 0x3ffc65b8: ssl->f_recv(_timeout)() returned 5 (-0xfffffffb)

I (6881) mbedtls: ssl_msg.c:2050 0x3ffc65b8: <= fetch input

D (6881) mbedtls: ssl_msg.c:3707 0x3ffc65b8: input record: msgtype = 22, version = [0x303], msglen = 40

I (6881) mbedtls: ssl_msg.c:1865 0x3ffc65b8: => fetch input

I (6881) mbedtls: ssl_msg.c:2005 0x3ffc65b8: in_left: 5, nb_want: 45

I (6881) mbedtls: ssl_msg.c:2025 0x3ffc65b8: in_left: 5, nb_want: 45

I (6881) mbedtls: ssl_msg.c:2028 0x3ffc65b8: ssl->f_recv(_timeout)() returned 40 (-0xffffffd8)

I (6881) mbedtls: ssl_msg.c:2050 0x3ffc65b8: <= fetch input

I (6881) mbedtls: ssl_msg.c:1301 0x3ffc65b8: => decrypt buf

I (6881) mbedtls: ssl_msg.c:1831 0x3ffc65b8: <= decrypt buf

D (6881) mbedtls: ssl_msg.c:2948 0x3ffc65b8: handshake message: msglen = 16, type = 20, hslen = 16

D (6881) mbedtls: ssl_msg.c:3085 0x3ffc65b8: sole handshake fragment: 16, 0..16 of 16

I (6881) mbedtls: ssl_msg.c:4112 0x3ffc65b8: <= read record

D (6881) mbedtls: ssl_misc.h:1295 0x3ffc65b8: handshake state: 13 (MBEDTLS_SSL_SERVER_FINISHED) -> 14 (MBEDTLS_SSL_FLUSH_BUFFERS)

I (6881) mbedtls: ssl_tls.c:7571 0x3ffc65b8: <= parse finished

I (6881) mbedtls: ssl_msg.c:2063 0x3ffc65b8: => flush output

I (6881) mbedtls: ssl_msg.c:2072 0x3ffc65b8: <= flush output

I (6881) mbedtls: ssl_tls.c:4201 0x3ffc65b8: client state: MBEDTLS_SSL_FLUSH_BUFFERS

I (6881) mbedtls: ssl_tls12_client.c:3031 0x3ffc65b8: handshake: done

D (6881) mbedtls: ssl_misc.h:1295 0x3ffc65b8: handshake state: 14 (MBEDTLS_SSL_FLUSH_BUFFERS) -> 15 (MBEDTLS_SSL_HANDSHAKE_WRAPUP)

I (6881) mbedtls: ssl_msg.c:2063 0x3ffc65b8: => flush output

I (6881) mbedtls: ssl_msg.c:2072 0x3ffc65b8: <= flush output

I (6881) mbedtls: ssl_tls.c:4201 0x3ffc65b8: client state: MBEDTLS_SSL_HANDSHAKE_WRAPUP

D (6881) mbedtls: ssl_tls.c:7322 0x3ffc65b8: => handshake wrapup

D (6881) mbedtls: ssl_tls.c:7296 0x3ffc65b8: => handshake wrapup: final free

D (6881) mbedtls: ssl_tls.c:7315 0x3ffc65b8: <= handshake wrapup: final free

D (6881) mbedtls: ssl_misc.h:1295 0x3ffc65b8: handshake state: 15 (MBEDTLS_SSL_HANDSHAKE_WRAPUP) -> 27 (MBEDTLS_SSL_HANDSHAKE_OVER)

D (6881) mbedtls: ssl_tls.c:7376 0x3ffc65b8: <= handshake wrapup

I (6881) mbedtls: ssl_tls.c:4293 0x3ffc65b8: <= handshake

[neg] version=TLSv1.2 suite=TLS-ECDHE-RSA-WITH-AES-256-GCM-SHA384 peer_cert=0 bytes
[thr] round0 PLAIN failed
I (6891) mbedtls: ssl_msg.c:5925 0x3ffc65b8: => write

I (6891) mbedtls: ssl_msg.c:2654 0x3ffc65b8: => write record

I (6891) mbedtls: ssl_msg.c:808 0x3ffc65b8: => encrypt buf

D (6891) mbedtls: ssl_msg.c:1036 0x3ffc65b8: before encrypt: msglen = 1024, including 0 bytes of padding

I (6891) mbedtls: ssl_msg.c:1265 0x3ffc65b8: <= encrypt buf

D (6891) mbedtls: ssl_msg.c:2737 0x3ffc65b8: output record: msgtype = 23, version = [3:3], msglen = 1048

I (6891) mbedtls: ssl_msg.c:2063 0x3ffc65b8: => flush output

I (6891) mbedtls: ssl_msg.c:2077 0x3ffc65b8: message length: 1053, out_left: 1053

I (6891) mbedtls: ssl_msg.c:2084 0x3ffc65b8: ssl->f_send() returned 1053 (-0xfffffbe3)

I (6891) mbedtls: ssl_msg.c:2025 0x3ffc713c: in_left: 0, nb_want: 5

I (6891) mbedtls: ssl_msg.c:2111 0x3ffc65b8: <= flush output

I (6891) mbedtls: ssl_msg.c:2790 0x3ffc65b8: <= write record

I (6891) mbedtls: ssl_msg.c:5947 0x3ffc65b8: <= write

I (6891) mbedtls: ssl_msg.c:5663 0x3ffc65b8: => read

I (6891) mbedtls: ssl_msg.c:4040 0x3ffc65b8: => read record

I (6891) mbedtls: ssl_msg.c:1865 0x3ffc65b8: => fetch input

I (6891) mbedtls: ssl_msg.c:2005 0x3ffc65b8: in_left: 0, nb_want: 5

I (6891) mbedtls: ssl_msg.c:2028 0x3ffc713c: ssl->f_recv(_timeout)() returned 5 (-0xfffffffb)

I (6891) mbedtls: ssl_msg.c:2050 0x3ffc713c: <= fetch input

D (6891) mbedtls: ssl_msg.c:3707 0x3ffc713c: input record: msgtype = 23, version = [0x303], msglen = 1048

I (6891) mbedtls: ssl_msg.c:1865 0x3ffc713c: => fetch input

I (6891) mbedtls: ssl_msg.c:2005 0x3ffc713c: in_left: 5, nb_want: 1053

I (6891) mbedtls: ssl_msg.c:2025 0x3ffc713c: in_left: 5, nb_want: 1053

I (6891) mbedtls: ssl_msg.c:2028 0x3ffc713c: ssl->f_recv(_timeout)() returned 1048 (-0xfffffbe8)

I (6891) mbedtls: ssl_msg.c:2050 0x3ffc713c: <= fetch input

I (6901) mbedtls: ssl_msg.c:1301 0x3ffc713c: => decrypt buf

I (6901) mbedtls: ssl_msg.c:1831 0x3ffc713c: <= decrypt buf

I (6901) mbedtls: ssl_msg.c:4112 0x3ffc713c: <= read record

I (6901) mbedtls: ssl_msg.c:5823 0x3ffc713c: <= read

I (6901) mbedtls: ssl_msg.c:5925 0x3ffc713c: => write

I (6901) mbedtls: ssl_msg.c:2654 0x3ffc713c: => write record

I (6901) mbedtls: ssl_msg.c:808 0x3ffc713c: => encrypt buf

D (6901) mbedtls: ssl_msg.c:1036 0x3ffc713c: before encrypt: msglen = 1024, including 0 bytes of padding

I (6901) mbedtls: ssl_msg.c:1265 0x3ffc713c: <= encrypt buf

D (6901) mbedtls: ssl_msg.c:2737 0x3ffc713c: output record: msgtype = 23, version = [3:3], msglen = 1048

I (6901) mbedtls: ssl_msg.c:2063 0x3ffc713c: => flush output

I (6901) mbedtls: ssl_msg.c:2077 0x3ffc713c: message length: 1053, out_left: 1053

I (6901) mbedtls: ssl_msg.c:2025 0x3ffc65b8: in_left: 0, nb_want: 5

I (6901) mbedtls: ssl_msg.c:2084 0x3ffc713c: ssl->f_send() returned 1053 (-0xfffffbe3)

I (6901) mbedtls: ssl_msg.c:2028 0x3ffc65b8: ssl->f_recv(_timeout)() returned 5 (-0xfffffffb)

I (6901) mbedtls: ssl_msg.c:2050 0x3ffc65b8: <= fetch input

D (6901) mbedtls: ssl_msg.c:3707 0x3ffc65b8: input record: msgtype = 23, version = [0x303], msglen = 1048

I (6901) mbedtls: ssl_msg.c:1865 0x3ffc65b8: => fetch input

I (6901) mbedtls: ssl_msg.c:2005 0x3ffc65b8: in_left: 5, nb_want: 1053

I (6901) mbedtls: ssl_msg.c:2025 0x3ffc65b8: in_left: 5, nb_want: 1053

I (6901) mbedtls: ssl_msg.c:2028 0x3ffc65b8: ssl->f_recv(_timeout)() returned 1048 (-0xfffffbe8)

I (6911) mbedtls: ssl_msg.c:2111 0x3ffc713c: <= flush output

[mem-tick] t=    5402 ms phase=thr-t0       free=174192
I (6911) mbedtls: ssl_msg.c:2050 0x3ffc65b8: <= fetch input

I (6911) mbedtls: ssl_msg.c:2790 0x3ffc713c: <= write record

I (6911) mbedtls: ssl_msg.c:5947 0x3ffc713c: <= write

I (6911) mbedtls: ssl_msg.c:5663 0x3ffc713c: => read

I (6911) mbedtls: ssl_msg.c:4040 0x3ffc713c: => read record

I (6911) mbedtls: ssl_msg.c:1865 0x3ffc713c: => fetch input

I (6911) mbedtls: ssl_msg.c:2005 0x3ffc713c: in_left: 0, nb_want: 5

I (6911) mbedtls: ssl_msg.c:1301 0x3ffc65b8: => decrypt buf

I (6911) mbedtls: ssl_msg.c:1831 0x3ffc65b8: <= decrypt buf

I (6911) mbedtls: ssl_msg.c:4112 0x3ffc65b8: <= read record

I (6911) mbedtls: ssl_msg.c:5823 0x3ffc65b8: <= read

I (6911) mbedtls: ssl_msg.c:5925 0x3ffc65b8: => write

I (6911) mbedtls: ssl_msg.c:2654 0x3ffc65b8: => write record

I (6911) mbedtls: ssl_msg.c:808 0x3ffc65b8: => encrypt buf

D (6911) mbedtls: ssl_msg.c:1036 0x3ffc65b8: before encrypt: msglen = 1024, including 0 bytes of padding

I (6911) mbedtls: ssl_msg.c:1265 0x3ffc65b8: <= encrypt buf

D (6911) mbedtls: ssl_msg.c:2737 0x3ffc65b8: output record: msgtype = 23, version = [3:3], msglen = 1048

I (6911) mbedtls: ssl_msg.c:2063 0x3ffc65b8: => flush output

I (6911) mbedtls: ssl_msg.c:2077 0x3ffc65b8: message length: 1053, out_left: 1053

I (6911) mbedtls: ssl_msg.c:2025 0x3ffc713c: in_left: 0, nb_want: 5

I (6911) mbedtls: ssl_msg.c:2084 0x3ffc65b8: ssl->f_send() returned 1053 (-0xfffffbe3)

I (6911) mbedtls: ssl_msg.c:2028 0x3ffc713c: ssl->f_recv(_timeout)() returned 5 (-0xfffffffb)

I (6911) mbedtls: ssl_msg.c:2111 0x3ffc65b8: <= flush output

I (6911) mbedtls: ssl_msg.c:2790 0x3ffc65b8: <= write record

I (6911) mbedtls: ssl_msg.c:5947 0x3ffc65b8: <= write

I (6911) mbedtls: ssl_msg.c:5663 0x3ffc65b8: => read

I (6921) mbedtls: ssl_msg.c:4040 0x3ffc65b8: => read record

I (6921) mbedtls: ssl_msg.c:2050 0x3ffc713c: <= fetch input

I (6921) mbedtls: ssl_msg.c:1865 0x3ffc65b8: => fetch input

I (6921) mbedtls: ssl_msg.c:2005 0x3ffc65b8: in_left: 0, nb_want: 5

D (6921) mbedtls: ssl_msg.c:3707 0x3ffc713c: input record: msgtype = 23, version = [0x303], msglen = 1048

I (6921) mbedtls: ssl_msg.c:1865 0x3ffc713c: => fetch input

I (6921) mbedtls: ssl_msg.c:2005 0x3ffc713c: in_left: 5, nb_want: 1053

I (6921) mbedtls: ssl_msg.c:2025 0x3ffc713c: in_left: 5, nb_want: 1053

I (6921) mbedtls: ssl_msg.c:2028 0x3ffc713c: ssl->f_recv(_timeout)() returned 1048 (-0xfffffbe8)

I (6921) mbedtls: ssl_msg.c:2050 0x3ffc713c: <= fetch input

I (6921) mbedtls: ssl_msg.c:1301 0x3ffc713c: => decrypt buf

I (6921) mbedtls: ssl_msg.c:1831 0x3ffc713c: <= decrypt buf

I (6921) mbedtls: ssl_msg.c:4112 0x3ffc713c: <= read record

I (6921) mbedtls: ssl_msg.c:5823 0x3ffc713c: <= read

I (6921) mbedtls: ssl_msg.c:5925 0x3ffc713c: => write

I (6921) mbedtls: ssl_msg.c:2654 0x3ffc713c: => write record

I (6921) mbedtls: ssl_msg.c:808 0x3ffc713c: => encrypt buf

D (6921) mbedtls: ssl_msg.c:1036 0x3ffc713c: before encrypt: msglen = 1024, including 0 bytes of padding

I (6921) mbedtls: ssl_msg.c:1265 0x3ffc713c: <= encrypt buf

D (6921) mbedtls: ssl_msg.c:2737 0x3ffc713c: output record: msgtype = 23, version = [3:3], msglen = 1048

I (6931) mbedtls: ssl_msg.c:2063 0x3ffc713c: => flush output

I (6931) mbedtls: ssl_msg.c:2077 0x3ffc713c: message length: 1053, out_left: 1053

I (6931) mbedtls: ssl_msg.c:2025 0x3ffc65b8: in_left: 0, nb_want: 5

I (6931) mbedtls: ssl_msg.c:2084 0x3ffc713c: ssl->f_send() returned 1053 (-0xfffffbe3)

I (6931) mbedtls: ssl_msg.c:2028 0x3ffc65b8: ssl->f_recv(_timeout)() returned 5 (-0xfffffffb)

I (6931) mbedtls: ssl_msg.c:2050 0x3ffc65b8: <= fetch input

D (6931) mbedtls: ssl_msg.c:3707 0x3ffc65b8: input record: msgtype = 23, version = [0x303], msglen = 1048

I (6931) mbedtls: ssl_msg.c:1865 0x3ffc65b8: => fetch input

I (6931) mbedtls: ssl_msg.c:2005 0x3ffc65b8: in_left: 5, nb_want: 1053

I (6931) mbedtls: ssl_msg.c:2025 0x3ffc65b8: in_left: 5, nb_want: 1053

I (6931) mbedtls: ssl_msg.c:2028 0x3ffc65b8: ssl->f_recv(_timeout)() returned 1048 (-0xfffffbe8)

I (6931) mbedtls: ssl_msg.c:2050 0x3ffc65b8: <= fetch input

I (6931) mbedtls: ssl_msg.c:1301 0x3ffc65b8: => decrypt buf

I (6931) mbedtls: ssl_msg.c:1831 0x3ffc65b8: <= decrypt buf

I (6931) mbedtls: ssl_msg.c:4112 0x3ffc65b8: <= read record

I (6931) mbedtls: ssl_msg.c:5823 0x3ffc65b8: <= read

I (6931) mbedtls: ssl_msg.c:5925 0x3ffc65b8: => write

I (6931) mbedtls: ssl_msg.c:2654 0x3ffc65b8: => write record

I (6931) mbedtls: ssl_msg.c:808 0x3ffc65b8: => encrypt buf

D (6931) mbedtls: ssl_msg.c:1036 0x3ffc65b8: before encrypt: msglen = 1024, including 0 bytes of padding

I (6931) mbedtls: ssl_msg.c:1265 0x3ffc65b8: <= encrypt buf

D (6931) mbedtls: ssl_msg.c:2737 0x3ffc65b8: output record: msgtype = 23, version = [3:3], msglen = 1048

I (6941) mbedtls: ssl_msg.c:2111 0x3ffc713c: <= flush output

I (6941) mbedtls: ssl_msg.c:2790 0x3ffc713c: <= write record

I (6941) mbedtls: ssl_msg.c:5947 0x3ffc713c: <= write

I (6941) mbedtls: ssl_msg.c:5663 0x3ffc713c: => read

I (6941) mbedtls: ssl_msg.c:4040 0x3ffc713c: => read record

I (6941) mbedtls: ssl_msg.c:1865 0x3ffc713c: => fetch input

I (6941) mbedtls: ssl_msg.c:2005 0x3ffc713c: in_left: 0, nb_want: 5

I (6941) mbedtls: ssl_msg.c:2063 0x3ffc65b8: => flush output

I (6941) mbedtls: ssl_msg.c:2077 0x3ffc65b8: message length: 1053, out_left: 1053

I (6941) mbedtls: ssl_msg.c:2084 0x3ffc65b8: ssl->f_send() returned 1053 (-0xfffffbe3)

I (6941) mbedtls: ssl_msg.c:2111 0x3ffc65b8: <= flush output

I (6941) mbedtls: ssl_msg.c:2790 0x3ffc65b8: <= write record

I (6941) mbedtls: ssl_msg.c:5947 0x3ffc65b8: <= write

I (6941) mbedtls: ssl_msg.c:5663 0x3ffc65b8: => read

I (6941) mbedtls: ssl_msg.c:4040 0x3ffc65b8: => read record

I (6941) mbedtls: ssl_msg.c:1865 0x3ffc65b8: => fetch input

I (6941) mbedtls: ssl_msg.c:2005 0x3ffc65b8: in_left: 0, nb_want: 5

I (6941) mbedtls: ssl_msg.c:2025 0x3ffc713c: in_left: 0, nb_want: 5

I (6941) mbedtls: ssl_msg.c:2028 0x3ffc713c: ssl->f_recv(_timeout)() returned 5 (-0xfffffffb)

I (6941) mbedtls: ssl_msg.c:2050 0x3ffc713c: <= fetch input

D (6941) mbedtls: ssl_msg.c:3707 0x3ffc713c: input record: msgtype = 23, version = [0x303], msglen = 1048

I (6941) mbedtls: ssl_msg.c:1865 0x3ffc713c: => fetch input

I (6941) mbedtls: ssl_msg.c:2005 0x3ffc713c: in_left: 5, nb_want: 1053

I (6941) mbedtls: ssl_msg.c:2025 0x3ffc713c: in_left: 5, nb_want: 1053

I (6941) mbedtls: ssl_msg.c:2028 0x3ffc713c: ssl->f_recv(_timeout)() returned 1048 (-0xfffffbe8)

I (6941) mbedtls: ssl_msg.c:2050 0x3ffc713c: <= fetch input

I (6941) mbedtls: ssl_msg.c:1301 0x3ffc713c: => decrypt buf

I (6941) mbedtls: ssl_msg.c:1831 0x3ffc713c: <= decrypt buf

I (6941) mbedtls: ssl_msg.c:4112 0x3ffc713c: <= read record

I (6941) mbedtls: ssl_msg.c:5823 0x3ffc713c: <= read

I (6941) mbedtls: ssl_msg.c:5925 0x3ffc713c: => write

I (6941) mbedtls: ssl_msg.c:2654 0x3ffc713c: => write record

I (6941) mbedtls: ssl_msg.c:808 0x3ffc713c: => encrypt buf

D (6941) mbedtls: ssl_msg.c:1036 0x3ffc713c: before encrypt: msglen = 1024, including 0 bytes of padding

I (6941) mbedtls: ssl_msg.c:1265 0x3ffc713c: <= encrypt buf

D (6951) mbedtls: ssl_msg.c:2737 0x3ffc713c: output record: msgtype = 23, version = [3:3], msglen = 1048

I (6951) mbedtls: ssl_msg.c:2063 0x3ffc713c: => flush output

I (6951) mbedtls: ssl_msg.c:2077 0x3ffc713c: message length: 1053, out_left: 1053

I (6951) mbedtls: ssl_msg.c:2084 0x3ffc713c: ssl->f_send() returned 1053 (-0xfffffbe3)

I (6951) mbedtls: ssl_msg.c:2111 0x3ffc713c: <= flush output

I (6951) mbedtls: ssl_msg.c:2025 0x3ffc65b8: in_left: 0, nb_want: 5

I (6951) mbedtls: ssl_msg.c:2028 0x3ffc65b8: ssl->f_recv(_timeout)() returned 5 (-0xfffffffb)

I (6951) mbedtls: ssl_msg.c:2050 0x3ffc65b8: <= fetch input

D (6951) mbedtls: ssl_msg.c:3707 0x3ffc65b8: input record: msgtype = 23, version = [0x303], msglen = 1048

I (6951) mbedtls: ssl_msg.c:1865 0x3ffc65b8: => fetch input

I (6951) mbedtls: ssl_msg.c:2005 0x3ffc65b8: in_left: 5, nb_want: 1053

I (6951) mbedtls: ssl_msg.c:2025 0x3ffc65b8: in_left: 5, nb_want: 1053

I (6951) mbedtls: ssl_msg.c:2028 0x3ffc65b8: ssl->f_recv(_timeout)() returned 1048 (-0xfffffbe8)

I (6951) mbedtls: ssl_msg.c:2050 0x3ffc65b8: <= fetch input

I (6951) mbedtls: ssl_msg.c:1301 0x3ffc65b8: => decrypt buf

I (6951) mbedtls: ssl_msg.c:1831 0x3ffc65b8: <= decrypt buf

I (6951) mbedtls: ssl_msg.c:4112 0x3ffc65b8: <= read record

I (6951) mbedtls: ssl_msg.c:5823 0x3ffc65b8: <= read

I (6951) mbedtls: ssl_msg.c:5925 0x3ffc65b8: => write

I (6951) mbedtls: ssl_msg.c:2654 0x3ffc65b8: => write record

I (6951) mbedtls: ssl_msg.c:808 0x3ffc65b8: => encrypt buf

D (6951) mbedtls: ssl_msg.c:1036 0x3ffc65b8: before encrypt: msglen = 1024, including 0 bytes of padding

I (6961) mbedtls: ssl_msg.c:1265 0x3ffc65b8: <= encrypt buf

I (6961) mbedtls: ssl_msg.c:2790 0x3ffc713c: <= write record

D (6961) mbedtls: ssl_msg.c:2737 0x3ffc65b8: output record: msgtype = 23, version = [3:3], msglen = 1048

I (6961) mbedtls: ssl_msg.c:2063 0x3ffc65b8: => flush output

I (6961) mbedtls: ssl_msg.c:5947 0x3ffc713c: <= write

I (6961) mbedtls: ssl_msg.c:2077 0x3ffc65b8: message length: 1053, out_left: 1053

I (6961) mbedtls: ssl_msg.c:2084 0x3ffc65b8: ssl->f_send() returned 1053 (-0xfffffbe3)

I (6961) mbedtls: ssl_msg.c:2111 0x3ffc65b8: <= flush output

I (6961) mbedtls: ssl_msg.c:2790 0x3ffc65b8: <= write record

I (6961) mbedtls: ssl_msg.c:5947 0x3ffc65b8: <= write

I (6961) mbedtls: ssl_msg.c:5663 0x3ffc65b8: => read

I (6961) mbedtls: ssl_msg.c:4040 0x3ffc65b8: => read record

I (6961) mbedtls: ssl_msg.c:1865 0x3ffc65b8: => fetch input

I (6961) mbedtls: ssl_msg.c:2005 0x3ffc65b8: in_left: 0, nb_want: 5

I (6961) mbedtls: ssl_msg.c:5663 0x3ffc713c: => read

I (6961) mbedtls: ssl_msg.c:4040 0x3ffc713c: => read record

I (6961) mbedtls: ssl_msg.c:1865 0x3ffc713c: => fetch input

I (6961) mbedtls: ssl_msg.c:2005 0x3ffc713c: in_left: 0, nb_want: 5

I (6961) mbedtls: ssl_msg.c:2025 0x3ffc713c: in_left: 0, nb_want: 5

I (6961) mbedtls: ssl_msg.c:2028 0x3ffc713c: ssl->f_recv(_timeout)() returned 5 (-0xfffffffb)

I (6961) mbedtls: ssl_msg.c:2050 0x3ffc713c: <= fetch input

D (6961) mbedtls: ssl_msg.c:3707 0x3ffc713c: input record: msgtype = 23, version = [0x303], msglen = 1048

I (6961) mbedtls: ssl_msg.c:1865 0x3ffc713c: => fetch input

I (6961) mbedtls: ssl_msg.c:2005 0x3ffc713c: in_left: 5, nb_want: 1053

I (6961) mbedtls: ssl_msg.c:2025 0x3ffc713c: in_left: 5, nb_want: 1053

I (6961) mbedtls: ssl_msg.c:2028 0x3ffc713c: ssl->f_recv(_timeout)() returned 1048 (-0xfffffbe8)

I (6961) mbedtls: ssl_msg.c:2050 0x3ffc713c: <= fetch input

I (6961) mbedtls: ssl_msg.c:1301 0x3ffc713c: => decrypt buf

I (6961) mbedtls: ssl_msg.c:1831 0x3ffc713c: <= decrypt buf

I (6961) mbedtls: ssl_msg.c:4112 0x3ffc713c: <= read record

I (6961) mbedtls: ssl_msg.c:5823 0x3ffc713c: <= read

I (6961) mbedtls: ssl_msg.c:5925 0x3ffc713c: => write

I (6961) mbedtls: ssl_msg.c:2654 0x3ffc713c: => write record

I (6961) mbedtls: ssl_msg.c:808 0x3ffc713c: => encrypt buf

D (6971) mbedtls: ssl_msg.c:1036 0x3ffc713c: before encrypt: msglen = 1024, including 0 bytes of padding

I (6971) mbedtls: ssl_msg.c:1265 0x3ffc713c: <= encrypt buf

D (6971) mbedtls: ssl_msg.c:2737 0x3ffc713c: output record: msgtype = 23, version = [3:3], msglen = 1048

I (6971) mbedtls: ssl_msg.c:2063 0x3ffc713c: => flush output

I (6971) mbedtls: ssl_msg.c:2077 0x3ffc713c: message length: 1053, out_left: 1053

I (6971) mbedtls: ssl_msg.c:2084 0x3ffc713c: ssl->f_send() returned 1053 (-0xfffffbe3)

I (6971) mbedtls: ssl_msg.c:2111 0x3ffc713c: <= flush output

I (6971) mbedtls: ssl_msg.c:2790 0x3ffc713c: <= write record

I (6971) mbedtls: ssl_msg.c:2025 0x3ffc65b8: in_left: 0, nb_want: 5

I (6971) mbedtls: ssl_msg.c:2028 0x3ffc65b8: ssl->f_recv(_timeout)() returned 5 (-0xfffffffb)

I (6971) mbedtls: ssl_msg.c:2050 0x3ffc65b8: <= fetch input

D (6971) mbedtls: ssl_msg.c:3707 0x3ffc65b8: input record: msgtype = 23, version = [0x303], msglen = 1048

I (6971) mbedtls: ssl_msg.c:1865 0x3ffc65b8: => fetch input

I (6971) mbedtls: ssl_msg.c:2005 0x3ffc65b8: in_left: 5, nb_want: 1053

I (6971) mbedtls: ssl_msg.c:2025 0x3ffc65b8: in_left: 5, nb_want: 1053

I (6971) mbedtls: ssl_msg.c:2028 0x3ffc65b8: ssl->f_recv(_timeout)() returned 1048 (-0xfffffbe8)

I (6971) mbedtls: ssl_msg.c:2050 0x3ffc65b8: <= fetch input

I (6971) mbedtls: ssl_msg.c:1301 0x3ffc65b8: => decrypt buf

I (6971) mbedtls: ssl_msg.c:1831 0x3ffc65b8: <= decrypt buf

I (6971) mbedtls: ssl_msg.c:4112 0x3ffc65b8: <= read record

I (6971) mbedtls: ssl_msg.c:5823 0x3ffc65b8: <= read

I (6971) mbedtls: ssl_msg.c:5925 0x3ffc65b8: => write

I (6971) mbedtls: ssl_msg.c:2654 0x3ffc65b8: => write record

I (6971) mbedtls: ssl_msg.c:808 0x3ffc65b8: => encrypt buf

I (6981) mbedtls: ssl_msg.c:5947 0x3ffc713c: <= write

I (6981) mbedtls: ssl_msg.c:5663 0x3ffc713c: => read

I (6981) mbedtls: ssl_msg.c:4040 0x3ffc713c: => read record

I (6981) mbedtls: ssl_msg.c:1865 0x3ffc713c: => fetch input

D (6981) mbedtls: ssl_msg.c:1036 0x3ffc65b8: before encrypt: msglen = 1024, including 0 bytes of padding

I (6981) mbedtls: ssl_msg.c:2005 0x3ffc713c: in_left: 0, nb_want: 5

I (6981) mbedtls: ssl_msg.c:1265 0x3ffc65b8: <= encrypt buf

D (6981) mbedtls: ssl_msg.c:2737 0x3ffc65b8: output record: msgtype = 23, version = [3:3], msglen = 1048

I (6981) mbedtls: ssl_msg.c:2063 0x3ffc65b8: => flush output

I (6981) mbedtls: ssl_msg.c:2077 0x3ffc65b8: message length: 1053, out_left: 1053

I (6981) mbedtls: ssl_msg.c:2084 0x3ffc65b8: ssl->f_send() returned 1053 (-0xfffffbe3)

I (6981) mbedtls: ssl_msg.c:2025 0x3ffc713c: in_left: 0, nb_want: 5

I (6981) mbedtls: ssl_msg.c:2111 0x3ffc65b8: <= flush output

I (6981) mbedtls: ssl_msg.c:2790 0x3ffc65b8: <= write record

I (6981) mbedtls: ssl_msg.c:5947 0x3ffc65b8: <= write

I (6981) mbedtls: ssl_msg.c:5663 0x3ffc65b8: => read

I (6981) mbedtls: ssl_msg.c:4040 0x3ffc65b8: => read record

I (6981) mbedtls: ssl_msg.c:1865 0x3ffc65b8: => fetch input

I (6981) mbedtls: ssl_msg.c:2005 0x3ffc65b8: in_left: 0, nb_want: 5

I (6981) mbedtls: ssl_msg.c:2028 0x3ffc713c: ssl->f_recv(_timeout)() returned 5 (-0xfffffffb)

I (6981) mbedtls: ssl_msg.c:2050 0x3ffc713c: <= fetch input

D (6981) mbedtls: ssl_msg.c:3707 0x3ffc713c: input record: msgtype = 23, version = [0x303], msglen = 1048

I (6981) mbedtls: ssl_msg.c:1865 0x3ffc713c: => fetch input

I (6981) mbedtls: ssl_msg.c:2005 0x3ffc713c: in_left: 5, nb_want: 1053

I (6981) mbedtls: ssl_msg.c:2025 0x3ffc713c: in_left: 5, nb_want: 1053

I (6981) mbedtls: ssl_msg.c:2028 0x3ffc713c: ssl->f_recv(_timeout)() returned 1048 (-0xfffffbe8)

I (6981) mbedtls: ssl_msg.c:2050 0x3ffc713c: <= fetch input

I (6981) mbedtls: ssl_msg.c:1301 0x3ffc713c: => decrypt buf

I (6981) mbedtls: ssl_msg.c:1831 0x3ffc713c: <= decrypt buf

I (6981) mbedtls: ssl_msg.c:4112 0x3ffc713c: <= read record

I (6981) mbedtls: ssl_msg.c:5823 0x3ffc713c: <= read

I (6981) mbedtls: ssl_msg.c:5925 0x3ffc713c: => write

I (6981) mbedtls: ssl_msg.c:2654 0x3ffc713c: => write record

I (6981) mbedtls: ssl_msg.c:808 0x3ffc713c: => encrypt buf

D (6991) mbedtls: ssl_msg.c:1036 0x3ffc713c: before encrypt: msglen = 1024, including 0 bytes of padding

I (6991) mbedtls: ssl_msg.c:1265 0x3ffc713c: <= encrypt buf

D (6991) mbedtls: ssl_msg.c:2737 0x3ffc713c: output record: msgtype = 23, version = [3:3], msglen = 1048

I (6991) mbedtls: ssl_msg.c:2063 0x3ffc713c: => flush output

I (6991) mbedtls: ssl_msg.c:2077 0x3ffc713c: message length: 1053, out_left: 1053

I (6991) mbedtls: ssl_msg.c:2025 0x3ffc65b8: in_left: 0, nb_want: 5

I (6991) mbedtls: ssl_msg.c:2084 0x3ffc713c: ssl->f_send() returned 1053 (-0xfffffbe3)

I (6991) mbedtls: ssl_msg.c:2028 0x3ffc65b8: ssl->f_recv(_timeout)() returned 5 (-0xfffffffb)

I (6991) mbedtls: ssl_msg.c:2050 0x3ffc65b8: <= fetch input

D (6991) mbedtls: ssl_msg.c:3707 0x3ffc65b8: input record: msgtype = 23, version = [0x303], msglen = 1048

I (6991) mbedtls: ssl_msg.c:1865 0x3ffc65b8: => fetch input

I (6991) mbedtls: ssl_msg.c:2005 0x3ffc65b8: in_left: 5, nb_want: 1053

I (6991) mbedtls: ssl_msg.c:2025 0x3ffc65b8: in_left: 5, nb_want: 1053

I (6991) mbedtls: ssl_msg.c:2028 0x3ffc65b8: ssl->f_recv(_timeout)() returned 1048 (-0xfffffbe8)

I (6991) mbedtls: ssl_msg.c:2050 0x3ffc65b8: <= fetch input

I (6991) mbedtls: ssl_msg.c:1301 0x3ffc65b8: => decrypt buf

I (6991) mbedtls: ssl_msg.c:1831 0x3ffc65b8: <= decrypt buf

I (6991) mbedtls: ssl_msg.c:4112 0x3ffc65b8: <= read record

I (6991) mbedtls: ssl_msg.c:5823 0x3ffc65b8: <= read

I (6991) mbedtls: ssl_msg.c:5925 0x3ffc65b8: => write

I (7001) mbedtls: ssl_msg.c:2654 0x3ffc65b8: => write record

I (7001) mbedtls: ssl_msg.c:808 0x3ffc65b8: => encrypt buf

D (7001) mbedtls: ssl_msg.c:1036 0x3ffc65b8: before encrypt: msglen = 1024, including 0 bytes of padding

I (7001) mbedtls: ssl_msg.c:1265 0x3ffc65b8: <= encrypt buf

I (7001) mbedtls: ssl_msg.c:2111 0x3ffc713c: <= flush output

D (7001) mbedtls: ssl_msg.c:2737 0x3ffc65b8: output record: msgtype = 23, version = [3:3], msglen = 1048

I (7001) mbedtls: ssl_msg.c:2063 0x3ffc65b8: => flush output

I (7001) mbedtls: ssl_msg.c:2077 0x3ffc65b8: message length: 1053, out_left: 1053

I (7001) mbedtls: ssl_msg.c:2084 0x3ffc65b8: ssl->f_send() returned 1053 (-0xfffffbe3)

I (7001) mbedtls: ssl_msg.c:2111 0x3ffc65b8: <= flush output

I (7001) mbedtls: ssl_msg.c:2790 0x3ffc65b8: <= write record

I (7001) mbedtls: ssl_msg.c:5947 0x3ffc65b8: <= write

I (7001) mbedtls: ssl_msg.c:5663 0x3ffc65b8: => read

I (7001) mbedtls: ssl_msg.c:4040 0x3ffc65b8: => read record

I (7001) mbedtls: ssl_msg.c:1865 0x3ffc65b8: => fetch input

I (7001) mbedtls: ssl_msg.c:2005 0x3ffc65b8: in_left: 0, nb_want: 5

I (7001) mbedtls: ssl_msg.c:2790 0x3ffc713c: <= write record

I (7001) mbedtls: ssl_msg.c:5947 0x3ffc713c: <= write

I (7001) mbedtls: ssl_msg.c:5663 0x3ffc713c: => read

I (7001) mbedtls: ssl_msg.c:4040 0x3ffc713c: => read record

I (7001) mbedtls: ssl_msg.c:1865 0x3ffc713c: => fetch input

I (7001) mbedtls: ssl_msg.c:2005 0x3ffc713c: in_left: 0, nb_want: 5

I (7001) mbedtls: ssl_msg.c:2025 0x3ffc713c: in_left: 0, nb_want: 5

I (7001) mbedtls: ssl_msg.c:2028 0x3ffc713c: ssl->f_recv(_timeout)() returned 5 (-0xfffffffb)

I (7001) mbedtls: ssl_msg.c:2050 0x3ffc713c: <= fetch input

D (7001) mbedtls: ssl_msg.c:3707 0x3ffc713c: input record: msgtype = 23, version = [0x303], msglen = 1048

I (7001) mbedtls: ssl_msg.c:1865 0x3ffc713c: => fetch input

I (7001) mbedtls: ssl_msg.c:2005 0x3ffc713c: in_left: 5, nb_want: 1053

I (7001) mbedtls: ssl_msg.c:2025 0x3ffc713c: in_left: 5, nb_want: 1053

I (7001) mbedtls: ssl_msg.c:2028 0x3ffc713c: ssl->f_recv(_timeout)() returned 1048 (-0xfffffbe8)

I (7001) mbedtls: ssl_msg.c:2050 0x3ffc713c: <= fetch input

I (7001) mbedtls: ssl_msg.c:1301 0x3ffc713c: => decrypt buf

I (7001) mbedtls: ssl_msg.c:1831 0x3ffc713c: <= decrypt buf

[mem-tick] t=    5502 ms phase=thr-t0       free=174192
I (7011) mbedtls: ssl_msg.c:4112 0x3ffc713c: <= read record

I (7011) mbedtls: ssl_msg.c:5823 0x3ffc713c: <= read

I (7011) mbedtls: ssl_msg.c:5925 0x3ffc713c: => write

I (7011) mbedtls: ssl_msg.c:2654 0x3ffc713c: => write record

I (7011) mbedtls: ssl_msg.c:808 0x3ffc713c: => encrypt buf

D (7011) mbedtls: ssl_msg.c:1036 0x3ffc713c: before encrypt: msglen = 1024, including 0 bytes of padding
[LOG TRUNCATED: 原始 721637 行 / 26M，关键证据行与末尾 500 行如下，完整日志可按工程 README/文章实验节复现]
[原文件 L718463] W (145961) mbedtls: ssl_tls.c:1204 0x3ffdf2cc: alloc(16717 bytes) failed

I (147231) mbedtls: ssl_msg.c:2050 0x3ffc65b8: <= fetch input

I (147231) mbedtls: ssl_msg.c:4112 0x3ffc65b8: <= read record

D (147231) mbedtls: ssl_msg.c:5130 0x3ffc65b8: switching to new transform spec for inbound data

D (147231) mbedtls: ssl_misc.h:1295 0x3ffc65b8: handshake state: 12 (MBEDTLS_SSL_SERVER_CHANGE_CIPHER_SPEC) -> 13 (MBEDTLS_SSL_SERVER_FINISHED)

I (147231) mbedtls: ssl_msg.c:5157 0x3ffc65b8: <= parse change cipher spec

I (147231) mbedtls: ssl_msg.c:2063 0x3ffc65b8: => flush output

I (147231) mbedtls: ssl_msg.c:2072 0x3ffc65b8: <= flush output

I (147231) mbedtls: ssl_tls.c:4201 0x3ffc65b8: client state: MBEDTLS_SSL_SERVER_FINISHED

I (147231) mbedtls: ssl_tls.c:7500 0x3ffc65b8: => parse finished

I (147231) mbedtls: ssl_tls.c:7235 0x3ffc65b8: => calc PSA finished tls

D (147231) mbedtls: ssl_tls.c:7246 0x3ffc65b8: dumping 'PSA calculated padbuf' (48 bytes)

D (147231) mbedtls: ssl_tls.c:7246 0x3ffc65b8: 0000:  29 a7 a2 7f c2 79 7e 11 f8 a8 3a 64 0a 44 5f 68  )....y~...:d.D_h

D (147231) mbedtls: ssl_tls.c:7246 0x3ffc65b8: 0010:  19 b6 fb 06 01 b5 62 3c c5 04 96 83 4e 2e 80 06  ......b<....N...

D (147231) mbedtls: ssl_tls.c:7246 0x3ffc65b8: 0020:  ba 1c 3d bb da 28 d7 79 11 a0 0c c1 65 39 22 34  ..=..(.y....e9"4

D (147231) mbedtls: ssl_tls.c:7258 0x3ffc65b8: dumping 'calc finished result' (12 bytes)

D (147231) mbedtls: ssl_tls.c:7258 0x3ffc65b8: 0000:  65 29 3c c8 42 0c 2b 3c 4f 1b c6 30              e)<.B.+<O..0

I (147231) mbedtls: ssl_tls.c:7262 0x3ffc65b8: <= calc finished

I (147231) mbedtls: ssl_msg.c:4040 0x3ffc65b8: => read record

I (147231) mbedtls: ssl_msg.c:1865 0x3ffc65b8: => fetch input

I (147231) mbedtls: ssl_msg.c:2005 0x3ffc65b8: in_left: 0, nb_want: 5

I (147231) mbedtls: ssl_msg.c:2025 0x3ffc65b8: in_left: 0, nb_want: 5

I (147231) mbedtls: ssl_msg.c:2028 0x3ffc65b8: ssl->f_recv(_timeout)() returned 5 (-0xfffffffb)

I (147231) mbedtls: ssl_msg.c:2050 0x3ffc65b8: <= fetch input

D (147231) mbedtls: ssl_msg.c:3707 0x3ffc65b8: input record: msgtype = 22, version = [0x303], msglen = 40

I (147231) mbedtls: ssl_msg.c:1865 0x3ffc65b8: => fetch input

I (147231) mbedtls: ssl_msg.c:2005 0x3ffc65b8: in_left: 5, nb_want: 45

I (147231) mbedtls: ssl_msg.c:2025 0x3ffc65b8: in_left: 5, nb_want: 45

I (147231) mbedtls: ssl_msg.c:2028 0x3ffc65b8: ssl->f_recv(_timeout)() returned 40 (-0xffffffd8)

I (147231) mbedtls: ssl_msg.c:2050 0x3ffc65b8: <= fetch input

I (147231) mbedtls: ssl_msg.c:1301 0x3ffc65b8: => decrypt buf

I (147231) mbedtls: ssl_msg.c:1831 0x3ffc65b8: <= decrypt buf

D (147231) mbedtls: ssl_msg.c:2948 0x3ffc65b8: handshake message: msglen = 16, type = 20, hslen = 16

D (147231) mbedtls: ssl_msg.c:3085 0x3ffc65b8: sole handshake fragment: 16, 0..16 of 16

I (147231) mbedtls: ssl_msg.c:4112 0x3ffc65b8: <= read record

D (147231) mbedtls: ssl_misc.h:1295 0x3ffc65b8: handshake state: 13 (MBEDTLS_SSL_SERVER_FINISHED) -> 14 (MBEDTLS_SSL_FLUSH_BUFFERS)

I (147231) mbedtls: ssl_tls.c:7571 0x3ffc65b8: <= parse finished

I (147231) mbedtls: ssl_msg.c:2063 0x3ffc65b8: => flush output

I (147231) mbedtls: ssl_msg.c:2072 0x3ffc65b8: <= flush output

I (147231) mbedtls: ssl_tls.c:4201 0x3ffc65b8: client state: MBEDTLS_SSL_FLUSH_BUFFERS

I (147231) mbedtls: ssl_tls12_client.c:3031 0x3ffc65b8: handshake: done

D (147231) mbedtls: ssl_misc.h:1295 0x3ffc65b8: handshake state: 14 (MBEDTLS_SSL_FLUSH_BUFFERS) -> 15 (MBEDTLS_SSL_HANDSHAKE_WRAPUP)

I (147231) mbedtls: ssl_msg.c:2063 0x3ffc65b8: => flush output

I (147231) mbedtls: ssl_msg.c:2072 0x3ffc65b8: <= flush output

I (147231) mbedtls: ssl_tls.c:4201 0x3ffc65b8: client state: MBEDTLS_SSL_HANDSHAKE_WRAPUP

D (147231) mbedtls: ssl_tls.c:7322 0x3ffc65b8: => handshake wrapup

D (147231) mbedtls: ssl_tls.c:7296 0x3ffc65b8: => handshake wrapup: final free

D (147231) mbedtls: ssl_tls.c:7315 0x3ffc65b8: <= handshake wrapup: final free

D (147231) mbedtls: ssl_misc.h:1295 0x3ffc65b8: handshake state: 15 (MBEDTLS_SSL_HANDSHAKE_WRAPUP) -> 27 (MBEDTLS_SSL_HANDSHAKE_OVER)

D (147241) mbedtls: ssl_tls.c:7376 0x3ffc65b8: <= handshake wrapup

I (147241) mbedtls: ssl_tls.c:4293 0x3ffc65b8: <= handshake

[e1] connected with PINNED cert, handshake=247569 us
--- E2: pinned WRONG cert as CA => expect verify failure ---
D (147241) esp-tls: handshake in progress...
I (147241) mbedtls: ssl_tls.c:4282 0x3ffc65b8: => handshake

I (147241) mbedtls: ssl_msg.c:2063 0x3ffc65b8: => flush output

I (147241) mbedtls: ssl_msg.c:2072 0x3ffc65b8: <= flush output

I (147241) mbedtls: ssl_tls.c:4201 0x3ffc65b8: client state: MBEDTLS_SSL_HELLO_REQUEST

D (147241) mbedtls: ssl_misc.h:1295 0x3ffc65b8: handshake state: 0 (MBEDTLS_SSL_HELLO_REQUEST) -> 1 (MBEDTLS_SSL_CLIENT_HELLO)

I (147241) mbedtls: ssl_msg.c:2063 0x3ffc65b8: => flush output

I (147241) mbedtls: ssl_msg.c:2072 0x3ffc65b8: <= flush output

I (147241) mbedtls: ssl_tls.c:4201 0x3ffc65b8: client state: MBEDTLS_SSL_CLIENT_HELLO

I (147241) mbedtls: ssl_client.c:917 0x3ffc65b8: => write client hello

D (147241) mbedtls: ssl_client.c:722 0x3ffc65b8: client hello, current time: 145

D (147241) mbedtls: ssl_client.c:485 0x3ffc65b8: dumping 'client hello, random bytes' (32 bytes)

D (147241) mbedtls: ssl_client.c:485 0x3ffc65b8: 0000:  00 00 00 91 a2 d1 a8 cc 02 2b f3 07 cb a2 f7 de  .........+......

D (147241) mbedtls: ssl_client.c:485 0x3ffc65b8: 0010:  88 3d 1c 45 4f ee d7 24 3d 59 05 b9 7e 6f 2b 8a  .=.EO..$=Y..~o+.

D (147241) mbedtls: ssl_client.c:510 0x3ffc65b8: dumping 'session id' (0 bytes)

D (147241) mbedtls: ssl_client.c:368 0x3ffc65b8: client hello, add ciphersuite: c02c, TLS-ECDHE-ECDSA-WITH-AES-256-GCM-SHA384

D (147241) mbedtls: ssl_client.c:368 0x3ffc65b8: client hello, add ciphersuite: c030, TLS-ECDHE-RSA-WITH-AES-256-GCM-SHA384

D (147241) mbedtls: ssl_client.c:368 0x3ffc65b8: client hello, add ciphersuite: c0ad, TLS-ECDHE-ECDSA-WITH-AES-256-CCM

D (147241) mbedtls: ssl_client.c:368 0x3ffc65b8: client hello, add ciphersuite: c024, TLS-ECDHE-ECDSA-WITH-AES-256-CBC-SHA384

D (147241) mbedtls: ssl_client.c:368 0x3ffc65b8: client hello, add ciphersuite: c028, TLS-ECDHE-RSA-WITH-AES-256-CBC-SHA384

D (147241) mbedtls: ssl_client.c:368 0x3ffc65b8: client hello, add ciphersuite: c00a, TLS-ECDHE-ECDSA-WITH-AES-256-CBC-SHA

D (147241) mbedtls: ssl_client.c:368 0x3ffc65b8: client hello, add ciphersuite: c014, TLS-ECDHE-RSA-WITH-AES-256-CBC-SHA

D (147241) mbedtls: ssl_client.c:368 0x3ffc65b8: client hello, add ciphersuite: c0af, TLS-ECDHE-ECDSA-WITH-AES-256-CCM-8

D (147241) mbedtls: ssl_client.c:368 0x3ffc65b8: client hello, add ciphersuite: c02b, TLS-ECDHE-ECDSA-WITH-AES-128-GCM-SHA256

D (147241) mbedtls: ssl_client.c:368 0x3ffc65b8: client hello, add ciphersuite: c02f, TLS-ECDHE-RSA-WITH-AES-128-GCM-SHA256

D (147241) mbedtls: ssl_client.c:368 0x3ffc65b8: client hello, add ciphersuite: c0ac, TLS-ECDHE-ECDSA-WITH-AES-128-CCM

D (147241) mbedtls: ssl_client.c:368 0x3ffc65b8: client hello, add ciphersuite: c023, TLS-ECDHE-ECDSA-WITH-AES-128-CBC-SHA256

D (147241) mbedtls: ssl_client.c:368 0x3ffc65b8: client hello, add ciphersuite: c027, TLS-ECDHE-RSA-WITH-AES-128-CBC-SHA256

D (147241) mbedtls: ssl_client.c:368 0x3ffc65b8: client hello, add ciphersuite: c009, TLS-ECDHE-ECDSA-WITH-AES-128-CBC-SHA

D (147241) mbedtls: ssl_client.c:368 0x3ffc65b8: client hello, add ciphersuite: c013, TLS-ECDHE-RSA-WITH-AES-128-CBC-SHA

D (147251) mbedtls: ssl_client.c:368 0x3ffc65b8: client hello, add ciphersuite: c0ae, TLS-ECDHE-ECDSA-WITH-AES-128-CCM-8

D (147251) mbedtls: ssl_client.c:386 0x3ffc65b8: adding EMPTY_RENEGOTIATION_INFO_SCSV

D (147251) mbedtls: ssl_client.c:395 0x3ffc65b8: client hello, got 17 cipher suites

D (147251) mbedtls: ssl_client.c:39 0x3ffc65b8: client hello, adding server name extension: localhost

D (147251) mbedtls: ssl_client.c:229 0x3ffc65b8: client hello, adding supported_groups extension

D (147251) mbedtls: ssl_client.c:248 0x3ffc65b8: got supported group(001d)

D (147251) mbedtls: ssl_client.c:280 0x3ffc65b8: NamedGroup: x25519 ( 1d )

D (147251) mbedtls: ssl_client.c:248 0x3ffc65b8: got supported group(0017)

D (147251) mbedtls: ssl_client.c:280 0x3ffc65b8: NamedGroup: secp256r1 ( 17 )

D (147251) mbedtls: ssl_client.c:248 0x3ffc65b8: got supported group(0018)

D (147251) mbedtls: ssl_client.c:280 0x3ffc65b8: NamedGroup: secp384r1 ( 18 )

D (147251) mbedtls: ssl_client.c:248 0x3ffc65b8: got supported group(001e)

D (147251) mbedtls: ssl_client.c:280 0x3ffc65b8: NamedGroup: x448 ( 1e )

D (147251) mbedtls: ssl_client.c:248 0x3ffc65b8: got supported group(0019)

D (147251) mbedtls: ssl_client.c:280 0x3ffc65b8: NamedGroup: secp521r1 ( 19 )

D (147251) mbedtls: ssl_client.c:248 0x3ffc65b8: got supported group(001a)

D (147251) mbedtls: ssl_client.c:280 0x3ffc65b8: NamedGroup: bp256r1 ( 1a )

D (147251) mbedtls: ssl_client.c:248 0x3ffc65b8: got supported group(001b)

D (147251) mbedtls: ssl_client.c:280 0x3ffc65b8: NamedGroup: bp384r1 ( 1b )

D (147251) mbedtls: ssl_client.c:248 0x3ffc65b8: got supported group(001c)

D (147251) mbedtls: ssl_client.c:280 0x3ffc65b8: NamedGroup: bp512r1 ( 1c )

D (147251) mbedtls: ssl_client.c:248 0x3ffc65b8: got supported group(0100)

D (147251) mbedtls: ssl_client.c:248 0x3ffc65b8: got supported group(0101)

D (147251) mbedtls: ssl_client.c:248 0x3ffc65b8: got supported group(0102)

D (147251) mbedtls: ssl_client.c:248 0x3ffc65b8: got supported group(0103)

D (147251) mbedtls: ssl_client.c:248 0x3ffc65b8: got supported group(0104)

D (147251) mbedtls: ssl_client.c:300 0x3ffc65b8: dumping 'Supported groups extension' (18 bytes)

D (147251) mbedtls: ssl_client.c:300 0x3ffc65b8: 0000:  00 10 00 1d 00 17 00 18 00 1e 00 19 00 1a 00 1b  ................

D (147251) mbedtls: ssl_client.c:300 0x3ffc65b8: 0010:  00 1c                                            ..

D (147251) mbedtls: ssl_tls.c:8276 0x3ffc65b8: adding signature_algorithms extension

D (147251) mbedtls: ssl_tls.c:8296 0x3ffc65b8: got signature scheme [603] ecdsa_secp521r1_sha512

D (147251) mbedtls: ssl_tls.c:8305 0x3ffc65b8: sent signature scheme [603] ecdsa_secp521r1_sha512

D (147251) mbedtls: ssl_tls.c:8296 0x3ffc65b8: got signature scheme [806] rsa_pss_rsae_sha512

D (147251) mbedtls: ssl_tls.c:8296 0x3ffc65b8: got signature scheme [601] rsa_pkcs1_sha512

D (147251) mbedtls: ssl_tls.c:8305 0x3ffc65b8: sent signature scheme [601] rsa_pkcs1_sha512

D (147251) mbedtls: ssl_tls.c:8296 0x3ffc65b8: got signature scheme [503] ecdsa_secp384r1_sha384

D (147251) mbedtls: ssl_tls.c:8305 0x3ffc65b8: sent signature scheme [503] ecdsa_secp384r1_sha384

D (147251) mbedtls: ssl_tls.c:8296 0x3ffc65b8: got signature scheme [805] rsa_pss_rsae_sha384

D (147251) mbedtls: ssl_tls.c:8296 0x3ffc65b8: got signature scheme [501] rsa_pkcs1_sha384

D (147251) mbedtls: ssl_tls.c:8305 0x3ffc65b8: sent signature scheme [501] rsa_pkcs1_sha384

D (147251) mbedtls: ssl_tls.c:8296 0x3ffc65b8: got signature scheme [403] ecdsa_secp256r1_sha256

D (147251) mbedtls: ssl_tls.c:8305 0x3ffc65b8: sent signature scheme [403] ecdsa_secp256r1_sha256

D (147251) mbedtls: ssl_tls.c:8296 0x3ffc65b8: got signature scheme [804] rsa_pss_rsae_sha256

D (147251) mbedtls: ssl_tls.c:8296 0x3ffc65b8: got signature scheme [401] rsa_pkcs1_sha256

D (147251) mbedtls: ssl_tls.c:8305 0x3ffc65b8: sent signature scheme [401] rsa_pkcs1_sha256

D (147251) mbedtls: ssl_tls12_client.c:103 0x3ffc65b8: client hello, adding supported_point_formats extension

D (147251) mbedtls: ssl_tls12_client.c:287 0x3ffc65b8: client hello, adding encrypt_then_mac extension

D (147251) mbedtls: ssl_tls12_client.c:319 0x3ffc65b8: client hello, adding extended_master_secret extension

D (147251) mbedtls: ssl_tls12_client.c:352 0x3ffc65b8: client hello, adding session ticket extension

D (147251) mbedtls: ssl_client.c:687 0x3ffc65b8: client hello, total extension length: 76

D (147251) mbedtls: ssl_client.c:689 0x3ffc65b8: dumping 'client hello extensions' (76 bytes)

D (147251) mbedtls: ssl_client.c:689 0x3ffc65b8: 0000:  00 4c 00 00 00 0e 00 0c 00 00 09 6c 6f 63 61 6c  .L.........local

D (147251) mbedtls: ssl_client.c:689 0x3ffc65b8: 0010:  68 6f 73 74 00 0a 00 12 00 10 00 1d 00 17 00 18  host............

D (147251) mbedtls: ssl_client.c:689 0x3ffc65b8: 0020:  00 1e 00 19 00 1a 00 1b 00 1c 00 0d 00 0e 00 0c  ................

D (147251) mbedtls: ssl_client.c:689 0x3ffc65b8: 0030:  06 03 06 01 05 03 05 01 04 03 04 01 00 0b 00 02  ................

D (147251) mbedtls: ssl_client.c:689 0x3ffc65b8: 0040:  01 00 00 16 00 00 00 17 00 00 00 23              ...........#

I (147251) mbedtls: ssl_msg.c:2494 0x3ffc65b8: => write handshake message

I (147251) mbedtls: ssl_msg.c:2654 0x3ffc65b8: => write record

D (147251) mbedtls: ssl_msg.c:2737 0x3ffc65b8: output record: msgtype = 22, version = [3:3], msglen = 155

I (147251) mbedtls: ssl_msg.c:2790 0x3ffc65b8: <= write record

I (147251) mbedtls: ssl_msg.c:2615 0x3ffc65b8: <= write handshake message

D (147251) mbedtls: ssl_misc.h:1295 0x3ffc65b8: handshake state: 1 (MBEDTLS_SSL_CLIENT_HELLO) -> 2 (MBEDTLS_SSL_SERVER_HELLO)

I (147251) mbedtls: ssl_client.c:1010 0x3ffc65b8: <= write client hello

I (147251) mbedtls: ssl_msg.c:2063 0x3ffc65b8: => flush output

I (147251) mbedtls: ssl_msg.c:2077 0x3ffc65b8: message length: 160, out_left: 160

I (147261) mbedtls: ssl_msg.c:2084 0x3ffc65b8: ssl->f_send() returned 160 (-0xffffff60)

I (147261) mbedtls: ssl_msg.c:2111 0x3ffc65b8: <= flush output

I (147261) mbedtls: ssl_tls.c:4201 0x3ffc65b8: client state: MBEDTLS_SSL_SERVER_HELLO

I (147261) mbedtls: ssl_tls12_client.c:1151 0x3ffc65b8: => parse server hello

I (147261) mbedtls: ssl_msg.c:4040 0x3ffc65b8: => read record

I (147261) mbedtls: ssl_msg.c:1865 0x3ffc65b8: => fetch input

I (147261) mbedtls: ssl_msg.c:2005 0x3ffc65b8: in_left: 0, nb_want: 5

I (147261) mbedtls: ssl_msg.c:2025 0x3ffc65b8: in_left: 0, nb_want: 5

I (147261) mbedtls: ssl_msg.c:2028 0x3ffc65b8: ssl->f_recv(_timeout)() returned 5 (-0xfffffffb)

I (147261) mbedtls: ssl_msg.c:2050 0x3ffc65b8: <= fetch input

D (147261) mbedtls: ssl_msg.c:3707 0x3ffc65b8: input record: msgtype = 22, version = [0x303], msglen = 65

I (147261) mbedtls: ssl_msg.c:1865 0x3ffc65b8: => fetch input

I (147261) mbedtls: ssl_msg.c:2005 0x3ffc65b8: in_left: 5, nb_want: 70

I (147261) mbedtls: ssl_msg.c:2025 0x3ffc65b8: in_left: 5, nb_want: 70

I (147261) mbedtls: ssl_msg.c:2028 0x3ffc65b8: ssl->f_recv(_timeout)() returned 65 (-0xffffffbf)

I (147261) mbedtls: ssl_msg.c:2050 0x3ffc65b8: <= fetch input

D (147261) mbedtls: ssl_msg.c:2948 0x3ffc65b8: handshake message: msglen = 65, type = 2, hslen = 65

D (147261) mbedtls: ssl_msg.c:3085 0x3ffc65b8: sole handshake fragment: 65, 0..65 of 65

I (147261) mbedtls: ssl_msg.c:4112 0x3ffc65b8: <= read record

D (147261) mbedtls: ssl_tls12_client.c:1225 0x3ffc65b8: dumping 'server hello, version' (2 bytes)

D (147261) mbedtls: ssl_tls12_client.c:1225 0x3ffc65b8: 0000:  03 03                                            ..

D (147261) mbedtls: ssl_tls12_client.c:1246 0x3ffc65b8: server hello, current time: 2726184236

D (147261) mbedtls: ssl_tls12_client.c:1256 0x3ffc65b8: dumping 'server hello, random bytes' (32 bytes)

D (147261) mbedtls: ssl_tls12_client.c:1256 0x3ffc65b8: 0000:  a2 7e 45 2c 40 b0 63 4e 13 e1 7a 8f 4e 8d 26 9c  .~E,@.cN..z.N.&.

D (147261) mbedtls: ssl_tls12_client.c:1256 0x3ffc65b8: 0010:  ff 4f 8d 5c 43 2e 47 e6 f7 e1 a0 52 c8 d5 05 d7  .O.\C.G....R....

D (147261) mbedtls: ssl_tls12_client.c:1318 0x3ffc65b8: server hello, session id len.: 0

D (147261) mbedtls: ssl_tls12_client.c:1319 0x3ffc65b8: dumping 'server hello, session id' (0 bytes)

D (147261) mbedtls: ssl_misc.h:1295 0x3ffc65b8: handshake state: 2 (MBEDTLS_SSL_SERVER_HELLO) -> 3 (MBEDTLS_SSL_SERVER_CERTIFICATE)

D (147261) mbedtls: ssl_tls12_client.c:1343 0x3ffc65b8: no session has been resumed

D (147261) mbedtls: ssl_tls12_client.c:1346 0x3ffc65b8: server hello, chosen ciphersuite: c030

D (147261) mbedtls: ssl_tls12_client.c:1347 0x3ffc65b8: server hello, compress alg.: 0

D (147261) mbedtls: ssl_tls12_client.c:1382 0x3ffc65b8: server hello, chosen ciphersuite: TLS-ECDHE-RSA-WITH-AES-256-GCM-SHA384

I (147261) mbedtls: ssl_tls12_client.c:1403 0x3ffc65b8: server hello, total extension length: 21

D (147261) mbedtls: ssl_tls12_client.c:1421 0x3ffc65b8: found renegotiation extension

D (147261) mbedtls: ssl_tls12_client.c:1500 0x3ffc65b8: found supported_point_formats extension

D (147261) mbedtls: ssl_tls12_client.c:1486 0x3ffc65b8: found session_ticket extension

D (147261) mbedtls: ssl_tls12_client.c:1473 0x3ffc65b8: found extended_master_secret extension

I (147261) mbedtls: ssl_tls12_client.c:1617 0x3ffc65b8: <= parse server hello

I (147261) mbedtls: ssl_msg.c:2063 0x3ffc65b8: => flush output

I (147261) mbedtls: ssl_msg.c:2072 0x3ffc65b8: <= flush output

I (147261) mbedtls: ssl_tls.c:4201 0x3ffc65b8: client state: MBEDTLS_SSL_SERVER_CERTIFICATE

I (147261) mbedtls: ssl_tls.c:7077 0x3ffc65b8: => parse certificate

I (147261) mbedtls: ssl_msg.c:4040 0x3ffc65b8: => read record

I (147261) mbedtls: ssl_msg.c:1865 0x3ffc65b8: => fetch input

I (147261) mbedtls: ssl_msg.c:2005 0x3ffc65b8: in_left: 0, nb_want: 5

I (147271) mbedtls: ssl_msg.c:2025 0x3ffc65b8: in_left: 0, nb_want: 5

I (147271) mbedtls: ssl_msg.c:2028 0x3ffc65b8: ssl->f_recv(_timeout)() returned 5 (-0xfffffffb)

I (147271) mbedtls: ssl_msg.c:2050 0x3ffc65b8: <= fetch input

D (147271) mbedtls: ssl_msg.c:3707 0x3ffc65b8: input record: msgtype = 22, version = [0x303], msglen = 791

I (147271) mbedtls: ssl_msg.c:1865 0x3ffc65b8: => fetch input

I (147271) mbedtls: ssl_msg.c:2005 0x3ffc65b8: in_left: 5, nb_want: 796

I (147271) mbedtls: ssl_msg.c:2025 0x3ffc65b8: in_left: 5, nb_want: 796

I (147271) mbedtls: ssl_msg.c:2028 0x3ffc65b8: ssl->f_recv(_timeout)() returned 791 (-0xfffffce9)

I (147271) mbedtls: ssl_msg.c:2050 0x3ffc65b8: <= fetch input

D (147271) mbedtls: ssl_msg.c:2948 0x3ffc65b8: handshake message: msglen = 791, type = 11, hslen = 791

D (147271) mbedtls: ssl_msg.c:3085 0x3ffc65b8: sole handshake fragment: 791, 0..791 of 791

I (147271) mbedtls: ssl_msg.c:4112 0x3ffc65b8: <= read record

D (147271) mbedtls: ssl_tls.c:6952 0x3ffc65b8: peer certificate #1:

D (147271) mbedtls: ssl_tls.c:6952 0x3ffc65b8: cert. version     : 3

D (147271) mbedtls: ssl_tls.c:6952 0x3ffc65b8: serial number     : 77:66:A5:9D:AF:14:9E:F2:03:F7:3C:2B:1A:5C:81:86:F8:A3:4E:52

D (147271) mbedtls: ssl_tls.c:6952 0x3ffc65b8: issuer name       : CN=localhost

D (147271) mbedtls: ssl_tls.c:6952 0x3ffc65b8: subject name      : CN=localhost

D (147271) mbedtls: ssl_tls.c:6952 0x3ffc65b8: issued  on        : 2026-08-26 20:20:30

D (147271) mbedtls: ssl_tls.c:6952 0x3ffc65b8: expires on        : 2026-09-25 20:20:30

D (147271) mbedtls: ssl_tls.c:6952 0x3ffc65b8: signed using      : RSA with SHA-256

D (147271) mbedtls: ssl_tls.c:6952 0x3ffc65b8: RSA key size      : 2048 bits

D (147271) mbedtls: ssl_tls.c:6952 0x3ffc65b8: basic constraints : CA=true

D (147271) mbedtls: ssl_tls.c:6952 0x3ffc65b8: dumping 'crt->PK' (270 bytes)

D (147271) mbedtls: ssl_tls.c:6952 0x3ffc65b8: 0000:  30 82 01 0a 02 82 01 01 00 dd 03 19 3e 8f 4a 05

D (147271) mbedtls: ssl_tls.c:6952 0x3ffc65b8: 0010:  9c d6 74 e1 46 bc 40 7a 7e af 78 09 38 f6 d0 1c

D (147271) mbedtls: ssl_tls.c:6952 0x3ffc65b8: 0020:  9d e4 2b 18 4c a1 87 f6 83 55 82 2d e0 21 fb b2

D (147271) mbedtls: ssl_tls.c:6952 0x3ffc65b8: 0030:  00 2f 9b 98 36 24 73 47 a2 11 bb 50 05 1c 9e 40

D (147271) mbedtls: ssl_tls.c:6952 0x3ffc65b8: 0040:  41 c9 de 81 7e a1 eb 82 48 35 d0 51 24 0d 22 bd

D (147271) mbedtls: ssl_tls.c:6952 0x3ffc65b8: 0050:  7e c7 0b 60 74 e2 60 3e 76 de c1 3d b5 9f e9 d2

D (147271) mbedtls: ssl_tls.c:6952 0x3ffc65b8: 0060:  ac 90 d3 84 2a 75 7c 41 8a 11 14 c8 bc 09 7b 9d

D (147271) mbedtls: ssl_tls.c:6952 0x3ffc65b8: 0070:  45 54 95 c1 50 05 be f1 34 c0 05 55 f5 a2 b3 a8

D (147271) mbedtls: ssl_tls.c:6952 0x3ffc65b8: 0080:  24 f6 ab 22 df 72 97 ef b5 8f e4 fe 49 be 4f c1

D (147271) mbedtls: ssl_tls.c:6952 0x3ffc65b8: 0090:  08 e0 39 7a cd ba 74 2e d1 20 74 ad 6b 59 ab 86

D (147271) mbedtls: ssl_tls.c:6952 0x3ffc65b8: 00a0:  5d 29 ab 81 f0 c1 22 3f 01 b9 0b a1 fb ee 70 9f

D (147281) mbedtls: ssl_tls.c:6952 0x3ffc65b8: 00b0:  eb 29 5e 9f 1d 6a 0d dc 65 fd 5e 5d 38 0c 1a c3

D (147281) mbedtls: ssl_tls.c:6952 0x3ffc65b8: 00c0:  ae b7 b7 2f 66 23 82 80 ab 7d 69 7c 8f 95 ab e8

D (147281) mbedtls: ssl_tls.c:6952 0x3ffc65b8: 00d0:  c0 4d 21 42 7d 78 c8 25 8b 60 f6 0d 87 c9 f4 df

D (147281) mbedtls: ssl_tls.c:6952 0x3ffc65b8: 00e0:  36 bf 16 7c 59 16 d1 09 ec 17 67 cf 5d 9f 8f 78

D (147281) mbedtls: ssl_tls.c:6952 0x3ffc65b8: 00f0:  8c 3d d0 02 18 d5 bc a7 19 f4 51 fe 1d b3 20 40

D (147281) mbedtls: ssl_tls.c:6952 0x3ffc65b8: 0100:  67 7e 3a cc 30 f3 8d a0 ef 02 03 01 00 01      

D (147281) mbedtls: ssl_tls.c:8721 0x3ffc65b8: Use configuration-specific verification callback

W (147281) mbedtls: ssl_tls.c:8778 0x3ffc65b8: x509_verify_cert() returned -9984 (-0x2700)

I (147281) mbedtls: ssl_msg.c:5058 0x3ffc65b8: => send alert message

D (147281) mbedtls: ssl_msg.c:5059 0x3ffc65b8: send alert level=2 message=48

I (147281) mbedtls: ssl_msg.c:2654 0x3ffc65b8: => write record

D (147281) mbedtls: ssl_msg.c:2737 0x3ffc65b8: output record: msgtype = 21, version = [3:3], msglen = 2

I (147281) mbedtls: ssl_msg.c:2063 0x3ffc65b8: => flush output

I (147281) mbedtls: ssl_msg.c:2077 0x3ffc65b8: message length: 7, out_left: 7

I (147281) mbedtls: ssl_msg.c:2084 0x3ffc65b8: ssl->f_send() returned 7 (-0xfffffff9)

I (147281) mbedtls: ssl_msg.c:2111 0x3ffc65b8: <= flush output

I (147281) mbedtls: ssl_msg.c:2790 0x3ffc65b8: <= write record

I (147281) mbedtls: ssl_msg.c:5070 0x3ffc65b8: <= send alert message

D (147281) mbedtls: ssl_tls.c:8878 0x3ffc65b8: ! Certificate verification flags 00000008

I (147281) mbedtls: ssl_tls.c:4293 0x3ffc65b8: <= handshake

E (147281) esp-tls-mbedtls: mbedtls_ssl_handshake returned -0x2700
I (147281) esp-tls-mbedtls: (FFFFD900): X509 - Certificate verification failed, e.g. CRL, CA or signature check failed
D (147281) esp-tls-mbedtls: Skipping certificate verification - no peer certificate received
E (147281) esp-tls: Failed to open new connection
[conn] TLS to 10.0.2.2:22443 FAILED after 43712 us
[err] handshake: last_esp_err=0x801a tls_code=-0xffffd900 cert_flags=0x0 (sys_errno=0 mb_code=-0x0000)
[e2] wrong-cert path captured above
[mem] final                  free=230492 largest=110592 min-ever=15628
== ch22 lab done ==
qemu-system-xtensa: terminating on signal 15 from pid 3533157 (timeout)
